LAKE_NAME_GEE,stn,scene_date,lat,lon,B2,B3,B4,B5,B6,B7,B8,B11,B12,NDWI,MNDWI,NDCI,NDTI,Red_Green,RedEdge_Ratio,MONTH_YEAR,STN_CODE,LAKE_NAME_master,USEBASEDCLASS,DO,PH,CONDUCTIVITY,BOD,NITRATE_N,FECAL_COLI,TOTAL_COLI,CARBONATE,BICARBONATE,PHENOLPHTHALEINALKALINITY,TOTALALKALINITY,CHLORIDES,COD,TOTALKJELDAHLNITROGEN,AMMONICALN,TOTALHARDNESS,CAASCACO3,MGASCACO3,SULPHATE,SODIUM,TOTALDISSOLVEDSOLIDS,TOTALSUSPENDEDSOLIDS,PHOSPHATE,BORON,POTASSIUM,FLUORIDE,SODIUMPERCENTAGE,SAR,ORTHOPHOSPHATE,YEAR
Agaram Lake,AGR,2023-08-21,12.9234,77.6416,,,,,,,,,,,,,,,,08/23,3612.0,AGARAM LAKE,"D (Propagation of wild life,fisheries)",4.4,7.3,795.0,6.0,2.0,2200.0,24000.0,8.571428571428571,180.0,5.0,180.0,116.0,75.0,3.3285714285714287,0.4,168.0,100.0,68.0,11.0,89.0,540.0,23.714285714285715,0.28,0.5,12.0,0.23,41.0,1.7042857142857142,0.3357142857142857,2023.0
Agaram Lake,AGR,2023-10-15,12.9234,77.6416,,,,,,,,,,,,,,,,10/23,3612.0,AGARAM LAKE,"D (Propagation of wild life,fisheries)",4.1,7.2,620.0,9.0,3.0,2200.0,24000.0,3.0,100.0,5.0,100.0,112.0,80.0,10.400646551724138,0.85,124.0,68.0,56.0,14.0,53.0,422.0,71.36244541484716,0.48,0.5,6.0,0.31,46.0,2.0,1.48,2023.0
Agaram Lake,AGR,2024-03-08,12.9234,77.6416,0.093644147251355,0.1165202859190758,0.1305247947174832,0.1569057682832408,0.1862290736960653,0.1969545188991342,0.1980243401140282,0.1929558421904694,0.159907021186739,-0.2454943997031773,-0.2387624143267951,0.1280822012615754,0.0267542413926927,1.0721074142486815,1.3457931040452886,03/24,3612.0,Agaram Lake,"E (Irrigation, industrial cooling and controlled waste)",3.4,7.4,966.0,14.0,3.1,230.0,2400.0,3.0,272.0,5.0,272.0,148.0,145.0,9.9,7.6,260.0,136.0,124.0,15.0,94.0,658.0,164.0,0.2,0.5,12.0,0.39,43.0,2.5,0.05,2024.0
Agaram Lake,AGR,2024-04-07,12.9234,77.6416,0.0811641373970578,0.1091202251675284,0.1214158864810637,0.1503411487294995,0.1691596888857607,0.1782669141972266,0.1759165165059476,0.1902506510874924,0.1603901703385655,-0.1628022012931589,-0.279643066124337,0.1796752888323563,-0.011823997285479,1.009981714466859,1.594627360962972,04/24,3612.0,Agaram Lake,"D (Propagation of wild life,fisheries)",5.3,7.3,1067.0,7.0,3.0,1500.0,4800.0,3.0,120.0,5.0,120.0,124.0,87.0,1.5,0.4,116.0,68.0,48.0,19.0,102.0,730.0,10.0,1.0,0.5,13.0,0.3,62.0,4.0,3.1,2024.0
Agaram Lake,AGR,2024-05-07,12.9234,77.6416,0.0886050784824382,0.1169991233864183,0.1255491799588806,0.1575591328218483,0.1900667311888506,0.2029755859787429,0.1984801611881467,0.1973125395931584,0.1559500985429718,-0.2796608150797403,-0.3832712136213398,0.2700210673040133,-0.0470872709424959,0.9610254776231072,2.5762090254872323,05/24,3612.0,Agaram Lake,"D (Propagation of wild life,fisheries)",6.2,8.3,1228.0,4.0,4.3,6.8,240.0,48.0,212.0,24.0,260.0,168.0,48.0,1.5,0.4,244.0,128.0,116.0,33.0,175.0,820.0,10.0,0.31,0.5,42.0,0.2,56.0,5.0,0.9,2024.0
Agaram Lake,AGR,2024-06-16,12.9234,77.6416,,,,,,,,,,,,,,,,06/24,3612.0,Agaram Lake,"D (Propagation of wild life,fisheries)",4.8,8.1,1170.0,5.0,4.0,140.0,2400.0,3.0,240.0,5.0,240.0,144.0,52.0,1.5,0.4,228.0,120.0,108.0,36.0,145.0,770.0,14.0,0.6,0.5,39.0,0.6,53.0,4.0,2.3,2024.0
Agaram Lake,AGR,2024-12-23,12.9234,77.6416,,,,,,,,,,,,,,,,12/24,3612.0,Agaram Lake,"D (Propagation of wild life,fisheries)",7.3,7.7,416.0,4.0,1.6,260.0,2800.0,3.0,92.0,5.0,92.0,64.0,40.0,1.5,0.4,108.0,56.0,52.0,17.0,33.0,280.0,10.0,0.2,0.5,8.0,0.2,38.0,1.38,0.05,2024.0
Agaram Lake,AGR,2025-01-12,12.9234,77.6416,0.0813015626099809,0.1050723304268922,0.1101803193682351,0.1342638910396284,0.1711241219117337,0.1836531709720559,0.1810903533469415,0.173089902864785,0.1376015274160625,-0.2892418923062211,-0.2846112629788884,0.175484281491602,-0.032822595307426,0.965033025278874,1.530498945185577,01/25,3612.0,Agaram Lake,"D (Propagation of wild life,fisheries)",5.3,7.9,963.0,9.0,3.7,140.0,2200.0,3.0,308.0,5.0,308.0,136.0,81.0,1.5,0.4,244.0,128.0,116.0,31.0,100.0,654.0,10.0,1.9,0.5,32.0,0.28,43.0,2.8,4.6,2025.0
Agaram Lake,AGR,2025-02-06,12.9234,77.6416,0.0906034032519181,0.1123578764829673,0.1199193851560922,0.1423682480467376,0.1782238016470754,0.1933601147321743,0.197806788906877,0.1765791018512003,0.1505324241571057,-0.2964240294290624,-0.232052359446119,0.1528306444898958,-0.0159088037207115,0.992225221190532,1.4414845862394523,02/25,3612.0,Agaram Lake,"D (Propagation of wild life,fisheries)",5.8,7.9,1143.0,7.0,4.39,20.0,110.0,3.0,288.0,5.0,288.0,136.0,75.0,1.5,0.4,236.0,128.0,108.0,11.0,99.0,774.0,16.0,0.53,0.5,34.0,0.23,43.0,2.79,1.35,2025.0
Agaram Lake,AGR,2025-03-13,12.9234,77.6416,0.0937707573731259,0.1243307840797145,0.1385232247153083,0.1651850073907229,0.1986447877806713,0.2089082353769269,0.2173157387203492,0.2033192897867248,0.1666977405504328,-0.3063165978122433,-0.2946791991380749,0.2008948758016585,-0.0274208397373931,1.0077713278989446,2.1105423794800604,03/25,3612.0,Agaram Lake,"D (Propagation of wild life,fisheries)",4.4,8.1,911.0,18.0,3.0,6.8,240.0,3.0,312.0,5.0,312.0,152.0,121.0,1.57,1.2,284.0,144.0,140.0,7.333333333333333,106.0,632.0,12.0,1.21,0.5,15.0,0.28,48.0,2.7,2.8,2025.0
Agaram Lake,AGR,2025-04-04,12.9234,77.6416,,,,,,,,,,,,,,,,04/25,3612.0,Agaram Lake,"E (Irrigation, industrial cooling and controlled waste)",3.5,8.1,1355.0,9.0,5.2,310.0,2200.0,3.0,288.0,5.0,288.0,160.0,89.0,1.5,0.4,276.0,148.0,128.0,27.0,144.0,904.0,10.0,1.08,0.5,37.0,0.46,49.0,3.76,2.54,2025.0
Agaram Lake,AGR,2025-05-07,12.9234,77.6416,,,,,,,,,,,,,,,,05/25,3612.0,Agaram Lake,D,4.8,7.7,870.0,5.0,3.4,310.0,4300.0,3.0,200.0,5.0,200.0,148.0,49.0,1.5,0.4,232.0,120.0,112.0,35.0,93.0,592.0,18.0,0.4,0.5,8.0,0.28,45.0,2.7,0.9,2025.0
Agaram Lake,AGR,2025-06-06,12.9234,77.6416,,,,,,,,,,,,,,,,06/25,3612.0,Agaram Lake,D,4.5,7.8,732.0,8.0,2.9,240.0,1700.0,3.0,112.0,5.0,112.0,120.0,92.0,1.5,0.4,124.0,68.0,56.0,35.0,85.0,494.0,12.0,0.2,0.5,11.0,0.37,60.0,3.0,0.05,2025.0
Allalasandra Lake,ALS,2023-08-21,13.0541,77.6052,,,,,,,,,,,,,,,,08/23,3629.0,ALLALASANDRA LAKE,"E (Irrigation, industrial cooling and controlled waste)",3.2,6.9,1119.0,13.0,3.2,2700.0,24000.0,9.19047619047619,312.0,5.0,312.0,172.0,129.0,3.1761904761904765,1.9,300.0,156.0,144.0,17.0,109.0,762.0,24.57142857142857,0.47,0.5,14.0,0.47,41.0,1.6714285714285717,0.3119047619047619,2023.0
Allalasandra Lake,ALS,2023-10-15,13.0541,77.6052,,,,,,,,,,,,,,,,10/23,3629.0,ALLALASANDRA LAKE,"E (Irrigation, industrial cooling and controlled waste)",3.2,6.6,592.0,20.0,2.0,4700.0,54000.0,3.0,88.0,5.0,88.0,108.0,152.0,11.648922413793104,2.2,136.0,76.0,60.0,14.0,66.0,400.0,48.44541484716157,0.8,0.5,27.0,0.2,0.53,1.3,2.47,2023.0
Allalasandra Lake,ALS,2024-03-08,13.0541,77.6052,0.1142669904621124,0.1411099005007393,0.1609566183243852,0.1910082708619295,0.2270478196600146,0.244496793721184,0.2439065920529335,0.2469563333685285,0.2056580649702601,-0.2717322657574385,-0.2808593877619848,0.0971463967428606,0.0621392790637444,1.1372603054345405,1.2488831780962035,03/24,3629.0,Allalasandra Lake,"E (Irrigation, industrial cooling and controlled waste)",3.6,8.1,1248.0,32.0,4.0,2600.0,17000.0,3.0,336.0,5.0,336.0,224.0,188.0,5.8,4.5,296.0,152.0,144.0,10.0,137.0,857.0,98.0,1.67,0.5,35.0,0.2,46.0,3.0,3.57,2024.0
Allalasandra Lake,ALS,2024-05-07,13.0541,77.6052,0.1231824059409425,0.1581221942261175,0.1798413784144144,0.2150859219371415,0.2652724492309858,0.291020339281315,0.2845269911660155,0.2860447400837643,0.2333912082497447,-0.2976212417687441,-0.3047016685542759,0.1107362116441117,0.0625162948997204,1.1398891306603842,1.3307610651367034,05/24,3629.0,Allalasandra Lake,"E (Irrigation, industrial cooling and controlled waste)",0.3,6.8,1477.0,26.0,5.2,2400.0,17000.0,3.0,332.0,5.0,332.0,204.0,176.0,6.8,5.2,316.0,164.0,152.0,34.0,156.0,1006.0,26.0,1.8,0.5,24.0,0.42,49.0,3.8,3.7,2024.0
Allalasandra Lake,ALS,2024-06-16,13.0541,77.6052,,,,,,,,,,,,,,,,06/24,3629.0,Allalasandra Lake,"D (Propagation of wild life,fisheries)",7.9,7.9,921.0,25.0,3.3,2500.0,21000.0,3.0,236.0,5.0,236.0,176.0,167.0,1.6,1.2,252.0,128.0,124.0,16.0,96.0,628.0,66.0,2.0,0.5,29.0,0.23,42.0,2.6,5.0,2024.0
Allalasandra Lake,ALS,2024-12-23,13.0541,77.6052,,,,,,,,,,,,,,,,12/24,3629.0,Allalasandra Lake,"D (Propagation of wild life,fisheries)",6.5,8.1,425.0,5.0,1.71,150.0,2800.0,3.0,112.0,5.0,112.0,40.0,48.0,1.5,0.4,112.0,60.0,52.0,10.0,32.0,290.0,10.0,0.31,0.5,6.0,0.2,45.0,1.32,0.86,2024.0
Allalasandra Lake,ALS,2025-01-12,13.0541,77.6052,0.0964947524020694,0.1164628517885535,0.1256489952034246,0.1494791961426106,0.1813885967690846,0.1956925773413577,0.1928128180762326,0.1959209798331749,0.1541391968465139,-0.2571024711079386,-0.2704032625451305,0.1030177565830066,0.0376278388188352,1.081348041588221,1.281338986931343,01/25,3629.0,Allalasandra Lake,"E (Irrigation, industrial cooling and controlled waste)",3.3,7.0,1281.0,17.0,4.9,3300.0,9400.0,3.0,272.0,5.0,272.0,176.0,130.0,2.7,2.1,252.0,132.0,120.0,18.0,114.0,872.0,80.0,1.8,0.5,25.0,0.2,46.0,3.1,4.2,2025.0
Allalasandra Lake,ALS,2025-02-06,13.0541,77.6052,0.1049085031499665,0.1228698446967248,0.1361083978364817,0.1566788793861964,0.1856698025551682,0.2017552563967197,0.2080747439552316,0.206711185020941,0.1759851546827156,-0.2679458947624037,-0.2690891712849715,0.0855428212822812,0.0522299192716397,1.114219962075142,1.2308830215120354,02/25,3629.0,Allalasandra Lake,"E (Irrigation, industrial cooling and controlled waste)",1.2,7.9,1337.0,28.0,5.1,1300.0,8400.0,3.0,348.0,5.0,348.0,196.0,184.0,9.1,7.0,208.0,112.0,96.0,24.0,57.0,908.0,90.0,1.0,0.5,30.0,0.31,33.0,1.7,2.3,2025.0
Allalasandra Lake,ALS,2025-03-13,13.0541,77.6052,0.1111784112906064,0.1378643583879097,0.1570929264098357,0.1882097103438566,0.2312001548586914,0.2459692922253898,0.2543405201844227,0.2436615598493647,0.1999640446274592,-0.3094908899292788,-0.2953017867000787,0.1117024851105999,0.0640497125291466,1.1462943210830847,1.3281083406931884,03/25,3629.0,Allalasandra Lake,"D (Propagation of wild life,fisheries)",4.6,7.6,845.0,4.0,3.2,1400.0,4800.0,3.0,376.0,5.0,376.0,160.0,40.0,1.5,0.6,244.0,128.0,116.0,6.923076923076923,79.0,576.0,10.0,0.2,0.5,8.0,0.29,40.0,2.2,0.26,2025.0
Allalasandra Lake,ALS,2025-04-04,13.0541,77.6052,,,,,,,,,,,,,,,,04/25,3629.0,Allalasandra Lake,"E (Irrigation, industrial cooling and controlled waste)",2.8,7.1,938.0,23.0,3.5,21000.0,70000.0,3.0,160.0,5.0,160.0,168.0,153.0,6.5,0.4,136.0,72.0,64.0,12.0,98.0,638.0,10.0,0.6,0.5,34.0,0.3,54.0,3.8,1.3,2025.0
Allalasandra Lake,ALS,2025-05-07,13.0541,77.6052,,,,,,,,,,,,,,,,05/25,3629.0,Allalasandra Lake,E,2.5,8.5,487.0,26.0,1.9,2300.0,9400.0,24.0,68.0,12.0,92.0,56.0,175.0,2.7,2.1,100.0,56.0,44.0,28.0,67.0,330.0,232.0,0.2,0.5,14.0,0.2,55.0,2.9,0.6,2025.0
Allalasandra Lake,ALS,2025-06-06,13.0541,77.6052,,,,,,,,,,,,,,,,06/25,3629.0,Allalasandra Lake,E,2.4,7.3,733.0,22.0,2.8,430.0,4300.0,3.0,172.0,5.0,172.0,112.0,164.0,11.0,8.4,196.0,100.0,96.0,14.0,84.0,502.0,40.0,0.96,0.5,10.0,0.32,63.0,2.6,2.3,2025.0
Alur Lake,ALR,2023-08-21,13.0788,77.582,,,,,,,,,,,,,,,,08/23,4541.0,ALUR LAKE,"D (Propagation of wild life,fisheries)",5.5,7.3,340.0,7.0,1.2,470.0,16000.0,14.266666666666667,116.0,5.0,116.0,32.0,70.0,1.9266666666666667,0.74,124.0,68.0,56.0,11.0,43.0,230.0,31.6,0.2,0.5,15.0,0.22,41.0,1.402,0.1166666666666667,2023.0
Alur Lake,ALR,2023-10-15,13.0788,77.582,,,,,,,,,,,,,,,,10/23,4541.0,ALUR LAKE,"D (Propagation of wild life,fisheries)",6.1,7.3,528.0,4.0,2.0,310.0,9200.0,3.0,120.0,5.0,120.0,32.0,40.0,8.84030172413793,0.4,148.0,72.0,76.0,29.0,36.0,360.0,100.00873362445417,0.2,0.5,3.0,0.2,34.0,1.3,0.05,2023.0
Alur Lake,ALR,2024-05-07,13.0788,77.582,0.0202418532601042,0.0525038131957837,0.0575704764477187,0.1163615019011406,0.2316999260667512,0.269488649485988,0.2711213455851289,0.2062386248415715,0.1272801506830023,-0.6770252528596407,-0.6018299899209671,0.3690171884701179,0.0141402604952866,1.076478458005115,2.3274744586910328,05/24,4541.0,Alur Lake,"D (Propagation of wild life,fisheries)",4.6,6.6,216.0,4.0,0.8,3200.0,9400.0,3.0,44.0,5.0,44.0,36.0,44.0,1.5,0.8,56.0,32.0,24.0,9.0,20.0,144.0,112.0,0.2,0.5,4.0,0.39,41.0,1.4,0.05,2024.0
Alur Lake,ALR,2024-06-16,13.0788,77.582,,,,,,,,,,,,,,,,06/24,4541.0,Alur Lake,"D (Propagation of wild life,fisheries)",5.7,6.6,184.0,5.0,0.7,1100.0,13000.0,3.0,52.0,5.0,52.0,8.0,44.0,1.5,0.71,76.0,44.0,32.0,12.0,5.0,122.0,70.0,0.2,0.5,7.0,0.25,11.0,0.24,0.05,2024.0
Alur Lake,ALR,2024-12-23,13.0788,77.582,,,,,,,,,,,,,,,,12/24,4541.0,Alur Lake,"D (Propagation of wild life,fisheries)",5.1,6.9,164.0,7.0,0.57,260.0,2200.0,3.0,60.0,5.0,60.0,8.0,60.0,1.5,0.4,80.0,48.0,32.0,5.0,5.0,110.0,10.0,0.2,0.5,9.0,0.2,7.0,0.14,0.05,2024.0
Alur Lake,ALR,2025-01-12,13.0788,77.582,0.0244573898042529,0.0388764155491029,0.0327470287236146,0.0668131178707224,0.1710340480214054,0.2018816680749191,0.2045599598648079,0.145747468666385,0.0781915997746796,-0.681398824671631,-0.5854334234400219,0.3595650534546966,-0.0991205505422714,0.8271157685206448,2.190262513335197,01/25,4541.0,Alur Lake,"D (Propagation of wild life,fisheries)",7.1,6.5,201.0,4.0,0.77,110.0,2400.0,3.0,76.0,5.0,76.0,12.0,38.0,1.5,0.4,60.0,28.0,32.0,7.0,5.0,136.0,10.0,0.2,0.5,9.0,0.2,8.0,0.17,0.3,2025.0
Alur Lake,ALR,2025-02-06,13.0788,77.582,0.0309626214617659,0.0432335552796191,0.0389235389563562,0.0704290452049007,0.1549129136741303,0.1837571891282917,0.1960489367694692,0.1535548760737924,0.0951778411491339,-0.6429644822744941,-0.5690518269524217,0.3150368639665993,-0.0748483329245746,0.871515149808104,1.983113310137532,02/25,4541.0,Alur Lake,"D (Propagation of wild life,fisheries)",7.6,6.9,272.0,4.0,2.0,140.0,3500.0,3.0,60.0,5.0,60.0,72.0,45.0,1.5,0.6,64.0,44.0,20.0,14.0,30.0,186.0,12.0,0.2,0.5,5.0,0.21,48.0,1.6,0.39,2025.0
Alur Lake,ALR,2025-03-13,13.0788,77.582,0.0268535030277425,0.0503827664023927,0.0513527355476985,0.0991671173074214,0.1759283622025067,0.1988222468666384,0.2094516863821996,0.1867047669342345,0.1171703774116321,-0.6222916555215924,-0.5881367961208906,0.3535855355583593,-0.0165221820512199,0.9872383601060738,2.242048394229588,03/25,4541.0,Alur Lake,"D (Propagation of wild life,fisheries)",6.7,6.6,200.0,4.0,0.77,210.0,1700.0,3.0,72.0,5.0,72.0,12.0,41.0,1.5,0.4,132.0,84.0,48.0,5.615384615384615,5.0,134.0,10.0,0.2,0.5,9.0,0.2,4.0,0.11,0.05,2025.0
Alur Lake,ALR,2025-04-04,13.0788,77.582,,,,,,,,,,,,,,,,04/25,4541.0,Alur Lake,"D (Propagation of wild life,fisheries)",6.9,6.6,328.0,4.0,1.3,94.0,540.0,3.0,84.0,5.0,84.0,36.0,36.0,5.9,4.6,88.0,48.0,40.0,21.0,21.0,224.0,10.0,0.2,0.5,15.0,0.2,30.0,1.0,0.12,2025.0
Alur Lake,ALR,2025-05-07,13.0788,77.582,,,,,,,,,,,,,,,,05/25,4541.0,Alur Lake,E,3.6,7.0,327.0,6.0,1.26,24.0,1600.0,3.0,88.0,5.0,88.0,32.0,62.0,1.5,0.4,148.0,96.0,52.0,11.0,19.0,218.0,16.0,0.2,0.5,16.0,0.2,20.0,0.69,0.35,2025.0
Alur Lake,ALR,2025-06-06,13.0788,77.582,,,,,,,,,,,,,,,,06/25,4541.0,Alur Lake,E,3.2,6.8,420.0,8.0,1.6,1400.0,11000.0,3.0,100.0,5.0,100.0,72.0,89.0,1.6,1.2,116.0,60.0,56.0,12.0,42.0,286.0,12.0,0.4,0.5,4.0,0.28,30.0,1.7,0.9,2025.0
Anchepalya Lake,ACP,2023-08-21,13.0596,77.5024,,,,,,,,,,,,,,,,08/23,3599.0,ANCHEPALYA LAKE,"D (Propagation of wild life,fisheries)",4.6,6.8,343.0,8.0,1.3,480.0,16000.0,14.142857142857142,96.0,5.0,96.0,28.0,80.0,1.9571428571428573,0.97,124.0,68.0,56.0,27.0,38.0,230.0,31.42857142857143,0.2,0.5,16.0,0.27,41.0,1.4085714285714286,0.1214285714285714,2023.0
Anchepalya Lake,ACP,2023-10-15,13.0596,77.5024,,,,,,,,,,,,,,,,10/23,3599.0,ANCHEPALYA LAKE,"E (Irrigation, industrial cooling and controlled waste)",0.3,7.0,1289.0,62.0,5.0,460.0,9200.0,3.0,388.0,5.0,388.0,196.0,208.0,9.152370689655172,7.2,436.0,224.0,212.0,19.0,149.0,882.0,94.27947598253274,2.5,0.5,26.0,0.23,40.0,3.1,1.85,2023.0
Anchepalya Lake,ACP,2024-03-08,13.0596,77.5024,0.1247472085328076,0.1538101799864247,0.180303379280639,0.2051688890453392,0.2255652281047592,0.2369787278231484,0.2338457828780626,0.25918729583216,0.2260049457899183,-0.209073698006154,-0.2595537585908137,0.0696242864641299,0.0791161670127363,1.1744384670244994,1.1629822892664168,03/24,3599.0,Anchepalya Lake,"D (Propagation of wild life,fisheries)",4.4,6.7,429.0,8.0,8.3,2100.0,9400.0,3.0,76.0,5.0,76.0,84.0,76.0,1.5,0.9,108.0,60.0,40.0,20.0,69.0,304.0,12.0,0.2,0.5,22.0,0.2,52.0,2.9,0.6,2024.0
Anchepalya Lake,ACP,2024-04-07,13.0596,77.5024,0.1326562975218248,0.16955055989602,0.2057204563986332,0.2325665763165304,0.2575763622923118,0.2684473563784849,0.2654830575894115,0.2999137250070401,0.2627807483807375,-0.22558446794011,-0.283987946308315,0.0671530539296368,0.0974389770918117,1.2197200411433031,1.1578141704820648,04/24,3599.0,Anchepalya Lake,"E (Irrigation, industrial cooling and controlled waste)",0.9,7.8,2180.0,54.0,7.5,1200.0,7900.0,3.0,376.0,5.0,376.0,372.0,276.0,25.0,18.0,608.0,312.0,296.0,125.0,216.0,1432.0,10.0,0.32,0.5,34.0,0.2,42.0,4.0,0.8,2024.0
Anchepalya Lake,ACP,2024-05-07,13.0596,77.5024,0.1350553928470853,0.173279097509237,0.2076946494582084,0.2337229125598423,0.2585188080822302,0.270172951281329,0.2672723176569979,0.2980682483807378,0.2566450929315686,-0.2222576024865895,-0.2751282109403259,0.0680696145914078,0.0928148652843071,1.212103638573961,1.1694873309775768,05/24,3599.0,Anchepalya Lake,"E (Irrigation, industrial cooling and controlled waste)",3.3,6.6,764.0,26.0,2.9,220.0,5400.0,3.0,176.0,5.0,176.0,124.0,193.0,3.5,3.0,208.0,108.0,100.0,31.0,68.0,506.0,12.0,0.31,0.5,15.0,0.33,39.0,2.0,0.88,2024.0
Anchepalya Lake,ACP,2024-06-16,13.0596,77.5024,,,,,,,,,,,,,,,,06/24,3599.0,Anchepalya Lake,"D (Propagation of wild life,fisheries)",6.0,7.3,2107.0,8.0,8.5,240.0,3500.0,3.0,256.0,5.0,256.0,528.0,92.0,1.5,0.81,552.0,280.0,272.0,31.0,191.0,1412.0,10.0,0.2,0.5,28.0,0.52,41.0,4.0,0.26,2024.0
Anchepalya Lake,ACP,2024-12-23,13.0596,77.5024,,,,,,,,,,,,,,,,12/24,3599.0,Anchepalya Lake,"D (Propagation of wild life,fisheries)",4.6,7.2,354.0,8.0,1.2,220.0,2800.0,3.0,88.0,5.0,88.0,28.0,80.0,1.5,0.53,104.0,60.0,44.0,20.0,27.0,234.0,12.0,0.37,0.5,8.0,0.2,34.0,1.1,0.92,2024.0
Anchepalya Lake,ACP,2025-01-12,13.0596,77.5024,0.1084929667699239,0.1339566921075673,0.1507251691896708,0.1716494297381018,0.1932253449732472,0.2035900098563784,0.1952956561531961,0.2111676675584342,0.1795286222190933,-0.1907622618008535,-0.232824140709121,0.0726843166889447,0.060486151834003,1.136644513616634,1.1784396044202936,01/25,3599.0,Anchepalya Lake,"D (Propagation of wild life,fisheries)",6.4,7.8,405.0,6.0,1.55,680.0,4800.0,3.0,92.0,5.0,92.0,40.0,63.0,1.5,0.4,92.0,44.0,48.0,12.0,29.0,278.0,30.0,0.2,0.5,7.6,0.2,38.0,1.3,0.4,2025.0
Anchepalya Lake,ACP,2025-02-06,13.0596,77.5024,0.1252932483807378,0.1489672981539882,0.1690930580726599,0.1897609088989016,0.208835979301605,0.2211431498169528,0.2192020170374543,0.2317292417628839,0.2068188714446635,-0.1962632745894174,-0.2258358336593195,0.0642284010012089,0.064415103398078,1.1460730938732555,1.1616017230608326,02/25,3599.0,Anchepalya Lake,"E (Irrigation, industrial cooling and controlled waste)",3.3,7.0,393.0,21.0,1.5,920.0,7000.0,3.0,88.0,5.0,88.0,37.0,160.0,1.5,0.4,104.0,56.0,48.0,16.0,37.0,270.0,10.0,0.2,0.5,8.0,0.2,41.0,2.0,0.56,2025.0
Anchepalya Lake,ACP,2025-03-13,13.0596,77.5024,0.1340402351450295,0.1680058753679178,0.1968651762792394,0.220968209659251,0.24696991692481,0.2549044424105884,0.2577953287806253,0.2729665798366659,0.2330838144184736,-0.217562280901234,-0.2476852186397406,0.0667683487985463,0.0801041468870202,1.1804734199148208,1.1761444556845373,03/25,3599.0,Anchepalya Lake,"E (Irrigation, industrial cooling and controlled waste)",3.0,6.6,287.0,10.0,1.1,560.0,3900.0,3.0,56.0,5.0,56.0,40.0,108.0,1.6,1.23,124.0,72.0,52.0,7.641025641025641,16.0,196.0,84.0,0.2,0.5,9.0,0.2,21.0,1.0,0.33,2025.0
Anchepalya Lake,ACP,2025-04-04,13.0596,77.5024,,,,,,,,,,,,,,,,04/25,3599.0,Anchepalya Lake,"E (Irrigation, industrial cooling and controlled waste)",0.3,6.5,456.0,32.0,1.5,4600.0,35000.0,3.0,80.0,5.0,80.0,80.0,202.0,4.5,3.4,80.0,44.0,36.0,55.0,51.0,306.0,10.0,0.3,0.5,10.0,0.28,54.0,2.7,0.7,2025.0
Anchepalya Lake,ACP,2025-05-07,13.0596,77.5024,,,,,,,,,,,,,,,,05/25,3599.0,Anchepalya Lake,E,0.3,6.6,521.0,12.0,2.0,2600.0,9400.0,3.0,104.0,5.0,104.0,52.0,121.0,1.5,1.15,256.0,134.0,122.0,16.0,41.0,354.0,20.0,0.2,0.5,12.0,0.35,25.0,1.11,0.36,2025.0
Anchepalya Lake,ACP,2025-06-06,13.0596,77.5024,,,,,,,,,,,,,,,,06/25,3599.0,Anchepalya Lake,E,2.2,7.8,600.0,9.0,2.3,2000.0,12000.0,3.0,140.0,5.0,140.0,104.0,97.0,1.6,1.2,164.0,84.0,80.0,20.0,48.0,408.0,24.0,0.4,0.5,5.0,0.29,26.0,1.6,0.9,2025.0
Arakere Lake,ARK,2023-08-21,12.8944,77.5989,,,,,,,,,,,,,,,,08/23,3615.0,ARAKERE LAKE,"D (Propagation of wild life,fisheries)",5.7,7.8,332.0,5.0,1.0,470.0,16000.0,5.352380952380953,96.0,5.0,96.0,40.0,48.0,4.120952380952382,0.4,100.0,56.0,44.0,12.0,19.0,224.0,19.257142857142856,0.3,0.5,10.0,0.22,41.0,1.8751428571428568,0.4595238095238095,2023.0
Arakere Lake,ARK,2023-10-15,12.8944,77.5989,,,,,,,,,,,,,,,,10/23,3615.0,ARAKERE LAKE,"D (Propagation of wild life,fisheries)",4.2,7.6,786.0,8.0,3.0,6300.0,54000.0,3.0,176.0,5.0,110.66666666666669,82.66666666666667,88.0,10.478663793103449,0.89,180.0,96.0,84.0,9.333333333333334,69.0,534.0,69.93013100436681,0.56,0.5,5.0,0.39,44.0,2.0,1.72,2023.0
Arakere Lake,ARK,2024-03-08,12.8944,77.5989,0.1159587723929187,0.1384177279321625,0.1491216454277722,0.172423865836061,0.2019763840495547,0.2155753739485445,0.213905944462042,0.2348108260303382,0.2054910181958963,-0.2106667298878769,-0.2661925482232084,0.0886132431184529,0.0294417424920798,1.0666832373730375,1.2521678297126462,03/24,3615.0,Arakere Lake,"E (Irrigation, industrial cooling and controlled waste)",3.4,8.2,669.0,12.0,1.6,3300.0,11000.0,3.0,192.0,5.0,192.0,132.0,147.0,1.5,0.9,172.0,92.0,80.0,20.0,70.0,456.0,66.0,1.01,0.5,7.0,0.27,46.0,2.0,3.12,2024.0
Arakere Lake,ARK,2024-04-07,12.8944,77.5989,0.1171549924330412,0.1455766166889213,0.1635177176228994,0.1879118114947382,0.2169517474395522,0.2304815682962024,0.2314983915813183,0.265872582972583,0.2364586527293845,-0.2295500973220313,-0.3044604303824161,0.090108797617231,0.0527890247211656,1.116109614191961,1.2663198054336195,04/24,3615.0,Arakere Lake,"D (Propagation of wild life,fisheries)",4.9,7.5,389.0,6.0,0.8,2100.0,9400.0,3.0,164.0,5.0,164.0,68.0,75.0,1.5,0.42,136.0,72.0,64.0,11.666666666666666,43.0,288.0,10.0,0.2,0.5,5.0,0.38,39.0,1.4,0.05,2024.0
Arakere Lake,ARK,2024-05-07,12.8944,77.5989,0.1829715814506539,0.1994015677084974,0.2017420065912307,0.2071009944870825,0.2338679602205167,0.2355343422332721,0.2339683169387093,0.254381861420387,0.220470349151443,-0.0921747667818461,-0.1361865555985518,0.0247959216509835,0.0033491573375496,1.009279080710754,1.105478499167703,05/24,3615.0,Arakere Lake,"E (Irrigation, industrial cooling and controlled waste)",3.2,7.7,509.0,25.0,1.8,260.0,3500.0,3.0,96.0,5.0,96.0,64.0,168.0,1.5,1.0,84.0,48.0,36.0,16.0,62.0,340.0,88.0,0.41,0.5,17.0,0.28,56.0,3.0,1.0,2024.0
Arakere Lake,ARK,2024-06-16,12.8944,77.5989,,,,,,,,,,,,,,,,06/24,3615.0,Arakere Lake,"E (Irrigation, industrial cooling and controlled waste)",3.8,7.7,634.0,16.0,2.3,1700.0,13000.0,3.0,116.0,5.0,116.0,76.0,108.0,1.5,4.1,152.0,80.0,72.0,22.0,73.0,432.0,36.0,0.3,0.5,14.0,0.23,48.0,2.6,0.7,2024.0
Arakere Lake,ARK,2024-12-23,12.8944,77.5989,,,,,,,,,,,,,,,,12/24,3615.0,Arakere Lake,"D (Propagation of wild life,fisheries)",6.3,7.5,598.0,6.0,3.4,310.0,3500.0,3.0,140.0,5.0,140.0,108.0,63.0,1.5,0.4,160.0,84.0,76.0,20.0,58.0,408.0,14.0,0.2,0.5,8.0,0.2,42.0,2.0,0.05,2024.0
Arakere Lake,ARK,2025-01-12,12.8944,77.5989,0.106211075915954,0.1270987998331131,0.1349948758814479,0.1583935416886636,0.1823007390983001,0.1925785450322035,0.1897439341146659,0.2168671840354766,0.1828400767254424,-0.2061155006181756,-0.2723712822793163,0.0984685650316889,0.0200567247118367,1.047680580336039,1.296756706330119,01/25,3615.0,Arakere Lake,"D (Propagation of wild life,fisheries)",5.2,7.2,1105.0,12.0,4.2,310.0,2800.0,3.0,212.0,5.0,212.0,228.0,130.0,1.5,0.4,196.0,104.0,92.0,48.0,150.0,752.0,22.0,0.3,0.5,29.0,0.25,58.0,4.7,0.7,2025.0
Arakere Lake,ARK,2025-02-06,12.8944,77.5989,0.1127985158429296,0.1291376300061259,0.1393765681108499,0.1560413740075819,0.1767813639939919,0.1866366425863674,0.1921604999642372,0.2184515378013017,0.201284092697232,-0.2073651328926463,-0.2656917608367748,0.0688545219040236,0.0391930249708993,1.0867042343705753,1.1778946792964202,02/25,3615.0,Arakere Lake,"D (Propagation of wild life,fisheries)",4.6,8.0,766.0,5.0,2.94,110.0,2400.0,3.0,136.0,5.0,136.0,100.0,62.0,1.5,0.4,104.0,66.0,38.0,6.0,84.0,522.0,10.0,0.2,0.5,17.0,0.2,59.0,3.58,0.32,2025.0
Arakere Lake,ARK,2025-03-13,12.8944,77.5989,0.1150245415830781,0.1430648720000794,0.1573510011722644,0.1803651004821735,0.2127597015450673,0.2219353148206806,0.227762703691972,0.2463183050012318,0.2133242037095696,-0.2292434308964475,-0.2771411139982222,0.0867512949478741,0.0434749185822614,1.0992303383457005,1.2700178606970374,03/25,3615.0,Arakere Lake,"D (Propagation of wild life,fisheries)",4.7,8.2,732.0,8.0,2.81,480.0,3500.0,3.0,144.0,5.0,144.0,104.0,81.0,1.5,0.4,216.0,140.0,76.0,7.256410256410256,91.0,502.0,66.0,0.2,0.5,22.0,0.35,45.0,2.69,0.05,2025.0
Arakere Lake,ARK,2025-04-04,12.8944,77.5989,,,,,,,,,,,,,,,,04/25,3615.0,Arakere Lake,"D (Propagation of wild life,fisheries)",5.9,7.5,1448.0,6.0,5.84,220.0,1300.0,3.0,160.0,5.0,160.0,308.0,72.0,1.5,0.43,180.0,96.0,84.0,66.0,33.0,992.0,10.0,0.2,0.5,11.0,0.65,60.0,4.31,0.05,2025.0
Arakere Lake,ARK,2025-05-07,12.8944,77.5989,,,,,,,,,,,,,,,,05/25,3615.0,Arakere Lake,D,5.9,8.1,524.0,5.0,2.0,240.0,3500.0,3.0,92.0,5.0,92.0,48.0,60.0,1.5,0.91,96.0,56.0,40.0,49.0,68.0,356.0,10.0,0.2,0.5,9.0,0.46,58.0,3.0,0.39,2025.0
Arakere Lake,ARK,2025-06-06,12.8944,77.5989,,,,,,,,,,,,,,,,06/25,3615.0,Arakere Lake,D,4.5,7.8,732.0,8.0,2.9,240.0,1700.0,3.0,112.0,5.0,112.0,120.0,96.0,1.5,0.4,124.0,68.0,56.0,35.0,85.0,494.0,12.0,0.2,0.5,11.0,0.37,60.0,3.0,0.05,2025.0
Basavanapura Lake,BSV,2023-08-21,12.9985,77.6808,,,,,,,,,,,,,,,,08/23,4542.0,BASAVANAPURA LAKE,"D (Propagation of wild life,fisheries)",5.7,7.8,310.0,5.0,1.0,4000.0,54000.0,4.980952380952381,92.0,5.0,92.0,40.0,64.0,4.212380952380952,0.4,96.0,56.0,40.0,11.0,34.0,208.0,18.742857142857144,0.3,0.5,10.0,0.2,41.0,1.8948571428571428,0.4738095238095238,2023.0
Basavanapura Lake,BSV,2023-10-15,12.9985,77.6808,,,,,,,,,,,,,,,,10/23,4542.0,BASAVANAPURA LAKE,"D (Propagation of wild life,fisheries)",5.7,6.5,540.0,5.0,2.0,4300.0,92000.0,3.0,124.0,5.0,124.0,68.0,64.0,10.010560344827589,0.49,132.0,72.0,60.0,12.0,52.0,372.0,78.52401746724891,0.91,0.5,13.0,0.2,43.0,2.0,3.0,2023.0
Basavanapura Lake,BSV,2024-03-08,12.9985,77.6808,0.0957898268702934,0.1304337184705001,0.158458737591585,0.1949065345907521,0.2445613554789218,0.2665016820325146,0.2689138046308678,0.3099149201210498,0.2389839573509747,-0.3446582260750307,-0.4090266667316822,0.1107087380477021,0.0923790691935332,1.207462796079216,1.2774604521083546,03/24,4542.0,Basavanapura Lake,"D (Propagation of wild life,fisheries)",4.4,7.4,641.0,8.0,1.1,11000.0,33000.0,3.0,148.0,5.0,148.0,100.0,83.0,1.5,0.4,192.0,104.0,88.0,23.0,60.0,370.0,68.0,0.2,0.5,8.0,0.32,39.0,2.0,0.05,2024.0
Basavanapura Lake,BSV,2024-06-16,12.9985,77.6808,,,,,,,,,,,,,,,,06/24,4542.0,Basavanapura Lake,"D (Propagation of wild life,fisheries)",4.2,7.4,591.0,9.0,2.0,1300.0,4900.0,3.0,104.0,5.0,104.0,96.0,84.0,1.5,0.89,100.0,56.0,44.0,18.0,66.0,402.0,48.0,0.2,0.5,18.0,0.24,54.0,2.9,0.4,2024.0
Basavanapura Lake,BSV,2024-12-23,12.9985,77.6808,,,,,,,,,,,,,,,,12/24,4542.0,Basavanapura Lake,"D (Propagation of wild life,fisheries)",4.4,7.0,908.0,5.0,3.5,170.0,3500.0,3.0,208.0,5.0,208.0,152.0,58.0,1.5,0.56,248.0,128.0,120.0,37.0,89.0,618.0,10.0,0.22,0.5,18.0,0.2,42.0,2.46,0.62,2024.0
Basavanapura Lake,BSV,2025-03-13,12.9985,77.6808,0.0818328629741712,0.1203650431043534,0.1495381585855918,0.1929902632134562,0.2510128087831654,0.2718858821873458,0.2814520515166442,0.3008539165317755,0.2263305334647053,-0.4002755106564341,-0.4329572793844689,0.1402608671603678,0.1037070966624485,1.2409066856036088,1.3877849013675083,03/25,4542.0,Basavanapura Lake,"D (Propagation of wild life,fisheries)",5.8,6.7,396.0,5.0,1.3,930.0,4900.0,3.0,88.0,5.0,88.0,68.0,60.0,1.5,0.55,104.0,60.0,44.0,5.589743589743589,61.0,266.0,74.0,0.2,0.5,11.0,0.28,53.0,3.0,0.05,2025.0
Basavanapura Lake,BSV,2025-04-04,12.9985,77.6808,,,,,,,,,,,,,,,,04/25,4542.0,Basavanapura Lake,"D (Propagation of wild life,fisheries)",5.3,6.8,646.0,5.0,2.6,220.0,1200.0,3.0,140.0,5.0,140.0,92.0,60.0,1.5,0.4,112.0,60.0,52.0,7.0,55.0,442.0,10.0,0.37,0.5,4.0,0.22,50.0,2.27,1.04,2025.0
Basavanapura Lake,BSV,2025-05-07,12.9985,77.6808,,,,,,,,,,,,,,,,05/25,4542.0,Basavanapura Lake,D,5.2,7.2,617.0,5.0,2.4,43.0,1600.0,3.0,128.0,5.0,128.0,84.0,50.0,1.5,0.6,112.0,64.0,48.0,7.0,74.0,420.0,30.0,0.2,0.5,21.0,0.44,53.0,3.0,0.05,2025.0
Basavanapura Lake,BSV,2025-06-06,12.9985,77.6808,,,,,,,,,,,,,,,,06/25,4542.0,Basavanapura Lake,D,5.2,7.1,556.0,10.0,2.1,2100.0,9400.0,3.0,144.0,5.0,144.0,104.0,108.0,2.0,1.5,100.0,52.0,48.0,9.0,73.0,384.0,22.0,0.2,0.5,4.0,0.36,60.0,3.2,0.18,2025.0
Begur Tank,BGR,2023-08-21,12.874,77.622,,,,,,,,,,,,,,,,08/23,3619.0,BEGUR TANK,"D (Propagation of wild life,fisheries)",5.4,7.7,825.0,6.0,3.0,4300.0,92000.0,5.476190476190476,140.0,5.0,140.0,152.0,56.0,4.09047619047619,0.4,164.0,88.0,76.0,35.0,98.0,554.0,19.42857142857143,0.29,0.5,25.0,0.35,41.0,1.8685714285714283,0.4547619047619048,2023.0
Begur Tank,BGR,2023-10-15,12.874,77.622,,,,,,,,,,,,,,,,10/23,3619.0,BEGUR TANK,"D (Propagation of wild life,fisheries)",4.1,7.7,791.0,9.0,3.0,9400.0,92000.0,3.0,144.0,5.0,144.0,132.0,84.0,10.361637931034483,0.99,100.0,56.0,44.0,6.0,71.0,538.0,72.07860262008734,0.2,0.5,6.0,0.35,58.0,3.0,0.05,2023.0
Begur Tank,BGR,2024-03-08,12.874,77.622,0.111634077071969,0.1539473061038326,0.2026989059123212,0.237554552173148,0.2702162801337321,0.2897038923103994,0.2908534084110506,0.3724354179130744,0.2998897026218549,-0.3118672827316892,-0.4171199311056621,0.0868927060417253,0.1300541046759566,1.3074555006557442,1.2004755546952792,03/24,3619.0,Begur Tank,"E (Irrigation, industrial cooling and controlled waste)",3.5,7.28,998.0,11.0,2.3,1700.0,7900.0,3.0,200.0,5.0,200.0,156.0,103.0,1.5,0.61,244.0,128.0,116.0,31.0,92.0,680.0,18.0,0.2,0.5,8.0,0.42,44.0,3.0,0.05,2024.0
Begur Tank,BGR,2024-04-07,12.874,77.622,0.1120093295794474,0.1656912015013223,0.2270412568672219,0.2673824775646666,0.2999600950202357,0.3230799964807321,0.3226029913777934,0.4000864613760337,0.3205601654055954,-0.3261249246450539,-0.4183465398288727,0.0898044423675959,0.1519395174989259,1.365767451813121,1.2085139990496967,04/24,3619.0,Begur Tank,"D (Propagation of wild life,fisheries)",5.4,7.2,1274.0,7.0,2.95,930.0,4900.0,3.0,172.0,5.0,172.0,164.0,75.0,1.5,3.06,192.0,100.0,92.0,19.0,102.0,860.0,12.0,0.98,0.5,15.0,0.3,51.0,3.2,3.0,2024.0
Begur Tank,BGR,2024-05-07,12.874,77.622,,,,,,,,,,,,,,,,05/24,3619.0,Begur Tank,"E (Irrigation, industrial cooling and controlled waste)",1.6,7.4,1832.0,17.0,6.4,2100.0,11000.0,3.0,148.0,5.0,148.0,328.0,144.0,2.5,1.8,164.0,88.0,76.0,34.0,204.0,1208.0,44.0,0.42,0.5,41.0,0.48,67.0,7.0,1.0,2024.0
Begur Tank,BGR,2024-06-16,12.874,77.622,,,,,,,,,,,,,,,,06/24,3619.0,Begur Tank,"E (Irrigation, industrial cooling and controlled waste)",2.6,7.5,1616.0,39.0,5.6,2600.0,17000.0,3.0,84.0,5.0,84.0,304.0,208.0,6.1,4.6,172.0,92.0,80.0,75.0,199.0,1068.0,52.0,0.28,0.5,35.0,0.44,68.0,7.0,0.78,2024.0
Begur Tank,BGR,2024-12-23,12.874,77.622,,,,,,,,,,,,,,,,12/24,3619.0,Begur Tank,"D (Propagation of wild life,fisheries)",6.4,7.3,1148.0,4.0,4.4,33.0,1600.0,3.0,264.0,5.0,264.0,192.0,40.0,1.5,0.4,312.0,160.0,152.0,47.0,106.0,784.0,10.0,0.2,0.5,23.0,0.38,40.0,2.62,0.54,2024.0
Begur Tank,BGR,2025-01-12,12.874,77.622,0.0783387154671828,0.1166578851962737,0.1325255956736099,0.1801588632764385,0.2657463241245821,0.2904891184233683,0.2887100580679219,0.2871452859405243,0.2071769523139187,-0.4335483096845048,-0.4366279728616034,0.1800875837153061,0.0491688495659335,1.1149234997589832,1.5098675153592027,01/25,3619.0,Begur Tank,"D (Propagation of wild life,fisheries)",5.9,7.3,1118.0,10.0,4.0,260.0,5400.0,3.0,196.0,5.0,196.0,220.0,111.0,1.5,0.4,212.0,108.0,104.0,47.0,151.0,772.0,10.0,0.2,0.5,30.0,0.23,57.0,4.5,0.23,2025.0
Begur Tank,BGR,2025-02-06,12.874,77.622,0.0930482949146577,0.1252939121016635,0.1470196790987969,0.1857362554988562,0.2480035755762804,0.2726351222945626,0.2838748372338553,0.294926837937709,0.2347579095548128,-0.3999579751055015,-0.416397366614,0.13444797008577,0.072278943239076,1.1666268281183525,1.350816491314967,02/25,3619.0,Begur Tank,"D (Propagation of wild life,fisheries)",7.0,7.3,1273.0,4.0,4.9,460.0,2800.0,3.0,176.0,5.0,176.0,224.0,41.0,1.5,0.4,244.0,128.0,116.0,64.0,159.0,866.0,18.0,0.2,0.5,32.0,0.22,55.0,4.4,0.3,2025.0
Begur Tank,BGR,2025-03-13,12.874,77.622,0.0966771986626781,0.1408277284416245,0.1821551820855524,0.2257962379025161,0.2727518740102058,0.2933621643498153,0.2997134400844623,0.3403995776878412,0.2629137955305297,-0.374018644169205,-0.4279727947962868,0.1232620831415696,0.1279009400556999,1.304811619471226,1.3111952774266775,03/25,3619.0,Begur Tank,"D (Propagation of wild life,fisheries)",5.3,7.4,724.0,12.0,2.5,93.0,700.0,3.0,240.0,5.0,240.0,132.0,121.0,1.5,0.74,236.0,120.0,116.0,7.17948717948718,88.0,500.0,10.0,1.1,0.5,10.0,0.27,43.0,2.5,2.6,2025.0
Begur Tank,BGR,2025-04-04,12.874,77.622,,,,,,,,,,,,,,,,04/25,3619.0,Begur Tank,"D (Propagation of wild life,fisheries)",6.1,7.4,1415.0,5.0,5.71,340.0,3500.0,3.0,132.0,5.0,132.0,312.0,48.0,1.5,0.4,164.0,88.0,76.0,50.0,126.0,968.0,10.0,0.2,0.5,11.0,0.54,61.0,4.27,0.33,2025.0
Begur Tank,BGR,2025-05-07,12.874,77.622,,,,,,,,,,,,,,,,05/25,3619.0,Begur Tank,D,5.1,7.7,1446.0,9.0,5.6,340.0,2400.0,3.0,180.0,5.0,180.0,304.0,89.0,1.5,0.61,228.0,120.0,108.0,68.0,174.0,984.0,18.0,0.2,0.5,43.0,0.72,57.0,5.0,0.36,2025.0
Begur Tank,BGR,2025-06-06,12.874,77.622,,,,,,,,,,,,,,,,06/25,3619.0,Begur Tank,E,2.1,7.7,1305.0,30.0,5.0,210.0,1700.0,3.0,196.0,5.0,196.0,324.0,210.0,14.1,10.7,204.0,104.0,100.0,55.0,207.0,894.0,30.0,0.2,0.5,4.0,0.63,68.0,6.3,0.2,2025.0
Bellandur Lake,BLR,2023-08-21,12.9265,77.6434,,,,,,,,,,,,,,,,08/23,3602.0,BELLANDUR LAKE,"E (Irrigation, industrial cooling and controlled waste)",0.3,6.9,1186.0,18.0,2.8,3300.0,35000.0,7.952380952380952,328.0,5.0,328.0,208.0,192.0,3.480952380952381,2.16,256.0,136.0,120.0,16.0,132.0,810.0,22.857142857142858,0.56,0.5,12.0,0.21,41.0,1.737142857142857,0.3595238095238096,2023.0
Bellandur Lake,BLR,2023-10-15,12.9265,77.6434,,,,,,,,,,,,,,,,10/23,3602.0,BELLANDUR LAKE,"E (Irrigation, industrial cooling and controlled waste)",1.9,7.1,997.0,51.0,4.0,340000.0,2400000.0,3.0,344.0,5.0,344.0,92.0,212.0,9.50344827586207,14.6,320.0,164.0,156.0,31.0,66.0,686.0,87.83406113537117,0.6,0.5,26.0,0.3,29.0,2.0,1.27,2023.0
Bellandur Lake,BLR,2024-03-08,12.9265,77.6434,0.0466817138835122,0.0639450430335156,0.0603841457714576,0.0808256519443956,0.1049389336617984,0.1165419426359316,0.1167554777406299,0.1263529966566953,0.0839487418616928,-0.1689446422455976,-0.23174473519111,0.1278893390971057,-0.0483141554447981,0.9202426152811536,1.322242216663552,03/24,3602.0,Bellandur Lake,"D (Propagation of wild life,fisheries)",4.4,7.1,646.0,8.0,2.3,2200.0,13000.0,3.0,84.0,5.0,84.0,100.0,96.0,1.5,0.4,96.0,56.0,40.0,38.0,78.0,432.0,40.0,0.26,0.5,21.0,0.34,58.0,3.0,0.66,2024.0
Bellandur Lake,BLR,2024-04-07,12.9265,77.6434,0.0342069822276966,0.0587400493853301,0.0617743905043397,0.0866477951786028,0.115079549533697,0.1295222910434631,0.1335497026218546,0.1603961288052086,0.1074635579799402,-0.1665211651487537,-0.3857953576610332,0.1350270783672726,-0.0314956371348677,0.9727014372288753,1.4230556896628246,04/24,3602.0,Bellandur Lake,"E (Irrigation, industrial cooling and controlled waste)",0.3,7.7,1322.0,27.0,5.8,7800.0,23000.0,3.0,300.0,5.0,300.0,184.0,182.0,2.6,2.0,356.0,184.0,172.0,73.0,175.0,902.0,28.0,2.2,0.5,33.0,0.23,49.0,5.6,7.6,2024.0
Bellandur Lake,BLR,2024-05-07,12.9265,77.6434,0.0079901284532817,0.0371793984206232,0.0401568291993484,0.0689557909554813,0.1109020130212915,0.1313471933837761,0.1343455850783037,0.1530378989970087,0.0986622171388351,-0.2082113021979159,-0.5791656958848068,0.144259903994389,-0.0538414783442692,0.9702030962957352,1.7539962746329367,05/24,3602.0,Bellandur Lake,"D (Propagation of wild life,fisheries)",4.1,7.2,1655.0,6.0,6.7,17000.0,49000.0,3.0,420.0,5.0,420.0,232.0,56.0,1.5,0.4,348.0,180.0,168.0,35.0,151.0,1108.0,10.0,0.22,0.5,13.0,0.2,47.0,2.0,0.52,2024.0
Bellandur Lake,BLR,2024-06-16,12.9265,77.6434,,,,,,,,,,,,,,,,06/24,3602.0,Bellandur Lake,"E (Irrigation, industrial cooling and controlled waste)",6.2,7.6,2960.0,5.0,10.31,15.0,540.0,3.0,230.0,5.0,230.0,250.0,64.0,1.5,0.4,1490.0,760.0,730.0,49.0,137.0,1928.0,10.0,0.8,0.5,152.0,0.2,15.0,2.0,2.1,2024.0
Bellandur Lake,BLR,2024-12-23,12.9265,77.6434,,,,,,,,,,,,,,,,12/24,3602.0,Bellandur Lake,"D (Propagation of wild life,fisheries)",5.7,6.7,435.0,4.0,1.7,1700.0,12000.0,3.0,96.0,5.0,96.0,68.0,41.0,1.5,0.4,116.0,60.0,56.0,18.0,35.0,298.0,10.0,0.2,0.5,8.0,0.26,37.0,1.42,0.05,2024.0
Bellandur Lake,BLR,2025-01-12,12.9265,77.6434,0.0149411261657575,0.031529762531717,0.0251825057953063,0.0522194685905331,0.1209643216610944,0.1421403484075313,0.143922284004927,0.1048372303360901,0.0555672426535281,-0.4779633887718139,-0.4647641708163249,0.3234799433910433,-0.128650848326948,0.7821375200857006,2.165397691185596,01/25,3602.0,Bellandur Lake,"D (Propagation of wild life,fisheries)",6.5,7.4,506.0,4.0,1.94,1200.0,7900.0,3.0,144.0,5.0,144.0,52.0,37.0,1.5,0.4,148.0,88.0,60.0,5.0,50.0,342.0,18.0,0.2,0.5,12.0,0.2,40.0,1.8,0.35,2025.0
Bellandur Lake,BLR,2025-02-06,12.9265,77.6434,0.033545423191976,0.0440679042021767,0.0366479677319416,0.06040089389407,0.1186017913074081,0.1385869540735526,0.1453958613408411,0.1089160549005807,0.0657364596163997,-0.3733585345042317,-0.3213514077701001,0.2300237538876653,-0.113073969361988,0.8054893866520386,1.6675465323598189,02/25,3602.0,Bellandur Lake,"E (Irrigation, industrial cooling and controlled waste)",3.2,6.9,1120.0,20.0,3.9,210.0,2200.0,3.0,360.0,5.0,360.0,92.0,144.0,2.0,1.3,324.0,168.0,156.0,31.0,85.0,738.0,150.0,0.2,0.5,9.0,0.21,35.0,2.0,0.58,2025.0
Bellandur Lake,BLR,2025-03-13,12.9265,77.6434,0.0183039908499032,0.0423862960538314,0.0377300862435952,0.0695215168045047,0.120783188456801,0.1384202885799754,0.1458324370930847,0.1354197888439205,0.0839916100651064,-0.2326123965594244,-0.4465710461936337,0.2076721440487568,-0.1463912033977891,0.7922577460713086,1.9644767181481688,03/25,3602.0,Bellandur Lake,"D (Propagation of wild life,fisheries)",6.0,7.0,683.0,4.0,2.3,3900.0,21000.0,3.0,188.0,5.0,188.0,108.0,40.0,1.5,0.5,168.0,92.0,76.0,7.589743589743589,106.0,464.0,18.0,0.2,0.5,24.0,0.33,54.0,4.0,0.05,2025.0
Bellandur Lake,BLR,2025-04-04,12.9265,77.6434,,,,,,,,,,,,,,,,04/25,3602.0,Bellandur Lake,"E (Irrigation, industrial cooling and controlled waste)",2.9,7.8,998.0,9.0,3.83,170.0,2200.0,3.0,128.0,5.0,128.0,164.0,87.0,1.5,0.4,132.0,76.0,56.0,76.0,94.0,684.0,10.0,0.2,0.5,22.0,0.35,56.0,3.55,0.48,2025.0
Bellandur Lake,BLR,2025-05-07,12.9265,77.6434,,,,,,,,,,,,,,,,05/25,3602.0,Bellandur Lake,D,5.5,7.5,876.0,5.0,3.5,43.0,1600.0,3.0,200.0,5.0,200.0,152.0,58.0,1.5,0.4,200.0,104.0,96.0,8.0,97.0,596.0,14.0,0.3,0.5,8.0,0.28,50.0,3.0,1.0,2025.0
Bellandur Lake,BLR,2025-06-06,12.9265,77.6434,,,,,,,,,,,,,,,,06/25,3602.0,Bellandur Lake,D,6.0,7.6,814.0,5.0,3.1,310.0,2800.0,3.0,116.0,5.0,116.0,144.0,56.0,1.5,0.4,132.0,68.0,64.0,18.0,90.0,542.0,10.0,0.2,0.5,2.0,0.21,59.0,3.5,0.29,2025.0
Bhattarahalli Lake,BTH,2023-08-21,13.0116,77.7116,,,,,,,,,,,,,,,,08/23,4515.0,BHATTARAHALLI LAKE,"D (Propagation of wild life,fisheries)",4.8,7.7,815.0,7.0,2.14,310.0,9200.0,6.714285714285714,132.0,5.0,132.0,144.0,60.0,3.785714285714286,0.4,92.0,52.0,40.0,18.0,94.0,552.0,21.142857142857142,0.2,0.5,19.0,0.36,41.0,1.802857142857143,0.4071428571428571,2023.0
Bhattarahalli Lake,BTH,2023-10-15,13.0116,77.7116,,,,,,,,,,,,,,,,10/23,4515.0,BHATTARAHALLI LAKE,"D (Propagation of wild life,fisheries)",6.1,8.0,758.0,4.0,3.0,460.0,5400.0,3.0,120.0,5.0,120.0,148.0,44.0,10.79073275862069,0.4,144.0,80.0,64.0,20.0,92.0,516.0,64.2008733624454,0.2,0.5,17.0,0.51,55.0,3.0,0.49,2023.0
Bhattarahalli Lake,BTH,2024-03-08,13.0116,77.7116,0.0730175247211176,0.1009698456801728,0.1130239361496684,0.1525283808987576,0.2295338987225955,0.2560563219199773,0.2652625752190589,0.2795849561881971,0.189446236407784,-0.4521230382265574,-0.4733865460741187,0.1594559998238937,0.0466763470883358,1.1048234119149665,1.398465017171873,03/24,4515.0,Bhattarahalli Lake,"D (Propagation of wild life,fisheries)",5.9,8.5,907.0,7.0,3.6,3300.0,7900.0,40.0,84.0,20.0,124.0,176.0,60.0,1.5,0.51,80.0,44.0,36.0,34.0,73.0,616.0,20.0,0.2,0.5,6.0,0.48,64.0,4.0,0.05,2024.0
Bhattarahalli Lake,BTH,2024-04-07,13.0116,77.7116,0.062905648027589,0.1020834534276453,0.1302047858611375,0.1760769011507197,0.2561343984234789,0.2878527641904494,0.2961434704578245,0.3222629763873738,0.2244826864201005,-0.4952925929451502,-0.5291512026147934,0.1687382314038715,0.1122953243510796,1.262427859138743,1.4416071613255996,04/24,4515.0,Bhattarahalli Lake,"D (Propagation of wild life,fisheries)",4.1,8.5,1151.0,12.0,3.7,320.0,3500.0,16.0,308.0,8.0,324.0,196.0,121.0,1.5,0.99,312.0,164.0,148.0,18.0,112.0,784.0,30.0,2.1,0.5,14.0,0.9,42.0,2.8,0.76,2024.0
Bhattarahalli Lake,BTH,2024-05-07,13.0116,77.7116,0.0287574198543125,0.0735642396866127,0.100187683333598,0.1501631030721046,0.2381104409332441,0.2706012738853502,0.2781352922546362,0.291083675264806,0.1962298061019811,-0.5861020888462526,-0.6052244420416983,0.2243623064904855,0.1427780366595782,1.3648540107602618,1.6585500208546975,05/24,4515.0,Bhattarahalli Lake,"D (Propagation of wild life,fisheries)",5.3,8.3,1152.0,4.0,4.4,230.0,1700.0,32.0,248.0,16.0,264.0,192.0,46.0,1.5,0.4,312.0,160.0,152.0,47.0,106.0,760.0,10.0,0.25,0.5,23.0,0.2,40.0,2.6,0.71,2024.0
Bhattarahalli Lake,BTH,2024-06-16,13.0116,77.7116,,,,,,,,,,,,,,,,06/24,4515.0,Bhattarahalli Lake,"E (Irrigation, industrial cooling and controlled waste)",2.7,7.0,802.0,16.0,2.8,310.0,3500.0,3.0,228.0,5.0,228.0,124.0,147.0,2.99,2.3,216.0,116.0,100.0,13.0,79.0,542.0,106.0,0.32,0.5,10.0,0.35,43.0,2.3,0.9,2024.0
Bhattarahalli Lake,BTH,2024-12-23,13.0116,77.7116,,,,,,,,,,,,,,,,12/24,4515.0,Bhattarahalli Lake,"D (Propagation of wild life,fisheries)",5.6,7.4,620.0,9.0,2.9,63.0,920.0,3.0,216.0,5.0,216.0,104.0,80.0,1.6,1.2,176.0,96.0,80.0,21.0,68.0,422.0,16.0,0.2,0.5,6.0,0.2,44.0,2.2,0.5,2024.0
Bhattarahalli Lake,BTH,2025-01-12,13.0116,77.7116,0.0293219340535594,0.0613746561390429,0.0560460217129539,0.1074383362071999,0.2354518210930074,0.2671041031776754,0.2703553788225357,0.2138778970334658,0.1270727768589223,-0.6386172165651808,-0.5677382466812537,0.3507314472486851,-0.0738234000376579,0.8755934696811031,2.206453339342151,01/25,4515.0,Bhattarahalli Lake,"D (Propagation of wild life,fisheries)",6.1,7.5,921.0,5.0,3.5,310.0,3500.0,3.0,212.0,5.0,212.0,152.0,52.0,1.5,0.4,248.0,128.0,120.0,38.0,91.0,626.0,10.0,0.2,0.5,18.0,0.2,42.0,2.52,0.24,2025.0
Bhattarahalli Lake,BTH,2025-02-06,13.0116,77.7116,0.0494648520251961,0.0749833167250022,0.0728740648412361,0.1162033395502691,0.227684076433121,0.2605731850652777,0.275907192877503,0.2300388288700425,0.1506759404581764,-0.5806049674870024,-0.5189766282588211,0.2572233597483059,-0.0375784610792006,0.9400805731561525,1.7594875299311388,02/25,4515.0,Bhattarahalli Lake,"D (Propagation of wild life,fisheries)",6.8,8.0,965.0,5.0,3.7,17.0,1600.0,3.0,156.0,5.0,156.0,176.0,50.0,1.5,0.78,104.0,56.0,48.0,21.0,108.0,656.0,10.0,0.2,0.5,17.0,0.37,65.0,4.6,0.3,2025.0
Bhattarahalli Lake,BTH,2025-03-13,13.0116,77.7116,0.0627164690150262,0.1025206810903348,0.1317657635062141,0.1793489354963578,0.240941088081078,0.2625998979484111,0.2743791568427348,0.3173042157863251,0.2335435162050884,-0.4667360850032157,-0.522588524704884,0.1752815976970561,0.1176119226531577,1.2759195100110232,1.4802996076271373,03/25,4515.0,Bhattarahalli Lake,"E (Irrigation, industrial cooling and controlled waste)",3.3,7.0,892.0,7.0,3.42,330.0,4300.0,3.0,128.0,5.0,128.0,164.0,70.0,1.5,0.59,172.0,104.0,68.0,6.153846153846154,110.0,592.0,18.0,0.2,0.5,22.0,0.51,54.0,3.65,0.05,2025.0
Bhattarahalli Lake,BTH,2025-04-04,13.0116,77.7116,,,,,,,,,,,,,,,,04/25,4515.0,Bhattarahalli Lake,"D (Propagation of wild life,fisheries)",5.8,8.1,806.0,7.0,0.3,170.0,2400.0,3.0,136.0,5.0,136.0,172.0,79.0,1.5,0.4,112.0,64.0,48.0,8.0,114.0,550.0,10.0,0.2,0.5,24.0,0.48,63.0,4.9,0.2,2025.0
Bhattarahalli Lake,BTH,2025-05-07,13.0116,77.7116,,,,,,,,,,,,,,,,05/25,4515.0,Bhattarahalli Lake,D,4.9,8.5,733.0,15.0,2.8,140.0,2400.0,32.0,124.0,16.0,140.0,168.0,156.0,1.7,1.3,84.0,44.0,40.0,9.8,98.0,506.0,36.0,0.3,0.5,2.0,0.22,70.0,4.6,0.71,2025.0
Bhattarahalli Lake,BTH,2025-06-06,13.0116,77.7116,,,,,,,,,,,,,,,,06/25,4515.0,Bhattarahalli Lake,D,5.9,8.2,811.0,5.0,3.4,310.0,2800.0,3.0,116.0,5.0,116.0,152.0,64.0,1.5,0.4,84.0,48.0,19.0,15.0,100.0,542.0,10.0,0.2,0.5,16.0,0.53,67.0,5.0,0.05,2025.0
Byrasandra Tank,BYT,2023-10-15,12.9638,77.5875,,,,,,,,,,,,,,,,10/23,3595.0,BYRASANDRA TANK,"D (Propagation of wild life,fisheries)",5.1,6.9,500.0,7.0,2.0,4300.0,92000.0,3.0,116.0,5.0,116.0,36.0,88.0,11.804956896551724,0.4,132.0,72.0,60.0,25.0,39.0,338.0,45.58078602620088,0.52,0.5,13.0,0.2,36.0,1.4,1.42,2023.0
Byrasandra Tank,BYT,2024-03-08,12.9638,77.5875,0.0858303766279478,0.1244542170625438,0.1535838614989285,0.2005102323125657,0.2872211158042944,0.3104137275607178,0.3116976311158042,0.2900744385779655,0.2300507110172475,-0.4325445568507208,-0.4088046945635453,0.1746379243901647,0.0679046719033971,1.175659169282333,1.5261256194562858,03/24,3595.0,Byrasandra Tank,"D (Propagation of wild life,fisheries)",5.4,8.5,385.0,6.0,1.4,3100.0,17000.0,8.0,72.0,5.0,80.0,52.0,56.0,1.5,0.4,64.0,40.0,24.0,22.0,53.0,270.0,194.0,0.2,0.5,15.0,0.2,58.0,3.0,0.05,2024.0
Byrasandra Tank,BYT,2024-04-07,12.9638,77.5875,0.0716271136923618,0.1157447587269915,0.1510442560859252,0.200042196409715,0.3041222492080253,0.3362940654699048,0.3344986835621257,0.3084593488208375,0.2406170221752904,-0.49578832934948,-0.4783593083623281,0.2052175819484061,0.082568277902761,1.222610288300905,1.754286171838208,04/24,3595.0,Byrasandra Tank,"D (Propagation of wild life,fisheries)",4.7,8.6,456.0,7.0,1.5,320.0,3500.0,24.0,56.0,12.0,80.0,60.0,64.0,1.5,0.43,64.0,36.0,28.0,26.0,51.0,312.0,12.0,0.3,0.5,16.0,0.2,57.0,2.8,0.7,2024.0
Byrasandra Tank,BYT,2024-05-07,12.9638,77.5875,0.0554727138331573,0.1075548400212078,0.143843237657345,0.1954925131995774,0.3145719746568108,0.3473477859908481,0.3403395635339667,0.2991015663498767,0.2207569588173176,-0.5318665299524354,-0.5070437987524131,0.243565088484251,0.0810710590347868,1.248533043275152,2.319232854740665,05/24,3595.0,Byrasandra Tank,"D (Propagation of wild life,fisheries)",6.2,7.8,735.0,6.3,3.6,3200.0,9400.0,3.0,256.0,5.0,256.0,116.0,54.0,1.5,0.86,252.0,132.0,120.0,19.0,111.0,434.0,12.0,0.6,0.5,30.0,0.2,45.0,0.32,1.3,2024.0
Byrasandra Tank,BYT,2024-06-16,12.9638,77.5875,,,,,,,,,,,,,,,,06/24,3595.0,Byrasandra Tank,"E (Irrigation, industrial cooling and controlled waste)",2.9,6.9,687.0,18.0,2.4,210.0,3500.0,3.0,168.0,5.0,168.0,56.0,120.0,2.4,1.8,188.0,96.0,92.0,30.0,56.0,468.0,22.0,0.3,0.5,20.0,0.2,36.0,1.8,0.7,2024.0
Byrasandra Tank,BYT,2024-12-23,12.9638,77.5875,,,,,,,,,,,,,,,,12/24,3595.0,Byrasandra Tank,"D (Propagation of wild life,fisheries)",6.3,7.6,423.0,4.0,1.6,3200.0,17000.0,3.0,92.0,5.0,92.0,64.0,44.0,1.5,0.4,112.0,60.0,52.0,17.0,41.0,288.0,110.0,0.2,0.5,8.0,0.21,42.0,2.0,0.05,2024.0
Byrasandra Tank,BYT,2025-01-12,12.9638,77.5875,0.0640109046110524,0.0990284651301509,0.1244727099389729,0.16279464625132,0.2231182435762054,0.2353950299190423,0.2327800950369588,0.2493026187961982,0.1919699788806757,-0.4318926954891669,-0.4567056726345609,0.2016664668348585,0.0636674370868866,1.1726100300131708,1.6786323510553978,01/25,3595.0,Byrasandra Tank,"D (Propagation of wild life,fisheries)",5.4,8.5,405.0,10.0,1.5,210.0,3500.0,40.0,52.0,20.0,72.0,44.0,109.0,1.5,0.4,52.0,32.0,20.0,16.0,43.0,276.0,38.0,0.2,0.5,13.0,0.2,57.0,2.6,0.1,2025.0
Byrasandra Tank,BYT,2025-02-06,12.9638,77.5875,0.083870242872228,0.1151932590425706,0.1466519193556611,0.1793283069341779,0.2183692537838789,0.2320311967617036,0.2392762794790565,0.2632190003519885,0.226032819429778,-0.3692962064878576,-0.4055328909160982,0.1391095229076678,0.0940527779144356,1.2283993804632785,1.3936686594685073,02/25,3595.0,Byrasandra Tank,"D (Propagation of wild life,fisheries)",6.8,7.1,1419.0,5.0,5.5,400.0,2400.0,3.0,292.0,5.0,292.0,44.0,57.0,1.5,0.4,856.0,432.0,424.0,247.0,49.0,964.0,14.0,0.2,0.5,25.0,0.2,11.0,0.7,0.1,2025.0
Byrasandra Tank,BYT,2025-03-13,12.9638,77.5875,0.0736373319253783,0.1217489404200626,0.1518381941775092,0.208677029215065,0.299683766279479,0.3185081027807109,0.324543041182682,0.291608528687082,0.2299371031326994,-0.4696912709866548,-0.4364646900429583,0.2337700280846886,0.0535936237942947,1.166973193402328,1.96297289393282,03/25,3595.0,Byrasandra Tank,"D (Propagation of wild life,fisheries)",5.5,8.2,348.0,6.0,1.2,5800.0,35000.0,3.0,72.0,5.0,72.0,52.0,52.0,1.5,0.4,72.0,44.0,28.0,7.743589743589744,55.0,232.0,112.0,0.2,0.5,16.0,0.2,56.0,0.89,0.05,2025.0
Byrasandra Tank,BYT,2025-04-04,12.9638,77.5875,,,,,,,,,,,,,,,,04/25,3595.0,Byrasandra Tank,"D (Propagation of wild life,fisheries)",5.0,7.0,466.0,5.0,1.2,3100.0,17000.0,3.0,104.0,5.0,104.0,76.0,55.0,1.5,0.84,124.0,64.0,60.0,20.0,46.0,316.0,10.0,0.2,0.5,9.0,0.29,42.0,2.0,0.05,2025.0
Byrasandra Tank,BYT,2025-05-07,12.9638,77.5875,,,,,,,,,,,,,,,,05/25,3595.0,Byrasandra Tank,E,1.1,6.6,728.0,42.0,2.8,2600.0,11000.0,3.0,164.0,5.0,164.0,116.0,196.0,4.8,4.2,192.0,100.0,92.0,30.0,70.0,496.0,22.0,0.39,0.5,15.0,0.33,42.0,2.2,1.1,2025.0
Byrasandra Tank,BYT,2025-06-06,12.9638,77.5875,,,,,,,,,,,,,,,,06/25,3595.0,Byrasandra Tank,D,5.9,7.1,449.0,7.0,1.7,210.0,3500.0,3.0,160.0,5.0,160.0,48.0,74.0,1.5,0.4,140.0,72.0,68.0,14.0,43.0,310.0,10.0,0.32,0.5,2.0,0.2,39.0,1.6,0.75,2025.0
Chandapura Lake,CDP,2023-10-15,12.8419,77.6534,,,,,,,,,,,,,,,,10/23,4532.0,CHANDAPURA LAKE,"E (Irrigation, industrial cooling and controlled waste)",3.5,7.3,1180.0,10.0,5.6,4300.0,92000.0,3.0,340.0,5.0,340.0,156.0,92.0,8.372198275862068,1.1,464.0,236.0,228.0,21.0,162.0,810.0,108.60262008733623,1.2,0.5,30.0,0.4,41.0,3.3,2.9,2023.0
Chandapura Lake,CDP,2024-03-08,12.8419,77.6534,0.1323367485569478,0.1677799414719809,0.1904923550542808,0.2155716317049133,0.2407982753766014,0.2499129276362099,0.2463218886386033,0.2553094502322962,0.215277097705195,-0.2004190447419956,-0.2340509452039682,0.0920220320307257,0.0541490841229963,1.1215640960826982,1.278096158311233,03/24,4532.0,Chandapura Lake,"E (Irrigation, industrial cooling and controlled waste)",0.3,7.19,2552.0,51.0,11.0,140000.0,490000.0,3.0,608.0,5.0,608.0,448.0,354.0,42.0,32.0,708.0,360.0,348.0,34.0,236.0,1736.0,150.0,0.96,0.5,28.0,0.67,45.0,5.0,2.97,2024.0
Chandapura Lake,CDP,2024-04-07,12.8419,77.6534,0.1413941503590033,0.1846809238080037,0.2120027030915453,0.2400522666478954,0.2742639659298888,0.2872157679853582,0.2823408383781501,0.2886348479515697,0.2439274954244686,-0.2378280325818259,-0.2709470364694605,0.1156942939562045,0.0638056475111201,1.1584858184465674,1.4778731235347933,04/24,4532.0,Chandapura Lake,"E (Irrigation, industrial cooling and controlled waste)",0.3,7.1,2273.0,75.0,9.9,1400.0,4900.0,3.0,572.0,5.0,572.0,476.0,250.0,50.0,38.0,548.0,280.0,268.0,42.0,290.0,1548.0,46.0,6.3,0.5,40.0,0.39,51.0,7.5,15.0,2024.0
Chandapura Lake,CDP,2024-05-07,12.8419,77.6534,0.238348882403661,0.2691879539015502,0.2854216831731385,0.2940341712542283,0.2973907408635668,0.2982226702924984,0.2882610930556475,0.2906099356635936,0.2431115871857797,-0.0458800699103113,-0.0563325977816925,0.021852857739297,0.0315286234488841,1.0671783198357998,1.0703429667539923,05/24,4532.0,Chandapura Lake,"E (Irrigation, industrial cooling and controlled waste)",0.5,6.8,1614.0,39.0,2.84,17000.0,48000.0,3.0,316.0,5.0,316.0,220.0,200.0,8.9,6.6,180.0,96.0,84.0,12.0,129.0,1064.0,14.0,1.8,0.5,25.0,0.27,41.0,3.0,5.3,2024.0
Chandapura Lake,CDP,2024-06-16,12.8419,77.6534,,,,,,,,,,,,,,,,06/24,4532.0,Chandapura Lake,"E (Irrigation, industrial cooling and controlled waste)",0.3,7.0,2081.0,26.0,7.2,92000.0,460000.0,3.0,588.0,5.0,588.0,324.0,210.0,32.2,24.8,564.0,288.0,276.0,32.0,201.0,1412.0,26.0,2.7,0.5,26.0,0.71,42.0,3.7,7.6,2024.0
Chandapura Lake,CDP,2024-12-23,12.8419,77.6534,,,,,,,,,,,,,,,,12/24,4532.0,Chandapura Lake,"E (Irrigation, industrial cooling and controlled waste)",0.3,7.2,2120.0,70.0,9.5,14000.0,70000.0,3.0,496.0,5.0,496.0,360.0,332.0,24.0,19.0,580.0,296.0,284.0,86.0,170.0,1456.0,44.0,0.79,0.5,42.0,0.49,37.0,3.08,2.19,2024.0
Chandapura Lake,CDP,2025-01-12,12.8419,77.6534,0.120509031395185,0.154699482211803,0.1681407292753848,0.1913012318738563,0.2193716950584261,0.2281200619456568,0.2222516859073629,0.2227495846825285,0.1841639764888075,-0.2133500697334211,-0.2296691537313186,0.1145987022086414,0.0288403006693943,1.06778516827633,1.392035268142534,01/25,4532.0,Chandapura Lake,"E (Irrigation, industrial cooling and controlled waste)",0.3,7.5,2380.0,62.0,9.0,17000.0,70000.0,3.0,584.0,5.0,584.0,452.0,244.0,37.6,52.0,628.0,316.0,312.0,36.0,244.0,1600.0,26.0,3.0,0.5,34.0,0.28,44.0,4.2,7.0,2025.0
Chandapura Lake,CDP,2025-02-06,12.8419,77.6534,0.1247531225687814,0.1543300344223851,0.1690806137003067,0.1872373576632011,0.2129760202277389,0.2255654537095975,0.2289903847513969,0.2203503642407525,0.1928828665393592,-0.2197214972535389,-0.2161061840760152,0.0908338215336219,0.0383247171726998,1.087022314126121,1.3173334745409369,02/25,4532.0,Chandapura Lake,"E (Irrigation, industrial cooling and controlled waste)",0.3,7.7,1368.0,25.0,5.25,1100.0,4900.0,3.0,124.0,5.0,124.0,108.0,274.0,91.5,61.0,640.0,142.0,498.0,47.0,171.0,936.0,22.0,0.61,0.5,42.0,0.53,32.0,2.94,1.55,2025.0
Chandapura Lake,CDP,2025-03-13,12.8419,77.6534,0.1276977368717443,0.1680753946798804,0.1879042191367276,0.2149292059693089,0.254529931015064,0.2643950654652964,0.2629039631141771,0.2482594044769818,0.2059818034633253,-0.2547798145232031,-0.2458964860218523,0.1307727366188112,0.056213321555093,1.2797531465046688,13.000768159832,03/25,4532.0,Chandapura Lake,"E (Irrigation, industrial cooling and controlled waste)",2.1,7.6,1847.0,28.0,5.4,21000.0,70000.0,3.0,420.0,5.0,420.0,404.0,201.0,28.2,24.0,468.0,240.0,228.0,5.769230769230769,191.0,1256.0,10.0,1.0,0.5,33.0,0.59,45.0,3.8,0.05,2025.0
Chandapura Lake,CDP,2025-04-04,12.8419,77.6534,,,,,,,,,,,,,,,,04/25,4532.0,Chandapura Lake,"D (Propagation of wild life,fisheries)",5.3,6.9,1498.0,5.0,5.8,210.0,1200.0,3.0,360.0,5.0,360.0,344.0,56.0,1.5,0.59,544.0,268.0,276.0,20.0,104.0,1020.0,10.0,0.2,0.5,12.0,0.45,34.0,2.45,0.44,2025.0
Chandapura Lake,CDP,2025-05-07,12.8419,77.6534,,,,,,,,,,,,,,,,05/25,4532.0,Chandapura Lake,E,0.3,7.4,1657.0,39.0,5.9,21000.0,170000.0,3.0,396.0,5.0,396.0,372.0,272.0,26.0,29.0,516.0,264.0,252.0,37.0,131.0,1124.0,38.0,0.9,0.5,11.0,0.64,35.0,2.5,2.5,2025.0
Chandapura Lake,CDP,2025-06-06,12.8419,77.6534,,,,,,,,,,,,,,,,06/25,4532.0,Chandapura Lake,E,0.8,7.7,2200.0,45.0,8.4,2100.0,17000.0,3.0,508.0,5.0,508.0,360.0,256.0,14.0,10.0,600.0,304.0,296.0,90.0,182.0,1490.0,18.0,0.53,0.5,44.0,0.2,37.0,3.23,1.52,2025.0
Chelekere Lake,CLK,2023-08-21,13.0396,77.6109,,,,,,,,,,,,,,,,08/23,4507.0,CHELEKERE LAKE,"D (Propagation of wild life,fisheries)",6.6,6.7,559.0,4.0,2.14,6300.0,54000.0,9.685714285714289,124.0,5.0,124.0,92.0,40.0,3.0542857142857143,0.42,148.0,80.0,68.0,23.0,47.0,390.0,25.25714285714286,0.2,0.5,11.0,0.2,41.0,1.6451428571428572,0.2928571428571428,2023.0
Chelekere Lake,CLK,2023-10-15,13.0396,77.6109,,,,,,,,,,,,,,,,10/23,4507.0,CHELEKERE LAKE,"D (Propagation of wild life,fisheries)",6.0,7.5,412.0,4.0,1.0,4900.0,54000.0,3.0,88.0,5.0,88.0,56.0,40.0,11.492887931034485,0.4,120.0,68.0,52.0,16.0,35.0,282.0,51.31004366812227,0.29,0.5,10.0,0.2,36.0,1.5,0.74,2023.0
Chelekere Lake,CLK,2024-03-08,13.0396,77.6109,0.113305873864996,0.1396806650482547,0.1652022489325127,0.1928520623636236,0.2161600549025128,0.2316553494756106,0.2305132329133524,0.2897973604561129,0.2583552544520305,-0.2475476309237281,-0.3528882956055334,0.0834518769440991,0.0826396128281809,1.18406502334014,1.1973316110673784,03/24,4507.0,Chelekere Lake,"E (Irrigation, industrial cooling and controlled waste)",2.3,7.9,754.0,27.0,3.0,2100.0,13000.0,3.0,192.0,5.0,192.0,92.0,172.0,3.6,2.8,176.0,92.0,84.0,11.0,47.0,510.0,49.0,0.44,0.5,23.0,0.2,37.0,2.0,0.63,2024.0
Chelekere Lake,CLK,2024-05-07,13.0396,77.6109,0.1268995143239247,0.156468536578522,0.1867353266590546,0.2156860772858448,0.2437172450200604,0.2703429682550856,0.2642081368339549,0.3314979974660379,0.2909512353065386,-0.2680968972547576,-0.3700668775157475,0.0816714005248483,0.0950867273483065,1.2214012420651732,1.2023364753828905,05/24,4507.0,Chelekere Lake,"E (Irrigation, industrial cooling and controlled waste)",1.0,8.2,490.0,30.0,2.0,1700.0,7900.0,3.0,84.0,5.0,84.0,44.0,168.0,3.25,2.5,112.0,60.0,52.0,9.0,34.0,328.0,44.0,0.2,0.5,2.0,0.2,39.0,1.4,0.05,2024.0
Chelekere Lake,CLK,2024-06-16,13.0396,77.6109,,,,,,,,,,,,,,,,06/24,4507.0,Chelekere Lake,"D (Propagation of wild life,fisheries)",7.9,7.1,656.0,4.0,2.2,480.0,3500.0,3.0,192.0,5.0,192.0,100.0,48.0,1.5,0.69,196.0,104.0,92.0,21.0,76.0,450.0,36.0,0.77,0.5,15.0,0.35,43.0,2.0,2.0,2024.0
Chelekere Lake,CLK,2024-12-23,13.0396,77.6109,,,,,,,,,,,,,,,,12/24,4507.0,Chelekere Lake,"D (Propagation of wild life,fisheries)",6.0,7.8,427.0,6.0,1.6,210.0,2800.0,3.0,120.0,5.0,120.0,36.0,46.0,1.5,0.4,96.0,52.0,44.0,9.0,36.0,294.0,18.0,0.2,0.5,8.0,0.2,43.0,1.6,0.1,2024.0
Chelekere Lake,CLK,2025-01-12,13.0396,77.6109,0.1049294643485605,0.1265977758514615,0.1396199058038069,0.1676731400014077,0.2076033539804321,0.2272962166537621,0.2229450728514113,0.2598421024846905,0.2224966249032166,-0.2838444425293188,-0.3633034260226047,0.1153367980801852,0.0447197708740133,1.101025668436216,1.3204840498035055,01/25,4507.0,Chelekere Lake,"D (Propagation of wild life,fisheries)",6.8,7.8,1042.0,8.0,4.0,110.0,2400.0,3.0,196.0,5.0,196.0,144.0,68.0,1.5,0.46,188.0,104.0,84.0,29.0,99.0,710.0,14.0,0.2,0.5,24.0,0.2,50.0,3.1,0.6,2025.0
Chelekere Lake,CLK,2025-02-06,13.0396,77.6109,0.1156611247976349,0.1361072177059925,0.1533806357804656,0.1752012775392412,0.2045466636165268,0.2245060603927642,0.2302808545083409,0.2689293411698458,0.2522723903709437,-0.268033083668394,-0.342058213550838,0.0815482665339731,0.060326583662785,1.1325325612951689,1.2092679096377872,02/25,4507.0,Chelekere Lake,"D (Propagation of wild life,fisheries)",5.5,7.3,999.0,6.0,3.83,260.0,2800.0,3.0,164.0,5.0,164.0,164.0,53.0,1.5,0.7,212.0,112.0,100.0,34.0,98.0,670.0,16.0,0.2,0.5,33.0,0.2,45.0,2.91,0.28,2025.0
Chelekere Lake,CLK,2025-03-13,13.0396,77.6109,0.1215513197719433,0.1528633665129569,0.1793910472891045,0.2054252234813822,0.2318468395861194,0.2467597768705567,0.2543140599704371,0.3046178433166747,0.2706019286267335,-0.2631928664999438,-0.3463079255208401,0.0783596693831685,0.0862179613238002,1.1957540001126383,1.1937738248988086,03/25,4507.0,Chelekere Lake,"D (Propagation of wild life,fisheries)",4.1,7.2,523.0,7.0,2.0,260.0,1700.0,3.0,204.0,5.0,204.0,80.0,62.0,1.5,0.6,168.0,88.0,80.0,6.35897435897436,50.0,356.0,10.0,0.2,0.5,6.0,0.24,32.0,2.0,0.19,2025.0
Chelekere Lake,CLK,2025-04-04,13.0396,77.6109,,,,,,,,,,,,,,,,04/25,4507.0,Chelekere Lake,"D (Propagation of wild life,fisheries)",6.1,7.9,1106.0,4.0,4.5,1400.0,4600.0,3.0,232.0,5.0,232.0,152.0,40.0,1.5,0.4,264.0,136.0,128.0,25.0,97.0,750.0,10.0,0.2,0.5,8.0,0.47,43.0,2.59,0.27,2025.0
Chelekere Lake,CLK,2025-05-07,13.0396,77.6109,,,,,,,,,,,,,,,,05/25,4507.0,Chelekere Lake,E,3.8,7.2,585.0,6.0,2.25,1400.0,13000.0,3.0,148.0,5.0,148.0,92.0,61.0,1.5,0.4,136.0,86.0,50.0,9.0,66.0,392.0,16.0,0.2,0.5,13.0,0.34,48.0,2.66,0.39,2025.0
Chelekere Lake,CLK,2025-06-06,13.0396,77.6109,,,,,,,,,,,,,,,,06/25,4507.0,Chelekere Lake,D,6.0,7.5,380.0,5.0,1.5,310.0,1700.0,3.0,104.0,5.0,104.0,60.0,58.0,1.5,0.51,128.0,64.0,64.0,8.0,38.0,264.0,10.0,0.2,0.5,5.0,0.3,37.0,1.5,0.05,2025.0
Chikkabanavara Lake,CKB,2023-08-21,13.0711,77.4802,,,,,,,,,,,,,,,,08/23,4095.0,CHIKKABANAVARA LAKE,"D (Propagation of wild life,fisheries)",5.3,6.7,405.0,7.3,1.5,330.0,5400.0,14.39047619047619,92.0,5.0,92.0,28.0,68.0,1.896190476190476,0.7,128.0,64.0,64.0,29.0,51.0,278.0,31.77142857142857,0.2,0.5,15.0,0.2,41.0,1.3954285714285717,0.1119047619047619,2023.0
Chikkabanavara Lake,CKB,2023-10-15,13.0711,77.4802,,,,,,,,,,,,,,,,10/23,4095.0,CHIKKABANAVARA LAKE,"D (Propagation of wild life,fisheries)",4.7,6.8,785.0,8.0,3.0,330.0,16000.0,3.0,216.0,5.0,216.0,156.0,72.0,8.91831896551724,0.83,196.0,104.0,92.0,18.0,84.0,544.0,98.5764192139738,0.2,0.5,35.0,0.22,43.0,18.0,0.4,2023.0
Chikkabanavara Lake,CKB,2024-03-08,13.0711,77.4802,0.0991883071614674,0.1302841669400387,0.1682288671629451,0.204230642208295,0.2375445426378424,0.256177691711851,0.2594127561439335,0.3436925146116468,0.2677535314414478,-0.3340728137525053,-0.4529503519773147,0.1005909914010303,0.1275318504308358,1.295551040127537,1.2319581488663809,03/24,4095.0,Chikkabanavara Lake,"E (Irrigation, industrial cooling and controlled waste)",0.9,7.6,1268.0,17.0,6.7,1100.0,7900.0,3.0,476.0,5.0,476.0,296.0,116.0,1.7,1.3,536.0,272.0,264.0,40.0,195.0,882.0,18.0,1.4,0.5,34.0,0.2,42.0,3.7,2.6,2024.0
Chikkabanavara Lake,CKB,2024-04-07,13.0711,77.4802,0.1094202415322864,0.150981575197111,0.202683511233728,0.2435305823533553,0.2772471586507991,0.2977220759101472,0.3036347898035349,0.3838778853601859,0.30030186606577,-0.3411325140373322,-0.4407066675742118,0.0967240757209795,0.1492620888762414,1.3562217072034537,1.224340736546999,04/24,4095.0,Chikkabanavara Lake,"E (Irrigation, industrial cooling and controlled waste)",2.0,7.1,1700.0,22.0,6.7,270.0,2800.0,3.0,492.0,5.0,492.0,296.0,149.0,3.0,2.3,548.0,280.0,268.0,35.0,198.0,1156.0,18.0,5.1,0.5,28.0,0.24,42.0,3.7,11.8,2024.0
Chikkabanavara Lake,CKB,2024-06-16,13.0711,77.4802,,,,,,,,,,,,,,,,06/24,4095.0,Chikkabanavara Lake,"E (Irrigation, industrial cooling and controlled waste)",1.9,7.6,1594.0,17.0,5.5,17.0,240.0,3.0,356.0,5.0,356.0,192.0,128.0,22.6,17.0,420.0,216.0,204.0,51.0,146.0,1052.0,16.0,0.2,0.5,31.0,0.2,35.0,3.0,0.37,2024.0
Chikkabanavara Lake,CKB,2024-12-23,13.0711,77.4802,,,,,,,,,,,,,,,,12/24,4095.0,Chikkabanavara Lake,"D (Propagation of wild life,fisheries)",5.0,7.0,1026.0,13.0,6.0,260.0,5400.0,3.0,336.0,5.0,336.0,176.0,120.0,5.1,3.9,352.0,180.0,172.0,35.0,105.0,700.0,16.0,0.7,0.5,17.0,0.34,38.0,2.4,1.6,2024.0
Chikkabanavara Lake,CKB,2025-03-13,13.0711,77.4802,0.1012960918245193,0.1389027925115216,0.1838325506258402,0.2230145658756424,0.2593118759242308,0.2763226392507571,0.2869303394127173,0.3574610942891341,0.2704329624674315,-0.3569266128411605,-0.4468638447352941,0.1037418988483732,0.1443189475316348,1.349133155266092,1.249056434739812,03/25,4095.0,Chikkabanavara Lake,"E (Irrigation, industrial cooling and controlled waste)",3.2,6.9,528.0,22.0,2.0,1700.0,9400.0,3.0,148.0,5.0,148.0,104.0,168.0,3.8,2.9,156.0,80.0,76.0,6.512820512820513,60.0,368.0,42.0,0.2,0.5,10.0,0.24,44.0,2.1,0.05,2025.0
Chikkabanavara Lake,CKB,2025-06-06,13.0711,77.4802,,,,,,,,,,,,,,,,06/25,4095.0,Chikkabanavara Lake,E,3.4,7.2,620.0,16.0,2.4,840.0,2100.0,3.0,148.0,5.0,148.0,107.0,116.0,3.2,2.5,172.0,88.0,84.0,20.0,58.0,422.0,54.0,0.4,0.5,6.0,0.3,29.0,1.9,0.9,2025.0
Chinnakurchi Kere,CNK,2023-10-15,13.01,77.72,,,,,,,,,,,,,,,,10/23,4537.0,CHINNAKURCHI KERE,"D (Propagation of wild life,fisheries)",4.5,8.1,1210.0,7.0,5.0,1700.0,24000.0,3.0,428.0,5.0,428.0,116.0,76.0,11.180818965517242,0.4,232.0,120.0,112.0,46.0,112.0,822.0,57.03930131004367,0.46,0.5,11.0,0.71,50.0,3.0,0.53,2023.0
Chinnakurchi Kere,CNK,2024-03-08,13.01,77.72,0.1074475575420567,0.1526833427670726,0.2243564298717713,0.264266249032167,0.2934881114943338,0.315379400999507,0.329991553459562,0.4486050327303441,0.3444137009924684,-0.3690543372363375,-0.491999320823532,0.0843679960301324,0.1856976171638677,1.460141489671877,1.1891897733971035,03/24,4537.0,Chinnakurchi Kere,"D (Propagation of wild life,fisheries)",4.6,8.8,1400.0,9.0,6.7,3400.0,13000.0,104.0,612.0,52.0,716.0,204.0,86.0,1.5,0.91,296.0,152.0,144.0,46.0,197.0,972.0,10.0,0.4,0.5,36.0,0.24,55.0,5.0,1.0,2024.0
Chinnakurchi Kere,CNK,2024-04-07,13.01,77.72,0.0997487787710283,0.1590161121382122,0.2482424331521504,0.294690761596396,0.3265239811360596,0.3498782360808051,0.3597697895403675,0.4802525234039554,0.367349718448652,-0.39054367244287,-0.5042553681817606,0.089734380925434,0.2153773212360163,1.5534948547060277,1.2053172794955536,04/24,4537.0,Chinnakurchi Kere,"E (Irrigation, industrial cooling and controlled waste)",0.3,7.6,3380.0,84.0,13.6,7800.0,33000.0,3.0,852.0,5.0,852.0,332.0,312.0,32.5,25.0,252.0,132.0,120.0,286.0,185.0,2264.0,156.0,0.57,0.5,10.0,0.68,60.0,5.0,1.42,2024.0
Chinnakurchi Kere,CNK,2024-05-07,13.01,77.72,0.0573915921728725,0.1133729747206207,0.1979481452505555,0.2394101288097414,0.2755756352502287,0.3009444851129725,0.3096866051946221,0.4005665446610822,0.2911965861899063,-0.4668471280097934,-0.5612764867193221,0.1022144506705906,0.2650469267693201,1.7310910247122877,1.2458491882538307,05/24,4537.0,Chinnakurchi Kere,"E (Irrigation, industrial cooling and controlled waste)",0.3,8.7,4170.0,96.0,14.8,45000.0,230000.0,200.0,1016.0,100.0,1216.0,416.0,315.0,16.8,12.9,268.0,140.0,128.0,35.0,400.0,2800.0,44.0,0.64,0.5,10.0,2.2,76.0,10.7,1.8,2024.0
Chinnakurchi Kere,CNK,2024-06-16,13.01,77.72,,,,,,,,,,,,,,,,06/24,4537.0,Chinnakurchi Kere,"D (Propagation of wild life,fisheries)",6.2,7.9,467.0,5.0,1.8,230.0,5400.0,3.0,124.0,5.0,124.0,20.0,48.0,1.5,0.85,88.0,48.0,40.0,23.0,60.0,320.0,630.0,1.5,0.5,22.0,0.35,53.0,2.8,2.5,2024.0
Chinnakurchi Kere,CNK,2024-12-23,13.01,77.72,,,,,,,,,,,,,,,,12/24,4537.0,Chinnakurchi Kere,"D (Propagation of wild life,fisheries)",7.0,8.2,428.0,5.0,1.7,240.0,5400.0,3.0,128.0,5.0,128.0,24.0,43.0,1.5,0.4,112.0,64.0,48.0,21.0,37.0,290.0,10.0,0.2,0.5,7.0,0.27,40.0,1.5,0.12,2024.0
Chinnakurchi Kere,CNK,2025-03-13,13.01,77.72,0.0750321179700147,0.127385993314481,0.1996366819568062,0.2435060076018864,0.2811219082142603,0.3020073836840994,0.3203173013303301,0.4221871155064402,0.3173201872316461,-0.4368985387278324,-0.540554008653763,0.1056627973421976,0.2163666940638122,1.5585467221357605,1.2496847125921662,03/25,4537.0,Chinnakurchi Kere,"D (Propagation of wild life,fisheries)",5.2,7.3,417.0,7.0,1.5,78000.0,490000.0,3.0,172.0,5.0,172.0,16.0,72.0,1.5,0.4,112.0,64.0,48.0,5.666666666666667,50.0,280.0,152.0,0.2,0.5,6.0,0.39,47.0,1.0,0.05,2025.0
Chinnakurchi Kere,CNK,2025-04-04,13.01,77.72,,,,,,,,,,,,,,,,04/25,4537.0,Chinnakurchi Kere,"D (Propagation of wild life,fisheries)",6.1,7.8,528.0,5.0,2.0,2100.0,14000.0,3.0,208.0,5.0,208.0,36.0,52.0,1.5,0.4,136.0,72.0,64.0,22.0,58.0,364.0,10.0,0.2,0.5,6.0,0.3,46.0,2.2,0.2,2025.0
Chinnakurchi Kere,CNK,2025-05-07,13.01,77.72,,,,,,,,,,,,,,,,05/25,4537.0,Chinnakurchi Kere,D,5.3,7.9,590.0,7.0,2.2,2100.0,9400.0,3.0,236.0,5.0,236.0,40.0,74.0,1.5,0.58,124.0,68.0,56.0,9.0,82.0,402.0,798.0,0.3,0.5,4.0,0.96,58.0,3.2,0.8,2025.0
Chinnakurchi Kere,CNK,2025-06-06,13.01,77.72,,,,,,,,,,,,,,,,06/25,4537.0,Chinnakurchi Kere,D,4.8,6.7,163.0,8.0,0.64,1400.0,4800.0,3.0,60.0,5.0,60.0,12.0,88.0,1.5,0.4,56.0,36.0,20.0,5.0,9.0,110.0,202.0,0.2,0.5,6.0,0.2,24.0,0.52,0.05,2025.0
Chinnappanahalli Lake,CNP,2023-08-21,12.9967,77.6895,,,,,,,,,,,,,,,,08/23,4520.0,CHINNAPPANAHALLI LAKE,"D (Propagation of wild life,fisheries)",4.4,7.1,650.0,6.0,1.44,1700.0,24000.0,12.40952380952381,168.0,5.0,168.0,156.0,79.0,2.383809523809524,0.4,180.0,96.0,84.0,8.0,69.0,446.0,29.02857142857143,0.2,0.5,5.0,0.39,41.0,1.500571428571429,0.1880952380952381,2023.0
Chinnappanahalli Lake,CNP,2023-10-15,12.9967,77.6895,,,,,,,,,,,,,,,,10/23,4520.0,CHINNAPPANAHALLI LAKE,"D (Propagation of wild life,fisheries)",6.0,7.7,614.0,5.0,2.0,3300.0,24000.0,3.0,120.0,5.0,120.0,76.0,48.0,7.943103448275862,0.49,116.0,64.0,52.0,15.0,61.0,416.0,116.48034934497817,0.2,0.5,10.0,0.31,51.0,2.0,0.29,2023.0
Chinnappanahalli Lake,CNP,2024-03-08,12.9967,77.6895,0.1081972755112817,0.1369176530745225,0.1547106339942168,0.184039223485515,0.2190205392657256,0.2326139920447745,0.2324307226583126,0.2488576049843359,0.2061218698299835,-0.2558134448591624,-0.296528879569144,0.0970308503110308,0.05747827310656,1.12462361941497,1.2421119243339251,03/24,4520.0,Chinnappanahalli Lake,"D (Propagation of wild life,fisheries)",4.9,8.5,615.0,9.0,2.4,580.0,3500.0,24.0,104.0,12.0,128.0,108.0,84.0,1.5,0.77,96.0,52.0,44.0,16.0,76.0,430.0,10.0,0.2,0.5,13.0,0.3,59.0,3.4,0.05,2024.0
Chinnappanahalli Lake,CNP,2024-04-07,12.9967,77.6895,0.1119367277975289,0.1477626848599635,0.1730837306446572,0.2066371994790384,0.2474938294202542,0.2638390017248052,0.2633504699215039,0.2829258791228129,0.234042782216903,-0.2844238655791673,-0.3260833927543812,0.1053787248450143,0.075370029753376,1.169283103406458,1.2778025663752617,04/24,4520.0,Chinnappanahalli Lake,"E (Irrigation, industrial cooling and controlled waste)",2.3,8.5,2027.0,17.0,7.0,680.0,4600.0,32.0,164.0,16.0,196.0,420.0,156.0,4.68,3.6,364.0,188.0,176.0,49.0,243.0,1398.0,56.0,0.48,0.5,38.0,0.2,56.0,6.0,1.02,2024.0
Chinnappanahalli Lake,CNP,2024-05-07,12.9967,77.6895,0.1154468971100707,0.1520632058107972,0.1700321552281216,0.2058028547291352,0.2556016790453732,0.2716347143510857,0.2653568657819705,0.2597285613713964,0.1978596712309479,-0.3007690029529286,-0.3040388683493792,0.1308757811372966,0.0597170501662684,1.1394447655030306,1.3723231360962616,05/24,4520.0,Chinnappanahalli Lake,"D (Propagation of wild life,fisheries)",4.5,6.9,776.0,8.0,2.7,1700.0,13000.0,3.0,116.0,5.0,116.0,112.0,84.0,1.5,0.42,136.0,76.0,60.0,21.0,97.0,524.0,26.0,0.2,0.5,18.0,0.29,57.0,4.0,0.05,2024.0
Chinnappanahalli Lake,CNP,2024-06-16,12.9967,77.6895,,,,,,,,,,,,,,,,06/24,4520.0,Chinnappanahalli Lake,"D (Propagation of wild life,fisheries)",5.5,7.6,641.0,4.0,2.46,13.0,1600.0,3.0,144.0,5.0,144.0,104.0,42.0,1.5,0.61,172.0,92.0,80.0,26.0,56.0,428.0,10.0,0.2,0.5,13.0,0.2,39.0,1.85,0.4,2024.0
Chinnappanahalli Lake,CNP,2024-12-23,12.9967,77.6895,,,,,,,,,,,,,,,,12/24,4520.0,Chinnappanahalli Lake,"D (Propagation of wild life,fisheries)",6.2,6.6,681.0,4.0,2.74,240.0,1600.0,3.0,112.0,5.0,112.0,92.0,48.0,1.5,0.4,100.0,56.0,44.0,20.0,67.0,466.0,10.0,0.2,0.5,11.0,0.36,56.0,2.91,0.05,2024.0
Chinnappanahalli Lake,CNP,2025-03-13,12.9967,77.6895,0.1213637826041043,0.1565590870794407,0.1736518739244338,0.2102981801541766,0.2566768418458941,0.2684297616952374,0.2674203527051287,0.2912951212643883,0.2566457214263087,-0.283268077186824,-0.3231565283225133,0.1246647784374264,0.0581840735767081,1.1406929732237976,1.3622869732032934,03/25,4520.0,Chinnappanahalli Lake,"D (Propagation of wild life,fisheries)",6.0,7.5,875.0,8.0,3.3,17.0,220.0,3.0,136.0,5.0,136.0,148.0,95.0,4.7,3.6,144.0,72.0,72.0,6.0256410256410255,96.0,604.0,20.0,0.2,0.5,11.0,0.41,56.0,3.5,0.05,2025.0
Chinnappanahalli Lake,CNP,2025-04-04,12.9967,77.6895,,,,,,,,,,,,,,,,04/25,4520.0,Chinnappanahalli Lake,"D (Propagation of wild life,fisheries)",4.4,7.8,759.0,7.0,2.9,1400.0,9400.0,3.0,140.0,5.0,140.0,144.0,68.0,1.5,0.67,100.0,56.0,44.0,10.0,104.0,516.0,10.0,0.2,0.5,21.0,0.46,64.0,4.5,0.5,2025.0
Chinnappanahalli Lake,CNP,2025-05-07,12.9967,77.6895,,,,,,,,,,,,,,,,05/25,4520.0,Chinnappanahalli Lake,E,3.1,7.8,705.0,16.0,2.7,2300.0,8400.0,3.0,160.0,5.0,160.0,116.0,160.0,4.2,3.7,188.0,100.0,88.0,29.0,69.0,480.0,12.0,0.26,0.5,14.0,0.22,42.0,2.19,0.77,2025.0
Chinnappanahalli Lake,CNP,2025-06-06,12.9967,77.6895,,,,,,,,,,,,,,,,06/25,4520.0,Chinnappanahalli Lake,D,4.5,7.8,702.0,7.0,2.6,310.0,2200.0,3.0,156.0,5.0,156.0,112.0,76.0,1.5,0.8,188.0,96.0,92.0,28.0,68.0,474.0,24.0,0.2,0.5,14.0,0.25,42.0,2.25,0.3,2025.0
Dasarahalli Tank,DSH,2023-08-21,13.044,77.5021,,,,,,,,,,,,,,,,08/23,3606.0,DASARAHALLI TANK,"D (Propagation of wild life,fisheries)",5.6,7.0,626.0,7.0,1.3,4000.0,160000.0,13.895238095238096,96.0,5.0,242.66666666666669,46.66666666666666,62.0,2.0180952380952384,0.97,100.0,56.0,44.0,27.0,44.0,420.0,31.085714285714285,0.3,0.5,15.0,0.2,41.0,1.4217142857142857,0.1309523809523809,2023.0
Dasarahalli Tank,DSH,2023-10-15,13.044,77.5021,,,,,,,,,,,,,,,,10/23,3606.0,DASARAHALLI TANK,"E (Irrigation, industrial cooling and controlled waste)",2.6,6.7,602.0,18.0,1.5,4900.0,160000.0,3.0,164.0,5.0,164.0,120.0,118.0,9.07435344827586,2.05,176.0,92.0,84.0,19.0,48.0,410.0,95.7117903930131,0.5,0.5,31.0,0.2,33.0,1.57,1.32,2023.0
Dasarahalli Tank,DSH,2024-03-08,13.044,77.5021,0.115415609704567,0.1423633652546233,0.1662009893505144,0.1881953378640094,0.2040996830874329,0.2160422268389734,0.2167659776752702,0.2561937955561816,0.2342034402619812,-0.2103205985061078,-0.2900944757746574,0.0669976824039461,0.0765068353941297,1.1688316087473287,1.1531858720780197,03/24,3606.0,Dasarahalli Tank,"E (Irrigation, industrial cooling and controlled waste)",0.5,6.7,383.0,18.0,1.7,1400.0,24000.0,3.0,80.0,5.0,80.0,64.0,120.0,2.6,2.0,136.0,72.0,64.0,55.0,56.0,280.0,16.0,1.0,0.5,20.0,0.2,42.0,2.0,3.0,2024.0
Dasarahalli Tank,DSH,2024-04-07,13.044,77.5021,0.1239618472481426,0.1593878199726941,0.189912546270351,0.2138162435297018,0.2333976266769957,0.2464409627099545,0.2465884643825488,0.2955464065636115,0.2701592309588368,-0.2211510799418545,-0.306544254790584,0.0653740674348718,0.0884560064342608,1.1974907569851247,1.151125313096592,04/24,3606.0,Dasarahalli Tank,"E (Irrigation, industrial cooling and controlled waste)",1.2,7.5,702.0,18.0,2.5,170.0,3300.0,3.0,76.0,5.0,76.0,112.0,118.0,2.0,1.6,204.0,108.0,96.0,93.0,80.0,480.0,28.0,1.3,0.5,22.0,0.2,43.0,2.4,2.7,2024.0
Dasarahalli Tank,DSH,2024-05-07,13.044,77.5021,0.1338592203950843,0.1705047186566258,0.1976503992239466,0.2204667065741752,0.2388956301278215,0.2530682031057432,0.2532345892461004,0.3001273495545617,0.2691637663298005,-0.2067688643100973,-0.2879784278150749,0.0648108489043509,0.077171188540957,1.1716072020476782,1.1598331282579617,05/24,3606.0,Dasarahalli Tank,"D (Propagation of wild life,fisheries)",5.8,6.6,472.0,4.0,1.8,170.0,2400.0,3.0,108.0,5.0,108.0,76.0,40.0,1.5,0.44,124.0,68.0,56.0,19.0,38.0,310.0,12.0,0.2,0.5,9.0,0.31,38.0,1.4,0.05,2024.0
Dasarahalli Tank,DSH,2024-06-16,13.044,77.5021,,,,,,,,,,,,,,,,06/24,3606.0,Dasarahalli Tank,"D (Propagation of wild life,fisheries)",4.8,6.5,347.0,4.0,0.9,2600.0,9400.0,3.0,76.0,5.0,76.0,16.0,40.0,1.5,0.4,96.0,52.0,44.0,14.0,16.0,232.0,40.0,0.57,0.5,5.0,0.2,25.0,0.71,1.45,2024.0
Dasarahalli Tank,DSH,2024-12-23,13.044,77.5021,,,,,,,,,,,,,,,,12/24,3606.0,Dasarahalli Tank,"D (Propagation of wild life,fisheries)",5.8,6.5,248.0,9.0,1.1,820.0,4700.0,3.0,84.0,5.0,84.0,24.0,80.0,1.5,0.9,88.0,48.0,40.0,8.0,17.0,168.0,26.0,0.2,0.5,5.0,0.2,28.0,0.7,0.5,2024.0
Dasarahalli Tank,DSH,2025-01-12,13.044,77.5021,0.1001163738159794,0.1233661780156471,0.135089530995831,0.1533435473080037,0.1775951441952183,0.1909943167012923,0.1862092291982113,0.2078658051339836,0.1827614563893095,-0.212384038204722,-0.2669328330595917,0.0762330603620767,0.0455909023039681,1.0988593155252238,1.197937545822828,01/25,3606.0,Dasarahalli Tank,"D (Propagation of wild life,fisheries)",6.2,6.5,284.0,6.0,1.1,2100.0,9400.0,3.0,84.0,5.0,84.0,28.0,68.0,1.5,1.1,68.0,52.0,16.0,17.0,16.0,192.0,18.0,0.2,0.5,5.0,0.2,32.0,0.85,0.45,2025.0
Dasarahalli Tank,DSH,2025-02-06,13.044,77.5021,0.1150227965773443,0.1351122966412613,0.1488910840745606,0.164333124405789,0.1859706574175148,0.1995574280784535,0.2038244057889363,0.2233831930701785,0.2050335786471356,-0.2096026290830476,-0.2549473414356327,0.0584358424367424,0.0488218659798493,1.1052766327170755,1.142644358877121,02/25,3606.0,Dasarahalli Tank,"D (Propagation of wild life,fisheries)",6.8,7.6,340.0,5.0,1.3,610.0,4900.0,3.0,76.0,5.0,76.0,32.0,58.0,1.56,1.2,76.0,40.0,36.0,9.0,21.0,230.0,28.0,0.2,0.5,6.0,0.2,35.0,1.0,0.12,2025.0
Dasarahalli Tank,DSH,2025-03-13,13.044,77.5021,0.1226541497940068,0.1520861368990372,0.1742524491354984,0.1934772175076587,0.2145501813444137,0.2263657699214761,0.2307961970491919,0.2615585478361915,0.2293624810732774,-0.2159769313665153,-0.276095346901874,0.0620428002425316,0.0709636726167011,1.155919670762115,1.1518334394209135,03/25,3606.0,Dasarahalli Tank,"E (Irrigation, industrial cooling and controlled waste)",2.8,6.6,271.0,15.0,1.04,930.0,4800.0,3.0,40.0,5.0,40.0,32.0,165.0,1.71,1.22,132.0,80.0,52.0,7.487179487179487,10.0,180.0,38.0,0.2,0.5,6.0,0.2,13.0,0.38,0.39,2025.0
Dasarahalli Tank,DSH,2025-04-04,13.044,77.5021,,,,,,,,,,,,,,,,04/25,3606.0,Dasarahalli Tank,"E (Irrigation, industrial cooling and controlled waste)",2.0,6.6,769.0,13.0,2.9,1700.0,9400.0,3.0,156.0,5.0,156.0,92.0,123.0,20.8,16.0,216.0,112.0,104.0,39.0,67.0,522.0,10.0,0.2,0.5,19.0,0.23,38.0,2.0,2.0,2025.0
Dasarahalli Tank,DSH,2025-05-07,13.044,77.5021,,,,,,,,,,,,,,,,05/25,3606.0,Dasarahalli Tank,E,3.5,6.9,467.0,6.0,1.79,430.0,3500.0,3.0,108.0,5.0,108.0,60.0,61.0,1.5,0.65,132.0,88.0,44.0,16.0,50.0,312.0,16.0,0.2,0.5,13.0,0.32,42.0,1.88,0.36,2025.0
Dasarahalli Tank,DSH,2025-06-06,13.044,77.5021,,,,,,,,,,,,,,,,06/25,3606.0,Dasarahalli Tank,D,4.2,6.7,364.0,5.0,1.4,3100.0,8400.0,3.0,80.0,5.0,80.0,56.0,56.0,1.5,0.92,96.0,52.0,44.0,15.0,35.0,250.0,36.0,0.2,0.5,7.0,0.2,41.0,1.55,0.05,2025.0
Devarabeesanahalli Lake,DVB,2023-08-21,12.9545,77.7062,,,,,,,,,,,,,,,,08/23,4521.0,DEVARABEESANAHALLI LAKE,"D (Propagation of wild life,fisheries)",5.2,7.7,1272.0,7.0,5.9,4600.0,54000.0,4.733333333333333,148.0,5.0,148.0,368.0,69.0,4.273333333333333,0.82,276.0,144.0,132.0,30.0,176.0,868.0,18.4,1.8,0.5,37.0,0.44,41.0,1.908,0.4833333333333334,2023.0
Devarabeesanahalli Lake,DVB,2023-10-15,12.9545,77.7062,,,,,,,,,,,,,,,,10/23,4521.0,DEVARABEESANAHALLI LAKE,"D (Propagation of wild life,fisheries)",4.4,7.9,679.0,6.0,3.0,7000.0,92000.0,3.0,136.0,5.0,136.0,100.0,56.0,9.7375,0.4,124.0,68.0,56.0,19.0,82.0,468.0,83.53711790393012,0.2,0.5,34.0,0.31,51.0,3.0,0.07,2023.0
Devarabeesanahalli Lake,DVB,2024-03-08,12.9545,77.7062,0.1259772252138106,0.1560129865451221,0.1802029214492339,0.2000513743708864,0.2111252032520327,0.2190349839862035,0.2181073487488122,0.2583075423221764,0.2334024531024531,-0.1676589525247181,-0.2504171222253618,0.0546787172125637,0.0726754222304776,1.1601631665473997,1.122575412368929,03/24,4521.0,Devarabeesanahalli Lake,"E (Irrigation, industrial cooling and controlled waste)",1.2,7.5,998.0,18.0,4.0,2600.0,9400.0,3.0,120.0,5.0,120.0,188.0,156.0,4.16,3.2,136.0,72.0,64.0,28.0,120.0,678.0,104.0,0.2,0.5,28.0,0.36,60.0,4.0,0.05,2024.0
Devarabeesanahalli Lake,DVB,2024-05-07,12.9545,77.7062,0.2110747962510187,0.2427051546220602,0.2586919008036916,0.2690328545232274,0.2757347901385493,0.2763092705786471,0.2669837408312958,0.2969391198044009,0.2624334963325183,-0.0508332285712954,-0.1069324324653245,0.0237265319440659,0.0341837517475663,1.07578771286256,1.056948531676244,05/24,4521.0,Devarabeesanahalli Lake,"E (Irrigation, industrial cooling and controlled waste)",3.4,7.5,1664.0,18.0,6.7,1100.0,7900.0,3.0,384.0,5.0,384.0,280.0,124.0,2.34,1.8,328.0,168.0,160.0,36.0,153.0,1114.0,32.0,1.07,0.5,14.0,0.21,49.0,4.0,2.8,2024.0
Devarabeesanahalli Lake,DVB,2024-06-16,12.9545,77.7062,,,,,,,,,,,,,,,,06/24,4521.0,Devarabeesanahalli Lake,"E (Irrigation, industrial cooling and controlled waste)",2.2,7.6,1591.0,20.0,5.54,430.0,5400.0,3.0,324.0,5.0,324.0,232.0,152.0,20.0,15.0,304.0,160.0,144.0,36.0,162.0,1048.0,10.0,0.36,0.5,34.0,0.46,44.0,4.0,0.95,2024.0
Devarabeesanahalli Lake,DVB,2025-04-04,12.9545,77.7062,,,,,,,,,,,,,,,,04/25,4521.0,Devarabeesanahalli Lake,"D (Propagation of wild life,fisheries)",5.1,7.8,846.0,7.0,2.9,2100.0,3500.0,3.0,300.0,5.0,300.0,136.0,84.0,1.5,0.43,204.0,108.0,43.0,29.0,106.0,584.0,10.0,0.84,0.5,33.0,0.48,48.0,3.0,2.2,2025.0
Devarabeesanahalli Lake,DVB,2025-05-07,12.9545,77.7062,,,,,,,,,,,,,,,,05/25,4521.0,Devarabeesanahalli Lake,D,5.0,7.2,987.0,6.0,3.9,310.0,2800.0,3.0,228.0,5.0,228.0,168.0,60.0,1.5,0.4,108.0,64.0,44.0,8.1,143.0,670.0,16.0,0.4,0.5,16.0,0.3,70.0,5.9,0.9,2025.0
Devarabeesanahalli Lake,DVB,2025-06-06,12.9545,77.7062,,,,,,,,,,,,,,,,06/25,4521.0,Devarabeesanahalli Lake,D,5.2,7.6,1694.0,10.0,6.5,110.0,2400.0,3.0,188.0,5.0,188.0,348.0,112.0,1.5,0.4,288.0,148.0,140.0,26.0,184.0,1134.0,10.0,0.95,0.5,3.0,0.27,58.0,5.0,2.2,2025.0
Devasandra Lake,DVS,2023-08-21,13.022,77.6553,,,,,,,,,,,,,,,,08/23,4526.0,DEVASANDRA LAKE,"D (Propagation of wild life,fisheries)",5.0,6.7,428.0,4.0,1.64,480000.0,3500000.0,7.085714285714285,96.0,5.0,96.0,68.0,41.0,3.6942857142857135,0.74,112.0,60.0,52.0,17.0,37.0,296.0,21.65714285714286,0.2,0.5,9.0,0.2,41.0,1.7831428571428571,0.3928571428571429,2023.0
Devasandra Lake,DVS,2023-10-15,13.022,77.6553,,,,,,,,,,,,,,,,10/23,4526.0,DEVASANDRA LAKE,"D (Propagation of wild life,fisheries)",4.2,6.5,378.0,8.0,2.0,480.0,5400.0,3.0,64.0,5.0,64.0,56.0,72.0,11.02478448275862,0.4,144.0,76.0,68.0,15.0,33.0,256.0,59.903930131004365,0.49,0.5,3.0,0.2,32.0,1.0,1.21,2023.0
Devasandra Lake,DVS,2024-03-08,13.022,77.6553,0.0918590987502199,0.1186079989112172,0.1374498542553625,0.1686028058440414,0.209709653230065,0.2268329308220382,0.2254718218623481,0.2299060763950007,0.1846058017954585,-0.3238255232849739,-0.3325091081282481,0.1250522351487031,0.0577107437821428,1.1314523968292451,1.3281779939914822,03/24,4526.0,Devasandra Lake,"E (Irrigation, industrial cooling and controlled waste)",3.3,6.5,624.0,16.0,2.39,17000.0,33000.0,3.0,140.0,5.0,140.0,100.0,133.0,4.5,3.6,168.0,88.0,80.0,25.0,60.0,430.0,46.0,0.59,0.5,12.0,0.2,42.0,2.0,1.72,2024.0
Devasandra Lake,DVS,2024-04-07,13.022,77.6553,0.0834325646893153,0.1182652458199688,0.1440018699106889,0.1812610843161415,0.2363541559584578,0.2565752578771342,0.2547841682802323,0.260452497799683,0.2101687484597782,-0.3862209340338304,-0.3991899529141724,0.1494728495400019,0.0829131808117643,1.1926597486277597,1.427465090233134,04/24,4526.0,Devasandra Lake,"E (Irrigation, industrial cooling and controlled waste)",1.2,8.2,935.0,87.0,3.0,1300.0,4900.0,3.0,124.0,5.0,124.0,208.0,364.0,5.0,3.9,192.0,100.0,92.0,20.0,118.0,644.0,56.0,0.92,0.5,33.0,0.45,52.0,4.0,2.0,2024.0
Devasandra Lake,DVS,2024-05-07,13.022,77.6553,0.0767355571202252,0.1201954442880492,0.1452423309278129,0.1886374405914451,0.2621440309804613,0.2891940151381799,0.2823382010209468,0.2582479845097694,0.1988204295018482,-0.4249607974948501,-0.3997243034660758,0.1837614117226048,0.0752862883272765,1.1804538903385116,1.608278663527064,05/24,4526.0,Devasandra Lake,"E (Irrigation, industrial cooling and controlled waste)",0.6,6.6,1778.0,58.0,6.8,1700.0,7000.0,3.0,412.0,5.0,412.0,300.0,302.0,7.2,6.6,484.0,248.0,236.0,72.0,162.0,1202.0,40.0,1.53,0.5,36.0,0.33,42.0,3.2,4.46,2024.0
Devasandra Lake,DVS,2024-06-16,13.022,77.6553,,,,,,,,,,,,,,,,06/24,4526.0,Devasandra Lake,"D (Propagation of wild life,fisheries)",4.1,7.8,1221.0,15.0,4.2,2100.0,70000.0,3.0,344.0,5.0,344.0,188.0,148.0,1.5,0.99,328.0,172.0,156.0,19.0,119.0,828.0,246.0,0.26,0.5,15.0,0.54,43.0,2.9,0.71,2024.0
Devasandra Lake,DVS,2024-12-23,13.022,77.6553,,,,,,,,,,,,,,,,12/24,4526.0,Devasandra Lake,"D (Propagation of wild life,fisheries)",6.7,7.6,442.0,5.0,2.2,84.0,1600.0,3.0,152.0,5.0,152.0,56.0,53.0,1.5,0.4,128.0,72.0,56.0,5.0,48.0,300.0,22.0,0.2,0.5,6.0,0.2,43.0,1.8,0.28,2024.0
Devasandra Lake,DVS,2025-01-12,13.022,77.6553,0.0716824221087836,0.0952681752705716,0.1087990107283302,0.1352515014962154,0.1796851012145749,0.193498429853899,0.1912716176729448,0.1868741911635274,0.1451912902657983,-0.3582122174796851,-0.3530218102240344,0.1501178506093102,0.0407592139335172,1.0995052024888858,1.4267914700534847,01/25,4526.0,Devasandra Lake,"E (Irrigation, industrial cooling and controlled waste)",2.2,7.5,2210.0,20.0,8.5,240.0,3500.0,3.0,480.0,5.0,480.0,376.0,160.0,4.7,4.2,604.0,308.0,296.0,91.0,176.0,1516.0,10.0,0.27,0.5,44.0,0.28,37.0,3.12,0.79,2025.0
Devasandra Lake,DVS,2025-02-06,13.022,77.6553,0.08135077979229,0.1005612183445524,0.1155332228559997,0.1387550044006336,0.178896831543742,0.1962435521915154,0.2005857525083611,0.1933616651997887,0.1637267347298009,-0.3582823749695817,-0.3446222153338832,0.1326255340281108,0.0478213208073551,1.1166347152713163,1.3736401961751303,02/25,4526.0,Devasandra Lake,"D (Propagation of wild life,fisheries)",6.9,8.3,566.0,4.0,2.1,23.0,920.0,16.0,124.0,8.0,132.0,72.0,38.0,1.5,0.6,92.0,52.0,40.0,20.0,59.0,386.0,10.0,0.2,0.5,13.0,0.21,54.0,2.8,0.3,2025.0
Devasandra Lake,DVS,2025-03-13,13.022,77.6553,0.0806006935398697,0.1107426338241388,0.1311142408416065,0.1677339482485476,0.2189483893680691,0.2343342686146806,0.240156321070234,0.2340800915331807,0.1908270903010034,-0.3985639401463154,-0.3928246997090672,0.1718249999772339,0.0650089756121286,1.152816826829013,1.546330965008971,03/25,4526.0,Devasandra Lake,"E (Irrigation, industrial cooling and controlled waste)",2.1,6.7,744.0,14.0,2.86,31000.0,70000.0,3.0,100.0,5.0,100.0,120.0,95.0,1.5,0.9,132.0,88.0,44.0,5.897435897435898,87.0,510.0,28.0,0.2,0.5,22.0,0.35,54.0,3.31,0.41,2025.0
Devasandra Lake,DVS,2025-04-04,13.022,77.6553,,,,,,,,,,,,,,,,04/25,4526.0,Devasandra Lake,"D (Propagation of wild life,fisheries)",4.2,7.3,589.0,9.0,2.3,2300.0,11000.0,3.0,116.0,5.0,116.0,68.0,92.0,1.5,0.72,160.0,84.0,76.0,26.0,74.0,400.0,10.0,0.26,0.5,13.0,0.27,44.0,2.2,0.75,2025.0
Devasandra Lake,DVS,2025-05-07,13.022,77.6553,,,,,,,,,,,,,,,,05/25,4526.0,Devasandra Lake,E,2.3,7.3,548.0,25.0,2.1,11000.0,49000.0,3.0,116.0,5.0,116.0,120.0,176.0,8.5,6.5,80.0,44.0,36.0,9.0,74.0,376.0,102.0,1.6,0.5,3.0,0.31,65.0,3.6,3.8,2025.0
Devasandra Lake,DVS,2025-06-06,13.022,77.6553,,,,,,,,,,,,,,,,06/25,4526.0,Devasandra Lake,D,5.4,8.0,587.0,6.0,2.8,1700.0,7900.0,3.0,92.0,5.0,92.0,96.0,56.0,1.5,0.4,100.0,56.0,44.0,19.0,74.0,396.0,26.0,0.2,0.5,18.0,0.35,57.0,3.0,0.05,2025.0
Dhorekere Tank,DHK,2023-08-21,13.028,77.71,,,,,,,,,,,,,,,,08/23,3641.0,DHOREKERE TANK,"D (Propagation of wild life,fisheries)",4.2,8.0,517.0,5.0,2.0,4300.0,92000.0,15.752380952380951,120.0,5.0,120.0,44.0,48.0,1.560952380952381,0.5,292.0,152.0,140.0,9.0,73.0,356.0,33.65714285714286,0.3,0.5,10.0,0.2,41.0,1.3231428571428572,0.0595238095238095,2023.0
Dhorekere Tank,DHK,2023-10-15,13.028,77.71,,,,,,,,,,,,,,,,10/23,3641.0,DHOREKERE TANK,"E (Irrigation, industrial cooling and controlled waste)",1.8,7.0,427.0,14.0,1.31,7900.0,54000.0,3.0,112.0,5.0,112.0,24.0,116.0,8.528232758620689,1.29,128.0,68.0,60.0,26.0,27.0,290.0,105.73799126637554,0.43,0.5,3.0,0.2,30.0,1.1,1.33,2023.0
Dhorekere Tank,DHK,2024-03-08,13.028,77.71,0.1318880450466303,0.1695317479059264,0.2049024594023092,0.2321289424599684,0.2516453985571001,0.2649965757522435,0.2685224846032025,0.3301665423191976,0.27783554812599,-0.2272836930340667,-0.3210259986666959,0.0650120835252088,0.095369512489571,1.2143621459885767,1.1449893948429692,03/24,3641.0,Dhorekere Tank,"E (Irrigation, industrial cooling and controlled waste)",1.2,6.6,675.0,28.0,2.3,2200.0,7900.0,3.0,228.0,5.0,228.0,52.0,188.0,26.5,20.4,104.0,56.0,48.0,19.0,72.0,470.0,264.0,3.3,0.5,22.0,0.2,52.0,3.0,6.9,2024.0
Dhorekere Tank,DHK,2024-04-07,13.028,77.71,0.1377027731831779,0.181828745416661,0.2257959146003435,0.2551435227872605,0.2764564385007919,0.2924502199542495,0.2944583001935597,0.3631960936125284,0.3087906528242129,-0.2398685162226828,-0.3354846069227692,0.06478949451997,0.1097211048713691,1.2521105788868094,1.1469158449912265,04/24,3641.0,Dhorekere Tank,"E (Irrigation, industrial cooling and controlled waste)",0.3,7.6,580.0,90.0,2.2,2100.0,7000.0,3.0,116.0,5.0,116.0,52.0,444.0,44.0,34.0,148.0,80.0,14.0,68.0,55.0,394.0,284.0,0.56,0.5,17.0,0.22,41.0,2.0,1.42,2024.0
Dhorekere Tank,DHK,2024-05-07,13.028,77.71,0.1325099313742741,0.1762997253326469,0.2125690027806576,0.2404145169804681,0.2685853563258842,0.2846471054020766,0.2809516135843745,0.3226867534752769,0.2561531268696109,-0.2358155537059265,-0.2987705624983524,0.0677456849525014,0.0987499292772819,1.2294184982704606,1.1599165128073956,05/24,3641.0,Dhorekere Tank,"E (Irrigation, industrial cooling and controlled waste)",0.3,6.6,697.0,132.0,2.3,920.0,4600.0,3.0,212.0,5.0,212.0,76.0,442.0,30.0,23.3,196.0,104.0,92.0,30.0,73.0,476.0,714.0,1.52,0.5,23.0,0.41,41.0,2.3,4.6,2024.0
Dhorekere Tank,DHK,2024-06-16,13.028,77.71,,,,,,,,,,,,,,,,06/24,3641.0,Dhorekere Tank,"D (Propagation of wild life,fisheries)",5.8,7.1,458.0,5.0,1.6,170.0,2400.0,3.0,96.0,5.0,96.0,32.0,64.0,1.5,0.49,160.0,88.0,72.0,26.0,31.0,308.0,22.0,0.93,0.5,10.0,0.2,28.0,1.0,2.4,2024.0
Dhorekere Tank,DHK,2024-12-23,13.028,77.71,,,,,,,,,,,,,,,,12/24,3641.0,Dhorekere Tank,"E (Irrigation, industrial cooling and controlled waste)",0.3,6.5,384.0,78.0,1.46,1700.0,11000.0,3.0,160.0,5.0,160.0,20.0,420.0,46.21,38.0,116.0,64.0,52.0,9.0,15.0,262.0,142.0,1.65,0.5,10.0,0.2,20.0,0.6,3.94,2024.0
Dhorekere Tank,DHK,2025-01-12,13.028,77.71,0.1021675734647193,0.1365522827590601,0.1522082102620201,0.1869654055956361,0.2316721555516452,0.2469356290691537,0.2447159352454689,0.2638962766144642,0.204305335210276,-0.2830821297555603,-0.3249350885955294,0.117113087036486,0.0503202050997656,1.1119115787551626,1.2967433740364789,01/25,3641.0,Dhorekere Tank,"D (Propagation of wild life,fisheries)",4.9,8.2,374.0,6.0,1.5,2600.0,9400.0,3.0,108.0,5.0,108.0,24.0,72.0,1.5,0.4,144.0,76.0,68.0,25.0,21.0,254.0,74.0,0.26,0.5,7.0,0.2,23.0,0.75,0.7,2025.0
Dhorekere Tank,DHK,2025-02-06,13.028,77.71,0.1093644905859581,0.139424476788148,0.1616469257142308,0.1866779130740805,0.2172775822628895,0.2328173359141299,0.2411002428294914,0.2738922470526128,0.2328241632940349,-0.2713781191941798,-0.3303792408673915,0.0805186185130176,0.0751557725765402,1.166031928794116,1.1915815068784117,02/25,3641.0,Dhorekere Tank,"D (Propagation of wild life,fisheries)",4.9,6.8,428.0,10.0,1.64,1400.0,9400.0,3.0,140.0,5.0,140.0,32.0,76.0,1.5,0.41,168.0,102.0,66.0,12.0,28.0,284.0,124.0,0.2,0.5,7.0,0.2,25.0,0.93,0.05,2025.0
Dhorekere Tank,DHK,2025-03-13,13.028,77.71,0.1168639204645434,0.1536736652067581,0.1845020969718375,0.209484951610065,0.231065937005103,0.2411726447298962,0.2455091676931199,0.3034449128981171,0.2653335702973781,-0.2448420900048092,-0.3435457725284296,0.0726946724018691,0.1004806567658762,1.2326010295872325,1.1770041431247489,03/25,3641.0,Dhorekere Tank,"D (Propagation of wild life,fisheries)",4.4,8.1,352.0,8.0,1.2,12000.0,79000.0,3.0,92.0,5.0,92.0,24.0,80.0,1.5,0.4,108.0,60.0,48.0,6.666666666666667,34.0,232.0,132.0,0.22,0.5,6.0,0.2,39.0,1.0,0.62,2025.0
Dhorekere Tank,DHK,2025-04-04,13.028,77.71,,,,,,,,,,,,,,,,04/25,3641.0,Dhorekere Tank,"D (Propagation of wild life,fisheries)",5.4,8.5,472.0,13.0,1.8,21.0,350.0,48.0,128.0,24.0,152.0,40.0,143.0,5.2,4.0,148.0,76.0,72.0,15.0,54.0,326.0,10.0,0.48,0.5,6.0,0.22,43.0,1.0,1.1,2025.0
Dhorekere Tank,DHK,2025-05-07,13.028,77.71,,,,,,,,,,,,,,,,05/25,3641.0,Dhorekere Tank,E,2.2,8.5,409.0,25.0,1.5,1200.0,7000.0,32.0,128.0,16.0,144.0,36.0,174.0,1.5,0.4,132.0,72.0,60.0,17.0,33.0,282.0,300.0,0.4,0.5,1.0,0.27,34.0,1.3,1.1,2025.0
Dhorekere Tank,DHK,2025-06-06,13.028,77.71,,,,,,,,,,,,,,,,06/25,3641.0,Dhorekere Tank,D,4.9,8.3,870.0,14.0,3.3,260.0,3500.0,32.0,156.0,16.0,172.0,140.0,136.0,1.5,0.4,184.0,96.0,88.0,39.0,85.0,584.0,46.0,1.01,0.5,2.0,0.22,50.0,2.7,2.4,2025.0
Doddabidarakallu Lake,DBK,2023-08-21,13.0742,77.5133,,,,,,,,,,,,,,,,08/23,4539.0,DODDABIDARAKALLU LAKE,"E (Irrigation, industrial cooling and controlled waste)",0.5,7.0,1096.0,18.0,5.2,1700.0,35000.0,14.01904761904762,356.0,5.0,169.33333333333334,37.33333333333333,122.0,1.987619047619048,2.8,356.0,184.0,172.0,50.0,153.0,748.0,31.25714285714286,3.1,0.5,32.0,0.2,41.0,1.415142857142857,0.1261904761904762,2023.0
Doddabidarakallu Lake,DBK,2023-10-15,13.0742,77.5133,,,,,,,,,,,,,,,,10/23,4539.0,DODDABIDARAKALLU LAKE,"E (Irrigation, industrial cooling and controlled waste)",2.4,6.7,2191.0,17.0,12.0,2300.0,24000.0,3.0,508.0,5.0,508.0,268.0,116.0,9.113362068965518,1.9,996.0,504.0,492.0,92.0,340.0,1492.0,94.99563318777292,0.5,0.5,32.0,0.2,41.0,4.7,1.1,2023.0
Doddabidarakallu Lake,DBK,2024-03-08,13.0742,77.5133,0.1113869459602182,0.1492969015307293,0.1782333076913012,0.2147245062488999,0.2641888998415773,0.2851058264390071,0.2897074353106848,0.3101294807252244,0.2527419292378103,-0.3262787054949419,-0.3592479811152888,0.1098386280632604,0.0790866801040607,1.179903469859199,1.2813729545937842,03/24,4539.0,Doddabidarakallu Lake,"E (Irrigation, industrial cooling and controlled waste)",0.8,7.6,1185.0,18.0,6.0,1100000.0,4900000.0,3.0,456.0,5.0,456.0,152.0,120.0,3.3,2.0,436.0,224.0,212.0,53.0,174.0,525.0,28.0,2.0,0.5,35.0,0.28,44.0,3.6,5.9,2024.0
Doddabidarakallu Lake,DBK,2024-04-07,13.0742,77.5133,0.1080134166519978,0.1526347153338617,0.1900276571761406,0.2277538250308044,0.2831033761661681,0.3045914451681042,0.3093536278824151,0.3403785706741771,0.2768631438127087,-0.3489113466697684,-0.3945771169105506,0.1111851179771267,0.10271828382514,1.2352738846554874,1.2966402445778171,04/24,4539.0,Doddabidarakallu Lake,"E (Irrigation, industrial cooling and controlled waste)",0.8,7.6,1888.0,58.0,6.6,450000.0,2300000.0,3.0,532.0,5.0,532.0,232.0,296.0,29.0,21.0,404.0,208.0,196.0,34.0,189.0,1242.0,20.0,1.4,0.5,34.0,0.2,48.0,4.0,3.8,2024.0
Doddabidarakallu Lake,DBK,2024-05-07,13.0742,77.5133,0.1054199577539166,0.1526146771691515,0.1858428899772548,0.2262523076923077,0.2851655412779439,0.3079899348706216,0.311653332159831,0.3366039887343777,0.2697238725576481,-0.3558725860325367,-0.395499411055055,0.1280868930267592,0.0928267787570462,1.215906851383964,1.3785569150692538,05/24,4539.0,Doddabidarakallu Lake,"E (Irrigation, industrial cooling and controlled waste)",0.3,6.7,2042.0,80.0,7.8,17000.0,48000.0,3.0,476.0,5.0,476.0,348.0,325.0,36.0,30.0,560.0,284.0,276.0,83.0,173.0,1376.0,22.0,0.89,0.5,41.0,0.52,38.0,3.2,2.45,2024.0
Doddabidarakallu Lake,DBK,2024-12-23,13.0742,77.5133,,,,,,,,,,,,,,,,12/24,4539.0,Doddabidarakallu Lake,"E (Irrigation, industrial cooling and controlled waste)",0.3,7.3,1360.0,93.0,4.7,2600.0,28000.0,3.0,400.0,5.0,400.0,164.0,296.0,51.0,40.0,304.0,160.0,144.0,66.0,100.0,892.0,20.0,1.6,0.5,23.0,0.3,39.0,2.5,4.3,2024.0
Doddabidarakallu Lake,DBK,2025-01-12,13.0742,77.5133,0.0925413870797395,0.1251766662587636,0.143279827534995,0.1726272487238162,0.2146624256292907,0.2291454180602006,0.2257962048935045,0.2503371906354514,0.2000634113712376,-0.300924252592862,-0.3504627919273839,0.1220015665656453,0.0505741235012499,1.1157673697464623,1.3233887391376358,01/25,4539.0,Doddabidarakallu Lake,"E (Irrigation, industrial cooling and controlled waste)",0.3,6.7,1622.0,81.0,6.2,11000.0,46000.0,3.0,436.0,5.0,436.0,168.0,272.0,44.0,34.0,300.0,148.0,152.0,29.0,111.0,1102.0,32.0,4.1,0.5,23.0,0.29,42.0,2.8,9.6,2025.0
Doddabidarakallu Lake,DBK,2025-02-06,13.0742,77.5133,0.1068273402569969,0.1390191298955879,0.1648542577426706,0.1905120506953,0.2230868157014611,0.2385030910051048,0.2453004611864108,0.2785802358739659,0.2371580883647246,-0.2934840775057128,-0.3523899418902911,0.098248356112445,0.0738905687548879,1.1711106212862747,1.255730024772551,02/25,4539.0,Doddabidarakallu Lake,"E (Irrigation, industrial cooling and controlled waste)",0.3,6.9,1519.0,105.0,5.8,14000.0,84000.0,3.0,436.0,5.0,436.0,244.0,356.0,35.0,27.0,340.0,172.0,168.0,44.0,170.0,1048.0,30.0,2.2,0.5,22.0,0.2,50.0,4.0,5.0,2025.0
Doddabidarakallu Lake,DBK,2025-06-06,13.0742,77.5133,,,,,,,,,,,,,,,,06/25,4539.0,Doddabidarakallu Lake,E,0.3,7.4,1400.0,16.0,5.4,4300.0,14000.0,3.0,332.0,5.0,332.0,240.0,126.0,15.6,1.2,388.0,200.0,188.0,50.0,136.0,968.0,46.0,0.3,0.5,20.0,0.32,29.0,3.0,0.9,2025.0
Doddakannehalli Lake,DKN,2023-08-21,12.974,77.627,,,,,,,,,,,,,,,,08/23,4528.0,DODDAKANNEHALLI LAKE,"D (Propagation of wild life,fisheries)",4.4,8.5,769.0,9.0,3.0,1700.0,24000.0,4.609523809523809,100.0,16.0,116.0,144.0,80.0,4.303809523809524,0.83,156.0,84.0,72.0,45.0,93.0,520.0,18.228571428571428,1.7,0.5,18.0,0.26,41.0,1.9145714285714288,0.4880952380952381,2023.0
Doddakannehalli Lake,DKN,2023-10-15,12.974,77.627,,,,,,,,,,,,,,,,10/23,4528.0,DODDAKANNEHALLI LAKE,"D (Propagation of wild life,fisheries)",5.0,8.4,800.0,7.0,3.0,4000.0,54000.0,3.0,148.0,12.0,148.0,124.0,84.0,9.815517241379313,0.59,176.0,96.0,80.0,31.0,86.0,540.0,82.10480349344978,0.81,0.5,22.0,0.25,48.0,3.0,2.2,2023.0
Doddakannehalli Lake,DKN,2024-03-08,12.974,77.627,0.0832965888689407,0.1091141655585302,0.1105104095829408,0.1548965395853135,0.2467397296441017,0.2770851304255994,0.2795194353504418,0.208820185165628,0.1527599253705072,-0.4377302497097854,-0.3339493544142339,0.2107462863769628,-0.0224883227027498,0.9727181712359508,1.6378029279308626,03/24,4528.0,Doddakannehalli Lake,"E (Irrigation, industrial cooling and controlled waste)",1.3,7.9,2015.0,17.0,7.0,2300.0,7900.0,3.0,564.0,5.0,564.0,332.0,132.0,2.86,2.3,340.0,176.0,164.0,108.0,252.0,1370.0,158.0,1.64,0.5,40.0,0.36,58.0,6.0,3.49,2024.0
Doddakannehalli Lake,DKN,2024-04-07,12.974,77.627,0.072344837540043,0.1055413913546305,0.1129585389324172,0.1600994754813954,0.2756293906431516,0.3145630407998028,0.3163489140000704,0.2374171084591827,0.1721655261027212,-0.5048146127272743,-0.4203308131013811,0.2435658173990868,-0.0076984531265611,1.0124675703868555,1.884803760430268,04/24,4528.0,Doddakannehalli Lake,"E (Irrigation, industrial cooling and controlled waste)",1.4,7.8,1358.0,26.0,5.7,260.0,1400.0,3.0,324.0,5.0,324.0,1921.0,174.0,4.4,3.4,340.0,176.0,164.0,87.0,169.0,928.0,36.0,1.5,0.5,29.0,0.23,49.0,5.6,6.0,2024.0
Doddakannehalli Lake,DKN,2024-05-07,12.974,77.627,0.0784789382898581,0.1110686979438821,0.111694212620713,0.1653962086809588,0.2980647692470166,0.3437563276657159,0.3394356179814833,0.2393148906959551,0.1678224768542965,-0.5235466429598581,-0.4269020541733141,0.2944802267144562,-0.0538737551657076,0.9321624162442128,2.25361271515266,05/24,4528.0,Doddakannehalli Lake,"E (Irrigation, industrial cooling and controlled waste)",3.6,7.5,1821.0,20.0,7.34,14000.0,46000.0,3.0,436.0,5.0,436.0,280.0,136.0,3.64,2.8,352.0,180.0,172.0,40.0,164.0,1220.0,10.0,0.99,0.5,16.0,0.23,49.0,4.0,2.58,2024.0
Doddakannehalli Lake,DKN,2024-06-16,12.974,77.627,,,,,,,,,,,,,,,,06/24,4528.0,Doddakannehalli Lake,"E (Irrigation, industrial cooling and controlled waste)",1.2,7.5,1675.0,22.0,5.83,310.0,3500.0,3.0,328.0,5.0,328.0,248.0,148.0,29.0,21.0,312.0,164.0,148.0,28.0,154.0,1110.0,12.0,0.85,0.5,31.0,0.42,48.0,4.0,2.3,2024.0
Doddakannehalli Lake,DKN,2024-12-23,12.974,77.627,,,,,,,,,,,,,,,,12/24,4528.0,Doddakannehalli Lake,"E (Irrigation, industrial cooling and controlled waste)",3.3,8.3,578.0,21.0,2.2,2600.0,9400.0,16.0,148.0,8.0,156.0,92.0,155.0,3.0,2.5,128.0,68.0,60.0,24.0,46.0,398.0,42.0,0.24,0.5,12.0,0.46,41.0,2.0,0.67,2024.0
Doddakannehalli Lake,DKN,2025-01-12,12.974,77.627,0.0641571162037526,0.0863791673711441,0.0881310520734903,0.1232290597387967,0.1962158411659098,0.2162358362375471,0.2168088288098003,0.1830242193825464,0.1268452001267293,-0.4595927871066984,-0.4082079151347557,0.2324106670973509,-0.0183030183895408,0.979559544765351,1.772742742039728,01/25,4528.0,Doddakannehalli Lake,"E (Irrigation, industrial cooling and controlled waste)",3.2,8.4,873.0,10.0,3.4,170.0,2200.0,64.0,196.0,32.0,228.0,144.0,122.0,4.9,3.8,228.0,112.0,116.0,37.0,97.0,600.0,82.0,0.75,0.5,24.0,0.2,45.0,2.8,1.92,2025.0
Doddakannehalli Lake,DKN,2025-02-06,12.974,77.627,0.0749925616925405,0.0923663779881271,0.0968256877931246,0.1287315978456014,0.1966594290139755,0.220175572922167,0.227513067201746,0.1870721547505895,0.1389864258809448,-0.4539482782005748,-0.3861480687579226,0.2017112464365176,0.000592394763329,1.0222468942362333,1.6235337255705966,02/25,4528.0,Doddakannehalli Lake,"E (Irrigation, industrial cooling and controlled waste)",3.4,8.0,1567.0,16.0,5.5,3100.0,11000.0,3.0,244.0,5.0,244.0,332.0,116.0,1.5,1.0,304.0,160.0,144.0,59.0,174.0,1020.0,10.0,0.73,0.5,24.0,0.24,53.0,4.0,2.0,2025.0
Doddakannehalli Lake,DKN,2025-03-13,12.974,77.627,0.0729686063294258,0.1038111701444303,0.1023444856434759,0.161270348857676,0.272750561481325,0.3035421022987294,0.3100633365015664,0.2076986939838771,0.1448559017143662,-0.510681978065154,-0.3882182677782709,0.3197126629172129,-0.0704413281947481,0.9141113144473596,2.461595253675764,03/25,4528.0,Doddakannehalli Lake,"D (Propagation of wild life,fisheries)",6.1,6.5,188.0,4.0,0.6,210.0,1200.0,3.0,36.0,5.0,36.0,24.0,36.0,1.5,0.4,80.0,48.0,32.0,5.846153846153847,28.0,124.0,22.0,0.2,0.5,5.0,0.2,41.0,1.0,0.05,2025.0
Doddakannehalli Lake,DKN,2025-04-04,12.974,77.627,,,,,,,,,,,,,,,,04/25,4528.0,Doddakannehalli Lake,"D (Propagation of wild life,fisheries)",4.3,7.6,898.0,11.0,3.0,310.0,2800.0,3.0,252.0,5.0,252.0,152.0,97.0,1.5,0.88,248.0,128.0,120.0,19.0,94.0,624.0,10.0,0.8,0.5,25.0,0.33,42.0,2.6,1.9,2025.0
Doddakannehalli Lake,DKN,2025-05-07,12.974,77.627,,,,,,,,,,,,,,,,05/25,4528.0,Doddakannehalli Lake,D,4.8,7.0,690.0,4.0,2.7,150.0,2400.0,3.0,156.0,5.0,156.0,116.0,45.0,1.5,0.4,116.0,60.0,56.0,8.8,90.0,468.0,20.0,0.3,0.5,10.0,0.31,60.0,3.6,0.7,2025.0
Doddakannehalli Lake,DKN,2025-06-06,12.974,77.627,,,,,,,,,,,,,,,,06/25,4528.0,Doddakannehalli Lake,D,5.2,7.7,1696.0,9.0,6.5,380.0,4300.0,3.0,176.0,5.0,176.0,340.0,96.0,1.5,0.4,256.0,132.0,124.0,36.0,186.0,1136.0,10.0,1.1,0.5,3.0,0.28,61.0,5.0,2.6,2025.0
Gottigere Lake,GTG,2023-08-21,12.8793,77.6017,,,,,,,,,,,,,,,,08/23,3613.0,GOTTIGERE LAKE,"D (Propagation of wild life,fisheries)",5.8,7.7,833.0,5.0,3.0,3100.0,35000.0,5.228571428571429,148.0,5.0,148.0,140.0,68.0,4.151428571428571,0.4,168.0,92.0,76.0,36.0,97.0,556.0,19.085714285714285,0.28,0.5,24.0,0.35,41.0,1.8817142857142857,0.4642857142857143,2023.0
Gottigere Lake,GTG,2023-10-15,12.8793,77.6017,,,,,,,,,,,,,,,,10/23,3613.0,GOTTIGERE LAKE,"E (Irrigation, industrial cooling and controlled waste)",2.8,6.5,480.0,14.0,2.0,1700.0,24000.0,3.0,136.0,5.0,136.0,68.0,124.0,10.595689655172414,6.8,116.0,64.0,52.0,10.0,35.0,326.0,67.78165938864629,0.45,0.5,4.0,0.31,38.0,136.0,1.39,2023.0
Gottigere Lake,GTG,2024-03-08,12.8793,77.6017,0.1265333368528489,0.1530988676493755,0.1772182102577384,0.1972508323654665,0.2072370640199907,0.214721877309682,0.2131662935980008,0.266791736177102,0.245016858480273,-0.1658343853621039,-0.274432254810964,0.0591780909151317,0.0719746086811456,1.1584370997384197,1.1370090560623496,03/24,3613.0,Gottigere Lake,"D (Propagation of wild life,fisheries)",4.6,7.6,1042.0,8.0,2.5,430.0,3500.0,3.0,340.0,5.0,340.0,184.0,79.0,1.5,0.4,344.0,180.0,164.0,20.0,98.0,710.0,16.0,1.04,0.5,11.0,0.25,37.0,3.0,3.19,2024.0
Gottigere Lake,GTG,2024-04-07,12.8793,77.6017,0.1457811881885052,0.1798271421844329,0.2111375636284425,0.2340835321859713,0.2413453419209516,0.2535753633899975,0.2489242776193994,0.3118085735402808,0.2882432231724911,-0.1657572303957311,-0.2741297377975694,0.0575917686110711,0.0806141002540406,1.1780664432620738,1.134978144681159,04/24,3613.0,Gottigere Lake,"E (Irrigation, industrial cooling and controlled waste)",3.6,7.3,1128.0,10.0,2.8,11000.0,46000.0,3.0,296.0,5.0,296.0,196.0,117.0,4.4,3.6,304.0,156.0,148.0,17.0,99.0,770.0,22.0,0.29,0.5,10.0,0.6,40.0,2.4,0.89,2024.0
Gottigere Lake,GTG,2024-05-07,12.8793,77.6017,0.224809872417983,0.241088426580261,0.2583784612862083,0.2569296931956257,0.2635450182260024,0.2663593256379101,0.2550808778857837,0.291323177399757,0.2672807260024301,-0.0394554853890043,-0.1125497370436967,0.0112216869553111,0.0387035468100875,1.0877069406111497,1.0395061353972226,05/24,3613.0,Gottigere Lake,"E (Irrigation, industrial cooling and controlled waste)",2.5,8.0,1188.0,19.0,5.0,310.0,3500.0,3.0,348.0,5.0,348.0,216.0,125.0,3.6,2.77,356.0,184.0,172.0,16.0,153.0,810.0,10.0,2.7,0.5,30.0,0.2,46.0,0.28,6.7,2024.0
Gottigere Lake,GTG,2024-06-16,12.8793,77.6017,,,,,,,,,,,,,,,,06/24,3613.0,Gottigere Lake,"E (Irrigation, industrial cooling and controlled waste)",3.6,7.1,1210.0,17.0,4.3,1200.0,7900.0,3.0,128.0,5.0,128.0,224.0,114.0,1.7,1.3,140.0,72.0,68.0,45.0,135.0,824.0,42.0,0.2,0.5,25.0,0.37,63.0,4.9,0.3,2024.0
Gottigere Lake,GTG,2024-12-23,12.8793,77.6017,,,,,,,,,,,,,,,,12/24,3613.0,Gottigere Lake,"D (Propagation of wild life,fisheries)",4.5,7.0,894.0,5.0,3.4,430.0,2200.0,3.0,204.0,5.0,204.0,148.0,56.0,1.5,0.4,244.0,128.0,116.0,36.0,88.0,606.0,10.0,0.24,0.5,18.0,0.26,43.0,2.45,0.7,2024.0
Gottigere Lake,GTG,2025-01-12,12.8793,77.6017,0.1103505578432407,0.1313677540971527,0.1484258790124399,0.1667755147291732,0.1761905782564319,0.1829999225706542,0.1780935276106007,0.2253318656952801,0.1974743251328617,-0.1586751613550321,-0.2742680809565,0.0693508366479116,0.0620651898354567,1.1395743406164658,1.1724864498151784,01/25,3613.0,Gottigere Lake,"D (Propagation of wild life,fisheries)",6.6,7.5,524.0,4.0,2.01,170.0,2100.0,3.0,128.0,5.0,128.0,124.0,42.0,1.5,0.4,140.0,80.0,60.0,6.0,49.0,360.0,12.0,0.2,0.5,12.0,0.2,40.0,1.79,0.35,2025.0
Gottigere Lake,GTG,2025-02-06,12.8793,77.6017,0.1247611304684474,0.1467402456320733,0.1649524792050733,0.180871372259177,0.1873849611093513,0.1988776651532747,0.2009603315383802,0.2409382993700065,0.2284413120754582,-0.162348174536782,-0.2518249272956549,0.0538890610009084,0.0584178735585281,1.130203962084446,1.136208164004714,02/25,3613.0,Gottigere Lake,"D (Propagation of wild life,fisheries)",7.0,7.5,648.0,4.0,2.5,170.0,920.0,3.0,120.0,5.0,120.0,84.0,42.0,1.5,0.4,88.0,52.0,36.0,13.0,77.0,440.0,36.0,0.2,0.5,13.0,0.2,61.0,3.6,0.2,2025.0
Gottigere Lake,GTG,2025-03-13,12.8793,77.6017,0.1366843803892583,0.1681084401332051,0.19338363079269,0.2122945799457993,0.2216771689015589,0.2317831696758523,0.2327273642346812,0.2792311512335902,0.252310234751698,-0.1668282649923383,-0.2567827668105785,0.0548700102811183,0.0703417752568601,1.156204815593149,1.1362868981572534,03/25,3613.0,Gottigere Lake,"D (Propagation of wild life,fisheries)",5.1,7.3,718.0,15.0,2.5,400.0,2100.0,3.0,236.0,5.0,236.0,128.0,152.0,1.56,1.2,232.0,116.0,116.0,7.3076923076923075,84.0,496.0,10.0,1.11,0.5,10.0,0.26,43.0,2.4,2.6,2025.0
Gottigere Lake,GTG,2025-04-04,12.8793,77.6017,,,,,,,,,,,,,,,,04/25,3613.0,Gottigere Lake,"D (Propagation of wild life,fisheries)",6.0,6.8,827.0,4.0,3.33,63.0,540.0,3.0,120.0,5.0,120.0,144.0,40.0,1.5,0.4,152.0,80.0,72.0,25.0,71.0,564.0,10.0,0.2,0.5,6.0,0.23,49.0,2.5,0.18,2025.0
Gottigere Lake,GTG,2025-05-07,12.8793,77.6017,,,,,,,,,,,,,,,,05/25,3613.0,Gottigere Lake,D,6.3,7.5,685.0,4.0,2.2,300.0,3500.0,3.0,128.0,5.0,128.0,92.0,40.0,1.5,0.74,124.0,68.0,56.0,14.0,72.0,398.0,16.0,0.2,0.5,17.0,0.5,51.0,2.8,0.32,2025.0
Gottigere Lake,GTG,2025-06-06,12.8793,77.6017,,,,,,,,,,,,,,,,06/25,3613.0,Gottigere Lake,D,5.4,7.7,423.0,8.0,1.6,2200.0,7900.0,3.0,112.0,5.0,112.0,64.0,92.0,1.9,1.4,92.0,48.0,44.0,12.0,51.0,292.0,30.0,0.2,0.5,3.0,0.42,53.0,2.3,0.14,2025.0
Haralur Lake,HRL,2023-08-21,12.9059,77.6887,,,,,,,,,,,,,,,,08/23,3621.0,HARALUR LAKE,"E (Irrigation, industrial cooling and controlled waste)",2.0,8.2,968.0,17.0,3.7,6300.0,54000.0,3.866666666666666,244.0,5.0,244.0,148.0,117.0,4.486666666666667,1.5,248.0,128.0,120.0,99.0,99.0,660.0,17.2,2.6,0.5,22.0,0.26,41.0,1.954,0.5166666666666667,2023.0
Haralur Lake,HRL,2023-10-15,12.9059,77.6887,,,,,,,,,,,,,,,,10/23,3621.0,HARALUR LAKE,"D (Propagation of wild life,fisheries)",4.5,8.4,798.0,8.0,3.0,4800.0,35000.0,16.0,124.0,8.0,132.0,116.0,92.0,10.049568965517242,0.52,180.0,96.0,84.0,29.0,83.0,538.0,77.80786026200873,1.4,0.5,23.0,0.25,46.0,3.0,4.8,2023.0
Haralur Lake,HRL,2024-03-08,12.9059,77.6887,0.0587057546107278,0.0788324792416643,0.0791414403934181,0.1142708433056454,0.2010458714627622,0.2293697838941293,0.2370330951710544,0.1919737118119105,0.1162201147402506,-0.4955543015328871,-0.4004529597508892,0.1926664439067125,-0.0133519642583597,0.9823084675633192,1.4989864098298866,03/24,3621.0,Haralur Lake,"E (Irrigation, industrial cooling and controlled waste)",3.2,9.0,836.0,15.0,3.0,1700.0,4600.0,16.0,112.0,8.0,128.0,148.0,140.0,2.64,2.0,120.0,64.0,56.0,30.0,109.0,576.0,90.0,0.43,0.5,30.0,0.29,59.0,4.0,1.02,2024.0
Haralur Lake,HRL,2024-04-07,12.9059,77.6887,0.0437048641419119,0.0754819832762931,0.087921311844659,0.1361223497113894,0.2367064303815289,0.2734037132197662,0.2842325637054767,0.2445111185414613,0.1489003554835985,-0.5973066556006709,-0.5398660179192906,0.2688783979005916,0.0279400595503726,1.0858661894377186,1.850597780283472,04/24,3621.0,Haralur Lake,"D (Propagation of wild life,fisheries)",6.0,6.9,1830.0,4.0,6.3,240.0,2200.0,3.0,216.0,5.0,216.0,408.0,44.0,1.5,0.4,340.0,176.0,164.0,27.0,234.0,1220.0,22.0,0.48,0.5,33.0,0.38,57.0,6.0,1.2,2024.0
Haralur Lake,HRL,2024-05-07,12.9059,77.6887,0.02427145340381,0.0603969627326556,0.0740870371085002,0.1253651942841053,0.2321734302407433,0.2705347282838236,0.2769800682810081,0.2399862065324512,0.1478949704350274,-0.6555740799894112,-0.6094737522745635,0.3169159246029525,0.0534202344605819,1.1743165416339345,2.095736138227497,05/24,3621.0,Haralur Lake,"D (Propagation of wild life,fisheries)",4.1,8.1,1030.0,14.0,3.5,170.0,1400.0,3.0,188.0,5.0,188.0,180.0,139.0,1.5,0.99,176.0,96.0,80.0,16.0,100.0,698.0,202.0,0.54,0.5,13.0,0.4,53.0,3.3,1.9,2024.0
Haralur Lake,HRL,2024-06-16,12.9059,77.6887,,,,,,,,,,,,,,,,06/24,3621.0,Haralur Lake,"D (Propagation of wild life,fisheries)",4.8,9.0,840.0,8.0,2.92,220.0,3500.0,32.0,104.0,16.0,136.0,136.0,96.0,1.5,0.79,136.0,76.0,60.0,55.0,97.0,562.0,146.0,0.26,0.5,24.0,0.39,56.0,4.0,0.73,2024.0
Haralur Lake,HRL,2024-12-23,12.9059,77.6887,,,,,,,,,,,,,,,,12/24,3621.0,Haralur Lake,"E (Irrigation, industrial cooling and controlled waste)",3.3,8.2,502.0,23.0,1.9,3100.0,4800.0,3.0,136.0,5.0,136.0,80.0,160.0,3.1,2.7,116.0,64.0,52.0,20.0,40.0,346.0,62.0,0.21,0.5,10.0,0.24,40.0,2.0,0.59,2024.0
Haralur Lake,HRL,2025-01-12,12.9059,77.6887,0.0300311699281993,0.0541168697979225,0.0533971421442995,0.0954065887653104,0.1852263972969167,0.2131076129804309,0.2166816028438688,0.1757626847810786,0.1005142439814162,-0.6018602587881883,-0.5352624055782852,0.2970548634048326,-0.010429726505141,0.9841621892713422,1.9002166372563096,01/25,3621.0,Haralur Lake,"E (Irrigation, industrial cooling and controlled waste)",2.8,8.7,837.0,15.0,3.2,170.0,3500.0,72.0,176.0,36.0,212.0,128.0,156.0,5.0,3.9,216.0,112.0,104.0,13.0,94.0,570.0,106.0,0.64,0.5,19.0,0.2,46.0,2.79,1.63,2025.0
Haralur Lake,HRL,2025-02-06,12.9059,77.6887,0.0526626742221596,0.0705576868149316,0.0709846436208517,0.1043686153737857,0.1850269815570886,0.2132663311276926,0.2249067682669296,0.1930888744192594,0.1222339610023934,-0.5208375858600476,-0.4617906837669389,0.2031317401028771,-0.0072640680998029,0.991096134906516,1.540210579918195,02/25,3621.0,Haralur Lake,"D (Propagation of wild life,fisheries)",5.9,8.5,1167.0,5.0,4.1,2200.0,13000.0,16.0,160.0,8.0,176.0,220.0,60.0,1.5,0.4,192.0,104.0,88.0,62.0,156.0,786.0,100.0,0.38,0.5,24.0,0.29,60.0,5.0,1.1,2025.0
Haralur Lake,HRL,2025-03-13,12.9059,77.6887,0.0433080353371814,0.0729559766617462,0.0843299628154042,0.132568844150359,0.2159655321695058,0.2429919013093059,0.2556260277347601,0.2339776573278897,0.146670153456286,-0.570622193060643,-0.5377345623997147,0.2552975655462616,0.0593715846602722,1.140031212431284,1.7710057535779176,03/25,3621.0,Haralur Lake,"D (Propagation of wild life,fisheries)",5.4,8.2,842.0,9.0,3.2,6300.0,35000.0,3.0,160.0,5.0,160.0,152.0,92.0,1.5,0.58,212.0,74.0,138.0,7.128205128205128,100.0,558.0,148.0,0.2,0.5,27.0,0.23,47.0,3.0,0.05,2025.0
Haralur Lake,HRL,2025-04-04,12.9059,77.6887,,,,,,,,,,,,,,,,04/25,3621.0,Haralur Lake,"E (Irrigation, industrial cooling and controlled waste)",2.9,8.1,911.0,18.0,3.0,260.0,4300.0,3.0,312.0,5.0,312.0,152.0,121.0,1.57,1.2,284.0,144.0,140.0,35.0,106.0,632.0,10.0,1.21,0.5,15.0,0.28,48.0,2.7,28.0,2025.0
Haralur Lake,HRL,2025-05-07,12.9059,77.6887,,,,,,,,,,,,,,,,05/25,3621.0,Haralur Lake,D,5.0,7.2,821.0,9.0,3.2,210.0,1400.0,3.0,188.0,5.0,188.0,132.0,88.0,1.5,0.4,140.0,76.0,64.0,9.0,114.0,560.0,10.0,0.4,0.5,12.0,0.2,62.0,4.2,0.9,2025.0
Haralur Lake,HRL,2025-06-06,12.9059,77.6887,,,,,,,,,,,,,,,,06/25,3621.0,Haralur Lake,D,4.9,8.3,870.0,14.0,3.3,260.0,3500.0,32.0,156.0,16.0,172.0,140.0,136.0,1.5,0.4,184.0,96.0,88.0,39.0,85.0,584.0,46.0,1.0,0.5,2.0,0.22,50.0,2.7,2.4,2025.0
Hebbal Lake,HBL,2023-08-21,13.0455,77.5961,,,,,,,,,,,,,,,,08/23,3625.0,HEBBAL LAKE,"D (Propagation of wild life,fisheries)",4.2,7.0,750.0,11.0,2.2,4800.0,92000.0,9.066666666666666,212.0,5.0,212.0,116.0,107.0,3.206666666666667,0.93,200.0,108.0,92.0,12.0,74.0,510.0,24.4,0.31,0.5,9.0,0.34,41.0,1.678,0.3166666666666666,2023.0
Hebbal Lake,HBL,2023-10-15,13.0455,77.5961,,,,,,,,,,,,,,,,10/23,3625.0,HEBBAL LAKE,"D (Propagation of wild life,fisheries)",6.1,7.6,412.0,4.0,1.0,4100.0,24000.0,3.0,88.0,5.0,88.0,56.0,40.0,11.68793103448276,0.4,144.0,80.0,64.0,16.0,38.0,282.0,47.7292576419214,0.31,0.5,10.0,0.2,34.0,16.0,0.97,2023.0
Hebbal Lake,HBL,2024-03-08,13.0455,77.5961,0.0847351226723925,0.1148289943697389,0.1346045302806671,0.1738334471470309,0.2443810658594107,0.2688559681790982,0.2728535745714386,0.2731372733992749,0.200416170931747,-0.4110214235331049,-0.4139872122839574,0.1449503715858551,0.0632159765664175,1.1464709283642107,1.371784991149147,03/24,3625.0,Hebbal Lake,"E (Irrigation, industrial cooling and controlled waste)",2.2,7.6,745.0,28.0,2.5,2200.0,9400.0,3.0,196.0,5.0,196.0,96.0,172.0,1.8,1.2,168.0,92.0,76.0,26.0,94.0,496.0,60.0,0.88,0.5,21.0,0.27,51.0,3.0,2.3,2024.0
Hebbal Lake,HBL,2024-05-07,13.0455,77.5961,0.0721182582984265,0.1093536166889186,0.1394334934845138,0.1787631208419866,0.2394095040304129,0.2624417473335915,0.2615502552008166,0.2831337780280896,0.205983800908163,-0.4206809717130456,-0.4586519580460555,0.1462156071554836,0.1141361788554455,1.267565016645403,1.3904050146937217,05/24,3625.0,Hebbal Lake,"E (Irrigation, industrial cooling and controlled waste)",0.3,6.7,1095.0,26.0,3.9,3100.0,9400.0,3.0,236.0,5.0,236.0,128.0,176.0,6.3,4.8,244.0,128.0,116.0,11.0,108.0,742.0,24.0,1.1,0.5,22.0,0.3,46.0,3.0,1.7,2024.0
Hebbal Lake,HBL,2024-06-16,13.0455,77.5961,,,,,,,,,,,,,,,,06/24,3625.0,Hebbal Lake,"D (Propagation of wild life,fisheries)",6.9,7.1,669.0,6.3,2.4,170.0,2400.0,3.0,176.0,5.0,176.0,112.0,57.0,1.5,0.82,176.0,92.0,84.0,19.0,75.0,456.0,10.0,1.0,0.5,22.0,0.2,48.0,2.8,1.8,2024.0
Hebbal Lake,HBL,2024-12-23,13.0455,77.5961,,,,,,,,,,,,,,,,12/24,3625.0,Hebbal Lake,"D (Propagation of wild life,fisheries)",4.9,7.9,674.0,7.0,2.71,310.0,3500.0,3.0,216.0,5.0,216.0,40.0,84.0,1.5,0.82,124.0,68.0,56.0,7.0,73.0,432.0,12.0,0.28,0.5,5.0,0.2,64.0,3.6,0.76,2024.0
Hebbal Lake,HBL,2025-01-12,13.0455,77.5961,0.0553318033017705,0.0812529658917659,0.0820359108891743,0.1256334154669295,0.2303711359076349,0.2585304269773662,0.2580207469463902,0.2158502446407829,0.1368277376887606,-0.5211087099514824,-0.4674466265969378,0.2456410620413396,-0.0192885195628113,0.9738955111001316,1.7489677412965907,01/25,3625.0,Hebbal Lake,"D (Propagation of wild life,fisheries)",6.0,8.2,595.0,8.0,2.3,240.0,2800.0,3.0,160.0,5.0,160.0,64.0,61.0,1.5,0.4,124.0,68.0,56.0,13.0,54.0,404.0,24.0,0.2,0.5,10.0,0.2,46.0,2.1,0.5,2025.0
Hebbal Lake,HBL,2025-02-06,13.0455,77.5961,0.0671877257207222,0.0882312542705413,0.0982206658405092,0.1323437748600796,0.2029721531908902,0.2280147136470836,0.2388397726072723,0.2240128832412263,0.163218877820409,-0.4731635873840693,-0.4493399789365817,0.1791068694476545,0.0342908300551623,1.0802132419377275,1.4966663754269451,02/25,3625.0,Hebbal Lake,"D (Propagation of wild life,fisheries)",4.8,7.7,662.0,8.0,2.5,1700.0,11000.0,3.0,160.0,5.0,160.0,64.0,71.0,1.5,0.47,156.0,84.0,72.0,14.0,52.0,450.0,20.0,0.5,0.5,12.0,0.25,39.0,1.8,1.1,2025.0
Hebbal Lake,HBL,2025-03-13,13.0455,77.5961,0.0673989827167446,0.0988589109588485,0.119652116948218,0.1631985391953253,0.2325725720722307,0.2537355063536202,0.2641289063325002,0.2611620261184835,0.1905947974233516,-0.468361099168211,-0.470222927725242,0.1824519358823242,0.083017233675001,1.1949879754397372,1.5206234929790157,03/25,3625.0,Hebbal Lake,"D (Propagation of wild life,fisheries)",5.8,7.2,624.0,7.0,2.0,250.0,3500.0,3.0,176.0,5.0,176.0,80.0,71.0,1.6,1.3,164.0,88.0,76.0,7.0256410256410255,70.0,424.0,20.0,0.58,0.5,15.0,0.2,46.0,2.5,1.3,2025.0
Hebbal Lake,HBL,2025-04-04,13.0455,77.5961,,,,,,,,,,,,,,,,04/25,3625.0,Hebbal Lake,"D (Propagation of wild life,fisheries)",5.9,7.6,698.0,6.0,2.6,1100.0,7900.0,3.0,124.0,5.0,124.0,104.0,69.0,1.5,0.4,124.0,68.0,56.0,7.0,69.0,476.0,10.0,0.2,0.5,15.0,0.22,51.0,2.7,0.4,2025.0
Hebbal Lake,HBL,2025-05-07,13.0455,77.5961,,,,,,,,,,,,,,,,05/25,3625.0,Hebbal Lake,D,4.8,8.4,614.0,8.0,2.4,1300.0,7900.0,24.0,132.0,12.0,156.0,76.0,90.0,1.5,0.4,144.0,72.0,72.0,10.0,71.0,418.0,48.0,0.5,0.5,15.0,0.4,48.0,2.6,1.2,2025.0
Hebbal Lake,HBL,2025-06-06,13.0455,77.5961,,,,,,,,,,,,,,,,06/25,3625.0,Hebbal Lake,D,5.3,7.8,380.0,8.0,1.6,140.0,3500.0,3.0,108.0,5.0,108.0,56.0,98.0,1.5,0.84,108.0,56.0,52.0,7.0,36.0,264.0,10.0,0.2,0.5,5.0,0.28,40.0,1.5,0.05,2025.0
Hesaraghatta Lake,HSG,2023-08-21,13.1299,77.4614,,,,,,,,,,,,,,,,08/23,3597.0,HESARAGHATTA LAKE,"D (Propagation of wild life,fisheries)",4.8,7.2,402.0,7.0,1.4,320.0,9200.0,14.761904761904765,156.0,5.0,156.0,72.0,66.0,1.804761904761905,0.7,120.0,64.0,56.0,10.0,39.0,296.0,32.285714285714285,0.2,0.5,16.0,0.28,41.0,1.375714285714286,0.0976190476190476,2023.0
Hesaraghatta Lake,HSG,2023-10-15,13.1299,77.4614,,,,,,,,,,,,,,,,10/23,3597.0,HESARAGHATTA LAKE,"D (Propagation of wild life,fisheries)",5.2,7.5,520.0,5.0,2.0,4000.0,54000.0,3.0,116.0,5.0,116.0,40.0,44.0,8.879310344827587,0.4,160.0,80.0,80.0,28.0,34.0,354.0,99.29257641921396,0.2,0.5,3.0,0.2,31.0,1.5,0.05,2023.0
Hesaraghatta Lake,HSG,2024-03-08,13.1299,77.4614,0.0876417658241216,0.1209524181077159,0.1689940823159053,0.2049641589804971,0.2355110328803774,0.2576669506442301,0.2624675596704922,0.379632845173555,0.2851613356333169,-0.370990011602852,-0.5185053333806122,0.0989771048207947,0.1644346022952041,1.3984799340782212,1.2252360579519943,03/24,3597.0,Hesaraghatta Lake,"D (Propagation of wild life,fisheries)",5.3,7.0,394.0,7.0,1.4,14.0,1600.0,3.0,116.0,5.0,116.0,48.0,65.0,1.5,0.85,128.0,68.0,60.0,44.0,45.0,286.0,10.0,0.2,0.5,19.0,0.2,39.0,1.7,0.5,2024.0
Hesaraghatta Lake,HSG,2024-04-07,13.1299,77.4614,0.089240639301556,0.1342182850295609,0.2000035763642976,0.2396087939167781,0.2699613919594452,0.2946969267056253,0.3013030240090125,0.4170895691051184,0.3142506935154543,-0.3880502129469877,-0.5174425095165066,0.0932036056698547,0.1977449314411367,1.4993640424958292,1.212860263451034,04/24,3597.0,Hesaraghatta Lake,"D (Propagation of wild life,fisheries)",5.8,7.7,469.0,5.0,1.6,32.0,1600.0,3.0,140.0,5.0,140.0,48.0,52.0,1.5,0.4,124.0,68.0,56.0,5.0,31.0,312.0,10.0,0.2,0.5,15.0,0.2,32.0,1.0,0.05,2024.0
Hesaraghatta Lake,HSG,2024-05-07,13.1299,77.4614,0.0763904738435542,0.1293279453516656,0.2013756708813593,0.2413408258818558,0.2700833732310074,0.2944804055481237,0.296732824051257,0.4121522002393862,0.3061850207702597,-0.3995881107429819,-0.5284207872546742,0.0957938501745819,0.2203542026245056,1.577578321354585,1.2219768387312238,05/24,3597.0,Hesaraghatta Lake,"E (Irrigation, industrial cooling and controlled waste)",0.6,6.5,340.0,30.0,0.96,17000.0,48000.0,3.0,64.0,6.5,64.0,20.0,172.0,1.56,1.2,72.0,40.0,32.0,22.0,12.0,226.0,72.0,0.2,0.5,2.0,0.2,26.0,0.6,0.35,2024.0
Hesaraghatta Lake,HSG,2024-06-16,13.1299,77.4614,,,,,,,,,,,,,,,,06/24,3597.0,Hesaraghatta Lake,"D (Propagation of wild life,fisheries)",6.0,7.6,453.0,4.0,1.57,330.0,16000.0,3.0,120.0,5.0,120.0,40.0,44.0,1.5,0.4,148.0,80.0,68.0,5.0,30.0,304.0,10.0,0.31,0.5,14.0,0.2,28.0,1.0,0.87,2024.0
Hesaraghatta Lake,HSG,2024-12-23,13.1299,77.4614,,,,,,,,,,,,,,,,12/24,3597.0,Hesaraghatta Lake,"D (Propagation of wild life,fisheries)",5.8,7.3,369.0,5.0,1.3,140.0,3500.0,3.0,112.0,5.0,112.0,36.0,64.0,1.5,0.4,124.0,68.0,56.0,5.0,25.0,248.0,14.0,0.2,0.5,12.0,0.2,28.0,0.97,0.05,2024.0
Hesaraghatta Lake,HSG,2025-01-12,13.1299,77.4614,0.049849021333521,0.079431352509633,0.093228916178397,0.1389915158769273,0.2127836337393508,0.238627282968387,0.239475892417095,0.2672096423290852,0.1840805850876575,-0.4994602940094779,-0.5420352979645194,0.2130174235755378,0.0644144156297436,1.1639741074870535,1.5840985415159106,01/25,3597.0,Hesaraghatta Lake,"D (Propagation of wild life,fisheries)",7.1,7.5,444.0,4.0,1.7,310.0,3500.0,3.0,112.0,5.0,112.0,52.0,43.0,1.5,0.44,100.0,44.0,56.0,35.0,27.0,306.0,10.0,0.2,0.5,11.0,0.2,33.0,1.17,0.3,2025.0
Hesaraghatta Lake,HSG,2025-02-06,13.1299,77.4614,0.0615990635781173,0.0869900231353038,0.1106388441981456,0.1463323628810814,0.1978425121453214,0.2205232556502148,0.2324178729845809,0.2945584101950292,0.2166054460325284,-0.4572739033025352,-0.5448022040624652,0.1496451470258562,0.110115448084226,1.2620297703855936,1.3730147429579576,02/25,3597.0,Hesaraghatta Lake,"D (Propagation of wild life,fisheries)",5.0,7.1,520.0,7.0,2.2,270.0,2400.0,3.0,144.0,5.0,144.0,112.0,73.0,1.5,0.7,152.0,96.0,56.0,16.0,56.0,354.0,14.0,0.2,0.5,8.0,0.26,43.0,2.0,0.32,2025.0
Hesaraghatta Lake,HSG,2025-03-13,13.1299,77.4614,0.063299806378934,0.0987762587398997,0.1401191615042977,0.1813447475885378,0.2306055762867,0.2547002464268111,0.2660850137294938,0.3479658945293246,0.248298003942829,-0.4596755915982097,-0.5602338919515208,0.1358775292537002,0.1692000872315262,1.4181508848999738,1.328602002017906,03/25,3597.0,Hesaraghatta Lake,"D (Propagation of wild life,fisheries)",5.8,7.5,323.0,8.0,1.2,680.0,3900.0,3.0,112.0,5.0,112.0,44.0,92.0,1.5,0.86,128.0,64.0,64.0,7.6923076923076925,18.0,226.0,14.0,0.2,0.5,8.0,0.3,22.0,1.0,0.36,2025.0
Hesaraghatta Lake,HSG,2025-04-04,13.1299,77.4614,,,,,,,,,,,,,,,,04/25,3597.0,Hesaraghatta Lake,"D (Propagation of wild life,fisheries)",6.9,6.7,322.0,4.0,1.2,210.0,1100.0,3.0,80.0,5.0,80.0,40.0,38.0,8.3,6.4,116.0,64.0,52.0,18.0,19.0,220.0,10.0,0.2,0.5,16.0,0.2,23.0,0.8,0.05,2025.0
Hesaraghatta Lake,HSG,2025-05-07,13.1299,77.4614,,,,,,,,,,,,,,,,05/25,3597.0,Hesaraghatta Lake,D,6.4,6.9,359.0,5.0,1.4,140.0,2400.0,3.0,104.0,5.0,104.0,36.0,56.0,1.5,0.4,96.0,48.0,48.0,20.0,43.0,248.0,10.0,0.2,0.5,5.0,0.25,47.0,1.0,0.22,2025.0
Hesaraghatta Lake,HSG,2025-06-06,13.1299,77.4614,,,,,,,,,,,,,,,,06/25,3597.0,Hesaraghatta Lake,D,6.0,7.1,400.0,5.0,1.5,200.0,3500.0,3.0,96.0,5.0,96.0,69.0,53.0,1.5,0.4,112.0,64.0,48.0,10.0,48.0,272.0,20.0,0.2,0.5,5.0,0.28,33.0,2.0,2.2,2025.0
Hosakerehalli Lake,HKH,2023-10-15,12.9421,77.5406,,,,,,,,,,,,,,,,10/23,4536.0,HOSAKEREHALLI LAKE,"D (Propagation of wild life,fisheries)",5.3,7.6,698.0,6.0,2.0,4900.0,160000.0,3.0,196.0,5.0,80.0,72.0,56.0,8.60625,0.44,176.0,92.0,84.0,28.0,53.0,476.0,104.3056768558952,0.63,0.5,4.0,0.34,38.0,1.5,1.93,2023.0
Hosakerehalli Lake,HKH,2024-03-08,12.9421,77.5406,0.1119349429818386,0.1344192844903269,0.1536331517698184,0.1811858228917358,0.2179612170913697,0.2346236590173166,0.2335578311980852,0.2493168837111078,0.21413056455019,-0.2755215774814403,-0.3065315743090897,0.0976226052829032,0.0615214279763377,1.1388145112773935,1.2587200985200004,03/24,4536.0,Hosakerehalli Lake,"E (Irrigation, industrial cooling and controlled waste)",1.5,6.7,1038.0,17.0,4.3,240.0,3500.0,3.0,500.0,5.0,500.0,104.0,114.0,3.6,2.8,316.0,164.0,152.0,9.0,136.0,724.0,24.0,6.0,0.5,30.0,0.2,45.0,3.3,13.4,2024.0
Hosakerehalli Lake,HKH,2024-04-07,12.9421,77.5406,0.1138422814303815,0.1427589500695047,0.1703163767295115,0.1999035548359848,0.2409648845558215,0.2599890644797974,0.2583778790651838,0.2847429501619033,0.2463232085034492,-0.2966984887528949,-0.3418420374493275,0.096637636736059,0.0852159768908838,1.193069333773234,1.2608303438901358,04/24,4536.0,Hosakerehalli Lake,"D (Propagation of wild life,fisheries)",4.2,8.3,1000.0,9.0,4.0,1400.0,13000.0,56.0,104.0,28.0,160.0,156.0,80.0,1.5,0.4,148.0,80.0,68.0,23.0,96.0,680.0,28.0,0.55,0.5,24.0,0.41,54.0,3.0,1.4,2024.0
Hosakerehalli Lake,HKH,2024-05-07,12.9421,77.5406,0.1267581726031254,0.1536631429705343,0.1810047269303062,0.2165873011403633,0.2649581057299732,0.2884078910319583,0.2799654230606785,0.2934760171758412,0.2479844959876109,-0.3127766941381211,-0.3368094675597125,0.1173287184888987,0.0881820963410126,1.2170758136243245,1.3632729540345307,05/24,4536.0,Hosakerehalli Lake,"E (Irrigation, industrial cooling and controlled waste)",1.7,7.8,1342.0,10.0,3.9,1100.0,4600.0,3.0,240.0,5.0,240.0,436.0,97.0,2.9,2.2,188.0,100.0,88.0,29.0,116.0,918.0,18.0,0.2,0.5,28.0,0.5,53.0,3.7,0.05,2024.0
Hosakerehalli Lake,HKH,2024-06-16,12.9421,77.5406,,,,,,,,,,,,,,,,06/24,4536.0,Hosakerehalli Lake,"E (Irrigation, industrial cooling and controlled waste)",0.8,6.5,746.0,16.0,2.6,3300.0,11000.0,3.0,212.0,5.0,212.0,56.0,108.0,7.6,5.6,220.0,116.0,104.0,10.0,58.0,490.0,34.0,0.41,0.5,24.0,0.3,34.0,2.0,1.0,2024.0
Hosakerehalli Lake,HKH,2024-12-23,12.9421,77.5406,,,,,,,,,,,,,,,,12/24,4536.0,Hosakerehalli Lake,"D (Propagation of wild life,fisheries)",4.0,7.8,810.0,20.0,3.2,1700.0,14000.0,3.0,212.0,5.0,212.0,84.0,171.0,1.5,0.68,164.0,88.0,76.0,24.0,74.0,550.0,138.0,0.36,0.5,22.0,0.38,48.0,2.5,0.86,2024.0
Hosakerehalli Lake,HKH,2025-01-12,12.9421,77.5406,0.103921557792482,0.1195852002350545,0.1346409758681402,0.1587019956356468,0.1867565394903561,0.199239761368436,0.1945548359847952,0.2171876988596368,0.1793151379698718,-0.2524750187795144,-0.3026376842079142,0.1018538076731451,0.0575860995601703,1.130775532765112,1.275986909233835,01/25,4536.0,Hosakerehalli Lake,"E (Irrigation, industrial cooling and controlled waste)",0.3,6.5,645.0,60.0,2.5,1700.0,7900.0,3.0,256.0,5.0,256.0,36.0,270.0,19.1,14.9,212.0,112.0,100.0,5.0,39.0,440.0,40.0,0.2,0.5,7.0,0.2,28.0,1.2,0.2,2025.0
Hosakerehalli Lake,HKH,2025-02-06,12.9421,77.5406,0.1136653139518513,0.1274890433936602,0.1442967933340004,0.1651499894410811,0.1914371392369422,0.2052544945797551,0.2099622976207235,0.2234997817823455,0.2013056349429819,-0.2587994375088658,-0.2866297581736116,0.0860470948723914,0.0622116607103498,1.1389866705147067,1.233256527991588,02/25,4536.0,Hosakerehalli Lake,"D (Propagation of wild life,fisheries)",4.1,6.5,797.0,10.0,3.06,17000.0,46000.0,3.0,284.0,5.0,284.0,44.0,72.0,3.36,0.9,232.0,126.0,106.0,5.0,45.0,548.0,64.0,0.2,0.5,5.0,2.36,29.0,1.3,0.05,2025.0
Hosakerehalli Lake,HKH,2025-03-13,12.9421,77.5406,0.1159688019146839,0.1403281110449398,0.161878227430886,0.1910507144868364,0.2316465261157258,0.2452724306631001,0.2486336407151906,0.2566685062649583,0.2210201428973672,-0.2927988641697376,-0.3089311454767637,0.1063262760935033,0.0694111033063836,1.160999168824868,1.308731478618316,03/25,4536.0,Hosakerehalli Lake,"E (Irrigation, industrial cooling and controlled waste)",3.4,6.5,826.0,19.0,3.2,170000.0,840000.0,3.0,364.0,5.0,364.0,68.0,134.0,4.42,3.4,300.0,152.0,148.0,5.6923076923076925,72.0,570.0,12.0,0.37,0.5,9.0,0.24,33.0,1.8,1.45,2025.0
Hosakerehalli Lake,HKH,2025-04-04,12.9421,77.5406,,,,,,,,,,,,,,,,04/25,4536.0,Hosakerehalli Lake,"E (Irrigation, industrial cooling and controlled waste)",0.3,6.5,789.0,27.0,2.6,450.0,3300.0,3.0,404.0,5.0,404.0,68.0,184.0,9.9,7.5,296.0,156.0,140.0,5.0,73.0,534.0,10.0,0.55,0.5,13.0,0.37,34.0,2.0,1.6,2025.0
Hosakerehalli Lake,HKH,2025-05-07,12.9421,77.5406,,,,,,,,,,,,,,,,05/25,4536.0,Hosakerehalli Lake,E,2.2,7.4,670.0,8.0,2.57,1400.0,14000.0,3.0,120.0,5.0,120.0,136.0,76.0,1.5,0.4,176.0,106.0,70.0,14.0,74.0,458.0,18.0,0.2,0.5,25.0,0.2,43.0,2.42,0.47,2025.0
Hosakerehalli Lake,HKH,2025-06-06,12.9421,77.5406,,,,,,,,,,,,,,,,06/25,4536.0,Hosakerehalli Lake,E,0.4,6.5,587.0,66.0,2.0,1400.0,7000.0,3.0,216.0,5.0,216.0,28.0,352.0,5.3,4.2,164.0,88.0,76.0,7.0,37.0,398.0,38.0,0.23,0.5,2.0,0.22,33.0,1.25,0.65,2025.0
Hoskere Lake,HSK,2023-10-15,12.901,77.6227,,,,,,,,,,,,,,,,10/23,3636.0,HOSKERE LAKE,"E (Irrigation, industrial cooling and controlled waste)",2.2,7.1,702.0,18.0,4.2,7000.0,35000.0,3.0,160.0,5.0,160.0,116.0,160.0,10.94676724137931,4.2,188.0,100.0,88.0,29.0,68.0,490.0,61.33624454148472,0.21,0.5,14.0,0.2,42.0,2.2,0.49,2023.0
Hoskere Lake,HSK,2024-03-08,12.901,77.6227,0.1263418353338731,0.1554654163249007,0.1679412827438333,0.1989194163821322,0.2410466542292933,0.2548105353937134,0.2499919286141715,0.2603233587947485,0.2257788658523707,-0.2687142703210635,-0.2875476126158354,0.1188162511748692,0.0276081676169148,1.0618833952510809,1.325525611425605,03/24,3636.0,Hoskere Lake,"D (Propagation of wild life,fisheries)",5.2,6.9,919.0,6.0,3.7,330.0,3500.0,3.0,308.0,5.0,308.0,80.0,56.0,1.5,0.4,292.0,152.0,140.0,20.0,79.0,624.0,36.0,0.2,0.5,6.0,0.27,36.0,2.0,0.36,2024.0
Hoskere Lake,HSK,2024-04-07,12.901,77.6227,0.1256610088352283,0.1622995463725059,0.1804271015096696,0.2201690731810342,0.2689740082368267,0.2858770389665248,0.2805536379316415,0.2952293744939985,0.254289320285825,-0.309540661977746,-0.3351048993419292,0.1406540397520314,0.0476204234804302,1.106312486409901,1.408449948646732,04/24,3636.0,Hoskere Lake,"E (Irrigation, industrial cooling and controlled waste)",0.3,6.9,2550.0,79.0,9.8,270.0,3500.0,3.0,588.0,5.0,588.0,444.0,357.0,19.0,15.0,668.0,340.0,328.0,83.0,163.0,1738.0,42.0,1.28,0.5,51.0,0.22,32.0,2.7,3.64,2024.0
Hoskere Lake,HSK,2024-05-07,12.901,77.6227,0.3911615618221258,0.409548335520797,0.389537940082219,0.3902800867678957,0.3887751409978308,0.3999468980477224,0.3779558242950108,0.3571059219088937,0.3234623535791757,0.0244162271184249,0.0477922322257507,0.0097738639958494,-0.0222356184207583,0.9581582827017866,1.044156580231452,05/24,3636.0,Hoskere Lake,"D (Propagation of wild life,fisheries)",4.6,7.0,298.0,11.0,1.0,20.0,1600.0,3.0,84.0,5.0,84.0,20.0,109.0,1.5,0.99,76.0,44.0,32.0,5.0,30.0,206.0,12.0,0.46,0.5,4.0,0.2,44.0,1.5,1.3,2024.0
Hoskere Lake,HSK,2024-06-16,12.901,77.6227,,,,,,,,,,,,,,,,06/24,3636.0,Hoskere Lake,"E (Irrigation, industrial cooling and controlled waste)",1.3,6.5,475.0,18.0,1.4,250.0,9200.0,3.0,108.0,5.0,108.0,36.0,119.0,2.6,2.0,116.0,64.0,52.0,14.0,52.0,326.0,14.0,0.9,0.5,19.0,0.2,44.0,2.2,1.2,2024.0
Hoskere Lake,HSK,2024-12-23,12.901,77.6227,,,,,,,,,,,,,,,,12/24,3636.0,Hoskere Lake,"D (Propagation of wild life,fisheries)",4.8,6.5,368.0,7.0,1.48,150.0,2800.0,3.0,92.0,5.0,92.0,20.0,84.0,1.5,0.4,116.0,68.0,48.0,13.0,20.0,252.0,10.0,0.56,0.5,6.0,0.2,26.0,0.8,1.51,2024.0
Hoskere Lake,HSK,2025-01-12,12.901,77.6227,0.1396683304586574,0.1628383186635414,0.171663053625525,0.1945153014889648,0.214702266887254,0.2235599809919393,0.2141493681579781,0.2469202154246893,0.2174309866591574,-0.207764606381954,-0.2792739886873678,0.1139764527030365,0.0309029947873926,1.0691842370194533,1.3404348286646044,01/25,3636.0,Hoskere Lake,"E (Irrigation, industrial cooling and controlled waste)",2.9,6.9,433.0,16.0,1.7,260.0,3500.0,3.0,128.0,5.0,128.0,28.0,120.0,3.51,2.8,132.0,72.0,60.0,9.0,30.0,294.0,10.0,0.25,0.5,8.0,0.2,31.0,1.14,0.68,2025.0
Hoskere Lake,HSK,2025-02-06,12.901,77.6227,0.1438446091027491,0.1663163787342067,0.1778555736826899,0.1970066457812666,0.2180391038051322,0.2297407511704038,0.2297080467457496,0.252338167482136,0.236364032524904,-0.2161337310101574,-0.2612924893454127,0.090271222400613,0.0348327568673768,1.079020273532948,1.261051764769065,02/25,3636.0,Hoskere Lake,"E (Irrigation, industrial cooling and controlled waste)",2.3,6.9,523.0,18.0,2.0,2100.0,22000.0,3.0,128.0,5.0,128.0,32.0,120.0,6.86,5.56,124.0,68.0,56.0,17.0,35.0,356.0,342.0,0.2,0.5,8.0,0.2,36.0,1.3,0.2,2025.0
Hoskere Lake,HSK,2025-03-13,12.901,77.6227,0.145949632158823,0.1810378960336945,0.1983542127520389,0.227882266183252,0.2551701327044246,0.2668416452532647,0.2680261325636244,0.289147287831321,0.2556926502164806,-0.2491261322882448,-0.286770450280491,0.1128566545356146,0.0527102721594636,1.124807681304866,1.3519588362793995,03/25,3636.0,Hoskere Lake,"E (Irrigation, industrial cooling and controlled waste)",0.3,6.5,466.0,45.0,1.6,14000.0,70000.0,3.0,128.0,5.0,128.0,36.0,264.0,30.0,23.0,116.0,64.0,52.0,6.769230769230769,49.0,314.0,130.0,0.53,0.5,9.0,0.2,45.0,2.0,1.5,2025.0
Hoskere Lake,HSK,2025-04-04,12.901,77.6227,,,,,,,,,,,,,,,,04/25,3636.0,Hoskere Lake,"E (Irrigation, industrial cooling and controlled waste)",0.3,6.6,617.0,48.0,2.4,17.0,240.0,3.0,196.0,5.0,196.0,76.0,233.0,52.0,40.0,152.0,76.0,76.0,54.0,68.0,426.0,10.0,1.5,0.5,7.0,0.31,48.0,2.4,3.7,2025.0
Hoskere Lake,HSK,2025-05-07,12.901,77.6227,,,,,,,,,,,,,,,,05/25,3636.0,Hoskere Lake,D,6.3,6.6,369.0,5.0,1.4,1100.0,7900.0,3.0,128.0,5.0,128.0,36.0,52.0,1.69,1.3,116.0,64.0,52.0,16.0,23.0,254.0,32.0,0.3,0.5,6.0,0.2,28.0,1.0,0.7,2025.0
Hoskere Lake,HSK,2025-06-06,12.901,77.6227,,,,,,,,,,,,,,,,06/25,3636.0,Hoskere Lake,D,5.1,7.1,276.0,7.0,1.1,2000.0,9400.0,3.0,96.0,5.0,96.0,20.0,68.0,1.5,0.4,88.0,52.0,36.0,14.0,15.0,188.0,10.0,0.29,0.5,6.0,0.2,25.0,0.69,0.83,2025.0
Ibbalur Lake,IBL,2023-08-21,12.9056,77.6449,,,,,,,,,,,,,,,,08/23,3609.0,IBBALUR LAKE,"D (Propagation of wild life,fisheries)",4.3,7.2,1027.0,6.0,2.2,4700.0,160000.0,8.447619047619048,192.0,5.0,192.0,128.0,75.0,3.35904761904762,0.4,196.0,108.0,88.0,9.0,107.0,700.0,23.542857142857144,0.49,0.5,8.0,0.21,41.0,1.7108571428571429,0.3404761904761905,2023.0
Ibbalur Lake,IBL,2023-10-15,12.9056,77.6449,,,,,,,,,,,,,,,,10/23,3609.0,IBBALUR LAKE,"D (Propagation of wild life,fisheries)",6.1,7.6,595.0,4.0,2.0,410.0,16000.0,3.0,100.0,5.0,100.0,100.0,40.0,9.854525862068964,0.4,124.0,68.0,56.0,12.0,75.0,402.0,81.3886462882096,0.6,0.5,10.0,0.24,54.0,3.2,2.0,2023.0
Ibbalur Lake,IBL,2024-03-08,12.9056,77.6449,0.1150905026753026,0.1405682091393212,0.1593263902132573,0.1830652985074625,0.2083676921993803,0.2194502675302729,0.2163587334553647,0.2349669811320754,0.206435021824838,-0.2156452429111375,-0.2601299982008398,0.0806020133041319,0.0582159923954774,1.1267237913179429,1.202430213246922,03/24,3609.0,Ibbalur Lake,"D (Propagation of wild life,fisheries)",4.6,7.0,619.0,8.0,2.2,630.0,3500.0,3.0,40.0,5.0,40.0,92.0,92.0,1.5,0.4,88.0,52.0,36.0,41.0,75.0,418.0,50.0,0.29,0.5,20.0,0.34,59.0,3.0,0.78,2024.0
Ibbalur Lake,IBL,2024-04-07,12.9056,77.6449,0.1186318889045339,0.1521887460560124,0.178569850261905,0.2052528970712475,0.2358293368065332,0.2519975323852433,0.2496429315685721,0.2691209236834693,0.2368630597014924,-0.252058189951967,-0.2949527535200627,0.0870044487767135,0.0768997806544406,1.1732105712300938,1.2359650765081749,04/24,3609.0,Ibbalur Lake,"D (Propagation of wild life,fisheries)",4.7,7.8,736.0,6.0,3.0,170.0,1300.0,3.0,124.0,5.0,124.0,144.0,52.0,1.5,0.4,108.0,60.0,48.0,22.0,97.0,504.0,10.0,0.2,0.5,24.0,0.2,60.0,5.5,0.5,2024.0
Ibbalur Lake,IBL,2024-05-07,12.9056,77.6449,0.121818864404393,0.1581617816727974,0.1841860531057697,0.2118015770205574,0.2475062799211489,0.2652240988453956,0.2550911081385525,0.2707039707124751,0.2294763376513656,-0.249375148915123,-0.2846997759662424,0.0921959701532166,0.0750355396476853,1.1695256610616631,1.2742204612028118,05/24,3609.0,Ibbalur Lake,"D (Propagation of wild life,fisheries)",4.3,7.4,535.0,7.0,1.9,310.0,3500.0,3.0,132.0,5.0,132.0,52.0,88.0,1.5,0.4,124.0,68.0,56.0,22.0,56.0,362.0,20.0,0.2,0.5,17.0,0.25,42.0,2.0,0.05,2024.0
Ibbalur Lake,IBL,2024-06-16,12.9056,77.6449,,,,,,,,,,,,,,,,06/24,3609.0,Ibbalur Lake,"E (Irrigation, industrial cooling and controlled waste)",2.0,7.4,932.0,38.0,3.24,210.0,3500.0,3.0,144.0,5.0,144.0,144.0,192.0,3.0,2.2,128.0,72.0,56.0,17.0,100.0,612.0,10.0,1.2,0.5,16.0,0.43,59.0,3.8,3.2,2024.0
Ibbalur Lake,IBL,2024-12-23,12.9056,77.6449,,,,,,,,,,,,,,,,12/24,3609.0,Ibbalur Lake,"D (Propagation of wild life,fisheries)",5.2,6.8,446.0,4.0,1.7,330.0,4300.0,3.0,104.0,5.0,104.0,72.0,44.0,1.5,0.4,120.0,80.0,40.0,18.0,36.0,304.0,10.0,0.2,0.5,9.0,0.2,37.0,1.43,0.05,2024.0
Ibbalur Lake,IBL,2025-01-12,12.9056,77.6449,0.1041693642635877,0.127464925086635,0.1422015244688841,0.1616632990706842,0.1769831843142776,0.1847262074063644,0.1802542945649113,0.2073319452266967,0.1786537067023371,-0.1803765697717349,-0.2518100723459742,0.0772183994684033,0.0533516021363612,1.1190912668041255,1.1971901795829456,01/25,3609.0,Ibbalur Lake,"D (Propagation of wild life,fisheries)",7.8,7.8,924.0,5.0,3.54,170.0,5400.0,3.0,268.0,5.0,268.0,132.0,58.0,1.5,0.4,244.0,128.0,116.0,31.0,113.0,630.0,10.0,1.11,0.5,33.0,0.25,46.0,3.14,2.62,2025.0
Ibbalur Lake,IBL,2025-02-06,12.9056,77.6449,0.1119376971275696,0.13250396338768,0.148628903345696,0.1660398056885385,0.1799664284708531,0.1902981624894394,0.1942956103914389,0.2126351485497041,0.1960389397352857,-0.1979652076409751,-0.2449230593907445,0.0672451897193611,0.0577836790982699,1.1288249866042332,1.1675695762875546,02/25,3609.0,Ibbalur Lake,"D (Propagation of wild life,fisheries)",5.7,7.5,823.0,5.0,3.2,120.0,2400.0,3.0,164.0,5.0,164.0,124.0,52.0,1.5,0.4,220.0,116.0,104.0,34.0,80.0,562.0,10.0,0.2,0.5,16.0,0.39,42.0,2.34,0.28,2025.0
Ibbalur Lake,IBL,2025-03-13,12.9056,77.6449,0.1172340432272598,0.1484935932345027,0.1691494823282128,0.19289929245283,0.2221979477611939,0.233307846381301,0.235353439172064,0.2433279569135454,0.2135199450858912,-0.2390967995885601,-0.2611316672809337,0.0825044832390885,0.0670284228228116,1.1539103411313276,1.219597867677284,03/25,3609.0,Ibbalur Lake,"D (Propagation of wild life,fisheries)",4.7,8.1,670.0,8.0,2.7,170.0,1300.0,3.0,80.0,5.0,80.0,104.0,84.0,1.5,0.76,100.0,56.0,44.0,7.410256410256411,57.0,454.0,68.0,0.2,0.5,27.0,0.21,48.0,2.47,0.05,2025.0
Ibbalur Lake,IBL,2025-04-04,12.9056,77.6449,,,,,,,,,,,,,,,,04/25,3609.0,Ibbalur Lake,"E (Irrigation, industrial cooling and controlled waste)",2.8,7.0,801.0,10.0,3.07,230.0,2100.0,3.0,112.0,5.0,112.0,16.0,100.0,1.5,0.4,108.0,60.0,48.0,9.0,84.0,552.0,10.0,0.2,0.5,14.0,0.24,59.0,3.51,0.48,2025.0
Ibbalur Lake,IBL,2025-05-07,12.9056,77.6449,,,,,,,,,,,,,,,,05/25,3609.0,Ibbalur Lake,D,5.0,7.4,902.0,6.0,3.6,210.0,3500.0,3.0,208.0,5.0,208.0,156.0,58.0,1.5,0.79,208.0,112.0,96.0,12.0,95.0,612.0,12.0,0.9,0.5,6.0,0.31,49.0,2.9,2.2,2025.0
Ibbalur Lake,IBL,2025-06-06,12.9056,77.6449,,,,,,,,,,,,,,,,06/25,3609.0,Ibbalur Lake,D,5.9,8.2,852.0,5.0,3.5,200.0,2200.0,3.0,140.0,5.0,140.0,160.0,60.0,1.5,0.4,148.0,80.0,68.0,15.0,97.0,574.0,16.0,0.21,0.5,14.0,0.38,56.0,3.0,0.58,2025.0
Jakkur Lake,JKR,2023-08-21,13.0648,77.6004,,,,,,,,,,,,,,,,08/23,3627.0,JAKKUR LAKE,"E (Irrigation,
industrial cooling and controlled waste)",2.8,7.2,1207.0,23.0,4.63,4900.0,54000.0,9.438095238095238,280.0,5.0,280.0,200.0,160.0,3.115238095238096,4.7,328.0,168.0,160.0,49.0,107.0,842.0,24.914285714285715,0.57,0.5,24.0,0.32,41.0,1.6582857142857144,0.3023809523809524,2023.0
Jakkur Lake,JKR,2023-10-15,13.0648,77.6004,,,,,,,,,,,,,,,,10/23,3627.0,JAKKUR LAKE,"D (Propagation of wild life,fisheries)",5.3,6.7,588.0,6.0,2.0,4800.0,92000.0,3.0,88.0,5.0,88.0,104.0,72.0,11.570905172413791,0.4,132.0,72.0,60.0,15.0,67.0,394.0,49.87772925764192,0.87,0.5,27.0,0.28,46.0,3.0,3.0,2023.0
Jakkur Lake,JKR,2024-03-08,13.0648,77.6004,0.1247216437873988,0.1572967257810935,0.1915437762353756,0.2128585850052796,0.2211926293558607,0.2313066561070045,0.2289345230552621,0.2913777613516367,0.2645368673002462,-0.1852763963652764,-0.2998251404501748,0.054164586923712,0.0984730365377272,1.2209966849308658,1.1191471993300997,03/24,3627.0,Jakkur Lake,"E (Irrigation, industrial cooling and controlled waste)",3.0,8.1,1173.0,18.0,4.0,14000.0,49000.0,3.0,352.0,5.0,352.0,212.0,164.0,3.12,2.4,272.0,140.0,132.0,11.0,142.0,809.0,96.0,1.52,0.5,36.0,0.2,49.0,4.0,3.12,2024.0
Jakkur Lake,JKR,2024-05-07,13.0648,77.6004,0.1373728229496656,0.178150210624501,0.2210544521966603,0.2424206300598379,0.2496808095740934,0.2608274199225625,0.2534727243928193,0.3324388841957058,0.2964143118620204,-0.1761738801601317,-0.3042933260007467,0.0481075307112415,0.1087032788931932,1.2493693449018566,1.1067176620053514,05/24,3627.0,Jakkur Lake,"E (Irrigation, industrial cooling and controlled waste)",0.3,6.8,1093.0,25.0,3.8,4300.0,22000.0,3.0,316.0,5.0,316.0,156.0,171.0,5.6,4.3,248.0,128.0,120.0,12.0,104.0,742.0,24.0,0.6,0.5,22.0,0.31,45.0,2.9,1.8,2024.0
Jakkur Lake,JKR,2024-06-16,13.0648,77.6004,,,,,,,,,,,,,,,,06/24,3627.0,Jakkur Lake,"D (Propagation of wild life,fisheries)",7.6,8.2,917.0,24.0,3.5,2100.0,28000.0,3.0,236.0,5.0,236.0,168.0,163.0,1.7,1.3,236.0,124.0,112.0,17.0,100.0,624.0,72.0,2.4,0.5,29.0,0.26,44.0,2.8,5.0,2024.0
Jakkur Lake,JKR,2024-12-23,13.0648,77.6004,,,,,,,,,,,,,,,,12/24,3627.0,Jakkur Lake,"D (Propagation of wild life,fisheries)",6.1,7.9,428.0,6.0,1.9,110.0,2400.0,3.0,108.0,5.0,108.0,44.0,43.0,1.5,0.4,92.0,52.0,40.0,7.0,35.0,290.0,22.0,0.2,0.5,8.0,0.2,44.0,1.6,0.1,2024.0
Jakkur Lake,JKR,2025-01-12,13.0648,77.6004,0.1138335902851108,0.1349030795249142,0.1608339387465848,0.1870452129531854,0.2027909644491376,0.216256071805702,0.2120690601900737,0.2638684054910241,0.2323783702921504,-0.2161220504976879,-0.3243115079668258,0.0774793243024437,0.0869120964332865,1.1953865515541695,1.183852407490648,01/25,3627.0,Jakkur Lake,"E (Irrigation, industrial cooling and controlled waste)",3.0,7.1,1261.0,35.0,4.8,1700.0,7000.0,3.0,288.0,5.0,288.0,184.0,139.0,3.8,3.0,252.0,140.0,112.0,18.0,111.0,858.0,96.0,0.4,0.5,26.0,0.2,46.0,3.0,1.0,2025.0
Jakkur Lake,JKR,2025-02-06,13.0648,77.6004,0.1205031362196408,0.1453380675663182,0.172200833739623,0.1865647624076028,0.1943690073917635,0.2064016121084123,0.2122981766983455,0.2554414009151707,0.242893467089053,-0.1902017988797284,-0.2787397366619409,0.0444121221504787,0.0865095763544556,1.1936911551351257,1.1045683982269352,02/25,3627.0,Jakkur Lake,"E (Irrigation, industrial cooling and controlled waste)",1.0,7.6,1319.0,17.0,5.06,1400.0,17000.0,3.0,324.0,5.0,324.0,200.0,159.0,25.6,16.0,360.0,186.0,174.0,22.0,93.0,890.0,132.0,0.2,0.5,35.0,0.22,33.0,2.12,0.37,2025.0
Jakkur Lake,JKR,2025-03-13,13.0648,77.6004,0.1363761175642379,0.1713334317582985,0.2062948824501465,0.2243561457233369,0.2327673319253783,0.240570281590989,0.2452805385427665,0.2974152903907074,0.2687275501583947,-0.1788716022615062,-0.2719219606627228,0.0446984282754041,0.0932810915149938,1.2124270253981515,1.1018209305841418,03/25,3627.0,Jakkur Lake,"E (Irrigation, industrial cooling and controlled waste)",2.1,7.8,922.0,14.0,3.5,1300.0,12000.0,3.0,340.0,5.0,340.0,208.0,132.0,1.8,1.4,248.0,128.0,120.0,6.974358974358975,91.0,626.0,20.0,0.22,0.5,11.0,0.29,43.0,2.5,2.97,2025.0
Jakkur Lake,JKR,2025-04-04,13.0648,77.6004,,,,,,,,,,,,,,,,04/25,3627.0,Jakkur Lake,"E (Irrigation, industrial cooling and controlled waste)",2.2,7.2,976.0,26.0,3.7,1400.0,13000.0,3.0,140.0,5.0,140.0,176.0,174.0,1.5,0.84,148.0,80.0,68.0,23.0,96.0,664.0,10.0,0.4,0.5,32.0,0.3,52.0,3.4,0.8,2025.0
Jakkur Lake,JKR,2025-05-07,13.0648,77.6004,,,,,,,,,,,,,,,,05/25,3627.0,Jakkur Lake,E,2.8,7.3,927.0,18.0,3.6,1500.0,11000.0,3.0,240.0,5.0,240.0,148.0,127.0,8.5,6.5,204.0,108.0,96.0,16.0,102.0,630.0,120.0,1.3,0.5,24.0,0.42,49.0,3.1,3.8,2025.0
Jakkur Lake,JKR,2025-06-06,13.0648,77.6004,,,,,,,,,,,,,,,,06/25,3627.0,Jakkur Lake,E,2.4,7.0,858.0,22.0,3.3,330.0,3500.0,3.0,196.0,5.0,196.0,144.0,160.0,11.0,8.5,216.0,108.0,108.0,12.0,97.0,588.0,56.0,1.6,0.5,14.0,0.34,47.0,2.9,3.9,2025.0
Jigani Tank,JGN,2023-08-21,12.8023,77.5979,,,,,,,,,,,,,,,,08/23,3642.0,JIGANI TANK,"D (Propagation of wild life,fisheries)",4.0,7.7,896.0,9.0,4.0,330.0,9200.0,8.695238095238096,252.0,5.0,252.0,148.0,84.0,3.298095238095238,0.97,212.0,112.0,100.0,37.0,123.0,612.0,23.88571428571429,0.2,0.5,37.0,0.57,41.0,1.6977142857142855,0.330952380952381,2023.0
Jigani Tank,JGN,2023-10-15,12.8023,77.5979,,,,,,,,,,,,,,,,10/23,3642.0,JIGANI TANK,"D (Propagation of wild life,fisheries)",6.1,7.2,981.0,6.0,4.0,460.0,9200.0,3.0,208.0,5.0,208.0,176.0,56.0,11.219827586206897,0.4,224.0,116.0,108.0,10.0,90.0,668.0,56.32314410480349,0.23,0.5,8.0,0.21,25.0,3.0,0.56,2023.0
Jigani Tank,JGN,2024-03-08,12.8023,77.5979,0.1479732223317375,0.1689676539164631,0.1904453243501642,0.2134903161081386,0.2270380139397351,0.2538858772176851,0.251148151929034,0.3454625528020276,0.3134203534215715,-0.2109102253160039,-0.357287732444919,0.0639774996142686,0.0660804271329193,1.146680118151331,1.150988798736252,03/24,3642.0,Jigani Tank,"D (Propagation of wild life,fisheries)",6.2,7.8,1147.0,4.0,4.4,580.0,3500.0,3.0,268.0,5.0,268.0,188.0,44.0,1.5,0.4,312.0,160.0,152.0,47.0,105.0,790.0,10.0,0.25,0.5,23.0,0.38,40.0,2.6,0.71,2024.0
Jigani Tank,JGN,2024-04-07,12.8023,77.5979,0.1695294600112644,0.1964728812548358,0.2246797035181523,0.2488299704308645,0.2613769431146156,0.2893910694170657,0.2858586560123908,0.3779710961700926,0.3453616375668824,-0.2070952373176984,-0.33625789954528,0.0598197527943334,0.077607037796948,1.1781069921071934,1.14536806623867,04/24,3642.0,Jigani Tank,"D (Propagation of wild life,fisheries)",4.6,7.9,1285.0,10.0,4.2,260.0,1700.0,3.0,360.0,5.0,360.0,200.0,103.0,1.5,0.99,348.0,180.0,168.0,20.0,125.0,876.0,16.0,0.2,0.5,16.0,0.87,42.0,2.9,0.47,2024.0
Jigani Tank,JGN,2024-05-07,12.8023,77.5979,0.4289107594936708,0.4312768929131045,0.4133154981639943,0.4420184335443037,0.4125526898734177,0.4207920094936708,0.3531299050632911,0.4026243670886075,0.3967647151898734,0.0907067482069822,0.0276738898864813,0.0416516796928339,-0.0183040206474896,0.966583620249231,1.117137513876108,05/24,3642.0,Jigani Tank,"D (Propagation of wild life,fisheries)",5.8,7.1,1479.0,4.0,5.68,320.0,3500.0,3.0,344.0,5.0,344.0,248.0,41.0,1.5,0.4,400.0,204.0,196.0,60.0,127.0,982.0,10.0,0.26,0.5,29.0,0.36,38.0,2.76,0.76,2024.0
Jigani Tank,JGN,2024-06-16,12.8023,77.5979,,,,,,,,,,,,,,,,06/24,3642.0,Jigani Tank,"D (Propagation of wild life,fisheries)",6.3,7.1,1292.0,12.0,4.4,260.0,5400.0,3.0,364.0,5.0,364.0,200.0,120.0,1.5,0.99,348.0,180.0,168.0,20.0,125.0,874.0,12.0,0.2,0.5,16.0,0.34,42.0,2.9,0.05,2024.0
Jigani Tank,JGN,2024-12-23,12.8023,77.5979,,,,,,,,,,,,,,,,12/24,3642.0,Jigani Tank,"D (Propagation of wild life,fisheries)",6.4,7.3,781.0,7.0,3.5,170.0,630.0,3.0,176.0,5.0,176.0,112.0,66.0,1.5,0.4,136.0,68.0,68.0,10.0,90.0,538.0,12.0,0.2,0.5,17.0,0.2,56.0,3.3,0.17,2024.0
Jigani Tank,JGN,2025-01-12,12.8023,77.5979,0.1734812165587159,0.1899350926333,0.2113894743619838,0.2359227435933539,0.251252397212053,0.2799651225007042,0.2711440932131792,0.3644673437059982,0.3175230850464656,-0.183351350892286,-0.3237805526265542,0.0609340755053415,0.0513725311581015,1.121169954129674,1.151949365179044,01/25,3642.0,Jigani Tank,"D (Propagation of wild life,fisheries)",5.7,6.8,983.0,5.0,3.8,38.0,1600.0,3.0,224.0,5.0,224.0,164.0,52.0,1.5,0.4,264.0,136.0,128.0,40.0,97.0,668.0,10.0,0.25,0.5,20.0,0.2,42.0,2.6,0.25,2025.0
Jigani Tank,JGN,2025-02-06,12.8023,77.5979,0.1666547486623487,0.1846850738682061,0.208924654533421,0.2280358349760629,0.2428572268375106,0.2736103351168685,0.2769160201351733,0.3593560475922276,0.3351914812728813,-0.2078054205643843,-0.3294023116753797,0.0487877266087834,0.0618623945234918,1.1485507963771275,1.1188893673081288,02/25,3642.0,Jigani Tank,"D (Propagation of wild life,fisheries)",6.2,6.9,1040.0,5.0,4.0,490.0,3500.0,3.0,240.0,5.0,240.0,172.0,52.0,1.5,0.48,280.0,144.0,136.0,43.0,102.0,704.0,10.0,0.2,0.5,21.0,0.2,42.0,2.65,0.31,2025.0
Jigani Tank,JGN,2025-03-13,12.8023,77.5979,0.1787614333990425,0.203791150391276,0.2342594480121015,0.2556468318783443,0.2690233138552522,0.2950686954379046,0.2964147916079978,0.3853097155730779,0.3477953956631934,-0.1944515212725195,-0.3181679272260992,0.0491357093985671,0.0706015930657313,1.1663104788161822,1.118738803528566,03/25,3642.0,Jigani Tank,"D (Propagation of wild life,fisheries)",4.5,7.4,785.0,8.0,2.7,230.0,1400.0,3.0,228.0,5.0,228.0,168.0,80.0,1.5,0.52,204.0,108.0,96.0,6.6410256410256405,77.0,524.0,12.0,0.2,0.5,22.0,0.3,42.0,2.0,0.05,2025.0
Jigani Tank,JGN,2025-04-04,12.8023,77.5979,,,,,,,,,,,,,,,,04/25,3642.0,Jigani Tank,"D (Propagation of wild life,fisheries)",5.9,7.2,992.0,5.0,3.5,330.0,1700.0,3.0,236.0,5.0,236.0,184.0,64.0,1.5,0.4,148.0,80.0,68.0,9.0,110.0,662.0,10.0,0.2,0.5,21.0,0.25,57.0,4.0,0.21,2025.0
Jigani Tank,JGN,2025-05-07,12.8023,77.5979,,,,,,,,,,,,,,,,05/25,3642.0,Jigani Tank,D,6.0,7.6,1004.0,4.0,3.5,210.0,3500.0,3.0,252.0,5.0,252.0,196.0,40.0,1.5,0.4,180.0,96.0,84.0,5.0,111.0,668.0,10.0,0.2,0.5,29.0,0.33,53.0,4.0,0.21,2025.0
Jigani Tank,JGN,2025-06-06,12.8023,77.5979,,,,,,,,,,,,,,,,06/25,3642.0,Jigani Tank,D,5.5,7.5,949.0,8.0,3.6,310.0,4300.0,3.0,240.0,5.0,240.0,196.0,74.0,1.5,0.41,248.0,124.0,124.0,5.0,103.0,642.0,10.0,0.2,0.5,4.0,0.38,47.0,2.9,0.05,2025.0
Kaikondanahalli Lake,KKH,2023-08-21,12.929,77.6958,,,,,,,,,,,,,,,,08/23,3611.0,KAIKONDANAHALLI LAKE,"D (Propagation of wild life,fisheries)",4.4,8.5,762.0,9.0,3.3,4600.0,35000.0,4.238095238095238,136.0,16.0,152.0,148.0,88.0,4.395238095238096,0.8,204.0,108.0,96.0,34.0,101.0,522.0,17.714285714285715,2.4,0.5,26.0,0.3,41.0,1.9342857142857144,0.5023809523809524,2023.0
Kaikondanahalli Lake,KKH,2023-10-15,12.929,77.6958,,,,,,,,,,,,,,,,10/23,3611.0,KAIKONDANAHALLI LAKE,"E (Irrigation, industrial cooling and controlled waste)",3.3,8.0,840.0,12.0,3.0,9400.0,160000.0,3.0,152.0,5.0,152.0,140.0,108.0,10.283620689655171,2.1,184.0,96.0,88.0,29.0,71.0,570.0,73.51091703056768,0.72,0.5,6.0,0.2,44.0,2.3,2.23,2023.0
Kaikondanahalli Lake,KKH,2024-03-08,12.929,77.6958,0.1114420285774617,0.14221362767388,0.1558456393376337,0.181513035827409,0.2162931195889351,0.232960142887309,0.238012265080594,0.256694126135004,0.2078465193214612,-0.2966618719377345,-0.3231932732645126,0.1154641700895874,0.0321102293410889,1.0725185629648213,1.307288588899506,03/24,3611.0,Kaikondanahalli Lake,"E (Irrigation, industrial cooling and controlled waste)",1.3,7.9,2015.0,17.0,7.0,2300.0,7900.0,3.0,564.0,5.0,564.0,332.0,132.0,2.86,2.2,340.0,176.0,164.0,108.0,252.0,1370.0,158.0,1.64,0.5,40.0,0.36,58.0,6.0,3.49,2024.0
Kaikondanahalli Lake,KKH,2024-04-07,12.929,77.6958,0.1077316815654255,0.1491082280183577,0.1719837860349349,0.2039209227845427,0.2412935102414301,0.2588843105511366,0.2644273667910186,0.293765696487647,0.240554332371366,-0.346105897006385,-0.3882862476419433,0.1428095740354486,0.0678324915049261,1.1539850401298255,1.4283404052642985,04/24,3611.0,Kaikondanahalli Lake,"E (Irrigation, industrial cooling and controlled waste)",2.6,7.9,1851.0,23.0,8.5,340.0,2800.0,3.0,484.0,5.0,484.0,356.0,152.0,26.0,20.0,320.0,172.0,148.0,38.0,244.0,1260.0,28.0,1.3,0.5,39.0,0.2,59.0,8.0,4.6,2024.0
Kaikondanahalli Lake,KKH,2024-05-07,12.929,77.6958,0.2910907752866678,0.3189646752473734,0.3101172688153026,0.304598528153346,0.3161673455416739,0.3255831251069657,0.3312965771008044,0.3337850248160193,0.313546876604484,-0.0572153210814119,-0.069467294812028,0.0212007318403123,-0.0055976411489877,0.9939824868277484,1.1160625415095886,05/24,3611.0,Kaikondanahalli Lake,"D (Propagation of wild life,fisheries)",4.1,7.4,2106.0,12.0,7.3,17.0,350.0,3.0,524.0,5.0,524.0,336.0,124.0,1.5,0.9,512.0,264.0,248.0,32.0,203.0,1430.0,18.0,1.4,0.5,26.0,0.8,45.0,3.9,3.8,2024.0
Kaikondanahalli Lake,KKH,2024-06-16,12.929,77.6958,,,,,,,,,,,,,,,,06/24,3611.0,Kaikondanahalli Lake,"E (Irrigation, industrial cooling and controlled waste)",1.9,7.5,1783.0,44.0,6.21,140.0,2400.0,3.0,380.0,5.0,380.0,256.0,216.0,28.0,21.0,352.0,184.0,168.0,32.0,167.0,1174.0,10.0,0.24,0.5,32.0,0.44,42.0,4.0,0.65,2024.0
Kaikondanahalli Lake,KKH,2024-12-23,12.929,77.6958,,,,,,,,,,,,,,,,12/24,3611.0,Kaikondanahalli Lake,"E (Irrigation, industrial cooling and controlled waste)",3.0,8.4,583.0,25.0,2.2,1700.0,7900.0,24.0,148.0,12.0,160.0,96.0,164.0,4.6,4.1,140.0,72.0,68.0,24.0,47.0,400.0,48.0,0.29,0.5,12.0,0.33,39.0,2.0,0.81,2024.0
Kaikondanahalli Lake,KKH,2025-03-13,12.929,77.6958,0.1277200394171886,0.1636842936864751,0.1780677065805219,0.2062110368128387,0.2450366861406347,0.2589572112338988,0.2699822411487295,0.2885568311395793,0.2364324276764971,-0.3388019389978918,-0.3690396188950284,0.1561084855321469,0.0448711067827548,1.1054866417174267,1.5431970426907111,03/25,3611.0,Kaikondanahalli Lake,"E (Irrigation, industrial cooling and controlled waste)",3.4,8.2,1322.0,10.0,5.07,1700.0,13000.0,3.0,324.0,5.0,324.0,232.0,101.0,1.6,1.2,492.0,88.0,404.0,7.35897435897436,98.0,898.0,102.0,0.76,0.5,39.0,0.28,28.0,1.0,0.78,2025.0
Kaikondanahalli Lake,KKH,2025-04-04,12.929,77.6958,,,,,,,,,,,,,,,,04/25,3611.0,Kaikondanahalli Lake,"D (Propagation of wild life,fisheries)",5.8,8.2,1200.0,7.0,3.23,1100.0,7900.0,3.0,324.0,5.0,324.0,232.0,72.0,1.5,0.58,476.0,264.0,212.0,53.0,98.0,828.0,10.0,0.76,0.5,39.0,0.28,28.0,2.0,1.5,2025.0
Kaikondanahalli Lake,KKH,2025-05-07,12.929,77.6958,,,,,,,,,,,,,,,,05/25,3611.0,Kaikondanahalli Lake,D,6.0,7.1,883.0,6.0,3.5,310.0,1700.0,3.0,204.0,5.0,204.0,148.0,60.0,1.5,0.4,140.0,72.0,68.0,9.0,122.0,600.0,22.0,0.2,0.5,12.0,0.4,63.0,4.6,0.6,2025.0
Kaikondanahalli Lake,KKH,2025-06-06,12.929,77.6958,,,,,,,,,,,,,,,,06/25,3611.0,Kaikondanahalli Lake,E,3.0,7.8,1027.0,18.0,3.9,210.0,1500.0,3.0,176.0,5.0,176.0,176.0,152.0,1.5,0.4,184.0,96.0,88.0,36.0,99.0,696.0,18.0,1.1,0.5,2.0,0.23,53.0,3.3,2.6,2025.0
Kalena Agrahara Lake,KLA,2023-08-21,12.9128,77.6271,,,,,,,,,,,,,,,,08/23,3616.0,KALENA AGRAHARA LAKE,"D (Propagation of wild life,fisheries)",5.8,7.7,338.0,5.0,1.0,2300.0,24000.0,5.104761904761904,96.0,5.0,96.0,44.0,60.0,4.181904761904762,0.4,128.0,72.0,56.0,12.0,24.0,230.0,18.914285714285715,0.3,0.5,10.0,0.22,41.0,1.8882857142857143,0.4690476190476191,2023.0
Kalena Agrahara Lake,KLA,2023-10-15,12.9128,77.6271,,,,,,,,,,,,,,,,10/23,3616.0,KALENA AGRAHARA LAKE,"D (Propagation of wild life,fisheries)",4.9,7.4,492.0,7.0,2.0,580.0,16000.0,3.0,116.0,5.0,116.0,68.0,60.0,10.517672413793104,0.4,104.0,56.0,12.0,13.666666666666668,38.0,334.0,69.21397379912663,0.2,0.5,3.0,0.29,43.0,2.0,0.05,2023.0
Kalena Agrahara Lake,KLA,2024-03-08,12.9128,77.6271,0.1253557319348139,0.1516852839377688,0.1750288735783418,0.1948472845024814,0.2070077434796381,0.2196786385554889,0.2189913273028052,0.2655017880398439,0.2425517264439829,-0.183875759401632,-0.2768065580034065,0.0598727652275963,0.069263563570943,1.151126478452335,1.1428917161943926,03/24,3616.0,Kalena Agrahara Lake,"D (Propagation of wild life,fisheries)",4.3,8.0,580.0,5.0,1.3,3300.0,4800.0,3.0,140.0,18.5,140.0,124.0,48.0,1.5,0.8,188.0,100.0,88.0,16.0,60.0,396.0,32.0,0.2,0.5,8.0,0.2,40.0,2.0,0.05,2024.0
Kalena Agrahara Lake,KLA,2024-04-07,12.9128,77.6271,0.132681584597515,0.1671235086138355,0.2001458522388534,0.222527985639365,0.2336940480799688,0.2498838302066101,0.2489991798951111,0.3037425996973,0.2772491007004327,-0.204423060454569,-0.2991175692496557,0.0625608630400951,0.0908974588495964,1.2030486814911003,1.1542209511481072,04/24,3616.0,Kalena Agrahara Lake,"D (Propagation of wild life,fisheries)",4.6,7.3,373.0,8.0,0.8,1400.0,7000.0,3.0,148.0,5.0,148.0,48.0,89.0,1.5,0.4,116.0,68.0,48.0,8.0,42.0,260.0,10.0,0.2,0.5,5.0,0.3,42.0,2.0,0.05,2024.0
Kalena Agrahara Lake,KLA,2024-05-07,12.9128,77.6271,0.139801858435113,0.1637235473558075,0.1851319944894006,0.2064974833691175,0.2165727535109641,0.2391000105592906,0.234370120727887,0.2776815705184612,0.243787670268558,-0.1932208461177832,-0.2751724266929768,0.0669170551151114,0.0680376203375948,1.1536901425931771,1.1779416907506013,05/24,3616.0,Kalena Agrahara Lake,"D (Propagation of wild life,fisheries)",5.6,7.4,494.0,5.0,1.7,2100.0,13000.0,3.0,124.0,5.0,124.0,40.0,64.0,1.5,0.4,116.0,64.0,52.0,14.0,50.0,332.0,18.0,0.31,0.5,16.0,0.24,44.0,2.0,0.9,2024.0
Kalena Agrahara Lake,KLA,2024-06-16,12.9128,77.6271,,,,,,,,,,,,,,,,06/24,3616.0,Kalena Agrahara Lake,"D (Propagation of wild life,fisheries)",5.4,7.8,722.0,7.0,2.6,170.0,3500.0,3.0,140.0,5.0,140.0,112.0,65.0,1.5,0.82,100.0,56.0,44.0,17.0,81.0,492.0,26.0,0.2,0.5,20.0,0.27,58.0,3.5,0.05,2024.0
Kalena Agrahara Lake,KLA,2024-12-23,12.9128,77.6271,,,,,,,,,,,,,,,,12/24,3616.0,Kalena Agrahara Lake,"D (Propagation of wild life,fisheries)",6.5,7.7,525.0,4.0,3.5,310.0,2100.0,3.0,132.0,5.0,132.0,128.0,41.0,1.5,0.4,136.0,76.0,60.0,5.0,58.0,356.0,10.0,0.2,0.5,6.0,0.2,45.0,2.1,0.05,2024.0
Kalena Agrahara Lake,KLA,2025-03-13,12.9128,77.6271,0.1294713139277039,0.1591508571082244,0.1840880644915788,0.2032035936785047,0.2164038858188729,0.2294101298792721,0.2353073422266021,0.2710279222836226,0.2489135722079473,-0.1999930519542889,-0.2683775230869568,0.0587555943416206,0.0719074449499466,1.1625923530477265,1.1515812480141172,03/25,3616.0,Kalena Agrahara Lake,"D (Propagation of wild life,fisheries)",5.3,7.3,727.0,13.0,2.5,480.0,2800.0,3.0,236.0,5.0,236.0,128.0,122.0,1.5,0.73,232.0,116.0,116.0,7.230769230769231,89.0,502.0,10.0,1.12,0.5,10.0,0.26,44.0,2.5,2.65,2025.0
Kalena Agrahara Lake,KLA,2025-04-04,12.9128,77.6271,,,,,,,,,,,,,,,,04/25,3616.0,Kalena Agrahara Lake,"D (Propagation of wild life,fisheries)",4.6,6.7,652.0,8.0,2.63,400.0,2200.0,3.0,144.0,5.0,144.0,100.0,84.0,1.5,0.75,104.0,56.0,48.0,13.0,54.0,446.0,10.0,0.2,0.5,4.0,0.31,52.0,2.31,0.51,2025.0
Kalena Agrahara Lake,KLA,2025-05-07,12.9128,77.6271,,,,,,,,,,,,,,,,05/25,3616.0,Kalena Agrahara Lake,D,4.2,8.0,699.0,10.0,2.7,14.0,920.0,3.0,152.0,5.0,152.0,112.0,97.0,1.5,0.4,84.0,48.0,36.0,12.0,95.0,476.0,56.0,0.2,0.5,19.0,0.5,65.0,4.5,0.31,2025.0
Kalena Agrahara Lake,KLA,2025-06-06,12.9128,77.6271,,,,,,,,,,,,,,,,06/25,3616.0,Kalena Agrahara Lake,D,5.3,8.0,425.0,4.0,1.63,260.0,2800.0,3.0,120.0,5.0,120.0,48.0,44.0,1.5,0.4,88.0,50.0,38.0,31.0,52.0,288.0,22.0,0.2,0.5,2.0,0.39,55.0,2.41,0.05,2025.0
Kalkere Tank,KLK,2023-08-21,13.0225,77.7027,,,,,,,,,,,,,,,,08/23,3607.0,KALKERE TANK,"D (Propagation of wild life,fisheries)",4.1,7.3,590.0,12.0,1.7,41000.0,350000.0,15.00952380952381,168.0,5.0,168.0,88.0,116.0,1.743809523809524,0.94,156.0,84.0,72.0,9.0,58.0,404.0,32.62857142857143,0.25,0.5,7.0,0.27,41.0,1.3625714285714283,0.0880952380952381,2023.0
Kalkere Tank,KLK,2023-10-15,13.0225,77.7027,,,,,,,,,,,,,,,,10/23,3607.0,KALKERE TANK,"E (Irrigation, industrial cooling and controlled waste)",2.8,6.7,866.0,15.0,3.32,4600.0,35000.0,3.0,200.0,5.0,200.0,144.0,139.0,9.386422413793102,2.6,232.0,120.0,112.0,35.0,79.0,604.0,89.9825327510917,0.42,0.5,17.0,0.2,40.0,2.2,0.96,2023.0
Kalkere Tank,KLK,2024-03-08,13.0225,77.7027,0.1169074868004224,0.1616900735754692,0.2036166381797649,0.2395071524111229,0.2724425167194651,0.2862626891939456,0.2857313269975362,0.3371648926434356,0.2750126751143965,-0.2799827176273515,-0.354057411085393,0.0913298673662918,0.1117310250978978,1.2587213568773352,1.2305381972064036,03/24,3607.0,Kalkere Tank,"E (Irrigation, industrial cooling and controlled waste)",0.3,7.7,1253.0,148.0,4.0,2300.0,9400.0,3.0,500.0,5.0,500.0,200.0,992.0,23.92,18.4,280.0,150.0,130.0,9.0,118.0,864.0,256.0,0.59,0.5,26.0,0.2,45.0,3.0,2.08,2024.0
Kalkere Tank,KLK,2024-04-07,13.0225,77.7027,0.1203256212601197,0.1750606556573475,0.2270837734082621,0.2686866596268918,0.3023557479760649,0.3180408236536431,0.3168125096796904,0.3756918409010911,0.3046774762407602,-0.2923686793526502,-0.3690294577575261,0.0939447039867305,0.1286379132970259,1.3030246249931092,1.2375311521185255,04/24,3607.0,Kalkere Tank,"E (Irrigation, industrial cooling and controlled waste)",0.9,7.8,1477.0,21.0,4.8,6800.0,49000.0,3.0,416.0,5.0,416.0,232.0,175.0,13.4,10.3,400.0,208.0,192.0,23.0,143.0,1006.0,1040.0,2.7,0.5,18.0,0.93,42.0,3.1,0.98,2024.0
Kalkere Tank,KLK,2024-05-07,13.0225,77.7027,0.0938226082365364,0.149145639103479,0.1853552519650956,0.227034635691658,0.2712273213657163,0.2866872263287575,0.2813486730024641,0.2977907250967972,0.2234952868708201,-0.3224780224465735,-0.3529238485593908,0.1190391950400358,0.1152294109255619,1.280798454302404,1.3203406481438325,05/24,3607.0,Kalkere Tank,"E (Irrigation, industrial cooling and controlled waste)",1.6,8.2,1580.0,42.0,5.5,1100.0,7900.0,3.0,188.0,5.0,188.0,292.0,236.0,3.6,2.6,176.0,96.0,80.0,31.0,173.0,1040.0,130.0,1.1,0.5,43.0,0.2,62.0,6.0,2.8,2024.0
Kalkere Tank,KLK,2024-12-23,13.0225,77.7027,,,,,,,,,,,,,,,,12/24,3607.0,Kalkere Tank,"E (Irrigation, industrial cooling and controlled waste)",3.2,7.5,1297.0,11.0,4.9,170.0,3500.0,3.0,288.0,5.0,288.0,184.0,101.0,11.9,9.2,256.0,136.0,120.0,25.0,169.0,880.0,44.0,1.6,0.5,26.0,0.2,59.0,4.6,3.7,2024.0
Kalkere Tank,KLK,2025-01-12,13.0225,77.7027,0.0961431221400915,0.1327092429042775,0.150667733626964,0.1895774797606475,0.2400280499824006,0.2561283667722636,0.2546152833509327,0.2881723442449843,0.2204421260119677,-0.323772848487755,-0.3803292510384766,0.1276617833806123,0.0658637779042696,1.1494109753168031,1.340262430247881,01/25,3607.0,Kalkere Tank,"E (Irrigation, industrial cooling and controlled waste)",3.1,8.2,1476.0,20.0,5.1,1400.0,9400.0,3.0,324.0,5.0,324.0,240.0,136.0,20.0,16.0,344.0,180.0,164.0,51.0,174.0,968.0,44.0,0.78,0.5,33.0,0.2,49.0,4.0,2.2,2025.0
Kalkere Tank,KLK,2025-02-06,13.0225,77.7027,0.1102142449841605,0.1442170188687178,0.1696144248076001,0.1997925730376629,0.237456737064414,0.256523048222457,0.2651497993664202,0.3032749243224218,0.2524526504751846,-0.3034511602776585,-0.362900560333271,0.0936797474226956,0.0833539449785994,1.188374407638936,1.2408183377454645,02/25,3607.0,Kalkere Tank,"E (Irrigation, industrial cooling and controlled waste)",0.3,8.4,1481.0,35.0,5.7,170.0,22000.0,32.0,332.0,16.0,348.0,292.0,285.0,23.4,18.0,356.0,180.0,176.0,40.0,182.0,1022.0,48.0,1.7,0.5,34.0,0.2,50.0,4.2,4.0,2025.0
Kalkere Tank,KLK,2025-03-13,13.0225,77.7027,0.1137033861316438,0.16204907470309,0.2053409222797981,0.2416326363956353,0.2742127736712427,0.2856310313269977,0.2893932277367126,0.3516562618796198,0.2859994825765575,-0.2920603295032858,-0.3768423560931199,0.0944177726308432,0.1187933541188851,1.2819456535080385,1.2487987967291247,03/25,3607.0,Kalkere Tank,"E (Irrigation, industrial cooling and controlled waste)",3.3,8.5,1118.0,16.0,3.9,1100.0,6300.0,72.0,216.0,36.0,288.0,284.0,112.0,1.8,1.3,236.0,124.0,112.0,7.461538461538462,99.0,754.0,32.0,0.2,0.5,35.0,0.2,38.0,3.0,0.46,2025.0
Kalkere Tank,KLK,2025-05-07,13.0225,77.7027,,,,,,,,,,,,,,,,05/25,3607.0,Kalkere Tank,D,4.8,7.8,980.0,6.0,3.8,1300.0,4600.0,3.0,268.0,5.0,268.0,252.0,64.0,1.5,0.4,220.0,112.0,108.0,8.0,96.0,666.0,18.0,0.2,0.5,10.0,0.3,47.0,2.8,0.32,2025.0
Kalkere Tank,KLK,2025-06-06,13.0225,77.7027,,,,,,,,,,,,,,,,06/25,3607.0,Kalkere Tank,E,2.4,7.4,1594.0,22.0,6.1,260.0,17000.0,3.0,348.0,5.0,348.0,216.0,136.0,2.5,1.9,268.0,140.0,56.0,37.0,116.0,1084.0,46.0,2.4,0.5,3.0,0.2,48.0,3.1,5.6,2025.0
Kammagondanahalli Lake,KMG,2023-08-21,12.9649,77.546,,,,,,,,,,,,,,,,08/23,4540.0,KAMMAGONDANAHALLI LAKE,"E (Irrigation, industrial cooling and controlled waste)",0.8,7.0,874.0,18.0,4.2,2200000.0,24000000.0,13.771428571428572,316.0,5.0,316.0,56.0,116.0,2.048571428571429,2.5,340.0,176.0,164.0,26.0,127.0,602.0,30.914285714285715,0.23,0.5,29.0,0.2,41.0,1.4282857142857144,0.1357142857142857,2023.0
Kammagondanahalli Lake,KMG,2023-10-15,12.9649,77.546,,,,,,,,,,,,,,,,10/23,4540.0,KAMMAGONDANAHALLI LAKE,"E (Irrigation, industrial cooling and controlled waste)",2.5,7.8,550.0,18.0,1.8,40000.0,540000.0,3.0,180.0,5.0,180.0,72.0,120.0,9.035344827586208,2.2,168.0,88.0,35.0,17.0,55.0,378.0,96.42794759825328,0.5,0.5,32.0,0.2,40.0,1.85,1.4,2023.0
Kammagondanahalli Lake,KMG,2024-03-08,12.9649,77.546,0.1034885403464301,0.1283949939069784,0.1431337028333686,0.1760466377974932,0.2239671349105759,0.2425027355302069,0.2414388924095198,0.2302010667511616,0.1918020102802424,-0.3035420943974768,-0.293388742627464,0.1206355161050028,0.0448551438864818,1.1024577012870604,1.321481262830215,03/24,4540.0,Kammagondanahalli Lake,"E (Irrigation, industrial cooling and controlled waste)",0.7,7.8,1360.0,18.0,6.6,1700.0,4800.0,3.0,652.0,5.0,652.0,216.0,120.0,2.9,2.2,428.0,220.0,208.0,23.0,191.0,944.0,24.0,6.0,0.5,35.0,0.22,34.0,4.0,14.7,2024.0
Kammagondanahalli Lake,KMG,2024-04-07,12.9649,77.546,0.103607178566399,0.1361074219539776,0.1561258594155178,0.1925793374172651,0.2587824461343474,0.2834205182368678,0.2831168497394734,0.2664016265314745,0.2222919835234474,-0.3547065425014014,-0.3413914880262486,0.132665322306625,0.0575637276414517,1.129971513618338,1.3914938968018704,04/24,4540.0,Kammagondanahalli Lake,"E (Irrigation, industrial cooling and controlled waste)",1.5,7.0,1667.0,24.0,6.5,1500.0,4100.0,3.0,656.0,5.0,656.0,196.0,160.0,3.9,3.0,396.0,204.0,192.0,32.0,194.0,1136.0,28.0,4.7,0.5,28.0,0.22,49.0,4.3,10.0,2024.0
Kammagondanahalli Lake,KMG,2024-05-07,12.9649,77.546,0.1016967610195746,0.1400183458755351,0.1630358081923475,0.204147264469793,0.2784948633995211,0.3088535311927896,0.2984865899169131,0.2698003379805661,0.2170359562033516,-0.3709146846783498,-0.3462264525065515,0.1543178358497366,0.0656280056187888,1.1549531190529778,1.5955906568485576,05/24,4540.0,Kammagondanahalli Lake,"E (Irrigation, industrial cooling and controlled waste)",3.1,6.6,744.0,24.0,2.9,2100.0,14000.0,3.0,172.0,5.0,172.0,124.0,171.0,7.8,6.2,200.0,104.0,96.0,30.0,68.0,492.0,16.0,0.28,0.5,15.0,0.25,40.0,2.09,0.76,2024.0
Kammagondanahalli Lake,KMG,2024-06-16,12.9649,77.546,,,,,,,,,,,,,,,,06/24,4540.0,Kammagondanahalli Lake,"D (Propagation of wild life,fisheries)",4.8,7.5,689.0,8.2,2.5,320.0,3500.0,3.0,192.0,5.0,192.0,765.0,77.0,1.5,0.98,192.0,100.0,92.0,40.0,73.0,470.0,10.0,2.0,0.5,18.0,0.2,43.0,2.3,4.3,2024.0
Kammagondanahalli Lake,KMG,2024-12-23,12.9649,77.546,,,,,,,,,,,,,,,,12/24,4540.0,Kammagondanahalli Lake,"D (Propagation of wild life,fisheries)",6.8,6.7,376.0,7.0,2.0,780.0,2300.0,3.0,112.0,5.0,112.0,32.0,62.0,1.5,0.4,92.0,48.0,44.0,5.0,26.0,256.0,22.0,0.2,0.5,9.0,0.2,35.0,1.0,0.33,2024.0
Kammagondanahalli Lake,KMG,2025-05-07,12.9649,77.546,,,,,,,,,,,,,,,,05/25,4540.0,Kammagondanahalli Lake,D,6.7,7.2,519.0,4.0,2.0,2200.0,9400.0,3.0,148.0,5.0,148.0,60.0,46.0,1.5,0.4,136.0,68.0,68.0,18.0,60.0,358.0,14.0,0.6,0.5,7.0,0.24,47.0,2.2,1.4,2025.0
Kammagondanahalli Lake,KMG,2025-06-06,12.9649,77.546,,,,,,,,,,,,,,,,06/25,4540.0,Kammagondanahalli Lake,E,1.5,6.5,498.0,28.0,2.0,48000.0,350000.0,3.0,140.0,5.0,140.0,48.0,196.0,3.4,2.7,136.0,72.0,64.0,19.0,40.0,388.0,10.0,0.57,0.5,3.0,0.2,38.0,1.49,1.66,2025.0
Kannur Lake,KNR,2023-10-15,13.0505,77.668,,,,,,,,,,,,,,,,10/23,5565.0,Kannur Lake,"D (Propagation of wild life,fisheries)",4.2,6.7,381.0,4.0,1.46,700.0,9200.0,3.0,84.0,5.0,84.0,60.0,45.0,7.709051724137931,0.54,100.0,56.0,44.0,16.0,33.0,266.0,120.7772925764192,0.2,0.5,8.0,1.6,39.0,1.43,0.05,2023.0
Karihobanahalli Lake,KRH,2023-08-21,13.005,77.52,,,,,,,,,,,,,,,,08/23,3601.0,KARIHOBANAHALLI LAKE,"E (Irrigation,
industrial cooling and controlled waste)",0.3,6.8,2163.0,66.0,8.2,170000.0,2400000.0,10.552380952380952,488.0,5.0,488.0,368.0,300.0,2.8409523809523813,11.6,544.0,276.0,268.0,39.0,152.0,1512.0,26.457142857142856,0.57,0.5,43.0,0.22,41.0,1.5991428571428572,0.2595238095238095,2023.0
Karihobanahalli Lake,KRH,2023-10-15,13.005,77.52,,,,,,,,,,,,,,,,10/23,3601.0,KARIHOBANAHALLI LAKE,"E (Irrigation, industrial cooling and controlled waste)",2.1,7.1,1438.0,17.0,5.47,3300.0,54000.0,3.0,332.0,5.0,332.0,240.0,153.0,9.42543103448276,3.2,388.0,200.0,188.0,58.0,114.0,1010.0,89.26637554585153,0.48,0.5,29.0,0.32,37.0,2.5,1.12,2023.0
Karihobanahalli Lake,KRH,2024-03-08,13.005,77.52,0.1190415328826925,0.1463009656829647,0.1619868155638612,0.1886038550908323,0.2132896423039007,0.225383755809041,0.2244940184481059,0.2467580164765527,0.2178523658639629,-0.2115765972681526,-0.2592453191512334,0.081937852508489,0.0488218782206471,1.1050599525735534,1.196111563716577,03/24,3601.0,Karihobanahalli Lake,"E (Irrigation, industrial cooling and controlled waste)",1.4,7.7,3020.0,28.0,10.5,450000.0,2300000.0,3.0,620.0,5.0,620.0,570.0,168.0,31.0,23.0,570.0,300.0,270.0,57.0,424.0,1998.0,22.0,2.5,0.5,32.0,0.34,60.0,8.0,7.0,2024.0
Karihobanahalli Lake,KRH,2024-04-07,13.005,77.52,0.1232005210533727,0.1576878959878307,0.1821200850408815,0.2113917124348683,0.2443536966624419,0.2582220356287846,0.2589292740459091,0.2905035276721587,0.2588058618504438,-0.2452045952136141,-0.3012612105111448,0.0816703373499868,0.0707952509648386,1.1568125258388762,1.2017335494067696,04/24,3601.0,Karihobanahalli Lake,"E (Irrigation, industrial cooling and controlled waste)",0.3,7.2,3260.0,22.0,10.7,14.0,240.0,3.0,924.0,5.0,924.0,512.0,180.0,1.5,15.82,888.0,452.0,436.0,50.0,313.0,2218.0,20.0,0.2,0.5,41.0,0.41,42.0,4.6,0.05,2024.0
Karihobanahalli Lake,KRH,2024-05-07,13.005,77.52,0.1282594317701732,0.1666627942124499,0.187915424518198,0.2196085023236164,0.2531282072947471,0.2723594564145895,0.2642355337276439,0.2929319602872837,0.2548125932967185,-0.2304135860656407,-0.2816791196298496,0.0857109562865113,0.059778247795508,1.1352063874578733,1.211902747115977,05/24,3601.0,Karihobanahalli Lake,"E (Irrigation, industrial cooling and controlled waste)",0.3,6.5,1105.0,45.0,4.4,17000.0,110000.0,3.0,228.0,5.0,228.0,132.0,272.0,26.0,20.0,236.0,124.0,112.0,19.0,98.0,740.0,10.0,2.14,0.5,9.0,0.32,46.0,3.0,5.66,2024.0
Karihobanahalli Lake,KRH,2024-06-16,13.005,77.52,,,,,,,,,,,,,,,,06/24,3601.0,Karihobanahalli Lake,"D (Propagation of wild life,fisheries)",2.2,6.5,640.0,17.0,2.2,2100.0,4800.0,3.0,84.0,5.0,84.0,64.0,128.0,4.2,3.1,200.0,108.0,92.0,54.0,52.0,424.0,22.0,1.1,0.5,12.0,3.0,34.0,0.91,3.0,2024.0
Karihobanahalli Lake,KRH,2024-12-23,13.005,77.52,,,,,,,,,,,,,,,,12/24,3601.0,Karihobanahalli Lake,"D (Propagation of wild life,fisheries)",4.4,7.3,402.0,8.0,1.4,260.0,4300.0,3.0,92.0,5.0,92.0,32.0,88.0,1.5,0.91,120.0,68.0,52.0,10.0,23.0,264.0,12.0,0.95,0.5,9.0,0.2,27.0,0.91,2.6,2024.0
Kasavanahalli Lake,KSV,2023-08-21,12.9408,77.7311,,,,,,,,,,,,,,,,08/23,4529.0,KASAVANAHALLI LAKE,"D (Propagation of wild life,fisheries)",4.6,7.5,630.0,8.0,2.9,4800.0,92000.0,4.361904761904762,156.0,5.0,156.0,128.0,74.0,4.364761904761905,0.79,156.0,84.0,72.0,5.0,92.0,432.0,17.885714285714286,0.2,0.5,16.0,0.25,41.0,1.9277142857142853,0.4976190476190476,2023.0
Kasavanahalli Lake,KSV,2023-10-15,12.9408,77.7311,,,,,,,,,,,,,,,,10/23,4529.0,KASAVANAHALLI LAKE,"D (Propagation of wild life,fisheries)",5.8,8.0,728.0,5.0,3.0,4900.0,24000.0,3.0,144.0,5.0,144.0,128.0,60.0,10.088577586206895,0.4,108.0,60.0,48.0,6.0,86.0,492.0,77.09170305676855,0.2,0.5,56.0,0.32,51.0,4.0,0.38,2023.0
Kasavanahalli Lake,KSV,2024-03-08,12.9408,77.7311,0.1409829286317566,0.1902118380058783,0.2422527242378491,0.2706811972128376,0.2875597339527026,0.3012761683558559,0.2977848184121621,0.3892728392454953,0.3179688696509008,-0.2204995205710791,-0.3437920323817329,0.0577386542953817,0.1199817055956702,1.275666160825781,1.1286599618657092,03/24,4529.0,Kasavanahalli Lake,"D (Propagation of wild life,fisheries)",6.0,7.7,986.0,5.0,4.0,220.0,2400.0,3.0,120.0,5.0,120.0,184.0,48.0,1.5,0.46,148.0,80.0,68.0,34.0,118.0,680.0,10.0,0.2,0.5,30.0,0.27,58.0,4.0,0.21,2024.0
Kasavanahalli Lake,KSV,2024-06-16,12.9408,77.7311,,,,,,,,,,,,,,,,06/24,4529.0,Kasavanahalli Lake,"D (Propagation of wild life,fisheries)",6.1,7.3,1102.0,5.0,3.83,21.0,1600.0,3.0,84.0,5.0,84.0,204.0,52.0,1.5,0.4,120.0,68.0,52.0,10.0,144.0,724.0,44.0,0.21,0.5,28.0,0.54,67.0,6.0,0.58,2024.0
Kasavanahalli Lake,KSV,2025-04-04,12.9408,77.7311,,,,,,,,,,,,,,,,04/25,4529.0,Kasavanahalli Lake,"D (Propagation of wild life,fisheries)",6.0,7.3,1033.0,6.0,3.6,230.0,3500.0,3.0,388.0,5.0,388.0,120.0,64.0,1.5,0.4,336.0,172.0,164.0,20.0,74.0,712.0,10.0,0.75,0.5,6.0,0.3,34.0,1.96,2.3,2025.0
Kasavanahalli Lake,KSV,2025-05-07,12.9408,77.7311,,,,,,,,,,,,,,,,05/25,4529.0,Kasavanahalli Lake,D,6.2,7.0,769.0,7.0,3.0,260.0,1500.0,3.0,176.0,5.0,176.0,108.0,66.0,1.5,0.4,136.0,76.0,60.0,8.4,123.0,524.0,14.0,0.3,0.5,14.0,0.22,63.0,4.6,0.9,2025.0
Kasavanahalli Lake,KSV,2025-06-06,12.9408,77.7311,,,,,,,,,,,,,,,,06/25,4529.0,Kasavanahalli Lake,D,6.0,7.6,812.0,5.0,3.1,110.0,2400.0,3.0,128.0,5.0,128.0,136.0,58.0,1.5,0.4,136.0,72.0,64.0,20.0,89.0,550.0,10.0,0.2,0.5,2.0,0.28,58.0,3.4,0.05,2025.0
Kodi Singasandra Lake,KSG,2023-08-21,12.8999,77.626,,,,,,,,,,,,,,,,08/23,4543.0,KODI SINGASANDRA LAKE,"D (Propagation of
wild life,fisheries)",6.1,7.7,1012.0,4.0,4.0,330.0,16000.0,5.6,184.0,5.0,184.0,138.0,44.0,4.0600000000000005,0.4,200.0,108.0,92.0,9.0,138.0,682.0,19.6,0.91,0.5,23.0,0.33,41.0,1.862,0.45,2023.0
Kodi Singasandra Lake,KSG,2023-10-15,12.8999,77.626,,,,,,,,,,,,,,,,10/23,4543.0,KODI SINGASANDRA LAKE,"D (Propagation of wild life,fisheries)",5.4,7.7,589.0,6.0,2.0,2300.0,24000.0,3.0,112.0,5.0,112.0,84.0,56.0,9.971551724137932,0.4,112.0,64.0,48.0,27.0,73.0,396.0,79.24017467248908,0.31,0.5,18.0,0.31,42.0,3.0,0.9,2023.0
Kodi Singasandra Lake,KSG,2024-03-08,12.8999,77.626,0.097395667323666,0.1250859707421892,0.1412312259954494,0.1720999260875685,0.2248602280726453,0.2480471561312121,0.2500714451640151,0.2675618787836125,0.2188350802477827,-0.3360404670019965,-0.3697341580120513,0.1123310071784531,0.0554651761401041,1.1206910474664982,1.2933362217254467,03/24,4543.0,Kodi Singasandra Lake,"D (Propagation of wild life,fisheries)",4.2,7.28,1014.0,5.0,2.5,2400.0,4800.0,3.0,180.0,5.0,180.0,224.0,55.0,1.5,0.4,236.0,124.0,112.0,52.0,96.0,670.0,16.0,0.2,0.5,6.0,0.47,46.0,3.0,0.05,2024.0
Kodi Singasandra Lake,KSG,2024-12-23,12.8999,77.626,,,,,,,,,,,,,,,,12/24,4543.0,Kodi Singasandra Lake,"D (Propagation of wild life,fisheries)",4.8,6.8,589.0,4.0,2.2,430.0,2200.0,3.0,256.0,5.0,256.0,64.0,37.0,1.5,0.4,304.0,156.0,148.0,45.0,71.0,400.0,10.0,0.9,0.5,5.0,0.31,33.0,1.7,3.4,2024.0
Kodi Singasandra Lake,KSG,2025-01-12,12.8999,77.626,0.0770813494298183,0.0968217235708885,0.1041499297595453,0.1326579614247499,0.1951378150077433,0.2210770871462763,0.2216258447135013,0.2296840630719415,0.1845915035900323,-0.3974315031999585,-0.4232469072322429,0.1490963591455419,0.0249319559680309,1.0565844547782894,1.4361002926587931,01/25,4543.0,Kodi Singasandra Lake,"D (Propagation of wild life,fisheries)",5.8,7.2,1161.0,13.0,4.0,140.0,3500.0,3.0,212.0,5.0,212.0,216.0,123.0,1.5,0.4,208.0,104.0,104.0,44.0,163.0,808.0,10.0,0.2,0.5,30.0,0.23,59.0,5.0,0.2,2025.0
Kodi Singasandra Lake,KSG,2025-02-06,12.8999,77.626,0.0905114986625369,0.1074254963883699,0.1169377342747597,0.1415511896381809,0.1949210826411376,0.2227923553428128,0.2308000598338729,0.235707197662959,0.2044367520765871,-0.372836881592032,-0.3882577029956881,0.1189375829006488,0.0346387709023433,1.0779978085591195,1.3345799196601666,02/25,4543.0,Kodi Singasandra Lake,"D (Propagation of wild life,fisheries)",5.6,7.7,945.0,5.0,3.63,210.0,3500.0,3.0,248.0,5.0,248.0,116.0,56.0,1.5,0.4,192.0,110.0,82.0,10.0,99.0,650.0,56.0,0.32,0.5,27.0,0.2,49.0,3.1,0.75,2025.0
Kodi Singasandra Lake,KSG,2025-03-13,12.8999,77.626,0.0897460404054624,0.120365599652968,0.1383060360209095,0.1740573806842179,0.2332730958749825,0.257510477967056,0.2661107278614669,0.2691647578487963,0.2242733281711952,-0.3899496099375342,-0.4007591561447894,0.1402792503353967,0.0681883500504186,1.157452270123276,1.4137662303724348,03/25,4543.0,Kodi Singasandra Lake,"D (Propagation of wild life,fisheries)",5.4,6.7,572.0,6.0,1.9,270.0,1400.0,3.0,156.0,5.0,156.0,96.0,56.0,1.5,0.45,168.0,92.0,76.0,5.564102564102564,84.0,386.0,10.0,0.2,0.5,18.0,0.47,49.0,3.0,0.05,2025.0
Kodi Singasandra Lake,KSG,2025-04-04,12.8999,77.626,,,,,,,,,,,,,,,,04/25,4543.0,Kodi Singasandra Lake,"E (Irrigation, industrial cooling and controlled waste)",1.1,8.1,1024.0,38.0,3.93,200.0,2800.0,3.0,160.0,5.0,160.0,164.0,259.0,3.35,2.2,128.0,78.0,50.0,68.0,99.5,702.0,10.0,0.22,0.5,25.0,0.2,57.0,3.84,0.52,2025.0
Kodi Singasandra Lake,KSG,2025-05-07,12.8999,77.626,,,,,,,,,,,,,,,,05/25,4543.0,Kodi Singasandra Lake,E,0.3,7.7,1397.0,11.0,5.36,310.0,4300.0,3.0,240.0,5.0,240.0,352.0,117.0,1.69,1.3,252.0,144.0,108.0,10.0,197.0,960.0,20.0,0.2,0.5,42.0,0.69,48.0,5.38,0.42,2025.0
Kodi Singasandra Lake,KSG,2025-06-06,12.8999,77.626,,,,,,,,,,,,,,,,06/25,4543.0,Kodi Singasandra Lake,E,0.3,7.7,1589.0,12.0,6.1,1100.0,13000.0,3.0,188.0,5.0,188.0,336.0,120.0,1.7,0.4,228.0,124.0,104.0,71.0,257.0,1074.0,18.0,0.2,0.5,4.0,0.66,71.0,7.41,0.05,2025.0
Kothanuru Lake,KTH,2023-08-21,13.0121,77.6744,,,,,,,,,,,,,,,,08/23,4544.0,KOTHANURU LAKE,"D (Propagation of wild life,fisheries)",4.3,7.1,379.0,5.0,2.0,21.0,540.0,7.704761904761905,116.0,5.0,116.0,48.0,48.0,3.541904761904762,0.73,104.0,56.0,48.0,11.0,36.0,264.0,22.514285714285712,0.23,0.5,12.0,0.2,41.0,1.7502857142857142,0.369047619047619,2023.0
Kothanuru Lake,KTH,2023-10-15,13.0121,77.6744,,,,,,,,,,,,,,,,10/23,4544.0,KOTHANURU LAKE,"E (Irrigation, industrial cooling and controlled waste)",3.1,6.8,561.0,12.0,2.0,7900.0,54000.0,3.0,92.0,5.0,92.0,84.0,116.0,10.322629310344828,2.5,104.0,56.0,48.0,17.0,48.0,380.0,72.7947598253275,0.5,0.5,4.0,0.32,48.0,2.0,1.54,2023.0
Kothanuru Lake,KTH,2024-03-08,13.0121,77.6744,0.1215682130160853,0.1488673645342287,0.1729541083713304,0.1929244693956567,0.1993614374714018,0.2082300974974481,0.204946334166344,0.2465274119179192,0.2207432438140157,-0.1600054963143331,-0.2500066736847351,0.0578905129684376,0.0737277567290404,1.161202326998862,1.1320735889849065,03/24,4544.0,Kothanuru Lake,"D (Propagation of wild life,fisheries)",4.3,7.6,457.0,7.0,3.05,2700.0,11000.0,3.0,136.0,5.0,136.0,44.0,63.0,1.5,0.9,204.0,108.0,96.0,17.0,39.0,320.0,16.0,0.2,0.5,4.0,0.3,29.0,1.1,0.05,2024.0
Kothanuru Lake,KTH,2024-04-07,13.0121,77.6744,0.1288571539192566,0.1630722121923154,0.1956333425233639,0.2196579106684032,0.2250195417267958,0.2352018549153496,0.231401605012143,0.2836821547991974,0.2564749005666817,-0.1758596588024062,-0.2737693240253592,0.0634214817844684,0.0895928549678222,1.2003660418414752,1.1489298869254816,04/24,4544.0,Kothanuru Lake,"D (Propagation of wild life,fisheries)",4.8,7.5,394.0,7.0,0.8,1400.0,7900.0,3.0,152.0,5.0,152.0,44.0,88.0,1.5,0.4,168.0,88.0,80.0,8.0,40.0,270.0,10.0,0.2,0.5,5.0,0.2,33.0,1.3,0.05,2024.0
Kothanuru Lake,KTH,2024-05-07,13.0121,77.6744,0.1453646052585266,0.1810338847371409,0.2118977760492691,0.2335158037379887,0.2388860722959416,0.2496363873147725,0.2411283340959488,0.2849233113934745,0.2469299496673823,-0.1475590639503705,-0.2298984475447923,0.0563433478206108,0.078521369311111,1.1770663679386244,1.136811545821447,05/24,4544.0,Kothanuru Lake,"E (Irrigation, industrial cooling and controlled waste)",2.0,7.8,988.0,28.0,7.1,2200.0,11000.0,3.0,164.0,5.0,164.0,360.0,190.0,12.1,9.8,188.0,100.0,88.0,59.0,212.0,878.0,50.0,0.3,0.5,34.0,0.35,67.0,0.21,0.6,2024.0
Kothanuru Lake,KTH,2024-06-16,13.0121,77.6744,,,,,,,,,,,,,,,,06/24,4544.0,Kothanuru Lake,"E (Irrigation, industrial cooling and controlled waste)",2.6,6.8,1039.0,22.0,3.7,3200.0,22000.0,3.0,84.0,5.0,84.0,184.0,149.0,2.0,1.6,132.0,72.0,60.0,43.0,99.0,708.0,34.0,0.2,0.5,28.0,0.34,56.0,3.8,0.5,2024.0
Kothanuru Lake,KTH,2024-12-23,13.0121,77.6744,,,,,,,,,,,,,,,,12/24,4544.0,Kothanuru Lake,"D (Propagation of wild life,fisheries)",6.6,7.7,515.0,4.0,2.0,170.0,2400.0,3.0,116.0,5.0,116.0,84.0,48.0,1.5,0.42,136.0,72.0,64.0,21.0,50.0,348.0,10.0,0.2,0.5,10.0,0.2,42.0,2.0,0.44,2024.0
Kothanuru Lake,KTH,2025-01-12,13.0121,77.6744,0.1131672626799478,0.137024480250673,0.1541373299058527,0.173892928795185,0.1770714511984794,0.184587789940516,0.1780589419591003,0.2137533103375454,0.1856723522579283,-0.1354138034543024,-0.2269071548974315,0.0684345849794107,0.0592996062603403,1.1319822168538909,1.165881718338881,01/25,4544.0,Kothanuru Lake,"D (Propagation of wild life,fisheries)",6.8,7.4,399.0,5.0,1.5,17.0,920.0,3.0,148.0,5.0,148.0,44.0,46.0,1.5,0.4,100.0,56.0,44.0,11.0,41.0,272.0,12.0,0.2,0.5,10.0,0.2,44.0,1.8,0.3,2025.0
Kothanuru Lake,KTH,2025-02-06,13.0121,77.6744,0.1179375241983739,0.138371711751242,0.1557883286799427,0.1708610714160008,0.177854471859491,0.1873670268557953,0.1883953363133997,0.212136623138925,0.1996687445003695,-0.1584684453743974,-0.2174446676619677,0.0525660952350173,0.0602814936663757,1.13436311644282,1.127006617453268,02/25,4544.0,Kothanuru Lake,"D (Propagation of wild life,fisheries)",4.4,7.2,825.0,6.0,3.17,220.0,1500.0,3.0,180.0,5.0,180.0,100.0,72.0,1.5,0.4,136.0,86.0,50.0,10.0,89.0,564.0,42.0,0.2,0.5,16.0,0.2,55.0,3.3,0.26,2025.0
Kothanuru Lake,KTH,2025-03-13,13.0121,77.6744,0.1322367076132484,0.1617819893303913,0.1877840904968117,0.2065777374960402,0.2129727077540389,0.2196067227482313,0.2211485656963851,0.2580627327443594,0.2319435289148569,-0.1604586259397156,-0.2363153197470861,0.054705253250996,0.0751978428065431,1.167424634889735,1.1326887858480654,03/25,4544.0,Kothanuru Lake,"D (Propagation of wild life,fisheries)",6.0,7.0,685.0,4.0,2.3,310.0,1700.0,3.0,176.0,5.0,176.0,104.0,48.0,1.5,0.52,160.0,88.0,72.0,5.538461538461538,105.0,464.0,18.0,0.2,0.5,24.0,0.36,49.0,4.0,0.05,2025.0
Kothanuru Lake,KTH,2025-04-04,13.0121,77.6744,,,,,,,,,,,,,,,,04/25,4544.0,Kothanuru Lake,"D (Propagation of wild life,fisheries)",5.9,7.0,1314.0,6.0,5.3,120.0,1600.0,3.0,136.0,5.0,136.0,272.0,64.0,1.5,0.4,160.0,84.0,76.0,58.0,119.0,898.0,10.0,0.2,0.5,9.0,0.5,60.0,4.1,0.49,2025.0
Kothanuru Lake,KTH,2025-05-07,13.0121,77.6744,,,,,,,,,,,,,,,,05/25,4544.0,Kothanuru Lake,D,4.8,7.5,677.0,8.0,2.6,230.0,2200.0,3.0,152.0,5.0,152.0,112.0,82.0,1.5,0.8,80.0,48.0,32.0,17.0,90.0,460.0,48.0,0.2,0.5,20.0,0.5,65.0,4.4,0.39,2025.0
Kothanuru Lake,KTH,2025-06-06,13.0121,77.6744,,,,,,,,,,,,,,,,06/25,4544.0,Kothanuru Lake,D,5.8,8.2,426.0,5.0,1.64,140.0,2400.0,3.0,100.0,5.0,100.0,44.0,48.0,1.5,0.4,100.0,56.0,44.0,24.0,52.0,284.0,18.0,0.2,0.5,2.0,0.45,52.0,2.28,0.05,2025.0
Kundalahalli Lake,KND,2023-08-21,12.9766,77.7004,,,,,,,,,,,,,,,,08/23,4516.0,KUNDALAHALLI LAKE,"D (Propagation of wild life,fisheries)",4.8,7.0,1465.0,9.0,3.8,480.0,16000.0,12.16190476190476,280.0,5.0,280.0,268.0,116.0,2.444761904761905,0.4,412.0,212.0,200.0,18.0,143.0,998.0,28.685714285714283,1.45,0.5,19.0,0.25,41.0,1.5137142857142858,0.1976190476190476,2023.0
Kundalahalli Lake,KND,2023-10-15,12.9766,77.7004,,,,,,,,,,,,,,,,10/23,4516.0,KUNDALAHALLI LAKE,"D (Propagation of wild life,fisheries)",4.9,7.8,1256.0,8.0,5.0,7000.0,160000.0,3.0,232.0,5.0,232.0,276.0,84.0,7.982112068965517,0.91,312.0,160.0,152.0,21.0,107.0,866.0,115.764192139738,0.41,0.5,15.0,0.2,41.0,3.0,0.98,2023.0
Kundalahalli Lake,KND,2024-03-08,12.9766,77.7004,0.1017458292270871,0.1293143737021695,0.1529771010081322,0.1828945515979162,0.2200689391806279,0.2329736590173164,0.2320923483035337,0.2435532345487823,0.1952823067717864,-0.2928566715348883,-0.3165694702516619,0.1020386582572017,0.0830434573835026,1.186391808365234,1.260913108877426,03/24,4516.0,Kundalahalli Lake,"D (Propagation of wild life,fisheries)",4.6,8.5,1581.0,8.0,5.5,320.0,3500.0,48.0,156.0,24.0,204.0,364.0,92.0,1.5,0.4,296.0,156.0,140.0,44.0,201.0,1046.0,98.0,0.95,0.5,22.0,0.2,57.0,5.0,2.8,2024.0
Kundalahalli Lake,KND,2024-04-07,12.9766,77.7004,0.0972164754329157,0.1324873258046753,0.1664537689624311,0.2026478741376882,0.246037346895678,0.2615586055187948,0.2567967584119385,0.2768197803744895,0.221391239617063,-0.3318349980034795,-0.3668185044419749,0.1145197289617048,0.1146589545644182,1.2650527577268038,1.3024387464021827,04/24,4516.0,Kundalahalli Lake,"E (Irrigation, industrial cooling and controlled waste)",1.4,8.2,1822.0,27.0,6.3,210.0,3500.0,3.0,216.0,5.0,216.0,464.0,184.0,19.0,12.0,364.0,188.0,176.0,56.0,255.0,1206.0,108.0,1.0,0.5,22.0,0.2,58.0,6.0,2.8,2024.0
Kundalahalli Lake,KND,2024-05-07,12.9766,77.7004,0.0896011685203434,0.1327892621009115,0.1653858938195544,0.2079249014500913,0.2726317964240459,0.2920728882162468,0.2829946431085456,0.2778809693087428,0.2135170315359705,-0.3792097450153511,-0.3760388011416347,0.1421902505248608,0.1107207874677345,1.2681404430901315,1.4191902027025758,05/24,4516.0,Kundalahalli Lake,"E (Irrigation, industrial cooling and controlled waste)",3.2,8.7,1968.0,41.0,6.8,200.0,2800.0,16.0,220.0,8.0,236.0,420.0,248.0,2.6,1.9,384.0,200.0,184.0,19.0,244.0,1300.0,12.0,0.57,0.5,25.0,0.2,50.0,5.0,1.53,2024.0
Kundalahalli Lake,KND,2024-06-16,12.9766,77.7004,,,,,,,,,,,,,,,,06/24,4516.0,Kundalahalli Lake,"D (Propagation of wild life,fisheries)",4.1,8.0,1612.0,15.0,5.5,92000.0,460000.0,3.0,200.0,5.0,200.0,348.0,147.0,1.5,0.99,364.0,188.0,176.0,25.0,156.0,1092.0,52.0,0.71,0.5,20.0,0.2,46.0,3.6,1.94,2024.0
Kundalahalli Lake,KND,2024-12-23,12.9766,77.7004,,,,,,,,,,,,,,,,12/24,4516.0,Kundalahalli Lake,"E (Irrigation, industrial cooling and controlled waste)",3.0,7.5,1463.0,20.0,5.1,45.0,230.0,3.0,192.0,5.0,192.0,308.0,148.0,2.7,2.1,320.0,168.0,152.0,31.0,155.0,962.0,10.0,2.3,0.5,30.0,0.2,48.0,3.8,6.7,2024.0
Kundalahalli Lake,KND,2025-01-12,12.9766,77.7004,0.0820596649303111,0.1068440446851445,0.1249865442930059,0.1547833908207799,0.20210548007884,0.2177972828382374,0.2121373644938757,0.2038420139377727,0.1517525728565395,-0.3492777144142922,-0.3349470861001934,0.1319610454661617,0.0779737935910701,1.1804961655821011,1.3743248115735742,01/25,4516.0,Kundalahalli Lake,"D (Propagation of wild life,fisheries)",5.9,7.4,1314.0,8.0,5.0,310.0,3500.0,3.0,252.0,5.0,252.0,228.0,86.0,7.5,5.8,280.0,148.0,132.0,19.0,139.0,894.0,10.0,1.5,0.5,12.0,0.2,51.0,3.6,3.5,2025.0
Kundalahalli Lake,KND,2025-02-06,12.9766,77.7004,0.0917827291285372,0.1138101722911371,0.1341916967755544,0.1588835034492468,0.2047262213149374,0.2200972617203998,0.2236876847810783,0.2105760347740391,0.1720104533295789,-0.3446510616207077,-0.3198906430313835,0.1085643844925327,0.0826800791525187,1.189522651465292,1.3013148754414805,02/25,4516.0,Kundalahalli Lake,"E (Irrigation, industrial cooling and controlled waste)",3.1,8.5,1419.0,15.0,5.45,680.0,3900.0,48.0,240.0,24.0,264.0,312.0,152.0,3.64,2.8,352.0,184.0,168.0,27.0,113.0,964.0,56.0,0.87,0.5,18.0,0.2,39.0,2.3,2.5,2025.0
Kundalahalli Lake,KND,2025-03-13,12.9766,77.7004,0.093508535126003,0.126646934819658,0.1548899870321802,0.1924119878924397,0.2408343516823876,0.2516760488525976,0.2523974412220189,0.2460797127974096,0.1931566485991834,-0.3525063369065674,-0.3435063880446489,0.1345704322580825,0.1021577074075291,1.24605797744019,1.3864156512409966,03/25,4516.0,Kundalahalli Lake,"E (Irrigation, industrial cooling and controlled waste)",2.1,8.1,1220.0,30.0,4.7,26.0,220.0,3.0,228.0,5.0,228.0,336.0,196.0,21.06,16.2,300.0,152.0,148.0,6.128205128205128,135.0,842.0,46.0,0.78,0.5,15.0,0.23,48.0,3.4,1.8,2025.0
Kundalahalli Lake,KND,2025-04-04,12.9766,77.7004,,,,,,,,,,,,,,,,04/25,4516.0,Kundalahalli Lake,"D (Propagation of wild life,fisheries)",4.5,8.5,1084.0,7.0,4.4,1400.0,7900.0,72.0,180.0,36.0,176.0,212.0,76.0,1.5,0.9,304.0,156.0,148.0,33.0,70.0,736.0,10.0,0.59,0.5,18.0,0.3,37.0,2.24,1.7,2025.0
Kundalahalli Lake,KND,2025-05-07,12.9766,77.7004,,,,,,,,,,,,,,,,05/25,4516.0,Kundalahalli Lake,E,3.0,8.1,1208.0,15.0,4.6,2600.0,12000.0,3.0,328.0,5.0,328.0,200.0,155.0,4.4,3.9,280.0,144.0,136.0,50.0,110.0,832.0,14.0,0.34,0.5,24.0,0.34,43.0,2.86,1.01,2025.0
Kundalahalli Lake,KND,2025-06-06,12.9766,77.7004,,,,,,,,,,,,,,,,06/25,4516.0,Kundalahalli Lake,D,4.6,7.7,708.0,7.0,2.7,480.0,3500.0,3.0,160.0,5.0,160.0,116.0,84.0,1.5,0.84,192.0,100.0,40.0,29.0,69.0,482.0,20.0,0.2,0.5,15.0,0.31,42.0,2.16,0.32,2025.0
Madhure Tank,MDH,2023-08-21,13.05,77.48,,,,,,,,,,,,,,,,08/23,4503.0,MADHURE TANK,"D (Propagation of
wild life,fisheries)",6.0,7.0,589.0,4.0,2.0,6300.0,160000.0,10.8,136.0,5.0,136.0,76.0,44.0,2.78,0.4,168.0,88.0,80.0,22.0,48.0,396.0,26.8,0.2,0.5,11.0,0.27,41.0,1.586,0.25,2023.0
Madhure Tank,MDH,2023-10-15,13.05,77.48,,,,,,,,,,,,,,,,10/23,4503.0,MADHURE TANK,"D (Propagation of wild life,fisheries)",4.6,6.5,300.0,10.0,0.62,4300.0,54000.0,3.0,68.0,5.0,68.0,32.0,91.0,8.021120689655172,0.86,108.0,60.0,48.0,57.0,25.0,240.0,115.04803493449782,0.2,0.5,15.0,0.2,30.0,1.3,0.7,2023.0
Madhure Tank,MDH,2024-03-08,13.05,77.48,0.0507752129831725,0.0732177147740267,0.059191090051597,0.0912537668098289,0.0976634408223614,0.104326325424206,0.0957139055129197,0.0597730972329789,0.0404263641484193,-0.059303502170869,0.2174365352351958,0.2149956618299792,-0.1126232747352757,0.8018695858514777,1.5570040845302675,03/24,4503.0,Madhure Tank,"D (Propagation of wild life,fisheries)",6.2,7.5,312.0,5.0,0.85,1700.0,7900.0,3.0,84.0,5.0,84.0,16.0,48.0,1.5,0.4,84.0,48.0,36.0,5.0,19.0,212.0,46.0,0.2,0.5,6.0,0.2,17.0,1.0,0.05,2024.0
Madhure Tank,MDH,2024-04-07,13.05,77.48,0.1075494578610152,0.1599158313430151,0.2077556960480115,0.2336491762303738,0.2493627085826937,0.2617616243047242,0.2601057030204886,0.3577391431387735,0.2872495071463776,-0.2445215179643195,-0.3864902799209541,0.0665287258704779,0.1284435725330593,1.297056203050768,1.158354463403488,04/24,4503.0,Madhure Tank,"D (Propagation of wild life,fisheries)",4.2,6.8,287.0,7.0,0.5,930.0,13000.0,3.0,92.0,5.0,92.0,36.0,72.0,1.5,0.4,140.0,72.0,68.0,5.0,28.0,198.0,10.0,0.2,0.5,3.0,0.2,29.0,1.4,0.05,2024.0
Madhure Tank,MDH,2025-03-13,13.05,77.48,0.0203118073646412,0.0538880764490036,0.0312737802281977,0.1001402027740618,0.0939086319791593,0.1007325635429134,0.0883227803985073,0.0555581567274519,0.0396958741111033,-0.1646995000890129,0.1552393409037589,0.569957410172084,-0.3278354566905804,0.5373481773667377,4.088540779319491,03/25,4503.0,Madhure Tank,"D (Propagation of wild life,fisheries)",5.7,6.7,402.0,4.0,1.54,2300.0,17000.0,3.0,132.0,5.0,132.0,28.0,42.0,1.5,0.4,212.0,164.0,48.0,6.461538461538462,9.0,274.0,44.0,0.2,0.5,10.0,0.31,8.0,0.27,0.05,2025.0
Madiwala Lake,MDW,2023-08-21,12.9154,77.6116,,,,,,,,,,,,,,,,08/23,3589.0,MADIWALA TANK,"D (Propagation of wild life,fisheries)",4.8,7.3,1170.0,8.0,3.0,4000.0,35000.0,8.076190476190476,200.0,5.0,200.0,108.0,95.0,3.4504761904761905,0.4,244.0,128.0,116.0,10.0,140.0,796.0,23.02857142857143,0.58,0.5,12.0,0.2,41.0,1.7305714285714286,0.3547619047619048,2023.0
Madiwala Lake,MDW,2023-10-15,12.9154,77.6116,,,,,,,,,,,,,,,,10/23,3589.0,MADIWALA TANK,"E (Irrigation, industrial cooling and controlled waste)",2.6,6.9,566.0,14.0,2.0,4700.0,92000.0,3.0,112.0,5.0,112.0,68.0,128.0,10.55668103448276,5.2,100.0,52.0,48.0,18.0,48.0,384.0,68.49781659388645,0.5,0.5,4.0,0.35,14.0,2.08,1.54,2023.0
Madiwala Lake,MDW,2024-03-08,12.9154,77.6116,0.1205977995282187,0.1834917579219885,0.2904400730827775,0.3368644615005456,0.3649651797345347,0.372248600499947,0.3622385311410767,0.4748777875576524,0.3354300144350951,-0.3296648613335909,-0.4374331222517227,0.0852393980902145,0.208424069249816,1.541455057895821,1.2110079311654736,03/24,3589.0,Madiwala Tank,"D (Propagation of wild life,fisheries)",4.5,7.13,693.0,6.0,1.6,1700.0,7900.0,3.0,180.0,5.0,180.0,128.0,55.0,1.5,0.4,212.0,108.0,104.0,30.0,63.0,476.0,14.0,0.3,0.5,6.0,0.28,38.0,2.0,0.93,2024.0
Madiwala Lake,MDW,2024-04-07,12.9154,77.6116,0.1235444143224307,0.2009990875258796,0.3315019902783988,0.3799652888779352,0.4096803717917122,0.415614516072246,0.4017923846072596,0.5149574551983948,0.3599501672358552,-0.338224950862251,-0.4387708589113794,0.0791415159860491,0.231943451401378,1.6150036883183867,1.194302257959966,04/24,3589.0,Madiwala Tank,"D (Propagation of wild life,fisheries)",5.2,7.3,666.0,8.0,1.5,1400.0,7900.0,3.0,172.0,5.0,172.0,116.0,81.0,1.5,0.46,180.0,96.0,84.0,15.333333333333332,64.0,458.0,10.0,0.44,0.5,5.0,0.34,43.0,10.0,1.35,2024.0
Madiwala Lake,MDW,2024-05-07,12.9154,77.6116,0.0748542829982748,0.1415294233650683,0.2345188221218836,0.2735603598211456,0.3102250325669823,0.3170063056719358,0.2937982607471042,0.3784081927965358,0.2354540647114741,-0.3579810556461799,-0.4592598863151428,0.0962385109634037,0.2315968348755583,1.6317075869518471,1.2621240566334475,05/24,3589.0,Madiwala Tank,"E (Irrigation, industrial cooling and controlled waste)",1.0,8.7,1150.0,38.0,4.0,1700.0,9400.0,24.0,176.0,12.0,200.0,168.0,204.0,1.8,1.2,156.0,84.0,72.0,36.0,158.0,766.0,70.0,1.5,0.5,37.0,0.32,63.0,6.0,4.0,2024.0
Madiwala Lake,MDW,2024-06-16,12.9154,77.6116,,,,,,,,,,,,,,,,06/24,3589.0,Madiwala Tank,"E (Irrigation, industrial cooling and controlled waste)",3.6,7.9,912.0,16.0,3.2,2000.0,12000.0,3.0,204.0,5.0,204.0,140.0,108.0,1.8,1.4,160.0,84.0,76.0,21.0,99.0,622.0,52.0,0.8,0.5,24.0,0.31,53.0,3.4,1.5,2024.0
Madiwala Lake,MDW,2024-12-23,12.9154,77.6116,,,,,,,,,,,,,,,,12/24,3589.0,Madiwala Tank,"D (Propagation of wild life,fisheries)",6.0,7.9,560.0,6.0,5.0,410.0,4300.0,3.0,128.0,5.0,128.0,104.0,67.0,11.7,9.0,156.0,88.0,68.0,20.0,55.0,380.0,14.0,0.2,0.5,8.0,0.2,42.0,1.9,0.05,2024.0
Madiwala Lake,MDW,2025-01-12,12.9154,77.6116,0.0950841354786466,0.1516776577589643,0.2388068507528281,0.2826915431468506,0.3228907052071964,0.3292275604689642,0.3153332077597434,0.4242514311868463,0.3114438017110866,-0.3596594871987493,-0.4692062928541798,0.1048309248980472,0.1971466367098211,1.515471710727336,1.2771581351046666,01/25,3589.0,Madiwala Tank,"D (Propagation of wild life,fisheries)",5.4,7.1,679.0,10.0,2.6,170.0,3500.0,3.0,220.0,5.0,220.0,100.0,94.0,1.5,0.4,160.0,88.0,72.0,10.0,79.0,462.0,28.0,0.9,0.5,16.0,0.2,48.0,2.7,2.1,2025.0
Madiwala Lake,MDW,2025-02-06,12.9154,77.6116,0.105804686124705,0.1635040845104859,0.2598139810864531,0.2966638242439177,0.3335824525578284,0.3428368200542196,0.3399302151181214,0.4398448473752769,0.3524639193042986,-0.3592787961498462,-0.4549814070824735,0.0858453291083033,0.2015681186919832,1.52871991183976,1.2211633121684506,02/25,3589.0,Madiwala Tank,"D (Propagation of wild life,fisheries)",4.2,8.0,883.0,5.0,3.39,310.0,2200.0,3.0,240.0,5.0,240.0,100.0,53.0,1.5,0.4,164.0,104.0,60.0,9.0,78.0,608.0,28.0,0.23,0.5,15.0,0.2,48.0,2.65,0.58,2025.0
Madiwala Lake,MDW,2025-03-13,12.9154,77.6116,0.1052175227968876,0.1765495686831282,0.2922217271676685,0.3367101292117029,0.3689124282646198,0.3687268950462978,0.3621929936978487,0.4704042143435553,0.354021469563074,-0.3544569937805789,-0.4559569156362682,0.0886010481406153,0.2277964150454786,1.6075945769662876,1.2283458161821394,03/25,3589.0,Madiwala Tank,"E (Irrigation, industrial cooling and controlled waste)",3.1,7.1,693.0,20.0,2.3,1200.0,7900.0,3.0,188.0,5.0,188.0,124.0,166.0,1.5,0.99,172.0,88.0,84.0,7.897435897435898,95.0,478.0,16.0,0.2,0.5,13.0,0.24,52.0,3.1,0.2,2025.0
Madiwala Lake,MDW,2025-04-04,12.9154,77.6116,,,,,,,,,,,,,,,,04/25,3589.0,Madiwala Tank,"E (Irrigation, industrial cooling and controlled waste)",3.3,7.5,727.0,17.0,2.5,150.0,3500.0,3.0,236.0,5.0,236.0,128.0,121.0,2.95,2.73,232.0,116.0,116.0,10.0,89.0,502.0,10.0,1.1,0.5,10.0,0.3,44.0,2.5,2.6,2025.0
Madiwala Lake,MDW,2025-05-07,12.9154,77.6116,,,,,,,,,,,,,,,,05/25,3589.0,Madiwala Tank,D,4.2,6.9,579.0,5.0,2.22,140.0,3500.0,3.0,176.0,5.0,176.0,96.0,54.0,1.5,0.8,112.0,78.0,34.0,9.0,78.0,390.0,16.0,0.2,0.5,19.0,0.47,55.0,3.2,0.39,2025.0
Madiwala Lake,MDW,2025-06-06,12.9154,77.6116,,,,,,,,,,,,,,,,06/25,3589.0,Madiwala Tank,D,4.2,7.4,590.0,6.0,2.26,1700.0,6300.0,3.0,124.0,5.0,124.0,92.0,60.0,1.5,0.4,108.0,72.0,36.0,14.0,73.0,398.0,22.0,0.43,0.5,2.0,0.36,59.0,3.06,1.01,2025.0
Malathahalli Lake,MLT,2023-10-15,12.948,77.5358,,,,,,,,,,,,,,,,10/23,3635.0,MALATHAHALLI LAKE,"D (Propagation of wild life,fisheries)",5.5,7.9,1072.0,6.0,4.0,3100.0,54000.0,3.0,236.0,5.0,236.0,176.0,56.0,10.751724137931037,0.4,220.0,116.0,104.0,33.0,95.0,724.0,64.91703056768559,0.23,0.5,12.0,0.4,47.0,3.0,0.65,2023.0
Malathahalli Lake,MLT,2024-03-08,12.948,77.5358,0.1036060322376293,0.1272392731504476,0.1462271811149922,0.1696592313648203,0.1942427359752234,0.2035439044133171,0.2028287323150559,0.2155996656577745,0.1800029562891534,-0.2349923258249096,-0.2725145153315066,0.093609930047665,0.0612906103561765,1.1375318970063302,1.240320038195377,03/24,3635.0,Malathahalli Lake,"D (Propagation of wild life,fisheries)",4.6,7.7,1198.0,7.0,7.2,270.0,2400.0,3.0,244.0,5.0,244.0,88.0,84.0,1.5,0.9,492.0,252.0,240.0,120.0,217.0,824.0,10.0,0.2,0.5,41.0,0.29,46.0,4.2,0.4,2024.0
Malathahalli Lake,MLT,2024-04-07,12.948,77.5358,0.1100750334342225,0.1429886572365041,0.1688037224594057,0.1972363412402338,0.2278706236362356,0.2409921975082706,0.2400062187653975,0.254338811853312,0.2123457485746464,-0.265014139472327,-0.2990825601582864,0.0963682836709471,0.0789941739220968,1.178247591703688,1.2473241289865014,04/24,3635.0,Malathahalli Lake,"E (Irrigation, industrial cooling and controlled waste)",0.3,7.4,2500.0,58.0,10.8,310.0,3500.0,168.0,532.0,84.0,700.0,248.0,220.0,28.6,22.0,196.0,104.0,92.0,97.0,166.0,1676.0,254.0,0.36,0.5,27.0,0.61,61.0,5.0,0.96,2024.0
Malathahalli Lake,MLT,2024-05-07,12.948,77.5358,0.1125858872386851,0.1540973504839127,0.1758077357022299,0.2083133560920673,0.2502005912578309,0.2641410783416626,0.2579902759203211,0.2609498662631099,0.2090579045540931,-0.2836084046959063,-0.2977391506864444,0.1222382242124915,0.0684582570966723,1.1609104728207325,1.375237433188616,05/24,3635.0,Malathahalli Lake,"E (Irrigation, industrial cooling and controlled waste)",3.4,6.8,615.0,14.0,2.1,170.0,2400.0,3.0,172.0,5.0,172.0,48.0,144.0,2.2,1.7,164.0,88.0,76.0,9.0,61.0,416.0,94.0,0.2,0.5,8.0,0.24,43.0,2.1,0.05,2024.0
Malathahalli Lake,MLT,2024-06-16,12.948,77.5358,,,,,,,,,,,,,,,,06/24,3635.0,Malathahalli Lake,"D (Propagation of wild life,fisheries)",4.2,6.9,530.0,10.0,2.4,2600.0,14000.0,3.0,80.0,5.0,80.0,48.0,93.0,1.5,0.92,212.0,108.0,104.0,63.0,76.0,362.0,364.0,0.2,0.5,20.0,0.2,41.0,2.9,0.05,2024.0
Malathahalli Lake,MLT,2024-12-23,12.948,77.5358,,,,,,,,,,,,,,,,12/24,3635.0,Malathahalli Lake,"D (Propagation of wild life,fisheries)",4.4,6.8,571.0,4.0,2.3,220.0,2400.0,3.0,184.0,5.0,184.0,20.0,48.0,1.5,0.58,204.0,108.0,96.0,19.0,28.0,392.0,10.0,0.23,0.5,13.0,0.22,22.0,0.85,0.61,2024.0
Malathahalli Lake,MLT,2025-01-12,12.948,77.5358,0.07831459843739,0.0993277257532033,0.1113251040697448,0.132172784542831,0.1576078552826073,0.1654255015133384,0.1627220102766242,0.1722735834447807,0.1400298479622721,-0.2611976390393263,-0.3067357679836896,0.128924211150798,0.0445242089524353,1.1025024070811194,1.388910701161853,01/25,3635.0,Malathahalli Lake,"D (Propagation of wild life,fisheries)",7.0,7.4,639.0,4.0,0.3,1100.0,7900.0,3.0,248.0,5.0,248.0,36.0,45.0,1.5,0.4,212.0,112.0,100.0,36.0,38.0,440.0,24.0,0.2,0.5,12.0,0.2,27.0,1.1,0.3,2025.0
Malathahalli Lake,MLT,2025-02-06,12.948,77.5358,0.0904608784402055,0.1090735168840458,0.122824168055484,0.1404490462448089,0.1656510206236362,0.1761122087703247,0.1810133701696347,0.1818897937636377,0.1590546244808897,-0.2637554439741598,-0.2878555092164234,0.1093149458469676,0.0436972017680846,1.0996780711741134,1.3571904782009456,02/25,3635.0,Malathahalli Lake,"D (Propagation of wild life,fisheries)",5.9,7.4,825.0,4.0,14.04,780.0,13000.0,3.0,244.0,5.0,244.0,36.0,44.0,1.5,0.62,248.0,128.0,120.0,37.0,48.0,560.0,32.0,0.2,0.5,14.0,0.2,28.0,1.3,0.05,2025.0
Malathahalli Lake,MLT,2025-03-13,12.948,77.5358,0.0952544379531217,0.1243920425728801,0.14468910049865,0.1686647462518477,0.1970062785950588,0.2057027486450341,0.2100327268248046,0.2170401597803899,0.1809592172872527,-0.2839048485975314,-0.3057657068888367,0.1177001498896481,0.075371764253021,1.1737604785786075,1.392692398258204,03/25,3635.0,Malathahalli Lake,"D (Propagation of wild life,fisheries)",5.4,7.6,621.0,6.0,2.2,2600.0,9400.0,3.0,228.0,5.0,228.0,36.0,56.0,1.5,0.4,156.0,84.0,72.0,6.794871794871795,58.0,408.0,10.0,0.2,0.5,15.0,0.2,75.0,2.0,0.05,2025.0
Malathahalli Lake,MLT,2025-04-04,12.948,77.5358,,,,,,,,,,,,,,,,04/25,3635.0,Malathahalli Lake,"D (Propagation of wild life,fisheries)",5.8,7.9,753.0,8.0,3.0,140.0,2400.0,3.0,248.0,5.0,248.0,60.0,98.0,1.5,0.7,212.0,108.0,104.0,36.0,91.0,512.0,10.0,0.2,0.5,10.0,0.28,47.0,2.7,0.3,2025.0
Malathahalli Lake,MLT,2025-05-07,12.948,77.5358,,,,,,,,,,,,,,,,05/25,3635.0,Malathahalli Lake,E,2.1,7.8,562.0,24.0,2.1,140.0,3500.0,3.0,176.0,5.0,176.0,44.0,169.0,1.5,0.4,200.0,104.0,96.0,18.0,55.0,384.0,26.0,0.2,0.5,2.0,0.25,37.0,1.6,0.2,2025.0
Malathahalli Lake,MLT,2025-06-06,12.948,77.5358,,,,,,,,,,,,,,,,06/25,3635.0,Malathahalli Lake,D,5.4,7.3,470.0,6.0,2.0,2600.0,14000.0,3.0,160.0,5.0,160.0,20.0,64.0,1.5,0.4,196.0,104.0,92.0,33.0,31.0,318.0,26.0,0.2,0.5,9.0,0.2,24.0,1.0,0.05,2025.0
Nagavara Lake,NGV,2023-08-21,13.0318,77.613,,,,,,,,,,,,,,,,08/23,3626.0,NAGAVARA LAKE,"D (Propagation of wild life,fisheries)",6.1,7.1,640.0,4.0,2.45,2200.0,24000.0,9.561904761904762,144.0,5.0,144.0,104.0,41.0,3.084761904761905,0.4,172.0,92.0,80.0,26.0,60.0,446.0,25.085714285714285,0.2,0.5,13.0,0.2,41.0,1.6517142857142857,0.2976190476190476,2023.0
Nagavara Lake,NGV,2023-10-15,13.0318,77.613,,,,,,,,,,,,,,,,10/23,3626.0,NAGAVARA LAKE,"D (Propagation of wild life,fisheries)",6.1,6.9,666.0,4.0,2.0,460.0,16000.0,3.0,148.0,5.0,148.0,100.0,40.0,11.531896551724138,0.4,172.0,92.0,80.0,9.0,64.0,444.0,50.5938864628821,0.28,0.5,25.0,0.2,40.0,0.28,0.83,2023.0
Nagavara Lake,NGV,2024-03-08,13.0318,77.613,0.1094010772372034,0.1479538546118808,0.1868601318415734,0.2201028374287122,0.250753016968246,0.271681049778216,0.2689915898049708,0.3224703090896287,0.2638573928043374,-0.3003729986605363,-0.3766979034043215,0.0966630277125979,0.1067554098877837,1.2473259183658238,1.2394248746833334,03/24,3626.0,Nagavara Lake,"E (Irrigation, industrial cooling and controlled waste)",2.6,8.2,751.0,25.0,3.0,2100.0,11000.0,3.0,192.0,5.0,192.0,108.0,172.0,3.77,2.9,192.0,100.0,92.0,10.0,47.0,518.0,48.0,0.41,0.5,21.0,0.22,32.0,1.4,0.52,2024.0
Nagavara Lake,NGV,2024-05-07,13.0318,77.613,0.0977092691684855,0.1369821336773466,0.177225329464488,0.2159053826656342,0.2576334436386679,0.2883061606702811,0.2801717489262833,0.3233228965711466,0.2680020242202353,-0.3552679516639521,-0.4191062035377103,0.1224360131643099,0.1239136136017803,1.300149858085807,1.3502875800610648,05/24,3626.0,Nagavara Lake,"E (Irrigation, industrial cooling and controlled waste)",1.2,7.1,1403.0,42.0,4.8,2000.0,17000.0,3.0,328.0,5.0,328.0,224.0,216.0,9.12,6.7,288.0,152.0,136.0,19.0,167.0,922.0,40.0,2.3,0.5,37.0,0.2,52.0,4.0,6.5,2024.0
Nagavara Lake,NGV,2024-06-16,13.0318,77.613,,,,,,,,,,,,,,,,06/24,3626.0,Nagavara Lake,"D (Propagation of wild life,fisheries)",7.8,7.0,666.0,6.0,2.3,630.0,5400.0,3.0,184.0,5.0,184.0,96.0,52.0,1.5,0.67,172.0,92.0,80.0,20.0,71.0,452.0,34.0,0.63,0.5,17.0,0.34,44.0,2.0,1.8,2024.0
Nagavara Lake,NGV,2024-12-23,13.0318,77.613,,,,,,,,,,,,,,,,12/24,3626.0,Nagavara Lake,"D (Propagation of wild life,fisheries)",6.1,6.5,484.0,6.0,2.2,26.0,1600.0,3.0,136.0,5.0,136.0,44.0,46.0,1.5,0.4,112.0,60.0,52.0,5.0,37.0,330.0,10.0,0.2,0.5,5.0,0.2,39.0,1.5,0.2,2024.0
Nagavara Lake,NGV,2025-03-13,13.0318,77.613,0.1212429134689855,0.1720149931953271,0.2164716784102198,0.2509418679152292,0.2870587129479689,0.3061959621206787,0.3106588748855876,0.342816334577202,0.2902808350348521,-0.3137072219798132,-0.3545096591311578,0.103462147193304,0.106389665793584,1.2458095897279933,1.297849658607569,03/25,3626.0,Nagavara Lake,"D (Propagation of wild life,fisheries)",4.9,7.5,524.0,4.0,2.0,3100.0,8400.0,3.0,200.0,5.0,200.0,80.0,43.0,1.5,0.8,196.0,104.0,92.0,7.0,49.0,356.0,12.0,0.2,0.5,6.0,0.27,34.0,2.0,0.16,2025.0
Nagavara Lake,NGV,2025-04-04,13.0318,77.613,,,,,,,,,,,,,,,,04/25,3626.0,Nagavara Lake,"D (Propagation of wild life,fisheries)",6.4,7.7,704.0,5.0,2.7,2100.0,12000.0,3.0,116.0,5.0,116.0,104.0,65.0,1.5,0.4,124.0,68.0,56.0,8.0,67.0,478.0,10.0,0.3,0.5,15.0,0.25,50.0,2.6,0.6,2025.0
Nagavara Lake,NGV,2025-05-07,13.0318,77.613,,,,,,,,,,,,,,,,05/25,3626.0,Nagavara Lake,D,5.1,8.0,370.0,8.0,1.4,2300.0,7000.0,3.0,92.0,5.0,92.0,44.0,75.0,1.5,0.4,80.0,48.0,32.0,10.0,45.0,250.0,48.0,0.2,0.5,9.0,0.43,51.0,2.2,0.5,2025.0
Nagavara Lake,NGV,2025-06-06,13.0318,77.613,,,,,,,,,,,,,,,,06/25,3626.0,Nagavara Lake,D,5.3,7.6,600.0,8.0,2.3,320.0,2100.0,3.0,156.0,5.0,156.0,84.0,95.0,1.5,0.91,176.0,88.0,88.0,17.0,63.0,414.0,10.0,0.2,0.5,12.0,0.31,42.0,2.1,0.36,2025.0
Nayandanahalli Tank,NYD,2023-10-15,12.9342,77.5227,,,,,,,,,,,,,,,,10/23,3596.0,NAYANDANAHALLI TANK,"D (Propagation of wild life,fisheries)",5.2,7.9,872.0,6.0,4.0,4600.0,35000.0,3.0,204.0,5.0,204.0,132.0,52.0,8.723275862068965,0.4,220.0,116.0,104.0,14.0,78.0,594.0,102.15720524017468,1.1,0.5,5.0,0.3,42.0,2.29,3.39,2023.0
Nayandanahalli Tank,NYD,2024-03-08,12.9342,77.5227,0.0745689814163029,0.0961111154206391,0.1001508588712926,0.131623261298043,0.1834199070815148,0.2014237012529917,0.1991381282556667,0.1929080634942981,0.1437409404476981,-0.3291481366392865,-0.3446720498266464,0.149456965965364,0.0102564870554429,1.025964995251177,1.390986600486353,03/24,3596.0,Nayandanahalli Tank,"D (Propagation of wild life,fisheries)",4.3,7.8,913.0,11.0,3.4,320.0,3500.0,3.0,224.0,5.0,224.0,148.0,104.0,1.5,0.82,208.0,108.0,100.0,27.0,98.0,640.0,12.0,0.5,0.5,34.0,0.2,46.0,2.9,0.9,2024.0
Nayandanahalli Tank,NYD,2024-04-07,12.9342,77.5227,0.0627114423483035,0.0912891455391568,0.1006201008883086,0.13700077080107,0.2009495037308181,0.2242621849922568,0.2243973849077854,0.2175189849359425,0.1596511438828662,-0.4248531229525172,-0.4400039383277667,0.1882469121283312,0.0419806283122821,1.096947136788831,1.5602640923345965,04/24,3596.0,Nayandanahalli Tank,"D (Propagation of wild life,fisheries)",5.1,7.9,934.0,4.0,3.6,220.0,1400.0,3.0,216.0,5.0,216.0,160.0,45.0,1.5,0.84,252.0,132.0,120.0,38.0,89.0,636.0,10.0,0.22,0.5,19.0,0.2,41.0,2.4,0.62,2024.0
Nayandanahalli Tank,NYD,2024-05-07,12.9342,77.5227,0.0538276221314937,0.0878810189315773,0.0968922953715716,0.13360265380825,0.2008664015204841,0.2250080986906941,0.2198712269463607,0.2078589539631141,0.1521929959172182,-0.4483664958166065,-0.4550208664095765,0.188635302924513,0.0722094743213079,1.2202465334933217,1.5950448719247825,05/24,3596.0,Nayandanahalli Tank,"E (Irrigation, industrial cooling and controlled waste)",2.9,8.5,826.0,14.0,2.8,1700.0,11000.0,16.0,32.0,8.0,48.0,124.0,142.0,2.5,1.9,216.0,116.0,100.0,13.0,81.0,560.0,76.0,1.1,0.5,10.0,0.33,44.0,2.4,2.9,2024.0
Nayandanahalli Tank,NYD,2024-06-16,12.9342,77.5227,,,,,,,,,,,,,,,,06/24,3596.0,Nayandanahalli Tank,"D (Propagation of wild life,fisheries)",4.4,8.9,842.0,8.0,2.9,260.0,3500.0,8.0,156.0,5.0,164.0,120.0,72.0,1.5,0.4,184.0,100.0,84.0,20.0,95.0,558.0,10.0,0.56,0.5,23.0,0.38,43.0,3.0,1.3,2024.0
Nayandanahalli Tank,NYD,2024-12-23,12.9342,77.5227,,,,,,,,,,,,,,,,12/24,3596.0,Nayandanahalli Tank,"D (Propagation of wild life,fisheries)",6.1,8.3,544.0,7.0,2.0,110.0,2400.0,16.0,164.0,8.0,172.0,112.0,69.0,1.5,0.4,156.0,84.0,72.0,17.0,85.0,370.0,10.0,1.7,0.5,17.0,0.34,50.0,2.9,4.0,2024.0
Nayandanahalli Tank,NYD,2025-03-13,12.9342,77.5227,0.056049802900183,0.0806985468259554,0.0872551878291366,0.1214305715894691,0.178234717724905,0.1943091581022101,0.1979006687315219,0.1917308179642403,0.1397382408841334,-0.4249494356366532,-0.4380157771731088,0.190868510330423,0.0369013670412255,1.085208486700335,1.5588150815248836,03/25,3596.0,Nayandanahalli Tank,"D (Propagation of wild life,fisheries)",6.2,7.7,803.0,6.0,3.1,26.0,920.0,3.0,212.0,5.0,212.0,136.0,70.0,1.5,0.81,208.0,104.0,104.0,7.717948717948718,85.0,554.0,10.0,0.26,0.5,24.0,0.38,44.0,2.5,0.62,2025.0
Nayandanahalli Tank,NYD,2025-04-04,12.9342,77.5227,,,,,,,,,,,,,,,,04/25,3596.0,Nayandanahalli Tank,"D (Propagation of wild life,fisheries)",5.9,8.3,890.0,7.0,3.4,310.0,3500.0,32.0,200.0,16.0,216.0,152.0,78.0,1.5,0.8,184.0,96.0,88.0,21.0,98.0,614.0,10.0,0.24,0.5,11.0,0.39,52.0,3.1,0.57,2025.0
Nayandanahalli Tank,NYD,2025-05-07,12.9342,77.5227,,,,,,,,,,,,,,,,05/25,3596.0,Nayandanahalli Tank,D,6.5,8.3,767.0,4.0,2.9,58.0,920.0,48.0,152.0,24.0,176.0,128.0,47.0,1.5,0.4,144.0,76.0,68.0,31.0,102.0,526.0,10.0,0.2,0.5,2.0,0.46,60.0,3.6,0.3,2025.0
Nayandanahalli Tank,NYD,2025-06-06,12.9342,77.5227,,,,,,,,,,,,,,,,06/25,3596.0,Nayandanahalli Tank,D,4.7,7.2,931.0,6.0,3.4,200.0,1500.0,3.0,164.0,5.0,164.0,108.0,72.0,1.5,0.52,172.0,92.0,80.0,29.0,68.0,630.0,10.0,0.2,0.5,5.0,0.36,45.0,2.25,0.52,2025.0
Nelamangala Lake,NLM,2023-08-21,13.097,77.3925,,,,,,,,,,,,,,,,08/23,4505.0,NELAMANGALA LAKE,"D (Propagation of wild life,fisheries)",4.1,7.3,1692.0,9.0,6.0,470.0,16000.0,10.304761904761904,428.0,5.0,428.0,244.0,96.0,2.901904761904762,0.66,500.0,252.0,248.0,22.0,116.0,1136.0,26.11428571428571,0.41,0.5,28.0,0.31,41.0,1.6122857142857143,0.2690476190476191,2023.0
Nelamangala Lake,NLM,2023-10-15,13.097,77.3925,,,,,,,,,,,,,,,,10/23,4505.0,NELAMANGALA LAKE,"E (Irrigation, industrial cooling and controlled waste)",3.2,7.1,1156.0,12.0,5.0,4300.0,92000.0,3.0,264.0,5.0,264.0,204.0,108.0,11.765948275862067,0.4,292.0,152.0,140.0,39.0,89.0,786.0,46.29694323144105,0.56,0.5,42.0,0.42,36.0,2.0,1.2,2023.0
Nelamangala Lake,NLM,2024-03-08,13.097,77.3925,0.1155461530335574,0.1491986028263718,0.1791013275443051,0.2100300010563753,0.2403260431705343,0.2586055459699285,0.2587487411528575,0.3010321208493259,0.2601302827564352,-0.2728998903397429,-0.3447939164249659,0.0961158965161634,0.08321093540064,1.1914557739386549,1.244505000097738,03/24,4505.0,Nelamangala Lake,"D (Propagation of wild life,fisheries)",4.2,6.9,1856.0,10.0,5.9,2200.0,4900.0,3.0,524.0,5.0,524.0,292.0,99.0,1.5,0.99,504.0,260.0,244.0,29.0,179.0,1264.0,10.0,2.0,0.5,23.0,0.44,42.0,3.5,5.8,2024.0
Nelamangala Lake,NLM,2024-04-07,13.097,77.3925,0.12500607063629,0.163584414515763,0.1994406280077527,0.229576414662488,0.2630593788513679,0.2839941969787671,0.2859473009613014,0.3257869326384731,0.283196672418043,-0.2782295932142327,-0.3474468996194925,0.095428352588816,0.0918991956496237,1.2131814682198192,1.2851808373311144,04/24,4505.0,Nelamangala Lake,"E (Irrigation, industrial cooling and controlled waste)",2.8,7.2,2330.0,54.0,8.0,220.0,2400.0,3.0,430.0,5.0,430.0,580.0,244.0,10.2,6.5,650.0,340.0,310.0,50.0,254.0,1556.0,18.0,1.0,0.5,36.0,0.49,92.0,4.0,3.6,2024.0
Nelamangala Lake,NLM,2024-05-07,13.097,77.3925,0.1374613296242825,0.1746905668373964,0.2043339943306276,0.2348240818338674,0.2695090144019154,0.2930804993133562,0.2922182788126343,0.3247971407443923,0.2743470086974893,-0.2678601019593438,-0.3321990883885872,0.1121966040689322,0.0680289833520232,1.1746219544073062,1.4279327761698068,05/24,4505.0,Nelamangala Lake,"E (Irrigation, industrial cooling and controlled waste)",3.0,6.9,2540.0,29.0,10.24,140.0,2400.0,3.0,556.0,5.0,556.0,400.0,164.0,4.55,3.5,632.0,320.0,312.0,43.0,232.0,1702.0,10.0,0.91,0.5,20.0,0.38,44.0,4.0,2.36,2024.0
Nelamangala Lake,NLM,2024-06-16,13.097,77.3925,,,,,,,,,,,,,,,,06/24,4505.0,Nelamangala Lake,"E (Irrigation, industrial cooling and controlled waste)",0.3,6.5,1235.0,79.0,10.08,380.0,2800.0,3.0,284.0,5.0,284.0,208.0,361.0,28.4,23.6,336.0,172.0,164.0,50.0,113.0,832.0,16.0,0.89,0.5,25.0,0.39,40.0,2.68,2.6,2024.0
Nelamangala Lake,NLM,2024-12-23,13.097,77.3925,,,,,,,,,,,,,,,,12/24,4505.0,Nelamangala Lake,"D (Propagation of wild life,fisheries)",5.8,6.5,1224.0,8.0,5.5,260.0,3500.0,3.0,300.0,5.0,300.0,168.0,70.0,9.3,7.1,312.0,160.0,152.0,18.0,96.0,832.0,10.0,2.0,0.5,19.0,0.39,38.0,2.4,4.5,2024.0
Nelamangala Lake,NLM,2025-01-12,13.097,77.3925,0.1033119088700307,0.126100081600971,0.1401313634908664,0.1665769815838585,0.1974545300890876,0.2160634001197226,0.212628060847213,0.2419100073946265,0.1989112503961407,-0.268085328079712,-0.3295696424442388,0.1111144038005234,0.0445220974465691,1.102256081374112,1.296396966339592,01/25,4505.0,Nelamangala Lake,"E (Irrigation, industrial cooling and controlled waste)",1.2,6.7,1431.0,20.0,5.77,260.0,5400.0,3.0,384.0,5.0,384.0,220.0,152.0,11.42,9.1,392.0,200.0,192.0,23.0,113.0,980.0,10.0,0.78,0.5,22.0,0.21,37.0,2.49,2.22,2025.0
Nelamangala Lake,NLM,2025-02-06,13.097,77.3925,0.1120103524771998,0.1351528789418747,0.1569153528752753,0.1783660058452761,0.1992738406281911,0.2163570865171307,0.2223672030705306,0.2618034437832319,0.2320437057642874,-0.2581326819249067,-0.3313629908286328,0.0796794671235278,0.075333571343527,1.1702899054317364,1.1963357676324833,02/25,4505.0,Nelamangala Lake,"E (Irrigation, industrial cooling and controlled waste)",2.4,6.7,1538.0,28.0,5.4,240.0,2200.0,3.0,392.0,5.0,392.0,236.0,184.0,8.9,6.6,432.0,224.0,208.0,16.0,99.0,1012.0,10.0,0.74,0.5,21.0,0.2,32.0,2.0,2.0,2025.0
Nelamangala Lake,NLM,2025-03-13,13.097,77.3925,0.1188761540899327,0.1525279521798369,0.1801299133023767,0.2134290855311805,0.2503495616042818,0.2689241804288882,0.2744311736328745,0.297681115532237,0.2524189020740169,-0.2890995011386919,-0.338150799920471,0.1130361850354618,0.0733403741867236,1.174061866149048,1.363952691790182,03/25,4505.0,Nelamangala Lake,"E (Irrigation, industrial cooling and controlled waste)",1.6,6.6,1483.0,29.0,5.7,310.0,1700.0,3.0,392.0,5.0,392.0,268.0,196.0,2.13,1.7,464.0,236.0,228.0,6.410256410256411,131.0,1004.0,10.0,0.45,0.5,31.0,0.43,36.0,2.64,1.28,2025.0
Nelamangala Lake,NLM,2025-04-04,13.097,77.3925,,,,,,,,,,,,,,,,04/25,4505.0,Nelamangala Lake,"D (Propagation of wild life,fisheries)",6.2,7.1,1326.0,5.0,5.35,270.0,1700.0,3.0,372.0,5.0,372.0,304.0,56.0,1.5,0.54,396.0,204.0,192.0,11.0,121.0,908.0,10.0,0.33,0.5,10.0,0.34,39.0,2.65,0.96,2025.0
Nelamangala Lake,NLM,2025-05-07,13.097,77.3925,,,,,,,,,,,,,,,,05/25,4505.0,Nelamangala Lake,E,0.3,6.9,1228.0,38.0,4.7,1700.0,7900.0,3.0,508.0,5.0,508.0,324.0,250.0,1.5,0.4,484.0,248.0,236.0,10.0,109.0,852.0,16.0,0.3,0.5,3.0,0.71,49.0,4.0,0.9,2025.0
Nelamangala Lake,NLM,2025-06-06,13.097,77.3925,,,,,,,,,,,,,,,,06/25,4505.0,Nelamangala Lake,D,5.5,7.0,895.0,6.0,3.4,12000.0,41000.0,3.0,288.0,5.0,288.0,168.0,71.0,1.5,0.4,276.0,144.0,132.0,9.0,87.0,612.0,20.0,0.2,0.5,2.0,0.41,40.0,2.3,0.48,2025.0
Parappana Agrahara Lake,PRP,2023-08-21,12.9112,77.6586,,,,,,,,,,,,,,,,08/23,3620.0,PARAPPANA AGRAHARA LAKE,"E (Irrigation, industrial cooling and controlled waste)",3.4,8.0,904.0,12.0,3.7,4700.0,160000.0,4.485714285714286,236.0,5.0,236.0,148.0,119.0,4.3342857142857145,1.3,268.0,140.0,128.0,35.0,111.0,620.0,18.057142857142857,0.4,0.5,35.0,0.35,41.0,1.9211428571428573,0.4928571428571429,2023.0
Parappana Agrahara Lake,PRP,2023-10-15,12.9112,77.6586,,,,,,,,,,,,,,,,10/23,3620.0,PARAPPANA AGRAHARA LAKE,"D (Propagation of wild life,fisheries)",5.5,8.2,800.0,6.0,3.0,3100.0,35000.0,3.0,136.0,5.0,136.0,120.0,72.0,9.932543103448277,0.4,176.0,96.0,80.0,31.0,84.0,540.0,79.95633187772926,0.31,0.5,22.0,0.25,47.0,3.0,0.89,2023.0
Parappana Agrahara Lake,PRP,2024-03-08,12.9112,77.6586,0.0476751654463531,0.059283818141354,0.0697181743925835,0.0906528900309771,0.1074278196282737,0.1177893586313713,0.1239568818642636,0.1912819663475078,0.138231139115742,-0.3513474953059843,-0.5269693545105103,0.1301076347083978,0.0796097209880299,1.1745615005828838,1.3034656633361803,03/24,3620.0,Parappana Agrahara Lake,"E (Irrigation, industrial cooling and controlled waste)",2.3,8.5,1088.0,17.0,4.0,13000.0,33000.0,24.0,112.0,12.0,136.0,212.0,168.0,4.84,3.8,152.0,80.0,72.0,42.0,169.0,750.0,86.0,0.2,0.5,40.0,0.27,70.0,6.0,0.3,2024.0
Parappana Agrahara Lake,PRP,2024-04-07,12.9112,77.6586,0.0301150274570543,0.0477497081353083,0.0637009152193152,0.0889301112362714,0.1104478210363277,0.1254834272036046,0.1323157526049,0.2074413087862574,0.1483629224162207,-0.4699724778844555,-0.6271597905234522,0.165084768072449,0.1424038318692808,1.3345098995100158,1.4046048059975973,04/24,3620.0,Parappana Agrahara Lake,"E (Irrigation, industrial cooling and controlled waste)",0.3,8.2,882.0,66.0,4.0,14000.0,46000.0,3.0,172.0,5.0,172.0,160.0,292.0,17.4,13.8,120.0,64.0,56.0,19.0,98.0,580.0,138.0,1.04,0.5,33.0,0.26,56.0,4.0,2.8,2024.0
Parappana Agrahara Lake,PRP,2024-05-07,12.9112,77.6586,0.0044185511123627,0.028189193323607,0.0452894291207634,0.0778656047592227,0.1087949310053505,0.1281206244719796,0.1358109898620107,0.2086869156575613,0.1434078604618417,-0.6626857389538419,-0.7659741327829908,0.2698385655915229,0.2393041276901827,1.650385475567635,1.7557940555561578,05/24,3620.0,Parappana Agrahara Lake,"E (Irrigation, industrial cooling and controlled waste)",3.2,8.5,1521.0,19.0,5.3,140.0,2800.0,40.0,164.0,20.0,204.0,328.0,158.0,2.9,2.3,180.0,96.0,84.0,23.0,147.0,1032.0,16.0,0.95,0.5,19.0,0.59,61.0,4.8,2.7,2024.0
Parappana Agrahara Lake,PRP,2024-06-16,12.9112,77.6586,,,,,,,,,,,,,,,,06/24,3620.0,Parappana Agrahara Lake,"D (Propagation of wild life,fisheries)",4.1,8.5,712.0,14.0,2.4,1400.0,4800.0,32.0,128.0,16.0,160.0,152.0,143.0,1.5,0.99,148.0,80.0,68.0,11.0,70.0,310.0,482.0,0.52,0.5,9.0,0.2,48.0,2.5,1.4,2024.0
Parappana Agrahara Lake,PRP,2024-12-23,12.9112,77.6586,,,,,,,,,,,,,,,,12/24,3620.0,Parappana Agrahara Lake,"E (Irrigation, industrial cooling and controlled waste)",3.2,8.4,632.0,15.0,2.4,2100.0,11000.0,32.0,156.0,16.0,172.0,140.0,159.0,2.7,2.1,196.0,104.0,92.0,28.0,99.0,430.0,126.0,0.9,0.5,21.0,0.29,49.0,3.0,2.2,2024.0
Parappana Agrahara Lake,PRP,2025-03-13,12.9112,77.6586,0.0308884574767671,0.0535686744304368,0.0760330117220529,0.1113635666009574,0.1429497113489158,0.1595778513094904,0.1737667030413967,0.2550347085328078,0.1718862503520134,-0.5314925590914416,-0.6553228075313086,0.1967660239376797,0.1679524167729006,1.411699045776892,1.513024910349988,03/25,3620.0,Parappana Agrahara Lake,"D (Propagation of wild life,fisheries)",5.4,8.5,763.0,9.0,3.0,1100.0,9400.0,104.0,120.0,52.0,172.0,156.0,100.0,2.08,1.6,176.0,88.0,88.0,7.153846153846154,102.0,530.0,18.0,0.36,0.5,27.0,0.23,51.0,3.3,0.8,2025.0
Parappana Agrahara Lake,PRP,2025-04-04,12.9112,77.6586,,,,,,,,,,,,,,,,04/25,3620.0,Parappana Agrahara Lake,"E (Irrigation, industrial cooling and controlled waste)",1.2,8.1,1021.0,32.0,3.92,140.0,4300.0,3.0,152.0,5.0,152.0,164.0,210.0,1.5,0.4,132.0,88.0,44.0,24.0,128.0,696.0,10.0,0.25,0.5,26.0,0.3,63.0,4.85,0.65,2025.0
Parappana Agrahara Lake,PRP,2025-05-07,12.9112,77.6586,,,,,,,,,,,,,,,,05/25,3620.0,Parappana Agrahara Lake,D,5.9,7.8,872.0,6.0,3.5,260.0,2200.0,3.0,112.0,5.0,112.0,156.0,52.0,1.5,0.4,108.0,60.0,48.0,20.0,72.0,594.0,24.0,0.2,0.5,6.0,0.37,57.0,3.03,0.39,2025.0
Parappana Agrahara Lake,PRP,2025-06-06,12.9112,77.6586,,,,,,,,,,,,,,,,06/25,3620.0,Parappana Agrahara Lake,E,2.1,7.5,876.0,25.0,3.3,240.0,2200.0,3.0,176.0,5.0,176.0,132.0,160.0,1.5,0.4,188.0,100.0,88.0,34.0,101.0,582.0,26.0,1.08,0.5,3.0,0.23,53.0,3.3,2.5,2025.0
Puttenahalli Lake,PTN,2023-08-16,12.8982,77.5855,,,,,,,,,,,,,,,,08/23,3614.0,PUTTENAHALLI LAKE,"D (Propagation of wild life,fisheries)",4.2,7.2,390.0,4.0,2.0,4800.0,54000.0,7.457142857142857,96.0,5.0,96.0,48.0,40.0,3.602857142857143,0.62,120.0,64.0,56.0,13.0,36.0,268.0,22.17142857142857,0.55,0.5,12.0,0.2,41.0,1.7634285714285711,0.3785714285714286,2023.0
Puttenahalli Lake,PTN,2023-10-10,12.8982,77.5855,,,,,,,,,,,,,,,,10/23,3624.0,PUTTENAHALLI LAKE,"D (Propagation of wild life,fisheries)",5.2,7.5,497.0,6.0,2.0,700.0,16000.0,3.0,112.0,5.0,112.0,56.0,56.0,11.726939655172414,0.41,124.0,68.0,56.0,14.0,33.0,338.0,47.01310043668122,0.34,0.5,2.0,0.2,35.0,1.0,0.77,2023.0
Puttenahalli Lake,PTN,2023-12-24,12.8982,77.5855,,,,,,,,,,,,,,,,12/23,3614.0,PUTTENAHALLI LAKE,"D (Propagation of wild life,fisheries)",5.6,7.7,534.0,6.0,2.15,480.0,16000.0,3.0,120.0,5.0,120.0,76.0,60.0,1.5,0.4,112.0,48.0,64.0,25.0,55.0,368.0,10.0,0.2,0.5,27.0,0.24,45.0,2.0,0.05,2023.0
Puttenahalli Lake,PTN,2024-03-03,12.8982,77.5855,,,,,,,,,,,,,,,,03/24,3614.0,Puttenahalli Lake,"E (Irrigation, industrial cooling and controlled waste)",3.1,8.0,667.0,12.0,2.5,1400.0,4900.0,3.0,128.0,5.0,128.0,100.0,116.0,1.5,0.98,128.0,72.0,56.0,11.0,66.0,456.0,22.0,0.2,0.5,8.0,0.22,50.0,2.5,0.05,2024.0
Puttenahalli Lake,PTN,2024-04-07,12.8982,77.5855,0.112765832277144,0.1473293058551117,0.1703105332987474,0.2042443282636248,0.2389889980284466,0.2532523341782844,0.251515219687368,0.2746053478383327,0.2317624841571609,-0.2648394794013748,-0.3188877803304894,0.1050612956845003,0.0726425184149238,1.1631314485196198,1.2742635061065264,04/24,3614.0,Puttenahalli Lake,"D (Propagation of wild life,fisheries)",4.6,7.5,640.0,5.0,1.5,340.0,2800.0,3.0,140.0,5.0,140.0,132.0,46.0,1.5,0.4,160.0,84.0,76.0,9.0,61.0,438.0,10.0,0.39,0.5,8.0,0.22,44.0,2.1,1.21,2024.0
Puttenahalli Lake,PTN,2024-05-02,12.8982,77.5855,,,,,,,,,,,,,,,,05/24,3614.0,Puttenahalli Lake,"D (Propagation of wild life,fisheries)",4.2,7.4,546.0,8.0,2.1,285.0,3500.0,3.0,104.0,5.0,104.0,76.0,77.0,1.5,0.83,116.0,64.0,52.0,19.0,65.0,372.0,10.0,0.2,0.5,16.0,0.2,50.0,0.37,0.3,2024.0
Puttenahalli Lake,PTN,2024-06-01,12.8982,77.5855,,,,,,,,,,,,,,,,06/24,3614.0,Puttenahalli Lake,"E (Irrigation, industrial cooling and controlled waste)",3.7,6.7,580.0,16.0,2.0,3100.0,11000.0,3.0,112.0,5.0,112.0,84.0,109.0,1.5,4.1,104.0,56.0,48.0,22.0,64.0,396.0,36.0,0.3,0.5,15.0,0.2,53.0,2.8,0.7,2024.0
Puttenahalli Lake,PTN,2024-09-19,12.8982,77.5855,,,,,,,,,,,,,,,,09/24,3614.0,Puttenahalli Lake,"D (Propagation of wild life,fisheries)",5.1,7.4,444.0,7.0,1.5,390.0,9200.0,3.0,100.0,5.0,100.0,60.0,84.0,1.5,0.4,104.0,60.0,44.0,12.0,55.0,300.0,28.0,0.43,0.5,14.0,0.32,49.0,2.0,1.1,2024.0
Puttenahalli Lake,PTN,2024-12-08,12.8982,77.5855,,,,,,,,,,,,,,,,12/24,3614.0,Puttenahalli Lake,"D (Propagation of wild life,fisheries)",5.8,8.0,685.0,4.0,2.6,32.0,920.0,3.0,156.0,5.0,156.0,112.0,52.0,1.5,0.4,184.0,96.0,88.0,28.0,67.0,462.0,10.0,0.2,0.5,14.0,0.32,42.0,2.15,0.49,2024.0
Puttenahalli Lake,PTN,2025-03-08,12.8982,77.5855,,,,,,,,,,,,,,,,03/25,3614.0,Puttenahalli Lake,"D (Propagation of wild life,fisheries)",4.1,8.0,905.0,18.0,3.0,780.0,4300.0,3.0,296.0,5.0,296.0,152.0,128.0,1.71,1.3,268.0,136.0,132.0,7.282051282051282,110.0,620.0,10.0,1.3,0.5,12.0,0.29,46.0,2.9,3.0,2025.0
Puttenahalli Lake,PTN,2025-04-04,12.8982,77.5855,,,,,,,,,,,,,,,,04/25,3614.0,Puttenahalli Lake,"D (Propagation of wild life,fisheries)",5.8,6.5,600.0,5.0,2.42,120.0,920.0,3.0,136.0,5.0,136.0,80.0,56.0,1.5,0.4,100.0,56.0,44.0,10.0,50.0,408.0,10.0,0.49,0.5,4.0,0.2,51.0,2.17,1.41,2025.0
Puttenahalli Lake,PTN,2025-05-07,12.8982,77.5855,0.1301594071257569,0.158402788554186,0.1729793545478264,0.2045133467117306,0.247312751725109,0.2712958174904942,0.2641371637797493,0.2777139064920434,0.2417192578510068,-0.2519990052150771,-0.2824911596848239,0.0963170851885196,0.0397143840501618,1.0867962812278087,1.2415208469193248,05/25,3614.0,Puttenahalli Lake,D,5.0,7.6,674.0,8.0,2.6,260.0,2800.0,3.0,144.0,5.0,144.0,112.0,78.0,1.5,0.4,108.0,56.0,52.0,11.0,90.0,458.0,46.0,0.2,0.5,19.0,0.51,59.0,3.8,0.3,2025.0
Puttenahalli Lake,PTN,2025-06-06,12.8982,77.5855,,,,,,,,,,,,,,,,06/25,3614.0,Puttenahalli Lake,D,5.4,7.1,536.0,8.0,2.0,3100.0,7000.0,3.0,136.0,5.0,136.0,92.0,94.0,2.0,1.5,120.0,60.0,60.0,7.0,73.0,370.0,28.0,0.2,0.5,3.0,0.37,56.0,2.9,0.15,2025.0
Puttenahalli Lake,PTN,2025-11-10,12.8982,77.5855,,,,,,,,,,,,,,,,11/25,3614.0,Puttenahalli Lake,D,5.0,6.9,373.0,5.0,1.5,1012.608695652174,9200.0,30.535211267605632,124.0,20.0,124.0,36.0,48.0,10.436363636363636,0.4,108.0,60.0,48.0,13.0,28.0,254.0,13.0,0.23,0.5,2.0,0.31,35.0,1.17,0.68,2025.0
Ramammana Kere,RMK,2023-08-21,13.017,77.572,,,,,,,,,,,,,,,,08/23,4513.0,RAMAMMANA KERE,"D (Propagation of wild life,fisheries)",5.4,7.3,603.0,7.0,1.1,390.0,16000.0,14.514285714285714,112.0,5.0,152.0,104.0,69.0,1.865714285714286,0.68,132.0,72.0,60.0,10.0,41.0,412.0,31.942857142857143,0.2,0.5,18.0,0.2,41.0,1.3888571428571428,0.1071428571428571,2023.0
Ramammana Kere,RMK,2023-10-15,13.017,77.572,,,,,,,,,,,,,,,,10/23,4513.0,RAMAMMANA KERE,"D (Propagation of wild life,fisheries)",5.2,7.3,520.0,5.0,2.0,480.0,16000.0,3.0,140.0,5.0,140.0,40.0,44.0,8.801293103448275,0.4,160.0,80.0,80.0,28.0,34.0,354.0,100.72489082969432,0.2,0.5,3.0,0.21,31.0,1.5,0.05,2023.0
Ramammana Kere,RMK,2024-03-08,13.017,77.572,0.0609466537581411,0.0795195955034923,0.0766138955194006,0.1192048160535118,0.2229572716071113,0.2573994578419292,0.2616184474564338,0.2090428832951945,0.1396480408378806,-0.5257461469995574,-0.4526934905038954,0.2419622229165721,-0.0403671785480397,0.9349696890978916,1.7026294925616328,03/24,4513.0,Ramammana Kere,"D (Propagation of wild life,fisheries)",4.8,8.0,1114.0,8.0,6.0,170.0,2400.0,3.0,412.0,5.0,412.0,292.0,70.0,1.5,0.83,556.0,284.0,272.0,5.0,184.0,778.0,10.0,1.3,0.5,37.0,0.2,40.0,3.4,4.6,2024.0
Ramammana Kere,RMK,2024-04-07,13.017,77.572,0.0497883964090829,0.071427072974273,0.0742875026743888,0.1172811582467874,0.2406838619961272,0.2863493046998769,0.2907261644076747,0.2314817074458723,0.1526405668016194,-0.6007606872428992,-0.5425614141265451,0.2697623466677235,-0.0112696579155324,0.9952662148406808,1.867343906060685,04/24,4513.0,Ramammana Kere,"D (Propagation of wild life,fisheries)",4.8,7.9,2033.0,7.0,7.0,210.0,1100.0,3.0,476.0,5.0,476.0,364.0,84.0,1.5,0.42,624.0,320.0,304.0,13.0,249.0,1342.0,10.0,0.3,0.5,38.0,0.22,44.0,4.0,0.86,2024.0
Ramammana Kere,RMK,2024-05-07,13.017,77.572,0.0426073191339552,0.0709626085783442,0.0706140926730394,0.1233422988910403,0.2721111987326176,0.3248404858299593,0.3250083330399579,0.2409573314557297,0.1579430663615561,-0.6385398195672957,-0.56612059074678,0.3389471682875329,-0.0497430970766827,0.9290464951578534,2.3004784698787457,05/24,4513.0,Ramammana Kere,"D (Propagation of wild life,fisheries)",4.2,7.7,1477.0,5.0,5.9,310.0,3500.0,3.0,300.0,5.0,300.0,204.0,44.0,1.5,0.48,416.0,212.0,204.0,16.0,116.0,988.0,10.0,0.88,0.5,12.0,0.22,37.0,2.0,2.27,2024.0
Ramammana Kere,RMK,2024-06-16,13.017,77.572,,,,,,,,,,,,,,,,06/24,4513.0,Ramammana Kere,"E (Irrigation, industrial cooling and controlled waste)",2.8,6.7,1011.0,18.0,4.0,2600.0,11000.0,3.0,264.0,5.0,264.0,164.0,124.0,2.99,2.3,376.0,192.0,184.0,8.0,110.0,704.0,30.0,1.4,0.5,19.0,0.37,37.0,2.47,3.71,2024.0
Ramammana Kere,RMK,2024-12-23,13.017,77.572,,,,,,,,,,,,,,,,12/24,4513.0,Ramammana Kere,"E (Irrigation, industrial cooling and controlled waste)",3.2,7.2,1026.0,16.0,3.6,3100.0,9400.0,3.0,240.0,5.0,240.0,148.0,112.0,4.9,3.6,320.0,168.0,152.0,13.0,79.0,670.0,12.0,1.2,0.5,18.0,0.2,33.0,1.9,3.2,2024.0
Ramammana Kere,RMK,2025-03-13,13.017,77.572,0.0533335328287273,0.0758148077657012,0.0699041543585159,0.123980961098398,0.2336835733145573,0.2648231825382856,0.2766914134835416,0.2125610279880304,0.1429064143636684,-0.5831296312449469,-0.5079481154035116,0.348852709439697,-0.0841688005437524,0.8710173160928112,2.3990206276112764,03/25,4513.0,Ramammana Kere,"D (Propagation of wild life,fisheries)",6.4,6.7,210.0,9.0,0.81,46.0,350.0,3.0,80.0,5.0,80.0,12.0,90.0,1.5,0.4,112.0,66.0,46.0,6.205128205128205,5.0,146.0,10.0,0.2,0.5,10.0,0.2,4.0,0.1,0.05,2025.0
Ramammana Kere,RMK,2025-04-04,13.017,77.572,,,,,,,,,,,,,,,,04/25,4513.0,Ramammana Kere,"D (Propagation of wild life,fisheries)",6.4,6.7,325.0,5.0,1.2,40.0,240.0,3.0,92.0,5.0,92.0,44.0,39.0,5.2,4.0,100.0,56.0,44.0,17.0,18.0,222.0,10.0,0.2,0.5,15.0,0.2,25.0,0.7,0.19,2025.0
Ramammana Kere,RMK,2025-05-07,13.017,77.572,,,,,,,,,,,,,,,,05/25,4513.0,Ramammana Kere,D,6.4,6.7,364.0,5.0,1.4,21.0,1600.0,3.0,96.0,5.0,96.0,36.0,52.0,1.5,0.4,88.0,44.0,44.0,19.0,40.0,250.0,10.0,0.2,0.5,5.0,0.26,47.0,1.0,0.32,2025.0
Ramammana Kere,RMK,2025-06-06,13.017,77.572,,,,,,,,,,,,,,,,06/25,4513.0,Ramammana Kere,D,5.8,7.2,380.0,6.0,1.5,260.0,2200.0,3.0,88.0,5.0,88.0,65.0,58.0,1.5,0.6,104.0,56.0,48.0,20.0,40.0,258.0,16.0,0.2,0.5,5.0,0.31,31.0,1.7,0.3,2025.0
Rampura Lake,RPR,2023-08-21,13.015,77.59,,,,,,,,,,,,,,,,08/23,4519.0,RAMPURA LAKE,"E (Irrigation, industrial cooling and controlled waste)",0.3,7.2,2231.0,23.0,6.8,34000.0,240000.0,15.133333333333333,632.0,5.0,632.0,348.0,189.0,1.7133333333333334,4.2,616.0,316.0,300.0,36.0,215.0,1520.0,32.8,0.93,0.5,28.0,0.62,41.0,1.356,0.0833333333333333,2023.0
Rampura Lake,RPR,2023-10-15,13.015,77.59,,,,,,,,,,,,,,,,10/23,4519.0,RAMPURA LAKE,"E (Irrigation, industrial cooling and controlled waste)",0.3,7.3,1457.0,77.0,5.59,170000.0,2400000.0,3.0,336.0,5.0,336.0,244.0,320.0,9.347413793103447,18.1,400.0,204.0,196.0,59.0,117.0,1022.0,90.69868995633188,1.4,0.5,29.0,0.24,37.0,2.5,3.6,2023.0
Rampura Lake,RPR,2024-03-08,13.015,77.59,0.0488004611214755,0.0643638954735712,0.0582501778319483,0.0967937590200287,0.1834440564609808,0.2112841916294131,0.2146736315956211,0.1671423105353938,0.0978948431834981,-0.5363541979223468,-0.441058682512442,0.2515113118139576,-0.0534433424214079,0.9017864172898628,1.6867990334999667,03/24,4519.0,Rampura Lake,"E (Irrigation, industrial cooling and controlled waste)",0.3,6.7,1636.0,74.0,6.0,2600.0,11000.0,3.0,484.0,5.0,484.0,216.0,488.0,26.3,20.2,328.0,168.0,160.0,23.0,250.0,1112.0,60.0,1.64,0.5,37.0,0.34,59.0,6.0,3.49,2024.0
Rampura Lake,RPR,2024-04-07,13.015,77.59,0.0233055686578197,0.0484111761856753,0.0465165828875737,0.0960564821007427,0.2010102678728575,0.2365381639621244,0.2433348481115139,0.1892531169699742,0.111093720299905,-0.6689157071791665,-0.5948299477521868,0.3634934592915637,-0.0357466141108947,0.9437801989288178,2.220466268728121,04/24,4519.0,Rampura Lake,"E (Irrigation, industrial cooling and controlled waste)",0.3,7.4,1755.0,24.0,5.7,17000.0,48000.0,3.0,496.0,5.0,496.0,276.0,196.0,24.4,18.8,476.0,244.0,232.0,27.0,169.0,1196.0,394.0,3.2,0.5,22.0,0.94,42.0,3.4,9.2,2024.0
Rampura Lake,RPR,2024-05-07,13.015,77.59,0.0031525784082509,0.0344034249566264,0.0306830477256853,0.0948356682741384,0.236455485937555,0.2846404977295927,0.2885078496251189,0.1976710091872296,0.1147126227603929,-0.7889971252001563,-0.7093634555689641,0.5368568160527145,-0.0893651512056457,0.865202698210856,3.7211343389112232,05/24,4519.0,Rampura Lake,"E (Irrigation, industrial cooling and controlled waste)",0.5,7.2,1720.0,60.0,5.9,140000.0,480000.0,3.0,432.0,5.0,432.0,216.0,304.0,43.0,30.0,304.0,160.0,144.0,26.0,160.0,1134.0,66.0,3.2,0.5,37.0,0.25,50.0,4.0,9.4,2024.0
Rampura Lake,RPR,2024-12-23,13.015,77.59,,,,,,,,,,,,,,,,12/24,4519.0,Rampura Lake,"D (Propagation of wild life,fisheries)",4.8,6.9,795.0,7.0,4.9,210.0,2800.0,3.0,180.0,5.0,180.0,92.0,59.0,1.5,0.4,188.0,100.0,88.0,14.0,77.0,540.0,24.0,1.2,0.5,16.0,0.28,43.0,2.4,2.8,2024.0
Rampura Lake,RPR,2025-01-12,13.015,77.59,0.0114346263508043,0.0295174240668259,0.0227988102484169,0.0600618536379316,0.1719022281671301,0.2045020521665669,0.206681030659298,0.1467932697384631,0.0781062902601288,-0.7486990383788226,-0.6708616272638367,0.4716729688127612,-0.1511551538447235,0.7627923035457057,3.0469481205746614,01/25,4519.0,Rampura Lake,"D (Propagation of wild life,fisheries)",5.9,7.2,818.0,6.0,2.9,25.0,1600.0,3.0,220.0,5.0,220.0,92.0,52.0,1.5,0.42,200.0,108.0,92.0,13.0,78.0,534.0,12.0,0.2,0.5,10.0,0.2,44.0,2.4,0.44,2025.0
Rampura Lake,RPR,2025-02-06,13.015,77.59,0.0322173114153965,0.0441324264557244,0.0390307438843433,0.0712681685381393,0.1586411383716428,0.1889555316977016,0.1982078109049949,0.1500058256186419,0.0911240311168996,-0.6357901424292384,-0.547368816497247,0.3095881920480046,-0.0764103089043874,0.8708415047958559,1.944627521459365,02/25,4519.0,Rampura Lake,"D (Propagation of wild life,fisheries)",4.2,7.0,826.0,20.0,3.2,22.0,70.0,3.0,248.0,5.0,248.0,108.0,165.0,4.4,3.4,216.0,108.0,108.0,12.0,83.0,570.0,10.0,0.2,0.5,5.0,0.28,45.0,2.4,0.21,2025.0
Rampura Lake,RPR,2025-03-13,13.015,77.59,0.0207474251117603,0.0445629273456004,0.0419944911269292,0.095589147805273,0.194721077827449,0.2233784962511879,0.2337322045830548,0.1784947164630927,0.1048081981062339,-0.683278242008758,-0.6066948342512866,0.4147555528748218,-0.0540992765647807,0.9159266593636528,2.580188387406696,03/25,4519.0,Rampura Lake,"D (Propagation of wild life,fisheries)",6.1,6.9,834.0,4.0,2.8,400.0,3400.0,3.0,260.0,5.0,260.0,128.0,52.0,1.5,0.4,136.0,72.0,64.0,6.051282051282051,90.0,576.0,18.0,0.2,0.5,5.0,0.28,57.0,3.5,0.1,2025.0
Rampura Lake,RPR,2025-04-04,13.015,77.59,,,,,,,,,,,,,,,,04/25,4519.0,Rampura Lake,"D (Propagation of wild life,fisheries)",5.6,6.9,568.0,5.0,2.2,210.0,4300.0,3.0,132.0,5.0,132.0,92.0,50.0,1.5,0.54,156.0,84.0,72.0,23.0,55.0,390.0,10.0,0.2,0.5,11.0,0.21,41.0,2.0,0.21,2025.0
Rampura Lake,RPR,2025-05-07,13.015,77.59,,,,,,,,,,,,,,,,05/25,4519.0,Rampura Lake,D,5.5,7.0,618.0,6.0,2.4,1400.0,7900.0,3.0,140.0,5.0,140.0,96.0,55.0,1.5,0.4,164.0,88.0,76.0,16.0,68.0,420.0,10.0,0.2,0.5,12.0,0.21,45.0,2.3,0.33,2025.0
Rampura Lake,RPR,2025-06-06,13.015,77.59,,,,,,,,,,,,,,,,06/25,4519.0,Rampura Lake,E,2.6,7.2,873.0,19.0,3.3,24.0,220.0,3.0,236.0,5.0,236.0,116.0,126.0,2.9,2.3,216.0,112.0,104.0,7.0,82.0,596.0,12.0,0.27,0.5,2.0,0.33,45.0,2.5,0.65,2025.0
Rayasandra Lake,RYS,2023-08-21,12.856,77.6618,,,,,,,,,,,,,,,,08/23,4531.0,RAYASANDRA LAKE,"E (Irrigation, industrial cooling and controlled waste)",0.3,8.2,2186.0,23.0,8.0,2200.0,92000.0,12.533333333333331,396.0,5.0,396.0,320.0,271.0,2.353333333333333,0.4,476.0,244.0,232.0,34.0,131.0,1490.0,29.2,1.3,0.5,28.0,0.2,41.0,1.494,0.1833333333333333,2023.0
Rayasandra Lake,RYS,2023-10-15,12.856,77.6618,,,,,,,,,,,,,,,,10/23,4531.0,RAYASANDRA LAKE,"E (Irrigation, industrial cooling and controlled waste)",0.4,7.0,1286.0,24.0,5.1,2100.0,54000.0,3.0,392.0,5.0,392.0,184.0,157.0,8.489224137931034,1.4,392.0,200.0,192.0,27.0,152.0,878.0,106.45414847161572,2.0,0.5,36.0,0.3,43.0,3.3,4.5,2023.0
Rayasandra Lake,RYS,2024-03-08,12.856,77.6618,0.0787323042804843,0.1085065830143819,0.124927344495943,0.16079359687412,0.2095474443818641,0.2297667593635595,0.2314356624894394,0.2396717720360461,0.1725428013235707,-0.3576375101683434,-0.3732926275546389,0.1388542782491773,0.0585443980033455,1.1345019629660045,1.3496960155928066,03/24,4531.0,Rayasandra Lake,"E (Irrigation, industrial cooling and controlled waste)",0.3,7.7,2250.0,66.0,8.6,1700.0,7900.0,3.0,524.0,5.0,524.0,380.0,328.0,5.8,4.9,612.0,308.0,304.0,92.0,180.0,1562.0,10.0,0.69,0.5,45.0,0.46,37.0,3.2,1.93,2024.0
Rayasandra Lake,RYS,2024-04-07,12.856,77.6618,0.0590517776682624,0.0968395172712353,0.1239834976010719,0.1649244015770204,0.220755649816953,0.2462644290340749,0.2503338566600955,0.2636494297381019,0.1884790868769362,-0.4591649492533759,-0.4810557656200706,0.1850638339348977,0.0932051409895793,1.2317279395202898,1.6554160349242752,04/24,4531.0,Rayasandra Lake,"E (Irrigation, industrial cooling and controlled waste)",0.3,7.5,2158.0,66.0,8.9,3200.0,14000.0,3.0,564.0,5.0,564.0,420.0,219.0,36.0,29.0,436.0,220.0,216.0,43.0,268.0,1470.0,36.0,5.8,0.5,40.0,0.23,54.0,7.9,13.0,2024.0
Rayasandra Lake,RYS,2024-05-07,12.856,77.6618,,,,,,,,,,,,,,,,05/24,4531.0,Rayasandra Lake,"E (Irrigation, industrial cooling and controlled waste)",0.9,7.1,1917.0,41.0,6.7,6800.0,33000.0,3.0,380.0,5.0,380.0,308.0,208.0,28.0,20.0,376.0,196.0,180.0,28.0,179.0,1264.0,10.0,1.2,0.5,3.0,0.2,48.0,4.0,3.3,2024.0
Rayasandra Lake,RYS,2024-06-16,12.856,77.6618,,,,,,,,,,,,,,,,06/24,4531.0,Rayasandra Lake,"E (Irrigation, industrial cooling and controlled waste)",1.5,7.0,1554.0,15.0,5.26,14000.0,49000.0,3.0,436.0,5.0,436.0,244.0,148.0,4.16,3.2,420.0,216.0,204.0,24.0,150.0,1052.0,14.0,0.7,0.5,19.0,0.53,42.0,3.2,1.8,2024.0
Rayasandra Lake,RYS,2024-12-23,12.856,77.6618,,,,,,,,,,,,,,,,12/24,4531.0,Rayasandra Lake,"E (Irrigation, industrial cooling and controlled waste)",3.0,7.1,1732.0,15.0,6.1,11000.0,46000.0,3.0,404.0,5.0,404.0,292.0,156.0,7.8,6.1,472.0,240.0,232.0,70.0,139.0,1174.0,40.0,0.58,0.5,35.0,0.36,37.0,2.78,1.66,2024.0
Rayasandra Lake,RYS,2025-01-12,12.856,77.6618,0.0377307448606026,0.0662046539417164,0.0591427097830413,0.1070081526330611,0.2362616657279639,0.2702882075471698,0.2704994086172909,0.1836794740918051,0.1146349338214586,-0.6094577064542833,-0.4837082888019653,0.3374227647888073,-0.0982791546719618,0.8396462933583024,2.285603828171936,01/25,4531.0,Rayasandra Lake,"E (Irrigation, industrial cooling and controlled waste)",0.3,7.6,1849.0,31.0,7.0,1200.0,7900.0,3.0,504.0,5.0,504.0,364.0,190.0,54.6,42.0,456.0,228.0,228.0,43.0,191.0,1294.0,16.0,2.8,0.5,29.0,0.2,46.0,4.0,6.6,2025.0
Rayasandra Lake,RYS,2025-02-06,12.856,77.6618,0.0583352787947056,0.079503527480791,0.0804490567016082,0.1173818853843987,0.2003645980005632,0.2287359335398482,0.2403948641227822,0.1910239333990425,0.1335723141368628,-0.5031684802946286,-0.4129941704052967,0.2098444395847371,-0.0103774743044986,0.9896824540565488,1.5960006073429724,02/25,4531.0,Rayasandra Lake,"E (Irrigation, industrial cooling and controlled waste)",1.9,7.3,2210.0,35.0,8.5,1200.0,7900.0,3.0,548.0,5.0,548.0,416.0,241.0,50.7,39.0,492.0,248.0,244.0,44.0,231.0,1524.0,28.0,1.0,0.5,34.0,0.2,48.0,4.5,2.4,2025.0
Rayasandra Lake,RYS,2025-03-13,12.856,77.6618,0.049519614193185,0.0789148057715233,0.0945810229414971,0.1396764186144747,0.2007135032385245,0.222568677837229,0.2331239122782313,0.2262392671078568,0.1602624647986481,-0.4986855268610726,-0.4903909110888756,0.2220996367742506,0.077237872503312,1.1837855394456676,1.6685552275330406,03/25,4531.0,Rayasandra Lake,"E (Irrigation, industrial cooling and controlled waste)",1.8,7.5,1962.0,35.0,6.0,2200.0,35000.0,3.0,576.0,5.0,576.0,412.0,204.0,42.8,36.0,436.0,224.0,212.0,5.794871794871796,189.0,1334.0,28.0,1.8,0.5,33.0,0.25,46.0,3.9,0.05,2025.0
Rayasandra Lake,RYS,2025-04-04,12.856,77.6618,,,,,,,,,,,,,,,,04/25,4531.0,Rayasandra Lake,"E (Irrigation, industrial cooling and controlled waste)",0.3,7.2,1597.0,30.0,6.4,1400.0,7900.0,3.0,428.0,5.0,428.0,376.0,240.0,16.0,13.0,356.0,184.0,172.0,43.0,117.0,1088.0,10.0,0.68,0.5,14.0,0.21,46.0,3.35,1.97,2025.0
Rayasandra Lake,RYS,2025-05-07,12.856,77.6618,,,,,,,,,,,,,,,,05/25,4531.0,Rayasandra Lake,E,1.2,7.2,1578.0,26.0,6.4,11000.0,79000.0,3.0,380.0,5.0,380.0,216.0,192.0,4.6,3.7,356.0,184.0,172.0,23.0,121.0,1070.0,70.0,1.35,0.5,12.0,0.25,41.0,2.79,3.88,2025.0
Rayasandra Lake,RYS,2025-06-06,12.856,77.6618,,,,,,,,,,,,,,,,06/25,4531.0,Rayasandra Lake,E,0.6,7.6,1811.0,67.0,6.9,2400.0,14000.0,3.0,420.0,5.0,420.0,300.0,348.0,27.0,23.0,492.0,248.0,244.0,74.0,145.0,1230.0,26.0,0.67,0.5,36.0,0.2,37.0,2.84,1.93,2025.0
Sankey Tank,SNK,2023-08-21,13.0069,77.575,,,,,,,,,,,,,,,,08/23,3594.0,SANKEY TANK,"D (Propagation of wild life,fisheries)",4.9,7.6,549.0,7.0,1.6,460.0,16000.0,8.81904761904762,156.0,5.0,156.0,84.0,69.0,3.267619047619048,0.57,148.0,80.0,68.0,9.0,54.0,374.0,24.057142857142857,0.23,0.5,7.0,0.23,41.0,1.6911428571428573,0.3261904761904762,2023.0
Sankey Tank,SNK,2024-03-08,13.0069,77.575,0.0976806738962045,0.1182540349828094,0.1280624429164688,0.1590740264770087,0.2080314731356947,0.2316871699176114,0.2304976339694388,0.2396326350257025,0.1969614146891065,-0.3217026522597335,-0.3485620589924607,0.1243943647809443,0.0318023332695049,1.0704205697420586,1.3256613855419042,03/24,3594.0,Sankey Tank,"D (Propagation of wild life,fisheries)",5.8,7.9,576.0,7.0,2.2,320.0,3500.0,3.0,136.0,5.0,136.0,76.0,66.0,1.5,0.8,132.0,72.0,60.0,16.0,62.0,408.0,10.0,0.2,0.5,17.0,0.2,47.0,2.4,0.4,2024.0
Sankey Tank,SNK,2024-04-07,13.0069,77.575,0.0982821244982748,0.1257557428707744,0.1408694844027162,0.1745646010844309,0.2374903633546937,0.2657305119357792,0.2664180902753327,0.2731308147313569,0.223643053306105,-0.3638056266737526,-0.38752765744405,0.135795833057619,0.0461210099503283,1.1053647483348368,1.3978134203598969,04/24,3594.0,Sankey Tank,"D (Propagation of wild life,fisheries)",4.8,8.0,612.0,7.0,2.3,170.0,2400.0,3.0,144.0,5.0,144.0,80.0,83.0,1.5,0.7,132.0,72.0,60.0,10.0,67.0,398.0,16.0,0.2,0.5,9.0,0.2,50.0,2.55,0.2,2024.0
Sankey Tank,SNK,2024-05-07,13.0069,77.575,0.1082183895500317,0.1363743643134278,0.1479581292935331,0.1834483064572917,0.2538223857474826,0.2871576473487783,0.2837089465530597,0.2844818322653334,0.2321503203999718,-0.3588723167528908,-0.3741083039432931,0.1399114945569448,0.0303267240512245,1.0753390117037054,1.4354582436841683,05/24,3594.0,Sankey Tank,"D (Propagation of wild life,fisheries)",6.1,7.9,568.0,6.0,9.6,400.0,16000.0,3.0,148.0,5.0,148.0,76.0,56.0,1.5,0.72,128.0,68.0,60.0,5.0,72.0,388.0,10.0,0.2,0.5,12.0,0.2,52.0,0.36,0.05,2024.0
Sankey Tank,SNK,2024-06-16,13.0069,77.575,,,,,,,,,,,,,,,,06/24,3594.0,Sankey Tank,"D (Propagation of wild life,fisheries)",5.7,7.3,627.0,5.0,2.52,17.0,1600.0,3.0,136.0,5.0,136.0,72.0,48.0,1.5,0.4,188.0,100.0,88.0,16.75,50.0,420.0,16.0,0.2,0.5,3.0,0.22,38.0,2.0,0.05,2024.0
Sankey Tank,SNK,2024-12-23,13.0069,77.575,,,,,,,,,,,,,,,,12/24,3594.0,Sankey Tank,"D (Propagation of wild life,fisheries)",5.8,7.4,524.0,5.0,1.8,680.0,4100.0,3.0,124.0,5.0,124.0,56.0,64.0,1.5,0.49,152.0,84.0,68.0,16.0,53.0,350.0,10.0,0.2,0.5,8.0,0.2,41.0,1.9,0.05,2024.0
Sankey Tank,SNK,2025-01-12,13.0069,77.575,0.0802688190972467,0.0940618196360803,0.0979080309750484,0.12716685444687,0.1754475494683472,0.1969223575804521,0.1931744208154355,0.2111922364622211,0.1663327829026124,-0.3534141009283741,-0.4011532767141708,0.1614851902301993,0.0045897672437094,1.0265333942239645,1.506651200788981,01/25,3594.0,Sankey Tank,"D (Propagation of wild life,fisheries)",7.0,7.5,576.0,4.0,2.2,120.0,2400.0,3.0,148.0,5.0,148.0,72.0,47.0,1.5,0.4,136.0,76.0,60.0,15.0,56.0,392.0,10.0,0.2,0.5,8.0,0.24,45.0,2.1,0.05,2025.0
Sankey Tank,SNK,2025-02-06,13.0069,77.575,0.0921526969931695,0.1040981553214766,0.1099050695049172,0.1307646961481585,0.165685796774875,0.1869107844517991,0.1908836173508908,0.2103014893317372,0.1855664178578974,-0.3091879669258337,-0.3534118503686554,0.1077925397268581,0.0230126585866768,1.0517393532689825,1.2921196511892763,02/25,3594.0,Sankey Tank,"D (Propagation of wild life,fisheries)",6.5,7.2,652.0,4.0,2.5,170.0,1300.0,3.0,164.0,5.0,164.0,64.0,44.0,1.5,0.4,136.0,76.0,60.0,20.0,49.0,442.0,10.0,0.2,0.5,8.0,0.2,42.0,1.8,0.2,2025.0
Sankey Tank,SNK,2025-03-13,13.0069,77.575,0.0936943525103866,0.1157934723187018,0.1259479193825113,0.1590561756214352,0.2122889796493206,0.2320676431237237,0.2383703964509543,0.2414586613618759,0.20010222167453,-0.3549508866620459,-0.370782793267119,0.1494370481618192,0.0275595141046789,1.0700564731651925,1.4783178207985674,03/25,3594.0,Sankey Tank,"D (Propagation of wild life,fisheries)",5.6,7.1,454.0,6.0,1.6,140.0,840.0,3.0,148.0,5.0,148.0,68.0,56.0,1.5,0.4,172.0,92.0,80.0,7.769230769230769,65.0,306.0,10.0,0.2,0.5,9.0,0.28,44.0,2.0,0.05,2025.0
Sankey Tank,SNK,2025-04-04,13.0069,77.575,,,,,,,,,,,,,,,,04/25,3594.0,Sankey Tank,"D (Propagation of wild life,fisheries)",6.9,7.4,494.0,4.0,2.0,63.0,540.0,3.0,164.0,5.0,164.0,76.0,48.0,1.5,0.4,144.0,72.0,72.0,8.5,54.0,340.0,10.0,0.2,0.5,6.0,0.26,43.0,1.0,0.11,2025.0
Sankey Tank,SNK,2025-05-07,13.0069,77.575,,,,,,,,,,,,,,,,05/25,3594.0,Sankey Tank,D,5.0,7.2,570.0,5.0,2.2,170.0,3500.0,3.0,128.0,5.0,128.0,92.0,52.0,1.5,0.42,152.0,80.0,72.0,23.0,56.0,392.0,10.0,0.2,0.5,12.0,0.41,42.0,2.0,0.23,2025.0
Sankey Tank,SNK,2025-06-06,13.0069,77.575,,,,,,,,,,,,,,,,06/25,3594.0,Sankey Tank,D,6.5,7.0,496.0,4.0,1.9,17.0,1600.0,3.0,112.0,5.0,112.0,80.0,45.0,1.5,0.4,132.0,72.0,60.0,20.0,48.0,332.0,10.0,0.2,0.5,10.0,0.22,41.0,1.81,0.05,2025.0
Sarakki Lake,SRK,2023-08-21,12.9201,77.572,,,,,,,,,,,,,,,,08/23,4504.0,SARAKKI LAKE,"D (Propagation of wild life,fisheries)",5.0,7.4,813.0,7.0,2.4,490.0,16000.0,5.971428571428572,232.0,5.0,232.0,124.0,68.0,3.968571428571429,0.61,220.0,116.0,104.0,13.0,80.0,552.0,20.11428571428571,0.34,0.5,10.0,0.35,41.0,1.8422857142857143,0.4357142857142857,2023.0
Sarakki Lake,SRK,2023-10-15,12.9201,77.572,,,,,,,,,,,,,,,,10/23,4504.0,SARAKKI LAKE,"D (Propagation of wild life,fisheries)",5.7,7.5,711.0,4.0,2.73,790.0,16000.0,3.0,160.0,5.0,160.0,116.0,48.0,10.244612068965518,0.73,192.0,100.0,92.0,29.0,67.0,496.0,74.22707423580786,0.21,0.5,14.0,0.2,41.0,2.1,0.47,2023.0
Sarakki Lake,SRK,2024-03-08,12.9201,77.572,0.1162731435207996,0.1374840923340679,0.1529700606230164,0.1730973921306398,0.1843966073062574,0.1940207890476525,0.1915839445343844,0.2314530020412472,0.2149584219046948,-0.1686386416281683,-0.2609600622207607,0.068883347943514,0.0515881456828395,1.1112690216557235,1.164121049272529,03/24,4504.0,Sarakki Lake,"D (Propagation of wild life,fisheries)",5.1,7.8,955.0,4.0,3.67,260.0,3500.0,3.0,220.0,5.0,220.0,160.0,44.0,1.5,0.61,252.0,132.0,120.0,39.0,89.0,650.0,10.0,0.25,0.5,19.0,0.38,41.0,2.4,0.7,2024.0
Sarakki Lake,SRK,2024-04-07,12.9201,77.572,0.1303009748715423,0.1576818400798462,0.1795707607798227,0.2020965650735554,0.2166925388892799,0.2281283698176955,0.2268993348349406,0.2762482649398185,0.2574145034138102,-0.184872522485177,-0.2812606497492304,0.0681366953610671,0.0631682426791054,1.1371474612374326,1.1685754153577828,04/24,4504.0,Sarakki Lake,"D (Propagation of wild life,fisheries)",4.2,8.2,1000.0,6.8,4.0,2100.0,7000.0,3.0,212.0,5.0,212.0,140.0,68.0,1.5,0.4,176.0,92.0,84.0,5.0,109.0,680.0,48.0,0.23,0.5,35.0,0.21,52.0,4.0,0.57,2024.0
Sarakki Lake,SRK,2024-05-07,12.9201,77.572,0.1412684873653832,0.16885866462844,0.1862152885368204,0.2088087280917857,0.2233438305060886,0.2414473463785458,0.2320512810586331,0.2803491271908214,0.2507191032589568,-0.1655893173252837,-0.2625759645296049,0.0716512191233615,0.046537370424732,1.10385447593267,1.2033195812067012,05/24,4504.0,Sarakki Lake,"D (Propagation of wild life,fisheries)",5.2,8.6,1066.0,7.0,3.7,140.0,1300.0,56.0,152.0,28.0,208.0,136.0,68.0,1.5,0.4,196.0,104.0,92.0,32.0,139.0,702.0,20.0,0.31,0.5,37.0,0.24,55.0,4.0,0.87,2024.0
Sarakki Lake,SRK,2024-06-16,12.9201,77.572,,,,,,,,,,,,,,,,06/24,4504.0,Sarakki Lake,"D (Propagation of wild life,fisheries)",5.2,8.1,953.0,9.0,3.84,1400.0,7000.0,3.0,168.0,5.0,168.0,120.0,84.0,1.5,0.76,196.0,104.0,92.0,32.4,80.0,638.0,20.0,0.71,0.5,8.0,0.28,45.0,2.0,1.74,2024.0
Sarakki Lake,SRK,2024-12-23,12.9201,77.572,,,,,,,,,,,,,,,,12/24,4504.0,Sarakki Lake,"D (Propagation of wild life,fisheries)",6.6,7.4,700.0,4.0,2.7,200.0,1200.0,3.0,160.0,5.0,160.0,116.0,48.0,1.5,0.4,188.0,100.0,88.0,28.0,28.0,482.0,18.0,0.2,0.5,14.0,0.29,42.0,2.13,0.48,2024.0
Sarakki Lake,SRK,2025-01-12,12.9201,77.572,0.1026560815091151,0.1177701772373985,0.1262779262888645,0.1411287287956641,0.1522197191525303,0.1628234884212009,0.1593280565918209,0.193541905398747,0.171026962060956,-0.1604134449003681,-0.2579040494594294,0.0699054661108147,0.0346035610920711,1.0744350555751263,1.1812390182806425,01/25,4504.0,Sarakki Lake,"D (Propagation of wild life,fisheries)",6.5,6.5,813.0,4.0,3.28,140.0,3500.0,3.0,160.0,5.0,160.0,88.0,40.0,1.5,0.51,164.0,88.0,76.0,36.0,82.0,558.0,10.0,0.2,0.5,22.0,0.2,48.0,2.78,0.13,2025.0
Sarakki Lake,SRK,2025-02-06,12.9201,77.572,0.1112395896389103,0.1247230623366588,0.1344602836251779,0.1475837509678327,0.1571160167523052,0.1709730872105299,0.1739865594425284,0.2017297986907861,0.1934852044766663,-0.1748338957184281,-0.2492814133470487,0.0599187209778799,0.0371313908405096,1.0852378183550524,1.159004014271741,02/25,4504.0,Sarakki Lake,"D (Propagation of wild life,fisheries)",5.4,7.9,817.0,4.0,3.14,260.0,2800.0,3.0,164.0,5.0,164.0,100.0,39.0,1.5,0.8,168.0,98.0,70.0,5.0,87.0,554.0,32.0,0.2,0.5,26.0,0.2,48.0,2.91,0.05,2025.0
Sarakki Lake,SRK,2025-03-13,12.9201,77.572,0.1279647004997536,0.1500813363198231,0.1660496620635062,0.1820598965298795,0.1930896037164777,0.2038547511789963,0.2085947877806716,0.2421880938973745,0.2246931477440699,-0.1762120037812196,-0.2500640945682116,0.0599467106431864,0.0529396440597291,1.114983508426123,1.1637941734651869,03/25,4504.0,Sarakki Lake,"D (Propagation of wild life,fisheries)",5.1,7.7,884.0,6.0,3.3,170.0,1200.0,3.0,180.0,5.0,180.0,112.0,68.0,1.5,0.6,188.0,100.0,88.0,6.435897435897436,71.0,598.0,14.0,0.2,0.5,31.0,0.33,40.0,2.24,0.05,2025.0
Sarakki Lake,SRK,2025-04-04,12.9201,77.572,,,,,,,,,,,,,,,,04/25,4504.0,Sarakki Lake,"D (Propagation of wild life,fisheries)",4.2,8.0,1051.0,5.0,4.0,25.0,1600.0,3.0,184.0,5.0,184.0,136.0,56.0,1.5,0.42,204.0,108.0,96.0,50.0,102.0,716.0,10.0,0.2,0.5,21.0,0.31,49.0,3.1,0.41,2025.0
Sarakki Lake,SRK,2025-05-07,12.9201,77.572,,,,,,,,,,,,,,,,05/25,4504.0,Sarakki Lake,D,5.0,8.2,801.0,6.0,4.2,260.0,2200.0,3.0,164.0,5.0,164.0,120.0,52.0,1.5,0.4,196.0,96.0,100.0,48.0,98.0,534.0,18.0,0.2,0.5,20.0,0.28,49.0,4.48,0.41,2025.0
Sarakki Lake,SRK,2025-06-06,12.9201,77.572,,,,,,,,,,,,,,,,06/25,4504.0,Sarakki Lake,D,6.6,7.9,626.0,5.0,2.4,25.0,920.0,3.0,148.0,5.0,148.0,112.0,52.0,1.8,1.4,132.0,68.0,27.0,22.0,78.0,426.0,16.0,0.2,0.5,2.0,0.28,55.0,3.0,0.18,2025.0
Shivapura Tank,SHP,2023-08-21,13.061,77.51,,,,,,,,,,,,,,,,08/23,3600.0,SHIVAPURA TANK,"E (Irrigation, industrial cooling and controlled waste)",0.3,7.0,2620.0,70.0,8.8,46000.0,540000.0,10.428571428571429,612.0,5.0,612.0,444.0,317.0,2.871428571428572,12.9,660.0,336.0,324.0,48.0,177.0,1836.0,26.285714285714285,0.63,0.5,52.0,0.26,41.0,1.605714285714286,0.2642857142857143,2023.0
Shivapura Tank,SHP,2023-10-15,13.061,77.51,,,,,,,,,,,,,,,,10/23,3600.0,SHIVAPURA TANK,"E (Irrigation, industrial cooling and controlled waste)",1.8,7.3,2320.0,27.0,8.89,8400.0,92000.0,3.0,540.0,5.0,540.0,392.0,170.0,9.464439655172413,3.9,620.0,316.0,304.0,94.0,166.0,1630.0,88.55021834061135,0.8,0.5,46.0,0.49,35.0,540.0,1.78,2023.0
Shivapura Tank,SHP,2024-05-07,13.061,77.51,0.1155871795774648,0.1558591130911046,0.1988496803736289,0.2289054929577467,0.25171375,0.2715716302816902,0.2743791866197185,0.3234916901408454,0.2766789471830987,-0.2784165830203339,-0.3526587702669478,0.0763009834912371,0.1225772349018105,1.2870718618678385,1.1791842315742995,05/24,3600.0,Shivapura Tank,"E (Irrigation, industrial cooling and controlled waste)",3.2,6.6,1032.0,18.0,4.2,140.0,2400.0,3.0,64.0,5.0,64.0,92.0,136.0,4.7,3.6,304.0,156.0,148.0,134.0,92.0,690.0,10.0,3.5,0.5,8.0,0.22,39.0,2.0,9.15,2024.0
Shivapura Tank,SHP,2024-06-16,13.061,77.51,,,,,,,,,,,,,,,,06/24,3600.0,Shivapura Tank,"E (Irrigation, industrial cooling and controlled waste)",3.4,6.5,702.0,16.0,2.44,11000.0,46000.0,3.0,44.0,5.0,44.0,64.0,112.0,2.4,1.7,284.0,112.0,172.0,124.0,57.0,474.0,10.0,0.27,0.5,9.0,0.21,51.0,1.0,0.72,2024.0
Shivapura Tank,SHP,2024-12-23,13.061,77.51,,,,,,,,,,,,,,,,12/24,3600.0,Shivapura Tank,"D (Propagation of wild life,fisheries)",5.8,7.2,700.0,9.0,2.7,170.0,1300.0,3.0,136.0,5.0,136.0,104.0,86.0,1.5,0.9,156.0,84.0,72.0,39.0,78.0,476.0,20.0,0.3,0.5,9.0,0.2,50.0,3.0,0.8,2024.0
Shivapura Tank,SHP,2025-01-12,13.061,77.51,0.0974721056338028,0.1227791200664787,0.141260081299279,0.1634228767605635,0.187467443661972,0.2010734929577464,0.1983144894366198,0.2255223380281691,0.19150075,-0.237833696205005,-0.2993918674345815,0.0803776157649562,0.0710784584118854,1.1572777262874991,1.1936304983102322,01/25,3600.0,Shivapura Tank,"E (Irrigation, industrial cooling and controlled waste)",2.3,8.5,766.0,22.0,1.6,920.0,9400.0,16.0,68.0,8.0,76.0,104.0,141.0,1.5,0.6,128.0,68.0,60.0,31.0,162.0,520.0,98.0,0.2,0.5,8.0,0.2,31.0,3.1,0.3,2025.0
Shivapura Tank,SHP,2025-02-06,13.061,77.51,0.115377397887324,0.1390420424626013,0.1621747891227125,0.1823091056338028,0.2024191267605634,0.2176793697183098,0.2237567464788733,0.2522853063380278,0.2257087183098594,-0.2351969975691985,-0.2914208618913415,0.0649303829760888,0.0765196764428517,1.172351398746185,1.1547288281158603,02/25,3600.0,Shivapura Tank,"D (Propagation of wild life,fisheries)",4.2,7.4,610.0,6.0,1.7,930.0,13000.0,3.0,168.0,5.0,168.0,96.0,61.0,1.5,0.4,188.0,104.0,84.0,20.0,72.0,456.0,14.0,0.2,0.5,10.0,0.22,44.0,2.3,0.28,2025.0
Shivapura Tank,SHP,2025-03-13,13.061,77.51,0.1208572535211268,0.1542409613306149,0.1853535527924838,0.211279309859155,0.2397222676056339,0.2550391091549298,0.2615665422535211,0.2899118556338029,0.247784676056338,-0.2614835251321917,-0.3105568262881917,0.0726827306008646,0.0927345623927179,1.2130925915365895,1.1731281994964815,03/25,3600.0,Shivapura Tank,"E (Irrigation, industrial cooling and controlled waste)",1.7,7.2,757.0,39.0,2.6,1200.0,8400.0,3.0,120.0,5.0,120.0,140.0,256.0,21.2,14.8,196.0,104.0,92.0,7.615384615384615,99.0,512.0,42.0,0.2,0.5,10.0,0.32,51.0,3.0,0.41,2025.0
Shivapura Tank,SHP,2025-04-04,13.061,77.51,,,,,,,,,,,,,,,,04/25,3600.0,Shivapura Tank,"E (Irrigation, industrial cooling and controlled waste)",2.8,6.7,1184.0,19.0,4.55,1400.0,9400.0,3.0,140.0,5.0,140.0,152.0,156.0,2.1,1.4,160.0,94.0,66.0,51.0,132.0,790.0,10.0,0.2,0.5,23.0,0.3,60.0,4.55,0.05,2025.0
Shivapura Tank,SHP,2025-05-07,13.061,77.51,,,,,,,,,,,,,,,,05/25,3600.0,Shivapura Tank,E,2.8,6.9,532.0,20.0,2.0,2300.0,7900.0,3.0,88.0,5.0,88.0,56.0,148.0,1.5,0.98,152.0,76.0,76.0,95.0,58.0,362.0,164.0,0.51,0.5,6.0,0.33,44.0,2.0,1.2,2025.0
Shivapura Tank,SHP,2025-06-06,13.061,77.51,,,,,,,,,,,,,,,,06/25,3600.0,Shivapura Tank,D,4.3,7.1,661.0,4.0,2.6,2100.0,5800.0,3.0,148.0,5.0,148.0,108.0,44.0,1.5,0.9,176.0,92.0,84.0,27.0,65.0,452.0,46.0,0.2,0.5,15.0,0.2,42.0,2.13,0.23,2025.0
Singapura Lake,SGP,2023-08-21,13.0906,77.582,,,,,,,,,,,,,,,,08/23,4508.0,SINGAPURA LAKE,"D (Propagation of wild life,fisheries)",5.4,7.2,758.0,4.0,2.91,4100.0,35000.0,9.80952380952381,172.0,5.0,172.0,124.0,45.0,3.023809523809524,0.4,204.0,108.0,96.0,31.0,70.0,530.0,25.42857142857143,0.2,0.5,15.0,0.2,41.0,1.6385714285714286,0.2880952380952381,2023.0
Singapura Lake,SGP,2023-10-15,13.0906,77.582,,,,,,,,,,,,,,,,10/23,4508.0,SINGAPURA LAKE,"D (Propagation of wild life,fisheries)",5.8,7.6,408.0,5.0,1.0,3400.0,35000.0,3.0,80.0,5.0,80.0,56.0,60.0,11.375862068965516,0.4,140.0,76.0,64.0,19.0,37.0,278.0,53.45851528384279,0.31,0.5,11.0,0.2,34.0,2.0,0.96,2023.0
Singapura Lake,SGP,2024-03-08,13.0906,77.582,0.1201752772594444,0.1553266135213623,0.1909687075241537,0.2177046473964017,0.2320077562229343,0.2429046473964018,0.2427094321022425,0.298181174523818,0.2570241136499664,-0.220691159346403,-0.31566990408586,0.0686248213391833,0.1021228013956513,1.2315990102505558,1.1561053081543675,03/24,4508.0,Singapura Lake,"E (Irrigation, industrial cooling and controlled waste)",2.2,7.9,755.0,19.0,3.0,2200.0,9400.0,3.0,200.0,5.0,200.0,104.0,168.0,3.12,2.4,192.0,100.0,92.0,10.0,49.0,513.0,60.0,0.52,0.5,22.0,0.21,33.0,2.0,0.81,2024.0
Singapura Lake,SGP,2024-05-07,13.0906,77.582,0.1394522374397071,0.1857664680106264,0.2282793038588856,0.2567359891560751,0.2672789846143011,0.281196176460233,0.2728835334295674,0.3332282329331408,0.2756145336760202,-0.1934483248007183,-0.2883229741498538,0.0622587296471841,0.1057009079785181,1.242262616068868,1.142820979111362,05/24,4508.0,Singapura Lake,"E (Irrigation, industrial cooling and controlled waste)",1.0,7.4,1024.0,39.0,3.5,1700.0,13000.0,3.0,268.0,5.0,268.0,148.0,216.0,6.7,4.4,216.0,116.0,100.0,15.0,97.0,688.0,52.0,0.97,0.5,29.0,0.28,46.0,3.0,2.5,2024.0
Singapura Lake,SGP,2024-06-16,13.0906,77.582,,,,,,,,,,,,,,,,06/24,4508.0,Singapura Lake,"D (Propagation of wild life,fisheries)",7.9,6.8,666.0,4.0,2.3,4300.0,14000.0,3.0,188.0,5.0,188.0,100.0,44.0,1.5,0.71,204.0,108.0,96.0,24.0,80.0,452.0,144.0,1.1,0.5,18.0,0.36,43.0,2.0,3.1,2024.0
Singapura Lake,SGP,2024-12-23,13.0906,77.582,,,,,,,,,,,,,,,,12/24,4508.0,Singapura Lake,"D (Propagation of wild life,fisheries)",6.0,7.6,420.0,7.0,1.9,310.0,3500.0,3.0,112.0,5.0,112.0,44.0,53.0,1.5,0.4,92.0,48.0,44.0,9.0,36.0,288.0,18.0,0.2,0.5,9.0,0.2,43.0,1.6,0.22,2024.0
Singapura Lake,SGP,2025-01-12,13.0906,77.582,0.1072462979262754,0.1356588636125237,0.1538141714600812,0.1807088546984471,0.2052667218251593,0.2141199767630177,0.2116493187339365,0.2404603915079394,0.1970798718445234,-0.2203240965716227,-0.2829888097025169,0.0896519744881948,0.0602189449311807,1.13330485787962,1.219080159056481,01/25,4508.0,Singapura Lake,"D (Propagation of wild life,fisheries)",4.9,7.8,849.0,7.0,3.3,260.0,2200.0,3.0,172.0,5.0,172.0,108.0,68.0,1.5,0.4,156.0,88.0,68.0,23.0,83.0,578.0,16.0,0.2,0.5,19.0,0.2,50.0,3.0,0.5,2025.0
Singapura Lake,SGP,2025-02-06,13.0906,77.582,0.114260233073971,0.1433061364048829,0.1680891307473048,0.1894618033306341,0.2111178220610498,0.2224405414920959,0.2300470513678131,0.2576105411400202,0.2283820019012079,-0.2346468657630724,-0.2886950073705887,0.0655515748703515,0.0794519187237941,1.1750458732677524,1.1527233135609063,02/25,4508.0,Singapura Lake,"E (Irrigation, industrial cooling and controlled waste)",3.1,7.3,1015.0,11.0,3.9,2100.0,11000.0,3.0,168.0,5.0,168.0,152.0,109.0,2.04,1.7,208.0,122.0,86.0,35.0,98.0,682.0,16.0,0.2,0.5,33.0,0.2,46.0,2.95,0.46,2025.0
Singapura Lake,SGP,2025-03-13,13.0906,77.582,0.1270002992641622,0.166259204429159,0.2017014122127739,0.2266368904693166,0.2478291201633629,0.2566446114847022,0.2636331866352145,0.3007338767031652,0.2530791465690243,-0.2303425499323216,-0.291668901616456,0.0626906227089059,0.0988038068026539,1.2251129891754624,1.1442438380829292,03/25,4508.0,Singapura Lake,"D (Propagation of wild life,fisheries)",4.5,7.1,521.0,6.0,1.96,430.0,2800.0,3.0,204.0,5.0,204.0,84.0,54.0,1.5,0.5,156.0,84.0,72.0,6.333333333333334,51.0,354.0,10.0,0.2,0.5,8.0,0.25,40.0,2.0,0.18,2025.0
Singapura Lake,SGP,2025-04-04,13.0906,77.582,,,,,,,,,,,,,,,,04/25,4508.0,Singapura Lake,"D (Propagation of wild life,fisheries)",4.3,7.9,889.0,9.0,3.6,1700.0,17000.0,3.0,176.0,5.0,176.0,116.0,88.0,1.5,0.72,188.0,100.0,88.0,14.0,76.0,598.0,10.0,0.2,0.5,7.0,0.27,46.0,2.4,0.41,2025.0
Singapura Lake,SGP,2025-05-07,13.0906,77.582,,,,,,,,,,,,,,,,05/25,4508.0,Singapura Lake,E,3.3,8.4,606.0,7.0,2.33,1200.0,7900.0,3.0,192.0,5.0,192.0,88.0,71.0,1.5,0.4,136.0,90.0,46.0,7.0,71.0,414.0,20.0,0.2,0.5,14.0,0.43,50.0,2.66,0.35,2025.0
Singapura Lake,SGP,2025-06-06,13.0906,77.582,,,,,,,,,,,,,,,,06/25,4508.0,Singapura Lake,D,6.0,7.4,385.0,5.0,1.5,340.0,2400.0,3.0,116.0,5.0,116.0,56.0,65.0,1.5,0.4,140.0,72.0,68.0,8.0,39.0,266.0,10.0,0.2,0.5,5.0,0.29,36.0,1.4,0.13,2025.0
Singasandra Lake,SGS,2023-08-21,12.8985,77.6171,,,,,,,,,,,,,,,,08/23,3618.0,SINGASANDRA LAKE,"D (Propagation of wild life,fisheries)",4.7,8.0,898.0,7.0,3.0,2200.0,24000.0,5.723809523809524,192.0,5.0,192.0,128.0,88.0,4.02952380952381,0.48,240.0,128.0,112.0,28.0,94.0,604.0,19.77142857142857,2.0,0.5,28.0,0.28,41.0,1.8554285714285712,0.4452380952380952,2023.0
Singasandra Lake,SGS,2023-10-15,12.8985,77.6171,,,,,,,,,,,,,,,,10/23,3618.0,SINGASANDRA LAKE,"D (Propagation of wild life,fisheries)",4.1,7.5,859.0,13.0,2.5,2700.0,24000.0,3.0,244.0,5.0,244.0,132.0,125.0,10.673706896551725,0.91,232.0,124.0,108.0,13.0,84.0,586.0,66.34934497816593,0.36,0.5,11.0,0.44,28.5,1.25,2.025,2023.0
Singasandra Lake,SGS,2024-03-08,12.8985,77.6171,0.0974833356795945,0.1212787895229445,0.1331048953934466,0.1605947385091855,0.1946987576546772,0.2092873935383966,0.2083790912930246,0.2163232455831631,0.1801157668754839,-0.2711349567022179,-0.2915336645023098,0.1075167099191779,0.0418285557279493,1.0907085467629818,1.271608456219797,03/24,3618.0,Singasandra Lake,"D (Propagation of wild life,fisheries)",4.5,8.5,634.0,6.0,1.6,2200.0,4900.0,64.0,112.0,32.0,176.0,132.0,55.0,1.5,0.4,212.0,112.0,100.0,31.0,65.0,538.0,25.0,0.2,0.5,7.0,0.31,39.0,3.0,0.05,2024.0
Singasandra Lake,SGS,2024-04-07,12.8985,77.6171,0.0955555993524318,0.127788935090549,0.1484104025489627,0.1806392588160766,0.2190458084043077,0.235155057366087,0.2346344020553248,0.252419705074963,0.2115676462307313,-0.3102931767432653,-0.3451412836748008,0.1175172752915688,0.0743318417882518,1.169359747945133,1.310542421097769,04/24,3618.0,Singasandra Lake,"D (Propagation of wild life,fisheries)",5.2,7.1,1280.0,6.0,2.9,2100.0,17000.0,3.0,176.0,5.0,176.0,196.0,69.0,1.5,0.4,212.0,116.0,96.0,18.8,107.0,870.0,10.0,1.1,0.5,20.0,0.2,50.0,3.2,3.3,2024.0
Singasandra Lake,SGS,2024-05-07,12.8985,77.6171,0.2031785282879329,0.2302224841402768,0.2388795392240414,0.2587060027116972,0.273916985085665,0.3006989153210895,0.2900162578577591,0.285383692838654,0.236667891039073,-0.134464069618575,-0.1319611164511127,0.0598523415152541,0.0224019988624588,1.0482219082479705,1.1825659551502987,05/24,3618.0,Singasandra Lake,"E (Irrigation, industrial cooling and controlled waste)",3.4,8.1,1390.0,30.0,4.8,140.0,2400.0,3.0,328.0,5.0,328.0,188.0,160.0,2.3,1.6,296.0,156.0,140.0,19.0,132.0,928.0,84.0,0.48,0.5,33.0,0.22,46.0,3.0,1.0,2024.0
Singasandra Lake,SGS,2024-06-16,12.8985,77.6171,,,,,,,,,,,,,,,,06/24,3618.0,Singasandra Lake,"D (Propagation of wild life,fisheries)",5.4,8.0,533.0,6.0,1.85,240.0,3500.0,3.0,68.0,5.0,68.0,52.0,56.0,1.5,0.4,132.0,72.0,60.0,68.0,47.0,362.0,28.0,0.37,0.5,13.0,0.2,44.0,2.0,0.92,2024.0
Singasandra Lake,SGS,2024-12-23,12.8985,77.6171,,,,,,,,,,,,,,,,12/24,3618.0,Singasandra Lake,"D (Propagation of wild life,fisheries)",5.8,8.3,605.0,8.0,2.3,2100.0,7000.0,24.0,168.0,12.0,180.0,128.0,78.0,1.5,0.4,160.0,84.0,76.0,28.0,99.0,412.0,68.0,1.1,0.5,19.0,0.33,53.0,3.4,2.7,2024.0
Singasandra Lake,SGS,2025-01-12,12.8985,77.6171,0.0790039487576547,0.1003310867861419,0.1065001835545876,0.1307762018723165,0.1721473006264516,0.1868889068768916,0.1831890511719574,0.1812537411135355,0.1424177412543112,-0.3123391710482178,-0.3157003974192933,0.1349717048767489,0.0235797939518861,1.0525727032526209,1.3951922489614743,01/25,3618.0,Singasandra Lake,"D (Propagation of wild life,fisheries)",4.8,8.2,680.0,6.0,2.61,230.0,4300.0,3.0,168.0,5.0,168.0,92.0,51.0,1.5,0.9,172.0,92.0,80.0,32.0,74.0,460.0,74.0,7.73,0.5,10.0,0.2,47.0,2.45,18.23,2025.0
Singasandra Lake,SGS,2025-02-06,12.8985,77.6171,0.0888008411346519,0.1055736433409934,0.114371760238515,0.1341695079890194,0.165756275075667,0.1822707151404236,0.1850071267684943,0.1851663792496657,0.1594390265362146,-0.2934903751163958,-0.2980239262304424,0.1069308182717243,0.0360667313325047,1.0835256930348651,1.3001004410074082,02/25,3618.0,Singasandra Lake,"D (Propagation of wild life,fisheries)",5.4,8.0,955.0,8.0,3.67,140.0,4300.0,3.0,172.0,5.0,172.0,140.0,84.0,1.5,0.4,112.0,66.0,46.0,8.0,128.0,648.0,52.0,0.2,0.5,47.0,0.21,62.0,5.24,0.05,2025.0
Singasandra Lake,SGS,2025-03-13,12.8985,77.6171,0.0952234743436334,0.125060051650243,0.1412543187659576,0.1713444780741887,0.2052502217216865,0.2199450446962762,0.2249101640036603,0.2267265326951504,0.1854508904061378,-0.3110299711171424,-0.3186901861167422,0.125958931096328,0.0615069556104655,1.141277325504581,1.3637402712073754,03/25,3618.0,Singasandra Lake,"D (Propagation of wild life,fisheries)",5.3,8.5,1467.0,10.0,5.6,920.0,4800.0,88.0,384.0,44.0,428.0,236.0,108.0,2.22,1.7,396.0,200.0,196.0,7.205128205128205,144.0,1012.0,22.0,0.23,0.5,39.0,0.26,41.0,3.1,0.55,2025.0
Singasandra Lake,SGS,2025-04-04,12.8985,77.6171,,,,,,,,,,,,,,,,04/25,3618.0,Singasandra Lake,"E (Irrigation, industrial cooling and controlled waste)",1.2,7.4,982.0,42.0,3.77,130.0,3500.0,3.0,168.0,5.0,168.0,160.0,286.0,5.12,3.2,140.0,84.0,34.0,28.0,99.0,674.0,10.0,1.15,0.5,26.0,0.23,55.0,3.62,2.71,2025.0
Singasandra Lake,SGS,2025-05-07,12.8985,77.6171,,,,,,,,,,,,,,,,05/25,3618.0,Singasandra Lake,D,6.0,8.2,774.0,5.0,3.1,120.0,1700.0,3.0,108.0,5.0,108.0,128.0,48.0,1.5,0.4,84.0,48.0,36.0,29.0,63.0,528.0,18.0,0.2,0.5,5.0,0.31,60.0,3.0,0.36,2025.0
Singasandra Lake,SGS,2025-06-06,12.8985,77.6171,,,,,,,,,,,,,,,,06/25,3618.0,Singasandra Lake,D,6.2,7.8,1369.0,4.0,5.3,310.0,3500.0,3.0,188.0,5.0,188.0,308.0,48.0,1.5,0.4,228.0,120.0,108.0,94.0,178.0,918.0,32.0,0.2,0.5,43.0,0.56,58.0,5.0,0.16,2025.0
Somasundrapalya Lake,SMP,2023-08-21,12.922,77.636,,,,,,,,,,,,,,,,08/23,3622.0,SOMASUNDRAPALYA LAKE,"D (Propagation of wild life,fisheries)",4.5,7.4,796.0,8.0,2.0,4800.0,54000.0,8.323809523809524,184.0,5.0,184.0,116.0,90.0,3.3895238095238094,0.4,196.0,112.0,84.0,10.0,82.0,546.0,23.371428571428577,0.24,0.5,12.0,0.21,41.0,1.7174285714285715,0.3452380952380952,2023.0
Somasundrapalya Lake,SMP,2023-10-15,12.922,77.636,,,,,,,,,,,,,,,,10/23,3622.0,SOMASUNDRAPALYA LAKE,"D (Propagation of wild life,fisheries)",5.2,7.7,794.0,6.0,3.0,4800.0,35000.0,3.0,144.0,5.0,105.33333333333331,97.33333333333331,56.0,10.439655172413794,0.72,96.0,52.0,44.0,5.0,69.0,540.0,70.64628820960698,0.2,0.5,6.0,0.36,58.0,3.0,0.05,2023.0
Somasundrapalya Lake,SMP,2024-03-08,12.922,77.636,0.1297324921690774,0.155050695249539,0.1743126032033624,0.1930928940977721,0.2089839334107626,0.2199365748073064,0.2176630662020906,0.2431216344630976,0.2170742089888432,-0.1698122547485824,-0.2298664728417729,0.0588368216336496,0.0583368904627004,1.1287460529992244,1.1435019855982358,03/24,3622.0,Somasundrapalya Lake,"D (Propagation of wild life,fisheries)",4.4,8.0,694.0,7.0,2.0,2100.0,7000.0,3.0,100.0,5.0,100.0,108.0,60.0,1.5,0.4,112.0,60.0,52.0,25.0,80.0,470.0,50.0,0.2,0.5,22.0,0.35,54.0,3.0,0.1,2024.0
Somasundrapalya Lake,SMP,2024-04-07,12.922,77.636,0.1441403512476682,0.1768334778746535,0.2036992888510221,0.2261887692253545,0.2416687607785168,0.2525454615844859,0.2488273466371026,0.2848292753317144,0.2563909865202549,-0.1735017956883133,-0.2440247305283932,0.0624835532247943,0.0728909386883188,1.162319059104162,1.158653262237928,04/24,3622.0,Somasundrapalya Lake,"E (Irrigation, industrial cooling and controlled waste)",1.2,7.9,1318.0,29.0,5.06,390.0,3500.0,3.0,360.0,5.0,360.0,188.0,199.0,5.6,4.8,288.0,148.0,140.0,12.0,111.0,886.0,22.0,0.31,0.5,32.0,0.32,42.0,2.8,0.91,2024.0
Somasundrapalya Lake,SMP,2024-05-07,12.922,77.636,0.1662364692218351,0.1946653462161052,0.2143622532204237,0.2312408158237424,0.2457849012775839,0.259595273290395,0.2506470805617146,0.2742375637912223,0.2371268609439341,-0.1342421454381509,-0.18726264518968,0.0531669954703726,0.0520929206524453,1.1162044513731906,1.1531541631306312,05/24,3622.0,Somasundrapalya Lake,"E (Irrigation, industrial cooling and controlled waste)",1.6,7.4,1821.0,16.0,6.3,2400.0,14000.0,3.0,148.0,5.0,148.0,340.0,140.0,3.0,2.1,168.0,92.0,76.0,84.0,202.0,1200.0,28.0,0.31,0.5,41.0,0.48,67.0,9.0,0.92,2024.0
Somasundrapalya Lake,SMP,2024-06-16,12.922,77.636,,,,,,,,,,,,,,,,06/24,3622.0,Somasundrapalya Lake,"D (Propagation of wild life,fisheries)",4.4,8.0,890.0,12.0,3.1,110.0,2400.0,3.0,248.0,5.0,248.0,136.0,124.0,1.5,0.99,240.0,128.0,112.0,14.0,87.0,602.0,40.0,0.2,0.5,11.0,0.33,43.0,2.4,0.05,2024.0
Somasundrapalya Lake,SMP,2024-12-23,12.922,77.636,,,,,,,,,,,,,,,,12/24,3622.0,Somasundrapalya Lake,"D (Propagation of wild life,fisheries)",6.6,8.1,608.0,9.0,2.3,250.0,2100.0,3.0,148.0,5.0,148.0,136.0,81.0,1.5,0.4,148.0,80.0,68.0,18.0,99.0,414.0,20.0,1.2,0.5,17.0,0.35,55.0,3.5,2.9,2024.0
Somasundrapalya Lake,SMP,2025-01-12,12.922,77.636,0.1171724281138915,0.136305258211134,0.1454446518657542,0.1607690353007425,0.1722790764790764,0.1836989406257698,0.1783724421919542,0.1989150881638687,0.1746287227677471,-0.1427605942097631,-0.2062178063212534,0.0674646573461035,0.0358305242378987,1.080498982348902,1.1849430353623165,01/25,3622.0,Somasundrapalya Lake,"D (Propagation of wild life,fisheries)",7.1,8.0,978.0,4.0,4.0,310.0,2800.0,3.0,284.0,5.0,284.0,140.0,51.0,1.5,0.4,240.0,124.0,116.0,21.0,103.0,674.0,10.0,0.8,0.5,33.0,0.27,42.0,3.0,2.0,2025.0
Somasundrapalya Lake,SMP,2025-02-06,12.922,77.636,0.1227089782845879,0.1412669906884822,0.1536883540296551,0.1674893041917432,0.1803898215605533,0.192296297469468,0.1953962517157639,0.210489181008693,0.1984687255833597,-0.1689814286086663,-0.2123365268458187,0.0594992033857404,0.044268259310429,1.1029394572563185,1.16474584623969,02/25,3622.0,Somasundrapalya Lake,"D (Propagation of wild life,fisheries)",6.0,8.0,1174.0,8.0,4.51,170.0,3500.0,3.0,192.0,5.0,192.0,188.0,81.0,1.5,0.4,112.0,62.0,50.0,5.0,135.0,808.0,46.0,0.22,0.5,65.0,0.25,60.0,5.54,0.57,2025.0
Somasundrapalya Lake,SMP,2025-03-13,12.922,77.636,0.1476964171330025,0.1755273960622798,0.1955939150745664,0.2119237496920424,0.2247140639847956,0.2343540738394395,0.2369149755393657,0.2555008587618346,0.2286598282476331,-0.1583182662557328,-0.2012566200031159,0.0549997848410905,0.0573207967824191,1.1259645154958702,1.1524031661468412,03/25,3622.0,Somasundrapalya Lake,"D (Propagation of wild life,fisheries)",5.9,7.4,689.0,5.0,2.3,220.0,1300.0,3.0,176.0,5.0,176.0,112.0,64.0,1.5,0.58,176.0,96.0,80.0,7.102564102564102,105.0,468.0,20.0,0.2,0.5,23.0,0.32,53.0,3.0,0.05,2025.0
Somasundrapalya Lake,SMP,2025-04-04,12.922,77.636,,,,,,,,,,,,,,,,04/25,3622.0,Somasundrapalya Lake,"E (Irrigation, industrial cooling and controlled waste)",3.1,8.0,994.0,10.0,3.82,170.0,2800.0,3.0,140.0,5.0,140.0,160.0,96.0,1.5,0.4,128.0,70.0,58.0,34.0,129.0,664.0,10.0,0.2,0.5,23.0,0.34,64.0,4.95,0.28,2025.0
Somasundrapalya Lake,SMP,2025-05-07,12.922,77.636,,,,,,,,,,,,,,,,05/25,3622.0,Somasundrapalya Lake,D,4.9,8.1,592.0,8.0,2.4,210.0,1700.0,3.0,104.0,5.0,104.0,76.0,72.0,1.5,0.4,80.0,44.0,36.0,38.0,46.0,404.0,10.0,0.2,0.5,4.0,0.4,53.0,2.24,0.2,2025.0
Somasundrapalya Lake,SMP,2025-06-06,12.922,77.636,,,,,,,,,,,,,,,,06/25,3622.0,Somasundrapalya Lake,D,6.0,7.9,799.0,4.0,12.5,260.0,1700.0,3.0,108.0,5.0,108.0,132.0,44.0,1.5,0.4,148.0,80.0,68.0,35.0,58.0,542.0,10.0,0.2,0.5,3.0,0.34,46.0,2.08,0.13,2025.0
Sompura Lake,SOM,2023-08-21,12.97,77.6,,,,,,,,,,,,,,,,08/23,4534.0,SOMPURA LAKE,"D (Propagation of
wild life,fisheries)",4.5,7.6,855.0,8.0,3.0,4100.0,54000.0,15.62857142857143,228.0,5.0,228.0,128.0,80.0,1.5914285714285716,0.48,212.0,112.0,100.0,42.0,118.0,558.0,33.48571428571429,0.35,0.5,17.0,0.37,41.0,1.3297142857142856,0.0642857142857142,2023.0
Sompura Lake,SOM,2023-10-15,12.97,77.6,,,,,,,,,,,,,,,,10/23,4534.0,SOMPURA LAKE,"E (Irrigation, industrial cooling and controlled waste)",3.5,7.0,462.0,17.0,2.0,4800.0,35000.0,3.0,136.0,5.0,136.0,28.0,120.0,11.141810344827586,4.7,100.0,56.0,44.0,16.0,44.0,318.0,57.75545851528384,0.48,0.5,13.0,0.2,45.0,2.0,0.58,2023.0
Sompura Lake,SOM,2024-03-08,12.97,77.6,0.115391441948884,0.1413825249483928,0.1585072067946601,0.1855353904104767,0.2200565232697317,0.2317878898824193,0.2280975040484405,0.236730497078082,0.2025416883756954,-0.2479530784571753,-0.2681401612309753,0.1011975356258235,0.0477785457115789,1.1072817969916042,1.2805169007863384,03/24,4534.0,Sompura Lake,"D (Propagation of wild life,fisheries)",4.8,8.7,1284.0,9.0,5.5,170.0,2400.0,96.0,632.0,48.0,528.0,164.0,80.0,1.5,0.78,188.0,96.0,92.0,47.0,164.0,894.0,12.0,0.2,0.5,32.0,0.21,61.0,5.2,0.05,2024.0
Sompura Lake,SOM,2024-04-07,12.97,77.6,0.1218865345349574,0.154111539901991,0.176095100648878,0.2073700133774556,0.243851774273041,0.2570658417235797,0.256111743997747,0.2750722769837359,0.2390528092656482,-0.2680896166776096,-0.303549571814477,0.1107819588366395,0.0559922289166205,1.1281604408966326,1.328317160729528,04/24,4534.0,Sompura Lake,"E (Irrigation, industrial cooling and controlled waste)",0.3,6.5,696.0,30.0,2.8,680.0,4600.0,3.0,152.0,5.0,152.0,92.0,168.0,28.6,22.0,156.0,84.0,72.0,13.0,75.0,466.0,126.0,0.86,0.5,15.0,0.36,48.0,3.0,0.71,2024.0
Sompura Lake,SOM,2024-05-07,12.97,77.6,0.1342043054284306,0.1704500953941679,0.1902149340924313,0.2237709990847005,0.2703296768288391,0.2868931035696684,0.2783610927268887,0.2835137787791314,0.2359807364641275,-0.2649031557969109,-0.2808533132668353,0.1194775892694945,0.0453141904005581,1.1091754715082107,1.367977905099241,05/24,4534.0,Sompura Lake,"E (Irrigation, industrial cooling and controlled waste)",0.3,9.7,2046.0,29.0,10.0,2100.0,9400.0,400.0,504.0,200.0,704.0,316.0,192.0,8.8,6.7,176.0,92.0,84.0,100.0,291.0,1394.0,46.0,1.1,0.5,30.0,1.14,75.0,9.6,3.3,2024.0
Sompura Lake,SOM,2024-06-16,12.97,77.6,,,,,,,,,,,,,,,,06/24,4534.0,Sompura Lake,"D (Propagation of wild life,fisheries)",6.2,8.0,1784.0,4.0,6.2,43.0,1600.0,3.0,100.0,5.0,100.0,84.0,44.0,1.5,0.4,568.0,292.0,276.0,283.0,191.0,1190.0,10.0,0.2,0.5,14.0,0.35,41.0,3.0,0.33,2024.0
Sompura Lake,SOM,2024-12-23,12.97,77.6,,,,,,,,,,,,,,,,12/24,4534.0,Sompura Lake,"D (Propagation of wild life,fisheries)",6.8,7.4,468.0,5.0,1.7,1700.0,13000.0,3.0,204.0,5.0,204.0,52.0,46.0,1.5,0.4,116.0,64.0,52.0,17.0,88.0,318.0,10.0,0.2,0.5,8.0,0.37,60.0,3.5,0.8,2024.0
Sompura Lake,SOM,2025-01-12,12.97,77.6,0.0999093166130606,0.1193524810970304,0.1325238337426282,0.152279032199776,0.1791375230385603,0.1891486646669798,0.1834542914965126,0.2035722597665428,0.1701295254960067,-0.239614464296502,-0.2923391426642689,0.1027838883400363,0.0485294232483408,1.1117162974227692,1.3053399410475666,01/25,4534.0,Sompura Lake,"D (Propagation of wild life,fisheries)",6.5,7.7,709.0,4.0,2.9,140.0,2400.0,3.0,224.0,5.0,224.0,52.0,40.0,1.5,0.4,128.0,68.0,60.0,28.0,66.0,482.0,16.0,0.2,0.5,8.0,0.2,51.0,2.53,0.05,2025.0
Sompura Lake,SOM,2025-02-06,12.97,77.6,0.1060547067520946,0.1243506160385118,0.1375762865541141,0.1564591705977611,0.1823064634232206,0.1942033126804198,0.1976672463564036,0.2078906885869184,0.1868236252904317,-0.2564255469443592,-0.2819490878252114,0.0967614302712351,0.0443430410955931,1.1013670872420949,1.3054201335495934,02/25,4534.0,Sompura Lake,"D (Propagation of wild life,fisheries)",5.7,7.5,906.0,5.0,3.48,210.0,3500.0,3.0,248.0,5.0,248.0,52.0,57.0,1.5,0.8,176.0,110.0,66.0,28.0,93.0,604.0,18.0,0.2,0.5,9.0,0.36,52.0,3.07,0.05,2025.0
Sompura Lake,SOM,2025-03-13,12.97,77.6,0.1185884918679152,0.1448516725477729,0.1629423964206039,0.1926749313525313,0.2288047771597551,0.2401370696331763,0.2436190487925086,0.2495913574596918,0.2133971238470747,-0.2829422434399202,-0.2989688766916318,0.1238604517533433,0.0516389515665623,1.1214273688388188,1.4152623709996608,03/25,4534.0,Sompura Lake,"D (Propagation of wild life,fisheries)",6.5,7.3,774.0,5.0,3.0,1700.0,7900.0,3.0,284.0,5.0,284.0,84.0,61.0,1.5,0.54,156.0,80.0,76.0,5.717948717948718,92.0,530.0,16.0,0.2,0.5,10.0,0.36,54.0,3.2,0.05,2025.0
Sompura Lake,SOM,2025-04-04,12.97,77.6,,,,,,,,,,,,,,,,04/25,4534.0,Sompura Lake,"E (Irrigation, industrial cooling and controlled waste)",2.2,7.7,747.0,29.0,2.8,340.0,2200.0,3.0,288.0,5.0,288.0,84.0,192.0,5.6,4.2,104.0,60.0,44.0,33.0,87.0,504.0,10.0,0.2,0.5,13.0,0.57,61.0,4.0,0.35,2025.0
Sompura Lake,SOM,2025-05-07,12.97,77.6,,,,,,,,,,,,,,,,05/25,4534.0,Sompura Lake,E,3.0,7.0,620.0,7.0,2.38,1700.0,13000.0,3.0,124.0,5.0,124.0,160.0,71.0,1.5,0.4,124.0,68.0,56.0,11.0,35.0,412.0,18.0,0.21,0.5,14.0,0.2,35.0,1.37,0.53,2025.0
Sompura Lake,SOM,2025-06-06,12.97,77.6,,,,,,,,,,,,,,,,06/25,4534.0,Sompura Lake,D,5.2,6.8,740.0,5.0,3.0,140.0,1700.0,3.0,216.0,5.0,216.0,64.0,52.0,1.5,0.4,156.0,84.0,72.0,38.0,60.0,508.0,14.0,0.2,0.5,3.0,0.43,44.0,2.09,0.05,2025.0
Tubarahalli Tank,TBH,2023-08-21,12.968,77.73,,,,,,,,,,,,,,,,08/23,3610.0,TUBARAHALLI TANK,"D (Propagation of wild life,fisheries)",4.4,6.9,784.0,9.0,1.4,580.0,16000.0,12.038095238095238,236.0,5.0,236.0,212.0,104.0,2.4752380952380952,0.4,264.0,140.0,124.0,8.0,42.0,540.0,28.514285714285712,0.22,0.5,11.0,0.24,41.0,1.5202857142857142,0.2023809523809523,2023.0
Tubarahalli Tank,TBH,2023-10-15,12.968,77.73,,,,,,,,,,,,,,,,10/23,3610.0,TUBARAHALLI TANK,"D (Propagation of wild life,fisheries)",5.4,7.2,575.0,6.0,2.0,5800.0,92000.0,3.0,84.0,5.0,84.0,88.0,72.0,8.060129310344827,0.4,124.0,58.0,56.0,20.0,63.0,388.0,114.33187772925764,0.21,0.5,16.0,0.25,49.0,2.0,0.53,2023.0
Tubarahalli Tank,TBH,2024-03-08,12.968,77.73,0.0762070873068937,0.1019376919754251,0.1171801559388203,0.1515043213569342,0.2114522856036879,0.2330208853855086,0.2376445965443221,0.2511421965724741,0.1811789632966181,-0.4100276767270613,-0.4321033847869979,0.1465209317408451,0.058416484663227,1.1334421528727026,1.3771368385195748,03/24,3610.0,Tubarahalli Tank,"D (Propagation of wild life,fisheries)",4.4,7.0,702.0,8.0,2.4,1300.0,7000.0,3.0,80.0,5.0,80.0,128.0,76.0,1.5,0.4,112.0,64.0,48.0,31.0,95.0,466.0,52.0,0.2,0.5,14.0,0.23,61.0,4.0,0.05,2024.0
Tubarahalli Tank,TBH,2024-04-07,12.968,77.73,0.065937540908611,0.0996957353607308,0.1253458876096565,0.1724339303937783,0.2286062216278986,0.2506164619769858,0.2615477812576978,0.28574803462716,0.2020748601189428,-0.4716563343361543,-0.5029359500686678,0.1822449689630326,0.1063865078424381,1.2521316400030844,1.512837923951945,04/24,3610.0,Tubarahalli Tank,"D (Propagation of wild life,fisheries)",4.4,7.7,845.0,7.0,2.9,210.0,3500.0,3.0,76.0,5.0,76.0,156.0,88.0,1.5,0.47,160.0,88.0,72.0,56.0,95.0,572.0,20.0,0.75,0.5,15.0,0.23,53.0,3.0,1.9,2024.0
Tubarahalli Tank,TBH,2024-05-07,12.968,77.73,0.0482494739064644,0.0903506881333922,0.1207177884495638,0.1650298131400217,0.2380168877784425,0.2662215610374072,0.2701911918921772,0.2831636555582923,0.2001305134250624,-0.5356214847506658,-0.5543639912045063,0.2092328723236794,0.1520365698719988,1.385403924288838,1.728393096563599,05/24,3610.0,Tubarahalli Tank,"E (Irrigation, industrial cooling and controlled waste)",1.2,6.8,1073.0,29.0,3.76,93000.0,490000.0,3.0,136.0,5.0,136.0,148.0,204.0,3.0,2.1,248.0,132.0,116.0,45.0,92.0,710.0,14.0,0.55,0.5,18.0,0.2,37.0,3.0,1.45,2024.0
Tubarahalli Tank,TBH,2024-06-16,12.968,77.73,,,,,,,,,,,,,,,,06/24,3610.0,Tubarahalli Tank,"E (Irrigation, industrial cooling and controlled waste)",2.1,7.6,1170.0,19.0,4.0,680000.0,3100000.0,3.0,312.0,5.0,312.0,208.0,171.0,7.8,6.0,296.0,156.0,140.0,18.0,114.0,792.0,66.0,1.73,0.5,15.0,0.2,44.0,2.9,4.8,2024.0
Tubarahalli Tank,TBH,2024-12-23,12.968,77.73,,,,,,,,,,,,,,,,12/24,3610.0,Tubarahalli Tank,"D (Propagation of wild life,fisheries)",5.9,6.7,904.0,7.0,3.75,330.0,3500.0,3.0,140.0,5.0,140.0,136.0,76.0,1.5,0.4,180.0,96.0,84.0,21.0,89.0,618.0,10.0,1.45,0.5,12.0,0.29,50.0,2.88,3.42,2024.0
Tubarahalli Tank,TBH,2025-01-12,12.968,77.73,0.0396443572509413,0.0647454976386084,0.0638177008546198,0.1054918393919131,0.2123742689235314,0.2417608121898864,0.2471741070485975,0.1945655171200337,0.1204453918429108,-0.5969664922571107,-0.520262917420033,0.2876207782361796,-0.0350586595336489,0.9493558310761934,1.9226345930078168,01/25,3610.0,Tubarahalli Tank,"D (Propagation of wild life,fisheries)",5.8,8.2,625.0,10.0,2.4,1700.0,7900.0,3.0,136.0,5.0,136.0,84.0,115.0,1.5,0.4,140.0,76.0,64.0,9.0,63.0,426.0,84.0,0.4,0.5,13.0,0.2,46.0,2.3,0.9,2025.0
Tubarahalli Tank,TBH,2025-02-06,12.968,77.73,0.0541354963578139,0.0759802514101649,0.0825444739935284,0.116404180596122,0.1935738149699121,0.2198703768870747,0.2311268747580672,0.2087497026427842,0.1469765809198719,-0.5204251264057698,-0.4851545082266194,0.2052784006342564,0.0225692709035854,1.055165557567295,1.593089065128591,02/25,3610.0,Tubarahalli Tank,"D (Propagation of wild life,fisheries)",5.2,8.3,799.0,6.0,3.22,11000.0,2950.0,24.0,128.0,12.0,140.0,116.0,64.0,1.5,0.4,176.0,92.0,84.0,25.0,84.0,538.0,16.0,0.2,0.5,13.0,0.33,49.0,2.76,0.05,2025.0
Tubarahalli Tank,TBH,2025-03-13,12.968,77.73,0.0538411866136467,0.088131389818897,0.1117879404665187,0.1584614878417848,0.2265003096737869,0.2491508744765457,0.2597464721821445,0.264322669528803,0.1834028011401625,-0.5107485948591846,-0.5170442885905829,0.2079531756001663,0.1057920991794629,1.261751726637673,1.6560478891788517,03/25,3610.0,Tubarahalli Tank,"E (Irrigation, industrial cooling and controlled waste)",2.0,7.0,675.0,31.0,2.6,94.0,675.0,3.0,156.0,5.0,156.0,108.0,200.0,23.8,18.3,132.0,68.0,64.0,7.384615384615385,74.0,466.0,104.0,0.34,0.5,8.0,0.22,2.8,2.8,0.8,2025.0
Tubarahalli Tank,TBH,2025-04-04,12.968,77.73,,,,,,,,,,,,,,,,04/25,3610.0,Tubarahalli Tank,"D (Propagation of wild life,fisheries)",6.1,8.5,678.0,5.0,2.8,230.0,3500.0,48.0,72.0,24.0,96.0,124.0,48.0,1.5,0.4,136.0,72.0,64.0,10.0,58.0,458.0,10.0,0.2,0.5,15.0,0.3,44.0,2.17,0.4,2025.0
Tubarahalli Tank,TBH,2025-05-07,12.968,77.73,,,,,,,,,,,,,,,,05/25,3610.0,Tubarahalli Tank,D,4.4,7.2,689.0,7.0,2.6,21.0,1600.0,3.0,156.0,5.0,156.0,112.0,68.0,1.5,0.88,184.0,96.0,88.0,28.0,67.0,472.0,10.0,0.2,0.5,14.0,0.29,42.0,2.15,0.45,2025.0
Tubarahalli Tank,TBH,2025-06-06,12.968,77.73,,,,,,,,,,,,,,,,06/25,3610.0,Tubarahalli Tank,D,4.3,7.5,546.0,6.0,2.0,140.0,2400.0,3.0,116.0,5.0,116.0,80.0,68.0,1.5,0.93,140.0,72.0,29.0,22.0,53.0,374.0,40.0,0.2,0.5,9.0,0.26,43.0,1.94,0.35,2025.0
Ullalu Lake,ULL,2023-10-15,12.9275,77.5201,,,,,,,,,,,,,,,,10/23,4533.0,ULLALU LAKE,"E (Irrigation, industrial cooling and controlled waste)",3.2,6.6,972.0,17.0,3.0,4100.0,35000.0,3.0,116.0,5.0,116.0,48.0,116.0,10.71271551724138,5.8,396.0,204.0,192.0,64.0,401.0,662.0,65.63318777292577,1.0,0.5,16.0,0.22,17.0,1.2,4.0,2023.0
Ullalu Lake,ULL,2024-05-07,12.9275,77.5201,0.1040710136253212,0.1400033162489485,0.1571417175955652,0.2052314720276027,0.3044447276696124,0.336647663979157,0.3267307009822907,0.2732913354223145,0.1958106714079499,-0.4420500792141783,-0.3855745698324112,0.2161029843133947,0.0403515953290291,1.1228799756369965,1.9335537107352208,05/24,4533.0,Ullalu Lake,"E (Irrigation, industrial cooling and controlled waste)",0.3,6.5,307.0,23.0,1.0,14000.0,48000.0,3.0,88.0,5.0,88.0,16.0,190.0,11.6,8.9,80.0,48.0,32.0,5.0,31.0,212.0,90.0,1.9,0.5,4.0,0.2,44.0,1.5,5.2,2024.0
Ullalu Lake,ULL,2024-06-16,12.9275,77.5201,,,,,,,,,,,,,,,,06/24,4533.0,Ullalu Lake,"E (Irrigation, industrial cooling and controlled waste)",0.3,6.3,372.0,18.0,1.1,170.0,5400.0,3.0,108.0,5.0,108.0,28.0,119.0,2.0,1.6,128.0,68.0,60.0,16.0,39.0,254.0,14.0,0.9,0.5,16.0,0.2,37.0,1.5,1.2,2024.0
Ullalu Lake,ULL,2024-12-23,12.9275,77.5201,,,,,,,,,,,,,,,,12/24,4533.0,Ullalu Lake,"D (Propagation of wild life,fisheries)",4.2,6.5,343.0,8.0,1.38,140.0,3500.0,3.0,100.0,5.0,100.0,20.0,92.0,1.5,0.95,80.0,44.0,36.0,8.0,20.0,234.0,10.0,0.23,0.5,8.0,0.2,32.0,0.96,0.61,2024.0
Ullalu Lake,ULL,2025-01-12,12.9275,77.5201,0.0773336971446678,0.0975680102537831,0.1031555786784732,0.1345298736049008,0.19651933950639,0.2108428053374642,0.2066163468647677,0.1942587226701405,0.1392568390662957,-0.3771285599051073,-0.3610083760327365,0.1764115386637348,0.012482769442374,1.0399570110125749,1.5312759358792318,01/25,4533.0,Ullalu Lake,"D (Propagation of wild life,fisheries)",5.9,7.2,355.0,7.0,1.43,1400.0,7000.0,3.0,116.0,5.0,116.0,12.0,68.0,1.5,0.4,112.0,60.0,52.0,5.0,25.0,240.0,10.0,0.2,0.5,9.0,0.2,30.0,1.02,0.4,2025.0
Ullalu Lake,ULL,2025-02-06,12.9275,77.5201,0.0900468577262964,0.1081814282123788,0.1201100842871483,0.1460628313910502,0.1970163186987289,0.2155523606661267,0.2209562546209907,0.206641805443087,0.1628115234306235,-0.3690788444447536,-0.3451238116600499,0.1373139336277663,0.0411679167502002,1.098251829129499,1.4043129802642649,02/25,4533.0,Ullalu Lake,"E (Irrigation, industrial cooling and controlled waste)",2.8,7.2,1414.0,16.0,5.4,1200.0,17000.0,3.0,452.0,5.0,452.0,112.0,118.0,6.9,6.2,276.0,144.0,132.0,26.0,125.0,960.0,36.0,2.8,0.5,20.0,0.21,47.0,3.2,6.7,2025.0
Ullalu Lake,ULL,2025-03-13,12.9275,77.5201,0.091013058479738,0.1195841283122888,0.1343771224352976,0.1775001760377423,0.2575992395169526,0.2786298489596169,0.2838253599971833,0.2403792592331794,0.1758113086645777,-0.4330930160964428,-0.3752266860997252,0.1923807836184526,0.0416915433141608,1.1044299600536711,1.6268216133539746,03/25,4533.0,Ullalu Lake,"E (Irrigation, industrial cooling and controlled waste)",0.3,6.5,384.0,87.0,1.3,170000.0,460000.0,3.0,144.0,5.0,144.0,32.0,312.0,32.0,27.0,92.0,52.0,40.0,5.743589743589744,42.0,260.0,150.0,0.2,0.5,11.0,0.22,46.0,2.0,0.05,2025.0
Ullalu Lake,ULL,2025-04-04,12.9275,77.5201,,,,,,,,,,,,,,,,04/25,4533.0,Ullalu Lake,"E (Irrigation, industrial cooling and controlled waste)",0.3,6.6,771.0,52.0,3.0,17000.0,49000.0,3.0,260.0,5.0,260.0,116.0,258.0,49.4,38.0,196.0,100.0,96.0,14.0,79.0,532.0,10.0,1.5,0.5,9.0,0.36,45.0,2.4,3.5,2025.0
Ullalu Lake,ULL,2025-05-07,12.9275,77.5201,,,,,,,,,,,,,,,,05/25,4533.0,Ullalu Lake,D,6.8,6.5,290.0,4.0,1.1,1500.0,4800.0,3.0,116.0,5.0,116.0,20.0,49.0,1.5,0.68,96.0,52.0,44.0,10.0,11.0,200.0,66.0,0.2,0.5,2.0,0.2,19.0,1.0,0.4,2025.0
Ullalu Lake,ULL,2025-06-06,12.9275,77.5201,,,,,,,,,,,,,,,,06/25,4533.0,Ullalu Lake,D,6.0,6.5,178.0,4.0,0.81,2400.0,17000.0,3.0,60.0,5.0,60.0,8.0,44.0,1.5,0.4,60.0,36.0,24.0,7.0,6.0,114.0,14.0,0.2,0.5,4.0,0.2,17.0,0.34,0.05,2025.0
Uttarahalli Doraikere,UTH,2023-08-21,12.898,77.5475,,,,,,,,,,,,,,,,08/23,3640.0,UTTARAHALLI DORAIKERE,"E (Irrigation, industrial cooling and controlled
waste)",0.3,7.7,471.0,170.0,2.0,4900.0,35000.0,15.876190476190477,104.0,5.0,104.0,52.0,594.0,1.5304761904761903,2.1,178.0,80.0,68.0,13.0,76.0,324.0,33.82857142857143,0.2,0.5,11.0,0.2,41.0,1.3165714285714287,0.0547619047619047,2023.0
Uttarahalli Doraikere,UTH,2023-10-15,12.898,77.5475,,,,,,,,,,,,,,,,10/23,3640.0,UTTARAHALLI DORAIKERE,"E (Irrigation, industrial cooling and controlled waste)",1.2,7.3,321.0,15.0,1.29,22000.0,240000.0,3.0,76.0,5.0,76.0,24.0,120.0,8.645258620689654,3.1,88.0,48.0,40.0,10.0,15.0,218.0,103.58951965065502,0.2,0.5,2.0,0.2,26.0,1.4,0.05,2023.0
Uttarahalli Doraikere,UTH,2024-03-08,12.898,77.5475,0.1163022774472877,0.1446336055726988,0.1639710127162047,0.1882818895420465,0.2190904150093277,0.2326549051356963,0.2315643176458162,0.2543929177373365,0.2175090112288358,-0.2349855337063373,-0.2836126169264008,0.0815422123161589,0.0581107673987179,1.1292163014478167,1.207053895544184,03/24,3640.0,Uttarahalli Doraikere,"E (Irrigation, industrial cooling and controlled waste)",0.9,6.9,1893.0,40.0,6.9,78000.0,330000.0,3.0,692.0,5.0,692.0,228.0,273.0,37.2,28.6,560.0,300.0,260.0,23.0,203.0,1296.0,62.0,4.5,0.5,36.0,0.2,42.0,3.7,10.5,2024.0
Uttarahalli Doraikere,UTH,2024-04-07,12.898,77.5475,0.1273679784575309,0.1636033761383399,0.1910689043577368,0.2182245837586678,0.2501460030272095,0.2669409518110457,0.2661176986166356,0.297685817874617,0.2565466753493611,-0.2428780901950664,-0.3012236447938279,0.0796697605796379,0.0744265031302116,1.1652312034865409,1.204852002593089,04/24,3640.0,Uttarahalli Doraikere,"E (Irrigation, industrial cooling and controlled waste)",0.3,6.5,1124.0,60.0,4.32,3200.0,17000.0,3.0,260.0,5.0,260.0,188.0,277.0,12.8,10.1,300.0,156.0,144.0,46.0,108.0,756.0,76.0,1.29,0.5,22.0,0.21,41.0,2.7,3.65,2024.0
Uttarahalli Doraikere,UTH,2024-05-07,12.898,77.5475,0.1752292882363873,0.211098969020081,0.2282352068736149,0.2479206653038468,0.2712861456978257,0.2796799107972496,0.2701110202564578,0.2877157405686674,0.2427818249396022,-0.1352988727705437,-0.1682691093480829,0.05265053453819,0.0410305237707807,1.0887834474724238,1.1318026199329383,05/24,3640.0,Uttarahalli Doraikere,"E (Irrigation, industrial cooling and controlled waste)",2.2,7.2,1655.0,81.0,5.8,3100.0,17000.0,3.0,128.0,5.0,128.0,212.0,340.0,6.7,5.0,356.0,184.0,172.0,220.0,185.0,1090.0,136.0,0.41,0.5,37.0,0.2,50.0,4.0,1.0,2024.0
Uttarahalli Doraikere,UTH,2024-06-16,12.898,77.5475,,,,,,,,,,,,,,,,06/24,3640.0,Uttarahalli Doraikere,"E (Irrigation, industrial cooling and controlled waste)",1.9,8.0,295.0,29.0,1.0,5800.0,17000.0,3.0,96.0,5.0,96.0,20.0,164.0,3.1,2.3,116.0,64.0,52.0,20.0,16.0,198.0,46.0,0.9,0.5,8.0,0.2,21.0,0.64,2.3,2024.0
Uttarahalli Doraikere,UTH,2024-12-23,12.898,77.5475,,,,,,,,,,,,,,,,12/24,3640.0,Uttarahalli Doraikere,"E (Irrigation, industrial cooling and controlled waste)",2.6,6.5,264.0,20.0,1.06,4300.0,9400.0,3.0,80.0,5.0,80.0,16.0,144.0,3.77,3.0,72.0,40.0,32.0,11.0,13.0,180.0,10.0,0.54,0.5,5.0,0.2,26.0,0.66,1.44,2024.0
Uttarahalli Doraikere,UTH,2025-01-12,12.898,77.5475,0.0987338026681685,0.1210223914143183,0.129276039572604,0.1490876060403393,0.1806601851525923,0.1923006582421061,0.1900328593051497,0.1988018057657785,0.1604215741490371,-0.2259882172212537,-0.2579219538331819,0.0877120917726251,0.0316472716196773,1.071583972672018,1.233681582310051,01/25,3640.0,Uttarahalli Doraikere,"E (Irrigation, industrial cooling and controlled waste)",2.4,7.0,228.0,72.0,0.8,6800.0,49000.0,3.0,60.0,5.0,60.0,12.0,352.0,13.56,10.8,88.0,48.0,40.0,14.0,12.0,156.0,96.0,0.2,0.5,6.0,0.2,21.0,0.55,0.36,2025.0
Uttarahalli Doraikere,UTH,2025-02-06,12.898,77.5475,0.1093342708296666,0.1299033405728633,0.1423306801521304,0.1597657890105248,0.1856076173043753,0.1989841669893343,0.2047475518321657,0.2144213277482486,0.190858298426555,-0.2263332146224328,-0.2563151772691826,0.0706655678909662,0.0437901941440888,1.0944904447908126,1.181726352754379,02/25,3640.0,Uttarahalli Doraikere,"E (Irrigation, industrial cooling and controlled waste)",1.4,8.0,353.0,84.0,1.36,31000.0,70000.0,3.0,68.0,5.0,68.0,24.0,610.0,3.74,2.34,172.0,108.0,64.0,24.0,15.0,234.0,128.0,0.2,0.5,6.0,0.2,15.0,0.5,0.05,2025.0
Uttarahalli Doraikere,UTH,2025-03-13,12.898,77.5475,0.1250173219754302,0.1562994583291693,0.1744919386180771,0.1983057833785068,0.2327521595269105,0.2451022844873104,0.2509114118765178,0.2583365975571121,0.2171115033968108,-0.2376090925400591,-0.2588390437797937,0.0786323508980181,0.0537314657580474,1.1211066429772372,1.2106002140734375,03/25,3640.0,Uttarahalli Doraikere,"E (Irrigation, industrial cooling and controlled waste)",0.3,6.5,383.0,96.0,1.3,210000.0,700000.0,3.0,92.0,5.0,92.0,36.0,478.0,7.2,6.6,120.0,64.0,56.0,6.6923076923076925,34.0,262.0,266.0,0.2,0.5,12.0,0.2,35.0,1.34,0.3,2025.0
Uttarahalli Doraikere,UTH,2025-04-04,12.898,77.5475,,,,,,,,,,,,,,,,04/25,3640.0,Uttarahalli Doraikere,"E (Irrigation, industrial cooling and controlled waste)",1.2,6.6,559.0,39.0,2.1,17.0,350.0,3.0,112.0,5.0,116.0,88.0,197.0,36.4,28.0,188.0,96.0,92.0,42.0,64.0,386.0,10.0,0.35,0.5,7.0,0.2,42.0,2.0,0.82,2025.0
Uttarahalli Doraikere,UTH,2025-05-07,12.898,77.5475,,,,,,,,,,,,,,,,05/25,3640.0,Uttarahalli Doraikere,E,2.0,8.0,351.0,28.0,1.3,1100.0,13000.0,3.0,116.0,5.0,116.0,32.0,186.0,1.5,0.4,104.0,56.0,48.0,14.0,25.0,242.0,910.0,0.2,0.5,2.0,0.24,34.0,1.0,0.6,2025.0
Uttarahalli Doraikere,UTH,2025-06-06,12.898,77.5475,,,,,,,,,,,,,,,,06/25,3640.0,Uttarahalli Doraikere,D,5.8,8.2,194.0,5.0,0.69,2200.0,8400.0,3.0,76.0,5.0,76.0,16.0,64.0,1.5,0.4,84.0,48.0,36.0,8.0,8.0,130.0,42.0,0.2,0.5,3.0,0.2,16.0,0.38,0.34,2025.0
Varthur Lake,VTR,2023-08-21,12.9389,77.7219,,,,,,,,,,,,,,,,08/23,3608.0,VARTHUR LAKE,"E (Irrigation, industrial cooling and controlled waste)",0.3,6.5,1157.0,52.0,3.0,17000000.0,24000000.0,12.904761904761903,320.0,5.0,320.0,164.0,340.0,2.261904761904762,20.0,232.0,120.0,112.0,31.0,82.0,786.0,29.714285714285715,0.35,0.5,24.0,0.23,41.0,1.4742857142857142,0.169047619047619,2023.0
Varthur Lake,VTR,2023-10-15,12.9389,77.7219,,,,,,,,,,,,,,,,10/23,3608.0,VARTHUR LAKE,"E (Irrigation, industrial cooling and controlled waste)",0.3,6.9,1303.0,30.0,5.0,700000.0,5400000.0,3.0,420.0,5.0,420.0,164.0,212.0,7.826077586206896,21.56,416.0,212.0,204.0,20.0,125.0,886.0,118.62882096069868,2.0,0.5,15.0,0.37,38.0,2.67,7.0,2023.0
Varthur Lake,VTR,2024-03-08,12.9389,77.7219,0.0920731739941568,0.1214371998163474,0.1391005738077396,0.1739035552113765,0.2198630398817276,0.2435830793058535,0.2459822415431729,0.2761580590657889,0.2163984265549649,-0.3521575016565524,-0.4006268795850995,0.1284217979255483,0.0604647546478047,1.133211151275871,1.327788118164558,03/24,3608.0,Varthur Lake,"E (Irrigation, industrial cooling and controlled waste)",1.2,7.4,1405.0,81.0,4.8,1400.0,4800.0,3.0,412.0,5.0,412.0,164.0,228.0,52.0,39.0,256.0,136.0,120.0,19.0,151.0,922.0,26.0,2.5,0.5,30.0,0.25,53.0,4.0,7.2,2024.0
Varthur Lake,VTR,2024-04-07,12.9389,77.7219,0.0810098278714491,0.1180519235325208,0.1401037036521026,0.1825626034003308,0.2440511774437678,0.2717357351543523,0.2775113766764053,0.2950076841845893,0.2281697595832305,-0.4202814844957169,-0.4490862969261482,0.1641874660241864,0.0715834025773814,1.1657166168702475,1.4853923790946075,04/24,3608.0,Varthur Lake,"E (Irrigation, industrial cooling and controlled waste)",1.2,7.2,1477.0,26.0,5.1,170000.0,1700000.0,3.0,432.0,5.0,432.0,172.0,184.0,36.0,26.0,248.0,132.0,116.0,25.0,154.0,978.0,42.0,1.2,0.5,31.0,0.2,48.0,4.0,3.5,2024.0
Varthur Lake,VTR,2024-12-23,12.9389,77.7219,,,,,,,,,,,,,,,,12/24,3608.0,Varthur Lake,"E (Irrigation, industrial cooling and controlled waste)",2.4,7.4,1454.0,28.0,5.0,930.0,2200.0,3.0,184.0,5.0,184.0,324.0,192.0,3.1,2.3,332.0,172.0,160.0,31.0,158.0,958.0,92.0,2.9,0.5,29.0,0.2,48.0,3.7,8.0,2024.0
Varthur Lake,VTR,2025-01-12,12.9389,77.7219,0.0704899292477735,0.0966938507291664,0.1041916153979872,0.1347690450209441,0.1963284346509908,0.2205527508888029,0.222928065049808,0.2286385476433524,0.1726586293076137,-0.4181758952483559,-0.4333441666287731,0.1810205735581621,0.0067169536291119,1.0326273208884384,1.5660943480130782,01/25,3608.0,Varthur Lake,"D (Propagation of wild life,fisheries)",6.4,6.9,990.0,4.0,13.4,170.0,2200.0,3.0,332.0,5.0,332.0,140.0,51.0,1.5,0.4,280.0,144.0,136.0,23.0,98.0,712.0,10.0,0.63,0.5,14.0,0.2,41.0,2.5,1.6,2025.0
Varthur Lake,VTR,2025-02-06,12.9389,77.7219,0.0892480798338554,0.112655429700418,0.1253321096464991,0.1523034918511738,0.2030836953078248,0.2308399591678693,0.2381262135238833,0.2481926044563343,0.2029911084515471,-0.378275261220528,-0.3958212191492672,0.1319962355686283,0.0365814499706098,1.0877704534516768,1.3742911106037616,02/25,3608.0,Varthur Lake,"D (Propagation of wild life,fisheries)",4.2,6.9,1172.0,8.0,4.54,820.0,4800.0,3.0,368.0,5.0,368.0,156.0,93.0,2.21,0.7,344.0,180.0,164.0,15.0,101.0,796.0,10.0,0.2,0.5,7.0,0.2,38.0,2.4,0.2,2025.0
Varthur Lake,VTR,2025-03-13,12.9389,77.7219,0.0913058080185856,0.1294994228961901,0.146122507334976,0.1912982575944241,0.2531037276919284,0.2786475940723009,0.2826673413354922,0.2868134746031186,0.2244115949171037,-0.3872343111875736,-0.3991386314033827,0.1790796154607958,0.0352607144216815,1.0890871518974614,1.6121315052640857,03/25,3608.0,Varthur Lake,"D (Propagation of wild life,fisheries)",0.3,7.3,1255.0,36.0,4.1,2700.0,17000.0,3.0,432.0,5.0,432.0,192.0,199.0,5.4,3.8,320.0,168.0,152.0,7.435897435897436,155.0,854.0,14.0,0.2,0.5,5.0,0.42,51.0,3.8,0.5,2025.0
Varthur Lake,VTR,2025-04-04,12.9389,77.7219,,,,,,,,,,,,,,,,04/25,3608.0,Varthur Lake,"E (Irrigation, industrial cooling and controlled waste)",0.3,6.6,905.0,63.0,3.47,11000.0,70000.0,3.0,180.0,5.0,180.0,160.0,254.0,3.12,2.4,220.0,128.0,92.0,31.0,74.0,606.0,10.0,0.68,0.5,24.0,0.48,39.0,2.17,1.75,2025.0
Varthur Lake,VTR,2025-05-07,12.9389,77.7219,,,,,,,,,,,,,,,,05/25,3608.0,Varthur Lake,D,4.5,7.6,701.0,6.0,2.7,20.0,920.0,3.0,160.0,5.0,160.0,116.0,61.0,1.5,0.51,188.0,96.0,92.0,29.0,69.0,476.0,10.0,0.2,0.5,14.0,0.31,42.0,2.19,0.29,2025.0
Varthur Lake,VTR,2025-06-06,12.9389,77.7219,,,,,,,,,,,,,,,,06/25,3608.0,Varthur Lake,D,5.8,7.8,576.0,6.0,2.2,310.0,2800.0,3.0,128.0,5.0,128.0,92.0,64.0,1.5,0.4,152.0,80.0,72.0,24.0,57.0,392.0,10.0,0.2,0.5,12.0,0.22,42.0,2.0,0.24,2025.0
Veerapura Tank,VRP,2023-08-21,13.087,77.56,,,,,,,,,,,,,,,,08/23,3632.0,VEERAPURA TANK,"D (Propagation of wild life,fisheries)",6.1,7.1,588.0,4.0,2.0,4600.0,92000.0,10.676190476190476,132.0,5.0,132.0,76.0,40.0,2.810476190476191,0.4,184.0,100.0,84.0,19.0,49.0,398.0,26.628571428571423,0.2,0.5,10.0,0.26,41.0,1.5925714285714283,0.2547619047619048,2023.0
Veerapura Tank,VRP,2023-10-15,13.087,77.56,,,,,,,,,,,,,,,,10/23,3632.0,VEERAPURA TANK,"D (Propagation of wild life,fisheries)",4.4,7.1,520.0,10.0,1.7,3300.0,35000.0,3.0,120.0,5.0,120.0,72.0,93.0,7.787068965517241,0.94,176.0,92.0,84.0,63.0,53.0,350.0,119.34497816593888,0.6,0.5,18.0,0.3,37.0,1.2,1.4,2023.0
Veerapura Tank,VRP,2024-03-08,13.087,77.56,0.1121836214484385,0.1412891914436305,0.1686032464113872,0.1950482132169137,0.2300724148857515,0.2420022180755553,0.238884874837165,0.252869594761117,0.2051322395521599,-0.2583872328607841,-0.2886841950515811,0.0814648961624278,0.0857837486455772,1.192116508549409,1.2058944535042115,03/24,3632.0,Veerapura Tank,"D (Propagation of wild life,fisheries)",4.4,7.6,692.0,8.0,2.4,3200.0,9400.0,3.0,76.0,5.0,76.0,88.0,88.0,1.5,0.4,132.0,72.0,60.0,48.0,65.0,470.0,148.0,0.2,0.5,12.0,0.35,48.0,2.0,0.48,2024.0
Veerapura Tank,VRP,2024-04-07,13.087,77.56,0.1283420694997007,0.1662351997310887,0.2049782206545209,0.2353469774319614,0.2733210470724924,0.2865188536422208,0.2880736260254197,0.3074065098757174,0.2512140196458117,-0.2764562919958729,-0.3086209088353476,0.0825057714882105,0.1035292627994709,1.2384468791405785,1.2271136483094494,04/24,3632.0,Veerapura Tank,"E (Irrigation, industrial cooling and controlled waste)",3.1,6.5,1056.0,16.0,3.4,1700.0,11000.0,3.0,296.0,5.0,296.0,164.0,145.0,3.87,2.98,284.0,148.0,136.0,16.0,103.0,720.0,238.0,0.2,0.5,13.0,0.3,43.0,2.7,0.05,2024.0
Veerapura Tank,VRP,2025-03-13,13.087,77.56,0.1158694398479033,0.1487577259682208,0.1766540961827256,0.2085857022145548,0.2477933774601273,0.2572893426750694,0.2652840439390203,0.2574273104953702,0.2042607189381403,-0.2902433679379467,-0.2827982580058572,0.0989822677126892,0.0863050648495176,1.2004038940927255,1.2786621573554235,03/25,3632.0,Veerapura Tank,"D (Propagation of wild life,fisheries)",6.3,7.1,1195.0,7.0,4.59,3300.0,17000.0,3.0,140.0,5.0,140.0,292.0,66.0,1.5,0.4,248.0,170.0,78.0,6.871794871794872,193.0,816.0,12.0,0.2,0.5,13.0,0.28,61.0,5.33,0.05,2025.0
Vengaiyyanakere,VGY,2025-05-07,13.0088,77.6871,,,,,,,,,,,,,,,,05/25,3603.0,Vengaiyyanakere,E,1.5,7.1,1142.0,32.0,4.4,1300.0,6300.0,3.0,336.0,5.0,336.0,160.0,212.0,20.0,15.0,396.0,200.0,196.0,79.0,95.0,786.0,18.0,1.6,0.5,2.0,0.45,34.0,2.1,3.9,2025.0
Vibhuthipura Lake,VBP,2023-08-21,12.9887,77.7157,,,,,,,,,,,,,,,,08/23,4522.0,VIBHUTHIPURA LAKE,"E (Irrigation, industrial cooling and controlled waste)",1.8,7.7,767.0,15.0,2.0,4600.0,54000.0,12.780952380952382,180.0,5.0,180.0,104.0,128.0,2.2923809523809524,1.2,172.0,92.0,80.0,12.0,69.0,520.0,29.542857142857144,1.0,0.5,23.0,0.23,41.0,1.4808571428571429,0.1738095238095238,2023.0
Vibhuthipura Lake,VBP,2023-10-15,12.9887,77.7157,,,,,,,,,,,,,,,,10/23,4522.0,VIBHUTHIPURA LAKE,"D (Propagation of wild life,fisheries)",4.6,6.6,624.0,8.0,3.0,4900.0,54000.0,3.0,144.0,5.0,144.0,84.0,84.0,7.748060344827586,0.62,116.0,64.0,52.0,39.0,54.0,424.0,120.06113537117903,0.33,0.5,4.0,0.24,48.0,2.18,1.01,2023.0
Vibhuthipura Lake,VBP,2024-03-08,12.9887,77.7157,0.129128551321299,0.1646357510038195,0.2011000316976376,0.2289592315000525,0.2488201449734332,0.2587870086913685,0.258879668531616,0.3182651606319716,0.2709772687286674,-0.226358892922672,-0.3225262010171593,0.069972914285111,0.0991863687781293,1.2248237573233929,1.164250555179306,03/24,4522.0,Vibhuthipura Lake,"D (Propagation of wild life,fisheries)",5.9,7.8,646.0,7.0,2.1,210.0,3500.0,3.0,104.0,5.0,104.0,60.0,60.0,1.5,0.4,136.0,72.0,64.0,29.0,55.0,438.0,50.0,0.2,0.5,14.0,0.2,43.0,2.0,0.05,2024.0
Vibhuthipura Lake,VBP,2024-12-23,12.9887,77.7157,,,,,,,,,,,,,,,,12/24,4522.0,Vibhuthipura Lake,"D (Propagation of wild life,fisheries)",6.3,7.0,664.0,5.0,2.7,310.0,2800.0,3.0,148.0,5.0,148.0,68.0,59.0,1.5,0.4,144.0,80.0,64.0,5.0,65.0,450.0,36.0,0.36,0.5,14.0,0.24,46.0,2.4,0.85,2024.0
Vibhuthipura Lake,VBP,2025-01-12,12.9887,77.7157,0.1127416517118829,0.1423006467928863,0.1605032017303954,0.1853101903656002,0.2157731236144831,0.2272743305535029,0.2208979133678171,0.246171223477251,0.2045411977902107,-0.2206228795205969,-0.2785442579342529,0.0844327657758773,0.0589647839654548,1.1310155656368237,1.220221234654833,01/25,4522.0,Vibhuthipura Lake,"D (Propagation of wild life,fisheries)",6.8,7.7,871.0,5.0,2.8,260.0,3500.0,3.0,224.0,5.0,224.0,100.0,51.0,3.9,3.0,168.0,88.0,80.0,10.0,80.0,594.0,14.0,0.7,0.5,16.0,0.2,48.0,2.8,1.7,2025.0
Vibhuthipura Lake,VBP,2025-02-06,12.9887,77.7157,0.1205526232450121,0.1477094551852412,0.1690641754109603,0.1901204229564726,0.21864101129526,0.2324402301277313,0.234652957528414,0.254129230444421,0.2274875998451739,-0.2353893379666524,-0.2753105822324336,0.0731519083330604,0.0670623881200555,1.1509644237124597,1.194345534306637,02/25,4522.0,Vibhuthipura Lake,"D (Propagation of wild life,fisheries)",5.2,7.5,750.0,7.0,2.6,32.0,220.0,3.0,188.0,5.0,188.0,76.0,88.0,1.5,0.4,140.0,76.0,64.0,8.0,83.0,488.0,32.0,0.98,0.5,9.0,0.2,54.0,3.0,2.7,2025.0
Vibhuthipura Lake,VBP,2025-03-13,12.9887,77.7157,0.1389085822864984,0.1740265742815763,0.2042939366063669,0.2310069706886238,0.2542230585171891,0.2626214258066786,0.2651232414933671,0.3017978394735914,0.2592165452690102,-0.2238422099213984,-0.2866035308240152,0.074186587150714,0.0852337929742637,1.198426269637056,1.197884381987925,03/25,4522.0,Vibhuthipura Lake,"E (Irrigation, industrial cooling and controlled waste)",1.4,6.6,662.0,24.0,2.5,630.0,5400.0,3.0,152.0,5.0,152.0,108.0,208.0,4.9,4.2,176.0,92.0,84.0,6.0,66.0,454.0,32.0,0.2,0.5,13.0,0.23,43.0,2.16,0.05,2025.0
Vibhuthipura Lake,VBP,2025-04-04,12.9887,77.7157,,,,,,,,,,,,,,,,04/25,4522.0,Vibhuthipura Lake,"E (Irrigation, industrial cooling and controlled waste)",0.3,6.6,856.0,54.0,3.29,140000.0,460000.0,3.0,168.0,5.0,168.0,152.0,220.0,4.2,2.8,132.0,84.0,48.0,23.0,75.0,576.0,10.0,0.71,0.5,33.0,0.45,48.0,2.85,1.8,2025.0
Vibhuthipura Lake,VBP,2025-05-07,12.9887,77.7157,,,,,,,,,,,,,,,,05/25,4522.0,Vibhuthipura Lake,E,0.6,7.0,900.0,27.0,3.4,2200.0,12000.0,3.0,176.0,5.0,176.0,156.0,192.0,4.9,3.8,140.0,88.0,52.0,26.0,78.0,612.0,220.0,0.5,0.5,28.0,0.4,49.0,2.9,1.42,2025.0
Vibhuthipura Lake,VBP,2025-06-06,12.9887,77.7157,,,,,,,,,,,,,,,,06/25,4522.0,Vibhuthipura Lake,D,4.2,8.4,589.0,7.0,9.6,1200.0,7900.0,8.0,184.0,5.0,188.0,60.0,84.0,1.5,0.91,184.0,96.0,88.0,14.0,41.0,398.0,38.0,0.51,0.5,3.0,0.28,53.0,1.31,1.48,2025.0
Yediyur Lake,YDY,2023-08-21,12.9348,77.5755,,,,,,,,,,,,,,,,08/23,3592.0,YEDIYUR TANK,"D (Propagation of wild life,fisheries)",4.2,7.4,251.0,11.0,0.73,11000.0,54000.0,6.219047619047619,72.0,5.0,72.0,36.0,109.0,3.907619047619048,0.94,64.0,40.0,24.0,5.0,26.0,174.0,20.457142857142856,0.2,0.5,3.0,0.2,41.0,1.8291428571428567,0.4261904761904762,2023.0
Yediyur Lake,YDY,2023-10-15,12.9348,77.5755,,,,,,,,,,,,,,,,10/23,3592.0,YEDIYUR TANK,"D (Propagation of wild life,fisheries)",6.8,8.4,261.0,4.0,0.9,840.0,16000.0,24.0,48.0,12.0,60.0,36.0,43.0,10.166594827586207,0.61,52.0,28.0,24.0,9.0,20.0,162.0,75.6593886462882,0.2,0.5,5.0,0.2,43.0,1.4,0.05,2023.0
Yediyur Lake,YDY,2024-03-08,12.9348,77.5755,0.0843244471830986,0.1072682922476456,0.1165078527736149,0.151497147887324,0.215515426056338,0.236541852112676,0.2360740140845069,0.2136857922535212,0.1681978697183099,-0.3679584719397246,-0.3424045881234744,0.1578043133466751,0.0219506461193647,1.060035163424353,1.4465089940458284,03/24,3592.0,Yediyur Tank,"E (Irrigation, industrial cooling and controlled waste)",3.3,6.9,313.0,19.0,1.2,11000.0,33000.0,3.0,68.0,5.0,68.0,48.0,160.0,5.1,4.4,80.0,44.0,36.0,13.0,29.0,216.0,14.0,0.31,0.5,6.0,0.2,41.0,1.4,0.91,2024.0
Yediyur Lake,YDY,2024-04-07,12.9348,77.5755,0.0731242007042253,0.1030489084877493,0.1177271552640341,0.1597699999999999,0.2445125774647888,0.273857056338028,0.2774847288732394,0.2421517499999999,0.1893888098591547,-0.4589282156686978,-0.4287513769375788,0.2092030219694031,0.0245886150284479,1.083905777932876,1.7617848892322443,04/24,3592.0,Yediyur Tank,"E (Irrigation, industrial cooling and controlled waste)",3.1,8.1,482.0,13.0,2.0,1400.0,4800.0,3.0,92.0,5.0,92.0,52.0,124.0,1.5,1.05,40.0,24.0,16.0,10.0,67.0,332.0,64.0,0.26,0.5,16.0,0.25,71.0,5.0,0.63,2024.0
Yediyur Lake,YDY,2024-05-07,12.9348,77.5755,0.0681672816901408,0.1026126759813468,0.1182637388925527,0.1664845105633804,0.2640046373239437,0.3017389436619718,0.2969110880281689,0.2520751056338027,0.1919078873239438,-0.4858735355879639,-0.4593614018999961,0.2534519120753882,0.0117226326320789,1.080089322535382,2.574728193591441,05/24,3592.0,Yediyur Tank,"E (Irrigation, industrial cooling and controlled waste)",0.9,8.9,650.0,42.0,2.2,2400.0,4800.0,40.0,156.0,20.0,196.0,60.0,228.0,5.0,3.7,184.0,100.0,84.0,18.0,73.0,438.0,196.0,0.57,0.5,22.0,0.24,43.0,2.0,1.4,2024.0
Yediyur Lake,YDY,2024-06-16,12.9348,77.5755,,,,,,,,,,,,,,,,06/24,3592.0,Yediyur Tank,"D (Propagation of wild life,fisheries)",4.9,8.3,337.0,8.0,1.35,1700.0,4800.0,3.0,64.0,5.0,64.0,40.0,88.0,1.5,0.58,68.0,40.0,28.0,16.9,24.0,226.0,42.0,0.2,0.5,2.0,0.2,42.0,1.26,0.05,2024.0
Yediyur Lake,YDY,2024-12-23,12.9348,77.5755,,,,,,,,,,,,,,,,12/24,3592.0,Yediyur Tank,"D (Propagation of wild life,fisheries)",6.2,7.1,318.0,4.0,1.2,340.0,2400.0,3.0,68.0,5.0,68.0,48.0,44.0,1.5,0.4,84.0,48.0,36.0,13.0,31.0,216.0,20.0,0.2,0.5,6.0,0.2,42.0,1.46,0.05,2024.0
Yediyur Lake,YDY,2025-01-12,12.9348,77.5755,0.0626724295774648,0.081368739553268,0.086490105547365,0.1169566654929577,0.1711840316901408,0.1873987007042253,0.1842045316901409,0.1783833626760565,0.1356674612676055,-0.4010289411773952,-0.3999858459880231,0.1976743186678932,0.0060364500439402,1.0359901944109915,1.6474841741912052,01/25,3592.0,Yediyur Tank,"D (Propagation of wild life,fisheries)",5.4,6.8,340.0,6.0,3.16,260.0,2800.0,3.0,80.0,5.0,80.0,120.0,56.0,1.5,0.4,100.0,56.0,44.0,20.0,22.0,230.0,10.0,0.2,0.5,4.0,0.38,31.0,1.0,0.25,2025.0
Yediyur Lake,YDY,2025-02-06,12.9348,77.5755,0.0754670035211267,0.0899140530086161,0.0982209615952427,0.1238790633802817,0.1664810281690141,0.1834688978873238,0.1873249718309859,0.1813702676056337,0.1520136091549295,-0.3633756937660509,-0.3549853356541921,0.1521991229253647,0.023956653326928,1.0642620578484694,1.461744170129275,02/25,3592.0,Yediyur Tank,"D (Propagation of wild life,fisheries)",6.6,8.1,320.0,4.0,1.23,1100.0,7900.0,3.0,88.0,5.0,88.0,28.0,24.0,1.5,0.4,84.0,56.0,28.0,5.0,44.0,216.0,44.0,0.2,0.5,9.0,0.2,50.0,2.06,0.05,2025.0
Yediyur Lake,YDY,2025-03-13,12.9348,77.5755,0.0691432535211267,0.0961732712506093,0.1058912928645092,0.1497372112676056,0.230833147887324,0.2534024119718309,0.2595805246478873,0.2130669999999999,0.1645620070422535,-0.4553577294993404,-0.4054808028095095,0.2342332971607144,0.0013141803331413,1.047677208921054,2.096836733685,03/25,3592.0,Yediyur Tank,"D (Propagation of wild life,fisheries)",5.9,7.8,343.0,5.0,1.0,780.0,4600.0,3.0,64.0,5.0,64.0,28.0,52.0,1.5,0.45,88.0,48.0,40.0,7.82051282051282,17.0,232.0,30.0,0.2,0.5,7.0,0.2,27.0,0.78,0.05,2025.0
Yediyur Lake,YDY,2025-04-04,12.9348,77.5755,,,,,,,,,,,,,,,,04/25,3592.0,Yediyur Tank,"D (Propagation of wild life,fisheries)",5.9,6.7,313.0,6.0,1.2,230.0,3500.0,3.0,76.0,5.0,76.0,36.0,63.0,1.56,1.2,48.0,28.0,20.0,5.0,35.0,214.0,10.0,0.2,0.5,14.0,0.2,53.0,2.5,0.2,2025.0
Yediyur Lake,YDY,2025-05-07,12.9348,77.5755,,,,,,,,,,,,,,,,05/25,3592.0,Yediyur Tank,D,5.2,7.0,320.0,6.0,1.2,140.0,2400.0,3.0,76.0,5.0,76.0,36.0,64.0,1.56,1.2,48.0,32.0,16.0,5.0,35.0,214.0,32.0,0.2,0.5,14.0,0.2,53.0,2.5,0.2,2025.0
Yediyur Lake,YDY,2025-06-06,12.9348,77.5755,,,,,,,,,,,,,,,,06/25,3592.0,Yediyur Tank,D,6.7,7.8,223.0,4.0,0.8,230.0,2200.0,3.0,72.0,5.0,72.0,24.0,49.0,1.5,0.91,60.0,32.0,28.0,5.0,19.0,154.0,28.0,0.2,0.5,2.0,0.2,39.0,1.1,0.14,2025.0
Yelachenahalli Lake,YLC,2023-08-21,12.8982,77.5855,,,,,,,,,,,,,,,,08/23,3638.0,YELACHENAHALLI LAKE,"D (Propagation of wild life,fisheries)",4.4,7.1,333.0,10.0,1.0,7900.0,92000.0,6.095238095238095,96.0,5.0,96.0,48.0,102.0,3.9380952380952383,0.92,88.0,52.0,36.0,5.0,34.0,230.0,20.285714285714285,0.2,0.5,4.0,0.2,41.0,1.8357142857142856,0.430952380952381,2023.0
Yelachenahalli Lake,YLC,2023-10-15,12.8982,77.5855,,,,,,,,,,,,,,,,10/23,3638.0,YELACHENAHALLI LAKE,"D (Propagation of wild life,fisheries)",6.9,8.5,261.0,4.0,1.0,310.0,5400.0,3.0,68.0,5.0,68.0,40.0,40.0,10.205603448275864,0.54,56.0,32.0,24.0,11.0,23.0,182.0,74.94323144104803,0.2,0.5,5.0,0.2,45.0,1.4,0.05,2023.0
Yelachenahalli Lake,YLC,2024-03-08,12.8982,77.5855,0.1099317842557386,0.1375046016834912,0.1514896667972805,0.1801774644416278,0.2095635931558936,0.2228101077313056,0.2225861815237292,0.2376172158850867,0.2010221588508661,-0.2360491964778003,-0.2794005822766629,0.1016195222219686,0.0441430633652783,1.09546859620389,1.2608802334776974,03/24,3638.0,Yelachenahalli Lake,"D (Propagation of wild life,fisheries)",4.7,7.4,466.0,5.0,1.79,1700.0,4800.0,3.0,104.0,5.0,104.0,76.0,45.0,1.5,0.68,124.0,68.0,56.0,19.0,40.0,318.0,10.0,0.2,0.5,9.0,0.2,39.0,1.5,0.05,2024.0
Yelachenahalli Lake,YLC,2024-04-07,12.8982,77.5855,0.112765832277144,0.1473293058551117,0.1703105332987474,0.2042443282636248,0.2389889980284466,0.2532523341782844,0.251515219687368,0.2746053478383327,0.2317624841571609,-0.2648394794013748,-0.3188877803304894,0.1050612956845003,0.0726425184149238,1.1631314485196198,1.2742635061065264,04/24,3638.0,Yelachenahalli Lake,"D (Propagation of wild life,fisheries)",5.3,8.1,587.0,6.0,2.0,1700.0,7900.0,3.0,80.0,5.0,80.0,96.0,56.0,1.5,0.6,120.0,64.0,56.0,8.0,79.0,404.0,106.0,0.2,0.5,12.0,0.2,55.0,3.0,0.29,2024.0
Yelachenahalli Lake,YLC,2024-05-07,12.8982,77.5855,0.3934633720930233,0.4557732663355596,0.4396090176562931,0.3353,0.4174,0.4079,0.4384482558139536,0.3286,0.2368,0.0181534218897773,0.1605145387190164,-0.1327803329429422,-0.0182701172848367,0.9641388567833168,0.7680961758234126,05/24,3638.0,Yelachenahalli Lake,"E (Irrigation, industrial cooling and controlled waste)",1.4,7.6,410.0,28.0,1.4,2300.0,7000.0,3.0,92.0,5.0,92.0,48.0,204.0,1.9,1.2,100.0,56.0,44.0,17.0,56.0,276.0,130.0,0.46,0.5,19.0,0.28,49.0,2.0,1.2,2024.0
Yelachenahalli Lake,YLC,2024-06-16,12.8982,77.5855,,,,,,,,,,,,,,,,06/24,3638.0,Yelachenahalli Lake,"D (Propagation of wild life,fisheries)",6.0,8.9,501.0,7.0,2.02,2600.0,9400.0,8.0,68.0,5.0,72.0,72.0,76.0,1.5,0.4,124.0,68.0,56.0,27.5,40.0,342.0,48.0,0.2,0.5,3.0,0.21,40.0,2.0,0.05,2024.0
Yelachenahalli Lake,YLC,2024-12-23,12.8982,77.5855,,,,,,,,,,,,,,,,12/24,3638.0,Yelachenahalli Lake,"D (Propagation of wild life,fisheries)",5.9,6.8,449.0,5.0,1.7,330.0,1700.0,3.0,100.0,5.0,100.0,72.0,52.0,1.5,0.47,120.0,64.0,56.0,18.0,43.0,304.0,12.0,0.2,0.5,9.0,0.2,41.0,2.0,0.05,2024.0
Yelachenahalli Lake,YLC,2025-03-13,12.8982,77.5855,0.111992303900859,0.1433342625239465,0.1606766930288823,0.1924751936346994,0.228433308688917,0.2382352485565413,0.2445711061822278,0.2506194761301223,0.2092499683143218,-0.277804886702342,-0.3025296153959145,0.1183418962742333,0.0616390863651461,1.1409962210494151,1.3531660164053334,03/25,3638.0,Yelachenahalli Lake,"D (Propagation of wild life,fisheries)",5.6,7.8,568.0,5.0,1.9,260.0,1500.0,3.0,88.0,5.0,88.0,44.0,60.0,1.5,0.58,132.0,72.0,60.0,6.743589743589744,37.0,384.0,20.0,0.2,0.5,16.0,0.2,34.0,1.4,0.05,2025.0
Yelachenahalli Lake,YLC,2025-04-04,12.8982,77.5855,,,,,,,,,,,,,,,,04/25,3638.0,Yelachenahalli Lake,"D (Propagation of wild life,fisheries)",5.8,7.4,602.0,7.0,23.0,260.0,2800.0,3.0,108.0,5.0,108.0,88.0,69.0,1.5,0.4,88.0,48.0,40.0,9.0,63.0,400.0,10.0,0.2,0.5,12.0,0.21,57.0,3.0,0.2,2025.0
Yelachenahalli Lake,YLC,2025-05-07,12.8982,77.5855,,,,,,,,,,,,,,,,05/25,3638.0,Yelachenahalli Lake,D,5.0,8.2,801.0,6.0,4.2,260.0,2200.0,3.0,164.0,5.0,164.0,120.0,52.0,1.5,0.5,196.0,96.0,100.0,48.0,98.0,534.0,18.0,0.2,0.5,20.0,0.28,49.0,4.48,0.41,2025.0
Yelachenahalli Lake,YLC,2025-06-06,12.8982,77.5855,,,,,,,,,,,,,,,,06/25,3638.0,Yelachenahalli Lake,D,6.8,7.4,433.0,4.0,1.7,240.0,3500.0,3.0,136.0,5.0,136.0,56.0,48.0,1.6,1.2,124.0,64.0,60.0,7.0,43.0,296.0,12.0,0.2,0.5,2.0,0.2,42.0,1.7,0.17,2025.0
Yelahanka Tank,YLH,2023-08-21,13.1012,77.5966,,,,,,,,,,,,,,,,08/23,3630.0,YELAHANKA TANK,"E (Irrigation, industrial cooling and controlled
waste)",3.0,6.9,1207.0,13.0,3.5,3900.0,160000.0,9.314285714285717,336.0,5.0,336.0,188.0,131.0,3.145714285714286,2.1,324.0,168.0,156.0,18.0,117.0,822.0,24.742857142857144,0.51,0.5,15.0,0.57,41.0,1.6648571428571428,0.3071428571428571,2023.0
Yelahanka Tank,YLH,2023-10-15,13.1012,77.5966,,,,,,,,,,,,,,,,10/23,3630.0,YELAHANKA TANK,"D (Propagation of wild life,fisheries)",6.1,7.5,407.0,4.0,1.0,430.0,5400.0,3.0,88.0,5.0,88.0,52.0,40.0,11.609913793103448,0.4,136.0,72.0,64.0,15.0,36.0,274.0,49.16157205240175,0.31,0.5,11.0,0.2,34.0,2.15,0.95,2023.0
Yelahanka Tank,YLH,2024-03-08,13.1012,77.5966,0.1169882940907331,0.1438505679557249,0.1722579517520115,0.1930318586562487,0.201978439446732,0.21301383873579,0.2118635131805862,0.271190550100306,0.2403609474536303,-0.1944118799757447,-0.3109670087555267,0.0610438614408829,0.0910377683641425,1.2035529440889283,1.141007594245406,03/24,3630.0,Yelahanka Tank,"E (Irrigation, industrial cooling and controlled waste)",3.5,8.1,1255.0,31.0,4.0,2100.0,9400.0,3.0,320.0,5.0,320.0,240.0,184.0,5.7,4.4,300.0,156.0,144.0,12.0,125.0,853.0,82.0,1.23,0.5,39.0,0.2,44.0,3.0,2.23,2024.0
Yelahanka Tank,YLH,2024-05-07,13.1012,77.5966,0.1323624256502305,0.1635200297532399,0.1985606313626549,0.2196348467250906,0.2254700594798155,0.2397484390947804,0.235138602048358,0.3098006616689542,0.2693247281174108,-0.1863318514846045,-0.3163672733507791,0.0568750998661898,0.0996971458109275,1.2253478000922993,1.1350488194497574,05/24,3630.0,Yelahanka Tank,"E (Irrigation, industrial cooling and controlled waste)",0.3,6.6,1099.0,26.0,3.8,1400.0,14000.0,3.0,248.0,5.0,248.0,136.0,174.0,6.2,4.8,244.0,128.0,116.0,14.0,108.0,748.0,22.0,1.3,0.5,22.0,0.32,46.0,3.0,3.8,2024.0
Yelahanka Tank,YLH,2024-06-16,13.1012,77.5966,,,,,,,,,,,,,,,,06/24,3630.0,Yelahanka Tank,"D (Propagation of wild life,fisheries)",8.0,8.2,911.0,22.0,3.2,3100.0,17000.0,3.0,244.0,5.0,244.0,188.0,144.0,1.5,1.1,236.0,124.0,112.0,20.0,95.0,620.0,60.0,1.2,0.5,29.0,0.22,43.0,2.7,2.4,2024.0
Yelahanka Tank,YLH,2024-12-23,13.1012,77.5966,,,,,,,,,,,,,,,,12/24,3630.0,Yelahanka Tank,"D (Propagation of wild life,fisheries)",6.0,8.1,423.0,5.0,1.7,170.0,2200.0,3.0,104.0,5.0,104.0,48.0,52.0,1.5,0.4,112.0,60.0,52.0,11.0,32.0,288.0,10.0,0.31,0.5,7.0,0.2,45.0,1.32,0.85,2024.0
Yelahanka Tank,YLH,2025-01-12,13.1012,77.5966,0.1011974553901383,0.1222300110623773,0.1428670898023231,0.1599729349241543,0.170080660261148,0.1808986449864497,0.1788787245275048,0.2322207616232008,0.1997802273607152,-0.1936477927832687,-0.3173155987065318,0.0639579366618159,0.0803980698979192,1.1787095295012395,1.1541538093235917,01/25,3630.0,Yelahanka Tank,"E (Irrigation, industrial cooling and controlled waste)",3.2,7.0,1274.0,11.0,4.9,1300.0,13000.0,3.0,264.0,5.0,264.0,176.0,120.0,3.9,3.0,248.0,132.0,116.0,18.0,113.0,866.0,74.0,0.2,0.5,24.0,0.2,54.0,3.1,0.2,2025.0
Yelahanka Tank,YLH,2025-02-06,13.1012,77.5966,0.1097427022841656,0.1307798050498964,0.1538665996422523,0.1693827543729983,0.1793736388272973,0.1905233625453138,0.1966333403723647,0.2413135184598598,0.2243839193326997,-0.2064698238890322,-0.3038741804549157,0.0544117269500082,0.0840040745467018,1.186995954309194,1.130555147013833,02/25,3630.0,Yelahanka Tank,"E (Irrigation, industrial cooling and controlled waste)",1.1,7.9,1322.0,30.0,5.0,1700.0,9400.0,3.0,324.0,5.0,324.0,196.0,201.0,6.3,4.9,216.0,116.0,100.0,23.0,58.0,904.0,94.0,1.0,0.5,30.0,0.28,33.0,1.7,2.3,2025.0
Yelahanka Tank,YLH,2025-03-13,13.1012,77.5966,0.1226566782810684,0.152870034860668,0.1860902967218008,0.2016470488860731,0.2099639496005348,0.2182481575335233,0.2260380881990636,0.2822939745890966,0.2500219547390277,-0.1986044577508667,-0.3040421045416528,0.0459355233170887,0.1016191859385729,1.229638909656412,1.1100899577665273,03/25,3630.0,Yelahanka Tank,"E (Irrigation, industrial cooling and controlled waste)",1.0,7.8,910.0,20.0,3.5,3300.0,13000.0,3.0,356.0,5.0,356.0,200.0,185.0,2.34,1.8,260.0,136.0,124.0,6.897435897435898,90.0,620.0,18.0,0.22,0.5,12.0,0.3,42.0,2.4,3.12,2025.0
Yelahanka Tank,YLH,2025-04-04,13.1012,77.5966,,,,,,,,,,,,,,,,04/25,3630.0,Yelahanka Tank,"D (Propagation of wild life,fisheries)",5.8,7.3,895.0,7.0,3.4,3100.0,11000.0,3.0,180.0,5.0,180.0,140.0,82.0,1.5,0.4,180.0,96.0,84.0,12.0,81.0,610.0,10.0,0.2,0.5,22.0,0.34,46.0,2.6,0.5,2025.0
Yelahanka Tank,YLH,2025-05-07,13.1012,77.5966,,,,,,,,,,,,,,,,05/25,3630.0,Yelahanka Tank,E,3.2,7.5,859.0,21.0,3.3,14000.0,46000.0,3.0,212.0,5.0,212.0,132.0,118.0,5.9,4.6,188.0,100.0,88.0,20.0,93.0,584.0,162.0,1.5,0.5,22.0,0.41,48.0,3.0,4.5,2025.0
Yelahanka Tank,YLH,2025-06-06,13.1012,77.5966,,,,,,,,,,,,,,,,06/25,3630.0,Yelahanka Tank,E,2.4,7.1,844.0,22.0,3.2,630.0,2200.0,3.0,188.0,5.0,188.0,132.0,171.0,11.2,8.6,208.0,104.0,104.0,17.0,95.0,574.0,58.0,1.5,0.5,11.0,0.33,48.0,2.9,3.5,2025.0
Yelemallappa Shetty Lake,YMS,2023-08-21,13.0066,77.678,,,,,,,,,,,,,,,,08/23,3605.0,YELEMALLAPPA SHETTY LAKE,"E (Irrigation, industrial cooling and controlled waste)",2.8,6.5,1190.0,13.0,2.38,410.0,16000.0,6.59047619047619,396.0,5.0,396.0,96.0,116.0,3.816190476190476,11.0,256.0,132.0,124.0,31.0,67.0,806.0,20.97142857142857,0.2,0.5,14.0,0.2,41.0,1.8094285714285712,0.4119047619047619,2023.0
Yelemallappa Shetty Lake,YMS,2023-10-15,13.0066,77.678,,,,,,,,,,,,,,,,10/23,3605.0,YELEMALLAPPA SHETTY LAKE,"E (Irrigation, industrial cooling and controlled waste)",3.9,7.2,1014.0,12.0,4.0,310.0,16000.0,3.0,160.0,5.0,112.0,160.0,104.0,10.829741379310343,2.6,212.0,112.0,100.0,29.0,87.0,682.0,63.48471615720524,0.89,0.5,23.0,0.28,44.0,3.0,2.0,2023.0
Yelemallappa Shetty Lake,YMS,2024-03-08,13.0066,77.678,0.0661318901795142,0.0869475288132375,0.0922634784668547,0.1260985814853925,0.1923248715241111,0.2159782858148539,0.2197035621260121,0.2306126680746216,0.1763285357268568,-0.4234372339873328,-0.4572362944989788,0.1773000984208587,0.0154014076879596,1.039349780806864,1.4783484383329926,03/24,3605.0,Yelemallappa Shetty Lake,"D (Propagation of wild life,fisheries)",4.4,7.0,1730.0,5.0,6.6,220.0,2400.0,3.0,396.0,5.0,396.0,288.0,60.0,1.5,0.52,472.0,240.0,232.0,70.0,138.0,1204.0,14.0,0.37,0.5,35.0,0.29,37.0,2.76,1.01,2024.0
Yelemallappa Shetty Lake,YMS,2024-04-07,13.0066,77.678,0.0521878211897219,0.0800895286192255,0.0927364129807166,0.1313540830693418,0.205583041182682,0.233612393523407,0.2389399401619149,0.2593350052798309,0.1959258676522351,-0.497640718193962,-0.5468273467212238,0.2148286622777759,0.0547385744098474,1.132090308847388,1.6810590079911567,04/24,3605.0,Yelemallappa Shetty Lake,"E (Irrigation, industrial cooling and controlled waste)",3.4,8.2,1766.0,15.0,6.0,1400.0,4900.0,3.0,520.0,5.0,520.0,348.0,140.0,19.5,15.0,368.0,188.0,180.0,6.0,239.0,1218.0,10.0,0.54,0.5,39.0,0.26,55.0,5.0,1.35,2024.0
Yelemallappa Shetty Lake,YMS,2024-06-16,13.0066,77.678,,,,,,,,,,,,,,,,06/24,3605.0,Yelemallappa Shetty Lake,"E (Irrigation, industrial cooling and controlled waste)",1.3,6.5,961.0,21.0,3.3,26.0,920.0,3.0,316.0,5.0,316.0,136.0,168.0,16.6,12.8,292.0,152.0,140.0,15.0,94.0,650.0,24.0,1.2,0.5,12.0,0.2,40.0,2.4,3.3,2024.0
Yelemallappa Shetty Lake,YMS,2024-12-23,13.0066,77.678,,,,,,,,,,,,,,,,12/24,3605.0,Yelemallappa Shetty Lake,"D (Propagation of wild life,fisheries)",4.0,6.8,605.0,7.0,2.0,46.0,920.0,3.0,212.0,5.0,212.0,96.0,71.0,1.5,0.4,168.0,88.0,80.0,24.0,68.0,410.0,18.0,0.36,0.5,8.0,0.2,45.0,2.3,0.86,2024.0
Yelemallappa Shetty Lake,YMS,2025-01-12,13.0066,77.678,0.034927444561774,0.0560843120561502,0.0547088736963918,0.091140552622316,0.1627887821189721,0.1834274340021119,0.1861229778247094,0.1976450932770151,0.1427438331573389,-0.5325096276923282,-0.5679325534314507,0.3004555377157019,-0.0498442924777645,0.9284224358303228,2.056345205223859,01/25,3605.0,Yelemallappa Shetty Lake,"E (Irrigation, industrial cooling and controlled waste)",1.0,7.3,1614.0,25.0,6.2,210.0,3500.0,3.0,376.0,5.0,376.0,272.0,192.0,8.1,7.4,440.0,224.0,216.0,66.0,149.0,1092.0,10.0,0.5,0.5,32.0,0.23,40.0,3.1,1.41,2025.0
Yelemallappa Shetty Lake,YMS,2025-02-06,13.0066,77.678,0.0514720943329813,0.0659376910238912,0.0698292149619626,0.0972779901443153,0.1442160718057022,0.1640002287926786,0.1741915381907778,0.2092553115100316,0.1711116050686378,-0.457982123117298,-0.5284254752719938,0.1922006100627454,0.0156814096236806,1.0389047503559654,1.536431423237983,02/25,3605.0,Yelemallappa Shetty Lake,"D (Propagation of wild life,fisheries)",5.6,6.7,1662.0,11.0,6.3,140.0,2800.0,3.0,516.0,5.0,516.0,260.0,121.0,9.88,7.6,396.0,204.0,192.0,10.0,174.0,1132.0,10.0,1.3,0.5,20.0,0.22,47.0,3.9,3.0,2025.0
Yelemallappa Shetty Lake,YMS,2025-03-13,13.0066,77.678,0.0403950967969024,0.0678083420896673,0.0732958186570579,0.1199069517775431,0.1948746884899683,0.218325772615276,0.2275180042238648,0.235453386131644,0.1767693241816262,-0.5354483251718342,-0.5699504569842251,0.291298062155696,0.0093425281586717,1.0466098672585773,2.1052854616222407,03/25,3605.0,Yelemallappa Shetty Lake,"E (Irrigation, industrial cooling and controlled waste)",1.9,6.8,1121.0,16.0,4.3,110000.0,700000.0,3.0,387.0,5.0,387.0,92.0,108.0,27.3,21.0,453.0,283.0,170.0,7.512820512820513,39.0,760.0,46.0,1.41,0.5,35.0,0.3,14.0,1.0,3.59,2025.0
Yelemallappa Shetty Lake,YMS,2025-04-04,13.0066,77.678,,,,,,,,,,,,,,,,04/25,3605.0,Yelemallappa Shetty Lake,"E (Irrigation, industrial cooling and controlled waste)",0.3,8.5,952.0,39.0,3.9,14000.0,48000.0,24.0,332.0,12.0,144.0,160.0,296.0,28.0,22.0,236.0,124.0,112.0,11.0,80.0,646.0,10.0,0.32,0.5,24.0,0.31,39.0,2.26,0.93,2025.0
Yelemallappa Shetty Lake,YMS,2025-05-07,13.0066,77.678,,,,,,,,,,,,,,,,05/25,3605.0,Yelemallappa Shetty Lake,E,2.4,6.8,724.0,25.0,2.8,1400.0,4800.0,3.0,236.0,5.0,236.0,108.0,174.0,8.3,6.4,200.0,104.0,96.0,22.0,68.0,500.0,26.0,0.24,0.5,2.0,0.42,42.0,2.1,0.6,2025.0
Yelemallappa Shetty Lake,YMS,2025-06-06,13.0066,77.678,,,,,,,,,,,,,,,,06/25,3605.0,Yelemallappa Shetty Lake,E,1.7,7.2,1361.0,69.0,5.2,170.0,2400.0,3.0,348.0,5.0,348.0,160.0,336.0,30.2,24.0,248.0,132.0,116.0,12.0,100.0,900.0,10.0,0.73,0.5,25.0,0.22,44.0,3.0,4.3,2025.0
