LAKE_NAME_GEE,stn,scene_date,lat,lon,B2,B3,B4,B5,B6,B7,B8,B11,B12,NDWI,MNDWI,NDCI,NDTI,Red_Green,RedEdge_Ratio,MONTH_YEAR,STN_CODE,LAKE_NAME_master,USEBASEDCLASS,DO,PH,CONDUCTIVITY,BOD,NITRATE_N,FECAL_COLI,TOTAL_COLI,CARBONATE,BICARBONATE,PHENOLPHTHALEINALKALINITY,TOTALALKALINITY,CHLORIDES,COD,TOTALKJELDAHLNITROGEN,AMMONICALN,TOTALHARDNESS,CAASCACO3,MGASCACO3,SULPHATE,SODIUM,TOTALDISSOLVEDSOLIDS,TOTALSUSPENDEDSOLIDS,PHOSPHATE,BORON,POTASSIUM,FLUORIDE,SODIUMPERCENTAGE,SAR,ORTHOPHOSPHATE,YEAR
Agaram Lake,AGR,2023-10-20,12.9234,77.6416,0.0928324487928486,0.1153350884738966,0.1146642540405118,0.143546804392201,0.1901370028859014,0.2051364292250298,0.2023948300133736,0.181375814739213,0.1405920320968538,-0.2405633376027887,-0.1922021964295213,0.1590044291721946,-0.0513033739026026,0.9223936702649782,1.43180914735475,10/23,3612.0,AGARAM LAKE,"D (Propagation of wild life,fisheries)",4.1,7.2,620.0,9.0,3.0,2200.0,24000.0,3.0,100.0,5.0,100.0,112.0,80.0,10.400646551724138,0.85,124.0,68.0,56.0,14.0,53.0,422.0,71.36244541484716,0.48,0.5,6.0,0.31,46.0,2.0,1.48,2023.0
Agaram Lake,AGR,2024-03-08,12.9234,77.6416,,,,,,,,,,,,,,,,03/24,3612.0,Agaram Lake,"E (Irrigation, industrial cooling and controlled waste)",3.4,7.4,966.0,14.0,3.1,230.0,2400.0,3.0,272.0,5.0,272.0,148.0,145.0,9.9,7.6,260.0,136.0,124.0,15.0,94.0,658.0,164.0,0.2,0.5,12.0,0.39,43.0,2.5,0.05,2024.0
Agaram Lake,AGR,2024-04-07,12.9234,77.6416,,,,,,,,,,,,,,,,04/24,3612.0,Agaram Lake,"D (Propagation of wild life,fisheries)",5.3,7.3,1067.0,7.0,3.0,1500.0,4800.0,3.0,120.0,5.0,120.0,124.0,87.0,1.5,0.4,116.0,68.0,48.0,19.0,102.0,730.0,10.0,1.0,0.5,13.0,0.3,62.0,4.0,3.1,2024.0
Agaram Lake,AGR,2025-01-12,12.9234,77.6416,,,,,,,,,,,,,,,,01/25,3612.0,Agaram Lake,"D (Propagation of wild life,fisheries)",5.3,7.9,963.0,9.0,3.7,140.0,2200.0,3.0,308.0,5.0,308.0,136.0,81.0,1.5,0.4,244.0,128.0,116.0,31.0,100.0,654.0,10.0,1.9,0.5,32.0,0.28,43.0,2.8,4.6,2025.0
Agaram Lake,AGR,2025-02-06,12.9234,77.6416,,,,,,,,,,,,,,,,02/25,3612.0,Agaram Lake,"D (Propagation of wild life,fisheries)",5.8,7.9,1143.0,7.0,4.39,20.0,110.0,3.0,288.0,5.0,288.0,136.0,75.0,1.5,0.4,236.0,128.0,108.0,11.0,99.0,774.0,16.0,0.53,0.5,34.0,0.23,43.0,2.79,1.35,2025.0
Agaram Lake,AGR,2025-03-13,12.9234,77.6416,,,,,,,,,,,,,,,,03/25,3612.0,Agaram Lake,"D (Propagation of wild life,fisheries)",4.4,8.1,911.0,18.0,3.0,6.8,240.0,3.0,312.0,5.0,312.0,152.0,121.0,1.57,1.2,284.0,144.0,140.0,7.333333333333333,106.0,632.0,12.0,1.21,0.5,15.0,0.28,48.0,2.7,2.8,2025.0
Agaram Lake,AGR,2025-04-07,12.9234,77.6416,0.1046213697473076,0.1260902017686405,0.1343214576381503,0.1602155416344056,0.1883335186879706,0.2036682973182234,0.2031444921517561,0.197477866544661,0.1695697825015835,-0.194030992745002,-0.1879557433980643,0.1375896529603214,-0.0160110283803196,0.9930161315449948,1.3820288415996245,04/25,3612.0,Agaram Lake,"E (Irrigation, industrial cooling and controlled waste)",3.5,8.1,1355.0,9.0,5.2,310.0,2200.0,3.0,288.0,5.0,288.0,160.0,89.0,1.5,0.4,276.0,148.0,128.0,27.0,144.0,904.0,10.0,1.08,0.5,37.0,0.46,49.0,3.76,2.54,2025.0
Agaram Lake,AGR,2025-05-12,12.9234,77.6416,0.0961044238755543,0.1264130151044951,0.1329549620480096,0.1645168438093898,0.1997342894347852,0.2103031146617864,0.2083911416907159,0.1993909622017315,0.1626365911170549,-0.2190914704922025,-0.2136501009120225,0.1753729838858336,-0.0312342707546308,0.9656402977055486,1.5349519700292018,05/25,3612.0,Agaram Lake,D,4.8,7.7,870.0,5.0,3.4,310.0,4300.0,3.0,200.0,5.0,200.0,148.0,49.0,1.5,0.4,232.0,120.0,112.0,35.0,93.0,592.0,18.0,0.4,0.5,8.0,0.28,45.0,2.7,0.9,2025.0
Allalasandra Lake,ALS,2023-10-20,13.0541,77.6052,0.1195799880336465,0.1413481575952652,0.1513843064845118,0.1819150846443528,0.2321016612114173,0.2546071481364165,0.2512241473973181,0.2379068032238762,0.1878381621088937,-0.2853282742411901,-0.265076161777674,0.106250634682892,0.0295083729914725,1.0694765879778545,1.282477697598611,10/23,3629.0,ALLALASANDRA LAKE,"E (Irrigation, industrial cooling and controlled waste)",3.2,6.6,592.0,20.0,2.0,4700.0,54000.0,3.0,88.0,5.0,88.0,108.0,152.0,11.648922413793104,2.2,136.0,76.0,60.0,14.0,66.0,400.0,48.44541484716157,0.8,0.5,27.0,0.2,0.53,1.3,2.47,2023.0
Allalasandra Lake,ALS,2024-03-08,13.0541,77.6052,,,,,,,,,,,,,,,,03/24,3629.0,Allalasandra Lake,"E (Irrigation, industrial cooling and controlled waste)",3.6,8.1,1248.0,32.0,4.0,2600.0,17000.0,3.0,336.0,5.0,336.0,224.0,188.0,5.8,4.5,296.0,152.0,144.0,10.0,137.0,857.0,98.0,1.67,0.5,35.0,0.2,46.0,3.0,3.57,2024.0
Allalasandra Lake,ALS,2025-01-12,13.0541,77.6052,,,,,,,,,,,,,,,,01/25,3629.0,Allalasandra Lake,"E (Irrigation, industrial cooling and controlled waste)",3.3,7.0,1281.0,17.0,4.9,3300.0,9400.0,3.0,272.0,5.0,272.0,176.0,130.0,2.7,2.1,252.0,132.0,120.0,18.0,114.0,872.0,80.0,1.8,0.5,25.0,0.2,46.0,3.1,4.2,2025.0
Allalasandra Lake,ALS,2025-02-06,13.0541,77.6052,,,,,,,,,,,,,,,,02/25,3629.0,Allalasandra Lake,"E (Irrigation, industrial cooling and controlled waste)",1.2,7.9,1337.0,28.0,5.1,1300.0,8400.0,3.0,348.0,5.0,348.0,196.0,184.0,9.1,7.0,208.0,112.0,96.0,24.0,57.0,908.0,90.0,1.0,0.5,30.0,0.31,33.0,1.7,2.3,2025.0
Allalasandra Lake,ALS,2025-03-13,13.0541,77.6052,,,,,,,,,,,,,,,,03/25,3629.0,Allalasandra Lake,"D (Propagation of wild life,fisheries)",4.6,7.6,845.0,4.0,3.2,1400.0,4800.0,3.0,376.0,5.0,376.0,160.0,40.0,1.5,0.6,244.0,128.0,116.0,6.923076923076923,79.0,576.0,10.0,0.2,0.5,8.0,0.29,40.0,2.2,0.26,2025.0
Allalasandra Lake,ALS,2025-04-07,13.0541,77.6052,0.1280847217822827,0.1506747335454619,0.1687124275014329,0.1982828810755639,0.2426873438214903,0.2710691303276668,0.2713650054552493,0.2735167141801289,0.2366115123359025,-0.2934920658499516,-0.3006474689867743,0.0944699800952301,0.0541023796028088,1.1192413618993813,1.248811972468407,04/25,3629.0,Allalasandra Lake,"E (Irrigation, industrial cooling and controlled waste)",2.8,7.1,938.0,23.0,3.5,21000.0,70000.0,3.0,160.0,5.0,160.0,168.0,153.0,6.5,0.4,136.0,72.0,64.0,12.0,98.0,638.0,10.0,0.6,0.5,34.0,0.3,54.0,3.8,1.3,2025.0
Allalasandra Lake,ALS,2025-05-12,13.0541,77.6052,0.1251856438954,0.1549376063813223,0.1730845844373697,0.2084969309822968,0.2599622004012245,0.279589012071939,0.2704683560342096,0.2736501566184493,0.2249510083412523,-0.2841768761066545,-0.2935563826160755,0.1110653490801767,0.0558175745767402,1.126654511478755,1.3140334720781175,05/25,3629.0,Allalasandra Lake,E,2.5,8.5,487.0,26.0,1.9,2300.0,9400.0,24.0,68.0,12.0,92.0,56.0,175.0,2.7,2.1,100.0,56.0,44.0,28.0,67.0,330.0,232.0,0.2,0.5,14.0,0.2,55.0,2.9,0.6,2025.0
Alur Lake,ALR,2023-10-20,13.0788,77.582,0.0395123327700324,0.0574031510796786,0.0457764119463304,0.0884115758343895,0.2290895824531754,0.2771870229545135,0.2793689163498099,0.1704103858611462,0.0887119243768483,-0.6560884689223216,-0.4995111350344505,0.3337816543657097,-0.1282800693001422,0.7787683487939235,2.0493678466935257,10/23,4541.0,ALUR LAKE,"D (Propagation of wild life,fisheries)",6.1,7.3,528.0,4.0,2.0,310.0,9200.0,3.0,120.0,5.0,120.0,32.0,40.0,8.84030172413793,0.4,148.0,72.0,76.0,29.0,36.0,360.0,100.00873362445417,0.2,0.5,3.0,0.2,34.0,1.3,0.05,2023.0
Alur Lake,ALR,2025-01-12,13.0788,77.582,,,,,,,,,,,,,,,,01/25,4541.0,Alur Lake,"D (Propagation of wild life,fisheries)",7.1,6.5,201.0,4.0,0.77,110.0,2400.0,3.0,76.0,5.0,76.0,12.0,38.0,1.5,0.4,60.0,28.0,32.0,7.0,5.0,136.0,10.0,0.2,0.5,9.0,0.2,8.0,0.17,0.3,2025.0
Alur Lake,ALR,2025-02-06,13.0788,77.582,,,,,,,,,,,,,,,,02/25,4541.0,Alur Lake,"D (Propagation of wild life,fisheries)",7.6,6.9,272.0,4.0,2.0,140.0,3500.0,3.0,60.0,5.0,60.0,72.0,45.0,1.5,0.6,64.0,44.0,20.0,14.0,30.0,186.0,12.0,0.2,0.5,5.0,0.21,48.0,1.6,0.39,2025.0
Alur Lake,ALR,2025-03-13,13.0788,77.582,,,,,,,,,,,,,,,,03/25,4541.0,Alur Lake,"D (Propagation of wild life,fisheries)",6.7,6.6,200.0,4.0,0.77,210.0,1700.0,3.0,72.0,5.0,72.0,12.0,41.0,1.5,0.4,132.0,84.0,48.0,5.615384615384615,5.0,134.0,10.0,0.2,0.5,9.0,0.2,4.0,0.11,0.05,2025.0
Alur Lake,ALR,2025-04-07,13.0788,77.582,0.0438883431910998,0.0622477153458573,0.056879950405112,0.1001333262920715,0.2008893008027038,0.2391548373468526,0.2482258379101536,0.1990679411350513,0.1285113469933812,-0.6008519048910739,-0.5293740563648096,0.3004168361860423,-0.0695348470280104,0.8850452094998893,1.9299563428408768,04/25,4541.0,Alur Lake,"D (Propagation of wild life,fisheries)",6.9,6.6,328.0,4.0,1.3,94.0,540.0,3.0,84.0,5.0,84.0,36.0,36.0,5.9,4.6,88.0,48.0,40.0,21.0,21.0,224.0,10.0,0.2,0.5,15.0,0.2,30.0,1.0,0.12,2025.0
Alur Lake,ALR,2025-05-12,13.0788,77.582,0.0290911561751865,0.0595783831645052,0.0526006335946456,0.1240604069849317,0.2637960076045627,0.3033938494578228,0.3020929481763132,0.1905768342486975,0.1085743416420223,-0.6706288449445229,-0.5302604671913721,0.4369509772673798,-0.1016840553642514,0.848411886420796,2.783043366133753,05/25,4541.0,Alur Lake,E,3.6,7.0,327.0,6.0,1.26,24.0,1600.0,3.0,88.0,5.0,88.0,32.0,62.0,1.5,0.4,148.0,96.0,52.0,11.0,19.0,218.0,16.0,0.2,0.5,16.0,0.2,20.0,0.69,0.35,2025.0
Anchepalya Lake,ACP,2023-10-20,13.0596,77.5024,0.1258022423261052,0.1520310864964527,0.1708548754787791,0.1973367466910728,0.2295577337369755,0.2411547134609968,0.2366095430864544,0.2585484969022812,0.2216828710222473,-0.2210228658125599,-0.2663008557322772,0.0795572771587336,0.0572442669969129,1.1247305618050365,1.1935658516746042,10/23,3599.0,ANCHEPALYA LAKE,"E (Irrigation, industrial cooling and controlled waste)",0.3,7.0,1289.0,62.0,5.0,460.0,9200.0,3.0,388.0,5.0,388.0,196.0,208.0,9.152370689655172,7.2,436.0,224.0,212.0,19.0,149.0,882.0,94.27947598253274,2.5,0.5,26.0,0.23,40.0,3.1,1.85,2023.0
Anchepalya Lake,ACP,2024-03-08,13.0596,77.5024,,,,,,,,,,,,,,,,03/24,3599.0,Anchepalya Lake,"D (Propagation of wild life,fisheries)",4.4,6.7,429.0,8.0,8.3,2100.0,9400.0,3.0,76.0,5.0,76.0,84.0,76.0,1.5,0.9,108.0,60.0,40.0,20.0,69.0,304.0,12.0,0.2,0.5,22.0,0.2,52.0,2.9,0.6,2024.0
Anchepalya Lake,ACP,2024-04-07,13.0596,77.5024,,,,,,,,,,,,,,,,04/24,3599.0,Anchepalya Lake,"E (Irrigation, industrial cooling and controlled waste)",0.9,7.8,2180.0,54.0,7.5,1200.0,7900.0,3.0,376.0,5.0,376.0,372.0,276.0,25.0,18.0,608.0,312.0,296.0,125.0,216.0,1432.0,10.0,0.32,0.5,34.0,0.2,42.0,4.0,0.8,2024.0
Anchepalya Lake,ACP,2025-01-12,13.0596,77.5024,,,,,,,,,,,,,,,,01/25,3599.0,Anchepalya Lake,"D (Propagation of wild life,fisheries)",6.4,7.8,405.0,6.0,1.55,680.0,4800.0,3.0,92.0,5.0,92.0,40.0,63.0,1.5,0.4,92.0,44.0,48.0,12.0,29.0,278.0,30.0,0.2,0.5,7.6,0.2,38.0,1.3,0.4,2025.0
Anchepalya Lake,ACP,2025-02-06,13.0596,77.5024,,,,,,,,,,,,,,,,02/25,3599.0,Anchepalya Lake,"E (Irrigation, industrial cooling and controlled waste)",3.3,7.0,393.0,21.0,1.5,920.0,7000.0,3.0,88.0,5.0,88.0,37.0,160.0,1.5,0.4,104.0,56.0,48.0,16.0,37.0,270.0,10.0,0.2,0.5,8.0,0.2,41.0,2.0,0.56,2025.0
Anchepalya Lake,ACP,2025-03-13,13.0596,77.5024,,,,,,,,,,,,,,,,03/25,3599.0,Anchepalya Lake,"E (Irrigation, industrial cooling and controlled waste)",3.0,6.6,287.0,10.0,1.1,560.0,3900.0,3.0,56.0,5.0,56.0,40.0,108.0,1.6,1.23,124.0,72.0,52.0,7.641025641025641,16.0,196.0,84.0,0.2,0.5,9.0,0.2,21.0,1.0,0.33,2025.0
Anchepalya Lake,ACP,2025-04-07,13.0596,77.5024,0.1438395698394818,0.1705832786297347,0.196317913824804,0.2214564383272316,0.2475462932976627,0.2636887038862291,0.2619477189524078,0.2951259046747394,0.2663050373134328,-0.2148065328555392,-0.2720571758724858,0.0655646343875576,0.0692928319978608,1.152448421255606,1.1546245401404531,04/25,3599.0,Anchepalya Lake,"E (Irrigation, industrial cooling and controlled waste)",0.3,6.5,456.0,32.0,1.5,4600.0,35000.0,3.0,80.0,5.0,80.0,80.0,202.0,4.5,3.4,80.0,44.0,36.0,55.0,51.0,306.0,10.0,0.3,0.5,10.0,0.28,54.0,2.7,0.7,2025.0
Anchepalya Lake,ACP,2025-05-12,13.0596,77.5024,0.1423206983948183,0.1744603809869896,0.1967818042619027,0.2237364333990425,0.2603914249507184,0.2740171923401859,0.2690332793579273,0.2919256934666288,0.2533192410588565,-0.2199861292839409,-0.2615432478276419,0.0746220871450524,0.0595252469614311,1.1293411958873198,1.1907259364925726,05/25,3599.0,Anchepalya Lake,E,0.3,6.6,521.0,12.0,2.0,2600.0,9400.0,3.0,104.0,5.0,104.0,52.0,121.0,1.5,1.15,256.0,134.0,122.0,16.0,41.0,354.0,20.0,0.2,0.5,12.0,0.35,25.0,1.11,0.36,2025.0
Arakere Lake,ARK,2023-10-20,12.8944,77.5989,0.1148231654524337,0.1367885965580036,0.1441955970787672,0.1700679020166825,0.211788332805406,0.2289650089747651,0.222867131242741,0.2393454158307816,0.2033215992679406,-0.2412993820471494,-0.2788087255786288,0.0977527442134392,0.0193237866733622,1.0436125388846165,1.261789377932255,10/23,3615.0,ARAKERE LAKE,"D (Propagation of wild life,fisheries)",4.2,7.6,786.0,8.0,3.0,6300.0,54000.0,3.0,176.0,5.0,110.66666666666669,82.66666666666667,88.0,10.478663793103449,0.89,180.0,96.0,84.0,9.333333333333334,69.0,534.0,69.93013100436681,0.56,0.5,5.0,0.39,44.0,2.0,1.72,2023.0
Arakere Lake,ARK,2024-03-08,12.8944,77.5989,,,,,,,,,,,,,,,,03/24,3615.0,Arakere Lake,"E (Irrigation, industrial cooling and controlled waste)",3.4,8.2,669.0,12.0,1.6,3300.0,11000.0,3.0,192.0,5.0,192.0,132.0,147.0,1.5,0.9,172.0,92.0,80.0,20.0,70.0,456.0,66.0,1.01,0.5,7.0,0.27,46.0,2.0,3.12,2024.0
Arakere Lake,ARK,2024-04-07,12.8944,77.5989,,,,,,,,,,,,,,,,04/24,3615.0,Arakere Lake,"D (Propagation of wild life,fisheries)",4.9,7.5,389.0,6.0,0.8,2100.0,9400.0,3.0,164.0,5.0,164.0,68.0,75.0,1.5,0.42,136.0,72.0,64.0,11.666666666666666,43.0,288.0,10.0,0.2,0.5,5.0,0.38,39.0,1.4,0.05,2024.0
Arakere Lake,ARK,2025-01-12,12.8944,77.5989,,,,,,,,,,,,,,,,01/25,3615.0,Arakere Lake,"D (Propagation of wild life,fisheries)",5.2,7.2,1105.0,12.0,4.2,310.0,2800.0,3.0,212.0,5.0,212.0,228.0,130.0,1.5,0.4,196.0,104.0,92.0,48.0,150.0,752.0,22.0,0.3,0.5,29.0,0.25,58.0,4.7,0.7,2025.0
Arakere Lake,ARK,2025-02-06,12.8944,77.5989,,,,,,,,,,,,,,,,02/25,3615.0,Arakere Lake,"D (Propagation of wild life,fisheries)",4.6,8.0,766.0,5.0,2.94,110.0,2400.0,3.0,136.0,5.0,136.0,100.0,62.0,1.5,0.4,104.0,66.0,38.0,6.0,84.0,522.0,10.0,0.2,0.5,17.0,0.2,59.0,3.58,0.32,2025.0
Arakere Lake,ARK,2025-03-13,12.8944,77.5989,,,,,,,,,,,,,,,,03/25,3615.0,Arakere Lake,"D (Propagation of wild life,fisheries)",4.7,8.2,732.0,8.0,2.81,480.0,3500.0,3.0,144.0,5.0,144.0,104.0,81.0,1.5,0.4,216.0,140.0,76.0,7.256410256410256,91.0,502.0,66.0,0.2,0.5,22.0,0.35,45.0,2.69,0.05,2025.0
Arakere Lake,ARK,2025-04-07,12.8944,77.5989,0.1264528525674867,0.146545461989876,0.1594916091199951,0.1843478724527505,0.2154730827438144,0.2358254038644283,0.2360913067961848,0.2651252630838,0.2407927497976278,-0.2328452319717816,-0.2925293525385679,0.0870051007249967,0.0373574770181001,1.083061005095929,1.2334971735466869,04/25,3615.0,Arakere Lake,"D (Propagation of wild life,fisheries)",5.9,7.5,1448.0,6.0,5.84,220.0,1300.0,3.0,160.0,5.0,160.0,308.0,72.0,1.5,0.43,180.0,96.0,84.0,66.0,33.0,992.0,10.0,0.2,0.5,11.0,0.65,60.0,4.31,0.05,2025.0
Arakere Lake,ARK,2025-05-12,12.8944,77.5989,0.1221141695702671,0.1517974168601868,0.1651587305249685,0.192679305247598,0.2276612078977934,0.2420891634111147,0.2330098546440011,0.2661303100693341,0.2332565093443143,-0.211152891257614,-0.2831459540812172,0.0962156195903401,0.0364390064375144,1.082440464336971,1.29749724884573,05/25,3615.0,Arakere Lake,D,5.9,8.1,524.0,5.0,2.0,240.0,3500.0,3.0,92.0,5.0,92.0,48.0,60.0,1.5,0.91,96.0,56.0,40.0,49.0,68.0,356.0,10.0,0.2,0.5,9.0,0.46,58.0,3.0,0.39,2025.0
Basavanapura Lake,BSV,2023-10-20,12.9985,77.6808,0.0867211907945668,0.1174493178175192,0.1161610810879875,0.1666375642198605,0.2724336934337391,0.3041589802238018,0.3033076043352804,0.275687201773524,0.1924415335350832,-0.4335637227292063,-0.4040679981996277,0.1899148646298426,-0.015604965937312,0.9754407899221654,1.51430515426951,10/23,4542.0,BASAVANAPURA LAKE,"D (Propagation of wild life,fisheries)",5.7,6.5,540.0,5.0,2.0,4300.0,92000.0,3.0,124.0,5.0,124.0,68.0,64.0,10.010560344827589,0.49,132.0,72.0,60.0,12.0,52.0,372.0,78.52401746724891,0.91,0.5,13.0,0.2,43.0,2.0,3.0,2023.0
Basavanapura Lake,BSV,2024-03-08,12.9985,77.6808,,,,,,,,,,,,,,,,03/24,4542.0,Basavanapura Lake,"D (Propagation of wild life,fisheries)",4.4,7.4,641.0,8.0,1.1,11000.0,33000.0,3.0,148.0,5.0,148.0,100.0,83.0,1.5,0.4,192.0,104.0,88.0,23.0,60.0,370.0,68.0,0.2,0.5,8.0,0.32,39.0,2.0,0.05,2024.0
Basavanapura Lake,BSV,2025-03-13,12.9985,77.6808,,,,,,,,,,,,,,,,03/25,4542.0,Basavanapura Lake,"D (Propagation of wild life,fisheries)",5.8,6.7,396.0,5.0,1.3,930.0,4900.0,3.0,88.0,5.0,88.0,68.0,60.0,1.5,0.55,104.0,60.0,44.0,5.589743589743589,61.0,266.0,74.0,0.2,0.5,11.0,0.28,53.0,3.0,0.05,2025.0
Basavanapura Lake,BSV,2025-04-07,12.9985,77.6808,0.085411728481948,0.1194244105843656,0.1295987193858281,0.1750904461960727,0.2753754416215073,0.3130821169681186,0.3187594693504116,0.3087102399887397,0.2336969843057215,-0.4489022854487921,-0.4434538301843903,0.1644412985571201,0.0321865362306651,1.0713972272123669,1.4531760632279191,04/25,4542.0,Basavanapura Lake,"D (Propagation of wild life,fisheries)",5.3,6.8,646.0,5.0,2.6,220.0,1200.0,3.0,140.0,5.0,140.0,92.0,60.0,1.5,0.4,112.0,60.0,52.0,7.0,55.0,442.0,10.0,0.37,0.5,4.0,0.22,50.0,2.27,1.04,2025.0
Basavanapura Lake,BSV,2025-05-12,12.9985,77.6808,0.0856021887536068,0.1229710854737807,0.1396903022860251,0.1887745935674571,0.2692615666127102,0.2954541698923216,0.2917329650221689,0.3080515342388625,0.2301780104159334,-0.4055223660525869,-0.4332514156395942,0.1639461595170363,0.0571999772224222,1.1269432428378858,1.447040198019976,05/25,4542.0,Basavanapura Lake,D,5.2,7.2,617.0,5.0,2.4,43.0,1600.0,3.0,128.0,5.0,128.0,84.0,50.0,1.5,0.6,112.0,64.0,48.0,7.0,74.0,420.0,30.0,0.2,0.5,21.0,0.44,53.0,3.0,0.05,2025.0
Begur Tank,BGR,2023-10-20,12.874,77.622,0.0704771212387823,0.1082159423485159,0.1041924125639963,0.1694175224353335,0.3176200246348759,0.3591475664261833,0.3575611930318496,0.2746777230336088,0.1806172831251099,-0.5319897751891036,-0.4420462947472482,0.2648605400983793,-0.0443669722206857,0.9316411003040392,1.811976719219299,10/23,3619.0,BEGUR TANK,"D (Propagation of wild life,fisheries)",4.1,7.7,791.0,9.0,3.0,9400.0,92000.0,3.0,144.0,5.0,144.0,132.0,84.0,10.361637931034483,0.99,100.0,56.0,44.0,6.0,71.0,538.0,72.07860262008734,0.2,0.5,6.0,0.35,58.0,3.0,0.05,2023.0
Begur Tank,BGR,2024-03-08,12.874,77.622,,,,,,,,,,,,,,,,03/24,3619.0,Begur Tank,"E (Irrigation, industrial cooling and controlled waste)",3.5,7.28,998.0,11.0,2.3,1700.0,7900.0,3.0,200.0,5.0,200.0,156.0,103.0,1.5,0.61,244.0,128.0,116.0,31.0,92.0,680.0,18.0,0.2,0.5,8.0,0.42,44.0,3.0,0.05,2024.0
Begur Tank,BGR,2024-04-07,12.874,77.622,,,,,,,,,,,,,,,,04/24,3619.0,Begur Tank,"D (Propagation of wild life,fisheries)",5.4,7.2,1274.0,7.0,2.95,930.0,4900.0,3.0,172.0,5.0,172.0,164.0,75.0,1.5,3.06,192.0,100.0,92.0,19.0,102.0,860.0,12.0,0.98,0.5,15.0,0.3,51.0,3.2,3.0,2024.0
Begur Tank,BGR,2025-01-12,12.874,77.622,,,,,,,,,,,,,,,,01/25,3619.0,Begur Tank,"D (Propagation of wild life,fisheries)",5.9,7.3,1118.0,10.0,4.0,260.0,5400.0,3.0,196.0,5.0,196.0,220.0,111.0,1.5,0.4,212.0,108.0,104.0,47.0,151.0,772.0,10.0,0.2,0.5,30.0,0.23,57.0,4.5,0.23,2025.0
Begur Tank,BGR,2025-02-06,12.874,77.622,,,,,,,,,,,,,,,,02/25,3619.0,Begur Tank,"D (Propagation of wild life,fisheries)",7.0,7.3,1273.0,4.0,4.9,460.0,2800.0,3.0,176.0,5.0,176.0,224.0,41.0,1.5,0.4,244.0,128.0,116.0,64.0,159.0,866.0,18.0,0.2,0.5,32.0,0.22,55.0,4.4,0.3,2025.0
Begur Tank,BGR,2025-03-13,12.874,77.622,,,,,,,,,,,,,,,,03/25,3619.0,Begur Tank,"D (Propagation of wild life,fisheries)",5.3,7.4,724.0,12.0,2.5,93.0,700.0,3.0,240.0,5.0,240.0,132.0,121.0,1.5,0.74,236.0,120.0,116.0,7.17948717948718,88.0,500.0,10.0,1.1,0.5,10.0,0.27,43.0,2.5,2.6,2025.0
Begur Tank,BGR,2025-04-07,12.874,77.622,0.1142444272391342,0.147915421487128,0.1812252721745805,0.2173833925743445,0.2714238782333274,0.3001738201654057,0.3046716945275383,0.3504271969030442,0.2829996586310045,-0.35592174330841,-0.4170826190058593,0.1033740126784854,0.0999901000253011,1.228246854204707,1.2540650653981436,04/25,3619.0,Begur Tank,"D (Propagation of wild life,fisheries)",6.1,7.4,1415.0,5.0,5.71,340.0,3500.0,3.0,132.0,5.0,132.0,312.0,48.0,1.5,0.4,164.0,88.0,76.0,50.0,126.0,968.0,10.0,0.2,0.5,11.0,0.54,61.0,4.27,0.33,2025.0
Begur Tank,BGR,2025-05-12,12.874,77.622,0.1074225514692944,0.1523498260141594,0.1968962839190208,0.2358965757522435,0.2799933133908146,0.2963727362308642,0.288635002639451,0.3640677599859229,0.3002266971669892,-0.3141310103365882,-0.4168753684542067,0.1046553641261361,0.1200046891263532,1.2841936113173271,1.2642466110715178,05/25,3619.0,Begur Tank,D,5.1,7.7,1446.0,9.0,5.6,340.0,2400.0,3.0,180.0,5.0,180.0,304.0,89.0,1.5,0.61,228.0,120.0,108.0,68.0,174.0,984.0,18.0,0.2,0.5,43.0,0.72,57.0,5.0,0.36,2025.0
Bellandur Lake,BLR,2023-10-20,12.9265,77.6434,0.050333626605666,0.0677858669021726,0.0505193632185857,0.0788335808551821,0.1433791870490938,0.1609782755586837,0.156491803624846,0.1009293506950554,0.0532942987858525,-0.2764016958785193,-0.1014854292341666,0.2060198601994193,-0.1489424933072304,0.7428527500788537,1.5593637296112142,10/23,3602.0,BELLANDUR LAKE,"E (Irrigation, industrial cooling and controlled waste)",1.9,7.1,997.0,51.0,4.0,340000.0,2400000.0,3.0,344.0,5.0,344.0,92.0,212.0,9.50344827586207,14.6,320.0,164.0,156.0,31.0,66.0,686.0,87.83406113537117,0.6,0.5,26.0,0.3,29.0,2.0,1.27,2023.0
Bellandur Lake,BLR,2024-03-08,12.9265,77.6434,,,,,,,,,,,,,,,,03/24,3602.0,Bellandur Lake,"D (Propagation of wild life,fisheries)",4.4,7.1,646.0,8.0,2.3,2200.0,13000.0,3.0,84.0,5.0,84.0,100.0,96.0,1.5,0.4,96.0,56.0,40.0,38.0,78.0,432.0,40.0,0.26,0.5,21.0,0.34,58.0,3.0,0.66,2024.0
Bellandur Lake,BLR,2024-04-07,12.9265,77.6434,,,,,,,,,,,,,,,,04/24,3602.0,Bellandur Lake,"E (Irrigation, industrial cooling and controlled waste)",0.3,7.7,1322.0,27.0,5.8,7800.0,23000.0,3.0,300.0,5.0,300.0,184.0,182.0,2.6,2.0,356.0,184.0,172.0,73.0,175.0,902.0,28.0,2.2,0.5,33.0,0.23,49.0,5.6,7.6,2024.0
Bellandur Lake,BLR,2025-01-12,12.9265,77.6434,,,,,,,,,,,,,,,,01/25,3602.0,Bellandur Lake,"D (Propagation of wild life,fisheries)",6.5,7.4,506.0,4.0,1.94,1200.0,7900.0,3.0,144.0,5.0,144.0,52.0,37.0,1.5,0.4,148.0,88.0,60.0,5.0,50.0,342.0,18.0,0.2,0.5,12.0,0.2,40.0,1.8,0.35,2025.0
Bellandur Lake,BLR,2025-02-06,12.9265,77.6434,,,,,,,,,,,,,,,,02/25,3602.0,Bellandur Lake,"E (Irrigation, industrial cooling and controlled waste)",3.2,6.9,1120.0,20.0,3.9,210.0,2200.0,3.0,360.0,5.0,360.0,92.0,144.0,2.0,1.3,324.0,168.0,156.0,31.0,85.0,738.0,150.0,0.2,0.5,9.0,0.21,35.0,2.0,0.58,2025.0
Bellandur Lake,BLR,2025-03-13,12.9265,77.6434,,,,,,,,,,,,,,,,03/25,3602.0,Bellandur Lake,"D (Propagation of wild life,fisheries)",6.0,7.0,683.0,4.0,2.3,3900.0,21000.0,3.0,188.0,5.0,188.0,108.0,40.0,1.5,0.5,168.0,92.0,76.0,7.589743589743589,106.0,464.0,18.0,0.2,0.5,24.0,0.33,54.0,4.0,0.05,2025.0
Bellandur Lake,BLR,2025-04-07,12.9265,77.6434,0.0460364525778638,0.0636941301649344,0.0498866302509417,0.079928171740278,0.1514943973253563,0.1767164279429879,0.1807883758578216,0.1473483125109978,0.0905630793594932,-0.2896225694971966,-0.2950614918481872,0.2040736917538743,-0.1415707141896164,0.7611743583201576,1.616743048448392,04/25,3602.0,Bellandur Lake,"E (Irrigation, industrial cooling and controlled waste)",2.9,7.8,998.0,9.0,3.83,170.0,2200.0,3.0,128.0,5.0,128.0,164.0,87.0,1.5,0.4,132.0,76.0,56.0,76.0,94.0,684.0,10.0,0.2,0.5,22.0,0.35,56.0,3.55,0.48,2025.0
Bellandur Lake,BLR,2025-05-12,12.9265,77.6434,0.0340360232271687,0.0586236388149363,0.0477194265221392,0.0882968150624669,0.1578474749252156,0.1781168784092908,0.1751341544958649,0.1426807531233505,0.0853795917649129,-0.3150166794054984,-0.3351644946028191,0.2691265734637821,-0.120939410413922,0.7925161133035233,1.8778562491126405,05/25,3602.0,Bellandur Lake,D,5.5,7.5,876.0,5.0,3.5,43.0,1600.0,3.0,200.0,5.0,200.0,152.0,58.0,1.5,0.4,200.0,104.0,96.0,8.0,97.0,596.0,14.0,0.3,0.5,8.0,0.28,50.0,3.0,1.0,2025.0
Bhattarahalli Lake,BTH,2023-10-20,13.0116,77.7116,0.0682394059893725,0.100368416932681,0.0804978145942761,0.1420014920646092,0.2993361333004892,0.3388461378752155,0.3396774290037654,0.2263857057395219,0.1251868986874054,-0.5424704413982475,-0.3868359551574284,0.2815163631674964,-0.1149641280607095,0.7995358499249231,1.810156950463652,10/23,4515.0,BHATTARAHALLI LAKE,"D (Propagation of wild life,fisheries)",6.1,8.0,758.0,4.0,3.0,460.0,5400.0,3.0,120.0,5.0,120.0,148.0,44.0,10.79073275862069,0.4,144.0,80.0,64.0,20.0,92.0,516.0,64.2008733624454,0.2,0.5,17.0,0.51,55.0,3.0,0.49,2023.0
Bhattarahalli Lake,BTH,2024-03-08,13.0116,77.7116,,,,,,,,,,,,,,,,03/24,4515.0,Bhattarahalli Lake,"D (Propagation of wild life,fisheries)",5.9,8.5,907.0,7.0,3.6,3300.0,7900.0,40.0,84.0,20.0,124.0,176.0,60.0,1.5,0.51,80.0,44.0,36.0,34.0,73.0,616.0,20.0,0.2,0.5,6.0,0.48,64.0,4.0,0.05,2024.0
Bhattarahalli Lake,BTH,2024-04-07,13.0116,77.7116,,,,,,,,,,,,,,,,04/24,4515.0,Bhattarahalli Lake,"D (Propagation of wild life,fisheries)",4.1,8.5,1151.0,12.0,3.7,320.0,3500.0,16.0,308.0,8.0,324.0,196.0,121.0,1.5,0.99,312.0,164.0,148.0,18.0,112.0,784.0,30.0,2.1,0.5,14.0,0.9,42.0,2.8,0.76,2024.0
Bhattarahalli Lake,BTH,2025-01-12,13.0116,77.7116,,,,,,,,,,,,,,,,01/25,4515.0,Bhattarahalli Lake,"D (Propagation of wild life,fisheries)",6.1,7.5,921.0,5.0,3.5,310.0,3500.0,3.0,212.0,5.0,212.0,152.0,52.0,1.5,0.4,248.0,128.0,120.0,38.0,91.0,626.0,10.0,0.2,0.5,18.0,0.2,42.0,2.52,0.24,2025.0
Bhattarahalli Lake,BTH,2025-02-06,13.0116,77.7116,,,,,,,,,,,,,,,,02/25,4515.0,Bhattarahalli Lake,"D (Propagation of wild life,fisheries)",6.8,8.0,965.0,5.0,3.7,17.0,1600.0,3.0,156.0,5.0,156.0,176.0,50.0,1.5,0.78,104.0,56.0,48.0,21.0,108.0,656.0,10.0,0.2,0.5,17.0,0.37,65.0,4.6,0.3,2025.0
Bhattarahalli Lake,BTH,2025-03-13,13.0116,77.7116,,,,,,,,,,,,,,,,03/25,4515.0,Bhattarahalli Lake,"E (Irrigation, industrial cooling and controlled waste)",3.3,7.0,892.0,7.0,3.42,330.0,4300.0,3.0,128.0,5.0,128.0,164.0,70.0,1.5,0.59,172.0,104.0,68.0,6.153846153846154,110.0,592.0,18.0,0.2,0.5,22.0,0.51,54.0,3.65,0.05,2025.0
Bhattarahalli Lake,BTH,2025-04-07,13.0116,77.7116,0.0751610409262061,0.1058428122784219,0.1108458422210383,0.1576096878628989,0.2692059119541117,0.3082791357286132,0.3134641095119117,0.2984586374353378,0.2134003906112537,-0.4966247575739007,-0.4820959608191069,0.1970184247248954,0.0002629914814676,1.0154033113819223,1.5332757963644357,04/25,4515.0,Bhattarahalli Lake,"D (Propagation of wild life,fisheries)",5.8,8.1,806.0,7.0,0.3,170.0,2400.0,3.0,136.0,5.0,136.0,172.0,79.0,1.5,0.4,112.0,64.0,48.0,8.0,114.0,550.0,10.0,0.2,0.5,24.0,0.48,63.0,4.9,0.2,2025.0
Bhattarahalli Lake,BTH,2025-05-12,13.0116,77.7116,0.068373730513425,0.1063509974498248,0.1118671284774773,0.1713343069289508,0.2853829116374001,0.3184556005208149,0.3174764436780799,0.296788865819756,0.2034715557588766,-0.5014515960654109,-0.4789796147657233,0.2293977799370042,0.01081974573934,1.0311613201258565,1.6443569899958566,05/25,4515.0,Bhattarahalli Lake,D,4.9,8.5,733.0,15.0,2.8,140.0,2400.0,32.0,124.0,16.0,140.0,168.0,156.0,1.7,1.3,84.0,44.0,40.0,9.8,98.0,506.0,36.0,0.3,0.5,2.0,0.22,70.0,4.6,0.71,2025.0
Byrasandra Tank,BYT,2023-10-20,12.9638,77.5875,0.0702567933826117,0.1040821859626828,0.1298212702061872,0.1701433192537838,0.2524289158746918,0.275897726152763,0.2725428722280886,0.2785109714889123,0.2112687187609993,-0.4678824685353803,-0.4752136644877137,0.1953889973899424,0.0615456256658095,1.1697950366732457,1.6553288032750728,10/23,3595.0,BYRASANDRA TANK,"D (Propagation of wild life,fisheries)",5.1,6.9,500.0,7.0,2.0,4300.0,92000.0,3.0,116.0,5.0,116.0,36.0,88.0,11.804956896551724,0.4,132.0,72.0,60.0,25.0,39.0,338.0,45.58078602620088,0.52,0.5,13.0,0.2,36.0,1.4,1.42,2023.0
Byrasandra Tank,BYT,2024-03-08,12.9638,77.5875,,,,,,,,,,,,,,,,03/24,3595.0,Byrasandra Tank,"D (Propagation of wild life,fisheries)",5.4,8.5,385.0,6.0,1.4,3100.0,17000.0,8.0,72.0,5.0,80.0,52.0,56.0,1.5,0.4,64.0,40.0,24.0,22.0,53.0,270.0,194.0,0.2,0.5,15.0,0.2,58.0,3.0,0.05,2024.0
Byrasandra Tank,BYT,2024-04-07,12.9638,77.5875,,,,,,,,,,,,,,,,04/24,3595.0,Byrasandra Tank,"D (Propagation of wild life,fisheries)",4.7,8.6,456.0,7.0,1.5,320.0,3500.0,24.0,56.0,12.0,80.0,60.0,64.0,1.5,0.43,64.0,36.0,28.0,26.0,51.0,312.0,12.0,0.3,0.5,16.0,0.2,57.0,2.8,0.7,2024.0
Byrasandra Tank,BYT,2025-01-12,12.9638,77.5875,,,,,,,,,,,,,,,,01/25,3595.0,Byrasandra Tank,"D (Propagation of wild life,fisheries)",5.4,8.5,405.0,10.0,1.5,210.0,3500.0,40.0,52.0,20.0,72.0,44.0,109.0,1.5,0.4,52.0,32.0,20.0,16.0,43.0,276.0,38.0,0.2,0.5,13.0,0.2,57.0,2.6,0.1,2025.0
Byrasandra Tank,BYT,2025-02-06,12.9638,77.5875,,,,,,,,,,,,,,,,02/25,3595.0,Byrasandra Tank,"D (Propagation of wild life,fisheries)",6.8,7.1,1419.0,5.0,5.5,400.0,2400.0,3.0,292.0,5.0,292.0,44.0,57.0,1.5,0.4,856.0,432.0,424.0,247.0,49.0,964.0,14.0,0.2,0.5,25.0,0.2,11.0,0.7,0.1,2025.0
Byrasandra Tank,BYT,2025-03-13,12.9638,77.5875,,,,,,,,,,,,,,,,03/25,3595.0,Byrasandra Tank,"D (Propagation of wild life,fisheries)",5.5,8.2,348.0,6.0,1.2,5800.0,35000.0,3.0,72.0,5.0,72.0,52.0,52.0,1.5,0.4,72.0,44.0,28.0,7.743589743589744,55.0,232.0,112.0,0.2,0.5,16.0,0.2,56.0,0.89,0.05,2025.0
Byrasandra Tank,BYT,2025-04-07,12.9638,77.5875,0.0881226715945089,0.1194436438034187,0.1451941358450693,0.1870334670890529,0.2897686483632522,0.3305954699049629,0.3316291305878211,0.3012316437873987,0.2415814396339316,-0.470678909129996,-0.4433354918967541,0.1691767741903383,0.0603614778259867,1.1624796315004169,1.505095750087954,04/25,3595.0,Byrasandra Tank,"D (Propagation of wild life,fisheries)",5.0,7.0,466.0,5.0,1.2,3100.0,17000.0,3.0,104.0,5.0,104.0,76.0,55.0,1.5,0.84,124.0,64.0,60.0,20.0,46.0,316.0,10.0,0.2,0.5,9.0,0.29,42.0,2.0,0.05,2025.0
Byrasandra Tank,BYT,2025-05-12,12.9638,77.5875,0.0762173812038014,0.1186490740577221,0.1496547509243122,0.1954832629355858,0.2973366701865541,0.3226197113692359,0.3151808588525167,0.3028416473072861,0.2376788630763814,-0.4633965587777294,-0.4606234854600439,0.1959766740637255,0.0705190860657967,1.1933497725360562,1.7377079094150731,05/25,3595.0,Byrasandra Tank,E,1.1,6.6,728.0,42.0,2.8,2600.0,11000.0,3.0,164.0,5.0,164.0,116.0,196.0,4.8,4.2,192.0,100.0,92.0,30.0,70.0,496.0,22.0,0.39,0.5,15.0,0.33,42.0,2.2,1.1,2025.0
Chandapura Lake,CDP,2023-10-20,12.8419,77.6534,0.1472209453751936,0.1812253066388554,0.1987183053618396,0.2274551175559621,0.2588760664507955,0.2714152576376181,0.2629064550190061,0.2628536885822892,0.215321695058426,-0.2012392321559913,-0.2082941315900458,0.0958597442988691,0.0312755113196774,1.0723950768344617,1.2708781802305966,10/23,4532.0,CHANDAPURA LAKE,"E (Irrigation, industrial cooling and controlled waste)",3.5,7.3,1180.0,10.0,5.6,4300.0,92000.0,3.0,340.0,5.0,340.0,156.0,92.0,8.372198275862068,1.1,464.0,236.0,228.0,21.0,162.0,810.0,108.60262008733623,1.2,0.5,30.0,0.4,41.0,3.3,2.9,2023.0
Chandapura Lake,CDP,2024-03-08,12.8419,77.6534,,,,,,,,,,,,,,,,03/24,4532.0,Chandapura Lake,"E (Irrigation, industrial cooling and controlled waste)",0.3,7.19,2552.0,51.0,11.0,140000.0,490000.0,3.0,608.0,5.0,608.0,448.0,354.0,42.0,32.0,708.0,360.0,348.0,34.0,236.0,1736.0,150.0,0.96,0.5,28.0,0.67,45.0,5.0,2.97,2024.0
Chandapura Lake,CDP,2024-04-07,12.8419,77.6534,,,,,,,,,,,,,,,,04/24,4532.0,Chandapura Lake,"E (Irrigation, industrial cooling and controlled waste)",0.3,7.1,2273.0,75.0,9.9,1400.0,4900.0,3.0,572.0,5.0,572.0,476.0,250.0,50.0,38.0,548.0,280.0,268.0,42.0,290.0,1548.0,46.0,6.3,0.5,40.0,0.39,51.0,7.5,15.0,2024.0
Chandapura Lake,CDP,2025-01-12,12.8419,77.6534,,,,,,,,,,,,,,,,01/25,4532.0,Chandapura Lake,"E (Irrigation, industrial cooling and controlled waste)",0.3,7.5,2380.0,62.0,9.0,17000.0,70000.0,3.0,584.0,5.0,584.0,452.0,244.0,37.6,52.0,628.0,316.0,312.0,36.0,244.0,1600.0,26.0,3.0,0.5,34.0,0.28,44.0,4.2,7.0,2025.0
Chandapura Lake,CDP,2025-02-06,12.8419,77.6534,,,,,,,,,,,,,,,,02/25,4532.0,Chandapura Lake,"E (Irrigation, industrial cooling and controlled waste)",0.3,7.7,1368.0,25.0,5.25,1100.0,4900.0,3.0,124.0,5.0,124.0,108.0,274.0,91.5,61.0,640.0,142.0,498.0,47.0,171.0,936.0,22.0,0.61,0.5,42.0,0.53,32.0,2.94,1.55,2025.0
Chandapura Lake,CDP,2025-03-13,12.8419,77.6534,,,,,,,,,,,,,,,,03/25,4532.0,Chandapura Lake,"E (Irrigation, industrial cooling and controlled waste)",2.1,7.6,1847.0,28.0,5.4,21000.0,70000.0,3.0,420.0,5.0,420.0,404.0,201.0,28.2,24.0,468.0,240.0,228.0,5.769230769230769,191.0,1256.0,10.0,1.0,0.5,33.0,0.59,45.0,3.8,0.05,2025.0
Chandapura Lake,CDP,2025-04-07,12.8419,77.6534,0.1452872553850485,0.1778411138528733,0.1998642454253974,0.2254212656623961,0.2674446923835,0.2887759679008869,0.2842390891172744,0.268537825566662,0.2289715225960862,-0.232645862082839,-0.233743541184392,0.0992094043741605,0.036468414757458,1.0919141357184643,1.316181630711945,04/25,4532.0,Chandapura Lake,"D (Propagation of wild life,fisheries)",5.3,6.9,1498.0,5.0,5.8,210.0,1200.0,3.0,360.0,5.0,360.0,344.0,56.0,1.5,0.59,544.0,268.0,276.0,20.0,104.0,1020.0,10.0,0.2,0.5,12.0,0.45,34.0,2.45,0.44,2025.0
Chandapura Lake,CDP,2025-05-12,12.8419,77.6534,0.1284351893566099,0.169289687467671,0.1850147088733282,0.2165544347458822,0.2647540757426438,0.2789376566239618,0.2662617485569479,0.2625169893002956,0.2182662924116569,-0.2394139348713365,-0.2588682913882249,0.1311778866995081,0.0228653513923415,1.057763254201728,1.4509458034222262,05/25,4532.0,Chandapura Lake,E,0.3,7.4,1657.0,39.0,5.9,21000.0,170000.0,3.0,396.0,5.0,396.0,372.0,272.0,26.0,29.0,516.0,264.0,252.0,37.0,131.0,1124.0,38.0,0.9,0.5,11.0,0.64,35.0,2.5,2.5,2025.0
Chelekere Lake,CLK,2023-10-20,13.0396,77.6109,0.1191770676427112,0.1417416453604321,0.1554658622579587,0.1903874780038008,0.2475504610403321,0.2750243858661221,0.2725050468079115,0.311502794397128,0.2698490427254167,-0.3128182804527202,-0.3833262773334087,0.1149612127381609,0.0419322471105336,1.0954542344069549,1.3089362726001184,10/23,4507.0,CHELEKERE LAKE,"D (Propagation of wild life,fisheries)",6.0,7.5,412.0,4.0,1.0,4900.0,54000.0,3.0,88.0,5.0,88.0,56.0,40.0,11.492887931034485,0.4,120.0,68.0,52.0,16.0,35.0,282.0,51.31004366812227,0.29,0.5,10.0,0.2,36.0,1.5,0.74,2023.0
Chelekere Lake,CLK,2024-03-08,13.0396,77.6109,,,,,,,,,,,,,,,,03/24,4507.0,Chelekere Lake,"E (Irrigation, industrial cooling and controlled waste)",2.3,7.9,754.0,27.0,3.0,2100.0,13000.0,3.0,192.0,5.0,192.0,92.0,172.0,3.6,2.8,176.0,92.0,84.0,11.0,47.0,510.0,49.0,0.44,0.5,23.0,0.2,37.0,2.0,0.63,2024.0
Chelekere Lake,CLK,2025-01-12,13.0396,77.6109,,,,,,,,,,,,,,,,01/25,4507.0,Chelekere Lake,"D (Propagation of wild life,fisheries)",6.8,7.8,1042.0,8.0,4.0,110.0,2400.0,3.0,196.0,5.0,196.0,144.0,68.0,1.5,0.46,188.0,104.0,84.0,29.0,99.0,710.0,14.0,0.2,0.5,24.0,0.2,50.0,3.1,0.6,2025.0
Chelekere Lake,CLK,2025-02-06,13.0396,77.6109,,,,,,,,,,,,,,,,02/25,4507.0,Chelekere Lake,"D (Propagation of wild life,fisheries)",5.5,7.3,999.0,6.0,3.83,260.0,2800.0,3.0,164.0,5.0,164.0,164.0,53.0,1.5,0.7,212.0,112.0,100.0,34.0,98.0,670.0,16.0,0.2,0.5,33.0,0.2,45.0,2.91,0.28,2025.0
Chelekere Lake,CLK,2025-03-13,13.0396,77.6109,,,,,,,,,,,,,,,,03/25,4507.0,Chelekere Lake,"D (Propagation of wild life,fisheries)",4.1,7.2,523.0,7.0,2.0,260.0,1700.0,3.0,204.0,5.0,204.0,80.0,62.0,1.5,0.6,168.0,88.0,80.0,6.35897435897436,50.0,356.0,10.0,0.2,0.5,6.0,0.24,32.0,2.0,0.19,2025.0
Chelekere Lake,CLK,2025-04-07,13.0396,77.6109,0.1315899908495811,0.151856508094718,0.1737714647416066,0.1989956852255928,0.230626909270078,0.2577062117266133,0.2592453508833672,0.3294993629900752,0.3098927430140069,-0.2702536598024438,-0.3781584128906511,0.0756324859969497,0.0699664465907424,1.155842499015647,1.1806650450809892,04/25,4507.0,Chelekere Lake,"D (Propagation of wild life,fisheries)",6.1,7.9,1106.0,4.0,4.5,1400.0,4600.0,3.0,232.0,5.0,232.0,152.0,40.0,1.5,0.4,264.0,136.0,128.0,25.0,97.0,750.0,10.0,0.2,0.5,8.0,0.47,43.0,2.59,0.27,2025.0
Chelekere Lake,CLK,2025-05-12,13.0396,77.6109,0.1320612374181741,0.1591131517005044,0.1812598084362395,0.2104038994861689,0.2488557823608082,0.269050668684451,0.2619912191173365,0.3321471563313858,0.3013836524248606,-0.2573835073678177,-0.3658051029835827,0.0886786208610613,0.0679974531404783,1.151578229226499,1.2259966556788615,05/25,4507.0,Chelekere Lake,E,3.8,7.2,585.0,6.0,2.25,1400.0,13000.0,3.0,148.0,5.0,148.0,92.0,61.0,1.5,0.4,136.0,86.0,50.0,9.0,66.0,392.0,16.0,0.2,0.5,13.0,0.34,48.0,2.66,0.39,2025.0
Chikkabanavara Lake,CKB,2023-10-20,13.0711,77.4802,0.085464220829519,0.1179622845997961,0.128924076103262,0.1855024294063798,0.2833629321878739,0.314030976691782,0.3117523449052884,0.3179231603408212,0.2235875008802197,-0.4544802962311788,-0.4633702484486761,0.1953960895590767,0.0333094967185773,1.076970050813295,1.5289365939523454,10/23,4095.0,CHIKKABANAVARA LAKE,"D (Propagation of wild life,fisheries)",4.7,6.8,785.0,8.0,3.0,330.0,16000.0,3.0,216.0,5.0,216.0,156.0,72.0,8.91831896551724,0.83,196.0,104.0,92.0,18.0,84.0,544.0,98.5764192139738,0.2,0.5,35.0,0.22,43.0,18.0,0.4,2023.0
Chikkabanavara Lake,CKB,2024-03-08,13.0711,77.4802,,,,,,,,,,,,,,,,03/24,4095.0,Chikkabanavara Lake,"E (Irrigation, industrial cooling and controlled waste)",0.9,7.6,1268.0,17.0,6.7,1100.0,7900.0,3.0,476.0,5.0,476.0,296.0,116.0,1.7,1.3,536.0,272.0,264.0,40.0,195.0,882.0,18.0,1.4,0.5,34.0,0.2,42.0,3.7,2.6,2024.0
Chikkabanavara Lake,CKB,2024-04-07,13.0711,77.4802,,,,,,,,,,,,,,,,04/24,4095.0,Chikkabanavara Lake,"E (Irrigation, industrial cooling and controlled waste)",2.0,7.1,1700.0,22.0,6.7,270.0,2800.0,3.0,492.0,5.0,492.0,296.0,149.0,3.0,2.3,548.0,280.0,268.0,35.0,198.0,1156.0,18.0,5.1,0.5,28.0,0.24,42.0,3.7,11.8,2024.0
Chikkabanavara Lake,CKB,2025-03-13,13.0711,77.4802,,,,,,,,,,,,,,,,03/25,4095.0,Chikkabanavara Lake,"E (Irrigation, industrial cooling and controlled waste)",3.2,6.9,528.0,22.0,2.0,1700.0,9400.0,3.0,148.0,5.0,148.0,104.0,168.0,3.8,2.9,156.0,80.0,76.0,6.512820512820513,60.0,368.0,42.0,0.2,0.5,10.0,0.24,44.0,2.1,0.05,2025.0
Chinnakurchi Kere,CNK,2023-10-20,13.01,77.72,0.0831638628844935,0.1194854440866218,0.1117479093868408,0.1756847821496443,0.3245806996550995,0.3628947068346587,0.3671178573942423,0.3230041000915041,0.1979069683958611,-0.5071340780419494,-0.4572351930539482,0.22724898624567,-0.0418485672707319,0.9271399638548748,1.5987886108438307,10/23,4537.0,CHINNAKURCHI KERE,"D (Propagation of wild life,fisheries)",4.5,8.1,1210.0,7.0,5.0,1700.0,24000.0,3.0,428.0,5.0,428.0,116.0,76.0,11.180818965517242,0.4,232.0,120.0,112.0,46.0,112.0,822.0,57.03930131004367,0.46,0.5,11.0,0.71,50.0,3.0,0.53,2023.0
Chinnakurchi Kere,CNK,2024-03-08,13.01,77.72,,,,,,,,,,,,,,,,03/24,4537.0,Chinnakurchi Kere,"D (Propagation of wild life,fisheries)",4.6,8.8,1400.0,9.0,6.7,3400.0,13000.0,104.0,612.0,52.0,716.0,204.0,86.0,1.5,0.91,296.0,152.0,144.0,46.0,197.0,972.0,10.0,0.4,0.5,36.0,0.24,55.0,5.0,1.0,2024.0
Chinnakurchi Kere,CNK,2024-04-07,13.01,77.72,,,,,,,,,,,,,,,,04/24,4537.0,Chinnakurchi Kere,"E (Irrigation, industrial cooling and controlled waste)",0.3,7.6,3380.0,84.0,13.6,7800.0,33000.0,3.0,852.0,5.0,852.0,332.0,312.0,32.5,25.0,252.0,132.0,120.0,286.0,185.0,2264.0,156.0,0.57,0.5,10.0,0.68,60.0,5.0,1.42,2024.0
Chinnakurchi Kere,CNK,2025-03-13,13.01,77.72,,,,,,,,,,,,,,,,03/25,4537.0,Chinnakurchi Kere,"D (Propagation of wild life,fisheries)",5.2,7.3,417.0,7.0,1.5,78000.0,490000.0,3.0,172.0,5.0,172.0,16.0,72.0,1.5,0.4,112.0,64.0,48.0,5.666666666666667,50.0,280.0,152.0,0.2,0.5,6.0,0.39,47.0,1.0,0.05,2025.0
Chinnakurchi Kere,CNK,2025-04-07,13.01,77.72,0.086169891602731,0.1232970437821478,0.1696320470505627,0.2130658407827126,0.2797609805025692,0.3111203596818467,0.3216979904272541,0.4250398782290417,0.3337380446258884,-0.4489962353066724,-0.5506947717220033,0.1201030911323319,0.1489532565413073,1.357140800188547,1.2840919823920407,04/25,4537.0,Chinnakurchi Kere,"D (Propagation of wild life,fisheries)",6.1,7.8,528.0,5.0,2.0,2100.0,14000.0,3.0,208.0,5.0,208.0,36.0,52.0,1.5,0.4,136.0,72.0,64.0,22.0,58.0,364.0,10.0,0.2,0.5,6.0,0.3,46.0,2.2,0.2,2025.0
Chinnakurchi Kere,CNK,2025-05-12,13.01,77.72,0.082994844090941,0.1288310829289123,0.1811874648560701,0.2296860139367916,0.2864565671851904,0.3087325402970365,0.3130956394734988,0.4182221580910821,0.3225696874780038,-0.4199547644739927,-0.5293061794904265,0.1247659037524076,0.1603524509276454,1.3898810966480628,1.2958601355405568,05/25,4537.0,Chinnakurchi Kere,D,5.3,7.9,590.0,7.0,2.2,2100.0,9400.0,3.0,236.0,5.0,236.0,40.0,74.0,1.5,0.58,124.0,68.0,56.0,9.0,82.0,402.0,798.0,0.3,0.5,4.0,0.96,58.0,3.2,0.8,2025.0
Chinnappanahalli Lake,CNP,2023-10-20,12.9967,77.6895,0.1105440670210144,0.1382074025661365,0.1449436479253319,0.1786352916329333,0.236778524411278,0.25360370305185,0.2495534900911683,0.2422919708543068,0.1942800028160089,-0.2835692530339426,-0.2820271799143977,0.1192724959545928,0.0175827367573968,1.040979178034073,1.314183421043264,10/23,4520.0,CHINNAPPANAHALLI LAKE,"D (Propagation of wild life,fisheries)",6.0,7.7,614.0,5.0,2.0,3300.0,24000.0,3.0,120.0,5.0,120.0,76.0,48.0,7.943103448275862,0.49,116.0,64.0,52.0,15.0,61.0,416.0,116.48034934497817,0.2,0.5,10.0,0.31,51.0,2.0,0.29,2023.0
Chinnappanahalli Lake,CNP,2024-03-08,12.9967,77.6895,,,,,,,,,,,,,,,,03/24,4520.0,Chinnappanahalli Lake,"D (Propagation of wild life,fisheries)",4.9,8.5,615.0,9.0,2.4,580.0,3500.0,24.0,104.0,12.0,128.0,108.0,84.0,1.5,0.77,96.0,52.0,44.0,16.0,76.0,430.0,10.0,0.2,0.5,13.0,0.3,59.0,3.4,0.05,2024.0
Chinnappanahalli Lake,CNP,2024-04-07,12.9967,77.6895,,,,,,,,,,,,,,,,04/24,4520.0,Chinnappanahalli Lake,"E (Irrigation, industrial cooling and controlled waste)",2.3,8.5,2027.0,17.0,7.0,680.0,4600.0,32.0,164.0,16.0,196.0,420.0,156.0,4.68,3.6,364.0,188.0,176.0,49.0,243.0,1398.0,56.0,0.48,0.5,38.0,0.2,56.0,6.0,1.02,2024.0
Chinnappanahalli Lake,CNP,2025-03-13,12.9967,77.6895,,,,,,,,,,,,,,,,03/25,4520.0,Chinnappanahalli Lake,"D (Propagation of wild life,fisheries)",6.0,7.5,875.0,8.0,3.3,17.0,220.0,3.0,136.0,5.0,136.0,148.0,95.0,4.7,3.6,144.0,72.0,72.0,6.0256410256410255,96.0,604.0,20.0,0.2,0.5,11.0,0.41,56.0,3.5,0.05,2025.0
Chinnappanahalli Lake,CNP,2025-04-07,12.9967,77.6895,0.125171804709775,0.1536670526001612,0.1625104365837116,0.1979813721003907,0.265172881833222,0.2899379914815727,0.2908483719947904,0.2825297722552712,0.231289344925904,-0.3191519309539657,-0.3153889750832467,0.1263116121241488,0.0198441557877837,1.0465963859962093,1.3489486818108014,04/25,4520.0,Chinnappanahalli Lake,"D (Propagation of wild life,fisheries)",4.4,7.8,759.0,7.0,2.9,1400.0,9400.0,3.0,140.0,5.0,140.0,144.0,68.0,1.5,0.67,100.0,56.0,44.0,10.0,104.0,516.0,10.0,0.2,0.5,21.0,0.46,64.0,4.5,0.5,2025.0
Chinnappanahalli Lake,CNP,2025-05-12,12.9967,77.6895,0.1123886726037523,0.1445526096493446,0.1527395115680031,0.1924197859833151,0.2559971523108876,0.2720867401175684,0.2643241719173501,0.2630076806645781,0.2072024921679749,-0.3042995919690115,-0.3096799840558425,0.1402322936019899,0.0204992642930587,1.0492817440007325,1.3743588367254471,05/25,4520.0,Chinnappanahalli Lake,E,3.1,7.8,705.0,16.0,2.7,2300.0,8400.0,3.0,160.0,5.0,160.0,116.0,160.0,4.2,3.7,188.0,100.0,88.0,29.0,69.0,480.0,12.0,0.26,0.5,14.0,0.22,42.0,2.19,0.77,2025.0
Dasarahalli Tank,DSH,2023-10-20,13.044,77.5021,0.1207137892179301,0.1468520219219335,0.1596570341227076,0.1861046726997429,0.2252370576428749,0.243688601711328,0.2384111377161167,0.2606077397091447,0.2298577485122717,-0.240935475541684,-0.2848902036267693,0.0856963560615716,0.0384292108096186,1.0821979842189906,1.2073776710446316,10/23,3606.0,DASARAHALLI TANK,"E (Irrigation, industrial cooling and controlled waste)",2.6,6.7,602.0,18.0,1.5,4900.0,160000.0,3.0,164.0,5.0,164.0,120.0,118.0,9.07435344827586,2.05,176.0,92.0,84.0,19.0,48.0,410.0,95.7117903930131,0.5,0.5,31.0,0.2,33.0,1.57,1.32,2023.0
Dasarahalli Tank,DSH,2024-03-08,13.044,77.5021,,,,,,,,,,,,,,,,03/24,3606.0,Dasarahalli Tank,"E (Irrigation, industrial cooling and controlled waste)",0.5,6.7,383.0,18.0,1.7,1400.0,24000.0,3.0,80.0,5.0,80.0,64.0,120.0,2.6,2.0,136.0,72.0,64.0,55.0,56.0,280.0,16.0,1.0,0.5,20.0,0.2,42.0,2.0,3.0,2024.0
Dasarahalli Tank,DSH,2024-04-07,13.044,77.5021,,,,,,,,,,,,,,,,04/24,3606.0,Dasarahalli Tank,"E (Irrigation, industrial cooling and controlled waste)",1.2,7.5,702.0,18.0,2.5,170.0,3300.0,3.0,76.0,5.0,76.0,112.0,118.0,2.0,1.6,204.0,108.0,96.0,93.0,80.0,480.0,28.0,1.3,0.5,22.0,0.2,43.0,2.4,2.7,2024.0
Dasarahalli Tank,DSH,2025-01-12,13.044,77.5021,,,,,,,,,,,,,,,,01/25,3606.0,Dasarahalli Tank,"D (Propagation of wild life,fisheries)",6.2,6.5,284.0,6.0,1.1,2100.0,9400.0,3.0,84.0,5.0,84.0,28.0,68.0,1.5,1.1,68.0,52.0,16.0,17.0,16.0,192.0,18.0,0.2,0.5,5.0,0.2,32.0,0.85,0.45,2025.0
Dasarahalli Tank,DSH,2025-02-06,13.044,77.5021,,,,,,,,,,,,,,,,02/25,3606.0,Dasarahalli Tank,"D (Propagation of wild life,fisheries)",6.8,7.6,340.0,5.0,1.3,610.0,4900.0,3.0,76.0,5.0,76.0,32.0,58.0,1.56,1.2,76.0,40.0,36.0,9.0,21.0,230.0,28.0,0.2,0.5,6.0,0.2,35.0,1.0,0.12,2025.0
Dasarahalli Tank,DSH,2025-03-13,13.044,77.5021,,,,,,,,,,,,,,,,03/25,3606.0,Dasarahalli Tank,"E (Irrigation, industrial cooling and controlled waste)",2.8,6.6,271.0,15.0,1.04,930.0,4800.0,3.0,40.0,5.0,40.0,32.0,165.0,1.71,1.22,132.0,80.0,52.0,7.487179487179487,10.0,180.0,38.0,0.2,0.5,6.0,0.2,13.0,0.38,0.39,2025.0
Dasarahalli Tank,DSH,2025-04-07,13.044,77.5021,0.1279890806014297,0.1516254272808692,0.1718726965721642,0.1944387584069863,0.2157665692453962,0.233918828127751,0.2346267016444243,0.2822431670129231,0.2611689143983943,-0.2229334263393801,-0.3091425869016055,0.0695406711633183,0.0628295988918535,1.1359239303222588,1.1618020361453911,04/25,3606.0,Dasarahalli Tank,"E (Irrigation, industrial cooling and controlled waste)",2.0,6.6,769.0,13.0,2.9,1700.0,9400.0,3.0,156.0,5.0,156.0,92.0,123.0,20.8,16.0,216.0,112.0,104.0,39.0,67.0,522.0,10.0,0.2,0.5,19.0,0.23,38.0,2.0,2.0,2025.0
Dasarahalli Tank,DSH,2025-05-12,13.044,77.5021,0.1322493397654847,0.1640786297241291,0.1816938341699157,0.2067529525687525,0.2394495475192789,0.2532120497200605,0.2490642135286454,0.2842702665586818,0.2521142962780378,-0.2168878430201434,-0.2803589695067791,0.0762406789248978,0.0525087279641335,1.1125690340780618,1.1887676557094835,05/25,3606.0,Dasarahalli Tank,E,3.5,6.9,467.0,6.0,1.79,430.0,3500.0,3.0,108.0,5.0,108.0,60.0,61.0,1.5,0.65,132.0,88.0,44.0,16.0,50.0,312.0,16.0,0.2,0.5,13.0,0.32,42.0,1.88,0.36,2025.0
Devarabeesanahalli Lake,DVB,2023-10-20,12.9545,77.7062,0.124220684193855,0.1494196387111346,0.1649452995850981,0.1858350860521594,0.1996704501460598,0.2107850561362757,0.2074326083130963,0.252821560553268,0.2259434378629501,-0.1630296032887979,-0.2601263343556964,0.0644388641508737,0.0487685281222385,1.1053245436019523,1.1478538378775427,10/23,4521.0,DEVARABEESANAHALLI LAKE,"D (Propagation of wild life,fisheries)",4.4,7.9,679.0,6.0,3.0,7000.0,92000.0,3.0,136.0,5.0,136.0,100.0,56.0,9.7375,0.4,124.0,68.0,56.0,19.0,82.0,468.0,83.53711790393012,0.2,0.5,34.0,0.31,51.0,3.0,0.07,2023.0
Devarabeesanahalli Lake,DVB,2024-03-08,12.9545,77.7062,,,,,,,,,,,,,,,,03/24,4521.0,Devarabeesanahalli Lake,"E (Irrigation, industrial cooling and controlled waste)",1.2,7.5,998.0,18.0,4.0,2600.0,9400.0,3.0,120.0,5.0,120.0,188.0,156.0,4.16,3.2,136.0,72.0,64.0,28.0,120.0,678.0,104.0,0.2,0.5,28.0,0.36,60.0,4.0,0.05,2024.0
Devarabeesanahalli Lake,DVB,2025-04-07,12.9545,77.7062,0.1475108964206525,0.1734394184505302,0.1933625744006658,0.2140705874071727,0.2264371520078837,0.2405175342272901,0.2390612466124661,0.2832789814521525,0.2675104212860311,-0.161308721623842,-0.2442357628994768,0.0544591355927539,0.0544262620101121,1.1179848256412563,1.1220667707510537,04/25,4521.0,Devarabeesanahalli Lake,"D (Propagation of wild life,fisheries)",5.1,7.8,846.0,7.0,2.9,2100.0,3500.0,3.0,300.0,5.0,300.0,136.0,84.0,1.5,0.43,204.0,108.0,43.0,29.0,106.0,584.0,10.0,0.84,0.5,33.0,0.48,48.0,3.0,2.2,2025.0
Devarabeesanahalli Lake,DVB,2025-05-12,12.9545,77.7062,0.1446754830535318,0.1763834789923977,0.1999784255025253,0.2203890930208003,0.2376695104353641,0.245387470524056,0.238382078625981,0.2921403019744482,0.2709051103368177,-0.1516799966465312,-0.2503885745254344,0.0521718786259487,0.06279139473368,1.1372702179139342,1.1169848712656694,05/25,4521.0,Devarabeesanahalli Lake,D,5.0,7.2,987.0,6.0,3.9,310.0,2800.0,3.0,228.0,5.0,228.0,168.0,60.0,1.5,0.4,108.0,64.0,44.0,8.1,143.0,670.0,16.0,0.4,0.5,16.0,0.3,70.0,5.9,0.9,2025.0
Devasandra Lake,DVS,2023-10-20,13.022,77.6553,0.0788534941031508,0.1056007394632378,0.1180400282827832,0.1529118852314734,0.2192639711318429,0.2412456328111247,0.2396563597958106,0.2198356908994893,0.1678361204013376,-0.4014275400046335,-0.3685224878872205,0.1675224071384807,0.0242757893456158,1.0697268596536096,1.4899408588711522,10/23,4526.0,DEVASANDRA LAKE,"D (Propagation of wild life,fisheries)",4.2,6.5,378.0,8.0,2.0,480.0,5400.0,3.0,64.0,5.0,64.0,56.0,72.0,11.02478448275862,0.4,144.0,76.0,68.0,15.0,33.0,256.0,59.903930131004365,0.49,0.5,3.0,0.2,32.0,1.0,1.21,2023.0
Devasandra Lake,DVS,2024-03-08,13.022,77.6553,,,,,,,,,,,,,,,,03/24,4526.0,Devasandra Lake,"E (Irrigation, industrial cooling and controlled waste)",3.3,6.5,624.0,16.0,2.39,17000.0,33000.0,3.0,140.0,5.0,140.0,100.0,133.0,4.5,3.6,168.0,88.0,80.0,25.0,60.0,430.0,46.0,0.59,0.5,12.0,0.2,42.0,2.0,1.72,2024.0
Devasandra Lake,DVS,2024-04-07,13.022,77.6553,,,,,,,,,,,,,,,,04/24,4526.0,Devasandra Lake,"E (Irrigation, industrial cooling and controlled waste)",1.2,8.2,935.0,87.0,3.0,1300.0,4900.0,3.0,124.0,5.0,124.0,208.0,364.0,5.0,3.9,192.0,100.0,92.0,20.0,118.0,644.0,56.0,0.92,0.5,33.0,0.45,52.0,4.0,2.0,2024.0
Devasandra Lake,DVS,2025-01-12,13.022,77.6553,,,,,,,,,,,,,,,,01/25,4526.0,Devasandra Lake,"E (Irrigation, industrial cooling and controlled waste)",2.2,7.5,2210.0,20.0,8.5,240.0,3500.0,3.0,480.0,5.0,480.0,376.0,160.0,4.7,4.2,604.0,308.0,296.0,91.0,176.0,1516.0,10.0,0.27,0.5,44.0,0.28,37.0,3.12,0.79,2025.0
Devasandra Lake,DVS,2025-02-06,13.022,77.6553,,,,,,,,,,,,,,,,02/25,4526.0,Devasandra Lake,"D (Propagation of wild life,fisheries)",6.9,8.3,566.0,4.0,2.1,23.0,920.0,16.0,124.0,8.0,132.0,72.0,38.0,1.5,0.6,92.0,52.0,40.0,20.0,59.0,386.0,10.0,0.2,0.5,13.0,0.21,54.0,2.8,0.3,2025.0
Devasandra Lake,DVS,2025-03-13,13.022,77.6553,,,,,,,,,,,,,,,,03/25,4526.0,Devasandra Lake,"E (Irrigation, industrial cooling and controlled waste)",2.1,6.7,744.0,14.0,2.86,31000.0,70000.0,3.0,100.0,5.0,100.0,120.0,95.0,1.5,0.9,132.0,88.0,44.0,5.897435897435898,87.0,510.0,28.0,0.2,0.5,22.0,0.35,54.0,3.31,0.41,2025.0
Devasandra Lake,DVS,2025-04-07,13.022,77.6553,0.0988595176905474,0.124218655591006,0.1395925397169755,0.1748411019186762,0.2427966907234641,0.2750252138707973,0.2750753529308221,0.2540953001232177,0.2115965604647069,-0.3898929523436451,-0.3617316442398463,0.14691430871617,0.0350967480977414,1.0884523352343562,1.4182282294527755,04/25,4526.0,Devasandra Lake,"D (Propagation of wild life,fisheries)",4.2,7.3,589.0,9.0,2.3,2300.0,11000.0,3.0,116.0,5.0,116.0,68.0,92.0,1.5,0.72,160.0,84.0,76.0,26.0,74.0,400.0,10.0,0.26,0.5,13.0,0.27,44.0,2.2,0.75,2025.0
Devasandra Lake,DVS,2025-05-12,13.022,77.6553,0.0979646048230945,0.1304916181815192,0.1470935192072586,0.189172057736314,0.2550016299947192,0.2762869072346418,0.2692530505192747,0.2580623939447279,0.2072256468931525,-0.3620663340050153,-0.3479233048223008,0.161114141953756,0.0401426978603104,1.0973532398925836,1.4670177080287596,05/25,4526.0,Devasandra Lake,E,2.3,7.3,548.0,25.0,2.1,11000.0,49000.0,3.0,116.0,5.0,116.0,120.0,176.0,8.5,6.5,80.0,44.0,36.0,9.0,74.0,376.0,102.0,1.6,0.5,3.0,0.31,65.0,3.6,3.8,2025.0
Dhorekere Tank,DHK,2023-10-20,13.028,77.71,0.1218454161534401,0.1552470957165177,0.1613611538430534,0.2033258173499912,0.2801615484779164,0.3045935843744504,0.3008132183705789,0.2880773499912019,0.2209521555516453,-0.3149176380811762,-0.3058386316217524,0.1302380040790827,0.008576616254196,1.024339247199246,1.3302793050059625,10/23,3641.0,DHOREKERE TANK,"E (Irrigation, industrial cooling and controlled waste)",1.8,7.0,427.0,14.0,1.31,7900.0,54000.0,3.0,112.0,5.0,112.0,24.0,116.0,8.528232758620689,1.29,128.0,68.0,60.0,26.0,27.0,290.0,105.73799126637554,0.43,0.5,3.0,0.2,30.0,1.1,1.33,2023.0
Dhorekere Tank,DHK,2024-03-08,13.028,77.71,,,,,,,,,,,,,,,,03/24,3641.0,Dhorekere Tank,"E (Irrigation, industrial cooling and controlled waste)",1.2,6.6,675.0,28.0,2.3,2200.0,7900.0,3.0,228.0,5.0,228.0,52.0,188.0,26.5,20.4,104.0,56.0,48.0,19.0,72.0,470.0,264.0,3.3,0.5,22.0,0.2,52.0,3.0,6.9,2024.0
Dhorekere Tank,DHK,2024-04-07,13.028,77.71,,,,,,,,,,,,,,,,04/24,3641.0,Dhorekere Tank,"E (Irrigation, industrial cooling and controlled waste)",0.3,7.6,580.0,90.0,2.2,2100.0,7000.0,3.0,116.0,5.0,116.0,52.0,444.0,44.0,34.0,148.0,80.0,14.0,68.0,55.0,394.0,284.0,0.56,0.5,17.0,0.22,41.0,2.0,1.42,2024.0
Dhorekere Tank,DHK,2025-01-12,13.028,77.71,,,,,,,,,,,,,,,,01/25,3641.0,Dhorekere Tank,"D (Propagation of wild life,fisheries)",4.9,8.2,374.0,6.0,1.5,2600.0,9400.0,3.0,108.0,5.0,108.0,24.0,72.0,1.5,0.4,144.0,76.0,68.0,25.0,21.0,254.0,74.0,0.26,0.5,7.0,0.2,23.0,0.75,0.7,2025.0
Dhorekere Tank,DHK,2025-02-06,13.028,77.71,,,,,,,,,,,,,,,,02/25,3641.0,Dhorekere Tank,"D (Propagation of wild life,fisheries)",4.9,6.8,428.0,10.0,1.64,1400.0,9400.0,3.0,140.0,5.0,140.0,32.0,76.0,1.5,0.41,168.0,102.0,66.0,12.0,28.0,284.0,124.0,0.2,0.5,7.0,0.2,25.0,0.93,0.05,2025.0
Dhorekere Tank,DHK,2025-03-13,13.028,77.71,,,,,,,,,,,,,,,,03/25,3641.0,Dhorekere Tank,"D (Propagation of wild life,fisheries)",4.4,8.1,352.0,8.0,1.2,12000.0,79000.0,3.0,92.0,5.0,92.0,24.0,80.0,1.5,0.4,108.0,60.0,48.0,6.666666666666667,34.0,232.0,132.0,0.22,0.5,6.0,0.2,39.0,1.0,0.62,2025.0
Dhorekere Tank,DHK,2025-04-07,13.028,77.71,0.1345858067921873,0.1682097834337141,0.1939584974624963,0.2249477811015309,0.2648159950730249,0.2872722224177371,0.2884990005278903,0.3412332148513108,0.2964579940172443,-0.269708348769535,-0.3448170341330102,0.0813665263980718,0.071546036387493,1.157684477756619,1.1918266854420283,04/25,3641.0,Dhorekere Tank,"D (Propagation of wild life,fisheries)",5.4,8.5,472.0,13.0,1.8,21.0,350.0,48.0,128.0,24.0,152.0,40.0,143.0,5.2,4.0,148.0,76.0,72.0,15.0,54.0,326.0,10.0,0.48,0.5,6.0,0.22,43.0,1.0,1.1,2025.0
Dhorekere Tank,DHK,2025-05-12,13.028,77.71,0.1376111173675875,0.1808968719170376,0.2115719125988448,0.2429647404539857,0.2794948865036073,0.293682745029034,0.2870050783037128,0.345030846383952,0.2941637198662677,-0.2317368761215613,-0.3156038681652884,0.0758149068449734,0.0786545003223868,1.1733844535907951,1.177121214318406,05/25,3641.0,Dhorekere Tank,E,2.2,8.5,409.0,25.0,1.5,1200.0,7000.0,32.0,128.0,16.0,144.0,36.0,174.0,1.5,0.4,132.0,72.0,60.0,17.0,33.0,282.0,300.0,0.4,0.5,1.0,0.27,34.0,1.3,1.1,2025.0
Doddabidarakallu Lake,DBK,2023-10-20,13.0742,77.5133,0.1097626650237634,0.1403842884409157,0.1433645906994049,0.1868206407322654,0.28532762541806,0.3152917760957577,0.3129166449568739,0.2728563175497271,0.2040088153494104,-0.3812006600424417,-0.3304378013103591,0.1563469865003885,-0.009544120060312,0.9925397488299744,1.4187898899919922,10/23,4539.0,DODDABIDARAKALLU LAKE,"E (Irrigation, industrial cooling and controlled waste)",2.4,6.7,2191.0,17.0,12.0,2300.0,24000.0,3.0,508.0,5.0,508.0,268.0,116.0,9.113362068965518,1.9,996.0,504.0,492.0,92.0,340.0,1492.0,94.99563318777292,0.5,0.5,32.0,0.2,41.0,4.7,1.1,2023.0
Doddabidarakallu Lake,DBK,2024-03-08,13.0742,77.5133,,,,,,,,,,,,,,,,03/24,4539.0,Doddabidarakallu Lake,"E (Irrigation, industrial cooling and controlled waste)",0.8,7.6,1185.0,18.0,6.0,1100000.0,4900000.0,3.0,456.0,5.0,456.0,152.0,120.0,3.3,2.0,436.0,224.0,212.0,53.0,174.0,525.0,28.0,2.0,0.5,35.0,0.28,44.0,3.6,5.9,2024.0
Doddabidarakallu Lake,DBK,2024-04-07,13.0742,77.5133,,,,,,,,,,,,,,,,04/24,4539.0,Doddabidarakallu Lake,"E (Irrigation, industrial cooling and controlled waste)",0.8,7.6,1888.0,58.0,6.6,450000.0,2300000.0,3.0,532.0,5.0,532.0,232.0,296.0,29.0,21.0,404.0,208.0,196.0,34.0,189.0,1242.0,20.0,1.4,0.5,34.0,0.2,48.0,4.0,3.8,2024.0
Doddabidarakallu Lake,DBK,2025-01-12,13.0742,77.5133,,,,,,,,,,,,,,,,01/25,4539.0,Doddabidarakallu Lake,"E (Irrigation, industrial cooling and controlled waste)",0.3,6.7,1622.0,81.0,6.2,11000.0,46000.0,3.0,436.0,5.0,436.0,168.0,272.0,44.0,34.0,300.0,148.0,152.0,29.0,111.0,1102.0,32.0,4.1,0.5,23.0,0.29,42.0,2.8,9.6,2025.0
Doddabidarakallu Lake,DBK,2025-02-06,13.0742,77.5133,,,,,,,,,,,,,,,,02/25,4539.0,Doddabidarakallu Lake,"E (Irrigation, industrial cooling and controlled waste)",0.3,6.9,1519.0,105.0,5.8,14000.0,84000.0,3.0,436.0,5.0,436.0,244.0,356.0,35.0,27.0,340.0,172.0,168.0,44.0,170.0,1048.0,30.0,2.2,0.5,22.0,0.2,50.0,4.0,5.0,2025.0
Doddakannehalli Lake,DKN,2023-10-20,12.974,77.627,0.085730228464815,0.1081386733555335,0.1088459007678049,0.1454786848312035,0.2385107438307457,0.2689562114971659,0.2699283627274967,0.211753803639948,0.1488482381103249,-0.4521878190731215,-0.3660267114254018,0.2087727430180806,-0.0296173624515386,0.9583077884150928,1.672581354879102,10/23,4528.0,DODDAKANNEHALLI LAKE,"D (Propagation of wild life,fisheries)",5.0,8.4,800.0,7.0,3.0,4000.0,54000.0,3.0,148.0,12.0,148.0,124.0,84.0,9.815517241379313,0.59,176.0,96.0,80.0,31.0,86.0,540.0,82.10480349344978,0.81,0.5,22.0,0.25,48.0,3.0,2.2,2023.0
Doddakannehalli Lake,DKN,2024-03-08,12.974,77.627,,,,,,,,,,,,,,,,03/24,4528.0,Doddakannehalli Lake,"E (Irrigation, industrial cooling and controlled waste)",1.3,7.9,2015.0,17.0,7.0,2300.0,7900.0,3.0,564.0,5.0,564.0,332.0,132.0,2.86,2.3,340.0,176.0,164.0,108.0,252.0,1370.0,158.0,1.64,0.5,40.0,0.36,58.0,6.0,3.49,2024.0
Doddakannehalli Lake,DKN,2024-04-07,12.974,77.627,,,,,,,,,,,,,,,,04/24,4528.0,Doddakannehalli Lake,"E (Irrigation, industrial cooling and controlled waste)",1.4,7.8,1358.0,26.0,5.7,260.0,1400.0,3.0,324.0,5.0,324.0,1921.0,174.0,4.4,3.4,340.0,176.0,164.0,87.0,169.0,928.0,36.0,1.5,0.5,29.0,0.23,49.0,5.6,6.0,2024.0
Doddakannehalli Lake,DKN,2025-01-12,12.974,77.627,,,,,,,,,,,,,,,,01/25,4528.0,Doddakannehalli Lake,"E (Irrigation, industrial cooling and controlled waste)",3.2,8.4,873.0,10.0,3.4,170.0,2200.0,64.0,196.0,32.0,228.0,144.0,122.0,4.9,3.8,228.0,112.0,116.0,37.0,97.0,600.0,82.0,0.75,0.5,24.0,0.2,45.0,2.8,1.92,2025.0
Doddakannehalli Lake,DKN,2025-02-06,12.974,77.627,,,,,,,,,,,,,,,,02/25,4528.0,Doddakannehalli Lake,"E (Irrigation, industrial cooling and controlled waste)",3.4,8.0,1567.0,16.0,5.5,3100.0,11000.0,3.0,244.0,5.0,244.0,332.0,116.0,1.5,1.0,304.0,160.0,144.0,59.0,174.0,1020.0,10.0,0.73,0.5,24.0,0.24,53.0,4.0,2.0,2025.0
Doddakannehalli Lake,DKN,2025-03-13,12.974,77.627,,,,,,,,,,,,,,,,03/25,4528.0,Doddakannehalli Lake,"D (Propagation of wild life,fisheries)",6.1,6.5,188.0,4.0,0.6,210.0,1200.0,3.0,36.0,5.0,36.0,24.0,36.0,1.5,0.4,80.0,48.0,32.0,5.846153846153847,28.0,124.0,22.0,0.2,0.5,5.0,0.2,41.0,1.0,0.05,2025.0
Doddakannehalli Lake,DKN,2025-04-07,12.974,77.627,0.0971900658288449,0.1199857883878451,0.117396198464889,0.1613410673425565,0.2802820149963036,0.3285424860069701,0.3319652867251029,0.2317070017953322,0.1694294469672966,-0.4764364528199091,-0.3490943685749682,0.211261361843661,-0.0466318517832655,0.9313542599911256,1.6549376493544985,04/25,4528.0,Doddakannehalli Lake,"D (Propagation of wild life,fisheries)",4.3,7.6,898.0,11.0,3.0,310.0,2800.0,3.0,252.0,5.0,252.0,152.0,97.0,1.5,0.88,248.0,128.0,120.0,19.0,94.0,624.0,10.0,0.8,0.5,25.0,0.33,42.0,2.6,1.9,2025.0
Doddakannehalli Lake,DKN,2025-05-12,12.974,77.627,0.085025046643433,0.1152375297725869,0.1162104482705174,0.1707617031013484,0.290532787693174,0.3261876931742176,0.3213879712746857,0.2402730946597669,0.1723194001478508,-0.4881666851716385,-0.3957586310921805,0.2682269297167552,-0.0379042270768892,0.9529993544192272,2.02353386169788,05/25,4528.0,Doddakannehalli Lake,D,4.8,7.0,690.0,4.0,2.7,150.0,2400.0,3.0,156.0,5.0,156.0,116.0,45.0,1.5,0.4,116.0,60.0,56.0,8.8,90.0,468.0,20.0,0.3,0.5,10.0,0.31,60.0,3.6,0.7,2025.0
Gottigere Lake,GTG,2023-10-20,12.8793,77.6017,0.1312708689684299,0.1508094052866515,0.1655365640783105,0.1882274838982153,0.2056535811072393,0.2180671769964452,0.2116857741174814,0.2600142469996128,0.2337444901981485,-0.1710405992007613,-0.2711532916282689,0.0714244456074283,0.0439916774268971,1.095715461520887,1.1711520835685754,10/23,3613.0,GOTTIGERE LAKE,"E (Irrigation, industrial cooling and controlled waste)",2.8,6.5,480.0,14.0,2.0,1700.0,24000.0,3.0,136.0,5.0,136.0,68.0,124.0,10.595689655172414,6.8,116.0,64.0,52.0,10.0,35.0,326.0,67.78165938864629,0.45,0.5,4.0,0.31,38.0,136.0,1.39,2023.0
Gottigere Lake,GTG,2024-03-08,12.8793,77.6017,,,,,,,,,,,,,,,,03/24,3613.0,Gottigere Lake,"D (Propagation of wild life,fisheries)",4.6,7.6,1042.0,8.0,2.5,430.0,3500.0,3.0,340.0,5.0,340.0,184.0,79.0,1.5,0.4,344.0,180.0,164.0,20.0,98.0,710.0,16.0,1.04,0.5,11.0,0.25,37.0,3.0,3.19,2024.0
Gottigere Lake,GTG,2024-04-07,12.8793,77.6017,,,,,,,,,,,,,,,,04/24,3613.0,Gottigere Lake,"E (Irrigation, industrial cooling and controlled waste)",3.6,7.3,1128.0,10.0,2.8,11000.0,46000.0,3.0,296.0,5.0,296.0,196.0,117.0,4.4,3.6,304.0,156.0,148.0,17.0,99.0,770.0,22.0,0.29,0.5,10.0,0.6,40.0,2.4,0.89,2024.0
Gottigere Lake,GTG,2025-01-12,12.8793,77.6017,,,,,,,,,,,,,,,,01/25,3613.0,Gottigere Lake,"D (Propagation of wild life,fisheries)",6.6,7.5,524.0,4.0,2.01,170.0,2100.0,3.0,128.0,5.0,128.0,124.0,42.0,1.5,0.4,140.0,80.0,60.0,6.0,49.0,360.0,12.0,0.2,0.5,12.0,0.2,40.0,1.79,0.35,2025.0
Gottigere Lake,GTG,2025-02-06,12.8793,77.6017,,,,,,,,,,,,,,,,02/25,3613.0,Gottigere Lake,"D (Propagation of wild life,fisheries)",7.0,7.5,648.0,4.0,2.5,170.0,920.0,3.0,120.0,5.0,120.0,84.0,42.0,1.5,0.4,88.0,52.0,36.0,13.0,77.0,440.0,36.0,0.2,0.5,13.0,0.2,61.0,3.6,0.2,2025.0
Gottigere Lake,GTG,2025-03-13,12.8793,77.6017,,,,,,,,,,,,,,,,03/25,3613.0,Gottigere Lake,"D (Propagation of wild life,fisheries)",5.1,7.3,718.0,15.0,2.5,400.0,2100.0,3.0,236.0,5.0,236.0,128.0,152.0,1.56,1.2,232.0,116.0,116.0,7.3076923076923075,84.0,496.0,10.0,1.11,0.5,10.0,0.26,43.0,2.4,2.6,2025.0
Gottigere Lake,GTG,2025-04-07,12.8793,77.6017,0.1502503994650335,0.176591813300765,0.1994124064089226,0.2208205750888676,0.2321324675324675,0.2470087389575196,0.245605712174005,0.3071083588498222,0.2959698940625772,-0.1680043681704029,-0.2761593919096501,0.0577913594266768,0.0609438243058429,1.1325814479457872,1.1363516169998706,04/25,3613.0,Gottigere Lake,"D (Propagation of wild life,fisheries)",6.0,6.8,827.0,4.0,3.33,63.0,540.0,3.0,120.0,5.0,120.0,144.0,40.0,1.5,0.4,152.0,80.0,72.0,25.0,71.0,564.0,10.0,0.2,0.5,6.0,0.23,49.0,2.5,0.18,2025.0
Gottigere Lake,GTG,2025-05-12,12.8793,77.6017,0.1509244008024495,0.1844705669904582,0.2099527300995321,0.2288389399218666,0.2441391757294197,0.2514873086263328,0.2420245978953294,0.3077696617745396,0.2901330060183716,-0.1419151312141357,-0.259952619187056,0.0515552194864301,0.0668542026564359,1.1490193022720572,1.1262157472187957,05/25,3613.0,Gottigere Lake,D,6.3,7.5,685.0,4.0,2.2,300.0,3500.0,3.0,128.0,5.0,128.0,92.0,40.0,1.5,0.74,124.0,68.0,56.0,14.0,72.0,398.0,16.0,0.2,0.5,17.0,0.5,51.0,2.8,0.32,2025.0
Haralur Lake,HRL,2023-10-20,12.9059,77.6887,0.0435360481486696,0.0687233315936525,0.0547466247915376,0.1047987294101084,0.2388855905955231,0.2767850978459806,0.2783125193580177,0.1584361502182176,0.0848588483739265,-0.5990485292494746,-0.3783156015824678,0.3246219098091202,-0.1267875614643916,0.7825513421558657,2.004968281516484,10/23,3621.0,HARALUR LAKE,"D (Propagation of wild life,fisheries)",4.5,8.4,798.0,8.0,3.0,4800.0,35000.0,16.0,124.0,8.0,132.0,116.0,92.0,10.049568965517242,0.52,180.0,96.0,84.0,29.0,83.0,538.0,77.80786026200873,1.4,0.5,23.0,0.25,46.0,3.0,4.8,2023.0
Haralur Lake,HRL,2024-03-08,12.9059,77.6887,,,,,,,,,,,,,,,,03/24,3621.0,Haralur Lake,"E (Irrigation, industrial cooling and controlled waste)",3.2,9.0,836.0,15.0,3.0,1700.0,4600.0,16.0,112.0,8.0,128.0,148.0,140.0,2.64,2.0,120.0,64.0,56.0,30.0,109.0,576.0,90.0,0.43,0.5,30.0,0.29,59.0,4.0,1.02,2024.0
Haralur Lake,HRL,2024-04-07,12.9059,77.6887,,,,,,,,,,,,,,,,04/24,3621.0,Haralur Lake,"D (Propagation of wild life,fisheries)",6.0,6.9,1830.0,4.0,6.3,240.0,2200.0,3.0,216.0,5.0,216.0,408.0,44.0,1.5,0.4,340.0,176.0,164.0,27.0,234.0,1220.0,22.0,0.48,0.5,33.0,0.38,57.0,6.0,1.2,2024.0
Haralur Lake,HRL,2025-01-12,12.9059,77.6887,,,,,,,,,,,,,,,,01/25,3621.0,Haralur Lake,"E (Irrigation, industrial cooling and controlled waste)",2.8,8.7,837.0,15.0,3.2,170.0,3500.0,72.0,176.0,36.0,212.0,128.0,156.0,5.0,3.9,216.0,112.0,104.0,13.0,94.0,570.0,106.0,0.64,0.5,19.0,0.2,46.0,2.79,1.63,2025.0
Haralur Lake,HRL,2025-02-06,12.9059,77.6887,,,,,,,,,,,,,,,,02/25,3621.0,Haralur Lake,"D (Propagation of wild life,fisheries)",5.9,8.5,1167.0,5.0,4.1,2200.0,13000.0,16.0,160.0,8.0,176.0,220.0,60.0,1.5,0.4,192.0,104.0,88.0,62.0,156.0,786.0,100.0,0.38,0.5,24.0,0.29,60.0,5.0,1.1,2025.0
Haralur Lake,HRL,2025-03-13,12.9059,77.6887,,,,,,,,,,,,,,,,03/25,3621.0,Haralur Lake,"D (Propagation of wild life,fisheries)",5.4,8.2,842.0,9.0,3.2,6300.0,35000.0,3.0,160.0,5.0,160.0,152.0,92.0,1.5,0.58,212.0,74.0,138.0,7.128205128205128,100.0,558.0,148.0,0.2,0.5,27.0,0.23,47.0,3.0,0.05,2025.0
Haralur Lake,HRL,2025-04-07,12.9059,77.6887,0.063359879628326,0.081152639678266,0.0753193758357293,0.1152772596086161,0.2188949387582713,0.2565171441644377,0.2647297655920034,0.2223183056455018,0.1375819266507111,-0.5198189120112874,-0.4496289592187565,0.2147400979817714,-0.0451430362643777,0.9200478014005156,1.5675531929601842,04/25,3621.0,Haralur Lake,"E (Irrigation, industrial cooling and controlled waste)",2.9,8.1,911.0,18.0,3.0,260.0,4300.0,3.0,312.0,5.0,312.0,152.0,121.0,1.57,1.2,284.0,144.0,140.0,35.0,106.0,632.0,10.0,1.21,0.5,15.0,0.28,48.0,2.7,28.0,2025.0
Haralur Lake,HRL,2025-05-12,12.9059,77.6887,0.0512900816556384,0.0788549349265542,0.0719220366140933,0.1314740250598338,0.2515413170491341,0.2871605624384063,0.2854332817119527,0.2212752710122484,0.1328767175841194,-0.5636544405062132,-0.4655401451412972,0.3046449491267986,-0.0579323600874468,0.902860160657263,1.92803372840548,05/25,3621.0,Haralur Lake,D,5.0,7.2,821.0,9.0,3.2,210.0,1400.0,3.0,188.0,5.0,188.0,132.0,88.0,1.5,0.4,140.0,76.0,64.0,9.0,114.0,560.0,10.0,0.4,0.5,12.0,0.2,62.0,4.2,0.9,2025.0
Hebbal Lake,HBL,2023-10-20,13.0455,77.5961,0.083444007180823,0.1100179058816282,0.1093744028117977,0.1555086381076418,0.2748040480129539,0.308483540427329,0.3048378506811223,0.2452645534865711,0.1593348093913899,-0.457433466738594,-0.3823363573653985,0.1928989499334739,-0.0228832781104789,0.965622829455796,1.5163617839981365,10/23,3625.0,HEBBAL LAKE,"D (Propagation of wild life,fisheries)",6.1,7.6,412.0,4.0,1.0,4100.0,24000.0,3.0,88.0,5.0,88.0,56.0,40.0,11.68793103448276,0.4,144.0,80.0,64.0,16.0,38.0,282.0,47.7292576419214,0.31,0.5,10.0,0.2,34.0,16.0,0.97,2023.0
Hebbal Lake,HBL,2024-03-08,13.0455,77.5961,,,,,,,,,,,,,,,,03/24,3625.0,Hebbal Lake,"E (Irrigation, industrial cooling and controlled waste)",2.2,7.6,745.0,28.0,2.5,2200.0,9400.0,3.0,196.0,5.0,196.0,96.0,172.0,1.8,1.2,168.0,92.0,76.0,26.0,94.0,496.0,60.0,0.88,0.5,21.0,0.27,51.0,3.0,2.3,2024.0
Hebbal Lake,HBL,2025-01-12,13.0455,77.5961,,,,,,,,,,,,,,,,01/25,3625.0,Hebbal Lake,"D (Propagation of wild life,fisheries)",6.0,8.2,595.0,8.0,2.3,240.0,2800.0,3.0,160.0,5.0,160.0,64.0,61.0,1.5,0.4,124.0,68.0,56.0,13.0,54.0,404.0,24.0,0.2,0.5,10.0,0.2,46.0,2.1,0.5,2025.0
Hebbal Lake,HBL,2025-02-06,13.0455,77.5961,,,,,,,,,,,,,,,,02/25,3625.0,Hebbal Lake,"D (Propagation of wild life,fisheries)",4.8,7.7,662.0,8.0,2.5,1700.0,11000.0,3.0,160.0,5.0,160.0,64.0,71.0,1.5,0.47,156.0,84.0,72.0,14.0,52.0,450.0,20.0,0.5,0.5,12.0,0.25,39.0,1.8,1.1,2025.0
Hebbal Lake,HBL,2025-03-13,13.0455,77.5961,,,,,,,,,,,,,,,,03/25,3625.0,Hebbal Lake,"D (Propagation of wild life,fisheries)",5.8,7.2,624.0,7.0,2.0,250.0,3500.0,3.0,176.0,5.0,176.0,80.0,71.0,1.6,1.3,164.0,88.0,76.0,7.0256410256410255,70.0,424.0,20.0,0.58,0.5,15.0,0.2,46.0,2.5,1.3,2025.0
Hebbal Lake,HBL,2025-04-07,13.0455,77.5961,0.0842906930902179,0.1065030798618651,0.1180890704836545,0.1551152170086945,0.2352839100285118,0.2680303988172761,0.2708507480023935,0.2703431306980183,0.2039556830581858,-0.4385006188682501,-0.4417432247910179,0.1543009420239612,0.0362097958323249,1.084952361991997,1.4058044212358107,04/25,3625.0,Hebbal Lake,"D (Propagation of wild life,fisheries)",5.9,7.6,698.0,6.0,2.6,1100.0,7900.0,3.0,124.0,5.0,124.0,104.0,69.0,1.5,0.4,124.0,68.0,56.0,7.0,69.0,476.0,10.0,0.2,0.5,15.0,0.22,51.0,2.7,0.4,2025.0
Hebbal Lake,HBL,2025-05-12,13.0455,77.5961,0.0796683973388714,0.1079558412233289,0.1200562569043048,0.1764791298532155,0.2693024780879298,0.2957997923193353,0.2886284311309796,0.2845013516843254,0.2038015206448659,-0.4617900560464424,-0.4585869718548955,0.2134334859010811,0.0358069689290085,1.0862585584279656,1.6227631787278136,05/25,3625.0,Hebbal Lake,D,4.8,8.4,614.0,8.0,2.4,1300.0,7900.0,24.0,132.0,12.0,156.0,76.0,90.0,1.5,0.4,144.0,72.0,72.0,10.0,71.0,418.0,48.0,0.5,0.5,15.0,0.4,48.0,2.6,1.2,2025.0
Hesaraghatta Lake,HSG,2023-10-20,13.1299,77.4614,0.0550101694915254,0.0776655371748121,0.078319774467056,0.1241757062146892,0.2448841807909604,0.2943180790960452,0.2875062146892655,0.2448644067796609,0.1615915254237288,-0.5731329198189513,-0.5191119125284616,0.2287841276899132,0.0019866896203479,1.0054882506449805,1.5964473784344997,10/23,3597.0,HESARAGHATTA LAKE,"D (Propagation of wild life,fisheries)",5.2,7.5,520.0,5.0,2.0,4000.0,54000.0,3.0,116.0,5.0,116.0,40.0,44.0,8.879310344827587,0.4,160.0,80.0,80.0,28.0,34.0,354.0,99.29257641921396,0.2,0.5,3.0,0.2,31.0,1.5,0.05,2023.0
Hesaraghatta Lake,HSG,2024-03-08,13.1299,77.4614,,,,,,,,,,,,,,,,03/24,3597.0,Hesaraghatta Lake,"D (Propagation of wild life,fisheries)",5.3,7.0,394.0,7.0,1.4,14.0,1600.0,3.0,116.0,5.0,116.0,48.0,65.0,1.5,0.85,128.0,68.0,60.0,44.0,45.0,286.0,10.0,0.2,0.5,19.0,0.2,39.0,1.7,0.5,2024.0
Hesaraghatta Lake,HSG,2024-04-07,13.1299,77.4614,,,,,,,,,,,,,,,,04/24,3597.0,Hesaraghatta Lake,"D (Propagation of wild life,fisheries)",5.8,7.7,469.0,5.0,1.6,32.0,1600.0,3.0,140.0,5.0,140.0,48.0,52.0,1.5,0.4,124.0,68.0,56.0,5.0,31.0,312.0,10.0,0.2,0.5,15.0,0.2,32.0,1.0,0.05,2024.0
Hesaraghatta Lake,HSG,2025-01-12,13.1299,77.4614,,,,,,,,,,,,,,,,01/25,3597.0,Hesaraghatta Lake,"D (Propagation of wild life,fisheries)",7.1,7.5,444.0,4.0,1.7,310.0,3500.0,3.0,112.0,5.0,112.0,52.0,43.0,1.5,0.44,100.0,44.0,56.0,35.0,27.0,306.0,10.0,0.2,0.5,11.0,0.2,33.0,1.17,0.3,2025.0
Hesaraghatta Lake,HSG,2025-02-06,13.1299,77.4614,,,,,,,,,,,,,,,,02/25,3597.0,Hesaraghatta Lake,"D (Propagation of wild life,fisheries)",5.0,7.1,520.0,7.0,2.2,270.0,2400.0,3.0,144.0,5.0,144.0,112.0,73.0,1.5,0.7,152.0,96.0,56.0,16.0,56.0,354.0,14.0,0.2,0.5,8.0,0.26,43.0,2.0,0.32,2025.0
Hesaraghatta Lake,HSG,2025-03-13,13.1299,77.4614,,,,,,,,,,,,,,,,03/25,3597.0,Hesaraghatta Lake,"D (Propagation of wild life,fisheries)",5.8,7.5,323.0,8.0,1.2,680.0,3900.0,3.0,112.0,5.0,112.0,44.0,92.0,1.5,0.86,128.0,64.0,64.0,7.6923076923076925,18.0,226.0,14.0,0.2,0.5,8.0,0.3,22.0,1.0,0.36,2025.0
Hesaraghatta Lake,HSG,2025-04-07,13.1299,77.4614,0.0731755157361121,0.100593350036368,0.1341875377998657,0.1695901992536788,0.2286033619657819,0.2585004013236641,0.2655197951137085,0.3546990178131381,0.2711376927409703,-0.4514330903731783,-0.5599278608228798,0.1269001921927447,0.1334767141067185,1.3217925900731002,1.308587547091611,04/25,3597.0,Hesaraghatta Lake,"D (Propagation of wild life,fisheries)",6.9,6.7,322.0,4.0,1.2,210.0,1100.0,3.0,80.0,5.0,80.0,40.0,38.0,8.3,6.4,116.0,64.0,52.0,18.0,19.0,220.0,10.0,0.2,0.5,16.0,0.2,23.0,0.8,0.05,2025.0
Hesaraghatta Lake,HSG,2025-05-12,13.1299,77.4614,0.0611019573329578,0.102592892422202,0.1418491303396167,0.1861361367316762,0.2458551397592059,0.2696148982609308,0.2693312011546856,0.3658683130324583,0.2756782933183133,-0.4516576802263391,-0.5646105834397311,0.1473909857804619,0.1519486188002362,1.377328869205273,1.3702514075862224,05/25,3597.0,Hesaraghatta Lake,D,6.4,6.9,359.0,5.0,1.4,140.0,2400.0,3.0,104.0,5.0,104.0,36.0,56.0,1.5,0.4,96.0,48.0,48.0,20.0,43.0,248.0,10.0,0.2,0.5,5.0,0.25,47.0,1.0,0.22,2025.0
Hosakerehalli Lake,HKH,2023-10-20,12.9421,77.5406,0.116874845135858,0.1349857980546696,0.1524115022674137,0.1808090595523018,0.220431085456849,0.2391715683514006,0.2348245635646909,0.2552075918625933,0.2143696466281852,-0.2817465328655667,-0.3187203484555773,0.1022739331261001,0.0574209348652265,1.130871621516912,1.2838340861848982,10/23,4536.0,HOSAKEREHALLI LAKE,"D (Propagation of wild life,fisheries)",5.3,7.6,698.0,6.0,2.0,4900.0,160000.0,3.0,196.0,5.0,80.0,72.0,56.0,8.60625,0.44,176.0,92.0,84.0,28.0,53.0,476.0,104.3056768558952,0.63,0.5,4.0,0.34,38.0,1.5,1.93,2023.0
Hosakerehalli Lake,HKH,2024-03-08,12.9421,77.5406,,,,,,,,,,,,,,,,03/24,4536.0,Hosakerehalli Lake,"E (Irrigation, industrial cooling and controlled waste)",1.5,6.7,1038.0,17.0,4.3,240.0,3500.0,3.0,500.0,5.0,500.0,104.0,114.0,3.6,2.8,316.0,164.0,152.0,9.0,136.0,724.0,24.0,6.0,0.5,30.0,0.2,45.0,3.3,13.4,2024.0
Hosakerehalli Lake,HKH,2024-04-07,12.9421,77.5406,,,,,,,,,,,,,,,,04/24,4536.0,Hosakerehalli Lake,"D (Propagation of wild life,fisheries)",4.2,8.3,1000.0,9.0,4.0,1400.0,13000.0,56.0,104.0,28.0,160.0,156.0,80.0,1.5,0.4,148.0,80.0,68.0,23.0,96.0,680.0,28.0,0.55,0.5,24.0,0.41,54.0,3.0,1.4,2024.0
Hosakerehalli Lake,HKH,2025-01-12,12.9421,77.5406,,,,,,,,,,,,,,,,01/25,4536.0,Hosakerehalli Lake,"E (Irrigation, industrial cooling and controlled waste)",0.3,6.5,645.0,60.0,2.5,1700.0,7900.0,3.0,256.0,5.0,256.0,36.0,270.0,19.1,14.9,212.0,112.0,100.0,5.0,39.0,440.0,40.0,0.2,0.5,7.0,0.2,28.0,1.2,0.2,2025.0
Hosakerehalli Lake,HKH,2025-02-06,12.9421,77.5406,,,,,,,,,,,,,,,,02/25,4536.0,Hosakerehalli Lake,"D (Propagation of wild life,fisheries)",4.1,6.5,797.0,10.0,3.06,17000.0,46000.0,3.0,284.0,5.0,284.0,44.0,72.0,3.36,0.9,232.0,126.0,106.0,5.0,45.0,548.0,64.0,0.2,0.5,5.0,2.36,29.0,1.3,0.05,2025.0
Hosakerehalli Lake,HKH,2025-03-13,12.9421,77.5406,,,,,,,,,,,,,,,,03/25,4536.0,Hosakerehalli Lake,"E (Irrigation, industrial cooling and controlled waste)",3.4,6.5,826.0,19.0,3.2,170000.0,840000.0,3.0,364.0,5.0,364.0,68.0,134.0,4.42,3.4,300.0,152.0,148.0,5.6923076923076925,72.0,570.0,12.0,0.37,0.5,9.0,0.24,33.0,1.8,1.45,2025.0
Hosakerehalli Lake,HKH,2025-04-07,12.9421,77.5406,0.1296227931859777,0.1480314553879577,0.1678007528732338,0.1949691468393638,0.2372807405321696,0.261587593270449,0.2624463290159086,0.2835241869632548,0.2601060678586514,-0.2870946086710627,-0.3219481153872753,0.0910171508998435,0.0595535770542383,1.136885337122402,1.2368529558395158,04/25,4536.0,Hosakerehalli Lake,"E (Irrigation, industrial cooling and controlled waste)",0.3,6.5,789.0,27.0,2.6,450.0,3300.0,3.0,404.0,5.0,404.0,68.0,184.0,9.9,7.5,296.0,156.0,140.0,5.0,73.0,534.0,10.0,0.55,0.5,13.0,0.37,34.0,2.0,1.6,2025.0
Hosakerehalli Lake,HKH,2025-05-12,12.9421,77.5406,0.1302405955230184,0.1557384313930019,0.1793260172714351,0.2107093059270729,0.2532475573701253,0.2696146980149234,0.2576827889624102,0.290102020273124,0.2559193474588201,-0.2601325465344103,-0.3142042866382424,0.0999652476000685,0.0698543773352044,1.1615467092981286,1.276577766618674,05/25,4536.0,Hosakerehalli Lake,E,2.2,7.4,670.0,8.0,2.57,1400.0,14000.0,3.0,120.0,5.0,120.0,136.0,76.0,1.5,0.4,176.0,106.0,70.0,14.0,74.0,458.0,18.0,0.2,0.5,25.0,0.2,43.0,2.42,0.47,2025.0
Hoskere Lake,HSK,2023-10-20,12.901,77.6227,0.1515041148931677,0.1764103274212443,0.177541307391379,0.2124102819529024,0.2681208173466156,0.288162230279137,0.2798616952374247,0.2690660248512797,0.2281261360836355,-0.2717605228341038,-0.2561025184024256,0.1395737398037285,-0.0173268716020159,0.9747456152375332,1.4264866214472145,10/23,3636.0,HOSKERE LAKE,"E (Irrigation, industrial cooling and controlled waste)",2.2,7.1,702.0,18.0,4.2,7000.0,35000.0,3.0,160.0,5.0,160.0,116.0,160.0,10.94676724137931,4.2,188.0,100.0,88.0,29.0,68.0,490.0,61.33624454148472,0.21,0.5,14.0,0.2,42.0,2.2,0.49,2023.0
Hoskere Lake,HSK,2024-03-08,12.901,77.6227,,,,,,,,,,,,,,,,03/24,3636.0,Hoskere Lake,"D (Propagation of wild life,fisheries)",5.2,6.9,919.0,6.0,3.7,330.0,3500.0,3.0,308.0,5.0,308.0,80.0,56.0,1.5,0.4,292.0,152.0,140.0,20.0,79.0,624.0,36.0,0.2,0.5,6.0,0.27,36.0,2.0,0.36,2024.0
Hoskere Lake,HSK,2024-04-07,12.901,77.6227,,,,,,,,,,,,,,,,04/24,3636.0,Hoskere Lake,"E (Irrigation, industrial cooling and controlled waste)",0.3,6.9,2550.0,79.0,9.8,270.0,3500.0,3.0,588.0,5.0,588.0,444.0,357.0,19.0,15.0,668.0,340.0,328.0,83.0,163.0,1738.0,42.0,1.28,0.5,51.0,0.22,32.0,2.7,3.64,2024.0
Hoskere Lake,HSK,2025-01-12,12.901,77.6227,,,,,,,,,,,,,,,,01/25,3636.0,Hoskere Lake,"E (Irrigation, industrial cooling and controlled waste)",2.9,6.9,433.0,16.0,1.7,260.0,3500.0,3.0,128.0,5.0,128.0,28.0,120.0,3.51,2.8,132.0,72.0,60.0,9.0,30.0,294.0,10.0,0.25,0.5,8.0,0.2,31.0,1.14,0.68,2025.0
Hoskere Lake,HSK,2025-02-06,12.901,77.6227,,,,,,,,,,,,,,,,02/25,3636.0,Hoskere Lake,"E (Irrigation, industrial cooling and controlled waste)",2.3,6.9,523.0,18.0,2.0,2100.0,22000.0,3.0,128.0,5.0,128.0,32.0,120.0,6.86,5.56,124.0,68.0,56.0,17.0,35.0,356.0,342.0,0.2,0.5,8.0,0.2,36.0,1.3,0.2,2025.0
Hoskere Lake,HSK,2025-03-13,12.901,77.6227,,,,,,,,,,,,,,,,03/25,3636.0,Hoskere Lake,"E (Irrigation, industrial cooling and controlled waste)",0.3,6.5,466.0,45.0,1.6,14000.0,70000.0,3.0,128.0,5.0,128.0,36.0,264.0,30.0,23.0,116.0,64.0,52.0,6.769230769230769,49.0,314.0,130.0,0.53,0.5,9.0,0.2,45.0,2.0,1.5,2025.0
Hoskere Lake,HSK,2025-04-07,12.901,77.6227,0.1651311274596079,0.1910179904498979,0.2059072722514692,0.236022953993453,0.270039501566405,0.2933981731141541,0.2867468689499806,0.3170413918124539,0.2897098208314267,-0.2332903918672249,-0.2811651339856552,0.0953494824578835,0.0336339711258314,1.0771402926974472,1.2513138509007755,04/25,3636.0,Hoskere Lake,"E (Irrigation, industrial cooling and controlled waste)",0.3,6.6,617.0,48.0,2.4,17.0,240.0,3.0,196.0,5.0,196.0,76.0,233.0,52.0,40.0,152.0,76.0,76.0,54.0,68.0,426.0,10.0,1.5,0.5,7.0,0.31,48.0,2.4,3.7,2025.0
Hoskere Lake,HSK,2025-05-12,12.901,77.6227,0.1632999295997747,0.1944261609494587,0.2038003871737107,0.2382225597521911,0.283600531521701,0.2989292407335707,0.2878631349220317,0.3092598507515225,0.2714296279348095,-0.2403609978714087,-0.2756277714339877,0.1201137958802133,0.0214075036362141,1.052703839587951,1.3461350829144634,05/25,3636.0,Hoskere Lake,D,6.3,6.6,369.0,5.0,1.4,1100.0,7900.0,3.0,128.0,5.0,128.0,36.0,52.0,1.69,1.3,116.0,64.0,52.0,16.0,23.0,254.0,32.0,0.3,0.5,6.0,0.2,28.0,1.0,0.7,2025.0
Ibbalur Lake,IBL,2023-10-20,12.9056,77.6449,0.1252756371444662,0.145273971554942,0.1582846592393656,0.1816388939735286,0.2065516544635314,0.2187563749647986,0.2121974479019993,0.2398435088707407,0.2084220606871301,-0.1900236567298533,-0.2499680182069731,0.0752361870756661,0.0401237448255665,1.087011140305213,1.176854570938047,10/23,3609.0,IBBALUR LAKE,"D (Propagation of wild life,fisheries)",6.1,7.6,595.0,4.0,2.0,410.0,16000.0,3.0,100.0,5.0,100.0,100.0,40.0,9.854525862068964,0.4,124.0,68.0,56.0,12.0,75.0,402.0,81.3886462882096,0.6,0.5,10.0,0.24,54.0,3.2,2.0,2023.0
Ibbalur Lake,IBL,2024-03-08,12.9056,77.6449,,,,,,,,,,,,,,,,03/24,3609.0,Ibbalur Lake,"D (Propagation of wild life,fisheries)",4.6,7.0,619.0,8.0,2.2,630.0,3500.0,3.0,40.0,5.0,40.0,92.0,92.0,1.5,0.4,88.0,52.0,36.0,41.0,75.0,418.0,50.0,0.29,0.5,20.0,0.34,59.0,3.0,0.78,2024.0
Ibbalur Lake,IBL,2024-04-07,12.9056,77.6449,,,,,,,,,,,,,,,,04/24,3609.0,Ibbalur Lake,"D (Propagation of wild life,fisheries)",4.7,7.8,736.0,6.0,3.0,170.0,1300.0,3.0,124.0,5.0,124.0,144.0,52.0,1.5,0.4,108.0,60.0,48.0,22.0,97.0,504.0,10.0,0.2,0.5,24.0,0.2,60.0,5.5,0.5,2024.0
Ibbalur Lake,IBL,2025-01-12,12.9056,77.6449,,,,,,,,,,,,,,,,01/25,3609.0,Ibbalur Lake,"D (Propagation of wild life,fisheries)",7.8,7.8,924.0,5.0,3.54,170.0,5400.0,3.0,268.0,5.0,268.0,132.0,58.0,1.5,0.4,244.0,128.0,116.0,31.0,113.0,630.0,10.0,1.11,0.5,33.0,0.25,46.0,3.14,2.62,2025.0
Ibbalur Lake,IBL,2025-02-06,12.9056,77.6449,,,,,,,,,,,,,,,,02/25,3609.0,Ibbalur Lake,"D (Propagation of wild life,fisheries)",5.7,7.5,823.0,5.0,3.2,120.0,2400.0,3.0,164.0,5.0,164.0,124.0,52.0,1.5,0.4,220.0,116.0,104.0,34.0,80.0,562.0,10.0,0.2,0.5,16.0,0.39,42.0,2.34,0.28,2025.0
Ibbalur Lake,IBL,2025-03-13,12.9056,77.6449,,,,,,,,,,,,,,,,03/25,3609.0,Ibbalur Lake,"D (Propagation of wild life,fisheries)",4.7,8.1,670.0,8.0,2.7,170.0,1300.0,3.0,80.0,5.0,80.0,104.0,84.0,1.5,0.76,100.0,56.0,44.0,7.410256410256411,57.0,454.0,68.0,0.2,0.5,27.0,0.21,48.0,2.47,0.05,2025.0
Ibbalur Lake,IBL,2025-04-07,12.9056,77.6449,0.1311334729653618,0.1548441985673977,0.1745603744523355,0.1990406364404392,0.2306195789918332,0.2513947937200786,0.2475453675021121,0.2712813538439875,0.247475387214869,-0.2358961867227803,-0.2825229436866593,0.0762319832999567,0.0569209340032681,1.124853557458219,1.18675629040138,04/25,3609.0,Ibbalur Lake,"E (Irrigation, industrial cooling and controlled waste)",2.8,7.0,801.0,10.0,3.07,230.0,2100.0,3.0,112.0,5.0,112.0,16.0,100.0,1.5,0.4,108.0,60.0,48.0,9.0,84.0,552.0,10.0,0.2,0.5,14.0,0.24,59.0,3.51,0.48,2025.0
Ibbalur Lake,IBL,2025-05-12,12.9056,77.6449,0.1297434631089833,0.1593223105632428,0.1803122678474199,0.2064862996339059,0.2400692093776401,0.2529947585187272,0.2416596240495634,0.2647364545198534,0.231470652633061,-0.2128975226629818,-0.2596325622545957,0.0805640519030073,0.059471505960523,1.1312189156194756,1.208907599670384,05/25,3609.0,Ibbalur Lake,D,5.0,7.4,902.0,6.0,3.6,210.0,3500.0,3.0,208.0,5.0,208.0,156.0,58.0,1.5,0.79,208.0,112.0,96.0,12.0,95.0,612.0,12.0,0.9,0.5,6.0,0.31,49.0,2.9,2.2,2025.0
Jakkur Lake,JKR,2023-10-20,13.0648,77.6004,0.1768007110172474,0.1911530656625333,0.200407631183879,0.2275416543470609,0.2604991024287221,0.2754271207321362,0.2689411193241816,0.2858347764871522,0.2436539246744102,-0.1709672828634071,-0.2012113881825273,0.0648954637128239,0.0239496546630947,1.0498790407360552,1.141422852956637,10/23,3627.0,JAKKUR LAKE,"D (Propagation of wild life,fisheries)",5.3,6.7,588.0,6.0,2.0,4800.0,92000.0,3.0,88.0,5.0,88.0,104.0,72.0,11.570905172413791,0.4,132.0,72.0,60.0,15.0,67.0,394.0,49.87772925764192,0.87,0.5,27.0,0.28,46.0,3.0,3.0,2023.0
Jakkur Lake,JKR,2024-03-08,13.0648,77.6004,,,,,,,,,,,,,,,,03/24,3627.0,Jakkur Lake,"E (Irrigation, industrial cooling and controlled waste)",3.0,8.1,1173.0,18.0,4.0,14000.0,49000.0,3.0,352.0,5.0,352.0,212.0,164.0,3.12,2.4,272.0,140.0,132.0,11.0,142.0,809.0,96.0,1.52,0.5,36.0,0.2,49.0,4.0,3.12,2024.0
Jakkur Lake,JKR,2025-01-12,13.0648,77.6004,,,,,,,,,,,,,,,,01/25,3627.0,Jakkur Lake,"E (Irrigation, industrial cooling and controlled waste)",3.0,7.1,1261.0,35.0,4.8,1700.0,7000.0,3.0,288.0,5.0,288.0,184.0,139.0,3.8,3.0,252.0,140.0,112.0,18.0,111.0,858.0,96.0,0.4,0.5,26.0,0.2,46.0,3.0,1.0,2025.0
Jakkur Lake,JKR,2025-02-06,13.0648,77.6004,,,,,,,,,,,,,,,,02/25,3627.0,Jakkur Lake,"E (Irrigation, industrial cooling and controlled waste)",1.0,7.6,1319.0,17.0,5.06,1400.0,17000.0,3.0,324.0,5.0,324.0,200.0,159.0,25.6,16.0,360.0,186.0,174.0,22.0,93.0,890.0,132.0,0.2,0.5,35.0,0.22,33.0,2.12,0.37,2025.0
Jakkur Lake,JKR,2025-03-13,13.0648,77.6004,,,,,,,,,,,,,,,,03/25,3627.0,Jakkur Lake,"E (Irrigation, industrial cooling and controlled waste)",2.1,7.8,922.0,14.0,3.5,1300.0,12000.0,3.0,340.0,5.0,340.0,208.0,132.0,1.8,1.4,248.0,128.0,120.0,6.974358974358975,91.0,626.0,20.0,0.22,0.5,11.0,0.29,43.0,2.5,2.97,2025.0
Jakkur Lake,JKR,2025-04-07,13.0648,77.6004,0.1440248046462512,0.1727177262495034,0.205061324096007,0.2261638894755366,0.2375612671594508,0.2545618197817668,0.2541118831397393,0.3228675219992959,0.308618296374516,-0.1911716482063458,-0.3046900973660981,0.0504229018523151,0.0860521440230042,1.1927706764718844,1.111192909233176,04/25,3627.0,Jakkur Lake,"E (Irrigation, industrial cooling and controlled waste)",2.2,7.2,976.0,26.0,3.7,1400.0,13000.0,3.0,140.0,5.0,140.0,176.0,174.0,1.5,0.84,148.0,80.0,68.0,23.0,96.0,664.0,10.0,0.4,0.5,32.0,0.3,52.0,3.4,0.8,2025.0
Jakkur Lake,JKR,2025-05-12,13.0648,77.6004,0.1433803942273846,0.1793677722778864,0.2121644173686832,0.2324653783878912,0.2517620978528686,0.2608367124252024,0.2521754100668777,0.3222569060190072,0.2947161844420977,-0.1699652076864654,-0.2872223185905892,0.0477048871373697,0.0847546610918781,1.1890775792822297,1.1085064429274225,05/25,3627.0,Jakkur Lake,E,2.8,7.3,927.0,18.0,3.6,1500.0,11000.0,3.0,240.0,5.0,240.0,148.0,127.0,8.5,6.5,204.0,108.0,96.0,16.0,102.0,630.0,120.0,1.3,0.5,24.0,0.42,49.0,3.1,3.8,2025.0
Jigani Tank,JGN,2023-10-20,12.8023,77.5979,0.1686572585187271,0.1752576668684086,0.1689918432500128,0.2042845290059138,0.2605328006195439,0.3023564876091242,0.2967186144747959,0.3330683258237115,0.2956105216840328,-0.2763030683119687,-0.3322346127655828,0.1233324962822015,-0.0301760550907053,0.9489680508196112,1.34570626069953,10/23,3642.0,JIGANI TANK,"D (Propagation of wild life,fisheries)",6.1,7.2,981.0,6.0,4.0,460.0,9200.0,3.0,208.0,5.0,208.0,176.0,56.0,11.219827586206897,0.4,224.0,116.0,108.0,10.0,90.0,668.0,56.32314410480349,0.23,0.5,8.0,0.21,25.0,3.0,0.56,2023.0
Jigani Tank,JGN,2024-03-08,12.8023,77.5979,,,,,,,,,,,,,,,,03/24,3642.0,Jigani Tank,"D (Propagation of wild life,fisheries)",6.2,7.8,1147.0,4.0,4.4,580.0,3500.0,3.0,268.0,5.0,268.0,188.0,44.0,1.5,0.4,312.0,160.0,152.0,47.0,105.0,790.0,10.0,0.25,0.5,23.0,0.38,40.0,2.6,0.71,2024.0
Jigani Tank,JGN,2024-04-07,12.8023,77.5979,,,,,,,,,,,,,,,,04/24,3642.0,Jigani Tank,"D (Propagation of wild life,fisheries)",4.6,7.9,1285.0,10.0,4.2,260.0,1700.0,3.0,360.0,5.0,360.0,200.0,103.0,1.5,0.99,348.0,180.0,168.0,20.0,125.0,876.0,16.0,0.2,0.5,16.0,0.87,42.0,2.9,0.47,2024.0
Jigani Tank,JGN,2025-01-12,12.8023,77.5979,,,,,,,,,,,,,,,,01/25,3642.0,Jigani Tank,"D (Propagation of wild life,fisheries)",5.7,6.8,983.0,5.0,3.8,38.0,1600.0,3.0,224.0,5.0,224.0,164.0,52.0,1.5,0.4,264.0,136.0,128.0,40.0,97.0,668.0,10.0,0.25,0.5,20.0,0.2,42.0,2.6,0.25,2025.0
Jigani Tank,JGN,2025-02-06,12.8023,77.5979,,,,,,,,,,,,,,,,02/25,3642.0,Jigani Tank,"D (Propagation of wild life,fisheries)",6.2,6.9,1040.0,5.0,4.0,490.0,3500.0,3.0,240.0,5.0,240.0,172.0,52.0,1.5,0.48,280.0,144.0,136.0,43.0,102.0,704.0,10.0,0.2,0.5,21.0,0.2,42.0,2.65,0.31,2025.0
Jigani Tank,JGN,2025-03-13,12.8023,77.5979,,,,,,,,,,,,,,,,03/25,3642.0,Jigani Tank,"D (Propagation of wild life,fisheries)",4.5,7.4,785.0,8.0,2.7,230.0,1400.0,3.0,228.0,5.0,228.0,168.0,80.0,1.5,0.52,204.0,108.0,96.0,6.6410256410256405,77.0,524.0,12.0,0.2,0.5,22.0,0.3,42.0,2.0,0.05,2025.0
Jigani Tank,JGN,2025-04-07,12.8023,77.5979,0.1831283863700367,0.1981252457865759,0.2197306679639891,0.2409465467473951,0.260214165023937,0.2958137566882567,0.2899134046747396,0.3950996163052657,0.3825974584624048,-0.1941414902467669,-0.3378922278306469,0.0493938078235102,0.0515714899914379,1.1186557878521315,1.1150339679362329,04/25,3642.0,Jigani Tank,"D (Propagation of wild life,fisheries)",5.9,7.2,992.0,5.0,3.5,330.0,1700.0,3.0,236.0,5.0,236.0,184.0,64.0,1.5,0.4,148.0,80.0,68.0,9.0,110.0,662.0,10.0,0.2,0.5,21.0,0.25,57.0,4.0,0.21,2025.0
Jigani Tank,JGN,2025-05-12,12.8023,77.5979,0.1976743558152633,0.2087468885287109,0.2248414109535232,0.2477438644043932,0.2694447620388622,0.3019999542382427,0.2917729019994369,0.4064647775274573,0.3896820895522387,-0.1732444113882804,-0.3353499148406046,0.0577795791797576,0.038035741060731,1.0930231435411266,1.1477397873351478,05/25,3642.0,Jigani Tank,D,6.0,7.6,1004.0,4.0,3.5,210.0,3500.0,3.0,252.0,5.0,252.0,196.0,40.0,1.5,0.4,180.0,96.0,84.0,5.0,111.0,668.0,10.0,0.2,0.5,29.0,0.33,53.0,4.0,0.21,2025.0
Kaikondanahalli Lake,KKH,2023-10-20,12.929,77.6958,0.1205634687126063,0.146151186451405,0.1412235589725096,0.1724291827972126,0.2371188111494331,0.2593775286830435,0.2589058457098612,0.2357620715140423,0.1843588970225944,-0.3178948407306999,-0.2665462475481341,0.145863653865299,-0.0443210726235726,0.9240641623572208,1.3980812341647677,10/23,3611.0,KAIKONDANAHALLI LAKE,"E (Irrigation, industrial cooling and controlled waste)",3.3,8.0,840.0,12.0,3.0,9400.0,160000.0,3.0,152.0,5.0,152.0,140.0,108.0,10.283620689655171,2.1,184.0,96.0,88.0,29.0,71.0,570.0,73.51091703056768,0.72,0.5,6.0,0.2,44.0,2.3,2.23,2023.0
Kaikondanahalli Lake,KKH,2024-03-08,12.929,77.6958,,,,,,,,,,,,,,,,03/24,3611.0,Kaikondanahalli Lake,"E (Irrigation, industrial cooling and controlled waste)",1.3,7.9,2015.0,17.0,7.0,2300.0,7900.0,3.0,564.0,5.0,564.0,332.0,132.0,2.86,2.2,340.0,176.0,164.0,108.0,252.0,1370.0,158.0,1.64,0.5,40.0,0.36,58.0,6.0,3.49,2024.0
Kaikondanahalli Lake,KKH,2024-04-07,12.929,77.6958,,,,,,,,,,,,,,,,04/24,3611.0,Kaikondanahalli Lake,"E (Irrigation, industrial cooling and controlled waste)",2.6,7.9,1851.0,23.0,8.5,340.0,2800.0,3.0,484.0,5.0,484.0,356.0,152.0,26.0,20.0,320.0,172.0,148.0,38.0,244.0,1260.0,28.0,1.3,0.5,39.0,0.2,59.0,8.0,4.6,2024.0
Kaikondanahalli Lake,KKH,2025-03-13,12.929,77.6958,,,,,,,,,,,,,,,,03/25,3611.0,Kaikondanahalli Lake,"E (Irrigation, industrial cooling and controlled waste)",3.4,8.2,1322.0,10.0,5.07,1700.0,13000.0,3.0,324.0,5.0,324.0,232.0,101.0,1.6,1.2,492.0,88.0,404.0,7.35897435897436,98.0,898.0,102.0,0.76,0.5,39.0,0.28,28.0,1.0,0.78,2025.0
Kaikondanahalli Lake,KKH,2025-04-07,12.929,77.6958,0.1407157950306186,0.1700459847782241,0.1784905045971557,0.207738569015274,0.2477563384247203,0.2699424051523895,0.2753869008235378,0.3053488245231225,0.2654170197789822,-0.29171965211761,-0.3334149134854474,0.1174568577292804,0.0154086904237689,1.0369137292585064,1.324291115425762,04/25,3611.0,Kaikondanahalli Lake,"D (Propagation of wild life,fisheries)",5.8,8.2,1200.0,7.0,3.23,1100.0,7900.0,3.0,324.0,5.0,324.0,232.0,72.0,1.5,0.58,476.0,264.0,212.0,53.0,98.0,828.0,10.0,0.76,0.5,39.0,0.28,28.0,2.0,1.5,2025.0
Kaikondanahalli Lake,KKH,2025-05-12,12.929,77.6958,0.1344538079819807,0.1719156436994749,0.1809323680152949,0.2138299007531497,0.2605437178855495,0.2770468360667276,0.2770687724361231,0.3229797001478142,0.2870794713873443,-0.3055291569273947,-0.3614163205463007,0.1403428603859221,0.0230109039399538,1.054505597823106,1.4023025256541295,05/25,3611.0,Kaikondanahalli Lake,D,6.0,7.1,883.0,6.0,3.5,310.0,1700.0,3.0,204.0,5.0,204.0,148.0,60.0,1.5,0.4,140.0,72.0,68.0,9.0,122.0,600.0,22.0,0.2,0.5,12.0,0.4,63.0,4.6,0.6,2025.0
Kalena Agrahara Lake,KLA,2023-10-20,12.9128,77.6271,0.1179575270141846,0.1402432156819748,0.1545706381626305,0.1767925486607299,0.1959110731758826,0.2128062088627642,0.208539270001056,0.249547981415649,0.2200202245609096,-0.2004493716794085,-0.2872542526715779,0.0759703444774067,0.0457113557397809,1.0996558703672503,1.1872953578378729,10/23,3616.0,KALENA AGRAHARA LAKE,"D (Propagation of wild life,fisheries)",4.9,7.4,492.0,7.0,2.0,580.0,16000.0,3.0,116.0,5.0,116.0,68.0,60.0,10.517672413793104,0.4,104.0,56.0,12.0,13.666666666666668,38.0,334.0,69.21397379912663,0.2,0.5,3.0,0.29,43.0,2.0,0.05,2023.0
Kalena Agrahara Lake,KLA,2024-03-08,12.9128,77.6271,,,,,,,,,,,,,,,,03/24,3616.0,Kalena Agrahara Lake,"D (Propagation of wild life,fisheries)",4.3,8.0,580.0,5.0,1.3,3300.0,4800.0,3.0,140.0,18.5,140.0,124.0,48.0,1.5,0.8,188.0,100.0,88.0,16.0,60.0,396.0,32.0,0.2,0.5,8.0,0.2,40.0,2.0,0.05,2024.0
Kalena Agrahara Lake,KLA,2024-04-07,12.9128,77.6271,,,,,,,,,,,,,,,,04/24,3616.0,Kalena Agrahara Lake,"D (Propagation of wild life,fisheries)",4.6,7.3,373.0,8.0,0.8,1400.0,7000.0,3.0,148.0,5.0,148.0,48.0,89.0,1.5,0.4,116.0,68.0,48.0,8.0,42.0,260.0,10.0,0.2,0.5,5.0,0.3,42.0,2.0,0.05,2024.0
Kalena Agrahara Lake,KLA,2025-03-13,12.9128,77.6271,,,,,,,,,,,,,,,,03/25,3616.0,Kalena Agrahara Lake,"D (Propagation of wild life,fisheries)",5.3,7.3,727.0,13.0,2.5,480.0,2800.0,3.0,236.0,5.0,236.0,128.0,122.0,1.5,0.73,232.0,116.0,116.0,7.230769230769231,89.0,502.0,10.0,1.12,0.5,10.0,0.26,44.0,2.5,2.65,2025.0
Kalena Agrahara Lake,KLA,2025-04-07,12.9128,77.6271,0.1416069480130934,0.1626754001093461,0.1840508291853493,0.2053883460631443,0.2173665446481997,0.2400276512618351,0.2406380486431311,0.2929909190102423,0.2804018232374785,-0.1963076558642467,-0.2896002998260839,0.0611532053256997,0.0594585184727776,1.1299275585664226,1.146047642944671,04/25,3616.0,Kalena Agrahara Lake,"D (Propagation of wild life,fisheries)",4.6,6.7,652.0,8.0,2.63,400.0,2200.0,3.0,144.0,5.0,144.0,100.0,84.0,1.5,0.75,104.0,56.0,48.0,13.0,54.0,446.0,10.0,0.2,0.5,4.0,0.31,52.0,2.31,0.51,2025.0
Kalena Agrahara Lake,KLA,2025-05-12,12.9128,77.6271,0.1291954207877231,0.1523073103264058,0.171428119964282,0.1920526486220125,0.2119136953996692,0.2289422371616626,0.2217832635246912,0.2662608883883002,0.2436865228256659,-0.1914838573830737,-0.2777477203600729,0.0642218937689458,0.061372806352571,1.136667150044778,1.1555054243667977,05/25,3616.0,Kalena Agrahara Lake,D,4.2,8.0,699.0,10.0,2.7,14.0,920.0,3.0,152.0,5.0,152.0,112.0,97.0,1.5,0.4,84.0,48.0,36.0,12.0,95.0,476.0,56.0,0.2,0.5,19.0,0.5,65.0,4.5,0.31,2025.0
Kalkere Tank,KLK,2023-10-20,13.0225,77.7027,0.1112219218585005,0.1574572964941519,0.1861353359515925,0.2304075079197468,0.2853085814853928,0.3036377296726505,0.2957345758535727,0.3212514220344949,0.2506344596972898,-0.3116577755321688,-0.3506958393859509,0.12072982407616,0.0820162598058242,1.1845522567331024,1.3165932077826843,10/23,3607.0,KALKERE TANK,"E (Irrigation, industrial cooling and controlled waste)",2.8,6.7,866.0,15.0,3.32,4600.0,35000.0,3.0,200.0,5.0,200.0,144.0,139.0,9.386422413793102,2.6,232.0,120.0,112.0,35.0,79.0,604.0,89.9825327510917,0.42,0.5,17.0,0.2,40.0,2.2,0.96,2023.0
Kalkere Tank,KLK,2024-03-08,13.0225,77.7027,,,,,,,,,,,,,,,,03/24,3607.0,Kalkere Tank,"E (Irrigation, industrial cooling and controlled waste)",0.3,7.7,1253.0,148.0,4.0,2300.0,9400.0,3.0,500.0,5.0,500.0,200.0,992.0,23.92,18.4,280.0,150.0,130.0,9.0,118.0,864.0,256.0,0.59,0.5,26.0,0.2,45.0,3.0,2.08,2024.0
Kalkere Tank,KLK,2024-04-07,13.0225,77.7027,,,,,,,,,,,,,,,,04/24,3607.0,Kalkere Tank,"E (Irrigation, industrial cooling and controlled waste)",0.9,7.8,1477.0,21.0,4.8,6800.0,49000.0,3.0,416.0,5.0,416.0,232.0,175.0,13.4,10.3,400.0,208.0,192.0,23.0,143.0,1006.0,1040.0,2.7,0.5,18.0,0.93,42.0,3.1,0.98,2024.0
Kalkere Tank,KLK,2025-01-12,13.0225,77.7027,,,,,,,,,,,,,,,,01/25,3607.0,Kalkere Tank,"E (Irrigation, industrial cooling and controlled waste)",3.1,8.2,1476.0,20.0,5.1,1400.0,9400.0,3.0,324.0,5.0,324.0,240.0,136.0,20.0,16.0,344.0,180.0,164.0,51.0,174.0,968.0,44.0,0.78,0.5,33.0,0.2,49.0,4.0,2.2,2025.0
Kalkere Tank,KLK,2025-02-06,13.0225,77.7027,,,,,,,,,,,,,,,,02/25,3607.0,Kalkere Tank,"E (Irrigation, industrial cooling and controlled waste)",0.3,8.4,1481.0,35.0,5.7,170.0,22000.0,32.0,332.0,16.0,348.0,292.0,285.0,23.4,18.0,356.0,180.0,176.0,40.0,182.0,1022.0,48.0,1.7,0.5,34.0,0.2,50.0,4.2,4.0,2025.0
Kalkere Tank,KLK,2025-03-13,13.0225,77.7027,,,,,,,,,,,,,,,,03/25,3607.0,Kalkere Tank,"E (Irrigation, industrial cooling and controlled waste)",3.3,8.5,1118.0,16.0,3.9,1100.0,6300.0,72.0,216.0,36.0,288.0,284.0,112.0,1.8,1.3,236.0,124.0,112.0,7.461538461538462,99.0,754.0,32.0,0.2,0.5,35.0,0.2,38.0,3.0,0.46,2025.0
Kalkere Tank,KLK,2025-05-12,13.0225,77.7027,0.1204307426962337,0.1674764232677878,0.1983780318668551,0.244251422034495,0.2962936043646606,0.3143630235832456,0.3066666455473426,0.3529738366772265,0.2869190883491728,-0.2982972160121464,-0.3608086310761876,0.1180994842374541,0.0793664858214804,1.1790834650152393,1.312345551281661,05/25,3607.0,Kalkere Tank,D,4.8,7.8,980.0,6.0,3.8,1300.0,4600.0,3.0,268.0,5.0,268.0,252.0,64.0,1.5,0.4,220.0,112.0,108.0,8.0,96.0,666.0,18.0,0.2,0.5,10.0,0.3,47.0,2.8,0.32,2025.0
Kammagondanahalli Lake,KMG,2023-10-20,12.9649,77.546,0.1089434868328404,0.1257856007192717,0.133663438249276,0.1625949514152935,0.2169776651175889,0.2386425292212364,0.2334302386987747,0.2233106111815236,0.1784976623010843,-0.2996303742576711,-0.2857635922319856,0.1110527514951796,0.0208588815299782,1.0501658385107118,1.2815806611566825,10/23,4540.0,KAMMAGONDANAHALLI LAKE,"E (Irrigation, industrial cooling and controlled waste)",2.5,7.8,550.0,18.0,1.8,40000.0,540000.0,3.0,180.0,5.0,180.0,72.0,120.0,9.035344827586208,2.2,168.0,88.0,35.0,17.0,55.0,378.0,96.42794759825328,0.5,0.5,32.0,0.2,40.0,1.85,1.4,2023.0
Kammagondanahalli Lake,KMG,2024-03-08,12.9649,77.546,,,,,,,,,,,,,,,,03/24,4540.0,Kammagondanahalli Lake,"E (Irrigation, industrial cooling and controlled waste)",0.7,7.8,1360.0,18.0,6.6,1700.0,4800.0,3.0,652.0,5.0,652.0,216.0,120.0,2.9,2.2,428.0,220.0,208.0,23.0,191.0,944.0,24.0,6.0,0.5,35.0,0.22,34.0,4.0,14.7,2024.0
Kammagondanahalli Lake,KMG,2024-04-07,12.9649,77.546,,,,,,,,,,,,,,,,04/24,4540.0,Kammagondanahalli Lake,"E (Irrigation, industrial cooling and controlled waste)",1.5,7.0,1667.0,24.0,6.5,1500.0,4100.0,3.0,656.0,5.0,656.0,196.0,160.0,3.9,3.0,396.0,204.0,192.0,32.0,194.0,1136.0,28.0,4.7,0.5,28.0,0.22,49.0,4.3,10.0,2024.0
Kammagondanahalli Lake,KMG,2025-05-12,12.9649,77.546,0.1048039219828193,0.1344402971213328,0.1516851815114387,0.1887224228981833,0.2634200851992677,0.2871992325024643,0.275590874524715,0.2535148324179693,0.2091858646669485,-0.3480582751867599,-0.3271936117885367,0.1464549538513183,0.0399288566662742,1.0989676616391535,1.4878152788360437,05/25,4540.0,Kammagondanahalli Lake,D,6.7,7.2,519.0,4.0,2.0,2200.0,9400.0,3.0,148.0,5.0,148.0,60.0,46.0,1.5,0.4,136.0,68.0,68.0,18.0,60.0,358.0,14.0,0.6,0.5,7.0,0.24,47.0,2.2,1.4,2025.0
Kannur Lake,KNR,2023-10-20,13.0505,77.668,0.0565782411317567,0.0872102689268308,0.081162257167733,0.1459610606700451,0.2691509220157657,0.3080821579391892,0.3133456644144144,0.2515737823761261,0.1461427611204954,-0.5643830184742228,-0.4880537821890933,0.2995480801848235,-0.0496980953266571,0.9162576084420038,1.919281203985834,10/23,5565.0,Kannur Lake,"D (Propagation of wild life,fisheries)",4.2,6.7,381.0,4.0,1.46,700.0,9200.0,3.0,84.0,5.0,84.0,60.0,45.0,7.709051724137931,0.54,100.0,56.0,44.0,16.0,33.0,266.0,120.7772925764192,0.2,0.5,8.0,1.6,39.0,1.43,0.05,2023.0
Karihobanahalli Lake,KRH,2023-10-20,13.005,77.52,0.125758717082101,0.1497460109893998,0.158624887378033,0.183683861427968,0.2154802739050838,0.2302985565413322,0.2267957329953527,0.2471353647373608,0.2109728559357838,-0.2064892993960176,-0.2495953986810548,0.0801643398939319,0.0265058081744767,1.0584381828118223,1.19487966105062,10/23,3601.0,KARIHOBANAHALLI LAKE,"E (Irrigation, industrial cooling and controlled waste)",2.1,7.1,1438.0,17.0,5.47,3300.0,54000.0,3.0,332.0,5.0,332.0,240.0,153.0,9.42543103448276,3.2,388.0,200.0,188.0,58.0,114.0,1010.0,89.26637554585153,0.48,0.5,29.0,0.32,37.0,2.5,1.12,2023.0
Karihobanahalli Lake,KRH,2024-03-08,13.005,77.52,,,,,,,,,,,,,,,,03/24,3601.0,Karihobanahalli Lake,"E (Irrigation, industrial cooling and controlled waste)",1.4,7.7,3020.0,28.0,10.5,450000.0,2300000.0,3.0,620.0,5.0,620.0,570.0,168.0,31.0,23.0,570.0,300.0,270.0,57.0,424.0,1998.0,22.0,2.5,0.5,32.0,0.34,60.0,8.0,7.0,2024.0
Karihobanahalli Lake,KRH,2024-04-07,13.005,77.52,,,,,,,,,,,,,,,,04/24,3601.0,Karihobanahalli Lake,"E (Irrigation, industrial cooling and controlled waste)",0.3,7.2,3260.0,22.0,10.7,14.0,240.0,3.0,924.0,5.0,924.0,512.0,180.0,1.5,15.82,888.0,452.0,436.0,50.0,313.0,2218.0,20.0,0.2,0.5,41.0,0.41,42.0,4.6,0.05,2024.0
Kasavanahalli Lake,KSV,2023-10-20,12.9408,77.7311,0.122831447072072,0.1663333682192863,0.1990334318391244,0.2398548810529277,0.2997242293074325,0.3203317919481981,0.3151430285754504,0.35692730152027,0.2733000774211712,-0.3082023857297455,-0.3693378319601653,0.1042714510341524,0.0823786997178046,1.1853554795371708,1.2558407264156917,10/23,4529.0,KASAVANAHALLI LAKE,"D (Propagation of wild life,fisheries)",5.8,8.0,728.0,5.0,3.0,4900.0,24000.0,3.0,144.0,5.0,144.0,128.0,60.0,10.088577586206895,0.4,108.0,60.0,48.0,6.0,86.0,492.0,77.09170305676855,0.2,0.5,56.0,0.32,51.0,4.0,0.38,2023.0
Kasavanahalli Lake,KSV,2024-03-08,12.9408,77.7311,,,,,,,,,,,,,,,,03/24,4529.0,Kasavanahalli Lake,"D (Propagation of wild life,fisheries)",6.0,7.7,986.0,5.0,4.0,220.0,2400.0,3.0,120.0,5.0,120.0,184.0,48.0,1.5,0.46,148.0,80.0,68.0,34.0,118.0,680.0,10.0,0.2,0.5,30.0,0.27,58.0,4.0,0.21,2024.0
Kasavanahalli Lake,KSV,2025-04-07,12.9408,77.7311,0.1578980996621621,0.1900255134549969,0.224268527946651,0.2481907200168919,0.2686944573479731,0.289151713823198,0.2891089738175675,0.3419505736204956,0.2946353146114865,-0.2110959964461229,-0.2948765763911669,0.0576155296861729,0.0839603257194846,1.1855200267231782,1.1373627410349516,04/25,4529.0,Kasavanahalli Lake,"D (Propagation of wild life,fisheries)",6.0,7.3,1033.0,6.0,3.6,230.0,3500.0,3.0,388.0,5.0,388.0,120.0,64.0,1.5,0.4,336.0,172.0,164.0,20.0,74.0,712.0,10.0,0.75,0.5,6.0,0.3,34.0,1.96,2.3,2025.0
Kasavanahalli Lake,KSV,2025-05-12,12.9408,77.7311,0.1560441758164413,0.1917377145166994,0.2242272495006856,0.2505471002252252,0.2755127533783785,0.2897227301520271,0.2883691195101351,0.3478198690878378,0.2922636613175676,-0.2089011692848058,-0.2984426054159444,0.062688417005358,0.0816406623414921,1.1801435263566764,1.1502666789212468,05/25,4529.0,Kasavanahalli Lake,D,6.2,7.0,769.0,7.0,3.0,260.0,1500.0,3.0,176.0,5.0,176.0,108.0,66.0,1.5,0.4,136.0,76.0,60.0,8.4,123.0,524.0,14.0,0.3,0.5,14.0,0.22,63.0,4.6,0.9,2025.0
Kodi Singasandra Lake,KSG,2023-10-20,12.8999,77.626,0.0912896839363649,0.1148821979757976,0.1202671019569947,0.1555240074616359,0.2353524989441079,0.2655329051105169,0.2663737646065043,0.260304811347318,0.2022641313529493,-0.3941648276788954,-0.3944675028382452,0.1439778896307146,0.0131784127417874,1.0345847450488308,1.3853852779816576,10/23,4543.0,KODI SINGASANDRA LAKE,"D (Propagation of wild life,fisheries)",5.4,7.7,589.0,6.0,2.0,2300.0,24000.0,3.0,112.0,5.0,112.0,84.0,56.0,9.971551724137932,0.4,112.0,64.0,48.0,27.0,73.0,396.0,79.24017467248908,0.31,0.5,18.0,0.31,42.0,3.0,0.9,2023.0
Kodi Singasandra Lake,KSG,2024-03-08,12.8999,77.626,,,,,,,,,,,,,,,,03/24,4543.0,Kodi Singasandra Lake,"D (Propagation of wild life,fisheries)",4.2,7.28,1014.0,5.0,2.5,2400.0,4800.0,3.0,180.0,5.0,180.0,224.0,55.0,1.5,0.4,236.0,124.0,112.0,52.0,96.0,670.0,16.0,0.2,0.5,6.0,0.47,46.0,3.0,0.05,2024.0
Kodi Singasandra Lake,KSG,2025-01-12,12.8999,77.626,,,,,,,,,,,,,,,,01/25,4543.0,Kodi Singasandra Lake,"D (Propagation of wild life,fisheries)",5.8,7.2,1161.0,13.0,4.0,140.0,3500.0,3.0,212.0,5.0,212.0,216.0,123.0,1.5,0.4,208.0,104.0,104.0,44.0,163.0,808.0,10.0,0.2,0.5,30.0,0.23,59.0,5.0,0.2,2025.0
Kodi Singasandra Lake,KSG,2025-02-06,12.8999,77.626,,,,,,,,,,,,,,,,02/25,4543.0,Kodi Singasandra Lake,"D (Propagation of wild life,fisheries)",5.6,7.7,945.0,5.0,3.63,210.0,3500.0,3.0,248.0,5.0,248.0,116.0,56.0,1.5,0.4,192.0,110.0,82.0,10.0,99.0,650.0,56.0,0.32,0.5,27.0,0.2,49.0,3.1,0.75,2025.0
Kodi Singasandra Lake,KSG,2025-03-13,12.8999,77.626,,,,,,,,,,,,,,,,03/25,4543.0,Kodi Singasandra Lake,"D (Propagation of wild life,fisheries)",5.4,6.7,572.0,6.0,1.9,270.0,1400.0,3.0,156.0,5.0,156.0,96.0,56.0,1.5,0.45,168.0,92.0,76.0,5.564102564102564,84.0,386.0,10.0,0.2,0.5,18.0,0.47,49.0,3.0,0.05,2025.0
Kodi Singasandra Lake,KSG,2025-04-07,12.8999,77.626,0.1047773018442911,0.12267617956664,0.1333370336488636,0.1649482401802056,0.2351981381106574,0.2728191468393635,0.2788017281430381,0.2878786076305785,0.2483570850344924,-0.3914632126907344,-0.4111685915906012,0.1248222140132046,0.031450172294155,1.074990854764908,1.3304104182594925,04/25,4543.0,Kodi Singasandra Lake,"E (Irrigation, industrial cooling and controlled waste)",1.1,8.1,1024.0,38.0,3.93,200.0,2800.0,3.0,160.0,5.0,160.0,164.0,259.0,3.35,2.2,128.0,78.0,50.0,68.0,99.5,702.0,10.0,0.22,0.5,25.0,0.2,57.0,3.84,0.52,2025.0
Kodi Singasandra Lake,KSG,2025-05-12,12.8999,77.626,0.0955805575109108,0.1191880827398314,0.1291735005363985,0.1679103582993102,0.2423293749120088,0.2709166514148949,0.2672722370829226,0.277626411375475,0.2304460333661833,-0.3847569733297767,-0.4097203930711084,0.1538851340490526,0.0295203273391966,1.0717310945074894,1.440157791919107,05/25,4543.0,Kodi Singasandra Lake,E,0.3,7.7,1397.0,11.0,5.36,310.0,4300.0,3.0,240.0,5.0,240.0,352.0,117.0,1.69,1.3,252.0,144.0,108.0,10.0,197.0,960.0,20.0,0.2,0.5,42.0,0.69,48.0,5.38,0.42,2025.0
Kothanuru Lake,KTH,2023-10-20,13.0121,77.6744,0.1359814438069761,0.1580995884248809,0.1737015557116672,0.1970391186512264,0.2132327338002886,0.2240668966245467,0.2185036394354298,0.2475403012917533,0.2156351272394495,-0.1600735589431748,-0.2246180294119143,0.0688705816439738,0.0433028485624388,1.09503255385134,1.162161823714564,10/23,4544.0,KOTHANURU LAKE,"E (Irrigation, industrial cooling and controlled waste)",3.1,6.8,561.0,12.0,2.0,7900.0,54000.0,3.0,92.0,5.0,92.0,84.0,116.0,10.322629310344828,2.5,104.0,56.0,48.0,17.0,48.0,380.0,72.7947598253275,0.5,0.5,4.0,0.32,48.0,2.0,1.54,2023.0
Kothanuru Lake,KTH,2024-03-08,13.0121,77.6744,,,,,,,,,,,,,,,,03/24,4544.0,Kothanuru Lake,"D (Propagation of wild life,fisheries)",4.3,7.6,457.0,7.0,3.05,2700.0,11000.0,3.0,136.0,5.0,136.0,44.0,63.0,1.5,0.9,204.0,108.0,96.0,17.0,39.0,320.0,16.0,0.2,0.5,4.0,0.3,29.0,1.1,0.05,2024.0
Kothanuru Lake,KTH,2024-04-07,13.0121,77.6744,,,,,,,,,,,,,,,,04/24,4544.0,Kothanuru Lake,"D (Propagation of wild life,fisheries)",4.8,7.5,394.0,7.0,0.8,1400.0,7900.0,3.0,152.0,5.0,152.0,44.0,88.0,1.5,0.4,168.0,88.0,80.0,8.0,40.0,270.0,10.0,0.2,0.5,5.0,0.2,33.0,1.3,0.05,2024.0
Kothanuru Lake,KTH,2025-01-12,13.0121,77.6744,,,,,,,,,,,,,,,,01/25,4544.0,Kothanuru Lake,"D (Propagation of wild life,fisheries)",6.8,7.4,399.0,5.0,1.5,17.0,920.0,3.0,148.0,5.0,148.0,44.0,46.0,1.5,0.4,100.0,56.0,44.0,11.0,41.0,272.0,12.0,0.2,0.5,10.0,0.2,44.0,1.8,0.3,2025.0
Kothanuru Lake,KTH,2025-02-06,13.0121,77.6744,,,,,,,,,,,,,,,,02/25,4544.0,Kothanuru Lake,"D (Propagation of wild life,fisheries)",4.4,7.2,825.0,6.0,3.17,220.0,1500.0,3.0,180.0,5.0,180.0,100.0,72.0,1.5,0.4,136.0,86.0,50.0,10.0,89.0,564.0,42.0,0.2,0.5,16.0,0.2,55.0,3.3,0.26,2025.0
Kothanuru Lake,KTH,2025-03-13,13.0121,77.6744,,,,,,,,,,,,,,,,03/25,4544.0,Kothanuru Lake,"D (Propagation of wild life,fisheries)",6.0,7.0,685.0,4.0,2.3,310.0,1700.0,3.0,176.0,5.0,176.0,104.0,48.0,1.5,0.52,160.0,88.0,72.0,5.538461538461538,105.0,464.0,18.0,0.2,0.5,24.0,0.36,49.0,4.0,0.05,2025.0
Kothanuru Lake,KTH,2025-04-07,13.0121,77.6744,0.1457220583576783,0.1713363347671245,0.1961133253714513,0.2169960156277498,0.2229223751363907,0.2359003097391855,0.231625359895815,0.2771046953644715,0.2632995565098024,-0.1521074364819691,-0.2396082943488163,0.0550794562926536,0.0668316387050885,1.1461411015163494,1.1266087162950045,04/25,4544.0,Kothanuru Lake,"D (Propagation of wild life,fisheries)",5.9,7.0,1314.0,6.0,5.3,120.0,1600.0,3.0,136.0,5.0,136.0,272.0,64.0,1.5,0.4,160.0,84.0,76.0,58.0,119.0,898.0,10.0,0.2,0.5,9.0,0.5,60.0,4.1,0.49,2025.0
Kothanuru Lake,KTH,2025-05-12,13.0121,77.6744,0.1485711027418957,0.1811474785093314,0.2065755653416908,0.2274831684910774,0.2370102741895744,0.2440914504945266,0.2355178029636408,0.2886066734715426,0.2643365633029463,-0.1336871723219391,-0.2337063884125881,0.0532956312525897,0.0651972918153242,1.1440681769285554,1.123704140587049,05/25,4544.0,Kothanuru Lake,D,4.8,7.5,677.0,8.0,2.6,230.0,2200.0,3.0,152.0,5.0,152.0,112.0,82.0,1.5,0.8,80.0,48.0,32.0,17.0,90.0,460.0,48.0,0.2,0.5,20.0,0.5,65.0,4.4,0.39,2025.0
Kundalahalli Lake,KND,2023-10-20,12.9766,77.7004,0.0958770167534844,0.1243791186961268,0.1405673446259604,0.1789038364071519,0.2439367168801913,0.2621682669294663,0.2550708855413207,0.2327796036885823,0.1729220505420245,-0.3564725914168485,-0.3188582197830197,0.1449390344916222,0.0521341258281487,1.1225274559541647,1.408950529989342,10/23,4516.0,KUNDALAHALLI LAKE,"D (Propagation of wild life,fisheries)",4.9,7.8,1256.0,8.0,5.0,7000.0,160000.0,3.0,232.0,5.0,232.0,276.0,84.0,7.982112068965517,0.91,312.0,160.0,152.0,21.0,107.0,866.0,115.764192139738,0.41,0.5,15.0,0.2,41.0,3.0,0.98,2023.0
Kundalahalli Lake,KND,2024-03-08,12.9766,77.7004,,,,,,,,,,,,,,,,03/24,4516.0,Kundalahalli Lake,"D (Propagation of wild life,fisheries)",4.6,8.5,1581.0,8.0,5.5,320.0,3500.0,48.0,156.0,24.0,204.0,364.0,92.0,1.5,0.4,296.0,156.0,140.0,44.0,201.0,1046.0,98.0,0.95,0.5,22.0,0.2,57.0,5.0,2.8,2024.0
Kundalahalli Lake,KND,2024-04-07,12.9766,77.7004,,,,,,,,,,,,,,,,04/24,4516.0,Kundalahalli Lake,"E (Irrigation, industrial cooling and controlled waste)",1.4,8.2,1822.0,27.0,6.3,210.0,3500.0,3.0,216.0,5.0,216.0,464.0,184.0,19.0,12.0,364.0,188.0,176.0,56.0,255.0,1206.0,108.0,1.0,0.5,22.0,0.2,58.0,6.0,2.8,2024.0
Kundalahalli Lake,KND,2025-01-12,12.9766,77.7004,,,,,,,,,,,,,,,,01/25,4516.0,Kundalahalli Lake,"D (Propagation of wild life,fisheries)",5.9,7.4,1314.0,8.0,5.0,310.0,3500.0,3.0,252.0,5.0,252.0,228.0,86.0,7.5,5.8,280.0,148.0,132.0,19.0,139.0,894.0,10.0,1.5,0.5,12.0,0.2,51.0,3.6,3.5,2025.0
Kundalahalli Lake,KND,2025-02-06,12.9766,77.7004,,,,,,,,,,,,,,,,02/25,4516.0,Kundalahalli Lake,"E (Irrigation, industrial cooling and controlled waste)",3.1,8.5,1419.0,15.0,5.45,680.0,3900.0,48.0,240.0,24.0,264.0,312.0,152.0,3.64,2.8,352.0,184.0,168.0,27.0,113.0,964.0,56.0,0.87,0.5,18.0,0.2,39.0,2.3,2.5,2025.0
Kundalahalli Lake,KND,2025-03-13,12.9766,77.7004,,,,,,,,,,,,,,,,03/25,4516.0,Kundalahalli Lake,"E (Irrigation, industrial cooling and controlled waste)",2.1,8.1,1220.0,30.0,4.7,26.0,220.0,3.0,228.0,5.0,228.0,336.0,196.0,21.06,16.2,300.0,152.0,148.0,6.128205128205128,135.0,842.0,46.0,0.78,0.5,15.0,0.23,48.0,3.4,1.8,2025.0
Kundalahalli Lake,KND,2025-04-07,12.9766,77.7004,0.1148638849781782,0.1404330738622542,0.1672730708242251,0.2003680135154161,0.2565880965789101,0.2787870582852316,0.2761530656060819,0.2725720681402219,0.2234175066873151,-0.335759815648715,-0.3322010778320204,0.1059534984159694,0.0855468921715623,1.1962821472891814,1.2753945953144783,04/25,4516.0,Kundalahalli Lake,"D (Propagation of wild life,fisheries)",4.5,8.5,1084.0,7.0,4.4,1400.0,7900.0,72.0,180.0,36.0,176.0,212.0,76.0,1.5,0.9,304.0,156.0,148.0,33.0,70.0,736.0,10.0,0.59,0.5,18.0,0.3,37.0,2.24,1.7,2025.0
Kundalahalli Lake,KND,2025-05-12,12.9766,77.7004,0.1043951569759256,0.1402529427066065,0.1622266049357714,0.2067226735182316,0.2746416901309307,0.2922493594255946,0.2815139166549346,0.2681700232296213,0.2088628431648599,-0.3456748042787584,-0.3267484298634028,0.1418138490067645,0.0667361179032812,1.1535890485793898,1.394777232874002,05/25,4516.0,Kundalahalli Lake,E,3.0,8.1,1208.0,15.0,4.6,2600.0,12000.0,3.0,328.0,5.0,328.0,200.0,155.0,4.4,3.9,280.0,144.0,136.0,50.0,110.0,832.0,14.0,0.34,0.5,24.0,0.34,43.0,2.86,1.01,2025.0
Madhure Tank,MDH,2023-10-20,13.05,77.48,0.0281854185735408,0.0483112760119773,0.0293070830024177,0.0752051151165246,0.0825848905160882,0.0886127930718861,0.0746933499964795,0.0351929064282193,0.020163757656833,-0.0907456149392904,0.3210494277740388,0.4406182299371609,-0.2466070946181214,0.6062947558290112,2.589515987792584,10/23,4503.0,MADHURE TANK,"D (Propagation of wild life,fisheries)",4.6,6.5,300.0,10.0,0.62,4300.0,54000.0,3.0,68.0,5.0,68.0,32.0,91.0,8.021120689655172,0.86,108.0,60.0,48.0,57.0,25.0,240.0,115.04803493449782,0.2,0.5,15.0,0.2,30.0,1.3,0.7,2023.0
Madhure Tank,MDH,2024-03-08,13.05,77.48,,,,,,,,,,,,,,,,03/24,4503.0,Madhure Tank,"D (Propagation of wild life,fisheries)",6.2,7.5,312.0,5.0,0.85,1700.0,7900.0,3.0,84.0,5.0,84.0,16.0,48.0,1.5,0.4,84.0,48.0,36.0,5.0,19.0,212.0,46.0,0.2,0.5,6.0,0.2,17.0,1.0,0.05,2024.0
Madhure Tank,MDH,2024-04-07,13.05,77.48,,,,,,,,,,,,,,,,04/24,4503.0,Madhure Tank,"D (Propagation of wild life,fisheries)",4.2,6.8,287.0,7.0,0.5,930.0,13000.0,3.0,92.0,5.0,92.0,36.0,72.0,1.5,0.4,140.0,72.0,68.0,5.0,28.0,198.0,10.0,0.2,0.5,3.0,0.2,29.0,1.4,0.05,2024.0
Madhure Tank,MDH,2025-03-13,13.05,77.48,,,,,,,,,,,,,,,,03/25,4503.0,Madhure Tank,"D (Propagation of wild life,fisheries)",5.7,6.7,402.0,4.0,1.54,2300.0,17000.0,3.0,132.0,5.0,132.0,28.0,42.0,1.5,0.4,212.0,164.0,48.0,6.461538461538462,9.0,274.0,44.0,0.2,0.5,10.0,0.31,8.0,0.27,0.05,2025.0
Madiwala Lake,MDW,2023-10-20,12.9154,77.6116,0.1048698200894271,0.1715935890203491,0.2536745819287784,0.3014381192127592,0.3550459599338097,0.3739167376685561,0.3689433475337113,0.4264465584621343,0.3507288913142977,-0.3737516065245174,-0.4251036013870269,0.1078476882192981,0.1637315844288962,1.4194073237913565,1.2796153486729005,10/23,3589.0,MADIWALA TANK,"E (Irrigation, industrial cooling and controlled waste)",2.6,6.9,566.0,14.0,2.0,4700.0,92000.0,3.0,112.0,5.0,112.0,68.0,128.0,10.55668103448276,5.2,100.0,52.0,48.0,18.0,48.0,384.0,68.49781659388645,0.5,0.5,4.0,0.35,14.0,2.08,1.54,2023.0
Madiwala Lake,MDW,2024-03-08,12.9154,77.6116,,,,,,,,,,,,,,,,03/24,3589.0,Madiwala Tank,"D (Propagation of wild life,fisheries)",4.5,7.13,693.0,6.0,1.6,1700.0,7900.0,3.0,180.0,5.0,180.0,128.0,55.0,1.5,0.4,212.0,108.0,104.0,30.0,63.0,476.0,14.0,0.3,0.5,6.0,0.28,38.0,2.0,0.93,2024.0
Madiwala Lake,MDW,2024-04-07,12.9154,77.6116,,,,,,,,,,,,,,,,04/24,3589.0,Madiwala Tank,"D (Propagation of wild life,fisheries)",5.2,7.3,666.0,8.0,1.5,1400.0,7900.0,3.0,172.0,5.0,172.0,116.0,81.0,1.5,0.46,180.0,96.0,84.0,15.333333333333332,64.0,458.0,10.0,0.44,0.5,5.0,0.34,43.0,10.0,1.35,2024.0
Madiwala Lake,MDW,2025-01-12,12.9154,77.6116,,,,,,,,,,,,,,,,01/25,3589.0,Madiwala Tank,"D (Propagation of wild life,fisheries)",5.4,7.1,679.0,10.0,2.6,170.0,3500.0,3.0,220.0,5.0,220.0,100.0,94.0,1.5,0.4,160.0,88.0,72.0,10.0,79.0,462.0,28.0,0.9,0.5,16.0,0.2,48.0,2.7,2.1,2025.0
Madiwala Lake,MDW,2025-02-06,12.9154,77.6116,,,,,,,,,,,,,,,,02/25,3589.0,Madiwala Tank,"D (Propagation of wild life,fisheries)",4.2,8.0,883.0,5.0,3.39,310.0,2200.0,3.0,240.0,5.0,240.0,100.0,53.0,1.5,0.4,164.0,104.0,60.0,9.0,78.0,608.0,28.0,0.23,0.5,15.0,0.2,48.0,2.65,0.58,2025.0
Madiwala Lake,MDW,2025-03-13,12.9154,77.6116,,,,,,,,,,,,,,,,03/25,3589.0,Madiwala Tank,"E (Irrigation, industrial cooling and controlled waste)",3.1,7.1,693.0,20.0,2.3,1200.0,7900.0,3.0,188.0,5.0,188.0,124.0,166.0,1.5,0.99,172.0,88.0,84.0,7.897435897435898,95.0,478.0,16.0,0.2,0.5,13.0,0.24,52.0,3.1,0.2,2025.0
Madiwala Lake,MDW,2025-04-07,12.9154,77.6116,0.1072537865718409,0.1607502378971648,0.2580851782045766,0.295216410238355,0.3250716227159103,0.3381551983945358,0.3293547195718761,0.4677518501566738,0.3588051790303841,-0.3454885420044994,-0.4818266092178052,0.0746981061263169,0.2212793698333399,1.5823352686901078,1.1781629557290452,04/25,3589.0,Madiwala Tank,"E (Irrigation, industrial cooling and controlled waste)",3.3,7.5,727.0,17.0,2.5,150.0,3500.0,3.0,236.0,5.0,236.0,128.0,121.0,2.95,2.73,232.0,116.0,116.0,10.0,89.0,502.0,10.0,1.1,0.5,10.0,0.3,44.0,2.5,2.6,2025.0
Madiwala Lake,MDW,2025-05-12,12.9154,77.6116,0.088508439249375,0.1477148859417593,0.2294165829143911,0.2735689575044889,0.3183973136640497,0.3259762525085375,0.3060707460479526,0.4252595676513043,0.3076664929760942,-0.3550039556649647,-0.4824412734617907,0.1140130404024287,0.1908498821029363,1.5049217068337313,1.318965706448949,05/25,3589.0,Madiwala Tank,D,4.2,6.9,579.0,5.0,2.22,140.0,3500.0,3.0,176.0,5.0,176.0,96.0,54.0,1.5,0.8,112.0,78.0,34.0,9.0,78.0,390.0,16.0,0.2,0.5,19.0,0.47,55.0,3.2,0.39,2025.0
Malathahalli Lake,MLT,2023-10-20,12.948,77.5358,0.0974144928556345,0.1238051305978047,0.1381356826981229,0.1636056380657423,0.1984849897937638,0.2092206095586681,0.2062310832688111,0.2113509396776237,0.1692542338283945,-0.2602041488487436,-0.2820581151213527,0.1100347476654195,0.0425855870511485,1.101633052661547,1.2992841606300156,10/23,3635.0,MALATHAHALLI LAKE,"D (Propagation of wild life,fisheries)",5.5,7.9,1072.0,6.0,4.0,3100.0,54000.0,3.0,236.0,5.0,236.0,176.0,56.0,10.751724137931037,0.4,220.0,116.0,104.0,33.0,95.0,724.0,64.91703056768559,0.23,0.5,12.0,0.4,47.0,3.0,0.65,2023.0
Malathahalli Lake,MLT,2024-03-08,12.948,77.5358,,,,,,,,,,,,,,,,03/24,3635.0,Malathahalli Lake,"D (Propagation of wild life,fisheries)",4.6,7.7,1198.0,7.0,7.2,270.0,2400.0,3.0,244.0,5.0,244.0,88.0,84.0,1.5,0.9,492.0,252.0,240.0,120.0,217.0,824.0,10.0,0.2,0.5,41.0,0.29,46.0,4.2,0.4,2024.0
Malathahalli Lake,MLT,2024-04-07,12.948,77.5358,,,,,,,,,,,,,,,,04/24,3635.0,Malathahalli Lake,"E (Irrigation, industrial cooling and controlled waste)",0.3,7.4,2500.0,58.0,10.8,310.0,3500.0,168.0,532.0,84.0,700.0,248.0,220.0,28.6,22.0,196.0,104.0,92.0,97.0,166.0,1676.0,254.0,0.36,0.5,27.0,0.61,61.0,5.0,0.96,2024.0
Malathahalli Lake,MLT,2025-01-12,12.948,77.5358,,,,,,,,,,,,,,,,01/25,3635.0,Malathahalli Lake,"D (Propagation of wild life,fisheries)",7.0,7.4,639.0,4.0,0.3,1100.0,7900.0,3.0,248.0,5.0,248.0,36.0,45.0,1.5,0.4,212.0,112.0,100.0,36.0,38.0,440.0,24.0,0.2,0.5,12.0,0.2,27.0,1.1,0.3,2025.0
Malathahalli Lake,MLT,2025-02-06,12.948,77.5358,,,,,,,,,,,,,,,,02/25,3635.0,Malathahalli Lake,"D (Propagation of wild life,fisheries)",5.9,7.4,825.0,4.0,14.04,780.0,13000.0,3.0,244.0,5.0,244.0,36.0,44.0,1.5,0.62,248.0,128.0,120.0,37.0,48.0,560.0,32.0,0.2,0.5,14.0,0.2,28.0,1.3,0.05,2025.0
Malathahalli Lake,MLT,2025-03-13,12.948,77.5358,,,,,,,,,,,,,,,,03/25,3635.0,Malathahalli Lake,"D (Propagation of wild life,fisheries)",5.4,7.6,621.0,6.0,2.2,2600.0,9400.0,3.0,228.0,5.0,228.0,36.0,56.0,1.5,0.4,156.0,84.0,72.0,6.794871794871795,58.0,408.0,10.0,0.2,0.5,15.0,0.2,75.0,2.0,0.05,2025.0
Malathahalli Lake,MLT,2025-04-07,12.948,77.5358,0.116738734426691,0.139872432609625,0.1560507671524841,0.1819537657492786,0.2164980326599563,0.2344994826493983,0.2331409903568664,0.2451684380938973,0.2125470648271979,-0.2587335945516293,-0.2889103634029886,0.0972739742277138,0.0459813657271565,1.1019301951932323,1.2580696364187938,04/25,3635.0,Malathahalli Lake,"D (Propagation of wild life,fisheries)",5.8,7.9,753.0,8.0,3.0,140.0,2400.0,3.0,248.0,5.0,248.0,60.0,98.0,1.5,0.7,212.0,108.0,104.0,36.0,91.0,512.0,10.0,0.2,0.5,10.0,0.28,47.0,2.7,0.3,2025.0
Malathahalli Lake,MLT,2025-05-12,12.948,77.5358,0.1140352502287604,0.1498712289112401,0.166552900710405,0.1996812838741466,0.2410831632293939,0.2519578834377422,0.2458925177729289,0.2526382980221018,0.2081504117688464,-0.2589359152481797,-0.2784504687564504,0.1212837857603634,0.0447781394255989,1.103140183761376,1.3439091942084986,05/25,3635.0,Malathahalli Lake,E,2.1,7.8,562.0,24.0,2.1,140.0,3500.0,3.0,176.0,5.0,176.0,44.0,169.0,1.5,0.4,200.0,104.0,96.0,18.0,55.0,384.0,26.0,0.2,0.5,2.0,0.25,37.0,1.6,0.2,2025.0
Nagavara Lake,NGV,2023-10-20,13.0318,77.613,0.0936508941772865,0.1243583078146723,0.136040889441711,0.1803452087587131,0.2665775645990283,0.2959140885728367,0.293607530099275,0.2769572449482503,0.2015754875730479,-0.4116810151096476,-0.3895577425938437,0.1569607432238803,0.0366084280319193,1.082602750895992,1.419010164550684,10/23,3626.0,NAGAVARA LAKE,"D (Propagation of wild life,fisheries)",6.1,6.9,666.0,4.0,2.0,460.0,16000.0,3.0,148.0,5.0,148.0,100.0,40.0,11.531896551724138,0.4,172.0,92.0,80.0,9.0,64.0,444.0,50.5938864628821,0.28,0.5,25.0,0.2,40.0,0.28,0.83,2023.0
Nagavara Lake,NGV,2024-03-08,13.0318,77.613,,,,,,,,,,,,,,,,03/24,3626.0,Nagavara Lake,"E (Irrigation, industrial cooling and controlled waste)",2.6,8.2,751.0,25.0,3.0,2100.0,11000.0,3.0,192.0,5.0,192.0,108.0,172.0,3.77,2.9,192.0,100.0,92.0,10.0,47.0,518.0,48.0,0.41,0.5,21.0,0.22,32.0,1.4,0.52,2024.0
Nagavara Lake,NGV,2025-03-13,13.0318,77.613,,,,,,,,,,,,,,,,03/25,3626.0,Nagavara Lake,"D (Propagation of wild life,fisheries)",4.9,7.5,524.0,4.0,2.0,3100.0,8400.0,3.0,200.0,5.0,200.0,80.0,43.0,1.5,0.8,196.0,104.0,92.0,7.0,49.0,356.0,12.0,0.2,0.5,6.0,0.27,34.0,2.0,0.16,2025.0
Nagavara Lake,NGV,2025-04-07,13.0318,77.613,0.1306750827290009,0.1622569635200944,0.192128792811414,0.2273226114201225,0.2765586002957121,0.3121841512356548,0.3096114166021264,0.340665563613321,0.2991366401464482,-0.3264499309216931,-0.367077249907712,0.1079337671203595,0.071957121283545,1.1653494848277994,1.2919939815054493,04/25,3626.0,Nagavara Lake,"D (Propagation of wild life,fisheries)",6.4,7.7,704.0,5.0,2.7,2100.0,12000.0,3.0,116.0,5.0,116.0,104.0,65.0,1.5,0.4,124.0,68.0,56.0,8.0,67.0,478.0,10.0,0.3,0.5,15.0,0.25,50.0,2.6,0.6,2025.0
Nagavara Lake,NGV,2025-05-12,13.0318,77.613,0.1254114658874886,0.1631209846614317,0.1921667711308174,0.2322338872069282,0.2883518728437654,0.3137017038653808,0.3044050165458004,0.3408760825177782,0.3027713581637687,-0.3189040061467482,-0.3670923612088947,0.1199017712225084,0.0729769572702027,1.1659018524543658,1.3315427032921203,05/25,3626.0,Nagavara Lake,D,5.1,8.0,370.0,8.0,1.4,2300.0,7000.0,3.0,92.0,5.0,92.0,44.0,75.0,1.5,0.4,80.0,48.0,32.0,10.0,45.0,250.0,48.0,0.2,0.5,9.0,0.43,51.0,2.2,0.5,2025.0
Nayandanahalli Tank,NYD,2023-10-20,12.9342,77.5227,0.0611497817823455,0.0839330490773477,0.0801405743525344,0.1180148845558213,0.1930162290581444,0.2126089363649163,0.2093974130649021,0.179558271153034,0.1263664578347178,-0.4244327846991541,-0.3756575414923702,0.2163353846282339,-0.0432641872980372,0.9255203579884342,1.6110610638166905,10/23,3596.0,NAYANDANAHALLI TANK,"D (Propagation of wild life,fisheries)",5.2,7.9,872.0,6.0,4.0,4600.0,35000.0,3.0,204.0,5.0,204.0,132.0,52.0,8.723275862068965,0.4,220.0,116.0,104.0,14.0,78.0,594.0,102.15720524017468,1.1,0.5,5.0,0.3,42.0,2.29,3.39,2023.0
Nayandanahalli Tank,NYD,2024-03-08,12.9342,77.5227,,,,,,,,,,,,,,,,03/24,3596.0,Nayandanahalli Tank,"D (Propagation of wild life,fisheries)",4.3,7.8,913.0,11.0,3.4,320.0,3500.0,3.0,224.0,5.0,224.0,148.0,104.0,1.5,0.82,208.0,108.0,100.0,27.0,98.0,640.0,12.0,0.5,0.5,34.0,0.2,46.0,2.9,0.9,2024.0
Nayandanahalli Tank,NYD,2024-04-07,12.9342,77.5227,,,,,,,,,,,,,,,,04/24,3596.0,Nayandanahalli Tank,"D (Propagation of wild life,fisheries)",5.1,7.9,934.0,4.0,3.6,220.0,1400.0,3.0,216.0,5.0,216.0,160.0,45.0,1.5,0.84,252.0,132.0,120.0,38.0,89.0,636.0,10.0,0.22,0.5,19.0,0.2,41.0,2.4,0.62,2024.0
Nayandanahalli Tank,NYD,2025-03-13,12.9342,77.5227,,,,,,,,,,,,,,,,03/25,3596.0,Nayandanahalli Tank,"D (Propagation of wild life,fisheries)",6.2,7.7,803.0,6.0,3.1,26.0,920.0,3.0,212.0,5.0,212.0,136.0,70.0,1.5,0.81,208.0,104.0,104.0,7.717948717948718,85.0,554.0,10.0,0.26,0.5,24.0,0.38,44.0,2.5,0.62,2025.0
Nayandanahalli Tank,NYD,2025-04-07,12.9342,77.5227,0.07773869843728,0.092920976949248,0.0942648180913719,0.1216233880050682,0.1722546635224554,0.1936336970294241,0.1941034210896804,0.2025842108968041,0.1577621533155004,-0.3314710523086172,-0.3735682315251544,0.1411188530566482,-0.0048591847759686,0.9947965157633388,1.3550666483372678,04/25,3596.0,Nayandanahalli Tank,"D (Propagation of wild life,fisheries)",5.9,8.3,890.0,7.0,3.4,310.0,3500.0,32.0,200.0,16.0,216.0,152.0,78.0,1.5,0.8,184.0,96.0,88.0,21.0,98.0,614.0,10.0,0.24,0.5,11.0,0.39,52.0,3.1,0.57,2025.0
Nayandanahalli Tank,NYD,2025-05-12,12.9342,77.5227,0.0617806560608193,0.0898120335665653,0.0924305078952386,0.1340257285653949,0.2043618576657749,0.2235038575249895,0.2152484795156975,0.2075808214838801,0.1505119069407292,-0.4071728849935501,-0.4273722326065858,0.2240917466450711,0.0050098150067008,1.0206683561924632,1.6789918136615776,05/25,3596.0,Nayandanahalli Tank,D,6.5,8.3,767.0,4.0,2.9,58.0,920.0,48.0,152.0,24.0,176.0,128.0,47.0,1.5,0.4,144.0,76.0,68.0,31.0,102.0,526.0,10.0,0.2,0.5,2.0,0.46,60.0,3.6,0.3,2025.0
Nelamangala Lake,NLM,2023-10-20,13.097,77.3925,0.1576544103665621,0.173621148762495,0.1793351846172644,0.2142546533328638,0.2724692383534629,0.2985711644776225,0.2922268284094509,0.2900431036304098,0.2322880453537094,-0.2608926642159213,-0.2586312634336564,0.0989072498724069,0.0120614835471923,1.0279536066696684,1.232765304590567,10/23,4505.0,NELAMANGALA LAKE,"E (Irrigation, industrial cooling and controlled waste)",3.2,7.1,1156.0,12.0,5.0,4300.0,92000.0,3.0,264.0,5.0,264.0,204.0,108.0,11.765948275862067,0.4,292.0,152.0,140.0,39.0,89.0,786.0,46.29694323144105,0.56,0.5,42.0,0.42,36.0,2.0,1.2,2023.0
Nelamangala Lake,NLM,2024-03-08,13.097,77.3925,,,,,,,,,,,,,,,,03/24,4505.0,Nelamangala Lake,"D (Propagation of wild life,fisheries)",4.2,6.9,1856.0,10.0,5.9,2200.0,4900.0,3.0,524.0,5.0,524.0,292.0,99.0,1.5,0.99,504.0,260.0,244.0,29.0,179.0,1264.0,10.0,2.0,0.5,23.0,0.44,42.0,3.5,5.8,2024.0
Nelamangala Lake,NLM,2024-04-07,13.097,77.3925,,,,,,,,,,,,,,,,04/24,4505.0,Nelamangala Lake,"E (Irrigation, industrial cooling and controlled waste)",2.8,7.2,2330.0,54.0,8.0,220.0,2400.0,3.0,430.0,5.0,430.0,580.0,244.0,10.2,6.5,650.0,340.0,310.0,50.0,254.0,1556.0,18.0,1.0,0.5,36.0,0.49,92.0,4.0,3.6,2024.0
Nelamangala Lake,NLM,2025-01-12,13.097,77.3925,,,,,,,,,,,,,,,,01/25,4505.0,Nelamangala Lake,"E (Irrigation, industrial cooling and controlled waste)",1.2,6.7,1431.0,20.0,5.77,260.0,5400.0,3.0,384.0,5.0,384.0,220.0,152.0,11.42,9.1,392.0,200.0,192.0,23.0,113.0,980.0,10.0,0.78,0.5,22.0,0.21,37.0,2.49,2.22,2025.0
Nelamangala Lake,NLM,2025-02-06,13.097,77.3925,,,,,,,,,,,,,,,,02/25,4505.0,Nelamangala Lake,"E (Irrigation, industrial cooling and controlled waste)",2.4,6.7,1538.0,28.0,5.4,240.0,2200.0,3.0,392.0,5.0,392.0,236.0,184.0,8.9,6.6,432.0,224.0,208.0,16.0,99.0,1012.0,10.0,0.74,0.5,21.0,0.2,32.0,2.0,2.0,2025.0
Nelamangala Lake,NLM,2025-03-13,13.097,77.3925,,,,,,,,,,,,,,,,03/25,4505.0,Nelamangala Lake,"E (Irrigation, industrial cooling and controlled waste)",1.6,6.6,1483.0,29.0,5.7,310.0,1700.0,3.0,392.0,5.0,392.0,268.0,196.0,2.13,1.7,464.0,236.0,228.0,6.410256410256411,131.0,1004.0,10.0,0.45,0.5,31.0,0.43,36.0,2.64,1.28,2025.0
Nelamangala Lake,NLM,2025-04-07,13.097,77.3925,0.1334965104405085,0.1605542380795764,0.184084386604833,0.2129951723652242,0.2538799323919856,0.2818518645022712,0.2874858375294906,0.3190508644670585,0.2817093770907426,-0.2862356713854391,-0.3449654777333916,0.0963317915932435,0.0608231046253116,1.138718027274933,1.270419408306456,04/25,4505.0,Nelamangala Lake,"D (Propagation of wild life,fisheries)",6.2,7.1,1326.0,5.0,5.35,270.0,1700.0,3.0,372.0,5.0,372.0,304.0,56.0,1.5,0.54,396.0,204.0,192.0,11.0,121.0,908.0,10.0,0.33,0.5,10.0,0.34,39.0,2.65,0.96,2025.0
Nelamangala Lake,NLM,2025-05-12,13.097,77.3925,0.1313488503116307,0.1654070672735899,0.1839926766868585,0.2201311841966267,0.2701886686150923,0.2930563681819783,0.2928499137293567,0.3054485298778128,0.2578565266382617,-0.2896193757532156,-0.3263540404360967,0.1328153000913051,0.0404970615486213,1.0985010277221745,1.48190012115795,05/25,4505.0,Nelamangala Lake,E,0.3,6.9,1228.0,38.0,4.7,1700.0,7900.0,3.0,508.0,5.0,508.0,324.0,250.0,1.5,0.4,484.0,248.0,236.0,10.0,109.0,852.0,16.0,0.3,0.5,3.0,0.71,49.0,4.0,0.9,2025.0
Parappana Agrahara Lake,PRP,2023-10-20,12.9112,77.6586,0.0235132040270346,0.05426529150559,0.0333925092324532,0.0995909814136863,0.2542673085046465,0.2954377358490565,0.2948235954660659,0.1874440615319628,0.0874342262742889,-0.6880310654343912,-0.5511205283269138,0.4994335116789449,-0.2407960381474264,0.6147509929976781,3.018143957503341,10/23,3620.0,PARAPPANA AGRAHARA LAKE,"D (Propagation of wild life,fisheries)",5.5,8.2,800.0,6.0,3.0,3100.0,35000.0,3.0,136.0,5.0,136.0,120.0,72.0,9.932543103448277,0.4,176.0,96.0,80.0,31.0,84.0,540.0,79.95633187772926,0.31,0.5,22.0,0.25,47.0,3.0,0.89,2023.0
Parappana Agrahara Lake,PRP,2024-03-08,12.9112,77.6586,,,,,,,,,,,,,,,,03/24,3620.0,Parappana Agrahara Lake,"E (Irrigation, industrial cooling and controlled waste)",2.3,8.5,1088.0,17.0,4.0,13000.0,33000.0,24.0,112.0,12.0,136.0,212.0,168.0,4.84,3.8,152.0,80.0,72.0,42.0,169.0,750.0,86.0,0.2,0.5,40.0,0.27,70.0,6.0,0.3,2024.0
Parappana Agrahara Lake,PRP,2024-04-07,12.9112,77.6586,,,,,,,,,,,,,,,,04/24,3620.0,Parappana Agrahara Lake,"E (Irrigation, industrial cooling and controlled waste)",0.3,8.2,882.0,66.0,4.0,14000.0,46000.0,3.0,172.0,5.0,172.0,160.0,292.0,17.4,13.8,120.0,64.0,56.0,19.0,98.0,580.0,138.0,1.04,0.5,33.0,0.26,56.0,4.0,2.8,2024.0
Parappana Agrahara Lake,PRP,2025-03-13,12.9112,77.6586,,,,,,,,,,,,,,,,03/25,3620.0,Parappana Agrahara Lake,"D (Propagation of wild life,fisheries)",5.4,8.5,763.0,9.0,3.0,1100.0,9400.0,104.0,120.0,52.0,172.0,156.0,100.0,2.08,1.6,176.0,88.0,88.0,7.153846153846154,102.0,530.0,18.0,0.36,0.5,27.0,0.23,51.0,3.3,0.8,2025.0
Parappana Agrahara Lake,PRP,2025-04-07,12.9112,77.6586,0.0530160905378766,0.0687679563946938,0.0733499862076633,0.1106279533934102,0.1661159110109829,0.1886782807659814,0.1947422064207265,0.2517266720642072,0.1751493030132355,-0.4761232081714002,-0.5705128215727879,0.2059113333911093,0.0278246244768596,1.0621406891356555,1.5309225488777438,04/25,3620.0,Parappana Agrahara Lake,"E (Irrigation, industrial cooling and controlled waste)",1.2,8.1,1021.0,32.0,3.92,140.0,4300.0,3.0,152.0,5.0,152.0,164.0,210.0,1.5,0.4,132.0,88.0,44.0,24.0,128.0,696.0,10.0,0.25,0.5,26.0,0.3,63.0,4.85,0.65,2025.0
Parappana Agrahara Lake,PRP,2025-05-12,12.9112,77.6586,0.0385683117431709,0.0636491519642898,0.069938538518402,0.1182198711630527,0.1879132990706844,0.2089471275696986,0.208899105885666,0.2482987961137708,0.1640337721768517,-0.5336893906651092,-0.5922703971288031,0.2678487162105655,0.0341457503994642,1.0837358784383806,1.775834304885977,05/25,3620.0,Parappana Agrahara Lake,D,5.9,7.8,872.0,6.0,3.5,260.0,2200.0,3.0,112.0,5.0,112.0,156.0,52.0,1.5,0.4,108.0,60.0,48.0,20.0,72.0,594.0,24.0,0.2,0.5,6.0,0.37,57.0,3.03,0.39,2025.0
Puttenahalli Lake,PTN,2023-08-16,12.8982,77.5855,,,,,,,,,,,,,,,,08/23,3624.0,PUTTENAHALLI LAKE,"D (Propagation of wild life,fisheries)",4.1,7.1,754.0,11.0,2.2,3300.0,35000.0,8.942857142857143,216.0,5.0,216.0,116.0,112.0,3.237142857142857,0.95,204.0,108.0,96.0,12.0,74.0,514.0,24.228571428571428,0.32,0.5,9.0,0.32,41.0,1.6845714285714286,0.3214285714285714,2023.0
Puttenahalli Lake,PTN,2023-10-10,12.8982,77.5855,,,,,,,,,,,,,,,,10/23,3614.0,PUTTENAHALLI LAKE,"D (Propagation of wild life,fisheries)",5.7,7.0,346.0,5.0,1.0,3100.0,35000.0,3.0,88.0,5.0,88.0,88.0,52.0,9.776508620689654,0.4,104.0,60.0,44.0,18.0,71.0,302.0,82.82096069868996,0.28,0.5,20.0,0.27,54.0,3.0,0.78,2023.0
Puttenahalli Lake,PTN,2023-12-24,12.8982,77.5855,,,,,,,,,,,,,,,,12/23,3624.0,PUTTENAHALLI LAKE,"D (Propagation of wild life,fisheries)",5.1,7.0,459.0,5.0,1.76,79000.0,350000.0,3.0,104.0,5.0,104.0,72.0,49.0,1.5,0.81,120.0,64.0,56.0,12.0,39.0,316.0,24.0,0.2,0.5,9.0,0.43,39.0,1.5,0.05,2023.0
Puttenahalli Lake,PTN,2024-03-03,12.8982,77.5855,,,,,,,,,,,,,,,,03/24,3624.0,Puttenahalli Lake,"E (Irrigation, industrial cooling and controlled waste)",2.4,7.4,770.0,38.0,2.6,1700.0,7900.0,3.0,188.0,5.0,188.0,96.0,176.0,2.9,2.1,188.0,100.0,88.0,28.0,92.0,512.0,72.0,0.93,0.5,21.0,0.25,48.0,3.0,2.5,2024.0
Puttenahalli Lake,PTN,2024-04-07,12.8982,77.5855,,,,,,,,,,,,,,,,04/24,3614.0,Puttenahalli Lake,"D (Propagation of wild life,fisheries)",4.6,7.5,640.0,5.0,1.5,340.0,2800.0,3.0,140.0,5.0,140.0,132.0,46.0,1.5,0.4,160.0,84.0,76.0,9.0,61.0,438.0,10.0,0.39,0.5,8.0,0.22,44.0,2.1,1.21,2024.0
Puttenahalli Lake,PTN,2024-05-02,12.8982,77.5855,,,,,,,,,,,,,,,,05/24,3624.0,Puttenahalli Lake,"E (Irrigation, industrial cooling and controlled waste)",0.3,6.6,1098.0,26.0,3.9,3300.0,14000.0,3.0,228.0,5.0,228.0,124.0,173.0,6.0,4.6,252.0,132.0,120.0,13.0,105.0,748.0,28.0,1.2,0.5,23.0,0.38,45.0,2.9,3.6,2024.0
Puttenahalli Lake,PTN,2024-06-01,12.8982,77.5855,,,,,,,,,,,,,,,,06/24,3624.0,Puttenahalli Lake,"D (Propagation of wild life,fisheries)",7.1,7.1,689.0,7.3,2.4,260.0,9200.0,3.0,180.0,5.0,180.0,108.0,66.0,1.5,0.84,184.0,96.0,88.0,19.0,76.0,470.0,12.0,0.9,0.5,21.0,0.2,64.0,2.4,1.7,2024.0
Puttenahalli Lake,PTN,2024-09-19,12.8982,77.5855,,,,,,,,,,,,,,,,09/24,3624.0,Puttenahalli Lake,"D (Propagation of wild life,fisheries)",7.1,6.8,626.0,5.0,2.12,200.0,5400.0,3.0,144.0,5.0,144.0,76.0,44.0,1.5,0.52,132.0,72.0,60.0,8.0,62.0,426.0,18.0,0.71,0.5,14.0,0.2,47.0,2.0,1.93,2024.0
Puttenahalli Lake,PTN,2024-12-08,12.8982,77.5855,,,,,,,,,,,,,,,,12/24,3624.0,Puttenahalli Lake,"D (Propagation of wild life,fisheries)",5.8,7.7,427.0,5.0,1.68,260.0,4300.0,3.0,108.0,5.0,108.0,36.0,52.0,1.5,0.4,100.0,56.0,44.0,13.0,35.0,292.0,16.0,0.27,0.5,8.0,0.2,41.0,1.52,0.72,2024.0
Puttenahalli Lake,PTN,2025-03-08,12.8982,77.5855,,,,,,,,,,,,,,,,03/25,3624.0,Puttenahalli Lake,"D (Propagation of wild life,fisheries)",6.2,6.9,787.0,5.0,2.9,2400.0,14000.0,3.0,252.0,5.0,252.0,168.0,58.0,1.5,0.7,156.0,84.0,72.0,7.051282051282051,96.0,536.0,10.0,0.2,0.5,6.0,0.2,55.0,3.4,0.17,2025.0
Puttenahalli Lake,PTN,2025-04-04,12.8982,77.5855,,,,,,,,,,,,,,,,04/25,3624.0,Puttenahalli Lake,"D (Propagation of wild life,fisheries)",5.8,7.1,1040.0,7.0,3.9,240.0,2800.0,3.0,276.0,5.0,276.0,160.0,73.0,1.5,0.4,252.0,132.0,120.0,5.0,96.0,708.0,10.0,0.2,0.5,5.0,0.2,45.0,2.7,0.3,2025.0
Puttenahalli Lake,PTN,2025-05-07,12.8982,77.5855,0.1301594071257569,0.158402788554186,0.1729793545478264,0.2045133467117306,0.247312751725109,0.2712958174904942,0.2641371637797493,0.2777139064920434,0.2417192578510068,-0.2519990052150771,-0.2824911596848239,0.0963170851885196,0.0397143840501618,1.0867962812278087,1.2415208469193248,05/25,3624.0,Puttenahalli Lake,D,5.4,7.0,720.0,7.0,2.8,2600.0,7000.0,3.0,168.0,5.0,168.0,100.0,70.0,1.5,0.4,136.0,76.0,60.0,10.0,80.0,488.0,22.0,0.2,0.5,4.0,0.26,55.0,3.0,0.4,2025.0
Puttenahalli Lake,PTN,2025-06-06,12.8982,77.5855,,,,,,,,,,,,,,,,06/25,3624.0,Puttenahalli Lake,D,6.6,6.8,616.0,4.0,2.3,21.0,1600.0,3.0,136.0,5.0,136.0,96.0,40.0,1.5,0.56,160.0,84.0,76.0,24.0,60.0,416.0,10.0,0.2,0.5,12.0,0.28,43.0,2.06,0.21,2025.0
Puttenahalli Lake,PTN,2025-11-10,12.8982,77.5855,,,,,,,,,,,,,,,,11/25,3624.0,Puttenahalli Lake,D,5.3,6.6,901.0,7.0,3.5,1335.7971014492755,4300.0,26.028169014084504,332.0,20.0,332.0,132.0,88.0,7.300000000000001,0.53,256.0,132.0,124.0,8.0,99.0,622.0,22.0,1.5750000000000002,0.5,11.0,0.42,44.0,2.7,0.3,2025.0
Ramammana Kere,RMK,2023-10-20,13.017,77.572,0.0402777046294666,0.0570614469457136,0.0486201267981929,0.0903829713078683,0.2311359584580179,0.2801412110543917,0.2797297412427389,0.2100044252772402,0.127659176201373,-0.6560326888168453,-0.5853277480898209,0.3665677813870641,-0.1432322789479016,0.7768211768647806,2.3870244988468925,10/23,4513.0,RAMAMMANA KERE,"D (Propagation of wild life,fisheries)",5.2,7.3,520.0,5.0,2.0,480.0,16000.0,3.0,140.0,5.0,140.0,40.0,44.0,8.801293103448275,0.4,160.0,80.0,80.0,28.0,34.0,354.0,100.72489082969432,0.2,0.5,3.0,0.21,31.0,1.5,0.05,2023.0
Ramammana Kere,RMK,2024-03-08,13.017,77.572,,,,,,,,,,,,,,,,03/24,4513.0,Ramammana Kere,"D (Propagation of wild life,fisheries)",4.8,8.0,1114.0,8.0,6.0,170.0,2400.0,3.0,412.0,5.0,412.0,292.0,70.0,1.5,0.83,556.0,284.0,272.0,5.0,184.0,778.0,10.0,1.3,0.5,37.0,0.2,40.0,3.4,4.6,2024.0
Ramammana Kere,RMK,2024-04-07,13.017,77.572,,,,,,,,,,,,,,,,04/24,4513.0,Ramammana Kere,"D (Propagation of wild life,fisheries)",4.8,7.9,2033.0,7.0,7.0,210.0,1100.0,3.0,476.0,5.0,476.0,364.0,84.0,1.5,0.42,624.0,320.0,304.0,13.0,249.0,1342.0,10.0,0.3,0.5,38.0,0.22,44.0,4.0,0.86,2024.0
Ramammana Kere,RMK,2025-03-13,13.017,77.572,,,,,,,,,,,,,,,,03/25,4513.0,Ramammana Kere,"D (Propagation of wild life,fisheries)",6.4,6.7,210.0,9.0,0.81,46.0,350.0,3.0,80.0,5.0,80.0,12.0,90.0,1.5,0.4,112.0,66.0,46.0,6.205128205128205,5.0,146.0,10.0,0.2,0.5,10.0,0.2,4.0,0.1,0.05,2025.0
Ramammana Kere,RMK,2025-04-07,13.017,77.572,0.0688082591093117,0.0829654246680156,0.0775196026994285,0.1164142932582292,0.2364913994015138,0.2880202253124449,0.2942014962154549,0.230841485653934,0.1612820559760606,-0.5617949000537579,-0.4890795889499562,0.2444754665202785,-0.0624588552379179,0.8946050551846116,1.7362109836432222,04/25,4513.0,Ramammana Kere,"D (Propagation of wild life,fisheries)",6.4,6.7,325.0,5.0,1.2,40.0,240.0,3.0,92.0,5.0,92.0,44.0,39.0,5.2,4.0,100.0,56.0,44.0,17.0,18.0,222.0,10.0,0.2,0.5,15.0,0.2,25.0,0.7,0.19,2025.0
Ramammana Kere,RMK,2025-05-12,13.017,77.572,0.0574744375990142,0.0790353913199175,0.0732247597599738,0.1279520823798627,0.2683593557472276,0.3125086428445693,0.3081915085372294,0.2283937053335679,0.1484078190459426,-0.59945429999398,-0.5129329706977309,0.3377990077859987,-0.0789122117813585,0.8701857916362338,2.251982078172005,05/25,4513.0,Ramammana Kere,D,6.4,6.7,364.0,5.0,1.4,21.0,1600.0,3.0,96.0,5.0,96.0,36.0,52.0,1.5,0.4,88.0,44.0,44.0,19.0,40.0,250.0,10.0,0.2,0.5,5.0,0.26,47.0,1.0,0.32,2025.0
Rampura Lake,RPR,2023-10-20,13.015,77.59,0.0165812418599739,0.0377329263291035,0.0261727797822186,0.0727401879686015,0.2298430462177478,0.277938100601922,0.2809118166778134,0.1578238903164491,0.0773592523496075,-0.7577205459573361,-0.6097559556184757,0.4736711785939149,-0.1863877266303993,0.6950781553846395,2.899198907453544,10/23,4519.0,RAMPURA LAKE,"E (Irrigation, industrial cooling and controlled waste)",0.3,7.3,1457.0,77.0,5.59,170000.0,2400000.0,3.0,336.0,5.0,336.0,244.0,320.0,9.347413793103447,18.1,400.0,204.0,196.0,59.0,117.0,1022.0,90.69868995633188,1.4,0.5,29.0,0.24,37.0,2.5,3.6,2023.0
Rampura Lake,RPR,2024-03-08,13.015,77.59,,,,,,,,,,,,,,,,03/24,4519.0,Rampura Lake,"E (Irrigation, industrial cooling and controlled waste)",0.3,6.7,1636.0,74.0,6.0,2600.0,11000.0,3.0,484.0,5.0,484.0,216.0,488.0,26.3,20.2,328.0,168.0,160.0,23.0,250.0,1112.0,60.0,1.64,0.5,37.0,0.34,59.0,6.0,3.49,2024.0
Rampura Lake,RPR,2024-04-07,13.015,77.59,,,,,,,,,,,,,,,,04/24,4519.0,Rampura Lake,"E (Irrigation, industrial cooling and controlled waste)",0.3,7.4,1755.0,24.0,5.7,17000.0,48000.0,3.0,496.0,5.0,496.0,276.0,196.0,24.4,18.8,476.0,244.0,232.0,27.0,169.0,1196.0,394.0,3.2,0.5,22.0,0.94,42.0,3.4,9.2,2024.0
Rampura Lake,RPR,2025-01-12,13.015,77.59,,,,,,,,,,,,,,,,01/25,4519.0,Rampura Lake,"D (Propagation of wild life,fisheries)",5.9,7.2,818.0,6.0,2.9,25.0,1600.0,3.0,220.0,5.0,220.0,92.0,52.0,1.5,0.42,200.0,108.0,92.0,13.0,78.0,534.0,12.0,0.2,0.5,10.0,0.2,44.0,2.4,0.44,2025.0
Rampura Lake,RPR,2025-02-06,13.015,77.59,,,,,,,,,,,,,,,,02/25,4519.0,Rampura Lake,"D (Propagation of wild life,fisheries)",4.2,7.0,826.0,20.0,3.2,22.0,70.0,3.0,248.0,5.0,248.0,108.0,165.0,4.4,3.4,216.0,108.0,108.0,12.0,83.0,570.0,10.0,0.2,0.5,5.0,0.28,45.0,2.4,0.21,2025.0
Rampura Lake,RPR,2025-03-13,13.015,77.59,,,,,,,,,,,,,,,,03/25,4519.0,Rampura Lake,"D (Propagation of wild life,fisheries)",6.1,6.9,834.0,4.0,2.8,400.0,3400.0,3.0,260.0,5.0,260.0,128.0,52.0,1.5,0.4,136.0,72.0,64.0,6.051282051282051,90.0,576.0,18.0,0.2,0.5,5.0,0.28,57.0,3.5,0.1,2025.0
Rampura Lake,RPR,2025-04-07,13.015,77.59,0.043457566264212,0.0604011016203553,0.0513715723486119,0.0973670738146362,0.2148833151466087,0.2601921398148474,0.266462645640466,0.1945296807349781,0.1181627688408602,-0.6295994112244645,-0.5253792987537025,0.3243602735240319,-0.0970065143038214,0.8347371142325875,2.00785191043072,04/25,4519.0,Rampura Lake,"D (Propagation of wild life,fisheries)",5.6,6.9,568.0,5.0,2.2,210.0,4300.0,3.0,132.0,5.0,132.0,92.0,50.0,1.5,0.54,156.0,84.0,72.0,23.0,55.0,390.0,10.0,0.2,0.5,11.0,0.21,41.0,2.0,0.21,2025.0
Rampura Lake,RPR,2025-05-12,13.015,77.59,0.0248063923404554,0.0537098069497289,0.0463937555406561,0.1121807525784081,0.2558945404625292,0.2965986307156183,0.2950439825407443,0.1981201168643741,0.1132660494913583,-0.6938838400542204,-0.5790018233394046,0.4546090278959623,-0.1224345533786539,0.8116320664663474,2.932266106543666,05/25,4519.0,Rampura Lake,D,5.5,7.0,618.0,6.0,2.4,1400.0,7900.0,3.0,140.0,5.0,140.0,96.0,55.0,1.5,0.4,164.0,88.0,76.0,16.0,68.0,420.0,10.0,0.2,0.5,12.0,0.21,45.0,2.3,0.33,2025.0
Rayasandra Lake,RYS,2023-10-20,12.856,77.6618,0.0703947057166995,0.1016691602644295,0.1098151404109776,0.1465827090960292,0.2335631477048718,0.2623970677274006,0.253950344973247,0.2281742361306675,0.1566079977471135,-0.4166564037638945,-0.3894414696141127,0.1780307886553159,0.0074008883530373,1.0353113312999436,1.5314867426268663,10/23,4531.0,RAYASANDRA LAKE,"E (Irrigation, industrial cooling and controlled waste)",0.4,7.0,1286.0,24.0,5.1,2100.0,54000.0,3.0,392.0,5.0,392.0,184.0,157.0,8.489224137931034,1.4,392.0,200.0,192.0,27.0,152.0,878.0,106.45414847161572,2.0,0.5,36.0,0.3,43.0,3.3,4.5,2023.0
Rayasandra Lake,RYS,2024-03-08,12.856,77.6618,,,,,,,,,,,,,,,,03/24,4531.0,Rayasandra Lake,"E (Irrigation, industrial cooling and controlled waste)",0.3,7.7,2250.0,66.0,8.6,1700.0,7900.0,3.0,524.0,5.0,524.0,380.0,328.0,5.8,4.9,612.0,308.0,304.0,92.0,180.0,1562.0,10.0,0.69,0.5,45.0,0.46,37.0,3.2,1.93,2024.0
Rayasandra Lake,RYS,2024-04-07,12.856,77.6618,,,,,,,,,,,,,,,,04/24,4531.0,Rayasandra Lake,"E (Irrigation, industrial cooling and controlled waste)",0.3,7.5,2158.0,66.0,8.9,3200.0,14000.0,3.0,564.0,5.0,564.0,420.0,219.0,36.0,29.0,436.0,220.0,216.0,43.0,268.0,1470.0,36.0,5.8,0.5,40.0,0.23,54.0,7.9,13.0,2024.0
Rayasandra Lake,RYS,2025-01-12,12.856,77.6618,,,,,,,,,,,,,,,,01/25,4531.0,Rayasandra Lake,"E (Irrigation, industrial cooling and controlled waste)",0.3,7.6,1849.0,31.0,7.0,1200.0,7900.0,3.0,504.0,5.0,504.0,364.0,190.0,54.6,42.0,456.0,228.0,228.0,43.0,191.0,1294.0,16.0,2.8,0.5,29.0,0.2,46.0,4.0,6.6,2025.0
Rayasandra Lake,RYS,2025-02-06,12.856,77.6618,,,,,,,,,,,,,,,,02/25,4531.0,Rayasandra Lake,"E (Irrigation, industrial cooling and controlled waste)",1.9,7.3,2210.0,35.0,8.5,1200.0,7900.0,3.0,548.0,5.0,548.0,416.0,241.0,50.7,39.0,492.0,248.0,244.0,44.0,231.0,1524.0,28.0,1.0,0.5,34.0,0.2,48.0,4.5,2.4,2025.0
Rayasandra Lake,RYS,2025-03-13,12.856,77.6618,,,,,,,,,,,,,,,,03/25,4531.0,Rayasandra Lake,"E (Irrigation, industrial cooling and controlled waste)",1.8,7.5,1962.0,35.0,6.0,2200.0,35000.0,3.0,576.0,5.0,576.0,412.0,204.0,42.8,36.0,436.0,224.0,212.0,5.794871794871796,189.0,1334.0,28.0,1.8,0.5,33.0,0.25,46.0,3.9,0.05,2025.0
Rayasandra Lake,RYS,2025-04-07,12.856,77.6618,0.0726457758377921,0.091767030454552,0.0986490141885195,0.1352001513658123,0.2091535166150378,0.2421597507744296,0.2456259398760913,0.2327713989017178,0.175119835961701,-0.4545052000504466,-0.4315045312433763,0.1737867003158091,0.0201280321430983,1.0538882101452902,1.4596816317920875,04/25,4531.0,Rayasandra Lake,"E (Irrigation, industrial cooling and controlled waste)",0.3,7.2,1597.0,30.0,6.4,1400.0,7900.0,3.0,428.0,5.0,428.0,376.0,240.0,16.0,13.0,356.0,184.0,172.0,43.0,117.0,1088.0,10.0,0.68,0.5,14.0,0.21,46.0,3.35,1.97,2025.0
Rayasandra Lake,RYS,2025-05-12,12.856,77.6618,0.057748841875528,0.0896738982418201,0.0875734756094849,0.1464261686848774,0.2678794177696426,0.3018058539847931,0.297870001408054,0.2269720782878061,0.1510707406364404,-0.530344074179452,-0.433297347324253,0.2749555699240886,-0.0339830814120561,0.9493109289561344,1.8456996640074508,05/25,4531.0,Rayasandra Lake,E,1.2,7.2,1578.0,26.0,6.4,11000.0,79000.0,3.0,380.0,5.0,380.0,216.0,192.0,4.6,3.7,356.0,184.0,172.0,23.0,121.0,1070.0,70.0,1.35,0.5,12.0,0.25,41.0,2.79,3.88,2025.0
Sankey Tank,SNK,2024-03-08,13.0069,77.575,,,,,,,,,,,,,,,,03/24,3594.0,Sankey Tank,"D (Propagation of wild life,fisheries)",5.8,7.9,576.0,7.0,2.2,320.0,3500.0,3.0,136.0,5.0,136.0,76.0,66.0,1.5,0.8,132.0,72.0,60.0,16.0,62.0,408.0,10.0,0.2,0.5,17.0,0.2,47.0,2.4,0.4,2024.0
Sankey Tank,SNK,2024-04-07,13.0069,77.575,,,,,,,,,,,,,,,,04/24,3594.0,Sankey Tank,"D (Propagation of wild life,fisheries)",4.8,8.0,612.0,7.0,2.3,170.0,2400.0,3.0,144.0,5.0,144.0,80.0,83.0,1.5,0.7,132.0,72.0,60.0,10.0,67.0,398.0,16.0,0.2,0.5,9.0,0.2,50.0,2.55,0.2,2024.0
Sankey Tank,SNK,2025-01-12,13.0069,77.575,,,,,,,,,,,,,,,,01/25,3594.0,Sankey Tank,"D (Propagation of wild life,fisheries)",7.0,7.5,576.0,4.0,2.2,120.0,2400.0,3.0,148.0,5.0,148.0,72.0,47.0,1.5,0.4,136.0,76.0,60.0,15.0,56.0,392.0,10.0,0.2,0.5,8.0,0.24,45.0,2.1,0.05,2025.0
Sankey Tank,SNK,2025-02-06,13.0069,77.575,,,,,,,,,,,,,,,,02/25,3594.0,Sankey Tank,"D (Propagation of wild life,fisheries)",6.5,7.2,652.0,4.0,2.5,170.0,1300.0,3.0,164.0,5.0,164.0,64.0,44.0,1.5,0.4,136.0,76.0,60.0,20.0,49.0,442.0,10.0,0.2,0.5,8.0,0.2,42.0,1.8,0.2,2025.0
Sankey Tank,SNK,2025-03-13,13.0069,77.575,,,,,,,,,,,,,,,,03/25,3594.0,Sankey Tank,"D (Propagation of wild life,fisheries)",5.6,7.1,454.0,6.0,1.6,140.0,840.0,3.0,148.0,5.0,148.0,68.0,56.0,1.5,0.4,172.0,92.0,80.0,7.769230769230769,65.0,306.0,10.0,0.2,0.5,9.0,0.28,44.0,2.0,0.05,2025.0
Sankey Tank,SNK,2025-04-07,13.0069,77.575,0.1087926343215266,0.1273822121559035,0.1338090802849853,0.1648050911907612,0.2285197556510105,0.2622771776635449,0.2654919407084011,0.2702794134215901,0.2358237905781284,-0.3518414093068491,-0.3717924953951881,0.1263938598614105,0.012309978976991,1.035086100079303,1.350207543738534,04/25,3594.0,Sankey Tank,"D (Propagation of wild life,fisheries)",6.9,7.4,494.0,4.0,2.0,63.0,540.0,3.0,164.0,5.0,164.0,76.0,48.0,1.5,0.4,144.0,72.0,72.0,8.5,54.0,340.0,10.0,0.2,0.5,6.0,0.26,43.0,1.0,0.11,2025.0
Sankey Tank,SNK,2025-05-12,13.0069,77.575,0.1098364763044855,0.1325512011869603,0.1405181153919071,0.1812028659953524,0.2541979191606223,0.2826800401380187,0.2768413773677911,0.2825846665727765,0.2345408809238788,-0.358563791487192,-0.3810684287257828,0.1578497206880692,0.0186316370688369,1.0467844328229492,1.4880576040141924,05/25,3594.0,Sankey Tank,D,5.0,7.2,570.0,5.0,2.2,170.0,3500.0,3.0,128.0,5.0,128.0,92.0,52.0,1.5,0.42,152.0,80.0,72.0,23.0,56.0,392.0,10.0,0.2,0.5,12.0,0.41,42.0,2.0,0.23,2025.0
Sarakki Lake,SRK,2023-10-20,12.9201,77.572,0.1066497853170971,0.1248088727370266,0.1386341980240959,0.1602331209966918,0.1739079890194974,0.1874457239389032,0.1839741676638276,0.23616427465334,0.2137331104385161,-0.1967257161141823,-0.3163778894886213,0.0816747288215194,0.049666571918781,1.1082868681114926,1.2008932385364512,10/23,4504.0,SARAKKI LAKE,"D (Propagation of wild life,fisheries)",5.7,7.5,711.0,4.0,2.73,790.0,16000.0,3.0,160.0,5.0,160.0,116.0,48.0,10.244612068965518,0.73,192.0,100.0,92.0,29.0,67.0,496.0,74.22707423580786,0.21,0.5,14.0,0.2,41.0,2.1,0.47,2023.0
Sarakki Lake,SRK,2024-03-08,12.9201,77.572,,,,,,,,,,,,,,,,03/24,4504.0,Sarakki Lake,"D (Propagation of wild life,fisheries)",5.1,7.8,955.0,4.0,3.67,260.0,3500.0,3.0,220.0,5.0,220.0,160.0,44.0,1.5,0.61,252.0,132.0,120.0,39.0,89.0,650.0,10.0,0.25,0.5,19.0,0.38,41.0,2.4,0.7,2024.0
Sarakki Lake,SRK,2024-04-07,12.9201,77.572,,,,,,,,,,,,,,,,04/24,4504.0,Sarakki Lake,"D (Propagation of wild life,fisheries)",4.2,8.2,1000.0,6.8,4.0,2100.0,7000.0,3.0,212.0,5.0,212.0,140.0,68.0,1.5,0.4,176.0,92.0,84.0,5.0,109.0,680.0,48.0,0.23,0.5,35.0,0.21,52.0,4.0,0.57,2024.0
Sarakki Lake,SRK,2025-01-12,12.9201,77.572,,,,,,,,,,,,,,,,01/25,4504.0,Sarakki Lake,"D (Propagation of wild life,fisheries)",6.5,6.5,813.0,4.0,3.28,140.0,3500.0,3.0,160.0,5.0,160.0,88.0,40.0,1.5,0.51,164.0,88.0,76.0,36.0,82.0,558.0,10.0,0.2,0.5,22.0,0.2,48.0,2.78,0.13,2025.0
Sarakki Lake,SRK,2025-02-06,12.9201,77.572,,,,,,,,,,,,,,,,02/25,4504.0,Sarakki Lake,"D (Propagation of wild life,fisheries)",5.4,7.9,817.0,4.0,3.14,260.0,2800.0,3.0,164.0,5.0,164.0,100.0,39.0,1.5,0.8,168.0,98.0,70.0,5.0,87.0,554.0,32.0,0.2,0.5,26.0,0.2,48.0,2.91,0.05,2025.0
Sarakki Lake,SRK,2025-03-13,12.9201,77.572,,,,,,,,,,,,,,,,03/25,4504.0,Sarakki Lake,"D (Propagation of wild life,fisheries)",5.1,7.7,884.0,6.0,3.3,170.0,1200.0,3.0,180.0,5.0,180.0,112.0,68.0,1.5,0.6,188.0,100.0,88.0,6.435897435897436,71.0,598.0,14.0,0.2,0.5,31.0,0.33,40.0,2.24,0.05,2025.0
Sarakki Lake,SRK,2025-04-07,12.9201,77.572,0.1420687865136904,0.1606628247291875,0.175933451334397,0.1958306609417893,0.2108997571619626,0.2313021397902444,0.2296901844161329,0.2748949989441823,0.2662157035264306,-0.1817850282843762,-0.2708613530045935,0.0630722046250402,0.0426919811685011,1.0920493571955132,1.1575808098335147,04/25,4504.0,Sarakki Lake,"D (Propagation of wild life,fisheries)",4.2,8.0,1051.0,5.0,4.0,25.0,1600.0,3.0,184.0,5.0,184.0,136.0,56.0,1.5,0.42,204.0,108.0,96.0,50.0,102.0,716.0,10.0,0.2,0.5,21.0,0.31,49.0,3.1,0.41,2025.0
Sarakki Lake,SRK,2025-05-12,12.9201,77.572,0.1410408706975434,0.1645440100269719,0.1814870317122072,0.2036660589850074,0.221629056099106,0.2359936510171042,0.2239480045048217,0.2758700534947562,0.255153498275498,-0.1590646258709752,-0.2644045108808134,0.0722678174352012,0.0452288712977532,1.1008195834998649,1.1967584634417483,05/25,4504.0,Sarakki Lake,D,5.0,8.2,801.0,6.0,4.2,260.0,2200.0,3.0,164.0,5.0,164.0,120.0,52.0,1.5,0.4,196.0,96.0,100.0,48.0,98.0,534.0,18.0,0.2,0.5,20.0,0.28,49.0,4.48,0.41,2025.0
Shivapura Tank,SHP,2023-10-20,13.061,77.51,0.1164393591549296,0.1450996515154839,0.1654667252832106,0.195095633802817,0.2388246161971831,0.2601443908450704,0.2584931091549297,0.2808079084507043,0.2357776197183101,-0.2789210940291612,-0.3191705357571412,0.0886178763591081,0.0630306223763832,1.138971710037893,1.207392298487754,10/23,3600.0,SHIVAPURA TANK,"E (Irrigation, industrial cooling and controlled waste)",1.8,7.3,2320.0,27.0,8.89,8400.0,92000.0,3.0,540.0,5.0,540.0,392.0,170.0,9.464439655172413,3.9,620.0,316.0,304.0,94.0,166.0,1630.0,88.55021834061135,0.8,0.5,46.0,0.49,35.0,540.0,1.78,2023.0
Shivapura Tank,SHP,2025-01-12,13.061,77.51,,,,,,,,,,,,,,,,01/25,3600.0,Shivapura Tank,"E (Irrigation, industrial cooling and controlled waste)",2.3,8.5,766.0,22.0,1.6,920.0,9400.0,16.0,68.0,8.0,76.0,104.0,141.0,1.5,0.6,128.0,68.0,60.0,31.0,162.0,520.0,98.0,0.2,0.5,8.0,0.2,31.0,3.1,0.3,2025.0
Shivapura Tank,SHP,2025-02-06,13.061,77.51,,,,,,,,,,,,,,,,02/25,3600.0,Shivapura Tank,"D (Propagation of wild life,fisheries)",4.2,7.4,610.0,6.0,1.7,930.0,13000.0,3.0,168.0,5.0,168.0,96.0,61.0,1.5,0.4,188.0,104.0,84.0,20.0,72.0,456.0,14.0,0.2,0.5,10.0,0.22,44.0,2.3,0.28,2025.0
Shivapura Tank,SHP,2025-03-13,13.061,77.51,,,,,,,,,,,,,,,,03/25,3600.0,Shivapura Tank,"E (Irrigation, industrial cooling and controlled waste)",1.7,7.2,757.0,39.0,2.6,1200.0,8400.0,3.0,120.0,5.0,120.0,140.0,256.0,21.2,14.8,196.0,104.0,92.0,7.615384615384615,99.0,512.0,42.0,0.2,0.5,10.0,0.32,51.0,3.0,0.41,2025.0
Shivapura Tank,SHP,2025-04-07,13.061,77.51,0.1314531725352113,0.1576102044005735,0.1882657288634021,0.2174489542253521,0.2429520950704224,0.2661377605633805,0.268751415492958,0.3145751478873241,0.2799767746478875,-0.2633621616489614,-0.3337759468628159,0.0769283174831485,0.0874582147076294,1.197401174727271,1.17810596141325,04/25,3600.0,Shivapura Tank,"E (Irrigation, industrial cooling and controlled waste)",2.8,6.7,1184.0,19.0,4.55,1400.0,9400.0,3.0,140.0,5.0,140.0,152.0,156.0,2.1,1.4,160.0,94.0,66.0,51.0,132.0,790.0,10.0,0.2,0.5,23.0,0.3,60.0,4.55,0.05,2025.0
Shivapura Tank,SHP,2025-05-12,13.061,77.51,0.1287598943661972,0.1614706612882061,0.1915970076439561,0.2206758274647889,0.2547916584507043,0.2687127218309861,0.2691214119718312,0.3073821302816901,0.2642805387323945,-0.2547243901482907,-0.3151793967247026,0.076771941351282,0.0869104798148996,1.1967996620356636,1.179011136329334,05/25,3600.0,Shivapura Tank,E,2.8,6.9,532.0,20.0,2.0,2300.0,7900.0,3.0,88.0,5.0,88.0,56.0,148.0,1.5,0.98,152.0,76.0,76.0,95.0,58.0,362.0,164.0,0.51,0.5,6.0,0.33,44.0,2.0,1.2,2025.0
Singapura Lake,SGP,2023-10-20,13.0906,77.582,0.3341748707342295,0.2825320625163406,0.24994539928689,0.2795418045501551,0.3136422182006204,0.3297644260599794,0.3460094881075491,0.2935561271975181,0.2140644777662874,-0.1041984287222288,-0.0248187289366898,0.0568592336988242,-0.0595433731032624,0.8896101210402388,1.129352539370587,10/23,4508.0,SINGAPURA LAKE,"D (Propagation of wild life,fisheries)",5.8,7.6,408.0,5.0,1.0,3400.0,35000.0,3.0,80.0,5.0,80.0,56.0,60.0,11.375862068965516,0.4,140.0,76.0,64.0,19.0,37.0,278.0,53.45851528384279,0.31,0.5,11.0,0.2,34.0,2.0,0.96,2023.0
Singapura Lake,SGP,2024-03-08,13.0906,77.582,,,,,,,,,,,,,,,,03/24,4508.0,Singapura Lake,"E (Irrigation, industrial cooling and controlled waste)",2.2,7.9,755.0,19.0,3.0,2200.0,9400.0,3.0,200.0,5.0,200.0,104.0,168.0,3.12,2.4,192.0,100.0,92.0,10.0,49.0,513.0,60.0,0.52,0.5,22.0,0.21,33.0,2.0,0.81,2024.0
Singapura Lake,SGP,2025-01-12,13.0906,77.582,,,,,,,,,,,,,,,,01/25,4508.0,Singapura Lake,"D (Propagation of wild life,fisheries)",4.9,7.8,849.0,7.0,3.3,260.0,2200.0,3.0,172.0,5.0,172.0,108.0,68.0,1.5,0.4,156.0,88.0,68.0,23.0,83.0,578.0,16.0,0.2,0.5,19.0,0.2,50.0,3.0,0.5,2025.0
Singapura Lake,SGP,2025-02-06,13.0906,77.582,,,,,,,,,,,,,,,,02/25,4508.0,Singapura Lake,"E (Irrigation, industrial cooling and controlled waste)",3.1,7.3,1015.0,11.0,3.9,2100.0,11000.0,3.0,168.0,5.0,168.0,152.0,109.0,2.04,1.7,208.0,122.0,86.0,35.0,98.0,682.0,16.0,0.2,0.5,33.0,0.2,46.0,2.95,0.46,2025.0
Singapura Lake,SGP,2025-03-13,13.0906,77.582,,,,,,,,,,,,,,,,03/25,4508.0,Singapura Lake,"D (Propagation of wild life,fisheries)",4.5,7.1,521.0,6.0,1.96,430.0,2800.0,3.0,204.0,5.0,204.0,84.0,54.0,1.5,0.5,156.0,84.0,72.0,6.333333333333334,51.0,354.0,10.0,0.2,0.5,8.0,0.25,40.0,2.0,0.18,2025.0
Singapura Lake,SGP,2025-04-07,13.0906,77.582,0.1354636235608914,0.1674687672219272,0.1965635562575866,0.2261530225680387,0.2557775657500968,0.2761199098686761,0.2754394817448858,0.3158904517128472,0.2757196211667782,-0.2441245251238312,-0.3090787838238399,0.0744410882483007,0.0798751242878538,1.1764759193385936,1.1706973202246154,04/25,4508.0,Singapura Lake,"D (Propagation of wild life,fisheries)",4.3,7.9,889.0,9.0,3.6,1700.0,17000.0,3.0,176.0,5.0,176.0,116.0,88.0,1.5,0.72,188.0,100.0,88.0,14.0,76.0,598.0,10.0,0.2,0.5,7.0,0.27,46.0,2.4,0.41,2025.0
Singapura Lake,SGP,2025-05-12,13.0906,77.582,0.1352715628630778,0.1769410199076341,0.2077130831092615,0.2391388902580714,0.271927831567088,0.2852639861986409,0.2748859521881489,0.318333897827694,0.266960187304158,-0.217702270331318,-0.2887559936768025,0.0754789257230608,0.0803863142148164,1.179227627355094,1.1768814853983138,05/25,4508.0,Singapura Lake,E,3.3,8.4,606.0,7.0,2.33,1200.0,7900.0,3.0,192.0,5.0,192.0,88.0,71.0,1.5,0.4,136.0,90.0,46.0,7.0,71.0,414.0,20.0,0.2,0.5,14.0,0.43,50.0,2.66,0.35,2025.0
Singasandra Lake,SGS,2023-10-20,12.8985,77.6171,0.1016753888927992,0.1231010276581687,0.1270387095235381,0.1586792848595762,0.2118899697332301,0.2343460934750474,0.2298825156612936,0.216305148870275,0.1726763074540719,-0.3055789083108482,-0.2840027326565395,0.1269865852630917,0.0082429119274289,1.0245518184427391,1.3276131989517834,10/23,3618.0,SINGASANDRA LAKE,"D (Propagation of wild life,fisheries)",4.1,7.5,859.0,13.0,2.5,2700.0,24000.0,3.0,244.0,5.0,244.0,132.0,125.0,10.673706896551725,0.91,232.0,124.0,108.0,13.0,84.0,586.0,66.34934497816593,0.36,0.5,11.0,0.44,28.5,1.25,2.025,2023.0
Singasandra Lake,SGS,2024-03-08,12.8985,77.6171,,,,,,,,,,,,,,,,03/24,3618.0,Singasandra Lake,"D (Propagation of wild life,fisheries)",4.5,8.5,634.0,6.0,1.6,2200.0,4900.0,64.0,112.0,32.0,176.0,132.0,55.0,1.5,0.4,212.0,112.0,100.0,31.0,65.0,538.0,25.0,0.2,0.5,7.0,0.31,39.0,3.0,0.05,2024.0
Singasandra Lake,SGS,2024-04-07,12.8985,77.6171,,,,,,,,,,,,,,,,04/24,3618.0,Singasandra Lake,"D (Propagation of wild life,fisheries)",5.2,7.1,1280.0,6.0,2.9,2100.0,17000.0,3.0,176.0,5.0,176.0,196.0,69.0,1.5,0.4,212.0,116.0,96.0,18.8,107.0,870.0,10.0,1.1,0.5,20.0,0.2,50.0,3.2,3.3,2024.0
Singasandra Lake,SGS,2025-01-12,12.8985,77.6171,,,,,,,,,,,,,,,,01/25,3618.0,Singasandra Lake,"D (Propagation of wild life,fisheries)",4.8,8.2,680.0,6.0,2.61,230.0,4300.0,3.0,168.0,5.0,168.0,92.0,51.0,1.5,0.9,172.0,92.0,80.0,32.0,74.0,460.0,74.0,7.73,0.5,10.0,0.2,47.0,2.45,18.23,2025.0
Singasandra Lake,SGS,2025-02-06,12.8985,77.6171,,,,,,,,,,,,,,,,02/25,3618.0,Singasandra Lake,"D (Propagation of wild life,fisheries)",5.4,8.0,955.0,8.0,3.67,140.0,4300.0,3.0,172.0,5.0,172.0,140.0,84.0,1.5,0.4,112.0,66.0,46.0,8.0,128.0,648.0,52.0,0.2,0.5,47.0,0.21,62.0,5.24,0.05,2025.0
Singasandra Lake,SGS,2025-03-13,12.8985,77.6171,,,,,,,,,,,,,,,,03/25,3618.0,Singasandra Lake,"D (Propagation of wild life,fisheries)",5.3,8.5,1467.0,10.0,5.6,920.0,4800.0,88.0,384.0,44.0,428.0,236.0,108.0,2.22,1.7,396.0,200.0,196.0,7.205128205128205,144.0,1012.0,22.0,0.23,0.5,39.0,0.26,41.0,3.1,0.55,2025.0
Singasandra Lake,SGS,2025-04-07,12.8985,77.6171,0.116987826423594,0.1403450484328512,0.1504702654569457,0.1823995354402759,0.2273855423382838,0.2532813296262406,0.2517468853382135,0.2524382381924402,0.2164146864221863,-0.2959534327267666,-0.3000738339273622,0.1165238117859076,0.0285393627655599,1.06502889158172,1.3043327011170112,04/25,3618.0,Singasandra Lake,"E (Irrigation, industrial cooling and controlled waste)",1.2,7.4,982.0,42.0,3.77,130.0,3500.0,3.0,168.0,5.0,168.0,160.0,286.0,5.12,3.2,140.0,84.0,34.0,28.0,99.0,674.0,10.0,1.15,0.5,26.0,0.23,55.0,3.62,2.71,2025.0
Singasandra Lake,SGS,2025-05-12,12.8985,77.6171,0.1099929119448159,0.141449066646622,0.1544628353357973,0.1925518336031534,0.2407615260083057,0.2570062363623566,0.2496710283662981,0.2563791546420778,0.2125987541352854,-0.2956452675400288,-0.3100345436935912,0.1356081394307695,0.038263367717796,1.0878079170365915,1.3733063055876549,05/25,3618.0,Singasandra Lake,D,6.0,8.2,774.0,5.0,3.1,120.0,1700.0,3.0,108.0,5.0,108.0,128.0,48.0,1.5,0.4,84.0,48.0,36.0,29.0,63.0,528.0,18.0,0.2,0.5,5.0,0.31,60.0,3.0,0.36,2025.0
Somasundrapalya Lake,SMP,2023-10-20,12.922,77.636,0.1275785344736563,0.1471207408511189,0.157055904640313,0.1773302854327244,0.2024203357617992,0.2178472319008906,0.2132789532960262,0.2282725196212999,0.1962147362122972,-0.1809014876300173,-0.2255870893682957,0.0733565480255252,0.0308814718143768,1.0678531694705384,1.1909871337829003,10/23,3622.0,SOMASUNDRAPALYA LAKE,"D (Propagation of wild life,fisheries)",5.2,7.7,794.0,6.0,3.0,4800.0,35000.0,3.0,144.0,5.0,105.33333333333331,97.33333333333331,56.0,10.439655172413794,0.72,96.0,52.0,44.0,5.0,69.0,540.0,70.64628820960698,0.2,0.5,6.0,0.36,58.0,3.0,0.05,2023.0
Somasundrapalya Lake,SMP,2024-03-08,12.922,77.636,,,,,,,,,,,,,,,,03/24,3622.0,Somasundrapalya Lake,"D (Propagation of wild life,fisheries)",4.4,8.0,694.0,7.0,2.0,2100.0,7000.0,3.0,100.0,5.0,100.0,108.0,60.0,1.5,0.4,112.0,60.0,52.0,25.0,80.0,470.0,50.0,0.2,0.5,22.0,0.35,54.0,3.0,0.1,2024.0
Somasundrapalya Lake,SMP,2024-04-07,12.922,77.636,,,,,,,,,,,,,,,,04/24,3622.0,Somasundrapalya Lake,"E (Irrigation, industrial cooling and controlled waste)",1.2,7.9,1318.0,29.0,5.06,390.0,3500.0,3.0,360.0,5.0,360.0,188.0,199.0,5.6,4.8,288.0,148.0,140.0,12.0,111.0,886.0,22.0,0.31,0.5,32.0,0.32,42.0,2.8,0.91,2024.0
Somasundrapalya Lake,SMP,2025-01-12,12.922,77.636,,,,,,,,,,,,,,,,01/25,3622.0,Somasundrapalya Lake,"D (Propagation of wild life,fisheries)",7.1,8.0,978.0,4.0,4.0,310.0,2800.0,3.0,284.0,5.0,284.0,140.0,51.0,1.5,0.4,240.0,124.0,116.0,21.0,103.0,674.0,10.0,0.8,0.5,33.0,0.27,42.0,3.0,2.0,2025.0
Somasundrapalya Lake,SMP,2025-02-06,12.922,77.636,,,,,,,,,,,,,,,,02/25,3622.0,Somasundrapalya Lake,"D (Propagation of wild life,fisheries)",6.0,8.0,1174.0,8.0,4.51,170.0,3500.0,3.0,192.0,5.0,192.0,188.0,81.0,1.5,0.4,112.0,62.0,50.0,5.0,135.0,808.0,46.0,0.22,0.5,65.0,0.25,60.0,5.54,0.57,2025.0
Somasundrapalya Lake,SMP,2025-03-13,12.922,77.636,,,,,,,,,,,,,,,,03/25,3622.0,Somasundrapalya Lake,"D (Propagation of wild life,fisheries)",5.9,7.4,689.0,5.0,2.3,220.0,1300.0,3.0,176.0,5.0,176.0,112.0,64.0,1.5,0.58,176.0,96.0,80.0,7.102564102564102,105.0,468.0,20.0,0.2,0.5,23.0,0.32,53.0,3.0,0.05,2025.0
Somasundrapalya Lake,SMP,2025-04-07,12.922,77.636,0.1570303769401329,0.1799253091143712,0.1990166816697726,0.2178060359694505,0.2338607010875305,0.2514608031534859,0.2476025798050185,0.2769813043325237,0.2590230457888994,-0.1632000575389715,-0.221383464423984,0.0550469845109348,0.0505967835688929,1.1101028459915232,1.133668915960335,04/25,3622.0,Somasundrapalya Lake,"E (Irrigation, industrial cooling and controlled waste)",3.1,8.0,994.0,10.0,3.82,170.0,2800.0,3.0,140.0,5.0,140.0,160.0,96.0,1.5,0.4,128.0,70.0,58.0,34.0,129.0,664.0,10.0,0.2,0.5,23.0,0.34,64.0,4.95,0.28,2025.0
Somasundrapalya Lake,SMP,2025-05-12,12.922,77.636,0.1505046211241332,0.1777432927726698,0.1948859358541185,0.2133866856720515,0.2331820786259807,0.2446234082990181,0.2348026642733958,0.2685750184774573,0.2423747932284517,-0.1456317909479577,-0.2150805619807981,0.0565680244229474,0.047609749207041,1.1059123674314717,1.144925430692722,05/25,3622.0,Somasundrapalya Lake,D,4.9,8.1,592.0,8.0,2.4,210.0,1700.0,3.0,104.0,5.0,104.0,76.0,72.0,1.5,0.4,80.0,44.0,36.0,38.0,46.0,404.0,10.0,0.2,0.5,4.0,0.4,53.0,2.24,0.2,2025.0
Sompura Lake,SOM,2023-10-20,12.97,77.6,0.1138117158346828,0.1372723328520778,0.1513137508246405,0.1794400443568261,0.2220044744068157,0.2370677779342394,0.2316980884320214,0.2445023340139408,0.2050132119974653,-0.2696382016292384,-0.2988284371306495,0.1094623851089811,0.0391183287534857,1.0907389287982932,1.3136024614400277,10/23,4534.0,SOMPURA LAKE,"E (Irrigation, industrial cooling and controlled waste)",3.5,7.0,462.0,17.0,2.0,4800.0,35000.0,3.0,136.0,5.0,136.0,28.0,120.0,11.141810344827586,4.7,100.0,56.0,44.0,16.0,44.0,318.0,57.75545851528384,0.48,0.5,13.0,0.2,45.0,2.0,0.58,2023.0
Sompura Lake,SOM,2024-03-08,12.97,77.6,,,,,,,,,,,,,,,,03/24,4534.0,Sompura Lake,"D (Propagation of wild life,fisheries)",4.8,8.7,1284.0,9.0,5.5,170.0,2400.0,96.0,632.0,48.0,528.0,164.0,80.0,1.5,0.78,188.0,96.0,92.0,47.0,164.0,894.0,12.0,0.2,0.5,32.0,0.21,61.0,5.2,0.05,2024.0
Sompura Lake,SOM,2024-04-07,12.97,77.6,,,,,,,,,,,,,,,,04/24,4534.0,Sompura Lake,"E (Irrigation, industrial cooling and controlled waste)",0.3,6.5,696.0,30.0,2.8,680.0,4600.0,3.0,152.0,5.0,152.0,92.0,168.0,28.6,22.0,156.0,84.0,72.0,13.0,75.0,466.0,126.0,0.86,0.5,15.0,0.36,48.0,3.0,0.71,2024.0
Sompura Lake,SOM,2025-01-12,12.97,77.6,,,,,,,,,,,,,,,,01/25,4534.0,Sompura Lake,"D (Propagation of wild life,fisheries)",6.5,7.7,709.0,4.0,2.9,140.0,2400.0,3.0,224.0,5.0,224.0,52.0,40.0,1.5,0.4,128.0,68.0,60.0,28.0,66.0,482.0,16.0,0.2,0.5,8.0,0.2,51.0,2.53,0.05,2025.0
Sompura Lake,SOM,2025-02-06,12.97,77.6,,,,,,,,,,,,,,,,02/25,4534.0,Sompura Lake,"D (Propagation of wild life,fisheries)",5.7,7.5,906.0,5.0,3.48,210.0,3500.0,3.0,248.0,5.0,248.0,52.0,57.0,1.5,0.8,176.0,110.0,66.0,28.0,93.0,604.0,18.0,0.2,0.5,9.0,0.36,52.0,3.07,0.05,2025.0
Sompura Lake,SOM,2025-03-13,12.97,77.6,,,,,,,,,,,,,,,,03/25,4534.0,Sompura Lake,"D (Propagation of wild life,fisheries)",6.5,7.3,774.0,5.0,3.0,1700.0,7900.0,3.0,284.0,5.0,284.0,84.0,61.0,1.5,0.54,156.0,80.0,76.0,5.717948717948718,92.0,530.0,16.0,0.2,0.5,10.0,0.36,54.0,3.2,0.05,2025.0
Sompura Lake,SOM,2025-04-07,12.97,77.6,0.133974899669084,0.1588191268356437,0.1757146331937953,0.2043033232415688,0.2456747658945295,0.2676050482292474,0.2663533056396536,0.2825421178624235,0.2574358480602692,-0.2722806281498288,-0.3021545313186639,0.104042149539496,0.0429819499649044,1.1011765998580847,1.3012232085021316,04/25,4534.0,Sompura Lake,"E (Irrigation, industrial cooling and controlled waste)",2.2,7.7,747.0,29.0,2.8,340.0,2200.0,3.0,288.0,5.0,288.0,84.0,192.0,5.6,4.2,104.0,60.0,44.0,33.0,87.0,504.0,10.0,0.2,0.5,13.0,0.57,61.0,4.0,0.35,2025.0
Sompura Lake,SOM,2025-05-12,12.97,77.6,0.1266686087446314,0.1570448992557634,0.1744746035331469,0.208622090403436,0.2546321516581006,0.2674396535943114,0.2578670034499755,0.2781525381961557,0.2377555762867,-0.263954488818063,-0.3027807203841067,0.1211375903117144,0.0454389590356165,1.1067904544591878,1.3533763947787276,05/25,4534.0,Sompura Lake,E,3.0,7.0,620.0,7.0,2.38,1700.0,13000.0,3.0,124.0,5.0,124.0,160.0,71.0,1.5,0.4,124.0,68.0,56.0,11.0,35.0,412.0,18.0,0.21,0.5,14.0,0.2,35.0,1.37,0.53,2025.0
Tubarahalli Tank,TBH,2023-10-20,12.968,77.73,,,,,,,,,,,,,,,,10/23,3610.0,TUBARAHALLI TANK,"D (Propagation of wild life,fisheries)",5.4,7.2,575.0,6.0,2.0,5800.0,92000.0,3.0,84.0,5.0,84.0,88.0,72.0,8.060129310344827,0.4,124.0,58.0,56.0,20.0,63.0,388.0,114.33187772925764,0.21,0.5,16.0,0.25,49.0,2.0,0.53,2023.0
Tubarahalli Tank,TBH,2024-03-08,12.968,77.73,,,,,,,,,,,,,,,,03/24,3610.0,Tubarahalli Tank,"D (Propagation of wild life,fisheries)",4.4,7.0,702.0,8.0,2.4,1300.0,7000.0,3.0,80.0,5.0,80.0,128.0,76.0,1.5,0.4,112.0,64.0,48.0,31.0,95.0,466.0,52.0,0.2,0.5,14.0,0.23,61.0,4.0,0.05,2024.0
Tubarahalli Tank,TBH,2024-04-07,12.968,77.73,,,,,,,,,,,,,,,,04/24,3610.0,Tubarahalli Tank,"D (Propagation of wild life,fisheries)",4.4,7.7,845.0,7.0,2.9,210.0,3500.0,3.0,76.0,5.0,76.0,156.0,88.0,1.5,0.47,160.0,88.0,72.0,56.0,95.0,572.0,20.0,0.75,0.5,15.0,0.23,53.0,3.0,1.9,2024.0
Tubarahalli Tank,TBH,2025-01-12,12.968,77.73,,,,,,,,,,,,,,,,01/25,3610.0,Tubarahalli Tank,"D (Propagation of wild life,fisheries)",5.8,8.2,625.0,10.0,2.4,1700.0,7900.0,3.0,136.0,5.0,136.0,84.0,115.0,1.5,0.4,140.0,76.0,64.0,9.0,63.0,426.0,84.0,0.4,0.5,13.0,0.2,46.0,2.3,0.9,2025.0
Tubarahalli Tank,TBH,2025-02-06,12.968,77.73,,,,,,,,,,,,,,,,02/25,3610.0,Tubarahalli Tank,"D (Propagation of wild life,fisheries)",5.2,8.3,799.0,6.0,3.22,11000.0,2950.0,24.0,128.0,12.0,140.0,116.0,64.0,1.5,0.4,176.0,92.0,84.0,25.0,84.0,538.0,16.0,0.2,0.5,13.0,0.33,49.0,2.76,0.05,2025.0
Tubarahalli Tank,TBH,2025-03-13,12.968,77.73,,,,,,,,,,,,,,,,03/25,3610.0,Tubarahalli Tank,"E (Irrigation, industrial cooling and controlled waste)",2.0,7.0,675.0,31.0,2.6,94.0,675.0,3.0,156.0,5.0,156.0,108.0,200.0,23.8,18.3,132.0,68.0,64.0,7.384615384615385,74.0,466.0,104.0,0.34,0.5,8.0,0.22,2.8,2.8,0.8,2025.0
Tubarahalli Tank,TBH,2025-04-07,12.968,77.73,0.0701270929373262,0.0950358662142482,0.1122630717822154,0.1510257697856917,0.2262772354576483,0.258045370728789,0.2675353380019003,0.2738878488228877,0.1979447689763171,-0.4864632153450117,-0.4951964517819474,0.1726429606753703,0.0684001904153031,1.161637452848122,1.4760170990950665,04/25,3610.0,Tubarahalli Tank,"D (Propagation of wild life,fisheries)",6.1,8.5,678.0,5.0,2.8,230.0,3500.0,48.0,72.0,24.0,96.0,124.0,48.0,1.5,0.4,136.0,72.0,64.0,10.0,58.0,458.0,10.0,0.2,0.5,15.0,0.3,44.0,2.17,0.4,2025.0
Tubarahalli Tank,TBH,2025-05-12,12.968,77.73,0.0703062251469191,0.100384815376757,0.1143797059416368,0.1604922194461062,0.2392489354963579,0.2643767181616635,0.2668199246929654,0.2714390400112609,0.1897357778794382,-0.4641375872795203,-0.4699364739912958,0.1920123712362068,0.0530964518893538,1.1210524553551513,1.5339991634753205,05/25,3610.0,Tubarahalli Tank,D,4.4,7.2,689.0,7.0,2.6,21.0,1600.0,3.0,156.0,5.0,156.0,112.0,68.0,1.5,0.88,184.0,96.0,88.0,28.0,67.0,472.0,10.0,0.2,0.5,14.0,0.29,42.0,2.15,0.45,2025.0
Ullalu Lake,ULL,2023-10-20,12.9275,77.5201,0.0950305002992641,0.1156901841163393,0.1234323167444519,0.1593622082174418,0.2481923670034854,0.2736293349294088,0.2692272471217828,0.2318805443086998,0.1609391648769496,-0.4173419454614223,-0.3626855006383811,0.1673760613941218,0.0089614884640156,1.0361502030946093,1.5015946766084465,10/23,4533.0,ULLALU LAKE,"E (Irrigation, industrial cooling and controlled waste)",3.2,6.6,972.0,17.0,3.0,4100.0,35000.0,3.0,116.0,5.0,116.0,48.0,116.0,10.71271551724138,5.8,396.0,204.0,192.0,64.0,401.0,662.0,65.63318777292577,1.0,0.5,16.0,0.22,17.0,1.2,4.0,2023.0
Ullalu Lake,ULL,2025-01-12,12.9275,77.5201,,,,,,,,,,,,,,,,01/25,4533.0,Ullalu Lake,"D (Propagation of wild life,fisheries)",5.9,7.2,355.0,7.0,1.43,1400.0,7000.0,3.0,116.0,5.0,116.0,12.0,68.0,1.5,0.4,112.0,60.0,52.0,5.0,25.0,240.0,10.0,0.2,0.5,9.0,0.2,30.0,1.02,0.4,2025.0
Ullalu Lake,ULL,2025-02-06,12.9275,77.5201,,,,,,,,,,,,,,,,02/25,4533.0,Ullalu Lake,"E (Irrigation, industrial cooling and controlled waste)",2.8,7.2,1414.0,16.0,5.4,1200.0,17000.0,3.0,452.0,5.0,452.0,112.0,118.0,6.9,6.2,276.0,144.0,132.0,26.0,125.0,960.0,36.0,2.8,0.5,20.0,0.21,47.0,3.2,6.7,2025.0
Ullalu Lake,ULL,2025-03-13,12.9275,77.5201,,,,,,,,,,,,,,,,03/25,4533.0,Ullalu Lake,"E (Irrigation, industrial cooling and controlled waste)",0.3,6.5,384.0,87.0,1.3,170000.0,460000.0,3.0,144.0,5.0,144.0,32.0,312.0,32.0,27.0,92.0,52.0,40.0,5.743589743589744,42.0,260.0,150.0,0.2,0.5,11.0,0.22,46.0,2.0,0.05,2025.0
Ullalu Lake,ULL,2025-04-07,12.9275,77.5201,0.1059441220997781,0.1281649153564846,0.1407136745060749,0.1757294299897899,0.2673894835052635,0.3057303981973735,0.3073859944372072,0.2630426469034961,0.1985602401154806,-0.4287989164429474,-0.3734792985016799,0.15652073222308,0.0247993942129836,1.06442093341626,1.4740612629370904,04/25,4533.0,Ullalu Lake,"E (Irrigation, industrial cooling and controlled waste)",0.3,6.6,771.0,52.0,3.0,17000.0,49000.0,3.0,260.0,5.0,260.0,116.0,258.0,49.4,38.0,196.0,100.0,96.0,14.0,79.0,532.0,10.0,1.5,0.5,9.0,0.36,45.0,2.4,3.5,2025.0
Ullalu Lake,ULL,2025-05-12,12.9275,77.5201,0.0870107559060662,0.1134617257559914,0.1242251939320307,0.1628159771855085,0.2386780234482271,0.2594998662113155,0.251563232757103,0.2118920219695101,0.1529169348308276,-0.4205594530462639,-0.353445378311278,0.2010515022531012,0.0315697389193307,1.0847384317877835,1.708448578788433,05/25,4533.0,Ullalu Lake,D,6.8,6.5,290.0,4.0,1.1,1500.0,4800.0,3.0,116.0,5.0,116.0,20.0,49.0,1.5,0.68,96.0,52.0,44.0,10.0,11.0,200.0,66.0,0.2,0.5,2.0,0.2,19.0,1.0,0.4,2025.0
Uttarahalli Doraikere,UTH,2023-10-20,12.898,77.5475,0.1022837340279488,0.1286302585665001,0.1374593197284719,0.1661062973001512,0.2177035059312188,0.2386017952057444,0.2326621422788553,0.2367681262980042,0.193736249075997,-0.2869444883819961,-0.3071933053683257,0.1123420058936967,0.0254950943821733,1.056646681407717,1.30382107931946,10/23,3640.0,UTTARAHALLI DORAIKERE,"E (Irrigation, industrial cooling and controlled waste)",1.2,7.3,321.0,15.0,1.29,22000.0,240000.0,3.0,76.0,5.0,76.0,24.0,120.0,8.645258620689654,3.1,88.0,48.0,40.0,10.0,15.0,218.0,103.58951965065502,0.2,0.5,2.0,0.2,26.0,1.4,0.05,2023.0
Uttarahalli Doraikere,UTH,2024-03-08,12.898,77.5475,,,,,,,,,,,,,,,,03/24,3640.0,Uttarahalli Doraikere,"E (Irrigation, industrial cooling and controlled waste)",0.9,6.9,1893.0,40.0,6.9,78000.0,330000.0,3.0,692.0,5.0,692.0,228.0,273.0,37.2,28.6,560.0,300.0,260.0,23.0,203.0,1296.0,62.0,4.5,0.5,36.0,0.2,42.0,3.7,10.5,2024.0
Uttarahalli Doraikere,UTH,2024-04-07,12.898,77.5475,,,,,,,,,,,,,,,,04/24,3640.0,Uttarahalli Doraikere,"E (Irrigation, industrial cooling and controlled waste)",0.3,6.5,1124.0,60.0,4.32,3200.0,17000.0,3.0,260.0,5.0,260.0,188.0,277.0,12.8,10.1,300.0,156.0,144.0,46.0,108.0,756.0,76.0,1.29,0.5,22.0,0.21,41.0,2.7,3.65,2024.0
Uttarahalli Doraikere,UTH,2025-01-12,12.898,77.5475,,,,,,,,,,,,,,,,01/25,3640.0,Uttarahalli Doraikere,"E (Irrigation, industrial cooling and controlled waste)",2.4,7.0,228.0,72.0,0.8,6800.0,49000.0,3.0,60.0,5.0,60.0,12.0,352.0,13.56,10.8,88.0,48.0,40.0,14.0,12.0,156.0,96.0,0.2,0.5,6.0,0.2,21.0,0.55,0.36,2025.0
Uttarahalli Doraikere,UTH,2025-02-06,12.898,77.5475,,,,,,,,,,,,,,,,02/25,3640.0,Uttarahalli Doraikere,"E (Irrigation, industrial cooling and controlled waste)",1.4,8.0,353.0,84.0,1.36,31000.0,70000.0,3.0,68.0,5.0,68.0,24.0,610.0,3.74,2.34,172.0,108.0,64.0,24.0,15.0,234.0,128.0,0.2,0.5,6.0,0.2,15.0,0.5,0.05,2025.0
Uttarahalli Doraikere,UTH,2025-03-13,12.898,77.5475,,,,,,,,,,,,,,,,03/25,3640.0,Uttarahalli Doraikere,"E (Irrigation, industrial cooling and controlled waste)",0.3,6.5,383.0,96.0,1.3,210000.0,700000.0,3.0,92.0,5.0,92.0,36.0,478.0,7.2,6.6,120.0,64.0,56.0,6.6923076923076925,34.0,262.0,266.0,0.2,0.5,12.0,0.2,35.0,1.34,0.3,2025.0
Uttarahalli Doraikere,UTH,2025-04-07,12.898,77.5475,0.1307750396001266,0.1564071990486359,0.1723697280974216,0.1983209018268857,0.2389158330106654,0.2625503044809742,0.2635690063008201,0.27890506881622,0.242909215389489,-0.2563674539948024,-0.2893516929971557,0.0819546237961478,0.0441797323454246,1.097352519012445,1.2054228000119018,04/25,3640.0,Uttarahalli Doraikere,"E (Irrigation, industrial cooling and controlled waste)",1.2,6.6,559.0,39.0,2.1,17.0,350.0,3.0,112.0,5.0,116.0,88.0,197.0,36.4,28.0,188.0,96.0,92.0,42.0,64.0,386.0,10.0,0.35,0.5,7.0,0.2,42.0,2.0,0.82,2025.0
Uttarahalli Doraikere,UTH,2025-05-12,12.898,77.5475,0.1303633778028089,0.1644628671774833,0.1813103312929327,0.2093460030272094,0.2526503819212221,0.2679279664894926,0.2577499454398253,0.2809776796085748,0.2383838325882642,-0.229832926118861,-0.2754941546870008,0.0876536049723579,0.0476051095065051,1.1027980641117372,1.2411735994511937,05/25,3640.0,Uttarahalli Doraikere,E,2.0,8.0,351.0,28.0,1.3,1100.0,13000.0,3.0,116.0,5.0,116.0,32.0,186.0,1.5,0.4,104.0,56.0,48.0,14.0,25.0,242.0,910.0,0.2,0.5,2.0,0.24,34.0,1.0,0.6,2025.0
Varthur Lake,VTR,2023-10-20,12.9389,77.7219,0.0764077088246682,0.1027238338414929,0.103150741106787,0.1445600232320743,0.2328042556936181,0.2678663205322256,0.2637526910486114,0.2451748600795522,0.1744255904818894,-0.4580639741874073,-0.4290073334299702,0.2081715780110775,-0.0270729360760768,0.9613913882371542,1.60642360386263,10/23,3608.0,VARTHUR LAKE,"E (Irrigation, industrial cooling and controlled waste)",0.3,6.9,1303.0,30.0,5.0,700000.0,5400000.0,3.0,420.0,5.0,420.0,164.0,212.0,7.826077586206896,21.56,416.0,212.0,204.0,20.0,125.0,886.0,118.62882096069868,2.0,0.5,15.0,0.37,38.0,2.67,7.0,2023.0
Varthur Lake,VTR,2024-03-08,12.9389,77.7219,,,,,,,,,,,,,,,,03/24,3608.0,Varthur Lake,"E (Irrigation, industrial cooling and controlled waste)",1.2,7.4,1405.0,81.0,4.8,1400.0,4800.0,3.0,412.0,5.0,412.0,164.0,228.0,52.0,39.0,256.0,136.0,120.0,19.0,151.0,922.0,26.0,2.5,0.5,30.0,0.25,53.0,4.0,7.2,2024.0
Varthur Lake,VTR,2024-04-07,12.9389,77.7219,,,,,,,,,,,,,,,,04/24,3608.0,Varthur Lake,"E (Irrigation, industrial cooling and controlled waste)",1.2,7.2,1477.0,26.0,5.1,170000.0,1700000.0,3.0,432.0,5.0,432.0,172.0,184.0,36.0,26.0,248.0,132.0,116.0,25.0,154.0,978.0,42.0,1.2,0.5,31.0,0.2,48.0,4.0,3.5,2024.0
Varthur Lake,VTR,2025-01-12,12.9389,77.7219,,,,,,,,,,,,,,,,01/25,3608.0,Varthur Lake,"D (Propagation of wild life,fisheries)",6.4,6.9,990.0,4.0,13.4,170.0,2200.0,3.0,332.0,5.0,332.0,140.0,51.0,1.5,0.4,280.0,144.0,136.0,23.0,98.0,712.0,10.0,0.63,0.5,14.0,0.2,41.0,2.5,1.6,2025.0
Varthur Lake,VTR,2025-02-06,12.9389,77.7219,,,,,,,,,,,,,,,,02/25,3608.0,Varthur Lake,"D (Propagation of wild life,fisheries)",4.2,6.9,1172.0,8.0,4.54,820.0,4800.0,3.0,368.0,5.0,368.0,156.0,93.0,2.21,0.7,344.0,180.0,164.0,15.0,101.0,796.0,10.0,0.2,0.5,7.0,0.2,38.0,2.4,0.2,2025.0
Varthur Lake,VTR,2025-03-13,12.9389,77.7219,,,,,,,,,,,,,,,,03/25,3608.0,Varthur Lake,"D (Propagation of wild life,fisheries)",0.3,7.3,1255.0,36.0,4.1,2700.0,17000.0,3.0,432.0,5.0,432.0,192.0,199.0,5.4,3.8,320.0,168.0,152.0,7.435897435897436,155.0,854.0,14.0,0.2,0.5,5.0,0.42,51.0,3.8,0.5,2025.0
Varthur Lake,VTR,2025-04-07,12.9389,77.7219,0.1018656693301418,0.1251620153474171,0.1301860184290673,0.1702657925305361,0.2500860889154846,0.2907905663698122,0.2961826041043331,0.2897235453553451,0.2310960223872716,-0.413176389508759,-0.4077335363280661,0.1657962225264934,-0.0054261022762082,1.0041903619490171,1.474767670866322,04/25,3608.0,Varthur Lake,"E (Irrigation, industrial cooling and controlled waste)",0.3,6.6,905.0,63.0,3.47,11000.0,70000.0,3.0,180.0,5.0,180.0,160.0,254.0,3.12,2.4,220.0,128.0,92.0,31.0,74.0,606.0,10.0,0.68,0.5,24.0,0.48,39.0,2.17,1.75,2025.0
Varthur Lake,VTR,2025-05-12,12.9389,77.7219,0.1003788623323594,0.1275354074892194,0.1337853212996212,0.1770605864338766,0.2488348305114574,0.2811818860220353,0.2783426308564186,0.2877885529233694,0.2277210637474037,-0.3833665751025813,-0.3969770497808315,0.1689979872664232,0.0049346160807388,1.0224536697770925,1.475079609306749,05/25,3608.0,Varthur Lake,D,4.5,7.6,701.0,6.0,2.7,20.0,920.0,3.0,160.0,5.0,160.0,116.0,61.0,1.5,0.51,188.0,96.0,92.0,29.0,69.0,476.0,10.0,0.2,0.5,14.0,0.31,42.0,2.19,0.29,2025.0
Veerapura Tank,VRP,2023-10-20,13.087,77.56,0.1328019610604513,0.1537247829920149,0.1661831357509166,0.1974712706404252,0.2567793895011089,0.2734538006548603,0.2671817871351616,0.2540850966447208,0.1965065450832658,-0.2703017571236473,-0.2508153291882416,0.0937262128886797,0.0347202917379812,1.0774085098168744,1.2232790503763906,10/23,3632.0,VEERAPURA TANK,"D (Propagation of wild life,fisheries)",4.4,7.1,520.0,10.0,1.7,3300.0,35000.0,3.0,120.0,5.0,120.0,72.0,93.0,7.787068965517241,0.94,176.0,92.0,84.0,63.0,53.0,350.0,119.34497816593888,0.6,0.5,18.0,0.3,37.0,1.2,1.4,2023.0
Veerapura Tank,VRP,2024-03-08,13.087,77.56,,,,,,,,,,,,,,,,03/24,3632.0,Veerapura Tank,"D (Propagation of wild life,fisheries)",4.4,7.6,692.0,8.0,2.4,3200.0,9400.0,3.0,76.0,5.0,76.0,88.0,88.0,1.5,0.4,132.0,72.0,60.0,48.0,65.0,470.0,148.0,0.2,0.5,12.0,0.35,48.0,2.0,0.48,2024.0
Veerapura Tank,VRP,2024-04-07,13.087,77.56,,,,,,,,,,,,,,,,04/24,3632.0,Veerapura Tank,"E (Irrigation, industrial cooling and controlled waste)",3.1,6.5,1056.0,16.0,3.4,1700.0,11000.0,3.0,296.0,5.0,296.0,164.0,145.0,3.87,2.98,284.0,148.0,136.0,16.0,103.0,720.0,238.0,0.2,0.5,13.0,0.3,43.0,2.7,0.05,2024.0
Veerapura Tank,VRP,2025-03-13,13.087,77.56,,,,,,,,,,,,,,,,03/25,3632.0,Veerapura Tank,"D (Propagation of wild life,fisheries)",6.3,7.1,1195.0,7.0,4.59,3300.0,17000.0,3.0,140.0,5.0,140.0,292.0,66.0,1.5,0.4,248.0,170.0,78.0,6.871794871794872,193.0,816.0,12.0,0.2,0.5,13.0,0.28,61.0,5.33,0.05,2025.0
Vengaiyyanakere,VGY,2025-05-12,13.0088,77.6871,0.06667728648877,0.1082217029847914,0.1310676545794393,0.1915753221150461,0.3096514222347393,0.3476075054565934,0.3432541962965573,0.3198947405477713,0.2330090790678026,-0.5371720318817768,-0.5111723104859771,0.2549924861404998,0.037510244892776,1.1063425035002092,1.8603081943422064,05/25,3603.0,Vengaiyyanakere,E,1.5,7.1,1142.0,32.0,4.4,1300.0,6300.0,3.0,336.0,5.0,336.0,160.0,212.0,20.0,15.0,396.0,200.0,196.0,79.0,95.0,786.0,18.0,1.6,0.5,2.0,0.45,34.0,2.1,3.9,2025.0
Vibhuthipura Lake,VBP,2023-10-20,12.9887,77.7157,0.1259170660473627,0.1566167415025228,0.1795864105499886,0.2145581301242126,0.2639485520250537,0.2828573982195011,0.2793629086174741,0.3089614659206867,0.2493901931806187,-0.2839186579435497,-0.3336310604408371,0.1010040080208539,0.0634948038472122,1.1428698645902358,1.2577110618156715,10/23,4522.0,VIBHUTHIPURA LAKE,"D (Propagation of wild life,fisheries)",4.6,6.6,624.0,8.0,3.0,4900.0,54000.0,3.0,144.0,5.0,144.0,84.0,84.0,7.748060344827586,0.62,116.0,64.0,52.0,39.0,54.0,424.0,120.06113537117903,0.33,0.5,4.0,0.24,48.0,2.18,1.01,2023.0
Vibhuthipura Lake,VBP,2024-03-08,12.9887,77.7157,,,,,,,,,,,,,,,,03/24,4522.0,Vibhuthipura Lake,"D (Propagation of wild life,fisheries)",5.9,7.8,646.0,7.0,2.1,210.0,3500.0,3.0,104.0,5.0,104.0,60.0,60.0,1.5,0.4,136.0,72.0,64.0,29.0,55.0,438.0,50.0,0.2,0.5,14.0,0.2,43.0,2.0,0.05,2024.0
Vibhuthipura Lake,VBP,2025-01-12,12.9887,77.7157,,,,,,,,,,,,,,,,01/25,4522.0,Vibhuthipura Lake,"D (Propagation of wild life,fisheries)",6.8,7.7,871.0,5.0,2.8,260.0,3500.0,3.0,224.0,5.0,224.0,100.0,51.0,3.9,3.0,168.0,88.0,80.0,10.0,80.0,594.0,14.0,0.7,0.5,16.0,0.2,48.0,2.8,1.7,2025.0
Vibhuthipura Lake,VBP,2025-02-06,12.9887,77.7157,,,,,,,,,,,,,,,,02/25,4522.0,Vibhuthipura Lake,"D (Propagation of wild life,fisheries)",5.2,7.5,750.0,7.0,2.6,32.0,220.0,3.0,188.0,5.0,188.0,76.0,88.0,1.5,0.4,140.0,76.0,64.0,8.0,83.0,488.0,32.0,0.98,0.5,9.0,0.2,54.0,3.0,2.7,2025.0
Vibhuthipura Lake,VBP,2025-03-13,12.9887,77.7157,,,,,,,,,,,,,,,,03/25,4522.0,Vibhuthipura Lake,"E (Irrigation, industrial cooling and controlled waste)",1.4,6.6,662.0,24.0,2.5,630.0,5400.0,3.0,152.0,5.0,152.0,108.0,208.0,4.9,4.2,176.0,92.0,84.0,6.0,66.0,454.0,32.0,0.2,0.5,13.0,0.23,43.0,2.16,0.05,2025.0
Vibhuthipura Lake,VBP,2025-04-07,12.9887,77.7157,0.1489435518491149,0.1775079099791441,0.2038799114681308,0.2308476019564375,0.2623232801998663,0.2817103522291425,0.2800691790703402,0.3269073823850239,0.291146373904782,-0.2353995101354289,-0.3088217062259256,0.0732553572779501,0.0708646354720704,1.155897211763467,1.1819045678241336,04/25,4522.0,Vibhuthipura Lake,"E (Irrigation, industrial cooling and controlled waste)",0.3,6.6,856.0,54.0,3.29,140000.0,460000.0,3.0,168.0,5.0,168.0,152.0,220.0,4.2,2.8,132.0,84.0,48.0,23.0,75.0,576.0,10.0,0.71,0.5,33.0,0.45,48.0,2.85,1.8,2025.0
Vibhuthipura Lake,VBP,2025-05-12,12.9887,77.7157,0.1380306907350715,0.1715246206155685,0.2004331541211781,0.2278773074351666,0.2593788662514514,0.2701618037228614,0.2619773426228931,0.3180721911397305,0.2767794257363031,-0.2172845622539036,-0.309749447467755,0.0735622878452617,0.0795144633582622,1.1777839578564515,1.1787274021850511,05/25,4522.0,Vibhuthipura Lake,E,0.6,7.0,900.0,27.0,3.4,2200.0,12000.0,3.0,176.0,5.0,176.0,156.0,192.0,4.9,3.8,140.0,88.0,52.0,26.0,78.0,612.0,220.0,0.5,0.5,28.0,0.4,49.0,2.9,1.42,2025.0
Yediyur Lake,YDY,2023-10-20,12.9348,77.5755,0.0857531654929577,0.1055865672760656,0.1083052813425712,0.1415519859154929,0.2169837640845071,0.2414276267605632,0.2372951549295774,0.2114298697183099,0.1585510070422535,-0.3800869395511408,-0.3453301868422928,0.1651419297405174,-0.0127258951181256,0.9935727167311308,1.480400791751724,10/23,3592.0,YEDIYUR TANK,"D (Propagation of wild life,fisheries)",6.8,8.4,261.0,4.0,0.9,840.0,16000.0,24.0,48.0,12.0,60.0,36.0,43.0,10.166594827586207,0.61,52.0,28.0,24.0,9.0,20.0,162.0,75.6593886462882,0.2,0.5,5.0,0.2,43.0,1.4,0.05,2023.0
Yediyur Lake,YDY,2024-03-08,12.9348,77.5755,,,,,,,,,,,,,,,,03/24,3592.0,Yediyur Tank,"E (Irrigation, industrial cooling and controlled waste)",3.3,6.9,313.0,19.0,1.2,11000.0,33000.0,3.0,68.0,5.0,68.0,48.0,160.0,5.1,4.4,80.0,44.0,36.0,13.0,29.0,216.0,14.0,0.31,0.5,6.0,0.2,41.0,1.4,0.91,2024.0
Yediyur Lake,YDY,2024-04-07,12.9348,77.5755,,,,,,,,,,,,,,,,04/24,3592.0,Yediyur Tank,"E (Irrigation, industrial cooling and controlled waste)",3.1,8.1,482.0,13.0,2.0,1400.0,4800.0,3.0,92.0,5.0,92.0,52.0,124.0,1.5,1.05,40.0,24.0,16.0,10.0,67.0,332.0,64.0,0.26,0.5,16.0,0.25,71.0,5.0,0.63,2024.0
Yediyur Lake,YDY,2025-01-12,12.9348,77.5755,,,,,,,,,,,,,,,,01/25,3592.0,Yediyur Tank,"D (Propagation of wild life,fisheries)",5.4,6.8,340.0,6.0,3.16,260.0,2800.0,3.0,80.0,5.0,80.0,120.0,56.0,1.5,0.4,100.0,56.0,44.0,20.0,22.0,230.0,10.0,0.2,0.5,4.0,0.38,31.0,1.0,0.25,2025.0
Yediyur Lake,YDY,2025-02-06,12.9348,77.5755,,,,,,,,,,,,,,,,02/25,3592.0,Yediyur Tank,"D (Propagation of wild life,fisheries)",6.6,8.1,320.0,4.0,1.23,1100.0,7900.0,3.0,88.0,5.0,88.0,28.0,24.0,1.5,0.4,84.0,56.0,28.0,5.0,44.0,216.0,44.0,0.2,0.5,9.0,0.2,50.0,2.06,0.05,2025.0
Yediyur Lake,YDY,2025-03-13,12.9348,77.5755,,,,,,,,,,,,,,,,03/25,3592.0,Yediyur Tank,"D (Propagation of wild life,fisheries)",5.9,7.8,343.0,5.0,1.0,780.0,4600.0,3.0,64.0,5.0,64.0,28.0,52.0,1.5,0.45,88.0,48.0,40.0,7.82051282051282,17.0,232.0,30.0,0.2,0.5,7.0,0.2,27.0,0.78,0.05,2025.0
Yediyur Lake,YDY,2025-04-07,12.9348,77.5755,0.0874814577464788,0.1072615283610902,0.112413735771027,0.1508868943661971,0.2454034612676055,0.2859809753521125,0.2898631866197182,0.2336219401408451,0.184087176056338,-0.4527303747022037,-0.3850578091190205,0.189168430989202,-0.010316090863637,1.0040290812665833,1.574553624034501,04/25,3592.0,Yediyur Tank,"D (Propagation of wild life,fisheries)",5.9,6.7,313.0,6.0,1.2,230.0,3500.0,3.0,76.0,5.0,76.0,36.0,63.0,1.56,1.2,48.0,28.0,20.0,5.0,35.0,214.0,10.0,0.2,0.5,14.0,0.2,53.0,2.5,0.2,2025.0
Yediyur Lake,YDY,2025-05-12,12.9348,77.5755,0.0798320704225352,0.1076519190093738,0.1133922919289301,0.1594257429577465,0.2601125950704225,0.2906532429577465,0.2864747640845069,0.2338561126760565,0.176248246478873,-0.4555439701303914,-0.4021428962097483,0.2344679347793078,-0.0155722632169572,1.0065464271353326,1.974262895550233,05/25,3592.0,Yediyur Tank,D,5.2,7.0,320.0,6.0,1.2,140.0,2400.0,3.0,76.0,5.0,76.0,36.0,64.0,1.56,1.2,48.0,32.0,16.0,5.0,35.0,214.0,32.0,0.2,0.5,14.0,0.2,53.0,2.5,0.2,2025.0
Yelachenahalli Lake,YLC,2023-10-20,12.8982,77.5855,0.1118680678777637,0.1369678778613216,0.1447127488710761,0.1754416913110829,0.2212983593860019,0.2366648429798619,0.2340650999859174,0.2357229967610194,0.1911108857907337,-0.2632450535423948,-0.2797720270399274,0.1157028268952817,0.0210532233487923,1.04779401253369,1.3160249606909489,10/23,3638.0,YELACHENAHALLI LAKE,"D (Propagation of wild life,fisheries)",6.9,8.5,261.0,4.0,1.0,310.0,5400.0,3.0,68.0,5.0,68.0,40.0,40.0,10.205603448275864,0.54,56.0,32.0,24.0,11.0,23.0,182.0,74.94323144104803,0.2,0.5,5.0,0.2,45.0,1.4,0.05,2023.0
Yelachenahalli Lake,YLC,2024-03-08,12.8982,77.5855,,,,,,,,,,,,,,,,03/24,3638.0,Yelachenahalli Lake,"D (Propagation of wild life,fisheries)",4.7,7.4,466.0,5.0,1.79,1700.0,4800.0,3.0,104.0,5.0,104.0,76.0,45.0,1.5,0.68,124.0,68.0,56.0,19.0,40.0,318.0,10.0,0.2,0.5,9.0,0.2,39.0,1.5,0.05,2024.0
Yelachenahalli Lake,YLC,2024-04-07,12.8982,77.5855,,,,,,,,,,,,,,,,04/24,3638.0,Yelachenahalli Lake,"D (Propagation of wild life,fisheries)",5.3,8.1,587.0,6.0,2.0,1700.0,7900.0,3.0,80.0,5.0,80.0,96.0,56.0,1.5,0.6,120.0,64.0,56.0,8.0,79.0,404.0,106.0,0.2,0.5,12.0,0.2,55.0,3.0,0.29,2024.0
Yelachenahalli Lake,YLC,2025-03-13,12.8982,77.5855,,,,,,,,,,,,,,,,03/25,3638.0,Yelachenahalli Lake,"D (Propagation of wild life,fisheries)",5.6,7.8,568.0,5.0,1.9,260.0,1500.0,3.0,88.0,5.0,88.0,44.0,60.0,1.5,0.58,132.0,72.0,60.0,6.743589743589744,37.0,384.0,20.0,0.2,0.5,16.0,0.2,34.0,1.4,0.05,2025.0
Yelachenahalli Lake,YLC,2025-04-07,12.8982,77.5855,0.1289757534150119,0.152304150035859,0.1685469976504757,0.1967444902126462,0.2340076292071539,0.2545723313617802,0.2568621144909167,0.2761973876918745,0.2440352661596959,-0.2561621848836765,-0.2995390716666622,0.0891763708558728,0.046179925764581,1.1020367134754794,1.2242773885456144,04/25,3638.0,Yelachenahalli Lake,"D (Propagation of wild life,fisheries)",5.8,7.4,602.0,7.0,23.0,260.0,2800.0,3.0,108.0,5.0,108.0,88.0,69.0,1.5,0.4,88.0,48.0,40.0,9.0,63.0,400.0,10.0,0.2,0.5,12.0,0.21,57.0,3.0,0.2,2025.0
Yelachenahalli Lake,YLC,2025-05-12,12.8982,77.5855,0.1177877059569075,0.1511616109138668,0.1697195117861408,0.2063468701591324,0.2509909766230107,0.2657271863117869,0.2565863927615829,0.276676985635826,0.233667853119279,-0.2645144746652387,-0.3094256461660006,0.1178694450311525,0.0542243698441994,1.1199611585975606,1.3142144671574136,05/25,3638.0,Yelachenahalli Lake,D,5.0,8.2,801.0,6.0,4.2,260.0,2200.0,3.0,164.0,5.0,164.0,120.0,52.0,1.5,0.5,196.0,96.0,100.0,48.0,98.0,534.0,18.0,0.2,0.5,20.0,0.28,49.0,4.48,0.41,2025.0
Yelahanka Tank,YLH,2023-10-20,13.1012,77.5966,0.1292974729877168,0.1486782810028933,0.1695716752225349,0.1932373526202795,0.2089305634744659,0.2236412592827225,0.2210887164326188,0.2850481082603033,0.2483946573751452,-0.1984631765441426,-0.318991679114322,0.0700860212057773,0.0662102303898702,1.1438237766722046,1.1619128203696367,10/23,3630.0,YELAHANKA TANK,"D (Propagation of wild life,fisheries)",6.1,7.5,407.0,4.0,1.0,430.0,5400.0,3.0,88.0,5.0,88.0,52.0,40.0,11.609913793103448,0.4,136.0,72.0,64.0,15.0,36.0,274.0,49.16157205240175,0.31,0.5,11.0,0.2,34.0,2.15,0.95,2023.0
Yelahanka Tank,YLH,2024-03-08,13.1012,77.5966,,,,,,,,,,,,,,,,03/24,3630.0,Yelahanka Tank,"E (Irrigation, industrial cooling and controlled waste)",3.5,8.1,1255.0,31.0,4.0,2100.0,9400.0,3.0,320.0,5.0,320.0,240.0,184.0,5.7,4.4,300.0,156.0,144.0,12.0,125.0,853.0,82.0,1.23,0.5,39.0,0.2,44.0,3.0,2.23,2024.0
Yelahanka Tank,YLH,2025-01-12,13.1012,77.5966,,,,,,,,,,,,,,,,01/25,3630.0,Yelahanka Tank,"E (Irrigation, industrial cooling and controlled waste)",3.2,7.0,1274.0,11.0,4.9,1300.0,13000.0,3.0,264.0,5.0,264.0,176.0,120.0,3.9,3.0,248.0,132.0,116.0,18.0,113.0,866.0,74.0,0.2,0.5,24.0,0.2,54.0,3.1,0.2,2025.0
Yelahanka Tank,YLH,2025-02-06,13.1012,77.5966,,,,,,,,,,,,,,,,02/25,3630.0,Yelahanka Tank,"E (Irrigation, industrial cooling and controlled waste)",1.1,7.9,1322.0,30.0,5.0,1700.0,9400.0,3.0,324.0,5.0,324.0,196.0,201.0,6.3,4.9,216.0,116.0,100.0,23.0,58.0,904.0,94.0,1.0,0.5,30.0,0.28,33.0,1.7,2.3,2025.0
Yelahanka Tank,YLH,2025-03-13,13.1012,77.5966,,,,,,,,,,,,,,,,03/25,3630.0,Yelahanka Tank,"E (Irrigation, industrial cooling and controlled waste)",1.0,7.8,910.0,20.0,3.5,3300.0,13000.0,3.0,356.0,5.0,356.0,200.0,185.0,2.34,1.8,260.0,136.0,124.0,6.897435897435898,90.0,620.0,18.0,0.22,0.5,12.0,0.3,42.0,2.4,3.12,2025.0
Yelahanka Tank,YLH,2025-04-07,13.1012,77.5966,0.1343362369337979,0.1580204622784553,0.1877570126348725,0.2073360961531692,0.2168878682293315,0.2334346179565692,0.2330989793404426,0.3043747509942629,0.282243349875057,-0.1951505926374919,-0.3208833528404615,0.0539172846560963,0.0879236036363532,1.1947977509614305,1.1242611119225796,04/25,3630.0,Yelahanka Tank,"D (Propagation of wild life,fisheries)",5.8,7.3,895.0,7.0,3.4,3100.0,11000.0,3.0,180.0,5.0,180.0,140.0,82.0,1.5,0.4,180.0,96.0,84.0,12.0,81.0,610.0,10.0,0.2,0.5,22.0,0.34,46.0,2.6,0.5,2025.0
Yelahanka Tank,YLH,2025-05-12,13.1012,77.5966,0.1318022876852145,0.16421941331912,0.1977803639387628,0.2201525569281664,0.2334860345616442,0.2440348361665434,0.236270668356034,0.3208438566853201,0.2890043114067502,-0.1849160006043083,-0.3282989758271965,0.0593627597172347,0.0947453843942275,1.2132369492058046,1.1398893191642794,05/25,3630.0,Yelahanka Tank,E,3.2,7.5,859.0,21.0,3.3,14000.0,46000.0,3.0,212.0,5.0,212.0,132.0,118.0,5.9,4.6,188.0,100.0,88.0,20.0,93.0,584.0,162.0,1.5,0.5,22.0,0.41,48.0,3.0,4.5,2025.0
Yelemallappa Shetty Lake,YMS,2023-10-20,13.0066,77.678,0.0406885427666314,0.0632131995889595,0.0616779939066625,0.1007115241112283,0.193957310806054,0.2250602921506511,0.2258830235832454,0.2193184054910243,0.1610912636395636,-0.551272036996671,-0.5607571261357072,0.2915129559535264,-0.0551160877179703,0.9164475836168698,1.9985665182207013,10/23,3605.0,YELEMALLAPPA SHETTY LAKE,"E (Irrigation, industrial cooling and controlled waste)",3.9,7.2,1014.0,12.0,4.0,310.0,16000.0,3.0,160.0,5.0,112.0,160.0,104.0,10.829741379310343,2.6,212.0,112.0,100.0,29.0,87.0,682.0,63.48471615720524,0.89,0.5,23.0,0.28,44.0,3.0,2.0,2023.0
Yelemallappa Shetty Lake,YMS,2024-03-08,13.0066,77.678,,,,,,,,,,,,,,,,03/24,3605.0,Yelemallappa Shetty Lake,"D (Propagation of wild life,fisheries)",4.4,7.0,1730.0,5.0,6.6,220.0,2400.0,3.0,396.0,5.0,396.0,288.0,60.0,1.5,0.52,472.0,240.0,232.0,70.0,138.0,1204.0,14.0,0.37,0.5,35.0,0.29,37.0,2.76,1.01,2024.0
Yelemallappa Shetty Lake,YMS,2024-04-07,13.0066,77.678,,,,,,,,,,,,,,,,04/24,3605.0,Yelemallappa Shetty Lake,"E (Irrigation, industrial cooling and controlled waste)",3.4,8.2,1766.0,15.0,6.0,1400.0,4900.0,3.0,520.0,5.0,520.0,348.0,140.0,19.5,15.0,368.0,188.0,180.0,6.0,239.0,1218.0,10.0,0.54,0.5,39.0,0.26,55.0,5.0,1.35,2024.0
Yelemallappa Shetty Lake,YMS,2025-01-12,13.0066,77.678,,,,,,,,,,,,,,,,01/25,3605.0,Yelemallappa Shetty Lake,"E (Irrigation, industrial cooling and controlled waste)",1.0,7.3,1614.0,25.0,6.2,210.0,3500.0,3.0,376.0,5.0,376.0,272.0,192.0,8.1,7.4,440.0,224.0,216.0,66.0,149.0,1092.0,10.0,0.5,0.5,32.0,0.23,40.0,3.1,1.41,2025.0
Yelemallappa Shetty Lake,YMS,2025-02-06,13.0066,77.678,,,,,,,,,,,,,,,,02/25,3605.0,Yelemallappa Shetty Lake,"D (Propagation of wild life,fisheries)",5.6,6.7,1662.0,11.0,6.3,140.0,2800.0,3.0,516.0,5.0,516.0,260.0,121.0,9.88,7.6,396.0,204.0,192.0,10.0,174.0,1132.0,10.0,1.3,0.5,20.0,0.22,47.0,3.9,3.0,2025.0
Yelemallappa Shetty Lake,YMS,2025-03-13,13.0066,77.678,,,,,,,,,,,,,,,,03/25,3605.0,Yelemallappa Shetty Lake,"E (Irrigation, industrial cooling and controlled waste)",1.9,6.8,1121.0,16.0,4.3,110000.0,700000.0,3.0,387.0,5.0,387.0,92.0,108.0,27.3,21.0,453.0,283.0,170.0,7.512820512820513,39.0,760.0,46.0,1.41,0.5,35.0,0.3,14.0,1.0,3.59,2025.0
Yelemallappa Shetty Lake,YMS,2025-04-07,13.0066,77.678,0.0624371805702217,0.0800473212912568,0.0799687221734163,0.1167652305526222,0.2099616649067228,0.2461366807462164,0.251513523407251,0.2528211756423793,0.1954194544174584,-0.5054106276432782,-0.5250004095428057,0.2251197477304639,-0.0312390359891784,0.955082338338103,1.6741467433033697,04/25,3605.0,Yelemallappa Shetty Lake,"E (Irrigation, industrial cooling and controlled waste)",0.3,8.5,952.0,39.0,3.9,14000.0,48000.0,24.0,332.0,12.0,144.0,160.0,296.0,28.0,22.0,236.0,124.0,112.0,11.0,80.0,646.0,10.0,0.32,0.5,24.0,0.31,39.0,2.26,0.93,2025.0
Yelemallappa Shetty Lake,YMS,2025-05-12,13.0066,77.678,0.052889662090813,0.0803142207933328,0.0809319923512194,0.1312794860964448,0.2244007602956703,0.2540091833861317,0.2540881239000352,0.2494862020415346,0.1834576135163675,-0.5136145135677811,-0.5237989441027577,0.2824757232420402,-0.0308942669804607,0.9580644587776532,1.9495005705825323,05/25,3605.0,Yelemallappa Shetty Lake,E,2.4,6.8,724.0,25.0,2.8,1400.0,4800.0,3.0,236.0,5.0,236.0,108.0,174.0,8.3,6.4,200.0,104.0,96.0,22.0,68.0,500.0,26.0,0.24,0.5,2.0,0.42,42.0,2.1,0.6,2025.0
