LAKE_NAME_GEE,stn,scene_date,lat,lon,B2,B3,B4,B5,B6,B7,B8,B11,B12,NDWI,MNDWI,NDCI,NDTI,Red_Green,RedEdge_Ratio,MONTH_YEAR,STN_CODE,LAKE_NAME_master,USEBASEDCLASS,DO,PH,CONDUCTIVITY,BOD,NITRATE_N,FECAL_COLI,TOTAL_COLI,CARBONATE,BICARBONATE,PHENOLPHTHALEINALKALINITY,TOTALALKALINITY,CHLORIDES,COD,TOTALKJELDAHLNITROGEN,AMMONICALN,TOTALHARDNESS,CAASCACO3,MGASCACO3,SULPHATE,SODIUM,TOTALDISSOLVEDSOLIDS,TOTALSUSPENDEDSOLIDS,PHOSPHATE,BORON,POTASSIUM,FLUORIDE,SODIUMPERCENTAGE,SAR,ORTHOPHOSPHATE,YEAR
Agaram Lake,AGR,2023-08-16,12.9234,77.6416,0.1310026594175412,0.1547242172245152,0.1605162644734405,0.189880549584861,0.2350968053272643,0.2593898048636575,0.2532440637248704,0.2281483246933871,0.1914026594175412,-0.2674451781804896,-0.2281288065951828,0.127412234375377,-0.003124492299146,1.0033865698766673,1.3465991209983943,08/23,3612.0,AGARAM LAKE,"D (Propagation of wild life,fisheries)",4.4,7.3,795.0,6.0,2.0,2200.0,24000.0,8.571428571428571,180.0,5.0,180.0,116.0,75.0,3.3285714285714287,0.4,168.0,100.0,68.0,11.0,89.0,540.0,23.714285714285715,0.28,0.5,12.0,0.23,41.0,1.7042857142857142,0.3357142857142857,2023.0
Agaram Lake,AGR,2023-10-10,12.9234,77.6416,0.0713708735130569,0.0983924300078741,0.098986971289442,0.1280748117125362,0.1712785845005982,0.1835258710494825,0.1831376891673118,0.1587385690152742,0.1174593651017105,-0.1900077594223553,-0.2441733927864635,0.2380921975419097,-0.0841622040278374,0.8876468069782332,1.8452142968009544,10/23,3612.0,AGARAM LAKE,"D (Propagation of wild life,fisheries)",4.1,7.2,620.0,9.0,3.0,2200.0,24000.0,3.0,100.0,5.0,100.0,112.0,80.0,10.400646551724138,0.85,124.0,68.0,56.0,14.0,53.0,422.0,71.36244541484716,0.48,0.5,6.0,0.31,46.0,2.0,1.48,2023.0
Agaram Lake,AGR,2023-12-24,12.9234,77.6416,0.0762620891110015,0.0889657842262949,0.0918865699359445,0.1100541528823818,0.1381017632153163,0.1512919793059759,0.150253100584219,0.1392980045048216,0.1164941894840571,-0.257644330672438,-0.2297126381728916,0.1502558515922546,-0.0287416600328628,0.9640029830365782,1.4209866974912089,12/23,3612.0,AGARAM LAKE,"D (Propagation of wild life,fisheries)",5.3,7.3,802.0,5.0,2.8,700.0,16000.0,3.0,72.0,5.0,72.0,156.0,49.0,1.5,0.78,128.0,68.0,60.0,41.0,85.0,420.0,10.0,0.2,0.5,26.0,0.22,53.0,3.3,0.6,2023.0
Agaram Lake,AGR,2024-03-03,12.9234,77.6416,0.1049393221651298,0.1210894772649585,0.1305965620051814,0.1535832371366227,0.1751904026184275,0.1906793904413317,0.1894256000563102,0.1841453649609347,0.1578193601745618,-0.2040098600035893,-0.1789665803818613,0.1039653169784762,0.0118381295806155,1.036463986577117,1.2578597920635608,03/24,3612.0,Agaram Lake,"E (Irrigation, industrial cooling and controlled waste)",3.4,7.4,966.0,14.0,3.1,230.0,2400.0,3.0,272.0,5.0,272.0,148.0,145.0,9.9,7.6,260.0,136.0,124.0,15.0,94.0,658.0,164.0,0.2,0.5,12.0,0.39,43.0,2.5,0.05,2024.0
Agaram Lake,AGR,2024-04-02,12.9234,77.6416,0.0996037199971845,0.1209487537884557,0.1336854893556598,0.1590754979939467,0.1752606602379109,0.1886269620609559,0.1882733406067431,0.1921192933061166,0.1692938410642641,-0.1783247436456806,-0.2002850812457665,0.1294237227006481,0.0093565953097179,1.0369196662928508,1.356197649202782,04/24,3612.0,Agaram Lake,"D (Propagation of wild life,fisheries)",5.3,7.3,1067.0,7.0,3.0,1500.0,4800.0,3.0,120.0,5.0,120.0,124.0,87.0,1.5,0.4,116.0,68.0,48.0,19.0,102.0,730.0,10.0,1.0,0.5,13.0,0.3,62.0,4.0,3.1,2024.0
Agaram Lake,AGR,2024-05-02,12.9234,77.6416,0.1157752443712246,0.1340717813192041,0.1400111258649115,0.1629114991762768,0.1847400475928976,0.1987770236133991,0.1990590444810543,0.2002376349990849,0.1706463884312646,-0.1918912415136088,-0.1912867865969424,0.0986957175109403,-0.0006421324007929,1.0085041776228172,1.237384129070418,05/24,3612.0,Agaram Lake,"D (Propagation of wild life,fisheries)",6.2,8.3,1228.0,4.0,4.3,6.8,240.0,48.0,212.0,24.0,260.0,168.0,48.0,1.5,0.4,244.0,128.0,116.0,33.0,175.0,820.0,10.0,0.31,0.5,42.0,0.2,56.0,5.0,0.9,2024.0
Agaram Lake,AGR,2024-06-01,12.9234,77.6416,0.1146463679876117,0.1339158969477344,0.1350592028806155,0.1613899169423524,0.2032021292320688,0.2275417787006405,0.2188387625818257,0.1959568100232281,0.1604875871049484,-0.2265495611292559,-0.1787612705755102,0.1090903791157484,-0.0155857532578824,0.9766468671871243,1.2646673618177842,06/24,3612.0,Agaram Lake,"D (Propagation of wild life,fisheries)",4.8,8.1,1170.0,5.0,4.0,140.0,2400.0,3.0,240.0,5.0,240.0,144.0,52.0,1.5,0.4,228.0,120.0,108.0,36.0,145.0,770.0,14.0,0.6,0.5,39.0,0.6,53.0,4.0,2.3,2024.0
Agaram Lake,AGR,2024-09-19,12.9234,77.6416,0.2212938645659748,0.2510447222984951,0.2674313746962722,0.2807008938039692,0.2911018330555978,0.3010525526435388,0.2868099833358581,0.2998087410998333,0.2885581578548705,-0.0831665148986333,-0.1088694156452316,0.0346256890795912,0.036101510111802,1.077108422395845,1.0872188883217648,09/24,3612.0,Agaram Lake,"D (Propagation of wild life,fisheries)",4.8,7.4,973.0,5.0,4.0,2400.0,170.0,3.0,248.0,5.0,248.0,176.0,44.0,1.5,0.65,208.0,108.0,100.0,24.0,98.0,678.0,80.0,2.7,0.5,26.0,0.29,51.0,3.0,7.2,2024.0
Agaram Lake,AGR,2024-12-08,12.9234,77.6416,0.0849968677412543,0.1014284012210406,0.1023020309009911,0.1279680896741042,0.1813871788554938,0.2024474730766523,0.2001826388400084,0.1652989336242696,0.1327634863095658,-0.3416177776404951,-0.2703431841565573,0.191855484042394,-0.0532259586406602,0.9217226211619588,1.5891377507059774,12/24,3612.0,Agaram Lake,"D (Propagation of wild life,fisheries)",7.3,7.7,416.0,4.0,1.6,260.0,2800.0,3.0,92.0,5.0,92.0,64.0,40.0,1.5,0.4,108.0,56.0,52.0,17.0,33.0,280.0,10.0,0.2,0.5,8.0,0.2,38.0,1.38,0.05,2024.0
Agaram Lake,AGR,2025-01-07,12.9234,77.6416,0.0899605440979799,0.1078178050623058,0.1132310653880748,0.1363932040543393,0.1741556345463504,0.1899984866615047,0.1924007425916802,0.1693528964594919,0.1402260047863729,-0.3067412730666522,-0.2408618169133198,0.1600017298887548,-0.0173649247085773,0.983698718752828,1.458710117865918,01/25,3612.0,Agaram Lake,"D (Propagation of wild life,fisheries)",5.3,7.9,963.0,9.0,3.7,140.0,2200.0,3.0,308.0,5.0,308.0,136.0,81.0,1.5,0.4,244.0,128.0,116.0,31.0,100.0,654.0,10.0,1.9,0.5,32.0,0.28,43.0,2.8,4.6,2025.0
Agaram Lake,AGR,2025-02-01,12.9234,77.6416,,,,,,,,,,,,,,,,02/25,3612.0,Agaram Lake,"D (Propagation of wild life,fisheries)",5.8,7.9,1143.0,7.0,4.39,20.0,110.0,3.0,288.0,5.0,288.0,136.0,75.0,1.5,0.4,236.0,128.0,108.0,11.0,99.0,774.0,16.0,0.53,0.5,34.0,0.23,43.0,2.79,1.35,2025.0
Agaram Lake,AGR,2025-03-08,12.9234,77.6416,0.0988380199901457,0.1223581013715291,0.1373083056804539,0.1632247765186178,0.1869387942563525,0.1990645421271204,0.2045183571478847,0.1980621700570141,0.1691648412754278,-0.2506551326497282,-0.224429702970058,0.1280802554137255,0.0243753019508975,1.0658709672612876,1.3479943395008938,03/25,3612.0,Agaram Lake,"D (Propagation of wild life,fisheries)",4.4,8.1,911.0,18.0,3.0,6.8,240.0,3.0,312.0,5.0,312.0,152.0,121.0,1.57,1.2,284.0,144.0,140.0,7.333333333333333,106.0,632.0,12.0,1.21,0.5,15.0,0.28,48.0,2.7,2.8,2025.0
Agaram Lake,AGR,2025-04-02,12.9234,77.6416,,,,,,,,,,,,,,,,04/25,3612.0,Agaram Lake,"E (Irrigation, industrial cooling and controlled waste)",3.5,8.1,1355.0,9.0,5.2,310.0,2200.0,3.0,288.0,5.0,288.0,160.0,89.0,1.5,0.4,276.0,148.0,128.0,27.0,144.0,904.0,10.0,1.08,0.5,37.0,0.46,49.0,3.76,2.54,2025.0
Agaram Lake,AGR,2025-05-02,12.9234,77.6416,0.1246888118533118,0.1458264653442268,0.1482818357459243,0.1763548074892657,0.2132826106848735,0.2257859822622647,0.2246478003800943,0.2045812029281341,0.1532882381924403,-0.2039531050185469,-0.1588843769776737,0.1069408876897054,-0.0080523407156802,0.991483346016104,1.257883983209912,05/25,3612.0,Agaram Lake,D,4.8,7.7,870.0,5.0,3.4,310.0,4300.0,3.0,200.0,5.0,200.0,148.0,49.0,1.5,0.4,232.0,120.0,112.0,35.0,93.0,592.0,18.0,0.4,0.5,8.0,0.28,45.0,2.7,0.9,2025.0
Agaram Lake,AGR,2025-06-01,12.9234,77.6416,,,,,,,,,,,,,,,,06/25,3612.0,Agaram Lake,D,4.5,7.8,732.0,8.0,2.9,240.0,1700.0,3.0,112.0,5.0,112.0,120.0,92.0,1.5,0.4,124.0,68.0,56.0,35.0,85.0,494.0,12.0,0.2,0.5,11.0,0.37,60.0,3.0,0.05,2025.0
Agaram Lake,AGR,2025-11-10,12.9234,77.6416,0.1609342868389975,0.1873879270605365,0.1994839773606619,0.2252829681144207,0.2518318593360452,0.2611745833880068,0.2591079254690985,0.2799671565411364,0.2442055504526965,-0.1729296799605412,-0.2139090187466896,0.0738606065453725,0.0276689836874414,1.0594924696417047,1.180327146456277,11/25,3612.0,Agaram Lake,D,6.2,7.9,893.0,4.0,3.0,947.9710144927536,5400.0,31.436619718309856,268.0,20.0,268.0,136.0,56.0,11.21818181818182,0.61,208.0,108.0,100.0,33.0,91.0,612.0,18.0,1.1,0.5,29.0,0.32,45.0,2.7,2.8,2025.0
Allalasandra Lake,ALS,2023-08-16,13.0541,77.6052,0.147006116918312,0.1691459121575045,0.1800861973120775,0.2099023123218244,0.2615777461021363,0.2910169746242916,0.2792736212297187,0.264023471650301,0.2220256361524655,-0.2527149432794512,-0.2307669370271399,0.0897513442502538,0.0297505344108635,1.0644684645328704,1.2398363876283225,08/23,3629.0,ALLALASANDRA LAKE,"E (Irrigation, industrial cooling and controlled waste)",3.2,6.9,1119.0,13.0,3.2,2700.0,24000.0,9.19047619047619,312.0,5.0,312.0,172.0,129.0,3.1761904761904765,1.9,300.0,156.0,144.0,17.0,109.0,762.0,24.57142857142857,0.47,0.5,14.0,0.47,41.0,1.6714285714285717,0.3119047619047619,2023.0
Allalasandra Lake,ALS,2023-10-10,13.0541,77.6052,0.1068707950585999,0.1302139088283331,0.1412182489729104,0.1701141202970471,0.2177521662619223,0.2380714848836799,0.2391204730229119,0.2192805089219723,0.1668658290219266,-0.3031796641902235,-0.2718664644787806,0.1136855972434929,0.0349996092285769,1.0820207670493738,1.3205804590708752,10/23,3629.0,ALLALASANDRA LAKE,"E (Irrigation, industrial cooling and controlled waste)",3.2,6.6,592.0,20.0,2.0,4700.0,54000.0,3.0,88.0,5.0,88.0,108.0,152.0,11.648922413793104,2.2,136.0,76.0,60.0,14.0,66.0,400.0,48.44541484716157,0.8,0.5,27.0,0.2,0.53,1.3,2.47,2023.0
Allalasandra Lake,ALS,2023-12-24,13.0541,77.6052,,,,,,,,,,,,,,,,12/23,3629.0,ALLALASANDRA LAKE,"D (Propagation of wild life,fisheries)",5.7,7.1,456.0,4.0,1.59,40000.0,350000.0,3.0,100.0,5.0,100.0,68.0,40.0,1.5,0.56,116.0,64.0,52.0,18.0,38.0,314.0,26.0,0.2,0.5,9.0,0.39,39.0,1.5,0.05,2023.0
Allalasandra Lake,ALS,2024-03-03,13.0541,77.6052,0.1124647661281807,0.1371372653734481,0.1548329255144183,0.1829859676908458,0.2180776053215078,0.2389554429310526,0.2392247949882096,0.2420638580931265,0.2083764579593847,-0.2778546869102409,-0.2876130800922644,0.0972316288486505,0.0583905752503893,1.1306724197369666,1.2557586274946098,03/24,3629.0,Allalasandra Lake,"E (Irrigation, industrial cooling and controlled waste)",3.6,8.1,1248.0,32.0,4.0,2600.0,17000.0,3.0,336.0,5.0,336.0,224.0,188.0,5.8,4.5,296.0,152.0,144.0,10.0,137.0,857.0,98.0,1.67,0.5,35.0,0.2,46.0,3.0,3.57,2024.0
Allalasandra Lake,ALS,2024-05-02,13.0541,77.6052,0.1344911871326505,0.1645666590776039,0.1870920742448168,0.2168060535670291,0.2563247738711153,0.2836702143385068,0.2759670256572695,0.2880836377714425,0.249854031605251,-0.2589748194760415,-0.2806537893338253,0.0836632561935189,0.0623048578111744,1.136701916763132,1.2178399692481536,05/24,3629.0,Allalasandra Lake,"E (Irrigation, industrial cooling and controlled waste)",0.3,6.8,1477.0,26.0,5.2,2400.0,17000.0,3.0,332.0,5.0,332.0,204.0,176.0,6.8,5.2,316.0,164.0,152.0,34.0,156.0,1006.0,26.0,1.8,0.5,24.0,0.42,49.0,3.8,3.7,2024.0
Allalasandra Lake,ALS,2024-06-01,13.0541,77.6052,0.1364025974025974,0.1402545457149481,0.1580987005651771,0.2021038961038961,0.2184415584415584,0.2510948051948051,0.228551948051948,0.2462662337662337,0.2181116883116882,-0.239404518397452,-0.2745843124313057,0.1239100511465348,0.0578218996959589,1.1249028399084828,1.2872665020188725,06/24,3629.0,Allalasandra Lake,"D (Propagation of wild life,fisheries)",7.9,7.9,921.0,25.0,3.3,2500.0,21000.0,3.0,236.0,5.0,236.0,176.0,167.0,1.6,1.2,252.0,128.0,124.0,16.0,96.0,628.0,66.0,2.0,0.5,29.0,0.23,42.0,2.6,5.0,2024.0
Allalasandra Lake,ALS,2024-09-19,13.0541,77.6052,0.138313356562137,0.1616559144655832,0.1728295856286402,0.2055836060958012,0.2608538345123709,0.2911019322141274,0.2845711294125928,0.2633596065181429,0.2210440256220743,-0.2877181829400027,-0.2568501154012331,0.10481645795743,0.0338086944468797,1.074167187470076,1.288271940930297,09/24,3629.0,Allalasandra Lake,"D (Propagation of wild life,fisheries)",6.9,7.0,991.0,7.0,3.99,1500.0,4800.0,3.0,232.0,5.0,232.0,172.0,60.0,1.5,0.62,216.0,112.0,104.0,23.0,98.0,674.0,80.0,2.75,0.5,26.0,0.27,46.0,3.0,7.6,2024.0
Allalasandra Lake,ALS,2024-12-08,13.0541,77.6052,0.0985130996374898,0.1131835214917451,0.1185237496435208,0.1431979375637911,0.1837884348713615,0.2044564565515783,0.2000344314222362,0.1873260197796784,0.1531767500791889,-0.2886025835269262,-0.2661817052166146,0.1155667636209956,0.0205882406145383,1.0501578637116713,1.3297168628082787,12/24,3629.0,Allalasandra Lake,"D (Propagation of wild life,fisheries)",6.5,8.1,425.0,5.0,1.71,150.0,2800.0,3.0,112.0,5.0,112.0,40.0,48.0,1.5,0.4,112.0,60.0,52.0,10.0,32.0,290.0,10.0,0.31,0.5,6.0,0.2,45.0,1.32,0.86,2024.0
Allalasandra Lake,ALS,2025-01-07,13.0541,77.6052,0.1137668285643895,0.1270727841191737,0.1334431848803056,0.1534490409319678,0.1870170907683102,0.2038570478302184,0.204573828881146,0.1909259564283954,0.1569271847393797,-0.238285738042068,-0.2099198544141444,0.0802614817478029,0.0232010162327225,1.0514014455593426,1.2063342899171332,01/25,3629.0,Allalasandra Lake,"E (Irrigation, industrial cooling and controlled waste)",3.3,7.0,1281.0,17.0,4.9,3300.0,9400.0,3.0,272.0,5.0,272.0,176.0,130.0,2.7,2.1,252.0,132.0,120.0,18.0,114.0,872.0,80.0,1.8,0.5,25.0,0.2,46.0,3.1,4.2,2025.0
Allalasandra Lake,ALS,2025-02-01,13.0541,77.6052,0.1183245773732119,0.1387639363487277,0.1531372356741626,0.176313133940182,0.2020623537061119,0.2027663632423061,0.2135997615951452,0.213094451668834,0.1756810359774599,-0.2186825721046849,-0.223120456624985,0.0794513880691665,0.0504752299298271,1.1082162848622938,1.1883530933761872,02/25,3629.0,Allalasandra Lake,"E (Irrigation, industrial cooling and controlled waste)",1.2,7.9,1337.0,28.0,5.1,1300.0,8400.0,3.0,348.0,5.0,348.0,196.0,184.0,9.1,7.0,208.0,112.0,96.0,24.0,57.0,908.0,90.0,1.0,0.5,30.0,0.31,33.0,1.7,2.3,2025.0
Allalasandra Lake,ALS,2025-03-08,13.0541,77.6052,0.1066595642839545,0.1268702008934631,0.1424927954138745,0.1678715165593213,0.2068428606623729,0.2262923239362264,0.2311789075423222,0.230782631189948,0.1969193925315875,-0.2962909876967787,-0.2991795011815348,0.0954481369738282,0.0545255869125566,1.1231303740871244,1.2535645573707708,03/25,3629.0,Allalasandra Lake,"D (Propagation of wild life,fisheries)",4.6,7.6,845.0,4.0,3.2,1400.0,4800.0,3.0,376.0,5.0,376.0,160.0,40.0,1.5,0.6,244.0,128.0,116.0,6.923076923076923,79.0,576.0,10.0,0.2,0.5,8.0,0.29,40.0,2.2,0.26,2025.0
Allalasandra Lake,ALS,2025-04-02,13.0541,77.6052,,,,,,,,,,,,,,,,04/25,3629.0,Allalasandra Lake,"E (Irrigation, industrial cooling and controlled waste)",2.8,7.1,938.0,23.0,3.5,21000.0,70000.0,3.0,160.0,5.0,160.0,168.0,153.0,6.5,0.4,136.0,72.0,64.0,12.0,98.0,638.0,10.0,0.6,0.5,34.0,0.3,54.0,3.8,1.3,2025.0
Allalasandra Lake,ALS,2025-05-02,13.0541,77.6052,0.1266821419772639,0.1547996342608012,0.1722942204126623,0.2018683595537254,0.2494033681765388,0.2674232569598421,0.2640157674304015,0.2642036462182803,0.213635079013128,-0.270091407634167,-0.2747274779832249,0.0931285449128107,0.053548151805679,1.1207770002744444,1.2442810383124907,05/25,3629.0,Allalasandra Lake,E,2.5,8.5,487.0,26.0,1.9,2300.0,9400.0,24.0,68.0,12.0,92.0,56.0,175.0,2.7,2.1,100.0,56.0,44.0,28.0,67.0,330.0,232.0,0.2,0.5,14.0,0.2,55.0,2.9,0.6,2025.0
Allalasandra Lake,ALS,2025-06-01,13.0541,77.6052,,,,,,,,,,,,,,,,06/25,3629.0,Allalasandra Lake,E,2.4,7.3,733.0,22.0,2.8,430.0,4300.0,3.0,172.0,5.0,172.0,112.0,164.0,11.0,8.4,196.0,100.0,96.0,14.0,84.0,502.0,40.0,0.96,0.5,10.0,0.32,63.0,2.6,2.3,2025.0
Allalasandra Lake,ALS,2025-11-10,13.0541,77.6052,,,,,,,,,,,,,,,,11/25,3629.0,Allalasandra Lake,E,1.9,7.0,997.0,25.0,3.8,1497.3913043478262,13000.0,23.774647887323944,332.0,20.0,332.0,164.0,168.0,16.0,12.0,232.0,120.0,112.0,19.0,110.0,688.0,68.0,1.8,0.5,12.0,0.53,49.0,3.1,4.2,2025.0
Alur Lake,ALR,2023-08-16,13.0788,77.582,,,,,,,,,,,,,,,,08/23,4541.0,ALUR LAKE,"D (Propagation of wild life,fisheries)",5.5,7.3,340.0,7.0,1.2,470.0,16000.0,14.266666666666667,116.0,5.0,116.0,32.0,70.0,1.9266666666666667,0.74,124.0,68.0,56.0,11.0,43.0,230.0,31.6,0.2,0.5,15.0,0.22,41.0,1.402,0.1166666666666667,2023.0
Alur Lake,ALR,2023-10-10,13.0788,77.582,0.0155432403886776,0.0389594424851322,0.0269304254342976,0.0777085269680326,0.2294207963667089,0.2793781439233912,0.2868607484861288,0.1638630228136883,0.0818817666525841,-0.7546554087764119,-0.6249768819969929,0.5252363276603567,-0.2297609130967799,0.6431473151785395,3.557659515087886,10/23,4541.0,ALUR LAKE,"D (Propagation of wild life,fisheries)",6.1,7.3,528.0,4.0,2.0,310.0,9200.0,3.0,120.0,5.0,120.0,32.0,40.0,8.84030172413793,0.4,148.0,72.0,76.0,29.0,36.0,360.0,100.00873362445417,0.2,0.5,3.0,0.2,34.0,1.3,0.05,2023.0
Alur Lake,ALR,2023-12-24,13.0788,77.582,,,,,,,,,,,,,,,,12/23,4541.0,ALUR LAKE,"D (Propagation of wild life,fisheries)",4.2,6.9,142.0,11.0,0.4,460.0,16000.0,3.0,80.0,5.0,80.0,40.0,105.0,16.9,1.26,36.0,24.0,12.0,5.0,16.0,100.0,22.0,0.2,0.5,2.0,0.21,47.0,1.2,0.05,2023.0
Alur Lake,ALR,2024-05-02,13.0788,77.582,0.05147951344881,0.0738120582133087,0.0786297809307165,0.1273839811294184,0.2196214230390084,0.2575034114913391,0.2590714828897338,0.2043750950570342,0.1339272954513449,-0.555658472736043,-0.4712555815350677,0.249115787443982,0.0181965959685331,1.050689784591755,1.7013467827361155,05/24,4541.0,Alur Lake,"D (Propagation of wild life,fisheries)",4.6,6.6,216.0,4.0,0.8,3200.0,9400.0,3.0,44.0,5.0,44.0,36.0,44.0,1.5,0.8,56.0,32.0,24.0,9.0,20.0,144.0,112.0,0.2,0.5,4.0,0.39,41.0,1.4,0.05,2024.0
Alur Lake,ALR,2024-06-01,13.0788,77.582,,,,,,,,,,,,,,,,06/24,4541.0,Alur Lake,"D (Propagation of wild life,fisheries)",5.7,6.6,184.0,5.0,0.7,1100.0,13000.0,3.0,52.0,5.0,52.0,8.0,44.0,1.5,0.71,76.0,44.0,32.0,12.0,5.0,122.0,70.0,0.2,0.5,7.0,0.25,11.0,0.24,0.05,2024.0
Alur Lake,ALR,2024-09-19,13.0788,77.582,0.0353330833685396,0.0538651880469404,0.0408942615128728,0.0861016159695817,0.2534745035910433,0.3239565518940994,0.3265535452753134,0.1777957541191381,0.0955878784678214,-0.7142661077322819,-0.5432310349859463,0.3895908318531993,-0.1711304698601387,0.7200407174494491,2.381826790996037,09/24,4541.0,Alur Lake,"D (Propagation of wild life,fisheries)",5.3,6.5,158.0,6.0,7.0,240.0,2200.0,3.0,18.0,5.0,20.0,5.0,56.0,1.5,0.4,12.0,8.0,4.0,32.0,5.0,106.0,22.0,0.3,0.5,25.0,0.33,12.0,0.3,0.8,2024.0
Alur Lake,ALR,2024-12-08,13.0788,77.582,0.03347762991128,0.0428546261992696,0.0316286262879828,0.0641453914941557,0.1831270947753837,0.2269195747077876,0.2293123257287706,0.1379816786368118,0.0713402619349387,-0.682764616663792,-0.5287702019788248,0.3528550044403695,-0.163917679265813,0.723792844340572,2.1409101708744207,12/24,4541.0,Alur Lake,"D (Propagation of wild life,fisheries)",5.1,6.9,164.0,7.0,0.57,260.0,2200.0,3.0,60.0,5.0,60.0,8.0,60.0,1.5,0.4,80.0,48.0,32.0,5.0,5.0,110.0,10.0,0.2,0.5,9.0,0.2,7.0,0.14,0.05,2024.0
Alur Lake,ALR,2025-01-07,13.0788,77.582,0.02940663286861,0.0397009894276349,0.031500668954335,0.0637605372482748,0.1714714899309957,0.2088276123081255,0.2188759787353894,0.1404583051682861,0.0764034713420645,-0.691622371583586,-0.5639205525819364,0.3570096285670019,-0.1327251741458372,0.7737837064235744,2.173327386841297,01/25,4541.0,Alur Lake,"D (Propagation of wild life,fisheries)",7.1,6.5,201.0,4.0,0.77,110.0,2400.0,3.0,76.0,5.0,76.0,12.0,38.0,1.5,0.4,60.0,28.0,32.0,7.0,5.0,136.0,10.0,0.2,0.5,9.0,0.2,8.0,0.17,0.3,2025.0
Alur Lake,ALR,2025-02-01,13.0788,77.582,,,,,,,,,,,,,,,,02/25,4541.0,Alur Lake,"D (Propagation of wild life,fisheries)",7.6,6.9,272.0,4.0,2.0,140.0,3500.0,3.0,60.0,5.0,60.0,72.0,45.0,1.5,0.6,64.0,44.0,20.0,14.0,30.0,186.0,12.0,0.2,0.5,5.0,0.21,48.0,1.6,0.39,2025.0
Alur Lake,ALR,2025-03-08,13.0788,77.582,0.0478445465427404,0.0627887162401298,0.0585261089790236,0.0960047950992817,0.1751499155048585,0.2033977573581186,0.2113791297000422,0.1804479404309251,0.1161769046613153,-0.5434917753129087,-0.4868192643958809,0.2554410189668564,-0.0490015986127236,0.9160416375007484,1.722897152271911,03/25,4541.0,Alur Lake,"D (Propagation of wild life,fisheries)",6.7,6.6,200.0,4.0,0.77,210.0,1700.0,3.0,72.0,5.0,72.0,12.0,41.0,1.5,0.4,132.0,84.0,48.0,5.615384615384615,5.0,134.0,10.0,0.2,0.5,9.0,0.2,4.0,0.11,0.05,2025.0
Alur Lake,ALR,2025-04-02,13.0788,77.582,,,,,,,,,,,,,,,,04/25,4541.0,Alur Lake,"D (Propagation of wild life,fisheries)",6.9,6.6,328.0,4.0,1.3,94.0,540.0,3.0,84.0,5.0,84.0,36.0,36.0,5.9,4.6,88.0,48.0,40.0,21.0,21.0,224.0,10.0,0.2,0.5,15.0,0.2,30.0,1.0,0.12,2025.0
Alur Lake,ALR,2025-05-02,13.0788,77.582,0.0380720215462611,0.0700030876486211,0.0669727715665054,0.1343516370933672,0.2617387903112238,0.2998647127165189,0.3047430080270384,0.209341860301366,0.1254203210815378,-0.6246948245153195,-0.5017903863476375,0.3515967658505579,-0.0412550115208401,0.9377380149757872,2.1615945021078145,05/25,4541.0,Alur Lake,E,3.6,7.0,327.0,6.0,1.26,24.0,1600.0,3.0,88.0,5.0,88.0,32.0,62.0,1.5,0.4,148.0,96.0,52.0,11.0,19.0,218.0,16.0,0.2,0.5,16.0,0.2,20.0,0.69,0.35,2025.0
Alur Lake,ALR,2025-06-01,13.0788,77.582,,,,,,,,,,,,,,,,06/25,4541.0,Alur Lake,E,3.2,6.8,420.0,8.0,1.6,1400.0,11000.0,3.0,100.0,5.0,100.0,72.0,89.0,1.6,1.2,116.0,60.0,56.0,12.0,42.0,286.0,12.0,0.4,0.5,4.0,0.28,30.0,1.7,0.9,2025.0
Alur Lake,ALR,2025-11-10,13.0788,77.582,0.044091585692156,0.0576914415198094,0.0470045839346249,0.0838939938036896,0.2159116779326854,0.2615591325165471,0.2679998908604421,0.1563808653710744,0.0815787565131671,-0.6419632762824582,-0.4614596177940316,0.2886890192908691,-0.1096444450442197,0.8057303781797521,1.834824381657886,11/25,4541.0,Alur Lake,D,5.9,8.0,768.0,4.0,2.75,3210.289855072464,2400.0,26.0,232.0,20.0,232.0,76.0,52.0,4.025,0.4,192.0,124.0,68.0,14.65,78.0,528.0,30.0,0.48,0.5,8.0,0.27,45.0,2.45,0.306,2025.0
Anchepalya Lake,ACP,2023-08-16,13.0596,77.5024,0.1841541396789636,0.2096191139425426,0.224967068994391,0.252050348493382,0.2829690439312868,0.3039144747958323,0.2981377534497325,0.3029803611658689,0.2691607399324133,-0.1781227165000719,-0.1881544635112505,0.0639932533533392,0.0336742554386105,1.0717437546948383,1.153520489800527,08/23,3599.0,ANCHEPALYA LAKE,"D (Propagation of wild life,fisheries)",4.6,6.8,343.0,8.0,1.3,480.0,16000.0,14.142857142857142,96.0,5.0,96.0,28.0,80.0,1.9571428571428573,0.97,124.0,68.0,56.0,27.0,38.0,230.0,31.42857142857143,0.2,0.5,16.0,0.27,41.0,1.4085714285714286,0.1214285714285714,2023.0
Anchepalya Lake,ACP,2023-10-10,13.0596,77.5024,0.1265010243593354,0.1554231694113999,0.1754016335624797,0.2013901154604337,0.2325373591945931,0.2455244790199943,0.2393922486623484,0.2445051710785696,0.2025620001408054,-0.2185111515656503,-0.2345531172026437,0.0822962812751797,0.0585427892009389,1.129315153003814,1.222528682642577,10/23,3599.0,ANCHEPALYA LAKE,"E (Irrigation, industrial cooling and controlled waste)",0.3,7.0,1289.0,62.0,5.0,460.0,9200.0,3.0,388.0,5.0,388.0,196.0,208.0,9.152370689655172,7.2,436.0,224.0,212.0,19.0,149.0,882.0,94.27947598253274,2.5,0.5,26.0,0.23,40.0,3.1,1.85,2023.0
Anchepalya Lake,ACP,2023-12-24,13.0596,77.5024,,,,,,,,,,,,,,,,12/23,3599.0,ANCHEPALYA LAKE,"D (Propagation of wild life,fisheries)",4.2,7.2,386.0,7.0,0.96,6300.0,54000.0,3.0,112.0,5.0,112.0,76.0,83.0,1.5,0.96,136.0,76.0,60.0,5.0,42.0,270.0,10.0,0.2,0.5,3.0,0.2,39.0,1.13,0.05,2023.0
Anchepalya Lake,ACP,2024-03-03,13.0596,77.5024,0.1336849514221346,0.16272737974077,0.1900463774939303,0.2147403618698957,0.234099003801746,0.2471902773866515,0.2418319029850747,0.2636166255984229,0.2360423261053224,-0.199638378646684,-0.242998358147741,0.0682023793511197,0.0771952358866404,1.1722303851963374,1.1677971126422253,03/24,3599.0,Anchepalya Lake,"D (Propagation of wild life,fisheries)",4.4,6.7,429.0,8.0,8.3,2100.0,9400.0,3.0,76.0,5.0,76.0,84.0,76.0,1.5,0.9,108.0,60.0,40.0,20.0,69.0,304.0,12.0,0.2,0.5,22.0,0.2,52.0,2.9,0.6,2024.0
Anchepalya Lake,ACP,2024-04-02,13.0596,77.5024,0.13874603984793,0.1689065403148418,0.2017758065408189,0.2291573676429175,0.2470896508025907,0.2619325471698115,0.2606467755561814,0.2954014291748801,0.2676962369754998,-0.2179987853356086,-0.2777145370017003,0.0692375121480961,0.0892485524743178,1.1999984648443085,1.16476293621634,04/24,3599.0,Anchepalya Lake,"E (Irrigation, industrial cooling and controlled waste)",0.9,7.8,2180.0,54.0,7.5,1200.0,7900.0,3.0,376.0,5.0,376.0,372.0,276.0,25.0,18.0,608.0,312.0,296.0,125.0,216.0,1432.0,10.0,0.32,0.5,34.0,0.2,42.0,4.0,0.8,2024.0
Anchepalya Lake,ACP,2024-05-02,13.0596,77.5024,0.1385414249507181,0.1687766903976224,0.1981197718205152,0.2234541643199097,0.2442133483525768,0.2622114509997183,0.2540427027597857,0.2905749647986483,0.2579921676992396,-0.2048747217543952,-0.2695441640309579,0.0650939866337454,0.0799843781716899,1.176746520519124,1.15196897596005,05/24,3599.0,Anchepalya Lake,"E (Irrigation, industrial cooling and controlled waste)",3.3,6.6,764.0,26.0,2.9,220.0,5400.0,3.0,176.0,5.0,176.0,124.0,193.0,3.5,3.0,208.0,108.0,100.0,31.0,68.0,506.0,12.0,0.31,0.5,15.0,0.33,39.0,2.0,0.88,2024.0
Anchepalya Lake,ACP,2024-06-01,13.0596,77.5024,0.1505532631653056,0.1795314731796554,0.1999525482247297,0.2264664390312589,0.2584176886792453,0.279195684314278,0.2713052661222191,0.2791287806251759,0.2430315122500703,-0.2071473532709816,-0.2225940020163466,0.0690358443325934,0.0523105388460291,1.114989682820027,1.166297646226963,06/24,3599.0,Anchepalya Lake,"D (Propagation of wild life,fisheries)",6.0,7.3,2107.0,8.0,8.5,240.0,3500.0,3.0,256.0,5.0,256.0,528.0,92.0,1.5,0.81,552.0,280.0,272.0,31.0,191.0,1412.0,10.0,0.2,0.5,28.0,0.52,41.0,4.0,0.26,2024.0
Anchepalya Lake,ACP,2024-09-19,13.0596,77.5024,0.1623107117713321,0.1938131371525074,0.2139128765295345,0.2429805618135736,0.2791070297099409,0.2990319593072372,0.2877349936637566,0.2937520627992113,0.2595312552802028,-0.2012344324766642,-0.2146462347849752,0.0730885832533169,0.0490506414918921,1.1092361840090164,1.180205002089166,09/24,3599.0,Anchepalya Lake,"D (Propagation of wild life,fisheries)",5.1,7.4,341.0,4.0,1.3,2400.0,17000.0,3.0,76.0,5.0,76.0,56.0,43.0,1.5,0.54,88.0,48.0,40.0,14.0,31.0,232.0,42.0,0.2,0.5,41.0,0.48,44.5,1.44,0.05,2024.0
Anchepalya Lake,ACP,2024-12-08,13.0596,77.5024,0.1179013587721767,0.1370818574963463,0.1508697233267991,0.1743099267811884,0.1992570085891297,0.2134044001689663,0.2056237010701209,0.2149046078569418,0.1871256899464939,-0.2038673161378254,-0.2296331191703029,0.0815304104712526,0.0471053091849616,1.1035794405738484,1.2099971657975217,12/24,3599.0,Anchepalya Lake,"D (Propagation of wild life,fisheries)",4.6,7.2,354.0,8.0,1.2,220.0,2800.0,3.0,88.0,5.0,88.0,28.0,80.0,1.5,0.53,104.0,60.0,44.0,20.0,27.0,234.0,12.0,0.37,0.5,8.0,0.2,34.0,1.1,0.92,2024.0
Anchepalya Lake,ACP,2025-01-07,13.0596,77.5024,0.1196927661222191,0.1400716593940156,0.1557289957021914,0.1764543755280203,0.1983437306392565,0.2120957159954943,0.2075609687411995,0.2143280026753027,0.1862310933539847,-0.1960459724465699,-0.2148316091812575,0.0674676576580024,0.0531072548097347,1.1164928886074428,1.1581717276986134,01/25,3599.0,Anchepalya Lake,"D (Propagation of wild life,fisheries)",6.4,7.8,405.0,6.0,1.55,680.0,4800.0,3.0,92.0,5.0,92.0,40.0,63.0,1.5,0.4,92.0,44.0,48.0,12.0,29.0,278.0,30.0,0.2,0.5,7.6,0.2,38.0,1.3,0.4,2025.0
Anchepalya Lake,ACP,2025-02-01,13.0596,77.5024,,,,,,,,,,,,,,,,02/25,3599.0,Anchepalya Lake,"E (Irrigation, industrial cooling and controlled waste)",3.3,7.0,393.0,21.0,1.5,920.0,7000.0,3.0,88.0,5.0,88.0,37.0,160.0,1.5,0.4,104.0,56.0,48.0,16.0,37.0,270.0,10.0,0.2,0.5,8.0,0.2,41.0,2.0,0.56,2025.0
Anchepalya Lake,ACP,2025-03-08,13.0596,77.5024,0.1301929914108701,0.1590421570948071,0.1866772710842688,0.2118803576457334,0.2331340995494227,0.2480330399887355,0.250559205153478,0.2657226520698394,0.2337832758377923,-0.2275262940154128,-0.2581623136214839,0.0706338714164582,0.0796577052099532,1.176026367505631,1.177508852179234,03/25,3599.0,Anchepalya Lake,"E (Irrigation, industrial cooling and controlled waste)",3.0,6.6,287.0,10.0,1.1,560.0,3900.0,3.0,56.0,5.0,56.0,40.0,108.0,1.6,1.23,124.0,72.0,52.0,7.641025641025641,16.0,196.0,84.0,0.2,0.5,9.0,0.2,21.0,1.0,0.33,2025.0
Anchepalya Lake,ACP,2025-04-02,13.0596,77.5024,,,,,,,,,,,,,,,,04/25,3599.0,Anchepalya Lake,"E (Irrigation, industrial cooling and controlled waste)",0.3,6.5,456.0,32.0,1.5,4600.0,35000.0,3.0,80.0,5.0,80.0,80.0,202.0,4.5,3.4,80.0,44.0,36.0,55.0,51.0,306.0,10.0,0.3,0.5,10.0,0.28,54.0,2.7,0.7,2025.0
Anchepalya Lake,ACP,2025-05-02,13.0596,77.5024,0.140406586172909,0.1712684948962487,0.1963263375834637,0.2226159814136861,0.2533653513094902,0.2666425971557308,0.2684435018304704,0.2957989791607998,0.2531118206139117,-0.2243098910884436,-0.2721907038932639,0.0696619182833375,0.0674581839843978,1.1492131953575466,1.171585294161393,05/25,3599.0,Anchepalya Lake,E,0.3,6.6,521.0,12.0,2.0,2600.0,9400.0,3.0,104.0,5.0,104.0,52.0,121.0,1.5,1.15,256.0,134.0,122.0,16.0,41.0,354.0,20.0,0.2,0.5,12.0,0.35,25.0,1.11,0.36,2025.0
Anchepalya Lake,ACP,2025-06-01,13.0596,77.5024,,,,,,,,,,,,,,,,06/25,3599.0,Anchepalya Lake,E,2.2,7.8,600.0,9.0,2.3,2000.0,12000.0,3.0,140.0,5.0,140.0,104.0,97.0,1.6,1.2,164.0,84.0,80.0,20.0,48.0,408.0,24.0,0.4,0.5,5.0,0.29,26.0,1.6,0.9,2025.0
Anchepalya Lake,ACP,2025-11-10,13.0596,77.5024,0.1366425513939735,0.1528514851295392,0.1620236352695583,0.1867892565474514,0.2214032913263868,0.2358537207828782,0.2311082863981975,0.2373025274570541,0.1999891861447477,-0.2028293615101626,-0.218451570187644,0.0739728806612158,0.0275560178817033,1.0588825194214404,1.1683410702268875,11/25,3599.0,Anchepalya Lake,D,6.4,6.7,845.0,4.0,3.24,527.8260869565217,9400.0,37.29577464788733,180.0,20.0,180.0,96.0,44.0,13.72,0.4,124.0,68.0,56.0,34.3,96.0,566.0,30.0,1.1027272727272728,0.5,8.0,0.3475,61.0,3.75,0.44,2025.0
Arakere Lake,ARK,2023-08-16,12.8944,77.5989,0.2016379446640316,0.2111984133838193,0.2156877432298283,0.2298,0.2507,0.2744,0.2442679841897233,0.3151,0.2964,-0.0726534227869504,-0.1975582610955012,0.0324909353403676,0.0098515173454612,1.020403239588064,1.0690457045605906,08/23,3615.0,ARAKERE LAKE,"D (Propagation of wild life,fisheries)",5.7,7.8,332.0,5.0,1.0,470.0,16000.0,5.352380952380953,96.0,5.0,96.0,40.0,48.0,4.120952380952382,0.4,100.0,56.0,44.0,12.0,19.0,224.0,19.257142857142856,0.3,0.5,10.0,0.22,41.0,1.8751428571428568,0.4595238095238095,2023.0
Arakere Lake,ARK,2023-10-10,12.8944,77.5989,0.1104750255164889,0.1341174602221671,0.1399805931439265,0.165732400661669,0.2081071270193221,0.2242950339633266,0.2192775490092563,0.2277110336817655,0.1862050469855349,-0.2433268746998316,-0.2727108829502797,0.1099361893236723,0.0129878797235021,1.0350468042627428,1.3494185072999727,10/23,3615.0,ARAKERE LAKE,"D (Propagation of wild life,fisheries)",4.2,7.6,786.0,8.0,3.0,6300.0,54000.0,3.0,176.0,5.0,110.66666666666669,82.66666666666667,88.0,10.478663793103449,0.89,180.0,96.0,84.0,9.333333333333334,69.0,534.0,69.93013100436681,0.56,0.5,5.0,0.39,44.0,2.0,1.72,2023.0
Arakere Lake,ARK,2023-12-24,12.8944,77.5989,0.1166220568049836,0.1315475521177893,0.1350100839769048,0.1523941048111779,0.1835469327420546,0.2022512230317107,0.1982512547073523,0.2061581987118571,0.1840457888994475,-0.2107014481738653,-0.2316229517495745,0.0784383922416679,0.0073704352090388,1.0230136202107294,1.2274712695469554,12/23,3615.0,ARAKERE LAKE,"E (Irrigation, industrial cooling and controlled waste)",3.0,7.0,448.0,29.0,2.0,4600.0,35000.0,3.0,84.0,5.0,84.0,56.0,172.0,3.7,2.9,104.0,56.0,48.0,17.0,43.0,308.0,34.0,0.2,0.5,20.0,0.27,42.0,2.0,0.15,2023.0
Arakere Lake,ARK,2024-03-03,12.8944,77.5989,0.11918581635167,0.1394485521581585,0.1495425546894437,0.1735920353359379,0.201333618414106,0.2209094780558194,0.2188651251187837,0.2375111322282053,0.2134339457290676,-0.2228783033517839,-0.2727791196241751,0.0935240076199696,0.0311019017699878,1.0684526495344513,1.28001832384247,03/24,3615.0,Arakere Lake,"E (Irrigation, industrial cooling and controlled waste)",3.4,8.2,669.0,12.0,1.6,3300.0,11000.0,3.0,192.0,5.0,192.0,132.0,147.0,1.5,0.9,172.0,92.0,80.0,20.0,70.0,456.0,66.0,1.01,0.5,7.0,0.27,46.0,2.0,3.12,2024.0
Arakere Lake,ARK,2024-04-02,12.8944,77.5989,0.1311594938936403,0.1514516207626355,0.1665871291663027,0.1904576848625629,0.2171413895048043,0.2367438531658044,0.2359573293914757,0.2605142610776756,0.2405251539788124,-0.2200872395827201,-0.2722443520865995,0.0786715485242656,0.0471674886368362,1.100385257745765,1.2026118787099065,04/24,3615.0,Arakere Lake,"D (Propagation of wild life,fisheries)",4.9,7.5,389.0,6.0,0.8,2100.0,9400.0,3.0,164.0,5.0,164.0,68.0,75.0,1.5,0.42,136.0,72.0,64.0,11.666666666666666,43.0,288.0,10.0,0.2,0.5,5.0,0.38,39.0,1.4,0.05,2024.0
Arakere Lake,ARK,2024-05-02,12.8944,77.5989,0.1376599267940731,0.1568055363905004,0.1670081230591801,0.1887867455038189,0.2190162355259917,0.2417194312462605,0.2354625875479534,0.2613886601203676,0.2341997677119628,-0.2013938203823036,-0.2556908235870069,0.0705811526100126,0.0291691091961112,1.0627264601491453,1.1755353115541718,05/24,3615.0,Arakere Lake,"E (Irrigation, industrial cooling and controlled waste)",3.2,7.7,509.0,25.0,1.8,260.0,3500.0,3.0,96.0,5.0,96.0,64.0,168.0,1.5,1.0,84.0,48.0,36.0,16.0,62.0,340.0,88.0,0.41,0.5,17.0,0.28,56.0,3.0,1.0,2024.0
Arakere Lake,ARK,2024-06-01,12.8944,77.5989,0.1418757399781789,0.1617052438357679,0.1690176046979078,0.1923103755323268,0.2321123922148313,0.2595523176010984,0.2486749058529547,0.2566484390947803,0.2273750677506776,-0.2128165014869127,-0.23381759950328,0.0743659599410763,0.0201303208584128,1.0439432124019206,1.182257979967344,06/24,3615.0,Arakere Lake,"E (Irrigation, industrial cooling and controlled waste)",3.8,7.7,634.0,16.0,2.3,1700.0,13000.0,3.0,116.0,5.0,116.0,76.0,108.0,1.5,4.1,152.0,80.0,72.0,22.0,73.0,432.0,36.0,0.3,0.5,14.0,0.23,48.0,2.6,0.7,2024.0
Arakere Lake,ARK,2024-09-19,12.8944,77.5989,0.1416204167106605,0.1605779819359112,0.1650834053001436,0.1916419702248969,0.227862777601802,0.2496610072853975,0.2442152007883716,0.2585348009713861,0.2342555344384614,-0.2143229294317573,-0.2452476918307677,0.0900645820135368,0.0138912512997046,1.0319125548168415,1.2491613062906808,09/24,3615.0,Arakere Lake,"D (Propagation of wild life,fisheries)",4.8,7.4,973.0,5.0,4.0,170.0,2400.0,3.0,248.0,5.0,248.0,176.0,44.0,1.5,0.65,208.0,108.0,24.0,100.0,98.0,678.0,80.0,2.7,0.5,26.0,0.29,51.0,3.0,7.2,2024.0
Arakere Lake,ARK,2024-12-08,12.8944,77.5989,0.1138888360961531,0.1299077926872083,0.1340288710990713,0.1554806673001796,0.1865093865484109,0.2058518565445395,0.2004452046598387,0.2167413472706154,0.1898756238341605,-0.2175782312033698,-0.2588117731320516,0.092729006136808,0.004350192058515,1.0170346369481946,1.266295078368142,12/24,3615.0,Arakere Lake,"D (Propagation of wild life,fisheries)",6.3,7.5,598.0,6.0,3.4,310.0,3500.0,3.0,140.0,5.0,140.0,108.0,63.0,1.5,0.4,160.0,84.0,76.0,20.0,58.0,408.0,14.0,0.2,0.5,8.0,0.2,42.0,2.0,0.05,2024.0
Arakere Lake,ARK,2025-01-07,12.8944,77.5989,0.1171676239749411,0.1336268185492783,0.138344750920405,0.1587349839862035,0.1874928307464891,0.2039014359624114,0.2040517439200366,0.2144910463520219,0.1904654207581036,-0.2196915357817181,-0.243663482198499,0.0820642719303384,0.0167484606526514,1.0395532434630574,1.2215954616335998,01/25,3615.0,Arakere Lake,"D (Propagation of wild life,fisheries)",5.2,7.2,1105.0,12.0,4.2,310.0,2800.0,3.0,212.0,5.0,212.0,228.0,130.0,1.5,0.4,196.0,104.0,92.0,48.0,150.0,752.0,22.0,0.3,0.5,29.0,0.25,58.0,4.7,0.7,2025.0
Arakere Lake,ARK,2025-02-01,12.8944,77.5989,,,,,,,,,,,,,,,,02/25,3615.0,Arakere Lake,"D (Propagation of wild life,fisheries)",4.6,8.0,766.0,5.0,2.94,110.0,2400.0,3.0,136.0,5.0,136.0,100.0,62.0,1.5,0.4,104.0,66.0,38.0,6.0,84.0,522.0,10.0,0.2,0.5,17.0,0.2,59.0,3.58,0.32,2025.0
Arakere Lake,ARK,2025-03-08,12.8944,77.5989,0.1097779924682363,0.1266073350358763,0.1378876915210001,0.1573723190089045,0.185521409214092,0.2033009925034314,0.2039718509133145,0.2290885932495689,0.2070947453630381,-0.2271678202325235,-0.2868198439652182,0.0741017338483463,0.0367087301931815,1.0809996896815042,1.1866051608864938,03/25,3615.0,Arakere Lake,"D (Propagation of wild life,fisheries)",4.7,8.2,732.0,8.0,2.81,480.0,3500.0,3.0,144.0,5.0,144.0,104.0,81.0,1.5,0.4,216.0,140.0,76.0,7.256410256410256,91.0,502.0,66.0,0.2,0.5,22.0,0.35,45.0,2.69,0.05,2025.0
Arakere Lake,ARK,2025-04-02,12.8944,77.5989,,,,,,,,,,,,,,,,04/25,3615.0,Arakere Lake,"D (Propagation of wild life,fisheries)",5.9,7.5,1448.0,6.0,5.84,220.0,1300.0,3.0,160.0,5.0,160.0,308.0,72.0,1.5,0.43,180.0,96.0,84.0,66.0,33.0,992.0,10.0,0.2,0.5,11.0,0.65,60.0,4.31,0.05,2025.0
Arakere Lake,ARK,2025-05-02,12.8944,77.5989,0.2246983394118103,0.2426214313765165,0.249912913075529,0.2757308295181191,0.3196771009544502,0.3370162799720648,0.3007740513695973,0.3012254209668656,0.2438569643827111,-0.1137013883955187,-0.1156892887874288,0.0514225285595957,0.0186807095627978,1.0424094940361166,1.1135565242670231,05/25,3615.0,Arakere Lake,D,5.9,8.1,524.0,5.0,2.0,240.0,3500.0,3.0,92.0,5.0,92.0,48.0,60.0,1.5,0.91,96.0,56.0,40.0,49.0,68.0,356.0,10.0,0.2,0.5,9.0,0.46,58.0,3.0,0.39,2025.0
Arakere Lake,ARK,2025-06-01,12.8944,77.5989,,,,,,,,,,,,,,,,06/25,3615.0,Arakere Lake,D,4.5,7.8,732.0,8.0,2.9,240.0,1700.0,3.0,112.0,5.0,112.0,120.0,96.0,1.5,0.4,124.0,68.0,56.0,35.0,85.0,494.0,12.0,0.2,0.5,11.0,0.37,60.0,3.0,0.05,2025.0
Arakere Lake,ARK,2025-11-10,12.8944,77.5989,0.1476341920951677,0.1610794811247752,0.1637190828282814,0.1872085911378596,0.2262078661176222,0.2415167775314116,0.2388714884031956,0.2460818780135856,0.204282916270721,-0.194321070225707,-0.2080230776665335,0.0734548919576185,0.0033594292531756,1.0092215880978497,1.175652795322034,11/25,3615.0,Arakere Lake,D,5.8,6.8,326.0,5.0,1.3,1044.927536231884,9400.0,30.08450704225352,56.0,20.0,56.0,48.0,56.0,10.045454545454543,0.48,88.0,48.0,40.0,13.0,30.0,220.0,14.0,0.37,0.5,6.0,0.31,40.0,1.38,0.485,2025.0
Basavanapura Lake,BSV,2023-08-16,12.9985,77.6808,,,,,,,,,,,,,,,,08/23,4542.0,BASAVANAPURA LAKE,"D (Propagation of wild life,fisheries)",5.7,7.8,310.0,5.0,1.0,4000.0,54000.0,4.980952380952381,92.0,5.0,92.0,40.0,64.0,4.212380952380952,0.4,96.0,56.0,40.0,11.0,34.0,208.0,18.742857142857144,0.3,0.5,10.0,0.2,41.0,1.8948571428571428,0.4738095238095238,2023.0
Basavanapura Lake,BSV,2023-10-10,12.9985,77.6808,0.0741982616651417,0.1094392995759126,0.1091566015052217,0.1599103490745302,0.2672268315856146,0.2968650749524948,0.3015946688718418,0.2566607643043142,0.1693848265184038,-0.4556247083762202,-0.4042700185013308,0.2012847747762851,-0.0120473609727764,0.983632365106985,1.5570720473131647,10/23,4542.0,BASAVANAPURA LAKE,"D (Propagation of wild life,fisheries)",5.7,6.5,540.0,5.0,2.0,4300.0,92000.0,3.0,124.0,5.0,124.0,68.0,64.0,10.010560344827589,0.49,132.0,72.0,60.0,12.0,52.0,372.0,78.52401746724891,0.91,0.5,13.0,0.2,43.0,2.0,3.0,2023.0
Basavanapura Lake,BSV,2023-12-24,12.9985,77.6808,0.0820060841720036,0.1083980154760485,0.1186084737199617,0.154834189598142,0.2275408086424096,0.2559836934337391,0.2568581919909915,0.2664484727989301,0.2050448201843902,-0.4038992759364242,-0.4238052274768037,0.1467434744084975,0.0371666513886839,1.0820648272184266,1.3929612809046297,12/23,4542.0,BASAVANAPURA LAKE,"D (Propagation of wild life,fisheries)",5.7,7.8,409.0,5.0,1.0,580.0,9200.0,3.0,80.0,5.0,80.0,56.0,60.0,1.5,0.4,88.0,52.0,36.0,25.0,65.0,276.0,22.0,0.2,0.5,16.0,0.22,57.0,3.0,0.35,2023.0
Basavanapura Lake,BSV,2024-03-03,12.9985,77.6808,0.0952613589978182,0.1323931097018973,0.1623364600960999,0.2010401928355267,0.2566096875219929,0.2829581075374763,0.2873563621648249,0.3175106235484552,0.2594119149834611,-0.3678805347585056,-0.4146896112085698,0.1164093934184768,0.0972822193095626,1.219584633276117,1.3026347554680848,03/24,4542.0,Basavanapura Lake,"D (Propagation of wild life,fisheries)",4.4,7.4,641.0,8.0,1.1,11000.0,33000.0,3.0,148.0,5.0,148.0,100.0,83.0,1.5,0.4,192.0,104.0,88.0,23.0,60.0,370.0,68.0,0.2,0.5,8.0,0.32,39.0,2.0,0.05,2024.0
Basavanapura Lake,BSV,2024-06-01,12.9985,77.6808,0.304350215633423,0.2786623181780233,0.2536343133011757,0.2728061859838274,0.3111879919137466,0.3346297574123988,0.3447764285714285,0.308858409703504,0.2493447978436657,-0.1071309683945906,-0.0523999535105416,0.0376556599571441,-0.0486538630652611,0.9091287205161978,1.0802550157655129,06/24,4542.0,Basavanapura Lake,"D (Propagation of wild life,fisheries)",4.2,7.4,591.0,9.0,2.0,1300.0,4900.0,3.0,104.0,5.0,104.0,96.0,84.0,1.5,0.89,100.0,56.0,44.0,18.0,66.0,402.0,48.0,0.2,0.5,18.0,0.24,54.0,2.9,0.4,2024.0
Basavanapura Lake,BSV,2024-09-19,12.9985,77.6808,0.0911183616018015,0.1236636179000992,0.1356069184466121,0.1832086600042227,0.2775694207896401,0.315689499612921,0.3138237982968541,0.2995715250897316,0.2242821873460483,-0.4283028855843623,-0.4187846302944621,0.1636024884974525,0.0361258718021082,1.0814838252866856,1.442682099416927,09/24,4542.0,Basavanapura Lake,"E (Irrigation, industrial cooling and controlled waste)",1.5,7.1,1140.0,20.0,8.6,260.0,9200.0,3.0,356.0,5.0,356.0,204.0,156.0,19.0,14.0,392.0,200.0,192.0,48.0,114.0,782.0,30.0,0.2,0.5,19.3,0.29,37.0,2.5,0.7,2024.0
Basavanapura Lake,BSV,2024-12-08,12.9985,77.6808,0.0684961644028432,0.0918315856083907,0.0959312199988611,0.131317369272996,0.2147167992117672,0.245286557815469,0.2458548912660989,0.2445209515096065,0.1828840840312479,-0.449576244004551,-0.457436803277099,0.1772894273430265,0.0079859843327921,1.023185375735135,1.5069837662941914,12/24,4542.0,Basavanapura Lake,"D (Propagation of wild life,fisheries)",4.4,7.0,908.0,5.0,3.5,170.0,3500.0,3.0,208.0,5.0,208.0,152.0,58.0,1.5,0.56,248.0,128.0,120.0,37.0,89.0,618.0,10.0,0.22,0.5,18.0,0.2,42.0,2.46,0.62,2024.0
Basavanapura Lake,BSV,2025-03-08,12.9985,77.6808,0.1002268034344429,0.1213983456424656,0.1405204585699962,0.1723818460130901,0.2192965338869729,0.2430835280456047,0.2495357766204518,0.2885328946442397,0.2278696002533606,-0.341726496995596,-0.4065295413745391,0.1065501363552473,0.0692145680810493,1.151998820712798,1.2563950510311186,03/25,4542.0,Basavanapura Lake,"D (Propagation of wild life,fisheries)",5.8,6.7,396.0,5.0,1.3,930.0,4900.0,3.0,88.0,5.0,88.0,68.0,60.0,1.5,0.55,104.0,60.0,44.0,5.589743589743589,61.0,266.0,74.0,0.2,0.5,11.0,0.28,53.0,3.0,0.05,2025.0
Basavanapura Lake,BSV,2025-04-02,12.9985,77.6808,,,,,,,,,,,,,,,,04/25,4542.0,Basavanapura Lake,"D (Propagation of wild life,fisheries)",5.3,6.8,646.0,5.0,2.6,220.0,1200.0,3.0,140.0,5.0,140.0,92.0,60.0,1.5,0.4,112.0,60.0,52.0,7.0,55.0,442.0,10.0,0.37,0.5,4.0,0.22,50.0,2.27,1.04,2025.0
Basavanapura Lake,BSV,2025-05-02,12.9985,77.6808,0.0869279893025546,0.1259300338847774,0.1334644585957445,0.1867212928425645,0.2800576360053486,0.3080390491941727,0.3081721971989583,0.2866346153846153,0.2024568090646773,-0.4155935871823466,-0.393419801456577,0.1792027933208878,0.0223722311405888,1.0494190852129424,1.4805692974472906,05/25,4542.0,Basavanapura Lake,D,5.2,7.2,617.0,5.0,2.4,43.0,1600.0,3.0,128.0,5.0,128.0,84.0,50.0,1.5,0.6,112.0,64.0,48.0,7.0,74.0,420.0,30.0,0.2,0.5,21.0,0.44,53.0,3.0,0.05,2025.0
Basavanapura Lake,BSV,2025-06-01,12.9985,77.6808,,,,,,,,,,,,,,,,06/25,4542.0,Basavanapura Lake,D,5.2,7.1,556.0,10.0,2.1,2100.0,9400.0,3.0,144.0,5.0,144.0,104.0,108.0,2.0,1.5,100.0,52.0,48.0,9.0,73.0,384.0,22.0,0.2,0.5,4.0,0.36,60.0,3.2,0.18,2025.0
Basavanapura Lake,BSV,2025-11-10,12.9985,77.6808,,,,,,,,,,,,,,,,11/25,4542.0,Basavanapura Lake,D,5.9,6.8,330.0,6.0,1.33,3242.608695652174,4300.0,27.0,100.0,20.0,100.0,44.0,60.0,4.6000000000000005,0.4,112.0,60.0,52.0,9.0,26.0,224.0,29.0,0.484,0.5,2.0,0.26,33.0,1.07,0.302,2025.0
Begur Tank,BGR,2023-08-16,12.874,77.622,,,,,,,,,,,,,,,,08/23,3619.0,BEGUR TANK,"D (Propagation of wild life,fisheries)",5.4,7.7,825.0,6.0,3.0,4300.0,92000.0,5.476190476190476,140.0,5.0,140.0,152.0,56.0,4.09047619047619,0.4,164.0,88.0,76.0,35.0,98.0,554.0,19.42857142857143,0.29,0.5,25.0,0.35,41.0,1.8685714285714283,0.4547619047619048,2023.0
Begur Tank,BGR,2023-10-10,12.874,77.622,0.0475383424247756,0.0891682531088774,0.0833828540791246,0.151291356677811,0.3069889389407004,0.3485036705965156,0.355060974837234,0.2441930881576633,0.1484938835122293,-0.5904804998225486,-0.4773626432431013,0.3342760444786508,-0.0788841349578396,0.8893910194987859,2.27164429199646,10/23,3619.0,BEGUR TANK,"D (Propagation of wild life,fisheries)",4.1,7.7,791.0,9.0,3.0,9400.0,92000.0,3.0,144.0,5.0,144.0,132.0,84.0,10.361637931034483,0.99,100.0,56.0,44.0,6.0,71.0,538.0,72.07860262008734,0.2,0.5,6.0,0.35,58.0,3.0,0.05,2023.0
Begur Tank,BGR,2023-12-24,12.874,77.622,0.0680609994721098,0.0930580502842359,0.1003522891348702,0.1418890304416681,0.2274424881224705,0.2591508639802923,0.2629835192679922,0.2420229456273095,0.1767753369699104,-0.4816635050972614,-0.4549095277190952,0.1959556240423106,0.0214008662014339,1.0543017611033578,1.5507863700222912,12/23,3619.0,BEGUR TANK,"E (Irrigation, industrial cooling and controlled waste)",2.5,6.9,540.0,35.0,2.0,790.0,9200.0,3.0,120.0,5.0,120.0,92.0,184.0,3.9,3.0,124.0,68.0,56.0,32.0,43.0,372.0,50.0,0.2,0.5,20.0,0.25,38.0,2.0,0.31,2023.0
Begur Tank,BGR,2024-03-03,12.874,77.622,0.1141404504663029,0.1591966779358828,0.2097319904316925,0.2448279500263944,0.2779088931902165,0.3016459158894949,0.301505901812423,0.3773550519092031,0.3124115607953546,-0.3145059494353907,-0.4101140998775147,0.0854571637406543,0.1310811536440199,1.3108584024923513,1.19760689022165,03/24,3619.0,Begur Tank,"E (Irrigation, industrial cooling and controlled waste)",3.5,7.28,998.0,11.0,2.3,1700.0,7900.0,3.0,200.0,5.0,200.0,156.0,103.0,1.5,0.61,244.0,128.0,116.0,31.0,92.0,680.0,18.0,0.2,0.5,8.0,0.42,44.0,3.0,0.05,2024.0
Begur Tank,BGR,2024-04-02,12.874,77.622,0.1197549604082351,0.1609487173807111,0.2124275178315039,0.2482726376913602,0.2819393594932254,0.3053445046630298,0.3067855710012319,0.3864392398381138,0.3258463628365299,-0.3152462066485723,-0.4140225200526671,0.0837975474548608,0.1337944007076643,1.3143102558745976,1.1909618084885796,04/24,3619.0,Begur Tank,"D (Propagation of wild life,fisheries)",5.4,7.2,1274.0,7.0,2.95,930.0,4900.0,3.0,172.0,5.0,172.0,164.0,75.0,1.5,3.06,192.0,100.0,92.0,19.0,102.0,860.0,12.0,0.98,0.5,15.0,0.3,51.0,3.2,3.0,2024.0
Begur Tank,BGR,2024-05-02,12.874,77.622,0.1351473693471757,0.1767199010650666,0.222691750762938,0.2568506985746966,0.2893526060179481,0.3178223156783389,0.3132678550061588,0.3862603237726553,0.3217026253739222,-0.2813759817258255,-0.3742040628691818,0.0761287748853751,0.1117805873683495,1.2560519607307228,1.1710311056896368,05/24,3619.0,Begur Tank,"E (Irrigation, industrial cooling and controlled waste)",1.6,7.4,1832.0,17.0,6.4,2100.0,11000.0,3.0,148.0,5.0,148.0,328.0,144.0,2.5,1.8,164.0,88.0,76.0,34.0,204.0,1208.0,44.0,0.42,0.5,41.0,0.48,67.0,7.0,1.0,2024.0
Begur Tank,BGR,2024-06-01,12.874,77.622,0.1179901108569417,0.1539582337575145,0.1684403300922499,0.2152485131092733,0.3104095020235792,0.3529279816998066,0.3451927115959879,0.3308397677283125,0.2569391624142175,-0.3830742794263479,-0.3690302024926133,0.1337325247874066,0.0349151839055649,1.0794280861241392,1.3294852957969328,06/24,3619.0,Begur Tank,"E (Irrigation, industrial cooling and controlled waste)",2.6,7.5,1616.0,39.0,5.6,2600.0,17000.0,3.0,84.0,5.0,84.0,304.0,208.0,6.1,4.6,172.0,92.0,80.0,75.0,199.0,1068.0,52.0,0.28,0.5,35.0,0.44,68.0,7.0,0.78,2024.0
Begur Tank,BGR,2024-09-19,12.874,77.622,0.0877184831954953,0.1153503396813978,0.1224241034930941,0.1690855885975717,0.260044518740102,0.2969180960760161,0.2966324969206405,0.2585589371810665,0.1882803237726553,-0.4300287868571272,-0.3861796510383047,0.1786379521272668,0.0148714527820006,1.0425866248971158,1.495075677735808,09/24,3619.0,Begur Tank,"D (Propagation of wild life,fisheries)",6.0,7.5,880.0,4.0,3.0,210.0,3500.0,3.0,96.0,5.0,96.0,172.0,44.0,1.5,0.4,108.0,60.0,48.0,46.0,118.0,592.0,24.0,0.2,0.5,26.0,0.39,60.0,5.0,0.32,2024.0
Begur Tank,BGR,2024-12-08,12.874,77.622,0.088214985043111,0.1172219994477763,0.1264343624711351,0.1727382403660039,0.2630024775646667,0.2957629948970616,0.2949631075136373,0.2724422347351751,0.2041865669540735,-0.4376545657794217,-0.4116936235243169,0.1841209221527736,0.0156963032221863,1.0484401805358694,1.526922808803212,12/24,3619.0,Begur Tank,"D (Propagation of wild life,fisheries)",6.4,7.3,1148.0,4.0,4.4,33.0,1600.0,3.0,264.0,5.0,264.0,192.0,40.0,1.5,0.4,312.0,160.0,152.0,47.0,106.0,784.0,10.0,0.2,0.5,23.0,0.38,40.0,2.62,0.54,2024.0
Begur Tank,BGR,2025-01-07,12.874,77.622,0.0916897378145346,0.1216603766347391,0.1347720569072738,0.1785923772655287,0.261189153616048,0.2903157416857294,0.2962556853774415,0.2807802146753475,0.2143641281013551,-0.423632310031291,-0.4041815162608671,0.1570785977925307,0.0398239182006607,1.0927609113987466,1.412402833485931,01/25,3619.0,Begur Tank,"D (Propagation of wild life,fisheries)",5.9,7.3,1118.0,10.0,4.0,260.0,5400.0,3.0,196.0,5.0,196.0,220.0,111.0,1.5,0.4,212.0,108.0,104.0,47.0,151.0,772.0,10.0,0.2,0.5,30.0,0.23,57.0,4.5,0.23,2025.0
Begur Tank,BGR,2025-02-01,12.874,77.622,0.1277036029884319,0.1594464128102586,0.1762003694516714,0.2235753374035989,0.2905101582583548,0.3100870822622108,0.3071977948264781,0.321416637210797,0.2367214773457585,-0.3243401395401203,-0.3451567403573628,0.1293849989352775,0.0444250254760249,1.0972248102493714,1.3165770530884593,02/25,3619.0,Begur Tank,"D (Propagation of wild life,fisheries)",7.0,7.3,1273.0,4.0,4.9,460.0,2800.0,3.0,176.0,5.0,176.0,224.0,41.0,1.5,0.4,244.0,128.0,116.0,64.0,159.0,866.0,18.0,0.2,0.5,32.0,0.22,55.0,4.4,0.3,2025.0
Begur Tank,BGR,2025-03-08,12.874,77.622,0.0964453140946682,0.1301368433925104,0.1632930427281009,0.2009465106457858,0.2484947492521556,0.2729469435157491,0.2819664015484778,0.3237374626077779,0.2582352595460143,-0.3761368621924393,-0.4345768346539449,0.1155799643240712,0.1095117331788732,1.2522683715205731,1.2806485378382089,03/25,3619.0,Begur Tank,"D (Propagation of wild life,fisheries)",5.3,7.4,724.0,12.0,2.5,93.0,700.0,3.0,240.0,5.0,240.0,132.0,121.0,1.5,0.74,236.0,120.0,116.0,7.17948717948718,88.0,500.0,10.0,1.1,0.5,10.0,0.27,43.0,2.5,2.6,2025.0
Begur Tank,BGR,2025-04-02,12.874,77.622,,,,,,,,,,,,,,,,04/25,3619.0,Begur Tank,"D (Propagation of wild life,fisheries)",6.1,7.4,1415.0,5.0,5.71,340.0,3500.0,3.0,132.0,5.0,132.0,312.0,48.0,1.5,0.4,164.0,88.0,76.0,50.0,126.0,968.0,10.0,0.2,0.5,11.0,0.54,61.0,4.27,0.33,2025.0
Begur Tank,BGR,2025-05-02,12.874,77.622,0.1684941896885448,0.1736948298832154,0.18781893715071,0.2152850043990849,0.2517993172620096,0.2671400809431639,0.2706630371282773,0.3109788808727783,0.2319096744677107,-0.2227356416757111,-0.2890973860462453,0.0720048965265221,0.0407459803934735,1.0898772042649434,1.1610179031562595,05/25,3619.0,Begur Tank,D,5.1,7.7,1446.0,9.0,5.6,340.0,2400.0,3.0,180.0,5.0,180.0,304.0,89.0,1.5,0.61,228.0,120.0,108.0,68.0,174.0,984.0,18.0,0.2,0.5,43.0,0.72,57.0,5.0,0.36,2025.0
Begur Tank,BGR,2025-06-01,12.874,77.622,,,,,,,,,,,,,,,,06/25,3619.0,Begur Tank,E,2.1,7.7,1305.0,30.0,5.0,210.0,1700.0,3.0,196.0,5.0,196.0,324.0,210.0,14.1,10.7,204.0,104.0,100.0,55.0,207.0,894.0,30.0,0.2,0.5,4.0,0.63,68.0,6.3,0.2,2025.0
Begur Tank,BGR,2025-11-10,12.874,77.622,0.1770437726552877,0.2076060242710997,0.2354619602292393,0.263635396797466,0.2828639943691712,0.2942883617807497,0.2871531550237552,0.3529818652120361,0.2857805701214147,-0.1621162184476094,-0.2583996294450809,0.0595133402050895,0.0619929849334774,1.1359683371240392,1.134841972275827,11/25,3619.0,Begur Tank,D,5.7,7.1,329.0,6.0,1.2,1174.2028985507247,3500.0,28.281690140845072,64.0,20.0,64.0,52.0,60.0,8.481818181818182,0.4,92.0,52.0,40.0,12.0,32.0,224.0,28.0,0.9766666666666668,0.5,7.0,0.4333333333333333,40.0,1.45,1.205,2025.0
Bellandur Lake,BLR,2023-08-16,12.9265,77.6434,0.0433279876638396,0.0615392458943238,0.0507942939416987,0.1013675404780262,0.1989521202775636,0.2324335389360061,0.2292796453353893,0.1853776407093292,0.1120546646106399,-0.5762135888280593,-0.5012404880590806,0.3325880814252833,-0.0958335576024329,0.8261965513654762,1.9996684825363409,08/23,3602.0,BELLANDUR LAKE,"E (Irrigation, industrial cooling and controlled waste)",0.3,6.9,1186.0,18.0,2.8,3300.0,35000.0,7.952380952380952,328.0,5.0,328.0,208.0,192.0,3.480952380952381,2.16,256.0,136.0,120.0,16.0,132.0,810.0,22.857142857142858,0.56,0.5,12.0,0.21,41.0,1.737142857142857,0.3595238095238096,2023.0
Bellandur Lake,BLR,2023-10-10,12.9265,77.6434,0.0086332746788667,0.0340426324116639,0.0232461481906254,0.0563726165757522,0.11531542495161,0.1344198873834244,0.131822755586838,0.095981780749604,0.0492869505542847,-0.180936273593443,-0.3459585507165386,0.3813002691325361,-0.2005060188489009,0.6799841484587968,2.6026418707096424,10/23,3602.0,BELLANDUR LAKE,"E (Irrigation, industrial cooling and controlled waste)",1.9,7.1,997.0,51.0,4.0,340000.0,2400000.0,3.0,344.0,5.0,344.0,92.0,212.0,9.50344827586207,14.6,320.0,164.0,156.0,31.0,66.0,686.0,87.83406113537117,0.6,0.5,26.0,0.3,29.0,2.0,1.27,2023.0
Bellandur Lake,BLR,2023-12-24,12.9265,77.6434,0.0300566778110153,0.0359258068488498,0.0307541229351293,0.0483813267640331,0.0910229773007214,0.1070074362132676,0.1108364490585958,0.0832597536512406,0.0487819461551996,-0.365938885703242,-0.3019820408960271,0.1954077361269265,-0.0786014069648202,0.8590966113072858,1.5485050385952774,12/23,3602.0,BELLANDUR LAKE,"D (Propagation of wild life,fisheries)",4.2,7.5,1061.0,7.0,4.1,2200.0,24000.0,3.0,348.0,5.0,348.0,116.0,68.0,1.5,0.9,428.0,220.0,208.0,10.0,112.0,734.0,10.0,1.6,0.5,31.0,0.44,34.0,2.4,2.6,2023.0
Bellandur Lake,BLR,2024-03-03,12.9265,77.6434,0.0583666303008974,0.0686668204968609,0.0641576387555838,0.0852459229280309,0.1111721238782334,0.1248964209044519,0.1248523350343129,0.1263698293155025,0.085979975365124,-0.1833842370351345,-0.1997722953085005,0.1262401058388965,-0.047469893147596,0.9175603271116808,1.3112012837886695,03/24,3602.0,Bellandur Lake,"D (Propagation of wild life,fisheries)",4.4,7.1,646.0,8.0,2.3,2200.0,13000.0,3.0,84.0,5.0,84.0,100.0,96.0,1.5,0.4,96.0,56.0,40.0,38.0,78.0,432.0,40.0,0.26,0.5,21.0,0.34,58.0,3.0,0.66,2024.0
Bellandur Lake,BLR,2024-04-02,12.9265,77.6434,0.048493605490058,0.0655764877954807,0.0666518178475605,0.08991090269224,0.1184194228400492,0.133503631884568,0.1386102551469295,0.1535811015308816,0.1092638887911316,-0.206207213598185,-0.3056581774497027,0.1211220126599696,-0.0297198885897198,0.9628988705948852,1.333413129044978,04/24,3602.0,Bellandur Lake,"E (Irrigation, industrial cooling and controlled waste)",0.3,7.7,1322.0,27.0,5.8,7800.0,23000.0,3.0,300.0,5.0,300.0,184.0,182.0,2.6,2.0,356.0,184.0,172.0,73.0,175.0,902.0,28.0,2.2,0.5,33.0,0.23,49.0,5.6,7.6,2024.0
Bellandur Lake,BLR,2024-05-02,12.9265,77.6434,0.0636566778110153,0.0808904875849263,0.0828376668831653,0.1067994333978532,0.1347529755410874,0.153975956361077,0.1507909062115081,0.1751687172268167,0.1263903818405772,-0.215520984732533,-0.3184001095474535,0.1207200108738011,-0.0059625695808313,0.9968498942865264,1.3014377006034905,05/24,3602.0,Bellandur Lake,"D (Propagation of wild life,fisheries)",4.1,7.2,1655.0,6.0,6.7,17000.0,49000.0,3.0,420.0,5.0,420.0,232.0,56.0,1.5,0.4,348.0,180.0,168.0,35.0,151.0,1108.0,10.0,0.22,0.5,13.0,0.2,47.0,2.0,0.52,2024.0
Bellandur Lake,BLR,2024-06-01,12.9265,77.6434,0.0745992363188456,0.0907130355781366,0.0807698785086637,0.1125748020411755,0.1889733133908147,0.2234329896181595,0.2191110258666198,0.1725301566074258,0.1115128206932958,-0.3479014933905558,-0.2731330471642195,0.1636642192566173,-0.067823120344064,0.8779037681326005,1.421275221304985,06/24,3602.0,Bellandur Lake,"E (Irrigation, industrial cooling and controlled waste)",6.2,7.6,2960.0,5.0,10.31,15.0,540.0,3.0,230.0,5.0,230.0,250.0,64.0,1.5,0.4,1490.0,760.0,730.0,49.0,137.0,1928.0,10.0,0.8,0.5,152.0,0.2,15.0,2.0,2.1,2024.0
Bellandur Lake,BLR,2024-09-19,12.9265,77.6434,0.0384715009677987,0.0561849795892827,0.0432275173436052,0.0765797958824563,0.1680850783037128,0.2030208446243182,0.2019077107161711,0.1350789899700863,0.0791793559739574,-0.4116149521998493,-0.3391195928346399,0.2633687460996228,-0.1540198234427039,0.7410613011589381,1.843695415898164,09/24,3602.0,Bellandur Lake,"D (Propagation of wild life,fisheries)",5.0,7.2,827.0,4.0,2.8,210.0,5400.0,3.0,156.0,5.0,156.0,132.0,44.0,1.5,0.86,188.0,100.0,88.0,31.0,81.8,540.0,20.0,1.16,0.5,14.7,0.24,46.0,2.6,3.2,2024.0
Bellandur Lake,BLR,2024-12-08,12.9265,77.6434,0.0357002393102234,0.0461952173613377,0.0328895900663976,0.0584499454513461,0.135357754707021,0.1611345099419321,0.1614743797290164,0.1004817138835122,0.0531324230160126,-0.3905075035620015,-0.2548471453954283,0.2647304367498572,-0.1782934363262747,0.7024422901851429,1.8213750922718164,12/24,3602.0,Bellandur Lake,"D (Propagation of wild life,fisheries)",5.7,6.7,435.0,4.0,1.7,1700.0,12000.0,3.0,96.0,5.0,96.0,68.0,41.0,1.5,0.4,116.0,60.0,56.0,18.0,35.0,298.0,10.0,0.2,0.5,8.0,0.26,37.0,1.42,0.05,2024.0
Bellandur Lake,BLR,2025-01-07,12.9265,77.6434,0.0273919690304416,0.0369849902951505,0.028199422880273,0.0538497061411226,0.1247065317613935,0.148829072672884,0.1524366355797994,0.1014804434277671,0.0555229245117016,-0.4888549358066809,-0.3764806184912201,0.2960031031404454,-0.1439429256033999,0.7555696551917823,1.9450884899456689,01/25,3602.0,Bellandur Lake,"D (Propagation of wild life,fisheries)",6.5,7.4,506.0,4.0,1.94,1200.0,7900.0,3.0,144.0,5.0,144.0,52.0,37.0,1.5,0.4,148.0,88.0,60.0,5.0,50.0,342.0,18.0,0.2,0.5,12.0,0.2,40.0,1.8,0.35,2025.0
Bellandur Lake,BLR,2025-02-01,12.9265,77.6434,,,,,,,,,,,,,,,,02/25,3602.0,Bellandur Lake,"E (Irrigation, industrial cooling and controlled waste)",3.2,6.9,1120.0,20.0,3.9,210.0,2200.0,3.0,360.0,5.0,360.0,92.0,144.0,2.0,1.3,324.0,168.0,156.0,31.0,85.0,738.0,150.0,0.2,0.5,9.0,0.21,35.0,2.0,0.58,2025.0
Bellandur Lake,BLR,2025-03-08,12.9265,77.6434,0.0495368643322189,0.0637631746299057,0.0563083091109975,0.0812615519971845,0.1331988491993664,0.1539416716522964,0.1595267886679571,0.1368919901460496,0.085847316558156,-0.2914111675197636,-0.2657471983498913,0.1653837566013651,-0.0790238384215186,0.8616556032080636,1.446806643905279,03/25,3602.0,Bellandur Lake,"D (Propagation of wild life,fisheries)",6.0,7.0,683.0,4.0,2.3,3900.0,21000.0,3.0,188.0,5.0,188.0,108.0,40.0,1.5,0.5,168.0,92.0,76.0,7.589743589743589,106.0,464.0,18.0,0.2,0.5,24.0,0.33,54.0,4.0,0.05,2025.0
Bellandur Lake,BLR,2025-04-02,12.9265,77.6434,,,,,,,,,,,,,,,,04/25,3602.0,Bellandur Lake,"E (Irrigation, industrial cooling and controlled waste)",2.9,7.8,998.0,9.0,3.83,170.0,2200.0,3.0,128.0,5.0,128.0,164.0,87.0,1.5,0.4,132.0,76.0,56.0,76.0,94.0,684.0,10.0,0.2,0.5,22.0,0.35,56.0,3.55,0.48,2025.0
Bellandur Lake,BLR,2025-05-02,12.9265,77.6434,0.071429966566954,0.0943327148298279,0.0821706070890314,0.1244682034136899,0.1965401161358436,0.2180639556572233,0.2149571106809783,0.1729058771775473,0.1053254970966038,-0.3163288336539798,-0.2561602889507643,0.1969315338312917,-0.0722359161078218,0.8682686315658912,1.5261411553237532,05/25,3602.0,Bellandur Lake,D,5.5,7.5,876.0,5.0,3.5,43.0,1600.0,3.0,200.0,5.0,200.0,152.0,58.0,1.5,0.4,200.0,104.0,96.0,8.0,97.0,596.0,14.0,0.3,0.5,8.0,0.28,50.0,3.0,1.0,2025.0
Bellandur Lake,BLR,2025-06-01,12.9265,77.6434,,,,,,,,,,,,,,,,06/25,3602.0,Bellandur Lake,D,6.0,7.6,814.0,5.0,3.1,310.0,2800.0,3.0,116.0,5.0,116.0,144.0,56.0,1.5,0.4,132.0,68.0,64.0,18.0,90.0,542.0,10.0,0.2,0.5,2.0,0.21,59.0,3.5,0.29,2025.0
Bellandur Lake,BLR,2025-11-10,12.9265,77.6434,0.0584046067218018,0.0715784133463893,0.0542427381443899,0.0845653387295442,0.1749668097835651,0.2026348759458032,0.2025479042759106,0.1232110751363716,0.0644219180010558,-0.3865573872795803,-0.1953093215038478,0.2074304851250817,-0.1401961946737865,0.7559806218940294,1.5610384616976345,11/25,3602.0,Bellandur Lake,E,2.4,7.4,922.0,30.0,3.71,624.7826086956522,1500.0,35.943661971830984,208.0,20.0,208.0,124.0,232.0,10.0,8.0,212.0,112.0,100.0,34.0,80.0,634.0,92.66666666666666,1.37,0.5,7.0,0.56,44.0,2.39,3.95,2025.0
Bhattarahalli Lake,BTH,2023-08-16,13.0116,77.7116,0.0777104396826573,0.109877000690112,0.08407874989023,0.1511279973307628,0.3285448876696077,0.3829613034774226,0.3829938459257062,0.2509160376659005,0.1478747386372061,-0.5543837166808177,-0.3919649990119341,0.2849187556647892,-0.1323431414710121,0.7678499223105467,1.805935694736996,08/23,4515.0,BHATTARAHALLI LAKE,"D (Propagation of wild life,fisheries)",4.8,7.7,815.0,7.0,2.14,310.0,9200.0,6.714285714285714,132.0,5.0,132.0,144.0,60.0,3.785714285714286,0.4,92.0,52.0,40.0,18.0,94.0,552.0,21.142857142857142,0.2,0.5,19.0,0.36,41.0,1.802857142857143,0.4071428571428571,2023.0
Bhattarahalli Lake,BTH,2023-10-10,13.0116,77.7116,0.0291857198156033,0.0701061691660821,0.0490090580307169,0.1197211352359503,0.2809523876552767,0.318369757539501,0.3256162860259703,0.199735981982616,0.1065998873913502,-0.640771020188076,-0.4830774718562451,0.4357088235773426,-0.1944172246866885,0.6880136041977631,2.688587837435299,10/23,4515.0,BHATTARAHALLI LAKE,"D (Propagation of wild life,fisheries)",6.1,8.0,758.0,4.0,3.0,460.0,5400.0,3.0,120.0,5.0,120.0,148.0,44.0,10.79073275862069,0.4,144.0,80.0,64.0,20.0,92.0,516.0,64.2008733624454,0.2,0.5,17.0,0.51,55.0,3.0,0.49,2023.0
Bhattarahalli Lake,BTH,2023-12-24,13.0116,77.7116,0.0478722736390189,0.0726966218538544,0.0656804484358313,0.1119819157546538,0.236413615089559,0.274311767603899,0.2805197417039094,0.2153159904282647,0.1304540521518809,-0.5915381071974224,-0.500559956214764,0.2840023962941574,-0.0737376750347116,0.8742455043075592,1.8516715861817168,12/23,4515.0,BHATTARAHALLI LAKE,"D (Propagation of wild life,fisheries)",4.6,7.7,816.0,7.0,3.0,4000.0,35000.0,3.0,116.0,5.0,116.0,136.0,64.0,1.5,0.41,128.0,68.0,60.0,52.0,71.0,554.0,10.0,0.2,0.5,8.0,0.32,52.0,25.0,0.05,2023.0
Bhattarahalli Lake,BTH,2024-03-03,13.0116,77.7116,0.0506974311151775,0.0806876381718716,0.0946662241577468,0.137329770911778,0.2255814618010345,0.2597404476193826,0.2700535665270788,0.2793797480381459,0.1923598866875461,-0.5485857024358419,-0.5615115508850221,0.2073716580552902,0.0636675845757196,1.149820529315588,1.5720924156670302,03/24,4515.0,Bhattarahalli Lake,"D (Propagation of wild life,fisheries)",5.9,8.5,907.0,7.0,3.6,3300.0,7900.0,40.0,84.0,20.0,124.0,176.0,60.0,1.5,0.51,80.0,44.0,36.0,34.0,73.0,616.0,20.0,0.2,0.5,6.0,0.48,64.0,4.0,0.05,2024.0
Bhattarahalli Lake,BTH,2024-04-02,13.0116,77.7116,0.079296709716015,0.1099059685630013,0.13161121852423,0.1731347503255093,0.2530044410036246,0.2868257627476509,0.2979675827849524,0.3147439103353626,0.2279708519548158,-0.466361609209551,-0.4897574659259708,0.1499513709056329,0.0803785183134799,1.184193543698881,1.375142897890564,04/24,4515.0,Bhattarahalli Lake,"D (Propagation of wild life,fisheries)",4.1,8.5,1151.0,12.0,3.7,320.0,3500.0,16.0,308.0,8.0,324.0,196.0,121.0,1.5,0.99,312.0,164.0,148.0,18.0,112.0,784.0,30.0,2.1,0.5,14.0,0.9,42.0,2.8,0.76,2024.0
Bhattarahalli Lake,BTH,2024-05-02,13.0116,77.7116,0.0908533940950839,0.1246021015819759,0.1519570367164781,0.1923902100855123,0.2585938487525071,0.2927325861280218,0.2966623464827391,0.3329333603124889,0.248501351303797,-0.4112179825550762,-0.4602774415781752,0.1274026737968231,0.0930958002010872,1.210633322520356,1.3075211001433855,05/24,4515.0,Bhattarahalli Lake,"D (Propagation of wild life,fisheries)",5.3,8.3,1152.0,4.0,4.4,230.0,1700.0,32.0,248.0,16.0,264.0,192.0,46.0,1.5,0.4,312.0,160.0,152.0,47.0,106.0,760.0,10.0,0.25,0.5,23.0,0.2,40.0,2.6,0.71,2024.0
Bhattarahalli Lake,BTH,2024-06-01,13.0116,77.7116,0.1592914874898828,0.1811019176007088,0.1726880247655556,0.2149367385719815,0.3419638491044089,0.3954964809796952,0.3907675053665058,0.3178982123376854,0.2211164971671887,-0.3668092578533755,-0.275330169082556,0.1120910766181682,-0.0268225599276723,0.9503285593982131,1.2560945753709976,06/24,4515.0,Bhattarahalli Lake,"E (Irrigation, industrial cooling and controlled waste)",2.7,7.0,802.0,16.0,2.8,310.0,3500.0,3.0,228.0,5.0,228.0,124.0,147.0,2.99,2.3,216.0,116.0,100.0,13.0,79.0,542.0,106.0,0.32,0.5,10.0,0.35,43.0,2.3,0.9,2024.0
Bhattarahalli Lake,BTH,2024-09-19,13.0116,77.7116,0.0492773902945419,0.0827635569246832,0.0681784176247199,0.1299349368335855,0.3011572614983986,0.354363641482211,0.3547387057043318,0.2353811063799835,0.1444919731146848,-0.6275286006396482,-0.49128396258098,0.3492313406931983,-0.1319868242937193,0.7786104840479064,2.155895262215944,09/24,4515.0,Bhattarahalli Lake,"D (Propagation of wild life,fisheries)",5.7,7.5,970.0,8.0,3.9,1700.0,7900.0,3.0,152.0,5.0,152.0,176.0,88.0,1.5,0.75,124.0,68.0,56.0,33.0,69.0,650.0,26.0,0.32,0.5,20.0,0.54,50.0,3.0,0.85,2024.0
Bhattarahalli Lake,BTH,2024-12-08,13.0116,77.7116,0.0407431361508955,0.0642580043240161,0.0494822117516688,0.0966567582784952,0.2348818911215117,0.2725574128162719,0.2756037020093604,0.1855643171341099,0.1104749938417145,-0.6242986055087177,-0.4940708218846411,0.3527537740907029,-0.1606601206995349,0.7346466403839481,2.1845146841066496,12/24,4515.0,Bhattarahalli Lake,"D (Propagation of wild life,fisheries)",5.6,7.4,620.0,9.0,2.9,63.0,920.0,3.0,216.0,5.0,216.0,104.0,80.0,1.6,1.2,176.0,96.0,80.0,21.0,68.0,422.0,16.0,0.2,0.5,6.0,0.2,44.0,2.2,0.5,2024.0
Bhattarahalli Lake,BTH,2025-01-07,13.0116,77.7116,0.0437294366048491,0.0692665587708096,0.0598606750090891,0.1073807474399127,0.2375126579160362,0.2740445789492204,0.2831119541119752,0.2066840588380195,0.1264451349544286,-0.6112378035064,-0.5057976593202009,0.3076970390310352,-0.0943287273167434,0.8363625412859069,1.9467737132895144,01/25,4515.0,Bhattarahalli Lake,"D (Propagation of wild life,fisheries)",6.1,7.5,921.0,5.0,3.5,310.0,3500.0,3.0,212.0,5.0,212.0,152.0,52.0,1.5,0.4,248.0,128.0,120.0,38.0,91.0,626.0,10.0,0.2,0.5,18.0,0.2,42.0,2.52,0.24,2025.0
Bhattarahalli Lake,BTH,2025-02-01,13.0116,77.7116,0.0492300629904634,0.0825758912417799,0.0806769468155071,0.1372370024985043,0.245026237815392,0.2716659464405109,0.278669124115846,0.2327490797761903,0.1452756167083083,-0.5482895815540126,-0.4836900161104079,0.2790395310949776,-0.0264431222599774,0.9569006663017704,1.822611786678004,02/25,4515.0,Bhattarahalli Lake,"D (Propagation of wild life,fisheries)",6.8,8.0,965.0,5.0,3.7,17.0,1600.0,3.0,156.0,5.0,156.0,176.0,50.0,1.5,0.78,104.0,56.0,48.0,21.0,108.0,656.0,10.0,0.2,0.5,17.0,0.37,65.0,4.6,0.3,2025.0
Bhattarahalli Lake,BTH,2025-03-08,13.0116,77.7116,0.0821236900446915,0.1123171972303771,0.1363808921154745,0.1717534891086322,0.2309957419854311,0.2568154309040364,0.2714606573529928,0.3173331632473518,0.2419662631523383,-0.4190999958336186,-0.4817918903936186,0.1273310017615717,0.0881053828323624,1.1996768408974483,1.3122975004508803,03/25,4515.0,Bhattarahalli Lake,"E (Irrigation, industrial cooling and controlled waste)",3.3,7.0,892.0,7.0,3.42,330.0,4300.0,3.0,128.0,5.0,128.0,164.0,70.0,1.5,0.59,172.0,104.0,68.0,6.153846153846154,110.0,592.0,18.0,0.2,0.5,22.0,0.51,54.0,3.65,0.05,2025.0
Bhattarahalli Lake,BTH,2025-04-02,13.0116,77.7116,,,,,,,,,,,,,,,,04/25,4515.0,Bhattarahalli Lake,"D (Propagation of wild life,fisheries)",5.8,8.1,806.0,7.0,0.3,170.0,2400.0,3.0,136.0,5.0,136.0,172.0,79.0,1.5,0.4,112.0,64.0,48.0,8.0,114.0,550.0,10.0,0.2,0.5,24.0,0.48,63.0,4.9,0.2,2025.0
Bhattarahalli Lake,BTH,2025-05-02,13.0116,77.7116,0.0692428018439666,0.1107250064586264,0.1080466306118427,0.1748378857726009,0.315053165358764,0.3504100749551324,0.3562064961114825,0.280832748002956,0.1793806453883237,-0.5251846777034533,-0.4387490889499515,0.2510834285503301,-0.0247451192339141,0.9597112924424674,1.707673147489743,05/25,4515.0,Bhattarahalli Lake,D,4.9,8.5,733.0,15.0,2.8,140.0,2400.0,32.0,124.0,16.0,140.0,168.0,156.0,1.7,1.3,84.0,44.0,40.0,9.8,98.0,506.0,36.0,0.3,0.5,2.0,0.22,70.0,4.6,0.71,2025.0
Bhattarahalli Lake,BTH,2025-06-01,13.0116,77.7116,,,,,,,,,,,,,,,,06/25,4515.0,Bhattarahalli Lake,D,5.9,8.2,811.0,5.0,3.4,310.0,2800.0,3.0,116.0,5.0,116.0,152.0,64.0,1.5,0.4,84.0,48.0,19.0,15.0,100.0,542.0,10.0,0.2,0.5,16.0,0.53,67.0,5.0,0.05,2025.0
Bhattarahalli Lake,BTH,2025-11-10,13.0116,77.7116,0.0669823802653341,0.0964035616174461,0.080875440928206,0.1393000035190201,0.2835086427138683,0.3220913291339691,0.3301016680156244,0.2229306049195903,0.1296303093218848,-0.547433970960858,-0.3983340665682141,0.277484933196707,-0.0995616034611323,0.8262001459068901,1.8058228512465109,11/25,4515.0,Bhattarahalli Lake,E,2.7,7.3,754.0,21.0,2.9,2402.3188405797105,2400.0,11.154929577464788,240.0,20.0,240.0,100.0,140.0,14.0,11.0,188.0,96.0,92.0,19.0,87.0,520.0,14.0,1.2,0.5,10.0,0.38,49.0,2.8,2.9,2025.0
Byrasandra Tank,BYT,2023-10-10,12.9638,77.5875,0.0506943892995424,0.0887890353681508,0.1141035976565473,0.1570701759943681,0.2489942133051741,0.2729971770503343,0.2724705103836676,0.2521753783878914,0.172410806054206,-0.5351433634673832,-0.5201928253102505,0.2657374600211205,0.0473335384251006,1.1785737032698187,2.4590551832867247,10/23,3595.0,BYRASANDRA TANK,"D (Propagation of wild life,fisheries)",5.1,6.9,500.0,7.0,2.0,4300.0,92000.0,3.0,116.0,5.0,116.0,36.0,88.0,11.804956896551724,0.4,132.0,72.0,60.0,25.0,39.0,338.0,45.58078602620088,0.52,0.5,13.0,0.2,36.0,1.4,1.42,2023.0
Byrasandra Tank,BYT,2023-12-24,12.9638,77.5875,0.0729250756775783,0.1030479690231138,0.1287638155014418,0.1611464554734249,0.2228034389299542,0.2422014853924673,0.2406589510735656,0.249054628651883,0.2045031045406547,-0.4260520332386069,-0.435819516431159,0.1710575187287958,0.0640998964029332,1.173279039514639,1.5420618799320494,12/23,3595.0,BYRASANDRA TANK,"E (Irrigation, industrial cooling and controlled waste)",3.1,6.9,459.0,16.0,2.0,7000.0,92000.0,3.0,100.0,5.0,100.0,40.0,112.0,2.26,1.7,112.0,64.0,48.0,19.0,49.0,312.0,24.0,0.5,0.5,13.0,0.2,45.0,2.0,1.2,2023.0
Byrasandra Tank,BYT,2024-03-03,12.9638,77.5875,0.0804303660682858,0.118604382366566,0.1460193272596122,0.1957778493488208,0.2792684195705734,0.3082497360084476,0.3076132664554735,0.2877930552622312,0.237253776839141,-0.4465075103359388,-0.4259269927154142,0.1983001211371832,0.0551485204086299,1.1598440945049042,1.647954372346346,03/24,3595.0,Byrasandra Tank,"D (Propagation of wild life,fisheries)",5.4,8.5,385.0,6.0,1.4,3100.0,17000.0,8.0,72.0,5.0,80.0,52.0,56.0,1.5,0.4,64.0,40.0,24.0,22.0,53.0,270.0,194.0,0.2,0.5,15.0,0.2,58.0,3.0,0.05,2024.0
Byrasandra Tank,BYT,2024-04-02,12.9638,77.5875,0.089104850404787,0.1199120493755872,0.1477592016411935,0.1861850686378035,0.2742665293910593,0.3089884125307989,0.3131406441393876,0.2972360401267159,0.2431819992960226,-0.4508314058114946,-0.4362945888687861,0.1523253716303746,0.0721770743883406,1.1800230502213558,1.4364541307588026,04/24,3595.0,Byrasandra Tank,"D (Propagation of wild life,fisheries)",4.7,8.6,456.0,7.0,1.5,320.0,3500.0,24.0,56.0,12.0,80.0,60.0,64.0,1.5,0.43,64.0,36.0,28.0,26.0,51.0,312.0,12.0,0.3,0.5,16.0,0.2,57.0,2.8,0.7,2024.0
Byrasandra Tank,BYT,2024-05-02,12.9638,77.5875,0.1007848820837732,0.1328572647687373,0.1610311333230371,0.1991603555086238,0.2804086166842658,0.3149113516367473,0.3100299894403377,0.2994590109116508,0.2455285885251669,-0.4044881389636562,-0.3918641994736641,0.1316054471956441,0.0716629194012991,1.173520438777828,1.3448929867322663,05/24,3595.0,Byrasandra Tank,"D (Propagation of wild life,fisheries)",6.2,7.8,735.0,6.3,3.6,3200.0,9400.0,3.0,256.0,5.0,256.0,116.0,54.0,1.5,0.86,252.0,132.0,120.0,19.0,111.0,434.0,12.0,0.6,0.5,30.0,0.2,45.0,0.32,1.3,2024.0
Byrasandra Tank,BYT,2024-06-01,12.9638,77.5875,0.0961266666666666,0.1279400323083265,0.1497426010267032,0.1896300527983104,0.2875039176346357,0.3281615381907777,0.3209667441041885,0.2912562090813095,0.23248200281591,-0.4328580242558275,-0.3964818245154658,0.1464591226542038,0.0540929833223901,1.1366273427434987,1.3975455915668404,06/24,3595.0,Byrasandra Tank,"E (Irrigation, industrial cooling and controlled waste)",2.9,6.9,687.0,18.0,2.4,210.0,3500.0,3.0,168.0,5.0,168.0,56.0,120.0,2.4,1.8,188.0,96.0,92.0,30.0,56.0,468.0,22.0,0.3,0.5,20.0,0.2,36.0,1.8,0.7,2024.0
Byrasandra Tank,BYT,2024-09-19,12.9638,77.5875,0.0880368954593452,0.1235285494904027,0.1520386632676119,0.193615142555438,0.2835411334037312,0.3158572368884196,0.3089596761703626,0.2982669060190071,0.2405823020063357,-0.449960385887682,-0.4369224574864567,0.1776455157943191,0.0603466838616282,1.1621121265688186,1.5916945622361924,09/24,3595.0,Byrasandra Tank,"D (Propagation of wild life,fisheries)",4.8,6.6,403.0,4.0,1.5,1400.0,4600.0,3.0,88.0,5.0,88.0,64.0,45.0,1.5,0.66,104.0,56.0,48.0,16.0,39.0,272.0,96.0,0.2,0.5,8.0,0.24,42.0,2.0,0.05,2024.0
Byrasandra Tank,BYT,2024-12-08,12.9638,77.5875,0.0685468602604716,0.0932829710678844,0.1143904542152476,0.1455006370996127,0.2136660014079548,0.236964435058078,0.2342501654347062,0.2374285744456176,0.1876550087997182,-0.4553403105919739,-0.4579688830528424,0.1904969532801249,0.0440937947124927,1.1384290869252924,1.6450428759089255,12/24,3595.0,Byrasandra Tank,"D (Propagation of wild life,fisheries)",6.3,7.6,423.0,4.0,1.6,3200.0,17000.0,3.0,92.0,5.0,92.0,64.0,44.0,1.5,0.4,112.0,60.0,52.0,17.0,41.0,288.0,110.0,0.2,0.5,8.0,0.21,42.0,2.0,0.05,2024.0
Byrasandra Tank,BYT,2025-01-07,12.9638,77.5875,0.0668400950369587,0.0968422104737306,0.1214453395843552,0.1568266525871171,0.2208269623372053,0.2402653572685674,0.242658345652939,0.2424097184090108,0.1947142133051741,-0.4593801338255568,-0.457122247809001,0.2000926054593255,0.0606119702648957,1.17207326597701,1.6836251271367086,01/25,3595.0,Byrasandra Tank,"D (Propagation of wild life,fisheries)",5.4,8.5,405.0,10.0,1.5,210.0,3500.0,40.0,52.0,20.0,72.0,44.0,109.0,1.5,0.4,52.0,32.0,20.0,16.0,43.0,276.0,38.0,0.2,0.5,13.0,0.2,57.0,2.6,0.1,2025.0
Byrasandra Tank,BYT,2025-02-01,12.9638,77.5875,,,,,,,,,,,,,,,,02/25,3595.0,Byrasandra Tank,"D (Propagation of wild life,fisheries)",6.8,7.1,1419.0,5.0,5.5,400.0,2400.0,3.0,292.0,5.0,292.0,44.0,57.0,1.5,0.4,856.0,432.0,424.0,247.0,49.0,964.0,14.0,0.2,0.5,25.0,0.2,11.0,0.7,0.1,2025.0
Byrasandra Tank,BYT,2025-03-08,12.9638,77.5875,0.0840528123900034,0.1220916616918229,0.1466626581722468,0.1954505807814149,0.2842243892995423,0.3099010102076733,0.3159899155227031,0.2914025871172122,0.2363205139035548,-0.4471811530908913,-0.4167996691668596,0.1916083607683768,0.0426095984860173,1.1344756634557989,1.6012076589519986,03/25,3595.0,Byrasandra Tank,"D (Propagation of wild life,fisheries)",5.5,8.2,348.0,6.0,1.2,5800.0,35000.0,3.0,72.0,5.0,72.0,52.0,52.0,1.5,0.4,72.0,44.0,28.0,7.743589743589744,55.0,232.0,112.0,0.2,0.5,16.0,0.2,56.0,0.89,0.05,2025.0
Byrasandra Tank,BYT,2025-04-02,12.9638,77.5875,,,,,,,,,,,,,,,,04/25,3595.0,Byrasandra Tank,"D (Propagation of wild life,fisheries)",5.0,7.0,466.0,5.0,1.2,3100.0,17000.0,3.0,104.0,5.0,104.0,76.0,55.0,1.5,0.84,124.0,64.0,60.0,20.0,46.0,316.0,10.0,0.2,0.5,9.0,0.29,42.0,2.0,0.05,2025.0
Byrasandra Tank,BYT,2025-05-02,12.9638,77.5875,0.0905969693769798,0.1267245435404739,0.1511471039735223,0.1934921471312916,0.2886162970784934,0.3182582646955293,0.3160233896515312,0.2972482787750791,0.2229164132347764,-0.4276407261143787,-0.4116096120279965,0.1560370211876963,0.063980360298033,1.1574428261428915,1.4425278503583507,05/25,3595.0,Byrasandra Tank,E,1.1,6.6,728.0,42.0,2.8,2600.0,11000.0,3.0,164.0,5.0,164.0,116.0,196.0,4.8,4.2,192.0,100.0,92.0,30.0,70.0,496.0,22.0,0.39,0.5,15.0,0.33,42.0,2.2,1.1,2025.0
Byrasandra Tank,BYT,2025-06-01,12.9638,77.5875,,,,,,,,,,,,,,,,06/25,3595.0,Byrasandra Tank,D,5.9,7.1,449.0,7.0,1.7,210.0,3500.0,3.0,160.0,5.0,160.0,48.0,74.0,1.5,0.4,140.0,72.0,68.0,14.0,43.0,310.0,10.0,0.32,0.5,2.0,0.2,39.0,1.6,0.75,2025.0
Byrasandra Tank,BYT,2025-11-10,12.9638,77.5875,,,,,,,,,,,,,,,,11/25,3595.0,Byrasandra Tank,D,5.6,7.8,454.0,7.0,1.3,398.5507246376812,3500.0,39.098591549295776,116.0,20.0,116.0,56.0,80.0,8.6,0.43,128.0,68.0,60.0,30.0,39.0,326.0,116.0,0.7463636363636363,0.5,11.0,0.315,37.0,1.4,0.29,2025.0
Chandapura Lake,CDP,2023-10-10,12.8419,77.6534,0.1286114493875828,0.1637101714707376,0.1804635043858598,0.2029318316204419,0.2305599852175137,0.2394545016190342,0.2369641876671828,0.2244526925242856,0.1744045931296634,-0.2022218666002662,-0.2031306218736567,0.1101151822581128,0.030293226388903,1.075400119192019,1.4053395125383628,10/23,4532.0,CHANDAPURA LAKE,"E (Irrigation, industrial cooling and controlled waste)",3.5,7.3,1180.0,10.0,5.6,4300.0,92000.0,3.0,340.0,5.0,340.0,156.0,92.0,8.372198275862068,1.1,464.0,236.0,228.0,21.0,162.0,810.0,108.60262008733623,1.2,0.5,30.0,0.4,41.0,3.3,2.9,2023.0
Chandapura Lake,CDP,2023-12-24,12.8419,77.6534,,,,,,,,,,,,,,,,12/23,4532.0,CHANDAPURA LAKE,"E (Irrigation, industrial cooling and controlled waste)",2.0,7.8,1948.0,18.0,8.6,230000.0,2400000.0,3.0,528.0,5.0,528.0,436.0,117.0,3.0,2.6,476.0,240.0,236.0,47.0,163.0,1328.0,12.0,0.2,0.5,37.0,0.42,40.0,3.2,0.4,2023.0
Chandapura Lake,CDP,2024-03-03,12.8419,77.6534,0.141069717020977,0.1749066979337578,0.195179223829932,0.2199059235534282,0.244037089961988,0.2588420350556102,0.2531901942841053,0.2543405568069831,0.2211772314514994,-0.193593904473187,-0.2121902334946903,0.0886875295556434,0.0458939805979649,1.1025636300719752,1.263059865200003,03/24,4532.0,Chandapura Lake,"E (Irrigation, industrial cooling and controlled waste)",0.3,7.19,2552.0,51.0,11.0,140000.0,490000.0,3.0,608.0,5.0,608.0,448.0,354.0,42.0,32.0,708.0,360.0,348.0,34.0,236.0,1736.0,150.0,0.96,0.5,28.0,0.67,45.0,5.0,2.97,2024.0
Chandapura Lake,CDP,2024-04-02,12.8419,77.6534,0.1518542904406589,0.1887591791996244,0.2134248774476936,0.240255170350556,0.2687486977333523,0.2849809411516262,0.2809922145572295,0.27959914472758,0.2472287132197662,-0.2115441569572611,-0.2324714513550163,0.0978046209812446,0.0516465338712407,1.120531990579028,1.3171369180087966,04/24,4532.0,Chandapura Lake,"E (Irrigation, industrial cooling and controlled waste)",0.3,7.1,2273.0,75.0,9.9,1400.0,4900.0,3.0,572.0,5.0,572.0,476.0,250.0,50.0,38.0,548.0,280.0,268.0,42.0,290.0,1548.0,46.0,6.3,0.5,40.0,0.39,51.0,7.5,15.0,2024.0
Chandapura Lake,CDP,2024-05-02,12.8419,77.6534,0.1525974764184147,0.1867209557885983,0.2072423907487485,0.2324619386174855,0.2624242784738841,0.2830307158946924,0.2718989863437983,0.2822912888920175,0.2478341193861749,-0.1957719567313352,-0.226575718688206,0.0802474828050443,0.0442226661241528,1.096360742904856,1.2175418774303648,05/24,4532.0,Chandapura Lake,"E (Irrigation, industrial cooling and controlled waste)",0.5,6.8,1614.0,39.0,2.84,17000.0,48000.0,3.0,316.0,5.0,316.0,220.0,200.0,8.9,6.6,180.0,96.0,84.0,12.0,129.0,1064.0,14.0,1.8,0.5,25.0,0.27,41.0,3.0,5.3,2024.0
Chandapura Lake,CDP,2024-06-01,12.8419,77.6534,0.1470923060678585,0.1782218075291688,0.1918697169143143,0.2196488913135294,0.2620792200478673,0.2882468956778825,0.274186122061101,0.2628637547515136,0.2214267633394341,-0.2212383604031629,-0.2112696030756438,0.0886694254881872,0.0275825268391101,1.0616666559982926,1.2257505532726394,06/24,4532.0,Chandapura Lake,"E (Irrigation, industrial cooling and controlled waste)",0.3,7.0,2081.0,26.0,7.2,92000.0,460000.0,3.0,588.0,5.0,588.0,324.0,210.0,32.2,24.8,564.0,288.0,276.0,32.0,201.0,1412.0,26.0,2.7,0.5,26.0,0.71,42.0,3.7,7.6,2024.0
Chandapura Lake,CDP,2024-09-19,12.8419,77.6534,0.1624982049838096,0.1970213115144236,0.2105861718108317,0.2376472652400395,0.2764736238209206,0.2971508834295367,0.2857734267211038,0.2689467196959031,0.2333355870758835,-0.2034910557093734,-0.1886612859410582,0.0939488877497642,0.0224103754292321,1.0508895533198743,1.2804207536770145,09/24,4532.0,Chandapura Lake,"E (Irrigation, industrial cooling and controlled waste)",0.7,7.4,1910.0,41.0,5.9,110000.0,490000.0,3.0,684.0,5.0,684.0,376.0,204.0,30.0,23.0,716.0,364.0,352.0,45.0,179.0,1308.0,82.0,0.2,0.5,30.0,0.27,34.0,3.0,0.9,2024.0
Chandapura Lake,CDP,2024-12-08,12.8419,77.6534,0.1282825235165146,0.1582924464915246,0.1689589958187672,0.1929692128156164,0.2248286724662282,0.2410387438998517,0.2348014498903742,0.2232846842068039,0.1934389065704787,-0.224170121587061,-0.2072839856312711,0.1036750964308055,0.0167207280211011,1.0428859182290533,1.317162947635524,12/24,4532.0,Chandapura Lake,"E (Irrigation, industrial cooling and controlled waste)",0.3,7.2,2120.0,70.0,9.5,14000.0,70000.0,3.0,496.0,5.0,496.0,360.0,332.0,24.0,19.0,580.0,296.0,284.0,86.0,170.0,1456.0,44.0,0.79,0.5,42.0,0.49,37.0,3.08,2.19,2024.0
Chandapura Lake,CDP,2025-01-07,12.8419,77.6534,0.127922926932282,0.1546439185602726,0.1658309198754423,0.1876429220047868,0.2161952449669154,0.2322800542024498,0.2303557053357735,0.2177070709559342,0.187100735604674,-0.2142118152454607,-0.194550360945159,0.0895782556074345,0.0234109197915594,1.0546630494964515,1.2462184966742942,01/25,4532.0,Chandapura Lake,"E (Irrigation, industrial cooling and controlled waste)",0.3,7.5,2380.0,62.0,9.0,17000.0,70000.0,3.0,584.0,5.0,584.0,452.0,244.0,37.6,52.0,628.0,316.0,312.0,36.0,244.0,1600.0,26.0,3.0,0.5,34.0,0.28,44.0,4.2,7.0,2025.0
Chandapura Lake,CDP,2025-02-01,12.8419,77.6534,0.1372986695762353,0.1679735292390662,0.1801280411961786,0.2017530972828385,0.232478157116711,0.2411154476981556,0.2346863719555118,0.2385498275376601,0.1963326200197102,-0.1834636479301525,-0.200546453115458,0.0855447096751871,0.0268198321347606,1.05864059869989,1.2470262189706418,02/25,4532.0,Chandapura Lake,"E (Irrigation, industrial cooling and controlled waste)",0.3,7.7,1368.0,25.0,5.25,1100.0,4900.0,3.0,124.0,5.0,124.0,108.0,274.0,91.5,61.0,640.0,142.0,498.0,47.0,171.0,936.0,22.0,0.61,0.5,42.0,0.53,32.0,2.94,1.55,2025.0
Chandapura Lake,CDP,2025-03-08,12.8419,77.6534,0.1226738948331691,0.1551126036164944,0.1741238382583196,0.1971605835562438,0.2309455934112348,0.2470240356187525,0.2474592672110376,0.237585548359848,0.2033268337322259,-0.2354069134502221,-0.2383000936756422,0.0974197807479809,0.0432600431577422,1.0996989546481828,1.310439535879652,03/25,4532.0,Chandapura Lake,"E (Irrigation, industrial cooling and controlled waste)",2.1,7.6,1847.0,28.0,5.4,21000.0,70000.0,3.0,420.0,5.0,420.0,404.0,201.0,28.2,24.0,468.0,240.0,228.0,5.769230769230769,191.0,1256.0,10.0,1.0,0.5,33.0,0.59,45.0,3.8,0.05,2025.0
Chandapura Lake,CDP,2025-04-02,12.8419,77.6534,,,,,,,,,,,,,,,,04/25,4532.0,Chandapura Lake,"D (Propagation of wild life,fisheries)",5.3,6.9,1498.0,5.0,5.8,210.0,1200.0,3.0,360.0,5.0,360.0,344.0,56.0,1.5,0.59,544.0,268.0,276.0,20.0,104.0,1020.0,10.0,0.2,0.5,12.0,0.45,34.0,2.45,0.44,2025.0
Chandapura Lake,CDP,2025-05-02,12.8419,77.6534,0.1737278473884274,0.2011264196536594,0.2119549942879035,0.2349281571167112,0.2749614740250599,0.288717696747853,0.2800562614388288,0.2738681331831623,0.2212812262424327,-0.1666069466056736,-0.1673858427716638,0.0709948179578355,0.0157328642060471,1.0370881573095576,1.1843174784924722,05/25,4532.0,Chandapura Lake,E,0.3,7.4,1657.0,39.0,5.9,21000.0,170000.0,3.0,396.0,5.0,396.0,372.0,272.0,26.0,29.0,516.0,264.0,252.0,37.0,131.0,1124.0,38.0,0.9,0.5,11.0,0.64,35.0,2.5,2.5,2025.0
Chandapura Lake,CDP,2025-06-01,12.8419,77.6534,,,,,,,,,,,,,,,,06/25,4532.0,Chandapura Lake,E,0.8,7.7,2200.0,45.0,8.4,2100.0,17000.0,3.0,508.0,5.0,508.0,360.0,256.0,14.0,10.0,600.0,304.0,296.0,90.0,182.0,1490.0,18.0,0.53,0.5,44.0,0.2,37.0,3.23,1.52,2025.0
Chandapura Lake,CDP,2025-11-10,12.8419,77.6534,0.1203762213149374,0.1376812649678633,0.1396422251252877,0.1613660425172463,0.1990329543854709,0.2134756828100802,0.2071821835844009,0.182369621990708,0.1456666619738139,-0.19418626161551,-0.1357837852859618,0.0827855675969784,-0.0008725154956634,1.001640349835685,1.2027515539144815,11/25,4532.0,Chandapura Lake,E,1.9,6.9,1254.0,27.0,5.0,2919.420289855073,4300.0,17.0,228.0,20.0,228.0,244.0,192.0,8.0,6.0,316.0,164.0,152.0,15.0,116.0,842.0,14.0,0.55,0.5,23.0,0.41,42.0,2.8,1.4,2025.0
Chelekere Lake,CLK,2023-08-16,13.0396,77.6109,0.1516431301471105,0.1674926237602337,0.172714193545147,0.2073382945027097,0.2776286302526921,0.3174538079819807,0.311684370380798,0.3244528577461815,0.2919914584359821,-0.3006552903103454,-0.3316109729662376,0.1110635445661708,0.0097712334398257,1.0249835887706538,1.2964593207325157,08/23,4507.0,CHELEKERE LAKE,"D (Propagation of wild life,fisheries)",6.6,6.7,559.0,4.0,2.14,6300.0,54000.0,9.685714285714289,124.0,5.0,124.0,92.0,40.0,3.0542857142857143,0.42,148.0,80.0,68.0,23.0,47.0,390.0,25.25714285714286,0.2,0.5,11.0,0.2,41.0,1.6451428571428572,0.2928571428571428,2023.0
Chelekere Lake,CLK,2023-10-10,13.0396,77.6109,0.1282812626832017,0.1306425760994667,0.1259840135614827,0.1437124915445321,0.1741749154453213,0.1850492559188274,0.1824404453213077,0.1672985738444193,0.1304022040586244,-0.1487141480764278,-0.1080566803568903,0.067240930396907,-0.0171940370163867,0.9687019519725292,1.151662735026052,10/23,4507.0,CHELEKERE LAKE,"D (Propagation of wild life,fisheries)",6.0,7.5,412.0,4.0,1.0,4900.0,54000.0,3.0,88.0,5.0,88.0,56.0,40.0,11.492887931034485,0.4,120.0,68.0,52.0,16.0,35.0,282.0,51.31004366812227,0.29,0.5,10.0,0.2,36.0,1.5,0.74,2023.0
Chelekere Lake,CLK,2023-12-24,13.0396,77.6109,,,,,,,,,,,,,,,,12/23,4507.0,CHELEKERE LAKE,"D (Propagation of wild life,fisheries)",4.8,7.9,572.0,7.8,1.9,2300.0,24000.0,3.0,140.0,5.0,140.0,56.0,71.0,1.5,0.82,160.0,84.0,76.0,22.0,64.0,398.0,10.0,0.43,0.5,15.0,0.2,44.0,2.2,1.0,2023.0
Chelekere Lake,CLK,2024-03-03,13.0396,77.6109,0.1253015168578869,0.1526754140416506,0.1779979479210002,0.2051538115013725,0.2296518899134228,0.2507819349616383,0.2503608784402055,0.3009681952558597,0.273044889843035,-0.2467229185214254,-0.3328160610190211,0.0788882739097066,0.0758299417740588,1.1719343435072351,1.192989915688864,03/24,4507.0,Chelekere Lake,"E (Irrigation, industrial cooling and controlled waste)",2.3,7.9,754.0,27.0,3.0,2100.0,13000.0,3.0,192.0,5.0,192.0,92.0,172.0,3.6,2.8,176.0,92.0,84.0,11.0,47.0,510.0,49.0,0.44,0.5,23.0,0.2,37.0,2.0,0.63,2024.0
Chelekere Lake,CLK,2024-05-02,13.0396,77.6109,0.1349271661856831,0.1639325259687479,0.1938163867010379,0.2180005736608715,0.2405522629689587,0.2650303019638204,0.2588254487224606,0.3211189378475398,0.2957461321883579,-0.2263045842575211,-0.3264937971387898,0.0626781385871719,0.0836073204155844,1.1860000027649404,1.1421351810606564,05/24,4507.0,Chelekere Lake,"E (Irrigation, industrial cooling and controlled waste)",1.0,8.2,490.0,30.0,2.0,1700.0,7900.0,3.0,84.0,5.0,84.0,44.0,168.0,3.25,2.5,112.0,60.0,52.0,9.0,34.0,328.0,44.0,0.2,0.5,2.0,0.2,39.0,1.4,0.05,2024.0
Chelekere Lake,CLK,2024-06-01,13.0396,77.6109,,,,,,,,,,,,,,,,06/24,4507.0,Chelekere Lake,"D (Propagation of wild life,fisheries)",7.9,7.1,656.0,4.0,2.2,480.0,3500.0,3.0,192.0,5.0,192.0,100.0,48.0,1.5,0.69,196.0,104.0,92.0,21.0,76.0,450.0,36.0,0.77,0.5,15.0,0.35,43.0,2.0,2.0,2024.0
Chelekere Lake,CLK,2024-09-19,13.0396,77.6109,0.1383666537622299,0.1595907365981791,0.1688612164890045,0.2043594706834658,0.2736300380094318,0.3108217040895333,0.3067559301752657,0.3195816886042091,0.2944531181811781,-0.3126494155085439,-0.3490037935282934,0.1190540192543765,0.0200464189313668,1.0508171682768552,1.3411072490437592,09/24,4507.0,Chelekere Lake,"D (Propagation of wild life,fisheries)",7.1,6.8,625.0,6.0,2.11,250.0,2400.0,3.0,160.0,5.0,160.0,76.0,56.0,1.5,0.4,164.0,88.0,76.0,17.0,63.0,424.0,24.0,0.7,0.5,14.0,0.26,43.0,1.95,1.88,2024.0
Chelekere Lake,CLK,2024-12-08,13.0396,77.6109,0.1101679277820792,0.1242220876851836,0.1300465752180352,0.1587429260223833,0.2163832195396635,0.2478903850214683,0.2433315900612372,0.2587857323854437,0.2283060146406698,-0.320665778427862,-0.3678728954059608,0.1275013959616308,0.0111144353539737,1.0353401238034272,1.3679203493815624,12/24,4507.0,Chelekere Lake,"D (Propagation of wild life,fisheries)",6.0,7.8,427.0,6.0,1.6,210.0,2800.0,3.0,120.0,5.0,120.0,36.0,46.0,1.5,0.4,96.0,52.0,44.0,9.0,36.0,294.0,18.0,0.2,0.5,8.0,0.2,43.0,1.6,0.1,2024.0
Chelekere Lake,CLK,2025-01-07,13.0396,77.6109,0.1149667558245934,0.1317738901980825,0.1422858590598011,0.1673431090307593,0.2109364116280705,0.2332897198564086,0.2352475716196239,0.2576697473076652,0.2296199479130007,-0.2836786177028588,-0.3339643287513237,0.0971953195762141,0.0337841142418898,1.074898654036146,1.2478614126022527,01/25,4507.0,Chelekere Lake,"D (Propagation of wild life,fisheries)",6.8,7.8,1042.0,8.0,4.0,110.0,2400.0,3.0,196.0,5.0,196.0,144.0,68.0,1.5,0.46,188.0,104.0,84.0,29.0,99.0,710.0,14.0,0.2,0.5,24.0,0.2,50.0,3.1,0.6,2025.0
Chelekere Lake,CLK,2025-02-01,13.0396,77.6109,0.0977981103308076,0.1175125856914632,0.1293878030660832,0.1543943956754757,0.1874724311587506,0.1994591295509146,0.1977199501016446,0.2406439613749768,0.2103320088708186,-0.2571602436654629,-0.3525147050879249,0.1035954168520364,0.0450245442505904,1.09857666654408,1.2641320996204084,02/25,4507.0,Chelekere Lake,"D (Propagation of wild life,fisheries)",5.5,7.3,999.0,6.0,3.83,260.0,2800.0,3.0,164.0,5.0,164.0,164.0,53.0,1.5,0.7,212.0,112.0,100.0,34.0,98.0,670.0,16.0,0.2,0.5,33.0,0.2,45.0,2.91,0.28,2025.0
Chelekere Lake,CLK,2025-03-08,13.0396,77.6109,0.1211900330822833,0.146878588260292,0.1718363340849916,0.1967633560920672,0.2204871190258321,0.2399838424720209,0.2464236819877524,0.2977709157457592,0.2754780073203348,-0.2601783984341092,-0.3467501766880748,0.074271524955857,0.0796045113435107,1.176345803380468,1.1738463585802432,03/25,4507.0,Chelekere Lake,"D (Propagation of wild life,fisheries)",4.1,7.2,523.0,7.0,2.0,260.0,1700.0,3.0,204.0,5.0,204.0,80.0,62.0,1.5,0.6,168.0,88.0,80.0,6.35897435897436,50.0,356.0,10.0,0.2,0.5,6.0,0.24,32.0,2.0,0.19,2025.0
Chelekere Lake,CLK,2025-04-02,13.0396,77.6109,,,,,,,,,,,,,,,,04/25,4507.0,Chelekere Lake,"D (Propagation of wild life,fisheries)",6.1,7.9,1106.0,4.0,4.5,1400.0,4600.0,3.0,232.0,5.0,232.0,152.0,40.0,1.5,0.4,264.0,136.0,128.0,25.0,97.0,750.0,10.0,0.2,0.5,8.0,0.47,43.0,2.59,0.27,2025.0
Chelekere Lake,CLK,2025-05-02,13.0396,77.6109,0.1328018230449777,0.1608499647271873,0.1838896779200971,0.2091485253748151,0.2474422151052298,0.2689495847117618,0.26570498697825,0.3185165868937846,0.2774995952699372,-0.2590456171895851,-0.3433720407372843,0.0769656274542784,0.070765464851658,1.1582363013377148,1.1957068730461975,05/25,4507.0,Chelekere Lake,E,3.8,7.2,585.0,6.0,2.25,1400.0,13000.0,3.0,148.0,5.0,148.0,92.0,61.0,1.5,0.4,136.0,86.0,50.0,9.0,66.0,392.0,16.0,0.2,0.5,13.0,0.34,48.0,2.66,0.39,2025.0
Chelekere Lake,CLK,2025-06-01,13.0396,77.6109,,,,,,,,,,,,,,,,06/25,4507.0,Chelekere Lake,D,6.0,7.5,380.0,5.0,1.5,310.0,1700.0,3.0,104.0,5.0,104.0,60.0,58.0,1.5,0.51,128.0,64.0,64.0,8.0,38.0,264.0,10.0,0.2,0.5,5.0,0.3,37.0,1.5,0.05,2025.0
Chelekere Lake,CLK,2025-11-10,13.0396,77.6109,0.1281423347645526,0.1443996800797665,0.1537157560613402,0.1804094319701555,0.2271458858309283,0.2510902301682267,0.2502254276061097,0.2838378299429857,0.2498960371647779,-0.2609012849073674,-0.3312522221898565,0.0912094217248883,0.0242881919840183,1.0551150457393146,1.2240012461832874,11/25,4507.0,Chelekere Lake,D,6.1,6.9,502.0,4.0,1.93,2143.768115942029,7900.0,14.760563380281688,68.0,20.0,68.0,56.0,44.0,9.64,0.4,176.0,168.0,8.0,17.63,50.0,346.0,28.0,0.375,0.5,6.0,0.47,37.0,1.64,0.43,2025.0
Chikkabanavara Lake,CKB,2023-08-16,13.0711,77.4802,0.1042417224139144,0.1380435644454388,0.1470287725828867,0.2043480670375326,0.3063175515808744,0.3437598690233078,0.3450946588268428,0.3373869128934579,0.2432577494542637,-0.4347574517853882,-0.427553742409928,0.1803752597727398,0.0200123186892976,1.0463247751021518,1.470035577125807,08/23,4095.0,CHIKKABANAVARA LAKE,"D (Propagation of wild life,fisheries)",5.3,6.7,405.0,7.3,1.5,330.0,5400.0,14.39047619047619,92.0,5.0,92.0,28.0,68.0,1.896190476190476,0.7,128.0,64.0,64.0,29.0,51.0,278.0,31.77142857142857,0.2,0.5,15.0,0.2,41.0,1.3954285714285717,0.1119047619047619,2023.0
Chikkabanavara Lake,CKB,2023-10-10,13.0711,77.4802,0.0556497429758467,0.0920863321256795,0.0979691363882114,0.1555872403351876,0.251515167945919,0.2789802689951412,0.2810663720864728,0.2501443560312653,0.1589661854798958,-0.5066525591708675,-0.469506870609136,0.2477982329835199,0.016550456119163,1.0508969589392163,1.741988982312077,10/23,4095.0,CHIKKABANAVARA LAKE,"D (Propagation of wild life,fisheries)",4.7,6.8,785.0,8.0,3.0,330.0,16000.0,3.0,216.0,5.0,216.0,156.0,72.0,8.91831896551724,0.83,196.0,104.0,92.0,18.0,84.0,544.0,98.5764192139738,0.2,0.5,35.0,0.22,43.0,18.0,0.4,2023.0
Chikkabanavara Lake,CKB,2023-12-24,13.0711,77.4802,0.0815917012886415,0.1070911808984909,0.1225911524333308,0.1647707062882893,0.2307192697697347,0.2560938384620801,0.2606710583761706,0.2854587458629671,0.209911647067108,-0.4282949996208115,-0.4648248937020833,0.1622586594871642,0.0662361139395112,1.1487421222226373,1.41952546232264,12/23,4095.0,CHIKKABANAVARA LAKE,"E (Irrigation, industrial cooling and controlled waste)",3.4,7.3,1353.0,12.0,3.9,5800.0,92000.0,3.0,380.0,5.0,380.0,212.0,122.0,2.34,1.8,364.0,188.0,176.0,21.0,131.0,920.0,10.0,0.34,0.5,17.0,0.27,42.0,3.0,1.56,2023.0
Chikkabanavara Lake,CKB,2024-03-03,13.0711,77.4802,0.1022117421308358,0.1324665133615931,0.1705575909770636,0.2074171854094782,0.243004960918245,0.2652535948172664,0.2688382789944368,0.3519161995634107,0.277755337652278,-0.3444955407488939,-0.4567811705321658,0.1028905238875145,0.1270172173776134,1.2958990920055973,1.2413500380754894,03/24,4095.0,Chikkabanavara Lake,"E (Irrigation, industrial cooling and controlled waste)",0.9,7.6,1268.0,17.0,6.7,1100.0,7900.0,3.0,476.0,5.0,476.0,296.0,116.0,1.7,1.3,536.0,272.0,264.0,40.0,195.0,882.0,18.0,1.4,0.5,34.0,0.2,42.0,3.7,2.6,2024.0
Chikkabanavara Lake,CKB,2024-04-02,13.0711,77.4802,0.1166086191113302,0.15071968180678,0.1979617244147486,0.2355468805013732,0.2698297549468346,0.2932430251390744,0.3006554820083092,0.3830969333145553,0.3073587071333003,-0.3350937145389433,-0.4382299979872835,0.0908401177696897,0.136600526036286,1.3204796592276025,1.2073396071330105,04/24,4095.0,Chikkabanavara Lake,"E (Irrigation, industrial cooling and controlled waste)",2.0,7.1,1700.0,22.0,6.7,270.0,2800.0,3.0,492.0,5.0,492.0,296.0,149.0,3.0,2.3,548.0,280.0,268.0,35.0,198.0,1156.0,18.0,5.1,0.5,28.0,0.24,42.0,3.7,11.8,2024.0
Chikkabanavara Lake,CKB,2024-06-01,13.0711,77.4802,0.10414232800507,0.1375074680406949,0.1502539041629769,0.1961004929230335,0.2842200936553765,0.3192298464896836,0.3145196922751918,0.333316836842476,0.2539234701781563,-0.3928662676142343,-0.4182755840825474,0.139949454900087,0.0411622336541146,1.091132391733944,1.3425229245336905,06/24,4095.0,Chikkabanavara Lake,"E (Irrigation, industrial cooling and controlled waste)",1.9,7.6,1594.0,17.0,5.5,17.0,240.0,3.0,356.0,5.0,356.0,192.0,128.0,22.6,17.0,420.0,216.0,204.0,51.0,146.0,1052.0,16.0,0.2,0.5,31.0,0.2,35.0,3.0,0.37,2024.0
Chikkabanavara Lake,CKB,2024-09-19,13.0711,77.4802,,,,,,,,,,,,,,,,09/24,4095.0,Chikkabanavara Lake,"D (Propagation of wild life,fisheries)",6.0,7.3,1026.0,4.0,9.0,130.0,5400.0,3.0,204.0,5.0,204.0,140.0,48.0,1.5,0.9,228.0,116.0,112.0,32.0,61.0,712.0,38.0,0.2,0.5,25.0,0.42,34.0,1.8,0.7,2024.0
Chikkabanavara Lake,CKB,2024-12-08,13.0711,77.4802,0.0716623934934159,0.0952162591302535,0.0914917086535638,0.1408616963594112,0.2476566192521654,0.2835902612492079,0.2797502429406379,0.2442043412435743,0.1681149496514328,-0.4970909370969074,-0.4469025558282383,0.2334284853947098,-0.031127509441046,0.9460873821351355,1.6689226741986178,12/24,4095.0,Chikkabanavara Lake,"D (Propagation of wild life,fisheries)",5.0,7.0,1026.0,13.0,6.0,260.0,5400.0,3.0,336.0,5.0,336.0,176.0,120.0,5.1,3.9,352.0,180.0,172.0,35.0,105.0,700.0,16.0,0.7,0.5,17.0,0.34,38.0,2.4,1.6,2024.0
Chikkabanavara Lake,CKB,2025-03-08,13.0711,77.4802,0.0944918667699457,0.1251150618001223,0.1655859060194108,0.2017783818040982,0.2391512815998873,0.2600715829871133,0.2698661643546229,0.3446260122526582,0.2684406696711497,-0.3724590246278207,-0.4707464945383587,0.1050226763246151,0.1401587732726834,1.3362327694028482,1.2497257433826652,03/25,4095.0,Chikkabanavara Lake,"E (Irrigation, industrial cooling and controlled waste)",3.2,6.9,528.0,22.0,2.0,1700.0,9400.0,3.0,148.0,5.0,148.0,104.0,168.0,3.8,2.9,156.0,80.0,76.0,6.512820512820513,60.0,368.0,42.0,0.2,0.5,10.0,0.24,44.0,2.1,0.05,2025.0
Chikkabanavara Lake,CKB,2025-06-01,13.0711,77.4802,,,,,,,,,,,,,,,,06/25,4095.0,Chikkabanavara Lake,E,3.4,7.2,620.0,16.0,2.4,840.0,2100.0,3.0,148.0,5.0,148.0,107.0,116.0,3.2,2.5,172.0,88.0,84.0,20.0,58.0,422.0,54.0,0.4,0.5,6.0,0.3,29.0,1.9,0.9,2025.0
Chikkabanavara Lake,CKB,2025-11-10,13.0711,77.4802,0.0785784029293711,0.1042719596941683,0.1028304487048664,0.1567035842546298,0.2655473135694668,0.2996055841137946,0.3039227765650305,0.2600820963312443,0.1682903950426025,-0.4900184374652977,-0.4281922445709393,0.216639000206744,-0.0140115647666339,0.9787913435672329,1.5827705469667972,11/25,4095.0,Chikkabanavara Lake,D,4.9,6.6,1012.0,5.0,3.88,1949.855072463768,3500.0,17.464788732394364,272.0,20.0,272.0,128.0,60.0,14.13,0.5,192.0,128.0,64.0,18.6,104.0,670.0,28.0,0.6116666666666667,0.5,6.0,0.24,53.0,3.26,1.1,2025.0
Chinnakurchi Kere,CNK,2023-10-10,13.01,77.72,0.0487647673681987,0.0958636377780041,0.089869367502047,0.1631766805096079,0.3147831632293939,0.3503031815302315,0.3615016857886954,0.2945633842472022,0.1684420144998945,-0.5795736228853866,-0.5090166618713315,0.3026317517251956,-0.0486555945549874,0.9217818423627704,1.902989304022581,10/23,4537.0,CHINNAKURCHI KERE,"D (Propagation of wild life,fisheries)",4.5,8.1,1210.0,7.0,5.0,1700.0,24000.0,3.0,428.0,5.0,428.0,116.0,76.0,11.180818965517242,0.4,232.0,120.0,112.0,46.0,112.0,822.0,57.03930131004367,0.46,0.5,11.0,0.71,50.0,3.0,0.53,2023.0
Chinnakurchi Kere,CNK,2023-12-24,13.01,77.72,0.0745150348419792,0.1052638527985021,0.1390059832019408,0.1845881818821706,0.2467561765326952,0.2759547617371718,0.2860154923629194,0.3709228654888434,0.2707465756317307,-0.4648622678036509,-0.5566023210198423,0.1483101820946905,0.1277985057774293,1.3004977315644042,1.3583320514641035,12/23,4537.0,CHINNAKURCHI KERE,"D (Propagation of wild life,fisheries)",4.5,8.2,1096.0,7.0,2.5,460.0,9200.0,3.0,236.0,5.0,236.0,184.0,74.0,1.5,0.4,248.0,132.0,116.0,25.0,104.0,710.0,10.0,0.52,0.5,18.0,0.3,45.0,2.9,0.8,2023.0
Chinnakurchi Kere,CNK,2024-03-03,13.01,77.72,0.1072053917083127,0.1584743196351194,0.2387939295643314,0.2821064686422185,0.3148768564792006,0.3407456852255929,0.3544065073555289,0.4654369219398888,0.3624640986837475,-0.3856576819300166,-0.4933539588318866,0.0873252009655611,0.1976659698698792,1.4972105028749565,1.1988073637886087,03/24,4537.0,Chinnakurchi Kere,"D (Propagation of wild life,fisheries)",4.6,8.8,1400.0,9.0,6.7,3400.0,13000.0,104.0,612.0,52.0,716.0,204.0,86.0,1.5,0.91,296.0,152.0,144.0,46.0,197.0,972.0,10.0,0.4,0.5,36.0,0.24,55.0,5.0,1.0,2024.0
Chinnakurchi Kere,CNK,2024-04-02,13.01,77.72,0.1082484249058462,0.1545982720377364,0.2339732498927049,0.2752435148358031,0.3050945373270919,0.3317266058920841,0.3448740980606103,0.4756392312836577,0.3852362113265988,-0.3831058011248626,-0.5094603054592324,0.0840692156184805,0.1999045693085895,1.5044808689992892,1.1889808395482662,04/24,4537.0,Chinnakurchi Kere,"E (Irrigation, industrial cooling and controlled waste)",0.3,7.6,3380.0,84.0,13.6,7800.0,33000.0,3.0,852.0,5.0,852.0,332.0,312.0,32.5,25.0,252.0,132.0,120.0,286.0,185.0,2264.0,156.0,0.57,0.5,10.0,0.68,60.0,5.0,1.42,2024.0
Chinnakurchi Kere,CNK,2024-05-02,13.01,77.72,0.1197040402618427,0.1713263321836513,0.2529588960645535,0.2925499401703386,0.3203422960512425,0.348951604842683,0.3529887520236503,0.4735843246287041,0.3858914338002392,-0.3484561559766439,-0.4691360361144807,0.0758753889328736,0.1883942614230113,1.4688769446537613,1.1694859845015395,05/24,4537.0,Chinnakurchi Kere,"E (Irrigation, industrial cooling and controlled waste)",0.3,8.7,4170.0,96.0,14.8,45000.0,230000.0,200.0,1016.0,100.0,1216.0,416.0,315.0,16.8,12.9,268.0,140.0,128.0,35.0,400.0,2800.0,44.0,0.64,0.5,10.0,2.2,76.0,10.7,1.8,2024.0
Chinnakurchi Kere,CNK,2024-06-01,13.01,77.72,0.1099764306327867,0.1480589007660237,0.1845995847542478,0.2294877419581895,0.3156828218483846,0.3574011543605264,0.3558781762511437,0.4222512599422817,0.3309122510030267,-0.4140038562368944,-0.4789928867430021,0.1145407458632676,0.101041986033762,1.2325206071176311,1.2654411125808955,06/24,4537.0,Chinnakurchi Kere,"D (Propagation of wild life,fisheries)",6.2,7.9,467.0,5.0,1.8,230.0,5400.0,3.0,124.0,5.0,124.0,20.0,48.0,1.5,0.85,88.0,48.0,40.0,23.0,60.0,320.0,630.0,1.5,0.5,22.0,0.35,53.0,2.8,2.5,2024.0
Chinnakurchi Kere,CNK,2024-09-19,13.01,77.72,0.0720767051453508,0.1158588265266866,0.1468659003478972,0.2063915217850355,0.298536358837193,0.3368059759273597,0.3434450482156683,0.361642134159217,0.2588955761244456,-0.5018946281374287,-0.5177741085662569,0.1885672953199246,0.0950283853181816,1.226715179058354,1.4988979119985657,09/24,4537.0,Chinnakurchi Kere,"D (Propagation of wild life,fisheries)",5.8,7.2,389.0,5.0,1.4,2100.0,12000.0,3.0,124.0,5.0,124.0,20.0,64.0,1.5,0.4,112.0,64.0,48.0,26.0,49.0,262.0,42.0,0.2,0.5,4.0,0.49,47.0,2.0,0.05,2024.0
Chinnakurchi Kere,CNK,2024-12-08,13.01,77.72,0.0534636552403744,0.0846870312407038,0.0845448374994711,0.1372170057014148,0.2510149609347505,0.284164943337791,0.2873964665305834,0.2817517878510593,0.1905907862321389,-0.5479895907158568,-0.5379044422863407,0.2547330189446488,-0.0220151272333146,0.9686666049840076,1.7263384285003818,12/24,4537.0,Chinnakurchi Kere,"D (Propagation of wild life,fisheries)",7.0,8.2,428.0,5.0,1.7,240.0,5400.0,3.0,128.0,5.0,128.0,24.0,43.0,1.5,0.4,112.0,64.0,48.0,21.0,37.0,290.0,10.0,0.2,0.5,7.0,0.27,40.0,1.5,0.12,2024.0
Chinnakurchi Kere,CNK,2025-03-08,13.01,77.72,0.0969939888787217,0.1340216687053363,0.1928115753968138,0.2315579855001053,0.2660917751812485,0.2909397128176252,0.3092678785105933,0.4120724994720913,0.3216004891954669,-0.3975743710540611,-0.5099356437684375,0.095135352676213,0.1736516055424918,1.425212376161493,1.2172958517644754,03/25,4537.0,Chinnakurchi Kere,"D (Propagation of wild life,fisheries)",5.2,7.3,417.0,7.0,1.5,78000.0,490000.0,3.0,172.0,5.0,172.0,16.0,72.0,1.5,0.4,112.0,64.0,48.0,5.666666666666667,50.0,280.0,152.0,0.2,0.5,6.0,0.39,47.0,1.0,0.05,2025.0
Chinnakurchi Kere,CNK,2025-04-02,13.01,77.72,,,,,,,,,,,,,,,,04/25,4537.0,Chinnakurchi Kere,"D (Propagation of wild life,fisheries)",6.1,7.8,528.0,5.0,2.0,2100.0,14000.0,3.0,208.0,5.0,208.0,36.0,52.0,1.5,0.4,136.0,72.0,64.0,22.0,58.0,364.0,10.0,0.2,0.5,6.0,0.3,46.0,2.2,0.2,2025.0
Chinnakurchi Kere,CNK,2025-05-02,13.01,77.72,0.094036985288942,0.1327301574814698,0.161400583807696,0.2145546667135917,0.2897140458928695,0.3157929788132612,0.3211066129372842,0.3700640986837472,0.2609919652284083,-0.4169070265584351,-0.4715102891593846,0.1479716289227233,0.0895557006211941,1.2032396809746064,1.359833916899987,05/25,4537.0,Chinnakurchi Kere,D,5.3,7.9,590.0,7.0,2.2,2100.0,9400.0,3.0,236.0,5.0,236.0,40.0,74.0,1.5,0.58,124.0,68.0,56.0,9.0,82.0,402.0,798.0,0.3,0.5,4.0,0.96,58.0,3.2,0.8,2025.0
Chinnakurchi Kere,CNK,2025-06-01,13.01,77.72,,,,,,,,,,,,,,,,06/25,4537.0,Chinnakurchi Kere,D,4.8,6.7,163.0,8.0,0.64,1400.0,4800.0,3.0,60.0,5.0,60.0,12.0,88.0,1.5,0.4,56.0,36.0,20.0,5.0,9.0,110.0,202.0,0.2,0.5,6.0,0.2,24.0,0.52,0.05,2025.0
Chinnakurchi Kere,CNK,2025-11-10,13.01,77.72,0.066698528894207,0.0990604033389895,0.0982615120422865,0.1522044097979868,0.2800226367283733,0.3162500915041881,0.3268108995565565,0.2890993559512916,0.1796131273315971,-0.5348458054451704,-0.4865503172941798,0.2259529600986248,-0.018959840550957,0.97420644448217,1.6110781227578124,11/25,4537.0,Chinnakurchi Kere,D,6.3,7.0,489.0,4.0,1.88,3081.0144927536235,2800.0,22.0,104.0,20.0,104.0,32.0,52.0,42.16666666666666,0.4,228.0,152.0,76.0,36.025,26.0,330.0,12.0,0.464,0.5,3.0,0.31,20.0,0.75,1.275,2025.0
Chinnappanahalli Lake,CNP,2023-08-16,12.9967,77.6895,,,,,,,,,,,,,,,,08/23,4520.0,CHINNAPPANAHALLI LAKE,"D (Propagation of wild life,fisheries)",4.4,7.1,650.0,6.0,1.44,1700.0,24000.0,12.40952380952381,168.0,5.0,168.0,156.0,79.0,2.383809523809524,0.4,180.0,96.0,84.0,8.0,69.0,446.0,29.02857142857143,0.2,0.5,5.0,0.39,41.0,1.500571428571429,0.1880952380952381,2023.0
Chinnappanahalli Lake,CNP,2023-10-10,12.9967,77.6895,0.107675257840825,0.1308147803776649,0.1347029005648438,0.1653102960329474,0.2162109366749972,0.2325137949241439,0.2313734767151254,0.2109307508184025,0.1599037945721425,-0.2717081182300594,-0.2404925939062188,0.1136806725698256,0.0093456311291933,1.0228995925435986,1.28229946899269,10/23,4520.0,CHINNAPPANAHALLI LAKE,"D (Propagation of wild life,fisheries)",6.0,7.7,614.0,5.0,2.0,3300.0,24000.0,3.0,120.0,5.0,120.0,76.0,48.0,7.943103448275862,0.49,116.0,64.0,52.0,15.0,61.0,416.0,116.48034934497817,0.2,0.5,10.0,0.31,51.0,2.0,0.29,2023.0
Chinnappanahalli Lake,CNP,2023-12-24,12.9967,77.6895,0.0965145834066669,0.117397803762996,0.123733144331384,0.1482607448343835,0.1939758844028301,0.2119971452708648,0.211753873772396,0.2096260762434439,0.176245767186455,-0.287738104223764,-0.2929813670254692,0.1064953066693597,0.021956089948172,1.0477225658557388,1.282314294571088,12/23,4520.0,CHINNAPPANAHALLI LAKE,"D (Propagation of wild life,fisheries)",4.6,7.5,972.0,6.0,2.1,2300.0,24000.0,3.0,272.0,5.0,272.0,252.0,70.0,1.5,0.52,288.0,152.0,136.0,9.0,91.0,662.0,10.0,0.2,0.5,12.0,0.24,39.0,2.3,0.9,2023.0
Chinnappanahalli Lake,CNP,2024-03-03,12.9967,77.6895,0.1121760920834946,0.1415241614484764,0.1591063218935499,0.1903400788482522,0.2259256644021262,0.2451924284557713,0.2436754584814672,0.2578430954979056,0.2223075961843079,-0.2661819483325435,-0.3022519893341089,0.1041243685052596,0.056205717825158,1.122267355553671,1.2735187042325424,03/24,4520.0,Chinnappanahalli Lake,"D (Propagation of wild life,fisheries)",4.9,8.5,615.0,9.0,2.4,580.0,3500.0,24.0,104.0,12.0,128.0,108.0,84.0,1.5,0.77,96.0,52.0,44.0,16.0,76.0,430.0,10.0,0.2,0.5,13.0,0.3,59.0,3.4,0.05,2024.0
Chinnappanahalli Lake,CNP,2024-04-02,12.9967,77.6895,0.1193450244640783,0.1439014643070363,0.1628108556156191,0.1934439332605863,0.2282684149389276,0.2490612587560281,0.2457803477771128,0.2681366362772361,0.231894441902214,-0.2612596101620501,-0.3073111044525152,0.0965007557096879,0.0579342904520017,1.1257974172398848,1.2399869979021283,04/24,4520.0,Chinnappanahalli Lake,"E (Irrigation, industrial cooling and controlled waste)",2.3,8.5,2027.0,17.0,7.0,680.0,4600.0,32.0,164.0,16.0,196.0,420.0,156.0,4.68,3.6,364.0,188.0,176.0,49.0,243.0,1398.0,56.0,0.48,0.5,38.0,0.2,56.0,6.0,1.02,2024.0
Chinnappanahalli Lake,CNP,2024-05-02,12.9967,77.6895,0.1406379527614488,0.1702070933390941,0.1874425678841017,0.2159276074483439,0.2552239360765955,0.2775945651026085,0.2700234960751874,0.2806486535956914,0.233798173114154,-0.2384108593539852,-0.2624941688945956,0.0849740222016025,0.0481807643188538,1.1035237491182577,1.2063345828924643,05/24,4520.0,Chinnappanahalli Lake,"D (Propagation of wild life,fisheries)",4.5,6.9,776.0,8.0,2.7,1700.0,13000.0,3.0,116.0,5.0,116.0,112.0,84.0,1.5,0.42,136.0,76.0,60.0,21.0,97.0,524.0,26.0,0.2,0.5,18.0,0.29,57.0,4.0,0.05,2024.0
Chinnappanahalli Lake,CNP,2024-06-01,12.9967,77.6895,0.274788293090833,0.2685219405573887,0.2558708060737237,0.2742226194209261,0.2975960802759487,0.3169140482910002,0.3124608132120833,0.2928540190237274,0.2439893906135674,-0.0756561442265586,-0.0437338812681388,0.034693776465493,-0.0239519269363435,0.9535834928315908,1.0731592058457773,06/24,4520.0,Chinnappanahalli Lake,"D (Propagation of wild life,fisheries)",5.5,7.6,641.0,4.0,2.46,13.0,1600.0,3.0,144.0,5.0,144.0,104.0,42.0,1.5,0.61,172.0,92.0,80.0,26.0,56.0,428.0,10.0,0.2,0.5,13.0,0.2,39.0,1.85,0.4,2024.0
Chinnappanahalli Lake,CNP,2024-09-19,12.9967,77.6895,0.1305852757928825,0.1612194585130198,0.170343951827483,0.2058197261431237,0.269413277482488,0.2948103945932628,0.2875750044000141,0.2657557816185013,0.2188722235911154,-0.2956282334078177,-0.2694795856081811,0.12075632076504,0.0231135948188552,1.05331747720906,1.3300978506948586,09/24,4520.0,Chinnappanahalli Lake,"D (Propagation of wild life,fisheries)",5.5,8.1,697.0,6.0,2.0,330.0,1700.0,3.0,120.0,5.0,120.0,128.0,52.0,1.5,0.4,140.0,72.0,68.0,17.0,85.0,488.0,10.0,0.2,0.5,20.0,0.41,53.0,3.1,0.3,2024.0
Chinnappanahalli Lake,CNP,2024-12-08,12.9967,77.6895,0.0961294061740997,0.1178584322701813,0.1194277406284334,0.1497190010208033,0.209100880002816,0.2305970291104932,0.225378439931008,0.2051944102221128,0.1632840226688725,-0.3274558544314237,-0.2979052119773246,0.1441786234646244,-0.0040037533174247,0.9964131719259548,1.4186371539675833,12/24,4520.0,Chinnappanahalli Lake,"D (Propagation of wild life,fisheries)",6.2,6.6,681.0,4.0,2.74,240.0,1600.0,3.0,112.0,5.0,112.0,92.0,48.0,1.5,0.4,100.0,56.0,44.0,20.0,67.0,466.0,10.0,0.2,0.5,11.0,0.36,56.0,2.91,0.05,2024.0
Chinnappanahalli Lake,CNP,2025-03-08,12.9967,77.6895,0.1354700235840754,0.1552975120702084,0.1671849388807929,0.1959838924284558,0.2321241965574288,0.2490001900806085,0.2498143018057657,0.2683847442711818,0.2315766728853533,-0.2325592609495986,-0.2674334656593422,0.0857552364817779,0.0330280275034843,1.0708349111301192,1.199776465558849,03/25,4520.0,Chinnappanahalli Lake,"D (Propagation of wild life,fisheries)",6.0,7.5,875.0,8.0,3.3,17.0,220.0,3.0,136.0,5.0,136.0,148.0,95.0,4.7,3.6,144.0,72.0,72.0,6.0256410256410255,96.0,604.0,20.0,0.2,0.5,11.0,0.41,56.0,3.5,0.05,2025.0
Chinnappanahalli Lake,CNP,2025-04-02,12.9967,77.6895,,,,,,,,,,,,,,,,04/25,4520.0,Chinnappanahalli Lake,"D (Propagation of wild life,fisheries)",4.4,7.8,759.0,7.0,2.9,1400.0,9400.0,3.0,140.0,5.0,140.0,144.0,68.0,1.5,0.67,100.0,56.0,44.0,10.0,104.0,516.0,10.0,0.2,0.5,21.0,0.46,64.0,4.5,0.5,2025.0
Chinnappanahalli Lake,CNP,2025-05-02,12.9967,77.6895,0.1264916575733042,0.156691027642935,0.1621517621453072,0.1982095392305255,0.2618037664120524,0.2797146467668699,0.2739758034425711,0.2544936182195784,0.1914876130803618,-0.2813135957057652,-0.2542289477670169,0.1203146541129019,0.0116879909320316,1.0271129353718442,1.304280121964857,05/25,4520.0,Chinnappanahalli Lake,E,3.1,7.8,705.0,16.0,2.7,2300.0,8400.0,3.0,160.0,5.0,160.0,116.0,160.0,4.2,3.7,188.0,100.0,88.0,29.0,69.0,480.0,12.0,0.26,0.5,14.0,0.22,42.0,2.19,0.77,2025.0
Chinnappanahalli Lake,CNP,2025-06-01,12.9967,77.6895,,,,,,,,,,,,,,,,06/25,4520.0,Chinnappanahalli Lake,D,4.5,7.8,702.0,7.0,2.6,310.0,2200.0,3.0,156.0,5.0,156.0,112.0,76.0,1.5,0.8,188.0,96.0,92.0,28.0,68.0,474.0,24.0,0.2,0.5,14.0,0.25,42.0,2.25,0.3,2025.0
Chinnappanahalli Lake,CNP,2025-11-10,12.9967,77.6895,0.0968,0.1128000020980835,0.091899998486042,0.138,0.2495,0.2816,0.2872,0.1807,0.1167,-0.4359999924678803,-0.2313458174328234,0.2005219739779896,-0.1021006524299065,0.8147162834813761,1.5016322336605887,11/25,4520.0,Chinnappanahalli Lake,E,1.2,7.3,1220.0,18.0,4.7,2563.913043478261,11000.0,8.901408450704224,280.0,20.0,280.0,204.0,168.0,21.0,17.0,332.0,172.0,160.0,50.0,116.0,834.0,26.0,0.46,0.5,24.0,0.42,41.0,2.77,1.35,2025.0
Dasarahalli Tank,DSH,2023-08-16,13.044,77.5021,0.1487018204866369,0.174486327297098,0.1896694213230113,0.216971227860136,0.2475892214514598,0.2716312018028803,0.2665320433818092,0.2950940772562416,0.2681829430613757,-0.2141929414524848,-0.2637523536536291,0.0748996113118765,0.0406027981306917,1.0862432971164842,1.1765357008558024,08/23,3606.0,DASARAHALLI TANK,"D (Propagation of wild life,fisheries)",5.6,7.0,626.0,7.0,1.3,4000.0,160000.0,13.895238095238096,96.0,5.0,242.66666666666669,46.66666666666666,62.0,2.0180952380952384,0.97,100.0,56.0,44.0,27.0,44.0,420.0,31.085714285714285,0.3,0.5,15.0,0.2,41.0,1.4217142857142857,0.1309523809523809,2023.0
Dasarahalli Tank,DSH,2023-10-10,13.044,77.5021,0.1022013908940455,0.1317716509980299,0.1450655448744583,0.1689897425965702,0.2052605267791119,0.221030596147752,0.2182392513820909,0.23176216416071,0.1957767667875629,-0.2532197488695508,-0.2863194587895338,0.0919395108673189,0.0434515007337238,1.0975819424410234,1.2406678907336142,10/23,3606.0,DASARAHALLI TANK,"E (Irrigation, industrial cooling and controlled waste)",2.6,6.7,602.0,18.0,1.5,4900.0,160000.0,3.0,164.0,5.0,164.0,120.0,118.0,9.07435344827586,2.05,176.0,92.0,84.0,19.0,48.0,410.0,95.7117903930131,0.5,0.5,31.0,0.2,33.0,1.57,1.32,2023.0
Dasarahalli Tank,DSH,2023-12-24,13.044,77.5021,,,,,,,,,,,,,,,,12/23,3606.0,DASARAHALLI TANK,"D (Propagation of wild life,fisheries)",4.4,7.5,424.0,6.0,0.92,58000.0,160000.0,3.0,116.0,5.0,116.0,108.0,74.0,1.5,0.6,124.0,72.0,52.0,7.0,39.0,286.0,10.0,0.2,0.5,4.2,0.2,39.0,2.0,0.05,2023.0
Dasarahalli Tank,DSH,2024-03-03,13.044,77.5021,0.1228701679636606,0.1496556288550876,0.1715348642242703,0.1930357759076024,0.2093556040705659,0.22421204619881,0.2229845100179584,0.2597822493749781,0.2387157575970986,-0.201235820373639,-0.2744260636844829,0.0650366268331331,0.0675043126933336,1.1464534681329064,1.1515010020078709,03/24,3606.0,Dasarahalli Tank,"E (Irrigation, industrial cooling and controlled waste)",0.5,6.7,383.0,18.0,1.7,1400.0,24000.0,3.0,80.0,5.0,80.0,64.0,120.0,2.6,2.0,136.0,72.0,64.0,55.0,56.0,280.0,16.0,1.0,0.5,20.0,0.2,42.0,2.0,3.0,2024.0
Dasarahalli Tank,DSH,2024-04-02,13.044,77.5021,0.1362218599246452,0.1647068137660648,0.1905193210984561,0.2142194091341244,0.2326131518715447,0.2481064720588754,0.2473667488291842,0.2933573893446956,0.2744885277650622,-0.2048050517162898,-0.2858963168623543,0.0636345772542734,0.072617180254552,1.1575912063177856,1.1456209027746982,04/24,3606.0,Dasarahalli Tank,"E (Irrigation, industrial cooling and controlled waste)",1.2,7.5,702.0,18.0,2.5,170.0,3300.0,3.0,76.0,5.0,76.0,112.0,118.0,2.0,1.6,204.0,108.0,96.0,93.0,80.0,480.0,28.0,1.3,0.5,22.0,0.2,43.0,2.4,2.7,2024.0
Dasarahalli Tank,DSH,2024-05-02,13.044,77.5021,0.1411960914116695,0.169907785177361,0.1948457300073224,0.2159111306736153,0.2321827423500829,0.2504845029754568,0.2474816578048523,0.2939319694355435,0.2697520581710624,-0.1908388692984205,-0.2728617378652913,0.0554947925772588,0.0690577257104355,1.15086291312095,1.1266444413714858,05/24,3606.0,Dasarahalli Tank,"D (Propagation of wild life,fisheries)",5.8,6.6,472.0,4.0,1.8,170.0,2400.0,3.0,108.0,5.0,108.0,76.0,40.0,1.5,0.44,124.0,68.0,56.0,19.0,38.0,310.0,12.0,0.2,0.5,9.0,0.31,38.0,1.4,0.05,2024.0
Dasarahalli Tank,DSH,2024-06-01,13.044,77.5021,0.1426141061304976,0.1684328926913906,0.1824486641431511,0.2068457516109721,0.2389820486636855,0.2625202190217966,0.2561758019648579,0.2769029789781329,0.2504699461248635,-0.2112759537952707,-0.2492444788701965,0.0691475995372991,0.0395042162958921,1.0843343248629242,1.159496251334757,06/24,3606.0,Dasarahalli Tank,"D (Propagation of wild life,fisheries)",4.8,6.5,347.0,4.0,0.9,2600.0,9400.0,3.0,76.0,5.0,76.0,16.0,40.0,1.5,0.4,96.0,52.0,44.0,14.0,16.0,232.0,40.0,0.57,0.5,5.0,0.2,25.0,0.71,1.45,2024.0
Dasarahalli Tank,DSH,2024-09-19,13.044,77.5021,0.1667782917214191,0.1849722996647818,0.1924060451060181,0.218801182654402,0.2704500657030223,0.2996339553219447,0.2943612614980289,0.3260495663600525,0.2780105650459921,-0.2355423248765112,-0.2855405962812197,0.0749247507681831,0.0177637288960085,1.038012626559771,1.176296742359112,09/24,3606.0,Dasarahalli Tank,"E (Irrigation, industrial cooling and controlled waste)",2.6,7.8,600.0,5.0,1.4,140.0,2400.0,3.0,216.0,5.0,216.0,128.0,52.0,3.0,2.2,260.0,132.0,128.0,14.0,26.0,390.0,20.0,0.2,0.5,8.0,0.28,17.0,0.7,0.23,2024.0
Dasarahalli Tank,DSH,2024-12-08,13.044,77.5021,0.1116029508081271,0.1284969261573244,0.135352663767566,0.1565670516567484,0.1845675199830981,0.2028067079826754,0.197333543434628,0.2143858656994967,0.1916268213669495,-0.2206435536859917,-0.2621587969814752,0.0859289078232205,0.0236861369460819,1.0516633646981943,1.221896450925746,12/24,3606.0,Dasarahalli Tank,"D (Propagation of wild life,fisheries)",5.8,6.5,248.0,9.0,1.1,820.0,4700.0,3.0,84.0,5.0,84.0,24.0,80.0,1.5,0.9,88.0,48.0,40.0,8.0,17.0,168.0,26.0,0.2,0.5,5.0,0.2,28.0,0.7,0.5,2024.0
Dasarahalli Tank,DSH,2025-01-07,13.044,77.5021,0.1096596218176697,0.1267660120623125,0.1348176520808263,0.1541544878340787,0.1791371879291523,0.1938891968027045,0.193837194971654,0.2105601394415297,0.1885121236663263,-0.2125934415880578,-0.2530251299981141,0.0733967738096808,0.0293960574724754,1.0628557190909644,1.173143000556149,01/25,3606.0,Dasarahalli Tank,"D (Propagation of wild life,fisheries)",6.2,6.5,284.0,6.0,1.1,2100.0,9400.0,3.0,84.0,5.0,84.0,28.0,68.0,1.5,1.1,68.0,52.0,16.0,17.0,16.0,192.0,18.0,0.2,0.5,5.0,0.2,32.0,0.85,0.45,2025.0
Dasarahalli Tank,DSH,2025-02-01,13.044,77.5021,0.1384281056156338,0.1588512375339782,0.1702247462799031,0.189371866937476,0.2101496733820058,0.2199700334852061,0.2188114124169733,0.241980606027337,0.2093296700883791,-0.1635661619869247,-0.213682612425931,0.0600982506033291,0.0340150806094966,1.0729323812024392,1.1427454971610724,02/25,3606.0,Dasarahalli Tank,"D (Propagation of wild life,fisheries)",6.8,7.6,340.0,5.0,1.3,610.0,4900.0,3.0,76.0,5.0,76.0,32.0,58.0,1.56,1.2,76.0,40.0,36.0,9.0,21.0,230.0,28.0,0.2,0.5,6.0,0.2,35.0,1.0,0.12,2025.0
Dasarahalli Tank,DSH,2025-03-08,13.044,77.5021,0.1151074474453326,0.1362306100471036,0.1561253673360504,0.1774815028698193,0.1956204373393429,0.2113879678861933,0.2144950279939435,0.249751463079686,0.2278415296313251,-0.2288314261472461,-0.3008592543571847,0.0710998693644272,0.0681774608496867,1.149716186173621,1.1680554679399424,03/25,3606.0,Dasarahalli Tank,"E (Irrigation, industrial cooling and controlled waste)",2.8,6.6,271.0,15.0,1.04,930.0,4800.0,3.0,40.0,5.0,40.0,32.0,165.0,1.71,1.22,132.0,80.0,52.0,7.487179487179487,10.0,180.0,38.0,0.2,0.5,6.0,0.2,13.0,0.38,0.39,2025.0
Dasarahalli Tank,DSH,2025-04-02,13.044,77.5021,,,,,,,,,,,,,,,,04/25,3606.0,Dasarahalli Tank,"E (Irrigation, industrial cooling and controlled waste)",2.0,6.6,769.0,13.0,2.9,1700.0,9400.0,3.0,156.0,5.0,156.0,92.0,123.0,20.8,16.0,216.0,112.0,104.0,39.0,67.0,522.0,10.0,0.2,0.5,19.0,0.23,38.0,2.0,2.0,2025.0
Dasarahalli Tank,DSH,2025-05-02,13.044,77.5021,0.1213511778583752,0.1539705130351469,0.176409222319412,0.1971074509665835,0.2281454065283991,0.241253030036269,0.2443644776224516,0.2920579738723194,0.2530248635515336,-0.2355257523518806,-0.3182530393044585,0.0636078494870135,0.0693885774002897,1.152291081036097,1.15403126436546,05/25,3606.0,Dasarahalli Tank,E,3.5,6.9,467.0,6.0,1.79,430.0,3500.0,3.0,108.0,5.0,108.0,60.0,61.0,1.5,0.65,132.0,88.0,44.0,16.0,50.0,312.0,16.0,0.2,0.5,13.0,0.32,42.0,1.88,0.36,2025.0
Dasarahalli Tank,DSH,2025-06-01,13.044,77.5021,,,,,,,,,,,,,,,,06/25,3606.0,Dasarahalli Tank,D,4.2,6.7,364.0,5.0,1.4,3100.0,8400.0,3.0,80.0,5.0,80.0,56.0,56.0,1.5,0.92,96.0,52.0,44.0,15.0,35.0,250.0,36.0,0.2,0.5,7.0,0.2,41.0,1.55,0.05,2025.0
Dasarahalli Tank,DSH,2025-11-10,13.044,77.5021,,,,,,,,,,,,,,,,11/25,3606.0,Dasarahalli Tank,E,2.3,7.0,406.0,21.0,1.5,754.0579710144929,2800.0,34.140845070422536,116.0,20.0,116.0,64.0,132.0,19.0,15.0,116.0,60.0,56.0,10.0,43.0,280.0,48.0,0.43,0.5,5.0,0.22,43.0,1.7,1.0,2025.0
Devarabeesanahalli Lake,DVB,2023-08-16,12.9545,77.7062,0.1486600007039031,0.1746304940259374,0.19265434843654,0.2145295252173301,0.2291563368880442,0.2452247949882096,0.2405195790659204,0.2886073980220321,0.2762349734276564,-0.1606402673198267,-0.2493950506520124,0.0572066310915299,0.049438387121181,1.1061391312822304,1.1284096804150432,08/23,4521.0,DEVARABEESANAHALLI LAKE,"D (Propagation of wild life,fisheries)",5.2,7.7,1272.0,7.0,5.9,4600.0,54000.0,4.733333333333333,148.0,5.0,148.0,368.0,69.0,4.273333333333333,0.82,276.0,144.0,132.0,30.0,176.0,868.0,18.4,1.8,0.5,37.0,0.44,41.0,1.908,0.4833333333333334,2023.0
Devarabeesanahalli Lake,DVB,2023-10-10,12.9545,77.7062,0.1193617921374019,0.1452038578514194,0.1598982992868667,0.1795455706894731,0.1945087671136452,0.2029847253017985,0.2015989371062541,0.2275603808116004,0.1956324077007003,-0.1634742924479241,-0.2255224969979365,0.0629103499879124,0.0473162682975208,1.102398681772197,1.1445036256544467,10/23,4521.0,DEVARABEESANAHALLI LAKE,"D (Propagation of wild life,fisheries)",4.4,7.9,679.0,6.0,3.0,7000.0,92000.0,3.0,136.0,5.0,136.0,100.0,56.0,9.7375,0.4,124.0,68.0,56.0,19.0,82.0,468.0,83.53711790393012,0.2,0.5,34.0,0.31,51.0,3.0,0.07,2023.0
Devarabeesanahalli Lake,DVB,2023-12-24,12.9545,77.7062,0.1137732129658958,0.1325968572093647,0.1462449413194779,0.1638319994368776,0.1721586245732587,0.1821643085911377,0.1794427339598071,0.2114266990462112,0.1991831837539155,-0.1542228004818856,-0.2367900707084056,0.0630276659033306,0.051105513493872,1.1117878482567098,1.1482651316968682,12/23,4521.0,DEVARABEESANAHALLI LAKE,"D (Propagation of wild life,fisheries)",4.8,7.6,549.0,6.0,1.9,4800.0,92000.0,3.0,120.0,5.0,120.0,72.0,59.0,1.5,0.86,156.0,84.0,72.0,42.0,63.0,386.0,10.0,0.2,0.5,24.0,0.27,41.0,2.2,0.4,2023.0
Devarabeesanahalli Lake,DVB,2024-03-03,12.9545,77.7062,0.1238397247738711,0.1507672539228446,0.1731393089966944,0.1920633020096435,0.2003958117762995,0.2115728926899658,0.209869756801464,0.2514527892162038,0.2343460423045791,-0.1658523453127885,-0.2541568544367494,0.0551946605648901,0.0693922420666012,1.1514639621043004,1.1241615256931736,03/24,4521.0,Devarabeesanahalli Lake,"E (Irrigation, industrial cooling and controlled waste)",1.2,7.5,998.0,18.0,4.0,2600.0,9400.0,3.0,120.0,5.0,120.0,188.0,156.0,4.16,3.2,136.0,72.0,64.0,28.0,120.0,678.0,104.0,0.2,0.5,28.0,0.36,60.0,4.0,0.05,2024.0
Devarabeesanahalli Lake,DVB,2024-05-02,12.9545,77.7062,0.1760166666666666,0.1988166670004526,0.2159083324174086,0.2220666666666666,0.2337,0.2362333333333333,0.2280416666666666,0.2705,0.2508666666666667,-0.0675801309598947,-0.1534995515410037,0.0146695425841035,0.0410385495708638,1.0858258535866432,1.0321883302103394,05/24,4521.0,Devarabeesanahalli Lake,"E (Irrigation, industrial cooling and controlled waste)",3.4,7.5,1664.0,18.0,6.7,1100.0,7900.0,3.0,384.0,5.0,384.0,280.0,124.0,2.34,1.8,328.0,168.0,160.0,36.0,153.0,1114.0,32.0,1.07,0.5,14.0,0.21,49.0,4.0,2.8,2024.0
Devarabeesanahalli Lake,DVB,2024-06-01,12.9545,77.7062,0.1654170837292788,0.1878676937233997,0.204675838210173,0.2225921022067363,0.2438180762327102,0.2624644000985466,0.253351592580861,0.2856752859606518,0.2628367894977652,-0.1493976737671289,-0.2078922626507403,0.0432367038128697,0.0432257234853193,1.0919574849215343,1.0928699756475204,06/24,4521.0,Devarabeesanahalli Lake,"E (Irrigation, industrial cooling and controlled waste)",2.2,7.6,1591.0,20.0,5.54,430.0,5400.0,3.0,324.0,5.0,324.0,232.0,152.0,20.0,15.0,304.0,160.0,144.0,36.0,162.0,1048.0,10.0,0.36,0.5,34.0,0.46,44.0,4.0,0.95,2024.0
Devarabeesanahalli Lake,DVB,2024-09-19,12.9545,77.7062,0.1508940168232851,0.1775212398042306,0.195989176904736,0.2173277126667371,0.2293206384401506,0.2435582374265301,0.2385858022736072,0.2733002217294897,0.2576878154365962,-0.1501419135144029,-0.2178694454610378,0.055364259252573,0.0505141650327657,1.1094677660927037,1.124600833434984,09/24,4521.0,Devarabeesanahalli Lake,"D (Propagation of wild life,fisheries)",5.0,8.0,334.0,5.0,1.2,24.0,1600.0,3.0,104.0,5.0,104.0,92.0,52.0,1.5,0.4,108.0,60.0,48.0,18.0,19.7,218.0,10.0,0.25,0.5,2.7,0.27,28.0,0.8,0.74,2024.0
Devarabeesanahalli Lake,DVB,2025-04-02,12.9545,77.7062,,,,,,,,,,,,,,,,04/25,4521.0,Devarabeesanahalli Lake,"D (Propagation of wild life,fisheries)",5.1,7.8,846.0,7.0,2.9,2100.0,3500.0,3.0,300.0,5.0,300.0,136.0,84.0,1.5,0.43,204.0,108.0,43.0,29.0,106.0,584.0,10.0,0.84,0.5,33.0,0.48,48.0,3.0,2.2,2025.0
Devarabeesanahalli Lake,DVB,2025-05-02,12.9545,77.7062,0.1494170414950903,0.1808654844757747,0.2045507651403621,0.222716650828846,0.2418487241755534,0.2504837081617568,0.2492553760602542,0.295851120965755,0.2635613873930946,-0.1612323360205761,-0.244446163613206,0.0454320955986445,0.0620238172264542,1.1344497589097131,1.1009558583216184,05/25,4521.0,Devarabeesanahalli Lake,D,5.0,7.2,987.0,6.0,3.9,310.0,2800.0,3.0,228.0,5.0,228.0,168.0,60.0,1.5,0.4,108.0,64.0,44.0,8.1,143.0,670.0,16.0,0.4,0.5,16.0,0.3,70.0,5.9,0.9,2025.0
Devarabeesanahalli Lake,DVB,2025-06-01,12.9545,77.7062,,,,,,,,,,,,,,,,06/25,4521.0,Devarabeesanahalli Lake,D,5.2,7.6,1694.0,10.0,6.5,110.0,2400.0,3.0,188.0,5.0,188.0,348.0,112.0,1.5,0.4,288.0,148.0,140.0,26.0,184.0,1134.0,10.0,0.95,0.5,3.0,0.27,58.0,5.0,2.2,2025.0
Devarabeesanahalli Lake,DVB,2025-11-10,12.9545,77.7062,0.1449271503948441,0.1596723461860114,0.1693282629032745,0.1879473883636107,0.2001726760862637,0.2085507702114097,0.2069053472148447,0.2382324763624774,0.2079939976628066,-0.1294618865136522,-0.1998721561606353,0.0555003148180306,0.0282162483378029,1.0601442601109463,1.1251829591758282,11/25,4521.0,Devarabeesanahalli Lake,D,5.1,7.2,584.0,7.0,2.31,2596.2318840579715,2400.0,8.450704225352112,104.0,20.0,104.0,108.0,76.0,12.25,0.9,80.0,44.0,36.0,10.0,48.0,402.0,12.0,0.48,0.5,3.0,0.26,55.0,2.33,1.225,2025.0
Devasandra Lake,DVS,2023-08-16,13.022,77.6553,,,,,,,,,,,,,,,,08/23,4526.0,DEVASANDRA LAKE,"D (Propagation of wild life,fisheries)",5.0,6.7,428.0,4.0,1.64,480000.0,3500000.0,7.085714285714285,96.0,5.0,96.0,68.0,41.0,3.6942857142857135,0.74,112.0,60.0,52.0,17.0,37.0,296.0,21.65714285714286,0.2,0.5,9.0,0.2,41.0,1.7831428571428571,0.3928571428571429,2023.0
Devasandra Lake,DVS,2023-10-10,13.022,77.6553,0.1195589790529836,0.1366500685031807,0.140848495085576,0.1713872839288858,0.2274126843865515,0.2487842562929063,0.2463643759901425,0.221125108255589,0.1621462735433902,-0.2907607995662135,-0.2387401748432985,0.1128865584081366,4.571725517550263e-05,1.0106972929808085,1.2772321131469755,10/23,4526.0,DEVASANDRA LAKE,"D (Propagation of wild life,fisheries)",4.2,6.5,378.0,8.0,2.0,480.0,5400.0,3.0,64.0,5.0,64.0,56.0,72.0,11.02478448275862,0.4,144.0,76.0,68.0,15.0,33.0,256.0,59.903930131004365,0.49,0.5,3.0,0.2,32.0,1.0,1.21,2023.0
Devasandra Lake,DVS,2023-12-24,13.022,77.6553,0.0803249833788875,0.0980486889983673,0.1027879295508094,0.1280747802319568,0.1849840954421215,0.2078900716554628,0.2072070990618305,0.182402459924651,0.1435655167319199,-0.367452533721486,-0.3119426251723121,0.1283030496538819,0.009624703868504,1.025951975412082,1.3234368575057085,12/23,4526.0,DEVASANDRA LAKE,"D (Propagation of wild life,fisheries)",4.2,6.5,392.0,4.0,1.53,840.0,9200.0,3.0,88.0,5.0,88.0,60.0,40.0,1.5,0.92,104.0,56.0,48.0,16.0,31.0,270.0,10.0,0.2,0.5,8.0,0.2,37.0,1.3,0.05,2023.0
Devasandra Lake,DVS,2024-03-03,13.022,77.6553,0.0841621123041717,0.1081745013308722,0.1279167544404252,0.1598632705509592,0.201608086604471,0.2213182432670304,0.220451385319486,0.2251798098926244,0.187939162119345,-0.3613803202858301,-0.3706429531565846,0.1409664260571591,0.0658525772330995,1.1515016370786912,1.3841847876317752,03/24,4526.0,Devasandra Lake,"E (Irrigation, industrial cooling and controlled waste)",3.3,6.5,624.0,16.0,2.39,17000.0,33000.0,3.0,140.0,5.0,140.0,100.0,133.0,4.5,3.6,168.0,88.0,80.0,25.0,60.0,430.0,46.0,0.59,0.5,12.0,0.2,42.0,2.0,1.72,2024.0
Devasandra Lake,DVS,2024-04-02,13.022,77.6553,0.1038043654286217,0.1284259002076721,0.1497648231725817,0.18318995951417,0.2315922654462242,0.2558413166696004,0.2535363105087133,0.2557495933814468,0.2148539517690545,-0.3382860705797861,-0.3431167539244974,0.1211366807796762,0.0622407613631974,1.1421731440893854,1.3115318824687208,04/24,4526.0,Devasandra Lake,"E (Irrigation, industrial cooling and controlled waste)",1.2,8.2,935.0,87.0,3.0,1300.0,4900.0,3.0,124.0,5.0,124.0,208.0,364.0,5.0,3.9,192.0,100.0,92.0,20.0,118.0,644.0,56.0,0.92,0.5,33.0,0.45,52.0,4.0,2.0,2024.0
Devasandra Lake,DVS,2024-05-02,13.022,77.6553,0.1077505227952825,0.137506742248483,0.1578171973168335,0.18983393416652,0.2352040873085724,0.2608020524555536,0.25393504312621,0.262908146453089,0.2226707692307694,-0.3065806993569282,-0.3231751737305967,0.1079180581266204,0.0594141797116214,1.1330953706695142,1.2695523269822526,05/24,4526.0,Devasandra Lake,"E (Irrigation, industrial cooling and controlled waste)",0.6,6.6,1778.0,58.0,6.8,1700.0,7000.0,3.0,412.0,5.0,412.0,300.0,302.0,7.2,6.6,484.0,248.0,236.0,72.0,162.0,1202.0,40.0,1.53,0.5,36.0,0.33,42.0,3.2,4.46,2024.0
Devasandra Lake,DVS,2024-06-01,13.022,77.6553,,,,,,,,,,,,,,,,06/24,4526.0,Devasandra Lake,"D (Propagation of wild life,fisheries)",4.1,7.8,1221.0,15.0,4.2,2100.0,70000.0,3.0,344.0,5.0,344.0,188.0,148.0,1.5,0.99,328.0,172.0,156.0,19.0,119.0,828.0,246.0,0.26,0.5,15.0,0.54,43.0,2.9,0.71,2024.0
Devasandra Lake,DVS,2024-09-19,13.022,77.6553,0.1007813061080796,0.1275662279396834,0.143581700886068,0.1787067558528429,0.2450004471043831,0.2756128744939271,0.2703581869389192,0.2457695159302942,0.2029088329519449,-0.3756008483023922,-0.3389514263545425,0.1416203780521563,0.0386948759391847,1.0929463321164468,1.3924020780276576,09/24,4526.0,Devasandra Lake,"E (Irrigation, industrial cooling and controlled waste)",3.5,7.1,888.0,18.0,3.2,1700.0,9400.0,3.0,148.0,5.0,148.0,116.0,118.0,4.6,3.2,212.0,112.0,100.0,92.0,92.0,604.0,10.0,3.0,0.5,30.0,0.4,48.0,2.8,9.0,2024.0
Devasandra Lake,DVS,2024-12-08,13.022,77.6553,0.0776296532300651,0.0950984934042916,0.1048175149560341,0.1318865199788769,0.184472121105439,0.2086618377046293,0.2051777151909874,0.1825117268086604,0.1454491814821334,-0.384089163846308,-0.3391367988979915,0.1552762591426905,0.0171699490140037,1.056312557914682,1.4423373689597228,12/24,4526.0,Devasandra Lake,"D (Propagation of wild life,fisheries)",6.7,7.6,442.0,5.0,2.2,84.0,1600.0,3.0,152.0,5.0,152.0,56.0,53.0,1.5,0.4,128.0,72.0,56.0,5.0,48.0,300.0,22.0,0.2,0.5,6.0,0.2,43.0,1.8,0.28,2024.0
Devasandra Lake,DVS,2025-01-07,13.022,77.6553,0.0836676747051575,0.102159450786138,0.1134650096413986,0.1376788206301706,0.1847581869389191,0.204461341313149,0.2063827072698468,0.1867673754620663,0.1496768632283049,-0.3544880549804965,-0.3115974807385477,0.1275917961338072,0.0299864350519524,1.0753522836907468,1.3359496567242175,01/25,4526.0,Devasandra Lake,"E (Irrigation, industrial cooling and controlled waste)",2.2,7.5,2210.0,20.0,8.5,240.0,3500.0,3.0,480.0,5.0,480.0,376.0,160.0,4.7,4.2,604.0,308.0,296.0,91.0,176.0,1516.0,10.0,0.27,0.5,44.0,0.28,37.0,3.12,0.79,2025.0
Devasandra Lake,DVS,2025-02-01,13.022,77.6553,,,,,,,,,,,,,,,,02/25,4526.0,Devasandra Lake,"D (Propagation of wild life,fisheries)",6.9,8.3,566.0,4.0,2.1,23.0,920.0,16.0,124.0,8.0,132.0,72.0,38.0,1.5,0.6,92.0,52.0,40.0,20.0,59.0,386.0,10.0,0.2,0.5,13.0,0.21,54.0,2.8,0.3,2025.0
Devasandra Lake,DVS,2025-03-08,13.022,77.6553,0.0921620102094701,0.1119059144160084,0.1271538039572672,0.1548807357859531,0.1989277275127619,0.2185391339552896,0.2238303467699349,0.2195283717655343,0.184557151909875,-0.3452184530687871,-0.3368867934624122,0.121712065966649,0.0469525040451547,1.1092363033727537,1.31502771702565,03/25,4526.0,Devasandra Lake,"E (Irrigation, industrial cooling and controlled waste)",2.1,6.7,744.0,14.0,2.86,31000.0,70000.0,3.0,100.0,5.0,100.0,120.0,95.0,1.5,0.9,132.0,88.0,44.0,5.897435897435898,87.0,510.0,28.0,0.2,0.5,22.0,0.35,54.0,3.31,0.41,2025.0
Devasandra Lake,DVS,2025-04-02,13.022,77.6553,,,,,,,,,,,,,,,,04/25,4526.0,Devasandra Lake,"D (Propagation of wild life,fisheries)",4.2,7.3,589.0,9.0,2.3,2300.0,11000.0,3.0,116.0,5.0,116.0,68.0,92.0,1.5,0.72,160.0,84.0,76.0,26.0,74.0,400.0,10.0,0.26,0.5,13.0,0.27,44.0,2.2,0.75,2025.0
Devasandra Lake,DVS,2025-05-02,13.022,77.6553,0.2071133180778031,0.2273882006181418,0.2413046223626046,0.2686730012321776,0.3099829044182363,0.3272286991726807,0.3167930716423165,0.314357687026932,0.2367332723112128,-0.1734529202420678,-0.172560830764391,0.0580519743369815,0.0335359695358973,1.071148614885523,1.1280395613829473,05/25,4526.0,Devasandra Lake,E,2.3,7.3,548.0,25.0,2.1,11000.0,49000.0,3.0,116.0,5.0,116.0,120.0,176.0,8.5,6.5,80.0,44.0,36.0,9.0,74.0,376.0,102.0,1.6,0.5,3.0,0.31,65.0,3.6,3.8,2025.0
Devasandra Lake,DVS,2025-06-01,13.022,77.6553,,,,,,,,,,,,,,,,06/25,4526.0,Devasandra Lake,D,5.4,8.0,587.0,6.0,2.8,1700.0,7900.0,3.0,92.0,5.0,92.0,96.0,56.0,1.5,0.4,100.0,56.0,44.0,19.0,74.0,396.0,26.0,0.2,0.5,18.0,0.35,57.0,3.0,0.05,2025.0
Devasandra Lake,DVS,2025-11-10,13.022,77.6553,0.1085109628586516,0.1241181129981484,0.1298987538291312,0.1565215067769758,0.2003556768174617,0.2184439992958985,0.2159876535821158,0.2021321527900015,0.1582686252420348,-0.2762897452347854,-0.243577028968663,0.1039541929054105,0.0116756859997922,1.02986738371093,1.246437269938587,11/25,4526.0,Devasandra Lake,D,5.2,7.3,435.0,8.0,1.7,2757.826086956522,3500.0,12.0,112.0,20.0,112.0,100.0,88.0,6.199999999999999,0.98,96.0,48.0,48.0,8.0,46.0,300.0,16.0,0.21,0.5,6.0,0.28,49.0,2.0,0.5,2025.0
Dhorekere Tank,DHK,2023-08-16,13.028,77.71,,,,,,,,,,,,,,,,08/23,3641.0,DHOREKERE TANK,"D (Propagation of wild life,fisheries)",4.2,8.0,517.0,5.0,2.0,4300.0,92000.0,15.752380952380951,120.0,5.0,120.0,44.0,48.0,1.560952380952381,0.5,292.0,152.0,140.0,9.0,73.0,356.0,33.65714285714286,0.3,0.5,10.0,0.2,41.0,1.3231428571428572,0.0595238095238095,2023.0
Dhorekere Tank,DHK,2023-10-10,13.028,77.71,0.101846809783565,0.1354940981417501,0.138073176058239,0.1796175752243533,0.2559588210452226,0.2770674643674117,0.2780174590885096,0.240409987682562,0.1713155551645258,-0.3351871440715077,-0.288500454509194,0.153797867937995,-0.0059495955959029,0.9998398355092466,1.422634332764618,10/23,3641.0,DHOREKERE TANK,"E (Irrigation, industrial cooling and controlled waste)",1.8,7.0,427.0,14.0,1.31,7900.0,54000.0,3.0,112.0,5.0,112.0,24.0,116.0,8.528232758620689,1.29,128.0,68.0,60.0,26.0,27.0,290.0,105.73799126637554,0.43,0.5,3.0,0.2,30.0,1.1,1.33,2023.0
Dhorekere Tank,DHK,2023-12-24,13.028,77.71,0.1208479253915186,0.1478993668659312,0.1640160265461085,0.1912154425479499,0.230557701918001,0.2484123948618688,0.2473928840401196,0.2728989653352103,0.2263518528945981,-0.2502020112754877,-0.2969090855782918,0.0802985830049187,0.0522721406305541,1.1129014568549218,1.1833511504715748,12/23,3641.0,DHOREKERE TANK,"D (Propagation of wild life,fisheries)",4.8,8.7,356.0,7.0,1.1,4600.0,54000.0,8.0,88.0,5.0,92.0,32.0,84.0,1.5,0.4,152.0,84.0,68.0,30.0,36.0,238.0,52.0,0.52,0.5,9.0,0.23,32.0,1.0,1.4,2023.0
Dhorekere Tank,DHK,2024-03-03,13.028,77.71,0.1400246665493577,0.1781834664598393,0.2147519649601142,0.2418950096779869,0.2603137321837058,0.2779335667781101,0.2802609326060179,0.3349273939820515,0.2882577089565372,-0.2258912610790682,-0.3065502662301413,0.0633460116322323,0.0956053536911753,1.215840933737658,1.1431167272967764,03/24,3641.0,Dhorekere Tank,"E (Irrigation, industrial cooling and controlled waste)",1.2,6.6,675.0,28.0,2.3,2200.0,7900.0,3.0,228.0,5.0,228.0,52.0,188.0,26.5,20.4,104.0,56.0,48.0,19.0,72.0,470.0,264.0,3.3,0.5,22.0,0.2,52.0,3.0,6.9,2024.0
Dhorekere Tank,DHK,2024-04-02,13.028,77.71,0.147859084990322,0.1823307403977669,0.2190560224569433,0.2474750131972549,0.2660729720218195,0.2843533450642265,0.28620089389407,0.3522830688016892,0.3142664437796938,-0.22322287067803,-0.3186719075712058,0.0636026215287902,0.0921991364269158,1.2056622237435948,1.1418521144232836,04/24,3641.0,Dhorekere Tank,"E (Irrigation, industrial cooling and controlled waste)",0.3,7.6,580.0,90.0,2.2,2100.0,7000.0,3.0,116.0,5.0,116.0,52.0,444.0,44.0,34.0,148.0,80.0,14.0,68.0,55.0,394.0,284.0,0.56,0.5,17.0,0.22,41.0,2.0,1.42,2024.0
Dhorekere Tank,DHK,2024-05-02,13.028,77.71,0.1546975329931373,0.194836600773271,0.2349468696585177,0.259955850783037,0.2785880907971143,0.3001708393454162,0.2953265352806616,0.3666340911490408,0.3259748266760512,-0.2064461892347188,-0.3059567112051041,0.0527558776807632,0.093987603223667,1.210503634773588,1.1162440711780863,05/24,3641.0,Dhorekere Tank,"E (Irrigation, industrial cooling and controlled waste)",0.3,6.6,697.0,132.0,2.3,920.0,4600.0,3.0,212.0,5.0,212.0,76.0,442.0,30.0,23.3,196.0,104.0,92.0,30.0,73.0,476.0,714.0,1.52,0.5,23.0,0.41,41.0,2.3,4.6,2024.0
Dhorekere Tank,DHK,2024-06-01,13.028,77.71,,,,,,,,,,,,,,,,06/24,3641.0,Dhorekere Tank,"D (Propagation of wild life,fisheries)",5.8,7.1,458.0,5.0,1.6,170.0,2400.0,3.0,96.0,5.0,96.0,32.0,64.0,1.5,0.49,160.0,88.0,72.0,26.0,31.0,308.0,22.0,0.93,0.5,10.0,0.2,28.0,1.0,2.4,2024.0
Dhorekere Tank,DHK,2024-09-19,13.028,77.71,0.1322792257610417,0.169185225651148,0.1818625833909318,0.2254414745732887,0.2957075312335035,0.3272042336793946,0.324040471581911,0.3037546120007039,0.2431909167693121,-0.3165172901155024,-0.2963674752487524,0.1239994226038986,0.0315133751710501,1.0683514591180177,1.314063799308809,09/24,3641.0,Dhorekere Tank,"D (Propagation of wild life,fisheries)",6.0,7.9,452.0,4.0,1.3,2100.0,9400.0,3.0,32.0,5.0,32.0,80.0,44.0,1.5,0.4,380.0,220.0,160.0,18.0,26.0,306.0,224.0,0.2,0.5,10.0,0.2,13.0,0.57,0.3,2024.0
Dhorekere Tank,DHK,2024-12-08,13.028,77.71,0.0942535351046982,0.1231464019060638,0.126889072815502,0.1625267253211331,0.2360296498328348,0.2609379236318846,0.2590529368291395,0.2376036283653002,0.1846015590357206,-0.3473882284418422,-0.3275250096440973,0.1516261744978453,-0.0032604143416652,1.0053998445881704,1.4300280496046314,12/24,3641.0,Dhorekere Tank,"E (Irrigation, industrial cooling and controlled waste)",0.3,6.5,384.0,78.0,1.46,1700.0,11000.0,3.0,160.0,5.0,160.0,20.0,420.0,46.21,38.0,116.0,64.0,52.0,9.0,15.0,262.0,142.0,1.65,0.5,10.0,0.2,20.0,0.6,3.94,2024.0
Dhorekere Tank,DHK,2025-01-07,13.028,77.71,0.1061632623614288,0.1359430582401053,0.1469494774790795,0.1786385219074433,0.2304620482139713,0.2499621256378673,0.2541255921168396,0.2564535738166462,0.2058516769311983,-0.3009508596814594,-0.314085444554243,0.1126913868607794,0.0329098206285358,1.07236849746134,1.2850673842023663,01/25,3641.0,Dhorekere Tank,"D (Propagation of wild life,fisheries)",4.9,8.2,374.0,6.0,1.5,2600.0,9400.0,3.0,108.0,5.0,108.0,24.0,72.0,1.5,0.4,144.0,76.0,68.0,25.0,21.0,254.0,74.0,0.26,0.5,7.0,0.2,23.0,0.75,0.7,2025.0
Dhorekere Tank,DHK,2025-02-01,13.028,77.71,0.1188273060003518,0.1530209044833932,0.1729709618209156,0.2039440119655112,0.2393455604434279,0.2511666056660213,0.2517368608129509,0.2823734752771423,0.2243130248108392,-0.2462077068014188,-0.3007280978844666,0.0901375747085661,0.0613926169532442,1.134273425384931,1.2140596432511352,02/25,3641.0,Dhorekere Tank,"D (Propagation of wild life,fisheries)",4.9,6.8,428.0,10.0,1.64,1400.0,9400.0,3.0,140.0,5.0,140.0,32.0,76.0,1.5,0.41,168.0,102.0,66.0,12.0,28.0,284.0,124.0,0.2,0.5,7.0,0.2,25.0,0.93,0.05,2025.0
Dhorekere Tank,DHK,2025-03-08,13.028,77.71,0.1277111314446596,0.153512032601157,0.1780398096906956,0.20007279605842,0.2191874326939995,0.2318565616751715,0.2347883336266057,0.2942109765968679,0.2673307232095724,-0.2093327217990667,-0.3183038569257106,0.0613241231334298,0.0738149813727241,1.1612625921598505,1.137391869070147,03/25,3641.0,Dhorekere Tank,"D (Propagation of wild life,fisheries)",4.4,8.1,352.0,8.0,1.2,12000.0,79000.0,3.0,92.0,5.0,92.0,24.0,80.0,1.5,0.4,108.0,60.0,48.0,6.666666666666667,34.0,232.0,132.0,0.22,0.5,6.0,0.2,39.0,1.0,0.62,2025.0
Dhorekere Tank,DHK,2025-04-02,13.028,77.71,,,,,,,,,,,,,,,,04/25,3641.0,Dhorekere Tank,"D (Propagation of wild life,fisheries)",5.4,8.5,472.0,13.0,1.8,21.0,350.0,48.0,128.0,24.0,152.0,40.0,143.0,5.2,4.0,148.0,76.0,72.0,15.0,54.0,326.0,10.0,0.48,0.5,6.0,0.22,43.0,1.0,1.1,2025.0
Dhorekere Tank,DHK,2025-05-02,13.028,77.71,0.1307272672884039,0.1687963328394235,0.1861490618872135,0.2180416751715645,0.2666119092028858,0.2812367728312509,0.2790015907091325,0.2988463557979942,0.2363548970614111,-0.2424786223987846,-0.2774330332472943,0.0854181860707065,0.0470703240455093,1.1026273171020409,1.202247585393615,05/25,3641.0,Dhorekere Tank,E,2.2,8.5,409.0,25.0,1.5,1200.0,7000.0,32.0,128.0,16.0,144.0,36.0,174.0,1.5,0.4,132.0,72.0,60.0,17.0,33.0,282.0,300.0,0.4,0.5,1.0,0.27,34.0,1.3,1.1,2025.0
Dhorekere Tank,DHK,2025-06-01,13.028,77.71,,,,,,,,,,,,,,,,06/25,3641.0,Dhorekere Tank,D,4.9,8.3,870.0,14.0,3.3,260.0,3500.0,32.0,156.0,16.0,172.0,140.0,136.0,1.5,0.4,184.0,96.0,88.0,39.0,85.0,584.0,46.0,1.01,0.5,2.0,0.22,50.0,2.7,2.4,2025.0
Dhorekere Tank,DHK,2025-11-10,13.028,77.71,0.1013481048741862,0.1319169841299022,0.1374844553838277,0.1773788843920465,0.2510051944395566,0.2725996023227169,0.2741674960408237,0.2520003308111912,0.1889850853422488,-0.3433249040153085,-0.3221418548211213,0.1497955642587719,0.0051654337486083,1.0203915035131497,1.4031444270048354,11/25,3641.0,Dhorekere Tank,D,4.8,6.7,455.0,6.0,1.75,1788.2608695652175,9200.0,19.718309859154928,108.0,20.0,108.0,16.0,60.0,10.28,0.6,216.0,168.0,48.0,18.61,36.0,312.0,30.0,0.32,0.5,4.0,0.31,26.0,1.06,0.82,2025.0
Doddabidarakallu Lake,DBK,2023-08-16,13.0742,77.5133,0.1178511001584228,0.1509113393258386,0.1551783418192702,0.2030890230593203,0.3015165745467347,0.3396519732441471,0.3405662594613624,0.2971043513465936,0.2274616335152261,-0.3925548547444795,-0.3438884002985102,0.1673949119779206,-0.0084054086040726,0.9932428462861126,1.4727694621954468,08/23,4539.0,DODDABIDARAKALLU LAKE,"E (Irrigation, industrial cooling and controlled waste)",0.5,7.0,1096.0,18.0,5.2,1700.0,35000.0,14.01904761904762,356.0,5.0,169.33333333333334,37.33333333333333,122.0,1.987619047619048,2.8,356.0,184.0,172.0,50.0,153.0,748.0,31.25714285714286,3.1,0.5,32.0,0.2,41.0,1.415142857142857,0.1261904761904762,2023.0
Doddabidarakallu Lake,DBK,2023-10-10,13.0742,77.5133,0.07993430381975,0.1198559549050082,0.1203009935738209,0.1685735469107553,0.2793133075162824,0.3079747262805845,0.3122515789473684,0.2370245907410666,0.1643683964090828,-0.4439902123730718,-0.3567364792357252,0.239422778312168,-0.0564750292102335,0.9308196648886444,1.974032675149209,10/23,4539.0,DODDABIDARAKALLU LAKE,"E (Irrigation, industrial cooling and controlled waste)",2.4,6.7,2191.0,17.0,12.0,2300.0,24000.0,3.0,508.0,5.0,508.0,268.0,116.0,9.113362068965518,1.9,996.0,504.0,492.0,92.0,340.0,1492.0,94.99563318777292,0.5,0.5,32.0,0.2,41.0,4.7,1.1,2023.0
Doddabidarakallu Lake,DBK,2023-12-24,13.0742,77.5133,0.0960582432670305,0.1241104559913537,0.137780771624573,0.1664632036613272,0.2298572821686322,0.252592444992079,0.2603252244323182,0.2463167576130963,0.192202904418236,-0.3657159830889466,-0.3491013566090423,0.1335866656621203,0.0305301977675001,1.0803874151685011,1.3985440615926827,12/23,4539.0,DODDABIDARAKALLU LAKE,"E (Irrigation, industrial cooling and controlled waste)",0.3,7.14,1485.0,20.0,3.2,4900.0,92000.0,3.0,448.0,5.0,448.0,404.0,227.0,10.4,8.3,512.0,260.0,252.0,38.0,106.0,1022.0,24.0,0.56,0.5,11.0,0.3,30.0,2.0,1.7,2023.0
Doddabidarakallu Lake,DBK,2024-03-03,13.0742,77.5133,0.1090472839288857,0.1472380569101408,0.1751381198724292,0.2128712937863053,0.2583967153670128,0.2803545572962507,0.2821576271783138,0.3109721703925365,0.2555843231825382,-0.3240411807072468,-0.3678200575052657,0.1163487408144781,0.0786986871198851,1.1784488504088952,1.302130590748441,03/24,4539.0,Doddabidarakallu Lake,"E (Irrigation, industrial cooling and controlled waste)",0.8,7.6,1185.0,18.0,6.0,1100000.0,4900000.0,3.0,456.0,5.0,456.0,152.0,120.0,3.3,2.0,436.0,224.0,212.0,53.0,174.0,525.0,28.0,2.0,0.5,35.0,0.28,44.0,3.6,5.9,2024.0
Doddabidarakallu Lake,DBK,2024-04-02,13.0742,77.5133,0.1223923393768702,0.1573840068322402,0.1896242633642938,0.2276991057912339,0.2785964478084844,0.305635110015842,0.3085629607463473,0.3355550994543211,0.2806473296954762,-0.3297321778606108,-0.3695909415934,0.1054907983657587,0.0858044782729892,1.1944509279808566,1.2621757135575211,04/24,4539.0,Doddabidarakallu Lake,"E (Irrigation, industrial cooling and controlled waste)",0.8,7.6,1888.0,58.0,6.6,450000.0,2300000.0,3.0,532.0,5.0,532.0,232.0,296.0,29.0,21.0,404.0,208.0,196.0,34.0,189.0,1242.0,20.0,1.4,0.5,34.0,0.2,48.0,4.0,3.8,2024.0
Doddabidarakallu Lake,DBK,2024-05-02,13.0742,77.5133,0.1287854251012146,0.1668209112437022,0.1998868404058918,0.2372269882063016,0.2801832212638621,0.3071938355923255,0.3063277873613802,0.343471828903362,0.2854594155958458,-0.3007458685709809,-0.3536902244363699,0.0971016611001818,0.0861478715844782,1.1922503581459396,1.236130938272148,05/24,4539.0,Doddabidarakallu Lake,"E (Irrigation, industrial cooling and controlled waste)",0.3,6.7,2042.0,80.0,7.8,17000.0,48000.0,3.0,476.0,5.0,476.0,348.0,325.0,36.0,30.0,560.0,284.0,276.0,83.0,173.0,1376.0,22.0,0.89,0.5,41.0,0.52,38.0,3.2,2.45,2024.0
Doddabidarakallu Lake,DBK,2024-12-08,13.0742,77.5133,0.0936664214046822,0.1180770609270118,0.1269600041390325,0.1609423587396584,0.2153125189227249,0.2387659038901602,0.233559778208062,0.2373293891920436,0.1863795212110544,-0.3382060680025455,-0.3556849749907143,0.155906725406312,0.011617460105169,1.0391562014589633,1.449995425503538,12/24,4539.0,Doddabidarakallu Lake,"E (Irrigation, industrial cooling and controlled waste)",0.3,7.3,1360.0,93.0,4.7,2600.0,28000.0,3.0,400.0,5.0,400.0,164.0,296.0,51.0,40.0,304.0,160.0,144.0,66.0,100.0,892.0,20.0,1.6,0.5,23.0,0.3,39.0,2.5,4.3,2024.0
Doddabidarakallu Lake,DBK,2025-01-07,13.0742,77.5133,0.1091779405034324,0.1352739095786228,0.1500534305184728,0.1794111353634923,0.2238218165815878,0.2415746171448687,0.2440110543918324,0.2552253652525965,0.2073563809188523,-0.2959442482299682,-0.3181398350041152,0.1102157413958974,0.0359887009411926,1.085450879635271,1.2769206955819454,01/25,4539.0,Doddabidarakallu Lake,"E (Irrigation, industrial cooling and controlled waste)",0.3,6.7,1622.0,81.0,6.2,11000.0,46000.0,3.0,436.0,5.0,436.0,168.0,272.0,44.0,34.0,300.0,148.0,152.0,29.0,111.0,1102.0,32.0,4.1,0.5,23.0,0.29,42.0,2.8,9.6,2025.0
Doddabidarakallu Lake,DBK,2025-02-01,13.0742,77.5133,0.109239542334096,0.145478468711077,0.1700286675751461,0.2040487977468756,0.2415941594789648,0.2549832705509593,0.2540506460130258,0.290207199436719,0.2295050836120399,-0.2883291867205489,-0.3519875594644157,0.1199055904292014,0.0658994152135786,1.1490094372027353,1.3211861276923258,02/25,4539.0,Doddabidarakallu Lake,"E (Irrigation, industrial cooling and controlled waste)",0.3,6.9,1519.0,105.0,5.8,14000.0,84000.0,3.0,436.0,5.0,436.0,244.0,356.0,35.0,27.0,340.0,172.0,168.0,44.0,170.0,1048.0,30.0,2.2,0.5,22.0,0.2,50.0,4.0,5.0,2025.0
Doddabidarakallu Lake,DBK,2025-06-01,13.0742,77.5133,,,,,,,,,,,,,,,,06/25,4539.0,Doddabidarakallu Lake,E,0.3,7.4,1400.0,16.0,5.4,4300.0,14000.0,3.0,332.0,5.0,332.0,240.0,126.0,15.6,1.2,388.0,200.0,188.0,50.0,136.0,968.0,46.0,0.3,0.5,20.0,0.32,29.0,3.0,0.9,2025.0
Doddabidarakallu Lake,DBK,2025-11-10,13.0742,77.5133,0.1045872346417884,0.1331482909673579,0.1443126873252069,0.1803577856011266,0.2477228903362085,0.2690461327231121,0.2709481429325823,0.2599499665551841,0.2007723217743355,-0.3447866917981385,-0.3299360429599099,0.1318097524591019,0.0241073989738215,1.0585487267301288,1.3448318022236312,11/25,4539.0,Doddabidarakallu Lake,D,4.5,6.6,1025.0,5.0,3.93,3145.652173913044,2800.0,24.0,312.0,20.0,312.0,116.0,56.0,26.225,0.6,136.0,68.0,68.0,9.9,106.0,696.0,26.0,0.472,0.5,6.0,0.23,61.0,3.95,0.15,2025.0
Doddakannehalli Lake,DKN,2023-08-16,12.974,77.627,0.1074589256169254,0.1290826554639228,0.1286714758292393,0.1658738339141761,0.2641030344633366,0.3049136445242369,0.3028077797725914,0.2381536417080297,0.1791045094518957,-0.4287194348638397,-0.3390585172015777,0.1786778537179889,-0.0231427825375671,0.9666465628185676,1.537846603179131,08/23,4528.0,DODDAKANNEHALLI LAKE,"D (Propagation of wild life,fisheries)",4.4,8.5,769.0,9.0,3.0,1700.0,24000.0,4.609523809523809,100.0,16.0,116.0,144.0,80.0,4.303809523809524,0.83,156.0,84.0,72.0,45.0,93.0,520.0,18.228571428571428,1.7,0.5,18.0,0.26,41.0,1.9145714285714288,0.4880952380952381,2023.0
Doddakannehalli Lake,DKN,2023-10-10,12.974,77.627,0.068110321399655,0.0950134685660064,0.0970550148975094,0.1389359066427289,0.2331956383989865,0.2636235822156509,0.2686601788291619,0.2003879712746858,0.1317556764177844,-0.5032087276235183,-0.410549235743312,0.2562671688862342,-0.0307594181481404,0.9663957362600928,1.9046072385534711,10/23,4528.0,DODDAKANNEHALLI LAKE,"D (Propagation of wild life,fisheries)",5.0,8.4,800.0,7.0,3.0,4000.0,54000.0,3.0,148.0,12.0,148.0,124.0,84.0,9.815517241379313,0.59,176.0,96.0,80.0,31.0,86.0,540.0,82.10480349344978,0.81,0.5,22.0,0.25,48.0,3.0,2.2,2023.0
Doddakannehalli Lake,DKN,2023-12-24,12.974,77.627,0.0789314957580877,0.0939099236050226,0.0950787802256249,0.1242336536769106,0.1952018410955046,0.2225600239377618,0.2275099412116732,0.1809666631464075,0.1324362164255289,-0.4438282293432002,-0.3644765744878456,0.1928999628053825,-0.020552057409322,0.9782503023125916,1.6134656678477672,12/23,4528.0,DODDAKANNEHALLI LAKE,"D (Propagation of wild life,fisheries)",4.5,6.9,530.0,7.0,1.9,23000.0,240000.0,3.0,108.0,5.0,108.0,68.0,61.0,1.5,0.9,168.0,88.0,80.0,25.0,63.0,368.0,12.0,0.25,0.5,24.0,0.23,44.0,2.1,0.7,2023.0
Doddakannehalli Lake,DKN,2024-03-03,12.974,77.627,0.0891439011511247,0.1106050939160453,0.1115692334426195,0.1519110712148413,0.2388352765163516,0.2726482979547294,0.2741264406660328,0.2054798253951489,0.156342288872461,-0.4245721084643115,-0.3209919212494708,0.1953959730507799,-0.0250927635540247,0.968703115235846,1.5817366262417976,03/24,4528.0,Doddakannehalli Lake,"E (Irrigation, industrial cooling and controlled waste)",1.3,7.9,2015.0,17.0,7.0,2300.0,7900.0,3.0,564.0,5.0,564.0,332.0,132.0,2.86,2.3,340.0,176.0,164.0,108.0,252.0,1370.0,158.0,1.64,0.5,40.0,0.36,58.0,6.0,3.49,2024.0
Doddakannehalli Lake,DKN,2024-04-02,12.974,77.627,0.0993806808181082,0.1205326506632805,0.12457080352997,0.1648089379378321,0.2619153764917097,0.3022323863836377,0.3031334107790334,0.2323557961065934,0.1766522864082794,-0.4312420350068489,-0.3322970951439615,0.1701276160719342,-0.005403545001368,1.0007565528222102,1.4692198284539193,04/24,4528.0,Doddakannehalli Lake,"E (Irrigation, industrial cooling and controlled waste)",1.4,7.8,1358.0,26.0,5.7,260.0,1400.0,3.0,324.0,5.0,324.0,1921.0,174.0,4.4,3.4,340.0,176.0,164.0,87.0,169.0,928.0,36.0,1.5,0.5,29.0,0.23,49.0,5.6,6.0,2024.0
Doddakannehalli Lake,DKN,2024-05-02,12.974,77.627,0.0992115147674869,0.1237692364229275,0.1306490794272169,0.1696983278769318,0.262443760340761,0.3065852958777767,0.304210437568205,0.2464783961699582,0.1893578272960889,-0.4235777967290707,-0.3483537723470486,0.1619007729457109,0.009307107432666,1.0279639234237927,1.448407902606755,05/24,4528.0,Doddakannehalli Lake,"E (Irrigation, industrial cooling and controlled waste)",3.6,7.5,1821.0,20.0,7.34,14000.0,46000.0,3.0,436.0,5.0,436.0,280.0,136.0,3.64,2.8,352.0,180.0,172.0,40.0,164.0,1220.0,10.0,0.99,0.5,16.0,0.23,49.0,4.0,2.58,2024.0
Doddakannehalli Lake,DKN,2024-06-01,12.974,77.627,0.1037019528476069,0.1244573746307226,0.1267850237310318,0.1651305744922596,0.2573892593381622,0.3023492650191736,0.2902148558443405,0.2220668335463712,0.1694856625479335,-0.4101052673708789,-0.2979306829164629,0.156841210240753,-0.0052669077362892,0.9977016699706308,1.4144297633492684,06/24,4528.0,Doddakannehalli Lake,"E (Irrigation, industrial cooling and controlled waste)",1.2,7.5,1675.0,22.0,5.83,310.0,3500.0,3.0,328.0,5.0,328.0,248.0,148.0,29.0,21.0,312.0,164.0,148.0,28.0,154.0,1110.0,12.0,0.85,0.5,31.0,0.42,48.0,4.0,2.3,2024.0
Doddakannehalli Lake,DKN,2024-09-19,12.974,77.627,0.0949318266624424,0.1181783890163795,0.1173507297406905,0.1591704755870033,0.2644126588516914,0.3064864786848312,0.3039675889745486,0.2282630302390256,0.1682652198401804,-0.4665163355073391,-0.3666636300005683,0.2143548295757532,-0.0347092253982357,0.9497950869456272,1.7007803274192177,09/24,4528.0,Doddakannehalli Lake,"E (Irrigation, industrial cooling and controlled waste)",3.8,7.1,800.0,7.0,2.8,7800.0,33000.0,3.0,152.0,5.0,152.0,128.0,84.0,1.5,0.59,180.0,96.0,84.0,31.0,82.1,520.0,22.0,0.73,0.5,14.5,0.25,48.0,2.7,2.2,2024.0
Doddakannehalli Lake,DKN,2024-12-08,12.974,77.627,0.0729387474918154,0.0865484595964433,0.0845783673510488,0.1147978139191045,0.1903392262470518,0.2199875664448902,0.2189300172492694,0.1705450417150701,0.1198463758932656,-0.4564049632145309,-0.367362329925587,0.2057536724068674,-0.0442276707614124,0.9351736021096886,1.6640676704924593,12/24,4528.0,Doddakannehalli Lake,"E (Irrigation, industrial cooling and controlled waste)",3.3,8.3,578.0,21.0,2.2,2600.0,9400.0,16.0,148.0,8.0,156.0,92.0,155.0,3.0,2.5,128.0,68.0,60.0,24.0,46.0,398.0,42.0,0.24,0.5,12.0,0.46,41.0,2.0,0.67,2024.0
Doddakannehalli Lake,DKN,2025-01-07,12.974,77.627,0.0734828176153764,0.0874098745855748,0.088872855423687,0.1172671806244938,0.1833556517759708,0.2094009223078817,0.2116090963494914,0.1738481536241068,0.127911870313655,-0.4411222539390405,-0.3732732579871122,0.1909269716693017,-0.0157766001157533,0.9838037879506925,1.5792638677829376,01/25,4528.0,Doddakannehalli Lake,"E (Irrigation, industrial cooling and controlled waste)",3.2,8.4,873.0,10.0,3.4,170.0,2200.0,64.0,196.0,32.0,228.0,144.0,122.0,4.9,3.8,228.0,112.0,116.0,37.0,97.0,600.0,82.0,0.75,0.5,24.0,0.2,45.0,2.8,1.92,2025.0
Doddakannehalli Lake,DKN,2025-02-01,12.974,77.627,0.3049854889589905,0.3459274460464621,0.3885419617409962,0.3493858044164037,0.3610302839116719,0.3609037854889589,0.4307517350157729,0.363289905362776,0.260093690851735,-0.1302111060900668,-0.0515895328096691,-0.0342287545431823,0.0555848684012077,1.1179018217203178,0.9560590184590804,02/25,4528.0,Doddakannehalli Lake,"E (Irrigation, industrial cooling and controlled waste)",3.4,8.0,1567.0,16.0,5.5,3100.0,11000.0,3.0,244.0,5.0,244.0,332.0,116.0,1.5,1.0,304.0,160.0,144.0,59.0,174.0,1020.0,10.0,0.73,0.5,24.0,0.24,53.0,4.0,2.0,2025.0
Doddakannehalli Lake,DKN,2025-03-08,12.974,77.627,0.0889951385221952,0.1097367832729403,0.1103616150001441,0.1497315380011969,0.2482547681909389,0.2834769986270989,0.2901876896539586,0.2071500334424615,0.1532578096947935,-0.4473184404576431,-0.3294458754156259,0.1970188675851946,-0.0285147433063241,0.965240040185258,1.596167421528785,03/25,4528.0,Doddakannehalli Lake,"D (Propagation of wild life,fisheries)",6.1,6.5,188.0,4.0,0.6,210.0,1200.0,3.0,36.0,5.0,36.0,24.0,36.0,1.5,0.4,80.0,48.0,32.0,5.846153846153847,28.0,124.0,22.0,0.2,0.5,5.0,0.2,41.0,1.0,0.05,2025.0
Doddakannehalli Lake,DKN,2025-04-02,12.974,77.627,,,,,,,,,,,,,,,,04/25,4528.0,Doddakannehalli Lake,"D (Propagation of wild life,fisheries)",4.3,7.6,898.0,11.0,3.0,310.0,2800.0,3.0,252.0,5.0,252.0,152.0,97.0,1.5,0.88,248.0,128.0,120.0,19.0,94.0,624.0,10.0,0.8,0.5,25.0,0.33,42.0,2.6,1.9,2025.0
Doddakannehalli Lake,DKN,2025-05-02,12.974,77.627,0.0933975428591544,0.1225606367990233,0.1248207944574976,0.1760935156827542,0.2893190657232372,0.3244132009715916,0.3268660823036577,0.238476833174922,0.1659123631499278,-0.4612229967153976,-0.3514107398789482,0.2157231377438248,-0.013309332931921,0.9877403734269412,1.6596373238800208,05/25,4528.0,Doddakannehalli Lake,D,4.8,7.0,690.0,4.0,2.7,150.0,2400.0,3.0,156.0,5.0,156.0,116.0,45.0,1.5,0.4,116.0,60.0,56.0,8.8,90.0,468.0,20.0,0.3,0.5,10.0,0.31,60.0,3.6,0.7,2025.0
Doddakannehalli Lake,DKN,2025-06-01,12.974,77.627,,,,,,,,,,,,,,,,06/25,4528.0,Doddakannehalli Lake,D,5.2,7.7,1696.0,9.0,6.5,380.0,4300.0,3.0,176.0,5.0,176.0,340.0,96.0,1.5,0.4,256.0,132.0,124.0,36.0,186.0,1136.0,10.0,1.1,0.5,3.0,0.28,61.0,5.0,2.6,2025.0
Doddakannehalli Lake,DKN,2025-11-10,12.974,77.627,0.1692389961389961,0.1947274114577006,0.2108173721171484,0.2624214285714286,0.2871785714285714,0.2863071428571428,0.2541971042471043,0.2993142857142857,0.2279357142857143,-0.1321221592810656,-0.2127778547671656,0.1107481073023279,0.0385527279756697,1.0811288983431762,1.2537098780496132,11/25,4528.0,Doddakannehalli Lake,D,6.1,8.0,834.0,5.0,3.32,2822.4637681159425,3500.0,14.0,228.0,20.0,228.0,108.0,48.0,16.333333333333332,0.4,220.0,116.0,104.0,29.0,71.0,564.0,90.5,0.92,0.5,5.0,0.31,41.0,2.08,2.58,2025.0
Gottigere Lake,GTG,2023-08-16,12.8793,77.6017,0.1772081543766256,0.1959038778997996,0.2133908476372911,0.2405108825842357,0.2526681688948038,0.2717027645030549,0.2654387453874539,0.3275980158490109,0.3074419877805333,-0.1529996071131287,-0.2553409298424737,0.0658492062060744,0.0386113610640101,1.0827237394041986,1.1531200170175435,08/23,3613.0,GOTTIGERE LAKE,"D (Propagation of wild life,fisheries)",5.8,7.7,833.0,5.0,3.0,3100.0,35000.0,5.228571428571429,148.0,5.0,148.0,140.0,68.0,4.151428571428571,0.4,168.0,92.0,76.0,36.0,97.0,556.0,19.085714285714285,0.28,0.5,24.0,0.35,41.0,1.8817142857142857,0.4642857142857143,2023.0
Gottigere Lake,GTG,2023-10-10,12.8793,77.6017,0.1202336923239361,0.1427118044761016,0.1600420898758038,0.1808190722556574,0.192921630943582,0.1997348608031535,0.1984823109140183,0.2437093971069577,0.2141862633301656,-0.1730578974821315,-0.2758117508486281,0.0729290918711609,0.0568949187560742,1.1267525043799589,1.1810830727430348,10/23,3613.0,GOTTIGERE LAKE,"E (Irrigation, industrial cooling and controlled waste)",2.8,6.5,480.0,14.0,2.0,1700.0,24000.0,3.0,136.0,5.0,136.0,68.0,124.0,10.595689655172414,6.8,116.0,64.0,52.0,10.0,35.0,326.0,67.78165938864629,0.45,0.5,4.0,0.31,38.0,136.0,1.39,2023.0
Gottigere Lake,GTG,2023-12-24,12.8793,77.6017,0.0987893358673846,0.1133794809542434,0.1253036249769747,0.140276996445289,0.1535228768521451,0.1620170520536373,0.1584158272621686,0.1900408017456798,0.1784469855347903,-0.1729349303743996,-0.2628913614915254,0.0673755537466163,0.0496357959975752,1.1116704499063312,1.1681907396422302,12/23,3613.0,GOTTIGERE LAKE,"D (Propagation of wild life,fisheries)",6.1,7.8,788.0,4.0,3.0,340.0,5400.0,3.0,148.0,5.0,148.0,156.0,48.0,1.5,0.4,108.0,60.0,48.0,8.0,107.0,530.0,10.0,0.2,0.5,59.0,0.2,56.0,4.0,0.23,2023.0
Gottigere Lake,GTG,2024-03-03,12.8793,77.6017,0.1313403266110582,0.1549692539030728,0.1789569737178527,0.1979485552387989,0.2051959349593497,0.2181853306585011,0.2154898426776474,0.2681113680357581,0.2518384295920879,-0.1671107792070458,-0.2734758691908209,0.0576645126256044,0.0709534267594095,1.1570073954727778,1.1380686140307084,03/24,3613.0,Gottigere Lake,"D (Propagation of wild life,fisheries)",4.6,7.6,1042.0,8.0,2.5,430.0,3500.0,3.0,340.0,5.0,340.0,184.0,79.0,1.5,0.4,344.0,180.0,164.0,20.0,98.0,710.0,16.0,1.04,0.5,11.0,0.25,37.0,3.0,3.19,2024.0
Gottigere Lake,GTG,2024-04-02,12.8793,77.6017,0.1517321296589588,0.1788293458572499,0.2061341431006178,0.2270791820645477,0.2361860416006755,0.251049357688382,0.2480631330728889,0.3034357653186922,0.2929062049062049,-0.1656047134406648,-0.2626138471284508,0.0527241717791593,0.0709835300024198,1.155073652762122,1.1207075640757642,04/24,3613.0,Gottigere Lake,"E (Irrigation, industrial cooling and controlled waste)",3.6,7.3,1128.0,10.0,2.8,11000.0,46000.0,3.0,296.0,5.0,296.0,196.0,117.0,4.4,3.6,304.0,156.0,148.0,17.0,99.0,770.0,22.0,0.29,0.5,10.0,0.6,40.0,2.4,0.89,2024.0
Gottigere Lake,GTG,2024-05-02,12.8793,77.6017,0.1555306268257487,0.1830288676188201,0.2077180763875503,0.2284405940942527,0.2403857881955441,0.2609242952169783,0.2477578186041601,0.3090174638369759,0.2908650019357334,-0.1534962866120588,-0.2601313036938065,0.0511106479843618,0.0638476456663525,1.138705037413031,1.1145420853028232,05/24,3613.0,Gottigere Lake,"E (Irrigation, industrial cooling and controlled waste)",2.5,8.0,1188.0,19.0,5.0,310.0,3500.0,3.0,348.0,5.0,348.0,216.0,125.0,3.6,2.77,356.0,184.0,172.0,16.0,153.0,810.0,10.0,2.7,0.5,30.0,0.2,46.0,0.28,6.7,2024.0
Gottigere Lake,GTG,2024-06-01,12.8793,77.6017,0.1554651251187836,0.1785244216210058,0.1979287659606279,0.2172989898989898,0.2353440819343257,0.2561430260796112,0.2436765917009819,0.2868171857952343,0.2692158167036212,-0.1579162027924407,-0.2373785837200345,0.0508988222964629,0.0511429398678042,1.1102998333873122,1.1153909183170194,06/24,3613.0,Gottigere Lake,"E (Irrigation, industrial cooling and controlled waste)",3.6,7.1,1210.0,17.0,4.3,1200.0,7900.0,3.0,128.0,5.0,128.0,224.0,114.0,1.7,1.3,140.0,72.0,68.0,45.0,135.0,824.0,42.0,0.2,0.5,25.0,0.37,63.0,4.9,0.3,2024.0
Gottigere Lake,GTG,2024-09-19,12.8793,77.6017,0.1511630767606377,0.1749074352211636,0.1906906908683299,0.2163941329673035,0.2338071692535105,0.2526782177172419,0.2453624502868404,0.287165448914229,0.2719688558054409,-0.174285627733256,-0.2520457377543365,0.0704155886080946,0.043016097363326,1.0944349057921618,1.1685780149190397,09/24,3613.0,Gottigere Lake,"E (Irrigation, industrial cooling and controlled waste)",2.1,7.1,1141.0,20.0,8.5,3100.0,17000.0,3.0,376.0,5.0,376.0,200.0,152.0,14.0,10.0,384.0,196.0,188.0,45.0,113.0,778.0,20.0,0.2,0.5,19.0,0.31,38.0,2.5,0.7,2024.0
Gottigere Lake,GTG,2024-12-08,12.8793,77.6017,0.1139921233238306,0.1304746834158779,0.1431499141092511,0.1634051772076162,0.1788548516524125,0.1920236968993065,0.1874866117622214,0.22483060922817,0.2071058107204448,-0.1844340501488255,-0.2754593261751996,0.077364861824138,0.0450128074280974,1.0987345024790935,1.195436559301326,12/24,3613.0,Gottigere Lake,"D (Propagation of wild life,fisheries)",4.5,7.0,894.0,5.0,3.4,430.0,2200.0,3.0,204.0,5.0,204.0,148.0,56.0,1.5,0.4,244.0,128.0,116.0,36.0,88.0,606.0,10.0,0.24,0.5,18.0,0.26,43.0,2.45,0.7,2024.0
Gottigere Lake,GTG,2025-01-07,12.8793,77.6017,0.1220332488649561,0.138644184023682,0.1531686798704109,0.1697558300777812,0.1800347587371977,0.1900534966388623,0.1895360468799493,0.2250212402773377,0.2082143701826628,-0.1590387348422276,-0.2438083710148886,0.057788518396349,0.0489381546299374,1.107470560987435,1.1396735035076837,01/25,3613.0,Gottigere Lake,"D (Propagation of wild life,fisheries)",6.6,7.5,524.0,4.0,2.01,170.0,2100.0,3.0,128.0,5.0,128.0,124.0,42.0,1.5,0.4,140.0,80.0,60.0,6.0,49.0,360.0,12.0,0.2,0.5,12.0,0.2,40.0,1.79,0.35,2025.0
Gottigere Lake,GTG,2025-02-01,12.8793,77.6017,0.1286433569140886,0.1510113150511225,0.1677544649850476,0.1860997606729314,0.1982572977158341,0.2041385703727166,0.1993149016295357,0.2446755745609405,0.2165108295498539,-0.1421110261471435,-0.2430258155992198,0.0588574248702934,0.052757403780282,1.1157666933300896,1.140195475058586,02/25,3613.0,Gottigere Lake,"D (Propagation of wild life,fisheries)",7.0,7.5,648.0,4.0,2.5,170.0,920.0,3.0,120.0,5.0,120.0,84.0,42.0,1.5,0.4,88.0,52.0,36.0,13.0,77.0,440.0,36.0,0.2,0.5,13.0,0.2,61.0,3.6,0.2,2025.0
Gottigere Lake,GTG,2025-03-08,12.8793,77.6017,0.1212724633090486,0.1433172844224732,0.164251508173331,0.1818238904726708,0.1894645127230493,0.1998234188575651,0.2008506423116179,0.2529005807200927,0.2412241896315068,-0.1694589649718133,-0.2803269079624277,0.0570442704857055,0.0673187578809407,1.1472130017543507,1.133747577472633,03/25,3613.0,Gottigere Lake,"D (Propagation of wild life,fisheries)",5.1,7.3,718.0,15.0,2.5,400.0,2100.0,3.0,236.0,5.0,236.0,128.0,152.0,1.56,1.2,232.0,116.0,116.0,7.3076923076923075,84.0,496.0,10.0,1.11,0.5,10.0,0.26,43.0,2.4,2.6,2025.0
Gottigere Lake,GTG,2025-04-02,12.8793,77.6017,,,,,,,,,,,,,,,,04/25,3613.0,Gottigere Lake,"D (Propagation of wild life,fisheries)",6.0,6.8,827.0,4.0,3.33,63.0,540.0,3.0,120.0,5.0,120.0,144.0,40.0,1.5,0.4,152.0,80.0,72.0,25.0,71.0,564.0,10.0,0.2,0.5,6.0,0.23,49.0,2.5,0.18,2025.0
Gottigere Lake,GTG,2025-05-02,12.8793,77.6017,0.1977024108682644,0.1938445147282805,0.1852890370679883,0.192978675254285,0.2033147890050327,0.2043888255376059,0.191813356562137,0.1824173617710203,0.1420428043501213,0.0065160270093051,0.0304686443137003,0.0223194593785119,-0.0232162738690613,0.9551792456106348,1.0490668215646206,05/25,3613.0,Gottigere Lake,D,6.3,7.5,685.0,4.0,2.2,300.0,3500.0,3.0,128.0,5.0,128.0,92.0,40.0,1.5,0.74,124.0,68.0,56.0,14.0,72.0,398.0,16.0,0.2,0.5,17.0,0.5,51.0,2.8,0.32,2025.0
Gottigere Lake,GTG,2025-06-01,12.8793,77.6017,,,,,,,,,,,,,,,,06/25,3613.0,Gottigere Lake,D,5.4,7.7,423.0,8.0,1.6,2200.0,7900.0,3.0,112.0,5.0,112.0,64.0,92.0,1.9,1.4,92.0,48.0,44.0,12.0,51.0,292.0,30.0,0.2,0.5,3.0,0.42,53.0,2.3,0.14,2025.0
Gottigere Lake,GTG,2025-11-10,12.8793,77.6017,0.1406,0.1527999937534332,0.1615999937057495,0.1806,0.1752,0.1864,0.1836,0.2578,0.2241,-0.0915576897101308,-0.2557233508133457,0.0555231053294179,0.0279898228477466,1.0575916250789674,1.117574300954781,11/25,3613.0,Gottigere Lake,D,6.0,6.7,356.0,4.0,1.43,980.289855072464,2800.0,30.985915492957744,116.0,20.0,116.0,48.0,44.0,10.827272727272728,0.4,116.0,64.0,52.0,23.0,25.0,240.0,12.0,0.665,0.5,15.5,0.28,31.0,1.0,1.74,2025.0
Haralur Lake,HRL,2023-08-16,12.9059,77.6887,0.0617883112769252,0.0818790091698858,0.0715391420940595,0.1179028157116711,0.24046403984232,0.2852784351682386,0.2855562931155849,0.1830214029283402,0.1122285689145431,-0.5520156456650299,-0.368386768250574,0.2546207972271864,-0.0791784116337672,0.8588425928294823,1.7092884189610804,08/23,3621.0,HARALUR LAKE,"E (Irrigation, industrial cooling and controlled waste)",2.0,8.2,968.0,17.0,3.7,6300.0,54000.0,3.866666666666666,244.0,5.0,244.0,148.0,117.0,4.486666666666667,1.5,248.0,128.0,120.0,99.0,99.0,660.0,17.2,2.6,0.5,22.0,0.26,41.0,1.954,0.5166666666666667,2023.0
Haralur Lake,HRL,2023-10-10,12.9059,77.6887,0.0274102104744474,0.0598726347672283,0.0488865374357759,0.1065951851330424,0.2265315324510772,0.263256968886386,0.2656736167816416,0.1347894446008729,0.07006900605378,-0.6190155897239392,-0.3679974750186764,0.3953669914528831,-0.1247362694541712,0.7909241713226438,2.447079407577266,10/23,3621.0,HARALUR LAKE,"D (Propagation of wild life,fisheries)",4.5,8.4,798.0,8.0,3.0,4800.0,35000.0,16.0,124.0,8.0,132.0,116.0,92.0,10.049568965517242,0.52,180.0,96.0,84.0,29.0,83.0,538.0,77.80786026200873,1.4,0.5,23.0,0.25,46.0,3.0,4.8,2023.0
Haralur Lake,HRL,2023-12-24,12.9059,77.6887,0.0485956321272701,0.0624947769237743,0.0547983531010045,0.0902016964662818,0.180511164296776,0.2118238490778543,0.2161508552724202,0.1419713747712234,0.0830682246937913,-0.5496668310969633,-0.3674203475169594,0.2533903528940897,-0.0776663300324214,0.860895615085849,1.7042855724752914,12/23,3621.0,HARALUR LAKE,"E (Irrigation, industrial cooling and controlled waste)",3.1,6.8,905.0,16.0,3.4000000000000004,4600.0,92000.0,3.0,208.0,5.0,208.0,148.0,120.0,5.3,4.2,244.0,128.0,116.0,37.0,86.0,630.0,52.0,0.55,0.5,18.0,0.38,41.0,2.4,1.58,2023.0
Haralur Lake,HRL,2024-03-03,12.9059,77.6887,0.0484736132620019,0.0667045228929324,0.0665857950845655,0.1042495776432494,0.1971820850344925,0.2342796036885822,0.2419573560467408,0.1887069125721525,0.1179774285513163,-0.5672438957171181,-0.4682599976583591,0.2410189323600324,-0.0225345491850726,0.9669614758883844,1.6765367216005127,03/24,3621.0,Haralur Lake,"E (Irrigation, industrial cooling and controlled waste)",3.2,9.0,836.0,15.0,3.0,1700.0,4600.0,16.0,112.0,8.0,128.0,148.0,140.0,2.64,2.0,120.0,64.0,56.0,30.0,109.0,576.0,90.0,0.43,0.5,30.0,0.29,59.0,4.0,1.02,2024.0
Haralur Lake,HRL,2024-04-02,12.9059,77.6887,0.0673720998169787,0.0879948016820682,0.0918158522239195,0.1335222300436435,0.2291162994509362,0.2666890891172743,0.2779186681683795,0.2308913135294945,0.1455871357173026,-0.519848515293142,-0.4341250145084925,0.2056353825000834,-0.0059686548445349,1.0022582230723338,1.556965862293815,04/24,3621.0,Haralur Lake,"D (Propagation of wild life,fisheries)",6.0,6.9,1830.0,4.0,6.3,240.0,2200.0,3.0,216.0,5.0,216.0,408.0,44.0,1.5,0.4,340.0,176.0,164.0,27.0,234.0,1220.0,22.0,0.48,0.5,33.0,0.38,57.0,6.0,1.2,2024.0
Haralur Lake,HRL,2024-05-02,12.9059,77.6887,0.0733028262705899,0.0960008131703864,0.1049086721615314,0.1465641067154723,0.2319737505279459,0.2707101611994932,0.274565616640856,0.2492660706743629,0.1622534633253555,-0.4810903128046117,-0.4286811579144042,0.1823765792246088,0.0212169454511559,1.0606196270949106,1.470262686386482,05/24,3621.0,Haralur Lake,"D (Propagation of wild life,fisheries)",4.1,8.1,1030.0,14.0,3.5,170.0,1400.0,3.0,188.0,5.0,188.0,180.0,139.0,1.5,0.99,176.0,96.0,80.0,16.0,100.0,698.0,202.0,0.54,0.5,13.0,0.4,53.0,3.3,1.9,2024.0
Haralur Lake,HRL,2024-06-01,12.9059,77.6887,0.0766266119949317,0.1013224619525567,0.093683665680712,0.1397247008306349,0.2532053287343375,0.2953467161762634,0.2940615972124454,0.2319125193580178,0.1503489581866817,-0.4843373677742827,-0.3816076332834439,0.2054099771485147,-0.0470978384102302,0.915851648480412,1.5330774809071337,06/24,3621.0,Haralur Lake,"D (Propagation of wild life,fisheries)",4.8,9.0,840.0,8.0,2.92,220.0,3500.0,32.0,104.0,16.0,136.0,136.0,96.0,1.5,0.79,136.0,76.0,60.0,55.0,97.0,562.0,146.0,0.26,0.5,24.0,0.39,56.0,4.0,0.73,2024.0
Haralur Lake,HRL,2024-09-19,12.9059,77.6887,0.0556935379417147,0.0813115092455149,0.066575193522396,0.1200531606363508,0.2573180663100097,0.3037089469238349,0.304454864141912,0.1936421054484021,0.1114450549063775,-0.5767558618072062,-0.4039193256977048,0.294757210510821,-0.1063230021809498,0.8137768724927605,1.8645592936356807,09/24,3621.0,Haralur Lake,"E (Irrigation, industrial cooling and controlled waste)",2.1,8.2,705.0,22.0,2.3,2400.0,22000.0,3.0,236.0,5.0,236.0,104.0,160.0,10.7,7.9,208.0,108.0,100.0,31.0,69.0,486.0,400.0,0.3,0.5,12.0,0.39,40.0,2.1,0.8,2024.0
Haralur Lake,HRL,2024-12-08,12.9059,77.6887,0.0459175313247923,0.06333674874388,0.0515024430348217,0.0926598620301281,0.1909482436998451,0.2227629417147683,0.2255061417710827,0.1460078769533999,0.08073869843728,-0.5553971240647091,-0.3930343349986776,0.2956665799216616,-0.1114770615092304,0.8061750277486671,1.8833130547121124,12/24,3621.0,Haralur Lake,"E (Irrigation, industrial cooling and controlled waste)",3.3,8.2,502.0,23.0,1.9,3100.0,4800.0,3.0,136.0,5.0,136.0,80.0,160.0,3.1,2.7,116.0,64.0,52.0,20.0,40.0,346.0,62.0,0.21,0.5,10.0,0.24,40.0,2.0,0.59,2024.0
Haralur Lake,HRL,2025-01-07,12.9059,77.6887,0.0604775798958186,0.0762604849884271,0.0722228002025271,0.108980085879206,0.1963438511896381,0.2269245776432494,0.2349556560608193,0.1752168731521893,0.1037900957341968,-0.5058083235653328,-0.3885816421987932,0.2069734175697416,-0.030563758130843,0.9428727379160668,1.5386198158050597,01/25,3621.0,Haralur Lake,"E (Irrigation, industrial cooling and controlled waste)",2.8,8.7,837.0,15.0,3.2,170.0,3500.0,72.0,176.0,36.0,212.0,128.0,156.0,5.0,3.9,216.0,112.0,104.0,13.0,94.0,570.0,106.0,0.64,0.5,19.0,0.2,46.0,2.79,1.63,2025.0
Haralur Lake,HRL,2025-02-01,12.9059,77.6887,0.0579907651426907,0.0815431387087761,0.0814419521412654,0.128539010629004,0.2158271549213745,0.2406178800232965,0.2479348718695398,0.2098418426033781,0.1251510337798485,-0.5046660145970298,-0.4356350821674544,0.2336229554813203,-0.0068366684584387,0.9904112705059552,1.6341354881779089,02/25,3621.0,Haralur Lake,"D (Propagation of wild life,fisheries)",5.9,8.5,1167.0,5.0,4.1,2200.0,13000.0,16.0,160.0,8.0,176.0,220.0,60.0,1.5,0.4,192.0,104.0,88.0,62.0,156.0,786.0,100.0,0.38,0.5,24.0,0.29,60.0,5.0,1.1,2025.0
Haralur Lake,HRL,2025-03-08,12.9059,77.6887,0.0623024496691539,0.0832951005854265,0.0908798922453032,0.1255281219203154,0.2004578734337604,0.2304538786428269,0.2441618013515417,0.2294031184006758,0.1499270343516824,-0.4904640645215732,-0.4590987329350663,0.172363952838105,0.0293235476294055,1.0680420249602534,1.442122078624608,03/25,3621.0,Haralur Lake,"D (Propagation of wild life,fisheries)",5.4,8.2,842.0,9.0,3.2,6300.0,35000.0,3.0,160.0,5.0,160.0,152.0,92.0,1.5,0.58,212.0,74.0,138.0,7.128205128205128,100.0,558.0,148.0,0.2,0.5,27.0,0.23,47.0,3.0,0.05,2025.0
Haralur Lake,HRL,2025-04-02,12.9059,77.6887,,,,,,,,,,,,,,,,04/25,3621.0,Haralur Lake,"E (Irrigation, industrial cooling and controlled waste)",2.9,8.1,911.0,18.0,3.0,260.0,4300.0,3.0,312.0,5.0,312.0,152.0,121.0,1.57,1.2,284.0,144.0,140.0,35.0,106.0,632.0,10.0,1.21,0.5,15.0,0.28,48.0,2.7,28.0,2025.0
Haralur Lake,HRL,2025-05-02,12.9059,77.6887,0.0982058355624384,0.1142000283951006,0.1002183126635229,0.1495499366464874,0.2636210016894271,0.2970837005490638,0.3029928797691119,0.230413835703224,0.1382129557933268,-0.4428783843714142,-0.3266952727487507,0.1993688482001972,-0.068045034869799,0.8762520579830285,1.5068299357181136,05/25,3621.0,Haralur Lake,D,5.0,7.2,821.0,9.0,3.2,210.0,1400.0,3.0,188.0,5.0,188.0,132.0,88.0,1.5,0.4,140.0,76.0,64.0,9.0,114.0,560.0,10.0,0.4,0.5,12.0,0.2,62.0,4.2,0.9,2025.0
Haralur Lake,HRL,2025-06-01,12.9059,77.6887,,,,,,,,,,,,,,,,06/25,3621.0,Haralur Lake,D,4.9,8.3,870.0,14.0,3.3,260.0,3500.0,32.0,156.0,16.0,172.0,140.0,136.0,1.5,0.4,184.0,96.0,88.0,39.0,85.0,584.0,46.0,1.0,0.5,2.0,0.22,50.0,2.7,2.4,2025.0
Haralur Lake,HRL,2025-11-10,12.9059,77.6887,0.0781918309165142,0.0925057657256011,0.0796860342148566,0.116338793467549,0.2133240743347881,0.2437549239757847,0.2473040827819232,0.1538406166408561,0.0838188723074757,-0.4356411868503314,-0.2367024017274371,0.1896394360357891,-0.0781550024313721,0.8579009178059359,1.4806064105633274,11/25,3621.0,Haralur Lake,E,2.6,7.3,918.0,26.0,3.7,1238.840579710145,110000.0,27.380281690140844,208.0,20.0,208.0,120.0,188.0,7.7,6.2,212.0,112.0,100.0,36.0,78.0,632.0,40.0,1.35,0.5,6.0,0.48,44.0,2.33,3.9,2025.0
Hebbal Lake,HBL,2023-08-16,13.0455,77.5961,0.241169885773624,0.2550920042850518,0.2610193148162505,0.2945725337487018,0.3470882658359294,0.3762779854620976,0.3642297507788161,0.3236768431983385,0.2471845275181723,-0.1769235554181187,-0.1196807856208419,0.0608907519451915,0.0122801018974808,1.0254379270983098,1.1312801210053396,08/23,3625.0,HEBBAL LAKE,"D (Propagation of wild life,fisheries)",4.2,7.0,750.0,11.0,2.2,4800.0,92000.0,9.066666666666666,212.0,5.0,212.0,116.0,107.0,3.206666666666667,0.93,200.0,108.0,92.0,12.0,74.0,510.0,24.4,0.31,0.5,9.0,0.34,41.0,1.678,0.3166666666666666,2023.0
Hebbal Lake,HBL,2023-10-10,13.0455,77.5961,0.072271924390158,0.0908032348581761,0.08444036790603,0.1218202154246893,0.2114662219719102,0.2343980569537822,0.2307027772888873,0.1704878946812628,0.10729657502904,-0.4105482708564946,-0.3019793926289171,0.1924643616357772,-0.0476985412396996,0.915920092654698,1.50908432006961,10/23,3625.0,HEBBAL LAKE,"D (Propagation of wild life,fisheries)",6.1,7.6,412.0,4.0,1.0,4100.0,24000.0,3.0,88.0,5.0,88.0,56.0,40.0,11.68793103448276,0.4,144.0,80.0,64.0,16.0,38.0,282.0,47.7292576419214,0.31,0.5,10.0,0.2,34.0,16.0,0.97,2023.0
Hebbal Lake,HBL,2023-12-24,13.0455,77.5961,0.0827037488119961,0.1048436090447187,0.1086932384756211,0.1472816572213031,0.2539195431025379,0.288972804392974,0.2898429934175791,0.2395817663416521,0.1675321940230209,-0.4661944760665383,-0.3976738325998754,0.1699306025082563,0.0025816743390758,1.0117826371295802,1.4418220312147874,12/23,3625.0,HEBBAL LAKE,"D (Propagation of wild life,fisheries)",5.3,6.9,462.0,4.0,1.79,4300.0,54000.0,3.0,108.0,5.0,108.0,76.0,44.0,1.5,0.64,124.0,68.0,56.0,19.0,40.0,318.0,22.0,0.2,0.5,10.0,0.41,39.0,1.6,0.05,2023.0
Hebbal Lake,HBL,2024-03-03,13.0455,77.5961,0.0846646414868527,0.1125202935859479,0.1308184767221862,0.1716986518356859,0.2472306064979408,0.276927315287409,0.2798303776972086,0.2673885458833468,0.1989811820197823,-0.4305537536324733,-0.4161138873679955,0.1572834338090024,0.0577695508761604,1.1355341833009764,1.4201464570229578,03/24,3625.0,Hebbal Lake,"E (Irrigation, industrial cooling and controlled waste)",2.2,7.6,745.0,28.0,2.5,2200.0,9400.0,3.0,196.0,5.0,196.0,96.0,172.0,1.8,1.2,168.0,92.0,76.0,26.0,94.0,496.0,60.0,0.88,0.5,21.0,0.27,51.0,3.0,2.3,2024.0
Hebbal Lake,HBL,2024-05-02,13.0455,77.5961,0.1047147030870499,0.1380804315263939,0.1626789999047938,0.2046187018198458,0.2799819317821816,0.3161695096624308,0.3133985603153931,0.3115782604104333,0.2388307754584816,-0.3910863969141329,-0.3920448726327195,0.1309991039637954,0.0680870937147269,1.1563091611950906,1.3312099641439763,05/24,3625.0,Hebbal Lake,"E (Irrigation, industrial cooling and controlled waste)",0.3,6.7,1095.0,26.0,3.9,3100.0,9400.0,3.0,236.0,5.0,236.0,128.0,176.0,6.3,4.8,244.0,128.0,116.0,11.0,108.0,742.0,24.0,1.1,0.5,22.0,0.3,46.0,3.0,1.7,2024.0
Hebbal Lake,HBL,2024-06-01,13.0455,77.5961,0.1292712274279278,0.1459192190819038,0.1503894821933416,0.1894849273117673,0.2762824316237812,0.315338473723116,0.3080743320778626,0.2759008870428386,0.2027864338765885,-0.3573874405036295,-0.3127299224082515,0.1235314737322954,0.0117273014622116,1.0288510666658628,1.2971367023925633,06/24,3625.0,Hebbal Lake,"D (Propagation of wild life,fisheries)",6.9,7.1,669.0,6.3,2.4,170.0,2400.0,3.0,176.0,5.0,176.0,112.0,57.0,1.5,0.82,176.0,92.0,84.0,19.0,75.0,456.0,10.0,1.0,0.5,22.0,0.2,48.0,2.8,1.8,2024.0
Hebbal Lake,HBL,2024-09-19,13.0455,77.5961,0.0736649829279453,0.1023421031594531,0.0982240555029884,0.1521221479108733,0.2981486395156465,0.3472379527614486,0.3422498961596678,0.2516891618853181,0.1682426308564188,-0.5385638358026292,-0.4378174431372537,0.2590608302416741,-0.0566866449195021,0.909930174821918,1.810860436319568,09/24,3625.0,Hebbal Lake,"D (Propagation of wild life,fisheries)",6.8,6.7,628.0,6.0,2.12,310.0,3500.0,3.0,148.0,5.0,148.0,76.0,56.0,1.5,0.4,148.0,80.0,68.0,14.0,65.0,428.0,12.0,0.7,0.5,14.0,0.26,46.0,2.0,1.91,2024.0
Hebbal Lake,HBL,2024-12-08,13.0455,77.5961,0.0650957302263367,0.080703713758018,0.0733910594112575,0.1195046816149811,0.2499845471505509,0.2921472103910733,0.2898768453659049,0.2153840508289627,0.1379220352705128,-0.5520149841982119,-0.4562387721081175,0.268730528804314,-0.0829053734850294,0.8653695742210924,1.83393759629842,12/24,3625.0,Hebbal Lake,"D (Propagation of wild life,fisheries)",4.9,7.9,674.0,7.0,2.71,310.0,3500.0,3.0,216.0,5.0,216.0,40.0,84.0,1.5,0.82,124.0,68.0,56.0,7.0,73.0,432.0,12.0,0.28,0.5,5.0,0.2,64.0,3.6,0.76,2024.0
Hebbal Lake,HBL,2025-01-07,13.0455,77.5961,0.0719053539371326,0.0905227252946739,0.0892065228124812,0.1292592277095287,0.234896054067373,0.2678019782463304,0.2745912175718963,0.2129014080045056,0.1410088528283289,-0.5010947076913257,-0.4081302505894985,0.2065413775219463,-0.0267142738390353,0.9562691604981676,1.5675110256264455,01/25,3625.0,Hebbal Lake,"D (Propagation of wild life,fisheries)",6.0,8.2,595.0,8.0,2.3,240.0,2800.0,3.0,160.0,5.0,160.0,64.0,61.0,1.5,0.4,124.0,68.0,56.0,13.0,54.0,404.0,24.0,0.2,0.5,10.0,0.2,46.0,2.1,0.5,2025.0
Hebbal Lake,HBL,2025-02-01,13.0455,77.5961,0.1276683271698933,0.1504429847279717,0.1554441887418826,0.2037592922920744,0.2870429192951925,0.3098153070843303,0.3135056848669423,0.3076176636937132,0.2082120368356174,-0.3568065624582699,-0.3470096496518769,0.1480912712785838,0.0049070956472444,1.0157377789959947,1.3668002246578204,02/25,3625.0,Hebbal Lake,"D (Propagation of wild life,fisheries)",4.8,7.7,662.0,8.0,2.5,1700.0,11000.0,3.0,160.0,5.0,160.0,64.0,71.0,1.5,0.47,156.0,84.0,72.0,14.0,52.0,450.0,20.0,0.5,0.5,12.0,0.25,39.0,1.8,1.1,2025.0
Hebbal Lake,HBL,2025-03-08,13.0455,77.5961,0.079573297194551,0.1032125095365174,0.1187009292201407,0.1528713823084234,0.2195114717167096,0.2461029744095181,0.2559433770988068,0.2513060368193179,0.1893192087014679,-0.4261275226837093,-0.4239444523951171,0.1409025150897854,0.0557900136241515,1.128275585533206,1.3661701902684762,03/25,3625.0,Hebbal Lake,"D (Propagation of wild life,fisheries)",5.8,7.2,624.0,7.0,2.0,250.0,3500.0,3.0,176.0,5.0,176.0,80.0,71.0,1.6,1.3,164.0,88.0,76.0,7.0256410256410255,70.0,424.0,20.0,0.58,0.5,15.0,0.2,46.0,2.5,1.3,2025.0
Hebbal Lake,HBL,2025-04-02,13.0455,77.5961,,,,,,,,,,,,,,,,04/25,3625.0,Hebbal Lake,"D (Propagation of wild life,fisheries)",5.9,7.6,698.0,6.0,2.6,1100.0,7900.0,3.0,124.0,5.0,124.0,104.0,69.0,1.5,0.4,124.0,68.0,56.0,7.0,69.0,476.0,10.0,0.2,0.5,15.0,0.22,51.0,2.7,0.4,2025.0
Hebbal Lake,HBL,2025-05-02,13.0455,77.5961,0.0924744552782569,0.1215120981702742,0.1302186772670509,0.1781218029497693,0.2621476785525713,0.2868894188461401,0.286219624062797,0.273041578373051,0.1909516033651307,-0.4070786420639075,-0.3911938241099092,0.1732053642331801,0.0215058867472221,1.0520542639560144,1.4599862723133288,05/25,3625.0,Hebbal Lake,D,4.8,8.4,614.0,8.0,2.4,1300.0,7900.0,24.0,132.0,12.0,156.0,76.0,90.0,1.5,0.4,144.0,72.0,72.0,10.0,71.0,418.0,48.0,0.5,0.5,15.0,0.4,48.0,2.6,1.2,2025.0
Hebbal Lake,HBL,2025-06-01,13.0455,77.5961,,,,,,,,,,,,,,,,06/25,3625.0,Hebbal Lake,D,5.3,7.8,380.0,8.0,1.6,140.0,3500.0,3.0,108.0,5.0,108.0,56.0,98.0,1.5,0.84,108.0,56.0,52.0,7.0,36.0,264.0,10.0,0.2,0.5,5.0,0.28,40.0,1.5,0.05,2025.0
Hebbal Lake,HBL,2025-11-10,13.0455,77.5961,0.1054300432961385,0.1233391075759361,0.116015847541701,0.1581631208419867,0.2758895068464218,0.3102725122320392,0.3110384385230034,0.2417483543947341,0.1527817839417085,-0.4292884592197477,-0.3246145481149441,0.1664104081277207,-0.0440905561647067,0.9210622903897878,1.4213686787541118,11/25,3625.0,Hebbal Lake,E,2.9,6.8,480.0,19.0,1.9,1368.1159420289855,12000.0,25.577464788732392,180.0,20.0,180.0,68.0,128.0,12.0,8.9,128.0,64.0,64.0,7.0,50.0,330.0,18.0,1.65,0.5,6.0,0.24,44.0,1.9,0.19,2025.0
Hesaraghatta Lake,HSG,2023-08-16,13.1299,77.4614,0.0741471872139688,0.1109443747728385,0.1197371263858811,0.1750597127367457,0.296149781736253,0.3383710307681476,0.3341672252341057,0.324140220375977,0.2211084137154121,-0.498708459841551,-0.4910484565519687,0.1973616468818333,0.031009999110256,1.081229063193751,1.5215277420341249,08/23,3597.0,HESARAGHATTA LAKE,"D (Propagation of wild life,fisheries)",4.8,7.2,402.0,7.0,1.4,320.0,9200.0,14.761904761904765,156.0,5.0,156.0,72.0,66.0,1.804761904761905,0.7,120.0,64.0,56.0,10.0,39.0,296.0,32.285714285714285,0.2,0.5,16.0,0.28,41.0,1.375714285714286,0.0976190476190476,2023.0
Hesaraghatta Lake,HSG,2023-10-10,13.1299,77.4614,0.0389492888826304,0.0779330177522583,0.0651062100548419,0.132661553897064,0.3115099908470042,0.3693180384425826,0.3735705555164402,0.2274164507498416,0.1221087446314159,-0.6449439361666498,-0.4942963460871843,0.3691884847089755,-0.1225921877455236,0.8186501259075958,2.309907499737124,10/23,3597.0,HESARAGHATTA LAKE,"D (Propagation of wild life,fisheries)",5.2,7.5,520.0,5.0,2.0,4000.0,54000.0,3.0,116.0,5.0,116.0,40.0,44.0,8.879310344827587,0.4,160.0,80.0,80.0,28.0,34.0,354.0,99.29257641921396,0.2,0.5,3.0,0.2,31.0,1.5,0.05,2023.0
Hesaraghatta Lake,HSG,2023-12-24,13.1299,77.4614,,,,,,,,,,,,,,,,12/23,3597.0,HESARAGHATTA LAKE,"D (Propagation of wild life,fisheries)",4.3,7.8,281.0,9.0,1.8,700.0,9200.0,3.0,80.0,5.0,80.0,40.0,91.0,1.5,0.92,72.0,44.0,28.0,5.0,29.0,194.0,10.0,0.2,0.5,4.0,0.2,44.0,1.4,0.05,2023.0
Hesaraghatta Lake,HSG,2024-03-03,13.1299,77.4614,0.0860785256635922,0.1183509328056685,0.1677612862016947,0.2041277300570301,0.2354157501936211,0.2605317925790325,0.267307357600507,0.3887845596000845,0.2970220340773079,-0.3887823441631842,-0.5354432701885379,0.1011217211924413,0.1712996881360816,1.4199215925986166,1.2316537818928146,03/24,3597.0,Hesaraghatta Lake,"D (Propagation of wild life,fisheries)",5.3,7.0,394.0,7.0,1.4,14.0,1600.0,3.0,116.0,5.0,116.0,48.0,65.0,1.5,0.85,128.0,68.0,60.0,44.0,45.0,286.0,10.0,0.2,0.5,19.0,0.2,39.0,1.7,0.5,2024.0
Hesaraghatta Lake,HSG,2024-04-02,13.1299,77.4614,0.0986995740336549,0.1331081955437865,0.1883880054141605,0.2257518798845315,0.2573012321340562,0.2823586390199254,0.2871956523269732,0.4087637118918538,0.3177762444553969,-0.3686144165724684,-0.5108092230884609,0.0928620918674255,0.1711961624889192,1.41779873289401,1.210307852407253,04/24,3597.0,Hesaraghatta Lake,"D (Propagation of wild life,fisheries)",5.8,7.7,469.0,5.0,1.6,32.0,1600.0,3.0,140.0,5.0,140.0,48.0,52.0,1.5,0.4,124.0,68.0,56.0,5.0,31.0,312.0,10.0,0.2,0.5,15.0,0.2,32.0,1.0,0.05,2024.0
Hesaraghatta Lake,HSG,2024-05-02,13.1299,77.4614,0.109632859255087,0.1492011338280371,0.2055186650692883,0.240324934872914,0.2713879321270156,0.2993154368795324,0.3012267795536155,0.4076726677462511,0.3149343800605504,-0.3391909822979759,-0.4659622440913324,0.0798472193008103,0.1579342909052871,1.3788004325283705,1.177237379739216,05/24,3597.0,Hesaraghatta Lake,"E (Irrigation, industrial cooling and controlled waste)",0.6,6.5,340.0,30.0,0.96,17000.0,48000.0,3.0,64.0,6.5,64.0,20.0,172.0,1.56,1.2,72.0,40.0,32.0,22.0,12.0,226.0,72.0,0.2,0.5,2.0,0.2,26.0,0.6,0.35,2024.0
Hesaraghatta Lake,HSG,2024-06-01,13.1299,77.4614,0.0733968351756671,0.1071485109642459,0.123681574431184,0.1697834049144547,0.2691264345560796,0.3086066077589243,0.3020481377173838,0.3246104520171798,0.2351218263747096,-0.4713103825618991,-0.504784329830633,0.1661131364504024,0.0639420866567687,1.160600454823376,1.4255682677928667,06/24,3597.0,Hesaraghatta Lake,"D (Propagation of wild life,fisheries)",6.0,7.6,453.0,4.0,1.57,330.0,16000.0,3.0,120.0,5.0,120.0,40.0,44.0,1.5,0.4,148.0,80.0,68.0,5.0,30.0,304.0,10.0,0.31,0.5,14.0,0.2,28.0,1.0,0.87,2024.0
Hesaraghatta Lake,HSG,2024-09-19,13.1299,77.4614,0.0674385435460062,0.1043678533315795,0.1001535183014597,0.1635461210431359,0.3325136624569461,0.3863466294899131,0.3827521567984254,0.3016029686731179,0.19361313760866,-0.5712295348424566,-0.4912824285284964,0.2592692817658198,-0.0334535259557682,0.94856615623828,1.754328881212801,09/24,3597.0,Hesaraghatta Lake,"D (Propagation of wild life,fisheries)",6.8,8.0,370.0,4.0,8.0,170.0,2800.0,3.0,80.0,5.0,80.0,48.0,40.0,1.5,0.4,72.0,40.0,32.0,33.0,28.0,252.0,32.0,0.4,0.5,26.0,0.36,37.0,1.4,1.0,2024.0
Hesaraghatta Lake,HSG,2024-12-08,13.1299,77.4614,0.0567644898965007,0.0803405127102446,0.0716871648973364,0.1257025029923256,0.2577701189889461,0.2986765542491024,0.2975098429909175,0.2416098148278532,0.1523757234387102,-0.570441548644819,-0.5029839822401975,0.2892346026593742,-0.0742037353479143,0.8790015579831426,1.8839563312437264,12/24,3597.0,Hesaraghatta Lake,"D (Propagation of wild life,fisheries)",5.8,7.3,369.0,5.0,1.3,140.0,3500.0,3.0,112.0,5.0,112.0,36.0,64.0,1.5,0.4,124.0,68.0,56.0,5.0,25.0,248.0,14.0,0.2,0.5,12.0,0.2,28.0,0.97,0.05,2024.0
Hesaraghatta Lake,HSG,2025-01-07,13.1299,77.4614,0.0535780292895867,0.0788485183463362,0.0922852566923823,0.1339997218897416,0.2154600366119833,0.2436700239386047,0.2529303773850596,0.2703036858410194,0.192153576709146,-0.5212345754687098,-0.5485874633338202,0.2007268123782583,0.0617300406044734,1.1617389895167232,1.5439079046046098,01/25,3597.0,Hesaraghatta Lake,"D (Propagation of wild life,fisheries)",7.1,7.5,444.0,4.0,1.7,310.0,3500.0,3.0,112.0,5.0,112.0,52.0,43.0,1.5,0.44,100.0,44.0,56.0,35.0,27.0,306.0,10.0,0.2,0.5,11.0,0.2,33.0,1.17,0.3,2025.0
Hesaraghatta Lake,HSG,2025-02-01,13.1299,77.4614,,,,,,,,,,,,,,,,02/25,3597.0,Hesaraghatta Lake,"D (Propagation of wild life,fisheries)",5.0,7.1,520.0,7.0,2.2,270.0,2400.0,3.0,144.0,5.0,144.0,112.0,73.0,1.5,0.7,152.0,96.0,56.0,16.0,56.0,354.0,14.0,0.2,0.5,8.0,0.26,43.0,2.0,0.32,2025.0
Hesaraghatta Lake,HSG,2025-03-08,13.1299,77.4614,0.0724806484545518,0.0980743188315262,0.1332647989327715,0.1681714884179399,0.2149771984791945,0.2425377138632682,0.2532379567696966,0.3369181581356051,0.245748194043512,-0.4426774939214865,-0.5498983961531092,0.1209672711276739,0.1479461063221707,1.3556148110986088,1.284803104337627,03/25,3597.0,Hesaraghatta Lake,"D (Propagation of wild life,fisheries)",5.8,7.5,323.0,8.0,1.2,680.0,3900.0,3.0,112.0,5.0,112.0,44.0,92.0,1.5,0.86,128.0,64.0,64.0,7.6923076923076925,18.0,226.0,14.0,0.2,0.5,8.0,0.3,22.0,1.0,0.36,2025.0
Hesaraghatta Lake,HSG,2025-04-02,13.1299,77.4614,,,,,,,,,,,,,,,,04/25,3597.0,Hesaraghatta Lake,"D (Propagation of wild life,fisheries)",6.9,6.7,322.0,4.0,1.2,210.0,1100.0,3.0,80.0,5.0,80.0,40.0,38.0,8.3,6.4,116.0,64.0,52.0,18.0,19.0,220.0,10.0,0.2,0.5,16.0,0.2,23.0,0.8,0.05,2025.0
Hesaraghatta Lake,HSG,2025-05-02,13.1299,77.4614,0.0711464444131521,0.109092586853792,0.1387972923873437,0.1851196190945576,0.2452037703302119,0.2679325846652116,0.2698747306906993,0.3393141308174331,0.2437469830317539,-0.4268755907306501,-0.5156022696417845,0.154339075717477,0.1106887392218494,1.260232221504435,1.385563305116448,05/25,3597.0,Hesaraghatta Lake,D,6.4,6.9,359.0,5.0,1.4,140.0,2400.0,3.0,104.0,5.0,104.0,36.0,56.0,1.5,0.4,96.0,48.0,48.0,20.0,43.0,248.0,10.0,0.2,0.5,5.0,0.25,47.0,1.0,0.22,2025.0
Hesaraghatta Lake,HSG,2025-06-01,13.1299,77.4614,,,,,,,,,,,,,,,,06/25,3597.0,Hesaraghatta Lake,D,6.0,7.1,400.0,5.0,1.5,200.0,3500.0,3.0,96.0,5.0,96.0,69.0,53.0,1.5,0.4,112.0,64.0,48.0,10.0,48.0,272.0,20.0,0.2,0.5,5.0,0.28,33.0,2.0,2.2,2025.0
Hesaraghatta Lake,HSG,2025-11-10,13.1299,77.4614,0.0591269990366088,0.0933072729492004,0.0851675099917546,0.1551547206165704,0.2843537572254336,0.3284750240847784,0.3349457610789981,0.2632180394990366,0.1621408718689788,-0.5631464956414932,-0.471723117546734,0.2950676378285526,-0.0507898467818643,0.9095922847267708,1.8553465757749763,11/25,3597.0,Hesaraghatta Lake,D,6.1,8.2,612.0,4.0,2.35,463.1884057971015,2200.0,38.19718309859155,132.0,20.0,132.0,72.0,48.0,11.16,0.4,200.0,152.0,48.0,23.0,62.0,406.0,30.0,0.9245454545454546,0.5,7.0,0.3225,39.0,1.91,0.2666666666666666,2025.0
Hosakerehalli Lake,HKH,2023-10-10,12.9421,77.5406,0.1095047268759678,0.1289999892477034,0.1477914304912665,0.1739453259186258,0.2119143742080811,0.2290354286921017,0.2271751689427002,0.2431504469942276,0.2009401414895114,-0.2883154539333885,-0.3190391267838774,0.1024577152480996,0.0649568000624104,1.150244880177721,1.2899991173986798,10/23,4536.0,HOSAKEREHALLI LAKE,"D (Propagation of wild life,fisheries)",5.3,7.6,698.0,6.0,2.0,4900.0,160000.0,3.0,196.0,5.0,80.0,72.0,56.0,8.60625,0.44,176.0,92.0,84.0,28.0,53.0,476.0,104.3056768558952,0.63,0.5,4.0,0.34,38.0,1.5,1.93,2023.0
Hosakerehalli Lake,HKH,2023-12-24,12.9421,77.5406,0.1013920104181331,0.1149179430498332,0.1290324653829111,0.1507908524567084,0.1799154230606785,0.1980901309305926,0.1974267914965507,0.2158056349429818,0.1905847810784175,-0.2785873084150642,-0.3181423897206569,0.0971800868913649,0.0551549644234598,1.123810676802886,1.2712256259256247,12/23,4536.0,HOSAKEREHALLI LAKE,"D (Propagation of wild life,fisheries)",5.8,7.2,755.0,4.0,2.6,6300.0,92000.0,3.0,272.0,5.0,272.0,24.0,44.0,1.5,0.4,212.0,112.0,100.0,111.0,45.0,510.0,22.0,0.2,0.5,9.0,0.25,44.0,1.0,0.44,2023.0
Hosakerehalli Lake,HKH,2024-03-03,12.9421,77.5406,0.115236146698578,0.1352541673945282,0.1539779344175546,0.1824940553287342,0.2186194812051247,0.2402458433056455,0.2387134555821483,0.2514495318879346,0.2235316908348585,-0.2852090185804391,-0.3107755869792085,0.1031228183123502,0.0600920662138217,1.138193466834568,1.2876013636137424,03/24,4536.0,Hosakerehalli Lake,"E (Irrigation, industrial cooling and controlled waste)",1.5,6.7,1038.0,17.0,4.3,240.0,3500.0,3.0,500.0,5.0,500.0,104.0,114.0,3.6,2.8,316.0,164.0,152.0,9.0,136.0,724.0,24.0,6.0,0.5,30.0,0.2,45.0,3.3,13.4,2024.0
Hosakerehalli Lake,HKH,2024-04-02,12.9421,77.5406,0.1226507637617908,0.1449391031930178,0.1675179848033375,0.1954833767422215,0.2328972124454456,0.2551961072786146,0.254407310291426,0.27646635224553,0.25169580458961,-0.2807871803195447,-0.3194202175609913,0.0898378415844073,0.0699739269600117,1.1558157096375734,1.23203175951237,04/24,4536.0,Hosakerehalli Lake,"D (Propagation of wild life,fisheries)",4.2,8.3,1000.0,9.0,4.0,1400.0,13000.0,56.0,104.0,28.0,160.0,156.0,80.0,1.5,0.4,148.0,80.0,68.0,23.0,96.0,680.0,28.0,0.55,0.5,24.0,0.41,54.0,3.0,1.4,2024.0
Hosakerehalli Lake,HKH,2024-05-02,12.9421,77.5406,0.1316448402083626,0.1526957101106126,0.1735149513191632,0.2009123856117132,0.2372633711107981,0.2623199281993523,0.2551983528086723,0.2825904265803182,0.2552234478389412,-0.2575697849472665,-0.3038804592502817,0.0832337957614223,0.0628137455916038,1.1393894297822298,1.204139071183587,05/24,4536.0,Hosakerehalli Lake,"E (Irrigation, industrial cooling and controlled waste)",1.7,7.8,1342.0,10.0,3.9,1100.0,4600.0,3.0,240.0,5.0,240.0,436.0,97.0,2.9,2.2,188.0,100.0,88.0,29.0,116.0,918.0,18.0,0.2,0.5,28.0,0.5,53.0,3.7,0.05,2024.0
Hosakerehalli Lake,HKH,2024-06-01,12.9421,77.5406,0.1389453223989863,0.1576217229686667,0.1760453114748382,0.2026495248486554,0.2416498556947769,0.270460991834436,0.2606629487540475,0.2781657363086022,0.2479042517246234,-0.2531488334600651,-0.2822674355330524,0.0799678818681211,0.0540657184487703,1.1184838851986183,1.193901719740056,06/24,4536.0,Hosakerehalli Lake,"E (Irrigation, industrial cooling and controlled waste)",0.8,6.5,746.0,16.0,2.6,3300.0,11000.0,3.0,212.0,5.0,212.0,56.0,108.0,7.6,5.6,220.0,116.0,104.0,10.0,58.0,490.0,34.0,0.41,0.5,24.0,0.3,34.0,2.0,1.0,2024.0
Hosakerehalli Lake,HKH,2024-09-19,12.9421,77.5406,0.1508220259045473,0.1675908771906937,0.1878141142308867,0.2151696959031395,0.253066549345347,0.2771629804308037,0.2702241306490215,0.2955754645924257,0.2671987329297479,-0.2479111507303099,-0.2870598990607935,0.0828516830678444,0.0571650746186092,1.127382564615173,1.218094232551438,09/24,4536.0,Hosakerehalli Lake,"D (Propagation of wild life,fisheries)",5.4,6.6,503.0,6.0,1.8,260.0,4300.0,3.0,168.0,5.0,168.0,28.0,56.0,1.5,0.4,160.0,88.0,72.0,5.0,39.0,340.0,10.0,2.2,0.5,5.0,0.2,33.0,1.0,5.6,2024.0
Hosakerehalli Lake,HKH,2024-12-08,12.9421,77.5406,0.1126954843024074,0.1223994724952837,0.1335550189423662,0.1556898704772631,0.1833120195691961,0.2011844502322961,0.1958131951288187,0.2161416056595803,0.1903363191609179,-0.2426122354682115,-0.2859740069264365,0.0945380560895802,0.0400888233167526,1.0915501504058631,1.254879949562302,12/24,4536.0,Hosakerehalli Lake,"D (Propagation of wild life,fisheries)",4.0,7.8,810.0,20.0,3.2,1700.0,14000.0,3.0,212.0,5.0,212.0,84.0,171.0,1.5,0.68,164.0,88.0,76.0,24.0,74.0,550.0,138.0,0.36,0.5,22.0,0.38,48.0,2.5,0.86,2024.0
Hosakerehalli Lake,HKH,2025-01-07,12.9421,77.5406,0.1331147191327608,0.144807328330674,0.1559381353032033,0.1790432000563141,0.206992052653808,0.2230190553287344,0.2207114388286638,0.2282766366324088,0.1979001689427002,-0.2144602458205436,-0.2288720806219638,0.0784785326094858,0.0358428424446848,1.0774737252334878,1.1909893528283533,01/25,4536.0,Hosakerehalli Lake,"E (Irrigation, industrial cooling and controlled waste)",0.3,6.5,645.0,60.0,2.5,1700.0,7900.0,3.0,256.0,5.0,256.0,36.0,270.0,19.1,14.9,212.0,112.0,100.0,5.0,39.0,440.0,40.0,0.2,0.5,7.0,0.2,28.0,1.2,0.2,2025.0
Hosakerehalli Lake,HKH,2025-02-01,12.9421,77.5406,0.1196277030832042,0.1359275763842059,0.151382718806399,0.1774862558074054,0.2069978811769674,0.2186486343798394,0.2156211847106856,0.2391559517105449,0.1991633147965647,-0.2381738716007156,-0.2854797682182224,0.096271860230428,0.0525979144659201,1.1176613220273186,1.2516378916048707,02/25,4536.0,Hosakerehalli Lake,"D (Propagation of wild life,fisheries)",4.1,6.5,797.0,10.0,3.06,17000.0,46000.0,3.0,284.0,5.0,284.0,44.0,72.0,3.36,0.9,232.0,126.0,106.0,5.0,45.0,548.0,64.0,0.2,0.5,5.0,2.36,29.0,1.3,0.05,2025.0
Hosakerehalli Lake,HKH,2025-03-08,12.9421,77.5406,0.114138716035478,0.1335103091512803,0.152180540288481,0.180240461776714,0.2191679360833449,0.2382795966493031,0.2414991975221737,0.2499161692242712,0.2228416584541742,-0.29447816533076,-0.3114457237232101,0.1007869237797029,0.060510054539083,1.137632595127566,1.2662615236616448,03/25,4536.0,Hosakerehalli Lake,"E (Irrigation, industrial cooling and controlled waste)",3.4,6.5,826.0,19.0,3.2,170000.0,840000.0,3.0,364.0,5.0,364.0,68.0,134.0,4.42,3.4,300.0,152.0,148.0,5.6923076923076925,72.0,570.0,12.0,0.37,0.5,9.0,0.24,33.0,1.8,1.45,2025.0
Hosakerehalli Lake,HKH,2025-04-02,12.9421,77.5406,,,,,,,,,,,,,,,,04/25,4536.0,Hosakerehalli Lake,"E (Irrigation, industrial cooling and controlled waste)",0.3,6.5,789.0,27.0,2.6,450.0,3300.0,3.0,404.0,5.0,404.0,68.0,184.0,9.9,7.5,296.0,156.0,140.0,5.0,73.0,534.0,10.0,0.55,0.5,13.0,0.37,34.0,2.0,1.6,2025.0
Hosakerehalli Lake,HKH,2025-05-02,12.9421,77.5406,0.1314952062508799,0.1572528016868483,0.1792551179539858,0.207453371814726,0.2513461847106856,0.2683503836407152,0.2622758024778261,0.2869446114317894,0.2417687315218921,-0.2571184106904695,-0.2988163274289932,0.0849372596843232,0.0640188156544574,1.145042369704057,1.2143912439813975,05/25,4536.0,Hosakerehalli Lake,E,2.2,7.4,670.0,8.0,2.57,1400.0,14000.0,3.0,120.0,5.0,120.0,136.0,76.0,1.5,0.4,176.0,106.0,70.0,14.0,74.0,458.0,18.0,0.2,0.5,25.0,0.2,43.0,2.42,0.47,2025.0
Hosakerehalli Lake,HKH,2025-06-01,12.9421,77.5406,,,,,,,,,,,,,,,,06/25,4536.0,Hosakerehalli Lake,E,0.4,6.5,587.0,66.0,2.0,1400.0,7000.0,3.0,216.0,5.0,216.0,28.0,352.0,5.3,4.2,164.0,88.0,76.0,7.0,37.0,398.0,38.0,0.23,0.5,2.0,0.22,33.0,1.25,0.65,2025.0
Hosakerehalli Lake,HKH,2025-11-10,12.9421,77.5406,,,,,,,,,,,,,,,,11/25,4536.0,Hosakerehalli Lake,D,4.6,6.5,515.0,6.0,1.98,3048.695652173913,9200.0,21.0,124.0,20.0,124.0,40.0,60.0,35.33333333333333,0.7,240.0,120.0,120.0,27.05,53.0,342.0,34.0,0.46,0.5,5.0,0.3366666666666666,32.0,1.49,2.38,2025.0
Hoskere Lake,HSK,2023-10-10,12.901,77.6227,0.1538570488225563,0.1825831986579799,0.1831997325355738,0.2156295504945617,0.2802327149846879,0.2996700271040869,0.2962402372487592,0.2652985145552469,0.2212384666830934,-0.3073443044204935,-0.2685308423859857,0.1696657690332573,-0.0246889700285641,0.9657932606835706,1.6355710004963404,10/23,3636.0,HOSKERE LAKE,"E (Irrigation, industrial cooling and controlled waste)",2.2,7.1,702.0,18.0,4.2,7000.0,35000.0,3.0,160.0,5.0,160.0,116.0,160.0,10.94676724137931,4.2,188.0,100.0,88.0,29.0,68.0,490.0,61.33624454148472,0.21,0.5,14.0,0.2,42.0,2.2,0.49,2023.0
Hoskere Lake,HSK,2023-12-24,12.901,77.6227,0.1326086381076419,0.1525075014457309,0.1560676091470698,0.1775335985075152,0.2114117216375093,0.2280528670491746,0.2195128832412265,0.2204932662184519,0.1999691259812033,-0.2534219256154428,-0.2563332185742274,0.1261706470601602,0.0029072004364119,1.0128665435839304,1.4276563846466097,12/23,3636.0,HOSKERE LAKE,"D (Propagation of wild life,fisheries)",4.6,6.9,582.0,7.0,1.0,9400.0,92000.0,3.0,188.0,5.0,188.0,120.0,75.0,1.5,0.4,200.0,112.0,88.0,17.0,48.0,410.0,10.0,0.2,0.5,11.0,0.2,33.0,2.3,0.05,2023.0
Hoskere Lake,HSK,2024-03-03,12.901,77.6227,0.1457452990249568,0.1686953951093353,0.1766636174591388,0.2066141258052025,0.246391147171671,0.264117476855926,0.258629941215812,0.259181467140695,0.2309001372804393,-0.2363543384130907,-0.2358345529204225,0.1044922151006065,0.0106745145475414,1.0269824124640072,1.275995154466163,03/24,3636.0,Hoskere Lake,"D (Propagation of wild life,fisheries)",5.2,6.9,919.0,6.0,3.7,330.0,3500.0,3.0,308.0,5.0,308.0,80.0,56.0,1.5,0.4,292.0,152.0,140.0,20.0,79.0,624.0,36.0,0.2,0.5,6.0,0.27,36.0,2.0,0.36,2024.0
Hoskere Lake,HSK,2024-04-02,12.901,77.6227,0.1154508184026189,0.1377455770975685,0.1501660811188634,0.1773117568376218,0.2166892569256223,0.2366611285156112,0.2223460206272661,0.2385466190291809,0.2182058854588336,-0.2458873542506264,-0.2770772660586442,0.1083316411066547,0.0308459303393748,1.0716360019176283,1.2884618224295517,04/24,3636.0,Hoskere Lake,"E (Irrigation, industrial cooling and controlled waste)",0.3,6.9,2550.0,79.0,9.8,270.0,3500.0,3.0,588.0,5.0,588.0,444.0,357.0,19.0,15.0,668.0,340.0,328.0,83.0,163.0,1738.0,42.0,1.28,0.5,51.0,0.22,32.0,2.7,3.64,2024.0
Hoskere Lake,HSK,2024-05-02,12.901,77.6227,0.1576761871237988,0.184399461807008,0.1923526456278818,0.2227737864761168,0.2663201485444755,0.2932677461367876,0.2812363300362561,0.286990562849801,0.2519681086979478,-0.2342356901582857,-0.2445057636147785,0.0969040397591503,0.0163166287549547,1.0366848400285744,1.2477858814820146,05/24,3636.0,Hoskere Lake,"D (Propagation of wild life,fisheries)",4.6,7.0,298.0,11.0,1.0,20.0,1600.0,3.0,84.0,5.0,84.0,20.0,109.0,1.5,0.99,76.0,44.0,32.0,5.0,30.0,206.0,12.0,0.46,0.5,4.0,0.2,44.0,1.5,1.3,2024.0
Hoskere Lake,HSK,2024-06-01,12.901,77.6227,0.1700795980147137,0.1940778916916532,0.196776936528524,0.2293450244640782,0.290790788130522,0.3241786652117288,0.3101007497623995,0.2881952374247596,0.2524212538280122,-0.2532427638953335,-0.2233433829598591,0.1011754426401913,-0.0005131013059371,1.0027363407283862,1.2593559788067537,06/24,3636.0,Hoskere Lake,"E (Irrigation, industrial cooling and controlled waste)",1.3,6.5,475.0,18.0,1.4,250.0,9200.0,3.0,108.0,5.0,108.0,36.0,119.0,2.6,2.0,116.0,64.0,52.0,14.0,52.0,326.0,14.0,0.9,0.5,19.0,0.2,44.0,2.2,1.2,2024.0
Hoskere Lake,HSK,2024-09-19,12.901,77.6227,0.1719151114083564,0.1966752116241708,0.196381966133161,0.2294212115878769,0.2866019606462743,0.3144209229469537,0.300804783695308,0.2902606145939668,0.2601056144179663,-0.2730329891062984,-0.2626020170637866,0.134736383686006,-0.0116718006672671,0.9849717288463374,1.4502509924188831,09/24,3636.0,Hoskere Lake,"D (Propagation of wild life,fisheries)",6.0,6.7,494.0,4.0,1.7,3100.0,11000.0,3.0,132.0,5.0,132.0,32.0,44.0,1.5,0.4,144.0,80.0,64.0,14.0,39.0,332.0,22.0,1.2,0.5,11.0,0.2,35.0,1.0,3.4,2024.0
Hoskere Lake,HSK,2024-12-08,12.901,77.6227,0.1419947727832729,0.1606179833614898,0.1633971629847164,0.1881760322433031,0.2289646168467738,0.2479181526980885,0.2379703192650216,0.2417975641522054,0.2170942025414484,-0.2658765315698391,-0.2758975849659421,0.1308820279530396,-0.0099996726058,0.9889332759830012,1.4511830548361522,12/24,3636.0,Hoskere Lake,"D (Propagation of wild life,fisheries)",4.8,6.5,368.0,7.0,1.48,150.0,2800.0,3.0,92.0,5.0,92.0,20.0,84.0,1.5,0.4,116.0,68.0,48.0,13.0,20.0,252.0,10.0,0.56,0.5,6.0,0.2,26.0,0.8,1.51,2024.0
Hoskere Lake,HSK,2025-01-07,12.901,77.6227,0.1493662290119329,0.1674525893468282,0.1761579646294662,0.194035196592629,0.217343074377838,0.2305399873279593,0.2252081382660425,0.2448440423809355,0.2227877362807563,-0.1969663293001477,-0.2387351481752574,0.0852753300290589,0.0247120563041961,1.0568302182024527,1.2391810090392863,01/25,3636.0,Hoskere Lake,"E (Irrigation, industrial cooling and controlled waste)",2.9,6.9,433.0,16.0,1.7,260.0,3500.0,3.0,128.0,5.0,128.0,28.0,120.0,3.51,2.8,132.0,72.0,60.0,9.0,30.0,294.0,10.0,0.25,0.5,8.0,0.2,31.0,1.14,0.68,2025.0
Hoskere Lake,HSK,2025-02-01,12.901,77.6227,,,,,,,,,,,,,,,,02/25,3636.0,Hoskere Lake,"E (Irrigation, industrial cooling and controlled waste)",2.3,6.9,523.0,18.0,2.0,2100.0,22000.0,3.0,128.0,5.0,128.0,32.0,120.0,6.86,5.56,124.0,68.0,56.0,17.0,35.0,356.0,342.0,0.2,0.5,8.0,0.2,36.0,1.3,0.2,2025.0
Hoskere Lake,HSK,2025-03-08,12.901,77.6227,0.1403322327431448,0.166732327125028,0.1842154290604079,0.2110095673906157,0.2365922207751065,0.2516191418212539,0.2525062022598474,0.281590988771164,0.2580746981590341,-0.2387668611270974,-0.2894201636774826,0.0970230747476965,0.044854404827979,1.101375368491252,1.266075331335499,03/25,3636.0,Hoskere Lake,"E (Irrigation, industrial cooling and controlled waste)",0.3,6.5,466.0,45.0,1.6,14000.0,70000.0,3.0,128.0,5.0,128.0,36.0,264.0,30.0,23.0,116.0,64.0,52.0,6.769230769230769,49.0,314.0,130.0,0.53,0.5,9.0,0.2,45.0,2.0,1.5,2025.0
Hoskere Lake,HSK,2025-04-02,12.901,77.6227,,,,,,,,,,,,,,,,04/25,3636.0,Hoskere Lake,"E (Irrigation, industrial cooling and controlled waste)",0.3,6.6,617.0,48.0,2.4,17.0,240.0,3.0,196.0,5.0,196.0,76.0,233.0,52.0,40.0,152.0,76.0,76.0,54.0,68.0,426.0,10.0,1.5,0.5,7.0,0.31,48.0,2.4,3.7,2025.0
Hoskere Lake,HSK,2025-05-02,12.901,77.6227,0.260901427959446,0.2523508632086685,0.249261008962025,0.2605129908610595,0.279251620733971,0.2963460766814224,0.2879177138369272,0.3340066185920321,0.2859110131372268,-0.0733757497463527,-0.1451934429814785,0.0305678616325263,-0.0111836536222684,0.9797222278777348,1.0715413413584798,05/25,3636.0,Hoskere Lake,D,6.3,6.6,369.0,5.0,1.4,1100.0,7900.0,3.0,128.0,5.0,128.0,36.0,52.0,1.69,1.3,116.0,64.0,52.0,16.0,23.0,254.0,32.0,0.3,0.5,6.0,0.2,28.0,1.0,0.7,2025.0
Hoskere Lake,HSK,2025-06-01,12.901,77.6227,,,,,,,,,,,,,,,,06/25,3636.0,Hoskere Lake,D,5.1,7.1,276.0,7.0,1.1,2000.0,9400.0,3.0,96.0,5.0,96.0,20.0,68.0,1.5,0.4,88.0,52.0,36.0,14.0,15.0,188.0,10.0,0.29,0.5,6.0,0.2,25.0,0.69,0.83,2025.0
Hoskere Lake,HSK,2025-11-10,12.901,77.6227,0.1571243528401422,0.1729550565903462,0.1775380193758161,0.2046294278820595,0.2403473847789635,0.2578314807999016,0.25339118308592,0.2773500061342169,0.2405175070543492,-0.21589533936792,-0.2557973379648046,0.1000550885989005,-0.0008615389647752,1.0025793511335752,1.2632698674895766,11/25,3636.0,Hoskere Lake,E,3.2,7.2,391.0,16.0,1.4,1658.985507246377,9400.0,21.52112676056338,116.0,20.0,116.0,32.0,120.0,7.2,5.5,116.0,64.0,52.0,7.0,36.0,264.0,14.0,0.47,0.5,5.0,0.29,38.0,1.5,1.3,2025.0
Hulimavu Lake,HLM,2023-12-24,12.8917,77.606,0.0725690187935524,0.0897673155679515,0.1003420072075858,0.1276853558105159,0.1869186774125431,0.2099293446892378,0.2085222707116212,0.1879770570845358,0.1466150594777223,-0.4087641164178192,-0.3709787077000951,0.1557155402087223,0.0331335570737948,1.08389719546412,1.443144341397517,12/23,3617.0,HULIMAVU LAKE,"E (Irrigation, industrial cooling and controlled waste)",2.4,6.8,610.0,29.0,2.0,700.0,16000.0,3.0,128.0,5.0,128.0,80.0,176.0,3.9,3.0,132.0,72.0,60.0,8.0,58.0,420.0,40.0,0.29,0.5,28.0,0.26,44.0,2.0,0.58,2023.0
Hulimavu Lake,HLM,2025-11-10,12.8917,77.606,0.1148333462377702,0.1274175267964717,0.1331202610430395,0.1679242838037588,0.234584560427958,0.257240068276202,0.2550163616527066,0.2308429612163017,0.1664532272823256,-0.3345313304670648,-0.292326383497674,0.1306120841191547,0.0071191711511146,1.0272980079724985,1.3291421216849983,11/25,3617.0,Hulimavu Lake,D,5.2,7.6,712.0,6.0,2.8,1109.5652173913045,2800.0,29.183098591549296,164.0,20.0,164.0,116.0,64.0,9.263636363636364,0.71,192.0,100.0,92.0,29.0,70.0,484.0,16.0,0.65,0.5,14.0,0.26,42.0,2.19,0.23,2025.0
Ibbalur Lake,IBL,2023-08-16,12.9056,77.6449,,,,,,,,,,,,,,,,08/23,3609.0,IBBALUR LAKE,"D (Propagation of wild life,fisheries)",4.3,7.2,1027.0,6.0,2.2,4700.0,160000.0,8.447619047619048,192.0,5.0,192.0,128.0,75.0,3.35904761904762,0.4,196.0,108.0,88.0,9.0,107.0,700.0,23.542857142857144,0.49,0.5,8.0,0.21,41.0,1.7108571428571429,0.3404761904761905,2023.0
Ibbalur Lake,IBL,2023-10-10,12.9056,77.6449,0.1121077478175161,0.1376212830221218,0.1562101375748292,0.1789271050408336,0.1997828569417065,0.2121900415375952,0.2084603632779498,0.2328623732751338,0.1995434067868205,-0.2131901427773666,-0.2688266578667791,0.0833280998888999,0.0600423838403114,1.133161726207027,1.219940840487386,10/23,3609.0,IBBALUR LAKE,"D (Propagation of wild life,fisheries)",6.1,7.6,595.0,4.0,2.0,410.0,16000.0,3.0,100.0,5.0,100.0,100.0,40.0,9.854525862068964,0.4,124.0,68.0,56.0,12.0,75.0,402.0,81.3886462882096,0.6,0.5,10.0,0.24,54.0,3.2,2.0,2023.0
Ibbalur Lake,IBL,2023-12-24,12.9056,77.6449,0.1084452548577865,0.1268924034950177,0.1398370709940077,0.1578335046465783,0.176734821177133,0.188924148127288,0.1848405167558433,0.200752622500704,0.1832946493945366,-0.1941603697501883,-0.2369531393622969,0.0733886922369914,0.0471844033247012,1.10487388579351,1.1867462126755577,12/23,3609.0,IBBALUR LAKE,"D (Propagation of wild life,fisheries)",4.2,7.3,588.0,8.0,3.4,9400.0,54000.0,3.0,88.0,5.0,88.0,52.0,72.0,1.5,0.9,148.0,80.0,68.0,10.0,48.0,432.0,10.0,0.21,0.5,22.0,0.2,49.0,1.7,0.6,2023.0
Ibbalur Lake,IBL,2024-03-03,12.9056,77.6449,0.1212646015206984,0.143232634649052,0.1592563253952496,0.1809677168403267,0.2024558223035764,0.2156831667136017,0.2124421958603211,0.2299184455083074,0.2087870212616163,-0.1973331529179918,-0.239498763065564,0.0723348605303609,0.0500711738715475,1.107732133057476,1.171532898251565,03/24,3609.0,Ibbalur Lake,"D (Propagation of wild life,fisheries)",4.6,7.0,619.0,8.0,2.2,630.0,3500.0,3.0,40.0,5.0,40.0,92.0,92.0,1.5,0.4,88.0,52.0,36.0,41.0,75.0,418.0,50.0,0.29,0.5,20.0,0.34,59.0,3.0,0.78,2024.0
Ibbalur Lake,IBL,2024-04-02,12.9056,77.6449,0.1340715150661785,0.159824866276697,0.1808900586905082,0.2048860285834974,0.2356352858349759,0.252782603491974,0.2507914108701773,0.2629266474232609,0.2402116516474232,-0.2265587437279713,-0.2545943937806992,0.0734492720020864,0.0593934203065814,1.130590398194518,1.1798614205801607,04/24,3609.0,Ibbalur Lake,"D (Propagation of wild life,fisheries)",4.7,7.8,736.0,6.0,3.0,170.0,1300.0,3.0,124.0,5.0,124.0,144.0,52.0,1.5,0.4,108.0,60.0,48.0,22.0,97.0,504.0,10.0,0.2,0.5,24.0,0.2,60.0,5.5,0.5,2024.0
Ibbalur Lake,IBL,2024-05-02,12.9056,77.6449,0.1321166995212615,0.1567482611246278,0.175791569570275,0.1976578780625174,0.2264776612221908,0.2490519395944803,0.2385269536750211,0.2622981237679527,0.23389787031822,-0.2094470408784431,-0.2578978332530929,0.0657744648608023,0.0548791104917243,1.1184313638306644,1.1527893913515723,05/24,3609.0,Ibbalur Lake,"D (Propagation of wild life,fisheries)",4.3,7.4,535.0,7.0,1.9,310.0,3500.0,3.0,132.0,5.0,132.0,52.0,88.0,1.5,0.4,124.0,68.0,56.0,22.0,56.0,362.0,20.0,0.2,0.5,17.0,0.25,42.0,2.0,0.05,2024.0
Ibbalur Lake,IBL,2024-06-01,12.9056,77.6449,0.1413404463531399,0.164718874750889,0.18195857531416,0.203596768515911,0.2360486025063362,0.2585005561813575,0.2462042312024781,0.2594231308082231,0.2297434384680371,-0.2005244748299643,-0.2275806630008602,0.0622398014596974,0.0475945673008603,1.1025502840753356,1.1429470202889689,06/24,3609.0,Ibbalur Lake,"E (Irrigation, industrial cooling and controlled waste)",2.0,7.4,932.0,38.0,3.24,210.0,3500.0,3.0,144.0,5.0,144.0,144.0,192.0,3.0,2.2,128.0,72.0,56.0,17.0,100.0,612.0,10.0,1.2,0.5,16.0,0.43,59.0,3.8,3.2,2024.0
Ibbalur Lake,IBL,2024-09-19,12.9056,77.6449,0.1322876478456772,0.1568541614453104,0.1749588780952771,0.1981135630808224,0.2240032490847649,0.2429341382709094,0.2344071247535905,0.2564545339341029,0.2349455751900871,-0.2052482570796328,-0.2511075785232079,0.0722665265607454,0.0532549488179546,1.1154539437231212,1.1758528583690768,09/24,3609.0,Ibbalur Lake,"D (Propagation of wild life,fisheries)",4.8,7.5,985.0,6.0,4.0,260.0,3500.0,3.0,232.0,5.0,232.0,172.0,56.0,1.5,0.6,216.0,112.0,104.0,23.0,98.0,674.0,80.0,2.7,0.5,26.0,0.27,46.0,3.0,7.6,2024.0
Ibbalur Lake,IBL,2024-12-08,12.9056,77.6449,0.107096057448606,0.1242698190886694,0.136122472401445,0.1549421078569417,0.1754754435370318,0.1897394853562375,0.184230977189524,0.2029899992959728,0.1823222507744294,-0.2043832192571515,-0.2532410415544725,0.0791347824695099,0.0441646698139123,1.0970281495948144,1.2055918107340418,12/24,3609.0,Ibbalur Lake,"D (Propagation of wild life,fisheries)",5.2,6.8,446.0,4.0,1.7,330.0,4300.0,3.0,104.0,5.0,104.0,72.0,44.0,1.5,0.4,120.0,80.0,40.0,18.0,36.0,304.0,10.0,0.2,0.5,9.0,0.2,37.0,1.43,0.05,2024.0
Ibbalur Lake,IBL,2025-01-07,12.9056,77.6449,0.111014999295973,0.1277394111909998,0.1398767857303277,0.1572910905378766,0.174020430864545,0.184911950858913,0.184694128414531,0.1997844198817232,0.1814492185299915,-0.1880963618320913,-0.2289940935771713,0.0690520220359721,0.0439621204562588,1.0946764182511348,1.1698374593227376,01/25,3609.0,Ibbalur Lake,"D (Propagation of wild life,fisheries)",7.8,7.8,924.0,5.0,3.54,170.0,5400.0,3.0,268.0,5.0,268.0,132.0,58.0,1.5,0.4,244.0,128.0,116.0,31.0,113.0,630.0,10.0,1.11,0.5,33.0,0.25,46.0,3.14,2.62,2025.0
Ibbalur Lake,IBL,2025-02-01,12.9056,77.6449,,,,,,,,,,,,,,,,02/25,3609.0,Ibbalur Lake,"D (Propagation of wild life,fisheries)",5.7,7.5,823.0,5.0,3.2,120.0,2400.0,3.0,164.0,5.0,164.0,124.0,52.0,1.5,0.4,220.0,116.0,104.0,34.0,80.0,562.0,10.0,0.2,0.5,16.0,0.39,42.0,2.34,0.28,2025.0
Ibbalur Lake,IBL,2025-03-08,12.9056,77.6449,0.118881484088989,0.1428546284033513,0.1622592092128965,0.1832070895522388,0.2101911785412559,0.2253090960292874,0.2259523021684032,0.2365780202759785,0.2149118030132356,-0.2312850160143022,-0.2575148767623266,0.0727379698695385,0.0610133712809438,1.1335877016499327,1.1810607387798542,03/25,3609.0,Ibbalur Lake,"D (Propagation of wild life,fisheries)",4.7,8.1,670.0,8.0,2.7,170.0,1300.0,3.0,80.0,5.0,80.0,104.0,84.0,1.5,0.76,100.0,56.0,44.0,7.410256410256411,57.0,454.0,68.0,0.2,0.5,27.0,0.21,48.0,2.47,0.05,2025.0
Ibbalur Lake,IBL,2025-04-02,12.9056,77.6449,,,,,,,,,,,,,,,,04/25,3609.0,Ibbalur Lake,"E (Irrigation, industrial cooling and controlled waste)",2.8,7.0,801.0,10.0,3.07,230.0,2100.0,3.0,112.0,5.0,112.0,16.0,100.0,1.5,0.4,108.0,60.0,48.0,9.0,84.0,552.0,10.0,0.2,0.5,14.0,0.24,59.0,3.51,0.48,2025.0
Ibbalur Lake,IBL,2025-05-02,12.9056,77.6449,0.2295602204052613,0.220040988103341,0.2200492057167518,0.2257496978314965,0.233719001066477,0.2410317869415808,0.2376288778291266,0.2623141900699135,0.2230226270885176,-0.038081376780937,-0.0857925539861572,0.0145120250410427,-0.0014277553719123,0.9990099703498944,1.032836151432729,05/25,3609.0,Ibbalur Lake,D,5.0,7.4,902.0,6.0,3.6,210.0,3500.0,3.0,208.0,5.0,208.0,156.0,58.0,1.5,0.79,208.0,112.0,96.0,12.0,95.0,612.0,12.0,0.9,0.5,6.0,0.31,49.0,2.9,2.2,2025.0
Ibbalur Lake,IBL,2025-06-01,12.9056,77.6449,,,,,,,,,,,,,,,,06/25,3609.0,Ibbalur Lake,D,5.9,8.2,852.0,5.0,3.5,200.0,2200.0,3.0,140.0,5.0,140.0,160.0,60.0,1.5,0.4,148.0,80.0,68.0,15.0,97.0,574.0,16.0,0.21,0.5,14.0,0.38,56.0,3.0,0.58,2025.0
Ibbalur Lake,IBL,2025-11-10,12.9056,77.6449,,,,,,,,,,,,,,,,11/25,3609.0,Ibbalur Lake,D,6.0,7.4,586.0,4.0,2.1,851.0144927536232,9400.0,32.7887323943662,156.0,20.0,156.0,124.0,48.0,13.75,0.67,96.0,52.0,44.0,14.0,84.0,408.0,16.0,1.6666666666666667,0.5,12.0,0.41,62.0,4.0,0.46,2025.0
Jakkur Lake,JKR,2023-08-16,13.0648,77.6004,,,,,,,,,,,,,,,,08/23,3627.0,JAKKUR LAKE,"E (Irrigation,
industrial cooling and controlled waste)",2.8,7.2,1207.0,23.0,4.63,4900.0,54000.0,9.438095238095238,280.0,5.0,280.0,200.0,160.0,3.115238095238096,4.7,328.0,168.0,160.0,49.0,107.0,842.0,24.914285714285715,0.57,0.5,24.0,0.32,41.0,1.6582857142857144,0.3023809523809524,2023.0
Jakkur Lake,JKR,2023-10-10,13.0648,77.6004,0.1123664308342133,0.1397828157486335,0.1617599648115018,0.1844852833509326,0.1983216613868354,0.2102814114748329,0.2074035128475888,0.2550810806054207,0.2187306019007392,-0.1958487168936196,-0.2952766694752423,0.0711511883192937,0.0728672268004811,1.1618589286173804,1.168003653657549,10/23,3627.0,JAKKUR LAKE,"D (Propagation of wild life,fisheries)",5.3,6.7,588.0,6.0,2.0,4800.0,92000.0,3.0,88.0,5.0,88.0,104.0,72.0,11.570905172413791,0.4,132.0,72.0,60.0,15.0,67.0,394.0,49.87772925764192,0.87,0.5,27.0,0.28,46.0,3.0,3.0,2023.0
Jakkur Lake,JKR,2023-12-24,13.0648,77.6004,,,,,,,,,,,,,,,,12/23,3627.0,JAKKUR LAKE,"D (Propagation of wild life,fisheries)",5.2,6.9,564.0,5.0,2.16,43000.0,540000.0,3.0,128.0,5.0,128.0,92.0,47.0,1.5,0.52,152.0,80.0,72.0,23.0,47.0,382.0,10.0,0.23,0.5,11.0,0.26,38.0,1.7,0.6,2023.0
Jakkur Lake,JKR,2024-03-03,13.0648,77.6004,0.1302302956705385,0.1627312844407386,0.1977928399111299,0.2172103449489616,0.2228962513199577,0.2367421295318548,0.2331655755015839,0.2930632523759239,0.2762302675114397,-0.178245306612861,-0.2874469220216383,0.049045304758783,0.0975287294673577,1.2199616645463252,1.109853277240111,03/24,3627.0,Jakkur Lake,"E (Irrigation, industrial cooling and controlled waste)",3.0,8.1,1173.0,18.0,4.0,14000.0,49000.0,3.0,352.0,5.0,352.0,212.0,164.0,3.12,2.4,272.0,140.0,132.0,11.0,142.0,809.0,96.0,1.52,0.5,36.0,0.2,49.0,4.0,3.12,2024.0
Jakkur Lake,JKR,2024-05-02,13.0648,77.6004,0.1546863287574797,0.1927362188376913,0.2339187605910341,0.253261436114044,0.261334667370644,0.2781202217529038,0.2699794368180218,0.3419541640267508,0.3217490883491729,-0.1676579081499844,-0.2803022882998192,0.0408621888315719,0.0971866021107039,1.218618784393933,1.0883130728521089,05/24,3627.0,Jakkur Lake,"E (Irrigation, industrial cooling and controlled waste)",0.3,6.8,1093.0,25.0,3.8,4300.0,22000.0,3.0,316.0,5.0,316.0,156.0,171.0,5.6,4.3,248.0,128.0,120.0,12.0,104.0,742.0,24.0,0.6,0.5,22.0,0.31,45.0,2.9,1.8,2024.0
Jakkur Lake,JKR,2024-06-01,13.0648,77.6004,0.1652379936642027,0.197452453149116,0.2298353186709198,0.2516493699401618,0.2677552727912706,0.2917790073917632,0.2801157162970784,0.3417299648011263,0.3146116191481872,-0.1732823168352907,-0.2685085746288318,0.0462642402119172,0.0762944647224761,1.1677051220769443,1.1001422361108866,06/24,3627.0,Jakkur Lake,"D (Propagation of wild life,fisheries)",7.6,8.2,917.0,24.0,3.5,2100.0,28000.0,3.0,236.0,5.0,236.0,168.0,163.0,1.7,1.3,236.0,124.0,112.0,17.0,100.0,624.0,72.0,2.4,0.5,29.0,0.26,44.0,2.8,5.0,2024.0
Jakkur Lake,JKR,2024-09-19,13.0648,77.6004,0.1547166596268919,0.1855956207285543,0.2123976483364122,0.2383290179514254,0.254963252375924,0.2731430482224568,0.265072449841605,0.3127232981344596,0.2932579725448785,-0.1778876169253137,-0.2583145648451776,0.0606497409402344,0.0685184592398954,1.152041305526928,1.137155492537776,09/24,3627.0,Jakkur Lake,"D (Propagation of wild life,fisheries)",7.2,7.0,1011.0,4.0,4.08,260.0,5400.0,3.0,256.0,5.0,256.0,176.0,40.0,1.5,0.58,224.0,116.0,108.0,19.0,98.0,686.0,34.0,2.56,0.5,28.0,0.28,50.0,3.0,6.65,2024.0
Jakkur Lake,JKR,2024-12-08,13.0648,77.6004,0.1103204681450193,0.1300526154131505,0.1484361357887271,0.1678412495600139,0.1818635621260119,0.1966964695529741,0.192121288278775,0.2401025026399153,0.2236436466033086,-0.193973731803989,-0.2998044149335549,0.0670748476648725,0.0657795877921199,1.1469773289326302,1.1590230142448086,12/24,3627.0,Jakkur Lake,"D (Propagation of wild life,fisheries)",6.1,7.9,428.0,6.0,1.9,110.0,2400.0,3.0,108.0,5.0,108.0,44.0,43.0,1.5,0.4,92.0,52.0,40.0,7.0,35.0,290.0,22.0,0.2,0.5,8.0,0.2,44.0,1.6,0.1,2024.0
Jakkur Lake,JKR,2025-01-07,13.0648,77.6004,0.1155387574797606,0.1359288212875692,0.1552911475820047,0.171614269623372,0.1809364554734248,0.194150087997184,0.1938671101724743,0.2367960542062653,0.2219054804646251,-0.1760675825576025,-0.2723333468500873,0.0532936419172287,0.06714422155168,1.147165288498163,1.1206472807573644,01/25,3627.0,Jakkur Lake,"E (Irrigation, industrial cooling and controlled waste)",3.0,7.1,1261.0,35.0,4.8,1700.0,7000.0,3.0,288.0,5.0,288.0,184.0,139.0,3.8,3.0,252.0,140.0,112.0,18.0,111.0,858.0,96.0,0.4,0.5,26.0,0.2,46.0,3.0,1.0,2025.0
Jakkur Lake,JKR,2025-02-01,13.0648,77.6004,,,,,,,,,,,,,,,,02/25,3627.0,Jakkur Lake,"E (Irrigation, industrial cooling and controlled waste)",1.0,7.6,1319.0,17.0,5.06,1400.0,17000.0,3.0,324.0,5.0,324.0,200.0,159.0,25.6,16.0,360.0,186.0,174.0,22.0,93.0,890.0,132.0,0.2,0.5,35.0,0.22,33.0,2.12,0.37,2025.0
Jakkur Lake,JKR,2025-03-08,13.0648,77.6004,0.1314289827525517,0.1595533405289981,0.1909315206443536,0.2092526258359732,0.2185138718760997,0.2317411932418162,0.2348504470256951,0.2882349524815203,0.2716915733896514,-0.1911168668750696,-0.288564553503394,0.047993499883616,0.0895634723524027,1.1990722565458674,1.1065714228919838,03/25,3627.0,Jakkur Lake,"E (Irrigation, industrial cooling and controlled waste)",2.1,7.8,922.0,14.0,3.5,1300.0,12000.0,3.0,340.0,5.0,340.0,208.0,132.0,1.8,1.4,248.0,128.0,120.0,6.974358974358975,91.0,626.0,20.0,0.22,0.5,11.0,0.29,43.0,2.5,2.97,2025.0
Jakkur Lake,JKR,2025-04-02,13.0648,77.6004,,,,,,,,,,,,,,,,04/25,3627.0,Jakkur Lake,"E (Irrigation, industrial cooling and controlled waste)",2.2,7.2,976.0,26.0,3.7,1400.0,13000.0,3.0,140.0,5.0,140.0,176.0,174.0,1.5,0.84,148.0,80.0,68.0,23.0,96.0,664.0,10.0,0.4,0.5,32.0,0.3,52.0,3.4,0.8,2025.0
Jakkur Lake,JKR,2025-05-02,13.0648,77.6004,0.146756497712073,0.1819902566857884,0.2157600467330298,0.2323207602956704,0.2469312108412532,0.2586205667018654,0.2541243118620203,0.3208505878211897,0.2817856670186553,-0.1666927197522018,-0.2782610557079131,0.0384867917330209,0.0862496147352034,1.1940232819833556,1.0855419950973446,05/25,3627.0,Jakkur Lake,E,2.8,7.3,927.0,18.0,3.6,1500.0,11000.0,3.0,240.0,5.0,240.0,148.0,127.0,8.5,6.5,204.0,108.0,96.0,16.0,102.0,630.0,120.0,1.3,0.5,24.0,0.42,49.0,3.1,3.8,2025.0
Jakkur Lake,JKR,2025-06-01,13.0648,77.6004,,,,,,,,,,,,,,,,06/25,3627.0,Jakkur Lake,E,2.4,7.0,858.0,22.0,3.3,330.0,3500.0,3.0,196.0,5.0,196.0,144.0,160.0,11.0,8.5,216.0,108.0,108.0,12.0,97.0,588.0,56.0,1.6,0.5,14.0,0.34,47.0,2.9,3.9,2025.0
Jakkur Lake,JKR,2025-11-10,13.0648,77.6004,0.1172652693910943,0.1363068365674896,0.155697191252447,0.1776371615567415,0.1927527679301881,0.2058246912618332,0.2030005726752113,0.2571223654992405,0.2280834547508667,-0.1959638104266137,-0.3083959270454784,0.0681095661989956,0.066133448504814,1.1445547688109172,1.1528284019984971,11/25,3627.0,Jakkur Lake,E,1.8,7.0,998.0,25.0,3.8,1432.753623188406,17000.0,24.676056338028168,332.0,20.0,332.0,168.0,168.0,16.0,12.0,232.0,120.0,112.0,19.0,110.0,686.0,66.0,1.8,0.5,12.0,0.53,49.0,3.1,4.2,2025.0
Jigani Tank,JGN,2023-08-16,12.8023,77.5979,0.2187417241622078,0.2178669316684698,0.2079756482383926,0.2375465115460432,0.2870700471698115,0.3376904393128695,0.3299925267530273,0.3727357117713319,0.349348046324979,-0.2260061316472442,-0.2814629388952571,0.0841825225473644,-0.0246759214961622,0.955765185660706,1.2137050782272003,08/23,3642.0,JIGANI TANK,"D (Propagation of wild life,fisheries)",4.0,7.7,896.0,9.0,4.0,330.0,9200.0,8.695238095238096,252.0,5.0,252.0,148.0,84.0,3.298095238095238,0.97,212.0,112.0,100.0,37.0,123.0,612.0,23.88571428571429,0.2,0.5,37.0,0.57,41.0,1.6977142857142855,0.330952380952381,2023.0
Jigani Tank,JGN,2023-10-10,12.8023,77.5979,0.1750103210363277,0.1765279320061576,0.1674759534832275,0.1961818889045338,0.2493279745142212,0.2926706561531962,0.2905066319346661,0.3221555266122218,0.2851049281892423,-0.2711314564337086,-0.3217360138499095,0.122438830336943,-0.0407297564123588,0.9334703763924864,1.3696806607162724,10/23,3642.0,JIGANI TANK,"D (Propagation of wild life,fisheries)",6.1,7.2,981.0,6.0,4.0,460.0,9200.0,3.0,208.0,5.0,208.0,176.0,56.0,11.219827586206897,0.4,224.0,116.0,108.0,10.0,90.0,668.0,56.32314410480349,0.23,0.5,8.0,0.21,25.0,3.0,0.56,2023.0
Jigani Tank,JGN,2023-12-24,12.8023,77.5979,0.1582209588848212,0.1664284497611717,0.1728254792840967,0.1976433187834412,0.227786707969586,0.266766076457336,0.2639527985074628,0.3273836172909038,0.3019143304702902,-0.2519870203925156,-0.3489378773131619,0.0844791260935488,0.0219516417801796,1.0513996990084225,1.2158001549628994,12/23,3642.0,JIGANI TANK,"D (Propagation of wild life,fisheries)",4.8,7.1,851.0,8.0,3.2,4800.0,54000.0,3.0,208.0,5.0,208.0,144.0,74.0,1.5,0.83,208.0,108.0,100.0,10.0,99.0,588.0,10.0,0.3,0.5,24.0,0.24,47.0,3.0,0.6,2023.0
Jigani Tank,JGN,2024-03-03,12.8023,77.5979,0.1635916960011263,0.1799074308427433,0.1963062490843042,0.2151235602647141,0.2278850183047027,0.2584754470571668,0.2571182026189807,0.3433755033793296,0.3210288651084201,-0.1983884847974468,-0.332903512182555,0.0543330962330496,0.0534612327515211,1.1196161584135984,1.1298379336855835,03/24,3642.0,Jigani Tank,"D (Propagation of wild life,fisheries)",6.2,7.8,1147.0,4.0,4.4,580.0,3500.0,3.0,268.0,5.0,268.0,188.0,44.0,1.5,0.4,312.0,160.0,152.0,47.0,105.0,790.0,10.0,0.25,0.5,23.0,0.38,40.0,2.6,0.71,2024.0
Jigani Tank,JGN,2024-04-02,12.8023,77.5979,0.1783190122500702,0.2005720640572275,0.2243972374952468,0.2474793192058574,0.2611192128977752,0.2909905167558435,0.2890543649676148,0.3780893269501548,0.3612172205012675,-0.1960515859444633,-0.3213287607166698,0.0556260627400036,0.0627156501415121,1.1388388724844702,1.1305846332406286,04/24,3642.0,Jigani Tank,"D (Propagation of wild life,fisheries)",4.6,7.9,1285.0,10.0,4.2,260.0,1700.0,3.0,360.0,5.0,360.0,200.0,103.0,1.5,0.99,348.0,180.0,168.0,20.0,125.0,876.0,16.0,0.2,0.5,16.0,0.87,42.0,2.9,0.47,2024.0
Jigani Tank,JGN,2024-05-02,12.8023,77.5979,0.1770473669388905,0.1996136722843375,0.2234931076352016,0.244810345677274,0.2603606484088988,0.2938607927344409,0.2869570473106168,0.3777929526893829,0.3494324697268374,-0.1884915880229183,-0.3171699734652189,0.0496623923107187,0.0601039228637477,1.131958689316921,1.1129552745970976,05/24,3642.0,Jigani Tank,"D (Propagation of wild life,fisheries)",5.8,7.1,1479.0,4.0,5.68,320.0,3500.0,3.0,344.0,5.0,344.0,248.0,41.0,1.5,0.4,400.0,204.0,196.0,60.0,127.0,982.0,10.0,0.26,0.5,29.0,0.36,38.0,2.76,0.76,2024.0
Jigani Tank,JGN,2024-06-01,12.8023,77.5979,0.1885754329766264,0.1979873130801919,0.199761363269063,0.224734131230639,0.2696957230357647,0.3138351731906505,0.3024857012109265,0.357773743311743,0.3295642811883976,-0.2215908236567521,-0.2995031547563045,0.0690295946738744,0.0049592437927868,1.0145811337768502,1.1672992412798189,06/24,3642.0,Jigani Tank,"D (Propagation of wild life,fisheries)",6.3,7.1,1292.0,12.0,4.4,260.0,5400.0,3.0,364.0,5.0,364.0,200.0,120.0,1.5,0.99,348.0,180.0,168.0,20.0,125.0,874.0,12.0,0.2,0.5,16.0,0.34,42.0,2.9,0.05,2024.0
Jigani Tank,JGN,2024-09-19,12.8023,77.5979,0.1861777281047592,0.1926761766425138,0.1902570346154228,0.2205414495916643,0.2708825119684596,0.317392741481273,0.3098629611377077,0.3590218635595607,0.342593248380738,-0.2508922127457053,-0.3227496555900447,0.0941057537766213,-0.0078241797308499,0.9936484354606248,1.254324667103367,09/24,3642.0,Jigani Tank,"D (Propagation of wild life,fisheries)",6.0,7.6,972.0,4.0,3.0,210.0,3500.0,3.0,256.0,5.0,256.0,164.0,48.0,1.5,0.7,264.0,136.0,128.0,23.0,93.0,660.0,10.0,0.3,0.5,18.0,0.33,41.0,3.0,0.6,2024.0
Jigani Tank,JGN,2024-12-08,12.8023,77.5979,0.168632476767108,0.177290168572747,0.1923994792161613,0.2150458497606307,0.2359405941988172,0.2733920444945086,0.2643171923401857,0.3476594198817234,0.3229753731343283,-0.2089296036301897,-0.3368647255791109,0.0612444964386939,0.0436751416165301,1.1063569409045366,1.1508388233492877,12/24,3642.0,Jigani Tank,"D (Propagation of wild life,fisheries)",6.4,7.3,781.0,7.0,3.5,170.0,630.0,3.0,176.0,5.0,176.0,112.0,66.0,1.5,0.4,136.0,68.0,68.0,10.0,90.0,538.0,12.0,0.2,0.5,17.0,0.2,56.0,3.3,0.17,2024.0
Jigani Tank,JGN,2025-01-07,12.8023,77.5979,0.1667402703463813,0.1803834767205946,0.1999006124671786,0.222196504505773,0.2417972859757815,0.274468452548578,0.2731828956631935,0.3583081174317094,0.3293340889890171,-0.2121703408585523,-0.3383352126279102,0.0585024859647789,0.051907212398169,1.1206690341111505,1.1415049237454475,01/25,3642.0,Jigani Tank,"D (Propagation of wild life,fisheries)",5.7,6.8,983.0,5.0,3.8,38.0,1600.0,3.0,224.0,5.0,224.0,164.0,52.0,1.5,0.4,264.0,136.0,128.0,40.0,97.0,668.0,10.0,0.25,0.5,20.0,0.2,42.0,2.6,0.25,2025.0
Jigani Tank,JGN,2025-02-01,12.8023,77.5979,0.1851266298225851,0.2031702257310423,0.2246114047442467,0.2506800795550547,0.2684172592227543,0.2959726767107856,0.2901693290622359,0.3852917206420727,0.3389136581244717,-0.1825341663200762,-0.3163149419465823,0.0594642189544879,0.0494201391864453,1.115819181088675,1.1406117913485805,02/25,3642.0,Jigani Tank,"D (Propagation of wild life,fisheries)",6.2,6.9,1040.0,5.0,4.0,490.0,3500.0,3.0,240.0,5.0,240.0,172.0,52.0,1.5,0.48,280.0,144.0,136.0,43.0,102.0,704.0,10.0,0.2,0.5,21.0,0.2,42.0,2.65,0.31,2025.0
Jigani Tank,JGN,2025-03-08,12.8023,77.5979,0.1796163545480145,0.2023787802023385,0.2334563396797654,0.2544100429456493,0.267552073359617,0.2968905413967895,0.2984801464376232,0.385318315263306,0.3607049493100531,-0.1981160164688835,-0.3183538074302947,0.0470433018544483,0.0716042151432849,1.166462006876219,1.1106896792721872,03/25,3642.0,Jigani Tank,"D (Propagation of wild life,fisheries)",4.5,7.4,785.0,8.0,2.7,230.0,1400.0,3.0,228.0,5.0,228.0,168.0,80.0,1.5,0.52,204.0,108.0,96.0,6.6410256410256405,77.0,524.0,12.0,0.2,0.5,22.0,0.3,42.0,2.0,0.05,2025.0
Jigani Tank,JGN,2025-04-02,12.8023,77.5979,,,,,,,,,,,,,,,,04/25,3642.0,Jigani Tank,"D (Propagation of wild life,fisheries)",5.9,7.2,992.0,5.0,3.5,330.0,1700.0,3.0,236.0,5.0,236.0,184.0,64.0,1.5,0.4,148.0,80.0,68.0,9.0,110.0,662.0,10.0,0.2,0.5,21.0,0.25,57.0,4.0,0.21,2025.0
Jigani Tank,JGN,2025-05-02,12.8023,77.5979,0.2480932695015488,0.2431687268965372,0.2412264995592702,0.2577139678963673,0.2817443185018303,0.3081687482399324,0.2980365002816109,0.3655768339904256,0.3146634821177133,-0.1019804570814652,-0.2011411383520884,0.0336691501100306,-0.003361239074289,0.9971203296321752,1.0734611912534318,05/25,3642.0,Jigani Tank,D,6.0,7.6,1004.0,4.0,3.5,210.0,3500.0,3.0,252.0,5.0,252.0,196.0,40.0,1.5,0.4,180.0,96.0,84.0,5.0,111.0,668.0,10.0,0.2,0.5,29.0,0.33,53.0,4.0,0.21,2025.0
Jigani Tank,JGN,2025-06-01,12.8023,77.5979,,,,,,,,,,,,,,,,06/25,3642.0,Jigani Tank,D,5.5,7.5,949.0,8.0,3.6,310.0,4300.0,3.0,240.0,5.0,240.0,196.0,74.0,1.5,0.41,248.0,124.0,124.0,5.0,103.0,642.0,10.0,0.2,0.5,4.0,0.38,47.0,2.9,0.05,2025.0
Jigani Tank,JGN,2025-11-10,12.8023,77.5979,0.1943721698113207,0.1981603986966827,0.2011565764150596,0.2304328675021119,0.2648713214587442,0.3010946669952126,0.2945500668825682,0.3682179421289777,0.326176848070966,-0.1975627650851485,-0.3089619152252761,0.0738699588790768,0.0068221022894313,1.0209966058430828,1.1801987375915697,11/25,3642.0,Jigani Tank,D,5.9,6.8,780.0,6.0,3.14,1820.5797101449275,5400.0,19.267605633802816,188.0,20.0,188.0,140.0,64.0,11.05,0.4,180.0,96.0,84.0,6.0,65.0,528.0,81.0,0.3783333333333333,0.5,6.0,0.32,43.0,2.1,0.54,2025.0
Kaikondanahalli Lake,KKH,2023-08-16,12.929,77.6958,0.146467023298374,0.1769598186867758,0.1752097309870744,0.2061992010980503,0.2654180052086999,0.2938085697191526,0.2923978707679313,0.2788717533610192,0.2386783522207363,-0.3074865101890363,-0.2813403959825776,0.1367135404227948,-0.0202658122481985,0.9665997097052724,1.393608315296523,08/23,3611.0,KAIKONDANAHALLI LAKE,"D (Propagation of wild life,fisheries)",4.4,8.5,762.0,9.0,3.3,4600.0,35000.0,4.238095238095238,136.0,16.0,152.0,148.0,88.0,4.395238095238096,0.8,204.0,108.0,96.0,34.0,101.0,522.0,17.714285714285715,2.4,0.5,26.0,0.3,41.0,1.9342857142857144,0.5023809523809524,2023.0
Kaikondanahalli Lake,KKH,2023-10-10,12.929,77.6958,0.1037429928908285,0.1352486382969819,0.1308851019046875,0.1644154149362989,0.2266668050960793,0.2490559548110086,0.253849535440276,0.2229762968958963,0.1694975540226648,-0.394238389388402,-0.3568379655105019,0.239883435241718,-0.0606531660183479,0.9019104792450562,1.916308205247626,10/23,3611.0,KAIKONDANAHALLI LAKE,"E (Irrigation, industrial cooling and controlled waste)",3.3,8.0,840.0,12.0,3.0,9400.0,160000.0,3.0,152.0,5.0,152.0,140.0,108.0,10.283620689655171,2.1,184.0,96.0,88.0,29.0,71.0,570.0,73.51091703056768,0.72,0.5,6.0,0.2,44.0,2.3,2.23,2023.0
Kaikondanahalli Lake,KKH,2023-12-24,12.929,77.6958,0.1029995600760188,0.1209138593023328,0.119925645895566,0.1418067290772154,0.1846861300767227,0.2055671499964803,0.2074173928345182,0.1942814809600901,0.1591025480396987,-0.3286009671529303,-0.3010594504163532,0.1544413341732708,-0.0266706882060645,0.955802052417744,1.4694577248028184,12/23,3611.0,KAIKONDANAHALLI LAKE,"E (Irrigation, industrial cooling and controlled waste)",2.9,7.2,1886.0,18.0,7.2,79000.0,350000.0,3.0,436.0,5.0,436.0,320.0,133.0,6.4,4.9,516.0,264.0,252.0,76.0,151.0,1314.0,10.0,0.59,0.5,38.0,0.48,37.0,3.0,1.69,2023.0
Kaikondanahalli Lake,KKH,2024-03-03,12.929,77.6958,0.1280967023298374,0.1558047405721968,0.1663124943015062,0.1903558457098613,0.2248091081861053,0.2455749208136833,0.2490123565847821,0.2599414021257127,0.2267166783979727,-0.2779601246815293,-0.2901285406793587,0.1081881571712521,0.01946091183949,1.045693700417261,1.2962374339296368,03/24,3611.0,Kaikondanahalli Lake,"E (Irrigation, industrial cooling and controlled waste)",1.3,7.9,2015.0,17.0,7.0,2300.0,7900.0,3.0,564.0,5.0,564.0,332.0,132.0,2.86,2.2,340.0,176.0,164.0,108.0,252.0,1370.0,158.0,1.64,0.5,40.0,0.36,58.0,6.0,3.49,2024.0
Kaikondanahalli Lake,KKH,2024-04-02,12.929,77.6958,0.1249588653480678,0.1571447564578852,0.1766792533891289,0.2050374287323149,0.2382509889491096,0.2588971422538186,0.2652384669529105,0.2884295488139647,0.2491996339832478,-0.300034059524271,-0.3283488873259916,0.1121139500048097,0.047219992093839,1.1051755809021369,1.3018438205300482,04/24,3611.0,Kaikondanahalli Lake,"E (Irrigation, industrial cooling and controlled waste)",2.6,7.9,1851.0,23.0,8.5,340.0,2800.0,3.0,484.0,5.0,484.0,356.0,152.0,26.0,20.0,320.0,172.0,148.0,38.0,244.0,1260.0,28.0,1.3,0.5,39.0,0.2,59.0,8.0,4.6,2024.0
Kaikondanahalli Lake,KKH,2024-05-02,12.929,77.6958,0.1229532765538114,0.1536249208637119,0.1717579214731872,0.1965433061167031,0.2258009150418807,0.2475514077567396,0.2442437249243332,0.2851819455198143,0.2461081227563877,-0.2597261323067337,-0.3236205826408816,0.0909561983927837,0.0546902351598509,1.1193522624013534,1.2255149865665638,05/24,3611.0,Kaikondanahalli Lake,"D (Propagation of wild life,fisheries)",4.1,7.4,2106.0,12.0,7.3,17.0,350.0,3.0,524.0,5.0,524.0,336.0,124.0,1.5,0.9,512.0,264.0,248.0,32.0,203.0,1430.0,18.0,1.4,0.5,26.0,0.8,45.0,3.9,3.8,2024.0
Kaikondanahalli Lake,KKH,2024-06-01,12.929,77.6958,0.1394047934116984,0.1703788945016757,0.1760945834700358,0.2051151896952208,0.2555893573590481,0.2843093158302245,0.2791312768353628,0.285375184768072,0.2419374252129233,-0.2768950581570155,-0.2840960630471261,0.1071562460746333,0.0095046972095361,1.0228733654363256,1.2732784751664676,06/24,3611.0,Kaikondanahalli Lake,"E (Irrigation, industrial cooling and controlled waste)",1.9,7.5,1783.0,44.0,6.21,140.0,2400.0,3.0,380.0,5.0,380.0,256.0,216.0,28.0,21.0,352.0,184.0,168.0,32.0,167.0,1174.0,10.0,0.24,0.5,32.0,0.44,42.0,4.0,0.65,2024.0
Kaikondanahalli Lake,KKH,2024-09-19,12.929,77.6958,0.1372413000633491,0.1679309597412615,0.1720358103824704,0.2038221897656084,0.2549485148166396,0.2817019251073414,0.279067347082424,0.2797919018793552,0.2386412754276059,-0.3137382518127486,-0.3083654874046201,0.1423936863760881,-0.0055293453265277,0.9966833728982144,1.4107577045797997,09/24,3611.0,Kaikondanahalli Lake,"E (Irrigation, industrial cooling and controlled waste)",2.0,7.4,1600.0,20.0,2.1,310.0,3500.0,3.0,240.0,5.0,240.0,404.0,156.0,20.3,15.6,424.0,220.0,204.0,37.0,207.0,1126.0,10.0,3.6,0.5,48.0,0.3,48.0,4.5,9.0,2024.0
Kaikondanahalli Lake,KKH,2024-12-08,12.929,77.6958,0.1057429612163018,0.1242946019014531,0.1218959526566941,0.1442807418878018,0.1867348208629548,0.205997152811994,0.2052821461251495,0.2004151720982614,0.1656096677694094,-0.3140393367195412,-0.3080594986756,0.1542459934877657,-0.0352931863587431,0.9411815833255232,1.4563552964783664,12/24,3611.0,Kaikondanahalli Lake,"E (Irrigation, industrial cooling and controlled waste)",3.0,8.4,583.0,25.0,2.2,1700.0,7900.0,24.0,148.0,12.0,160.0,96.0,164.0,4.6,4.1,140.0,72.0,68.0,24.0,47.0,400.0,48.0,0.29,0.5,12.0,0.33,39.0,2.0,0.81,2024.0
Kaikondanahalli Lake,KKH,2025-03-08,12.929,77.6958,0.1262318962483283,0.1571300452453288,0.172639329034785,0.1963750545505737,0.2321472900682762,0.2516560146406701,0.2618779298937143,0.288479080734849,0.2505356092067292,-0.3096455716269563,-0.3428661993634633,0.1154769798535895,0.027000328609466,1.0651689425436774,1.324948373705218,03/25,3611.0,Kaikondanahalli Lake,"E (Irrigation, industrial cooling and controlled waste)",3.4,8.2,1322.0,10.0,5.07,1700.0,13000.0,3.0,324.0,5.0,324.0,232.0,101.0,1.6,1.2,492.0,88.0,404.0,7.35897435897436,98.0,898.0,102.0,0.76,0.5,39.0,0.28,28.0,1.0,0.78,2025.0
Kaikondanahalli Lake,KKH,2025-04-02,12.929,77.6958,,,,,,,,,,,,,,,,04/25,3611.0,Kaikondanahalli Lake,"D (Propagation of wild life,fisheries)",5.8,8.2,1200.0,7.0,3.23,1100.0,7900.0,3.0,324.0,5.0,324.0,232.0,72.0,1.5,0.58,476.0,264.0,212.0,53.0,98.0,828.0,10.0,0.76,0.5,39.0,0.28,28.0,2.0,1.5,2025.0
Kaikondanahalli Lake,KKH,2025-05-02,12.929,77.6958,0.1978602379108889,0.212789252556154,0.2103376929192818,0.2300981487998874,0.2666386323643275,0.2802031815302316,0.2851141620328007,0.3152774618145982,0.2675591222636728,-0.1656735104583407,-0.2032981074118489,0.0612193639810134,-0.0126632759858278,0.977769203102256,1.1443523379620155,05/25,3611.0,Kaikondanahalli Lake,D,6.0,7.1,883.0,6.0,3.5,310.0,1700.0,3.0,204.0,5.0,204.0,148.0,60.0,1.5,0.4,140.0,72.0,68.0,9.0,122.0,600.0,22.0,0.2,0.5,12.0,0.4,63.0,4.6,0.6,2025.0
Kaikondanahalli Lake,KKH,2025-06-01,12.929,77.6958,,,,,,,,,,,,,,,,06/25,3611.0,Kaikondanahalli Lake,E,3.0,7.8,1027.0,18.0,3.9,210.0,1500.0,3.0,176.0,5.0,176.0,176.0,152.0,1.5,0.4,184.0,96.0,88.0,36.0,99.0,696.0,18.0,1.1,0.5,2.0,0.23,53.0,3.3,2.6,2025.0
Kaikondanahalli Lake,KKH,2025-11-10,12.929,77.6958,0.1128347987043035,0.1242353547190362,0.1128969933425646,0.1398459509486349,0.2111354002776492,0.2427015733456732,0.2415006941230912,0.1643549745488199,0.0985635816751503,-0.3196015247765905,-0.138268604994018,0.1075768368954889,-0.0484151681032723,0.9080275829443964,1.243566621314345,11/25,3611.0,Kaikondanahalli Lake,D,4.8,8.1,938.0,8.0,3.78,915.6521739130436,1700.0,31.88732394366197,204.0,20.0,204.0,148.0,80.0,11.60909090909091,0.72,228.0,120.0,108.0,27.0,82.0,644.0,16.0,0.54,0.5,8.0,0.52,43.0,2.37,1.57,2025.0
Kalena Agrahara Lake,KLA,2023-08-16,12.9128,77.6271,,,,,,,,,,,,,,,,08/23,3616.0,KALENA AGRAHARA LAKE,"D (Propagation of wild life,fisheries)",5.8,7.7,338.0,5.0,1.0,2300.0,24000.0,5.104761904761904,96.0,5.0,96.0,44.0,60.0,4.181904761904762,0.4,128.0,72.0,56.0,12.0,24.0,230.0,18.914285714285715,0.3,0.5,10.0,0.22,41.0,1.8882857142857143,0.4690476190476191,2023.0
Kalena Agrahara Lake,KLA,2023-10-10,12.9128,77.6271,0.1063096265530955,0.1293785965064817,0.1427414804141868,0.1639502270247438,0.1826327302805252,0.1979844989616699,0.1954999718418921,0.2211673858716692,0.1892372778149308,-0.2128272970843905,-0.2750116225527251,0.0850883432315717,0.0479552020851591,1.1067171977177106,1.2244010362388211,10/23,3616.0,KALENA AGRAHARA LAKE,"D (Propagation of wild life,fisheries)",4.9,7.4,492.0,7.0,2.0,580.0,16000.0,3.0,116.0,5.0,116.0,68.0,60.0,10.517672413793104,0.4,104.0,56.0,12.0,13.666666666666668,38.0,334.0,69.21397379912663,0.2,0.5,3.0,0.29,43.0,2.0,0.05,2023.0
Kalena Agrahara Lake,KLA,2023-12-24,12.9128,77.6271,0.110998187321812,0.1269846575931335,0.1388454537186106,0.1530157016648481,0.1668828024356762,0.1815008130653621,0.179239442469466,0.2052650311499066,0.1923282672204426,-0.1738583527555531,-0.2403311330799079,0.0553937899360457,0.0437209476397308,1.0959051892000942,1.132629406723804,12/23,3616.0,KALENA AGRAHARA LAKE,"D (Propagation of wild life,fisheries)",4.2,7.4,539.0,13.0,2.0,490.0,5400.0,3.0,132.0,5.0,132.0,52.0,116.0,1.5,0.94,132.0,72.0,60.0,11.0,52.0,370.0,30.0,0.2,0.5,25.0,0.27,58.0,2.0,0.05,2023.0
Kalena Agrahara Lake,KLA,2024-03-03,12.9128,77.6271,0.1310463376861075,0.150673250401017,0.1710462565475303,0.1893871951004891,0.1993977121537432,0.2153692161486747,0.2133640702544788,0.2611228960613844,0.2473556896976523,-0.1734891494057377,-0.2701240908389525,0.0555879278836512,0.0620179104905046,1.1339592205461604,1.1280427235768449,03/24,3616.0,Kalena Agrahara Lake,"D (Propagation of wild life,fisheries)",4.3,8.0,580.0,5.0,1.3,3300.0,4800.0,3.0,140.0,18.5,140.0,124.0,48.0,1.5,0.8,188.0,100.0,88.0,16.0,60.0,396.0,32.0,0.2,0.5,8.0,0.2,40.0,2.0,0.05,2024.0
Kalena Agrahara Lake,KLA,2024-04-02,12.9128,77.6271,,,,,,,,,,,,,,,,04/24,3616.0,Kalena Agrahara Lake,"D (Propagation of wild life,fisheries)",4.6,7.3,373.0,8.0,0.8,1400.0,7000.0,3.0,148.0,5.0,148.0,48.0,89.0,1.5,0.4,116.0,68.0,48.0,8.0,42.0,260.0,10.0,0.2,0.5,5.0,0.3,42.0,2.0,0.05,2024.0
Kalena Agrahara Lake,KLA,2024-05-02,12.9128,77.6271,0.147179578332336,0.1694350253337855,0.1915554357272683,0.2107861004540495,0.2227077716377459,0.2459758262644749,0.2388145999788813,0.2955682235753755,0.2753829643447958,-0.1731771001065075,-0.273822700005872,0.0520280768761908,0.0609921569282148,1.1320182567460024,1.1172045637917432,05/24,3616.0,Kalena Agrahara Lake,"D (Propagation of wild life,fisheries)",5.6,7.4,494.0,5.0,1.7,2100.0,13000.0,3.0,124.0,5.0,124.0,40.0,64.0,1.5,0.4,116.0,64.0,52.0,14.0,50.0,332.0,18.0,0.31,0.5,16.0,0.24,44.0,2.0,0.9,2024.0
Kalena Agrahara Lake,KLA,2024-06-01,12.9128,77.6271,0.1486871528633275,0.1700121708507208,0.1877143781889576,0.2081157509415365,0.2269780824328606,0.2545808841645841,0.2439047200028158,0.2858067685051565,0.2644260356904014,-0.1819995444278284,-0.2564911439750917,0.0560481705955007,0.0490717735372446,1.105871814651726,1.1277921650204277,06/24,3616.0,Kalena Agrahara Lake,"D (Propagation of wild life,fisheries)",5.4,7.8,722.0,7.0,2.6,170.0,3500.0,3.0,140.0,5.0,140.0,112.0,65.0,1.5,0.82,100.0,56.0,44.0,17.0,81.0,492.0,26.0,0.2,0.5,20.0,0.27,58.0,3.5,0.05,2024.0
Kalena Agrahara Lake,KLA,2024-09-19,12.9128,77.6271,0.1455035373622892,0.1690381511905299,0.1890340214433591,0.211025307099363,0.2266415613670761,0.2499010277709337,0.24432760550491,0.2845584280736334,0.2712933476470379,-0.1879973569847484,-0.2604400642735874,0.0623889407758002,0.0547894968550021,1.120009042455656,1.148915517365613,09/24,3616.0,Kalena Agrahara Lake,"D (Propagation of wild life,fisheries)",4.4,8.2,574.0,8.0,4.3,1700.0,3300.0,3.0,128.0,5.0,128.0,72.0,72.0,1.5,0.4,124.0,64.0,60.0,31.0,60.0,390.0,64.0,0.2,0.5,10.0,0.27,48.0,2.3,0.7,2024.0
Kalena Agrahara Lake,KLA,2024-12-08,12.9128,77.6271,0.1092781141107317,0.1222983138370692,0.1328332021319518,0.1492803315617189,0.1662811833444792,0.1839538136637218,0.1825512055189891,0.2116288726197599,0.1944154412023512,-0.2042918775768244,-0.275281157372788,0.0680303166486159,0.0398378311434925,1.0873737011554492,1.169608946816431,12/24,3616.0,Kalena Agrahara Lake,"D (Propagation of wild life,fisheries)",6.5,7.7,525.0,4.0,3.5,310.0,2100.0,3.0,132.0,5.0,132.0,128.0,41.0,1.5,0.4,136.0,76.0,60.0,5.0,58.0,356.0,10.0,0.2,0.5,6.0,0.2,45.0,2.1,0.05,2024.0
Kalena Agrahara Lake,KLA,2025-03-08,12.9128,77.6271,0.127223800640597,0.151201169375207,0.1731377951646099,0.1915922565203617,0.2042304705923762,0.2200663686600258,0.222299039104572,0.26458721621907,0.2511223258597021,-0.1921809745077068,-0.2757948558776431,0.0569286162144531,0.0651032159126466,1.1433191270876193,1.1383094588830416,03/25,3616.0,Kalena Agrahara Lake,"D (Propagation of wild life,fisheries)",5.3,7.3,727.0,13.0,2.5,480.0,2800.0,3.0,236.0,5.0,236.0,128.0,122.0,1.5,0.73,232.0,116.0,116.0,7.230769230769231,89.0,502.0,10.0,1.12,0.5,10.0,0.26,44.0,2.5,2.65,2025.0
Kalena Agrahara Lake,KLA,2025-04-02,12.9128,77.6271,,,,,,,,,,,,,,,,04/25,3616.0,Kalena Agrahara Lake,"D (Propagation of wild life,fisheries)",4.6,6.7,652.0,8.0,2.63,400.0,2200.0,3.0,144.0,5.0,144.0,100.0,84.0,1.5,0.75,104.0,56.0,48.0,13.0,54.0,446.0,10.0,0.2,0.5,4.0,0.31,52.0,2.31,0.51,2025.0
Kalena Agrahara Lake,KLA,2025-05-02,12.9128,77.6271,,,,,,,,,,,,,,,,05/25,3616.0,Kalena Agrahara Lake,D,4.2,8.0,699.0,10.0,2.7,14.0,920.0,3.0,152.0,5.0,152.0,112.0,97.0,1.5,0.4,84.0,48.0,36.0,12.0,95.0,476.0,56.0,0.2,0.5,19.0,0.5,65.0,4.5,0.31,2025.0
Kalena Agrahara Lake,KLA,2025-06-01,12.9128,77.6271,,,,,,,,,,,,,,,,06/25,3616.0,Kalena Agrahara Lake,D,5.3,8.0,425.0,4.0,1.63,260.0,2800.0,3.0,120.0,5.0,120.0,48.0,44.0,1.5,0.4,88.0,50.0,38.0,31.0,52.0,288.0,22.0,0.2,0.5,2.0,0.39,55.0,2.41,0.05,2025.0
Kalena Agrahara Lake,KLA,2025-11-10,12.9128,77.6271,0.141946886769209,0.1564107005383471,0.1661049521834581,0.1866880609623032,0.2057690718383725,0.2211784484882616,0.218996047305621,0.2492498081728906,0.2186293759459366,-0.1679847406312418,-0.2307303062491735,0.0634193572763058,0.0276906289910206,1.059735277067493,1.1477283899669426,11/25,3616.0,Kalena Agrahara Lake,D,6.1,6.9,372.0,4.0,1.49,1077.2463768115942,2400.0,29.633802816901408,112.0,20.0,112.0,40.0,40.0,9.654545454545454,0.4,96.0,52.0,44.0,10.0,28.0,252.0,15.0,0.51,0.5,10.0,0.31,38.0,1.24,0.29,2025.0
Kalkere Tank,KLK,2023-08-16,13.0225,77.7027,0.1492291062121426,0.1907099206068785,0.2184391013442513,0.2544720946612198,0.3002538420904353,0.3261254120298634,0.3182430764896466,0.353370305676856,0.2990723552613046,-0.2589344267858248,-0.3071114967135804,0.0870917188816791,0.0676525359229365,1.149797843216222,1.215410456903988,08/23,3607.0,KALKERE TANK,"D (Propagation of wild life,fisheries)",4.1,7.3,590.0,12.0,1.7,41000.0,350000.0,15.00952380952381,168.0,5.0,168.0,88.0,116.0,1.743809523809524,0.94,156.0,84.0,72.0,9.0,58.0,404.0,32.62857142857143,0.25,0.5,7.0,0.27,41.0,1.3625714285714283,0.0880952380952381,2023.0
Kalkere Tank,KLK,2023-10-10,13.0225,77.7027,0.0859025167194649,0.1270485010117408,0.1491054452787882,0.185840260471665,0.231500802534319,0.2469944139387539,0.2417366455473425,0.2377209679690251,0.1728536114044352,-0.3286732119082027,-0.3246488427440911,0.1337466148860638,0.0781172727740089,1.1788206074647316,1.3618984500118818,10/23,3607.0,KALKERE TANK,"E (Irrigation, industrial cooling and controlled waste)",2.8,6.7,866.0,15.0,3.32,4600.0,35000.0,3.0,200.0,5.0,200.0,144.0,139.0,9.386422413793102,2.6,232.0,120.0,112.0,35.0,79.0,604.0,89.9825327510917,0.42,0.5,17.0,0.2,40.0,2.2,0.96,2023.0
Kalkere Tank,KLK,2023-12-24,13.0225,77.7027,0.1006582435762056,0.1339730451707635,0.1583526267827774,0.1880258817317845,0.226620028159099,0.2440598486448434,0.2421866349876805,0.2875902675114395,0.2391003555086239,-0.2947615303619216,-0.3695542776411587,0.0978742281019464,0.0836253880345128,1.1897070376115462,1.2518242452597768,12/23,3607.0,KALKERE TANK,"E (Irrigation, industrial cooling and controlled waste)",2.3,7.9,926.0,17.0,3.0,70000.0,350000.0,3.0,256.0,5.0,256.0,188.0,119.0,3.1,2.4,76.0,44.0,32.0,36.0,95.0,640.0,10.0,1.0,0.5,17.0,0.26,67.0,4.7,2.5,2023.0
Kalkere Tank,KLK,2024-03-03,13.0225,77.7027,0.1221575466385075,0.1684301408235245,0.2119791372451342,0.2467239141147484,0.2803952481520593,0.3016682682154172,0.300609088349173,0.3484770925730376,0.2946935867652238,-0.2863480869489688,-0.3527070259952241,0.0863791625015287,0.1127317928926,1.2616082569385716,1.2194047460466235,03/24,3607.0,Kalkere Tank,"E (Irrigation, industrial cooling and controlled waste)",0.3,7.7,1253.0,148.0,4.0,2300.0,9400.0,3.0,500.0,5.0,500.0,200.0,992.0,23.92,18.4,280.0,150.0,130.0,9.0,118.0,864.0,256.0,0.59,0.5,26.0,0.2,45.0,3.0,2.08,2024.0
Kalkere Tank,KLK,2024-04-02,13.0225,77.7027,0.1317131960577261,0.1786300600970224,0.225116983516583,0.2614080746216123,0.2968734600492786,0.3170043048222457,0.317288760999648,0.3685255191833859,0.3153760330869413,-0.2819279733626758,-0.3488417378173495,0.0823550179078999,0.1137078005368462,1.262991356943708,1.199644065979644,04/24,3607.0,Kalkere Tank,"E (Irrigation, industrial cooling and controlled waste)",0.9,7.8,1477.0,21.0,4.8,6800.0,49000.0,3.0,416.0,5.0,416.0,232.0,175.0,13.4,10.3,400.0,208.0,192.0,23.0,143.0,1006.0,1040.0,2.7,0.5,18.0,0.93,42.0,3.1,0.98,2024.0
Kalkere Tank,KLK,2024-05-02,13.0225,77.7027,0.1322230095036959,0.1805146854463932,0.2223722528279436,0.2581836254839845,0.2928280535022879,0.3164885357268567,0.3117477754311863,0.3629231714185146,0.3095086659626894,-0.2698171232209266,-0.337827510890013,0.0835867037700389,0.1007896550567143,1.230672599259788,1.2041311714103573,05/24,3607.0,Kalkere Tank,"E (Irrigation, industrial cooling and controlled waste)",1.6,8.2,1580.0,42.0,5.5,1100.0,7900.0,3.0,188.0,5.0,188.0,292.0,236.0,3.6,2.6,176.0,96.0,80.0,31.0,173.0,1040.0,130.0,1.1,0.5,43.0,0.2,62.0,6.0,2.8,2024.0
Kalkere Tank,KLK,2024-09-19,13.0225,77.7027,0.1239444772967265,0.1651954243126804,0.1877735793734784,0.2313474234424498,0.289089243224217,0.3170690496304116,0.3120124287222811,0.3283096022527279,0.2660691693065822,-0.3147395097276467,-0.3396757841136103,0.1148142633575544,0.0667034452823208,1.1472726821081465,1.2897298155828316,09/24,3607.0,Kalkere Tank,"D (Propagation of wild life,fisheries)",4.2,9.0,695.0,9.0,2.8,1100.0,1300.0,80.0,88.0,40.0,128.0,116.0,96.0,1.5,0.4,156.0,84.0,72.0,23.0,77.0,472.0,102.0,0.8,0.5,19.0,0.2,48.0,3.0,2.0,2024.0
Kalkere Tank,KLK,2024-12-08,13.0225,77.7027,0.1003087434002112,0.1298326323018007,0.1373752946812307,0.1737692467441043,0.2352102710313269,0.2571027631115807,0.2545591270679339,0.2697520767335447,0.217774667370644,-0.3331209187151032,-0.3629248217689167,0.1382041622313483,0.026071230946979,1.0565458228281257,1.371633601082613,12/24,3607.0,Kalkere Tank,"E (Irrigation, industrial cooling and controlled waste)",3.2,7.5,1297.0,11.0,4.9,170.0,3500.0,3.0,288.0,5.0,288.0,184.0,101.0,11.9,9.2,256.0,136.0,120.0,25.0,169.0,880.0,44.0,1.6,0.5,26.0,0.2,59.0,4.6,3.7,2024.0
Kalkere Tank,KLK,2025-01-07,13.0225,77.7027,0.0996959521295318,0.1297351032588598,0.1448737766938556,0.1802246603308693,0.2350895881731785,0.2551148398451249,0.2589415980288632,0.2780280183034144,0.2250005455825414,-0.3404705366218412,-0.373106083035185,0.1237345263495203,0.0571895981741715,1.1283352463201166,1.3245214592329395,01/25,3607.0,Kalkere Tank,"E (Irrigation, industrial cooling and controlled waste)",3.1,8.2,1476.0,20.0,5.1,1400.0,9400.0,3.0,324.0,5.0,324.0,240.0,136.0,20.0,16.0,344.0,180.0,164.0,51.0,174.0,968.0,44.0,0.78,0.5,33.0,0.2,49.0,4.0,2.2,2025.0
Kalkere Tank,KLK,2025-02-01,13.0225,77.7027,0.1057613445969729,0.1459011761603411,0.1719896937900448,0.2132541605068638,0.2539780781414993,0.2667700422386486,0.268966930658219,0.310964016191482,0.2430037697993665,-0.3080210563468329,-0.3714150488545347,0.1203858572683361,0.0868347849084472,1.1976243824254909,1.318672025339953,02/25,3607.0,Kalkere Tank,"E (Irrigation, industrial cooling and controlled waste)",0.3,8.4,1481.0,35.0,5.7,170.0,22000.0,32.0,332.0,16.0,348.0,292.0,285.0,23.4,18.0,356.0,180.0,176.0,40.0,182.0,1022.0,48.0,1.7,0.5,34.0,0.2,50.0,4.2,4.0,2025.0
Kalkere Tank,KLK,2025-03-08,13.0225,77.7027,0.1184983386131643,0.1552949665091336,0.1923954456858403,0.2244910207673355,0.2569353044702571,0.2754122879267864,0.2842926891939458,0.3411314396339319,0.2889238472368884,-0.2957386373463806,-0.3741233907592746,0.0856576605029723,0.1034447601148255,1.2359063142078863,1.2084420348085334,03/25,3607.0,Kalkere Tank,"E (Irrigation, industrial cooling and controlled waste)",3.3,8.5,1118.0,16.0,3.9,1100.0,6300.0,72.0,216.0,36.0,288.0,284.0,112.0,1.8,1.3,236.0,124.0,112.0,7.461538461538462,99.0,754.0,32.0,0.2,0.5,35.0,0.2,38.0,3.0,0.46,2025.0
Kalkere Tank,KLK,2025-05-02,13.0225,77.7027,0.1200239669130588,0.1641609784846405,0.1850401765585932,0.2286500915170714,0.2863636677226328,0.3041990496304119,0.3017564378739881,0.3115699366420275,0.2351582330165434,-0.2996255345009586,-0.3163900732803955,0.1173199871851046,0.0563975949021857,1.1262788302310458,1.2950648115810843,05/25,3607.0,Kalkere Tank,D,4.8,7.8,980.0,6.0,3.8,1300.0,4600.0,3.0,268.0,5.0,268.0,252.0,64.0,1.5,0.4,220.0,112.0,108.0,8.0,96.0,666.0,18.0,0.2,0.5,10.0,0.3,47.0,2.8,0.32,2025.0
Kalkere Tank,KLK,2025-06-01,13.0225,77.7027,,,,,,,,,,,,,,,,06/25,3607.0,Kalkere Tank,E,2.4,7.4,1594.0,22.0,6.1,260.0,17000.0,3.0,348.0,5.0,348.0,216.0,136.0,2.5,1.9,268.0,140.0,56.0,37.0,116.0,1084.0,46.0,2.4,0.5,3.0,0.2,48.0,3.1,5.6,2025.0
Kalkere Tank,KLK,2025-11-10,13.0225,77.7027,0.1041253255895811,0.1373757335490133,0.155677292887246,0.1971857338965155,0.2514090953889476,0.2697730728616684,0.271633153819078,0.3084559978880677,0.2394468602604716,-0.3312005474554725,-0.3869836690464488,0.1292441607213578,0.0581430234939316,1.1296920718342094,1.3324039233003837,11/25,3607.0,Kalkere Tank,D,4.4,8.2,827.0,8.0,3.4,786.376811594203,11000.0,33.690140845070424,236.0,20.0,236.0,116.0,96.0,17.25,0.58,216.0,116.0,100.0,12.0,85.0,544.0,18.0,3.0,0.5,12.0,0.31,45.0,2.5,8.5,2025.0
Kammagondanahalli Lake,KMG,2023-08-16,12.9649,77.546,0.1336619173355865,0.1528638393878243,0.1647152546155814,0.1957532530629487,0.2525859315589354,0.2840688494578225,0.2761311188564989,0.2613441170257709,0.2255150577383468,-0.2935933557770674,-0.274456517193299,0.1034021946142316,0.0299839183300108,1.067378590207113,1.2644575000805298,08/23,4540.0,KAMMAGONDANAHALLI LAKE,"E (Irrigation, industrial cooling and controlled waste)",0.8,7.0,874.0,18.0,4.2,2200000.0,24000000.0,13.771428571428572,316.0,5.0,316.0,56.0,116.0,2.048571428571429,2.5,340.0,176.0,164.0,26.0,127.0,602.0,30.914285714285715,0.23,0.5,29.0,0.2,41.0,1.4282857142857144,0.1357142857142857,2023.0
Kammagondanahalli Lake,KMG,2023-10-10,12.9649,77.546,0.0823811998310097,0.1082728246167625,0.1202962505268508,0.153989902830587,0.2203661526545556,0.243455953386847,0.2422624172651738,0.212047743275595,0.1621602837628502,-0.3830741978820693,-0.3442975640837541,0.1619948002460323,0.0309385655964282,1.0811172970098226,1.558534870377812,10/23,4540.0,KAMMAGONDANAHALLI LAKE,"E (Irrigation, industrial cooling and controlled waste)",2.5,7.8,550.0,18.0,1.8,40000.0,540000.0,3.0,180.0,5.0,180.0,72.0,120.0,9.035344827586208,2.2,168.0,88.0,35.0,17.0,55.0,378.0,96.42794759825328,0.5,0.5,32.0,0.2,40.0,1.85,1.4,2023.0
Kammagondanahalli Lake,KMG,2023-12-24,12.9649,77.546,0.0858127024362765,0.0996610544634535,0.108636206055684,0.1292449901422336,0.1674659554992253,0.1861873644557106,0.1840375897760878,0.171665557667934,0.1444704478242502,-0.3042939365561353,-0.2818862650582355,0.1137093699020773,0.032130271607371,1.0749134106344045,1.3319173074343582,12/23,4540.0,"KAMMAGONDANAHALLI
LAKE","D (Propagation of wild life,fisheries)",4.2,7.5,972.0,6.0,2.1,2300.0,24000.0,3.0,272.0,5.0,272.0,252.0,70.0,1.5,0.52,288.0,152.0,136.0,9.0,91.0,662.0,10.0,0.29,0.5,12.0,0.24,39.0,2.3,0.9,2023.0
Kammagondanahalli Lake,KMG,2024-03-03,12.9649,77.546,0.1047823475566821,0.1292524897687398,0.1446418036235771,0.1774772743275594,0.2265730566117447,0.2483453985354171,0.248631942684129,0.2326522813688213,0.1993341325165472,-0.314189088266353,-0.2968558378482493,0.1254195279413297,0.0424411707056756,1.1028031338467053,1.359982951477883,03/24,4540.0,Kammagondanahalli Lake,"E (Irrigation, industrial cooling and controlled waste)",0.7,7.8,1360.0,18.0,6.6,1700.0,4800.0,3.0,652.0,5.0,652.0,216.0,120.0,2.9,2.2,428.0,220.0,208.0,23.0,191.0,944.0,24.0,6.0,0.5,35.0,0.22,34.0,4.0,14.7,2024.0
Kammagondanahalli Lake,KMG,2024-04-02,12.9649,77.546,0.1163223489649344,0.1410824672311519,0.1590766371255998,0.1938290099985917,0.2535806928601604,0.2814922053231938,0.2826181101253345,0.2613508027038445,0.226859907055344,-0.3360151448704183,-0.3116395666053573,0.1194193314970999,0.0486918958545013,1.1094854793458468,1.323186090213039,04/24,4540.0,Kammagondanahalli Lake,"E (Irrigation, industrial cooling and controlled waste)",1.5,7.0,1667.0,24.0,6.5,1500.0,4100.0,3.0,656.0,5.0,656.0,196.0,160.0,3.9,3.0,396.0,204.0,192.0,32.0,194.0,1136.0,28.0,4.7,0.5,28.0,0.22,49.0,4.3,10.0,2024.0
Kammagondanahalli Lake,KMG,2024-05-02,12.9649,77.546,0.1242699514152935,0.1496523276373792,0.1669802952790206,0.196385424588086,0.2486710040839319,0.2790457541191379,0.2715830094352907,0.2654444726094914,0.2318363681171663,-0.2912499167887082,-0.2870953151643137,0.0949590201474732,0.0477788735884809,1.1048079728526776,1.2388532059622028,05/24,4540.0,Kammagondanahalli Lake,"E (Irrigation, industrial cooling and controlled waste)",3.1,6.6,744.0,24.0,2.9,2100.0,14000.0,3.0,172.0,5.0,172.0,124.0,171.0,7.8,6.2,200.0,104.0,96.0,30.0,68.0,492.0,16.0,0.28,0.5,15.0,0.25,40.0,2.09,0.76,2024.0
Kammagondanahalli Lake,KMG,2024-06-01,12.9649,77.546,0.1277008590339388,0.1500205219947688,0.1633419551602145,0.1952270138008731,0.253045176735671,0.2868481059005772,0.2765637973524854,0.2556290839318406,0.2187220074637375,-0.2981618533462494,-0.2693341607469618,0.1038229414863494,0.0348600657584516,1.0774519286839266,1.2626071029603247,06/24,4540.0,Kammagondanahalli Lake,"D (Propagation of wild life,fisheries)",4.8,7.5,689.0,8.2,2.5,320.0,3500.0,3.0,192.0,5.0,192.0,765.0,77.0,1.5,0.98,192.0,100.0,92.0,40.0,73.0,470.0,10.0,2.0,0.5,18.0,0.2,43.0,2.3,4.3,2024.0
Kammagondanahalli Lake,KMG,2024-09-19,12.9649,77.546,,,,,,,,,,,,,,,,09/24,4540.0,Kammagondanahalli Lake,"E (Irrigation, industrial cooling and controlled waste)",3.0,6.7,433.0,9.0,8.0,2300.0,7900.0,3.0,76.0,5.0,76.0,72.0,88.0,11.0,8.1,107.0,56.0,48.0,44.0,40.0,300.0,114.0,0.3,0.5,25.0,0.35,39.0,1.7,0.8,2024.0
Kammagondanahalli Lake,KMG,2024-12-08,12.9649,77.546,0.0915397479228277,0.1049071713852375,0.1117326823173232,0.1348979017039851,0.1821320799887339,0.2042543374172651,0.1987695782284185,0.1851435818898746,0.1536112836220249,-0.3121754601694035,-0.2925088143388624,0.1194607800664897,0.019404542673345,1.048941839703551,1.3393360338375124,12/24,4540.0,Kammagondanahalli Lake,"D (Propagation of wild life,fisheries)",6.8,6.7,376.0,7.0,2.0,780.0,2300.0,3.0,112.0,5.0,112.0,32.0,62.0,1.5,0.4,92.0,48.0,44.0,5.0,26.0,256.0,22.0,0.2,0.5,9.0,0.2,35.0,1.0,0.33,2024.0
Kammagondanahalli Lake,KMG,2025-05-02,12.9649,77.546,0.1113959371919448,0.1408023694439633,0.1575142510098647,0.192905840726658,0.2626842275735809,0.2873791895507674,0.2855120581608223,0.2574390613998028,0.2025870053513589,-0.3391904705903655,-0.3047065906622287,0.1235882624113315,0.0432322006062961,1.101271007178117,1.33957074037384,05/25,4540.0,Kammagondanahalli Lake,D,6.7,7.2,519.0,4.0,2.0,2200.0,9400.0,3.0,148.0,5.0,148.0,60.0,46.0,1.5,0.4,136.0,68.0,68.0,18.0,60.0,358.0,14.0,0.6,0.5,7.0,0.24,47.0,2.2,1.4,2025.0
Kammagondanahalli Lake,KMG,2025-06-01,12.9649,77.546,,,,,,,,,,,,,,,,06/25,4540.0,Kammagondanahalli Lake,E,1.5,6.5,498.0,28.0,2.0,48000.0,350000.0,3.0,140.0,5.0,140.0,48.0,196.0,3.4,2.7,136.0,72.0,64.0,19.0,40.0,388.0,10.0,0.57,0.5,3.0,0.2,38.0,1.49,1.66,2025.0
Kammagondanahalli Lake,KMG,2025-11-10,12.9649,77.546,,,,,,,,,,,,,,,,11/25,4540.0,Kammagondanahalli Lake,E,2.5,7.0,605.0,40.0,2.32,3177.971014492754,7900.0,25.0,112.0,20.0,112.0,72.0,272.0,3.45,2.3,220.0,124.0,96.0,20.3,53.0,408.0,46.0,0.476,0.5,6.0,0.46,33.0,1.55,0.31,2025.0
Kannur Lake,KNR,2023-10-10,13.0505,77.668,0.052628712697072,0.0822270974488813,0.0679310354708824,0.1319790786880631,0.2613746586430183,0.2990650654560809,0.3059524211711713,0.2088002920889642,0.1074366061373875,-0.5742197430422676,-0.4363849171306571,0.3286199268966062,-0.1041193163471713,0.8207694381261551,2.0221170513827365,10/23,5565.0,Kannur Lake,"D (Propagation of wild life,fisheries)",4.2,6.7,381.0,4.0,1.46,700.0,9200.0,3.0,84.0,5.0,84.0,60.0,45.0,7.709051724137931,0.54,100.0,56.0,44.0,16.0,33.0,266.0,120.7772925764192,0.2,0.5,8.0,1.6,39.0,1.43,0.05,2023.0
Karihobanahalli Lake,KRH,2023-08-16,13.005,77.52,0.1588926313195325,0.1835992318892702,0.1948442264240868,0.2198007322912265,0.2529493205182368,0.2786007956625828,0.2708892198281932,0.2894036473736092,0.266430777355302,-0.1947503728191069,-0.2282781506921163,0.0659140544196925,0.0289253826618601,1.0607606308733208,1.154795260977292,08/23,3601.0,KARIHOBANAHALLI LAKE,"E (Irrigation,
industrial cooling and controlled waste)",0.3,6.8,2163.0,66.0,8.2,170000.0,2400000.0,10.552380952380952,488.0,5.0,488.0,368.0,300.0,2.8409523809523813,11.6,544.0,276.0,268.0,39.0,152.0,1512.0,26.457142857142856,0.57,0.5,43.0,0.22,41.0,1.5991428571428572,0.2595238095238095,2023.0
Karihobanahalli Lake,KRH,2023-10-10,13.005,77.52,0.116750887198986,0.1400840480246228,0.1483331608561487,0.1713989473313617,0.2006039642303901,0.2158586114631739,0.2152713244613434,0.2278597486269537,0.1903893712153218,-0.2145196584004024,-0.2445987320738811,0.0814211254989104,0.0250415441449747,1.057574293007853,1.2008035824200567,10/23,3601.0,KARIHOBANAHALLI LAKE,"E (Irrigation, industrial cooling and controlled waste)",2.1,7.1,1438.0,17.0,5.47,3300.0,54000.0,3.0,332.0,5.0,332.0,240.0,153.0,9.42543103448276,3.2,388.0,200.0,188.0,58.0,114.0,1010.0,89.26637554585153,0.48,0.5,29.0,0.32,37.0,2.5,1.12,2023.0
Karihobanahalli Lake,KRH,2023-12-24,13.005,77.52,0.1037414765525981,0.122656164428807,0.1320245529242608,0.1516393958597381,0.1744334072665822,0.1899330763272778,0.1904623292494015,0.1988235072524996,0.1778936417405998,-0.2229269709094466,-0.24735988785118,0.0825604257855695,0.0353309306913635,1.0765527940973243,1.221035904114421,12/23,3601.0,KARIHOBANAHALLI LAKE,"D (Propagation of wild life,fisheries)",4.3,7.06,2137.0,9.0,7.4,31000.0,350000.0,3.0,476.0,5.0,476.0,400.0,107.0,1.5,0.42,500.0,256.0,244.0,35.0,132.0,1458.0,10.0,0.2,0.5,16.0,0.39,36.0,2.6,0.32,2023.0
Karihobanahalli Lake,KRH,2024-03-03,13.005,77.52,0.1221053830446416,0.148687685055926,0.1621249083187203,0.1872773341782847,0.2105228594564145,0.2261720813969863,0.2265547458104493,0.2428933530488666,0.2216399697225744,-0.210033865887191,-0.2463316353334101,0.0793510028573641,0.0427386786953066,1.09292615254652,1.1936405997188453,03/24,3601.0,Karihobanahalli Lake,"E (Irrigation, industrial cooling and controlled waste)",1.4,7.7,3020.0,28.0,10.5,450000.0,2300000.0,3.0,620.0,5.0,620.0,570.0,168.0,31.0,23.0,570.0,300.0,270.0,57.0,424.0,1998.0,22.0,2.5,0.5,32.0,0.34,60.0,8.0,7.0,2024.0
Karihobanahalli Lake,KRH,2024-04-02,13.005,77.52,0.1345355865371075,0.1631715043688316,0.1849800382030336,0.2100058090409801,0.2386806189269119,0.2564055978031263,0.2581581784255738,0.281247232784115,0.260988607238417,-0.2270039133030234,-0.2695790804079847,0.0687241601720534,0.0623031931351496,1.1342037091917545,1.1640035130105726,04/24,3601.0,Karihobanahalli Lake,"E (Irrigation, industrial cooling and controlled waste)",0.3,7.2,3260.0,22.0,10.7,14.0,240.0,3.0,924.0,5.0,924.0,512.0,180.0,1.5,15.82,888.0,452.0,436.0,50.0,313.0,2218.0,20.0,0.2,0.5,41.0,0.41,42.0,4.6,0.05,2024.0
Karihobanahalli Lake,KRH,2024-05-02,13.005,77.52,0.138053214336009,0.1665037811962382,0.1879184164737432,0.2120346641318124,0.2337053231939162,0.2557321081537811,0.2468150295732995,0.2834815871004083,0.2627308160822419,-0.19597420972399,-0.2626385036778126,0.0636284662315823,0.0601717571619866,1.1293064322090247,1.1447512241941336,05/24,3601.0,Karihobanahalli Lake,"E (Irrigation, industrial cooling and controlled waste)",0.3,6.5,1105.0,45.0,4.4,17000.0,110000.0,3.0,228.0,5.0,228.0,132.0,272.0,26.0,20.0,236.0,124.0,112.0,19.0,98.0,740.0,10.0,2.14,0.5,9.0,0.32,46.0,3.0,5.66,2024.0
Karihobanahalli Lake,KRH,2024-06-01,13.005,77.52,0.1483509505703422,0.1738807138036152,0.1859466553866494,0.211202555978031,0.2464122870018305,0.2724651387128573,0.2630721553302352,0.2740453069990142,0.2461064075482326,-0.2052606557849315,-0.226399962956407,0.0676324855049853,0.0327518400369281,1.0686801413174285,1.1554696603212715,06/24,3601.0,Karihobanahalli Lake,"D (Propagation of wild life,fisheries)",2.2,6.5,640.0,17.0,2.2,2100.0,4800.0,3.0,84.0,5.0,84.0,64.0,128.0,4.2,3.1,200.0,108.0,92.0,54.0,52.0,424.0,22.0,1.1,0.5,12.0,3.0,34.0,0.91,3.0,2024.0
Karihobanahalli Lake,KRH,2024-09-19,13.005,77.52,0.1543505245740036,0.1796002748872574,0.1886797631585674,0.2145411491339247,0.2461989860583015,0.2665391916631461,0.2624456273764259,0.2774797950992818,0.2549535804816222,-0.1909913914517963,-0.2203992590784485,0.0708026476012077,0.0242829739353599,1.052977277415439,1.1685848382569588,09/24,3601.0,Karihobanahalli Lake,"E (Irrigation, industrial cooling and controlled waste)",0.3,6.6,1744.0,28.0,6.2,3100.0,11000.0,3.0,300.0,5.0,300.0,328.0,190.0,25.0,15.0,16.0,12.0,5.0,61.0,186.0,1186.0,52.0,1.4,0.5,36.0,0.26,85.0,20.0,2.0,2024.0
Karihobanahalli Lake,KRH,2024-12-08,13.005,77.52,0.1072850408393183,0.1223300175428906,0.1266339565932209,0.1469102802422194,0.1726620757639769,0.1902230460498521,0.1854959723982537,0.1929666490635121,0.1703022109562034,-0.2100561571609521,-0.232790858535786,0.0852302439012587,0.0141609479642741,1.031030527761196,1.2160660046456775,12/24,3601.0,Karihobanahalli Lake,"D (Propagation of wild life,fisheries)",4.4,7.3,402.0,8.0,1.4,260.0,4300.0,3.0,92.0,5.0,92.0,32.0,88.0,1.5,0.91,120.0,68.0,52.0,10.0,23.0,264.0,12.0,0.95,0.5,9.0,0.2,27.0,0.91,2.6,2024.0
Karihobanahalli Lake,KRH,2025-11-10,13.005,77.52,,,,,,,,,,,,,,,,11/25,3601.0,Karihobanahalli Lake,E,2.7,6.8,898.0,19.0,3.4,592.463768115942,11000.0,36.394366197183096,92.0,20.0,92.0,148.0,136.0,17.0,13.0,220.0,112.0,108.0,136.0,94.0,620.0,130.0,1.280909090909091,0.5,9.0,0.93,47.0,2.7,0.19,2025.0
Kasavanahalli Lake,KSV,2023-08-16,12.9408,77.7311,0.1765840199598369,0.206666548402414,0.2283507701466757,0.2614583642670236,0.3102220105884501,0.339343960323739,0.3192680886022028,0.3354009979918458,0.2573265015517555,-0.2140912123300625,-0.2391759636432198,0.069805662164649,0.0490923825437034,1.104884561086188,1.1538069374610835,08/23,4529.0,KASAVANAHALLI LAKE,"D (Propagation of wild life,fisheries)",4.6,7.5,630.0,8.0,2.9,4800.0,92000.0,4.361904761904762,156.0,5.0,156.0,128.0,74.0,4.364761904761905,0.79,156.0,84.0,72.0,5.0,92.0,432.0,17.885714285714286,0.2,0.5,16.0,0.25,41.0,1.9277142857142853,0.4976190476190476,2023.0
Kasavanahalli Lake,KSV,2023-10-10,12.9408,77.7311,0.0895002709740991,0.123872856769201,0.1467637985926132,0.1765206010698196,0.2192164414414414,0.2339358776745494,0.2335415998029278,0.2193834283502251,0.1485710128096846,-0.2907000814421983,-0.2755777189972364,0.1048958285740991,0.0762476086630055,1.173939577617001,1.2631443794093298,10/23,4529.0,KASAVANAHALLI LAKE,"D (Propagation of wild life,fisheries)",5.8,8.0,728.0,5.0,3.0,4900.0,24000.0,3.0,144.0,5.0,144.0,128.0,60.0,10.088577586206895,0.4,108.0,60.0,48.0,6.0,86.0,492.0,77.09170305676855,0.2,0.5,56.0,0.32,51.0,4.0,0.38,2023.0
Kasavanahalli Lake,KSV,2024-03-03,12.9408,77.7311,0.1555148015202703,0.2026814675652883,0.254043315046966,0.2826923317849097,0.2942124753659911,0.3088064963400901,0.3074747782939188,0.3848639146959459,0.3239415998029276,-0.2060969927725409,-0.3111293787500168,0.0565299515809828,0.11231604134148,1.2555045837110563,1.1275232087957934,03/24,4529.0,Kasavanahalli Lake,"D (Propagation of wild life,fisheries)",6.0,7.7,986.0,5.0,4.0,220.0,2400.0,3.0,120.0,5.0,120.0,184.0,48.0,1.5,0.46,148.0,80.0,68.0,34.0,118.0,680.0,10.0,0.2,0.5,30.0,0.27,58.0,4.0,0.21,2024.0
Kasavanahalli Lake,KSV,2024-06-01,12.9408,77.7311,0.1605758164414414,0.1951150348040837,0.2298800545804378,0.2556699465090086,0.2889904279279278,0.3156776745495497,0.3099887246621621,0.3768067426801803,0.3173611064189188,-0.2281889790240014,-0.319262963425479,0.056204909618965,0.0807221144328662,1.1772086639689774,1.1248998873623222,06/24,4529.0,Kasavanahalli Lake,"D (Propagation of wild life,fisheries)",6.1,7.3,1102.0,5.0,3.83,21.0,1600.0,3.0,84.0,5.0,84.0,204.0,52.0,1.5,0.4,120.0,68.0,52.0,10.0,144.0,724.0,44.0,0.21,0.5,28.0,0.54,67.0,6.0,0.58,2024.0
Kasavanahalli Lake,KSV,2024-09-19,12.9408,77.7311,0.1442995460304054,0.183960920228069,0.2205886928881686,0.2557040857263513,0.303274831081081,0.3294691406249999,0.3214379258164413,0.3706769812781534,0.315089871903153,-0.2760330244431737,-0.3459535817769066,0.0865451116429518,0.0875337868944201,1.1969326486562288,1.2216035451277254,09/24,4529.0,Kasavanahalli Lake,"D (Propagation of wild life,fisheries)",5.0,7.2,900.0,4.0,2.2,1500.0,4800.0,3.0,156.0,5.0,156.0,176.0,36.0,1.5,0.85,236.0,124.0,112.0,31.0,92.0,624.0,38.0,2.3,0.5,21.0,0.33,43.0,2.6,0.5,2024.0
Kasavanahalli Lake,KSV,2025-04-02,12.9408,77.7311,,,,,,,,,,,,,,,,04/25,4529.0,Kasavanahalli Lake,"D (Propagation of wild life,fisheries)",6.0,7.3,1033.0,6.0,3.6,230.0,3500.0,3.0,388.0,5.0,388.0,120.0,64.0,1.5,0.4,336.0,172.0,164.0,20.0,74.0,712.0,10.0,0.75,0.5,6.0,0.3,34.0,1.96,2.3,2025.0
Kasavanahalli Lake,KSV,2025-05-02,12.9408,77.7311,,,,,,,,,,,,,,,,05/25,4529.0,Kasavanahalli Lake,D,6.2,7.0,769.0,7.0,3.0,260.0,1500.0,3.0,176.0,5.0,176.0,108.0,66.0,1.5,0.4,136.0,76.0,60.0,8.4,123.0,524.0,14.0,0.3,0.5,14.0,0.22,63.0,4.6,0.9,2025.0
Kasavanahalli Lake,KSV,2025-06-01,12.9408,77.7311,,,,,,,,,,,,,,,,06/25,4529.0,Kasavanahalli Lake,D,6.0,7.6,812.0,5.0,3.1,110.0,2400.0,3.0,128.0,5.0,128.0,136.0,58.0,1.5,0.4,136.0,72.0,64.0,20.0,89.0,550.0,10.0,0.2,0.5,2.0,0.28,58.0,3.4,0.05,2025.0
Kasavanahalli Lake,KSV,2025-11-10,12.9408,77.7311,0.1290970122466215,0.1540023124640961,0.1707452213394807,0.2013809931024774,0.2499881545608108,0.2685115920608109,0.268197314893018,0.2822029596002253,0.2242321262668917,-0.269830938584289,-0.3031312756882405,0.0928858221879725,0.0488875771422427,1.106866453851003,1.2270837957758067,11/25,4529.0,Kasavanahalli Lake,D,6.1,7.9,671.0,4.0,2.7,2854.7826086956525,2100.0,15.0,148.0,20.0,148.0,116.0,40.0,22.666666666666664,0.4,152.0,80.0,72.0,24.0,51.0,470.0,65.0,0.755,0.5,4.0,0.28,41.0,1.79,2.04,2025.0
Kodi Singasandra Lake,KSG,2023-08-16,12.8999,77.626,,,,,,,,,,,,,,,,08/23,4543.0,KODI SINGASANDRA LAKE,"D (Propagation of
wild life,fisheries)",6.1,7.7,1012.0,4.0,4.0,330.0,16000.0,5.6,184.0,5.0,184.0,138.0,44.0,4.0600000000000005,0.4,200.0,108.0,92.0,9.0,138.0,682.0,19.6,0.91,0.5,23.0,0.33,41.0,1.862,0.45,2023.0
Kodi Singasandra Lake,KSG,2023-10-10,12.8999,77.626,0.0572773264817682,0.0810305754762018,0.0828842603321974,0.1213825109108826,0.2137991412079404,0.2449510664507955,0.248610805293538,0.2222830318175418,0.1599585527242009,-0.4969551986881238,-0.4761664358400855,0.2197309009424955,-0.0094558895287134,0.9990562304081596,1.6986876048168411,10/23,4543.0,KODI SINGASANDRA LAKE,"D (Propagation of wild life,fisheries)",5.4,7.7,589.0,6.0,2.0,2300.0,24000.0,3.0,112.0,5.0,112.0,84.0,56.0,9.971551724137932,0.4,112.0,64.0,48.0,27.0,73.0,396.0,79.24017467248908,0.31,0.5,18.0,0.31,42.0,3.0,0.9,2023.0
Kodi Singasandra Lake,KSG,2023-12-24,12.8999,77.626,0.0711409580458961,0.0914435520163454,0.099261298497443,0.12692234619175,0.1939582605941149,0.2238464698014923,0.2255100133746303,0.220583538645643,0.1802136421230465,-0.4231450796781366,-0.4258965158928207,0.1431174874101974,0.0337840256210354,1.079410555948664,1.4014266720182424,12/23,4543.0,KODI SINGASANDRA LAKE,"E (Irrigation, industrial cooling and controlled waste)",2.8,7.1,500.0,8.0,2.1,940.0,9200.0,3.0,96.0,5.0,96.0,88.0,77.0,2.4,1.8,68.0,40.0,28.0,25.0,62.0,360.0,10.0,0.23,0.5,18.0,0.24,59.0,3.3,0.5,2023.0
Kodi Singasandra Lake,KSG,2024-03-03,12.8999,77.626,0.1063003308461214,0.1315540266257997,0.1461612664831283,0.1784900218217653,0.2356029388990566,0.2624480782767843,0.2654256687315219,0.2684278227509504,0.2246595100661692,-0.3400289539916078,-0.34984939783142,0.1125468818759591,0.0476284458206578,1.1053406522896547,1.2881096901419335,03/24,4543.0,Kodi Singasandra Lake,"D (Propagation of wild life,fisheries)",4.2,7.28,1014.0,5.0,2.5,2400.0,4800.0,3.0,180.0,5.0,180.0,224.0,55.0,1.5,0.4,236.0,124.0,112.0,52.0,96.0,670.0,16.0,0.2,0.5,6.0,0.47,46.0,3.0,0.05,2024.0
Kodi Singasandra Lake,KSG,2024-09-19,12.8999,77.626,0.1011014395325918,0.1222021215954958,0.1291401980166296,0.1641536569055328,0.2485871849922568,0.2877207412360973,0.2868266929466422,0.274360404054625,0.2319208749824014,-0.4042263363261368,-0.3945007604434171,0.1401863295983479,0.0186812880323243,1.0445911450457586,1.392701672027625,09/24,4543.0,Kodi Singasandra Lake,"D (Propagation of wild life,fisheries)",4.4,7.4,966.0,8.0,3.1,33.0,1600.0,3.0,212.0,5.0,212.0,104.0,72.0,1.5,0.89,268.0,140.0,128.0,73.0,182.0,654.0,60.0,0.64,0.5,14.0,0.26,58.0,5.0,1.7,2024.0
Kodi Singasandra Lake,KSG,2024-12-08,12.8999,77.626,0.0828933584400957,0.0951256582287405,0.0980256128568198,0.1253018442911445,0.1918130578628749,0.22267688300718,0.2233739933830774,0.2199083485851051,0.1839338061382514,-0.4065193104704761,-0.4106512937776753,0.148225239279251,0.0021551711198737,1.0101830486149723,1.4108463195303889,12/24,4543.0,Kodi Singasandra Lake,"D (Propagation of wild life,fisheries)",4.8,6.8,589.0,4.0,2.2,430.0,2200.0,3.0,256.0,5.0,256.0,64.0,37.0,1.5,0.4,304.0,156.0,148.0,45.0,71.0,400.0,10.0,0.9,0.5,5.0,0.31,33.0,1.7,3.4,2024.0
Kodi Singasandra Lake,KSG,2025-01-07,12.8999,77.626,0.0912183584400956,0.1052012176687029,0.1093452870329194,0.1355574721948472,0.1976626284668449,0.2269692911445868,0.2308641982261015,0.2251954983809657,0.1876969167957202,-0.3743122107943958,-0.3717990187387142,0.1220009604476071,0.011100957012015,1.0270858804773644,1.311346864088508,01/25,4543.0,Kodi Singasandra Lake,"D (Propagation of wild life,fisheries)",5.8,7.2,1161.0,13.0,4.0,140.0,3500.0,3.0,212.0,5.0,212.0,216.0,123.0,1.5,0.4,208.0,104.0,104.0,44.0,163.0,808.0,10.0,0.2,0.5,30.0,0.23,59.0,5.0,0.2,2025.0
Kodi Singasandra Lake,KSG,2025-02-01,12.8999,77.626,0.1136042517246233,0.1287844431226385,0.1333527978628718,0.1632252498944108,0.2164957940306912,0.2395185062649583,0.2407769569196113,0.2516413804026466,0.2028369491764042,-0.3038549510939871,-0.328710123285267,0.1135811337444556,0.0109387077512108,1.0260918412536602,1.283992779863448,02/25,4543.0,Kodi Singasandra Lake,"D (Propagation of wild life,fisheries)",5.6,7.7,945.0,5.0,3.63,210.0,3500.0,3.0,248.0,5.0,248.0,116.0,56.0,1.5,0.4,192.0,110.0,82.0,10.0,99.0,650.0,56.0,0.32,0.5,27.0,0.2,49.0,3.1,0.75,2025.0
Kodi Singasandra Lake,KSG,2025-03-08,12.8999,77.626,0.0967022455300577,0.1178348198054219,0.1318463995063072,0.1609462445445585,0.2182454139096157,0.2481880789807121,0.2557374208081092,0.2640435203435171,0.22490864775447,-0.3722732083588241,-0.3910899996952486,0.1139091436052653,0.0488776204199789,1.1076988203357734,1.2914048640673943,03/25,4543.0,Kodi Singasandra Lake,"D (Propagation of wild life,fisheries)",5.4,6.7,572.0,6.0,1.9,270.0,1400.0,3.0,156.0,5.0,156.0,96.0,56.0,1.5,0.45,168.0,92.0,76.0,5.564102564102564,84.0,386.0,10.0,0.2,0.5,18.0,0.47,49.0,3.0,0.05,2025.0
Kodi Singasandra Lake,KSG,2025-04-02,12.8999,77.626,,,,,,,,,,,,,,,,04/25,4543.0,Kodi Singasandra Lake,"E (Irrigation, industrial cooling and controlled waste)",1.1,8.1,1024.0,38.0,3.93,200.0,2800.0,3.0,160.0,5.0,160.0,164.0,259.0,3.35,2.2,128.0,78.0,50.0,68.0,99.5,702.0,10.0,0.22,0.5,25.0,0.2,57.0,3.84,0.52,2025.0
Kodi Singasandra Lake,KSG,2025-05-02,12.8999,77.626,0.2394972476418415,0.2181425595197915,0.2038765525612909,0.2112062649584681,0.2367500563142334,0.2543308813177532,0.2517068597775587,0.2657183162044203,0.2148644586794311,-0.0656741302448943,-0.0873085207168036,0.0192829965762972,-0.0366066137047413,0.9308543005447508,1.0434074032443137,05/25,4543.0,Kodi Singasandra Lake,E,0.3,7.7,1397.0,11.0,5.36,310.0,4300.0,3.0,240.0,5.0,240.0,352.0,117.0,1.69,1.3,252.0,144.0,108.0,10.0,197.0,960.0,20.0,0.2,0.5,42.0,0.69,48.0,5.38,0.42,2025.0
Kodi Singasandra Lake,KSG,2025-06-01,12.8999,77.626,,,,,,,,,,,,,,,,06/25,4543.0,Kodi Singasandra Lake,E,0.3,7.7,1589.0,12.0,6.1,1100.0,13000.0,3.0,188.0,5.0,188.0,336.0,120.0,1.7,0.4,228.0,124.0,104.0,71.0,257.0,1074.0,18.0,0.2,0.5,4.0,0.66,71.0,7.41,0.05,2025.0
Kodi Singasandra Lake,KSG,2025-11-10,12.8999,77.626,,,,,,,,,,,,,,,,11/25,4543.0,Kodi Singasandra Lake,D,6.4,7.0,328.0,5.0,1.3,3274.9275362318845,4300.0,28.0,60.0,20.0,60.0,44.0,52.0,5.175000000000001,0.4,88.0,48.0,40.0,13.0,31.0,222.0,28.0,0.488,0.5,6.0,0.24,41.0,1.43,0.298,2025.0
Kothanuru Lake,KTH,2023-08-16,13.0121,77.6744,0.1725960437858575,0.1933650841207368,0.2100945094264714,0.2312141142515223,0.2442254830875366,0.2625919115835415,0.2536461335398262,0.2871323747844142,0.2671153320896836,-0.1365758372270676,-0.199959985806776,0.0544461410367828,0.0387876361330916,1.083813828942645,1.1284221675107435,08/23,4544.0,KOTHANURU LAKE,"D (Propagation of wild life,fisheries)",4.3,7.1,379.0,5.0,2.0,21.0,540.0,7.704761904761905,116.0,5.0,116.0,48.0,48.0,3.541904761904762,0.73,104.0,56.0,48.0,11.0,36.0,264.0,22.514285714285712,0.23,0.5,12.0,0.2,41.0,1.7502857142857142,0.369047619047619,2023.0
Kothanuru Lake,KTH,2023-10-10,13.0121,77.6744,0.1097205061419872,0.1340620853931245,0.1512629970254393,0.1727801520537819,0.1881670585336664,0.1987323290274895,0.1937467283798529,0.2180747632959065,0.1844984090669106,-0.1768892177481234,-0.2429614182570106,0.0755983739208367,0.0559195869717801,1.1245054960733736,1.1863532322591153,10/23,4544.0,KOTHANURU LAKE,"E (Irrigation, industrial cooling and controlled waste)",3.1,6.8,561.0,12.0,2.0,7900.0,54000.0,3.0,92.0,5.0,92.0,84.0,116.0,10.322629310344828,2.5,104.0,56.0,48.0,17.0,48.0,380.0,72.7947598253275,0.5,0.5,4.0,0.32,48.0,2.0,1.54,2023.0
Kothanuru Lake,KTH,2023-12-24,13.0121,77.6744,0.1514667859847181,0.1637515120160566,0.1744251395965169,0.1889916844496455,0.1967045914504027,0.2120698561299649,0.213053225029256,0.219799346045295,0.1998749638603979,-0.1320897596783547,-0.1480392050426361,0.0422567725520539,0.0306927771639927,1.0650584484215262,1.09500564375835,12/23,4544.0,KOTHANURU LAKE,"D (Propagation of wild life,fisheries)",5.1,7.1,422.0,7.0,2.0,3400.0,54000.0,3.0,104.0,5.0,104.0,52.0,64.0,1.5,0.68,96.0,52.0,44.0,8.0,41.0,290.0,12.0,0.2,0.5,19.0,0.3,43.0,2.0,0.05,2023.0
Kothanuru Lake,KTH,2024-03-03,13.0121,77.6744,0.1310705782971384,0.154150505582232,0.1757018340246121,0.1955048009573757,0.2008482313188553,0.2120518601949949,0.2067572806307416,0.2446475203266338,0.2266905670338952,-0.1470924279545442,-0.2301426420521481,0.0569598605959314,0.0641566066677212,1.1400799667278625,1.1316105652324835,03/24,4544.0,Kothanuru Lake,"D (Propagation of wild life,fisheries)",4.3,7.6,457.0,7.0,3.05,2700.0,11000.0,3.0,136.0,5.0,136.0,44.0,63.0,1.5,0.9,204.0,108.0,96.0,17.0,39.0,320.0,16.0,0.2,0.5,4.0,0.3,29.0,1.1,0.05,2024.0
Kothanuru Lake,KTH,2024-04-02,13.0121,77.6744,0.1360584210341065,0.160609446869823,0.1868471466268403,0.2081958853965014,0.2166317377072261,0.2293474288127838,0.224773066769913,0.2726132976663968,0.2565258702615185,-0.1674627985255796,-0.2605332802461198,0.0565788872123847,0.0744799420118135,1.1631637607029977,1.1268034323955258,04/24,4544.0,Kothanuru Lake,"D (Propagation of wild life,fisheries)",4.8,7.5,394.0,7.0,0.8,1400.0,7900.0,3.0,152.0,5.0,152.0,44.0,88.0,1.5,0.4,168.0,88.0,80.0,8.0,40.0,270.0,10.0,0.2,0.5,5.0,0.2,33.0,1.3,0.05,2024.0
Kothanuru Lake,KTH,2024-05-02,13.0121,77.6744,0.1423983879483298,0.1729674916608877,0.2009580550772168,0.2208357080004224,0.2272228080672979,0.2427982893949524,0.2332880715215937,0.2862213579247473,0.2685177290486077,-0.1501829348936723,-0.2489616956374748,0.0504065289331787,0.0743599236061403,1.163399524794918,1.113027378765875,05/24,4544.0,Kothanuru Lake,"E (Irrigation, industrial cooling and controlled waste)",2.0,7.8,988.0,28.0,7.1,2200.0,11000.0,3.0,164.0,5.0,164.0,360.0,190.0,12.1,9.8,188.0,100.0,88.0,59.0,212.0,878.0,50.0,0.3,0.5,34.0,0.35,67.0,0.21,0.6,2024.0
Kothanuru Lake,KTH,2024-06-01,13.0121,77.6744,,,,,,,,,,,,,,,,06/24,4544.0,Kothanuru Lake,"E (Irrigation, industrial cooling and controlled waste)",2.6,6.8,1039.0,22.0,3.7,3200.0,22000.0,3.0,84.0,5.0,84.0,184.0,149.0,2.0,1.6,132.0,72.0,60.0,43.0,99.0,708.0,34.0,0.2,0.5,28.0,0.34,56.0,3.8,0.5,2024.0
Kothanuru Lake,KTH,2024-09-19,13.0121,77.6744,0.1542792193164618,0.1814154163254721,0.2040614266791513,0.2274417584738305,0.2337667030375558,0.2484650945056491,0.2410109746225054,0.2795809369610363,0.2621468304529935,-0.1442529130424959,-0.2173416306072439,0.0590471605218526,0.0585576037176072,1.1274143118105335,1.1373998948990978,09/24,4544.0,Kothanuru Lake,"D (Propagation of wild life,fisheries)",4.1,8.1,418.0,5.0,1.6,17.0,1600.0,3.0,104.0,5.0,104.0,68.0,48.0,1.5,0.4,112.0,60.0,52.0,17.0,40.0,284.0,16.0,0.2,0.5,8.0,0.26,41.0,2.0,0.05,2024.0
Kothanuru Lake,KTH,2024-12-08,13.0121,77.6744,0.1133446728379853,0.1311999962325437,0.1451628738606807,0.1647073563056564,0.1726960754637286,0.1844931681391011,0.1781788708598781,0.208762862975608,0.1907261131251978,-0.1577753670000174,-0.2368935426228144,0.0709026014916957,0.0513043492822984,1.1119582645542327,1.1761284566534995,12/24,4544.0,Kothanuru Lake,"D (Propagation of wild life,fisheries)",6.6,7.7,515.0,4.0,2.0,170.0,2400.0,3.0,116.0,5.0,116.0,84.0,48.0,1.5,0.42,136.0,72.0,64.0,21.0,50.0,348.0,10.0,0.2,0.5,10.0,0.2,42.0,2.0,0.44,2024.0
Kothanuru Lake,KTH,2025-01-07,13.0121,77.6744,0.1173737566435536,0.1351940585677628,0.149502023287467,0.1660011967195805,0.171707757558692,0.1805315194818908,0.1786858892682411,0.2058445707648445,0.1876925592200204,-0.1402763531436121,-0.2116541476165056,0.057267157241407,0.0496178621767835,1.107208368484324,1.1336747696298703,01/25,4544.0,Kothanuru Lake,"D (Propagation of wild life,fisheries)",6.8,7.4,399.0,5.0,1.5,17.0,920.0,3.0,148.0,5.0,148.0,44.0,46.0,1.5,0.4,100.0,56.0,44.0,11.0,41.0,272.0,12.0,0.2,0.5,10.0,0.2,44.0,1.8,0.3,2025.0
Kothanuru Lake,KTH,2025-02-01,13.0121,77.6744,,,,,,,,,,,,,,,,02/25,4544.0,Kothanuru Lake,"D (Propagation of wild life,fisheries)",4.4,7.2,825.0,6.0,3.17,220.0,1500.0,3.0,180.0,5.0,180.0,100.0,72.0,1.5,0.4,136.0,86.0,50.0,10.0,89.0,564.0,42.0,0.2,0.5,16.0,0.2,55.0,3.3,0.26,2025.0
Kothanuru Lake,KTH,2025-03-08,13.0121,77.6744,0.1283128048995107,0.1527915245512023,0.1776384010044012,0.1952000703952694,0.1993192883038259,0.2094591953820702,0.213468800816585,0.2493625145190243,0.2333495089929956,-0.1679203259940424,-0.2436791642754174,0.0513025092028096,0.0749810905753149,1.1640965669979155,1.1172068116595164,03/25,4544.0,Kothanuru Lake,"D (Propagation of wild life,fisheries)",6.0,7.0,685.0,4.0,2.3,310.0,1700.0,3.0,176.0,5.0,176.0,104.0,48.0,1.5,0.52,160.0,88.0,72.0,5.538461538461538,105.0,464.0,18.0,0.2,0.5,24.0,0.36,49.0,4.0,0.05,2025.0
Kothanuru Lake,KTH,2025-04-02,13.0121,77.6744,,,,,,,,,,,,,,,,04/25,4544.0,Kothanuru Lake,"D (Propagation of wild life,fisheries)",5.9,7.0,1314.0,6.0,5.3,120.0,1600.0,3.0,136.0,5.0,136.0,272.0,64.0,1.5,0.4,160.0,84.0,76.0,58.0,119.0,898.0,10.0,0.2,0.5,9.0,0.5,60.0,4.1,0.49,2025.0
Kothanuru Lake,KTH,2025-05-02,13.0121,77.6744,0.2074441301272984,0.2321326344706303,0.2491382646097668,0.2687246339691884,0.2918612829236592,0.3054057341641499,0.2751975190183109,0.3068986620283648,0.2561027218165833,-0.0878449009506628,-0.143631015362191,0.0397360948431593,0.0369129460706525,1.0788733899630616,1.0869193551311052,05/25,4544.0,Kothanuru Lake,D,4.8,7.5,677.0,8.0,2.6,230.0,2200.0,3.0,152.0,5.0,152.0,112.0,82.0,1.5,0.8,80.0,48.0,32.0,17.0,90.0,460.0,48.0,0.2,0.5,20.0,0.5,65.0,4.4,0.39,2025.0
Kothanuru Lake,KTH,2025-06-01,13.0121,77.6744,,,,,,,,,,,,,,,,06/25,4544.0,Kothanuru Lake,D,5.8,8.2,426.0,5.0,1.64,140.0,2400.0,3.0,100.0,5.0,100.0,44.0,48.0,1.5,0.4,100.0,56.0,44.0,24.0,52.0,284.0,18.0,0.2,0.5,2.0,0.45,52.0,2.28,0.05,2025.0
Kothanuru Lake,KTH,2025-11-10,13.0121,77.6744,0.1356357150399493,0.1548150224825349,0.1683281974734619,0.1889540178100031,0.1969525571081623,0.2041302946042025,0.2006973742564498,0.2291610608567104,0.2034572067157085,-0.1309599083403522,-0.1981464509187917,0.0624577059111775,0.0410686560520999,1.0876932058291295,1.1417818374030284,11/25,4544.0,Kothanuru Lake,D,6.0,7.3,328.0,5.0,1.32,3307.2463768115945,3500.0,29.0,92.0,20.0,92.0,44.0,48.0,5.75,0.4,64.0,36.0,28.0,9.0,26.0,222.0,27.0,0.492,0.5,9.0,0.22,47.0,1.41,0.294,2025.0
Kundalahalli Lake,KND,2023-08-16,12.9766,77.7004,0.1209968182458116,0.1514624245404487,0.1708422283372286,0.2085544382655215,0.2855400640574404,0.3120590806701391,0.3013681015064055,0.2701195410389977,0.2168940236519779,-0.3447781236767169,-0.2989335055990561,0.1226707297140793,0.0557816780267734,1.1291018294094652,1.335334719567729,08/23,4516.0,KUNDALAHALLI LAKE,"D (Propagation of wild life,fisheries)",4.8,7.0,1465.0,9.0,3.8,480.0,16000.0,12.16190476190476,280.0,5.0,280.0,268.0,116.0,2.444761904761905,0.4,412.0,212.0,200.0,18.0,143.0,998.0,28.685714285714283,1.45,0.5,19.0,0.25,41.0,1.5137142857142858,0.1976190476190476,2023.0
Kundalahalli Lake,KND,2023-10-10,12.9766,77.7004,0.0889508235956638,0.1159680628605993,0.1326537096755444,0.1698538892017458,0.233540641278333,0.2510055927073067,0.2460461002393356,0.2223410671547231,0.1615043080388567,-0.3701077355864001,-0.3301792586466059,0.1481758975602732,0.0571195261698753,1.136279316639284,1.4199079554605551,10/23,4516.0,KUNDALAHALLI LAKE,"D (Propagation of wild life,fisheries)",4.9,7.8,1256.0,8.0,5.0,7000.0,160000.0,3.0,232.0,5.0,232.0,276.0,84.0,7.982112068965517,0.91,312.0,160.0,152.0,21.0,107.0,866.0,115.764192139738,0.41,0.5,15.0,0.2,41.0,3.0,0.98,2023.0
Kundalahalli Lake,KND,2023-12-24,12.9766,77.7004,0.0863469660706743,0.105333243684213,0.1213666129154252,0.1462016999859215,0.1907124313670279,0.208506736590173,0.2052946501478247,0.1980096473321131,0.1585999507250456,-0.3402340008782538,-0.3262069324758413,0.1183156941329607,0.0689172266490732,1.161971912814987,1.3357999370575928,12/23,4516.0,KUNDALAHALLI LAKE,"D (Propagation of wild life,fisheries)",5.6,8.2,537.0,6.0,2.0,470.0,16000.0,3.0,116.0,5.0,116.0,44.0,52.0,1.5,0.68,112.0,60.0,52.0,21.0,44.0,364.0,10.0,0.2,0.5,3.0,0.2,44.0,1.8,0.05,2023.0
Kundalahalli Lake,KND,2024-03-03,12.9766,77.7004,0.0991282063916654,0.1250588242124541,0.1491656162588949,0.17895916162185,0.215786421230466,0.2348208327467267,0.2311549310150639,0.2401673095874981,0.2007515240039421,-0.3106271723496558,-0.3298061843224665,0.1079632279210724,0.0876878295671004,1.198584396723751,1.284737062608384,03/24,4516.0,Kundalahalli Lake,"D (Propagation of wild life,fisheries)",4.6,8.5,1581.0,8.0,5.5,320.0,3500.0,48.0,156.0,24.0,204.0,364.0,92.0,1.5,0.4,296.0,156.0,140.0,44.0,201.0,1046.0,98.0,0.95,0.5,22.0,0.2,57.0,5.0,2.8,2024.0
Kundalahalli Lake,KND,2024-04-02,12.9766,77.7004,0.121926566239617,0.1467274321298498,0.1724461767461671,0.2037723180346332,0.2449792270871464,0.2653339680416722,0.2609885224553003,0.2754689110235112,0.2286889272138533,-0.2860507440927975,-0.3123470178736714,0.0914051799520564,0.0799702310695881,1.1772374781152568,1.2195767833815208,04/24,4516.0,Kundalahalli Lake,"E (Irrigation, industrial cooling and controlled waste)",1.4,8.2,1822.0,27.0,6.3,210.0,3500.0,3.0,216.0,5.0,216.0,464.0,184.0,19.0,12.0,364.0,188.0,176.0,56.0,255.0,1206.0,108.0,1.0,0.5,22.0,0.2,58.0,6.0,2.8,2024.0
Kundalahalli Lake,KND,2024-05-02,12.9766,77.7004,0.1120235323102914,0.138415300190411,0.1601737116565884,0.1906185836970291,0.2340395079543855,0.2554195445586372,0.2479660882725608,0.2593783225397719,0.2158433619597352,-0.2901855778827854,-0.3121270536862637,0.0981627009521399,0.0705846587269022,1.1567618165189189,1.245074327781402,05/24,4516.0,Kundalahalli Lake,"E (Irrigation, industrial cooling and controlled waste)",3.2,8.7,1968.0,41.0,6.8,200.0,2800.0,16.0,220.0,8.0,236.0,420.0,248.0,2.6,1.9,384.0,200.0,184.0,19.0,244.0,1300.0,12.0,0.57,0.5,25.0,0.2,50.0,5.0,1.53,2024.0
Kundalahalli Lake,KND,2024-06-01,12.9766,77.7004,0.2581093300515345,0.237689301058674,0.220225429641046,0.2365411045304207,0.2740551803707407,0.2909688562418274,0.3262029843858166,0.2613087993231291,0.1925145065764173,-0.1608660354584643,-0.0515489034596332,0.0385610714439731,-0.0383958825063233,0.9300744625812024,1.084712074918016,06/24,4516.0,Kundalahalli Lake,"D (Propagation of wild life,fisheries)",4.1,8.0,1612.0,15.0,5.5,92000.0,460000.0,3.0,200.0,5.0,200.0,348.0,147.0,1.5,0.99,364.0,188.0,176.0,25.0,156.0,1092.0,52.0,0.71,0.5,20.0,0.2,46.0,3.6,1.94,2024.0
Kundalahalli Lake,KND,2024-09-19,12.9766,77.7004,0.1114689567788258,0.1411295293797686,0.157963152718904,0.1946469238349993,0.2670238631564126,0.2961582077995211,0.2879264676897085,0.2533247395466704,0.2013624032099112,-0.3565471475476748,-0.3033983978096714,0.1278907838711154,0.0524061749554676,1.1199518973779323,1.3528311222880172,09/24,4516.0,Kundalahalli Lake,"D (Propagation of wild life,fisheries)",4.8,8.5,1452.0,17.0,7.0,940.0,16000.0,32.0,108.0,16.0,124.0,376.0,128.0,2.34,1.8,412.0,212.0,200.0,38.0,192.0,988.0,106.0,2.2,0.5,28.0,0.3,80.0,4.1,4.6,2024.0
Kundalahalli Lake,KND,2024-12-08,12.9766,77.7004,0.0895086759115866,0.1094736907561404,0.1227195762178078,0.1496579790229481,0.2082597036463465,0.2293705089398845,0.2238666267774179,0.1979296212867802,0.1536053568914543,-0.3607528007504887,-0.3103230503613922,0.1292890794354961,0.0508727872365669,1.1191645235474237,1.3799857580744377,12/24,4516.0,Kundalahalli Lake,"E (Irrigation, industrial cooling and controlled waste)",3.0,7.5,1463.0,20.0,5.1,45.0,230.0,3.0,192.0,5.0,192.0,308.0,148.0,2.7,2.1,320.0,168.0,152.0,31.0,155.0,962.0,10.0,2.3,0.5,30.0,0.2,48.0,3.8,6.7,2024.0
Kundalahalli Lake,KND,2025-01-07,12.9766,77.7004,0.0826582113191609,0.1027242542498467,0.1191583869557376,0.146257859355202,0.1975710122483458,0.2159280374489652,0.2163808672391945,0.1964228635787694,0.1549276714064479,-0.3775593225508871,-0.3390606868206683,0.1317058715086081,0.0729779384206653,1.1694195540093086,1.3867158739722842,01/25,4516.0,Kundalahalli Lake,"D (Propagation of wild life,fisheries)",5.9,7.4,1314.0,8.0,5.0,310.0,3500.0,3.0,252.0,5.0,252.0,228.0,86.0,7.5,5.8,280.0,148.0,132.0,19.0,139.0,894.0,10.0,1.5,0.5,12.0,0.2,51.0,3.6,3.5,2025.0
Kundalahalli Lake,KND,2025-02-01,12.9766,77.7004,0.1067787941714767,0.1319667076306239,0.1507626247485934,0.1853959524144727,0.234733689990145,0.245548817401098,0.2428211143178938,0.2284162501759819,0.1713729726875968,-0.3095798545295349,-0.2838003811377139,0.1220318383198853,0.0647736317909138,1.146360989393265,1.321696427740085,02/25,4516.0,Kundalahalli Lake,"E (Irrigation, industrial cooling and controlled waste)",3.1,8.5,1419.0,15.0,5.45,680.0,3900.0,48.0,240.0,24.0,264.0,312.0,152.0,3.64,2.8,352.0,184.0,168.0,27.0,113.0,964.0,56.0,0.87,0.5,18.0,0.2,39.0,2.3,2.5,2025.0
Kundalahalli Lake,KND,2025-03-08,12.9766,77.7004,0.1023200161903421,0.1260927994560498,0.148465602617125,0.1783296318456989,0.221566728846966,0.2388869808531605,0.2409107243418272,0.2389461213571732,0.1965528121920316,-0.3210368568928697,-0.3187274137685072,0.1056335191435332,0.0779391991414055,1.1740717366543665,1.2719984656210397,03/25,4516.0,Kundalahalli Lake,"E (Irrigation, industrial cooling and controlled waste)",2.1,8.1,1220.0,30.0,4.7,26.0,220.0,3.0,228.0,5.0,228.0,336.0,196.0,21.06,16.2,300.0,152.0,148.0,6.128205128205128,135.0,842.0,46.0,0.78,0.5,15.0,0.23,48.0,3.4,1.8,2025.0
Kundalahalli Lake,KND,2025-04-02,12.9766,77.7004,,,,,,,,,,,,,,,,04/25,4516.0,Kundalahalli Lake,"D (Propagation of wild life,fisheries)",4.5,8.5,1084.0,7.0,4.4,1400.0,7900.0,72.0,180.0,36.0,176.0,212.0,76.0,1.5,0.9,304.0,156.0,148.0,33.0,70.0,736.0,10.0,0.59,0.5,18.0,0.3,37.0,2.24,1.7,2025.0
Kundalahalli Lake,KND,2025-05-02,12.9766,77.7004,0.1396735569477685,0.1497097673196427,0.1494734580276525,0.1703554167253273,0.2075571167112487,0.2134378326059412,0.2051986942137124,0.172106352949458,0.1239827326481768,-0.1600237305213351,-0.071730149996065,0.0714986402961508,-0.0020439440506753,0.9979414804950224,1.1671859512101024,05/25,4516.0,Kundalahalli Lake,E,3.0,8.1,1208.0,15.0,4.6,2600.0,12000.0,3.0,328.0,5.0,328.0,200.0,155.0,4.4,3.9,280.0,144.0,136.0,50.0,110.0,832.0,14.0,0.34,0.5,24.0,0.34,43.0,2.86,1.01,2025.0
Kundalahalli Lake,KND,2025-06-01,12.9766,77.7004,,,,,,,,,,,,,,,,06/25,4516.0,Kundalahalli Lake,D,4.6,7.7,708.0,7.0,2.7,480.0,3500.0,3.0,160.0,5.0,160.0,116.0,84.0,1.5,0.84,192.0,100.0,40.0,29.0,69.0,482.0,20.0,0.2,0.5,15.0,0.31,42.0,2.16,0.32,2025.0
Kundalahalli Lake,KND,2025-11-10,12.9766,77.7004,0.1039783506968886,0.1240475258766224,0.1362424263795941,0.1666555821483879,0.2263683126847812,0.2459068632971982,0.2425391735886244,0.2132544734619174,0.1581569266507109,-0.327167002257089,-0.2727129309542989,0.115767942867472,0.0393096218720545,1.0900811750756498,1.298842346477424,11/25,4516.0,Kundalahalli Lake,E,1.6,7.3,1155.0,15.0,4.4,2434.6376811594205,2400.0,10.704225352112676,268.0,20.0,268.0,192.0,156.0,19.0,15.0,312.0,160.0,152.0,47.0,120.0,784.0,22.0,0.44,0.5,23.0,0.39,43.0,2.96,1.31,2025.0
Madhure Tank,MDH,2023-08-16,13.05,77.48,,,,,,,,,,,,,,,,08/23,4503.0,MADHURE TANK,"D (Propagation of
wild life,fisheries)",6.0,7.0,589.0,4.0,2.0,6300.0,160000.0,10.8,136.0,5.0,136.0,76.0,44.0,2.78,0.4,168.0,88.0,80.0,22.0,48.0,396.0,26.8,0.2,0.5,11.0,0.27,41.0,1.586,0.25,2023.0
Madhure Tank,MDH,2023-10-10,13.05,77.48,0.0287557241427867,0.0726486271534998,0.0445942337446569,0.1164781032176299,0.0990963564035767,0.1043140920932197,0.0829165176371188,0.0320066077589241,0.0189217066816869,0.0322811924887093,0.4980929627162586,0.4520624117454001,-0.2381464329722017,0.6164858152477619,2.706494868942211,10/23,4503.0,MADHURE TANK,"D (Propagation of wild life,fisheries)",4.6,6.5,300.0,10.0,0.62,4300.0,54000.0,3.0,68.0,5.0,68.0,32.0,91.0,8.021120689655172,0.86,108.0,60.0,48.0,57.0,25.0,240.0,115.04803493449782,0.2,0.5,15.0,0.2,30.0,1.3,0.7,2023.0
Madhure Tank,MDH,2023-12-24,13.05,77.48,0.0278129772727272,0.0523297121363099,0.0293350227537677,0.075607428030303,0.0690124621212121,0.0764037462121212,0.0685584924242424,0.0433120984848484,0.0312776439393939,-0.0228584310081109,0.2021158586748499,0.4421291186544236,-0.2816102928219594,0.5659670664054275,2.617342465895905,12/23,4503.0,MADHURE TANK,"D (Propagation of wild life,fisheries)",6.1,7.0,182.0,4.0,0.63,4800.0,92000.0,3.0,44.0,5.0,44.0,12.0,44.0,1.5,0.4,120.0,68.0,52.0,5.0,14.0,124.0,10.0,0.2,0.5,3.0,0.2,20.0,0.55,0.2,2023.0
Madhure Tank,MDH,2024-03-03,13.05,77.48,0.0401445856509188,0.061889259468066,0.0402230937201101,0.0797030451313103,0.0797877138632683,0.0869379145251003,0.0769092726888684,0.0505117052735337,0.0359019643737238,0.023321663720515,0.2710403124325757,0.3385301776368133,-0.2261842411422947,0.6397428786079906,2.052160939008385,03/24,4503.0,Madhure Tank,"D (Propagation of wild life,fisheries)",6.2,7.5,312.0,5.0,0.85,1700.0,7900.0,3.0,84.0,5.0,84.0,16.0,48.0,1.5,0.4,84.0,48.0,36.0,5.0,19.0,212.0,46.0,0.2,0.5,6.0,0.2,17.0,1.0,0.05,2024.0
Madhure Tank,MDH,2024-04-02,13.05,77.48,0.1155450961064564,0.1588071212972489,0.1990897811272284,0.2232810532985989,0.2373628529183974,0.2524027247764557,0.251170935717806,0.3431711821446172,0.286519326902767,-0.229205648936378,-0.3688185722198017,0.0626464617593102,0.1101350051363554,1.2497949350046946,1.1448655190489123,04/24,4503.0,Madhure Tank,"D (Propagation of wild life,fisheries)",4.2,6.8,287.0,7.0,0.5,930.0,13000.0,3.0,92.0,5.0,92.0,36.0,72.0,1.5,0.4,140.0,72.0,68.0,5.0,28.0,198.0,10.0,0.2,0.5,3.0,0.2,29.0,1.4,0.05,2024.0
Madhure Tank,MDH,2025-03-08,13.05,77.48,0.0399308561571499,0.0660696157203722,0.0417358903951367,0.09308706259241,0.0935636238822783,0.1008347426600013,0.0891377103428853,0.0491201119481799,0.0354823171161022,-0.0767195749213606,0.3223875457830143,0.3992766002345917,-0.2480079725781664,0.616348991081712,2.3980463690250904,03/25,4503.0,Madhure Tank,"D (Propagation of wild life,fisheries)",5.7,6.7,402.0,4.0,1.54,2300.0,17000.0,3.0,132.0,5.0,132.0,28.0,42.0,1.5,0.4,212.0,164.0,48.0,6.461538461538462,9.0,274.0,44.0,0.2,0.5,10.0,0.31,8.0,0.27,0.05,2025.0
Madiwala Lake,MDW,2023-08-16,12.9154,77.6116,0.1344170263704537,0.1969371927475246,0.2759437123616849,0.3135857268598383,0.3620366827447802,0.3875570643946061,0.3750947505545187,0.4358548815265989,0.3849486603527799,-0.3173239681409211,-0.3753657582921659,0.0807135180346514,0.1460128024951709,1.3615762679472798,1.2033971923173403,08/23,3589.0,MADIWALA TANK,"D (Propagation of wild life,fisheries)",4.8,7.3,1170.0,8.0,3.0,4000.0,35000.0,8.076190476190476,200.0,5.0,200.0,108.0,95.0,3.4504761904761905,0.4,244.0,128.0,116.0,10.0,140.0,796.0,23.02857142857143,0.58,0.5,12.0,0.2,41.0,1.7305714285714286,0.3547619047619048,2023.0
Madiwala Lake,MDW,2023-10-10,12.9154,77.6116,0.079005576875682,0.1354267331766797,0.2048879379166354,0.2414917860789352,0.2905261345632503,0.3087884871316408,0.3067511741717422,0.3154354152730343,0.231917955849734,-0.3935118024932743,-0.403969957791352,0.1079490244546455,0.1764487676177803,1.4599844125702657,1.292127390291383,10/23,3589.0,MADIWALA TANK,"E (Irrigation, industrial cooling and controlled waste)",2.6,6.9,566.0,14.0,2.0,4700.0,92000.0,3.0,112.0,5.0,112.0,68.0,128.0,10.55668103448276,5.2,100.0,52.0,48.0,18.0,48.0,384.0,68.49781659388645,0.5,0.5,4.0,0.35,14.0,2.08,1.54,2023.0
Madiwala Lake,MDW,2023-12-24,12.9154,77.6116,0.0792169249845009,0.0986641676564136,0.1139195915646458,0.1428921264724116,0.2070962182269064,0.2347776193428394,0.2461891506509609,0.2133489150650961,0.1477856168629882,-0.4277571360381711,-0.3645886287869083,0.1319875082780256,0.0494486999193244,1.1187880072446894,1.4033234559439032,12/23,3589.0,MADIWALA TANK,"E (Irrigation, industrial cooling and controlled waste)",3.1,6.8,616.0,11.0,2.0,480.0,16000.0,3.0,96.0,5.0,96.0,92.0,104.0,1.5,0.91,232.0,120.0,112.0,33.0,58.0,425.0,10.0,0.2,0.5,29.0,0.27,32.0,2.0,0.05,2023.0
Madiwala Lake,MDW,2024-03-03,12.9154,77.6116,0.1318421434355525,0.1958072525830275,0.3038386766915295,0.3500127838608596,0.3796763334858995,0.3926529732774708,0.3795311974087242,0.4899972608527269,0.3612686793648556,-0.3211752416187231,-0.4225732181032678,0.0800235095582421,0.1980319689684534,1.5091391789560151,1.1945614762126435,03/24,3589.0,Madiwala Tank,"D (Propagation of wild life,fisheries)",4.5,7.13,693.0,6.0,1.6,1700.0,7900.0,3.0,180.0,5.0,180.0,128.0,55.0,1.5,0.4,212.0,108.0,104.0,30.0,63.0,476.0,14.0,0.3,0.5,6.0,0.28,38.0,2.0,0.93,2024.0
Madiwala Lake,MDW,2024-04-02,12.9154,77.6116,0.1361468788508256,0.2050263486335392,0.3240643879659379,0.3697671760025349,0.3971935851846635,0.4107819209238457,0.3986534908284337,0.5145224166461287,0.3878068654719572,-0.3249479206945853,-0.4287628229619734,0.0755307587003606,0.211676106408357,1.5479590114561892,1.1863677445386922,04/24,3589.0,Madiwala Tank,"D (Propagation of wild life,fisheries)",5.2,7.3,666.0,8.0,1.5,1400.0,7900.0,3.0,172.0,5.0,172.0,116.0,81.0,1.5,0.46,180.0,96.0,84.0,15.333333333333332,64.0,458.0,10.0,0.44,0.5,5.0,0.34,43.0,10.0,1.35,2024.0
Madiwala Lake,MDW,2024-05-02,12.9154,77.6116,0.1255097384079146,0.18212393410033,0.2735318084712793,0.3090349927824527,0.3376823574974474,0.3560778579727492,0.3394299334577334,0.4456532056472909,0.3313980178150197,-0.304812749782415,-0.4160449771421662,0.0713580295438741,0.1839771380013263,1.465634263187502,1.1707422643437375,05/24,3589.0,Madiwala Tank,"E (Irrigation, industrial cooling and controlled waste)",1.0,8.7,1150.0,38.0,4.0,1700.0,9400.0,24.0,176.0,12.0,200.0,168.0,204.0,1.8,1.2,156.0,84.0,72.0,36.0,158.0,766.0,70.0,1.5,0.5,37.0,0.32,63.0,6.0,4.0,2024.0
Madiwala Lake,MDW,2024-06-01,12.9154,77.6116,0.1239689187761856,0.1706385384665757,0.2397539485099701,0.2743532408548392,0.3172651550892508,0.3417932014223849,0.3194125796570783,0.4122940393620389,0.3078270464387561,-0.3071990613696342,-0.4061417948517352,0.0804446237539359,0.1490227572276844,1.3697483452869057,1.1936690137851362,06/24,3589.0,Madiwala Tank,"E (Irrigation, industrial cooling and controlled waste)",3.6,7.9,912.0,16.0,3.2,2000.0,12000.0,3.0,204.0,5.0,204.0,140.0,108.0,1.8,1.4,160.0,84.0,76.0,21.0,99.0,622.0,52.0,0.8,0.5,24.0,0.31,53.0,3.4,1.5,2024.0
Madiwala Lake,MDW,2024-09-19,12.9154,77.6116,0.1069143822835615,0.1648008103046946,0.2541429040822291,0.2998795197690385,0.3535275287821708,0.3738171249515897,0.3537340985107205,0.4513121395627225,0.3352818364257296,-0.3718920436716362,-0.4609507440289933,0.1045511373282592,0.1858529391475048,1.486514978980828,1.2761958121526262,09/24,3589.0,Madiwala Tank,"D (Propagation of wild life,fisheries)",5.3,7.9,717.0,6.0,5.4,1700.0,4600.0,3.0,224.0,5.0,224.0,112.0,56.0,1.5,0.8,216.0,112.0,104.0,32.0,69.0,498.0,44.0,0.2,0.5,12.0,0.35,39.0,2.1,0.5,2024.0
Madiwala Lake,MDW,2024-12-08,12.9154,77.6116,0.0903880118297362,0.1352711221431358,0.2038011392092868,0.2437410379185298,0.2919795584973417,0.3087387106995741,0.2947954018941661,0.3985386050769283,0.2988399711298101,-0.3763228804292175,-0.48435619019068,0.11105027352664,0.1721199265249407,1.4478712923947288,1.3000997375523375,12/24,3589.0,Madiwala Tank,"D (Propagation of wild life,fisheries)",6.0,7.9,560.0,6.0,5.0,410.0,4300.0,3.0,128.0,5.0,128.0,104.0,67.0,11.7,9.0,156.0,88.0,68.0,20.0,55.0,380.0,14.0,0.2,0.5,8.0,0.2,42.0,1.9,0.05,2024.0
Madiwala Lake,MDW,2025-01-07,12.9154,77.6116,0.0997343273597858,0.1506931796608053,0.2336656832924901,0.2730095166003591,0.3169823680597121,0.3285899376826393,0.3223916522902508,0.4206065626870397,0.3283458754356934,-0.3694066791418433,-0.4632562945594349,0.0963676605107693,0.1887164061298023,1.4910770012479049,1.250550382524212,01/25,3589.0,Madiwala Tank,"D (Propagation of wild life,fisheries)",5.4,7.1,679.0,10.0,2.6,170.0,3500.0,3.0,220.0,5.0,220.0,100.0,94.0,1.5,0.4,160.0,88.0,72.0,10.0,79.0,462.0,28.0,0.9,0.5,16.0,0.2,48.0,2.7,2.1,2025.0
Madiwala Lake,MDW,2025-02-01,12.9154,77.6116,0.1052479526810547,0.1627718657454533,0.253645009342419,0.2994090377776995,0.3387018483962962,0.3423764707953383,0.3298501672358555,0.4427513114811816,0.3296854698447345,-0.346223055312818,-0.4554075654591367,0.1011499934247864,0.1925539182916439,1.5016597255820532,1.25879079811232,02/25,3589.0,Madiwala Tank,"D (Propagation of wild life,fisheries)",4.2,8.0,883.0,5.0,3.39,310.0,2200.0,3.0,240.0,5.0,240.0,100.0,53.0,1.5,0.4,164.0,104.0,60.0,9.0,78.0,608.0,28.0,0.23,0.5,15.0,0.2,48.0,2.65,0.58,2025.0
Madiwala Lake,MDW,2025-03-08,12.9154,77.6116,0.1053537161567439,0.1621032570998727,0.2636084606233513,0.3055155863817202,0.339406890117241,0.351706985177622,0.347091507939302,0.4656718093159175,0.3658176319402879,-0.368396606857524,-0.4784101374728118,0.0876775134749296,0.2188149630063549,1.5797928731864068,1.219238237712249,03/25,3589.0,Madiwala Tank,"E (Irrigation, industrial cooling and controlled waste)",3.1,7.1,693.0,20.0,2.3,1200.0,7900.0,3.0,188.0,5.0,188.0,124.0,166.0,1.5,0.99,172.0,88.0,84.0,7.897435897435898,95.0,478.0,16.0,0.2,0.5,13.0,0.24,52.0,3.1,0.2,2025.0
Madiwala Lake,MDW,2025-04-02,12.9154,77.6116,,,,,,,,,,,,,,,,04/25,3589.0,Madiwala Tank,"E (Irrigation, industrial cooling and controlled waste)",3.3,7.5,727.0,17.0,2.5,150.0,3500.0,3.0,236.0,5.0,236.0,128.0,121.0,2.95,2.73,232.0,116.0,116.0,10.0,89.0,502.0,10.0,1.1,0.5,10.0,0.3,44.0,2.5,2.6,2025.0
Madiwala Lake,MDW,2025-05-02,12.9154,77.6116,,,,,,,,,,,,,,,,05/25,3589.0,Madiwala Tank,D,4.2,6.9,579.0,5.0,2.22,140.0,3500.0,3.0,176.0,5.0,176.0,96.0,54.0,1.5,0.8,112.0,78.0,34.0,9.0,78.0,390.0,16.0,0.2,0.5,19.0,0.47,55.0,3.2,0.39,2025.0
Madiwala Lake,MDW,2025-06-01,12.9154,77.6116,,,,,,,,,,,,,,,,06/25,3589.0,Madiwala Tank,D,4.2,7.4,590.0,6.0,2.26,1700.0,6300.0,3.0,124.0,5.0,124.0,92.0,60.0,1.5,0.4,108.0,72.0,36.0,14.0,73.0,398.0,22.0,0.43,0.5,2.0,0.36,59.0,3.06,1.01,2025.0
Madiwala Lake,MDW,2025-11-10,12.9154,77.6116,0.1450667605534626,0.1770017600712048,0.2377824387463097,0.2745747632292366,0.3125347568918777,0.3272489384924125,0.3194204731894519,0.435550117945287,0.3249896419392316,-0.2873972639778992,-0.4080861018110828,0.0796754211648309,0.1289768431944448,1.3139903522247205,1.1855581572253604,11/25,3589.0,Madiwala Tank,D,5.9,6.5,381.0,6.0,1.53,204.6376811594203,2800.0,59.2,116.0,29.6,116.0,56.0,56.0,2.49,0.4,96.0,52.0,44.0,19.5,29.0,258.0,130.0,0.295,0.5,3.0,0.33,38.0,1.29,0.215,2025.0
Malathahalli Lake,MLT,2023-10-10,12.948,77.5358,0.0891791194481594,0.1143655277963799,0.1270935877820932,0.1539083057647637,0.1899681987752516,0.2012287569507989,0.1984472407967903,0.1924129584007884,0.1449018582388964,-0.290718736573209,-0.2939576043824444,0.1349664162931934,0.0435413752233131,1.1016187434484874,1.3953112417708338,10/23,3635.0,MALATHAHALLI LAKE,"D (Propagation of wild life,fisheries)",5.5,7.9,1072.0,6.0,4.0,3100.0,54000.0,3.0,236.0,5.0,236.0,176.0,56.0,10.751724137931037,0.4,220.0,116.0,104.0,33.0,95.0,724.0,64.91703056768559,0.23,0.5,12.0,0.4,47.0,3.0,0.65,2023.0
Malathahalli Lake,MLT,2023-12-24,12.948,77.5358,0.0800698880833391,0.0969893325278457,0.1086587704602214,0.1249017702541,0.1485047159850777,0.1591646653058352,0.1579310727106356,0.1649184099387627,0.1410293200534948,-0.2592205933440063,-0.3019088774710607,0.1086511363687248,0.0461011862689346,1.1046395408964302,1.3249012695709614,12/23,3635.0,MALATHAHALLI LAKE,"D (Propagation of wild life,fisheries)",4.3,7.9,913.0,9.0,2.09,1700.0,24000.0,3.0,276.0,5.0,276.0,196.0,104.0,1.5,0.4,308.0,156.0,152.0,20.0,86.0,616.0,10.0,0.2,0.5,14.0,0.21,36.0,2.0,0.59,2023.0
Malathahalli Lake,MLT,2024-03-03,12.948,77.5358,0.1057288273386359,0.1266922222613867,0.1427580984237862,0.1643934750475118,0.1897380235095376,0.2028266629126487,0.2021932110931231,0.2110761490814387,0.1803795136200464,-0.2363148938970508,-0.2666705265173607,0.0937477446539271,0.0495776943222125,1.112679591025278,1.2500651252983654,03/24,3635.0,Malathahalli Lake,"D (Propagation of wild life,fisheries)",4.6,7.7,1198.0,7.0,7.2,270.0,2400.0,3.0,244.0,5.0,244.0,88.0,84.0,1.5,0.9,492.0,252.0,240.0,120.0,217.0,824.0,10.0,0.2,0.5,41.0,0.29,46.0,4.2,0.4,2024.0
Malathahalli Lake,MLT,2024-04-02,12.948,77.5358,0.1202602555078482,0.1474982366596995,0.1688135985518153,0.1949451397198563,0.2248917857394242,0.239583163229394,0.2414289329203914,0.2475679313014711,0.2148891285985782,-0.2517544175988162,-0.2698179325400991,0.0896957880181168,0.0627325544363805,1.1400945777907687,1.230555889720773,04/24,3635.0,Malathahalli Lake,"E (Irrigation, industrial cooling and controlled waste)",0.3,7.4,2500.0,58.0,10.8,310.0,3500.0,168.0,532.0,84.0,700.0,248.0,220.0,28.6,22.0,196.0,104.0,92.0,97.0,166.0,1676.0,254.0,0.36,0.5,27.0,0.61,61.0,5.0,0.96,2024.0
Malathahalli Lake,MLT,2024-05-02,12.948,77.5358,0.1263045048215668,0.1534556907787106,0.1711977962985296,0.1981917857394241,0.2279068944886323,0.2475337157739142,0.2415289997888365,0.2535371894136695,0.2178579467867952,-0.2296090177484113,-0.2563236551499848,0.0878926463776388,0.0494012700303585,1.109231885573244,1.2222531371903502,05/24,3635.0,Malathahalli Lake,"E (Irrigation, industrial cooling and controlled waste)",3.4,6.8,615.0,14.0,2.1,170.0,2400.0,3.0,172.0,5.0,172.0,48.0,144.0,2.2,1.7,164.0,88.0,76.0,9.0,61.0,416.0,94.0,0.2,0.5,8.0,0.24,43.0,2.1,0.05,2024.0
Malathahalli Lake,MLT,2024-06-01,12.948,77.5358,0.1367719574857465,0.1629367779725088,0.1777048041603391,0.2049963363130851,0.244020824241571,0.2666790349827549,0.258691208559161,0.2561264376715704,0.2163807102132749,-0.2362476664882829,-0.2346887114203873,0.0869476656409736,0.0380444670976538,1.082437291065814,1.2152366379012909,06/24,3635.0,Malathahalli Lake,"D (Propagation of wild life,fisheries)",4.2,6.9,530.0,10.0,2.4,2600.0,14000.0,3.0,80.0,5.0,80.0,48.0,93.0,1.5,0.92,212.0,108.0,104.0,63.0,76.0,362.0,364.0,0.2,0.5,20.0,0.2,41.0,2.9,0.05,2024.0
Malathahalli Lake,MLT,2024-09-19,12.948,77.5358,0.1229159111705497,0.1503377951997059,0.1658202470811544,0.1946524882100373,0.2375791827972128,0.257674160625044,0.2525919476314494,0.2480626135003873,0.2113679594566059,-0.2696012789158376,-0.2674109969176809,0.1066346597053529,0.0406300800834324,1.0936427894244265,1.2915947516342423,09/24,3635.0,Malathahalli Lake,"D (Propagation of wild life,fisheries)",5.7,6.7,684.0,5.0,2.4,260.0,3500.0,3.0,92.0,5.0,92.0,44.0,60.0,1.5,0.4,208.0,112.0,96.0,55.0,69.0,462.0,74.0,0.34,0.5,9.0,0.39,41.0,2.0,0.69,2024.0
Malathahalli Lake,MLT,2024-12-08,12.948,77.5358,0.0868987259801506,0.1015054935777834,0.109172844774473,0.1290441366931794,0.1556003836137116,0.1684125149574153,0.1633791370451186,0.1699747378053072,0.1445184592102484,-0.2386332136859394,-0.2782411476468593,0.1191276241879712,0.0193420008245604,1.0509864675814629,1.3444517578248485,12/24,3635.0,Malathahalli Lake,"D (Propagation of wild life,fisheries)",4.4,6.8,571.0,4.0,2.3,220.0,2400.0,3.0,184.0,5.0,184.0,20.0,48.0,1.5,0.58,204.0,108.0,96.0,19.0,28.0,392.0,10.0,0.23,0.5,13.0,0.22,22.0,0.85,0.61,2024.0
Malathahalli Lake,MLT,2025-01-07,12.948,77.5358,0.0769825156612937,0.0885176601310144,0.0942118815722932,0.1097076441190962,0.1308709544590695,0.1398180861547124,0.1398080066164566,0.1441984901808968,0.1245038115013725,-0.2335959054246386,-0.2600764587197537,0.0998206324085085,0.0188634287131548,1.0439390678458156,1.266204385139057,01/25,3635.0,Malathahalli Lake,"D (Propagation of wild life,fisheries)",7.0,7.4,639.0,4.0,0.3,1100.0,7900.0,3.0,248.0,5.0,248.0,36.0,45.0,1.5,0.4,212.0,112.0,100.0,36.0,38.0,440.0,24.0,0.2,0.5,12.0,0.2,27.0,1.1,0.3,2025.0
Malathahalli Lake,MLT,2025-02-01,12.948,77.5358,0.1122208512813024,0.131709254523642,0.1430541246213144,0.1637383441629553,0.1897002518799739,0.1958938672702051,0.1938828137548369,0.1987917281156455,0.1611184419945974,-0.1970420950011528,-0.2186527852519143,0.0934522208076915,0.0309332171844456,1.0685845543975017,1.2490980594193934,02/25,3635.0,Malathahalli Lake,"D (Propagation of wild life,fisheries)",5.9,7.4,825.0,4.0,14.04,780.0,13000.0,3.0,244.0,5.0,244.0,36.0,44.0,1.5,0.62,248.0,128.0,120.0,37.0,48.0,560.0,32.0,0.2,0.5,14.0,0.2,28.0,1.3,0.05,2025.0
Malathahalli Lake,MLT,2025-03-08,12.948,77.5358,0.0964425564862392,0.1179041109287954,0.1357345041250763,0.157395079890195,0.1829981980713732,0.1972600337861619,0.2009324065601465,0.2115476947983388,0.182713852326318,-0.2673163457910961,-0.299012311000995,0.0991715163661599,0.057524136671912,1.1311353837664646,1.2732489068637671,03/25,3635.0,Malathahalli Lake,"D (Propagation of wild life,fisheries)",5.4,7.6,621.0,6.0,2.2,2600.0,9400.0,3.0,228.0,5.0,228.0,36.0,56.0,1.5,0.4,156.0,84.0,72.0,6.794871794871795,58.0,408.0,10.0,0.2,0.5,15.0,0.2,75.0,2.0,0.05,2025.0
Malathahalli Lake,MLT,2025-04-02,12.948,77.5358,,,,,,,,,,,,,,,,04/25,3635.0,Malathahalli Lake,"D (Propagation of wild life,fisheries)",5.8,7.9,753.0,8.0,3.0,140.0,2400.0,3.0,248.0,5.0,248.0,60.0,98.0,1.5,0.7,212.0,108.0,104.0,36.0,91.0,512.0,10.0,0.2,0.5,10.0,0.28,47.0,2.7,0.3,2025.0
Malathahalli Lake,MLT,2025-05-02,12.948,77.5358,0.1092306011121278,0.1365748436090612,0.1500511436381703,0.1749463011191666,0.2081284542830999,0.2191547511789961,0.214207953825579,0.2307166256070952,0.1841988069261631,-0.2319509527845586,-0.2708885556760725,0.0936185372752713,0.0423055211712297,1.0922070703270526,1.234357747801026,05/25,3635.0,Malathahalli Lake,E,2.1,7.8,562.0,24.0,2.1,140.0,3500.0,3.0,176.0,5.0,176.0,44.0,169.0,1.5,0.4,200.0,104.0,96.0,18.0,55.0,384.0,26.0,0.2,0.5,2.0,0.25,37.0,1.6,0.2,2025.0
Malathahalli Lake,MLT,2025-06-01,12.948,77.5358,,,,,,,,,,,,,,,,06/25,3635.0,Malathahalli Lake,D,5.4,7.3,470.0,6.0,2.0,2600.0,14000.0,3.0,160.0,5.0,160.0,20.0,64.0,1.5,0.4,196.0,104.0,92.0,33.0,31.0,318.0,26.0,0.2,0.5,9.0,0.2,24.0,1.0,0.05,2025.0
Malathahalli Lake,MLT,2025-11-10,12.948,77.5358,,,,,,,,,,,,,,,,11/25,3635.0,Malathahalli Lake,D,6.2,7.7,616.0,4.0,2.0,1626.6666666666667,2800.0,21.97183098591549,236.0,20.0,236.0,28.0,48.0,8.9,0.4,228.0,120.0,108.0,18.0,60.0,406.0,14.0,0.365,0.5,5.0,0.24,36.0,1.7,0.33,2025.0
Nagavara Lake,NGV,2023-08-16,13.0318,77.613,,,,,,,,,,,,,,,,08/23,3626.0,NAGAVARA LAKE,"D (Propagation of wild life,fisheries)",6.1,7.1,640.0,4.0,2.45,2200.0,24000.0,9.561904761904762,144.0,5.0,144.0,104.0,41.0,3.084761904761905,0.4,172.0,92.0,80.0,26.0,60.0,446.0,25.085714285714285,0.2,0.5,13.0,0.2,41.0,1.6517142857142857,0.2976190476190476,2023.0
Nagavara Lake,NGV,2023-10-10,13.0318,77.613,0.179370728503587,0.1941048691279391,0.1946154837936504,0.2319751288269174,0.3002369505910884,0.3299134737799335,0.3139226230170761,0.2744695968475299,0.1948874962109731,-0.2468098766528176,-0.1852839955398319,0.1004988545097349,-0.0051630108479276,0.9930216742629342,1.2427812474434723,10/23,3626.0,NAGAVARA LAKE,"D (Propagation of wild life,fisheries)",6.1,6.9,666.0,4.0,2.0,460.0,16000.0,3.0,148.0,5.0,148.0,100.0,40.0,11.531896551724138,0.4,172.0,92.0,80.0,9.0,64.0,444.0,50.5938864628821,0.28,0.5,25.0,0.2,40.0,0.28,0.83,2023.0
Nagavara Lake,NGV,2023-12-24,13.0318,77.613,0.0948156961792799,0.1102455453516081,0.1171883541699238,0.1482970609845701,0.2086804096252754,0.2376635102865538,0.2357528930933137,0.2105421381337251,0.1629582659808963,-0.3740492842060172,-0.3248401172177957,0.1330964495516453,0.0252458069360369,1.0579215682148242,1.3405325838164233,12/23,3626.0,NAGAVARA LAKE,"D (Propagation of wild life,fisheries)",5.0,8.1,547.0,7.2,1.9,7000.0,92000.0,3.0,128.0,5.0,128.0,48.0,68.0,1.5,0.86,176.0,92.0,84.0,19.0,63.0,382.0,10.0,0.43,0.5,15.0,0.2,41.0,2.06,1.0,2023.0
Nagavara Lake,NGV,2024-03-03,13.0318,77.613,0.1087401464479335,0.1486910864388717,0.1902287648464205,0.2249271843976622,0.2546845067943392,0.2806489086812646,0.2780901077237204,0.3269289551503205,0.2756429557135816,-0.3197446486062859,-0.3861612167817793,0.1047902604742063,0.1123388675458379,1.2628734037506442,1.2716720302122722,03/24,3626.0,Nagavara Lake,"E (Irrigation, industrial cooling and controlled waste)",2.6,8.2,751.0,25.0,3.0,2100.0,11000.0,3.0,192.0,5.0,192.0,108.0,172.0,3.77,2.9,192.0,100.0,92.0,10.0,47.0,518.0,48.0,0.41,0.5,21.0,0.22,32.0,1.4,0.52,2024.0
Nagavara Lake,NGV,2024-05-02,13.0318,77.613,0.1301298950925861,0.1722258462579197,0.2135155638068073,0.2465560304161092,0.2760443990706189,0.3032052172076321,0.2958698162360065,0.3509524185031335,0.3022803457016121,-0.2729036793723529,-0.347390744736385,0.083656345289133,0.1011080618835836,1.2308666123411585,1.2008648103480035,05/24,3626.0,Nagavara Lake,"E (Irrigation, industrial cooling and controlled waste)",1.2,7.1,1403.0,42.0,4.8,2000.0,17000.0,3.0,328.0,5.0,328.0,224.0,216.0,9.12,6.7,288.0,152.0,136.0,19.0,167.0,922.0,40.0,2.3,0.5,37.0,0.2,52.0,4.0,6.5,2024.0
Nagavara Lake,NGV,2024-06-01,13.0318,77.613,0.2337780897681344,0.1847630296963576,0.1482036589016637,0.1556685173367368,0.174541395447777,0.1909526483726866,0.2354203360987024,0.170638502446288,0.1273171452882365,-0.1249691951910249,0.0330952812551361,0.026086479850392,-0.109656680584106,0.8056608075573384,1.063359959521679,06/24,3626.0,Nagavara Lake,"D (Propagation of wild life,fisheries)",7.8,7.0,666.0,6.0,2.3,630.0,5400.0,3.0,184.0,5.0,184.0,96.0,52.0,1.5,0.67,172.0,92.0,80.0,20.0,71.0,452.0,34.0,0.63,0.5,17.0,0.34,44.0,2.0,1.8,2024.0
Nagavara Lake,NGV,2024-09-19,13.0318,77.613,0.1213414032246708,0.1534976838231988,0.1764315250034271,0.2198710730127438,0.2977731077941277,0.3423316552840951,0.3348582095331973,0.3326127261846089,0.2697533760473143,-0.387389600062468,-0.3845613623116268,0.1331260345198263,0.0624197710370608,1.144775608752124,1.3564413559474104,09/24,3626.0,Nagavara Lake,"D (Propagation of wild life,fisheries)",6.9,6.8,628.0,6.0,2.12,210.0,3500.0,3.0,152.0,5.0,152.0,80.0,52.0,1.5,0.46,156.0,84.0,72.0,17.0,62.0,426.0,19.0,0.7,0.5,14.0,0.28,43.0,2.0,1.85,2024.0
Nagavara Lake,NGV,2024-12-08,13.0318,77.613,0.0993042843061325,0.1233776036079726,0.1479033586007634,0.1794158206012813,0.2272384813067664,0.2603308139125536,0.2546698232767725,0.2721891959445188,0.2171905688938957,-0.3662151507294334,-0.390425973973094,0.1240965051264362,0.0756298313840169,1.1808573850118047,1.3434734829219168,12/24,3626.0,Nagavara Lake,"D (Propagation of wild life,fisheries)",6.1,6.5,484.0,6.0,2.2,26.0,1600.0,3.0,136.0,5.0,136.0,44.0,46.0,1.5,0.4,112.0,60.0,52.0,5.0,37.0,330.0,10.0,0.2,0.5,5.0,0.2,39.0,1.5,0.2,2024.0
Nagavara Lake,NGV,2025-03-08,13.0318,77.613,0.1162885411532775,0.1573746606882257,0.199180799562308,0.2301401112441033,0.2638391924241357,0.2880760402731819,0.2959390621699643,0.3361744384989087,0.2967579384637047,-0.3224658652924395,-0.373419093395617,0.0932171838662214,0.1063105469289597,1.2480209885859466,1.241104292316177,03/25,3626.0,Nagavara Lake,"D (Propagation of wild life,fisheries)",4.9,7.5,524.0,4.0,2.0,3100.0,8400.0,3.0,200.0,5.0,200.0,80.0,43.0,1.5,0.8,196.0,104.0,92.0,7.0,49.0,356.0,12.0,0.2,0.5,6.0,0.27,34.0,2.0,0.16,2025.0
Nagavara Lake,NGV,2025-04-02,13.0318,77.613,,,,,,,,,,,,,,,,04/25,3626.0,Nagavara Lake,"D (Propagation of wild life,fisheries)",6.4,7.7,704.0,5.0,2.7,2100.0,12000.0,3.0,116.0,5.0,116.0,104.0,65.0,1.5,0.4,124.0,68.0,56.0,8.0,67.0,478.0,10.0,0.3,0.5,15.0,0.25,50.0,2.6,0.6,2025.0
Nagavara Lake,NGV,2025-05-02,13.0318,77.613,0.1189141308174329,0.1560223756122885,0.1832939315621904,0.2174986024079421,0.2722921706681686,0.2993323593606984,0.294695585439696,0.3110142364289235,0.2600146447933537,-0.3207286261719857,-0.3459906551922493,0.1062338772769186,0.07419959459149,1.1692041783914626,1.2803992395300086,05/25,3626.0,Nagavara Lake,D,5.1,8.0,370.0,8.0,1.4,2300.0,7000.0,3.0,92.0,5.0,92.0,44.0,75.0,1.5,0.4,80.0,48.0,32.0,10.0,45.0,250.0,48.0,0.2,0.5,9.0,0.43,51.0,2.2,0.5,2025.0
Nagavara Lake,NGV,2025-06-01,13.0318,77.613,,,,,,,,,,,,,,,,06/25,3626.0,Nagavara Lake,D,5.3,7.6,600.0,8.0,2.3,320.0,2100.0,3.0,156.0,5.0,156.0,84.0,95.0,1.5,0.91,176.0,88.0,88.0,17.0,63.0,414.0,10.0,0.2,0.5,12.0,0.31,42.0,2.1,0.36,2025.0
Nagavara Lake,NGV,2025-11-10,13.0318,77.613,0.1303199529667149,0.1463575975803656,0.1563701333724739,0.1866645441389291,0.2355287355282201,0.259296472503618,0.2571073715629521,0.2799094609261939,0.2354469157018814,-0.2728022895851472,-0.3109286820542837,0.0910358036795058,0.0294940279352532,1.063576237603332,1.209197783937287,11/25,3626.0,Nagavara Lake,D,5.5,7.0,445.0,5.0,1.71,1400.4347826086955,9400.0,25.12676056338028,96.0,20.0,96.0,44.0,48.0,14.0,0.4,132.0,80.0,52.0,13.0,45.0,302.0,34.0,1.725,0.5,5.0,0.35,41.0,1.7,0.46,2025.0
Nayandanahalli Tank,NYD,2023-10-10,12.9342,77.5227,0.0535208186681683,0.0811141914288537,0.0779775901351821,0.1183686540898211,0.1817042728424608,0.1982697029424185,0.1929428234548783,0.1649301914683936,0.1124851506405744,-0.3844113526775507,-0.3547143656573408,0.2448626056262288,-0.0453681395980455,0.9293118587538785,1.7651975402208395,10/23,3596.0,NAYANDANAHALLI TANK,"D (Propagation of wild life,fisheries)",5.2,7.9,872.0,6.0,4.0,4600.0,35000.0,3.0,204.0,5.0,204.0,132.0,52.0,8.723275862068965,0.4,220.0,116.0,104.0,14.0,78.0,594.0,102.15720524017468,1.1,0.5,5.0,0.3,42.0,2.29,3.39,2023.0
Nayandanahalli Tank,NYD,2023-12-24,12.9342,77.5227,0.0708165986203012,0.0857666901353546,0.0861373299237969,0.1118886702801632,0.1574679959172181,0.1758008095171053,0.1755763480219625,0.1694272455300576,0.1309950267492608,-0.3323731302432637,-0.3328898869007493,0.1460494862503829,-0.0107989228985388,0.9826240581457124,1.381333156920676,12/23,3596.0,NAYANDANAHALLI TANK,"E (Irrigation, industrial cooling and controlled waste)",1.2,7.2,902.0,40.0,3.1,940.0,16000.0,3.0,208.0,5.0,208.0,140.0,192.0,9.0,6.9,260.0,136.0,124.0,32.0,107.0,608.0,10.0,1.08,0.5,27.0,0.21,44.0,4.0,2.9,2023.0
Nayandanahalli Tank,NYD,2024-03-03,12.9342,77.5227,0.0723678128959594,0.092373560496906,0.0955570181109919,0.127363751231874,0.1830738174010981,0.2055833978600591,0.2052177882584824,0.1959884872589047,0.1505296529635365,-0.3670193222232921,-0.3773123438706711,0.1642819909714962,0.0048000389021405,1.0154861986990955,1.4554034472998247,03/24,3596.0,Nayandanahalli Tank,"D (Propagation of wild life,fisheries)",4.3,7.8,913.0,11.0,3.4,320.0,3500.0,3.0,224.0,5.0,224.0,148.0,104.0,1.5,0.82,208.0,108.0,100.0,27.0,98.0,640.0,12.0,0.5,0.5,34.0,0.2,46.0,2.9,0.9,2024.0
Nayandanahalli Tank,NYD,2024-04-02,12.9342,77.5227,0.0779585914402365,0.0993266194434313,0.10627059315612,0.139497645361115,0.1960776502886104,0.2205640152048429,0.2215489124313671,0.211351830212586,0.1639542587639025,-0.3758054442683243,-0.3803724370986692,0.1556199011788187,0.0250114116660115,1.0554503015691592,1.4284928083899222,04/24,3596.0,Nayandanahalli Tank,"D (Propagation of wild life,fisheries)",5.1,7.9,934.0,4.0,3.6,220.0,1400.0,3.0,216.0,5.0,216.0,160.0,45.0,1.5,0.84,252.0,132.0,120.0,38.0,89.0,636.0,10.0,0.22,0.5,19.0,0.2,41.0,2.4,0.62,2024.0
Nayandanahalli Tank,NYD,2024-05-02,12.9342,77.5227,0.1062930451921723,0.1248641418966796,0.128626530703121,0.1576771047444741,0.2146045016190342,0.2434931226242431,0.2386804519217231,0.2251394727579897,0.1746541038997606,-0.306897156177244,-0.2882732326310808,0.1097479994906368,0.0106519282736289,1.0236745109741237,1.2631090432252834,05/24,3596.0,Nayandanahalli Tank,"E (Irrigation, industrial cooling and controlled waste)",2.9,8.5,826.0,14.0,2.8,1700.0,11000.0,16.0,32.0,8.0,48.0,124.0,142.0,2.5,1.9,216.0,116.0,100.0,13.0,81.0,560.0,76.0,1.1,0.5,10.0,0.33,44.0,2.4,2.9,2024.0
Nayandanahalli Tank,NYD,2024-06-01,12.9342,77.5227,0.0889294206673236,0.1106619668329129,0.1087868116475042,0.1441171793608335,0.2256096684499506,0.2624646276221316,0.2543972335632831,0.2079620125299167,0.1551016225538505,-0.3873007114102153,-0.3113345823272677,0.1550921583877881,-0.0174376345238615,0.9699701621031516,1.3944211778444116,06/24,3596.0,Nayandanahalli Tank,"D (Propagation of wild life,fisheries)",4.4,8.9,842.0,8.0,2.9,260.0,3500.0,8.0,156.0,5.0,164.0,120.0,72.0,1.5,0.4,184.0,100.0,84.0,20.0,95.0,558.0,10.0,0.56,0.5,23.0,0.38,43.0,3.0,1.3,2024.0
Nayandanahalli Tank,NYD,2024-09-19,12.9342,77.5227,0.0943555151867461,0.1220575646962767,0.119397718590925,0.159770353146345,0.247382720534806,0.2822342537421887,0.2734984449934602,0.2313057695102455,0.1752734486266531,-0.385423128850747,-0.3271717742009765,0.1788696645274991,-0.0357349910822115,0.9397514456853124,1.491856016584466,09/24,3596.0,Nayandanahalli Tank,"D (Propagation of wild life,fisheries)",6.2,8.2,739.0,6.0,2.6,480.0,5400.0,3.0,156.0,5.0,156.0,112.0,56.0,1.5,0.4,144.0,80.0,64.0,25.0,95.0,498.0,10.0,0.61,0.5,22.0,0.29,54.0,3.0,1.7,2024.0
Nayandanahalli Tank,NYD,2024-12-08,12.9342,77.5227,0.0652289947909334,0.0788361993712058,0.0738868225409408,0.1025405251302266,0.1612290792622835,0.1829476488807546,0.1774079684640291,0.1546653139518513,0.1138599535407574,-0.3699198145904002,-0.3262809368124895,0.1826962351179735,-0.0470290801319318,0.9165256803092044,1.5027441974774198,12/24,3596.0,Nayandanahalli Tank,"D (Propagation of wild life,fisheries)",6.1,8.3,544.0,7.0,2.0,110.0,2400.0,16.0,164.0,8.0,172.0,112.0,69.0,1.5,0.4,156.0,84.0,72.0,17.0,85.0,370.0,10.0,1.7,0.5,17.0,0.34,50.0,2.9,4.0,2024.0
Nayandanahalli Tank,NYD,2025-03-08,12.9342,77.5227,0.0647491975221737,0.083522103439128,0.0867862241702841,0.1157213149373504,0.1713663276080529,0.1925463888497817,0.1980832289173589,0.1854666373363368,0.141379082781923,-0.3898994666844062,-0.3914397702949087,0.1650213212737522,0.0049244989944458,1.0151000258238017,1.4485676882734169,03/25,3596.0,Nayandanahalli Tank,"D (Propagation of wild life,fisheries)",6.2,7.7,803.0,6.0,3.1,26.0,920.0,3.0,212.0,5.0,212.0,136.0,70.0,1.5,0.81,208.0,104.0,104.0,7.717948717948718,85.0,554.0,10.0,0.26,0.5,24.0,0.38,44.0,2.5,0.62,2025.0
Nayandanahalli Tank,NYD,2025-04-02,12.9342,77.5227,,,,,,,,,,,,,,,,04/25,3596.0,Nayandanahalli Tank,"D (Propagation of wild life,fisheries)",5.9,8.3,890.0,7.0,3.4,310.0,3500.0,32.0,200.0,16.0,216.0,152.0,78.0,1.5,0.8,184.0,96.0,88.0,21.0,98.0,614.0,10.0,0.24,0.5,11.0,0.39,52.0,3.1,0.57,2025.0
Nayandanahalli Tank,NYD,2025-05-02,12.9342,77.5227,0.0753619139800084,0.1029240637666261,0.1064771717649221,0.1441317682669294,0.2033481416302969,0.2214693544980993,0.2156584189778967,0.2063399338307756,0.1480166126988595,-0.3405676143785241,-0.3410213672554985,0.1635220764198801,0.0104972035906687,1.0252053745683458,1.4186936566894983,05/25,3596.0,Nayandanahalli Tank,D,6.5,8.3,767.0,4.0,2.9,58.0,920.0,48.0,152.0,24.0,176.0,128.0,47.0,1.5,0.4,144.0,76.0,68.0,31.0,102.0,526.0,10.0,0.2,0.5,2.0,0.46,60.0,3.6,0.3,2025.0
Nayandanahalli Tank,NYD,2025-06-01,12.9342,77.5227,,,,,,,,,,,,,,,,06/25,3596.0,Nayandanahalli Tank,D,4.7,7.2,931.0,6.0,3.4,200.0,1500.0,3.0,164.0,5.0,164.0,108.0,72.0,1.5,0.52,172.0,92.0,80.0,29.0,68.0,630.0,10.0,0.2,0.5,5.0,0.36,45.0,2.25,0.52,2025.0
Nayandanahalli Tank,NYD,2025-11-10,12.9342,77.5227,,,,,,,,,,,,,,,,11/25,3596.0,Nayandanahalli Tank,D,6.0,7.8,699.0,4.0,2.6,430.8695652173913,2800.0,38.647887323943664,144.0,20.0,144.0,108.0,44.0,9.88,0.42,136.0,76.0,60.0,28.0,73.0,462.0,73.0,0.8354545454545454,0.5,9.0,0.31,52.0,2.7,0.18,2025.0
Nelamangala Lake,NLM,2023-08-16,13.097,77.3925,0.1536298179513363,0.1818947537149129,0.196423736426121,0.2281961231029263,0.2856373569491884,0.3193855910419381,0.315030969400331,0.3260103454346984,0.2826809570759533,-0.2785987181013345,-0.2998251660640424,0.0973960837696603,0.030592229840381,1.0693135424519018,1.2748794335299714,08/23,4505.0,NELAMANGALA LAKE,"D (Propagation of wild life,fisheries)",4.1,7.3,1692.0,9.0,6.0,470.0,16000.0,10.304761904761904,428.0,5.0,428.0,244.0,96.0,2.901904761904762,0.66,500.0,252.0,248.0,22.0,116.0,1136.0,26.11428571428571,0.41,0.5,28.0,0.31,41.0,1.6122857142857143,0.2690476190476191,2023.0
Nelamangala Lake,NLM,2023-10-10,13.097,77.3925,0.1115286841085954,0.1379800656499317,0.1506415012709804,0.1812245818514736,0.2377475368851014,0.2651107222085284,0.2647183598014016,0.266209370048241,0.2126519067572801,-0.3232963527593577,-0.3408029829636506,0.1296578800317616,0.028782379246841,1.0720395357780472,1.4192688639226452,10/23,4505.0,NELAMANGALA LAKE,"E (Irrigation, industrial cooling and controlled waste)",3.2,7.1,1156.0,12.0,5.0,4300.0,92000.0,3.0,264.0,5.0,264.0,204.0,108.0,11.765948275862067,0.4,292.0,152.0,140.0,39.0,89.0,786.0,46.29694323144105,0.56,0.5,42.0,0.42,36.0,2.0,1.2,2023.0
Nelamangala Lake,NLM,2023-12-24,13.097,77.3925,0.1155608718616853,0.1382837492844452,0.1534525722188111,0.1788229550336279,0.2195825381175393,0.2421924926934048,0.2443935525898798,0.2591135145603718,0.2189456952709601,-0.2888578973967535,-0.3197119259347166,0.0993698038966862,0.0442456611263972,1.0992143230153624,1.265079647820243,12/23,4505.0,NELAMANGALA LAKE,"D (Propagation of wild life,fisheries)",6.9,7.2,1435.0,4.0,5.5,58000.0,920000.0,3.0,332.0,5.0,332.0,240.0,46.0,1.5,0.92,392.0,200.0,161.0,58.0,115.0,996.0,12.0,0.34,0.5,29.0,0.2,38.0,2.5,0.95,2023.0
Nelamangala Lake,NLM,2024-03-03,13.097,77.3925,0.1220337828796788,0.1511042112374188,0.1774786616129171,0.2065321807105883,0.2330158139371103,0.2518545547378428,0.2508908165780485,0.2986146237543576,0.2641148455931549,-0.2525085361547727,-0.3331045393920374,0.088768494025723,0.0739748552926613,1.1670507959486989,1.2202514731486511,03/24,4505.0,Nelamangala Lake,"D (Propagation of wild life,fisheries)",4.2,6.9,1856.0,10.0,5.9,2200.0,4900.0,3.0,524.0,5.0,524.0,292.0,99.0,1.5,0.99,504.0,260.0,244.0,29.0,179.0,1264.0,10.0,2.0,0.5,23.0,0.44,42.0,3.5,5.8,2024.0
Nelamangala Lake,NLM,2024-04-02,13.097,77.3925,0.1289378182330364,0.1608201731558463,0.1932481601491926,0.2225919152082819,0.2578666889679215,0.2823584351561676,0.2844551427867178,0.3260655621676819,0.2930268530582064,-0.2796967786479017,-0.3497483950963284,0.0904067566405047,0.0816374371948319,1.1871133764266513,1.240874563354936,04/24,4505.0,Nelamangala Lake,"E (Irrigation, industrial cooling and controlled waste)",2.8,7.2,2330.0,54.0,8.0,220.0,2400.0,3.0,430.0,5.0,430.0,580.0,244.0,10.2,6.5,650.0,340.0,310.0,50.0,254.0,1556.0,18.0,1.0,0.5,36.0,0.49,92.0,4.0,3.6,2024.0
Nelamangala Lake,NLM,2024-05-02,13.097,77.3925,0.131059741540195,0.1652234797825246,0.1958262301126701,0.2218797492869468,0.2529899045741046,0.2775813831472938,0.2753999718299941,0.3176617063981126,0.2785573400471847,-0.2530319152976122,-0.3240638200680407,0.0773108350517368,0.0793708739315642,1.177348387265048,1.1965053278252018,05/24,4505.0,Nelamangala Lake,"E (Irrigation, industrial cooling and controlled waste)",3.0,6.9,2540.0,29.0,10.24,140.0,2400.0,3.0,556.0,5.0,556.0,400.0,164.0,4.55,3.5,632.0,320.0,312.0,43.0,232.0,1702.0,10.0,0.91,0.5,20.0,0.38,44.0,4.0,2.36,2024.0
Nelamangala Lake,NLM,2024-06-01,13.097,77.3925,0.1340736434381492,0.1597362344343333,0.1743197226608621,0.2030860241557802,0.2587973379344345,0.2904264621993732,0.2859700447198846,0.2936568576358323,0.2509010598964755,-0.2839949388285654,-0.3032217117969366,0.0905176794979676,0.0374515911508912,1.0820387632294053,1.225376663301221,06/24,4505.0,Nelamangala Lake,"E (Irrigation, industrial cooling and controlled waste)",0.3,6.5,1235.0,79.0,10.08,380.0,2800.0,3.0,284.0,5.0,284.0,208.0,361.0,28.4,23.6,336.0,172.0,164.0,50.0,113.0,832.0,16.0,0.89,0.5,25.0,0.39,40.0,2.68,2.6,2024.0
Nelamangala Lake,NLM,2024-09-19,13.097,77.3925,0.1522233634987147,0.1800003312403515,0.1951663677598921,0.228460681714145,0.2853474594175851,0.3177381844431141,0.3122159899996478,0.3238239339413358,0.2778570336983698,-0.2833539853997935,-0.3071891140382955,0.1097321634525468,0.0305606342064502,1.0714069698694124,1.3104531141853444,09/24,4505.0,Nelamangala Lake,"E (Irrigation, industrial cooling and controlled waste)",1.6,7.5,1133.0,18.0,4.0,1500.0,13000.0,3.0,276.0,5.0,276.0,204.0,121.0,3.9,2.9,284.0,144.0,140.0,22.0,110.0,770.0,18.0,1.2,0.5,30.0,0.2,42.0,2.8,2.2,2024.0
Nelamangala Lake,NLM,2024-12-08,13.097,77.3925,0.1103009472164513,0.1284658480483489,0.1361059832597441,0.1632323180393677,0.2094694003309976,0.2342158737983733,0.2293152646219937,0.2427732490580651,0.2029490897566816,-0.2927564250766474,-0.3269943361818728,0.1239805483419489,0.0127551952114901,1.0375366705390403,1.3499538894401542,12/24,4505.0,Nelamangala Lake,"D (Propagation of wild life,fisheries)",5.8,6.5,1224.0,8.0,5.5,260.0,3500.0,3.0,300.0,5.0,300.0,168.0,70.0,9.3,7.1,312.0,160.0,152.0,18.0,96.0,832.0,10.0,2.0,0.5,19.0,0.39,38.0,2.4,4.5,2024.0
Nelamangala Lake,NLM,2025-01-07,13.097,77.3925,0.1156217049896123,0.1315903376027469,0.1412603784266095,0.1636041198633755,0.1999077573153985,0.2188446776294941,0.2206017007641113,0.2375060495087854,0.2005245114264588,-0.2558133625886531,-0.2913503580901291,0.084766699526054,0.0297811920826216,1.0657886980153295,1.2023174641929637,01/25,4505.0,Nelamangala Lake,"E (Irrigation, industrial cooling and controlled waste)",1.2,6.7,1431.0,20.0,5.77,260.0,5400.0,3.0,384.0,5.0,384.0,220.0,152.0,11.42,9.1,392.0,200.0,192.0,23.0,113.0,980.0,10.0,0.78,0.5,22.0,0.21,37.0,2.49,2.22,2025.0
Nelamangala Lake,NLM,2025-02-01,13.097,77.3925,0.1192035578144853,0.1408675989701756,0.1554193142446508,0.1728393900889453,0.1839724269377382,0.1976506988564167,0.1976537484116899,0.26491041931385,0.2442792884371029,-0.1678442727927838,-0.3062029693948648,0.0529120937020865,0.0493345578135983,1.104338597351343,1.1188910579140865,02/25,4505.0,Nelamangala Lake,"E (Irrigation, industrial cooling and controlled waste)",2.4,6.7,1538.0,28.0,5.4,240.0,2200.0,3.0,392.0,5.0,392.0,236.0,184.0,8.9,6.6,432.0,224.0,208.0,16.0,99.0,1012.0,10.0,0.74,0.5,21.0,0.2,32.0,2.0,2.0,2025.0
Nelamangala Lake,NLM,2025-03-08,13.097,77.3925,0.1148001443712807,0.144539124506276,0.170878850859426,0.2013100426071342,0.2399345645973449,0.2611886897425967,0.2701256241416951,0.2933969294693475,0.2552015141378219,-0.3005046927593437,-0.350490705101348,0.1091125108287279,0.0680108209832611,1.166140391178532,1.3244473023228729,03/25,4505.0,Nelamangala Lake,"E (Irrigation, industrial cooling and controlled waste)",1.6,6.6,1483.0,29.0,5.7,310.0,1700.0,3.0,392.0,5.0,392.0,268.0,196.0,2.13,1.7,464.0,236.0,228.0,6.410256410256411,131.0,1004.0,10.0,0.45,0.5,31.0,0.43,36.0,2.64,1.28,2025.0
Nelamangala Lake,NLM,2025-04-02,13.097,77.3925,,,,,,,,,,,,,,,,04/25,4505.0,Nelamangala Lake,"D (Propagation of wild life,fisheries)",6.2,7.1,1326.0,5.0,5.35,270.0,1700.0,3.0,372.0,5.0,372.0,304.0,56.0,1.5,0.54,396.0,204.0,192.0,11.0,121.0,908.0,10.0,0.33,0.5,10.0,0.34,39.0,2.65,0.96,2025.0
Nelamangala Lake,NLM,2025-05-02,13.097,77.3925,0.1339481178914751,0.1660854966863778,0.184319039582608,0.2176133420190853,0.266491063065601,0.288269731328568,0.2931527976337194,0.3044144124793126,0.2488025916405507,-0.2811071238765461,-0.3138361613662567,0.113314824341603,0.0430046219101729,1.0983607323416056,1.3552478195760471,05/25,4505.0,Nelamangala Lake,E,0.3,6.9,1228.0,38.0,4.7,1700.0,7900.0,3.0,508.0,5.0,508.0,324.0,250.0,1.5,0.4,484.0,248.0,236.0,10.0,109.0,852.0,16.0,0.3,0.5,3.0,0.71,49.0,4.0,0.9,2025.0
Nelamangala Lake,NLM,2025-06-01,13.097,77.3925,,,,,,,,,,,,,,,,06/25,4505.0,Nelamangala Lake,D,5.5,7.0,895.0,6.0,3.4,12000.0,41000.0,3.0,288.0,5.0,288.0,168.0,71.0,1.5,0.4,276.0,144.0,132.0,9.0,87.0,612.0,20.0,0.2,0.5,2.0,0.41,40.0,2.3,0.48,2025.0
Nelamangala Lake,NLM,2025-11-10,13.097,77.3925,0.0919771356612892,0.1122302227919121,0.1259158055307095,0.1495697910285209,0.1797016744945886,0.2000916479477229,0.1941084473487169,0.218746627186713,0.1860701586005037,-0.2737026744049014,-0.3288638948542043,0.1019555469958786,0.0524710150448472,1.1177437323473602,1.2525136055527584,11/25,4505.0,Nelamangala Lake,E,3.1,7.0,1229.0,14.0,4.7,2079.130434782609,1700.0,15.661971830985916,284.0,20.0,284.0,204.0,128.0,4.8,4.3,332.0,172.0,160.0,50.0,108.0,824.0,14.0,0.44,0.5,25.0,0.35,39.0,2.57,1.28,2025.0
Parappana Agrahara Lake,PRP,2023-08-16,12.9112,77.6586,0.0419960504083356,0.0701793932654404,0.0491654500567205,0.1191554139678964,0.3014085680090115,0.3616024218529994,0.3647415516755845,0.216942825964517,0.1100570684314278,-0.676851438029527,-0.5116548580066963,0.4177553427135926,-0.1786187303149803,0.6987021168831142,2.447098195640956,08/23,3620.0,PARAPPANA AGRAHARA LAKE,"E (Irrigation, industrial cooling and controlled waste)",3.4,8.0,904.0,12.0,3.7,4700.0,160000.0,4.485714285714286,236.0,5.0,236.0,148.0,119.0,4.3342857142857145,1.3,268.0,140.0,128.0,35.0,111.0,620.0,18.057142857142857,0.4,0.5,35.0,0.35,41.0,1.9211428571428573,0.4928571428571429,2023.0
Parappana Agrahara Lake,PRP,2023-10-10,12.9112,77.6586,0.0017257040270346,0.0416389609809903,0.0205039143780263,0.0983118839763446,0.272495142213461,0.318142357786539,0.3249770029569135,0.1898246479864827,0.0863054878907351,-0.7721892297782748,-0.6409830948204956,0.6586974160835324,-0.3476572216862221,0.4909405488462714,5.000192581538875,10/23,3620.0,PARAPPANA AGRAHARA LAKE,"D (Propagation of wild life,fisheries)",5.5,8.2,800.0,6.0,3.0,3100.0,35000.0,3.0,136.0,5.0,136.0,120.0,72.0,9.932543103448277,0.4,176.0,96.0,80.0,31.0,84.0,540.0,79.95633187772926,0.31,0.5,22.0,0.25,47.0,3.0,0.89,2023.0
Parappana Agrahara Lake,PRP,2023-12-24,12.9112,77.6586,0.0181721486905097,0.0280791750067325,0.0195181533618602,0.0491613665164742,0.1288346662911856,0.153575587862574,0.1541425197127569,0.1145518903125879,0.0608588179386088,-0.6914331170990394,-0.607231285475567,0.4360205405783999,-0.1856365811231601,0.692846214914617,2.578190757805788,12/23,3620.0,"PARAPPANA
AGRAHARA LAKE","E (Irrigation, industrial cooling and controlled waste)",2.6,7.5,863.0,8.0,3.6,23000.0,240000.0,3.0,200.0,5.0,200.0,136.0,83.0,2.2,1.7,196.0,104.0,92.0,33.0,104.0,596.0,16.0,2.2,0.5,29.0,0.38,49.0,3.2,4.0,2023.0
Parappana Agrahara Lake,PRP,2024-03-03,12.9112,77.6586,0.0337931138822666,0.0432642030010644,0.0547524895939163,0.0775328993214743,0.0953831377223546,0.1106544562626077,0.1177098844672656,0.1852398358701632,0.1362326196589033,-0.4617967432944669,-0.6221864972934104,0.1729238865138447,0.1154013853746337,1.26352190093811,1.4255786703903972,03/24,3620.0,Parappana Agrahara Lake,"E (Irrigation, industrial cooling and controlled waste)",2.3,8.5,1088.0,17.0,4.0,13000.0,33000.0,24.0,112.0,12.0,136.0,212.0,168.0,4.84,3.8,152.0,80.0,72.0,42.0,169.0,750.0,86.0,0.2,0.5,40.0,0.27,70.0,6.0,0.3,2024.0
Parappana Agrahara Lake,PRP,2024-04-02,12.9112,77.6586,0.0464705681498169,0.0569312906255187,0.0703206529752441,0.0937665727963953,0.1153556814981694,0.1308257251478457,0.139354125598423,0.2049903231484088,0.1536242150098565,-0.4189705960241902,-0.5659192192050576,0.1429678908502268,0.1037677013506875,1.233212355999334,1.3382170366050914,04/24,3620.0,Parappana Agrahara Lake,"E (Irrigation, industrial cooling and controlled waste)",0.3,8.2,882.0,66.0,4.0,14000.0,46000.0,3.0,172.0,5.0,172.0,160.0,292.0,17.4,13.8,120.0,64.0,56.0,19.0,98.0,580.0,138.0,1.04,0.5,33.0,0.26,56.0,4.0,2.8,2024.0
Parappana Agrahara Lake,PRP,2024-05-02,12.9112,77.6586,0.0640382005068994,0.0765465467987816,0.0872192023465186,0.1126689876091241,0.1371011933258237,0.1556442973810194,0.1595141826246128,0.2202641579836667,0.1586987961137708,-0.3503760807074291,-0.4844156604809491,0.1275801964563439,0.0639760490857292,1.13776975807729,1.2949524416060274,05/24,3620.0,Parappana Agrahara Lake,"E (Irrigation, industrial cooling and controlled waste)",3.2,8.5,1521.0,19.0,5.3,140.0,2800.0,40.0,164.0,20.0,204.0,328.0,158.0,2.9,2.3,180.0,96.0,84.0,23.0,147.0,1032.0,16.0,0.95,0.5,19.0,0.59,61.0,4.8,2.7,2024.0
Parappana Agrahara Lake,PRP,2024-06-01,12.9112,77.6586,0.083196721657314,0.1085456473445807,0.0793149617217014,0.145421370406312,0.3035232099911398,0.3543244715412852,0.3485498966288344,0.2318799080207585,0.1304574406143201,-0.524184835150453,-0.362129319270741,0.294660429683689,-0.1562712146827437,0.7305681105701974,1.838528371919989,06/24,3620.0,Parappana Agrahara Lake,"D (Propagation of wild life,fisheries)",4.1,8.5,712.0,14.0,2.4,1400.0,4800.0,32.0,128.0,16.0,160.0,152.0,143.0,1.5,0.99,148.0,80.0,68.0,11.0,70.0,310.0,482.0,0.52,0.5,9.0,0.2,48.0,2.5,1.4,2024.0
Parappana Agrahara Lake,PRP,2024-09-19,12.9112,77.6586,0.0456809419881723,0.0746396156023978,0.0742692836102384,0.1299608701774148,0.2640115284426921,0.3112527316248943,0.3099222648549704,0.2645705012672487,0.168515527316249,-0.6110277903621432,-0.5610358823091806,0.2922671836316907,-0.0258832251301211,0.9694478575389316,1.9132810416609751,09/24,3620.0,Parappana Agrahara Lake,"E (Irrigation, industrial cooling and controlled waste)",3.1,8.4,826.0,17.0,3.2,140.0,2400.0,24.0,212.0,12.0,224.0,136.0,161.0,1.5,0.66,240.0,124.0,116.0,34.0,76.0,568.0,78.0,0.46,0.5,15.0,0.31,44.0,2.3,1.31,2024.0
Parappana Agrahara Lake,PRP,2024-12-08,12.9112,77.6586,0.0311416537595043,0.0488879928342794,0.0344146437593112,0.0828483631371444,0.2179483736975498,0.2588114404393129,0.2596074662067023,0.1804145311179948,0.0949854196001126,-0.6817332934113836,-0.5752435991308259,0.417163111887316,-0.1777666616947842,0.7040546023582264,2.4730207208727744,12/24,3620.0,Parappana Agrahara Lake,"E (Irrigation, industrial cooling and controlled waste)",3.2,8.4,632.0,15.0,2.4,2100.0,11000.0,32.0,156.0,16.0,172.0,140.0,159.0,2.7,2.1,196.0,104.0,92.0,28.0,99.0,430.0,126.0,0.9,0.5,21.0,0.29,49.0,3.0,2.2,2024.0
Parappana Agrahara Lake,PRP,2025-03-08,12.9112,77.6586,0.0461019959166431,0.0604489581924067,0.0745122745133237,0.1063594902844268,0.1416686285553365,0.1595305618135736,0.1734011264432555,0.2426782948465222,0.1672108807378201,-0.4830701565839436,-0.6011096750516962,0.1801015926841045,0.0987412431931421,1.2244807939985325,1.4516520430241695,03/25,3620.0,Parappana Agrahara Lake,"D (Propagation of wild life,fisheries)",5.4,8.5,763.0,9.0,3.0,1100.0,9400.0,104.0,120.0,52.0,172.0,156.0,100.0,2.08,1.6,176.0,88.0,88.0,7.153846153846154,102.0,530.0,18.0,0.36,0.5,27.0,0.23,51.0,3.3,0.8,2025.0
Parappana Agrahara Lake,PRP,2025-04-02,12.9112,77.6586,,,,,,,,,,,,,,,,04/25,3620.0,Parappana Agrahara Lake,"E (Irrigation, industrial cooling and controlled waste)",1.2,8.1,1021.0,32.0,3.92,140.0,4300.0,3.0,152.0,5.0,152.0,164.0,210.0,1.5,0.4,132.0,88.0,44.0,24.0,128.0,696.0,10.0,0.25,0.5,26.0,0.3,63.0,4.85,0.65,2025.0
Parappana Agrahara Lake,PRP,2025-05-02,12.9112,77.6586,0.0635471381301042,0.0854147743555407,0.0837807378345343,0.1346744754998592,0.2107032842861167,0.2326730287243032,0.2349339270627992,0.2490194522669669,0.1555094973246973,-0.4656543266236216,-0.4889489273764529,0.2358904833567237,-0.013224767999215,0.9778586713755252,1.6282828273903884,05/25,3620.0,Parappana Agrahara Lake,D,5.9,7.8,872.0,6.0,3.5,260.0,2200.0,3.0,112.0,5.0,112.0,156.0,52.0,1.5,0.4,108.0,60.0,48.0,20.0,72.0,594.0,24.0,0.2,0.5,6.0,0.37,57.0,3.03,0.39,2025.0
Parappana Agrahara Lake,PRP,2025-06-01,12.9112,77.6586,,,,,,,,,,,,,,,,06/25,3620.0,Parappana Agrahara Lake,E,2.1,7.5,876.0,25.0,3.3,240.0,2200.0,3.0,176.0,5.0,176.0,132.0,160.0,1.5,0.4,188.0,100.0,88.0,34.0,101.0,582.0,26.0,1.08,0.5,3.0,0.23,53.0,3.3,2.5,2025.0
Parappana Agrahara Lake,PRP,2025-11-10,12.9112,77.6586,,,,,,,,,,,,,,,,11/25,3620.0,Parappana Agrahara Lake,D,6.9,7.9,675.0,4.0,2.6,1206.521739130435,9200.0,27.83098591549296,152.0,20.0,152.0,108.0,48.0,8.090909090909092,0.4,180.0,92.0,88.0,28.0,67.0,462.0,34.0,1.163333333333333,0.5,14.0,0.4566666666666666,42.0,2.17,0.22,2025.0
Puttenahalli Lake,PTN,2023-08-16,12.8982,77.5855,0.1801053908355795,0.189402427654864,0.2092969016827181,0.2688929919137466,0.2848765498652291,0.3086528301886793,0.2745424528301887,0.3172101078167116,0.3100137466307277,-0.1850585220413289,-0.2527527686763046,0.1241177698832466,0.0493659067195803,1.104666273749352,1.2881429062746104,08/23,3614.0,PUTTENAHALLI LAKE,"D (Propagation of wild life,fisheries)",4.2,7.2,390.0,4.0,2.0,4800.0,54000.0,7.457142857142857,96.0,5.0,96.0,48.0,40.0,3.602857142857143,0.62,120.0,64.0,56.0,13.0,36.0,268.0,22.17142857142857,0.55,0.5,12.0,0.2,41.0,1.7634285714285711,0.3785714285714286,2023.0
Puttenahalli Lake,PTN,2023-10-10,12.8982,77.5855,0.1194634347275031,0.1438930328524086,0.1508182130100586,0.180356354738769,0.220967405999155,0.2355946908886071,0.2356398218560766,0.2281917934093789,0.1788908639628222,-0.2431890649481457,-0.2389064829626604,0.106252773911505,0.0188815430050179,1.0435177525114223,1.2759549757799566,10/23,3624.0,PUTTENAHALLI LAKE,"D (Propagation of wild life,fisheries)",5.2,7.5,497.0,6.0,2.0,700.0,16000.0,3.0,112.0,5.0,112.0,56.0,56.0,11.726939655172414,0.41,124.0,68.0,56.0,14.0,33.0,338.0,47.01310043668122,0.34,0.5,2.0,0.2,35.0,1.0,0.77,2023.0
Puttenahalli Lake,PTN,2023-12-24,12.8982,77.5855,0.1115310237994648,0.1309390302761652,0.1367180996334843,0.1607137022954514,0.1923571011125192,0.2085852696803266,0.2094951943388255,0.2055875721729333,0.1744479017039852,-0.2388206843825283,-0.2437524491465324,0.1021020504820445,0.0216186891471647,1.0488393456212977,1.268818373074943,12/23,3614.0,PUTTENAHALLI LAKE,"D (Propagation of wild life,fisheries)",5.6,7.7,534.0,6.0,2.15,480.0,16000.0,3.0,120.0,5.0,120.0,76.0,60.0,1.5,0.4,112.0,48.0,64.0,25.0,55.0,368.0,10.0,0.2,0.5,27.0,0.24,45.0,2.0,0.05,2023.0
Puttenahalli Lake,PTN,2024-03-03,12.8982,77.5855,0.1131949408534009,0.1404955179209288,0.1533462150143573,0.1824902724968315,0.2132368046753979,0.2301573722010987,0.231014093085481,0.2363007780594285,0.2044955992113788,-0.2498227971017216,-0.2762017519042327,0.1088294728642389,0.0399792481496165,1.0891780123413866,1.3064355468413724,03/24,3614.0,Puttenahalli Lake,"E (Irrigation, industrial cooling and controlled waste)",3.1,8.0,667.0,12.0,2.5,1400.0,4900.0,3.0,128.0,5.0,128.0,100.0,116.0,1.5,0.98,128.0,72.0,56.0,11.0,66.0,456.0,22.0,0.2,0.5,8.0,0.22,50.0,2.5,0.05,2024.0
Puttenahalli Lake,PTN,2024-04-02,12.8982,77.5855,,,,,,,,,,,,,,,,04/24,3614.0,Puttenahalli Lake,"D (Propagation of wild life,fisheries)",4.6,7.5,640.0,5.0,1.5,340.0,2800.0,3.0,140.0,5.0,140.0,132.0,46.0,1.5,0.4,160.0,84.0,76.0,9.0,61.0,438.0,10.0,0.39,0.5,8.0,0.22,44.0,2.1,1.21,2024.0
Puttenahalli Lake,PTN,2024-05-02,12.8982,77.5855,0.1603599559147686,0.1822896409016116,0.1905530665636413,0.2116193240264512,0.233138427626745,0.2504656869948568,0.2398753122703894,0.2593351212343865,0.2313372520205732,-0.1386314006411753,-0.1849287698582804,0.0619175538107949,0.0210069564004093,1.0448893042689122,1.1451783205148842,05/24,3614.0,Puttenahalli Lake,"D (Propagation of wild life,fisheries)",4.2,7.4,546.0,8.0,2.1,285.0,3500.0,3.0,104.0,5.0,104.0,76.0,77.0,1.5,0.83,116.0,64.0,52.0,19.0,65.0,372.0,10.0,0.2,0.5,16.0,0.2,50.0,0.37,0.3,2024.0
Puttenahalli Lake,PTN,2024-06-01,12.8982,77.5855,0.1384584389522602,0.1644111179133282,0.1768907932259028,0.2055694303619209,0.2472129559217012,0.2742355583720604,0.2640023975496409,0.2658060484438811,0.2290067279256443,-0.2331934329264007,-0.2436613960915968,0.0847751857377335,0.0337245373732975,1.0727140690021368,1.2051149348959838,06/24,3614.0,Puttenahalli Lake,"E (Irrigation, industrial cooling and controlled waste)",3.7,6.7,580.0,16.0,2.0,3100.0,11000.0,3.0,112.0,5.0,112.0,84.0,109.0,1.5,4.1,104.0,56.0,48.0,22.0,64.0,396.0,36.0,0.3,0.5,15.0,0.2,53.0,2.8,0.7,2024.0
Puttenahalli Lake,PTN,2024-09-19,12.8982,77.5855,0.1303388818476271,0.1585171103189989,0.1669303624612829,0.2031733523447402,0.2551848718490354,0.2784956132939021,0.2743836325869597,0.265720757639769,0.2286862589776087,-0.2765957347091709,-0.2728267290868959,0.1172651384888125,0.0245850144118172,1.056163660426358,1.3117475943293635,09/24,3614.0,Puttenahalli Lake,"D (Propagation of wild life,fisheries)",5.1,7.4,444.0,7.0,1.5,390.0,9200.0,3.0,100.0,5.0,100.0,60.0,84.0,1.5,0.4,104.0,60.0,44.0,12.0,55.0,300.0,28.0,0.43,0.5,14.0,0.32,49.0,2.0,1.1,2024.0
Puttenahalli Lake,PTN,2024-12-08,12.8982,77.5855,0.1072720708350936,0.126548535050844,0.131858129355568,0.1566647021546262,0.1931566399098719,0.2099559569074777,0.2110130721025205,0.2091919412758767,0.1743566575130262,-0.2605417159434282,-0.2724923695431902,0.1149384791585963,0.0160201319214316,1.0434192031660188,1.33083044052124,12/24,3614.0,Puttenahalli Lake,"D (Propagation of wild life,fisheries)",5.8,8.0,685.0,4.0,2.6,32.0,920.0,3.0,156.0,5.0,156.0,112.0,52.0,1.5,0.4,184.0,96.0,88.0,28.0,67.0,462.0,10.0,0.2,0.5,14.0,0.32,42.0,2.15,0.49,2024.0
Puttenahalli Lake,PTN,2025-03-08,12.8982,77.5855,0.1159148218560766,0.1400846572562164,0.1554128574775321,0.1826685502041967,0.2162621673003803,0.2327832065906208,0.2392430291508237,0.2451625369666245,0.2116294993662868,-0.2651022092110264,-0.2897574769975438,0.1003872686647535,0.0481398123686146,1.107544146610851,1.2675989006274544,03/25,3614.0,Puttenahalli Lake,"D (Propagation of wild life,fisheries)",4.1,8.0,905.0,18.0,3.0,780.0,4300.0,3.0,296.0,5.0,296.0,152.0,128.0,1.71,1.3,268.0,136.0,132.0,7.282051282051282,110.0,620.0,10.0,1.3,0.5,12.0,0.29,46.0,2.9,3.0,2025.0
Puttenahalli Lake,PTN,2025-04-02,12.8982,77.5855,,,,,,,,,,,,,,,,04/25,3614.0,Puttenahalli Lake,"D (Propagation of wild life,fisheries)",5.8,6.5,600.0,5.0,2.42,120.0,920.0,3.0,136.0,5.0,136.0,80.0,56.0,1.5,0.4,100.0,56.0,44.0,10.0,50.0,408.0,10.0,0.49,0.5,4.0,0.2,51.0,2.17,1.41,2025.0
Puttenahalli Lake,PTN,2025-05-02,12.8982,77.5855,0.1295837522884101,0.1550873318694164,0.1698773588826246,0.1960485741444868,0.2321171489930996,0.2457540733699479,0.2415710780171807,0.2630807843965639,0.2159893395296435,-0.2142027042489912,-0.2579234393027996,0.0760647485138901,0.0432702598239447,1.0927158676498925,1.176892527803635,05/25,3614.0,Puttenahalli Lake,D,5.0,7.6,674.0,8.0,2.6,260.0,2800.0,3.0,144.0,5.0,144.0,112.0,78.0,1.5,0.4,108.0,56.0,52.0,11.0,90.0,458.0,46.0,0.2,0.5,19.0,0.51,59.0,3.8,0.3,2025.0
Puttenahalli Lake,PTN,2025-06-01,12.8982,77.5855,,,,,,,,,,,,,,,,06/25,3614.0,Puttenahalli Lake,D,5.4,7.1,536.0,8.0,2.0,3100.0,7000.0,3.0,136.0,5.0,136.0,92.0,94.0,2.0,1.5,120.0,60.0,60.0,7.0,73.0,370.0,28.0,0.2,0.5,3.0,0.37,56.0,2.9,0.15,2025.0
Puttenahalli Lake,PTN,2025-11-10,12.8982,77.5855,0.180727002967359,0.1832551939816432,0.1756356098973786,0.1858258160237389,0.2096376854599406,0.2190154302670622,0.2331560830860533,0.165053709198813,0.1083608308605341,-0.1220216607895046,0.0493817118796728,0.032611564480962,-0.0226994296684921,0.9561368204406048,1.07819571940683,11/25,3614.0,Puttenahalli Lake,D,5.0,6.9,373.0,5.0,1.5,1012.608695652174,9200.0,30.535211267605632,124.0,20.0,124.0,36.0,48.0,10.436363636363636,0.4,108.0,60.0,48.0,13.0,28.0,254.0,13.0,0.23,0.5,2.0,0.31,35.0,1.17,0.68,2025.0
Ramammana Kere,RMK,2023-08-16,13.017,77.572,,,,,,,,,,,,,,,,08/23,4513.0,RAMAMMANA KERE,"D (Propagation of wild life,fisheries)",5.4,7.3,603.0,7.0,1.1,390.0,16000.0,14.514285714285714,112.0,5.0,152.0,104.0,69.0,1.865714285714286,0.68,132.0,72.0,60.0,10.0,41.0,412.0,31.942857142857143,0.2,0.5,18.0,0.2,41.0,1.3888571428571428,0.1071428571428571,2023.0
Ramammana Kere,RMK,2023-10-10,13.017,77.572,0.0413559725400457,0.0585785039531221,0.0487039181199387,0.0932426755852842,0.228801415243795,0.2730019116352756,0.2786122760077451,0.2062575250836121,0.119094293258229,-0.6440680802724833,-0.5655936073007066,0.3607793188068771,-0.1364044193804477,0.7808394131390113,2.312536434234399,10/23,4513.0,RAMAMMANA KERE,"D (Propagation of wild life,fisheries)",5.2,7.3,520.0,5.0,2.0,480.0,16000.0,3.0,140.0,5.0,140.0,40.0,44.0,8.801293103448275,0.4,160.0,80.0,80.0,28.0,34.0,354.0,100.72489082969432,0.2,0.5,3.0,0.21,31.0,1.5,0.05,2023.0
Ramammana Kere,RMK,2023-12-24,13.017,77.572,0.0443083928885759,0.054135712144296,0.0475130082399067,0.0809846189051223,0.18165991902834,0.2199815490230594,0.2239973420172505,0.17740143284633,0.1148529343425452,-0.613892384418786,-0.5533567277321869,0.3340304977445407,-0.1260098040563785,0.800750606187008,2.199556964846884,12/23,4513.0,RAMAMMANA KERE,"D (Propagation of wild life,fisheries)",4.1,6.7,142.0,11.0,0.4,4800.0,54000.0,3.0,44.0,5.0,44.0,20.0,114.0,1.5,0.99,36.0,24.0,12.0,5.0,16.0,98.0,26.0,0.2,0.5,2.0,0.21,47.0,1.2,0.05,2023.0
Ramammana Kere,RMK,2024-03-03,13.017,77.572,0.0675496813941207,0.0852462387819658,0.0779867595621994,0.1241040943495864,0.2325086358035557,0.2717641365956698,0.2758345854603062,0.2127724309100511,0.1466095933814468,-0.522515874442444,-0.4324919009238455,0.2545699567043633,-0.0681368091717745,0.8865639699267218,1.7543716114552732,03/24,4513.0,Ramammana Kere,"D (Propagation of wild life,fisheries)",4.8,8.0,1114.0,8.0,6.0,170.0,2400.0,3.0,412.0,5.0,412.0,292.0,70.0,1.5,0.83,556.0,284.0,272.0,5.0,184.0,778.0,10.0,1.3,0.5,37.0,0.2,40.0,3.4,4.6,2024.0
Ramammana Kere,RMK,2024-04-02,13.017,77.572,0.0622061679281816,0.0783176690080367,0.0781084210573682,0.1180068016194332,0.2380441788417531,0.2882461503256468,0.2952546910755149,0.227070114416476,0.1560161556064074,-0.5748832720000093,-0.4959856416024077,0.2363695808167687,-0.0248352607559199,0.9633460151106008,1.69447018638373,04/24,4513.0,Ramammana Kere,"D (Propagation of wild life,fisheries)",4.8,7.9,2033.0,7.0,7.0,210.0,1100.0,3.0,476.0,5.0,476.0,364.0,84.0,1.5,0.42,624.0,320.0,304.0,13.0,249.0,1342.0,10.0,0.3,0.5,38.0,0.22,44.0,4.0,0.86,2024.0
Ramammana Kere,RMK,2024-05-02,13.017,77.572,0.070551385319486,0.0889253934651555,0.0913804578749127,0.1307602288329519,0.2373751417004049,0.2846875127618375,0.284466294666432,0.2306016229537053,0.161053634923429,-0.5217607404319023,-0.4490683500501563,0.1997309011223327,-0.0019799932676209,1.0043737853301309,1.539556628427843,05/24,4513.0,Ramammana Kere,"D (Propagation of wild life,fisheries)",4.2,7.7,1477.0,5.0,5.9,310.0,3500.0,3.0,300.0,5.0,300.0,204.0,44.0,1.5,0.48,416.0,212.0,204.0,16.0,116.0,988.0,10.0,0.88,0.5,12.0,0.22,37.0,2.0,2.27,2024.0
Ramammana Kere,RMK,2024-06-01,13.017,77.572,0.0743832670304524,0.0929620103863023,0.0848974933825817,0.1320795176905474,0.2802705122337617,0.3454030065129378,0.3412208590036968,0.2348671747931699,0.1547003168456259,-0.5658990486853103,-0.437656705832377,0.2431314933471718,-0.0665294574075472,0.8856289750160901,1.7015350394005024,06/24,4513.0,Ramammana Kere,"E (Irrigation, industrial cooling and controlled waste)",2.8,6.7,1011.0,18.0,4.0,2600.0,11000.0,3.0,264.0,5.0,264.0,164.0,124.0,2.99,2.3,376.0,192.0,184.0,8.0,110.0,704.0,30.0,1.4,0.5,19.0,0.37,37.0,2.47,3.71,2024.0
Ramammana Kere,RMK,2024-09-19,13.017,77.572,0.0615777539165639,0.0759067912915709,0.0655751700761756,0.1090259285337089,0.2599336982925541,0.3222092659743001,0.3224399577539165,0.2336672135187467,0.1526396761133601,-0.6166798665432452,-0.5261662377981764,0.3146876856661245,-0.128707472273746,0.793992147026834,2.100494280785401,09/24,4513.0,Ramammana Kere,"D (Propagation of wild life,fisheries)",6.1,7.0,1164.0,4.0,8.0,110.0,2400.0,3.0,360.0,5.0,360.0,200.0,44.0,1.5,0.9,376.0,192.0,184.0,29.0,95.0,790.0,26.0,0.2,0.5,32.0,0.29,33.0,2.0,0.8,2024.0
Ramammana Kere,RMK,2024-12-08,13.017,77.572,0.0524922337616617,0.0603576169480238,0.0503942160488297,0.0826979510649533,0.1911772047174792,0.2322876218975533,0.2333231156486534,0.1846947650061609,0.1160196585108255,-0.5835115945616224,-0.517709276969974,0.2924519222806975,-0.133780409371418,0.7825873954065584,1.940546037711252,12/24,4513.0,Ramammana Kere,"E (Irrigation, industrial cooling and controlled waste)",3.2,7.2,1026.0,16.0,3.6,3100.0,9400.0,3.0,240.0,5.0,240.0,148.0,112.0,4.9,3.6,320.0,168.0,152.0,13.0,79.0,670.0,12.0,1.2,0.5,18.0,0.2,33.0,1.9,3.2,2024.0
Ramammana Kere,RMK,2025-03-08,13.017,77.572,0.0652730117936982,0.0822434113746355,0.0745209576486964,0.1183526949480725,0.2189637563809186,0.2514569019538812,0.2610980496391481,0.2111510086252419,0.1480164935750749,-0.5234361394897251,-0.4515224615324418,0.264310650256149,-0.0763453168638465,0.8731230421531944,1.809334740076053,03/25,4513.0,Ramammana Kere,"D (Propagation of wild life,fisheries)",6.4,6.7,210.0,9.0,0.81,46.0,350.0,3.0,80.0,5.0,80.0,12.0,90.0,1.5,0.4,112.0,66.0,46.0,6.205128205128205,5.0,146.0,10.0,0.2,0.5,10.0,0.2,4.0,0.1,0.05,2025.0
Ramammana Kere,RMK,2025-04-02,13.017,77.572,,,,,,,,,,,,,,,,04/25,4513.0,Ramammana Kere,"D (Propagation of wild life,fisheries)",6.4,6.7,325.0,5.0,1.2,40.0,240.0,3.0,92.0,5.0,92.0,44.0,39.0,5.2,4.0,100.0,56.0,44.0,17.0,18.0,222.0,10.0,0.2,0.5,15.0,0.2,25.0,0.7,0.19,2025.0
Ramammana Kere,RMK,2025-05-02,13.017,77.572,0.0601803766942439,0.0853016580782386,0.0834428659469922,0.1368703256468932,0.2695554831895791,0.3147077099102272,0.3174737616616794,0.2410155676817464,0.1578187643020594,-0.5798049170067449,-0.4959548247291834,0.2856087953085278,-0.033469543900818,0.9460097612500104,1.9125968906670463,05/25,4513.0,Ramammana Kere,D,6.4,6.7,364.0,5.0,1.4,21.0,1600.0,3.0,96.0,5.0,96.0,36.0,52.0,1.5,0.4,88.0,44.0,44.0,19.0,40.0,250.0,10.0,0.2,0.5,5.0,0.26,47.0,1.0,0.32,2025.0
Ramammana Kere,RMK,2025-06-01,13.017,77.572,,,,,,,,,,,,,,,,06/25,4513.0,Ramammana Kere,D,5.8,7.2,380.0,6.0,1.5,260.0,2200.0,3.0,88.0,5.0,88.0,65.0,58.0,1.5,0.6,104.0,56.0,48.0,20.0,40.0,258.0,16.0,0.2,0.5,5.0,0.31,31.0,1.7,0.3,2025.0
Ramammana Kere,RMK,2025-11-10,13.017,77.572,0.0841286721706226,0.0900855178867556,0.0800821808848234,0.1118980951152391,0.2269105736154111,0.2681516468868251,0.2707671611627107,0.2252682361541106,0.1433630718954248,-0.4986262322247975,-0.4334933119888149,0.1875580726344774,-0.0766122647658708,0.8656977108891327,1.4953616013311934,11/25,4513.0,Ramammana Kere,D,6.3,6.9,700.0,5.0,2.69,2337.68115942029,7000.0,12.056338028169012,176.0,20.0,176.0,72.0,56.0,15.15,0.4,164.0,120.0,44.0,33.1,62.0,474.0,20.0,0.7150000000000001,0.5,7.0,0.26,45.0,2.21,1.395,2025.0
Rampura Lake,RPR,2023-08-16,13.015,77.59,0.0473835157872505,0.064436794714038,0.0514897181786534,0.1000420606145939,0.2680418423738954,0.3323884367629975,0.3325444859023549,0.1971697525432081,0.1103399626878806,-0.6731729385783594,-0.5058173326499882,0.325363778279563,-0.117080162953761,0.794953120134842,1.9862777718627616,08/23,4519.0,RAMPURA LAKE,"E (Irrigation, industrial cooling and controlled waste)",0.3,7.2,2231.0,23.0,6.8,34000.0,240000.0,15.133333333333333,632.0,5.0,632.0,348.0,189.0,1.7133333333333334,4.2,616.0,316.0,300.0,36.0,215.0,1520.0,32.8,0.93,0.5,28.0,0.62,41.0,1.356,0.0833333333333333,2023.0
Rampura Lake,RPR,2023-10-10,13.015,77.59,0.0207409518110458,0.0334850541814629,0.0235917878823879,0.0561040480129536,0.1321035129712415,0.1522995388785244,0.1391171213347883,0.0669295117744375,0.0394370410785314,-0.640957238875417,-0.3708616163146844,0.5277379471458468,-0.3064338823431997,0.5753978902562928,5.125618407922093,10/23,4519.0,RAMPURA LAKE,"E (Irrigation, industrial cooling and controlled waste)",0.3,7.3,1457.0,77.0,5.59,170000.0,2400000.0,3.0,336.0,5.0,336.0,244.0,320.0,9.347413793103447,18.1,400.0,204.0,196.0,59.0,117.0,1022.0,90.69868995633188,1.4,0.5,29.0,0.24,37.0,2.5,3.6,2023.0
Rampura Lake,RPR,2023-12-24,13.015,77.59,0.0170119081981062,0.0248010666866081,0.0179621282651345,0.043025463761484,0.1307796332148262,0.1647564257805625,0.1659889647646873,0.0956810200992643,0.0497530958499066,-0.734146991308876,-0.5852761555411574,0.410386825339505,-0.1596127481853586,0.7359496766946965,2.468067999324421,12/23,4519.0,RAMPURA LAKE,"E (Irrigation, industrial cooling and controlled waste)",2.0,7.0,602.0,17.0,1.4,27000.0,240000.0,3.0,124.0,5.0,124.0,168.0,116.0,2.9,2.3,84.0,48.0,36.0,37.0,49.0,420.0,10.0,0.8,0.5,14.0,0.28,51.0,2.3,1.8,2023.0
Rampura Lake,RPR,2024-03-03,13.015,77.59,0.0404116441972614,0.0556693902729173,0.047627758855774,0.0898228131930022,0.1883195853426731,0.2245504171213348,0.2286375902002888,0.1671745291984934,0.0982478123129993,-0.6071214616769955,-0.4988748793649706,0.3136520861072716,-0.0850102659538848,0.8504122949340375,1.9487703966447187,03/24,4519.0,Rampura Lake,"E (Irrigation, industrial cooling and controlled waste)",0.3,6.7,1636.0,74.0,6.0,2600.0,11000.0,3.0,484.0,5.0,484.0,216.0,488.0,26.3,20.2,328.0,168.0,160.0,23.0,250.0,1112.0,60.0,1.64,0.5,37.0,0.34,59.0,6.0,3.49,2024.0
Rampura Lake,RPR,2024-04-02,13.015,77.59,0.0472157274103276,0.0641396989557902,0.0594857829064996,0.1036387799640959,0.2035873631595621,0.2403014150445281,0.2465157731704741,0.1845792530536098,0.1109099792319335,-0.5863663612858031,-0.4819727835815396,0.2778146172560451,-0.0451063961586267,0.9192201242146292,1.7911893762106594,04/24,4519.0,Rampura Lake,"E (Irrigation, industrial cooling and controlled waste)",0.3,7.4,1755.0,24.0,5.7,17000.0,48000.0,3.0,496.0,5.0,496.0,276.0,196.0,24.4,18.8,476.0,244.0,232.0,27.0,169.0,1196.0,394.0,3.2,0.5,22.0,0.94,42.0,3.4,9.2,2024.0
Rampura Lake,RPR,2024-05-02,13.015,77.59,0.0546805237776761,0.0746127533358868,0.0702986766879359,0.1180054243373579,0.224717065014608,0.2692050195360624,0.2698885458833469,0.2027139533246506,0.1266181738181561,-0.5663975077906667,-0.4603599333915804,0.2591018784418027,-0.0358587521251341,0.9355590736884362,1.7171406111950611,05/24,4519.0,Rampura Lake,"E (Irrigation, industrial cooling and controlled waste)",0.5,7.2,1720.0,60.0,5.9,140000.0,480000.0,3.0,432.0,5.0,432.0,216.0,304.0,43.0,30.0,304.0,160.0,144.0,26.0,160.0,1134.0,66.0,3.2,0.5,37.0,0.25,50.0,4.0,9.4,2024.0
Rampura Lake,RPR,2024-09-19,13.015,77.59,0.0284150091074681,0.0479378945327521,0.033414572051409,0.0837132677595629,0.2507289726775958,0.3108564444444444,0.3124364954462661,0.1783515701275046,0.0937803788706739,-0.7303028244074712,-0.5740648852744369,0.4360074170535127,-0.1861441137565944,0.6948170538742852,2.630626486708614,09/24,4519.0,Rampura Lake,"E (Irrigation, industrial cooling and controlled waste)",2.4,7.3,1992.0,27.0,8.0,17000.0,70000.0,3.0,604.0,5.0,604.0,308.0,176.0,3.4,2.6,300.0,156.0,144.0,38.0,156.0,1356.0,20.0,0.35,0.5,25.0,0.37,51.0,4.0,0.78,2024.0
Rampura Lake,RPR,2024-12-08,13.015,77.59,0.0314216762293639,0.0405408639691985,0.0295341054192728,0.0619631912422119,0.1778878278010489,0.2202850434721391,0.2204120736386357,0.1380157942905418,0.0710756274420077,-0.6786891937868872,-0.5403828557856959,0.3572795975480061,-0.1609344701474066,0.7307716357920765,2.168257295888872,12/24,4519.0,Rampura Lake,"D (Propagation of wild life,fisheries)",4.8,6.9,795.0,7.0,4.9,210.0,2800.0,3.0,180.0,5.0,180.0,92.0,59.0,1.5,0.4,188.0,100.0,88.0,14.0,77.0,540.0,24.0,1.2,0.5,16.0,0.28,43.0,2.4,2.8,2024.0
Rampura Lake,RPR,2025-01-07,13.015,77.59,0.0250540673730155,0.0381442044652035,0.0308837024414032,0.0656394628462811,0.17728212186279,0.2144597451511845,0.2208079728255131,0.1458054912175719,0.0795481995142384,-0.6988352680849821,-0.5836376342693953,0.3713660986190214,-0.1159120336446929,0.8059253587804678,2.255081270987056,01/25,4519.0,Rampura Lake,"D (Propagation of wild life,fisheries)",5.9,7.2,818.0,6.0,2.9,25.0,1600.0,3.0,220.0,5.0,220.0,92.0,52.0,1.5,0.42,200.0,108.0,92.0,13.0,78.0,534.0,12.0,0.2,0.5,10.0,0.2,44.0,2.4,0.44,2025.0
Rampura Lake,RPR,2025-02-01,13.015,77.59,0.0490389367088607,0.0591898227077496,0.0521784809401518,0.0965408607594936,0.1703753417721519,0.1907532151898734,0.1896984303797468,0.1680374683544304,0.0971827341772152,-0.5160211173934774,-0.4764207386303586,0.3006532997005354,-0.0659522879810785,0.8804848437780173,1.8725175298463064,02/25,4519.0,Rampura Lake,"D (Propagation of wild life,fisheries)",4.2,7.0,826.0,20.0,3.2,22.0,70.0,3.0,248.0,5.0,248.0,108.0,165.0,4.4,3.4,216.0,108.0,108.0,12.0,83.0,570.0,10.0,0.2,0.5,5.0,0.28,45.0,2.4,0.21,2025.0
Rampura Lake,RPR,2025-03-08,13.015,77.59,0.0391363617163574,0.0553010629697925,0.0498104544299489,0.0900627336407476,0.1884569608222746,0.2219694674222957,0.232438315322609,0.1733671477348727,0.104133102185927,-0.6147809535352086,-0.5150425596515178,0.3009567584244835,-0.0664704226056782,0.8857686198762509,1.9033176487845864,03/25,4519.0,Rampura Lake,"D (Propagation of wild life,fisheries)",6.1,6.9,834.0,4.0,2.8,400.0,3400.0,3.0,260.0,5.0,260.0,128.0,52.0,1.5,0.4,136.0,72.0,64.0,6.051282051282051,90.0,576.0,18.0,0.2,0.5,5.0,0.28,57.0,3.5,0.1,2025.0
Rampura Lake,RPR,2025-04-02,13.015,77.59,,,,,,,,,,,,,,,,04/25,4519.0,Rampura Lake,"D (Propagation of wild life,fisheries)",5.6,6.9,568.0,5.0,2.2,210.0,4300.0,3.0,132.0,5.0,132.0,92.0,50.0,1.5,0.54,156.0,84.0,72.0,23.0,55.0,390.0,10.0,0.2,0.5,11.0,0.21,41.0,2.0,0.21,2025.0
Rampura Lake,RPR,2025-05-02,13.015,77.59,0.0434494843183498,0.0719972474050037,0.0661939031589815,0.1252203773452075,0.2480520891266851,0.2850274490478369,0.2894477982329544,0.2045773276074482,0.1208176704565454,-0.6011017003510383,-0.4796431483829809,0.3191709318224314,-0.0533274583982047,0.9063204627649069,1.979313422381611,05/25,4519.0,Rampura Lake,D,5.5,7.0,618.0,6.0,2.4,1400.0,7900.0,3.0,140.0,5.0,140.0,96.0,55.0,1.5,0.4,164.0,88.0,76.0,16.0,68.0,420.0,10.0,0.2,0.5,12.0,0.21,45.0,2.3,0.33,2025.0
Rampura Lake,RPR,2025-06-01,13.015,77.59,,,,,,,,,,,,,,,,06/25,4519.0,Rampura Lake,E,2.6,7.2,873.0,19.0,3.3,24.0,220.0,3.0,236.0,5.0,236.0,116.0,126.0,2.9,2.3,216.0,112.0,104.0,7.0,82.0,596.0,12.0,0.27,0.5,2.0,0.33,45.0,2.5,0.65,2025.0
Rampura Lake,RPR,2025-11-10,13.015,77.59,0.1063338019652305,0.1068814058749403,0.0899855479417834,0.1217640211640211,0.2383739682539683,0.2754286470143614,0.2772669085411943,0.1910354195011337,0.0976560544217687,-0.4412146976526516,-0.2818324977118753,0.1500202805858722,-0.085871204871301,0.8422757718421374,1.3538823779215146,11/25,4519.0,Rampura Lake,E,1.5,7.2,1268.0,26.0,4.6,2531.594202898551,9400.0,9.352112676056336,264.0,20.0,264.0,200.0,184.0,14.0,10.0,276.0,144.0,132.0,23.0,120.0,842.0,14.0,3.2,0.5,15.0,0.29,47.0,3.1,9.1,2025.0
Rayasandra Lake,RYS,2023-08-16,12.856,77.6618,0.1046758112094395,0.1271463139614524,0.1386567825632812,0.1689685840707964,0.2166433628318583,0.2282390855457226,0.219398820058997,0.2584026548672565,0.2124373156342183,-0.2651625312733195,-0.3417687004100593,0.1001656470904613,0.0426304300129428,1.090993982534563,1.2245423051150377,08/23,4531.0,RAYASANDRA LAKE,"E (Irrigation, industrial cooling and controlled waste)",0.3,8.2,2186.0,23.0,8.0,2200.0,92000.0,12.533333333333331,396.0,5.0,396.0,320.0,271.0,2.353333333333333,0.4,476.0,244.0,232.0,34.0,131.0,1490.0,29.2,1.3,0.5,28.0,0.2,41.0,1.494,0.1833333333333333,2023.0
Rayasandra Lake,RYS,2023-10-10,12.856,77.6618,0.0576649992959729,0.0995155168102932,0.1088284744369797,0.1465307096592509,0.2115797909039705,0.2369704519853562,0.2292456596733313,0.1751733596170093,0.1058095184455083,-0.3567861842527146,-0.2717236430900539,0.1801681949818855,0.0156243292417165,1.059748989900772,1.6060302906855195,10/23,4531.0,RAYASANDRA LAKE,"E (Irrigation, industrial cooling and controlled waste)",0.4,7.0,1286.0,24.0,5.1,2100.0,54000.0,3.0,392.0,5.0,392.0,184.0,157.0,8.489224137931034,1.4,392.0,200.0,192.0,27.0,152.0,878.0,106.45414847161572,2.0,0.5,36.0,0.3,43.0,3.3,4.5,2023.0
Rayasandra Lake,RYS,2023-12-24,12.856,77.6618,0.0884040692762601,0.1086410378089939,0.1076893023910513,0.1384724443818642,0.2277223704590256,0.25862063151225,0.2578532455646297,0.2077446705153477,0.1488630139397353,-0.3990587094354312,-0.3107790925136767,0.1409033282460296,-0.0179608632082769,0.9719382836456532,1.3605616610817648,12/23,4531.0,RAYASANDRA LAKE,"E (Irrigation, industrial cooling and controlled waste)",1.6,7.7,1699.0,20.0,6.9,470000.0,5400000.0,3.0,416.0,5.0,416.0,356.0,137.0,6.2,4.8,468.0,236.0,232.0,68.0,136.0,1165.0,14.0,0.6,0.5,30.0,0.24,37.0,2.7,1.6,2023.0
Rayasandra Lake,RYS,2024-03-03,12.856,77.6618,0.0741181603773584,0.1009559741907788,0.1161082024877233,0.151013355392847,0.2040751724866236,0.2287587968177976,0.2311165235145029,0.2347427626020839,0.1750313644043931,-0.3881721561542842,-0.3943070846345755,0.1459492667273661,0.0575796177415516,1.1336828647569188,1.3760898878840595,03/24,4531.0,Rayasandra Lake,"E (Irrigation, industrial cooling and controlled waste)",0.3,7.7,2250.0,66.0,8.6,1700.0,7900.0,3.0,524.0,5.0,524.0,380.0,328.0,5.8,4.9,612.0,308.0,304.0,92.0,180.0,1562.0,10.0,0.69,0.5,45.0,0.46,37.0,3.2,1.93,2024.0
Rayasandra Lake,RYS,2024-04-02,12.856,77.6618,0.0814467966769923,0.1082704169716359,0.1292308683212614,0.1634773232892143,0.2166854301605181,0.2438005561813573,0.2482232012109263,0.2555050725147847,0.1921673401858631,-0.3957992091467519,-0.4064341857001239,0.1363231517655174,0.0717338129406837,1.1658312233414765,1.3577610505948423,04/24,4531.0,Rayasandra Lake,"E (Irrigation, industrial cooling and controlled waste)",0.3,7.5,2158.0,66.0,8.9,3200.0,14000.0,3.0,564.0,5.0,564.0,420.0,219.0,36.0,29.0,436.0,220.0,216.0,43.0,268.0,1470.0,36.0,5.8,0.5,40.0,0.23,54.0,7.9,13.0,2024.0
Rayasandra Lake,RYS,2024-05-02,12.856,77.6618,0.0889742431709377,0.1172717514961131,0.1388192766892084,0.1725547697831595,0.2202430934947902,0.2482316108138551,0.2472635877217685,0.2701402914671924,0.2036277421852998,-0.3585042263823322,-0.3947965316389222,0.1218101834701139,0.0722332073972266,1.1635573044832308,1.3025095611977329,05/24,4531.0,Rayasandra Lake,"E (Irrigation, industrial cooling and controlled waste)",0.9,7.1,1917.0,41.0,6.7,6800.0,33000.0,3.0,380.0,5.0,380.0,308.0,208.0,28.0,20.0,376.0,196.0,180.0,28.0,179.0,1264.0,10.0,1.2,0.5,3.0,0.2,48.0,4.0,3.3,2024.0
Rayasandra Lake,RYS,2024-06-01,12.856,77.6618,0.088448151929034,0.1140558786545461,0.1130871412629364,0.1532420444945085,0.2594828428611661,0.3064992642917487,0.299770980005632,0.2368926675584343,0.1654312623204731,-0.4418538150707787,-0.3463891413895721,0.1587653605226991,-0.0120824608785977,0.9812555607319902,1.395301218087147,06/24,4531.0,Rayasandra Lake,"E (Irrigation, industrial cooling and controlled waste)",1.5,7.0,1554.0,15.0,5.26,14000.0,49000.0,3.0,436.0,5.0,436.0,244.0,148.0,4.16,3.2,420.0,216.0,204.0,24.0,150.0,1052.0,14.0,0.7,0.5,19.0,0.53,42.0,3.2,1.8,2024.0
Rayasandra Lake,RYS,2024-09-19,12.856,77.6618,0.0569222754153759,0.0813423932853365,0.0733861450425351,0.1218175549141086,0.2592261968459591,0.310084046747395,0.3072408687693608,0.2011792171219374,0.1278853421571388,-0.5709984515457148,-0.4192325672366882,0.2660609152259748,-0.0670450121885677,0.8831704106299503,1.7977959252407028,09/24,4531.0,Rayasandra Lake,"E (Irrigation, industrial cooling and controlled waste)",0.7,7.6,1742.0,38.0,9.0,17000.0,70000.0,3.0,556.0,5.0,556.0,316.0,192.0,28.0,21.0,592.0,300.0,292.0,40.0,185.0,1188.0,48.0,0.2,0.5,32.0,0.28,39.0,3.0,0.9,2024.0
Rayasandra Lake,RYS,2024-12-08,12.856,77.6618,0.0550474021402421,0.0771860495588412,0.0614891087558195,0.1068780026753026,0.2543010525204165,0.3018485004224163,0.2989678189242465,0.1770698183610249,0.1119473739791607,-0.5736271397350394,-0.3907118412320202,0.2987004624927324,-0.1395821903132391,0.7672469342726633,1.9687390781272376,12/24,4531.0,Rayasandra Lake,"E (Irrigation, industrial cooling and controlled waste)",3.0,7.1,1732.0,15.0,6.1,11000.0,46000.0,3.0,404.0,5.0,404.0,292.0,156.0,7.8,6.1,472.0,240.0,232.0,70.0,139.0,1174.0,40.0,0.58,0.5,35.0,0.36,37.0,2.78,1.66,2024.0
Rayasandra Lake,RYS,2025-01-07,12.856,77.6618,0.0604719093213179,0.0796642495073761,0.0706730076950856,0.1108560827935792,0.2327352682343003,0.2712338883413122,0.276445385102788,0.1791291326386934,0.1161017987890734,-0.5465510579267477,-0.3825430493946997,0.2384219851375764,-0.0736045358850291,0.8695697910400012,1.6765707048039895,01/25,4531.0,Rayasandra Lake,"E (Irrigation, industrial cooling and controlled waste)",0.3,7.6,1849.0,31.0,7.0,1200.0,7900.0,3.0,504.0,5.0,504.0,364.0,190.0,54.6,42.0,456.0,228.0,228.0,43.0,191.0,1294.0,16.0,2.8,0.5,29.0,0.2,46.0,4.0,6.6,2025.0
Rayasandra Lake,RYS,2025-02-01,12.856,77.6618,,,,,,,,,,,,,,,,02/25,4531.0,Rayasandra Lake,"E (Irrigation, industrial cooling and controlled waste)",1.9,7.3,2210.0,35.0,8.5,1200.0,7900.0,3.0,548.0,5.0,548.0,416.0,241.0,50.7,39.0,492.0,248.0,244.0,44.0,231.0,1524.0,28.0,1.0,0.5,34.0,0.2,48.0,4.5,2.4,2025.0
Rayasandra Lake,RYS,2025-03-08,12.856,77.6618,0.0716304139678963,0.09047124024821,0.1002792563066211,0.1334945085891297,0.1912114122782315,0.2160171430582933,0.225478576457336,0.2210142530273161,0.1608243804562094,-0.4236466983846284,-0.416515692922613,0.1535353202714702,0.0435053635555273,1.0959643807232666,1.3913933820028546,03/25,4531.0,Rayasandra Lake,"E (Irrigation, industrial cooling and controlled waste)",1.8,7.5,1962.0,35.0,6.0,2200.0,35000.0,3.0,576.0,5.0,576.0,412.0,204.0,42.8,36.0,436.0,224.0,212.0,5.794871794871796,189.0,1334.0,28.0,1.8,0.5,33.0,0.25,46.0,3.9,0.05,2025.0
Rayasandra Lake,RYS,2025-04-02,12.856,77.6618,,,,,,,,,,,,,,,,04/25,4531.0,Rayasandra Lake,"E (Irrigation, industrial cooling and controlled waste)",0.3,7.2,1597.0,30.0,6.4,1400.0,7900.0,3.0,428.0,5.0,428.0,376.0,240.0,16.0,13.0,356.0,184.0,172.0,43.0,117.0,1088.0,10.0,0.68,0.5,14.0,0.21,46.0,3.35,1.97,2025.0
Rayasandra Lake,RYS,2025-05-02,12.856,77.6618,,,,,,,,,,,,,,,,05/25,4531.0,Rayasandra Lake,E,1.2,7.2,1578.0,26.0,6.4,11000.0,79000.0,3.0,380.0,5.0,380.0,216.0,192.0,4.6,3.7,356.0,184.0,172.0,23.0,121.0,1070.0,70.0,1.35,0.5,12.0,0.25,41.0,2.79,3.88,2025.0
Rayasandra Lake,RYS,2025-06-01,12.856,77.6618,,,,,,,,,,,,,,,,06/25,4531.0,Rayasandra Lake,E,0.6,7.6,1811.0,67.0,6.9,2400.0,14000.0,3.0,420.0,5.0,420.0,300.0,348.0,27.0,23.0,492.0,248.0,244.0,74.0,145.0,1230.0,26.0,0.67,0.5,36.0,0.2,37.0,2.84,1.93,2025.0
Rayasandra Lake,RYS,2025-11-10,12.856,77.6618,0.0676334954244361,0.0879946207017803,0.0750010489820395,0.1209946088754451,0.2727646743500399,0.3230218478385728,0.3254216678791591,0.1942005934831718,0.1120432094038365,-0.558942242760356,-0.3723739941761348,0.2485855440097895,-0.0941630246610628,0.8360121308555196,1.701856464211215,11/25,4531.0,Rayasandra Lake,E,0.9,7.4,1619.0,32.0,5.8,2887.1014492753625,9400.0,16.0,332.0,20.0,332.0,268.0,168.0,29.0,23.0,352.0,184.0,168.0,43.0,81.0,1080.0,39.5,0.59,0.5,26.0,0.32,31.0,1.9,1.5,2025.0
Sankey Tank,SNK,2023-08-16,13.0069,77.575,0.1255898105767199,0.1435249730321347,0.1471629748400937,0.1796061650587986,0.2440300401380185,0.2794790542919514,0.2718654989085276,0.2757100978804311,0.2407438701499898,-0.3211927201064583,-0.3319981953309296,0.1188932144345891,0.005748162010005,1.0173462064908114,1.31584446186345,08/23,3594.0,SANKEY TANK,"D (Propagation of wild life,fisheries)",4.9,7.6,549.0,7.0,1.6,460.0,16000.0,8.81904761904762,156.0,5.0,156.0,84.0,69.0,3.267619047619048,0.57,148.0,80.0,68.0,9.0,54.0,374.0,24.057142857142857,0.23,0.5,7.0,0.23,41.0,1.6911428571428573,0.3261904761904762,2023.0
Sankey Tank,SNK,2023-12-24,13.0069,77.575,0.0713761495669319,0.0802244703173842,0.0825769877053116,0.1036343743398352,0.1445525948876838,0.1661891662558973,0.1618552531511867,0.1679905077107244,0.1408997605802409,-0.353975421577807,-0.3751073038110358,0.1457882299654342,0.0009819884769537,1.012760710483448,1.4367731022551489,12/23,3594.0,SANKEY TANK,"D (Propagation of wild life,fisheries)",4.4,7.76,491.0,8.0,1.1,480.0,16000.0,3.0,168.0,5.0,168.0,76.0,96.0,1.5,0.4,192.0,100.0,92.0,21.0,38.0,336.0,10.0,0.2,0.5,4.0,0.26,30.0,1.1,0.05,2023.0
Sankey Tank,SNK,2024-03-03,13.0069,77.575,0.0929466129145834,0.110267009533893,0.1186552104336801,0.1478539750721781,0.1952501056263646,0.2218663756073515,0.2225331983663122,0.2337561228082529,0.1998661115414408,-0.3376698497383321,-0.3693782013044656,0.1275689086906919,0.0283262755771613,1.0653611671744427,1.3412392669908926,03/24,3594.0,Sankey Tank,"D (Propagation of wild life,fisheries)",5.8,7.9,576.0,7.0,2.2,320.0,3500.0,3.0,136.0,5.0,136.0,76.0,66.0,1.5,0.8,132.0,72.0,60.0,16.0,62.0,408.0,10.0,0.2,0.5,17.0,0.2,47.0,2.4,0.4,2024.0
Sankey Tank,SNK,2024-04-02,13.0069,77.575,0.1038317759312724,0.123450215036819,0.1347228013702788,0.1653792303358917,0.2235984191254137,0.2546704070135905,0.2547581543553271,0.2616760721075978,0.2255517322723752,-0.3483193963141399,-0.3690095287971507,0.1204886847292358,0.0347966694893874,1.0790351670847034,1.31863182759679,04/24,3594.0,Sankey Tank,"D (Propagation of wild life,fisheries)",4.8,8.0,612.0,7.0,2.3,170.0,2400.0,3.0,144.0,5.0,144.0,80.0,83.0,1.5,0.7,132.0,72.0,60.0,10.0,67.0,398.0,16.0,0.2,0.5,9.0,0.2,50.0,2.55,0.2,2024.0
Sankey Tank,SNK,2024-05-02,13.0069,77.575,0.1190102175903105,0.1404919905227201,0.1509646756588809,0.1824265650306318,0.2388263819449336,0.2727465108090978,0.2665536863601156,0.2741202591366805,0.2364962573058236,-0.3122141448250464,-0.3304619835563703,0.1077420756829809,0.029865707465806,1.0663202447025977,1.2745494031372244,05/24,3594.0,Sankey Tank,"D (Propagation of wild life,fisheries)",6.1,7.9,568.0,6.0,9.6,400.0,16000.0,3.0,148.0,5.0,148.0,76.0,56.0,1.5,0.72,128.0,68.0,60.0,5.0,72.0,388.0,10.0,0.2,0.5,12.0,0.2,52.0,0.36,0.05,2024.0
Sankey Tank,SNK,2024-06-01,13.0069,77.575,0.1311564854587705,0.1504027611143774,0.1560025497873303,0.1873722026617844,0.2539690268290967,0.2918386698119851,0.2823764488416309,0.2697913386381239,0.2266785719315542,-0.3072673438946407,-0.2929172981777362,0.1042885819703297,0.0122944343812609,1.0287017710638096,1.2616604743151585,06/24,3594.0,Sankey Tank,"D (Propagation of wild life,fisheries)",5.7,7.3,627.0,5.0,2.52,17.0,1600.0,3.0,136.0,5.0,136.0,72.0,48.0,1.5,0.4,188.0,100.0,88.0,16.75,50.0,420.0,16.0,0.2,0.5,3.0,0.22,38.0,2.0,0.05,2024.0
Sankey Tank,SNK,2024-09-19,13.0069,77.575,0.1200402887323944,0.1380516554459825,0.1409725209806953,0.1722527640845071,0.2390978028169015,0.2753351654929578,0.2692120915492957,0.2693110070422534,0.2313919471830986,-0.3329242646934086,-0.3389874929385177,0.1249290809536348,-0.0005993418634799,1.0076709882617532,1.3489223598245372,09/24,3594.0,Sankey Tank,"D (Propagation of wild life,fisheries)",6.2,7.5,507.0,4.0,2.0,220.0,2400.0,3.0,100.0,5.0,100.0,76.0,36.0,1.5,0.6,108.0,56.0,52.0,17.0,51.0,352.0,14.0,0.2,0.5,9.0,0.29,48.0,2.0,0.5,2024.0
Sankey Tank,SNK,2024-12-08,13.0069,77.575,0.0886197802971621,0.0982967439664318,0.0985522466070247,0.1234720336596014,0.1775728047320612,0.2051329835927048,0.1990101119639462,0.2068963206816423,0.1716211393563833,-0.3492167044874134,-0.3735797357978265,0.1426757411616837,-0.0153681537600083,0.9829387595181364,1.4244092566734583,12/24,3594.0,Sankey Tank,"D (Propagation of wild life,fisheries)",5.8,7.4,524.0,5.0,1.8,680.0,4100.0,3.0,124.0,5.0,124.0,56.0,64.0,1.5,0.49,152.0,84.0,68.0,16.0,53.0,350.0,10.0,0.2,0.5,8.0,0.2,41.0,1.9,0.05,2024.0
Sankey Tank,SNK,2025-01-07,13.0069,77.575,0.0813401521019646,0.0921788257205371,0.0939431201147713,0.1178591683684248,0.1641044750369692,0.1882946658686008,0.1883793817336808,0.2041661361875925,0.1730925251742835,-0.3502529955115345,-0.3907499548233302,0.1334142178584993,-0.0018550854829022,1.0043631097525123,1.36593671193582,01/25,3594.0,Sankey Tank,"D (Propagation of wild life,fisheries)",7.0,7.5,576.0,4.0,2.2,120.0,2400.0,3.0,148.0,5.0,148.0,72.0,47.0,1.5,0.4,136.0,76.0,60.0,15.0,56.0,392.0,10.0,0.2,0.5,8.0,0.24,45.0,2.1,0.05,2025.0
Sankey Tank,SNK,2025-02-01,13.0069,77.575,,,,,,,,,,,,,,,,02/25,3594.0,Sankey Tank,"D (Propagation of wild life,fisheries)",6.5,7.2,652.0,4.0,2.5,170.0,1300.0,3.0,164.0,5.0,164.0,64.0,44.0,1.5,0.4,136.0,76.0,60.0,20.0,49.0,442.0,10.0,0.2,0.5,8.0,0.2,42.0,1.8,0.2,2025.0
Sankey Tank,SNK,2025-03-08,13.0069,77.575,0.0954671642842053,0.113646165672085,0.1200734143312681,0.1496485106682629,0.2030515949581018,0.2294666396732625,0.2330365115132737,0.2375809485247519,0.2032838497288924,-0.345236744271183,-0.3631605071560868,0.1293530650481733,0.0166198743276601,1.0430084613851456,1.3504863778689888,03/25,3594.0,Sankey Tank,"D (Propagation of wild life,fisheries)",5.6,7.1,454.0,6.0,1.6,140.0,840.0,3.0,148.0,5.0,148.0,68.0,56.0,1.5,0.4,172.0,92.0,80.0,7.769230769230769,65.0,306.0,10.0,0.2,0.5,9.0,0.28,44.0,2.0,0.05,2025.0
Sankey Tank,SNK,2025-04-02,13.0069,77.575,,,,,,,,,,,,,,,,04/25,3594.0,Sankey Tank,"D (Propagation of wild life,fisheries)",6.9,7.4,494.0,4.0,2.0,63.0,540.0,3.0,164.0,5.0,164.0,76.0,48.0,1.5,0.4,144.0,72.0,72.0,8.5,54.0,340.0,10.0,0.2,0.5,6.0,0.26,43.0,1.0,0.11,2025.0
Sankey Tank,SNK,2025-05-02,13.0069,77.575,0.1685052918808536,0.1834507497925589,0.1882864232658059,0.215212280825294,0.2682111154144076,0.2885926589676785,0.2809686148862758,0.2754547144567285,0.2087038553622985,-0.2146108216622824,-0.2073179871516477,0.0725290515046741,0.0124925979930313,1.0270275103824036,1.16729345204811,05/25,3594.0,Sankey Tank,D,5.0,7.2,570.0,5.0,2.2,170.0,3500.0,3.0,128.0,5.0,128.0,92.0,52.0,1.5,0.42,152.0,80.0,72.0,23.0,56.0,392.0,10.0,0.2,0.5,12.0,0.41,42.0,2.0,0.23,2025.0
Sankey Tank,SNK,2025-06-01,13.0069,77.575,,,,,,,,,,,,,,,,06/25,3594.0,Sankey Tank,D,6.5,7.0,496.0,4.0,1.9,17.0,1600.0,3.0,112.0,5.0,112.0,80.0,45.0,1.5,0.4,132.0,72.0,60.0,20.0,48.0,332.0,10.0,0.2,0.5,10.0,0.22,41.0,1.81,0.05,2025.0
Sankey Tank,SNK,2025-11-10,13.0069,77.575,0.1452298865478119,0.1501983154534907,0.154364343489878,0.1694723176661264,0.2047822366288492,0.226592641815235,0.2206465478119935,0.2793126094003242,0.2488311183144246,-0.1890946418405773,-0.3016688350470387,0.0498843460603974,0.0114352274635887,1.0245046158914868,1.1098878765846183,11/25,3594.0,Sankey Tank,D,6.2,7.4,705.0,5.0,2.71,366.231884057971,79000.0,39.54929577464789,176.0,20.0,176.0,72.0,52.0,7.32,0.4,184.0,68.0,116.0,8.28,59.0,484.0,174.0,0.6572727272727272,0.5,8.0,0.32,39.0,1.88,0.275,2025.0
Sarakki Lake,SRK,2023-08-16,12.9201,77.572,,,,,,,,,,,,,,,,08/23,4504.0,SARAKKI LAKE,"D (Propagation of wild life,fisheries)",5.0,7.4,813.0,7.0,2.4,490.0,16000.0,5.971428571428572,232.0,5.0,232.0,124.0,68.0,3.968571428571429,0.61,220.0,116.0,104.0,13.0,80.0,552.0,20.11428571428571,0.34,0.5,10.0,0.35,41.0,1.8422857142857143,0.4357142857142857,2023.0
Sarakki Lake,SRK,2023-10-10,12.9201,77.572,0.1071471633701695,0.1269344341878049,0.1384499898897392,0.1592319595973815,0.1706581473921305,0.181940413176603,0.1790480608150912,0.2208202928134017,0.1948573449707889,-0.177461459350301,-0.2817856390024866,0.0821538823348214,0.0412484652795355,1.08862893066818,1.2095860507065672,10/23,4504.0,SARAKKI LAKE,"D (Propagation of wild life,fisheries)",5.7,7.5,711.0,4.0,2.73,790.0,16000.0,3.0,160.0,5.0,160.0,116.0,48.0,10.244612068965518,0.73,192.0,100.0,92.0,29.0,67.0,496.0,74.22707423580786,0.21,0.5,14.0,0.2,41.0,2.1,0.47,2023.0
Sarakki Lake,SRK,2023-12-24,12.9201,77.572,0.1083518863940311,0.121611075652676,0.1302076510665752,0.1450710917153517,0.1588815231927922,0.1742195431829381,0.1719736573520095,0.1979420778489477,0.1851075350179487,-0.1808020892055942,-0.2522840381919946,0.0671331618810285,0.033228579271446,1.0720383838571292,1.1713336746506744,12/23,4504.0,SARAKKI LAKE,"D (Propagation of wild life,fisheries)",5.9,7.9,788.0,4.0,3.02,700.0,16000.0,3.0,180.0,5.0,180.0,128.0,400.0,1.5,0.61,212.0,112.0,100.0,32.0,63.0,542.0,10.0,0.31,0.5,16.0,0.41,37.0,1.9,0.89,2023.0
Sarakki Lake,SRK,2024-03-03,12.9201,77.572,0.1208389948616878,0.1404608892665092,0.1557085980683043,0.1746367882029984,0.1807963855845711,0.1931061589357358,0.190136425705638,0.2321796579151123,0.2209628211445061,-0.1553171646388053,-0.2530703079065186,0.0649317744857085,0.0509701106659559,1.1103264053598711,1.1554955666796007,03/24,4504.0,Sarakki Lake,"D (Propagation of wild life,fisheries)",5.1,7.8,955.0,4.0,3.67,260.0,3500.0,3.0,220.0,5.0,220.0,160.0,44.0,1.5,0.61,252.0,132.0,120.0,39.0,89.0,650.0,10.0,0.25,0.5,19.0,0.38,41.0,2.4,0.7,2024.0
Sarakki Lake,SRK,2024-04-02,12.9201,77.572,0.1382605476173717,0.1592001476630379,0.1762008941471115,0.1969486450341381,0.2137926761455618,0.2288280706693882,0.2267919265150981,0.2650441085380445,0.2562544379531217,-0.1787524687836419,-0.2556923300820099,0.063870959023816,0.0479233357100109,1.1046142836087312,1.1545887135524933,04/24,4504.0,Sarakki Lake,"D (Propagation of wild life,fisheries)",4.2,8.2,1000.0,6.8,4.0,2100.0,7000.0,3.0,212.0,5.0,212.0,140.0,68.0,1.5,0.4,176.0,92.0,84.0,5.0,109.0,680.0,48.0,0.23,0.5,35.0,0.21,52.0,4.0,0.57,2024.0
Sarakki Lake,SRK,2024-05-02,12.9201,77.572,0.1665721428571429,0.1807780954530652,0.1880623467266559,0.2039829591836735,0.2283531972789115,0.2473346768707482,0.2330177551020408,0.2700005952380953,0.2554906972789116,-0.130226401603793,-0.2030552220400122,0.044066158472842,0.0194865258638357,1.04046068594476,1.0974300510153734,05/24,4504.0,Sarakki Lake,"D (Propagation of wild life,fisheries)",5.2,8.6,1066.0,7.0,3.7,140.0,1300.0,56.0,152.0,28.0,208.0,136.0,68.0,1.5,0.4,196.0,104.0,92.0,32.0,139.0,702.0,20.0,0.31,0.5,37.0,0.24,55.0,4.0,0.87,2024.0
Sarakki Lake,SRK,2024-06-01,12.9201,77.572,0.1480344548462026,0.1665599004914123,0.1790449955306164,0.1996765397339339,0.2205213556697405,0.2430125219961991,0.2301479130006335,0.2625886710776377,0.2432522312944322,-0.1632322414019532,-0.2285780532362673,0.0598270093997007,0.0351531955510384,1.0746878040994012,1.1389179338478777,06/24,4504.0,Sarakki Lake,"D (Propagation of wild life,fisheries)",5.2,8.1,953.0,9.0,3.84,1400.0,7000.0,3.0,168.0,5.0,168.0,120.0,84.0,1.5,0.76,196.0,104.0,92.0,32.4,80.0,638.0,20.0,0.71,0.5,8.0,0.28,45.0,2.0,1.74,2024.0
Sarakki Lake,SRK,2024-09-19,12.9201,77.572,0.14859337650454,0.166795276565067,0.1769244564635394,0.1985157527979165,0.2133332300978391,0.2313771063560216,0.2251288097416768,0.2656580523685507,0.260996505243894,-0.1570671685888552,-0.2394754642345728,0.0690516847819396,0.0282246634904846,1.0610492208801738,1.1785104269741784,09/24,4504.0,Sarakki Lake,"D (Propagation of wild life,fisheries)",6.0,7.7,738.0,8.0,2.5,17.0,920.0,3.0,188.0,5.0,188.0,128.0,80.0,1.5,0.4,192.0,104.0,88.0,22.0,96.0,510.0,26.0,0.48,0.5,18.0,0.36,49.0,3.0,1.2,2024.0
Sarakki Lake,SRK,2024-12-08,12.9201,77.572,0.1062090061237418,0.1168536352275692,0.1232890019702906,0.1390695326247625,0.1533942281973676,0.1686519215879495,0.1651333638347293,0.1935319842331245,0.1807422151052297,-0.1787346488827575,-0.2602168692949279,0.0739967154518878,0.0252938341110788,1.055994351870809,1.1943441196137945,12/24,4504.0,Sarakki Lake,"D (Propagation of wild life,fisheries)",6.6,7.4,700.0,4.0,2.7,200.0,1200.0,3.0,160.0,5.0,160.0,116.0,48.0,1.5,0.4,188.0,100.0,88.0,28.0,28.0,482.0,18.0,0.2,0.5,14.0,0.29,42.0,2.13,0.48,2024.0
Sarakki Lake,SRK,2025-01-07,12.9201,77.572,0.1089833216020271,0.120679478439575,0.1283196943777394,0.1413400717955937,0.1533435172802139,0.1670191912437529,0.1676492010980502,0.1910144400647568,0.1778211198704862,-0.1711191170531358,-0.2386005706864789,0.061708743710637,0.0302360665586776,1.0687624633165904,1.159062292797976,01/25,4504.0,Sarakki Lake,"D (Propagation of wild life,fisheries)",6.5,6.5,813.0,4.0,3.28,140.0,3500.0,3.0,160.0,5.0,160.0,88.0,40.0,1.5,0.51,164.0,88.0,76.0,36.0,82.0,558.0,10.0,0.2,0.5,22.0,0.2,48.0,2.78,0.13,2025.0
Sarakki Lake,SRK,2025-02-01,12.9201,77.572,,,,,,,,,,,,,,,,02/25,4504.0,Sarakki Lake,"D (Propagation of wild life,fisheries)",5.4,7.9,817.0,4.0,3.14,260.0,2800.0,3.0,164.0,5.0,164.0,100.0,39.0,1.5,0.8,168.0,98.0,70.0,5.0,87.0,554.0,32.0,0.2,0.5,26.0,0.2,48.0,2.91,0.05,2025.0
Sarakki Lake,SRK,2025-03-08,12.9201,77.572,0.1216896811430984,0.1398071094407625,0.1546550536782709,0.1712953016118813,0.1816637009924686,0.1957227880622228,0.197571408460618,0.233698064334483,0.2240703315267121,-0.1787457915683341,-0.2620213484768575,0.061883529514586,0.0485396741351089,1.10517775609722,1.157399604331046,03/25,4504.0,Sarakki Lake,"D (Propagation of wild life,fisheries)",5.1,7.7,884.0,6.0,3.3,170.0,1200.0,3.0,180.0,5.0,180.0,112.0,68.0,1.5,0.6,188.0,100.0,88.0,6.435897435897436,71.0,598.0,14.0,0.2,0.5,31.0,0.33,40.0,2.24,0.05,2025.0
Sarakki Lake,SRK,2025-04-02,12.9201,77.572,,,,,,,,,,,,,,,,04/25,4504.0,Sarakki Lake,"D (Propagation of wild life,fisheries)",4.2,8.0,1051.0,5.0,4.0,25.0,1600.0,3.0,184.0,5.0,184.0,136.0,56.0,1.5,0.42,204.0,108.0,96.0,50.0,102.0,716.0,10.0,0.2,0.5,21.0,0.31,49.0,3.1,0.41,2025.0
Sarakki Lake,SRK,2025-05-02,12.9201,77.572,0.1424538185401562,0.1660588302453485,0.1826478497584675,0.2025491447877806,0.2252079045540931,0.2388547969310903,0.2320558421904695,0.2755407897515312,0.2449697578658407,-0.1686739967415659,-0.2541394600730917,0.0591310322875284,0.0460363566557935,1.0987296571360248,1.139548141996653,05/25,4504.0,Sarakki Lake,D,5.0,8.2,801.0,6.0,4.2,260.0,2200.0,3.0,164.0,5.0,164.0,120.0,52.0,1.5,0.4,196.0,96.0,100.0,48.0,98.0,534.0,18.0,0.2,0.5,20.0,0.28,49.0,4.48,0.41,2025.0
Sarakki Lake,SRK,2025-06-01,12.9201,77.572,,,,,,,,,,,,,,,,06/25,4504.0,Sarakki Lake,D,6.6,7.9,626.0,5.0,2.4,25.0,920.0,3.0,148.0,5.0,148.0,112.0,52.0,1.8,1.4,132.0,68.0,27.0,22.0,78.0,426.0,16.0,0.2,0.5,2.0,0.28,55.0,3.0,0.18,2025.0
Sarakki Lake,SRK,2025-11-10,12.9201,77.572,0.1304148131202928,0.1403047192062727,0.1484107309640998,0.1640419687478004,0.177308654184557,0.1910634335186878,0.1908171605546561,0.2286986309565708,0.1978380411064969,-0.1545580218553318,-0.24493441376078,0.0563235481130032,0.0264706571438802,1.0560197735178858,1.1309775494907843,11/25,4504.0,Sarakki Lake,D,6.5,7.6,680.0,4.0,2.2,2046.8115942028987,4300.0,16.112676056338028,180.0,20.0,180.0,116.0,56.0,29.4,0.91,136.0,72.0,64.0,34.0,69.0,468.0,21.0,1.97,0.5,18.0,0.29,48.0,2.7,0.17,2025.0
Shivapura Tank,SHP,2023-08-16,13.061,77.51,0.1612482837887258,0.1885935001047632,0.2097210024138191,0.2474869651533359,0.2960620813959564,0.3257834595893634,0.3263169688104071,0.3345569928425896,0.279795125646518,-0.2678747470106263,-0.2795034545760907,0.0856634510741062,0.0514757861666486,1.110566660242999,1.193126864860714,08/23,3600.0,SHIVAPURA TANK,"E (Irrigation, industrial cooling and controlled waste)",0.3,7.0,2620.0,70.0,8.8,46000.0,540000.0,10.428571428571429,612.0,5.0,612.0,444.0,317.0,2.871428571428572,12.9,660.0,336.0,324.0,48.0,177.0,1836.0,26.285714285714285,0.63,0.5,52.0,0.26,41.0,1.605714285714286,0.2642857142857143,2023.0
Shivapura Tank,SHP,2023-10-10,13.061,77.51,0.0865830246478873,0.1181341196733042,0.1366418841384142,0.1663668661971832,0.2144514718309859,0.234871235915493,0.2341268274647888,0.232016031690141,0.1830074542253524,-0.3320513526507591,-0.3380176397833363,0.1149148892628765,0.0705730486078566,1.1609308635988391,1.302303383963867,10/23,3600.0,SHIVAPURA TANK,"E (Irrigation, industrial cooling and controlled waste)",1.8,7.3,2320.0,27.0,8.89,8400.0,92000.0,3.0,540.0,5.0,540.0,392.0,170.0,9.464439655172413,3.9,620.0,316.0,304.0,94.0,166.0,1630.0,88.55021834061135,0.8,0.5,46.0,0.49,35.0,540.0,1.78,2023.0
Shivapura Tank,SHP,2023-12-24,13.061,77.51,0.1170183873239436,0.1368208025705437,0.1582659015329686,0.1787155035211268,0.2019359154929579,0.2210941971830987,0.2269892676056338,0.2441757816901411,0.2117004647887323,-0.2469876596011857,-0.2825065909979494,0.0672583719793651,0.0697032446911017,1.1554897271565625,1.1598595866492771,12/23,3600.0,SHIVAPURA TANK,"D (Propagation of wild life,fisheries)",4.1,8.2,589.0,10.0,2.0,4300.0,54000.0,3.0,144.0,5.0,144.0,88.0,120.0,1.5,0.92,120.0,64.0,56.0,19.0,49.0,400.0,40.0,0.46,0.5,4.0,0.21,45.0,1.9,1.4,2023.0
Shivapura Tank,SHP,2024-05-02,13.061,77.51,0.1306596338028169,0.163082781547392,0.2008032330251496,0.2277671373239435,0.2459083697183101,0.2680048063380285,0.2663954154929578,0.3221108204225354,0.2872705633802818,-0.2406735266268276,-0.3267104508247949,0.065907723386807,0.1029012043713007,1.233520149034886,1.1468618986265706,05/24,3600.0,Shivapura Tank,"E (Irrigation, industrial cooling and controlled waste)",3.2,6.6,1032.0,18.0,4.2,140.0,2400.0,3.0,64.0,5.0,64.0,92.0,136.0,4.7,3.6,304.0,156.0,148.0,134.0,92.0,690.0,10.0,3.5,0.5,8.0,0.22,39.0,2.0,9.15,2024.0
Shivapura Tank,SHP,2024-06-01,13.061,77.51,0.1335514401408451,0.1609187111455266,0.1843559363870029,0.2128365528169014,0.2491909929577466,0.2746331091549298,0.270582457746479,0.293034531690141,0.2531764330985917,-0.254675310554968,-0.2917106815932476,0.0764823826958868,0.0663791402564716,1.1462302677624725,1.17488937936773,06/24,3600.0,Shivapura Tank,"E (Irrigation, industrial cooling and controlled waste)",3.4,6.5,702.0,16.0,2.44,11000.0,46000.0,3.0,44.0,5.0,44.0,64.0,112.0,2.4,1.7,284.0,112.0,172.0,124.0,57.0,474.0,10.0,0.27,0.5,9.0,0.21,51.0,1.0,0.72,2024.0
Shivapura Tank,SHP,2024-09-19,13.061,77.51,0.13542325,0.1660302957595969,0.1944339688479061,0.2257509225352112,0.2617571232394366,0.2848393204225354,0.2799143591549295,0.3122938556338027,0.2754720070422536,-0.2582233563453393,-0.3085825959280328,0.081803465997196,0.0778956924338863,1.177485631235588,1.191177332328368,09/24,3600.0,Shivapura Tank,"E (Irrigation, industrial cooling and controlled waste)",0.3,6.5,1126.0,20.0,3.6,1700.0,2800.0,3.0,148.0,5.0,148.0,168.0,138.0,3.6,2.6,256.0,132.0,124.0,28.0,124.0,766.0,22.0,0.2,0.5,33.0,0.22,47.0,3.4,0.5,2024.0
Shivapura Tank,SHP,2024-12-08,13.061,77.51,0.105636823943662,0.1240569682477016,0.1394799153131604,0.1633078169014084,0.1921906302816903,0.2109851901408451,0.2042743204225353,0.2268469823943661,0.1968565422535212,-0.2485943348992726,-0.2958758950514666,0.0874991509598356,0.0560359341426162,1.123834787944601,1.2155308781063077,12/24,3600.0,Shivapura Tank,"D (Propagation of wild life,fisheries)",5.8,7.2,700.0,9.0,2.7,170.0,1300.0,3.0,136.0,5.0,136.0,104.0,86.0,1.5,0.9,156.0,84.0,72.0,39.0,78.0,476.0,20.0,0.3,0.5,9.0,0.2,50.0,3.0,0.8,2024.0
Shivapura Tank,SHP,2025-01-07,13.061,77.51,0.1289554823943662,0.1472905215649853,0.1615981903575151,0.1836447253521128,0.2078993274647889,0.2230774859154931,0.2237419471830988,0.2384759823943661,0.2062293873239438,-0.2055949247740238,-0.234127894277099,0.0677577620639856,0.0447276644663184,1.095819543151588,1.1526364473889243,01/25,3600.0,Shivapura Tank,"E (Irrigation, industrial cooling and controlled waste)",2.3,8.5,766.0,22.0,1.6,920.0,9400.0,16.0,68.0,8.0,76.0,104.0,141.0,1.5,0.6,128.0,68.0,60.0,31.0,162.0,520.0,98.0,0.2,0.5,8.0,0.2,31.0,3.1,0.3,2025.0
Shivapura Tank,SHP,2025-02-01,13.061,77.51,0.1154657394366197,0.1403427641634161,0.1632101869021713,0.1864231021126761,0.2106146161971831,0.2219043274647888,0.2232468697183099,0.2609076514084509,0.2194972781690144,-0.22889842512362,-0.3025148346859029,0.0726302353136738,0.0754210814729591,1.1660738901702623,1.172563961872355,02/25,3600.0,Shivapura Tank,"D (Propagation of wild life,fisheries)",4.2,7.4,610.0,6.0,1.7,930.0,13000.0,3.0,168.0,5.0,168.0,96.0,61.0,1.5,0.4,188.0,104.0,84.0,20.0,72.0,456.0,14.0,0.2,0.5,10.0,0.22,44.0,2.3,0.28,2025.0
Shivapura Tank,SHP,2025-03-08,13.061,77.51,0.1131161021126761,0.1390250988469892,0.1667221362917671,0.1923652816901409,0.2159384260563382,0.2351630070422538,0.2416427640845069,0.2771073485915495,0.245200295774648,-0.2698452935273013,-0.3324640275956246,0.0765135827105123,0.0889936656592225,1.2001223292808818,1.1776769581753848,03/25,3600.0,Shivapura Tank,"E (Irrigation, industrial cooling and controlled waste)",1.7,7.2,757.0,39.0,2.6,1200.0,8400.0,3.0,120.0,5.0,120.0,140.0,256.0,21.2,14.8,196.0,104.0,92.0,7.615384615384615,99.0,512.0,42.0,0.2,0.5,10.0,0.32,51.0,3.0,0.41,2025.0
Shivapura Tank,SHP,2025-04-02,13.061,77.51,,,,,,,,,,,,,,,,04/25,3600.0,Shivapura Tank,"E (Irrigation, industrial cooling and controlled waste)",2.8,6.7,1184.0,19.0,4.55,1400.0,9400.0,3.0,140.0,5.0,140.0,152.0,156.0,2.1,1.4,160.0,94.0,66.0,51.0,132.0,790.0,10.0,0.2,0.5,23.0,0.3,60.0,4.55,0.05,2025.0
Shivapura Tank,SHP,2025-05-02,13.061,77.51,0.1587601549295776,0.1858252890943222,0.2122960738748522,0.2339598556338028,0.2650134330985916,0.2803719929577464,0.283321281690141,0.321736961267606,0.2697408978873241,-0.2094856285680102,-0.268124946599299,0.0508053069734651,0.0672194788024139,1.1495549815423765,1.1118024791760444,05/25,3600.0,Shivapura Tank,E,2.8,6.9,532.0,20.0,2.0,2300.0,7900.0,3.0,88.0,5.0,88.0,56.0,148.0,1.5,0.98,152.0,76.0,76.0,95.0,58.0,362.0,164.0,0.51,0.5,6.0,0.33,44.0,2.0,1.2,2025.0
Shivapura Tank,SHP,2025-06-01,13.061,77.51,,,,,,,,,,,,,,,,06/25,3600.0,Shivapura Tank,D,4.3,7.1,661.0,4.0,2.6,2100.0,5800.0,3.0,148.0,5.0,148.0,108.0,44.0,1.5,0.9,176.0,92.0,84.0,27.0,65.0,452.0,46.0,0.2,0.5,15.0,0.2,42.0,2.13,0.23,2025.0
Shivapura Tank,SHP,2025-11-10,13.061,77.51,0.1237634612676056,0.141355668859635,0.1529909723364866,0.1763394401408453,0.2124396302816902,0.2296121936619717,0.2306930422535212,0.2523844753521127,0.2140078309859156,-0.2392226854561517,-0.2800779112208478,0.074028705540683,0.0371909964580554,1.0805742242109078,1.166573916960749,11/25,3600.0,Shivapura Tank,E,2.9,6.7,536.0,17.0,2.0,560.144927536232,3500.0,36.84507042253521,88.0,20.0,88.0,92.0,128.0,15.0,12.0,164.0,84.0,80.0,43.0,57.0,370.0,106.0,1.191818181818182,0.5,6.0,0.36,42.0,1.9,0.36,2025.0
Singapura Lake,SGP,2023-08-16,13.0906,77.582,0.1564411611449495,0.1898423053744717,0.2081643601888855,0.24254912509242,0.2843275463859452,0.3089657571383306,0.2995367742844065,0.3176072879625392,0.276503724958631,-0.2253255347270335,-0.2556288158631716,0.0826674455613991,0.0435319966543405,1.0937505487498784,1.1945021562415097,08/23,4508.0,SINGAPURA LAKE,"D (Propagation of wild life,fisheries)",5.4,7.2,758.0,4.0,2.91,4100.0,35000.0,9.80952380952381,172.0,5.0,172.0,124.0,45.0,3.023809523809524,0.4,204.0,108.0,96.0,31.0,70.0,530.0,25.42857142857143,0.2,0.5,15.0,0.2,41.0,1.6385714285714286,0.2880952380952381,2023.0
Singapura Lake,SGP,2023-10-10,13.0906,77.582,0.1032244410801675,0.1356188184038537,0.1514084812805759,0.1836775727916065,0.2188774636482061,0.2330439214167518,0.2306389817976973,0.247371414991374,0.1947626870401013,-0.2594764610437229,-0.2995457524822882,0.1097039818345057,0.0488483011827028,1.1083472543320818,1.282476638358062,10/23,4508.0,SINGAPURA LAKE,"D (Propagation of wild life,fisheries)",5.8,7.6,408.0,5.0,1.0,3400.0,35000.0,3.0,80.0,5.0,80.0,56.0,60.0,11.375862068965516,0.4,140.0,76.0,64.0,19.0,37.0,278.0,53.45851528384279,0.31,0.5,11.0,0.2,34.0,2.0,0.96,2023.0
Singapura Lake,SGP,2023-12-24,13.0906,77.582,,,,,,,,,,,,,,,,12/23,4508.0,SINGAPURA LAKE,"D (Propagation of wild life,fisheries)",5.2,7.9,561.0,7.0,1.9,46000.0,350000.0,3.0,132.0,5.0,132.0,60.0,65.0,1.5,0.8,152.0,80.0,72.0,21.0,63.0,392.0,10.0,0.2,0.5,15.0,0.2,41.0,2.2,0.05,2023.0
Singapura Lake,SGP,2024-03-03,13.0906,77.582,0.1240888955392036,0.1551278250366245,0.1895750811488717,0.2144687885082562,0.2232792768369537,0.2381326726050065,0.2366606766890821,0.2965825088899059,0.2645823715804668,-0.2092360256111577,-0.3141250252285545,0.0648347511065369,0.0997738403290532,1.2255840734187051,1.1467860325733468,03/24,4508.0,Singapura Lake,"E (Irrigation, industrial cooling and controlled waste)",2.2,7.9,755.0,19.0,3.0,2200.0,9400.0,3.0,200.0,5.0,200.0,104.0,168.0,3.12,2.4,192.0,100.0,92.0,10.0,49.0,513.0,60.0,0.52,0.5,22.0,0.21,33.0,2.0,0.81,2024.0
Singapura Lake,SGP,2024-05-02,13.0906,77.582,0.1436474492131113,0.1870620777077042,0.2312199172262481,0.2584743970707321,0.2714257331971975,0.2897107981551247,0.2808543111643136,0.3443442277224236,0.305279762701123,-0.2011932412110836,-0.296394413546505,0.0578840135747541,0.1059841413986338,1.2403789484524383,1.128473446279774,05/24,4508.0,Singapura Lake,"E (Irrigation, industrial cooling and controlled waste)",1.0,7.4,1024.0,39.0,3.5,1700.0,13000.0,3.0,268.0,5.0,268.0,148.0,216.0,6.7,4.4,216.0,116.0,100.0,15.0,97.0,688.0,52.0,0.97,0.5,29.0,0.28,46.0,3.0,2.5,2024.0
Singapura Lake,SGP,2024-06-01,13.0906,77.582,0.1564875330070768,0.1920281032863203,0.2182373837393588,0.2500626799985919,0.2913846741541387,0.3201960990036263,0.3092475090659438,0.3341625004400944,0.2848457381262542,-0.2330221460038511,-0.2715505823057724,0.0717699725236858,0.0624353743712063,1.1355475866804472,1.1622119549647878,06/24,4508.0,Singapura Lake,"D (Propagation of wild life,fisheries)",7.9,6.8,666.0,4.0,2.3,4300.0,14000.0,3.0,188.0,5.0,188.0,100.0,44.0,1.5,0.71,204.0,108.0,96.0,24.0,80.0,452.0,144.0,1.1,0.5,18.0,0.36,43.0,2.0,3.1,2024.0
Singapura Lake,SGP,2024-09-19,13.0906,77.582,0.1362432982431434,0.1709982756566855,0.1918272585132124,0.2272451642432138,0.2683127592155758,0.2921728972291657,0.2861828327993522,0.2983801535049113,0.2573704960743583,-0.2545427307072482,-0.2784298266570725,0.0941836644328741,0.0557384925724409,1.1233577460343531,1.2318915244640725,09/24,4508.0,Singapura Lake,"D (Propagation of wild life,fisheries)",7.0,6.7,628.0,5.0,2.12,400.0,3500.0,3.0,168.0,5.0,168.0,64.0,48.0,1.5,0.4,160.0,84.0,76.0,17.0,63.0,426.0,28.0,0.71,0.5,14.0,0.28,43.0,2.0,0.95,2024.0
Singapura Lake,SGP,2024-12-08,13.0906,77.582,0.1044077879097278,0.1284009684423504,0.1422393237999789,0.1689402633524626,0.2031480336584164,0.2202822307502727,0.216403890434109,0.2294536879907054,0.1950903460902017,-0.2574804357942884,-0.2896065835774941,0.0991724307381083,0.0466994558750991,1.1051468221005896,1.2505335508529705,12/24,4508.0,Singapura Lake,"D (Propagation of wild life,fisheries)",6.0,7.6,420.0,7.0,1.9,310.0,3500.0,3.0,112.0,5.0,112.0,44.0,53.0,1.5,0.4,92.0,48.0,44.0,9.0,36.0,288.0,18.0,0.2,0.5,9.0,0.2,43.0,1.6,0.22,2024.0
Singapura Lake,SGP,2025-01-07,13.0906,77.582,0.1131289828539239,0.1373605465250392,0.1543930742916005,0.1764757279160652,0.2019261873745732,0.2160769672217724,0.2183726754216104,0.2346226067668909,0.2013876984825548,-0.228093640447616,-0.2646657616186598,0.0744447364757977,0.0556840490608492,1.122114833965307,1.1795327874616088,01/25,4508.0,Singapura Lake,"D (Propagation of wild life,fisheries)",4.9,7.8,849.0,7.0,3.3,260.0,2200.0,3.0,172.0,5.0,172.0,108.0,68.0,1.5,0.4,156.0,88.0,68.0,23.0,83.0,578.0,16.0,0.2,0.5,19.0,0.2,50.0,3.0,0.5,2025.0
Singapura Lake,SGP,2025-02-01,13.0906,77.582,0.1249484385452241,0.1556034926220811,0.1786118294010572,0.2050146498609301,0.2282812590219343,0.2378010879132488,0.2367857303805937,0.274848794141464,0.2260471957187618,-0.2084459437004631,-0.2795247529388233,0.0745799863932216,0.0676665485486707,1.1474173760597923,1.173283635168476,02/25,4508.0,Singapura Lake,"E (Irrigation, industrial cooling and controlled waste)",3.1,7.3,1015.0,11.0,3.9,2100.0,11000.0,3.0,168.0,5.0,168.0,152.0,109.0,2.04,1.7,208.0,122.0,86.0,35.0,98.0,682.0,16.0,0.2,0.5,33.0,0.2,46.0,2.95,0.46,2025.0
Singapura Lake,SGP,2025-03-08,13.0906,77.582,0.1215014470302432,0.1505339229077104,0.1807831041739155,0.2047920606978135,0.2210472555715945,0.2359959828187162,0.2402294863218673,0.2870245185367743,0.2528559588775833,-0.2297298296139535,-0.3118014731315039,0.0653452011275203,0.0908342346647476,1.202569814042597,1.1471566874466017,03/25,4508.0,Singapura Lake,"D (Propagation of wild life,fisheries)",4.5,7.1,521.0,6.0,1.96,430.0,2800.0,3.0,204.0,5.0,204.0,84.0,54.0,1.5,0.5,156.0,84.0,72.0,6.333333333333334,51.0,354.0,10.0,0.2,0.5,8.0,0.25,40.0,2.0,0.18,2025.0
Singapura Lake,SGP,2025-04-02,13.0906,77.582,,,,,,,,,,,,,,,,04/25,4508.0,Singapura Lake,"D (Propagation of wild life,fisheries)",4.3,7.9,889.0,9.0,3.6,1700.0,17000.0,3.0,176.0,5.0,176.0,116.0,88.0,1.5,0.72,188.0,100.0,88.0,14.0,76.0,598.0,10.0,0.2,0.5,7.0,0.27,46.0,2.4,0.41,2025.0
Singapura Lake,SGP,2025-05-02,13.0906,77.582,0.1420069077210154,0.1788789289375721,0.2060393626643197,0.2331329084955813,0.2674755800443616,0.2826202865894449,0.278582927859733,0.3196272928915959,0.2635489173678837,-0.2175061093382687,-0.2844660240755455,0.0653818151641238,0.0700985059201097,1.1534018881388413,1.1496015881727988,05/25,4508.0,Singapura Lake,E,3.3,8.4,606.0,7.0,2.33,1200.0,7900.0,3.0,192.0,5.0,192.0,88.0,71.0,1.5,0.4,136.0,90.0,46.0,7.0,71.0,414.0,20.0,0.2,0.5,14.0,0.43,50.0,2.66,0.35,2025.0
Singapura Lake,SGP,2025-06-01,13.0906,77.582,,,,,,,,,,,,,,,,06/25,4508.0,Singapura Lake,D,6.0,7.4,385.0,5.0,1.5,340.0,2400.0,3.0,116.0,5.0,116.0,56.0,65.0,1.5,0.4,140.0,72.0,68.0,8.0,39.0,266.0,10.0,0.2,0.5,5.0,0.29,36.0,1.4,0.13,2025.0
Singapura Lake,SGP,2025-11-10,13.0906,77.582,0.1134554941379431,0.1410201209994142,0.1575088687040405,0.1853815582860965,0.2210372918353694,0.2354497165792345,0.2351678660704855,0.2543972890187656,0.2076443298243144,-0.2494661051969595,-0.2902358433497429,0.0888709334211674,0.0523731153760109,1.1151481043669869,1.2134935655840065,11/25,4508.0,Singapura Lake,D,6.2,7.0,612.0,4.0,2.35,2176.086956521739,4600.0,14.309859154929576,120.0,20.0,120.0,84.0,44.0,12.06,0.4,200.0,148.0,52.0,9.92,52.0,418.0,34.0,0.3425,0.5,7.0,0.45,35.0,1.6,0.46,2025.0
Singasandra Lake,SGS,2023-08-16,12.8985,77.6171,0.1469026219469275,0.166718269120334,0.1742375767801252,0.2055158759766311,0.2563748539452382,0.2869178010839726,0.2800304110649678,0.2729233300485674,0.2381634651932145,-0.2641070736233014,-0.2551034829510569,0.0976564899949385,0.0188095544778013,1.0418430794167726,1.247714443982114,08/23,3618.0,SINGASANDRA LAKE,"D (Propagation of wild life,fisheries)",4.7,8.0,898.0,7.0,3.0,2200.0,24000.0,5.723809523809524,192.0,5.0,192.0,128.0,88.0,4.02952380952381,0.48,240.0,128.0,112.0,28.0,94.0,604.0,19.77142857142857,2.0,0.5,28.0,0.28,41.0,1.8554285714285712,0.4452380952380952,2023.0
Singasandra Lake,SGS,2023-10-10,12.8985,77.6171,0.0832436686140634,0.1101889387064168,0.1163052721660312,0.1501609875413528,0.2052648799887378,0.2279264799042724,0.2271356127261208,0.2053632962624057,0.1585926585486027,-0.3543191270094475,-0.3197006587872332,0.1543556796276584,0.0166558058136259,1.046675740815618,1.4402327872640923,10/23,3618.0,SINGASANDRA LAKE,"D (Propagation of wild life,fisheries)",4.1,7.5,859.0,13.0,2.5,2700.0,24000.0,3.0,244.0,5.0,244.0,132.0,125.0,10.673706896551725,0.91,232.0,124.0,108.0,13.0,84.0,586.0,66.34934497816593,0.36,0.5,11.0,0.44,28.5,1.25,2.025,2023.0
Singasandra Lake,SGS,2023-12-24,12.8985,77.6171,0.080505152389667,0.0961502639938256,0.1017690998100689,0.1257533082283381,0.1680910044344336,0.1883948722460758,0.1871847117618075,0.1760584676567889,0.1494038466952911,-0.3374665749516664,-0.3164921875383852,0.1346999203079809,0.023050059261417,1.0570021108042835,1.3886682077375532,12/23,3618.0,SINGASANDRA LAKE,"E (Irrigation, industrial cooling and controlled waste)",2.6,6.9,625.0,8.0,2.2,480.0,5400.0,3.0,144.0,5.0,144.0,96.0,76.0,2.6,2.4,124.0,68.0,56.0,20.0,69.0,450.0,14.0,0.3,0.5,22.0,0.26,46.0,22.0,0.7,2023.0
Singasandra Lake,SGS,2024-03-03,12.8985,77.6171,0.1048455162947843,0.1231663445978486,0.1326573376317069,0.1572747554022665,0.1916079995776728,0.2090576441190962,0.2069245442387553,0.2143445484620256,0.1841570739776166,-0.2584312906268223,-0.2774664681824808,0.0965890044788483,0.0326117885659543,1.071304518108564,1.2377254957398338,03/24,3618.0,Singasandra Lake,"D (Propagation of wild life,fisheries)",4.5,8.5,634.0,6.0,1.6,2200.0,4900.0,64.0,112.0,32.0,176.0,132.0,55.0,1.5,0.4,212.0,112.0,100.0,31.0,65.0,538.0,25.0,0.2,0.5,7.0,0.31,39.0,3.0,0.05,2024.0
Singasandra Lake,SGS,2024-04-02,12.8985,77.6171,0.1099068029844442,0.1340593227644251,0.1502520487794355,0.1770272964031815,0.2138538818892095,0.2323256352502286,0.234200045752094,0.2476773491940591,0.2174873724220454,-0.2804620954524812,-0.3081629758472675,0.095103943357689,0.0552811658989718,1.121677551906822,1.2359230914623132,04/24,3618.0,Singasandra Lake,"D (Propagation of wild life,fisheries)",5.2,7.1,1280.0,6.0,2.9,2100.0,17000.0,3.0,176.0,5.0,176.0,196.0,69.0,1.5,0.4,212.0,116.0,96.0,18.8,107.0,870.0,10.0,1.1,0.5,20.0,0.2,50.0,3.2,3.3,2024.0
Singasandra Lake,SGS,2024-05-02,12.8985,77.6171,0.130763454635039,0.1538846976711571,0.1661901876703769,0.1952412683888223,0.2303891884282393,0.2552874111353558,0.2462119412965439,0.25853646793834,0.2204787428732314,-0.2387809017368472,-0.2629651806511224,0.0906731955126416,0.0372797134113255,1.0807724944065136,1.2187767350287877,05/24,3618.0,Singasandra Lake,"E (Irrigation, industrial cooling and controlled waste)",3.4,8.1,1390.0,30.0,4.8,140.0,2400.0,3.0,328.0,5.0,328.0,188.0,160.0,2.3,1.6,296.0,156.0,140.0,19.0,132.0,928.0,84.0,0.48,0.5,33.0,0.22,46.0,3.0,1.0,2024.0
Singasandra Lake,SGS,2024-06-01,12.8985,77.6171,0.1335799605828112,0.1577670801817184,0.165943767085641,0.1952032730344195,0.2492402336876186,0.2800294537903849,0.2675652424860982,0.2527905187583584,0.2117433166748785,-0.2654117062860837,-0.2422480704286035,0.0939021541385137,0.0221445433109433,1.048076947550112,1.2325801949141797,06/24,3618.0,Singasandra Lake,"D (Propagation of wild life,fisheries)",5.4,8.0,533.0,6.0,1.85,240.0,3500.0,3.0,68.0,5.0,68.0,52.0,56.0,1.5,0.4,132.0,72.0,60.0,68.0,47.0,362.0,28.0,0.37,0.5,13.0,0.2,44.0,2.0,0.92,2024.0
Singasandra Lake,SGS,2024-09-19,12.8985,77.6171,0.1184279721264165,0.1426919506503656,0.1487765922851898,0.182195913986063,0.2435068768916729,0.273798574646301,0.2656192475540226,0.2408519391849087,0.2011247976349688,-0.316287222982117,-0.2781738720139156,0.126524308690062,0.0163073817817204,1.0391434121246963,1.3447916226223242,09/24,3618.0,Singasandra Lake,"E (Irrigation, industrial cooling and controlled waste)",2.8,7.4,700.0,9.0,2.6,260.0,3500.0,3.0,120.0,5.0,120.0,128.0,88.0,1.5,3.6,140.0,72.0,68.0,17.0,85.0,488.0,10.0,0.2,0.5,20.0,0.41,53.0,3.1,0.3,2024.0
Singasandra Lake,SGS,2024-12-08,12.8985,77.6171,0.0871231751953261,0.1023857291552393,0.1053481592224523,0.1290764587879214,0.175196705849229,0.1965638312099669,0.1930046244808896,0.1804608221299358,0.1472148201590763,-0.3239871096245639,-0.2998959855538192,0.1284930697904082,0.0072423997098671,1.0248120143539647,1.3593693491824428,12/24,3618.0,Singasandra Lake,"D (Propagation of wild life,fisheries)",5.8,8.3,605.0,8.0,2.3,2100.0,7000.0,24.0,168.0,12.0,180.0,128.0,78.0,1.5,0.4,160.0,84.0,76.0,28.0,99.0,412.0,68.0,1.1,0.5,19.0,0.33,53.0,3.4,2.7,2024.0
Singasandra Lake,SGS,2025-01-07,12.8985,77.6171,0.0875708805518406,0.103125796804694,0.1073098053096751,0.1288187302034208,0.1722411944815935,0.1911188991342295,0.1919812521996197,0.177751728021398,0.1470338354332371,-0.3152939879296667,-0.2873207986510207,0.1169989269081033,0.0143093122286083,1.036285231774386,1.3236937322463431,01/25,3618.0,Singasandra Lake,"D (Propagation of wild life,fisheries)",4.8,8.2,680.0,6.0,2.61,230.0,4300.0,3.0,168.0,5.0,168.0,92.0,51.0,1.5,0.9,172.0,92.0,80.0,32.0,74.0,460.0,74.0,7.73,0.5,10.0,0.2,47.0,2.45,18.23,2025.0
Singasandra Lake,SGS,2025-02-01,12.8985,77.6171,0.1114719117336523,0.1294283203986751,0.1341944603288631,0.1591707362567747,0.1912544837052155,0.2031720278735834,0.2018965509959879,0.2079050397691279,0.1682814457661715,-0.2293881252922707,-0.2456592694843679,0.1011017759225421,0.0137784340305461,1.0336590389710083,1.257419616849771,02/25,3618.0,Singasandra Lake,"D (Propagation of wild life,fisheries)",5.4,8.0,955.0,8.0,3.67,140.0,4300.0,3.0,172.0,5.0,172.0,140.0,84.0,1.5,0.4,112.0,66.0,46.0,8.0,128.0,648.0,52.0,0.2,0.5,47.0,0.21,62.0,5.24,0.05,2025.0
Singasandra Lake,SGS,2025-03-08,12.8985,77.6171,0.095607506862814,0.1170099426273046,0.1295642461330107,0.1558991729429154,0.1897942950658126,0.2053720736256775,0.2098981875131977,0.2160136059688885,0.1848515098191032,-0.2972701383457858,-0.3138980516841446,0.1139301438508991,0.0447428239782449,1.1009795490668877,1.3068098311262188,03/25,3618.0,Singasandra Lake,"D (Propagation of wild life,fisheries)",5.3,8.5,1467.0,10.0,5.6,920.0,4800.0,88.0,384.0,44.0,428.0,236.0,108.0,2.22,1.7,396.0,200.0,196.0,7.205128205128205,144.0,1012.0,22.0,0.23,0.5,39.0,0.26,41.0,3.1,0.55,2025.0
Singasandra Lake,SGS,2025-04-02,12.8985,77.6171,,,,,,,,,,,,,,,,04/25,3618.0,Singasandra Lake,"E (Irrigation, industrial cooling and controlled waste)",1.2,7.4,982.0,42.0,3.77,130.0,3500.0,3.0,168.0,5.0,168.0,160.0,286.0,5.12,3.2,140.0,84.0,34.0,28.0,99.0,674.0,10.0,1.15,0.5,26.0,0.23,55.0,3.62,2.71,2025.0
Singasandra Lake,SGS,2025-05-02,12.8985,77.6171,0.1912773210389244,0.1954119800603547,0.1961365842163465,0.2170669916238475,0.2499455338917435,0.2674826177236573,0.2563167558245935,0.2745907404800451,0.2222264059970436,-0.1377032045482407,-0.1717162282191417,0.0554655723676978,6.483993852324956e-05,1.0014245299910145,1.124675178448645,05/25,3618.0,Singasandra Lake,D,6.0,8.2,774.0,5.0,3.1,120.0,1700.0,3.0,108.0,5.0,108.0,128.0,48.0,1.5,0.4,84.0,48.0,36.0,29.0,63.0,528.0,18.0,0.2,0.5,5.0,0.31,60.0,3.0,0.36,2025.0
Singasandra Lake,SGS,2025-06-01,12.8985,77.6171,,,,,,,,,,,,,,,,06/25,3618.0,Singasandra Lake,D,6.2,7.8,1369.0,4.0,5.3,310.0,3500.0,3.0,188.0,5.0,188.0,308.0,48.0,1.5,0.4,228.0,120.0,108.0,94.0,178.0,918.0,32.0,0.2,0.5,43.0,0.56,58.0,5.0,0.16,2025.0
Singasandra Lake,SGS,2025-11-10,12.8985,77.6171,,,,,,,,,,,,,,,,11/25,3618.0,Singasandra Lake,D,4.6,8.0,852.0,8.0,3.43,1141.8840579710145,4300.0,28.732394366197184,176.0,20.0,176.0,144.0,84.0,8.872727272727273,0.72,180.0,96.0,84.0,26.0,73.0,586.0,22.0,0.79,0.5,6.0,0.41,46.0,2.36,2.19,2025.0
Somasundrapalya Lake,SMP,2023-08-16,12.922,77.636,0.1598952029000808,0.1792195719790253,0.1894103900349131,0.2099893710625416,0.2348968605919826,0.256065156794425,0.2475163235138844,0.2623815155034666,0.2396459578362016,-0.1609335953729815,-0.1967089079467402,0.0609900023087681,0.0270029879450458,1.0593654382509292,1.1512843140519509,08/23,3622.0,SOMASUNDRAPALYA LAKE,"D (Propagation of wild life,fisheries)",4.5,7.4,796.0,8.0,2.0,4800.0,54000.0,8.323809523809524,184.0,5.0,184.0,116.0,90.0,3.3895238095238094,0.4,196.0,112.0,84.0,10.0,82.0,546.0,23.371428571428577,0.24,0.5,12.0,0.21,41.0,1.7174285714285715,0.3452380952380952,2023.0
Somasundrapalya Lake,SMP,2023-10-10,12.922,77.636,0.1290737127371272,0.1500607186633585,0.1601278217473923,0.1778871150529687,0.1992820011966352,0.2128790588814979,0.2113375497131593,0.2219764438813217,0.1868657480730651,-0.1669970818605041,-0.2050425100503099,0.0677632352132298,0.0304596393474665,1.068236486831849,1.1858876169610746,10/23,3622.0,SOMASUNDRAPALYA LAKE,"D (Propagation of wild life,fisheries)",5.2,7.7,794.0,6.0,3.0,4800.0,35000.0,3.0,144.0,5.0,105.33333333333331,97.33333333333331,56.0,10.439655172413794,0.72,96.0,52.0,44.0,5.0,69.0,540.0,70.64628820960698,0.2,0.5,6.0,0.36,58.0,3.0,0.05,2023.0
Somasundrapalya Lake,SMP,2023-12-24,12.922,77.636,0.110980487804878,0.1225749203549205,0.1281504481973178,0.1397472811741105,0.1585912645619962,0.1731446309787772,0.167861580966459,0.1764958716080666,0.1598744412768802,-0.154268314831744,-0.1911940669038767,0.0524647287379902,0.0226499140078792,1.0512192160088472,1.1366655325614667,12/23,3622.0,SOMASUNDRAPALYA LAKE,"D (Propagation of wild life,fisheries)",4.8,7.8,748.0,6.0,3.2,430.0,5400.0,3.0,172.0,5.0,172.0,160.0,55.0,1.5,0.76,116.0,64.0,51.0,9.0,91.0,518.0,12.0,0.2,0.5,30.0,0.31,50.0,3.7,0.4,2023.0
Somasundrapalya Lake,SMP,2024-03-03,12.922,77.636,0.1316142997923485,0.1515029839607816,0.1669423608188349,0.1857885897300529,0.1998372540738395,0.2143318656952802,0.2099899482631188,0.2340953331221623,0.2172461232534403,-0.1613036735320961,-0.2198328342040715,0.0589314553125212,0.047783926070845,1.1018471046057403,1.137748359308956,03/24,3622.0,Somasundrapalya Lake,"D (Propagation of wild life,fisheries)",4.4,8.0,694.0,7.0,2.0,2100.0,7000.0,3.0,100.0,5.0,100.0,108.0,60.0,1.5,0.4,112.0,60.0,52.0,25.0,80.0,470.0,50.0,0.2,0.5,22.0,0.35,54.0,3.0,0.1,2024.0
Somasundrapalya Lake,SMP,2024-04-02,12.922,77.636,0.1509288494703128,0.1781363605181676,0.2013845881897238,0.2219577517333614,0.2387475944110087,0.2548843768697424,0.2536428993770456,0.2796936930278392,0.2621924260021822,-0.1773897012858213,-0.2298494010314591,0.0552947789619296,0.0617103648918564,1.134853296012168,1.131050858446233,04/24,3622.0,Somasundrapalya Lake,"E (Irrigation, industrial cooling and controlled waste)",1.2,7.9,1318.0,29.0,5.06,390.0,3500.0,3.0,360.0,5.0,360.0,188.0,199.0,5.6,4.8,288.0,148.0,140.0,12.0,111.0,886.0,22.0,0.31,0.5,32.0,0.32,42.0,2.8,0.91,2024.0
Somasundrapalya Lake,SMP,2024-05-02,12.922,77.636,0.1543776405166649,0.1778896992767649,0.195182490538876,0.2131041565480587,0.2308914088621406,0.2506462534755215,0.2429991447576811,0.2721244887903424,0.249526195755464,-0.1556672469807331,-0.2143419937626866,0.0491027825887313,0.0460202683507142,1.0983514640936,1.112196335709566,05/24,3622.0,Somasundrapalya Lake,"E (Irrigation, industrial cooling and controlled waste)",1.6,7.4,1821.0,16.0,6.3,2400.0,14000.0,3.0,148.0,5.0,148.0,340.0,140.0,3.0,2.1,168.0,92.0,76.0,84.0,202.0,1200.0,28.0,0.31,0.5,41.0,0.48,67.0,9.0,0.92,2024.0
Somasundrapalya Lake,SMP,2024-06-01,12.922,77.636,0.1581269911660155,0.1792473229669602,0.1941565480957089,0.2117960827790093,0.2343740752472459,0.259232706859536,0.2471670714109737,0.2627087319184877,0.2390743884841443,-0.1621608901169331,-0.195148294315663,0.0488260111571574,0.0399835088186197,1.0858936026184882,1.1115337667378633,06/24,3622.0,Somasundrapalya Lake,"D (Propagation of wild life,fisheries)",4.4,8.0,890.0,12.0,3.1,110.0,2400.0,3.0,248.0,5.0,248.0,136.0,124.0,1.5,0.99,240.0,128.0,112.0,14.0,87.0,602.0,40.0,0.2,0.5,11.0,0.33,43.0,2.4,0.05,2024.0
Somasundrapalya Lake,SMP,2024-09-19,12.922,77.636,0.1643516946468165,0.1865999612797151,0.1989928625520897,0.2179695033963328,0.2369538767465597,0.2566828177242811,0.2479212895505578,0.2661368563685636,0.2498448245521416,-0.1494731186665666,-0.1891017595923244,0.0570418834210488,0.0346763110211628,1.0785028127688825,1.146004726554505,09/24,3622.0,Somasundrapalya Lake,"D (Propagation of wild life,fisheries)",5.4,7.7,890.0,5.0,3.4,260.0,5400.0,3.0,208.0,5.0,208.0,148.0,48.0,1.5,0.66,240.0,124.0,116.0,36.0,87.0,614.0,20.0,0.25,0.5,18.0,0.38,42.0,2.4,0.71,2024.0
Somasundrapalya Lake,SMP,2024-12-08,12.922,77.636,0.1182923591313835,0.133163115500615,0.1398784253656196,0.1549964030549395,0.1728022243339315,0.1881008235666771,0.1834508077288564,0.193969978530954,0.178792154999472,-0.1665631034854943,-0.2041903747516441,0.0672852372465888,0.0231128470317944,1.0576121764220174,1.185758612205785,12/24,3622.0,Somasundrapalya Lake,"D (Propagation of wild life,fisheries)",6.6,8.1,608.0,9.0,2.3,250.0,2100.0,3.0,148.0,5.0,148.0,136.0,81.0,1.5,0.4,148.0,80.0,68.0,18.0,99.0,414.0,20.0,1.2,0.5,17.0,0.35,55.0,3.5,2.9,2024.0
Somasundrapalya Lake,SMP,2025-01-07,12.922,77.636,0.1190884454299088,0.132514524614761,0.1398800793018159,0.1530633301657691,0.1678387533875336,0.1799456621968816,0.1794941752014921,0.1930441347270615,0.1794385668532011,-0.1537689189473479,-0.1963748713208348,0.0535944224054133,0.0265663937431648,1.0581795391228712,1.1375961756649062,01/25,3622.0,Somasundrapalya Lake,"D (Propagation of wild life,fisheries)",7.1,8.0,978.0,4.0,4.0,310.0,2800.0,3.0,284.0,5.0,284.0,140.0,51.0,1.5,0.4,240.0,124.0,116.0,21.0,103.0,674.0,10.0,0.8,0.5,33.0,0.27,42.0,3.0,2.0,2025.0
Somasundrapalya Lake,SMP,2025-02-01,12.922,77.636,0.1186636771300448,0.1277210729138199,0.1355013505225759,0.1798,0.2191,0.2519,0.2282941704035874,0.2507,0.2119,-0.2826981964073599,-0.3251502827338338,0.1405082346106647,0.0298185482191343,1.061821259681602,1.3269992013408758,02/25,3622.0,Somasundrapalya Lake,"D (Propagation of wild life,fisheries)",6.0,8.0,1174.0,8.0,4.51,170.0,3500.0,3.0,192.0,5.0,192.0,188.0,81.0,1.5,0.4,112.0,62.0,50.0,5.0,135.0,808.0,46.0,0.22,0.5,65.0,0.25,60.0,5.54,0.57,2025.0
Somasundrapalya Lake,SMP,2025-03-08,12.922,77.636,0.1385953472002251,0.1617265336279216,0.1806603807444511,0.1981218491535565,0.2099486749023333,0.2231111744623938,0.2241131489107098,0.2469434167458556,0.2299417555344383,-0.1645152695087812,-0.2162676799589926,0.055298450334688,0.0546736583812111,1.1179362546722384,1.1347189781818403,03/25,3622.0,Somasundrapalya Lake,"D (Propagation of wild life,fisheries)",5.9,7.4,689.0,5.0,2.3,220.0,1300.0,3.0,176.0,5.0,176.0,112.0,64.0,1.5,0.58,176.0,96.0,80.0,7.102564102564102,105.0,468.0,20.0,0.2,0.5,23.0,0.32,53.0,3.0,0.05,2025.0
Somasundrapalya Lake,SMP,2025-04-02,12.922,77.636,,,,,,,,,,,,,,,,04/25,3622.0,Somasundrapalya Lake,"E (Irrigation, industrial cooling and controlled waste)",3.1,8.0,994.0,10.0,3.82,170.0,2800.0,3.0,140.0,5.0,140.0,160.0,96.0,1.5,0.4,128.0,70.0,58.0,34.0,129.0,664.0,10.0,0.2,0.5,23.0,0.34,64.0,4.95,0.28,2025.0
Somasundrapalya Lake,SMP,2025-05-02,12.922,77.636,0.1717589061345157,0.1825869003462823,0.1878318520646929,0.1997876922535459,0.2142657938267692,0.2219803223876395,0.2151964206525179,0.2326178087495159,0.2011606588533417,-0.0802408948770924,-0.1196319180955585,0.0361813638059142,0.0122988152366009,1.026877598253898,1.085307751317233,05/25,3622.0,Somasundrapalya Lake,D,4.9,8.1,592.0,8.0,2.4,210.0,1700.0,3.0,104.0,5.0,104.0,76.0,72.0,1.5,0.4,80.0,44.0,36.0,38.0,46.0,404.0,10.0,0.2,0.5,4.0,0.4,53.0,2.24,0.2,2025.0
Somasundrapalya Lake,SMP,2025-06-01,12.922,77.636,,,,,,,,,,,,,,,,06/25,3622.0,Somasundrapalya Lake,D,6.0,7.9,799.0,4.0,12.5,260.0,1700.0,3.0,108.0,5.0,108.0,132.0,44.0,1.5,0.4,148.0,80.0,68.0,35.0,58.0,542.0,10.0,0.2,0.5,3.0,0.34,46.0,2.08,0.13,2025.0
Somasundrapalya Lake,SMP,2025-11-10,12.922,77.636,0.1315585330658501,0.1458525927280757,0.1545651958999603,0.1717688522859254,0.1890280223841197,0.2004375461936437,0.196722320768662,0.2136661422588251,0.1872125294759438,-0.1502059979194096,-0.1941831188417618,0.0603180444036568,0.0284927428196044,1.0617249379729858,1.145021403179533,11/25,3622.0,Somasundrapalya Lake,D,6.5,8.0,675.0,5.0,2.6,1271.1594202898552,3500.0,26.92957746478873,156.0,20.0,156.0,108.0,56.0,5.15,0.4,180.0,92.0,88.0,27.0,66.0,460.0,12.0,1.425,0.5,13.0,0.55,42.0,2.14,0.19,2025.0
Sompura Lake,SOM,2023-08-16,12.97,77.6,0.1536686826726749,0.1771879641691044,0.1911189013823635,0.2195608110962474,0.2645466837991973,0.2884291206083224,0.2785234351897488,0.2831087023868197,0.2529076321903826,-0.2364061059503787,-0.247994205216648,0.0893553429624479,0.0316833714371275,1.072123253426633,1.2338572534238113,08/23,4534.0,SOMPURA LAKE,"D (Propagation of
wild life,fisheries)",4.5,7.6,855.0,8.0,3.0,4100.0,54000.0,15.62857142857143,228.0,5.0,228.0,128.0,80.0,1.5914285714285716,0.48,212.0,112.0,100.0,42.0,118.0,558.0,33.48571428571429,0.35,0.5,17.0,0.37,41.0,1.3297142857142856,0.0642857142857142,2023.0
Sompura Lake,SOM,2023-10-10,12.97,77.6,0.1112353129620503,0.1398030733387379,0.1577638424749355,0.1865592374850385,0.2263984439907061,0.2411098218686194,0.2386164366683096,0.2454342462859961,0.2022063824544114,-0.2821075659367377,-0.3041912797538176,0.1198665219725472,0.0491200508541111,1.1171973556278996,1.385496425161709,10/23,4534.0,SOMPURA LAKE,"E (Irrigation, industrial cooling and controlled waste)",3.5,7.0,462.0,17.0,2.0,4800.0,35000.0,3.0,136.0,5.0,136.0,28.0,120.0,11.141810344827586,4.7,100.0,56.0,44.0,16.0,44.0,318.0,57.75545851528384,0.48,0.5,13.0,0.2,45.0,2.0,0.58,2023.0
Sompura Lake,SOM,2023-12-24,12.97,77.6,0.1012861684151236,0.1209368796797883,0.1330295501480518,0.1526455572766318,0.1837888720692812,0.1996803914665917,0.195960751249736,0.2032082482574102,0.1793594522284025,-0.2626647594487303,-0.2854159799840658,0.1037872925554558,0.041327308786253,1.0945192531190429,1.3107862225517026,12/23,4534.0,SOMPURA LAKE,"D (Propagation of wild life,fisheries)",6.1,8.2,1090.0,4.0,3.7,9400.0,92000.0,3.0,392.0,5.0,392.0,112.0,36.0,1.5,0.4,200.0,108.0,92.0,42.0,195.0,738.0,10.0,0.2,0.5,14.0,0.27,66.0,6.0,0.32,2023.0
Sompura Lake,SOM,2024-03-03,12.97,77.6,0.125140642821939,0.1486319228817919,0.1626317079556621,0.1904152819826797,0.2192162360064776,0.2361284094909527,0.2307091177920158,0.2402638527071747,0.2157843272548054,-0.2289979036307523,-0.2495761725871115,0.0980438378753299,0.0354946921587726,1.0813088383462632,1.2635747692776085,03/24,4534.0,Sompura Lake,"D (Propagation of wild life,fisheries)",4.8,8.7,1284.0,9.0,5.5,170.0,2400.0,96.0,632.0,48.0,528.0,164.0,80.0,1.5,0.78,188.0,96.0,92.0,47.0,164.0,894.0,12.0,0.2,0.5,32.0,0.21,61.0,5.2,0.05,2024.0
Sompura Lake,SOM,2024-04-02,12.97,77.6,0.1198516235254888,0.1430573879639541,0.1602174892725312,0.191642461756492,0.2290530365553749,0.2493152807302739,0.2459001292151223,0.2607844608394815,0.2377717435705057,-0.2722309156891694,-0.3014643785709761,0.1051518395170157,0.0488625402329935,1.1086510267014995,1.2745614209291525,04/24,4534.0,Sompura Lake,"E (Irrigation, industrial cooling and controlled waste)",0.3,6.5,696.0,30.0,2.8,680.0,4600.0,3.0,152.0,5.0,152.0,92.0,168.0,28.6,22.0,156.0,84.0,72.0,13.0,75.0,466.0,126.0,0.86,0.5,15.0,0.36,48.0,3.0,0.71,2024.0
Sompura Lake,SOM,2024-05-02,12.97,77.6,0.1324040484404703,0.1592975323082762,0.1779459299888043,0.2065733647820883,0.243538576357108,0.2653688657325918,0.2565886045201718,0.2760825459409984,0.2456811166654931,-0.2424914303100368,-0.2768799867405143,0.0893252846501415,0.0486015044931307,1.1072018967901476,1.2229887980310177,05/24,4534.0,Sompura Lake,"E (Irrigation, industrial cooling and controlled waste)",0.3,9.7,2046.0,29.0,10.0,2100.0,9400.0,400.0,504.0,200.0,704.0,316.0,192.0,8.8,6.7,176.0,92.0,84.0,100.0,291.0,1394.0,46.0,1.1,0.5,30.0,1.14,75.0,9.6,3.3,2024.0
Sompura Lake,SOM,2024-06-01,12.97,77.6,0.1450032774765894,0.1690177381464098,0.1836815677808262,0.21108881222277,0.2585165986059284,0.2867518059564884,0.2751519784552561,0.2734234774343451,0.2378637330141522,-0.2491909842655044,-0.2503884304277423,0.0891464682521622,0.0351769608742098,1.078745130518731,1.234450070272063,06/24,4534.0,Sompura Lake,"D (Propagation of wild life,fisheries)",6.2,8.0,1784.0,4.0,6.2,43.0,1600.0,3.0,100.0,5.0,100.0,84.0,44.0,1.5,0.4,568.0,292.0,276.0,283.0,191.0,1190.0,10.0,0.2,0.5,14.0,0.35,41.0,3.0,0.33,2024.0
Sompura Lake,SOM,2024-09-19,12.97,77.6,0.137532260789974,0.159818094646023,0.1736808522531425,0.2043019678941071,0.2470809758501727,0.2719321586988666,0.26363070478068,0.2696740371752447,0.2423759522636064,-0.2617492211481775,-0.275380797470018,0.1051431561538565,0.0335315345653168,1.0753291263009868,1.296194648591817,09/24,4534.0,Sompura Lake,"D (Propagation of wild life,fisheries)",5.6,7.5,960.0,6.0,3.3,1700.0,13000.0,3.0,256.0,5.0,256.0,80.0,52.0,1.5,0.4,124.0,68.0,56.0,76.0,156.0,636.0,38.0,0.2,0.5,12.0,0.43,67.0,6.0,0.05,2024.0
Sompura Lake,SOM,2024-12-08,12.97,77.6,0.1044886608463002,0.119011547098292,0.1294970472320251,0.1499211575019363,0.1814072238259524,0.1973176512004507,0.1918712279095966,0.2043670280926565,0.1810929979581779,-0.2549936364341156,-0.2863836495053219,0.1054091264918075,0.0314747560308793,1.074339272333429,1.3120837273716115,12/24,4534.0,Sompura Lake,"D (Propagation of wild life,fisheries)",6.8,7.4,468.0,5.0,1.7,1700.0,13000.0,3.0,204.0,5.0,204.0,52.0,46.0,1.5,0.4,116.0,64.0,52.0,17.0,88.0,318.0,10.0,0.2,0.5,8.0,0.37,60.0,3.5,0.8,2024.0
Sompura Lake,SOM,2025-01-07,12.97,77.6,0.1077520101387031,0.1249509759880469,0.135911321230634,0.1564069950010561,0.1844847637822996,0.1985622368513693,0.1966535379849328,0.2024522284024501,0.1762887699781735,-0.2482285638087568,-0.2662261402636356,0.0994116329919076,0.0354771394187813,1.082240062108665,1.2951095537876784,01/25,4534.0,Sompura Lake,"D (Propagation of wild life,fisheries)",6.5,7.7,709.0,4.0,2.9,140.0,2400.0,3.0,224.0,5.0,224.0,52.0,40.0,1.5,0.4,128.0,68.0,60.0,28.0,66.0,482.0,16.0,0.2,0.5,8.0,0.2,51.0,2.53,0.05,2025.0
Sompura Lake,SOM,2025-02-01,12.97,77.6,,,,,,,,,,,,,,,,02/25,4534.0,Sompura Lake,"D (Propagation of wild life,fisheries)",5.7,7.5,906.0,5.0,3.48,210.0,3500.0,3.0,248.0,5.0,248.0,52.0,57.0,1.5,0.8,176.0,110.0,66.0,28.0,93.0,604.0,18.0,0.2,0.5,9.0,0.36,52.0,3.07,0.05,2025.0
Sompura Lake,SOM,2025-03-08,12.97,77.6,0.1101438639724002,0.1321720441810287,0.1490143143078089,0.1737628599591637,0.2042106069140323,0.2205631275082727,0.2222288354572979,0.2363510525945223,0.2105413926635218,-0.2680060089557305,-0.2986678920444171,0.099593286636854,0.0507442306462484,1.1150228591682716,1.2674643631584752,03/25,4534.0,Sompura Lake,"D (Propagation of wild life,fisheries)",6.5,7.3,774.0,5.0,3.0,1700.0,7900.0,3.0,284.0,5.0,284.0,84.0,61.0,1.5,0.54,156.0,80.0,76.0,5.717948717948718,92.0,530.0,16.0,0.2,0.5,10.0,0.36,54.0,3.2,0.05,2025.0
Sompura Lake,SOM,2025-04-02,12.97,77.6,,,,,,,,,,,,,,,,04/25,4534.0,Sompura Lake,"E (Irrigation, industrial cooling and controlled waste)",2.2,7.7,747.0,29.0,2.8,340.0,2200.0,3.0,288.0,5.0,288.0,84.0,192.0,5.6,4.2,104.0,60.0,44.0,33.0,87.0,504.0,10.0,0.2,0.5,13.0,0.57,61.0,4.0,0.35,2025.0
Sompura Lake,SOM,2025-05-02,12.97,77.6,0.1343896923185243,0.1610350391243866,0.1805480775621179,0.2098715834682816,0.2529774202633248,0.2685292860663241,0.2623611948179962,0.2794851439836655,0.232395617123143,-0.2500158856205258,-0.2815407669253713,0.0939137266289483,0.0522346845519748,1.1151538931508889,1.249760844924836,05/25,4534.0,Sompura Lake,E,3.0,7.0,620.0,7.0,2.38,1700.0,13000.0,3.0,124.0,5.0,124.0,160.0,71.0,1.5,0.4,124.0,68.0,56.0,11.0,35.0,412.0,18.0,0.21,0.5,14.0,0.2,35.0,1.37,0.53,2025.0
Sompura Lake,SOM,2025-06-01,12.97,77.6,,,,,,,,,,,,,,,,06/25,4534.0,Sompura Lake,D,5.2,6.8,740.0,5.0,3.0,140.0,1700.0,3.0,216.0,5.0,216.0,64.0,52.0,1.5,0.4,156.0,84.0,72.0,38.0,60.0,508.0,14.0,0.2,0.5,3.0,0.43,44.0,2.09,0.05,2025.0
Sompura Lake,SOM,2025-11-10,12.97,77.6,0.1240343061325072,0.1367191155406024,0.1470691863501722,0.1701135710765333,0.2061505738224321,0.2207188727733578,0.2189927796944308,0.2368627930718864,0.193898422868408,-0.2382340885306009,-0.2757753652833532,0.0862958562733083,0.0291254669552194,1.0641692697779523,1.2214694967988455,11/25,4534.0,Sompura Lake,D,5.4,7.3,444.0,5.0,1.7,2984.057971014493,2400.0,19.0,88.0,20.0,88.0,20.0,52.0,21.666666666666664,0.4,164.0,64.0,100.0,9.1,45.0,304.0,19.0,0.505,0.5,4.0,0.39,36.0,1.53,0.28,2025.0
Tubarahalli Tank,TBH,2023-08-16,12.968,77.73,0.075317067248478,0.098386173516278,0.0958309711481189,0.1409265897174225,0.2495620895942568,0.2894758524826686,0.2904936763205123,0.2379047436393706,0.1607057887884012,-0.5074043208690283,-0.430136977763521,0.2160128791012173,-0.0263299019389925,0.9529436334892908,1.598178146496381,08/23,3610.0,TUBARAHALLI TANK,"D (Propagation of wild life,fisheries)",4.4,6.9,784.0,9.0,1.4,580.0,16000.0,12.038095238095238,236.0,5.0,236.0,212.0,104.0,2.4752380952380952,0.4,264.0,140.0,124.0,8.0,42.0,540.0,28.514285714285712,0.22,0.5,11.0,0.24,41.0,1.5202857142857142,0.2023809523809523,2023.0
Tubarahalli Tank,TBH,2023-10-10,12.968,77.73,0.0318981947425836,0.062826688276567,0.0535301159697373,0.1050801632825421,0.2439417355808142,0.2840747615863742,0.2900363233275856,0.1836622831403737,0.1057330893479256,-0.6482769421854225,-0.5098205095100705,0.3792867641746179,-0.1228590955224373,0.7994015207462987,2.4454316651146963,10/23,3610.0,TUBARAHALLI TANK,"D (Propagation of wild life,fisheries)",5.4,7.2,575.0,6.0,2.0,5800.0,92000.0,3.0,84.0,5.0,84.0,88.0,72.0,8.060129310344827,0.4,124.0,58.0,56.0,20.0,63.0,388.0,114.33187772925764,0.21,0.5,16.0,0.25,49.0,2.0,0.53,2023.0
Tubarahalli Tank,TBH,2023-12-24,12.968,77.73,0.0569239997184783,0.0761297922966194,0.0751307704639168,0.1122385966147025,0.2135985396065735,0.247982841256994,0.2504046978921067,0.1996384945631135,0.131153094978358,-0.5498398078506356,-0.4671733424991071,0.2379527794311846,-0.0337373578538447,0.9452728138130236,1.6837862417586085,12/23,3610.0,TUBARAHALLI TANK,"D (Propagation of wild life,fisheries)",6.2,7.8,571.0,4.0,2.0,6300.0,92000.0,3.0,88.0,5.0,88.0,104.0,40.0,1.5,0.61,92.0,52.0,40.0,23.0,47.0,388.0,10.0,0.2,0.5,4.0,0.26,50.0,1.8,0.05,2023.0
Tubarahalli Tank,TBH,2024-03-03,12.968,77.73,0.065575208501953,0.0911654434762833,0.1071353734831378,0.1454463666115353,0.2106961713059083,0.2364851426962734,0.2452133617200971,0.247165344688039,0.1833246366611535,-0.4782855802638045,-0.4815440026645431,0.1877896267551669,0.0647281124368617,1.1580495190776694,1.5526885909148878,03/24,3610.0,Tubarahalli Tank,"D (Propagation of wild life,fisheries)",4.4,7.0,702.0,8.0,2.4,1300.0,7000.0,3.0,80.0,5.0,80.0,128.0,76.0,1.5,0.4,112.0,64.0,48.0,31.0,95.0,466.0,52.0,0.2,0.5,14.0,0.23,61.0,4.0,0.05,2024.0
Tubarahalli Tank,TBH,2024-04-02,12.968,77.73,0.0825209205757117,0.1077718447153047,0.1282242880796913,0.1652030333955025,0.2255061758806349,0.252556628074744,0.260031248900306,0.2715889045289792,0.2043299187106309,-0.4259411892369639,-0.4415684226891502,0.1453662960362326,0.0767689008873833,1.174494017915642,1.3764649684967405,04/24,3610.0,Tubarahalli Tank,"D (Propagation of wild life,fisheries)",4.4,7.7,845.0,7.0,2.9,210.0,3500.0,3.0,76.0,5.0,76.0,156.0,88.0,1.5,0.47,160.0,88.0,72.0,56.0,95.0,572.0,20.0,0.75,0.5,15.0,0.23,53.0,3.0,1.9,2024.0
Tubarahalli Tank,TBH,2024-05-02,12.968,77.73,0.1206665875877776,0.1469983677476118,0.1644780400049519,0.1899012526096033,0.2393208578477889,0.2637146137787058,0.2631874928829001,0.2923591573353578,0.2309245397608653,-0.2900711037441278,-0.3371088719166792,0.0835431781823309,0.0526579870655936,1.1160478720639602,1.2060879016667725,05/24,3610.0,Tubarahalli Tank,"E (Irrigation, industrial cooling and controlled waste)",1.2,6.8,1073.0,29.0,3.76,93000.0,490000.0,3.0,136.0,5.0,136.0,148.0,204.0,3.0,2.1,248.0,132.0,116.0,45.0,92.0,710.0,14.0,0.55,0.5,18.0,0.2,37.0,3.0,1.45,2024.0
Tubarahalli Tank,TBH,2024-06-01,12.968,77.73,,,,,,,,,,,,,,,,06/24,3610.0,Tubarahalli Tank,"E (Irrigation, industrial cooling and controlled waste)",2.1,7.6,1170.0,19.0,4.0,680000.0,3100000.0,3.0,312.0,5.0,312.0,208.0,171.0,7.8,6.0,296.0,156.0,140.0,18.0,114.0,792.0,66.0,1.73,0.5,15.0,0.2,44.0,2.9,4.8,2024.0
Tubarahalli Tank,TBH,2024-09-19,12.968,77.73,,,,,,,,,,,,,,,,09/24,3610.0,Tubarahalli Tank,"D (Propagation of wild life,fisheries)",5.6,7.6,903.0,8.0,1.8,3900.0,22000.0,3.0,156.0,5.0,156.0,176.0,62.0,1.5,0.4,236.0,124.0,112.0,31.0,92.0,624.0,38.0,2.3,0.5,21.0,0.33,43.0,2.6,0.5,2024.0
Tubarahalli Tank,TBH,2024-12-08,12.968,77.73,0.0453069535841221,0.065951303859421,0.0551103531768819,0.0990590174895308,0.2346495231727487,0.2773706337755568,0.2780947496217053,0.1794235809550621,0.1071447584192561,-0.6207862363609714,-0.4763311341403792,0.3251485643502508,-0.1245795477224833,0.7918047659983878,2.074186238207888,12/24,3610.0,Tubarahalli Tank,"D (Propagation of wild life,fisheries)",5.9,6.7,904.0,7.0,3.75,330.0,3500.0,3.0,140.0,5.0,140.0,136.0,76.0,1.5,0.4,180.0,96.0,84.0,21.0,89.0,618.0,10.0,1.45,0.5,12.0,0.29,50.0,2.88,3.42,2024.0
Tubarahalli Tank,TBH,2025-01-07,12.968,77.73,0.0447381496991237,0.0666849106022171,0.0624657635946936,0.104652933103424,0.2203835098708518,0.2567466235000176,0.2650359643875145,0.1903141992469297,0.1205697047541964,-0.6084670342302015,-0.499396598655339,0.2957145758950337,-0.0632978138059703,0.8958969408950229,1.9529385956644536,01/25,3610.0,Tubarahalli Tank,"D (Propagation of wild life,fisheries)",5.8,8.2,625.0,10.0,2.4,1700.0,7900.0,3.0,136.0,5.0,136.0,84.0,115.0,1.5,0.4,140.0,76.0,64.0,9.0,63.0,426.0,84.0,0.4,0.5,13.0,0.2,46.0,2.3,0.9,2025.0
Tubarahalli Tank,TBH,2025-02-01,12.968,77.73,0.0602561767021673,0.0845249722215841,0.0896056317193421,0.1377426381003688,0.2232972234884588,0.2495636069785754,0.2538993120881852,0.2323956114541459,0.151117529319133,-0.5109779442960171,-0.4786024976530094,0.2370373470292428,0.0153690985025774,1.0377786589548237,1.6787163705182964,02/25,3610.0,Tubarahalli Tank,"D (Propagation of wild life,fisheries)",5.2,8.3,799.0,6.0,3.22,11000.0,2950.0,24.0,128.0,12.0,140.0,116.0,64.0,1.5,0.4,176.0,92.0,84.0,25.0,84.0,538.0,16.0,0.2,0.5,13.0,0.33,49.0,2.76,0.05,2025.0
Tubarahalli Tank,TBH,2025-03-08,12.968,77.73,0.0731316782207833,0.0957146039066187,0.109211045764283,0.1476188408347116,0.2180427279445401,0.2446612203962417,0.2570308090227679,0.2470130696414118,0.1764249604110215,-0.4633328889996361,-0.4476151075047361,0.1683771510497257,0.0539715494468788,1.1252942909126773,1.4449138204453065,03/25,3610.0,Tubarahalli Tank,"E (Irrigation, industrial cooling and controlled waste)",2.0,7.0,675.0,31.0,2.6,94.0,675.0,3.0,156.0,5.0,156.0,108.0,200.0,23.8,18.3,132.0,68.0,64.0,7.384615384615385,74.0,466.0,104.0,0.34,0.5,8.0,0.22,2.8,2.8,0.8,2025.0
Tubarahalli Tank,TBH,2025-04-02,12.968,77.73,,,,,,,,,,,,,,,,04/25,3610.0,Tubarahalli Tank,"D (Propagation of wild life,fisheries)",6.1,8.5,678.0,5.0,2.8,230.0,3500.0,48.0,72.0,24.0,96.0,124.0,48.0,1.5,0.4,136.0,72.0,64.0,10.0,58.0,458.0,10.0,0.2,0.5,15.0,0.3,44.0,2.17,0.4,2025.0
Tubarahalli Tank,TBH,2025-05-02,12.968,77.73,0.0834691733821304,0.1141903023707601,0.1245398317040361,0.1721751310835063,0.2584659710736531,0.2855531301685611,0.2949691276348665,0.2797746278636025,0.1900680543336736,-0.4490718920885923,-0.4278719398544107,0.1780945942347187,0.0344408151987008,1.0781792842127045,1.471604295881649,05/25,3610.0,Tubarahalli Tank,D,4.4,7.2,689.0,7.0,2.6,21.0,1600.0,3.0,156.0,5.0,156.0,112.0,68.0,1.5,0.88,184.0,96.0,88.0,28.0,67.0,472.0,10.0,0.2,0.5,14.0,0.29,42.0,2.15,0.45,2025.0
Tubarahalli Tank,TBH,2025-06-01,12.968,77.73,,,,,,,,,,,,,,,,06/25,3610.0,Tubarahalli Tank,D,4.3,7.5,546.0,6.0,2.0,140.0,2400.0,3.0,116.0,5.0,116.0,80.0,68.0,1.5,0.93,140.0,72.0,29.0,22.0,53.0,374.0,40.0,0.2,0.5,9.0,0.26,43.0,1.94,0.35,2025.0
Tubarahalli Tank,TBH,2025-11-10,12.968,77.73,0.0555226906429249,0.0759086636000833,0.0689001690950163,0.1117916845550198,0.2411959108984057,0.2834897490938521,0.2878709399303232,0.2020627582081149,0.1194934757363549,-0.5815828988508613,-0.4568447133061454,0.2569376271296765,-0.0669581007165645,0.8843637155523831,1.7412811362160454,11/25,3610.0,Tubarahalli Tank,E,1.9,7.1,1017.0,28.0,3.9,883.3333333333334,5400.0,32.33802816901408,356.0,20.0,356.0,160.0,180.0,12.0,9.1,248.0,128.0,120.0,19.0,112.0,702.0,24.0,1.0,0.5,12.0,0.46,48.0,3.1,2.3,2025.0
Ullalu Lake,ULL,2023-10-10,12.9275,77.5201,0.0824705348026616,0.1078442449744121,0.1162039544070702,0.1548871140372496,0.2506146111326265,0.2750039890152448,0.2748668626553533,0.2243387846354259,0.1487509734887159,-0.461973608094277,-0.396598626286735,0.2157757818309195,0.0023079522799457,1.0404876434902717,1.797574500045834,10/23,4533.0,ULLALU LAKE,"E (Irrigation, industrial cooling and controlled waste)",3.2,6.6,972.0,17.0,3.0,4100.0,35000.0,3.0,116.0,5.0,116.0,48.0,116.0,10.71271551724138,5.8,396.0,204.0,192.0,64.0,401.0,662.0,65.63318777292577,1.0,0.5,16.0,0.22,17.0,1.2,4.0,2023.0
Ullalu Lake,ULL,2023-12-24,12.9275,77.5201,0.0844708481498432,0.1020452775033848,0.1127119325753232,0.1392103545400134,0.2016850191881137,0.2245533499982396,0.2230150054571699,0.19983247192198,0.15046682392705,-0.4022620514019124,-0.3664033058153029,0.1565496643337284,0.0342571322608227,1.0886651801136868,1.4807553557341282,12/23,4533.0,ULLALU LAKE,"D (Propagation of wild life,fisheries)",4.4,6.58,770.0,6.0,1.3,70000.0,350000.0,3.0,236.0,5.0,236.0,188.0,74.0,1.5,0.4,252.0,136.0,116.0,27.0,66.0,540.0,10.0,0.2,0.5,12.0,0.22,35.0,2.0,0.05,2023.0
Ullalu Lake,ULL,2024-05-02,12.9275,77.5201,0.1678681020205366,0.1950255725464903,0.2041996666170106,0.2179621397813845,0.2653291818482942,0.2975157668102021,0.2898911560119245,0.2755314011262008,0.2307213978138456,-0.203998023423555,-0.1801223639834156,0.0409972035048299,0.0237226492134064,1.0501502802486775,1.1054377586115045,05/24,4533.0,Ullalu Lake,"E (Irrigation, industrial cooling and controlled waste)",0.3,6.5,307.0,23.0,1.0,14000.0,48000.0,3.0,88.0,5.0,88.0,16.0,190.0,11.6,8.9,80.0,48.0,32.0,5.0,31.0,212.0,90.0,1.9,0.5,4.0,0.2,44.0,1.5,5.2,2024.0
Ullalu Lake,ULL,2024-06-01,12.9275,77.5201,0.1246655423722846,0.1475784637035775,0.1562122000371579,0.1939367390768581,0.2869780128859627,0.3275760130972078,0.3180689187761857,0.2672334049220154,0.2002918564940322,-0.3754835027014723,-0.3058305701705847,0.1328104051339498,0.0160124966768833,1.0400681646244252,1.3492491354015208,06/24,4533.0,Ullalu Lake,"E (Irrigation, industrial cooling and controlled waste)",0.3,6.3,372.0,18.0,1.1,170.0,5400.0,3.0,108.0,5.0,108.0,28.0,119.0,2.0,1.6,128.0,68.0,60.0,16.0,39.0,254.0,14.0,0.9,0.5,16.0,0.2,37.0,1.5,1.2,2024.0
Ullalu Lake,ULL,2024-09-19,12.9275,77.5201,0.1145653980213357,0.1382718795987664,0.1480153936151572,0.1868148822307502,0.275270805900785,0.3073307960426716,0.3018566595077983,0.2534988768792027,0.1899009294792803,-0.3977054888432059,-0.3326882143240228,0.1642635959930236,0.018040162687579,1.0544416242018768,1.5103863652974687,09/24,4533.0,Ullalu Lake,"E (Irrigation, industrial cooling and controlled waste)",1.8,7.0,606.0,20.0,2.1,1400.0,7000.0,3.0,164.0,5.0,164.0,68.0,156.0,7.6,5.6,152.0,84.0,68.0,20.0,74.0,410.0,94.0,0.25,0.5,17.0,0.28,48.0,3.0,0.6,2024.0
Ullalu Lake,ULL,2024-12-08,12.9275,77.5201,0.08829835932824,0.1035308806061119,0.107060261262285,0.1361440481639264,0.2010259726085272,0.22355486744358,0.2192256346160617,0.194493028905397,0.1438294053445058,-0.3758410001817142,-0.3370773981672399,0.1649803193596708,-0.004680526471464,1.0111020315821286,1.5030820399997769,12/24,4533.0,Ullalu Lake,"D (Propagation of wild life,fisheries)",4.2,6.5,343.0,8.0,1.38,140.0,3500.0,3.0,100.0,5.0,100.0,20.0,92.0,1.5,0.95,80.0,44.0,36.0,8.0,20.0,234.0,10.0,0.23,0.5,8.0,0.2,32.0,0.96,0.61,2024.0
Ullalu Lake,ULL,2025-01-07,12.9275,77.5201,0.0951844453050733,0.1110757102311261,0.1163803754910232,0.1459646938703657,0.2086858465655036,0.2286644298137519,0.2302493821075239,0.1983540435869449,0.1478176706685914,-0.3609727771403804,-0.3032778131701372,0.144607728573907,0.0103762597806275,1.032764353791552,1.401361636770806,01/25,4533.0,Ullalu Lake,"D (Propagation of wild life,fisheries)",5.9,7.2,355.0,7.0,1.43,1400.0,7000.0,3.0,116.0,5.0,116.0,12.0,68.0,1.5,0.4,112.0,60.0,52.0,5.0,25.0,240.0,10.0,0.2,0.5,9.0,0.2,30.0,1.02,0.4,2025.0
Ullalu Lake,ULL,2025-02-01,12.9275,77.5201,,,,,,,,,,,,,,,,02/25,4533.0,Ullalu Lake,"E (Irrigation, industrial cooling and controlled waste)",2.8,7.2,1414.0,16.0,5.4,1200.0,17000.0,3.0,452.0,5.0,452.0,112.0,118.0,6.9,6.2,276.0,144.0,132.0,26.0,125.0,960.0,36.0,2.8,0.5,20.0,0.21,47.0,3.2,6.7,2025.0
Ullalu Lake,ULL,2025-03-08,12.9275,77.5201,0.0904830405238883,0.1147767701708413,0.1279754605933442,0.1625826074710417,0.2468986902791958,0.276617793895011,0.2841125127627364,0.2359624018589584,0.1781421610393268,-0.4433719099488377,-0.3768664382836171,0.1674581071972905,0.0339230017751683,1.0860425129767628,1.529790311854036,03/25,4533.0,Ullalu Lake,"E (Irrigation, industrial cooling and controlled waste)",0.3,6.5,384.0,87.0,1.3,170000.0,460000.0,3.0,144.0,5.0,144.0,32.0,312.0,32.0,27.0,92.0,52.0,40.0,5.743589743589744,42.0,260.0,150.0,0.2,0.5,11.0,0.22,46.0,2.0,0.05,2025.0
Ullalu Lake,ULL,2025-04-02,12.9275,77.5201,,,,,,,,,,,,,,,,04/25,4533.0,Ullalu Lake,"E (Irrigation, industrial cooling and controlled waste)",0.3,6.6,771.0,52.0,3.0,17000.0,49000.0,3.0,260.0,5.0,260.0,116.0,258.0,49.4,38.0,196.0,100.0,96.0,14.0,79.0,532.0,10.0,1.5,0.5,9.0,0.36,45.0,2.4,3.5,2025.0
Ullalu Lake,ULL,2025-05-02,12.9275,77.5201,0.1063831144597401,0.1363589345562348,0.149434842278802,0.1915501390698165,0.2821098475513152,0.3090051050945325,0.3056592683871423,0.2613541562511003,0.1836792064218567,-0.4041256346782125,-0.346800124468592,0.1667926077912948,0.0330942791217638,1.0800418737497133,1.489422410702873,05/25,4533.0,Ullalu Lake,D,6.8,6.5,290.0,4.0,1.1,1500.0,4800.0,3.0,116.0,5.0,116.0,20.0,49.0,1.5,0.68,96.0,52.0,44.0,10.0,11.0,200.0,66.0,0.2,0.5,2.0,0.2,19.0,1.0,0.4,2025.0
Ullalu Lake,ULL,2025-06-01,12.9275,77.5201,,,,,,,,,,,,,,,,06/25,4533.0,Ullalu Lake,D,6.0,6.5,178.0,4.0,0.81,2400.0,17000.0,3.0,60.0,5.0,60.0,8.0,44.0,1.5,0.4,60.0,36.0,24.0,7.0,6.0,114.0,14.0,0.2,0.5,4.0,0.2,17.0,0.34,0.05,2025.0
Ullalu Lake,ULL,2025-11-10,12.9275,77.5201,0.0992650058388478,0.1089339432908014,0.1005806543075096,0.1385982094200078,0.2379772284935772,0.271933553912028,0.2792488906189179,0.2172483067341378,0.1340618139353833,-0.4387575600684575,-0.3376066119728345,0.1676798913788088,-0.0471374007695503,0.9140466264257602,1.431654839555595,11/25,4533.0,Ullalu Lake,D,5.8,7.2,248.0,5.0,1.0,2951.739130434783,46000.0,18.0,92.0,20.0,92.0,16.0,64.0,14.833333333333332,0.4,80.0,48.0,32.0,12.05,25.0,168.0,26.0,0.5275000000000001,0.5,4.0,0.26,39.0,1.2,0.25,2025.0
Uttarahalli Doraikere,UTH,2023-08-16,12.898,77.5475,,,,,,,,,,,,,,,,08/23,3640.0,UTTARAHALLI DORAIKERE,"E (Irrigation, industrial cooling and controlled
waste)",0.3,7.7,471.0,170.0,2.0,4900.0,35000.0,15.876190476190477,104.0,5.0,104.0,52.0,594.0,1.5304761904761903,2.1,178.0,80.0,68.0,13.0,76.0,324.0,33.82857142857143,0.2,0.5,11.0,0.2,41.0,1.3165714285714287,0.0547619047619047,2023.0
Uttarahalli Doraikere,UTH,2023-10-10,12.898,77.5475,0.0907692351015522,0.1184561303079289,0.1286356685936016,0.1567569819423422,0.2046395719666302,0.2226786898518072,0.2212032278503291,0.2186571297828152,0.1700248019993663,-0.3035138468558779,-0.3156956301322915,0.1266995376048879,0.0326009776068122,1.075487943607892,1.393417381728411,10/23,3640.0,UTTARAHALLI DORAIKERE,"E (Irrigation, industrial cooling and controlled waste)",1.2,7.3,321.0,15.0,1.29,22000.0,240000.0,3.0,76.0,5.0,76.0,24.0,120.0,8.645258620689654,3.1,88.0,48.0,40.0,10.0,15.0,218.0,103.58951965065502,0.2,0.5,2.0,0.2,26.0,1.4,0.05,2023.0
Uttarahalli Doraikere,UTH,2023-12-24,12.898,77.5475,0.1354257673007351,0.1576279846492497,0.1659315791294501,0.1726765783638697,0.2022894270043179,0.2210760648850507,0.2251306103395961,0.2072710117866728,0.1749133854592133,-0.1844609347796352,-0.1525973758236918,0.0348483615186502,0.0262044772019942,1.057707765951775,1.111401169211569,12/23,3640.0,UTTARAHALLI DORAIKERE,"D (Propagation of wild life,fisheries)",5.4,8.6,268.0,6.0,0.75,6300.0,54000.0,8.0,44.0,5.0,48.0,28.0,56.0,1.5,0.4,128.0,72.0,56.0,24.0,29.0,174.0,110.0,0.2,0.5,9.0,0.26,31.0,1.0,0.22,2023.0
Uttarahalli Doraikere,UTH,2024-03-03,12.898,77.5475,0.1159261642437255,0.1443789046121489,0.1625992888442783,0.1867823577035445,0.215415079728255,0.2348578126650004,0.2336028934492589,0.2507412158118906,0.2215295927346967,-0.2421034076217239,-0.2829098339463237,0.0873190777901328,0.054021608260626,1.1223149551579168,1.2423141461778875,03/24,3640.0,Uttarahalli Doraikere,"E (Irrigation, industrial cooling and controlled waste)",0.9,6.9,1893.0,40.0,6.9,78000.0,330000.0,3.0,692.0,5.0,692.0,228.0,273.0,37.2,28.6,560.0,300.0,260.0,23.0,203.0,1296.0,62.0,4.5,0.5,36.0,0.2,42.0,3.7,10.5,2024.0
Uttarahalli Doraikere,UTH,2024-04-02,12.898,77.5475,0.1339081523460874,0.1627030734249079,0.1860843859299538,0.2125702629448412,0.2412904079693053,0.2611872716392693,0.2595846281108099,0.2890786546516948,0.2597345841106693,-0.231615245379611,-0.2854660977809723,0.0752593463554726,0.0632715600987935,1.1393321503180331,1.1816462127260603,04/24,3640.0,Uttarahalli Doraikere,"E (Irrigation, industrial cooling and controlled waste)",0.3,6.5,1124.0,60.0,4.32,3200.0,17000.0,3.0,260.0,5.0,260.0,188.0,277.0,12.8,10.1,300.0,156.0,144.0,46.0,108.0,756.0,76.0,1.29,0.5,22.0,0.21,41.0,2.7,3.65,2024.0
Uttarahalli Doraikere,UTH,2024-05-02,12.898,77.5475,,,,,,,,,,,,,,,,05/24,3640.0,Uttarahalli Doraikere,"E (Irrigation, industrial cooling and controlled waste)",2.2,7.2,1655.0,81.0,5.8,3100.0,17000.0,3.0,128.0,5.0,128.0,212.0,340.0,6.7,5.0,356.0,184.0,172.0,220.0,185.0,1090.0,136.0,0.41,0.5,37.0,0.2,50.0,4.0,1.0,2024.0
Uttarahalli Doraikere,UTH,2024-06-01,12.898,77.5475,0.1367259389630046,0.155943282357694,0.1643611033395256,0.1880346298708153,0.2278405399697279,0.255334207469464,0.2330745608785947,0.2367024675278961,0.1957919954943855,-0.2005540095017719,-0.2070088000519878,0.0717636562842792,0.023855604001584,1.0501622934585115,1.162403289713129,06/24,3640.0,Uttarahalli Doraikere,"E (Irrigation, industrial cooling and controlled waste)",1.9,8.0,295.0,29.0,1.0,5800.0,17000.0,3.0,96.0,5.0,96.0,20.0,164.0,3.1,2.3,116.0,64.0,52.0,20.0,16.0,198.0,46.0,0.9,0.5,8.0,0.2,21.0,0.64,2.3,2024.0
Uttarahalli Doraikere,UTH,2024-09-19,12.898,77.5475,0.1503289204125452,0.1764725826987767,0.1866782003309944,0.2151367207575064,0.2618740786370513,0.2873232813545003,0.2805048435354992,0.2804576859445951,0.2421841564293004,-0.232972471692295,-0.2397396335206336,0.084200203707025,0.0249821199769539,1.0549661794576235,1.2153616845669617,09/24,3640.0,Uttarahalli Doraikere,"E (Irrigation, industrial cooling and controlled waste)",0.3,6.5,285.0,5.0,0.86,2200.0,7900.0,3.0,80.0,5.0,80.0,20.0,448.0,1.5,0.4,96.0,52.0,44.0,13.0,23.0,192.0,220.0,0.35,0.5,5.0,0.2,32.0,2.285,0.95,2024.0
Uttarahalli Doraikere,UTH,2024-12-08,12.898,77.5475,0.1051978915132527,0.1216103772958407,0.1273402582967197,0.1482193389418845,0.1833705093456297,0.2028093526699283,0.1973393185258193,0.1979410046112147,0.1675110845154704,-0.2395135491537868,-0.2538394780970931,0.0914553323052619,0.0197478943016327,1.0437336770929817,1.2435171200660295,12/24,3640.0,Uttarahalli Doraikere,"E (Irrigation, industrial cooling and controlled waste)",2.6,6.5,264.0,20.0,1.06,4300.0,9400.0,3.0,80.0,5.0,80.0,16.0,144.0,3.77,3.0,72.0,40.0,32.0,11.0,13.0,180.0,10.0,0.54,0.5,5.0,0.2,26.0,0.66,1.44,2024.0
Uttarahalli Doraikere,UTH,2025-01-07,12.898,77.5475,0.1101594001900805,0.1266367600672058,0.1329731105464644,0.152657235383153,0.1846515329649053,0.201824851279524,0.2022428455771059,0.2033441268612059,0.1743402689288604,-0.2285447781835374,-0.2390599229300818,0.0773044906929777,0.0220880111669542,1.0477797146854109,1.187271770089705,01/25,3640.0,Uttarahalli Doraikere,"E (Irrigation, industrial cooling and controlled waste)",2.4,7.0,228.0,72.0,0.8,6800.0,49000.0,3.0,60.0,5.0,60.0,12.0,352.0,13.56,10.8,88.0,48.0,40.0,14.0,12.0,156.0,96.0,0.2,0.5,6.0,0.2,21.0,0.55,0.36,2025.0
Uttarahalli Doraikere,UTH,2025-02-01,12.898,77.5475,0.1172504276813685,0.1386532474158012,0.1484407689242063,0.1699934316589813,0.1996767925657361,0.2102177901369284,0.2074671688549402,0.2249837164278925,0.1846853145130062,-0.2008214421922013,-0.2465121568171159,0.0775805607818203,0.0331073418575622,1.0710393029397318,1.1919187759289027,02/25,3640.0,Uttarahalli Doraikere,"E (Irrigation, industrial cooling and controlled waste)",1.4,8.0,353.0,84.0,1.36,31000.0,70000.0,3.0,68.0,5.0,68.0,24.0,610.0,3.74,2.34,172.0,108.0,64.0,24.0,15.0,234.0,128.0,0.2,0.5,6.0,0.2,15.0,0.5,0.05,2025.0
Uttarahalli Doraikere,UTH,2025-03-08,12.898,77.5475,0.1182284839311485,0.1456375937980878,0.1647983385395068,0.1857827660248511,0.2190184237389557,0.2362579710655074,0.2448548558555385,0.2518114681966982,0.2195247245591186,-0.2574850606731395,-0.2789417498645729,0.0743085653109111,0.0580437506724614,1.1315250253024016,1.194683286024132,03/25,3640.0,Uttarahalli Doraikere,"E (Irrigation, industrial cooling and controlled waste)",0.3,6.5,383.0,96.0,1.3,210000.0,700000.0,3.0,92.0,5.0,92.0,36.0,478.0,7.2,6.6,120.0,64.0,56.0,6.6923076923076925,34.0,262.0,266.0,0.2,0.5,12.0,0.2,35.0,1.34,0.3,2025.0
Uttarahalli Doraikere,UTH,2025-04-02,12.898,77.5475,,,,,,,,,,,,,,,,04/25,3640.0,Uttarahalli Doraikere,"E (Irrigation, industrial cooling and controlled waste)",1.2,6.6,559.0,39.0,2.1,17.0,350.0,3.0,112.0,5.0,116.0,88.0,197.0,36.4,28.0,188.0,96.0,92.0,42.0,64.0,386.0,10.0,0.35,0.5,7.0,0.2,42.0,2.0,0.82,2025.0
Uttarahalli Doraikere,UTH,2025-05-02,12.898,77.5475,0.1303128832412263,0.1609894893005249,0.1768172973446111,0.2037959766271251,0.2460946847829913,0.2619879932415783,0.256195107184343,0.2712751064803406,0.2181116477172725,-0.2317711178305384,-0.2630275758802003,0.0805476443771769,0.0452801957198292,1.097573853248052,1.197098232342134,05/25,3640.0,Uttarahalli Doraikere,E,2.0,8.0,351.0,28.0,1.3,1100.0,13000.0,3.0,116.0,5.0,116.0,32.0,186.0,1.5,0.4,104.0,56.0,48.0,14.0,25.0,242.0,910.0,0.2,0.5,2.0,0.24,34.0,1.0,0.6,2025.0
Uttarahalli Doraikere,UTH,2025-06-01,12.898,77.5475,,,,,,,,,,,,,,,,06/25,3640.0,Uttarahalli Doraikere,D,5.8,8.2,194.0,5.0,0.69,2200.0,8400.0,3.0,76.0,5.0,76.0,16.0,64.0,1.5,0.4,84.0,48.0,36.0,8.0,8.0,130.0,42.0,0.2,0.5,3.0,0.2,16.0,0.38,0.34,2025.0
Uttarahalli Doraikere,UTH,2025-11-10,12.898,77.5475,0.1389741185399848,0.1502828135128216,0.1519016213244691,0.1784797143448562,0.2263182846891602,0.2464322224522183,0.2397544676740496,0.225930097288346,0.174319167874146,-0.2298728415832286,-0.2073498033961387,0.0886053931930183,0.0017809174858456,1.0068962826387708,1.21560951969866,11/25,3640.0,Uttarahalli Doraikere,D,4.9,6.6,406.0,8.0,1.56,1755.9420289855077,5400.0,20.16901408450704,88.0,20.0,88.0,32.0,96.0,9.51,0.4,164.0,124.0,40.0,19.406666666666663,22.0,278.0,20.0,0.35,0.5,2.0,0.305,22.0,0.75,0.91,2025.0
Varthur Lake,VTR,2023-08-16,12.9389,77.7219,0.0919206307860185,0.1160044884409159,0.1136306172189658,0.1556201872645993,0.2484570347425111,0.2914059452990247,0.2897906543700939,0.2495374212397479,0.1865530395297265,-0.4446317849727955,-0.384002081399739,0.1889118570352213,-0.0293162114137483,0.9523216245924054,1.5148190736074532,08/23,3608.0,VARTHUR LAKE,"E (Irrigation, industrial cooling and controlled waste)",0.3,6.5,1157.0,52.0,3.0,17000000.0,24000000.0,12.904761904761903,320.0,5.0,320.0,164.0,340.0,2.261904761904762,20.0,232.0,120.0,112.0,31.0,82.0,786.0,29.714285714285715,0.35,0.5,24.0,0.23,41.0,1.4742857142857142,0.169047619047619,2023.0
Varthur Lake,VTR,2023-10-10,12.9389,77.7219,0.0669674750959203,0.089166619739106,0.0852286497179442,0.1244582773064874,0.2040234010348833,0.233770456545461,0.2407595445105424,0.2093579358653947,0.1390062797000951,-0.4767887561161752,-0.4250028607616115,0.2370285210909392,-0.055635832609084,0.9134391383678904,1.726523794864623,10/23,3608.0,VARTHUR LAKE,"E (Irrigation, industrial cooling and controlled waste)",0.3,6.9,1303.0,30.0,5.0,700000.0,5400000.0,3.0,420.0,5.0,420.0,164.0,212.0,7.826077586206896,21.56,416.0,212.0,204.0,20.0,125.0,886.0,118.62882096069868,2.0,0.5,15.0,0.37,38.0,2.67,7.0,2023.0
Varthur Lake,VTR,2023-12-24,12.9389,77.7219,0.0757867999577598,0.0953194552913122,0.0991916228176892,0.1305119539582526,0.1958865465169489,0.2270444542222535,0.225561191875814,0.2166215424689357,0.1661587208279066,-0.4233303297862457,-0.4067111752438134,0.1721835435074142,-0.0027053427418162,1.0068346007961708,1.477283966334488,12/23,3608.0,VARTHUR LAKE,"E (Irrigation, industrial cooling and controlled waste)",1.2,6.8,1248.0,21.0,4.8,40000.0,350000.0,3.0,284.0,5.0,284.0,208.0,164.0,8.3,6.4,336.0,172.0,164.0,51.0,112.0,860.0,10.0,1.07,0.5,25.0,0.42,41.0,2.7,2.67,2023.0
Varthur Lake,VTR,2024-03-03,12.9389,77.7219,0.0957920799746559,0.1213488440234575,0.1358093277005173,0.1715088141082051,0.2192982294343342,0.2476662501320004,0.2516931993382379,0.2724724946319828,0.219604963215882,-0.3658825804418978,-0.3986855142395587,0.1375942443933287,0.0479132825602063,1.106431477722372,1.3590470393431229,03/24,3608.0,Varthur Lake,"E (Irrigation, industrial cooling and controlled waste)",1.2,7.4,1405.0,81.0,4.8,1400.0,4800.0,3.0,412.0,5.0,412.0,164.0,228.0,52.0,39.0,256.0,136.0,120.0,19.0,151.0,922.0,26.0,2.5,0.5,30.0,0.25,53.0,4.0,7.2,2024.0
Varthur Lake,VTR,2024-04-02,12.9389,77.7219,0.0972209370269985,0.1266523389293712,0.1458869164241067,0.184214065965011,0.2433695026224085,0.2730987855961141,0.2810781688901403,0.2886948995036783,0.234126586645077,-0.3924655137991637,-0.4052585091762993,0.1417948496626501,0.0586797393297689,1.132424612935358,1.3865735753341837,04/24,3608.0,Varthur Lake,"E (Irrigation, industrial cooling and controlled waste)",1.2,7.2,1477.0,26.0,5.1,170000.0,1700000.0,3.0,432.0,5.0,432.0,172.0,184.0,36.0,26.0,248.0,132.0,116.0,25.0,154.0,978.0,42.0,1.2,0.5,31.0,0.2,48.0,4.0,3.5,2024.0
Varthur Lake,VTR,2024-09-19,12.9389,77.7219,0.0949684958991868,0.120899947050624,0.1236228525107239,0.1675398183674188,0.2606090745890386,0.3026342145094865,0.3004483227146327,0.2700402442887815,0.2067228906332499,-0.4396353556716719,-0.4019482315987869,0.1947064189950702,-0.0173212919970438,0.9851206127138952,1.580724809689338,09/24,3608.0,Varthur Lake,"D (Propagation of wild life,fisheries)",6.3,8.0,1264.0,5.0,2.5,330.0,3500.0,3.0,340.0,5.0,340.0,228.0,44.0,1.5,0.4,320.0,168.0,152.0,11.0,169.0,872.0,10.0,0.69,0.5,29.0,0.55,51.0,4.1,1.6,2024.0
Varthur Lake,VTR,2024-12-08,12.9389,77.7219,0.0757691224611918,0.0943199337182333,0.0952425887068298,0.1286024780879299,0.2040754092013094,0.2401097187511003,0.2380307824985038,0.2195239360765953,0.1651695272624871,-0.4516763611206976,-0.422836455370136,0.2012883780721768,-0.0329089799662596,0.960173263548993,1.6304059775773792,12/24,3608.0,Varthur Lake,"E (Irrigation, industrial cooling and controlled waste)",2.4,7.4,1454.0,28.0,5.0,930.0,2200.0,3.0,184.0,5.0,184.0,324.0,192.0,3.1,2.3,332.0,172.0,160.0,31.0,158.0,958.0,92.0,2.9,0.5,29.0,0.2,48.0,3.7,8.0,2024.0
Varthur Lake,VTR,2025-01-07,12.9389,77.7219,0.0837163539723327,0.1047570068848003,0.1081580239860473,0.1371106832341863,0.200584297229751,0.2290332359463548,0.2335355063536203,0.2246019289661728,0.1758503080009856,-0.3939995266677957,-0.3780140141150506,0.1526362082805302,-0.0091223208996454,0.9958733805578336,1.4218797100038985,01/25,3608.0,Varthur Lake,"D (Propagation of wild life,fisheries)",6.4,6.9,990.0,4.0,13.4,170.0,2200.0,3.0,332.0,5.0,332.0,140.0,51.0,1.5,0.4,280.0,144.0,136.0,23.0,98.0,712.0,10.0,0.63,0.5,14.0,0.2,41.0,2.5,1.6,2025.0
Varthur Lake,VTR,2025-02-01,12.9389,77.7219,0.1083301733102252,0.1355379190134526,0.1527581458475498,0.1784162911611785,0.2233058752166377,0.2426589081455805,0.2436877123050259,0.2738380935875217,0.2166045407279029,-0.2912582011012352,-0.3454709857665266,0.0903258325860719,0.0569802367014587,1.1236681045288264,1.226888595337551,02/25,3608.0,Varthur Lake,"D (Propagation of wild life,fisheries)",4.2,6.9,1172.0,8.0,4.54,820.0,4800.0,3.0,368.0,5.0,368.0,156.0,93.0,2.21,0.7,344.0,180.0,164.0,15.0,101.0,796.0,10.0,0.2,0.5,7.0,0.2,38.0,2.4,0.2,2025.0
Varthur Lake,VTR,2025-03-08,12.9389,77.7219,0.1023232707944665,0.1296631558366341,0.1440980004020744,0.1795028758492027,0.2333671829349851,0.2590662290119329,0.2665343623499593,0.2743431271780068,0.2246291808933788,-0.3499536076523584,-0.364115094218316,0.1304582149131546,0.0360962719924768,1.0841920996191643,1.348937253488825,03/25,3608.0,Varthur Lake,"D (Propagation of wild life,fisheries)",0.3,7.3,1255.0,36.0,4.1,2700.0,17000.0,3.0,432.0,5.0,432.0,192.0,199.0,5.4,3.8,320.0,168.0,152.0,7.435897435897436,155.0,854.0,14.0,0.2,0.5,5.0,0.42,51.0,3.8,0.5,2025.0
Varthur Lake,VTR,2025-04-02,12.9389,77.7219,,,,,,,,,,,,,,,,04/25,3608.0,Varthur Lake,"E (Irrigation, industrial cooling and controlled waste)",0.3,6.6,905.0,63.0,3.47,11000.0,70000.0,3.0,180.0,5.0,180.0,160.0,254.0,3.12,2.4,220.0,128.0,92.0,31.0,74.0,606.0,10.0,0.68,0.5,24.0,0.48,39.0,2.17,1.75,2025.0
Varthur Lake,VTR,2025-05-02,12.9389,77.7219,0.1509022223805114,0.1550691927917128,0.1451175618765233,0.1684293824346463,0.2130536932829975,0.231790099009901,0.2221071799985753,0.1931139860388916,0.1411450886815299,-0.1761244465763695,-0.1069466789640865,0.0820601798008552,-0.0391181221902815,0.9279733881906436,1.1907029935620166,05/25,3608.0,Varthur Lake,D,4.5,7.6,701.0,6.0,2.7,20.0,920.0,3.0,160.0,5.0,160.0,116.0,61.0,1.5,0.51,188.0,96.0,92.0,29.0,69.0,476.0,10.0,0.2,0.5,14.0,0.31,42.0,2.19,0.29,2025.0
Varthur Lake,VTR,2025-06-01,12.9389,77.7219,,,,,,,,,,,,,,,,06/25,3608.0,Varthur Lake,D,5.8,7.8,576.0,6.0,2.2,310.0,2800.0,3.0,128.0,5.0,128.0,92.0,64.0,1.5,0.4,152.0,80.0,72.0,24.0,57.0,392.0,10.0,0.2,0.5,12.0,0.22,42.0,2.0,0.24,2025.0
Varthur Lake,VTR,2025-11-10,12.9389,77.7219,0.1000775458481466,0.1200975361343249,0.1196660810121061,0.1560450455841458,0.2363156042099332,0.2698062726600727,0.2729969270301665,0.2430617198775038,0.1806503608011544,-0.3931229454590667,-0.3438727558597618,0.1567415642910553,-0.0257494226627274,0.963865899786932,1.417383644036927,11/25,3608.0,Varthur Lake,D,5.8,7.3,681.0,4.0,2.6,818.6956521739131,4300.0,33.23943661971831,156.0,20.0,156.0,112.0,44.0,15.5,0.51,180.0,96.0,84.0,28.0,66.0,462.0,17.0,2.333333333333333,0.5,14.0,0.36,42.0,2.13,0.25,2025.0
Veerapura Tank,VRP,2023-08-16,13.087,77.56,,,,,,,,,,,,,,,,08/23,3632.0,VEERAPURA TANK,"D (Propagation of wild life,fisheries)",6.1,7.1,588.0,4.0,2.0,4600.0,92000.0,10.676190476190476,132.0,5.0,132.0,76.0,40.0,2.810476190476191,0.4,184.0,100.0,84.0,19.0,49.0,398.0,26.628571428571423,0.2,0.5,10.0,0.26,41.0,1.5925714285714283,0.2547619047619048,2023.0
Veerapura Tank,VRP,2023-10-10,13.087,77.56,0.1022016089849663,0.1314468616511172,0.1510961516655199,0.1780841037918529,0.2285777382670845,0.2471589198324121,0.2425790867161919,0.2290816709502516,0.1704722177234798,-0.3033926041655027,-0.2892963203695567,0.106186358791554,0.0639968683600524,1.1529712635993692,1.3068766166103705,10/23,3632.0,VEERAPURA TANK,"D (Propagation of wild life,fisheries)",4.4,7.1,520.0,10.0,1.7,3300.0,35000.0,3.0,120.0,5.0,120.0,72.0,93.0,7.787068965517241,0.94,176.0,92.0,84.0,63.0,53.0,350.0,119.34497816593888,0.6,0.5,18.0,0.3,37.0,1.2,1.4,2023.0
Veerapura Tank,VRP,2023-12-24,13.087,77.56,0.1068150089779248,0.1297371123187144,0.1454393264005002,0.1678827694257649,0.2045205682498326,0.2201354047107701,0.2201720698517762,0.207337189733479,0.1693987078829699,-0.2640597085491153,-0.2448115917953346,0.0901058300184357,0.0527650130980619,1.1230842061692434,1.2535097720165993,12/23,3632.0,VEERAPURA TANK,"D (Propagation of wild life,fisheries)",6.0,7.3,437.0,5.0,1.5,7000.0,160000.0,3.0,116.0,5.0,116.0,44.0,52.0,1.5,0.4,164.0,88.0,76.0,14.0,36.0,294.0,10.0,0.2,0.5,6.0,0.21,32.0,1.0,0.16,2023.0
Veerapura Tank,VRP,2024-03-03,13.087,77.56,0.1136269760236595,0.1419229096403924,0.1693123928903253,0.1948158081892757,0.2280347498503679,0.2432825476182093,0.2403256381368164,0.2526571453719676,0.2121265288877935,-0.2606509030088334,-0.2885684508056766,0.0830575775681025,0.0829365276466065,1.1914504914860922,1.220022076983166,03/24,3632.0,Veerapura Tank,"D (Propagation of wild life,fisheries)",4.4,7.6,692.0,8.0,2.4,3200.0,9400.0,3.0,76.0,5.0,76.0,88.0,88.0,1.5,0.4,132.0,72.0,60.0,48.0,65.0,470.0,148.0,0.2,0.5,12.0,0.35,48.0,2.0,0.48,2024.0
Veerapura Tank,VRP,2024-04-02,13.087,77.56,0.1324678203006724,0.1615906035081583,0.1934240779706034,0.2218243671443156,0.2593687849875012,0.2778378868429391,0.2754789705312818,0.2932672006478188,0.248364665704327,-0.2637879427760611,-0.294830639121323,0.0755019387290479,0.0881798197226773,1.1971413307807668,1.1829820198128365,04/24,3632.0,Veerapura Tank,"E (Irrigation, industrial cooling and controlled waste)",3.1,6.5,1056.0,16.0,3.4,1700.0,11000.0,3.0,296.0,5.0,296.0,164.0,145.0,3.87,2.98,284.0,148.0,136.0,16.0,103.0,720.0,238.0,0.2,0.5,13.0,0.3,43.0,2.7,0.05,2024.0
Veerapura Tank,VRP,2025-03-08,13.087,77.56,0.1134724078442418,0.1399182369978109,0.163886005065508,0.1917076822870824,0.2291644262929972,0.2454003274302011,0.2501966764074216,0.2464892722599724,0.2048867126711965,-0.2859282419030082,-0.2841880493321169,0.0894636899668866,0.0754922086376718,1.1714631803636937,1.231507336471887,03/25,3632.0,Veerapura Tank,"D (Propagation of wild life,fisheries)",6.3,7.1,1195.0,7.0,4.59,3300.0,17000.0,3.0,140.0,5.0,140.0,292.0,66.0,1.5,0.4,248.0,170.0,78.0,6.871794871794872,193.0,816.0,12.0,0.2,0.5,13.0,0.28,61.0,5.33,0.05,2025.0
Vengaiyyanakere,VGY,2025-05-02,13.0088,77.6871,0.068165338308808,0.1151584706631884,0.1383427406929993,0.1994924100542139,0.3307980602689572,0.3696095402379777,0.3714228120819548,0.3150652573399986,0.2188991621488419,-0.5374746563808742,-0.4783197339722269,0.2365493285192199,0.0444918596274859,1.1165535933556174,1.7427786909364784,05/25,3603.0,Vengaiyyanakere,E,1.5,7.1,1142.0,32.0,4.4,1300.0,6300.0,3.0,336.0,5.0,336.0,160.0,212.0,20.0,15.0,396.0,200.0,196.0,79.0,95.0,786.0,18.0,1.6,0.5,2.0,0.45,34.0,2.1,3.9,2025.0
Vibhuthipura Lake,VBP,2023-08-16,12.9887,77.7157,0.1430066962243569,0.1775666557105854,0.2033035539153815,0.2383768816636756,0.2855190963791827,0.3081182202047925,0.3005544670818816,0.32982348428868,0.284323818572082,-0.2621753993596008,-0.3071712971368528,0.0888722441239927,0.0649689104572776,1.1446640988781416,1.219219454275389,08/23,4522.0,VIBHUTHIPURA LAKE,"E (Irrigation, industrial cooling and controlled waste)",1.8,7.7,767.0,15.0,2.0,4600.0,54000.0,12.780952380952382,180.0,5.0,180.0,104.0,128.0,2.2923809523809524,1.2,172.0,92.0,80.0,12.0,69.0,520.0,29.542857142857144,1.0,0.5,23.0,0.23,41.0,1.4808571428571429,0.1738095238095238,2023.0
Vibhuthipura Lake,VBP,2023-10-10,12.9887,77.7157,0.107856082198529,0.1402336006197017,0.1641255679537944,0.1960135085682112,0.2436679474999118,0.2626020338505928,0.2637816883071185,0.2686690101692528,0.206578113234104,-0.3091373478359837,-0.32503399464021,0.1018745367679869,0.0743860586849877,1.1692478393396704,1.268839299943656,10/23,4522.0,VIBHUTHIPURA LAKE,"D (Propagation of wild life,fisheries)",4.6,6.6,624.0,8.0,3.0,4900.0,54000.0,3.0,144.0,5.0,144.0,84.0,84.0,7.748060344827586,0.62,116.0,64.0,52.0,39.0,54.0,424.0,120.06113537117903,0.33,0.5,4.0,0.24,48.0,2.18,1.01,2023.0
Vibhuthipura Lake,VBP,2023-12-24,12.9887,77.7157,0.1193114711988458,0.1465587631868656,0.1686668281792658,0.1961257257468596,0.2320226644146521,0.2491127907385901,0.2449106653999086,0.2727112600724867,0.2342723318906364,-0.2559402561040131,-0.3092190138370722,0.0873754093009983,0.0687146068270003,1.1553391668109327,1.2227659429818205,12/23,4522.0,VIBHUTHIPURA LAKE,"D (Propagation of wild life,fisheries)",5.1,7.5,396.0,7.0,1.5,840.0,16000.0,3.0,80.0,5.0,80.0,52.0,67.0,1.5,0.8,128.0,68.0,60.0,24.0,54.0,270.0,10.0,0.2,0.5,16.0,0.2,44.0,2.7,0.05,2023.0
Vibhuthipura Lake,VBP,2024-03-03,12.9887,77.7157,0.1436336077976002,0.1800213523132803,0.2146752810449057,0.2409441042964214,0.2594822266793342,0.2724412681656639,0.2695352968084731,0.3204796087124811,0.2791227031211512,-0.2056405093133818,-0.287395155352554,0.0647908793463078,0.0887171667385139,1.2006830589347726,1.153301903080287,03/24,4522.0,Vibhuthipura Lake,"D (Propagation of wild life,fisheries)",5.9,7.8,646.0,7.0,2.1,210.0,3500.0,3.0,104.0,5.0,104.0,60.0,60.0,1.5,0.4,136.0,72.0,64.0,29.0,55.0,438.0,50.0,0.2,0.5,14.0,0.2,43.0,2.0,0.05,2024.0
Vibhuthipura Lake,VBP,2024-09-19,12.9887,77.7157,0.1386811745663112,0.1747743929794484,0.2035232447938503,0.2362729547133959,0.2851365037474928,0.3062802632041944,0.297514180653788,0.3192390970829374,0.2773226257081528,-0.2666597370796204,-0.3034447435677321,0.0857665041927494,0.0756925709290644,1.1682761952075509,1.215814969855436,09/24,4522.0,Vibhuthipura Lake,"E (Irrigation, industrial cooling and controlled waste)",3.2,6.5,522.0,22.0,1.9,1400.0,11000.0,3.0,112.0,5.0,112.0,56.0,168.0,1.6,1.1,140.0,76.0,64.0,27.0,116.0,352.0,200.0,0.49,0.5,10.0,0.34,61.0,4.0,1.3,2024.0
Vibhuthipura Lake,VBP,2024-12-08,12.9887,77.7157,0.1085152573982194,0.1327156128641096,0.1496988775643071,0.1768442872725994,0.218159249093916,0.235848013652838,0.2279589816671944,0.2402093634540273,0.205514363629966,-0.2629263013489388,-0.3004217990508466,0.0990859658143505,0.0545227140591879,1.1250930892751014,1.273446150301465,12/24,4522.0,Vibhuthipura Lake,"D (Propagation of wild life,fisheries)",6.3,7.0,664.0,5.0,2.7,310.0,2800.0,3.0,148.0,5.0,148.0,68.0,59.0,1.5,0.4,144.0,80.0,64.0,5.0,65.0,450.0,36.0,0.36,0.5,14.0,0.24,46.0,2.4,0.85,2024.0
Vibhuthipura Lake,VBP,2025-01-07,12.9887,77.7157,0.1158548295154649,0.1399896019091368,0.1570412784480831,0.1811195819698089,0.2129108237446778,0.2285888912347374,0.2252070410640768,0.2422846300010556,0.2106130511277666,-0.233147579119052,-0.2763655169996036,0.0842672021496929,0.0539093686399787,1.1190459503315384,1.2194497110536926,01/25,4522.0,Vibhuthipura Lake,"D (Propagation of wild life,fisheries)",6.8,7.7,871.0,5.0,2.8,260.0,3500.0,3.0,224.0,5.0,224.0,100.0,51.0,3.9,3.0,168.0,88.0,80.0,10.0,80.0,594.0,14.0,0.7,0.5,16.0,0.2,48.0,2.8,1.7,2025.0
Vibhuthipura Lake,VBP,2025-02-01,12.9887,77.7157,0.1292736303689181,0.1602066445939682,0.1806430405551227,0.2054665906255569,0.2382251791124577,0.2464096239529493,0.2450057886294778,0.2666128426305473,0.2232605310996258,-0.2148293982958344,-0.265178742705683,0.0794779246256293,0.0595624792012472,1.1313591847192368,1.2101833041773944,02/25,4522.0,Vibhuthipura Lake,"D (Propagation of wild life,fisheries)",5.2,7.5,750.0,7.0,2.6,32.0,220.0,3.0,188.0,5.0,188.0,76.0,88.0,1.5,0.4,140.0,76.0,64.0,8.0,83.0,488.0,32.0,0.98,0.5,9.0,0.2,54.0,3.0,2.7,2025.0
Vibhuthipura Lake,VBP,2025-03-08,12.9887,77.7157,0.1381426017804989,0.167688120936086,0.1972920859355829,0.2206253597945037,0.2426637812730917,0.2560117702945212,0.2596947675850662,0.2976644568774409,0.2663425349238185,-0.2253193014432332,-0.2909459865554717,0.064199865933672,0.0832146711928413,1.186152575355014,1.1539002157343186,03/25,4522.0,Vibhuthipura Lake,"E (Irrigation, industrial cooling and controlled waste)",1.4,6.6,662.0,24.0,2.5,630.0,5400.0,3.0,152.0,5.0,152.0,108.0,208.0,4.9,4.2,176.0,92.0,84.0,6.0,66.0,454.0,32.0,0.2,0.5,13.0,0.23,43.0,2.16,0.05,2025.0
Vibhuthipura Lake,VBP,2025-04-02,12.9887,77.7157,,,,,,,,,,,,,,,,04/25,4522.0,Vibhuthipura Lake,"E (Irrigation, industrial cooling and controlled waste)",0.3,6.6,856.0,54.0,3.29,140000.0,460000.0,3.0,168.0,5.0,168.0,152.0,220.0,4.2,2.8,132.0,84.0,48.0,23.0,75.0,576.0,10.0,0.71,0.5,33.0,0.45,48.0,2.85,1.8,2025.0
Vibhuthipura Lake,VBP,2025-05-02,12.9887,77.7157,0.1515218550969421,0.1823134024072789,0.2077601960890963,0.2305706604736267,0.2577076603680637,0.2725348745557547,0.2663521341356135,0.3177958478482704,0.2653343221084486,-0.19323019626718,-0.2782039743775136,0.0582812925698571,0.0658583949536656,1.1443367638185458,1.1379564922143182,05/25,4522.0,Vibhuthipura Lake,E,0.6,7.0,900.0,27.0,3.4,2200.0,12000.0,3.0,176.0,5.0,176.0,156.0,192.0,4.9,3.8,140.0,88.0,52.0,26.0,78.0,612.0,220.0,0.5,0.5,28.0,0.4,49.0,2.9,1.42,2025.0
Vibhuthipura Lake,VBP,2025-06-01,12.9887,77.7157,,,,,,,,,,,,,,,,06/25,4522.0,Vibhuthipura Lake,D,4.2,8.4,589.0,7.0,9.6,1200.0,7900.0,8.0,184.0,5.0,188.0,60.0,84.0,1.5,0.91,184.0,96.0,88.0,14.0,41.0,398.0,38.0,0.51,0.5,3.0,0.28,53.0,1.31,1.48,2025.0
Vibhuthipura Lake,VBP,2025-11-10,12.9887,77.7157,0.1347055209542911,0.1600907596747142,0.1756424891930451,0.2017605264083887,0.2411419684014217,0.2566706076920368,0.2543216826770823,0.2722586297899293,0.2281250431049649,-0.2335187991471818,-0.2713762547332213,0.0795215141883008,0.0440016683957313,1.096339592778286,1.197420098991151,11/25,4522.0,Vibhuthipura Lake,E,2.5,8.4,515.0,16.0,7.93,2628.550724637681,170.0,8.0,172.0,20.0,176.0,72.0,112.0,3.5,2.8,144.0,80.0,64.0,8.0,67.0,348.0,114.0,0.5,0.5,15.0,0.26,47.0,2.41,1.1,2025.0
Yediyur Lake,YDY,2023-08-16,12.9348,77.5755,,,,,,,,,,,,,,,,08/23,3592.0,YEDIYUR TANK,"D (Propagation of wild life,fisheries)",4.2,7.4,251.0,11.0,0.73,11000.0,54000.0,6.219047619047619,72.0,5.0,72.0,36.0,109.0,3.907619047619048,0.94,64.0,40.0,24.0,5.0,26.0,174.0,20.457142857142856,0.2,0.5,3.0,0.2,41.0,1.8291428571428567,0.4261904761904762,2023.0
Yediyur Lake,YDY,2023-10-10,12.9348,77.5755,0.0654005915492958,0.0900427220915247,0.0942460741891696,0.1323566725352112,0.2104753133802815,0.236022426056338,0.2368053697183098,0.2020598028169014,0.1461294683098592,-0.4430757360094723,-0.4078949983873728,0.2310614255278545,-0.0233443477377289,0.991876802743838,1.8884044056829048,10/23,3592.0,YEDIYUR TANK,"D (Propagation of wild life,fisheries)",6.8,8.4,261.0,4.0,0.9,840.0,16000.0,24.0,48.0,12.0,60.0,36.0,43.0,10.166594827586207,0.61,52.0,28.0,24.0,9.0,20.0,162.0,75.6593886462882,0.2,0.5,5.0,0.2,43.0,1.4,0.05,2023.0
Yediyur Lake,YDY,2023-12-24,12.9348,77.5755,0.0723022464788732,0.0866904119469068,0.0921346090827793,0.1172052218309858,0.1712484014084506,0.1931699859154929,0.1919610563380281,0.1787415457746479,0.143576190140845,-0.3833067045032498,-0.3661599575769461,0.1606817461871915,0.0063889634076002,1.0311438032167146,1.4986893753997677,12/23,3592.0,YEDIYUR TANK,"D (Propagation of wild life,fisheries)",4.7,6.8,271.0,5.0,1.04,2700.0,24000.0,3.0,60.0,5.0,60.0,40.0,121.0,1.5,0.76,68.0,40.0,28.0,11.0,22.0,186.0,16.0,0.2,0.5,5.0,0.2,39.0,1.2,0.05,2023.0
Yediyur Lake,YDY,2024-03-03,12.9348,77.5755,0.0879973767605633,0.11044105646148,0.1177640492838978,0.1559756514084507,0.2213514964788731,0.247648838028169,0.2463971126760563,0.2141594436619718,0.1735655140845071,-0.3748118983622013,-0.3345907483347876,0.1799622852783282,0.0041231372278234,1.0315986390987624,1.5709818016908073,03/24,3592.0,Yediyur Tank,"E (Irrigation, industrial cooling and controlled waste)",3.3,6.9,313.0,19.0,1.2,11000.0,33000.0,3.0,68.0,5.0,68.0,48.0,160.0,5.1,4.4,80.0,44.0,36.0,13.0,29.0,216.0,14.0,0.31,0.5,6.0,0.2,41.0,1.4,0.91,2024.0
Yediyur Lake,YDY,2024-04-02,12.9348,77.5755,0.0942888169014083,0.1155895600450867,0.1277573944182253,0.1640579894366198,0.2383954718309859,0.2684880985915492,0.2724476443661971,0.2365282781690141,0.1931672394366198,-0.4017467711215067,-0.3556551804263533,0.1579031033751881,0.0277434546440574,1.0729383695490824,1.45874782442569,04/24,3592.0,Yediyur Tank,"E (Irrigation, industrial cooling and controlled waste)",3.1,8.1,482.0,13.0,2.0,1400.0,4800.0,3.0,92.0,5.0,92.0,52.0,124.0,1.5,1.05,40.0,24.0,16.0,10.0,67.0,332.0,64.0,0.26,0.5,16.0,0.25,71.0,5.0,0.63,2024.0
Yediyur Lake,YDY,2024-05-02,12.9348,77.5755,0.0987893556338027,0.1214258385433907,0.1323463276692364,0.167500718309859,0.2363182147887325,0.2719399049295775,0.2680059260563379,0.2442136373239436,0.1983909683098592,-0.3730096560585964,-0.3447127644589547,0.1383510605880355,0.0276402739311745,1.068701182850827,1.3626024953974285,05/24,3592.0,Yediyur Tank,"E (Irrigation, industrial cooling and controlled waste)",0.9,8.9,650.0,42.0,2.2,2400.0,4800.0,40.0,156.0,20.0,196.0,60.0,228.0,5.0,3.7,184.0,100.0,84.0,18.0,73.0,438.0,196.0,0.57,0.5,22.0,0.24,43.0,2.0,1.4,2024.0
Yediyur Lake,YDY,2024-06-01,12.9348,77.5755,0.1041364119718309,0.124263130329077,0.1296322007462855,0.1657167042253522,0.2482150176056337,0.2887486795774646,0.2815833204225351,0.2377625105633803,0.1887108345070423,-0.3825139053948725,-0.3215022153890139,0.1430184394732387,0.0058907846572744,1.0224820455939525,1.371572636222285,06/24,3592.0,Yediyur Tank,"D (Propagation of wild life,fisheries)",4.9,8.3,337.0,8.0,1.35,1700.0,4800.0,3.0,64.0,5.0,64.0,40.0,88.0,1.5,0.58,68.0,40.0,28.0,16.9,24.0,226.0,42.0,0.2,0.5,2.0,0.2,42.0,1.26,0.05,2024.0
Yediyur Lake,YDY,2024-09-19,12.9348,77.5755,0.0843248556338028,0.1013352432005553,0.106080947722059,0.1364821725352112,0.207039352112676,0.2340562183098593,0.2371475950704225,0.1964900422535211,0.1571438908450704,-0.4198321675086398,-0.3457010932046515,0.1793284021086219,-0.0152302589861698,0.9943544078502266,1.5934280572816817,09/24,3592.0,Yediyur Tank,"E (Irrigation, industrial cooling and controlled waste)",2.2,6.6,366.0,12.0,1.0,260.0,3500.0,3.0,104.0,5.0,104.0,28.0,114.0,2.4,1.8,112.0,60.0,52.0,13.0,38.0,248.0,16.0,0.5,0.5,14.0,0.2,38.0,1.6,1.0,2024.0
Yediyur Lake,YDY,2024-12-08,12.9348,77.5755,0.0726250915492957,0.0841637432711644,0.0877498414608138,0.113964042253521,0.1770854788732392,0.2002709049295773,0.1967215845070421,0.1789813485915491,0.1406702394366197,-0.4092390519100178,-0.3829324215104979,0.1751265686965023,-0.0080115824428872,1.011462682292226,1.5476880276805005,12/24,3592.0,Yediyur Tank,"D (Propagation of wild life,fisheries)",6.2,7.1,318.0,4.0,1.2,340.0,2400.0,3.0,68.0,5.0,68.0,48.0,44.0,1.5,0.4,84.0,48.0,36.0,13.0,31.0,216.0,20.0,0.2,0.5,6.0,0.2,42.0,1.46,0.05,2024.0
Yediyur Lake,YDY,2025-01-07,12.9348,77.5755,0.0835933838028168,0.0982156192566412,0.1017167778027204,0.1295737183098591,0.1854833838028169,0.2055583732394364,0.205472116197183,0.1815326338028168,0.1418088485915493,-0.3604355108561413,-0.3124522465501078,0.1510939565478336,0.000263395986811,1.0132655405955295,1.4251660196890854,01/25,3592.0,Yediyur Tank,"D (Propagation of wild life,fisheries)",5.4,6.8,340.0,6.0,3.16,260.0,2800.0,3.0,80.0,5.0,80.0,120.0,56.0,1.5,0.4,100.0,56.0,44.0,20.0,22.0,230.0,10.0,0.2,0.5,4.0,0.38,31.0,1.0,0.25,2025.0
Yediyur Lake,YDY,2025-02-01,12.9348,77.5755,,,,,,,,,,,,,,,,02/25,3592.0,Yediyur Tank,"D (Propagation of wild life,fisheries)",6.6,8.1,320.0,4.0,1.23,1100.0,7900.0,3.0,88.0,5.0,88.0,28.0,24.0,1.5,0.4,84.0,56.0,28.0,5.0,44.0,216.0,44.0,0.2,0.5,9.0,0.2,50.0,2.06,0.05,2025.0
Yediyur Lake,YDY,2025-03-08,12.9348,77.5755,0.084344940140845,0.103491401528992,0.1086268767134719,0.144002503521127,0.2159719260563379,0.2425274401408449,0.2470168838028169,0.2093673521126762,0.166686190140845,-0.3981340700185862,-0.3479737903785239,0.1739694118704706,-0.0020786997216739,1.0177048528045598,1.5209593973256164,03/25,3592.0,Yediyur Tank,"D (Propagation of wild life,fisheries)",5.9,7.8,343.0,5.0,1.0,780.0,4600.0,3.0,64.0,5.0,64.0,28.0,52.0,1.5,0.45,88.0,48.0,40.0,7.82051282051282,17.0,232.0,30.0,0.2,0.5,7.0,0.2,27.0,0.78,0.05,2025.0
Yediyur Lake,YDY,2025-04-02,12.9348,77.5755,,,,,,,,,,,,,,,,04/25,3592.0,Yediyur Tank,"D (Propagation of wild life,fisheries)",5.9,6.7,313.0,6.0,1.2,230.0,3500.0,3.0,76.0,5.0,76.0,36.0,63.0,1.56,1.2,48.0,28.0,20.0,5.0,35.0,214.0,10.0,0.2,0.5,14.0,0.2,53.0,2.5,0.2,2025.0
Yediyur Lake,YDY,2025-05-02,12.9348,77.5755,0.0951525246478873,0.1149619293577549,0.1169286691390869,0.1541104366197183,0.2361634154929576,0.2642183873239435,0.261699235915493,0.2195240457746478,0.1617302711267604,-0.3709402903288595,-0.3178749418761576,0.1594542206246741,-0.007925804490635,0.996595046643174,1.4444020154132515,05/25,3592.0,Yediyur Tank,D,5.2,7.0,320.0,6.0,1.2,140.0,2400.0,3.0,76.0,5.0,76.0,36.0,64.0,1.56,1.2,48.0,32.0,16.0,5.0,35.0,214.0,32.0,0.2,0.5,14.0,0.2,53.0,2.5,0.2,2025.0
Yediyur Lake,YDY,2025-06-01,12.9348,77.5755,,,,,,,,,,,,,,,,06/25,3592.0,Yediyur Tank,D,6.7,7.8,223.0,4.0,0.8,230.0,2200.0,3.0,72.0,5.0,72.0,24.0,49.0,1.5,0.91,60.0,32.0,28.0,5.0,19.0,154.0,28.0,0.2,0.5,2.0,0.2,39.0,1.1,0.14,2025.0
Yediyur Lake,YDY,2025-11-10,12.9348,77.5755,0.1124807862499417,0.1205501143406175,0.1233823093360485,0.1463438772183147,0.1931825236387349,0.2108569099632028,0.2104705016535469,0.2163890400111789,0.1669738460105267,-0.2680545021372739,-0.2880637878926632,0.09668112181717,0.0042922078664803,1.0136135471871512,1.2396879538061691,11/25,3592.0,Yediyur Tank,D,6.4,7.2,278.0,4.0,0.81,301.59420289855075,2400.0,44.8,112.0,22.4,112.0,44.0,48.0,4.76,0.4,80.0,44.0,36.0,10.0,16.0,192.0,26.0,0.4790909090909091,0.5,8.0,0.295,27.0,0.7,15.0,2025.0
Yelachenahalli Lake,YLC,2023-08-16,12.8982,77.5855,0.1801053908355795,0.189402427654864,0.2092969016827181,0.2688929919137466,0.2848765498652291,0.3086528301886793,0.2745424528301887,0.3172101078167116,0.3100137466307277,-0.1850585220413289,-0.2527527686763046,0.1241177698832466,0.0493659067195803,1.104666273749352,1.2881429062746104,08/23,3638.0,YELACHENAHALLI LAKE,"D (Propagation of wild life,fisheries)",4.4,7.1,333.0,10.0,1.0,7900.0,92000.0,6.095238095238095,96.0,5.0,96.0,48.0,102.0,3.9380952380952383,0.92,88.0,52.0,36.0,5.0,34.0,230.0,20.285714285714285,0.2,0.5,4.0,0.2,41.0,1.8357142857142856,0.430952380952381,2023.0
Yelachenahalli Lake,YLC,2023-10-10,12.8982,77.5855,0.1194634347275031,0.1438930328524086,0.1508182130100586,0.180356354738769,0.220967405999155,0.2355946908886071,0.2356398218560766,0.2281917934093789,0.1788908639628222,-0.2431890649481457,-0.2389064829626604,0.106252773911505,0.0188815430050179,1.0435177525114223,1.2759549757799566,10/23,3638.0,YELACHENAHALLI LAKE,"D (Propagation of wild life,fisheries)",6.9,8.5,261.0,4.0,1.0,310.0,5400.0,3.0,68.0,5.0,68.0,40.0,40.0,10.205603448275864,0.54,56.0,32.0,24.0,11.0,23.0,182.0,74.94323144104803,0.2,0.5,5.0,0.2,45.0,1.4,0.05,2023.0
Yelachenahalli Lake,YLC,2023-12-24,12.8982,77.5855,0.1115310237994648,0.1309390302761652,0.1367180996334843,0.1607137022954514,0.1923571011125192,0.2085852696803266,0.2094951943388255,0.2055875721729333,0.1744479017039852,-0.2388206843825283,-0.2437524491465324,0.1021020504820445,0.0216186891471647,1.0488393456212977,1.268818373074943,12/23,3638.0,YELACHENAHALLI LAKE,"D (Propagation of wild life,fisheries)",5.0,7.75,425.0,6.5,0.875,7850.0,73000.0,5.5,116.0,5.0,118.0,74.0,65.5,1.5,0.4,164.0,92.0,72.0,20.5,38.5,292.0,60.0,0.2,0.5,10.0,0.23,32.0,1.65,0.135,2023.0
Yelachenahalli Lake,YLC,2024-03-03,12.8982,77.5855,0.1131949408534009,0.1404955179209288,0.1533462150143573,0.1824902724968315,0.2132368046753979,0.2301573722010987,0.231014093085481,0.2363007780594285,0.2044955992113788,-0.2498227971017216,-0.2762017519042327,0.1088294728642389,0.0399792481496165,1.0891780123413866,1.3064355468413724,03/24,3638.0,Yelachenahalli Lake,"D (Propagation of wild life,fisheries)",4.7,7.4,466.0,5.0,1.79,1700.0,4800.0,3.0,104.0,5.0,104.0,76.0,45.0,1.5,0.68,124.0,68.0,56.0,19.0,40.0,318.0,10.0,0.2,0.5,9.0,0.2,39.0,1.5,0.05,2024.0
Yelachenahalli Lake,YLC,2024-04-02,12.8982,77.5855,,,,,,,,,,,,,,,,04/24,3638.0,Yelachenahalli Lake,"D (Propagation of wild life,fisheries)",5.3,8.1,587.0,6.0,2.0,1700.0,7900.0,3.0,80.0,5.0,80.0,96.0,56.0,1.5,0.6,120.0,64.0,56.0,8.0,79.0,404.0,106.0,0.2,0.5,12.0,0.2,55.0,3.0,0.29,2024.0
Yelachenahalli Lake,YLC,2024-05-02,12.8982,77.5855,0.1603599559147686,0.1822896409016116,0.1905530665636413,0.2116193240264512,0.233138427626745,0.2504656869948568,0.2398753122703894,0.2593351212343865,0.2313372520205732,-0.1386314006411753,-0.1849287698582804,0.0619175538107949,0.0210069564004093,1.0448893042689122,1.1451783205148842,05/24,3638.0,Yelachenahalli Lake,"E (Irrigation, industrial cooling and controlled waste)",1.4,7.6,410.0,28.0,1.4,2300.0,7000.0,3.0,92.0,5.0,92.0,48.0,204.0,1.9,1.2,100.0,56.0,44.0,17.0,56.0,276.0,130.0,0.46,0.5,19.0,0.28,49.0,2.0,1.2,2024.0
Yelachenahalli Lake,YLC,2024-06-01,12.8982,77.5855,0.1384584389522602,0.1644111179133282,0.1768907932259028,0.2055694303619209,0.2472129559217012,0.2742355583720604,0.2640023975496409,0.2658060484438811,0.2290067279256443,-0.2331934329264007,-0.2436613960915968,0.0847751857377335,0.0337245373732975,1.0727140690021368,1.2051149348959838,06/24,3638.0,Yelachenahalli Lake,"D (Propagation of wild life,fisheries)",6.0,8.9,501.0,7.0,2.02,2600.0,9400.0,8.0,68.0,5.0,72.0,72.0,76.0,1.5,0.4,124.0,68.0,56.0,27.5,40.0,342.0,48.0,0.2,0.5,3.0,0.21,40.0,2.0,0.05,2024.0
Yelachenahalli Lake,YLC,2024-09-19,12.8982,77.5855,0.1303388818476271,0.1585171103189989,0.1669303624612829,0.2031733523447402,0.2551848718490354,0.2784956132939021,0.2743836325869597,0.265720757639769,0.2286862589776087,-0.2765957347091709,-0.2728267290868959,0.1172651384888125,0.0245850144118172,1.056163660426358,1.3117475943293635,09/24,3638.0,Yelachenahalli Lake,"D (Propagation of wild life,fisheries)",4.8,7.9,362.0,9.0,1.3,170.0,4300.0,3.0,88.0,5.0,88.0,56.0,81.0,1.5,0.82,96.0,52.0,44.0,16.0,45.0,246.0,26.0,0.2,0.5,16.0,0.2,45.0,2.0,0.4,2024.0
Yelachenahalli Lake,YLC,2024-12-08,12.8982,77.5855,0.1072720708350936,0.126548535050844,0.131858129355568,0.1566647021546262,0.1931566399098719,0.2099559569074777,0.2110130721025205,0.2091919412758767,0.1743566575130262,-0.2605417159434282,-0.2724923695431902,0.1149384791585963,0.0160201319214316,1.0434192031660188,1.33083044052124,12/24,3638.0,Yelachenahalli Lake,"D (Propagation of wild life,fisheries)",5.9,6.8,449.0,5.0,1.7,330.0,1700.0,3.0,100.0,5.0,100.0,72.0,52.0,1.5,0.47,120.0,64.0,56.0,18.0,43.0,304.0,12.0,0.2,0.5,9.0,0.2,41.0,2.0,0.05,2024.0
Yelachenahalli Lake,YLC,2025-03-08,12.8982,77.5855,0.1159148218560766,0.1400846572562164,0.1554128574775321,0.1826685502041967,0.2162621673003803,0.2327832065906208,0.2392430291508237,0.2451625369666245,0.2116294993662868,-0.2651022092110264,-0.2897574769975438,0.1003872686647535,0.0481398123686146,1.107544146610851,1.2675989006274544,03/25,3638.0,Yelachenahalli Lake,"D (Propagation of wild life,fisheries)",5.6,7.8,568.0,5.0,1.9,260.0,1500.0,3.0,88.0,5.0,88.0,44.0,60.0,1.5,0.58,132.0,72.0,60.0,6.743589743589744,37.0,384.0,20.0,0.2,0.5,16.0,0.2,34.0,1.4,0.05,2025.0
Yelachenahalli Lake,YLC,2025-04-02,12.8982,77.5855,,,,,,,,,,,,,,,,04/25,3638.0,Yelachenahalli Lake,"D (Propagation of wild life,fisheries)",5.8,7.4,602.0,7.0,23.0,260.0,2800.0,3.0,108.0,5.0,108.0,88.0,69.0,1.5,0.4,88.0,48.0,40.0,9.0,63.0,400.0,10.0,0.2,0.5,12.0,0.21,57.0,3.0,0.2,2025.0
Yelachenahalli Lake,YLC,2025-05-02,12.8982,77.5855,0.1295837522884101,0.1550873318694164,0.1698773588826246,0.1960485741444868,0.2321171489930996,0.2457540733699479,0.2415710780171807,0.2630807843965639,0.2159893395296435,-0.2142027042489912,-0.2579234393027996,0.0760647485138901,0.0432702598239447,1.0927158676498925,1.176892527803635,05/25,3638.0,Yelachenahalli Lake,D,5.0,8.2,801.0,6.0,4.2,260.0,2200.0,3.0,164.0,5.0,164.0,120.0,52.0,1.5,0.5,196.0,96.0,100.0,48.0,98.0,534.0,18.0,0.2,0.5,20.0,0.28,49.0,4.48,0.41,2025.0
Yelachenahalli Lake,YLC,2025-06-01,12.8982,77.5855,,,,,,,,,,,,,,,,06/25,3638.0,Yelachenahalli Lake,D,6.8,7.4,433.0,4.0,1.7,240.0,3500.0,3.0,136.0,5.0,136.0,56.0,48.0,1.6,1.2,124.0,64.0,60.0,7.0,43.0,296.0,12.0,0.2,0.5,2.0,0.2,42.0,1.7,0.17,2025.0
Yelachenahalli Lake,YLC,2025-11-10,12.8982,77.5855,0.180727002967359,0.1832551939816432,0.1756356098973786,0.1858258160237389,0.2096376854599406,0.2190154302670622,0.2331560830860533,0.165053709198813,0.1083608308605341,-0.1220216607895046,0.0493817118796728,0.032611564480962,-0.0226994296684921,0.9561368204406048,1.07819571940683,11/25,3638.0,Yelachenahalli Lake,D,6.0,7.4,594.0,6.0,2.0,1691.304347826087,2800.0,21.070422535211268,184.0,20.0,184.0,96.0,72.0,7.970000000000001,0.7,180.0,96.0,84.0,21.0,54.0,382.0,38.0,0.26,0.5,9.0,0.295,37.0,1.7,0.62,2025.0
Yelahanka Tank,YLH,2023-08-16,13.1012,77.5966,0.1568728241563055,0.1784632338300267,0.2073193608814615,0.2455165186500887,0.2789433392539964,0.3097761101243339,0.2354595914742451,0.3004722912966252,0.2780523090586145,-0.1423704883294151,-0.2618596563220535,0.0899601913119883,0.0787488789621456,1.1727578251945006,1.2139314175313185,08/23,3630.0,YELAHANKA TANK,"E (Irrigation, industrial cooling and controlled
waste)",3.0,6.9,1207.0,13.0,3.5,3900.0,160000.0,9.314285714285717,336.0,5.0,336.0,188.0,131.0,3.145714285714286,2.1,324.0,168.0,156.0,18.0,117.0,822.0,24.742857142857144,0.51,0.5,15.0,0.57,41.0,1.6648571428571428,0.3071428571428571,2023.0
Yelahanka Tank,YLH,2023-10-10,13.1012,77.5966,0.1552179776862703,0.1677475523183812,0.1821698163897695,0.2034661035441523,0.2212091718579522,0.2360373948544678,0.2339682891634112,0.2568337099215146,0.2090382888114595,-0.1667357669512466,-0.2152080786910449,0.058978596050918,0.04169835478765,1.0881497542483425,1.1323415684657478,10/23,3630.0,YELAHANKA TANK,"D (Propagation of wild life,fisheries)",6.1,7.5,407.0,4.0,1.0,430.0,5400.0,3.0,88.0,5.0,88.0,52.0,40.0,11.609913793103448,0.4,136.0,72.0,64.0,15.0,36.0,274.0,49.16157205240175,0.31,0.5,11.0,0.2,34.0,2.15,0.95,2023.0
Yelahanka Tank,YLH,2023-12-24,13.1012,77.5966,0.1126369689930665,0.1326879176377045,0.1531321297853379,0.170700503290747,0.1836758490831659,0.1991440608172315,0.2015976278464081,0.2415626473797203,0.2212793615598491,-0.2103245546785796,-0.2970344566241804,0.0603322779109194,0.0727195639369142,1.1599545374430815,1.142109697089623,12/23,3630.0,YELAHANKA TANK,"D (Propagation of wild life,fisheries)",5.4,7.0,560.0,4.0,2.11,17000.0,240000.0,3.0,124.0,5.0,124.0,88.0,40.0,1.5,0.49,148.0,76.0,72.0,23.0,46.0,388.0,10.0,0.2,0.5,10.0,0.28,38.0,1.6,0.55,2023.0
Yelahanka Tank,YLH,2024-03-03,13.1012,77.5966,0.1247685883222468,0.1503515507396152,0.1793156221327519,0.200090761271249,0.202627821771724,0.217371013268574,0.2163624749234505,0.274212554112554,0.2509446380178088,-0.1840423289320498,-0.2971057524230467,0.0598335853890704,0.0898560058932583,1.2018262409886178,1.139679661746087,03/24,3630.0,Yelahanka Tank,"E (Irrigation, industrial cooling and controlled waste)",3.5,8.1,1255.0,31.0,4.0,2100.0,9400.0,3.0,320.0,5.0,320.0,240.0,184.0,5.7,4.4,300.0,156.0,144.0,12.0,125.0,853.0,82.0,1.23,0.5,39.0,0.2,44.0,3.0,2.23,2024.0
Yelahanka Tank,YLH,2024-05-02,13.1012,77.5966,0.1418987646499841,0.1730683563763615,0.2086432899402488,0.2298087706331609,0.2372750114384259,0.2553956921127653,0.2491030901347972,0.3205700313236897,0.2954787773202406,-0.1830919059126805,-0.3021891567235878,0.0516936414365093,0.0943681623217996,1.2103856042090142,1.1170365194789034,05/24,3630.0,Yelahanka Tank,"E (Irrigation, industrial cooling and controlled waste)",0.3,6.6,1099.0,26.0,3.8,1400.0,14000.0,3.0,248.0,5.0,248.0,136.0,174.0,6.2,4.8,244.0,128.0,116.0,14.0,108.0,748.0,22.0,1.3,0.5,22.0,0.32,46.0,3.0,3.8,2024.0
Yelahanka Tank,YLH,2024-06-01,13.1012,77.5966,0.1585833333333333,0.1742999988297621,0.1901833340525627,0.2170666666666666,0.2396333333333333,0.2592,0.2521333333333334,0.2978666666666666,0.2630666666666666,-0.1832454560376306,-0.2630503860205819,0.0675386816079309,0.043938232529025,1.092796122325332,1.1489785224255116,06/24,3630.0,Yelahanka Tank,"D (Propagation of wild life,fisheries)",8.0,8.2,911.0,22.0,3.2,3100.0,17000.0,3.0,244.0,5.0,244.0,188.0,144.0,1.5,1.1,236.0,124.0,112.0,20.0,95.0,620.0,60.0,1.2,0.5,29.0,0.22,43.0,2.7,2.4,2024.0
Yelahanka Tank,YLH,2024-09-19,13.1012,77.5966,0.1433287614824199,0.1669248870172373,0.1922452534633407,0.2171356597332204,0.2296480625065989,0.2504477879843731,0.2441882518565445,0.3002030408615776,0.2745681378242354,-0.1924317712135989,-0.2911657882220809,0.0655253063920849,0.0733293676421925,1.1610047258084475,1.153813470606441,09/24,3630.0,Yelahanka Tank,"D (Propagation of wild life,fisheries)",7.0,7.0,998.0,5.0,4.02,2100.0,9400.0,3.0,248.0,5.0,248.0,176.0,48.0,1.5,0.65,208.0,108.0,100.0,24.0,98.0,678.0,80.0,2.71,0.5,26.0,0.29,51.0,3.0,7.25,2024.0
Yelahanka Tank,YLH,2024-12-08,13.1012,77.5966,0.1075629289409777,0.1248414883518493,0.1423757605673422,0.1630891035793474,0.1772593636715587,0.1930874916411502,0.1896784535247948,0.2349049625171576,0.212013243937634,-0.2140161532229514,-0.3160269425975319,0.0756008501768644,0.0701387158682391,1.1578460242505113,1.183206779888245,12/24,3630.0,Yelahanka Tank,"D (Propagation of wild life,fisheries)",6.0,8.1,423.0,5.0,1.7,170.0,2200.0,3.0,104.0,5.0,104.0,48.0,52.0,1.5,0.4,112.0,60.0,52.0,11.0,32.0,288.0,10.0,0.31,0.5,7.0,0.2,45.0,1.32,0.85,2024.0
Yelahanka Tank,YLH,2025-01-07,13.1012,77.5966,0.107419301024179,0.1240152674699116,0.1427574636394914,0.1597293809171857,0.1694952416147538,0.1815719670573328,0.1843181747791503,0.2289041811846688,0.2084968148382781,-0.1987414739047518,-0.3027253748675804,0.0620573473673522,0.0715853183166695,1.1566389658048313,1.1474201919219968,01/25,3630.0,Yelahanka Tank,"E (Irrigation, industrial cooling and controlled waste)",3.2,7.0,1274.0,11.0,4.9,1300.0,13000.0,3.0,264.0,5.0,264.0,176.0,120.0,3.9,3.0,248.0,132.0,116.0,18.0,113.0,866.0,74.0,0.2,0.5,24.0,0.2,54.0,3.1,0.2,2025.0
Yelahanka Tank,YLH,2025-02-01,13.1012,77.5966,0.1495519797275894,0.1653901167200542,0.1816129031963246,0.1987203181642204,0.2124890437475803,0.2197991658747756,0.2186523351986765,0.2605080526519551,0.2187379016647309,-0.1485861204270569,-0.2374740341417088,0.0496247417420469,0.0524967024406177,1.113630490993618,1.112379957479774,02/25,3630.0,Yelahanka Tank,"E (Irrigation, industrial cooling and controlled waste)",1.1,7.9,1322.0,30.0,5.0,1700.0,9400.0,3.0,324.0,5.0,324.0,196.0,201.0,6.3,4.9,216.0,116.0,100.0,23.0,58.0,904.0,94.0,1.0,0.5,30.0,0.28,33.0,1.7,2.3,2025.0
Yelahanka Tank,YLH,2025-03-08,13.1012,77.5966,0.1266759300320276,0.1488066528050044,0.1755213986986399,0.1929477633477633,0.1979393622637524,0.2120990849259141,0.2143788441910392,0.271183989723014,0.2494326927814734,-0.1821363526606395,-0.2943531388120772,0.0507189952512098,0.0830762005011778,1.1830044539742968,1.1151780968605087,03/25,3630.0,Yelahanka Tank,"E (Irrigation, industrial cooling and controlled waste)",1.0,7.8,910.0,20.0,3.5,3300.0,13000.0,3.0,356.0,5.0,356.0,200.0,185.0,2.34,1.8,260.0,136.0,124.0,6.897435897435898,90.0,620.0,18.0,0.22,0.5,12.0,0.3,42.0,2.4,3.12,2025.0
Yelahanka Tank,YLH,2025-04-02,13.1012,77.5966,,,,,,,,,,,,,,,,04/25,3630.0,Yelahanka Tank,"D (Propagation of wild life,fisheries)",5.8,7.3,895.0,7.0,3.4,3100.0,11000.0,3.0,180.0,5.0,180.0,140.0,82.0,1.5,0.4,180.0,96.0,84.0,12.0,81.0,610.0,10.0,0.2,0.5,22.0,0.34,46.0,2.6,0.5,2025.0
Yelahanka Tank,YLH,2025-05-02,13.1012,77.5966,0.1398715482349629,0.1709334036303947,0.2010967409653123,0.2205141062189841,0.2334333403723647,0.2471948403899622,0.2424268151902298,0.3156196459367192,0.2751180410375533,-0.1766910606093016,-0.3018132237015046,0.0499850521859524,0.0832230457308828,1.1847470890064344,1.1142404486121096,05/25,3630.0,Yelahanka Tank,E,3.2,7.5,859.0,21.0,3.3,14000.0,46000.0,3.0,212.0,5.0,212.0,132.0,118.0,5.9,4.6,188.0,100.0,88.0,20.0,93.0,584.0,162.0,1.5,0.5,22.0,0.41,48.0,3.0,4.5,2025.0
Yelahanka Tank,YLH,2025-06-01,13.1012,77.5966,,,,,,,,,,,,,,,,06/25,3630.0,Yelahanka Tank,E,2.4,7.1,844.0,22.0,3.2,630.0,2200.0,3.0,188.0,5.0,188.0,132.0,171.0,11.2,8.6,208.0,104.0,104.0,17.0,95.0,574.0,58.0,1.5,0.5,11.0,0.33,48.0,2.9,3.5,2025.0
Yelahanka Tank,YLH,2025-11-10,13.1012,77.5966,0.1140421884348714,0.1344647204976534,0.1541447402448604,0.1748522260936894,0.1908306655404215,0.2048360926336533,0.2038341533804947,0.2508743286523773,0.2156488262415091,-0.2080388651530583,-0.3067884475097922,0.0678321140556614,0.0694704805529575,1.1532570612361082,1.1560296014986493,11/25,3630.0,Yelahanka Tank,E,1.6,7.0,992.0,23.0,3.8,1529.7101449275365,11000.0,23.323943661971832,332.0,20.0,332.0,168.0,164.0,14.0,11.0,232.0,120.0,112.0,20.0,109.0,684.0,68.0,1.8,0.5,12.0,0.52,49.0,3.1,4.2,2025.0
Yelemallappa Shetty Lake,YMS,2023-08-16,13.0066,77.678,,,,,,,,,,,,,,,,08/23,3605.0,YELEMALLAPPA SHETTY LAKE,"E (Irrigation, industrial cooling and controlled waste)",2.8,6.5,1190.0,13.0,2.38,410.0,16000.0,6.59047619047619,396.0,5.0,396.0,96.0,116.0,3.816190476190476,11.0,256.0,132.0,124.0,31.0,67.0,806.0,20.97142857142857,0.2,0.5,14.0,0.2,41.0,1.8094285714285712,0.4119047619047619,2023.0
Yelemallappa Shetty Lake,YMS,2023-10-10,13.0066,77.678,0.2841888461538461,0.2851612481145331,0.2820618271362037,0.3064853365384616,0.3514163942307692,0.3682966586538461,0.3442295673076924,0.3018660576923077,0.2227672115384615,-0.0984956250148959,-0.0332248104396602,0.0453336083306687,-0.007223302761553,0.9866475720721328,1.1011640980424415,10/23,3605.0,YELEMALLAPPA SHETTY LAKE,"E (Irrigation, industrial cooling and controlled waste)",3.9,7.2,1014.0,12.0,4.0,310.0,16000.0,3.0,160.0,5.0,112.0,160.0,104.0,10.829741379310343,2.6,212.0,112.0,100.0,29.0,87.0,682.0,63.48471615720524,0.89,0.5,23.0,0.28,44.0,3.0,2.0,2023.0
Yelemallappa Shetty Lake,YMS,2023-12-24,13.0066,77.678,0.0593399964801126,0.0735337627603843,0.0731102288455106,0.1045734600492784,0.1709813586765223,0.1953836536430835,0.1987708447729673,0.1982952164730728,0.1531157233368533,-0.4544568635698701,-0.4606434784512467,0.1974710715654179,-0.0162907480563792,0.9750775311014236,1.5361833995513767,12/23,3605.0,"YELEMALLAPPA
SHETTY LAKE","E (Irrigation, industrial cooling and controlled waste)",1.0,7.5,1315.0,18.0,5.0,490.0,16000.0,3.0,332.0,5.0,332.0,164.0,140.0,6.24,4.8,268.0,140.0,128.0,24.0,118.0,894.0,28.0,1.86,0.5,10.0,0.46,47.0,3.0,5.71,2023.0
Yelemallappa Shetty Lake,YMS,2024-03-03,13.0066,77.678,0.0519621260119676,0.0723449596335973,0.0771548260721242,0.1134695529743048,0.1868453291094685,0.2163927243928194,0.2213458007743752,0.2277071735304471,0.1779602041534671,-0.4977011842957903,-0.5310416233073074,0.2318792235426783,0.0073134868107549,1.0334452712539326,1.72922396054312,03/24,3605.0,Yelemallappa Shetty Lake,"D (Propagation of wild life,fisheries)",4.4,7.0,1730.0,5.0,6.6,220.0,2400.0,3.0,396.0,5.0,396.0,288.0,60.0,1.5,0.52,472.0,240.0,232.0,70.0,138.0,1204.0,14.0,0.37,0.5,35.0,0.29,37.0,2.76,1.01,2024.0
Yelemallappa Shetty Lake,YMS,2024-04-02,13.0066,77.678,0.0772465997888067,0.0934820379356406,0.1014108451945455,0.1330685709257304,0.1969379373460049,0.2254133720520943,0.2286125589581132,0.249561017247448,0.1988135797254489,-0.4162385762786885,-0.4593939976183677,0.1516221370549924,0.0306808527227922,1.0686574754910756,1.3849439744512415,04/24,3605.0,Yelemallappa Shetty Lake,"E (Irrigation, industrial cooling and controlled waste)",3.4,8.2,1766.0,15.0,6.0,1400.0,4900.0,3.0,520.0,5.0,520.0,348.0,140.0,19.5,15.0,368.0,188.0,180.0,6.0,239.0,1218.0,10.0,0.54,0.5,39.0,0.26,55.0,5.0,1.35,2024.0
Yelemallappa Shetty Lake,YMS,2024-06-01,13.0066,77.678,0.2646579029733959,0.2842190895748437,0.2701533691424159,0.2942,0.2976,0.3041,0.3000597809076682,0.28,0.2385,-0.0270439000245478,0.005917694508305,0.0442394695050829,-0.025500473981359,0.9509903682247088,1.0963054555574956,06/24,3605.0,Yelemallappa Shetty Lake,"E (Irrigation, industrial cooling and controlled waste)",1.3,6.5,961.0,21.0,3.3,26.0,920.0,3.0,316.0,5.0,316.0,136.0,168.0,16.6,12.8,292.0,152.0,140.0,15.0,94.0,650.0,24.0,1.2,0.5,12.0,0.2,40.0,2.4,3.3,2024.0
Yelemallappa Shetty Lake,YMS,2024-09-19,13.0066,77.678,0.0557063498768039,0.0772879058021143,0.0761412006706807,0.1172408518127419,0.2209807074973599,0.2593755262231608,0.260173174938402,0.2390985814853925,0.184732013375572,-0.5366031921833982,-0.5249490460707366,0.2661533398300947,-0.0487848912558089,0.9269612486152676,1.8787594771392293,09/24,3605.0,Yelemallappa Shetty Lake,"E (Irrigation, industrial cooling and controlled waste)",2.4,6.7,1052.0,12.0,3.7,2400.0,5800.0,3.0,348.0,5.0,348.0,140.0,118.0,2.6,2.0,236.0,124.0,112.0,7.0,118.0,716.0,10.0,0.6,0.5,33.0,0.2,48.0,3.4,1.5,2024.0
Yelemallappa Shetty Lake,YMS,2024-12-08,13.0066,77.678,0.0493901619148187,0.0624432211790977,0.0578785708332116,0.0899710348468848,0.1731775536782823,0.2027089405139035,0.2039332805350228,0.1943802780711017,0.1470424744808166,-0.5177786205448447,-0.5153226325840753,0.2584149027329696,-0.073030262382391,0.882816782557212,1.819193391911563,12/24,3605.0,Yelemallappa Shetty Lake,"D (Propagation of wild life,fisheries)",4.0,6.8,605.0,7.0,2.0,46.0,920.0,3.0,212.0,5.0,212.0,96.0,71.0,1.5,0.4,168.0,88.0,80.0,24.0,68.0,410.0,18.0,0.36,0.5,8.0,0.2,45.0,2.3,0.86,2024.0
Yelemallappa Shetty Lake,YMS,2025-01-07,13.0066,77.678,0.0452782893347412,0.0608106161966337,0.0574533755608776,0.0913980887011616,0.1666466068285814,0.1921132770151354,0.1988873882435761,0.1939792185850052,0.1461132840549103,-0.5217515337943572,-0.5232732084390982,0.2673086454631939,-0.0601056328127291,0.9043595368498996,1.8555647127136368,01/25,3605.0,Yelemallappa Shetty Lake,"E (Irrigation, industrial cooling and controlled waste)",1.0,7.3,1614.0,25.0,6.2,210.0,3500.0,3.0,376.0,5.0,376.0,272.0,192.0,8.1,7.4,440.0,224.0,216.0,66.0,149.0,1092.0,10.0,0.5,0.5,32.0,0.23,40.0,3.1,1.41,2025.0
Yelemallappa Shetty Lake,YMS,2025-02-01,13.0066,77.678,,,,,,,,,,,,,,,,02/25,3605.0,Yelemallappa Shetty Lake,"D (Propagation of wild life,fisheries)",5.6,6.7,1662.0,11.0,6.3,140.0,2800.0,3.0,516.0,5.0,516.0,260.0,121.0,9.88,7.6,396.0,204.0,192.0,10.0,174.0,1132.0,10.0,1.3,0.5,20.0,0.22,47.0,3.9,3.0,2025.0
Yelemallappa Shetty Lake,YMS,2025-03-08,13.0066,77.678,0.059310242872228,0.0784844316041247,0.0798365084236092,0.1177727560718057,0.1937574656810982,0.2206322984864483,0.2307301091165081,0.2326486659626891,0.1783753924674411,-0.4814308118478109,-0.5000744292947917,0.2227086049288293,-0.0148604230209265,0.987802131414674,1.665825915544758,03/25,3605.0,Yelemallappa Shetty Lake,"E (Irrigation, industrial cooling and controlled waste)",1.9,6.8,1121.0,16.0,4.3,110000.0,700000.0,3.0,387.0,5.0,387.0,92.0,108.0,27.3,21.0,453.0,283.0,170.0,7.512820512820513,39.0,760.0,46.0,1.41,0.5,35.0,0.3,14.0,1.0,3.59,2025.0
Yelemallappa Shetty Lake,YMS,2025-04-02,13.0066,77.678,,,,,,,,,,,,,,,,04/25,3605.0,Yelemallappa Shetty Lake,"E (Irrigation, industrial cooling and controlled waste)",0.3,8.5,952.0,39.0,3.9,14000.0,48000.0,24.0,332.0,12.0,144.0,160.0,296.0,28.0,22.0,236.0,124.0,112.0,11.0,80.0,646.0,10.0,0.32,0.5,24.0,0.31,39.0,2.26,0.93,2025.0
Yelemallappa Shetty Lake,YMS,2025-05-02,13.0066,77.678,0.0562305315029919,0.0891148647855323,0.0895005704665248,0.1437136043646603,0.2472376135163674,0.2799760330869412,0.2836075466385076,0.2574725448785639,0.1851444033790918,-0.5117467758679961,-0.4939922991424303,0.2664039473956256,-0.0221224649544381,0.969238687809492,1.8353384842532847,05/25,3605.0,Yelemallappa Shetty Lake,E,2.4,6.8,724.0,25.0,2.8,1400.0,4800.0,3.0,236.0,5.0,236.0,108.0,174.0,8.3,6.4,200.0,104.0,96.0,22.0,68.0,500.0,26.0,0.24,0.5,2.0,0.42,42.0,2.1,0.6,2025.0
Yelemallappa Shetty Lake,YMS,2025-06-01,13.0066,77.678,,,,,,,,,,,,,,,,06/25,3605.0,Yelemallappa Shetty Lake,E,1.7,7.2,1361.0,69.0,5.2,170.0,2400.0,3.0,348.0,5.0,348.0,160.0,336.0,30.2,24.0,248.0,132.0,116.0,12.0,100.0,900.0,10.0,0.73,0.5,25.0,0.22,44.0,3.0,4.3,2025.0
Yelemallappa Shetty Lake,YMS,2025-11-10,13.0066,77.678,0.0678129760225669,0.0810246965604898,0.0745723448789643,0.1066697214386459,0.1870922919605076,0.2133241325811,0.2177287094499292,0.2030369146685473,0.1464053279266573,-0.441784549133061,-0.4216609763181123,0.1897017965756965,-0.0535997947663886,0.905155690451404,1.4966852313656218,11/25,3605.0,Yelemallappa Shetty Lake,E,3.2,7.0,1339.0,17.0,5.1,721.7391304347826,3500.0,34.59154929577465,228.0,20.0,228.0,276.0,128.0,6.6,5.1,324.0,164.0,160.0,38.0,147.0,924.0,140.0,0.27,0.5,16.0,0.48,48.0,3.5,0.64,2025.0
