LAKE_NAME_GEE,stn,scene_date,lat,lon,B2,B3,B4,B5,B6,B7,B8,B11,B12,NDWI,MNDWI,NDCI,NDTI,Red_Green,RedEdge_Ratio,MONTH_YEAR,STN_CODE,LAKE_NAME_master,USEBASEDCLASS,DO,PH,CONDUCTIVITY,BOD,NITRATE_N,FECAL_COLI,TOTAL_COLI,CARBONATE,BICARBONATE,PHENOLPHTHALEINALKALINITY,TOTALALKALINITY,CHLORIDES,COD,TOTALKJELDAHLNITROGEN,AMMONICALN,TOTALHARDNESS,CAASCACO3,MGASCACO3,SULPHATE,SODIUM,TOTALDISSOLVEDSOLIDS,TOTALSUSPENDEDSOLIDS,PHOSPHATE,BORON,POTASSIUM,FLUORIDE,SODIUMPERCENTAGE,SAR,ORTHOPHOSPHATE,YEAR
Agaram Lake,AGR,2023-08-16,12.9234,77.6416,,,,,,,,,,,,,,,,08/23,3612.0,AGARAM LAKE,"D (Propagation of wild life,fisheries)",4.4,7.3,795.0,6.0,2.0,2200.0,24000.0,8.571428571428571,180.0,5.0,180.0,116.0,75.0,3.3285714285714287,0.4,168.0,100.0,68.0,11.0,89.0,540.0,23.714285714285715,0.28,0.5,12.0,0.23,41.0,1.7042857142857142,0.3357142857142857,2023.0
Agaram Lake,AGR,2023-10-10,12.9234,77.6416,,,,,,,,,,,,,,,,10/23,3612.0,AGARAM LAKE,"D (Propagation of wild life,fisheries)",4.1,7.2,620.0,9.0,3.0,2200.0,24000.0,3.0,100.0,5.0,100.0,112.0,80.0,10.400646551724138,0.85,124.0,68.0,56.0,14.0,53.0,422.0,71.36244541484716,0.48,0.5,6.0,0.31,46.0,2.0,1.48,2023.0
Agaram Lake,AGR,2023-12-24,12.9234,77.6416,,,,,,,,,,,,,,,,12/23,3612.0,AGARAM LAKE,"D (Propagation of wild life,fisheries)",5.3,7.3,802.0,5.0,2.8,700.0,16000.0,3.0,72.0,5.0,72.0,156.0,49.0,1.5,0.78,128.0,68.0,60.0,41.0,85.0,420.0,10.0,0.2,0.5,26.0,0.22,53.0,3.3,0.6,2023.0
Agaram Lake,AGR,2024-03-03,12.9234,77.6416,,,,,,,,,,,,,,,,03/24,3612.0,Agaram Lake,"E (Irrigation, industrial cooling and controlled waste)",3.4,7.4,966.0,14.0,3.1,230.0,2400.0,3.0,272.0,5.0,272.0,148.0,145.0,9.9,7.6,260.0,136.0,124.0,15.0,94.0,658.0,164.0,0.2,0.5,12.0,0.39,43.0,2.5,0.05,2024.0
Agaram Lake,AGR,2024-04-02,12.9234,77.6416,,,,,,,,,,,,,,,,04/24,3612.0,Agaram Lake,"D (Propagation of wild life,fisheries)",5.3,7.3,1067.0,7.0,3.0,1500.0,4800.0,3.0,120.0,5.0,120.0,124.0,87.0,1.5,0.4,116.0,68.0,48.0,19.0,102.0,730.0,10.0,1.0,0.5,13.0,0.3,62.0,4.0,3.1,2024.0
Agaram Lake,AGR,2024-05-02,12.9234,77.6416,,,,,,,,,,,,,,,,05/24,3612.0,Agaram Lake,"D (Propagation of wild life,fisheries)",6.2,8.3,1228.0,4.0,4.3,6.8,240.0,48.0,212.0,24.0,260.0,168.0,48.0,1.5,0.4,244.0,128.0,116.0,33.0,175.0,820.0,10.0,0.31,0.5,42.0,0.2,56.0,5.0,0.9,2024.0
Agaram Lake,AGR,2024-06-01,12.9234,77.6416,,,,,,,,,,,,,,,,06/24,3612.0,Agaram Lake,"D (Propagation of wild life,fisheries)",4.8,8.1,1170.0,5.0,4.0,140.0,2400.0,3.0,240.0,5.0,240.0,144.0,52.0,1.5,0.4,228.0,120.0,108.0,36.0,145.0,770.0,14.0,0.6,0.5,39.0,0.6,53.0,4.0,2.3,2024.0
Agaram Lake,AGR,2024-09-19,12.9234,77.6416,,,,,,,,,,,,,,,,09/24,3612.0,Agaram Lake,"D (Propagation of wild life,fisheries)",4.8,7.4,973.0,5.0,4.0,2400.0,170.0,3.0,248.0,5.0,248.0,176.0,44.0,1.5,0.65,208.0,108.0,100.0,24.0,98.0,678.0,80.0,2.7,0.5,26.0,0.29,51.0,3.0,7.2,2024.0
Agaram Lake,AGR,2024-12-08,12.9234,77.6416,,,,,,,,,,,,,,,,12/24,3612.0,Agaram Lake,"D (Propagation of wild life,fisheries)",7.3,7.7,416.0,4.0,1.6,260.0,2800.0,3.0,92.0,5.0,92.0,64.0,40.0,1.5,0.4,108.0,56.0,52.0,17.0,33.0,280.0,10.0,0.2,0.5,8.0,0.2,38.0,1.38,0.05,2024.0
Agaram Lake,AGR,2025-01-07,12.9234,77.6416,,,,,,,,,,,,,,,,01/25,3612.0,Agaram Lake,"D (Propagation of wild life,fisheries)",5.3,7.9,963.0,9.0,3.7,140.0,2200.0,3.0,308.0,5.0,308.0,136.0,81.0,1.5,0.4,244.0,128.0,116.0,31.0,100.0,654.0,10.0,1.9,0.5,32.0,0.28,43.0,2.8,4.6,2025.0
Agaram Lake,AGR,2025-02-01,12.9234,77.6416,,,,,,,,,,,,,,,,02/25,3612.0,Agaram Lake,"D (Propagation of wild life,fisheries)",5.8,7.9,1143.0,7.0,4.39,20.0,110.0,3.0,288.0,5.0,288.0,136.0,75.0,1.5,0.4,236.0,128.0,108.0,11.0,99.0,774.0,16.0,0.53,0.5,34.0,0.23,43.0,2.79,1.35,2025.0
Agaram Lake,AGR,2025-03-08,12.9234,77.6416,,,,,,,,,,,,,,,,03/25,3612.0,Agaram Lake,"D (Propagation of wild life,fisheries)",4.4,8.1,911.0,18.0,3.0,6.8,240.0,3.0,312.0,5.0,312.0,152.0,121.0,1.57,1.2,284.0,144.0,140.0,7.333333333333333,106.0,632.0,12.0,1.21,0.5,15.0,0.28,48.0,2.7,2.8,2025.0
Agaram Lake,AGR,2025-04-04,12.9234,77.6416,0.1003274758921658,0.1257077603425694,0.1351086685750018,0.1647543218131905,0.1950480150629971,0.2062179207432956,0.1982186950095024,0.1919932568452171,0.1522323854437954,-0.2192159487107235,-0.2473523755648778,0.1805036448913985,-0.0119932562289812,1.0078791003375172,1.6311038474526318,04/25,3612.0,Agaram Lake,"E (Irrigation, industrial cooling and controlled waste)",3.5,8.1,1355.0,9.0,5.2,310.0,2200.0,3.0,288.0,5.0,288.0,160.0,89.0,1.5,0.4,276.0,148.0,128.0,27.0,144.0,904.0,10.0,1.08,0.5,37.0,0.46,49.0,3.76,2.54,2025.0
Agaram Lake,AGR,2025-05-07,12.9234,77.6416,0.1110555747166889,0.1394956363433885,0.1486974175096564,0.1786803512353066,0.2151474026888155,0.2346081016400368,0.2285459738157248,0.2196480995284017,0.1843625043992397,-0.2386508306964796,-0.2395469208674769,0.14930407668884,-0.0127061811507395,0.9926193631422228,1.4262593997721684,05/25,3612.0,Agaram Lake,D,4.8,7.7,870.0,5.0,3.4,310.0,4300.0,3.0,200.0,5.0,200.0,148.0,49.0,1.5,0.4,232.0,120.0,112.0,35.0,93.0,592.0,18.0,0.4,0.5,8.0,0.28,45.0,2.7,0.9,2025.0
Agaram Lake,AGR,2025-06-06,12.9234,77.6416,,,,,,,,,,,,,,,,06/25,3612.0,Agaram Lake,D,4.5,7.8,732.0,8.0,2.9,240.0,1700.0,3.0,112.0,5.0,112.0,120.0,92.0,1.5,0.4,124.0,68.0,56.0,35.0,85.0,494.0,12.0,0.2,0.5,11.0,0.37,60.0,3.0,0.05,2025.0
Agaram Lake,AGR,2025-11-10,12.9234,77.6416,,,,,,,,,,,,,,,,11/25,3612.0,Agaram Lake,D,6.2,7.9,893.0,4.0,3.0,947.9710144927536,5400.0,31.436619718309856,268.0,20.0,268.0,136.0,56.0,11.21818181818182,0.61,208.0,108.0,100.0,33.0,91.0,612.0,18.0,1.1,0.5,29.0,0.32,45.0,2.7,2.8,2025.0
Allalasandra Lake,ALS,2023-08-16,13.0541,77.6052,,,,,,,,,,,,,,,,08/23,3629.0,ALLALASANDRA LAKE,"E (Irrigation, industrial cooling and controlled waste)",3.2,6.9,1119.0,13.0,3.2,2700.0,24000.0,9.19047619047619,312.0,5.0,312.0,172.0,129.0,3.1761904761904765,1.9,300.0,156.0,144.0,17.0,109.0,762.0,24.57142857142857,0.47,0.5,14.0,0.47,41.0,1.6714285714285717,0.3119047619047619,2023.0
Allalasandra Lake,ALS,2023-10-10,13.0541,77.6052,,,,,,,,,,,,,,,,10/23,3629.0,ALLALASANDRA LAKE,"E (Irrigation, industrial cooling and controlled waste)",3.2,6.6,592.0,20.0,2.0,4700.0,54000.0,3.0,88.0,5.0,88.0,108.0,152.0,11.648922413793104,2.2,136.0,76.0,60.0,14.0,66.0,400.0,48.44541484716157,0.8,0.5,27.0,0.2,0.53,1.3,2.47,2023.0
Allalasandra Lake,ALS,2023-12-24,13.0541,77.6052,,,,,,,,,,,,,,,,12/23,3629.0,ALLALASANDRA LAKE,"D (Propagation of wild life,fisheries)",5.7,7.1,456.0,4.0,1.59,40000.0,350000.0,3.0,100.0,5.0,100.0,68.0,40.0,1.5,0.56,116.0,64.0,52.0,18.0,38.0,314.0,26.0,0.2,0.5,9.0,0.39,39.0,1.5,0.05,2023.0
Allalasandra Lake,ALS,2024-03-03,13.0541,77.6052,,,,,,,,,,,,,,,,03/24,3629.0,Allalasandra Lake,"E (Irrigation, industrial cooling and controlled waste)",3.6,8.1,1248.0,32.0,4.0,2600.0,17000.0,3.0,336.0,5.0,336.0,224.0,188.0,5.8,4.5,296.0,152.0,144.0,10.0,137.0,857.0,98.0,1.67,0.5,35.0,0.2,46.0,3.0,3.57,2024.0
Allalasandra Lake,ALS,2024-05-02,13.0541,77.6052,,,,,,,,,,,,,,,,05/24,3629.0,Allalasandra Lake,"E (Irrigation, industrial cooling and controlled waste)",0.3,6.8,1477.0,26.0,5.2,2400.0,17000.0,3.0,332.0,5.0,332.0,204.0,176.0,6.8,5.2,316.0,164.0,152.0,34.0,156.0,1006.0,26.0,1.8,0.5,24.0,0.42,49.0,3.8,3.7,2024.0
Allalasandra Lake,ALS,2024-06-01,13.0541,77.6052,,,,,,,,,,,,,,,,06/24,3629.0,Allalasandra Lake,"D (Propagation of wild life,fisheries)",7.9,7.9,921.0,25.0,3.3,2500.0,21000.0,3.0,236.0,5.0,236.0,176.0,167.0,1.6,1.2,252.0,128.0,124.0,16.0,96.0,628.0,66.0,2.0,0.5,29.0,0.23,42.0,2.6,5.0,2024.0
Allalasandra Lake,ALS,2024-09-19,13.0541,77.6052,,,,,,,,,,,,,,,,09/24,3629.0,Allalasandra Lake,"D (Propagation of wild life,fisheries)",6.9,7.0,991.0,7.0,3.99,1500.0,4800.0,3.0,232.0,5.0,232.0,172.0,60.0,1.5,0.62,216.0,112.0,104.0,23.0,98.0,674.0,80.0,2.75,0.5,26.0,0.27,46.0,3.0,7.6,2024.0
Allalasandra Lake,ALS,2024-12-08,13.0541,77.6052,,,,,,,,,,,,,,,,12/24,3629.0,Allalasandra Lake,"D (Propagation of wild life,fisheries)",6.5,8.1,425.0,5.0,1.71,150.0,2800.0,3.0,112.0,5.0,112.0,40.0,48.0,1.5,0.4,112.0,60.0,52.0,10.0,32.0,290.0,10.0,0.31,0.5,6.0,0.2,45.0,1.32,0.86,2024.0
Allalasandra Lake,ALS,2025-01-07,13.0541,77.6052,,,,,,,,,,,,,,,,01/25,3629.0,Allalasandra Lake,"E (Irrigation, industrial cooling and controlled waste)",3.3,7.0,1281.0,17.0,4.9,3300.0,9400.0,3.0,272.0,5.0,272.0,176.0,130.0,2.7,2.1,252.0,132.0,120.0,18.0,114.0,872.0,80.0,1.8,0.5,25.0,0.2,46.0,3.1,4.2,2025.0
Allalasandra Lake,ALS,2025-02-01,13.0541,77.6052,,,,,,,,,,,,,,,,02/25,3629.0,Allalasandra Lake,"E (Irrigation, industrial cooling and controlled waste)",1.2,7.9,1337.0,28.0,5.1,1300.0,8400.0,3.0,348.0,5.0,348.0,196.0,184.0,9.1,7.0,208.0,112.0,96.0,24.0,57.0,908.0,90.0,1.0,0.5,30.0,0.31,33.0,1.7,2.3,2025.0
Allalasandra Lake,ALS,2025-03-08,13.0541,77.6052,,,,,,,,,,,,,,,,03/25,3629.0,Allalasandra Lake,"D (Propagation of wild life,fisheries)",4.6,7.6,845.0,4.0,3.2,1400.0,4800.0,3.0,376.0,5.0,376.0,160.0,40.0,1.5,0.6,244.0,128.0,116.0,6.923076923076923,79.0,576.0,10.0,0.2,0.5,8.0,0.29,40.0,2.2,0.26,2025.0
Allalasandra Lake,ALS,2025-04-04,13.0541,77.6052,0.1322348432055749,0.1577077145935283,0.1756445890442583,0.2092007848520043,0.258641403582867,0.2803770914722134,0.2714244958293738,0.2766517896737411,0.2282199099003978,-0.2751455569032469,-0.2882103939926885,0.1031606185953899,0.0531932592868656,1.1179283724252074,1.286381355534693,04/25,3629.0,Allalasandra Lake,"E (Irrigation, industrial cooling and controlled waste)",2.8,7.1,938.0,23.0,3.5,21000.0,70000.0,3.0,160.0,5.0,160.0,168.0,153.0,6.5,0.4,136.0,72.0,64.0,12.0,98.0,638.0,10.0,0.6,0.5,34.0,0.3,54.0,3.8,1.3,2025.0
Allalasandra Lake,ALS,2025-05-07,13.0541,77.6052,0.1348036110231232,0.1598951992705426,0.17687324403419,0.208115528103333,0.2565396966177455,0.2845785344736564,0.2763827754900925,0.2737505578432408,0.2347497800302679,-0.2755636563006918,-0.2744336581896904,0.0940076141570912,0.0494454027300878,1.1097646651645838,1.2453829605112166,05/25,3629.0,Allalasandra Lake,E,2.5,8.5,487.0,26.0,1.9,2300.0,9400.0,24.0,68.0,12.0,92.0,56.0,175.0,2.7,2.1,100.0,56.0,44.0,28.0,67.0,330.0,232.0,0.2,0.5,14.0,0.2,55.0,2.9,0.6,2025.0
Allalasandra Lake,ALS,2025-06-06,13.0541,77.6052,0.1350242037095696,0.1604489990056496,0.1732016821562555,0.2057405870552211,0.2552529159187695,0.2840349135958894,0.2755977651075211,0.2602706226023302,0.2200091261042481,-0.2798104308661731,-0.257087533543124,0.1046350017902982,0.040673526433019,1.095847598051048,1.2898422018738276,06/25,3629.0,Allalasandra Lake,E,2.4,7.3,733.0,22.0,2.8,430.0,4300.0,3.0,172.0,5.0,172.0,112.0,164.0,11.0,8.4,196.0,100.0,96.0,14.0,84.0,502.0,40.0,0.96,0.5,10.0,0.32,63.0,2.6,2.3,2025.0
Allalasandra Lake,ALS,2025-11-10,13.0541,77.6052,,,,,,,,,,,,,,,,11/25,3629.0,Allalasandra Lake,E,1.9,7.0,997.0,25.0,3.8,1497.3913043478262,13000.0,23.774647887323944,332.0,20.0,332.0,164.0,168.0,16.0,12.0,232.0,120.0,112.0,19.0,110.0,688.0,68.0,1.8,0.5,12.0,0.53,49.0,3.1,4.2,2025.0
Alur Lake,ALR,2023-08-16,13.0788,77.582,,,,,,,,,,,,,,,,08/23,4541.0,ALUR LAKE,"D (Propagation of wild life,fisheries)",5.5,7.3,340.0,7.0,1.2,470.0,16000.0,14.266666666666667,116.0,5.0,116.0,32.0,70.0,1.9266666666666667,0.74,124.0,68.0,56.0,11.0,43.0,230.0,31.6,0.2,0.5,15.0,0.22,41.0,1.402,0.1166666666666667,2023.0
Alur Lake,ALR,2023-10-10,13.0788,77.582,,,,,,,,,,,,,,,,10/23,4541.0,ALUR LAKE,"D (Propagation of wild life,fisheries)",6.1,7.3,528.0,4.0,2.0,310.0,9200.0,3.0,120.0,5.0,120.0,32.0,40.0,8.84030172413793,0.4,148.0,72.0,76.0,29.0,36.0,360.0,100.00873362445417,0.2,0.5,3.0,0.2,34.0,1.3,0.05,2023.0
Alur Lake,ALR,2023-12-24,13.0788,77.582,,,,,,,,,,,,,,,,12/23,4541.0,ALUR LAKE,"D (Propagation of wild life,fisheries)",4.2,6.9,142.0,11.0,0.4,460.0,16000.0,3.0,80.0,5.0,80.0,40.0,105.0,16.9,1.26,36.0,24.0,12.0,5.0,16.0,100.0,22.0,0.2,0.5,2.0,0.21,47.0,1.2,0.05,2023.0
Alur Lake,ALR,2024-05-02,13.0788,77.582,,,,,,,,,,,,,,,,05/24,4541.0,Alur Lake,"D (Propagation of wild life,fisheries)",4.6,6.6,216.0,4.0,0.8,3200.0,9400.0,3.0,44.0,5.0,44.0,36.0,44.0,1.5,0.8,56.0,32.0,24.0,9.0,20.0,144.0,112.0,0.2,0.5,4.0,0.39,41.0,1.4,0.05,2024.0
Alur Lake,ALR,2024-06-01,13.0788,77.582,,,,,,,,,,,,,,,,06/24,4541.0,Alur Lake,"D (Propagation of wild life,fisheries)",5.7,6.6,184.0,5.0,0.7,1100.0,13000.0,3.0,52.0,5.0,52.0,8.0,44.0,1.5,0.71,76.0,44.0,32.0,12.0,5.0,122.0,70.0,0.2,0.5,7.0,0.25,11.0,0.24,0.05,2024.0
Alur Lake,ALR,2024-09-19,13.0788,77.582,,,,,,,,,,,,,,,,09/24,4541.0,Alur Lake,"D (Propagation of wild life,fisheries)",5.3,6.5,158.0,6.0,7.0,240.0,2200.0,3.0,18.0,5.0,20.0,5.0,56.0,1.5,0.4,12.0,8.0,4.0,32.0,5.0,106.0,22.0,0.3,0.5,25.0,0.33,12.0,0.3,0.8,2024.0
Alur Lake,ALR,2024-12-08,13.0788,77.582,,,,,,,,,,,,,,,,12/24,4541.0,Alur Lake,"D (Propagation of wild life,fisheries)",5.1,6.9,164.0,7.0,0.57,260.0,2200.0,3.0,60.0,5.0,60.0,8.0,60.0,1.5,0.4,80.0,48.0,32.0,5.0,5.0,110.0,10.0,0.2,0.5,9.0,0.2,7.0,0.14,0.05,2024.0
Alur Lake,ALR,2025-01-07,13.0788,77.582,,,,,,,,,,,,,,,,01/25,4541.0,Alur Lake,"D (Propagation of wild life,fisheries)",7.1,6.5,201.0,4.0,0.77,110.0,2400.0,3.0,76.0,5.0,76.0,12.0,38.0,1.5,0.4,60.0,28.0,32.0,7.0,5.0,136.0,10.0,0.2,0.5,9.0,0.2,8.0,0.17,0.3,2025.0
Alur Lake,ALR,2025-02-01,13.0788,77.582,,,,,,,,,,,,,,,,02/25,4541.0,Alur Lake,"D (Propagation of wild life,fisheries)",7.6,6.9,272.0,4.0,2.0,140.0,3500.0,3.0,60.0,5.0,60.0,72.0,45.0,1.5,0.6,64.0,44.0,20.0,14.0,30.0,186.0,12.0,0.2,0.5,5.0,0.21,48.0,1.6,0.39,2025.0
Alur Lake,ALR,2025-03-08,13.0788,77.582,,,,,,,,,,,,,,,,03/25,4541.0,Alur Lake,"D (Propagation of wild life,fisheries)",6.7,6.6,200.0,4.0,0.77,210.0,1700.0,3.0,72.0,5.0,72.0,12.0,41.0,1.5,0.4,132.0,84.0,48.0,5.615384615384615,5.0,134.0,10.0,0.2,0.5,9.0,0.2,4.0,0.11,0.05,2025.0
Alur Lake,ALR,2025-04-04,13.0788,77.582,0.0406641740599915,0.0645001442670673,0.0598528341745225,0.1099896211801154,0.2214018096042811,0.2566375827348263,0.2537091149133925,0.2139286403323476,0.1341160223912126,-0.5977963191211408,-0.5443537272122713,0.3208405493762488,-0.0608160861557849,0.8989443105484592,2.0301983715766343,04/25,4541.0,Alur Lake,"D (Propagation of wild life,fisheries)",6.9,6.6,328.0,4.0,1.3,94.0,540.0,3.0,84.0,5.0,84.0,36.0,36.0,5.9,4.6,88.0,48.0,40.0,21.0,21.0,224.0,10.0,0.2,0.5,15.0,0.2,30.0,1.0,0.12,2025.0
Alur Lake,ALR,2025-05-07,13.0788,77.582,0.0427378714265596,0.0680327385454402,0.0593370016379794,0.1162408146739896,0.2643916983523446,0.3163244226165332,0.3159382903816364,0.1959965356991973,0.1176539783129137,-0.6453560770982422,-0.4893864008778,0.3474628626904284,-0.0937568522563431,0.8471843132416277,2.1567258960086058,05/25,4541.0,Alur Lake,E,3.6,7.0,327.0,6.0,1.26,24.0,1600.0,3.0,88.0,5.0,88.0,32.0,62.0,1.5,0.4,148.0,96.0,52.0,11.0,19.0,218.0,16.0,0.2,0.5,16.0,0.2,20.0,0.69,0.35,2025.0
Alur Lake,ALR,2025-06-06,13.0788,77.582,0.0739096922968596,0.1044031928680703,0.0944147483967564,0.1562417687649627,0.3252844247289114,0.3882720285875228,0.386308213631883,0.2470921947613012,0.1684782917898887,-0.5727663939754812,-0.4081106292543304,0.2520427367572922,-0.0533838869300335,0.9052279156647056,1.6999712207495954,06/25,4541.0,Alur Lake,E,3.2,6.8,420.0,8.0,1.6,1400.0,11000.0,3.0,100.0,5.0,100.0,72.0,89.0,1.6,1.2,116.0,60.0,56.0,12.0,42.0,286.0,12.0,0.4,0.5,4.0,0.28,30.0,1.7,0.9,2025.0
Alur Lake,ALR,2025-11-10,13.0788,77.582,,,,,,,,,,,,,,,,11/25,4541.0,Alur Lake,D,5.9,8.0,768.0,4.0,2.75,3210.289855072464,2400.0,26.0,232.0,20.0,232.0,76.0,52.0,4.025,0.4,192.0,124.0,68.0,14.65,78.0,528.0,30.0,0.48,0.5,8.0,0.27,45.0,2.45,0.306,2025.0
Anchepalya Lake,ACP,2023-08-16,13.0596,77.5024,,,,,,,,,,,,,,,,08/23,3599.0,ANCHEPALYA LAKE,"D (Propagation of wild life,fisheries)",4.6,6.8,343.0,8.0,1.3,480.0,16000.0,14.142857142857142,96.0,5.0,96.0,28.0,80.0,1.9571428571428573,0.97,124.0,68.0,56.0,27.0,38.0,230.0,31.42857142857143,0.2,0.5,16.0,0.27,41.0,1.4085714285714286,0.1214285714285714,2023.0
Anchepalya Lake,ACP,2023-10-10,13.0596,77.5024,,,,,,,,,,,,,,,,10/23,3599.0,ANCHEPALYA LAKE,"E (Irrigation, industrial cooling and controlled waste)",0.3,7.0,1289.0,62.0,5.0,460.0,9200.0,3.0,388.0,5.0,388.0,196.0,208.0,9.152370689655172,7.2,436.0,224.0,212.0,19.0,149.0,882.0,94.27947598253274,2.5,0.5,26.0,0.23,40.0,3.1,1.85,2023.0
Anchepalya Lake,ACP,2023-12-24,13.0596,77.5024,,,,,,,,,,,,,,,,12/23,3599.0,ANCHEPALYA LAKE,"D (Propagation of wild life,fisheries)",4.2,7.2,386.0,7.0,0.96,6300.0,54000.0,3.0,112.0,5.0,112.0,76.0,83.0,1.5,0.96,136.0,76.0,60.0,5.0,42.0,270.0,10.0,0.2,0.5,3.0,0.2,39.0,1.13,0.05,2023.0
Anchepalya Lake,ACP,2024-03-03,13.0596,77.5024,,,,,,,,,,,,,,,,03/24,3599.0,Anchepalya Lake,"D (Propagation of wild life,fisheries)",4.4,6.7,429.0,8.0,8.3,2100.0,9400.0,3.0,76.0,5.0,76.0,84.0,76.0,1.5,0.9,108.0,60.0,40.0,20.0,69.0,304.0,12.0,0.2,0.5,22.0,0.2,52.0,2.9,0.6,2024.0
Anchepalya Lake,ACP,2024-04-02,13.0596,77.5024,,,,,,,,,,,,,,,,04/24,3599.0,Anchepalya Lake,"E (Irrigation, industrial cooling and controlled waste)",0.9,7.8,2180.0,54.0,7.5,1200.0,7900.0,3.0,376.0,5.0,376.0,372.0,276.0,25.0,18.0,608.0,312.0,296.0,125.0,216.0,1432.0,10.0,0.32,0.5,34.0,0.2,42.0,4.0,0.8,2024.0
Anchepalya Lake,ACP,2024-05-02,13.0596,77.5024,,,,,,,,,,,,,,,,05/24,3599.0,Anchepalya Lake,"E (Irrigation, industrial cooling and controlled waste)",3.3,6.6,764.0,26.0,2.9,220.0,5400.0,3.0,176.0,5.0,176.0,124.0,193.0,3.5,3.0,208.0,108.0,100.0,31.0,68.0,506.0,12.0,0.31,0.5,15.0,0.33,39.0,2.0,0.88,2024.0
Anchepalya Lake,ACP,2024-06-01,13.0596,77.5024,,,,,,,,,,,,,,,,06/24,3599.0,Anchepalya Lake,"D (Propagation of wild life,fisheries)",6.0,7.3,2107.0,8.0,8.5,240.0,3500.0,3.0,256.0,5.0,256.0,528.0,92.0,1.5,0.81,552.0,280.0,272.0,31.0,191.0,1412.0,10.0,0.2,0.5,28.0,0.52,41.0,4.0,0.26,2024.0
Anchepalya Lake,ACP,2024-09-19,13.0596,77.5024,,,,,,,,,,,,,,,,09/24,3599.0,Anchepalya Lake,"D (Propagation of wild life,fisheries)",5.1,7.4,341.0,4.0,1.3,2400.0,17000.0,3.0,76.0,5.0,76.0,56.0,43.0,1.5,0.54,88.0,48.0,40.0,14.0,31.0,232.0,42.0,0.2,0.5,41.0,0.48,44.5,1.44,0.05,2024.0
Anchepalya Lake,ACP,2024-12-08,13.0596,77.5024,,,,,,,,,,,,,,,,12/24,3599.0,Anchepalya Lake,"D (Propagation of wild life,fisheries)",4.6,7.2,354.0,8.0,1.2,220.0,2800.0,3.0,88.0,5.0,88.0,28.0,80.0,1.5,0.53,104.0,60.0,44.0,20.0,27.0,234.0,12.0,0.37,0.5,8.0,0.2,34.0,1.1,0.92,2024.0
Anchepalya Lake,ACP,2025-01-07,13.0596,77.5024,,,,,,,,,,,,,,,,01/25,3599.0,Anchepalya Lake,"D (Propagation of wild life,fisheries)",6.4,7.8,405.0,6.0,1.55,680.0,4800.0,3.0,92.0,5.0,92.0,40.0,63.0,1.5,0.4,92.0,44.0,48.0,12.0,29.0,278.0,30.0,0.2,0.5,7.6,0.2,38.0,1.3,0.4,2025.0
Anchepalya Lake,ACP,2025-02-01,13.0596,77.5024,,,,,,,,,,,,,,,,02/25,3599.0,Anchepalya Lake,"E (Irrigation, industrial cooling and controlled waste)",3.3,7.0,393.0,21.0,1.5,920.0,7000.0,3.0,88.0,5.0,88.0,37.0,160.0,1.5,0.4,104.0,56.0,48.0,16.0,37.0,270.0,10.0,0.2,0.5,8.0,0.2,41.0,2.0,0.56,2025.0
Anchepalya Lake,ACP,2025-03-08,13.0596,77.5024,,,,,,,,,,,,,,,,03/25,3599.0,Anchepalya Lake,"E (Irrigation, industrial cooling and controlled waste)",3.0,6.6,287.0,10.0,1.1,560.0,3900.0,3.0,56.0,5.0,56.0,40.0,108.0,1.6,1.23,124.0,72.0,52.0,7.641025641025641,16.0,196.0,84.0,0.2,0.5,9.0,0.2,21.0,1.0,0.33,2025.0
Anchepalya Lake,ACP,2025-04-04,13.0596,77.5024,0.1811669444770513,0.1981427162047814,0.2145714818677413,0.2391132879445943,0.2704615506514848,0.2850713346636929,0.273835391477873,0.2967962084751731,0.2429498884845637,-0.1618682187384203,-0.2011569209372121,0.0558091299563115,0.039449164430025,1.083263718502558,1.1223124875611212,04/25,3599.0,Anchepalya Lake,"E (Irrigation, industrial cooling and controlled waste)",0.3,6.5,456.0,32.0,1.5,4600.0,35000.0,3.0,80.0,5.0,80.0,80.0,202.0,4.5,3.4,80.0,44.0,36.0,55.0,51.0,306.0,10.0,0.3,0.5,10.0,0.28,54.0,2.7,0.7,2025.0
Anchepalya Lake,ACP,2025-05-07,13.0596,77.5024,0.1550394395944804,0.1830612120214116,0.2052198853545673,0.2345127147282455,0.2656569417065616,0.2871303118839763,0.2804022704871867,0.296383663052661,0.2641047662630243,-0.2161771622764239,-0.2443882896176474,0.0748825602787891,0.0566983411451662,1.126614432961302,1.1840735354498628,05/25,3599.0,Anchepalya Lake,E,0.3,6.6,521.0,12.0,2.0,2600.0,9400.0,3.0,104.0,5.0,104.0,52.0,121.0,1.5,1.15,256.0,134.0,122.0,16.0,41.0,354.0,20.0,0.2,0.5,12.0,0.35,25.0,1.11,0.36,2025.0
Anchepalya Lake,ACP,2025-06-06,13.0596,77.5024,0.1542077970994086,0.1814535796046687,0.1982065750838324,0.2259939312869615,0.2603159286116586,0.2818615777245846,0.2763305090115461,0.2752354688820052,0.2408735321036329,-0.214128942395685,-0.2158741230204587,0.075263733345032,0.0442361473143525,1.0979193878798348,1.1979748132013377,06/25,3599.0,Anchepalya Lake,E,2.2,7.8,600.0,9.0,2.3,2000.0,12000.0,3.0,140.0,5.0,140.0,104.0,97.0,1.6,1.2,164.0,84.0,80.0,20.0,48.0,408.0,24.0,0.4,0.5,5.0,0.29,26.0,1.6,0.9,2025.0
Anchepalya Lake,ACP,2025-11-10,13.0596,77.5024,,,,,,,,,,,,,,,,11/25,3599.0,Anchepalya Lake,D,6.4,6.7,845.0,4.0,3.24,527.8260869565217,9400.0,37.29577464788733,180.0,20.0,180.0,96.0,44.0,13.72,0.4,124.0,68.0,56.0,34.3,96.0,566.0,30.0,1.1027272727272728,0.5,8.0,0.3475,61.0,3.75,0.44,2025.0
Arakere Lake,ARK,2023-08-16,12.8944,77.5989,,,,,,,,,,,,,,,,08/23,3615.0,ARAKERE LAKE,"D (Propagation of wild life,fisheries)",5.7,7.8,332.0,5.0,1.0,470.0,16000.0,5.352380952380953,96.0,5.0,96.0,40.0,48.0,4.120952380952382,0.4,100.0,56.0,44.0,12.0,19.0,224.0,19.257142857142856,0.3,0.5,10.0,0.22,41.0,1.8751428571428568,0.4595238095238095,2023.0
Arakere Lake,ARK,2023-10-10,12.8944,77.5989,,,,,,,,,,,,,,,,10/23,3615.0,ARAKERE LAKE,"D (Propagation of wild life,fisheries)",4.2,7.6,786.0,8.0,3.0,6300.0,54000.0,3.0,176.0,5.0,110.66666666666669,82.66666666666667,88.0,10.478663793103449,0.89,180.0,96.0,84.0,9.333333333333334,69.0,534.0,69.93013100436681,0.56,0.5,5.0,0.39,44.0,2.0,1.72,2023.0
Arakere Lake,ARK,2023-12-24,12.8944,77.5989,,,,,,,,,,,,,,,,12/23,3615.0,ARAKERE LAKE,"E (Irrigation, industrial cooling and controlled waste)",3.0,7.0,448.0,29.0,2.0,4600.0,35000.0,3.0,84.0,5.0,84.0,56.0,172.0,3.7,2.9,104.0,56.0,48.0,17.0,43.0,308.0,34.0,0.2,0.5,20.0,0.27,42.0,2.0,0.15,2023.0
Arakere Lake,ARK,2024-03-03,12.8944,77.5989,,,,,,,,,,,,,,,,03/24,3615.0,Arakere Lake,"E (Irrigation, industrial cooling and controlled waste)",3.4,8.2,669.0,12.0,1.6,3300.0,11000.0,3.0,192.0,5.0,192.0,132.0,147.0,1.5,0.9,172.0,92.0,80.0,20.0,70.0,456.0,66.0,1.01,0.5,7.0,0.27,46.0,2.0,3.12,2024.0
Arakere Lake,ARK,2024-04-02,12.8944,77.5989,,,,,,,,,,,,,,,,04/24,3615.0,Arakere Lake,"D (Propagation of wild life,fisheries)",4.9,7.5,389.0,6.0,0.8,2100.0,9400.0,3.0,164.0,5.0,164.0,68.0,75.0,1.5,0.42,136.0,72.0,64.0,11.666666666666666,43.0,288.0,10.0,0.2,0.5,5.0,0.38,39.0,1.4,0.05,2024.0
Arakere Lake,ARK,2024-05-02,12.8944,77.5989,,,,,,,,,,,,,,,,05/24,3615.0,Arakere Lake,"E (Irrigation, industrial cooling and controlled waste)",3.2,7.7,509.0,25.0,1.8,260.0,3500.0,3.0,96.0,5.0,96.0,64.0,168.0,1.5,1.0,84.0,48.0,36.0,16.0,62.0,340.0,88.0,0.41,0.5,17.0,0.28,56.0,3.0,1.0,2024.0
Arakere Lake,ARK,2024-06-01,12.8944,77.5989,,,,,,,,,,,,,,,,06/24,3615.0,Arakere Lake,"E (Irrigation, industrial cooling and controlled waste)",3.8,7.7,634.0,16.0,2.3,1700.0,13000.0,3.0,116.0,5.0,116.0,76.0,108.0,1.5,4.1,152.0,80.0,72.0,22.0,73.0,432.0,36.0,0.3,0.5,14.0,0.23,48.0,2.6,0.7,2024.0
Arakere Lake,ARK,2024-09-19,12.8944,77.5989,,,,,,,,,,,,,,,,09/24,3615.0,Arakere Lake,"D (Propagation of wild life,fisheries)",4.8,7.4,973.0,5.0,4.0,170.0,2400.0,3.0,248.0,5.0,248.0,176.0,44.0,1.5,0.65,208.0,108.0,24.0,100.0,98.0,678.0,80.0,2.7,0.5,26.0,0.29,51.0,3.0,7.2,2024.0
Arakere Lake,ARK,2024-12-08,12.8944,77.5989,,,,,,,,,,,,,,,,12/24,3615.0,Arakere Lake,"D (Propagation of wild life,fisheries)",6.3,7.5,598.0,6.0,3.4,310.0,3500.0,3.0,140.0,5.0,140.0,108.0,63.0,1.5,0.4,160.0,84.0,76.0,20.0,58.0,408.0,14.0,0.2,0.5,8.0,0.2,42.0,2.0,0.05,2024.0
Arakere Lake,ARK,2025-01-07,12.8944,77.5989,,,,,,,,,,,,,,,,01/25,3615.0,Arakere Lake,"D (Propagation of wild life,fisheries)",5.2,7.2,1105.0,12.0,4.2,310.0,2800.0,3.0,212.0,5.0,212.0,228.0,130.0,1.5,0.4,196.0,104.0,92.0,48.0,150.0,752.0,22.0,0.3,0.5,29.0,0.25,58.0,4.7,0.7,2025.0
Arakere Lake,ARK,2025-02-01,12.8944,77.5989,,,,,,,,,,,,,,,,02/25,3615.0,Arakere Lake,"D (Propagation of wild life,fisheries)",4.6,8.0,766.0,5.0,2.94,110.0,2400.0,3.0,136.0,5.0,136.0,100.0,62.0,1.5,0.4,104.0,66.0,38.0,6.0,84.0,522.0,10.0,0.2,0.5,17.0,0.2,59.0,3.58,0.32,2025.0
Arakere Lake,ARK,2025-03-08,12.8944,77.5989,,,,,,,,,,,,,,,,03/25,3615.0,Arakere Lake,"D (Propagation of wild life,fisheries)",4.7,8.2,732.0,8.0,2.81,480.0,3500.0,3.0,144.0,5.0,144.0,104.0,81.0,1.5,0.4,216.0,140.0,76.0,7.256410256410256,91.0,502.0,66.0,0.2,0.5,22.0,0.35,45.0,2.69,0.05,2025.0
Arakere Lake,ARK,2025-04-04,12.8944,77.5989,0.1274489212684335,0.1510194408674313,0.1630342586760334,0.1902890472670961,0.2211745961355717,0.2374795128990249,0.2284058494351178,0.2641122338366241,0.2296006722275016,-0.2047102233477932,-0.2831319354217826,0.1004623480428187,0.0297901796557206,1.068604567307146,1.299545223560609,04/25,3615.0,Arakere Lake,"D (Propagation of wild life,fisheries)",5.9,7.5,1448.0,6.0,5.84,220.0,1300.0,3.0,160.0,5.0,160.0,308.0,72.0,1.5,0.43,180.0,96.0,84.0,66.0,33.0,992.0,10.0,0.2,0.5,11.0,0.65,60.0,4.31,0.05,2025.0
Arakere Lake,ARK,2025-05-07,12.8944,77.5989,0.1339784711223736,0.159329134196686,0.1721644421255142,0.1969082673424136,0.2345993524091086,0.2558823707457852,0.2489624150916834,0.2712610319220078,0.2453987822475628,-0.221334459997942,-0.2688777072883191,0.0820836595782385,0.0366573470076276,1.0805280922693798,1.2238419451870397,05/25,3615.0,Arakere Lake,D,5.9,8.1,524.0,5.0,2.0,240.0,3500.0,3.0,92.0,5.0,92.0,48.0,60.0,1.5,0.91,96.0,56.0,40.0,49.0,68.0,356.0,10.0,0.2,0.5,9.0,0.46,58.0,3.0,0.39,2025.0
Arakere Lake,ARK,2025-06-06,12.8944,77.5989,,,,,,,,,,,,,,,,06/25,3615.0,Arakere Lake,D,4.5,7.8,732.0,8.0,2.9,240.0,1700.0,3.0,112.0,5.0,112.0,120.0,96.0,1.5,0.4,124.0,68.0,56.0,35.0,85.0,494.0,12.0,0.2,0.5,11.0,0.37,60.0,3.0,0.05,2025.0
Arakere Lake,ARK,2025-11-10,12.8944,77.5989,,,,,,,,,,,,,,,,11/25,3615.0,Arakere Lake,D,5.8,6.8,326.0,5.0,1.3,1044.927536231884,9400.0,30.08450704225352,56.0,20.0,56.0,48.0,56.0,10.045454545454543,0.48,88.0,48.0,40.0,13.0,30.0,220.0,14.0,0.37,0.5,6.0,0.31,40.0,1.38,0.485,2025.0
Basavanapura Lake,BSV,2023-08-16,12.9985,77.6808,,,,,,,,,,,,,,,,08/23,4542.0,BASAVANAPURA LAKE,"D (Propagation of wild life,fisheries)",5.7,7.8,310.0,5.0,1.0,4000.0,54000.0,4.980952380952381,92.0,5.0,92.0,40.0,64.0,4.212380952380952,0.4,96.0,56.0,40.0,11.0,34.0,208.0,18.742857142857144,0.3,0.5,10.0,0.2,41.0,1.8948571428571428,0.4738095238095238,2023.0
Basavanapura Lake,BSV,2023-10-10,12.9985,77.6808,,,,,,,,,,,,,,,,10/23,4542.0,BASAVANAPURA LAKE,"D (Propagation of wild life,fisheries)",5.7,6.5,540.0,5.0,2.0,4300.0,92000.0,3.0,124.0,5.0,124.0,68.0,64.0,10.010560344827589,0.49,132.0,72.0,60.0,12.0,52.0,372.0,78.52401746724891,0.91,0.5,13.0,0.2,43.0,2.0,3.0,2023.0
Basavanapura Lake,BSV,2023-12-24,12.9985,77.6808,,,,,,,,,,,,,,,,12/23,4542.0,BASAVANAPURA LAKE,"D (Propagation of wild life,fisheries)",5.7,7.8,409.0,5.0,1.0,580.0,9200.0,3.0,80.0,5.0,80.0,56.0,60.0,1.5,0.4,88.0,52.0,36.0,25.0,65.0,276.0,22.0,0.2,0.5,16.0,0.22,57.0,3.0,0.35,2023.0
Basavanapura Lake,BSV,2024-03-03,12.9985,77.6808,,,,,,,,,,,,,,,,03/24,4542.0,Basavanapura Lake,"D (Propagation of wild life,fisheries)",4.4,7.4,641.0,8.0,1.1,11000.0,33000.0,3.0,148.0,5.0,148.0,100.0,83.0,1.5,0.4,192.0,104.0,88.0,23.0,60.0,370.0,68.0,0.2,0.5,8.0,0.32,39.0,2.0,0.05,2024.0
Basavanapura Lake,BSV,2024-06-01,12.9985,77.6808,,,,,,,,,,,,,,,,06/24,4542.0,Basavanapura Lake,"D (Propagation of wild life,fisheries)",4.2,7.4,591.0,9.0,2.0,1300.0,4900.0,3.0,104.0,5.0,104.0,96.0,84.0,1.5,0.89,100.0,56.0,44.0,18.0,66.0,402.0,48.0,0.2,0.5,18.0,0.24,54.0,2.9,0.4,2024.0
Basavanapura Lake,BSV,2024-09-19,12.9985,77.6808,,,,,,,,,,,,,,,,09/24,4542.0,Basavanapura Lake,"E (Irrigation, industrial cooling and controlled waste)",1.5,7.1,1140.0,20.0,8.6,260.0,9200.0,3.0,356.0,5.0,356.0,204.0,156.0,19.0,14.0,392.0,200.0,192.0,48.0,114.0,782.0,30.0,0.2,0.5,19.3,0.29,37.0,2.5,0.7,2024.0
Basavanapura Lake,BSV,2024-12-08,12.9985,77.6808,,,,,,,,,,,,,,,,12/24,4542.0,Basavanapura Lake,"D (Propagation of wild life,fisheries)",4.4,7.0,908.0,5.0,3.5,170.0,3500.0,3.0,208.0,5.0,208.0,152.0,58.0,1.5,0.56,248.0,128.0,120.0,37.0,89.0,618.0,10.0,0.22,0.5,18.0,0.2,42.0,2.46,0.62,2024.0
Basavanapura Lake,BSV,2025-03-08,12.9985,77.6808,,,,,,,,,,,,,,,,03/25,4542.0,Basavanapura Lake,"D (Propagation of wild life,fisheries)",5.8,6.7,396.0,5.0,1.3,930.0,4900.0,3.0,88.0,5.0,88.0,68.0,60.0,1.5,0.55,104.0,60.0,44.0,5.589743589743589,61.0,266.0,74.0,0.2,0.5,11.0,0.28,53.0,3.0,0.05,2025.0
Basavanapura Lake,BSV,2025-04-04,12.9985,77.6808,0.0866296150327257,0.1196748896189506,0.1313224714932346,0.1793484587233443,0.2682966042649026,0.2972037933703992,0.2914653916531775,0.2999661974804699,0.2179408297557886,-0.4126597756277788,-0.4316859835538781,0.1684543754900697,0.0388354730223966,1.0861733461786227,1.4549632730508109,04/25,4542.0,Basavanapura Lake,"D (Propagation of wild life,fisheries)",5.3,6.8,646.0,5.0,2.6,220.0,1200.0,3.0,140.0,5.0,140.0,92.0,60.0,1.5,0.4,112.0,60.0,52.0,7.0,55.0,442.0,10.0,0.37,0.5,4.0,0.22,50.0,2.27,1.04,2025.0
Basavanapura Lake,BSV,2025-05-07,12.9985,77.6808,0.0929644626645083,0.127626194442524,0.1394810891060084,0.1854157013160672,0.2799692131747484,0.3165828137096207,0.3145387289745934,0.3041007460060524,0.2322226370610175,-0.4200904134783405,-0.4120700975712603,0.1545212149282954,0.0381396600140803,1.0824810313212818,1.407722260706941,05/25,4542.0,Basavanapura Lake,D,5.2,7.2,617.0,5.0,2.4,43.0,1600.0,3.0,128.0,5.0,128.0,84.0,50.0,1.5,0.6,112.0,64.0,48.0,7.0,74.0,420.0,30.0,0.2,0.5,21.0,0.44,53.0,3.0,0.05,2025.0
Basavanapura Lake,BSV,2025-06-06,12.9985,77.6808,,,,,,,,,,,,,,,,06/25,4542.0,Basavanapura Lake,D,5.2,7.1,556.0,10.0,2.1,2100.0,9400.0,3.0,144.0,5.0,144.0,104.0,108.0,2.0,1.5,100.0,52.0,48.0,9.0,73.0,384.0,22.0,0.2,0.5,4.0,0.36,60.0,3.2,0.18,2025.0
Basavanapura Lake,BSV,2025-11-10,12.9985,77.6808,,,,,,,,,,,,,,,,11/25,4542.0,Basavanapura Lake,D,5.9,6.8,330.0,6.0,1.33,3242.608695652174,4300.0,27.0,100.0,20.0,100.0,44.0,60.0,4.6000000000000005,0.4,112.0,60.0,52.0,9.0,26.0,224.0,29.0,0.484,0.5,2.0,0.26,33.0,1.07,0.302,2025.0
Begur Tank,BGR,2023-08-16,12.874,77.622,,,,,,,,,,,,,,,,08/23,3619.0,BEGUR TANK,"D (Propagation of wild life,fisheries)",5.4,7.7,825.0,6.0,3.0,4300.0,92000.0,5.476190476190476,140.0,5.0,140.0,152.0,56.0,4.09047619047619,0.4,164.0,88.0,76.0,35.0,98.0,554.0,19.42857142857143,0.29,0.5,25.0,0.35,41.0,1.8685714285714283,0.4547619047619048,2023.0
Begur Tank,BGR,2023-10-10,12.874,77.622,,,,,,,,,,,,,,,,10/23,3619.0,BEGUR TANK,"D (Propagation of wild life,fisheries)",4.1,7.7,791.0,9.0,3.0,9400.0,92000.0,3.0,144.0,5.0,144.0,132.0,84.0,10.361637931034483,0.99,100.0,56.0,44.0,6.0,71.0,538.0,72.07860262008734,0.2,0.5,6.0,0.35,58.0,3.0,0.05,2023.0
Begur Tank,BGR,2023-12-24,12.874,77.622,,,,,,,,,,,,,,,,12/23,3619.0,BEGUR TANK,"E (Irrigation, industrial cooling and controlled waste)",2.5,6.9,540.0,35.0,2.0,790.0,9200.0,3.0,120.0,5.0,120.0,92.0,184.0,3.9,3.0,124.0,68.0,56.0,32.0,43.0,372.0,50.0,0.2,0.5,20.0,0.25,38.0,2.0,0.31,2023.0
Begur Tank,BGR,2024-03-03,12.874,77.622,,,,,,,,,,,,,,,,03/24,3619.0,Begur Tank,"E (Irrigation, industrial cooling and controlled waste)",3.5,7.28,998.0,11.0,2.3,1700.0,7900.0,3.0,200.0,5.0,200.0,156.0,103.0,1.5,0.61,244.0,128.0,116.0,31.0,92.0,680.0,18.0,0.2,0.5,8.0,0.42,44.0,3.0,0.05,2024.0
Begur Tank,BGR,2024-04-02,12.874,77.622,,,,,,,,,,,,,,,,04/24,3619.0,Begur Tank,"D (Propagation of wild life,fisheries)",5.4,7.2,1274.0,7.0,2.95,930.0,4900.0,3.0,172.0,5.0,172.0,164.0,75.0,1.5,3.06,192.0,100.0,92.0,19.0,102.0,860.0,12.0,0.98,0.5,15.0,0.3,51.0,3.2,3.0,2024.0
Begur Tank,BGR,2024-05-02,12.874,77.622,,,,,,,,,,,,,,,,05/24,3619.0,Begur Tank,"E (Irrigation, industrial cooling and controlled waste)",1.6,7.4,1832.0,17.0,6.4,2100.0,11000.0,3.0,148.0,5.0,148.0,328.0,144.0,2.5,1.8,164.0,88.0,76.0,34.0,204.0,1208.0,44.0,0.42,0.5,41.0,0.48,67.0,7.0,1.0,2024.0
Begur Tank,BGR,2024-06-01,12.874,77.622,,,,,,,,,,,,,,,,06/24,3619.0,Begur Tank,"E (Irrigation, industrial cooling and controlled waste)",2.6,7.5,1616.0,39.0,5.6,2600.0,17000.0,3.0,84.0,5.0,84.0,304.0,208.0,6.1,4.6,172.0,92.0,80.0,75.0,199.0,1068.0,52.0,0.28,0.5,35.0,0.44,68.0,7.0,0.78,2024.0
Begur Tank,BGR,2024-09-19,12.874,77.622,,,,,,,,,,,,,,,,09/24,3619.0,Begur Tank,"D (Propagation of wild life,fisheries)",6.0,7.5,880.0,4.0,3.0,210.0,3500.0,3.0,96.0,5.0,96.0,172.0,44.0,1.5,0.4,108.0,60.0,48.0,46.0,118.0,592.0,24.0,0.2,0.5,26.0,0.39,60.0,5.0,0.32,2024.0
Begur Tank,BGR,2024-12-08,12.874,77.622,,,,,,,,,,,,,,,,12/24,3619.0,Begur Tank,"D (Propagation of wild life,fisheries)",6.4,7.3,1148.0,4.0,4.4,33.0,1600.0,3.0,264.0,5.0,264.0,192.0,40.0,1.5,0.4,312.0,160.0,152.0,47.0,106.0,784.0,10.0,0.2,0.5,23.0,0.38,40.0,2.62,0.54,2024.0
Begur Tank,BGR,2025-01-07,12.874,77.622,,,,,,,,,,,,,,,,01/25,3619.0,Begur Tank,"D (Propagation of wild life,fisheries)",5.9,7.3,1118.0,10.0,4.0,260.0,5400.0,3.0,196.0,5.0,196.0,220.0,111.0,1.5,0.4,212.0,108.0,104.0,47.0,151.0,772.0,10.0,0.2,0.5,30.0,0.23,57.0,4.5,0.23,2025.0
Begur Tank,BGR,2025-02-01,12.874,77.622,,,,,,,,,,,,,,,,02/25,3619.0,Begur Tank,"D (Propagation of wild life,fisheries)",7.0,7.3,1273.0,4.0,4.9,460.0,2800.0,3.0,176.0,5.0,176.0,224.0,41.0,1.5,0.4,244.0,128.0,116.0,64.0,159.0,866.0,18.0,0.2,0.5,32.0,0.22,55.0,4.4,0.3,2025.0
Begur Tank,BGR,2025-03-08,12.874,77.622,,,,,,,,,,,,,,,,03/25,3619.0,Begur Tank,"D (Propagation of wild life,fisheries)",5.3,7.4,724.0,12.0,2.5,93.0,700.0,3.0,240.0,5.0,240.0,132.0,121.0,1.5,0.74,236.0,120.0,116.0,7.17948717948718,88.0,500.0,10.0,1.1,0.5,10.0,0.27,43.0,2.5,2.6,2025.0
Begur Tank,BGR,2025-04-04,12.874,77.622,0.1098539750131973,0.1486438083825408,0.1839260882600164,0.2287111631180715,0.2839325145169806,0.3090464578567659,0.3011147562906918,0.353559609361253,0.272885109977125,-0.3511656281735041,-0.4210256709447711,0.1239111207297989,0.1055219973119119,1.244778875841552,1.309737822967866,04/25,3619.0,Begur Tank,"D (Propagation of wild life,fisheries)",6.1,7.4,1415.0,5.0,5.71,340.0,3500.0,3.0,132.0,5.0,132.0,312.0,48.0,1.5,0.4,164.0,88.0,76.0,50.0,126.0,968.0,10.0,0.2,0.5,11.0,0.54,61.0,4.27,0.33,2025.0
Begur Tank,BGR,2025-05-07,12.874,77.622,0.1195892732711595,0.1622257360585785,0.205139743920449,0.2417908745380959,0.2839955622030617,0.3117738799929614,0.3051315678338905,0.3722952278726026,0.3188839943691713,-0.3119598859376177,-0.3989995359293041,0.0939743463990675,0.1090153400882362,1.2537769135861,1.2258262774620547,05/25,3619.0,Begur Tank,D,5.1,7.7,1446.0,9.0,5.6,340.0,2400.0,3.0,180.0,5.0,180.0,304.0,89.0,1.5,0.61,228.0,120.0,108.0,68.0,174.0,984.0,18.0,0.2,0.5,43.0,0.72,57.0,5.0,0.36,2025.0
Begur Tank,BGR,2025-06-06,12.874,77.622,0.1464413513989091,0.1963583385587241,0.2380845262860928,0.2760524582086928,0.3255874538096074,0.3541475840225231,0.3431209079711418,0.3817376808023932,0.3207331902164348,-0.2725806000655832,-0.3251706442401527,0.0805843383648013,0.0928272503552104,1.212742479092118,1.1905453349727737,06/25,3619.0,Begur Tank,E,2.1,7.7,1305.0,30.0,5.0,210.0,1700.0,3.0,196.0,5.0,196.0,324.0,210.0,14.1,10.7,204.0,104.0,100.0,55.0,207.0,894.0,30.0,0.2,0.5,4.0,0.63,68.0,6.3,0.2,2025.0
Begur Tank,BGR,2025-11-10,12.874,77.622,,,,,,,,,,,,,,,,11/25,3619.0,Begur Tank,D,5.7,7.1,329.0,6.0,1.2,1174.2028985507247,3500.0,28.281690140845072,64.0,20.0,64.0,52.0,60.0,8.481818181818182,0.4,92.0,52.0,40.0,12.0,32.0,224.0,28.0,0.9766666666666668,0.5,7.0,0.4333333333333333,40.0,1.45,1.205,2025.0
Bellandur Lake,BLR,2023-08-16,12.9265,77.6434,,,,,,,,,,,,,,,,08/23,3602.0,BELLANDUR LAKE,"E (Irrigation, industrial cooling and controlled waste)",0.3,6.9,1186.0,18.0,2.8,3300.0,35000.0,7.952380952380952,328.0,5.0,328.0,208.0,192.0,3.480952380952381,2.16,256.0,136.0,120.0,16.0,132.0,810.0,22.857142857142858,0.56,0.5,12.0,0.21,41.0,1.737142857142857,0.3595238095238096,2023.0
Bellandur Lake,BLR,2023-10-10,12.9265,77.6434,,,,,,,,,,,,,,,,10/23,3602.0,BELLANDUR LAKE,"E (Irrigation, industrial cooling and controlled waste)",1.9,7.1,997.0,51.0,4.0,340000.0,2400000.0,3.0,344.0,5.0,344.0,92.0,212.0,9.50344827586207,14.6,320.0,164.0,156.0,31.0,66.0,686.0,87.83406113537117,0.6,0.5,26.0,0.3,29.0,2.0,1.27,2023.0
Bellandur Lake,BLR,2023-12-24,12.9265,77.6434,,,,,,,,,,,,,,,,12/23,3602.0,BELLANDUR LAKE,"D (Propagation of wild life,fisheries)",4.2,7.5,1061.0,7.0,4.1,2200.0,24000.0,3.0,348.0,5.0,348.0,116.0,68.0,1.5,0.9,428.0,220.0,208.0,10.0,112.0,734.0,10.0,1.6,0.5,31.0,0.44,34.0,2.4,2.6,2023.0
Bellandur Lake,BLR,2024-03-03,12.9265,77.6434,,,,,,,,,,,,,,,,03/24,3602.0,Bellandur Lake,"D (Propagation of wild life,fisheries)",4.4,7.1,646.0,8.0,2.3,2200.0,13000.0,3.0,84.0,5.0,84.0,100.0,96.0,1.5,0.4,96.0,56.0,40.0,38.0,78.0,432.0,40.0,0.26,0.5,21.0,0.34,58.0,3.0,0.66,2024.0
Bellandur Lake,BLR,2024-04-02,12.9265,77.6434,,,,,,,,,,,,,,,,04/24,3602.0,Bellandur Lake,"E (Irrigation, industrial cooling and controlled waste)",0.3,7.7,1322.0,27.0,5.8,7800.0,23000.0,3.0,300.0,5.0,300.0,184.0,182.0,2.6,2.0,356.0,184.0,172.0,73.0,175.0,902.0,28.0,2.2,0.5,33.0,0.23,49.0,5.6,7.6,2024.0
Bellandur Lake,BLR,2024-05-02,12.9265,77.6434,,,,,,,,,,,,,,,,05/24,3602.0,Bellandur Lake,"D (Propagation of wild life,fisheries)",4.1,7.2,1655.0,6.0,6.7,17000.0,49000.0,3.0,420.0,5.0,420.0,232.0,56.0,1.5,0.4,348.0,180.0,168.0,35.0,151.0,1108.0,10.0,0.22,0.5,13.0,0.2,47.0,2.0,0.52,2024.0
Bellandur Lake,BLR,2024-06-01,12.9265,77.6434,,,,,,,,,,,,,,,,06/24,3602.0,Bellandur Lake,"E (Irrigation, industrial cooling and controlled waste)",6.2,7.6,2960.0,5.0,10.31,15.0,540.0,3.0,230.0,5.0,230.0,250.0,64.0,1.5,0.4,1490.0,760.0,730.0,49.0,137.0,1928.0,10.0,0.8,0.5,152.0,0.2,15.0,2.0,2.1,2024.0
Bellandur Lake,BLR,2024-09-19,12.9265,77.6434,,,,,,,,,,,,,,,,09/24,3602.0,Bellandur Lake,"D (Propagation of wild life,fisheries)",5.0,7.2,827.0,4.0,2.8,210.0,5400.0,3.0,156.0,5.0,156.0,132.0,44.0,1.5,0.86,188.0,100.0,88.0,31.0,81.8,540.0,20.0,1.16,0.5,14.7,0.24,46.0,2.6,3.2,2024.0
Bellandur Lake,BLR,2024-12-08,12.9265,77.6434,,,,,,,,,,,,,,,,12/24,3602.0,Bellandur Lake,"D (Propagation of wild life,fisheries)",5.7,6.7,435.0,4.0,1.7,1700.0,12000.0,3.0,96.0,5.0,96.0,68.0,41.0,1.5,0.4,116.0,60.0,56.0,18.0,35.0,298.0,10.0,0.2,0.5,8.0,0.26,37.0,1.42,0.05,2024.0
Bellandur Lake,BLR,2025-01-07,12.9265,77.6434,,,,,,,,,,,,,,,,01/25,3602.0,Bellandur Lake,"D (Propagation of wild life,fisheries)",6.5,7.4,506.0,4.0,1.94,1200.0,7900.0,3.0,144.0,5.0,144.0,52.0,37.0,1.5,0.4,148.0,88.0,60.0,5.0,50.0,342.0,18.0,0.2,0.5,12.0,0.2,40.0,1.8,0.35,2025.0
Bellandur Lake,BLR,2025-02-01,12.9265,77.6434,,,,,,,,,,,,,,,,02/25,3602.0,Bellandur Lake,"E (Irrigation, industrial cooling and controlled waste)",3.2,6.9,1120.0,20.0,3.9,210.0,2200.0,3.0,360.0,5.0,360.0,92.0,144.0,2.0,1.3,324.0,168.0,156.0,31.0,85.0,738.0,150.0,0.2,0.5,9.0,0.21,35.0,2.0,0.58,2025.0
Bellandur Lake,BLR,2025-03-08,12.9265,77.6434,,,,,,,,,,,,,,,,03/25,3602.0,Bellandur Lake,"D (Propagation of wild life,fisheries)",6.0,7.0,683.0,4.0,2.3,3900.0,21000.0,3.0,188.0,5.0,188.0,108.0,40.0,1.5,0.5,168.0,92.0,76.0,7.589743589743589,106.0,464.0,18.0,0.2,0.5,24.0,0.33,54.0,4.0,0.05,2025.0
Bellandur Lake,BLR,2025-04-04,12.9265,77.6434,0.0241746014428998,0.0460329227409726,0.0360073764261612,0.0699905894773887,0.1417450783037127,0.1637904487066691,0.1636715396797466,0.1372554425479501,0.079330466303009,-0.3037167216561229,-0.413551370136803,0.2667884494661434,-0.1613834851949072,0.7371161507682928,1.9736657957788128,04/25,3602.0,Bellandur Lake,"E (Irrigation, industrial cooling and controlled waste)",2.9,7.8,998.0,9.0,3.83,170.0,2200.0,3.0,128.0,5.0,128.0,164.0,87.0,1.5,0.4,132.0,76.0,56.0,76.0,94.0,684.0,10.0,0.2,0.5,22.0,0.35,56.0,3.55,0.48,2025.0
Bellandur Lake,BLR,2025-05-07,12.9265,77.6434,0.0422531268696111,0.0633234664952484,0.0523607217593499,0.0854066760513813,0.1605677951786029,0.1892629843392576,0.1893113320429351,0.1554463382016541,0.0994407214499384,-0.3532669879472859,-0.3560645852574302,0.2199208294804378,-0.1126306205108966,0.8068104086845634,1.6609521506380658,05/25,3602.0,Bellandur Lake,D,5.5,7.5,876.0,5.0,3.5,43.0,1600.0,3.0,200.0,5.0,200.0,152.0,58.0,1.5,0.4,200.0,104.0,96.0,8.0,97.0,596.0,14.0,0.3,0.5,8.0,0.28,50.0,3.0,1.0,2025.0
Bellandur Lake,BLR,2025-06-06,12.9265,77.6434,,,,,,,,,,,,,,,,06/25,3602.0,Bellandur Lake,D,6.0,7.6,814.0,5.0,3.1,310.0,2800.0,3.0,116.0,5.0,116.0,144.0,56.0,1.5,0.4,132.0,68.0,64.0,18.0,90.0,542.0,10.0,0.2,0.5,2.0,0.21,59.0,3.5,0.29,2025.0
Bellandur Lake,BLR,2025-11-10,12.9265,77.6434,,,,,,,,,,,,,,,,11/25,3602.0,Bellandur Lake,E,2.4,7.4,922.0,30.0,3.71,624.7826086956522,1500.0,35.943661971830984,208.0,20.0,208.0,124.0,232.0,10.0,8.0,212.0,112.0,100.0,34.0,80.0,634.0,92.66666666666666,1.37,0.5,7.0,0.56,44.0,2.39,3.95,2025.0
Bhattarahalli Lake,BTH,2023-08-16,13.0116,77.7116,,,,,,,,,,,,,,,,08/23,4515.0,BHATTARAHALLI LAKE,"D (Propagation of wild life,fisheries)",4.8,7.7,815.0,7.0,2.14,310.0,9200.0,6.714285714285714,132.0,5.0,132.0,144.0,60.0,3.785714285714286,0.4,92.0,52.0,40.0,18.0,94.0,552.0,21.142857142857142,0.2,0.5,19.0,0.36,41.0,1.802857142857143,0.4071428571428571,2023.0
Bhattarahalli Lake,BTH,2023-10-10,13.0116,77.7116,,,,,,,,,,,,,,,,10/23,4515.0,BHATTARAHALLI LAKE,"D (Propagation of wild life,fisheries)",6.1,8.0,758.0,4.0,3.0,460.0,5400.0,3.0,120.0,5.0,120.0,148.0,44.0,10.79073275862069,0.4,144.0,80.0,64.0,20.0,92.0,516.0,64.2008733624454,0.2,0.5,17.0,0.51,55.0,3.0,0.49,2023.0
Bhattarahalli Lake,BTH,2023-12-24,13.0116,77.7116,,,,,,,,,,,,,,,,12/23,4515.0,BHATTARAHALLI LAKE,"D (Propagation of wild life,fisheries)",4.6,7.7,816.0,7.0,3.0,4000.0,35000.0,3.0,116.0,5.0,116.0,136.0,64.0,1.5,0.41,128.0,68.0,60.0,52.0,71.0,554.0,10.0,0.2,0.5,8.0,0.32,52.0,25.0,0.05,2023.0
Bhattarahalli Lake,BTH,2024-03-03,13.0116,77.7116,,,,,,,,,,,,,,,,03/24,4515.0,Bhattarahalli Lake,"D (Propagation of wild life,fisheries)",5.9,8.5,907.0,7.0,3.6,3300.0,7900.0,40.0,84.0,20.0,124.0,176.0,60.0,1.5,0.51,80.0,44.0,36.0,34.0,73.0,616.0,20.0,0.2,0.5,6.0,0.48,64.0,4.0,0.05,2024.0
Bhattarahalli Lake,BTH,2024-04-02,13.0116,77.7116,,,,,,,,,,,,,,,,04/24,4515.0,Bhattarahalli Lake,"D (Propagation of wild life,fisheries)",4.1,8.5,1151.0,12.0,3.7,320.0,3500.0,16.0,308.0,8.0,324.0,196.0,121.0,1.5,0.99,312.0,164.0,148.0,18.0,112.0,784.0,30.0,2.1,0.5,14.0,0.9,42.0,2.8,0.76,2024.0
Bhattarahalli Lake,BTH,2024-05-02,13.0116,77.7116,,,,,,,,,,,,,,,,05/24,4515.0,Bhattarahalli Lake,"D (Propagation of wild life,fisheries)",5.3,8.3,1152.0,4.0,4.4,230.0,1700.0,32.0,248.0,16.0,264.0,192.0,46.0,1.5,0.4,312.0,160.0,152.0,47.0,106.0,760.0,10.0,0.25,0.5,23.0,0.2,40.0,2.6,0.71,2024.0
Bhattarahalli Lake,BTH,2024-06-01,13.0116,77.7116,,,,,,,,,,,,,,,,06/24,4515.0,Bhattarahalli Lake,"E (Irrigation, industrial cooling and controlled waste)",2.7,7.0,802.0,16.0,2.8,310.0,3500.0,3.0,228.0,5.0,228.0,124.0,147.0,2.99,2.3,216.0,116.0,100.0,13.0,79.0,542.0,106.0,0.32,0.5,10.0,0.35,43.0,2.3,0.9,2024.0
Bhattarahalli Lake,BTH,2024-09-19,13.0116,77.7116,,,,,,,,,,,,,,,,09/24,4515.0,Bhattarahalli Lake,"D (Propagation of wild life,fisheries)",5.7,7.5,970.0,8.0,3.9,1700.0,7900.0,3.0,152.0,5.0,152.0,176.0,88.0,1.5,0.75,124.0,68.0,56.0,33.0,69.0,650.0,26.0,0.32,0.5,20.0,0.54,50.0,3.0,0.85,2024.0
Bhattarahalli Lake,BTH,2024-12-08,13.0116,77.7116,,,,,,,,,,,,,,,,12/24,4515.0,Bhattarahalli Lake,"D (Propagation of wild life,fisheries)",5.6,7.4,620.0,9.0,2.9,63.0,920.0,3.0,216.0,5.0,216.0,104.0,80.0,1.6,1.2,176.0,96.0,80.0,21.0,68.0,422.0,16.0,0.2,0.5,6.0,0.2,44.0,2.2,0.5,2024.0
Bhattarahalli Lake,BTH,2025-01-07,13.0116,77.7116,,,,,,,,,,,,,,,,01/25,4515.0,Bhattarahalli Lake,"D (Propagation of wild life,fisheries)",6.1,7.5,921.0,5.0,3.5,310.0,3500.0,3.0,212.0,5.0,212.0,152.0,52.0,1.5,0.4,248.0,128.0,120.0,38.0,91.0,626.0,10.0,0.2,0.5,18.0,0.2,42.0,2.52,0.24,2025.0
Bhattarahalli Lake,BTH,2025-02-01,13.0116,77.7116,,,,,,,,,,,,,,,,02/25,4515.0,Bhattarahalli Lake,"D (Propagation of wild life,fisheries)",6.8,8.0,965.0,5.0,3.7,17.0,1600.0,3.0,156.0,5.0,156.0,176.0,50.0,1.5,0.78,104.0,56.0,48.0,21.0,108.0,656.0,10.0,0.2,0.5,17.0,0.37,65.0,4.6,0.3,2025.0
Bhattarahalli Lake,BTH,2025-03-08,13.0116,77.7116,,,,,,,,,,,,,,,,03/25,4515.0,Bhattarahalli Lake,"E (Irrigation, industrial cooling and controlled waste)",3.3,7.0,892.0,7.0,3.42,330.0,4300.0,3.0,128.0,5.0,128.0,164.0,70.0,1.5,0.59,172.0,104.0,68.0,6.153846153846154,110.0,592.0,18.0,0.2,0.5,22.0,0.51,54.0,3.65,0.05,2025.0
Bhattarahalli Lake,BTH,2025-04-04,13.0116,77.7116,0.0576621071893584,0.0943902803603089,0.1002869728217079,0.1524328852447478,0.2646985044163705,0.294661927719323,0.2906301368898898,0.2770052996445789,0.1836978604356545,-0.5075800797200145,-0.497786648034619,0.2306213775458671,0.0087140688538956,1.0334409800641613,1.6630210209837386,04/25,4515.0,Bhattarahalli Lake,"D (Propagation of wild life,fisheries)",5.8,8.1,806.0,7.0,0.3,170.0,2400.0,3.0,136.0,5.0,136.0,172.0,79.0,1.5,0.4,112.0,64.0,48.0,8.0,114.0,550.0,10.0,0.2,0.5,24.0,0.48,63.0,4.9,0.2,2025.0
Bhattarahalli Lake,BTH,2025-05-07,13.0116,77.7116,0.0674494633494035,0.1058035228804797,0.1077523107275381,0.1614964281943905,0.3039889010099586,0.3500082943308582,0.3483751346025268,0.2960518105359467,0.2067056867368124,-0.5380629732616284,-0.4822906514831563,0.2211071264880012,-0.0077811813090461,0.992924048477916,1.6118501085695456,05/25,4515.0,Bhattarahalli Lake,D,4.9,8.5,733.0,15.0,2.8,140.0,2400.0,32.0,124.0,16.0,140.0,168.0,156.0,1.7,1.3,84.0,44.0,40.0,9.8,98.0,506.0,36.0,0.3,0.5,2.0,0.22,70.0,4.6,0.71,2025.0
Bhattarahalli Lake,BTH,2025-06-06,13.0116,77.7116,0.0773089171974522,0.1196074531582954,0.1054145405653343,0.1705378048351338,0.3589775380933948,0.4147687335045923,0.4083902136045326,0.2748067037336805,0.1816590174895308,-0.5497107849951858,-0.4017996125959348,0.2524769315404593,-0.0762827351074278,0.8632371696832729,1.707816428856474,06/25,4515.0,Bhattarahalli Lake,D,5.9,8.2,811.0,5.0,3.4,310.0,2800.0,3.0,116.0,5.0,116.0,152.0,64.0,1.5,0.4,84.0,48.0,19.0,15.0,100.0,542.0,10.0,0.2,0.5,16.0,0.53,67.0,5.0,0.05,2025.0
Bhattarahalli Lake,BTH,2025-11-10,13.0116,77.7116,,,,,,,,,,,,,,,,11/25,4515.0,Bhattarahalli Lake,E,2.7,7.3,754.0,21.0,2.9,2402.3188405797105,2400.0,11.154929577464788,240.0,20.0,240.0,100.0,140.0,14.0,11.0,188.0,96.0,92.0,19.0,87.0,520.0,14.0,1.2,0.5,10.0,0.38,49.0,2.8,2.9,2025.0
Byrasandra Tank,BYT,2023-10-10,12.9638,77.5875,,,,,,,,,,,,,,,,10/23,3595.0,BYRASANDRA TANK,"D (Propagation of wild life,fisheries)",5.1,6.9,500.0,7.0,2.0,4300.0,92000.0,3.0,116.0,5.0,116.0,36.0,88.0,11.804956896551724,0.4,132.0,72.0,60.0,25.0,39.0,338.0,45.58078602620088,0.52,0.5,13.0,0.2,36.0,1.4,1.42,2023.0
Byrasandra Tank,BYT,2023-12-24,12.9638,77.5875,,,,,,,,,,,,,,,,12/23,3595.0,BYRASANDRA TANK,"E (Irrigation, industrial cooling and controlled waste)",3.1,6.9,459.0,16.0,2.0,7000.0,92000.0,3.0,100.0,5.0,100.0,40.0,112.0,2.26,1.7,112.0,64.0,48.0,19.0,49.0,312.0,24.0,0.5,0.5,13.0,0.2,45.0,2.0,1.2,2023.0
Byrasandra Tank,BYT,2024-03-03,12.9638,77.5875,,,,,,,,,,,,,,,,03/24,3595.0,Byrasandra Tank,"D (Propagation of wild life,fisheries)",5.4,8.5,385.0,6.0,1.4,3100.0,17000.0,8.0,72.0,5.0,80.0,52.0,56.0,1.5,0.4,64.0,40.0,24.0,22.0,53.0,270.0,194.0,0.2,0.5,15.0,0.2,58.0,3.0,0.05,2024.0
Byrasandra Tank,BYT,2024-04-02,12.9638,77.5875,,,,,,,,,,,,,,,,04/24,3595.0,Byrasandra Tank,"D (Propagation of wild life,fisheries)",4.7,8.6,456.0,7.0,1.5,320.0,3500.0,24.0,56.0,12.0,80.0,60.0,64.0,1.5,0.43,64.0,36.0,28.0,26.0,51.0,312.0,12.0,0.3,0.5,16.0,0.2,57.0,2.8,0.7,2024.0
Byrasandra Tank,BYT,2024-05-02,12.9638,77.5875,,,,,,,,,,,,,,,,05/24,3595.0,Byrasandra Tank,"D (Propagation of wild life,fisheries)",6.2,7.8,735.0,6.3,3.6,3200.0,9400.0,3.0,256.0,5.0,256.0,116.0,54.0,1.5,0.86,252.0,132.0,120.0,19.0,111.0,434.0,12.0,0.6,0.5,30.0,0.2,45.0,0.32,1.3,2024.0
Byrasandra Tank,BYT,2024-06-01,12.9638,77.5875,,,,,,,,,,,,,,,,06/24,3595.0,Byrasandra Tank,"E (Irrigation, industrial cooling and controlled waste)",2.9,6.9,687.0,18.0,2.4,210.0,3500.0,3.0,168.0,5.0,168.0,56.0,120.0,2.4,1.8,188.0,96.0,92.0,30.0,56.0,468.0,22.0,0.3,0.5,20.0,0.2,36.0,1.8,0.7,2024.0
Byrasandra Tank,BYT,2024-09-19,12.9638,77.5875,,,,,,,,,,,,,,,,09/24,3595.0,Byrasandra Tank,"D (Propagation of wild life,fisheries)",4.8,6.6,403.0,4.0,1.5,1400.0,4600.0,3.0,88.0,5.0,88.0,64.0,45.0,1.5,0.66,104.0,56.0,48.0,16.0,39.0,272.0,96.0,0.2,0.5,8.0,0.24,42.0,2.0,0.05,2024.0
Byrasandra Tank,BYT,2024-12-08,12.9638,77.5875,,,,,,,,,,,,,,,,12/24,3595.0,Byrasandra Tank,"D (Propagation of wild life,fisheries)",6.3,7.6,423.0,4.0,1.6,3200.0,17000.0,3.0,92.0,5.0,92.0,64.0,44.0,1.5,0.4,112.0,60.0,52.0,17.0,41.0,288.0,110.0,0.2,0.5,8.0,0.21,42.0,2.0,0.05,2024.0
Byrasandra Tank,BYT,2025-01-07,12.9638,77.5875,,,,,,,,,,,,,,,,01/25,3595.0,Byrasandra Tank,"D (Propagation of wild life,fisheries)",5.4,8.5,405.0,10.0,1.5,210.0,3500.0,40.0,52.0,20.0,72.0,44.0,109.0,1.5,0.4,52.0,32.0,20.0,16.0,43.0,276.0,38.0,0.2,0.5,13.0,0.2,57.0,2.6,0.1,2025.0
Byrasandra Tank,BYT,2025-02-01,12.9638,77.5875,,,,,,,,,,,,,,,,02/25,3595.0,Byrasandra Tank,"D (Propagation of wild life,fisheries)",6.8,7.1,1419.0,5.0,5.5,400.0,2400.0,3.0,292.0,5.0,292.0,44.0,57.0,1.5,0.4,856.0,432.0,424.0,247.0,49.0,964.0,14.0,0.2,0.5,25.0,0.2,11.0,0.7,0.1,2025.0
Byrasandra Tank,BYT,2025-03-08,12.9638,77.5875,,,,,,,,,,,,,,,,03/25,3595.0,Byrasandra Tank,"D (Propagation of wild life,fisheries)",5.5,8.2,348.0,6.0,1.2,5800.0,35000.0,3.0,72.0,5.0,72.0,52.0,52.0,1.5,0.4,72.0,44.0,28.0,7.743589743589744,55.0,232.0,112.0,0.2,0.5,16.0,0.2,56.0,0.89,0.05,2025.0
Byrasandra Tank,BYT,2025-04-04,12.9638,77.5875,0.077133882435762,0.1201238649968412,0.1517002853454443,0.2011157761351636,0.3087573988032382,0.341486913058782,0.3294690214713127,0.3062135410066875,0.2387813375571982,-0.4745518630390967,-0.4631977055017918,0.2075297836884322,0.0693507324850569,1.1955619059173292,1.8252600702874744,04/25,3595.0,Byrasandra Tank,"D (Propagation of wild life,fisheries)",5.0,7.0,466.0,5.0,1.2,3100.0,17000.0,3.0,104.0,5.0,104.0,76.0,55.0,1.5,0.84,124.0,64.0,60.0,20.0,46.0,316.0,10.0,0.2,0.5,9.0,0.29,42.0,2.0,0.05,2025.0
Byrasandra Tank,BYT,2025-05-07,12.9638,77.5875,0.0858525976768743,0.1233784092365331,0.1536793690326924,0.1958986694825764,0.2982389264343541,0.336083101020767,0.3296564237944384,0.3057658746920098,0.2482612073213655,-0.4638241833212762,-0.4452112201687301,0.173419182546347,0.0726378717211503,1.191552813882901,1.573434218475345,05/25,3595.0,Byrasandra Tank,E,1.1,6.6,728.0,42.0,2.8,2600.0,11000.0,3.0,164.0,5.0,164.0,116.0,196.0,4.8,4.2,192.0,100.0,92.0,30.0,70.0,496.0,22.0,0.39,0.5,15.0,0.33,42.0,2.2,1.1,2025.0
Byrasandra Tank,BYT,2025-06-06,12.9638,77.5875,0.0831095987328404,0.1215324391072975,0.1490957229436544,0.1875852164730726,0.2785371242520238,0.3151298768039422,0.3058289968321014,0.2782939633931713,0.2260226610348468,-0.4457469959825633,-0.4199821055862061,0.1593727581743131,0.0814169569686749,1.2005817519726494,1.4847646710349385,06/25,3595.0,Byrasandra Tank,D,5.9,7.1,449.0,7.0,1.7,210.0,3500.0,3.0,160.0,5.0,160.0,48.0,74.0,1.5,0.4,140.0,72.0,68.0,14.0,43.0,310.0,10.0,0.32,0.5,2.0,0.2,39.0,1.6,0.75,2025.0
Byrasandra Tank,BYT,2025-11-10,12.9638,77.5875,,,,,,,,,,,,,,,,11/25,3595.0,Byrasandra Tank,D,5.6,7.8,454.0,7.0,1.3,398.5507246376812,3500.0,39.098591549295776,116.0,20.0,116.0,56.0,80.0,8.6,0.43,128.0,68.0,60.0,30.0,39.0,326.0,116.0,0.7463636363636363,0.5,11.0,0.315,37.0,1.4,0.29,2025.0
Chandapura Lake,CDP,2023-10-10,12.8419,77.6534,,,,,,,,,,,,,,,,10/23,4532.0,CHANDAPURA LAKE,"E (Irrigation, industrial cooling and controlled waste)",3.5,7.3,1180.0,10.0,5.6,4300.0,92000.0,3.0,340.0,5.0,340.0,156.0,92.0,8.372198275862068,1.1,464.0,236.0,228.0,21.0,162.0,810.0,108.60262008733623,1.2,0.5,30.0,0.4,41.0,3.3,2.9,2023.0
Chandapura Lake,CDP,2023-12-24,12.8419,77.6534,,,,,,,,,,,,,,,,12/23,4532.0,CHANDAPURA LAKE,"E (Irrigation, industrial cooling and controlled waste)",2.0,7.8,1948.0,18.0,8.6,230000.0,2400000.0,3.0,528.0,5.0,528.0,436.0,117.0,3.0,2.6,476.0,240.0,236.0,47.0,163.0,1328.0,12.0,0.2,0.5,37.0,0.42,40.0,3.2,0.4,2023.0
Chandapura Lake,CDP,2024-03-03,12.8419,77.6534,,,,,,,,,,,,,,,,03/24,4532.0,Chandapura Lake,"E (Irrigation, industrial cooling and controlled waste)",0.3,7.19,2552.0,51.0,11.0,140000.0,490000.0,3.0,608.0,5.0,608.0,448.0,354.0,42.0,32.0,708.0,360.0,348.0,34.0,236.0,1736.0,150.0,0.96,0.5,28.0,0.67,45.0,5.0,2.97,2024.0
Chandapura Lake,CDP,2024-04-02,12.8419,77.6534,,,,,,,,,,,,,,,,04/24,4532.0,Chandapura Lake,"E (Irrigation, industrial cooling and controlled waste)",0.3,7.1,2273.0,75.0,9.9,1400.0,4900.0,3.0,572.0,5.0,572.0,476.0,250.0,50.0,38.0,548.0,280.0,268.0,42.0,290.0,1548.0,46.0,6.3,0.5,40.0,0.39,51.0,7.5,15.0,2024.0
Chandapura Lake,CDP,2024-05-02,12.8419,77.6534,,,,,,,,,,,,,,,,05/24,4532.0,Chandapura Lake,"E (Irrigation, industrial cooling and controlled waste)",0.5,6.8,1614.0,39.0,2.84,17000.0,48000.0,3.0,316.0,5.0,316.0,220.0,200.0,8.9,6.6,180.0,96.0,84.0,12.0,129.0,1064.0,14.0,1.8,0.5,25.0,0.27,41.0,3.0,5.3,2024.0
Chandapura Lake,CDP,2024-06-01,12.8419,77.6534,,,,,,,,,,,,,,,,06/24,4532.0,Chandapura Lake,"E (Irrigation, industrial cooling and controlled waste)",0.3,7.0,2081.0,26.0,7.2,92000.0,460000.0,3.0,588.0,5.0,588.0,324.0,210.0,32.2,24.8,564.0,288.0,276.0,32.0,201.0,1412.0,26.0,2.7,0.5,26.0,0.71,42.0,3.7,7.6,2024.0
Chandapura Lake,CDP,2024-09-19,12.8419,77.6534,,,,,,,,,,,,,,,,09/24,4532.0,Chandapura Lake,"E (Irrigation, industrial cooling and controlled waste)",0.7,7.4,1910.0,41.0,5.9,110000.0,490000.0,3.0,684.0,5.0,684.0,376.0,204.0,30.0,23.0,716.0,364.0,352.0,45.0,179.0,1308.0,82.0,0.2,0.5,30.0,0.27,34.0,3.0,0.9,2024.0
Chandapura Lake,CDP,2024-12-08,12.8419,77.6534,,,,,,,,,,,,,,,,12/24,4532.0,Chandapura Lake,"E (Irrigation, industrial cooling and controlled waste)",0.3,7.2,2120.0,70.0,9.5,14000.0,70000.0,3.0,496.0,5.0,496.0,360.0,332.0,24.0,19.0,580.0,296.0,284.0,86.0,170.0,1456.0,44.0,0.79,0.5,42.0,0.49,37.0,3.08,2.19,2024.0
Chandapura Lake,CDP,2025-01-07,12.8419,77.6534,,,,,,,,,,,,,,,,01/25,4532.0,Chandapura Lake,"E (Irrigation, industrial cooling and controlled waste)",0.3,7.5,2380.0,62.0,9.0,17000.0,70000.0,3.0,584.0,5.0,584.0,452.0,244.0,37.6,52.0,628.0,316.0,312.0,36.0,244.0,1600.0,26.0,3.0,0.5,34.0,0.28,44.0,4.2,7.0,2025.0
Chandapura Lake,CDP,2025-02-01,12.8419,77.6534,,,,,,,,,,,,,,,,02/25,4532.0,Chandapura Lake,"E (Irrigation, industrial cooling and controlled waste)",0.3,7.7,1368.0,25.0,5.25,1100.0,4900.0,3.0,124.0,5.0,124.0,108.0,274.0,91.5,61.0,640.0,142.0,498.0,47.0,171.0,936.0,22.0,0.61,0.5,42.0,0.53,32.0,2.94,1.55,2025.0
Chandapura Lake,CDP,2025-03-08,12.8419,77.6534,,,,,,,,,,,,,,,,03/25,4532.0,Chandapura Lake,"E (Irrigation, industrial cooling and controlled waste)",2.1,7.6,1847.0,28.0,5.4,21000.0,70000.0,3.0,420.0,5.0,420.0,404.0,201.0,28.2,24.0,468.0,240.0,228.0,5.769230769230769,191.0,1256.0,10.0,1.0,0.5,33.0,0.59,45.0,3.8,0.05,2025.0
Chandapura Lake,CDP,2025-04-04,12.8419,77.6534,0.1313270625087991,0.1629458043678932,0.1823498488464301,0.2093633711107982,0.2456582993101506,0.2595645396311419,0.2468216246656342,0.2548348303533717,0.2133179149655075,-0.2126745177599046,-0.2532927607023257,0.1074912328277348,0.041477593237318,1.0971262184247847,1.3457924820581113,04/25,4532.0,Chandapura Lake,"D (Propagation of wild life,fisheries)",5.3,6.9,1498.0,5.0,5.8,210.0,1200.0,3.0,360.0,5.0,360.0,344.0,56.0,1.5,0.59,544.0,268.0,276.0,20.0,104.0,1020.0,10.0,0.2,0.5,12.0,0.45,34.0,2.45,0.44,2025.0
Chandapura Lake,CDP,2025-05-07,12.8419,77.6534,0.1489886280444882,0.184961283988422,0.1995491488587189,0.2293749577643249,0.2747131564127834,0.2974005842601718,0.2846808461213573,0.2699954174292552,0.2311499507250458,-0.2243952845290448,-0.2206702176316227,0.105453928827033,0.0206763685773776,1.0510869327684862,1.3098165796076022,05/25,4532.0,Chandapura Lake,E,0.3,7.4,1657.0,39.0,5.9,21000.0,170000.0,3.0,396.0,5.0,396.0,372.0,272.0,26.0,29.0,516.0,264.0,252.0,37.0,131.0,1124.0,38.0,0.9,0.5,11.0,0.64,35.0,2.5,2.5,2025.0
Chandapura Lake,CDP,2025-06-06,12.8419,77.6534,0.1053349783549783,0.1306436530349059,0.1293420950907133,0.1722397402597403,0.2700934372294373,0.3231667186147187,0.3075511861471862,0.2441605887445887,0.1802344415584415,-0.3923179609050511,-0.3252496528247691,0.1745551706729577,-0.0209994226232742,0.9652188953099692,1.4930693205076886,06/25,4532.0,Chandapura Lake,E,0.8,7.7,2200.0,45.0,8.4,2100.0,17000.0,3.0,508.0,5.0,508.0,360.0,256.0,14.0,10.0,600.0,304.0,296.0,90.0,182.0,1490.0,18.0,0.53,0.5,44.0,0.2,37.0,3.23,1.52,2025.0
Chandapura Lake,CDP,2025-11-10,12.8419,77.6534,,,,,,,,,,,,,,,,11/25,4532.0,Chandapura Lake,E,1.9,6.9,1254.0,27.0,5.0,2919.420289855073,4300.0,17.0,228.0,20.0,228.0,244.0,192.0,8.0,6.0,316.0,164.0,152.0,15.0,116.0,842.0,14.0,0.55,0.5,23.0,0.41,42.0,2.8,1.4,2025.0
Chelekere Lake,CLK,2023-08-16,13.0396,77.6109,,,,,,,,,,,,,,,,08/23,4507.0,CHELEKERE LAKE,"D (Propagation of wild life,fisheries)",6.6,6.7,559.0,4.0,2.14,6300.0,54000.0,9.685714285714289,124.0,5.0,124.0,92.0,40.0,3.0542857142857143,0.42,148.0,80.0,68.0,23.0,47.0,390.0,25.25714285714286,0.2,0.5,11.0,0.2,41.0,1.6451428571428572,0.2928571428571428,2023.0
Chelekere Lake,CLK,2023-10-10,13.0396,77.6109,,,,,,,,,,,,,,,,10/23,4507.0,CHELEKERE LAKE,"D (Propagation of wild life,fisheries)",6.0,7.5,412.0,4.0,1.0,4900.0,54000.0,3.0,88.0,5.0,88.0,56.0,40.0,11.492887931034485,0.4,120.0,68.0,52.0,16.0,35.0,282.0,51.31004366812227,0.29,0.5,10.0,0.2,36.0,1.5,0.74,2023.0
Chelekere Lake,CLK,2023-12-24,13.0396,77.6109,,,,,,,,,,,,,,,,12/23,4507.0,CHELEKERE LAKE,"D (Propagation of wild life,fisheries)",4.8,7.9,572.0,7.8,1.9,2300.0,24000.0,3.0,140.0,5.0,140.0,56.0,71.0,1.5,0.82,160.0,84.0,76.0,22.0,64.0,398.0,10.0,0.43,0.5,15.0,0.2,44.0,2.2,1.0,2023.0
Chelekere Lake,CLK,2024-03-03,13.0396,77.6109,,,,,,,,,,,,,,,,03/24,4507.0,Chelekere Lake,"E (Irrigation, industrial cooling and controlled waste)",2.3,7.9,754.0,27.0,3.0,2100.0,13000.0,3.0,192.0,5.0,192.0,92.0,172.0,3.6,2.8,176.0,92.0,84.0,11.0,47.0,510.0,49.0,0.44,0.5,23.0,0.2,37.0,2.0,0.63,2024.0
Chelekere Lake,CLK,2024-05-02,13.0396,77.6109,,,,,,,,,,,,,,,,05/24,4507.0,Chelekere Lake,"E (Irrigation, industrial cooling and controlled waste)",1.0,8.2,490.0,30.0,2.0,1700.0,7900.0,3.0,84.0,5.0,84.0,44.0,168.0,3.25,2.5,112.0,60.0,52.0,9.0,34.0,328.0,44.0,0.2,0.5,2.0,0.2,39.0,1.4,0.05,2024.0
Chelekere Lake,CLK,2024-06-01,13.0396,77.6109,,,,,,,,,,,,,,,,06/24,4507.0,Chelekere Lake,"D (Propagation of wild life,fisheries)",7.9,7.1,656.0,4.0,2.2,480.0,3500.0,3.0,192.0,5.0,192.0,100.0,48.0,1.5,0.69,196.0,104.0,92.0,21.0,76.0,450.0,36.0,0.77,0.5,15.0,0.35,43.0,2.0,2.0,2024.0
Chelekere Lake,CLK,2024-09-19,13.0396,77.6109,,,,,,,,,,,,,,,,09/24,4507.0,Chelekere Lake,"D (Propagation of wild life,fisheries)",7.1,6.8,625.0,6.0,2.11,250.0,2400.0,3.0,160.0,5.0,160.0,76.0,56.0,1.5,0.4,164.0,88.0,76.0,17.0,63.0,424.0,24.0,0.7,0.5,14.0,0.26,43.0,1.95,1.88,2024.0
Chelekere Lake,CLK,2024-12-08,13.0396,77.6109,,,,,,,,,,,,,,,,12/24,4507.0,Chelekere Lake,"D (Propagation of wild life,fisheries)",6.0,7.8,427.0,6.0,1.6,210.0,2800.0,3.0,120.0,5.0,120.0,36.0,46.0,1.5,0.4,96.0,52.0,44.0,9.0,36.0,294.0,18.0,0.2,0.5,8.0,0.2,43.0,1.6,0.1,2024.0
Chelekere Lake,CLK,2025-01-07,13.0396,77.6109,,,,,,,,,,,,,,,,01/25,4507.0,Chelekere Lake,"D (Propagation of wild life,fisheries)",6.8,7.8,1042.0,8.0,4.0,110.0,2400.0,3.0,196.0,5.0,196.0,144.0,68.0,1.5,0.46,188.0,104.0,84.0,29.0,99.0,710.0,14.0,0.2,0.5,24.0,0.2,50.0,3.1,0.6,2025.0
Chelekere Lake,CLK,2025-02-01,13.0396,77.6109,,,,,,,,,,,,,,,,02/25,4507.0,Chelekere Lake,"D (Propagation of wild life,fisheries)",5.5,7.3,999.0,6.0,3.83,260.0,2800.0,3.0,164.0,5.0,164.0,164.0,53.0,1.5,0.7,212.0,112.0,100.0,34.0,98.0,670.0,16.0,0.2,0.5,33.0,0.2,45.0,2.91,0.28,2025.0
Chelekere Lake,CLK,2025-03-08,13.0396,77.6109,,,,,,,,,,,,,,,,03/25,4507.0,Chelekere Lake,"D (Propagation of wild life,fisheries)",4.1,7.2,523.0,7.0,2.0,260.0,1700.0,3.0,204.0,5.0,204.0,80.0,62.0,1.5,0.6,168.0,88.0,80.0,6.35897435897436,50.0,356.0,10.0,0.2,0.5,6.0,0.24,32.0,2.0,0.19,2025.0
Chelekere Lake,CLK,2025-04-04,13.0396,77.6109,0.1314202470613077,0.1506685405825925,0.1689110187454535,0.1955836524248609,0.2216534912367143,0.2415495706341941,0.2317373020342084,0.2897245970296332,0.2608650770746812,-0.2279595711855245,-0.3323075500263912,0.0864455794716415,0.0632818039486578,1.1417236335420324,1.219046304206877,04/25,4507.0,Chelekere Lake,"D (Propagation of wild life,fisheries)",6.1,7.9,1106.0,4.0,4.5,1400.0,4600.0,3.0,232.0,5.0,232.0,152.0,40.0,1.5,0.4,264.0,136.0,128.0,25.0,97.0,750.0,10.0,0.2,0.5,8.0,0.47,43.0,2.59,0.27,2025.0
Chelekere Lake,CLK,2025-05-07,13.0396,77.6109,0.1453251812486801,0.1702665345121979,0.190988385927281,0.219572967551207,0.2588473428591539,0.2884137467445625,0.2814791687196452,0.3372434081790665,0.3142669353135777,-0.2568911802937568,-0.3411813248128085,0.0796935614883726,0.0596983878288114,1.1329842480516117,1.1959073177000332,05/25,4507.0,Chelekere Lake,E,3.8,7.2,585.0,6.0,2.25,1400.0,13000.0,3.0,148.0,5.0,148.0,92.0,61.0,1.5,0.4,136.0,86.0,50.0,9.0,66.0,392.0,16.0,0.2,0.5,13.0,0.34,48.0,2.66,0.39,2025.0
Chelekere Lake,CLK,2025-06-06,13.0396,77.6109,0.1728410396283521,0.1917143302532456,0.2001101290810404,0.2299591539381993,0.2754685859083551,0.3064699760681352,0.2994062082072219,0.318682600126698,0.2863535721827266,-0.2270047603972284,-0.261923540108897,0.0823464384631259,0.0205776189432069,1.046221441090398,1.2088866452199396,06/25,4507.0,Chelekere Lake,D,6.0,7.5,380.0,5.0,1.5,310.0,1700.0,3.0,104.0,5.0,104.0,60.0,58.0,1.5,0.51,128.0,64.0,64.0,8.0,38.0,264.0,10.0,0.2,0.5,5.0,0.3,37.0,1.5,0.05,2025.0
Chelekere Lake,CLK,2025-11-10,13.0396,77.6109,,,,,,,,,,,,,,,,11/25,4507.0,Chelekere Lake,D,6.1,6.9,502.0,4.0,1.93,2143.768115942029,7900.0,14.760563380281688,68.0,20.0,68.0,56.0,44.0,9.64,0.4,176.0,168.0,8.0,17.63,50.0,346.0,28.0,0.375,0.5,6.0,0.47,37.0,1.64,0.43,2025.0
Chikkabanavara Lake,CKB,2023-08-16,13.0711,77.4802,,,,,,,,,,,,,,,,08/23,4095.0,CHIKKABANAVARA LAKE,"D (Propagation of wild life,fisheries)",5.3,6.7,405.0,7.3,1.5,330.0,5400.0,14.39047619047619,92.0,5.0,92.0,28.0,68.0,1.896190476190476,0.7,128.0,64.0,64.0,29.0,51.0,278.0,31.77142857142857,0.2,0.5,15.0,0.2,41.0,1.3954285714285717,0.1119047619047619,2023.0
Chikkabanavara Lake,CKB,2023-10-10,13.0711,77.4802,,,,,,,,,,,,,,,,10/23,4095.0,CHIKKABANAVARA LAKE,"D (Propagation of wild life,fisheries)",4.7,6.8,785.0,8.0,3.0,330.0,16000.0,3.0,216.0,5.0,216.0,156.0,72.0,8.91831896551724,0.83,196.0,104.0,92.0,18.0,84.0,544.0,98.5764192139738,0.2,0.5,35.0,0.22,43.0,18.0,0.4,2023.0
Chikkabanavara Lake,CKB,2023-12-24,13.0711,77.4802,,,,,,,,,,,,,,,,12/23,4095.0,CHIKKABANAVARA LAKE,"E (Irrigation, industrial cooling and controlled waste)",3.4,7.3,1353.0,12.0,3.9,5800.0,92000.0,3.0,380.0,5.0,380.0,212.0,122.0,2.34,1.8,364.0,188.0,176.0,21.0,131.0,920.0,10.0,0.34,0.5,17.0,0.27,42.0,3.0,1.56,2023.0
Chikkabanavara Lake,CKB,2024-03-03,13.0711,77.4802,,,,,,,,,,,,,,,,03/24,4095.0,Chikkabanavara Lake,"E (Irrigation, industrial cooling and controlled waste)",0.9,7.6,1268.0,17.0,6.7,1100.0,7900.0,3.0,476.0,5.0,476.0,296.0,116.0,1.7,1.3,536.0,272.0,264.0,40.0,195.0,882.0,18.0,1.4,0.5,34.0,0.2,42.0,3.7,2.6,2024.0
Chikkabanavara Lake,CKB,2024-04-02,13.0711,77.4802,,,,,,,,,,,,,,,,04/24,4095.0,Chikkabanavara Lake,"E (Irrigation, industrial cooling and controlled waste)",2.0,7.1,1700.0,22.0,6.7,270.0,2800.0,3.0,492.0,5.0,492.0,296.0,149.0,3.0,2.3,548.0,280.0,268.0,35.0,198.0,1156.0,18.0,5.1,0.5,28.0,0.24,42.0,3.7,11.8,2024.0
Chikkabanavara Lake,CKB,2024-06-01,13.0711,77.4802,,,,,,,,,,,,,,,,06/24,4095.0,Chikkabanavara Lake,"E (Irrigation, industrial cooling and controlled waste)",1.9,7.6,1594.0,17.0,5.5,17.0,240.0,3.0,356.0,5.0,356.0,192.0,128.0,22.6,17.0,420.0,216.0,204.0,51.0,146.0,1052.0,16.0,0.2,0.5,31.0,0.2,35.0,3.0,0.37,2024.0
Chikkabanavara Lake,CKB,2024-09-19,13.0711,77.4802,,,,,,,,,,,,,,,,09/24,4095.0,Chikkabanavara Lake,"D (Propagation of wild life,fisheries)",6.0,7.3,1026.0,4.0,9.0,130.0,5400.0,3.0,204.0,5.0,204.0,140.0,48.0,1.5,0.9,228.0,116.0,112.0,32.0,61.0,712.0,38.0,0.2,0.5,25.0,0.42,34.0,1.8,0.7,2024.0
Chikkabanavara Lake,CKB,2024-12-08,13.0711,77.4802,,,,,,,,,,,,,,,,12/24,4095.0,Chikkabanavara Lake,"D (Propagation of wild life,fisheries)",5.0,7.0,1026.0,13.0,6.0,260.0,5400.0,3.0,336.0,5.0,336.0,176.0,120.0,5.1,3.9,352.0,180.0,172.0,35.0,105.0,700.0,16.0,0.7,0.5,17.0,0.34,38.0,2.4,1.6,2024.0
Chikkabanavara Lake,CKB,2025-03-08,13.0711,77.4802,,,,,,,,,,,,,,,,03/25,4095.0,Chikkabanavara Lake,"E (Irrigation, industrial cooling and controlled waste)",3.2,6.9,528.0,22.0,2.0,1700.0,9400.0,3.0,148.0,5.0,148.0,104.0,168.0,3.8,2.9,156.0,80.0,76.0,6.512820512820513,60.0,368.0,42.0,0.2,0.5,10.0,0.24,44.0,2.1,0.05,2025.0
Chikkabanavara Lake,CKB,2025-06-06,13.0711,77.4802,,,,,,,,,,,,,,,,06/25,4095.0,Chikkabanavara Lake,E,3.4,7.2,620.0,16.0,2.4,840.0,2100.0,3.0,148.0,5.0,148.0,107.0,116.0,3.2,2.5,172.0,88.0,84.0,20.0,58.0,422.0,54.0,0.4,0.5,6.0,0.3,29.0,1.9,0.9,2025.0
Chikkabanavara Lake,CKB,2025-11-10,13.0711,77.4802,,,,,,,,,,,,,,,,11/25,4095.0,Chikkabanavara Lake,D,4.9,6.6,1012.0,5.0,3.88,1949.855072463768,3500.0,17.464788732394364,272.0,20.0,272.0,128.0,60.0,14.13,0.5,192.0,128.0,64.0,18.6,104.0,670.0,28.0,0.6116666666666667,0.5,6.0,0.24,53.0,3.26,1.1,2025.0
Chinnakurchi Kere,CNK,2023-10-10,13.01,77.72,,,,,,,,,,,,,,,,10/23,4537.0,CHINNAKURCHI KERE,"D (Propagation of wild life,fisheries)",4.5,8.1,1210.0,7.0,5.0,1700.0,24000.0,3.0,428.0,5.0,428.0,116.0,76.0,11.180818965517242,0.4,232.0,120.0,112.0,46.0,112.0,822.0,57.03930131004367,0.46,0.5,11.0,0.71,50.0,3.0,0.53,2023.0
Chinnakurchi Kere,CNK,2023-12-24,13.01,77.72,,,,,,,,,,,,,,,,12/23,4537.0,CHINNAKURCHI KERE,"D (Propagation of wild life,fisheries)",4.5,8.2,1096.0,7.0,2.5,460.0,9200.0,3.0,236.0,5.0,236.0,184.0,74.0,1.5,0.4,248.0,132.0,116.0,25.0,104.0,710.0,10.0,0.52,0.5,18.0,0.3,45.0,2.9,0.8,2023.0
Chinnakurchi Kere,CNK,2024-03-03,13.01,77.72,,,,,,,,,,,,,,,,03/24,4537.0,Chinnakurchi Kere,"D (Propagation of wild life,fisheries)",4.6,8.8,1400.0,9.0,6.7,3400.0,13000.0,104.0,612.0,52.0,716.0,204.0,86.0,1.5,0.91,296.0,152.0,144.0,46.0,197.0,972.0,10.0,0.4,0.5,36.0,0.24,55.0,5.0,1.0,2024.0
Chinnakurchi Kere,CNK,2024-04-02,13.01,77.72,,,,,,,,,,,,,,,,04/24,4537.0,Chinnakurchi Kere,"E (Irrigation, industrial cooling and controlled waste)",0.3,7.6,3380.0,84.0,13.6,7800.0,33000.0,3.0,852.0,5.0,852.0,332.0,312.0,32.5,25.0,252.0,132.0,120.0,286.0,185.0,2264.0,156.0,0.57,0.5,10.0,0.68,60.0,5.0,1.42,2024.0
Chinnakurchi Kere,CNK,2024-05-02,13.01,77.72,,,,,,,,,,,,,,,,05/24,4537.0,Chinnakurchi Kere,"E (Irrigation, industrial cooling and controlled waste)",0.3,8.7,4170.0,96.0,14.8,45000.0,230000.0,200.0,1016.0,100.0,1216.0,416.0,315.0,16.8,12.9,268.0,140.0,128.0,35.0,400.0,2800.0,44.0,0.64,0.5,10.0,2.2,76.0,10.7,1.8,2024.0
Chinnakurchi Kere,CNK,2024-06-01,13.01,77.72,,,,,,,,,,,,,,,,06/24,4537.0,Chinnakurchi Kere,"D (Propagation of wild life,fisheries)",6.2,7.9,467.0,5.0,1.8,230.0,5400.0,3.0,124.0,5.0,124.0,20.0,48.0,1.5,0.85,88.0,48.0,40.0,23.0,60.0,320.0,630.0,1.5,0.5,22.0,0.35,53.0,2.8,2.5,2024.0
Chinnakurchi Kere,CNK,2024-09-19,13.01,77.72,,,,,,,,,,,,,,,,09/24,4537.0,Chinnakurchi Kere,"D (Propagation of wild life,fisheries)",5.8,7.2,389.0,5.0,1.4,2100.0,12000.0,3.0,124.0,5.0,124.0,20.0,64.0,1.5,0.4,112.0,64.0,48.0,26.0,49.0,262.0,42.0,0.2,0.5,4.0,0.49,47.0,2.0,0.05,2024.0
Chinnakurchi Kere,CNK,2024-12-08,13.01,77.72,,,,,,,,,,,,,,,,12/24,4537.0,Chinnakurchi Kere,"D (Propagation of wild life,fisheries)",7.0,8.2,428.0,5.0,1.7,240.0,5400.0,3.0,128.0,5.0,128.0,24.0,43.0,1.5,0.4,112.0,64.0,48.0,21.0,37.0,290.0,10.0,0.2,0.5,7.0,0.27,40.0,1.5,0.12,2024.0
Chinnakurchi Kere,CNK,2025-03-08,13.01,77.72,,,,,,,,,,,,,,,,03/25,4537.0,Chinnakurchi Kere,"D (Propagation of wild life,fisheries)",5.2,7.3,417.0,7.0,1.5,78000.0,490000.0,3.0,172.0,5.0,172.0,16.0,72.0,1.5,0.4,112.0,64.0,48.0,5.666666666666667,50.0,280.0,152.0,0.2,0.5,6.0,0.39,47.0,1.0,0.05,2025.0
Chinnakurchi Kere,CNK,2025-04-04,13.01,77.72,0.0751170338565495,0.1153788275770491,0.1559368623033173,0.2028407827127473,0.2731933413106214,0.2993061659745198,0.2986823678468359,0.3968934644893362,0.2955397198564086,-0.4461422527027185,-0.5505678639873322,0.1382260271748063,0.141530822157947,1.3351163760941511,1.3327084006977896,04/25,4537.0,Chinnakurchi Kere,"D (Propagation of wild life,fisheries)",6.1,7.8,528.0,5.0,2.0,2100.0,14000.0,3.0,208.0,5.0,208.0,36.0,52.0,1.5,0.4,136.0,72.0,64.0,22.0,58.0,364.0,10.0,0.2,0.5,6.0,0.3,46.0,2.2,0.2,2025.0
Chinnakurchi Kere,CNK,2025-05-07,13.01,77.72,0.0935546526360244,0.1340647822931254,0.181267776654275,0.2272494368973041,0.2917847856690361,0.3251338107974941,0.3261879460829168,0.4136403603857251,0.3282520975575424,-0.4202084859963766,-0.5106070042101503,0.1183843474889694,0.1415976812298492,1.3359662785437312,1.2773680054763012,05/25,4537.0,Chinnakurchi Kere,D,5.3,7.9,590.0,7.0,2.2,2100.0,9400.0,3.0,236.0,5.0,236.0,40.0,74.0,1.5,0.58,124.0,68.0,56.0,9.0,82.0,402.0,798.0,0.3,0.5,4.0,0.96,58.0,3.2,0.8,2025.0
Chinnakurchi Kere,CNK,2025-06-06,13.01,77.72,0.1121225806451612,0.1441311800992616,0.1773483801272607,0.2191,0.2859,0.3127,0.3089838709677419,0.3352,0.246,-0.3638203327764147,-0.3986167823215343,0.1053149965144098,0.1033276078779918,1.230470144692332,1.2354263132176229,06/25,4537.0,Chinnakurchi Kere,D,4.8,6.7,163.0,8.0,0.64,1400.0,4800.0,3.0,60.0,5.0,60.0,12.0,88.0,1.5,0.4,56.0,36.0,20.0,5.0,9.0,110.0,202.0,0.2,0.5,6.0,0.2,24.0,0.52,0.05,2025.0
Chinnakurchi Kere,CNK,2025-11-10,13.01,77.72,,,,,,,,,,,,,,,,11/25,4537.0,Chinnakurchi Kere,D,6.3,7.0,489.0,4.0,1.88,3081.0144927536235,2800.0,22.0,104.0,20.0,104.0,32.0,52.0,42.16666666666666,0.4,228.0,152.0,76.0,36.025,26.0,330.0,12.0,0.464,0.5,3.0,0.31,20.0,0.75,1.275,2025.0
Chinnappanahalli Lake,CNP,2023-08-16,12.9967,77.6895,,,,,,,,,,,,,,,,08/23,4520.0,CHINNAPPANAHALLI LAKE,"D (Propagation of wild life,fisheries)",4.4,7.1,650.0,6.0,1.44,1700.0,24000.0,12.40952380952381,168.0,5.0,168.0,156.0,79.0,2.383809523809524,0.4,180.0,96.0,84.0,8.0,69.0,446.0,29.02857142857143,0.2,0.5,5.0,0.39,41.0,1.500571428571429,0.1880952380952381,2023.0
Chinnappanahalli Lake,CNP,2023-10-10,12.9967,77.6895,,,,,,,,,,,,,,,,10/23,4520.0,CHINNAPPANAHALLI LAKE,"D (Propagation of wild life,fisheries)",6.0,7.7,614.0,5.0,2.0,3300.0,24000.0,3.0,120.0,5.0,120.0,76.0,48.0,7.943103448275862,0.49,116.0,64.0,52.0,15.0,61.0,416.0,116.48034934497817,0.2,0.5,10.0,0.31,51.0,2.0,0.29,2023.0
Chinnappanahalli Lake,CNP,2023-12-24,12.9967,77.6895,,,,,,,,,,,,,,,,12/23,4520.0,CHINNAPPANAHALLI LAKE,"D (Propagation of wild life,fisheries)",4.6,7.5,972.0,6.0,2.1,2300.0,24000.0,3.0,272.0,5.0,272.0,252.0,70.0,1.5,0.52,288.0,152.0,136.0,9.0,91.0,662.0,10.0,0.2,0.5,12.0,0.24,39.0,2.3,0.9,2023.0
Chinnappanahalli Lake,CNP,2024-03-03,12.9967,77.6895,,,,,,,,,,,,,,,,03/24,4520.0,Chinnappanahalli Lake,"D (Propagation of wild life,fisheries)",4.9,8.5,615.0,9.0,2.4,580.0,3500.0,24.0,104.0,12.0,128.0,108.0,84.0,1.5,0.77,96.0,52.0,44.0,16.0,76.0,430.0,10.0,0.2,0.5,13.0,0.3,59.0,3.4,0.05,2024.0
Chinnappanahalli Lake,CNP,2024-04-02,12.9967,77.6895,,,,,,,,,,,,,,,,04/24,4520.0,Chinnappanahalli Lake,"E (Irrigation, industrial cooling and controlled waste)",2.3,8.5,2027.0,17.0,7.0,680.0,4600.0,32.0,164.0,16.0,196.0,420.0,156.0,4.68,3.6,364.0,188.0,176.0,49.0,243.0,1398.0,56.0,0.48,0.5,38.0,0.2,56.0,6.0,1.02,2024.0
Chinnappanahalli Lake,CNP,2024-05-02,12.9967,77.6895,,,,,,,,,,,,,,,,05/24,4520.0,Chinnappanahalli Lake,"D (Propagation of wild life,fisheries)",4.5,6.9,776.0,8.0,2.7,1700.0,13000.0,3.0,116.0,5.0,116.0,112.0,84.0,1.5,0.42,136.0,76.0,60.0,21.0,97.0,524.0,26.0,0.2,0.5,18.0,0.29,57.0,4.0,0.05,2024.0
Chinnappanahalli Lake,CNP,2024-06-01,12.9967,77.6895,,,,,,,,,,,,,,,,06/24,4520.0,Chinnappanahalli Lake,"D (Propagation of wild life,fisheries)",5.5,7.6,641.0,4.0,2.46,13.0,1600.0,3.0,144.0,5.0,144.0,104.0,42.0,1.5,0.61,172.0,92.0,80.0,26.0,56.0,428.0,10.0,0.2,0.5,13.0,0.2,39.0,1.85,0.4,2024.0
Chinnappanahalli Lake,CNP,2024-09-19,12.9967,77.6895,,,,,,,,,,,,,,,,09/24,4520.0,Chinnappanahalli Lake,"D (Propagation of wild life,fisheries)",5.5,8.1,697.0,6.0,2.0,330.0,1700.0,3.0,120.0,5.0,120.0,128.0,52.0,1.5,0.4,140.0,72.0,68.0,17.0,85.0,488.0,10.0,0.2,0.5,20.0,0.41,53.0,3.1,0.3,2024.0
Chinnappanahalli Lake,CNP,2024-12-08,12.9967,77.6895,,,,,,,,,,,,,,,,12/24,4520.0,Chinnappanahalli Lake,"D (Propagation of wild life,fisheries)",6.2,6.6,681.0,4.0,2.74,240.0,1600.0,3.0,112.0,5.0,112.0,92.0,48.0,1.5,0.4,100.0,56.0,44.0,20.0,67.0,466.0,10.0,0.2,0.5,11.0,0.36,56.0,2.91,0.05,2024.0
Chinnappanahalli Lake,CNP,2025-03-08,12.9967,77.6895,,,,,,,,,,,,,,,,03/25,4520.0,Chinnappanahalli Lake,"D (Propagation of wild life,fisheries)",6.0,7.5,875.0,8.0,3.3,17.0,220.0,3.0,136.0,5.0,136.0,148.0,95.0,4.7,3.6,144.0,72.0,72.0,6.0256410256410255,96.0,604.0,20.0,0.2,0.5,11.0,0.41,56.0,3.5,0.05,2025.0
Chinnappanahalli Lake,CNP,2025-04-04,12.9967,77.6895,0.1255503854412334,0.1575507339613452,0.164416368328867,0.2053870885986836,0.2686967967897497,0.2869574149037278,0.2756463268682461,0.2696629448414235,0.2101979759935233,-0.2892369467705565,-0.2903369415860476,0.1428241105910595,0.0156851555230261,1.0395585694949243,1.4111651865185617,04/25,4520.0,Chinnappanahalli Lake,"D (Propagation of wild life,fisheries)",4.4,7.8,759.0,7.0,2.9,1400.0,9400.0,3.0,140.0,5.0,140.0,144.0,68.0,1.5,0.67,100.0,56.0,44.0,10.0,104.0,516.0,10.0,0.2,0.5,21.0,0.46,64.0,4.5,0.5,2025.0
Chinnappanahalli Lake,CNP,2025-05-07,12.9967,77.6895,0.126292639656447,0.1554465769209237,0.1608146932496013,0.1978044140941251,0.2675064345805907,0.2979788728923936,0.2885672286951319,0.2676379703615049,0.2151053539371325,-0.3126440336504266,-0.2876061646957146,0.1263094111350154,0.011169752531868,1.0265965036124909,1.331022121928908,05/25,4520.0,Chinnappanahalli Lake,E,3.1,7.8,705.0,16.0,2.7,2300.0,8400.0,3.0,160.0,5.0,160.0,116.0,160.0,4.2,3.7,188.0,100.0,88.0,29.0,69.0,480.0,12.0,0.26,0.5,14.0,0.22,42.0,2.19,0.77,2025.0
Chinnappanahalli Lake,CNP,2025-06-06,12.9967,77.6895,0.1762,0.1738000065088272,0.1991000026464462,0.2486,0.2601,0.2629,0.2301,0.2699,0.2492,-0.1393909199898524,-0.2165877666924508,0.1105651040003331,0.0678465956461916,1.1455695925784333,1.2486187679336893,06/25,4520.0,Chinnappanahalli Lake,D,4.5,7.8,702.0,7.0,2.6,310.0,2200.0,3.0,156.0,5.0,156.0,112.0,76.0,1.5,0.8,188.0,96.0,92.0,28.0,68.0,474.0,24.0,0.2,0.5,14.0,0.25,42.0,2.25,0.3,2025.0
Chinnappanahalli Lake,CNP,2025-11-10,12.9967,77.6895,,,,,,,,,,,,,,,,11/25,4520.0,Chinnappanahalli Lake,E,1.2,7.3,1220.0,18.0,4.7,2563.913043478261,11000.0,8.901408450704224,280.0,20.0,280.0,204.0,168.0,21.0,17.0,332.0,172.0,160.0,50.0,116.0,834.0,26.0,0.46,0.5,24.0,0.42,41.0,2.77,1.35,2025.0
Dasarahalli Tank,DSH,2023-08-16,13.044,77.5021,,,,,,,,,,,,,,,,08/23,3606.0,DASARAHALLI TANK,"D (Propagation of wild life,fisheries)",5.6,7.0,626.0,7.0,1.3,4000.0,160000.0,13.895238095238096,96.0,5.0,242.66666666666669,46.66666666666666,62.0,2.0180952380952384,0.97,100.0,56.0,44.0,27.0,44.0,420.0,31.085714285714285,0.3,0.5,15.0,0.2,41.0,1.4217142857142857,0.1309523809523809,2023.0
Dasarahalli Tank,DSH,2023-10-10,13.044,77.5021,,,,,,,,,,,,,,,,10/23,3606.0,DASARAHALLI TANK,"E (Irrigation, industrial cooling and controlled waste)",2.6,6.7,602.0,18.0,1.5,4900.0,160000.0,3.0,164.0,5.0,164.0,120.0,118.0,9.07435344827586,2.05,176.0,92.0,84.0,19.0,48.0,410.0,95.7117903930131,0.5,0.5,31.0,0.2,33.0,1.57,1.32,2023.0
Dasarahalli Tank,DSH,2023-12-24,13.044,77.5021,,,,,,,,,,,,,,,,12/23,3606.0,DASARAHALLI TANK,"D (Propagation of wild life,fisheries)",4.4,7.5,424.0,6.0,0.92,58000.0,160000.0,3.0,116.0,5.0,116.0,108.0,74.0,1.5,0.6,124.0,72.0,52.0,7.0,39.0,286.0,10.0,0.2,0.5,4.2,0.2,39.0,2.0,0.05,2023.0
Dasarahalli Tank,DSH,2024-03-03,13.044,77.5021,,,,,,,,,,,,,,,,03/24,3606.0,Dasarahalli Tank,"E (Irrigation, industrial cooling and controlled waste)",0.5,6.7,383.0,18.0,1.7,1400.0,24000.0,3.0,80.0,5.0,80.0,64.0,120.0,2.6,2.0,136.0,72.0,64.0,55.0,56.0,280.0,16.0,1.0,0.5,20.0,0.2,42.0,2.0,3.0,2024.0
Dasarahalli Tank,DSH,2024-04-02,13.044,77.5021,,,,,,,,,,,,,,,,04/24,3606.0,Dasarahalli Tank,"E (Irrigation, industrial cooling and controlled waste)",1.2,7.5,702.0,18.0,2.5,170.0,3300.0,3.0,76.0,5.0,76.0,112.0,118.0,2.0,1.6,204.0,108.0,96.0,93.0,80.0,480.0,28.0,1.3,0.5,22.0,0.2,43.0,2.4,2.7,2024.0
Dasarahalli Tank,DSH,2024-05-02,13.044,77.5021,,,,,,,,,,,,,,,,05/24,3606.0,Dasarahalli Tank,"D (Propagation of wild life,fisheries)",5.8,6.6,472.0,4.0,1.8,170.0,2400.0,3.0,108.0,5.0,108.0,76.0,40.0,1.5,0.44,124.0,68.0,56.0,19.0,38.0,310.0,12.0,0.2,0.5,9.0,0.31,38.0,1.4,0.05,2024.0
Dasarahalli Tank,DSH,2024-06-01,13.044,77.5021,,,,,,,,,,,,,,,,06/24,3606.0,Dasarahalli Tank,"D (Propagation of wild life,fisheries)",4.8,6.5,347.0,4.0,0.9,2600.0,9400.0,3.0,76.0,5.0,76.0,16.0,40.0,1.5,0.4,96.0,52.0,44.0,14.0,16.0,232.0,40.0,0.57,0.5,5.0,0.2,25.0,0.71,1.45,2024.0
Dasarahalli Tank,DSH,2024-09-19,13.044,77.5021,,,,,,,,,,,,,,,,09/24,3606.0,Dasarahalli Tank,"E (Irrigation, industrial cooling and controlled waste)",2.6,7.8,600.0,5.0,1.4,140.0,2400.0,3.0,216.0,5.0,216.0,128.0,52.0,3.0,2.2,260.0,132.0,128.0,14.0,26.0,390.0,20.0,0.2,0.5,8.0,0.28,17.0,0.7,0.23,2024.0
Dasarahalli Tank,DSH,2024-12-08,13.044,77.5021,,,,,,,,,,,,,,,,12/24,3606.0,Dasarahalli Tank,"D (Propagation of wild life,fisheries)",5.8,6.5,248.0,9.0,1.1,820.0,4700.0,3.0,84.0,5.0,84.0,24.0,80.0,1.5,0.9,88.0,48.0,40.0,8.0,17.0,168.0,26.0,0.2,0.5,5.0,0.2,28.0,0.7,0.5,2024.0
Dasarahalli Tank,DSH,2025-01-07,13.044,77.5021,,,,,,,,,,,,,,,,01/25,3606.0,Dasarahalli Tank,"D (Propagation of wild life,fisheries)",6.2,6.5,284.0,6.0,1.1,2100.0,9400.0,3.0,84.0,5.0,84.0,28.0,68.0,1.5,1.1,68.0,52.0,16.0,17.0,16.0,192.0,18.0,0.2,0.5,5.0,0.2,32.0,0.85,0.45,2025.0
Dasarahalli Tank,DSH,2025-02-01,13.044,77.5021,,,,,,,,,,,,,,,,02/25,3606.0,Dasarahalli Tank,"D (Propagation of wild life,fisheries)",6.8,7.6,340.0,5.0,1.3,610.0,4900.0,3.0,76.0,5.0,76.0,32.0,58.0,1.56,1.2,76.0,40.0,36.0,9.0,21.0,230.0,28.0,0.2,0.5,6.0,0.2,35.0,1.0,0.12,2025.0
Dasarahalli Tank,DSH,2025-03-08,13.044,77.5021,,,,,,,,,,,,,,,,03/25,3606.0,Dasarahalli Tank,"E (Irrigation, industrial cooling and controlled waste)",2.8,6.6,271.0,15.0,1.04,930.0,4800.0,3.0,40.0,5.0,40.0,32.0,165.0,1.71,1.22,132.0,80.0,52.0,7.487179487179487,10.0,180.0,38.0,0.2,0.5,6.0,0.2,13.0,0.38,0.39,2025.0
Dasarahalli Tank,DSH,2025-04-04,13.044,77.5021,0.1773950573979592,0.1965739168464301,0.2076563614786469,0.2337185746173468,0.2624315529336735,0.2760115274234694,0.271764524872449,0.303684088010204,0.2588603156887756,-0.1612929562441849,-0.2148537543177502,0.0600431067295945,0.0271817226713806,1.056230718918908,1.129980839979742,04/25,3606.0,Dasarahalli Tank,"E (Irrigation, industrial cooling and controlled waste)",2.0,6.6,769.0,13.0,2.9,1700.0,9400.0,3.0,156.0,5.0,156.0,92.0,123.0,20.8,16.0,216.0,112.0,104.0,39.0,67.0,522.0,10.0,0.2,0.5,19.0,0.23,38.0,2.0,2.0,2025.0
Dasarahalli Tank,DSH,2025-05-07,13.044,77.5021,0.1414402408535512,0.1682344102931172,0.1850538821234082,0.2112924786084016,0.2390483045177647,0.2598310609528504,0.2558701151448995,0.2865884538187965,0.2609110954611077,-0.2166515578431822,-0.2711022094989982,0.0759268681166137,0.0485685469094466,1.1042650763499458,1.1816368692307708,05/25,3606.0,Dasarahalli Tank,E,3.5,6.9,467.0,6.0,1.79,430.0,3500.0,3.0,108.0,5.0,108.0,60.0,61.0,1.5,0.65,132.0,88.0,44.0,16.0,50.0,312.0,16.0,0.2,0.5,13.0,0.32,42.0,1.88,0.36,2025.0
Dasarahalli Tank,DSH,2025-06-06,13.044,77.5021,0.1431463537448502,0.1708993731928613,0.1820486250511462,0.206274206838269,0.2412576041409909,0.2636122152188458,0.2600135075178705,0.2708566322757845,0.2407420965526957,-0.2221300310406507,-0.2436021591030759,0.0749415175228507,0.0347102689184747,1.0751256541540664,1.185145015483276,06/25,3606.0,Dasarahalli Tank,D,4.2,6.7,364.0,5.0,1.4,3100.0,8400.0,3.0,80.0,5.0,80.0,56.0,56.0,1.5,0.92,96.0,52.0,44.0,15.0,35.0,250.0,36.0,0.2,0.5,7.0,0.2,41.0,1.55,0.05,2025.0
Dasarahalli Tank,DSH,2025-11-10,13.044,77.5021,,,,,,,,,,,,,,,,11/25,3606.0,Dasarahalli Tank,E,2.3,7.0,406.0,21.0,1.5,754.0579710144929,2800.0,34.140845070422536,116.0,20.0,116.0,64.0,132.0,19.0,15.0,116.0,60.0,56.0,10.0,43.0,280.0,48.0,0.43,0.5,5.0,0.22,43.0,1.7,1.0,2025.0
Devarabeesanahalli Lake,DVB,2023-08-16,12.9545,77.7062,,,,,,,,,,,,,,,,08/23,4521.0,DEVARABEESANAHALLI LAKE,"D (Propagation of wild life,fisheries)",5.2,7.7,1272.0,7.0,5.9,4600.0,54000.0,4.733333333333333,148.0,5.0,148.0,368.0,69.0,4.273333333333333,0.82,276.0,144.0,132.0,30.0,176.0,868.0,18.4,1.8,0.5,37.0,0.44,41.0,1.908,0.4833333333333334,2023.0
Devarabeesanahalli Lake,DVB,2023-10-10,12.9545,77.7062,,,,,,,,,,,,,,,,10/23,4521.0,DEVARABEESANAHALLI LAKE,"D (Propagation of wild life,fisheries)",4.4,7.9,679.0,6.0,3.0,7000.0,92000.0,3.0,136.0,5.0,136.0,100.0,56.0,9.7375,0.4,124.0,68.0,56.0,19.0,82.0,468.0,83.53711790393012,0.2,0.5,34.0,0.31,51.0,3.0,0.07,2023.0
Devarabeesanahalli Lake,DVB,2023-12-24,12.9545,77.7062,,,,,,,,,,,,,,,,12/23,4521.0,DEVARABEESANAHALLI LAKE,"D (Propagation of wild life,fisheries)",4.8,7.6,549.0,6.0,1.9,4800.0,92000.0,3.0,120.0,5.0,120.0,72.0,59.0,1.5,0.86,156.0,84.0,72.0,42.0,63.0,386.0,10.0,0.2,0.5,24.0,0.27,41.0,2.2,0.4,2023.0
Devarabeesanahalli Lake,DVB,2024-03-03,12.9545,77.7062,,,,,,,,,,,,,,,,03/24,4521.0,Devarabeesanahalli Lake,"E (Irrigation, industrial cooling and controlled waste)",1.2,7.5,998.0,18.0,4.0,2600.0,9400.0,3.0,120.0,5.0,120.0,188.0,156.0,4.16,3.2,136.0,72.0,64.0,28.0,120.0,678.0,104.0,0.2,0.5,28.0,0.36,60.0,4.0,0.05,2024.0
Devarabeesanahalli Lake,DVB,2024-05-02,12.9545,77.7062,,,,,,,,,,,,,,,,05/24,4521.0,Devarabeesanahalli Lake,"E (Irrigation, industrial cooling and controlled waste)",3.4,7.5,1664.0,18.0,6.7,1100.0,7900.0,3.0,384.0,5.0,384.0,280.0,124.0,2.34,1.8,328.0,168.0,160.0,36.0,153.0,1114.0,32.0,1.07,0.5,14.0,0.21,49.0,4.0,2.8,2024.0
Devarabeesanahalli Lake,DVB,2024-06-01,12.9545,77.7062,,,,,,,,,,,,,,,,06/24,4521.0,Devarabeesanahalli Lake,"E (Irrigation, industrial cooling and controlled waste)",2.2,7.6,1591.0,20.0,5.54,430.0,5400.0,3.0,324.0,5.0,324.0,232.0,152.0,20.0,15.0,304.0,160.0,144.0,36.0,162.0,1048.0,10.0,0.36,0.5,34.0,0.46,44.0,4.0,0.95,2024.0
Devarabeesanahalli Lake,DVB,2024-09-19,12.9545,77.7062,,,,,,,,,,,,,,,,09/24,4521.0,Devarabeesanahalli Lake,"D (Propagation of wild life,fisheries)",5.0,8.0,334.0,5.0,1.2,24.0,1600.0,3.0,104.0,5.0,104.0,92.0,52.0,1.5,0.4,108.0,60.0,48.0,18.0,19.7,218.0,10.0,0.25,0.5,2.7,0.27,28.0,0.8,0.74,2024.0
Devarabeesanahalli Lake,DVB,2025-04-04,12.9545,77.7062,,,,,,,,,,,,,,,,04/25,4521.0,Devarabeesanahalli Lake,"D (Propagation of wild life,fisheries)",5.1,7.8,846.0,7.0,2.9,2100.0,3500.0,3.0,300.0,5.0,300.0,136.0,84.0,1.5,0.43,204.0,108.0,43.0,29.0,106.0,584.0,10.0,0.84,0.5,33.0,0.48,48.0,3.0,2.2,2025.0
Devarabeesanahalli Lake,DVB,2025-05-07,12.9545,77.7062,0.1591014535599901,0.1891210643075123,0.2132251720193849,0.235046728610143,0.2479837433569141,0.2644547777425827,0.2544021856192589,0.3006113821138213,0.2852541723858799,-0.1501325900387173,-0.2315482127185412,0.0517346622230082,0.060623782453565,1.131183949250567,1.1149497387169502,05/25,4521.0,Devarabeesanahalli Lake,D,5.0,7.2,987.0,6.0,3.9,310.0,2800.0,3.0,228.0,5.0,228.0,168.0,60.0,1.5,0.4,108.0,64.0,44.0,8.1,143.0,670.0,16.0,0.4,0.5,16.0,0.3,70.0,5.9,0.9,2025.0
Devarabeesanahalli Lake,DVB,2025-06-06,12.9545,77.7062,,,,,,,,,,,,,,,,06/25,4521.0,Devarabeesanahalli Lake,D,5.2,7.6,1694.0,10.0,6.5,110.0,2400.0,3.0,188.0,5.0,188.0,348.0,112.0,1.5,0.4,288.0,148.0,140.0,26.0,184.0,1134.0,10.0,0.95,0.5,3.0,0.27,58.0,5.0,2.2,2025.0
Devarabeesanahalli Lake,DVB,2025-11-10,12.9545,77.7062,,,,,,,,,,,,,,,,11/25,4521.0,Devarabeesanahalli Lake,D,5.1,7.2,584.0,7.0,2.31,2596.2318840579715,2400.0,8.450704225352112,104.0,20.0,104.0,108.0,76.0,12.25,0.9,80.0,44.0,36.0,10.0,48.0,402.0,12.0,0.48,0.5,3.0,0.26,55.0,2.33,1.225,2025.0
Devasandra Lake,DVS,2023-08-16,13.022,77.6553,,,,,,,,,,,,,,,,08/23,4526.0,DEVASANDRA LAKE,"D (Propagation of wild life,fisheries)",5.0,6.7,428.0,4.0,1.64,480000.0,3500000.0,7.085714285714285,96.0,5.0,96.0,68.0,41.0,3.6942857142857135,0.74,112.0,60.0,52.0,17.0,37.0,296.0,21.65714285714286,0.2,0.5,9.0,0.2,41.0,1.7831428571428571,0.3928571428571429,2023.0
Devasandra Lake,DVS,2023-10-10,13.022,77.6553,,,,,,,,,,,,,,,,10/23,4526.0,DEVASANDRA LAKE,"D (Propagation of wild life,fisheries)",4.2,6.5,378.0,8.0,2.0,480.0,5400.0,3.0,64.0,5.0,64.0,56.0,72.0,11.02478448275862,0.4,144.0,76.0,68.0,15.0,33.0,256.0,59.903930131004365,0.49,0.5,3.0,0.2,32.0,1.0,1.21,2023.0
Devasandra Lake,DVS,2023-12-24,13.022,77.6553,,,,,,,,,,,,,,,,12/23,4526.0,DEVASANDRA LAKE,"D (Propagation of wild life,fisheries)",4.2,6.5,392.0,4.0,1.53,840.0,9200.0,3.0,88.0,5.0,88.0,60.0,40.0,1.5,0.92,104.0,56.0,48.0,16.0,31.0,270.0,10.0,0.2,0.5,8.0,0.2,37.0,1.3,0.05,2023.0
Devasandra Lake,DVS,2024-03-03,13.022,77.6553,,,,,,,,,,,,,,,,03/24,4526.0,Devasandra Lake,"E (Irrigation, industrial cooling and controlled waste)",3.3,6.5,624.0,16.0,2.39,17000.0,33000.0,3.0,140.0,5.0,140.0,100.0,133.0,4.5,3.6,168.0,88.0,80.0,25.0,60.0,430.0,46.0,0.59,0.5,12.0,0.2,42.0,2.0,1.72,2024.0
Devasandra Lake,DVS,2024-04-02,13.022,77.6553,,,,,,,,,,,,,,,,04/24,4526.0,Devasandra Lake,"E (Irrigation, industrial cooling and controlled waste)",1.2,8.2,935.0,87.0,3.0,1300.0,4900.0,3.0,124.0,5.0,124.0,208.0,364.0,5.0,3.9,192.0,100.0,92.0,20.0,118.0,644.0,56.0,0.92,0.5,33.0,0.45,52.0,4.0,2.0,2024.0
Devasandra Lake,DVS,2024-05-02,13.022,77.6553,,,,,,,,,,,,,,,,05/24,4526.0,Devasandra Lake,"E (Irrigation, industrial cooling and controlled waste)",0.6,6.6,1778.0,58.0,6.8,1700.0,7000.0,3.0,412.0,5.0,412.0,300.0,302.0,7.2,6.6,484.0,248.0,236.0,72.0,162.0,1202.0,40.0,1.53,0.5,36.0,0.33,42.0,3.2,4.46,2024.0
Devasandra Lake,DVS,2024-06-01,13.022,77.6553,,,,,,,,,,,,,,,,06/24,4526.0,Devasandra Lake,"D (Propagation of wild life,fisheries)",4.1,7.8,1221.0,15.0,4.2,2100.0,70000.0,3.0,344.0,5.0,344.0,188.0,148.0,1.5,0.99,328.0,172.0,156.0,19.0,119.0,828.0,246.0,0.26,0.5,15.0,0.54,43.0,2.9,0.71,2024.0
Devasandra Lake,DVS,2024-09-19,13.022,77.6553,,,,,,,,,,,,,,,,09/24,4526.0,Devasandra Lake,"E (Irrigation, industrial cooling and controlled waste)",3.5,7.1,888.0,18.0,3.2,1700.0,9400.0,3.0,148.0,5.0,148.0,116.0,118.0,4.6,3.2,212.0,112.0,100.0,92.0,92.0,604.0,10.0,3.0,0.5,30.0,0.4,48.0,2.8,9.0,2024.0
Devasandra Lake,DVS,2024-12-08,13.022,77.6553,,,,,,,,,,,,,,,,12/24,4526.0,Devasandra Lake,"D (Propagation of wild life,fisheries)",6.7,7.6,442.0,5.0,2.2,84.0,1600.0,3.0,152.0,5.0,152.0,56.0,53.0,1.5,0.4,128.0,72.0,56.0,5.0,48.0,300.0,22.0,0.2,0.5,6.0,0.2,43.0,1.8,0.28,2024.0
Devasandra Lake,DVS,2025-01-07,13.022,77.6553,,,,,,,,,,,,,,,,01/25,4526.0,Devasandra Lake,"E (Irrigation, industrial cooling and controlled waste)",2.2,7.5,2210.0,20.0,8.5,240.0,3500.0,3.0,480.0,5.0,480.0,376.0,160.0,4.7,4.2,604.0,308.0,296.0,91.0,176.0,1516.0,10.0,0.27,0.5,44.0,0.28,37.0,3.12,0.79,2025.0
Devasandra Lake,DVS,2025-02-01,13.022,77.6553,,,,,,,,,,,,,,,,02/25,4526.0,Devasandra Lake,"D (Propagation of wild life,fisheries)",6.9,8.3,566.0,4.0,2.1,23.0,920.0,16.0,124.0,8.0,132.0,72.0,38.0,1.5,0.6,92.0,52.0,40.0,20.0,59.0,386.0,10.0,0.2,0.5,13.0,0.21,54.0,2.8,0.3,2025.0
Devasandra Lake,DVS,2025-03-08,13.022,77.6553,,,,,,,,,,,,,,,,03/25,4526.0,Devasandra Lake,"E (Irrigation, industrial cooling and controlled waste)",2.1,6.7,744.0,14.0,2.86,31000.0,70000.0,3.0,100.0,5.0,100.0,120.0,95.0,1.5,0.9,132.0,88.0,44.0,5.897435897435898,87.0,510.0,28.0,0.2,0.5,22.0,0.35,54.0,3.31,0.41,2025.0
Devasandra Lake,DVS,2025-04-04,13.022,77.6553,0.1033881358915684,0.132236546931647,0.1478115476926244,0.1872001126562223,0.2506710121457491,0.2736321316669599,0.2630037880654813,0.2529736384439355,0.1987920577363139,-0.3424043625391912,-0.3298753806966349,0.1448341049849436,0.0388475943405932,1.0920561243704996,1.3881982935813837,04/25,4526.0,Devasandra Lake,"D (Propagation of wild life,fisheries)",4.2,7.3,589.0,9.0,2.3,2300.0,11000.0,3.0,116.0,5.0,116.0,68.0,92.0,1.5,0.72,160.0,84.0,76.0,26.0,74.0,400.0,10.0,0.26,0.5,13.0,0.27,44.0,2.2,0.75,2025.0
Devasandra Lake,DVS,2025-05-07,13.022,77.6553,0.0981824045062488,0.1263922200551169,0.1416163072514609,0.1784628832951944,0.2436441189931348,0.2751886358035555,0.2680259390952297,0.2468569301179369,0.2038138003872558,-0.3732715040933414,-0.3428141601120151,0.1474137572802223,0.0387018190186923,1.093110934753684,1.4103297476943752,05/25,4526.0,Devasandra Lake,E,2.3,7.3,548.0,25.0,2.1,11000.0,49000.0,3.0,116.0,5.0,116.0,120.0,176.0,8.5,6.5,80.0,44.0,36.0,9.0,74.0,376.0,102.0,1.6,0.5,3.0,0.31,65.0,3.6,3.8,2025.0
Devasandra Lake,DVS,2025-06-06,13.022,77.6553,0.1027499207885935,0.1354638340739512,0.1526229602147514,0.1893563773983452,0.2559472381622951,0.2883111881710965,0.280491769054744,0.2524918605879244,0.2090249463122689,-0.3693923110038911,-0.3299340531021648,0.1427841866272998,0.0481997494310827,1.1114921734719352,1.4094563951034076,06/25,4526.0,Devasandra Lake,D,5.4,8.0,587.0,6.0,2.8,1700.0,7900.0,3.0,92.0,5.0,92.0,96.0,56.0,1.5,0.4,100.0,56.0,44.0,19.0,74.0,396.0,26.0,0.2,0.5,18.0,0.35,57.0,3.0,0.05,2025.0
Devasandra Lake,DVS,2025-11-10,13.022,77.6553,,,,,,,,,,,,,,,,11/25,4526.0,Devasandra Lake,D,5.2,7.3,435.0,8.0,1.7,2757.826086956522,3500.0,12.0,112.0,20.0,112.0,100.0,88.0,6.199999999999999,0.98,96.0,48.0,48.0,8.0,46.0,300.0,16.0,0.21,0.5,6.0,0.28,49.0,2.0,0.5,2025.0
Dhorekere Tank,DHK,2023-08-16,13.028,77.71,,,,,,,,,,,,,,,,08/23,3641.0,DHOREKERE TANK,"D (Propagation of wild life,fisheries)",4.2,8.0,517.0,5.0,2.0,4300.0,92000.0,15.752380952380951,120.0,5.0,120.0,44.0,48.0,1.560952380952381,0.5,292.0,152.0,140.0,9.0,73.0,356.0,33.65714285714286,0.3,0.5,10.0,0.2,41.0,1.3231428571428572,0.0595238095238095,2023.0
Dhorekere Tank,DHK,2023-10-10,13.028,77.71,,,,,,,,,,,,,,,,10/23,3641.0,DHOREKERE TANK,"E (Irrigation, industrial cooling and controlled waste)",1.8,7.0,427.0,14.0,1.31,7900.0,54000.0,3.0,112.0,5.0,112.0,24.0,116.0,8.528232758620689,1.29,128.0,68.0,60.0,26.0,27.0,290.0,105.73799126637554,0.43,0.5,3.0,0.2,30.0,1.1,1.33,2023.0
Dhorekere Tank,DHK,2023-12-24,13.028,77.71,,,,,,,,,,,,,,,,12/23,3641.0,DHOREKERE TANK,"D (Propagation of wild life,fisheries)",4.8,8.7,356.0,7.0,1.1,4600.0,54000.0,8.0,88.0,5.0,92.0,32.0,84.0,1.5,0.4,152.0,84.0,68.0,30.0,36.0,238.0,52.0,0.52,0.5,9.0,0.23,32.0,1.0,1.4,2023.0
Dhorekere Tank,DHK,2024-03-03,13.028,77.71,,,,,,,,,,,,,,,,03/24,3641.0,Dhorekere Tank,"E (Irrigation, industrial cooling and controlled waste)",1.2,6.6,675.0,28.0,2.3,2200.0,7900.0,3.0,228.0,5.0,228.0,52.0,188.0,26.5,20.4,104.0,56.0,48.0,19.0,72.0,470.0,264.0,3.3,0.5,22.0,0.2,52.0,3.0,6.9,2024.0
Dhorekere Tank,DHK,2024-04-02,13.028,77.71,,,,,,,,,,,,,,,,04/24,3641.0,Dhorekere Tank,"E (Irrigation, industrial cooling and controlled waste)",0.3,7.6,580.0,90.0,2.2,2100.0,7000.0,3.0,116.0,5.0,116.0,52.0,444.0,44.0,34.0,148.0,80.0,14.0,68.0,55.0,394.0,284.0,0.56,0.5,17.0,0.22,41.0,2.0,1.42,2024.0
Dhorekere Tank,DHK,2024-05-02,13.028,77.71,,,,,,,,,,,,,,,,05/24,3641.0,Dhorekere Tank,"E (Irrigation, industrial cooling and controlled waste)",0.3,6.6,697.0,132.0,2.3,920.0,4600.0,3.0,212.0,5.0,212.0,76.0,442.0,30.0,23.3,196.0,104.0,92.0,30.0,73.0,476.0,714.0,1.52,0.5,23.0,0.41,41.0,2.3,4.6,2024.0
Dhorekere Tank,DHK,2024-06-01,13.028,77.71,,,,,,,,,,,,,,,,06/24,3641.0,Dhorekere Tank,"D (Propagation of wild life,fisheries)",5.8,7.1,458.0,5.0,1.6,170.0,2400.0,3.0,96.0,5.0,96.0,32.0,64.0,1.5,0.49,160.0,88.0,72.0,26.0,31.0,308.0,22.0,0.93,0.5,10.0,0.2,28.0,1.0,2.4,2024.0
Dhorekere Tank,DHK,2024-09-19,13.028,77.71,,,,,,,,,,,,,,,,09/24,3641.0,Dhorekere Tank,"D (Propagation of wild life,fisheries)",6.0,7.9,452.0,4.0,1.3,2100.0,9400.0,3.0,32.0,5.0,32.0,80.0,44.0,1.5,0.4,380.0,220.0,160.0,18.0,26.0,306.0,224.0,0.2,0.5,10.0,0.2,13.0,0.57,0.3,2024.0
Dhorekere Tank,DHK,2024-12-08,13.028,77.71,,,,,,,,,,,,,,,,12/24,3641.0,Dhorekere Tank,"E (Irrigation, industrial cooling and controlled waste)",0.3,6.5,384.0,78.0,1.46,1700.0,11000.0,3.0,160.0,5.0,160.0,20.0,420.0,46.21,38.0,116.0,64.0,52.0,9.0,15.0,262.0,142.0,1.65,0.5,10.0,0.2,20.0,0.6,3.94,2024.0
Dhorekere Tank,DHK,2025-01-07,13.028,77.71,,,,,,,,,,,,,,,,01/25,3641.0,Dhorekere Tank,"D (Propagation of wild life,fisheries)",4.9,8.2,374.0,6.0,1.5,2600.0,9400.0,3.0,108.0,5.0,108.0,24.0,72.0,1.5,0.4,144.0,76.0,68.0,25.0,21.0,254.0,74.0,0.26,0.5,7.0,0.2,23.0,0.75,0.7,2025.0
Dhorekere Tank,DHK,2025-02-01,13.028,77.71,,,,,,,,,,,,,,,,02/25,3641.0,Dhorekere Tank,"D (Propagation of wild life,fisheries)",4.9,6.8,428.0,10.0,1.64,1400.0,9400.0,3.0,140.0,5.0,140.0,32.0,76.0,1.5,0.41,168.0,102.0,66.0,12.0,28.0,284.0,124.0,0.2,0.5,7.0,0.2,25.0,0.93,0.05,2025.0
Dhorekere Tank,DHK,2025-03-08,13.028,77.71,,,,,,,,,,,,,,,,03/25,3641.0,Dhorekere Tank,"D (Propagation of wild life,fisheries)",4.4,8.1,352.0,8.0,1.2,12000.0,79000.0,3.0,92.0,5.0,92.0,24.0,80.0,1.5,0.4,108.0,60.0,48.0,6.666666666666667,34.0,232.0,132.0,0.22,0.5,6.0,0.2,39.0,1.0,0.62,2025.0
Dhorekere Tank,DHK,2025-04-04,13.028,77.71,,,,,,,,,,,,,,,,04/25,3641.0,Dhorekere Tank,"D (Propagation of wild life,fisheries)",5.4,8.5,472.0,13.0,1.8,21.0,350.0,48.0,128.0,24.0,152.0,40.0,143.0,5.2,4.0,148.0,76.0,72.0,15.0,54.0,326.0,10.0,0.48,0.5,6.0,0.22,43.0,1.0,1.1,2025.0
Dhorekere Tank,DHK,2025-05-07,13.028,77.71,0.1459085271863452,0.1854614041883321,0.2139789025896916,0.2456381101530882,0.2833639838113669,0.3052345451346118,0.3004435087101884,0.3464522048213974,0.3029439556572235,-0.2423740571250952,-0.3073495386400462,0.0755601619764717,0.0722382414828411,1.1581670633514614,1.1744691095092912,05/25,3641.0,Dhorekere Tank,E,2.2,8.5,409.0,25.0,1.5,1200.0,7000.0,32.0,128.0,16.0,144.0,36.0,174.0,1.5,0.4,132.0,72.0,60.0,17.0,33.0,282.0,300.0,0.4,0.5,1.0,0.27,34.0,1.3,1.1,2025.0
Dhorekere Tank,DHK,2025-06-06,13.028,77.71,0.1430147879641034,0.1838974130656042,0.1954571919554076,0.2348949076192152,0.3098291289811719,0.3401357276086575,0.3335261516804505,0.3130820095020237,0.258584976244941,-0.2878624799924832,-0.2702736146360403,0.1101946607689078,0.0215806831177875,1.0503973299177047,1.2844999323287758,06/25,3641.0,Dhorekere Tank,D,4.9,8.3,870.0,14.0,3.3,260.0,3500.0,32.0,156.0,16.0,172.0,140.0,136.0,1.5,0.4,184.0,96.0,88.0,39.0,85.0,584.0,46.0,1.01,0.5,2.0,0.22,50.0,2.7,2.4,2025.0
Dhorekere Tank,DHK,2025-11-10,13.028,77.71,,,,,,,,,,,,,,,,11/25,3641.0,Dhorekere Tank,D,4.8,6.7,455.0,6.0,1.75,1788.2608695652175,9200.0,19.718309859154928,108.0,20.0,108.0,16.0,60.0,10.28,0.6,216.0,168.0,48.0,18.61,36.0,312.0,30.0,0.32,0.5,4.0,0.31,26.0,1.06,0.82,2025.0
Doddabidarakallu Lake,DBK,2023-08-16,13.0742,77.5133,,,,,,,,,,,,,,,,08/23,4539.0,DODDABIDARAKALLU LAKE,"E (Irrigation, industrial cooling and controlled waste)",0.5,7.0,1096.0,18.0,5.2,1700.0,35000.0,14.01904761904762,356.0,5.0,169.33333333333334,37.33333333333333,122.0,1.987619047619048,2.8,356.0,184.0,172.0,50.0,153.0,748.0,31.25714285714286,3.1,0.5,32.0,0.2,41.0,1.415142857142857,0.1261904761904762,2023.0
Doddabidarakallu Lake,DBK,2023-10-10,13.0742,77.5133,,,,,,,,,,,,,,,,10/23,4539.0,DODDABIDARAKALLU LAKE,"E (Irrigation, industrial cooling and controlled waste)",2.4,6.7,2191.0,17.0,12.0,2300.0,24000.0,3.0,508.0,5.0,508.0,268.0,116.0,9.113362068965518,1.9,996.0,504.0,492.0,92.0,340.0,1492.0,94.99563318777292,0.5,0.5,32.0,0.2,41.0,4.7,1.1,2023.0
Doddabidarakallu Lake,DBK,2023-12-24,13.0742,77.5133,,,,,,,,,,,,,,,,12/23,4539.0,DODDABIDARAKALLU LAKE,"E (Irrigation, industrial cooling and controlled waste)",0.3,7.14,1485.0,20.0,3.2,4900.0,92000.0,3.0,448.0,5.0,448.0,404.0,227.0,10.4,8.3,512.0,260.0,252.0,38.0,106.0,1022.0,24.0,0.56,0.5,11.0,0.3,30.0,2.0,1.7,2023.0
Doddabidarakallu Lake,DBK,2024-03-03,13.0742,77.5133,,,,,,,,,,,,,,,,03/24,4539.0,Doddabidarakallu Lake,"E (Irrigation, industrial cooling and controlled waste)",0.8,7.6,1185.0,18.0,6.0,1100000.0,4900000.0,3.0,456.0,5.0,456.0,152.0,120.0,3.3,2.0,436.0,224.0,212.0,53.0,174.0,525.0,28.0,2.0,0.5,35.0,0.28,44.0,3.6,5.9,2024.0
Doddabidarakallu Lake,DBK,2024-04-02,13.0742,77.5133,,,,,,,,,,,,,,,,04/24,4539.0,Doddabidarakallu Lake,"E (Irrigation, industrial cooling and controlled waste)",0.8,7.6,1888.0,58.0,6.6,450000.0,2300000.0,3.0,532.0,5.0,532.0,232.0,296.0,29.0,21.0,404.0,208.0,196.0,34.0,189.0,1242.0,20.0,1.4,0.5,34.0,0.2,48.0,4.0,3.8,2024.0
Doddabidarakallu Lake,DBK,2024-05-02,13.0742,77.5133,,,,,,,,,,,,,,,,05/24,4539.0,Doddabidarakallu Lake,"E (Irrigation, industrial cooling and controlled waste)",0.3,6.7,2042.0,80.0,7.8,17000.0,48000.0,3.0,476.0,5.0,476.0,348.0,325.0,36.0,30.0,560.0,284.0,276.0,83.0,173.0,1376.0,22.0,0.89,0.5,41.0,0.52,38.0,3.2,2.45,2024.0
Doddabidarakallu Lake,DBK,2024-12-08,13.0742,77.5133,,,,,,,,,,,,,,,,12/24,4539.0,Doddabidarakallu Lake,"E (Irrigation, industrial cooling and controlled waste)",0.3,7.3,1360.0,93.0,4.7,2600.0,28000.0,3.0,400.0,5.0,400.0,164.0,296.0,51.0,40.0,304.0,160.0,144.0,66.0,100.0,892.0,20.0,1.6,0.5,23.0,0.3,39.0,2.5,4.3,2024.0
Doddabidarakallu Lake,DBK,2025-01-07,13.0742,77.5133,,,,,,,,,,,,,,,,01/25,4539.0,Doddabidarakallu Lake,"E (Irrigation, industrial cooling and controlled waste)",0.3,6.7,1622.0,81.0,6.2,11000.0,46000.0,3.0,436.0,5.0,436.0,168.0,272.0,44.0,34.0,300.0,148.0,152.0,29.0,111.0,1102.0,32.0,4.1,0.5,23.0,0.29,42.0,2.8,9.6,2025.0
Doddabidarakallu Lake,DBK,2025-02-01,13.0742,77.5133,,,,,,,,,,,,,,,,02/25,4539.0,Doddabidarakallu Lake,"E (Irrigation, industrial cooling and controlled waste)",0.3,6.9,1519.0,105.0,5.8,14000.0,84000.0,3.0,436.0,5.0,436.0,244.0,356.0,35.0,27.0,340.0,172.0,168.0,44.0,170.0,1048.0,30.0,2.2,0.5,22.0,0.2,50.0,4.0,5.0,2025.0
Doddabidarakallu Lake,DBK,2025-06-06,13.0742,77.5133,0.1244616053511706,0.166262235496927,0.1735700825716834,0.2169296039429677,0.3115198627002289,0.3470621087836648,0.3429993029396233,0.298678267910579,0.2411344587220559,-0.355589889195222,-0.3108992795706974,0.1549703837662164,-0.0030617098589371,1.0072555617828445,1.4786604393939558,06/25,4539.0,Doddabidarakallu Lake,E,0.3,7.4,1400.0,16.0,5.4,4300.0,14000.0,3.0,332.0,5.0,332.0,240.0,126.0,15.6,1.2,388.0,200.0,188.0,50.0,136.0,968.0,46.0,0.3,0.5,20.0,0.32,29.0,3.0,0.9,2025.0
Doddabidarakallu Lake,DBK,2025-11-10,13.0742,77.5133,,,,,,,,,,,,,,,,11/25,4539.0,Doddabidarakallu Lake,D,4.5,6.6,1025.0,5.0,3.93,3145.652173913044,2800.0,24.0,312.0,20.0,312.0,116.0,56.0,26.225,0.6,136.0,68.0,68.0,9.9,106.0,696.0,26.0,0.472,0.5,6.0,0.23,61.0,3.95,0.15,2025.0
Doddakannehalli Lake,DKN,2023-08-16,12.974,77.627,,,,,,,,,,,,,,,,08/23,4528.0,DODDAKANNEHALLI LAKE,"D (Propagation of wild life,fisheries)",4.4,8.5,769.0,9.0,3.0,1700.0,24000.0,4.609523809523809,100.0,16.0,116.0,144.0,80.0,4.303809523809524,0.83,156.0,84.0,72.0,45.0,93.0,520.0,18.228571428571428,1.7,0.5,18.0,0.26,41.0,1.9145714285714288,0.4880952380952381,2023.0
Doddakannehalli Lake,DKN,2023-10-10,12.974,77.627,,,,,,,,,,,,,,,,10/23,4528.0,DODDAKANNEHALLI LAKE,"D (Propagation of wild life,fisheries)",5.0,8.4,800.0,7.0,3.0,4000.0,54000.0,3.0,148.0,12.0,148.0,124.0,84.0,9.815517241379313,0.59,176.0,96.0,80.0,31.0,86.0,540.0,82.10480349344978,0.81,0.5,22.0,0.25,48.0,3.0,2.2,2023.0
Doddakannehalli Lake,DKN,2023-12-24,12.974,77.627,,,,,,,,,,,,,,,,12/23,4528.0,DODDAKANNEHALLI LAKE,"D (Propagation of wild life,fisheries)",4.5,6.9,530.0,7.0,1.9,23000.0,240000.0,3.0,108.0,5.0,108.0,68.0,61.0,1.5,0.9,168.0,88.0,80.0,25.0,63.0,368.0,12.0,0.25,0.5,24.0,0.23,44.0,2.1,0.7,2023.0
Doddakannehalli Lake,DKN,2024-03-03,12.974,77.627,,,,,,,,,,,,,,,,03/24,4528.0,Doddakannehalli Lake,"E (Irrigation, industrial cooling and controlled waste)",1.3,7.9,2015.0,17.0,7.0,2300.0,7900.0,3.0,564.0,5.0,564.0,332.0,132.0,2.86,2.3,340.0,176.0,164.0,108.0,252.0,1370.0,158.0,1.64,0.5,40.0,0.36,58.0,6.0,3.49,2024.0
Doddakannehalli Lake,DKN,2024-04-02,12.974,77.627,,,,,,,,,,,,,,,,04/24,4528.0,Doddakannehalli Lake,"E (Irrigation, industrial cooling and controlled waste)",1.4,7.8,1358.0,26.0,5.7,260.0,1400.0,3.0,324.0,5.0,324.0,1921.0,174.0,4.4,3.4,340.0,176.0,164.0,87.0,169.0,928.0,36.0,1.5,0.5,29.0,0.23,49.0,5.6,6.0,2024.0
Doddakannehalli Lake,DKN,2024-05-02,12.974,77.627,,,,,,,,,,,,,,,,05/24,4528.0,Doddakannehalli Lake,"E (Irrigation, industrial cooling and controlled waste)",3.6,7.5,1821.0,20.0,7.34,14000.0,46000.0,3.0,436.0,5.0,436.0,280.0,136.0,3.64,2.8,352.0,180.0,172.0,40.0,164.0,1220.0,10.0,0.99,0.5,16.0,0.23,49.0,4.0,2.58,2024.0
Doddakannehalli Lake,DKN,2024-06-01,12.974,77.627,,,,,,,,,,,,,,,,06/24,4528.0,Doddakannehalli Lake,"E (Irrigation, industrial cooling and controlled waste)",1.2,7.5,1675.0,22.0,5.83,310.0,3500.0,3.0,328.0,5.0,328.0,248.0,148.0,29.0,21.0,312.0,164.0,148.0,28.0,154.0,1110.0,12.0,0.85,0.5,31.0,0.42,48.0,4.0,2.3,2024.0
Doddakannehalli Lake,DKN,2024-09-19,12.974,77.627,,,,,,,,,,,,,,,,09/24,4528.0,Doddakannehalli Lake,"E (Irrigation, industrial cooling and controlled waste)",3.8,7.1,800.0,7.0,2.8,7800.0,33000.0,3.0,152.0,5.0,152.0,128.0,84.0,1.5,0.59,180.0,96.0,84.0,31.0,82.1,520.0,22.0,0.73,0.5,14.5,0.25,48.0,2.7,2.2,2024.0
Doddakannehalli Lake,DKN,2024-12-08,12.974,77.627,,,,,,,,,,,,,,,,12/24,4528.0,Doddakannehalli Lake,"E (Irrigation, industrial cooling and controlled waste)",3.3,8.3,578.0,21.0,2.2,2600.0,9400.0,16.0,148.0,8.0,156.0,92.0,155.0,3.0,2.5,128.0,68.0,60.0,24.0,46.0,398.0,42.0,0.24,0.5,12.0,0.46,41.0,2.0,0.67,2024.0
Doddakannehalli Lake,DKN,2025-01-07,12.974,77.627,,,,,,,,,,,,,,,,01/25,4528.0,Doddakannehalli Lake,"E (Irrigation, industrial cooling and controlled waste)",3.2,8.4,873.0,10.0,3.4,170.0,2200.0,64.0,196.0,32.0,228.0,144.0,122.0,4.9,3.8,228.0,112.0,116.0,37.0,97.0,600.0,82.0,0.75,0.5,24.0,0.2,45.0,2.8,1.92,2025.0
Doddakannehalli Lake,DKN,2025-02-01,12.974,77.627,,,,,,,,,,,,,,,,02/25,4528.0,Doddakannehalli Lake,"E (Irrigation, industrial cooling and controlled waste)",3.4,8.0,1567.0,16.0,5.5,3100.0,11000.0,3.0,244.0,5.0,244.0,332.0,116.0,1.5,1.0,304.0,160.0,144.0,59.0,174.0,1020.0,10.0,0.73,0.5,24.0,0.24,53.0,4.0,2.0,2025.0
Doddakannehalli Lake,DKN,2025-03-08,12.974,77.627,,,,,,,,,,,,,,,,03/25,4528.0,Doddakannehalli Lake,"D (Propagation of wild life,fisheries)",6.1,6.5,188.0,4.0,0.6,210.0,1200.0,3.0,36.0,5.0,36.0,24.0,36.0,1.5,0.4,80.0,48.0,32.0,5.846153846153847,28.0,124.0,22.0,0.2,0.5,5.0,0.2,41.0,1.0,0.05,2025.0
Doddakannehalli Lake,DKN,2025-04-04,12.974,77.627,0.081724391875242,0.1116229797129459,0.1067389869592924,0.1589588833738161,0.2849746470940263,0.3265419192452562,0.3185463723730066,0.2228749639173442,0.1531762171295809,-0.4931320927214451,-0.3787549932747003,0.27744390775753,-0.0753566955060838,0.8886032222963757,2.047836116490554,04/25,4528.0,Doddakannehalli Lake,"D (Propagation of wild life,fisheries)",4.3,7.6,898.0,11.0,3.0,310.0,2800.0,3.0,252.0,5.0,252.0,152.0,97.0,1.5,0.88,248.0,128.0,120.0,19.0,94.0,624.0,10.0,0.8,0.5,25.0,0.33,42.0,2.6,1.9,2025.0
Doddakannehalli Lake,DKN,2025-05-07,12.974,77.627,0.0969853346006266,0.1223908330617418,0.1231355404947297,0.167609244200373,0.2861728940049987,0.3350298623578694,0.3306945647199632,0.2421511564051116,0.1805561657337981,-0.4757236344511527,-0.3699739428597384,0.2154837713223276,-0.0272028588837936,0.9639201157002528,1.7044198295942652,05/25,4528.0,Doddakannehalli Lake,D,4.8,7.0,690.0,4.0,2.7,150.0,2400.0,3.0,156.0,5.0,156.0,116.0,45.0,1.5,0.4,116.0,60.0,56.0,8.8,90.0,468.0,20.0,0.3,0.5,10.0,0.31,60.0,3.6,0.7,2025.0
Doddakannehalli Lake,DKN,2025-06-06,12.974,77.627,,,,,,,,,,,,,,,,06/25,4528.0,Doddakannehalli Lake,D,5.2,7.7,1696.0,9.0,6.5,380.0,4300.0,3.0,176.0,5.0,176.0,340.0,96.0,1.5,0.4,256.0,132.0,124.0,36.0,186.0,1136.0,10.0,1.1,0.5,3.0,0.28,61.0,5.0,2.6,2025.0
Doddakannehalli Lake,DKN,2025-11-10,12.974,77.627,,,,,,,,,,,,,,,,11/25,4528.0,Doddakannehalli Lake,D,6.1,8.0,834.0,5.0,3.32,2822.4637681159425,3500.0,14.0,228.0,20.0,228.0,108.0,48.0,16.333333333333332,0.4,220.0,116.0,104.0,29.0,71.0,564.0,90.5,0.92,0.5,5.0,0.31,41.0,2.08,2.58,2025.0
Gottigere Lake,GTG,2023-08-16,12.8793,77.6017,,,,,,,,,,,,,,,,08/23,3613.0,GOTTIGERE LAKE,"D (Propagation of wild life,fisheries)",5.8,7.7,833.0,5.0,3.0,3100.0,35000.0,5.228571428571429,148.0,5.0,148.0,140.0,68.0,4.151428571428571,0.4,168.0,92.0,76.0,36.0,97.0,556.0,19.085714285714285,0.28,0.5,24.0,0.35,41.0,1.8817142857142857,0.4642857142857143,2023.0
Gottigere Lake,GTG,2023-10-10,12.8793,77.6017,,,,,,,,,,,,,,,,10/23,3613.0,GOTTIGERE LAKE,"E (Irrigation, industrial cooling and controlled waste)",2.8,6.5,480.0,14.0,2.0,1700.0,24000.0,3.0,136.0,5.0,136.0,68.0,124.0,10.595689655172414,6.8,116.0,64.0,52.0,10.0,35.0,326.0,67.78165938864629,0.45,0.5,4.0,0.31,38.0,136.0,1.39,2023.0
Gottigere Lake,GTG,2023-12-24,12.8793,77.6017,,,,,,,,,,,,,,,,12/23,3613.0,GOTTIGERE LAKE,"D (Propagation of wild life,fisheries)",6.1,7.8,788.0,4.0,3.0,340.0,5400.0,3.0,148.0,5.0,148.0,156.0,48.0,1.5,0.4,108.0,60.0,48.0,8.0,107.0,530.0,10.0,0.2,0.5,59.0,0.2,56.0,4.0,0.23,2023.0
Gottigere Lake,GTG,2024-03-03,12.8793,77.6017,,,,,,,,,,,,,,,,03/24,3613.0,Gottigere Lake,"D (Propagation of wild life,fisheries)",4.6,7.6,1042.0,8.0,2.5,430.0,3500.0,3.0,340.0,5.0,340.0,184.0,79.0,1.5,0.4,344.0,180.0,164.0,20.0,98.0,710.0,16.0,1.04,0.5,11.0,0.25,37.0,3.0,3.19,2024.0
Gottigere Lake,GTG,2024-04-02,12.8793,77.6017,,,,,,,,,,,,,,,,04/24,3613.0,Gottigere Lake,"E (Irrigation, industrial cooling and controlled waste)",3.6,7.3,1128.0,10.0,2.8,11000.0,46000.0,3.0,296.0,5.0,296.0,196.0,117.0,4.4,3.6,304.0,156.0,148.0,17.0,99.0,770.0,22.0,0.29,0.5,10.0,0.6,40.0,2.4,0.89,2024.0
Gottigere Lake,GTG,2024-05-02,12.8793,77.6017,,,,,,,,,,,,,,,,05/24,3613.0,Gottigere Lake,"E (Irrigation, industrial cooling and controlled waste)",2.5,8.0,1188.0,19.0,5.0,310.0,3500.0,3.0,348.0,5.0,348.0,216.0,125.0,3.6,2.77,356.0,184.0,172.0,16.0,153.0,810.0,10.0,2.7,0.5,30.0,0.2,46.0,0.28,6.7,2024.0
Gottigere Lake,GTG,2024-06-01,12.8793,77.6017,,,,,,,,,,,,,,,,06/24,3613.0,Gottigere Lake,"E (Irrigation, industrial cooling and controlled waste)",3.6,7.1,1210.0,17.0,4.3,1200.0,7900.0,3.0,128.0,5.0,128.0,224.0,114.0,1.7,1.3,140.0,72.0,68.0,45.0,135.0,824.0,42.0,0.2,0.5,25.0,0.37,63.0,4.9,0.3,2024.0
Gottigere Lake,GTG,2024-09-19,12.8793,77.6017,,,,,,,,,,,,,,,,09/24,3613.0,Gottigere Lake,"E (Irrigation, industrial cooling and controlled waste)",2.1,7.1,1141.0,20.0,8.5,3100.0,17000.0,3.0,376.0,5.0,376.0,200.0,152.0,14.0,10.0,384.0,196.0,188.0,45.0,113.0,778.0,20.0,0.2,0.5,19.0,0.31,38.0,2.5,0.7,2024.0
Gottigere Lake,GTG,2024-12-08,12.8793,77.6017,,,,,,,,,,,,,,,,12/24,3613.0,Gottigere Lake,"D (Propagation of wild life,fisheries)",4.5,7.0,894.0,5.0,3.4,430.0,2200.0,3.0,204.0,5.0,204.0,148.0,56.0,1.5,0.4,244.0,128.0,116.0,36.0,88.0,606.0,10.0,0.24,0.5,18.0,0.26,43.0,2.45,0.7,2024.0
Gottigere Lake,GTG,2025-01-07,12.8793,77.6017,,,,,,,,,,,,,,,,01/25,3613.0,Gottigere Lake,"D (Propagation of wild life,fisheries)",6.6,7.5,524.0,4.0,2.01,170.0,2100.0,3.0,128.0,5.0,128.0,124.0,42.0,1.5,0.4,140.0,80.0,60.0,6.0,49.0,360.0,12.0,0.2,0.5,12.0,0.2,40.0,1.79,0.35,2025.0
Gottigere Lake,GTG,2025-02-01,12.8793,77.6017,,,,,,,,,,,,,,,,02/25,3613.0,Gottigere Lake,"D (Propagation of wild life,fisheries)",7.0,7.5,648.0,4.0,2.5,170.0,920.0,3.0,120.0,5.0,120.0,84.0,42.0,1.5,0.4,88.0,52.0,36.0,13.0,77.0,440.0,36.0,0.2,0.5,13.0,0.2,61.0,3.6,0.2,2025.0
Gottigere Lake,GTG,2025-03-08,12.8793,77.6017,,,,,,,,,,,,,,,,03/25,3613.0,Gottigere Lake,"D (Propagation of wild life,fisheries)",5.1,7.3,718.0,15.0,2.5,400.0,2100.0,3.0,236.0,5.0,236.0,128.0,152.0,1.56,1.2,232.0,116.0,116.0,7.3076923076923075,84.0,496.0,10.0,1.11,0.5,10.0,0.26,43.0,2.4,2.6,2025.0
Gottigere Lake,GTG,2025-04-04,12.8793,77.6017,0.1522024179072959,0.1791866478809366,0.2008413826178854,0.2257817724281138,0.2374009080350542,0.2494185020941119,0.237855288072361,0.3030741561961073,0.2804875303558232,-0.1452427980256661,-0.2631612608072343,0.0647951157636927,0.0565156072900323,1.1239720230377672,1.153208211731695,04/25,3613.0,Gottigere Lake,"D (Propagation of wild life,fisheries)",6.0,6.8,827.0,4.0,3.33,63.0,540.0,3.0,120.0,5.0,120.0,144.0,40.0,1.5,0.4,152.0,80.0,72.0,25.0,71.0,564.0,10.0,0.2,0.5,6.0,0.23,49.0,2.5,0.18,2025.0
Gottigere Lake,GTG,2025-05-07,12.8793,77.6017,0.1605507478970893,0.1873771572671154,0.2095179010763576,0.2307532009995422,0.2440475134621474,0.2621951606658922,0.2512379896526236,0.3052587407172773,0.2936026220392077,-0.1510673917274489,-0.2459357181470085,0.0536734747227095,0.0572062387903413,1.1254357735483995,1.125096456384707,05/25,3613.0,Gottigere Lake,D,6.3,7.5,685.0,4.0,2.2,300.0,3500.0,3.0,128.0,5.0,128.0,92.0,40.0,1.5,0.74,124.0,68.0,56.0,14.0,72.0,398.0,16.0,0.2,0.5,17.0,0.5,51.0,2.8,0.32,2025.0
Gottigere Lake,GTG,2025-06-06,12.8793,77.6017,0.1752699714919226,0.2007335506884909,0.2196088301726081,0.2394192623095061,0.2502704642241226,0.2658246119733924,0.2556364762608664,0.2999583078168443,0.2836348396860589,-0.1277384217691056,-0.206925935658996,0.0500372299152632,0.0469485788316511,1.1025246773778126,1.1180553079691684,06/25,3613.0,Gottigere Lake,D,5.4,7.7,423.0,8.0,1.6,2200.0,7900.0,3.0,112.0,5.0,112.0,64.0,92.0,1.9,1.4,92.0,48.0,44.0,12.0,51.0,292.0,30.0,0.2,0.5,3.0,0.42,53.0,2.3,0.14,2025.0
Gottigere Lake,GTG,2025-11-10,12.8793,77.6017,,,,,,,,,,,,,,,,11/25,3613.0,Gottigere Lake,D,6.0,6.7,356.0,4.0,1.43,980.289855072464,2800.0,30.985915492957744,116.0,20.0,116.0,48.0,44.0,10.827272727272728,0.4,116.0,64.0,52.0,23.0,25.0,240.0,12.0,0.665,0.5,15.5,0.28,31.0,1.0,1.74,2025.0
Haralur Lake,HRL,2023-08-16,12.9059,77.6887,,,,,,,,,,,,,,,,08/23,3621.0,HARALUR LAKE,"E (Irrigation, industrial cooling and controlled waste)",2.0,8.2,968.0,17.0,3.7,6300.0,54000.0,3.866666666666666,244.0,5.0,244.0,148.0,117.0,4.486666666666667,1.5,248.0,128.0,120.0,99.0,99.0,660.0,17.2,2.6,0.5,22.0,0.26,41.0,1.954,0.5166666666666667,2023.0
Haralur Lake,HRL,2023-10-10,12.9059,77.6887,,,,,,,,,,,,,,,,10/23,3621.0,HARALUR LAKE,"D (Propagation of wild life,fisheries)",4.5,8.4,798.0,8.0,3.0,4800.0,35000.0,16.0,124.0,8.0,132.0,116.0,92.0,10.049568965517242,0.52,180.0,96.0,84.0,29.0,83.0,538.0,77.80786026200873,1.4,0.5,23.0,0.25,46.0,3.0,4.8,2023.0
Haralur Lake,HRL,2023-12-24,12.9059,77.6887,,,,,,,,,,,,,,,,12/23,3621.0,HARALUR LAKE,"E (Irrigation, industrial cooling and controlled waste)",3.1,6.8,905.0,16.0,3.4000000000000004,4600.0,92000.0,3.0,208.0,5.0,208.0,148.0,120.0,5.3,4.2,244.0,128.0,116.0,37.0,86.0,630.0,52.0,0.55,0.5,18.0,0.38,41.0,2.4,1.58,2023.0
Haralur Lake,HRL,2024-03-03,12.9059,77.6887,,,,,,,,,,,,,,,,03/24,3621.0,Haralur Lake,"E (Irrigation, industrial cooling and controlled waste)",3.2,9.0,836.0,15.0,3.0,1700.0,4600.0,16.0,112.0,8.0,128.0,148.0,140.0,2.64,2.0,120.0,64.0,56.0,30.0,109.0,576.0,90.0,0.43,0.5,30.0,0.29,59.0,4.0,1.02,2024.0
Haralur Lake,HRL,2024-04-02,12.9059,77.6887,,,,,,,,,,,,,,,,04/24,3621.0,Haralur Lake,"D (Propagation of wild life,fisheries)",6.0,6.9,1830.0,4.0,6.3,240.0,2200.0,3.0,216.0,5.0,216.0,408.0,44.0,1.5,0.4,340.0,176.0,164.0,27.0,234.0,1220.0,22.0,0.48,0.5,33.0,0.38,57.0,6.0,1.2,2024.0
Haralur Lake,HRL,2024-05-02,12.9059,77.6887,,,,,,,,,,,,,,,,05/24,3621.0,Haralur Lake,"D (Propagation of wild life,fisheries)",4.1,8.1,1030.0,14.0,3.5,170.0,1400.0,3.0,188.0,5.0,188.0,180.0,139.0,1.5,0.99,176.0,96.0,80.0,16.0,100.0,698.0,202.0,0.54,0.5,13.0,0.4,53.0,3.3,1.9,2024.0
Haralur Lake,HRL,2024-06-01,12.9059,77.6887,,,,,,,,,,,,,,,,06/24,3621.0,Haralur Lake,"D (Propagation of wild life,fisheries)",4.8,9.0,840.0,8.0,2.92,220.0,3500.0,32.0,104.0,16.0,136.0,136.0,96.0,1.5,0.79,136.0,76.0,60.0,55.0,97.0,562.0,146.0,0.26,0.5,24.0,0.39,56.0,4.0,0.73,2024.0
Haralur Lake,HRL,2024-09-19,12.9059,77.6887,,,,,,,,,,,,,,,,09/24,3621.0,Haralur Lake,"E (Irrigation, industrial cooling and controlled waste)",2.1,8.2,705.0,22.0,2.3,2400.0,22000.0,3.0,236.0,5.0,236.0,104.0,160.0,10.7,7.9,208.0,108.0,100.0,31.0,69.0,486.0,400.0,0.3,0.5,12.0,0.39,40.0,2.1,0.8,2024.0
Haralur Lake,HRL,2024-12-08,12.9059,77.6887,,,,,,,,,,,,,,,,12/24,3621.0,Haralur Lake,"E (Irrigation, industrial cooling and controlled waste)",3.3,8.2,502.0,23.0,1.9,3100.0,4800.0,3.0,136.0,5.0,136.0,80.0,160.0,3.1,2.7,116.0,64.0,52.0,20.0,40.0,346.0,62.0,0.21,0.5,10.0,0.24,40.0,2.0,0.59,2024.0
Haralur Lake,HRL,2025-01-07,12.9059,77.6887,,,,,,,,,,,,,,,,01/25,3621.0,Haralur Lake,"E (Irrigation, industrial cooling and controlled waste)",2.8,8.7,837.0,15.0,3.2,170.0,3500.0,72.0,176.0,36.0,212.0,128.0,156.0,5.0,3.9,216.0,112.0,104.0,13.0,94.0,570.0,106.0,0.64,0.5,19.0,0.2,46.0,2.79,1.63,2025.0
Haralur Lake,HRL,2025-02-01,12.9059,77.6887,,,,,,,,,,,,,,,,02/25,3621.0,Haralur Lake,"D (Propagation of wild life,fisheries)",5.9,8.5,1167.0,5.0,4.1,2200.0,13000.0,16.0,160.0,8.0,176.0,220.0,60.0,1.5,0.4,192.0,104.0,88.0,62.0,156.0,786.0,100.0,0.38,0.5,24.0,0.29,60.0,5.0,1.1,2025.0
Haralur Lake,HRL,2025-03-08,12.9059,77.6887,,,,,,,,,,,,,,,,03/25,3621.0,Haralur Lake,"D (Propagation of wild life,fisheries)",5.4,8.2,842.0,9.0,3.2,6300.0,35000.0,3.0,160.0,5.0,160.0,152.0,92.0,1.5,0.58,212.0,74.0,138.0,7.128205128205128,100.0,558.0,148.0,0.2,0.5,27.0,0.23,47.0,3.0,0.05,2025.0
Haralur Lake,HRL,2025-04-04,12.9059,77.6887,,,,,,,,,,,,,,,,04/25,3621.0,Haralur Lake,"E (Irrigation, industrial cooling and controlled waste)",2.9,8.1,911.0,18.0,3.0,260.0,4300.0,3.0,312.0,5.0,312.0,152.0,121.0,1.57,1.2,284.0,144.0,140.0,35.0,106.0,632.0,10.0,1.21,0.5,15.0,0.28,48.0,2.7,28.0,2025.0
Haralur Lake,HRL,2025-05-07,12.9059,77.6887,0.0597289666338167,0.0830064410330392,0.0739697981707088,0.1206041179783189,0.2484801105166833,0.2949375158383783,0.2943056243840631,0.2218192629874703,0.1390829508658313,-0.556102547130733,-0.4474005939759152,0.2495461201903031,-0.0669827451878939,0.8846357478874736,1.6930513663687503,05/25,3621.0,Haralur Lake,D,5.0,7.2,821.0,9.0,3.2,210.0,1400.0,3.0,188.0,5.0,188.0,132.0,88.0,1.5,0.4,140.0,76.0,64.0,9.0,114.0,560.0,10.0,0.4,0.5,12.0,0.2,62.0,4.2,0.9,2025.0
Haralur Lake,HRL,2025-06-06,12.9059,77.6887,0.0956790616640856,0.1145043500917937,0.0894589080004168,0.1427763550612418,0.3091678480923555,0.368009041954104,0.3669024848655499,0.2181816767563001,0.1302308637195551,-0.5180668357975882,-0.3071097416188731,0.232599018561655,-0.1250889044486704,0.7811195979109324,1.6208195264969318,06/25,3621.0,Haralur Lake,D,4.9,8.3,870.0,14.0,3.3,260.0,3500.0,32.0,156.0,16.0,172.0,140.0,136.0,1.5,0.4,184.0,96.0,88.0,39.0,85.0,584.0,46.0,1.0,0.5,2.0,0.22,50.0,2.7,2.4,2025.0
Haralur Lake,HRL,2025-11-10,12.9059,77.6887,,,,,,,,,,,,,,,,11/25,3621.0,Haralur Lake,E,2.6,7.3,918.0,26.0,3.7,1238.840579710145,110000.0,27.380281690140844,208.0,20.0,208.0,120.0,188.0,7.7,6.2,212.0,112.0,100.0,36.0,78.0,632.0,40.0,1.35,0.5,6.0,0.48,44.0,2.33,3.9,2025.0
Hebbal Lake,HBL,2023-08-16,13.0455,77.5961,,,,,,,,,,,,,,,,08/23,3625.0,HEBBAL LAKE,"D (Propagation of wild life,fisheries)",4.2,7.0,750.0,11.0,2.2,4800.0,92000.0,9.066666666666666,212.0,5.0,212.0,116.0,107.0,3.206666666666667,0.93,200.0,108.0,92.0,12.0,74.0,510.0,24.4,0.31,0.5,9.0,0.34,41.0,1.678,0.3166666666666666,2023.0
Hebbal Lake,HBL,2023-10-10,13.0455,77.5961,,,,,,,,,,,,,,,,10/23,3625.0,HEBBAL LAKE,"D (Propagation of wild life,fisheries)",6.1,7.6,412.0,4.0,1.0,4100.0,24000.0,3.0,88.0,5.0,88.0,56.0,40.0,11.68793103448276,0.4,144.0,80.0,64.0,16.0,38.0,282.0,47.7292576419214,0.31,0.5,10.0,0.2,34.0,16.0,0.97,2023.0
Hebbal Lake,HBL,2023-12-24,13.0455,77.5961,,,,,,,,,,,,,,,,12/23,3625.0,HEBBAL LAKE,"D (Propagation of wild life,fisheries)",5.3,6.9,462.0,4.0,1.79,4300.0,54000.0,3.0,108.0,5.0,108.0,76.0,44.0,1.5,0.64,124.0,68.0,56.0,19.0,40.0,318.0,22.0,0.2,0.5,10.0,0.41,39.0,1.6,0.05,2023.0
Hebbal Lake,HBL,2024-03-03,13.0455,77.5961,,,,,,,,,,,,,,,,03/24,3625.0,Hebbal Lake,"E (Irrigation, industrial cooling and controlled waste)",2.2,7.6,745.0,28.0,2.5,2200.0,9400.0,3.0,196.0,5.0,196.0,96.0,172.0,1.8,1.2,168.0,92.0,76.0,26.0,94.0,496.0,60.0,0.88,0.5,21.0,0.27,51.0,3.0,2.3,2024.0
Hebbal Lake,HBL,2024-05-02,13.0455,77.5961,,,,,,,,,,,,,,,,05/24,3625.0,Hebbal Lake,"E (Irrigation, industrial cooling and controlled waste)",0.3,6.7,1095.0,26.0,3.9,3100.0,9400.0,3.0,236.0,5.0,236.0,128.0,176.0,6.3,4.8,244.0,128.0,116.0,11.0,108.0,742.0,24.0,1.1,0.5,22.0,0.3,46.0,3.0,1.7,2024.0
Hebbal Lake,HBL,2024-06-01,13.0455,77.5961,,,,,,,,,,,,,,,,06/24,3625.0,Hebbal Lake,"D (Propagation of wild life,fisheries)",6.9,7.1,669.0,6.3,2.4,170.0,2400.0,3.0,176.0,5.0,176.0,112.0,57.0,1.5,0.82,176.0,92.0,84.0,19.0,75.0,456.0,10.0,1.0,0.5,22.0,0.2,48.0,2.8,1.8,2024.0
Hebbal Lake,HBL,2024-09-19,13.0455,77.5961,,,,,,,,,,,,,,,,09/24,3625.0,Hebbal Lake,"D (Propagation of wild life,fisheries)",6.8,6.7,628.0,6.0,2.12,310.0,3500.0,3.0,148.0,5.0,148.0,76.0,56.0,1.5,0.4,148.0,80.0,68.0,14.0,65.0,428.0,12.0,0.7,0.5,14.0,0.26,46.0,2.0,1.91,2024.0
Hebbal Lake,HBL,2024-12-08,13.0455,77.5961,,,,,,,,,,,,,,,,12/24,3625.0,Hebbal Lake,"D (Propagation of wild life,fisheries)",4.9,7.9,674.0,7.0,2.71,310.0,3500.0,3.0,216.0,5.0,216.0,40.0,84.0,1.5,0.82,124.0,68.0,56.0,7.0,73.0,432.0,12.0,0.28,0.5,5.0,0.2,64.0,3.6,0.76,2024.0
Hebbal Lake,HBL,2025-01-07,13.0455,77.5961,,,,,,,,,,,,,,,,01/25,3625.0,Hebbal Lake,"D (Propagation of wild life,fisheries)",6.0,8.2,595.0,8.0,2.3,240.0,2800.0,3.0,160.0,5.0,160.0,64.0,61.0,1.5,0.4,124.0,68.0,56.0,13.0,54.0,404.0,24.0,0.2,0.5,10.0,0.2,46.0,2.1,0.5,2025.0
Hebbal Lake,HBL,2025-02-01,13.0455,77.5961,,,,,,,,,,,,,,,,02/25,3625.0,Hebbal Lake,"D (Propagation of wild life,fisheries)",4.8,7.7,662.0,8.0,2.5,1700.0,11000.0,3.0,160.0,5.0,160.0,64.0,71.0,1.5,0.47,156.0,84.0,72.0,14.0,52.0,450.0,20.0,0.5,0.5,12.0,0.25,39.0,1.8,1.1,2025.0
Hebbal Lake,HBL,2025-03-08,13.0455,77.5961,,,,,,,,,,,,,,,,03/25,3625.0,Hebbal Lake,"D (Propagation of wild life,fisheries)",5.8,7.2,624.0,7.0,2.0,250.0,3500.0,3.0,176.0,5.0,176.0,80.0,71.0,1.6,1.3,164.0,88.0,76.0,7.0256410256410255,70.0,424.0,20.0,0.58,0.5,15.0,0.2,46.0,2.5,1.3,2025.0
Hebbal Lake,HBL,2025-04-04,13.0455,77.5961,0.0820867013974444,0.1102214231187579,0.1214145303071237,0.1656585659474109,0.2516108240346367,0.2798563694603824,0.2726423351754725,0.2823677038966524,0.2046116230771939,-0.4305506785961662,-0.4491264238767328,0.1772536678447874,0.034090302592883,1.0810268092951498,1.4908508841342911,04/25,3625.0,Hebbal Lake,"D (Propagation of wild life,fisheries)",5.9,7.6,698.0,6.0,2.6,1100.0,7900.0,3.0,124.0,5.0,124.0,104.0,69.0,1.5,0.4,124.0,68.0,56.0,7.0,69.0,476.0,10.0,0.2,0.5,15.0,0.22,51.0,2.7,0.4,2025.0
Hebbal Lake,HBL,2025-05-07,13.0455,77.5961,0.0871799922559752,0.1162031079314025,0.1261509374652674,0.1701829385054031,0.2625556548980958,0.29764135309233,0.2923920940547009,0.2753357597944312,0.2062733781548101,-0.4391104001854113,-0.4181756160910891,0.1713933752582306,0.0262181335359546,1.0621547062950658,1.4616516017106875,05/25,3625.0,Hebbal Lake,D,4.8,8.4,614.0,8.0,2.4,1300.0,7900.0,24.0,132.0,12.0,156.0,76.0,90.0,1.5,0.4,144.0,72.0,72.0,10.0,71.0,418.0,48.0,0.5,0.5,15.0,0.4,48.0,2.6,1.2,2025.0
Hebbal Lake,HBL,2025-06-06,13.0455,77.5961,0.0752858460347073,0.1132162163973173,0.1160368119007529,0.1722221021507268,0.3041113379562814,0.3476906790101726,0.3376464078285052,0.2706286317716216,0.1930992115174769,-0.5109240857240706,-0.4341146795079065,0.2368653817434599,-0.0097028286603456,0.9907273716052464,1.7246560003144384,06/25,3625.0,Hebbal Lake,D,5.3,7.8,380.0,8.0,1.6,140.0,3500.0,3.0,108.0,5.0,108.0,56.0,98.0,1.5,0.84,108.0,56.0,52.0,7.0,36.0,264.0,10.0,0.2,0.5,5.0,0.28,40.0,1.5,0.05,2025.0
Hebbal Lake,HBL,2025-11-10,13.0455,77.5961,,,,,,,,,,,,,,,,11/25,3625.0,Hebbal Lake,E,2.9,6.8,480.0,19.0,1.9,1368.1159420289855,12000.0,25.577464788732392,180.0,20.0,180.0,68.0,128.0,12.0,8.9,128.0,64.0,64.0,7.0,50.0,330.0,18.0,1.65,0.5,6.0,0.24,44.0,1.9,0.19,2025.0
Hesaraghatta Lake,HSG,2023-08-16,13.1299,77.4614,,,,,,,,,,,,,,,,08/23,3597.0,HESARAGHATTA LAKE,"D (Propagation of wild life,fisheries)",4.8,7.2,402.0,7.0,1.4,320.0,9200.0,14.761904761904765,156.0,5.0,156.0,72.0,66.0,1.804761904761905,0.7,120.0,64.0,56.0,10.0,39.0,296.0,32.285714285714285,0.2,0.5,16.0,0.28,41.0,1.375714285714286,0.0976190476190476,2023.0
Hesaraghatta Lake,HSG,2023-10-10,13.1299,77.4614,,,,,,,,,,,,,,,,10/23,3597.0,HESARAGHATTA LAKE,"D (Propagation of wild life,fisheries)",5.2,7.5,520.0,5.0,2.0,4000.0,54000.0,3.0,116.0,5.0,116.0,40.0,44.0,8.879310344827587,0.4,160.0,80.0,80.0,28.0,34.0,354.0,99.29257641921396,0.2,0.5,3.0,0.2,31.0,1.5,0.05,2023.0
Hesaraghatta Lake,HSG,2023-12-24,13.1299,77.4614,,,,,,,,,,,,,,,,12/23,3597.0,HESARAGHATTA LAKE,"D (Propagation of wild life,fisheries)",4.3,7.8,281.0,9.0,1.8,700.0,9200.0,3.0,80.0,5.0,80.0,40.0,91.0,1.5,0.92,72.0,44.0,28.0,5.0,29.0,194.0,10.0,0.2,0.5,4.0,0.2,44.0,1.4,0.05,2023.0
Hesaraghatta Lake,HSG,2024-03-03,13.1299,77.4614,,,,,,,,,,,,,,,,03/24,3597.0,Hesaraghatta Lake,"D (Propagation of wild life,fisheries)",5.3,7.0,394.0,7.0,1.4,14.0,1600.0,3.0,116.0,5.0,116.0,48.0,65.0,1.5,0.85,128.0,68.0,60.0,44.0,45.0,286.0,10.0,0.2,0.5,19.0,0.2,39.0,1.7,0.5,2024.0
Hesaraghatta Lake,HSG,2024-04-02,13.1299,77.4614,,,,,,,,,,,,,,,,04/24,3597.0,Hesaraghatta Lake,"D (Propagation of wild life,fisheries)",5.8,7.7,469.0,5.0,1.6,32.0,1600.0,3.0,140.0,5.0,140.0,48.0,52.0,1.5,0.4,124.0,68.0,56.0,5.0,31.0,312.0,10.0,0.2,0.5,15.0,0.2,32.0,1.0,0.05,2024.0
Hesaraghatta Lake,HSG,2024-05-02,13.1299,77.4614,,,,,,,,,,,,,,,,05/24,3597.0,Hesaraghatta Lake,"E (Irrigation, industrial cooling and controlled waste)",0.6,6.5,340.0,30.0,0.96,17000.0,48000.0,3.0,64.0,6.5,64.0,20.0,172.0,1.56,1.2,72.0,40.0,32.0,22.0,12.0,226.0,72.0,0.2,0.5,2.0,0.2,26.0,0.6,0.35,2024.0
Hesaraghatta Lake,HSG,2024-06-01,13.1299,77.4614,,,,,,,,,,,,,,,,06/24,3597.0,Hesaraghatta Lake,"D (Propagation of wild life,fisheries)",6.0,7.6,453.0,4.0,1.57,330.0,16000.0,3.0,120.0,5.0,120.0,40.0,44.0,1.5,0.4,148.0,80.0,68.0,5.0,30.0,304.0,10.0,0.31,0.5,14.0,0.2,28.0,1.0,0.87,2024.0
Hesaraghatta Lake,HSG,2024-09-19,13.1299,77.4614,,,,,,,,,,,,,,,,09/24,3597.0,Hesaraghatta Lake,"D (Propagation of wild life,fisheries)",6.8,8.0,370.0,4.0,8.0,170.0,2800.0,3.0,80.0,5.0,80.0,48.0,40.0,1.5,0.4,72.0,40.0,32.0,33.0,28.0,252.0,32.0,0.4,0.5,26.0,0.36,37.0,1.4,1.0,2024.0
Hesaraghatta Lake,HSG,2024-12-08,13.1299,77.4614,,,,,,,,,,,,,,,,12/24,3597.0,Hesaraghatta Lake,"D (Propagation of wild life,fisheries)",5.8,7.3,369.0,5.0,1.3,140.0,3500.0,3.0,112.0,5.0,112.0,36.0,64.0,1.5,0.4,124.0,68.0,56.0,5.0,25.0,248.0,14.0,0.2,0.5,12.0,0.2,28.0,0.97,0.05,2024.0
Hesaraghatta Lake,HSG,2025-01-07,13.1299,77.4614,,,,,,,,,,,,,,,,01/25,3597.0,Hesaraghatta Lake,"D (Propagation of wild life,fisheries)",7.1,7.5,444.0,4.0,1.7,310.0,3500.0,3.0,112.0,5.0,112.0,52.0,43.0,1.5,0.44,100.0,44.0,56.0,35.0,27.0,306.0,10.0,0.2,0.5,11.0,0.2,33.0,1.17,0.3,2025.0
Hesaraghatta Lake,HSG,2025-02-01,13.1299,77.4614,,,,,,,,,,,,,,,,02/25,3597.0,Hesaraghatta Lake,"D (Propagation of wild life,fisheries)",5.0,7.1,520.0,7.0,2.2,270.0,2400.0,3.0,144.0,5.0,144.0,112.0,73.0,1.5,0.7,152.0,96.0,56.0,16.0,56.0,354.0,14.0,0.2,0.5,8.0,0.26,43.0,2.0,0.32,2025.0
Hesaraghatta Lake,HSG,2025-03-08,13.1299,77.4614,,,,,,,,,,,,,,,,03/25,3597.0,Hesaraghatta Lake,"D (Propagation of wild life,fisheries)",5.8,7.5,323.0,8.0,1.2,680.0,3900.0,3.0,112.0,5.0,112.0,44.0,92.0,1.5,0.86,128.0,64.0,64.0,7.6923076923076925,18.0,226.0,14.0,0.2,0.5,8.0,0.3,22.0,1.0,0.36,2025.0
Hesaraghatta Lake,HSG,2025-04-04,13.1299,77.4614,,,,,,,,,,,,,,,,04/25,3597.0,Hesaraghatta Lake,"D (Propagation of wild life,fisheries)",6.9,6.7,322.0,4.0,1.2,210.0,1100.0,3.0,80.0,5.0,80.0,40.0,38.0,8.3,6.4,116.0,64.0,52.0,18.0,19.0,220.0,10.0,0.2,0.5,16.0,0.2,23.0,0.8,0.05,2025.0
Hesaraghatta Lake,HSG,2025-05-07,13.1299,77.4614,,,,,,,,,,,,,,,,05/25,3597.0,Hesaraghatta Lake,D,6.4,6.9,359.0,5.0,1.4,140.0,2400.0,3.0,104.0,5.0,104.0,36.0,56.0,1.5,0.4,96.0,48.0,48.0,20.0,43.0,248.0,10.0,0.2,0.5,5.0,0.25,47.0,1.0,0.22,2025.0
Hesaraghatta Lake,HSG,2025-06-06,13.1299,77.4614,0.0636093078926987,0.1056485853717859,0.1236249069930264,0.1746263395057383,0.2891382489614872,0.3305500633668942,0.3268620397099206,0.3226785679081886,0.231222910652679,-0.5074593178435016,-0.5082404997085819,0.1844091237118827,0.0652778635882235,1.1673056627309053,1.4887107563093045,06/25,3597.0,Hesaraghatta Lake,D,6.0,7.1,400.0,5.0,1.5,200.0,3500.0,3.0,96.0,5.0,96.0,69.0,53.0,1.5,0.4,112.0,64.0,48.0,10.0,48.0,272.0,20.0,0.2,0.5,5.0,0.28,33.0,2.0,2.2,2025.0
Hesaraghatta Lake,HSG,2025-11-10,13.1299,77.4614,,,,,,,,,,,,,,,,11/25,3597.0,Hesaraghatta Lake,D,6.1,8.2,612.0,4.0,2.35,463.1884057971015,2200.0,38.19718309859155,132.0,20.0,132.0,72.0,48.0,11.16,0.4,200.0,152.0,48.0,23.0,62.0,406.0,30.0,0.9245454545454546,0.5,7.0,0.3225,39.0,1.91,0.2666666666666666,2025.0
Hosakerehalli Lake,HKH,2023-10-10,12.9421,77.5406,,,,,,,,,,,,,,,,10/23,4536.0,HOSAKEREHALLI LAKE,"D (Propagation of wild life,fisheries)",5.3,7.6,698.0,6.0,2.0,4900.0,160000.0,3.0,196.0,5.0,80.0,72.0,56.0,8.60625,0.44,176.0,92.0,84.0,28.0,53.0,476.0,104.3056768558952,0.63,0.5,4.0,0.34,38.0,1.5,1.93,2023.0
Hosakerehalli Lake,HKH,2023-12-24,12.9421,77.5406,,,,,,,,,,,,,,,,12/23,4536.0,HOSAKEREHALLI LAKE,"D (Propagation of wild life,fisheries)",5.8,7.2,755.0,4.0,2.6,6300.0,92000.0,3.0,272.0,5.0,272.0,24.0,44.0,1.5,0.4,212.0,112.0,100.0,111.0,45.0,510.0,22.0,0.2,0.5,9.0,0.25,44.0,1.0,0.44,2023.0
Hosakerehalli Lake,HKH,2024-03-03,12.9421,77.5406,,,,,,,,,,,,,,,,03/24,4536.0,Hosakerehalli Lake,"E (Irrigation, industrial cooling and controlled waste)",1.5,6.7,1038.0,17.0,4.3,240.0,3500.0,3.0,500.0,5.0,500.0,104.0,114.0,3.6,2.8,316.0,164.0,152.0,9.0,136.0,724.0,24.0,6.0,0.5,30.0,0.2,45.0,3.3,13.4,2024.0
Hosakerehalli Lake,HKH,2024-04-02,12.9421,77.5406,,,,,,,,,,,,,,,,04/24,4536.0,Hosakerehalli Lake,"D (Propagation of wild life,fisheries)",4.2,8.3,1000.0,9.0,4.0,1400.0,13000.0,56.0,104.0,28.0,160.0,156.0,80.0,1.5,0.4,148.0,80.0,68.0,23.0,96.0,680.0,28.0,0.55,0.5,24.0,0.41,54.0,3.0,1.4,2024.0
Hosakerehalli Lake,HKH,2024-05-02,12.9421,77.5406,,,,,,,,,,,,,,,,05/24,4536.0,Hosakerehalli Lake,"E (Irrigation, industrial cooling and controlled waste)",1.7,7.8,1342.0,10.0,3.9,1100.0,4600.0,3.0,240.0,5.0,240.0,436.0,97.0,2.9,2.2,188.0,100.0,88.0,29.0,116.0,918.0,18.0,0.2,0.5,28.0,0.5,53.0,3.7,0.05,2024.0
Hosakerehalli Lake,HKH,2024-06-01,12.9421,77.5406,,,,,,,,,,,,,,,,06/24,4536.0,Hosakerehalli Lake,"E (Irrigation, industrial cooling and controlled waste)",0.8,6.5,746.0,16.0,2.6,3300.0,11000.0,3.0,212.0,5.0,212.0,56.0,108.0,7.6,5.6,220.0,116.0,104.0,10.0,58.0,490.0,34.0,0.41,0.5,24.0,0.3,34.0,2.0,1.0,2024.0
Hosakerehalli Lake,HKH,2024-09-19,12.9421,77.5406,,,,,,,,,,,,,,,,09/24,4536.0,Hosakerehalli Lake,"D (Propagation of wild life,fisheries)",5.4,6.6,503.0,6.0,1.8,260.0,4300.0,3.0,168.0,5.0,168.0,28.0,56.0,1.5,0.4,160.0,88.0,72.0,5.0,39.0,340.0,10.0,2.2,0.5,5.0,0.2,33.0,1.0,5.6,2024.0
Hosakerehalli Lake,HKH,2024-12-08,12.9421,77.5406,,,,,,,,,,,,,,,,12/24,4536.0,Hosakerehalli Lake,"D (Propagation of wild life,fisheries)",4.0,7.8,810.0,20.0,3.2,1700.0,14000.0,3.0,212.0,5.0,212.0,84.0,171.0,1.5,0.68,164.0,88.0,76.0,24.0,74.0,550.0,138.0,0.36,0.5,22.0,0.38,48.0,2.5,0.86,2024.0
Hosakerehalli Lake,HKH,2025-01-07,12.9421,77.5406,,,,,,,,,,,,,,,,01/25,4536.0,Hosakerehalli Lake,"E (Irrigation, industrial cooling and controlled waste)",0.3,6.5,645.0,60.0,2.5,1700.0,7900.0,3.0,256.0,5.0,256.0,36.0,270.0,19.1,14.9,212.0,112.0,100.0,5.0,39.0,440.0,40.0,0.2,0.5,7.0,0.2,28.0,1.2,0.2,2025.0
Hosakerehalli Lake,HKH,2025-02-01,12.9421,77.5406,,,,,,,,,,,,,,,,02/25,4536.0,Hosakerehalli Lake,"D (Propagation of wild life,fisheries)",4.1,6.5,797.0,10.0,3.06,17000.0,46000.0,3.0,284.0,5.0,284.0,44.0,72.0,3.36,0.9,232.0,126.0,106.0,5.0,45.0,548.0,64.0,0.2,0.5,5.0,2.36,29.0,1.3,0.05,2025.0
Hosakerehalli Lake,HKH,2025-03-08,12.9421,77.5406,,,,,,,,,,,,,,,,03/25,4536.0,Hosakerehalli Lake,"E (Irrigation, industrial cooling and controlled waste)",3.4,6.5,826.0,19.0,3.2,170000.0,840000.0,3.0,364.0,5.0,364.0,68.0,134.0,4.42,3.4,300.0,152.0,148.0,5.6923076923076925,72.0,570.0,12.0,0.37,0.5,9.0,0.24,33.0,1.8,1.45,2025.0
Hosakerehalli Lake,HKH,2025-04-04,12.9421,77.5406,0.1275864916232577,0.1470653878814143,0.1652052236295314,0.1956378889201745,0.2411662220188652,0.2614124313670279,0.2505151062931156,0.2778957975503306,0.2422067119526962,-0.2695001465222522,-0.3174982714910832,0.1021849962159384,0.0550466003979866,1.1259893145839768,1.2756447583268566,04/25,4536.0,Hosakerehalli Lake,"E (Irrigation, industrial cooling and controlled waste)",0.3,6.5,789.0,27.0,2.6,450.0,3300.0,3.0,404.0,5.0,404.0,68.0,184.0,9.9,7.5,296.0,156.0,140.0,5.0,73.0,534.0,10.0,0.55,0.5,13.0,0.37,34.0,2.0,1.6,2025.0
Hosakerehalli Lake,HKH,2025-05-07,12.9421,77.5406,0.1365947240602562,0.1569813639825013,0.1769147721622319,0.2055030550471632,0.2461757708010699,0.2743741904828944,0.2627982401802056,0.2888389800084471,0.2622494826129804,-0.2614221706714126,-0.3034877917615358,0.0889925985003205,0.0582169961287239,1.1307416784466424,1.2312521999067134,05/25,4536.0,Hosakerehalli Lake,E,2.2,7.4,670.0,8.0,2.57,1400.0,14000.0,3.0,120.0,5.0,120.0,136.0,76.0,1.5,0.4,176.0,106.0,70.0,14.0,74.0,458.0,18.0,0.2,0.5,25.0,0.2,43.0,2.42,0.47,2025.0
Hosakerehalli Lake,HKH,2025-06-06,12.9421,77.5406,0.1509019498803322,0.1689103788521974,0.1880286324199686,0.2139223180346331,0.2488975960861607,0.2723670244966915,0.2614212269463607,0.2745871779529777,0.2459640891172743,-0.2305361170567659,-0.2531849112565716,0.0794270056420053,0.05731122523155,1.130632651726134,1.2066714336324074,06/25,4536.0,Hosakerehalli Lake,E,0.4,6.5,587.0,66.0,2.0,1400.0,7000.0,3.0,216.0,5.0,216.0,28.0,352.0,5.3,4.2,164.0,88.0,76.0,7.0,37.0,398.0,38.0,0.23,0.5,2.0,0.22,33.0,1.25,0.65,2025.0
Hosakerehalli Lake,HKH,2025-11-10,12.9421,77.5406,,,,,,,,,,,,,,,,11/25,4536.0,Hosakerehalli Lake,D,4.6,6.5,515.0,6.0,1.98,3048.695652173913,9200.0,21.0,124.0,20.0,124.0,40.0,60.0,35.33333333333333,0.7,240.0,120.0,120.0,27.05,53.0,342.0,34.0,0.46,0.5,5.0,0.3366666666666666,32.0,1.49,2.38,2025.0
Hoskere Lake,HSK,2023-10-10,12.901,77.6227,,,,,,,,,,,,,,,,10/23,3636.0,HOSKERE LAKE,"E (Irrigation, industrial cooling and controlled waste)",2.2,7.1,702.0,18.0,4.2,7000.0,35000.0,3.0,160.0,5.0,160.0,116.0,160.0,10.94676724137931,4.2,188.0,100.0,88.0,29.0,68.0,490.0,61.33624454148472,0.21,0.5,14.0,0.2,42.0,2.2,0.49,2023.0
Hoskere Lake,HSK,2023-12-24,12.901,77.6227,,,,,,,,,,,,,,,,12/23,3636.0,HOSKERE LAKE,"D (Propagation of wild life,fisheries)",4.6,6.9,582.0,7.0,1.0,9400.0,92000.0,3.0,188.0,5.0,188.0,120.0,75.0,1.5,0.4,200.0,112.0,88.0,17.0,48.0,410.0,10.0,0.2,0.5,11.0,0.2,33.0,2.3,0.05,2023.0
Hoskere Lake,HSK,2024-03-03,12.901,77.6227,,,,,,,,,,,,,,,,03/24,3636.0,Hoskere Lake,"D (Propagation of wild life,fisheries)",5.2,6.9,919.0,6.0,3.7,330.0,3500.0,3.0,308.0,5.0,308.0,80.0,56.0,1.5,0.4,292.0,152.0,140.0,20.0,79.0,624.0,36.0,0.2,0.5,6.0,0.27,36.0,2.0,0.36,2024.0
Hoskere Lake,HSK,2024-04-02,12.901,77.6227,,,,,,,,,,,,,,,,04/24,3636.0,Hoskere Lake,"E (Irrigation, industrial cooling and controlled waste)",0.3,6.9,2550.0,79.0,9.8,270.0,3500.0,3.0,588.0,5.0,588.0,444.0,357.0,19.0,15.0,668.0,340.0,328.0,83.0,163.0,1738.0,42.0,1.28,0.5,51.0,0.22,32.0,2.7,3.64,2024.0
Hoskere Lake,HSK,2024-05-02,12.901,77.6227,,,,,,,,,,,,,,,,05/24,3636.0,Hoskere Lake,"D (Propagation of wild life,fisheries)",4.6,7.0,298.0,11.0,1.0,20.0,1600.0,3.0,84.0,5.0,84.0,20.0,109.0,1.5,0.99,76.0,44.0,32.0,5.0,30.0,206.0,12.0,0.46,0.5,4.0,0.2,44.0,1.5,1.3,2024.0
Hoskere Lake,HSK,2024-06-01,12.901,77.6227,,,,,,,,,,,,,,,,06/24,3636.0,Hoskere Lake,"E (Irrigation, industrial cooling and controlled waste)",1.3,6.5,475.0,18.0,1.4,250.0,9200.0,3.0,108.0,5.0,108.0,36.0,119.0,2.6,2.0,116.0,64.0,52.0,14.0,52.0,326.0,14.0,0.9,0.5,19.0,0.2,44.0,2.2,1.2,2024.0
Hoskere Lake,HSK,2024-09-19,12.901,77.6227,,,,,,,,,,,,,,,,09/24,3636.0,Hoskere Lake,"D (Propagation of wild life,fisheries)",6.0,6.7,494.0,4.0,1.7,3100.0,11000.0,3.0,132.0,5.0,132.0,32.0,44.0,1.5,0.4,144.0,80.0,64.0,14.0,39.0,332.0,22.0,1.2,0.5,11.0,0.2,35.0,1.0,3.4,2024.0
Hoskere Lake,HSK,2024-12-08,12.901,77.6227,,,,,,,,,,,,,,,,12/24,3636.0,Hoskere Lake,"D (Propagation of wild life,fisheries)",4.8,6.5,368.0,7.0,1.48,150.0,2800.0,3.0,92.0,5.0,92.0,20.0,84.0,1.5,0.4,116.0,68.0,48.0,13.0,20.0,252.0,10.0,0.56,0.5,6.0,0.2,26.0,0.8,1.51,2024.0
Hoskere Lake,HSK,2025-01-07,12.901,77.6227,,,,,,,,,,,,,,,,01/25,3636.0,Hoskere Lake,"E (Irrigation, industrial cooling and controlled waste)",2.9,6.9,433.0,16.0,1.7,260.0,3500.0,3.0,128.0,5.0,128.0,28.0,120.0,3.51,2.8,132.0,72.0,60.0,9.0,30.0,294.0,10.0,0.25,0.5,8.0,0.2,31.0,1.14,0.68,2025.0
Hoskere Lake,HSK,2025-02-01,12.901,77.6227,,,,,,,,,,,,,,,,02/25,3636.0,Hoskere Lake,"E (Irrigation, industrial cooling and controlled waste)",2.3,6.9,523.0,18.0,2.0,2100.0,22000.0,3.0,128.0,5.0,128.0,32.0,120.0,6.86,5.56,124.0,68.0,56.0,17.0,35.0,356.0,342.0,0.2,0.5,8.0,0.2,36.0,1.3,0.2,2025.0
Hoskere Lake,HSK,2025-03-08,12.901,77.6227,,,,,,,,,,,,,,,,03/25,3636.0,Hoskere Lake,"E (Irrigation, industrial cooling and controlled waste)",0.3,6.5,466.0,45.0,1.6,14000.0,70000.0,3.0,128.0,5.0,128.0,36.0,264.0,30.0,23.0,116.0,64.0,52.0,6.769230769230769,49.0,314.0,130.0,0.53,0.5,9.0,0.2,45.0,2.0,1.5,2025.0
Hoskere Lake,HSK,2025-04-04,12.901,77.6227,0.1662309162589321,0.1948947548662233,0.2072146046378123,0.2413805624977998,0.2749514801647366,0.2909223520715268,0.2759796402548489,0.3167194199021435,0.2805492766376852,-0.2229007946222961,-0.2883530457312276,0.1128862602137196,0.0303540621334929,1.07347132528628,1.3531427394366724,04/25,3636.0,Hoskere Lake,"E (Irrigation, industrial cooling and controlled waste)",0.3,6.6,617.0,48.0,2.4,17.0,240.0,3.0,196.0,5.0,196.0,76.0,233.0,52.0,40.0,152.0,76.0,76.0,54.0,68.0,426.0,10.0,1.5,0.5,7.0,0.31,48.0,2.4,3.7,2025.0
Hoskere Lake,HSK,2025-05-07,12.901,77.6227,0.1701009856031539,0.1976206059411225,0.2076492598474711,0.2409013376042804,0.2821007216023091,0.3077542081734664,0.2979532542504136,0.3204223661515719,0.2921363265162447,-0.2378318263264315,-0.2727502781659648,0.1001688290287576,0.0252125618933622,1.056309005165666,1.265739506955461,05/25,3636.0,Hoskere Lake,D,6.3,6.6,369.0,5.0,1.4,1100.0,7900.0,3.0,128.0,5.0,128.0,36.0,52.0,1.69,1.3,116.0,64.0,52.0,16.0,23.0,254.0,32.0,0.3,0.5,6.0,0.2,28.0,1.0,0.7,2025.0
Hoskere Lake,HSK,2025-06-06,12.901,77.6227,,,,,,,,,,,,,,,,06/25,3636.0,Hoskere Lake,D,5.1,7.1,276.0,7.0,1.1,2000.0,9400.0,3.0,96.0,5.0,96.0,20.0,68.0,1.5,0.4,88.0,52.0,36.0,14.0,15.0,188.0,10.0,0.29,0.5,6.0,0.2,25.0,0.69,0.83,2025.0
Hoskere Lake,HSK,2025-11-10,12.901,77.6227,,,,,,,,,,,,,,,,11/25,3636.0,Hoskere Lake,E,3.2,7.2,391.0,16.0,1.4,1658.985507246377,9400.0,21.52112676056338,116.0,20.0,116.0,32.0,120.0,7.2,5.5,116.0,64.0,52.0,7.0,36.0,264.0,14.0,0.47,0.5,5.0,0.29,38.0,1.5,1.3,2025.0
Hulimavu Lake,HLM,2023-12-24,12.8917,77.606,,,,,,,,,,,,,,,,12/23,3617.0,HULIMAVU LAKE,"E (Irrigation, industrial cooling and controlled waste)",2.4,6.8,610.0,29.0,2.0,700.0,16000.0,3.0,128.0,5.0,128.0,80.0,176.0,3.9,3.0,132.0,72.0,60.0,8.0,58.0,420.0,40.0,0.29,0.5,28.0,0.26,44.0,2.0,0.58,2023.0
Hulimavu Lake,HLM,2025-11-10,12.8917,77.606,,,,,,,,,,,,,,,,11/25,3617.0,Hulimavu Lake,D,5.2,7.6,712.0,6.0,2.8,1109.5652173913045,2800.0,29.183098591549296,164.0,20.0,164.0,116.0,64.0,9.263636363636364,0.71,192.0,100.0,92.0,29.0,70.0,484.0,16.0,0.65,0.5,14.0,0.26,42.0,2.19,0.23,2025.0
Ibbalur Lake,IBL,2023-08-16,12.9056,77.6449,,,,,,,,,,,,,,,,08/23,3609.0,IBBALUR LAKE,"D (Propagation of wild life,fisheries)",4.3,7.2,1027.0,6.0,2.2,4700.0,160000.0,8.447619047619048,192.0,5.0,192.0,128.0,75.0,3.35904761904762,0.4,196.0,108.0,88.0,9.0,107.0,700.0,23.542857142857144,0.49,0.5,8.0,0.21,41.0,1.7108571428571429,0.3404761904761905,2023.0
Ibbalur Lake,IBL,2023-10-10,12.9056,77.6449,,,,,,,,,,,,,,,,10/23,3609.0,IBBALUR LAKE,"D (Propagation of wild life,fisheries)",6.1,7.6,595.0,4.0,2.0,410.0,16000.0,3.0,100.0,5.0,100.0,100.0,40.0,9.854525862068964,0.4,124.0,68.0,56.0,12.0,75.0,402.0,81.3886462882096,0.6,0.5,10.0,0.24,54.0,3.2,2.0,2023.0
Ibbalur Lake,IBL,2023-12-24,12.9056,77.6449,,,,,,,,,,,,,,,,12/23,3609.0,IBBALUR LAKE,"D (Propagation of wild life,fisheries)",4.2,7.3,588.0,8.0,3.4,9400.0,54000.0,3.0,88.0,5.0,88.0,52.0,72.0,1.5,0.9,148.0,80.0,68.0,10.0,48.0,432.0,10.0,0.21,0.5,22.0,0.2,49.0,1.7,0.6,2023.0
Ibbalur Lake,IBL,2024-03-03,12.9056,77.6449,,,,,,,,,,,,,,,,03/24,3609.0,Ibbalur Lake,"D (Propagation of wild life,fisheries)",4.6,7.0,619.0,8.0,2.2,630.0,3500.0,3.0,40.0,5.0,40.0,92.0,92.0,1.5,0.4,88.0,52.0,36.0,41.0,75.0,418.0,50.0,0.29,0.5,20.0,0.34,59.0,3.0,0.78,2024.0
Ibbalur Lake,IBL,2024-04-02,12.9056,77.6449,,,,,,,,,,,,,,,,04/24,3609.0,Ibbalur Lake,"D (Propagation of wild life,fisheries)",4.7,7.8,736.0,6.0,3.0,170.0,1300.0,3.0,124.0,5.0,124.0,144.0,52.0,1.5,0.4,108.0,60.0,48.0,22.0,97.0,504.0,10.0,0.2,0.5,24.0,0.2,60.0,5.5,0.5,2024.0
Ibbalur Lake,IBL,2024-05-02,12.9056,77.6449,,,,,,,,,,,,,,,,05/24,3609.0,Ibbalur Lake,"D (Propagation of wild life,fisheries)",4.3,7.4,535.0,7.0,1.9,310.0,3500.0,3.0,132.0,5.0,132.0,52.0,88.0,1.5,0.4,124.0,68.0,56.0,22.0,56.0,362.0,20.0,0.2,0.5,17.0,0.25,42.0,2.0,0.05,2024.0
Ibbalur Lake,IBL,2024-06-01,12.9056,77.6449,,,,,,,,,,,,,,,,06/24,3609.0,Ibbalur Lake,"E (Irrigation, industrial cooling and controlled waste)",2.0,7.4,932.0,38.0,3.24,210.0,3500.0,3.0,144.0,5.0,144.0,144.0,192.0,3.0,2.2,128.0,72.0,56.0,17.0,100.0,612.0,10.0,1.2,0.5,16.0,0.43,59.0,3.8,3.2,2024.0
Ibbalur Lake,IBL,2024-09-19,12.9056,77.6449,,,,,,,,,,,,,,,,09/24,3609.0,Ibbalur Lake,"D (Propagation of wild life,fisheries)",4.8,7.5,985.0,6.0,4.0,260.0,3500.0,3.0,232.0,5.0,232.0,172.0,56.0,1.5,0.6,216.0,112.0,104.0,23.0,98.0,674.0,80.0,2.7,0.5,26.0,0.27,46.0,3.0,7.6,2024.0
Ibbalur Lake,IBL,2024-12-08,12.9056,77.6449,,,,,,,,,,,,,,,,12/24,3609.0,Ibbalur Lake,"D (Propagation of wild life,fisheries)",5.2,6.8,446.0,4.0,1.7,330.0,4300.0,3.0,104.0,5.0,104.0,72.0,44.0,1.5,0.4,120.0,80.0,40.0,18.0,36.0,304.0,10.0,0.2,0.5,9.0,0.2,37.0,1.43,0.05,2024.0
Ibbalur Lake,IBL,2025-01-07,12.9056,77.6449,,,,,,,,,,,,,,,,01/25,3609.0,Ibbalur Lake,"D (Propagation of wild life,fisheries)",7.8,7.8,924.0,5.0,3.54,170.0,5400.0,3.0,268.0,5.0,268.0,132.0,58.0,1.5,0.4,244.0,128.0,116.0,31.0,113.0,630.0,10.0,1.11,0.5,33.0,0.25,46.0,3.14,2.62,2025.0
Ibbalur Lake,IBL,2025-02-01,12.9056,77.6449,,,,,,,,,,,,,,,,02/25,3609.0,Ibbalur Lake,"D (Propagation of wild life,fisheries)",5.7,7.5,823.0,5.0,3.2,120.0,2400.0,3.0,164.0,5.0,164.0,124.0,52.0,1.5,0.4,220.0,116.0,104.0,34.0,80.0,562.0,10.0,0.2,0.5,16.0,0.39,42.0,2.34,0.28,2025.0
Ibbalur Lake,IBL,2025-03-08,12.9056,77.6449,,,,,,,,,,,,,,,,03/25,3609.0,Ibbalur Lake,"D (Propagation of wild life,fisheries)",4.7,8.1,670.0,8.0,2.7,170.0,1300.0,3.0,80.0,5.0,80.0,104.0,84.0,1.5,0.76,100.0,56.0,44.0,7.410256410256411,57.0,454.0,68.0,0.2,0.5,27.0,0.21,48.0,2.47,0.05,2025.0
Ibbalur Lake,IBL,2025-04-04,12.9056,77.6449,0.1461594093213179,0.1707610529964153,0.1888789674734013,0.2148663369473389,0.2479095818079415,0.2625945965925091,0.2511049422697829,0.2797384574767671,0.2492637038862292,-0.1967143255690951,-0.2516521922295225,0.0746604468188921,0.0482134797675345,1.1053837493176168,1.1815001700740426,04/25,3609.0,Ibbalur Lake,"E (Irrigation, industrial cooling and controlled waste)",2.8,7.0,801.0,10.0,3.07,230.0,2100.0,3.0,112.0,5.0,112.0,16.0,100.0,1.5,0.4,108.0,60.0,48.0,9.0,84.0,552.0,10.0,0.2,0.5,14.0,0.24,59.0,3.51,0.48,2025.0
Ibbalur Lake,IBL,2025-05-07,12.9056,77.6449,0.137263679245283,0.1638513271185699,0.1833707091881901,0.2072412102224724,0.2405808856660092,0.2604624366375667,0.2512661820613911,0.2710153618698957,0.2456825225288649,-0.2175160907903462,-0.2568157134083351,0.0711977376655922,0.0552381974619474,1.1208219297848268,1.1734365851222597,05/25,3609.0,Ibbalur Lake,D,5.0,7.4,902.0,6.0,3.6,210.0,3500.0,3.0,208.0,5.0,208.0,156.0,58.0,1.5,0.79,208.0,112.0,96.0,12.0,95.0,612.0,12.0,0.9,0.5,6.0,0.31,49.0,2.9,2.2,2025.0
Ibbalur Lake,IBL,2025-06-06,12.9056,77.6449,,,,,,,,,,,,,,,,06/25,3609.0,Ibbalur Lake,D,5.9,8.2,852.0,5.0,3.5,200.0,2200.0,3.0,140.0,5.0,140.0,160.0,60.0,1.5,0.4,148.0,80.0,68.0,15.0,97.0,574.0,16.0,0.21,0.5,14.0,0.38,56.0,3.0,0.58,2025.0
Ibbalur Lake,IBL,2025-11-10,12.9056,77.6449,,,,,,,,,,,,,,,,11/25,3609.0,Ibbalur Lake,D,6.0,7.4,586.0,4.0,2.1,851.0144927536232,9400.0,32.7887323943662,156.0,20.0,156.0,124.0,48.0,13.75,0.67,96.0,52.0,44.0,14.0,84.0,408.0,16.0,1.6666666666666667,0.5,12.0,0.41,62.0,4.0,0.46,2025.0
Jakkur Lake,JKR,2023-08-16,13.0648,77.6004,,,,,,,,,,,,,,,,08/23,3627.0,JAKKUR LAKE,"E (Irrigation,
industrial cooling and controlled waste)",2.8,7.2,1207.0,23.0,4.63,4900.0,54000.0,9.438095238095238,280.0,5.0,280.0,200.0,160.0,3.115238095238096,4.7,328.0,168.0,160.0,49.0,107.0,842.0,24.914285714285715,0.57,0.5,24.0,0.32,41.0,1.6582857142857144,0.3023809523809524,2023.0
Jakkur Lake,JKR,2023-10-10,13.0648,77.6004,,,,,,,,,,,,,,,,10/23,3627.0,JAKKUR LAKE,"D (Propagation of wild life,fisheries)",5.3,6.7,588.0,6.0,2.0,4800.0,92000.0,3.0,88.0,5.0,88.0,104.0,72.0,11.570905172413791,0.4,132.0,72.0,60.0,15.0,67.0,394.0,49.87772925764192,0.87,0.5,27.0,0.28,46.0,3.0,3.0,2023.0
Jakkur Lake,JKR,2023-12-24,13.0648,77.6004,,,,,,,,,,,,,,,,12/23,3627.0,JAKKUR LAKE,"D (Propagation of wild life,fisheries)",5.2,6.9,564.0,5.0,2.16,43000.0,540000.0,3.0,128.0,5.0,128.0,92.0,47.0,1.5,0.52,152.0,80.0,72.0,23.0,47.0,382.0,10.0,0.23,0.5,11.0,0.26,38.0,1.7,0.6,2023.0
Jakkur Lake,JKR,2024-03-03,13.0648,77.6004,,,,,,,,,,,,,,,,03/24,3627.0,Jakkur Lake,"E (Irrigation, industrial cooling and controlled waste)",3.0,8.1,1173.0,18.0,4.0,14000.0,49000.0,3.0,352.0,5.0,352.0,212.0,164.0,3.12,2.4,272.0,140.0,132.0,11.0,142.0,809.0,96.0,1.52,0.5,36.0,0.2,49.0,4.0,3.12,2024.0
Jakkur Lake,JKR,2024-05-02,13.0648,77.6004,,,,,,,,,,,,,,,,05/24,3627.0,Jakkur Lake,"E (Irrigation, industrial cooling and controlled waste)",0.3,6.8,1093.0,25.0,3.8,4300.0,22000.0,3.0,316.0,5.0,316.0,156.0,171.0,5.6,4.3,248.0,128.0,120.0,12.0,104.0,742.0,24.0,0.6,0.5,22.0,0.31,45.0,2.9,1.8,2024.0
Jakkur Lake,JKR,2024-06-01,13.0648,77.6004,,,,,,,,,,,,,,,,06/24,3627.0,Jakkur Lake,"D (Propagation of wild life,fisheries)",7.6,8.2,917.0,24.0,3.5,2100.0,28000.0,3.0,236.0,5.0,236.0,168.0,163.0,1.7,1.3,236.0,124.0,112.0,17.0,100.0,624.0,72.0,2.4,0.5,29.0,0.26,44.0,2.8,5.0,2024.0
Jakkur Lake,JKR,2024-09-19,13.0648,77.6004,,,,,,,,,,,,,,,,09/24,3627.0,Jakkur Lake,"D (Propagation of wild life,fisheries)",7.2,7.0,1011.0,4.0,4.08,260.0,5400.0,3.0,256.0,5.0,256.0,176.0,40.0,1.5,0.58,224.0,116.0,108.0,19.0,98.0,686.0,34.0,2.56,0.5,28.0,0.28,50.0,3.0,6.65,2024.0
Jakkur Lake,JKR,2024-12-08,13.0648,77.6004,,,,,,,,,,,,,,,,12/24,3627.0,Jakkur Lake,"D (Propagation of wild life,fisheries)",6.1,7.9,428.0,6.0,1.9,110.0,2400.0,3.0,108.0,5.0,108.0,44.0,43.0,1.5,0.4,92.0,52.0,40.0,7.0,35.0,290.0,22.0,0.2,0.5,8.0,0.2,44.0,1.6,0.1,2024.0
Jakkur Lake,JKR,2025-01-07,13.0648,77.6004,,,,,,,,,,,,,,,,01/25,3627.0,Jakkur Lake,"E (Irrigation, industrial cooling and controlled waste)",3.0,7.1,1261.0,35.0,4.8,1700.0,7000.0,3.0,288.0,5.0,288.0,184.0,139.0,3.8,3.0,252.0,140.0,112.0,18.0,111.0,858.0,96.0,0.4,0.5,26.0,0.2,46.0,3.0,1.0,2025.0
Jakkur Lake,JKR,2025-02-01,13.0648,77.6004,,,,,,,,,,,,,,,,02/25,3627.0,Jakkur Lake,"E (Irrigation, industrial cooling and controlled waste)",1.0,7.6,1319.0,17.0,5.06,1400.0,17000.0,3.0,324.0,5.0,324.0,200.0,159.0,25.6,16.0,360.0,186.0,174.0,22.0,93.0,890.0,132.0,0.2,0.5,35.0,0.22,33.0,2.12,0.37,2025.0
Jakkur Lake,JKR,2025-03-08,13.0648,77.6004,,,,,,,,,,,,,,,,03/25,3627.0,Jakkur Lake,"E (Irrigation, industrial cooling and controlled waste)",2.1,7.8,922.0,14.0,3.5,1300.0,12000.0,3.0,340.0,5.0,340.0,208.0,132.0,1.8,1.4,248.0,128.0,120.0,6.974358974358975,91.0,626.0,20.0,0.22,0.5,11.0,0.29,43.0,2.5,2.97,2025.0
Jakkur Lake,JKR,2025-04-04,13.0648,77.6004,0.1523820520943329,0.1841755299559154,0.2171722591070169,0.2403744948961633,0.249809954241464,0.2632618233016542,0.2530155473424851,0.3273317001055966,0.2975920661738822,-0.1588494664165914,-0.2826539287821994,0.0532092833149583,0.082965256794838,1.1854853174668245,1.1207749311625796,04/25,3627.0,Jakkur Lake,"E (Irrigation, industrial cooling and controlled waste)",2.2,7.2,976.0,26.0,3.7,1400.0,13000.0,3.0,140.0,5.0,140.0,176.0,174.0,1.5,0.84,148.0,80.0,68.0,23.0,96.0,664.0,10.0,0.4,0.5,32.0,0.3,52.0,3.4,0.8,2025.0
Jakkur Lake,JKR,2025-05-07,13.0648,77.6004,0.1540537521999294,0.1854306867328464,0.2169897192152231,0.2396930341429073,0.2546434811686026,0.2734118021823301,0.2634757374164027,0.3255073812038012,0.3053461386835621,-0.1748169188448387,-0.2761169409688677,0.0510533960994659,0.0793694793710184,1.176321201041815,1.1125926733966247,05/25,3627.0,Jakkur Lake,E,2.8,7.3,927.0,18.0,3.6,1500.0,11000.0,3.0,240.0,5.0,240.0,148.0,127.0,8.5,6.5,204.0,108.0,96.0,16.0,102.0,630.0,120.0,1.3,0.5,24.0,0.42,49.0,3.1,3.8,2025.0
Jakkur Lake,JKR,2025-06-06,13.0648,77.6004,0.1583801091165081,0.1917492011217783,0.2219026711033456,0.2424054839845124,0.251433185498064,0.270106244280183,0.2610341851460752,0.3094254980640619,0.2875456423794438,-0.1545356615943817,-0.2376486180289967,0.0463016401496979,0.074256590869321,1.1641498432534638,1.1043820773833477,06/25,3627.0,Jakkur Lake,E,2.4,7.0,858.0,22.0,3.3,330.0,3500.0,3.0,196.0,5.0,196.0,144.0,160.0,11.0,8.5,216.0,108.0,108.0,12.0,97.0,588.0,56.0,1.6,0.5,14.0,0.34,47.0,2.9,3.9,2025.0
Jakkur Lake,JKR,2025-11-10,13.0648,77.6004,,,,,,,,,,,,,,,,11/25,3627.0,Jakkur Lake,E,1.8,7.0,998.0,25.0,3.8,1432.753623188406,17000.0,24.676056338028168,332.0,20.0,332.0,168.0,168.0,16.0,12.0,232.0,120.0,112.0,19.0,110.0,686.0,66.0,1.8,0.5,12.0,0.53,49.0,3.1,4.2,2025.0
Jigani Tank,JGN,2023-08-16,12.8023,77.5979,,,,,,,,,,,,,,,,08/23,3642.0,JIGANI TANK,"D (Propagation of wild life,fisheries)",4.0,7.7,896.0,9.0,4.0,330.0,9200.0,8.695238095238096,252.0,5.0,252.0,148.0,84.0,3.298095238095238,0.97,212.0,112.0,100.0,37.0,123.0,612.0,23.88571428571429,0.2,0.5,37.0,0.57,41.0,1.6977142857142855,0.330952380952381,2023.0
Jigani Tank,JGN,2023-10-10,12.8023,77.5979,,,,,,,,,,,,,,,,10/23,3642.0,JIGANI TANK,"D (Propagation of wild life,fisheries)",6.1,7.2,981.0,6.0,4.0,460.0,9200.0,3.0,208.0,5.0,208.0,176.0,56.0,11.219827586206897,0.4,224.0,116.0,108.0,10.0,90.0,668.0,56.32314410480349,0.23,0.5,8.0,0.21,25.0,3.0,0.56,2023.0
Jigani Tank,JGN,2023-12-24,12.8023,77.5979,,,,,,,,,,,,,,,,12/23,3642.0,JIGANI TANK,"D (Propagation of wild life,fisheries)",4.8,7.1,851.0,8.0,3.2,4800.0,54000.0,3.0,208.0,5.0,208.0,144.0,74.0,1.5,0.83,208.0,108.0,100.0,10.0,99.0,588.0,10.0,0.3,0.5,24.0,0.24,47.0,3.0,0.6,2023.0
Jigani Tank,JGN,2024-03-03,12.8023,77.5979,,,,,,,,,,,,,,,,03/24,3642.0,Jigani Tank,"D (Propagation of wild life,fisheries)",6.2,7.8,1147.0,4.0,4.4,580.0,3500.0,3.0,268.0,5.0,268.0,188.0,44.0,1.5,0.4,312.0,160.0,152.0,47.0,105.0,790.0,10.0,0.25,0.5,23.0,0.38,40.0,2.6,0.71,2024.0
Jigani Tank,JGN,2024-04-02,12.8023,77.5979,,,,,,,,,,,,,,,,04/24,3642.0,Jigani Tank,"D (Propagation of wild life,fisheries)",4.6,7.9,1285.0,10.0,4.2,260.0,1700.0,3.0,360.0,5.0,360.0,200.0,103.0,1.5,0.99,348.0,180.0,168.0,20.0,125.0,876.0,16.0,0.2,0.5,16.0,0.87,42.0,2.9,0.47,2024.0
Jigani Tank,JGN,2024-05-02,12.8023,77.5979,,,,,,,,,,,,,,,,05/24,3642.0,Jigani Tank,"D (Propagation of wild life,fisheries)",5.8,7.1,1479.0,4.0,5.68,320.0,3500.0,3.0,344.0,5.0,344.0,248.0,41.0,1.5,0.4,400.0,204.0,196.0,60.0,127.0,982.0,10.0,0.26,0.5,29.0,0.36,38.0,2.76,0.76,2024.0
Jigani Tank,JGN,2024-06-01,12.8023,77.5979,,,,,,,,,,,,,,,,06/24,3642.0,Jigani Tank,"D (Propagation of wild life,fisheries)",6.3,7.1,1292.0,12.0,4.4,260.0,5400.0,3.0,364.0,5.0,364.0,200.0,120.0,1.5,0.99,348.0,180.0,168.0,20.0,125.0,874.0,12.0,0.2,0.5,16.0,0.34,42.0,2.9,0.05,2024.0
Jigani Tank,JGN,2024-09-19,12.8023,77.5979,,,,,,,,,,,,,,,,09/24,3642.0,Jigani Tank,"D (Propagation of wild life,fisheries)",6.0,7.6,972.0,4.0,3.0,210.0,3500.0,3.0,256.0,5.0,256.0,164.0,48.0,1.5,0.7,264.0,136.0,128.0,23.0,93.0,660.0,10.0,0.3,0.5,18.0,0.33,41.0,3.0,0.6,2024.0
Jigani Tank,JGN,2024-12-08,12.8023,77.5979,,,,,,,,,,,,,,,,12/24,3642.0,Jigani Tank,"D (Propagation of wild life,fisheries)",6.4,7.3,781.0,7.0,3.5,170.0,630.0,3.0,176.0,5.0,176.0,112.0,66.0,1.5,0.4,136.0,68.0,68.0,10.0,90.0,538.0,12.0,0.2,0.5,17.0,0.2,56.0,3.3,0.17,2024.0
Jigani Tank,JGN,2025-01-07,12.8023,77.5979,,,,,,,,,,,,,,,,01/25,3642.0,Jigani Tank,"D (Propagation of wild life,fisheries)",5.7,6.8,983.0,5.0,3.8,38.0,1600.0,3.0,224.0,5.0,224.0,164.0,52.0,1.5,0.4,264.0,136.0,128.0,40.0,97.0,668.0,10.0,0.25,0.5,20.0,0.2,42.0,2.6,0.25,2025.0
Jigani Tank,JGN,2025-02-01,12.8023,77.5979,,,,,,,,,,,,,,,,02/25,3642.0,Jigani Tank,"D (Propagation of wild life,fisheries)",6.2,6.9,1040.0,5.0,4.0,490.0,3500.0,3.0,240.0,5.0,240.0,172.0,52.0,1.5,0.48,280.0,144.0,136.0,43.0,102.0,704.0,10.0,0.2,0.5,21.0,0.2,42.0,2.65,0.31,2025.0
Jigani Tank,JGN,2025-03-08,12.8023,77.5979,,,,,,,,,,,,,,,,03/25,3642.0,Jigani Tank,"D (Propagation of wild life,fisheries)",4.5,7.4,785.0,8.0,2.7,230.0,1400.0,3.0,228.0,5.0,228.0,168.0,80.0,1.5,0.52,204.0,108.0,96.0,6.6410256410256405,77.0,524.0,12.0,0.2,0.5,22.0,0.3,42.0,2.0,0.05,2025.0
Jigani Tank,JGN,2025-04-04,12.8023,77.5979,0.1272604023659996,0.1348996935281709,0.1462010803356455,0.1651217759602747,0.1743473236453922,0.19764545056229,0.1783929166058128,0.2517519315028478,0.241717244778735,-0.1433866136432274,-0.3070980621614678,0.063001710307053,0.040369353824755,1.0979436613792293,1.1498257774680565,04/25,3642.0,Jigani Tank,"D (Propagation of wild life,fisheries)",5.9,7.2,992.0,5.0,3.5,330.0,1700.0,3.0,236.0,5.0,236.0,184.0,64.0,1.5,0.4,148.0,80.0,68.0,9.0,110.0,662.0,10.0,0.2,0.5,21.0,0.25,57.0,4.0,0.21,2025.0
Jigani Tank,JGN,2025-05-07,12.8023,77.5979,0.2075280132357082,0.2170006470325668,0.233625021556739,0.2566577513376514,0.2812015523796116,0.3216108384961982,0.3126799809912702,0.409533272317657,0.3901576774148133,-0.1878450497059771,-0.3153216464633586,0.0512768673191806,0.037954614033242,1.0884587860551755,1.12361789744477,05/25,3642.0,Jigani Tank,D,6.0,7.6,1004.0,4.0,3.5,210.0,3500.0,3.0,252.0,5.0,252.0,196.0,40.0,1.5,0.4,180.0,96.0,84.0,5.0,111.0,668.0,10.0,0.2,0.5,29.0,0.33,53.0,4.0,0.21,2025.0
Jigani Tank,JGN,2025-06-06,12.8023,77.5979,0.2449425302731625,0.2412181562245505,0.2438713593696438,0.2611245987045905,0.2790408406082791,0.3220145909602928,0.3111136334835259,0.386034166431991,0.3757108525767386,-0.1337728421437931,-0.2444348247984176,0.0386012603295597,0.0093740277377466,1.0273995341602655,1.0938912827789613,06/25,3642.0,Jigani Tank,D,5.5,7.5,949.0,8.0,3.6,310.0,4300.0,3.0,240.0,5.0,240.0,196.0,74.0,1.5,0.41,248.0,124.0,124.0,5.0,103.0,642.0,10.0,0.2,0.5,4.0,0.38,47.0,2.9,0.05,2025.0
Jigani Tank,JGN,2025-11-10,12.8023,77.5979,,,,,,,,,,,,,,,,11/25,3642.0,Jigani Tank,D,5.9,6.8,780.0,6.0,3.14,1820.5797101449275,5400.0,19.267605633802816,188.0,20.0,188.0,140.0,64.0,11.05,0.4,180.0,96.0,84.0,6.0,65.0,528.0,81.0,0.3783333333333333,0.5,6.0,0.32,43.0,2.1,0.54,2025.0
Kaikondanahalli Lake,KKH,2023-08-16,12.929,77.6958,,,,,,,,,,,,,,,,08/23,3611.0,KAIKONDANAHALLI LAKE,"D (Propagation of wild life,fisheries)",4.4,8.5,762.0,9.0,3.3,4600.0,35000.0,4.238095238095238,136.0,16.0,152.0,148.0,88.0,4.395238095238096,0.8,204.0,108.0,96.0,34.0,101.0,522.0,17.714285714285715,2.4,0.5,26.0,0.3,41.0,1.9342857142857144,0.5023809523809524,2023.0
Kaikondanahalli Lake,KKH,2023-10-10,12.929,77.6958,,,,,,,,,,,,,,,,10/23,3611.0,KAIKONDANAHALLI LAKE,"E (Irrigation, industrial cooling and controlled waste)",3.3,8.0,840.0,12.0,3.0,9400.0,160000.0,3.0,152.0,5.0,152.0,140.0,108.0,10.283620689655171,2.1,184.0,96.0,88.0,29.0,71.0,570.0,73.51091703056768,0.72,0.5,6.0,0.2,44.0,2.3,2.23,2023.0
Kaikondanahalli Lake,KKH,2023-12-24,12.929,77.6958,,,,,,,,,,,,,,,,12/23,3611.0,KAIKONDANAHALLI LAKE,"E (Irrigation, industrial cooling and controlled waste)",2.9,7.2,1886.0,18.0,7.2,79000.0,350000.0,3.0,436.0,5.0,436.0,320.0,133.0,6.4,4.9,516.0,264.0,252.0,76.0,151.0,1314.0,10.0,0.59,0.5,38.0,0.48,37.0,3.0,1.69,2023.0
Kaikondanahalli Lake,KKH,2024-03-03,12.929,77.6958,,,,,,,,,,,,,,,,03/24,3611.0,Kaikondanahalli Lake,"E (Irrigation, industrial cooling and controlled waste)",1.3,7.9,2015.0,17.0,7.0,2300.0,7900.0,3.0,564.0,5.0,564.0,332.0,132.0,2.86,2.2,340.0,176.0,164.0,108.0,252.0,1370.0,158.0,1.64,0.5,40.0,0.36,58.0,6.0,3.49,2024.0
Kaikondanahalli Lake,KKH,2024-04-02,12.929,77.6958,,,,,,,,,,,,,,,,04/24,3611.0,Kaikondanahalli Lake,"E (Irrigation, industrial cooling and controlled waste)",2.6,7.9,1851.0,23.0,8.5,340.0,2800.0,3.0,484.0,5.0,484.0,356.0,152.0,26.0,20.0,320.0,172.0,148.0,38.0,244.0,1260.0,28.0,1.3,0.5,39.0,0.2,59.0,8.0,4.6,2024.0
Kaikondanahalli Lake,KKH,2024-05-02,12.929,77.6958,,,,,,,,,,,,,,,,05/24,3611.0,Kaikondanahalli Lake,"D (Propagation of wild life,fisheries)",4.1,7.4,2106.0,12.0,7.3,17.0,350.0,3.0,524.0,5.0,524.0,336.0,124.0,1.5,0.9,512.0,264.0,248.0,32.0,203.0,1430.0,18.0,1.4,0.5,26.0,0.8,45.0,3.9,3.8,2024.0
Kaikondanahalli Lake,KKH,2024-06-01,12.929,77.6958,,,,,,,,,,,,,,,,06/24,3611.0,Kaikondanahalli Lake,"E (Irrigation, industrial cooling and controlled waste)",1.9,7.5,1783.0,44.0,6.21,140.0,2400.0,3.0,380.0,5.0,380.0,256.0,216.0,28.0,21.0,352.0,184.0,168.0,32.0,167.0,1174.0,10.0,0.24,0.5,32.0,0.44,42.0,4.0,0.65,2024.0
Kaikondanahalli Lake,KKH,2024-09-19,12.929,77.6958,,,,,,,,,,,,,,,,09/24,3611.0,Kaikondanahalli Lake,"E (Irrigation, industrial cooling and controlled waste)",2.0,7.4,1600.0,20.0,2.1,310.0,3500.0,3.0,240.0,5.0,240.0,404.0,156.0,20.3,15.6,424.0,220.0,204.0,37.0,207.0,1126.0,10.0,3.6,0.5,48.0,0.3,48.0,4.5,9.0,2024.0
Kaikondanahalli Lake,KKH,2024-12-08,12.929,77.6958,,,,,,,,,,,,,,,,12/24,3611.0,Kaikondanahalli Lake,"E (Irrigation, industrial cooling and controlled waste)",3.0,8.4,583.0,25.0,2.2,1700.0,7900.0,24.0,148.0,12.0,160.0,96.0,164.0,4.6,4.1,140.0,72.0,68.0,24.0,47.0,400.0,48.0,0.29,0.5,12.0,0.33,39.0,2.0,0.81,2024.0
Kaikondanahalli Lake,KKH,2025-03-08,12.929,77.6958,,,,,,,,,,,,,,,,03/25,3611.0,Kaikondanahalli Lake,"E (Irrigation, industrial cooling and controlled waste)",3.4,8.2,1322.0,10.0,5.07,1700.0,13000.0,3.0,324.0,5.0,324.0,232.0,101.0,1.6,1.2,492.0,88.0,404.0,7.35897435897436,98.0,898.0,102.0,0.76,0.5,39.0,0.28,28.0,1.0,0.78,2025.0
Kaikondanahalli Lake,KKH,2025-04-04,12.929,77.6958,,,,,,,,,,,,,,,,04/25,3611.0,Kaikondanahalli Lake,"D (Propagation of wild life,fisheries)",5.8,8.2,1200.0,7.0,3.23,1100.0,7900.0,3.0,324.0,5.0,324.0,232.0,72.0,1.5,0.58,476.0,264.0,212.0,53.0,98.0,828.0,10.0,0.76,0.5,39.0,0.28,28.0,2.0,1.5,2025.0
Kaikondanahalli Lake,KKH,2025-05-07,12.929,77.6958,,,,,,,,,,,,,,,,05/25,3611.0,Kaikondanahalli Lake,D,6.0,7.1,883.0,6.0,3.5,310.0,1700.0,3.0,204.0,5.0,204.0,148.0,60.0,1.5,0.4,140.0,72.0,68.0,9.0,122.0,600.0,22.0,0.2,0.5,12.0,0.4,63.0,4.6,0.6,2025.0
Kaikondanahalli Lake,KKH,2025-06-06,12.929,77.6958,,,,,,,,,,,,,,,,06/25,3611.0,Kaikondanahalli Lake,E,3.0,7.8,1027.0,18.0,3.9,210.0,1500.0,3.0,176.0,5.0,176.0,176.0,152.0,1.5,0.4,184.0,96.0,88.0,36.0,99.0,696.0,18.0,1.1,0.5,2.0,0.23,53.0,3.3,2.6,2025.0
Kaikondanahalli Lake,KKH,2025-11-10,12.929,77.6958,,,,,,,,,,,,,,,,11/25,3611.0,Kaikondanahalli Lake,D,4.8,8.1,938.0,8.0,3.78,915.6521739130436,1700.0,31.88732394366197,204.0,20.0,204.0,148.0,80.0,11.60909090909091,0.72,228.0,120.0,108.0,27.0,82.0,644.0,16.0,0.54,0.5,8.0,0.52,43.0,2.37,1.57,2025.0
Kalena Agrahara Lake,KLA,2023-08-16,12.9128,77.6271,,,,,,,,,,,,,,,,08/23,3616.0,KALENA AGRAHARA LAKE,"D (Propagation of wild life,fisheries)",5.8,7.7,338.0,5.0,1.0,2300.0,24000.0,5.104761904761904,96.0,5.0,96.0,44.0,60.0,4.181904761904762,0.4,128.0,72.0,56.0,12.0,24.0,230.0,18.914285714285715,0.3,0.5,10.0,0.22,41.0,1.8882857142857143,0.4690476190476191,2023.0
Kalena Agrahara Lake,KLA,2023-10-10,12.9128,77.6271,,,,,,,,,,,,,,,,10/23,3616.0,KALENA AGRAHARA LAKE,"D (Propagation of wild life,fisheries)",4.9,7.4,492.0,7.0,2.0,580.0,16000.0,3.0,116.0,5.0,116.0,68.0,60.0,10.517672413793104,0.4,104.0,56.0,12.0,13.666666666666668,38.0,334.0,69.21397379912663,0.2,0.5,3.0,0.29,43.0,2.0,0.05,2023.0
Kalena Agrahara Lake,KLA,2023-12-24,12.9128,77.6271,,,,,,,,,,,,,,,,12/23,3616.0,KALENA AGRAHARA LAKE,"D (Propagation of wild life,fisheries)",4.2,7.4,539.0,13.0,2.0,490.0,5400.0,3.0,132.0,5.0,132.0,52.0,116.0,1.5,0.94,132.0,72.0,60.0,11.0,52.0,370.0,30.0,0.2,0.5,25.0,0.27,58.0,2.0,0.05,2023.0
Kalena Agrahara Lake,KLA,2024-03-03,12.9128,77.6271,,,,,,,,,,,,,,,,03/24,3616.0,Kalena Agrahara Lake,"D (Propagation of wild life,fisheries)",4.3,8.0,580.0,5.0,1.3,3300.0,4800.0,3.0,140.0,18.5,140.0,124.0,48.0,1.5,0.8,188.0,100.0,88.0,16.0,60.0,396.0,32.0,0.2,0.5,8.0,0.2,40.0,2.0,0.05,2024.0
Kalena Agrahara Lake,KLA,2024-04-02,12.9128,77.6271,,,,,,,,,,,,,,,,04/24,3616.0,Kalena Agrahara Lake,"D (Propagation of wild life,fisheries)",4.6,7.3,373.0,8.0,0.8,1400.0,7000.0,3.0,148.0,5.0,148.0,48.0,89.0,1.5,0.4,116.0,68.0,48.0,8.0,42.0,260.0,10.0,0.2,0.5,5.0,0.3,42.0,2.0,0.05,2024.0
Kalena Agrahara Lake,KLA,2024-05-02,12.9128,77.6271,,,,,,,,,,,,,,,,05/24,3616.0,Kalena Agrahara Lake,"D (Propagation of wild life,fisheries)",5.6,7.4,494.0,5.0,1.7,2100.0,13000.0,3.0,124.0,5.0,124.0,40.0,64.0,1.5,0.4,116.0,64.0,52.0,14.0,50.0,332.0,18.0,0.31,0.5,16.0,0.24,44.0,2.0,0.9,2024.0
Kalena Agrahara Lake,KLA,2024-06-01,12.9128,77.6271,,,,,,,,,,,,,,,,06/24,3616.0,Kalena Agrahara Lake,"D (Propagation of wild life,fisheries)",5.4,7.8,722.0,7.0,2.6,170.0,3500.0,3.0,140.0,5.0,140.0,112.0,65.0,1.5,0.82,100.0,56.0,44.0,17.0,81.0,492.0,26.0,0.2,0.5,20.0,0.27,58.0,3.5,0.05,2024.0
Kalena Agrahara Lake,KLA,2024-09-19,12.9128,77.6271,,,,,,,,,,,,,,,,09/24,3616.0,Kalena Agrahara Lake,"D (Propagation of wild life,fisheries)",4.4,8.2,574.0,8.0,4.3,1700.0,3300.0,3.0,128.0,5.0,128.0,72.0,72.0,1.5,0.4,124.0,64.0,60.0,31.0,60.0,390.0,64.0,0.2,0.5,10.0,0.27,48.0,2.3,0.7,2024.0
Kalena Agrahara Lake,KLA,2024-12-08,12.9128,77.6271,,,,,,,,,,,,,,,,12/24,3616.0,Kalena Agrahara Lake,"D (Propagation of wild life,fisheries)",6.5,7.7,525.0,4.0,3.5,310.0,2100.0,3.0,132.0,5.0,132.0,128.0,41.0,1.5,0.4,136.0,76.0,60.0,5.0,58.0,356.0,10.0,0.2,0.5,6.0,0.2,45.0,2.1,0.05,2024.0
Kalena Agrahara Lake,KLA,2025-03-08,12.9128,77.6271,,,,,,,,,,,,,,,,03/25,3616.0,Kalena Agrahara Lake,"D (Propagation of wild life,fisheries)",5.3,7.3,727.0,13.0,2.5,480.0,2800.0,3.0,236.0,5.0,236.0,128.0,122.0,1.5,0.73,232.0,116.0,116.0,7.230769230769231,89.0,502.0,10.0,1.12,0.5,10.0,0.26,44.0,2.5,2.65,2025.0
Kalena Agrahara Lake,KLA,2025-04-04,12.9128,77.6271,0.1369570096089542,0.1585726865082543,0.1755919254217984,0.1987369751152723,0.2101777058181688,0.2271006053993171,0.2209795994509167,0.265933990355848,0.2409841364260322,-0.1735553814527377,-0.2640623937253908,0.0719233127213337,0.0534232250896218,1.1234767495128597,1.1866992306529751,04/25,3616.0,Kalena Agrahara Lake,"D (Propagation of wild life,fisheries)",4.6,6.7,652.0,8.0,2.63,400.0,2200.0,3.0,144.0,5.0,144.0,100.0,84.0,1.5,0.75,104.0,56.0,48.0,13.0,54.0,446.0,10.0,0.2,0.5,4.0,0.31,52.0,2.31,0.51,2025.0
Kalena Agrahara Lake,KLA,2025-05-07,12.9128,77.6271,0.1491327338002885,0.1736966387614361,0.1947326285794142,0.2180448664249763,0.2342723874555631,0.2582032311428671,0.2519995142726409,0.300061504346908,0.2854789447749108,-0.1877763341084326,-0.2701181884276216,0.0631326710359654,0.0560544108584728,1.1233083346472674,1.150348487036039,05/25,3616.0,Kalena Agrahara Lake,D,4.2,8.0,699.0,10.0,2.7,14.0,920.0,3.0,152.0,5.0,152.0,112.0,97.0,1.5,0.4,84.0,48.0,36.0,12.0,95.0,476.0,56.0,0.2,0.5,19.0,0.5,65.0,4.5,0.31,2025.0
Kalena Agrahara Lake,KLA,2025-06-06,12.9128,77.6271,,,,,,,,,,,,,,,,06/25,3616.0,Kalena Agrahara Lake,D,5.3,8.0,425.0,4.0,1.63,260.0,2800.0,3.0,120.0,5.0,120.0,48.0,44.0,1.5,0.4,88.0,50.0,38.0,31.0,52.0,288.0,22.0,0.2,0.5,2.0,0.39,55.0,2.41,0.05,2025.0
Kalena Agrahara Lake,KLA,2025-11-10,12.9128,77.6271,,,,,,,,,,,,,,,,11/25,3616.0,Kalena Agrahara Lake,D,6.1,6.9,372.0,4.0,1.49,1077.2463768115942,2400.0,29.633802816901408,112.0,20.0,112.0,40.0,40.0,9.654545454545454,0.4,96.0,52.0,44.0,10.0,28.0,252.0,15.0,0.51,0.5,10.0,0.31,38.0,1.24,0.29,2025.0
Kalkere Tank,KLK,2023-08-16,13.0225,77.7027,,,,,,,,,,,,,,,,08/23,3607.0,KALKERE TANK,"D (Propagation of wild life,fisheries)",4.1,7.3,590.0,12.0,1.7,41000.0,350000.0,15.00952380952381,168.0,5.0,168.0,88.0,116.0,1.743809523809524,0.94,156.0,84.0,72.0,9.0,58.0,404.0,32.62857142857143,0.25,0.5,7.0,0.27,41.0,1.3625714285714283,0.0880952380952381,2023.0
Kalkere Tank,KLK,2023-10-10,13.0225,77.7027,,,,,,,,,,,,,,,,10/23,3607.0,KALKERE TANK,"E (Irrigation, industrial cooling and controlled waste)",2.8,6.7,866.0,15.0,3.32,4600.0,35000.0,3.0,200.0,5.0,200.0,144.0,139.0,9.386422413793102,2.6,232.0,120.0,112.0,35.0,79.0,604.0,89.9825327510917,0.42,0.5,17.0,0.2,40.0,2.2,0.96,2023.0
Kalkere Tank,KLK,2023-12-24,13.0225,77.7027,,,,,,,,,,,,,,,,12/23,3607.0,KALKERE TANK,"E (Irrigation, industrial cooling and controlled waste)",2.3,7.9,926.0,17.0,3.0,70000.0,350000.0,3.0,256.0,5.0,256.0,188.0,119.0,3.1,2.4,76.0,44.0,32.0,36.0,95.0,640.0,10.0,1.0,0.5,17.0,0.26,67.0,4.7,2.5,2023.0
Kalkere Tank,KLK,2024-03-03,13.0225,77.7027,,,,,,,,,,,,,,,,03/24,3607.0,Kalkere Tank,"E (Irrigation, industrial cooling and controlled waste)",0.3,7.7,1253.0,148.0,4.0,2300.0,9400.0,3.0,500.0,5.0,500.0,200.0,992.0,23.92,18.4,280.0,150.0,130.0,9.0,118.0,864.0,256.0,0.59,0.5,26.0,0.2,45.0,3.0,2.08,2024.0
Kalkere Tank,KLK,2024-04-02,13.0225,77.7027,,,,,,,,,,,,,,,,04/24,3607.0,Kalkere Tank,"E (Irrigation, industrial cooling and controlled waste)",0.9,7.8,1477.0,21.0,4.8,6800.0,49000.0,3.0,416.0,5.0,416.0,232.0,175.0,13.4,10.3,400.0,208.0,192.0,23.0,143.0,1006.0,1040.0,2.7,0.5,18.0,0.93,42.0,3.1,0.98,2024.0
Kalkere Tank,KLK,2024-05-02,13.0225,77.7027,,,,,,,,,,,,,,,,05/24,3607.0,Kalkere Tank,"E (Irrigation, industrial cooling and controlled waste)",1.6,8.2,1580.0,42.0,5.5,1100.0,7900.0,3.0,188.0,5.0,188.0,292.0,236.0,3.6,2.6,176.0,96.0,80.0,31.0,173.0,1040.0,130.0,1.1,0.5,43.0,0.2,62.0,6.0,2.8,2024.0
Kalkere Tank,KLK,2024-09-19,13.0225,77.7027,,,,,,,,,,,,,,,,09/24,3607.0,Kalkere Tank,"D (Propagation of wild life,fisheries)",4.2,9.0,695.0,9.0,2.8,1100.0,1300.0,80.0,88.0,40.0,128.0,116.0,96.0,1.5,0.4,156.0,84.0,72.0,23.0,77.0,472.0,102.0,0.8,0.5,19.0,0.2,48.0,3.0,2.0,2024.0
Kalkere Tank,KLK,2024-12-08,13.0225,77.7027,,,,,,,,,,,,,,,,12/24,3607.0,Kalkere Tank,"E (Irrigation, industrial cooling and controlled waste)",3.2,7.5,1297.0,11.0,4.9,170.0,3500.0,3.0,288.0,5.0,288.0,184.0,101.0,11.9,9.2,256.0,136.0,120.0,25.0,169.0,880.0,44.0,1.6,0.5,26.0,0.2,59.0,4.6,3.7,2024.0
Kalkere Tank,KLK,2025-01-07,13.0225,77.7027,,,,,,,,,,,,,,,,01/25,3607.0,Kalkere Tank,"E (Irrigation, industrial cooling and controlled waste)",3.1,8.2,1476.0,20.0,5.1,1400.0,9400.0,3.0,324.0,5.0,324.0,240.0,136.0,20.0,16.0,344.0,180.0,164.0,51.0,174.0,968.0,44.0,0.78,0.5,33.0,0.2,49.0,4.0,2.2,2025.0
Kalkere Tank,KLK,2025-02-01,13.0225,77.7027,,,,,,,,,,,,,,,,02/25,3607.0,Kalkere Tank,"E (Irrigation, industrial cooling and controlled waste)",0.3,8.4,1481.0,35.0,5.7,170.0,22000.0,32.0,332.0,16.0,348.0,292.0,285.0,23.4,18.0,356.0,180.0,176.0,40.0,182.0,1022.0,48.0,1.7,0.5,34.0,0.2,50.0,4.2,4.0,2025.0
Kalkere Tank,KLK,2025-03-08,13.0225,77.7027,,,,,,,,,,,,,,,,03/25,3607.0,Kalkere Tank,"E (Irrigation, industrial cooling and controlled waste)",3.3,8.5,1118.0,16.0,3.9,1100.0,6300.0,72.0,216.0,36.0,288.0,284.0,112.0,1.8,1.3,236.0,124.0,112.0,7.461538461538462,99.0,754.0,32.0,0.2,0.5,35.0,0.2,38.0,3.0,0.46,2025.0
Kalkere Tank,KLK,2025-05-07,13.0225,77.7027,0.1278278458289335,0.1728573818823184,0.1988490252831964,0.2404707532558959,0.3016356705385428,0.3289408553326297,0.3240409433298135,0.3480200140795494,0.2896377895107356,-0.3079301774794945,-0.3406239029572456,0.1067359626304484,0.0653299377525839,1.1451441688673123,1.2687112329028387,05/25,3607.0,Kalkere Tank,D,4.8,7.8,980.0,6.0,3.8,1300.0,4600.0,3.0,268.0,5.0,268.0,252.0,64.0,1.5,0.4,220.0,112.0,108.0,8.0,96.0,666.0,18.0,0.2,0.5,10.0,0.3,47.0,2.8,0.32,2025.0
Kalkere Tank,KLK,2025-06-06,13.0225,77.7027,0.1349449313621964,0.1833226755350587,0.20397538898912,0.2493139774727209,0.3173624674410418,0.3468685744456179,0.3413016050686379,0.3362745054558253,0.2751406265399507,-0.3064901103005772,-0.3017850324428026,0.1124420486941964,0.0516373549659892,1.1131121124970629,1.285568182971498,06/25,3607.0,Kalkere Tank,E,2.4,7.4,1594.0,22.0,6.1,260.0,17000.0,3.0,348.0,5.0,348.0,216.0,136.0,2.5,1.9,268.0,140.0,56.0,37.0,116.0,1084.0,46.0,2.4,0.5,3.0,0.2,48.0,3.1,5.6,2025.0
Kalkere Tank,KLK,2025-11-10,13.0225,77.7027,,,,,,,,,,,,,,,,11/25,3607.0,Kalkere Tank,D,4.4,8.2,827.0,8.0,3.4,786.376811594203,11000.0,33.690140845070424,236.0,20.0,236.0,116.0,96.0,17.25,0.58,216.0,116.0,100.0,12.0,85.0,544.0,18.0,3.0,0.5,12.0,0.31,45.0,2.5,8.5,2025.0
Kammagondanahalli Lake,KMG,2023-08-16,12.9649,77.546,,,,,,,,,,,,,,,,08/23,4540.0,KAMMAGONDANAHALLI LAKE,"E (Irrigation, industrial cooling and controlled waste)",0.8,7.0,874.0,18.0,4.2,2200000.0,24000000.0,13.771428571428572,316.0,5.0,316.0,56.0,116.0,2.048571428571429,2.5,340.0,176.0,164.0,26.0,127.0,602.0,30.914285714285715,0.23,0.5,29.0,0.2,41.0,1.4282857142857144,0.1357142857142857,2023.0
Kammagondanahalli Lake,KMG,2023-10-10,12.9649,77.546,,,,,,,,,,,,,,,,10/23,4540.0,KAMMAGONDANAHALLI LAKE,"E (Irrigation, industrial cooling and controlled waste)",2.5,7.8,550.0,18.0,1.8,40000.0,540000.0,3.0,180.0,5.0,180.0,72.0,120.0,9.035344827586208,2.2,168.0,88.0,35.0,17.0,55.0,378.0,96.42794759825328,0.5,0.5,32.0,0.2,40.0,1.85,1.4,2023.0
Kammagondanahalli Lake,KMG,2023-12-24,12.9649,77.546,,,,,,,,,,,,,,,,12/23,4540.0,"KAMMAGONDANAHALLI
LAKE","D (Propagation of wild life,fisheries)",4.2,7.5,972.0,6.0,2.1,2300.0,24000.0,3.0,272.0,5.0,272.0,252.0,70.0,1.5,0.52,288.0,152.0,136.0,9.0,91.0,662.0,10.0,0.29,0.5,12.0,0.24,39.0,2.3,0.9,2023.0
Kammagondanahalli Lake,KMG,2024-03-03,12.9649,77.546,,,,,,,,,,,,,,,,03/24,4540.0,Kammagondanahalli Lake,"E (Irrigation, industrial cooling and controlled waste)",0.7,7.8,1360.0,18.0,6.6,1700.0,4800.0,3.0,652.0,5.0,652.0,216.0,120.0,2.9,2.2,428.0,220.0,208.0,23.0,191.0,944.0,24.0,6.0,0.5,35.0,0.22,34.0,4.0,14.7,2024.0
Kammagondanahalli Lake,KMG,2024-04-02,12.9649,77.546,,,,,,,,,,,,,,,,04/24,4540.0,Kammagondanahalli Lake,"E (Irrigation, industrial cooling and controlled waste)",1.5,7.0,1667.0,24.0,6.5,1500.0,4100.0,3.0,656.0,5.0,656.0,196.0,160.0,3.9,3.0,396.0,204.0,192.0,32.0,194.0,1136.0,28.0,4.7,0.5,28.0,0.22,49.0,4.3,10.0,2024.0
Kammagondanahalli Lake,KMG,2024-05-02,12.9649,77.546,,,,,,,,,,,,,,,,05/24,4540.0,Kammagondanahalli Lake,"E (Irrigation, industrial cooling and controlled waste)",3.1,6.6,744.0,24.0,2.9,2100.0,14000.0,3.0,172.0,5.0,172.0,124.0,171.0,7.8,6.2,200.0,104.0,96.0,30.0,68.0,492.0,16.0,0.28,0.5,15.0,0.25,40.0,2.09,0.76,2024.0
Kammagondanahalli Lake,KMG,2024-06-01,12.9649,77.546,,,,,,,,,,,,,,,,06/24,4540.0,Kammagondanahalli Lake,"D (Propagation of wild life,fisheries)",4.8,7.5,689.0,8.2,2.5,320.0,3500.0,3.0,192.0,5.0,192.0,765.0,77.0,1.5,0.98,192.0,100.0,92.0,40.0,73.0,470.0,10.0,2.0,0.5,18.0,0.2,43.0,2.3,4.3,2024.0
Kammagondanahalli Lake,KMG,2024-09-19,12.9649,77.546,,,,,,,,,,,,,,,,09/24,4540.0,Kammagondanahalli Lake,"E (Irrigation, industrial cooling and controlled waste)",3.0,6.7,433.0,9.0,8.0,2300.0,7900.0,3.0,76.0,5.0,76.0,72.0,88.0,11.0,8.1,107.0,56.0,48.0,44.0,40.0,300.0,114.0,0.3,0.5,25.0,0.35,39.0,1.7,0.8,2024.0
Kammagondanahalli Lake,KMG,2024-12-08,12.9649,77.546,,,,,,,,,,,,,,,,12/24,4540.0,Kammagondanahalli Lake,"D (Propagation of wild life,fisheries)",6.8,6.7,376.0,7.0,2.0,780.0,2300.0,3.0,112.0,5.0,112.0,32.0,62.0,1.5,0.4,92.0,48.0,44.0,5.0,26.0,256.0,22.0,0.2,0.5,9.0,0.2,35.0,1.0,0.33,2024.0
Kammagondanahalli Lake,KMG,2025-05-07,12.9649,77.546,0.1141319638079143,0.1384613821129533,0.1543016615013543,0.1879268940994226,0.2559868398817067,0.2891936628643854,0.2806360970285876,0.2540623186875087,0.2168181840585834,-0.3410644058944553,-0.3084182649300173,0.121121436153176,0.0418529092889578,1.0969353124838108,1.335507448737343,05/25,4540.0,Kammagondanahalli Lake,D,6.7,7.2,519.0,4.0,2.0,2200.0,9400.0,3.0,148.0,5.0,148.0,60.0,46.0,1.5,0.4,136.0,68.0,68.0,18.0,60.0,358.0,14.0,0.6,0.5,7.0,0.24,47.0,2.2,1.4,2025.0
Kammagondanahalli Lake,KMG,2025-06-06,12.9649,77.546,0.124464156456837,0.1487630366006337,0.1641793980035884,0.1946154203633291,0.2553126989156457,0.2849327383467115,0.2751385649908462,0.2478257569356428,0.2113170926630051,-0.3069643514248,-0.2706243064781532,0.1116142494248931,0.0425670143714137,1.0962744729536875,1.3248208232458587,06/25,4540.0,Kammagondanahalli Lake,E,1.5,6.5,498.0,28.0,2.0,48000.0,350000.0,3.0,140.0,5.0,140.0,48.0,196.0,3.4,2.7,136.0,72.0,64.0,19.0,40.0,388.0,10.0,0.57,0.5,3.0,0.2,38.0,1.49,1.66,2025.0
Kammagondanahalli Lake,KMG,2025-11-10,12.9649,77.546,,,,,,,,,,,,,,,,11/25,4540.0,Kammagondanahalli Lake,E,2.5,7.0,605.0,40.0,2.32,3177.971014492754,7900.0,25.0,112.0,20.0,112.0,72.0,272.0,3.45,2.3,220.0,124.0,96.0,20.3,53.0,408.0,46.0,0.476,0.5,6.0,0.46,33.0,1.55,0.31,2025.0
Kannur Lake,KNR,2023-10-10,13.0505,77.668,,,,,,,,,,,,,,,,10/23,5565.0,Kannur Lake,"D (Propagation of wild life,fisheries)",4.2,6.7,381.0,4.0,1.46,700.0,9200.0,3.0,84.0,5.0,84.0,60.0,45.0,7.709051724137931,0.54,100.0,56.0,44.0,16.0,33.0,266.0,120.7772925764192,0.2,0.5,8.0,1.6,39.0,1.43,0.05,2023.0
Karihobanahalli Lake,KRH,2023-08-16,13.005,77.52,,,,,,,,,,,,,,,,08/23,3601.0,KARIHOBANAHALLI LAKE,"E (Irrigation,
industrial cooling and controlled waste)",0.3,6.8,2163.0,66.0,8.2,170000.0,2400000.0,10.552380952380952,488.0,5.0,488.0,368.0,300.0,2.8409523809523813,11.6,544.0,276.0,268.0,39.0,152.0,1512.0,26.457142857142856,0.57,0.5,43.0,0.22,41.0,1.5991428571428572,0.2595238095238095,2023.0
Karihobanahalli Lake,KRH,2023-10-10,13.005,77.52,,,,,,,,,,,,,,,,10/23,3601.0,KARIHOBANAHALLI LAKE,"E (Irrigation, industrial cooling and controlled waste)",2.1,7.1,1438.0,17.0,5.47,3300.0,54000.0,3.0,332.0,5.0,332.0,240.0,153.0,9.42543103448276,3.2,388.0,200.0,188.0,58.0,114.0,1010.0,89.26637554585153,0.48,0.5,29.0,0.32,37.0,2.5,1.12,2023.0
Karihobanahalli Lake,KRH,2023-12-24,13.005,77.52,,,,,,,,,,,,,,,,12/23,3601.0,KARIHOBANAHALLI LAKE,"D (Propagation of wild life,fisheries)",4.3,7.06,2137.0,9.0,7.4,31000.0,350000.0,3.0,476.0,5.0,476.0,400.0,107.0,1.5,0.42,500.0,256.0,244.0,35.0,132.0,1458.0,10.0,0.2,0.5,16.0,0.39,36.0,2.6,0.32,2023.0
Karihobanahalli Lake,KRH,2024-03-03,13.005,77.52,,,,,,,,,,,,,,,,03/24,3601.0,Karihobanahalli Lake,"E (Irrigation, industrial cooling and controlled waste)",1.4,7.7,3020.0,28.0,10.5,450000.0,2300000.0,3.0,620.0,5.0,620.0,570.0,168.0,31.0,23.0,570.0,300.0,270.0,57.0,424.0,1998.0,22.0,2.5,0.5,32.0,0.34,60.0,8.0,7.0,2024.0
Karihobanahalli Lake,KRH,2024-04-02,13.005,77.52,,,,,,,,,,,,,,,,04/24,3601.0,Karihobanahalli Lake,"E (Irrigation, industrial cooling and controlled waste)",0.3,7.2,3260.0,22.0,10.7,14.0,240.0,3.0,924.0,5.0,924.0,512.0,180.0,1.5,15.82,888.0,452.0,436.0,50.0,313.0,2218.0,20.0,0.2,0.5,41.0,0.41,42.0,4.6,0.05,2024.0
Karihobanahalli Lake,KRH,2024-05-02,13.005,77.52,,,,,,,,,,,,,,,,05/24,3601.0,Karihobanahalli Lake,"E (Irrigation, industrial cooling and controlled waste)",0.3,6.5,1105.0,45.0,4.4,17000.0,110000.0,3.0,228.0,5.0,228.0,132.0,272.0,26.0,20.0,236.0,124.0,112.0,19.0,98.0,740.0,10.0,2.14,0.5,9.0,0.32,46.0,3.0,5.66,2024.0
Karihobanahalli Lake,KRH,2024-06-01,13.005,77.52,,,,,,,,,,,,,,,,06/24,3601.0,Karihobanahalli Lake,"D (Propagation of wild life,fisheries)",2.2,6.5,640.0,17.0,2.2,2100.0,4800.0,3.0,84.0,5.0,84.0,64.0,128.0,4.2,3.1,200.0,108.0,92.0,54.0,52.0,424.0,22.0,1.1,0.5,12.0,3.0,34.0,0.91,3.0,2024.0
Karihobanahalli Lake,KRH,2024-09-19,13.005,77.52,,,,,,,,,,,,,,,,09/24,3601.0,Karihobanahalli Lake,"E (Irrigation, industrial cooling and controlled waste)",0.3,6.6,1744.0,28.0,6.2,3100.0,11000.0,3.0,300.0,5.0,300.0,328.0,190.0,25.0,15.0,16.0,12.0,5.0,61.0,186.0,1186.0,52.0,1.4,0.5,36.0,0.26,85.0,20.0,2.0,2024.0
Karihobanahalli Lake,KRH,2024-12-08,13.005,77.52,,,,,,,,,,,,,,,,12/24,3601.0,Karihobanahalli Lake,"D (Propagation of wild life,fisheries)",4.4,7.3,402.0,8.0,1.4,260.0,4300.0,3.0,92.0,5.0,92.0,32.0,88.0,1.5,0.91,120.0,68.0,52.0,10.0,23.0,264.0,12.0,0.95,0.5,9.0,0.2,27.0,0.91,2.6,2024.0
Karihobanahalli Lake,KRH,2025-11-10,13.005,77.52,,,,,,,,,,,,,,,,11/25,3601.0,Karihobanahalli Lake,E,2.7,6.8,898.0,19.0,3.4,592.463768115942,11000.0,36.394366197183096,92.0,20.0,92.0,148.0,136.0,17.0,13.0,220.0,112.0,108.0,136.0,94.0,620.0,130.0,1.280909090909091,0.5,9.0,0.93,47.0,2.7,0.19,2025.0
Kasavanahalli Lake,KSV,2023-08-16,12.9408,77.7311,,,,,,,,,,,,,,,,08/23,4529.0,KASAVANAHALLI LAKE,"D (Propagation of wild life,fisheries)",4.6,7.5,630.0,8.0,2.9,4800.0,92000.0,4.361904761904762,156.0,5.0,156.0,128.0,74.0,4.364761904761905,0.79,156.0,84.0,72.0,5.0,92.0,432.0,17.885714285714286,0.2,0.5,16.0,0.25,41.0,1.9277142857142853,0.4976190476190476,2023.0
Kasavanahalli Lake,KSV,2023-10-10,12.9408,77.7311,,,,,,,,,,,,,,,,10/23,4529.0,KASAVANAHALLI LAKE,"D (Propagation of wild life,fisheries)",5.8,8.0,728.0,5.0,3.0,4900.0,24000.0,3.0,144.0,5.0,144.0,128.0,60.0,10.088577586206895,0.4,108.0,60.0,48.0,6.0,86.0,492.0,77.09170305676855,0.2,0.5,56.0,0.32,51.0,4.0,0.38,2023.0
Kasavanahalli Lake,KSV,2024-03-03,12.9408,77.7311,,,,,,,,,,,,,,,,03/24,4529.0,Kasavanahalli Lake,"D (Propagation of wild life,fisheries)",6.0,7.7,986.0,5.0,4.0,220.0,2400.0,3.0,120.0,5.0,120.0,184.0,48.0,1.5,0.46,148.0,80.0,68.0,34.0,118.0,680.0,10.0,0.2,0.5,30.0,0.27,58.0,4.0,0.21,2024.0
Kasavanahalli Lake,KSV,2024-06-01,12.9408,77.7311,,,,,,,,,,,,,,,,06/24,4529.0,Kasavanahalli Lake,"D (Propagation of wild life,fisheries)",6.1,7.3,1102.0,5.0,3.83,21.0,1600.0,3.0,84.0,5.0,84.0,204.0,52.0,1.5,0.4,120.0,68.0,52.0,10.0,144.0,724.0,44.0,0.21,0.5,28.0,0.54,67.0,6.0,0.58,2024.0
Kasavanahalli Lake,KSV,2024-09-19,12.9408,77.7311,,,,,,,,,,,,,,,,09/24,4529.0,Kasavanahalli Lake,"D (Propagation of wild life,fisheries)",5.0,7.2,900.0,4.0,2.2,1500.0,4800.0,3.0,156.0,5.0,156.0,176.0,36.0,1.5,0.85,236.0,124.0,112.0,31.0,92.0,624.0,38.0,2.3,0.5,21.0,0.33,43.0,2.6,0.5,2024.0
Kasavanahalli Lake,KSV,2025-04-04,12.9408,77.7311,0.1517222902590089,0.1825180112267319,0.211467644775775,0.2383491061373872,0.2586474978885135,0.2710046558277028,0.264557105152027,0.3207991800394145,0.2625126231700452,-0.1916090637232306,-0.2887507459765934,0.0679384076865799,0.0778786625749184,1.17264032124767,1.1627898008690338,04/25,4529.0,Kasavanahalli Lake,"D (Propagation of wild life,fisheries)",6.0,7.3,1033.0,6.0,3.6,230.0,3500.0,3.0,388.0,5.0,388.0,120.0,64.0,1.5,0.4,336.0,172.0,164.0,20.0,74.0,712.0,10.0,0.75,0.5,6.0,0.3,34.0,1.96,2.3,2025.0
Kasavanahalli Lake,KSV,2025-05-07,12.9408,77.7311,0.1734677400056306,0.2057506966347982,0.2385384601295446,0.2637868278434684,0.2859997818130629,0.3070169904279277,0.302314530546171,0.3562725893862608,0.3103938907657658,-0.1959985586625696,-0.2756620362088283,0.0570716313125552,0.0754567244383228,1.166088475782458,1.135289339569009,05/25,4529.0,Kasavanahalli Lake,D,6.2,7.0,769.0,7.0,3.0,260.0,1500.0,3.0,176.0,5.0,176.0,108.0,66.0,1.5,0.4,136.0,76.0,60.0,8.4,123.0,524.0,14.0,0.3,0.5,14.0,0.22,63.0,4.6,0.9,2025.0
Kasavanahalli Lake,KSV,2025-06-06,12.9408,77.7311,,,,,,,,,,,,,,,,06/25,4529.0,Kasavanahalli Lake,D,6.0,7.6,812.0,5.0,3.1,110.0,2400.0,3.0,128.0,5.0,128.0,136.0,58.0,1.5,0.4,136.0,72.0,64.0,20.0,89.0,550.0,10.0,0.2,0.5,2.0,0.28,58.0,3.4,0.05,2025.0
Kasavanahalli Lake,KSV,2025-11-10,12.9408,77.7311,,,,,,,,,,,,,,,,11/25,4529.0,Kasavanahalli Lake,D,6.1,7.9,671.0,4.0,2.7,2854.7826086956525,2100.0,15.0,148.0,20.0,148.0,116.0,40.0,22.666666666666664,0.4,152.0,80.0,72.0,24.0,51.0,470.0,65.0,0.755,0.5,4.0,0.28,41.0,1.79,2.04,2025.0
Kodi Singasandra Lake,KSG,2023-08-16,12.8999,77.626,,,,,,,,,,,,,,,,08/23,4543.0,KODI SINGASANDRA LAKE,"D (Propagation of
wild life,fisheries)",6.1,7.7,1012.0,4.0,4.0,330.0,16000.0,5.6,184.0,5.0,184.0,138.0,44.0,4.0600000000000005,0.4,200.0,108.0,92.0,9.0,138.0,682.0,19.6,0.91,0.5,23.0,0.33,41.0,1.862,0.45,2023.0
Kodi Singasandra Lake,KSG,2023-10-10,12.8999,77.626,,,,,,,,,,,,,,,,10/23,4543.0,KODI SINGASANDRA LAKE,"D (Propagation of wild life,fisheries)",5.4,7.7,589.0,6.0,2.0,2300.0,24000.0,3.0,112.0,5.0,112.0,84.0,56.0,9.971551724137932,0.4,112.0,64.0,48.0,27.0,73.0,396.0,79.24017467248908,0.31,0.5,18.0,0.31,42.0,3.0,0.9,2023.0
Kodi Singasandra Lake,KSG,2023-12-24,12.8999,77.626,,,,,,,,,,,,,,,,12/23,4543.0,KODI SINGASANDRA LAKE,"E (Irrigation, industrial cooling and controlled waste)",2.8,7.1,500.0,8.0,2.1,940.0,9200.0,3.0,96.0,5.0,96.0,88.0,77.0,2.4,1.8,68.0,40.0,28.0,25.0,62.0,360.0,10.0,0.23,0.5,18.0,0.24,59.0,3.3,0.5,2023.0
Kodi Singasandra Lake,KSG,2024-03-03,12.8999,77.626,,,,,,,,,,,,,,,,03/24,4543.0,Kodi Singasandra Lake,"D (Propagation of wild life,fisheries)",4.2,7.28,1014.0,5.0,2.5,2400.0,4800.0,3.0,180.0,5.0,180.0,224.0,55.0,1.5,0.4,236.0,124.0,112.0,52.0,96.0,670.0,16.0,0.2,0.5,6.0,0.47,46.0,3.0,0.05,2024.0
Kodi Singasandra Lake,KSG,2024-09-19,12.8999,77.626,,,,,,,,,,,,,,,,09/24,4543.0,Kodi Singasandra Lake,"D (Propagation of wild life,fisheries)",4.4,7.4,966.0,8.0,3.1,33.0,1600.0,3.0,212.0,5.0,212.0,104.0,72.0,1.5,0.89,268.0,140.0,128.0,73.0,182.0,654.0,60.0,0.64,0.5,14.0,0.26,58.0,5.0,1.7,2024.0
Kodi Singasandra Lake,KSG,2024-12-08,12.8999,77.626,,,,,,,,,,,,,,,,12/24,4543.0,Kodi Singasandra Lake,"D (Propagation of wild life,fisheries)",4.8,6.8,589.0,4.0,2.2,430.0,2200.0,3.0,256.0,5.0,256.0,64.0,37.0,1.5,0.4,304.0,156.0,148.0,45.0,71.0,400.0,10.0,0.9,0.5,5.0,0.31,33.0,1.7,3.4,2024.0
Kodi Singasandra Lake,KSG,2025-01-07,12.8999,77.626,,,,,,,,,,,,,,,,01/25,4543.0,Kodi Singasandra Lake,"D (Propagation of wild life,fisheries)",5.8,7.2,1161.0,13.0,4.0,140.0,3500.0,3.0,212.0,5.0,212.0,216.0,123.0,1.5,0.4,208.0,104.0,104.0,44.0,163.0,808.0,10.0,0.2,0.5,30.0,0.23,59.0,5.0,0.2,2025.0
Kodi Singasandra Lake,KSG,2025-02-01,12.8999,77.626,,,,,,,,,,,,,,,,02/25,4543.0,Kodi Singasandra Lake,"D (Propagation of wild life,fisheries)",5.6,7.7,945.0,5.0,3.63,210.0,3500.0,3.0,248.0,5.0,248.0,116.0,56.0,1.5,0.4,192.0,110.0,82.0,10.0,99.0,650.0,56.0,0.32,0.5,27.0,0.2,49.0,3.1,0.75,2025.0
Kodi Singasandra Lake,KSG,2025-03-08,12.8999,77.626,,,,,,,,,,,,,,,,03/25,4543.0,Kodi Singasandra Lake,"D (Propagation of wild life,fisheries)",5.4,6.7,572.0,6.0,1.9,270.0,1400.0,3.0,156.0,5.0,156.0,96.0,56.0,1.5,0.45,168.0,92.0,76.0,5.564102564102564,84.0,386.0,10.0,0.2,0.5,18.0,0.47,49.0,3.0,0.05,2025.0
Kodi Singasandra Lake,KSG,2025-04-04,12.8999,77.626,0.0917239194706461,0.1124902573005979,0.1241160070991181,0.1562426826692946,0.2214102703083202,0.2535238983528085,0.2499369174996481,0.2786467760101363,0.2343149479093341,-0.3822105441856209,-0.4346894960031425,0.1354786320687472,0.040183936515295,1.0916026178425398,1.3711219281365823,04/25,4543.0,Kodi Singasandra Lake,"E (Irrigation, industrial cooling and controlled waste)",1.1,8.1,1024.0,38.0,3.93,200.0,2800.0,3.0,160.0,5.0,160.0,164.0,259.0,3.35,2.2,128.0,78.0,50.0,68.0,99.5,702.0,10.0,0.22,0.5,25.0,0.2,57.0,3.84,0.52,2025.0
Kodi Singasandra Lake,KSG,2025-05-07,12.8999,77.626,0.14070898915951,0.1621637372786472,0.1744058112590649,0.2049126495846824,0.2618730712375052,0.2968515345628609,0.2933224095452625,0.3076867907926227,0.2642636526819654,-0.2908535856133742,-0.3155862538195872,0.0863303877658009,0.0361654681266139,1.0772310835498022,1.2005298364791557,05/25,4543.0,Kodi Singasandra Lake,E,0.3,7.7,1397.0,11.0,5.36,310.0,4300.0,3.0,240.0,5.0,240.0,352.0,117.0,1.69,1.3,252.0,144.0,108.0,10.0,197.0,960.0,20.0,0.2,0.5,42.0,0.69,48.0,5.38,0.42,2025.0
Kodi Singasandra Lake,KSG,2025-06-06,12.8999,77.626,,,,,,,,,,,,,,,,06/25,4543.0,Kodi Singasandra Lake,E,0.3,7.7,1589.0,12.0,6.1,1100.0,13000.0,3.0,188.0,5.0,188.0,336.0,120.0,1.7,0.4,228.0,124.0,104.0,71.0,257.0,1074.0,18.0,0.2,0.5,4.0,0.66,71.0,7.41,0.05,2025.0
Kodi Singasandra Lake,KSG,2025-11-10,12.8999,77.626,,,,,,,,,,,,,,,,11/25,4543.0,Kodi Singasandra Lake,D,6.4,7.0,328.0,5.0,1.3,3274.9275362318845,4300.0,28.0,60.0,20.0,60.0,44.0,52.0,5.175000000000001,0.4,88.0,48.0,40.0,13.0,31.0,222.0,28.0,0.488,0.5,6.0,0.24,41.0,1.43,0.298,2025.0
Kothanuru Lake,KTH,2023-08-16,13.0121,77.6744,,,,,,,,,,,,,,,,08/23,4544.0,KOTHANURU LAKE,"D (Propagation of wild life,fisheries)",4.3,7.1,379.0,5.0,2.0,21.0,540.0,7.704761904761905,116.0,5.0,116.0,48.0,48.0,3.541904761904762,0.73,104.0,56.0,48.0,11.0,36.0,264.0,22.514285714285712,0.23,0.5,12.0,0.2,41.0,1.7502857142857142,0.369047619047619,2023.0
Kothanuru Lake,KTH,2023-10-10,13.0121,77.6744,,,,,,,,,,,,,,,,10/23,4544.0,KOTHANURU LAKE,"E (Irrigation, industrial cooling and controlled waste)",3.1,6.8,561.0,12.0,2.0,7900.0,54000.0,3.0,92.0,5.0,92.0,84.0,116.0,10.322629310344828,2.5,104.0,56.0,48.0,17.0,48.0,380.0,72.7947598253275,0.5,0.5,4.0,0.32,48.0,2.0,1.54,2023.0
Kothanuru Lake,KTH,2023-12-24,13.0121,77.6744,,,,,,,,,,,,,,,,12/23,4544.0,KOTHANURU LAKE,"D (Propagation of wild life,fisheries)",5.1,7.1,422.0,7.0,2.0,3400.0,54000.0,3.0,104.0,5.0,104.0,52.0,64.0,1.5,0.68,96.0,52.0,44.0,8.0,41.0,290.0,12.0,0.2,0.5,19.0,0.3,43.0,2.0,0.05,2023.0
Kothanuru Lake,KTH,2024-03-03,13.0121,77.6744,,,,,,,,,,,,,,,,03/24,4544.0,Kothanuru Lake,"D (Propagation of wild life,fisheries)",4.3,7.6,457.0,7.0,3.05,2700.0,11000.0,3.0,136.0,5.0,136.0,44.0,63.0,1.5,0.9,204.0,108.0,96.0,17.0,39.0,320.0,16.0,0.2,0.5,4.0,0.3,29.0,1.1,0.05,2024.0
Kothanuru Lake,KTH,2024-04-02,13.0121,77.6744,,,,,,,,,,,,,,,,04/24,4544.0,Kothanuru Lake,"D (Propagation of wild life,fisheries)",4.8,7.5,394.0,7.0,0.8,1400.0,7900.0,3.0,152.0,5.0,152.0,44.0,88.0,1.5,0.4,168.0,88.0,80.0,8.0,40.0,270.0,10.0,0.2,0.5,5.0,0.2,33.0,1.3,0.05,2024.0
Kothanuru Lake,KTH,2024-05-02,13.0121,77.6744,,,,,,,,,,,,,,,,05/24,4544.0,Kothanuru Lake,"E (Irrigation, industrial cooling and controlled waste)",2.0,7.8,988.0,28.0,7.1,2200.0,11000.0,3.0,164.0,5.0,164.0,360.0,190.0,12.1,9.8,188.0,100.0,88.0,59.0,212.0,878.0,50.0,0.3,0.5,34.0,0.35,67.0,0.21,0.6,2024.0
Kothanuru Lake,KTH,2024-06-01,13.0121,77.6744,,,,,,,,,,,,,,,,06/24,4544.0,Kothanuru Lake,"E (Irrigation, industrial cooling and controlled waste)",2.6,6.8,1039.0,22.0,3.7,3200.0,22000.0,3.0,84.0,5.0,84.0,184.0,149.0,2.0,1.6,132.0,72.0,60.0,43.0,99.0,708.0,34.0,0.2,0.5,28.0,0.34,56.0,3.8,0.5,2024.0
Kothanuru Lake,KTH,2024-09-19,13.0121,77.6744,,,,,,,,,,,,,,,,09/24,4544.0,Kothanuru Lake,"D (Propagation of wild life,fisheries)",4.1,8.1,418.0,5.0,1.6,17.0,1600.0,3.0,104.0,5.0,104.0,68.0,48.0,1.5,0.4,112.0,60.0,52.0,17.0,40.0,284.0,16.0,0.2,0.5,8.0,0.26,41.0,2.0,0.05,2024.0
Kothanuru Lake,KTH,2024-12-08,13.0121,77.6744,,,,,,,,,,,,,,,,12/24,4544.0,Kothanuru Lake,"D (Propagation of wild life,fisheries)",6.6,7.7,515.0,4.0,2.0,170.0,2400.0,3.0,116.0,5.0,116.0,84.0,48.0,1.5,0.42,136.0,72.0,64.0,21.0,50.0,348.0,10.0,0.2,0.5,10.0,0.2,42.0,2.0,0.44,2024.0
Kothanuru Lake,KTH,2025-01-07,13.0121,77.6744,,,,,,,,,,,,,,,,01/25,4544.0,Kothanuru Lake,"D (Propagation of wild life,fisheries)",6.8,7.4,399.0,5.0,1.5,17.0,920.0,3.0,148.0,5.0,148.0,44.0,46.0,1.5,0.4,100.0,56.0,44.0,11.0,41.0,272.0,12.0,0.2,0.5,10.0,0.2,44.0,1.8,0.3,2025.0
Kothanuru Lake,KTH,2025-02-01,13.0121,77.6744,,,,,,,,,,,,,,,,02/25,4544.0,Kothanuru Lake,"D (Propagation of wild life,fisheries)",4.4,7.2,825.0,6.0,3.17,220.0,1500.0,3.0,180.0,5.0,180.0,100.0,72.0,1.5,0.4,136.0,86.0,50.0,10.0,89.0,564.0,42.0,0.2,0.5,16.0,0.2,55.0,3.3,0.26,2025.0
Kothanuru Lake,KTH,2025-03-08,13.0121,77.6744,,,,,,,,,,,,,,,,03/25,4544.0,Kothanuru Lake,"D (Propagation of wild life,fisheries)",6.0,7.0,685.0,4.0,2.3,310.0,1700.0,3.0,176.0,5.0,176.0,104.0,48.0,1.5,0.52,160.0,88.0,72.0,5.538461538461538,105.0,464.0,18.0,0.2,0.5,24.0,0.36,49.0,4.0,0.05,2025.0
Kothanuru Lake,KTH,2025-04-04,13.0121,77.6744,,,,,,,,,,,,,,,,04/25,4544.0,Kothanuru Lake,"D (Propagation of wild life,fisheries)",5.9,7.0,1314.0,6.0,5.3,120.0,1600.0,3.0,136.0,5.0,136.0,272.0,64.0,1.5,0.4,160.0,84.0,76.0,58.0,119.0,898.0,10.0,0.2,0.5,9.0,0.5,60.0,4.1,0.49,2025.0
Kothanuru Lake,KTH,2025-05-07,13.0121,77.6744,0.1691080356200063,0.1972509031599181,0.2211128431857985,0.2412471014747809,0.2488685403540881,0.2629555348280598,0.254021907007849,0.2939293337087748,0.2756474288127836,-0.1292270189092809,-0.2017086215457354,0.0475431229849988,0.057521522000384,1.1239540438743678,1.1067362469647308,05/25,4544.0,Kothanuru Lake,D,4.8,7.5,677.0,8.0,2.6,230.0,2200.0,3.0,152.0,5.0,152.0,112.0,82.0,1.5,0.8,80.0,48.0,32.0,17.0,90.0,460.0,48.0,0.2,0.5,20.0,0.5,65.0,4.4,0.39,2025.0
Kothanuru Lake,KTH,2025-06-06,13.0121,77.6744,0.179015634789342,0.206036676703113,0.2257492097120158,0.243438101439583,0.2428734821020026,0.2555736968075744,0.2445669353419449,0.2760378128189786,0.2589104853753827,-0.0906082155862604,-0.1516908845764097,0.0423008454292733,0.0475189955842998,1.104006341683354,1.097160246462488,06/25,4544.0,Kothanuru Lake,D,5.8,8.2,426.0,5.0,1.64,140.0,2400.0,3.0,100.0,5.0,100.0,44.0,48.0,1.5,0.4,100.0,56.0,44.0,24.0,52.0,284.0,18.0,0.2,0.5,2.0,0.45,52.0,2.28,0.05,2025.0
Kothanuru Lake,KTH,2025-11-10,13.0121,77.6744,,,,,,,,,,,,,,,,11/25,4544.0,Kothanuru Lake,D,6.0,7.3,328.0,5.0,1.32,3307.2463768115945,3500.0,29.0,92.0,20.0,92.0,44.0,48.0,5.75,0.4,64.0,36.0,28.0,9.0,26.0,222.0,27.0,0.492,0.5,9.0,0.22,47.0,1.41,0.294,2025.0
Kundalahalli Lake,KND,2023-08-16,12.9766,77.7004,,,,,,,,,,,,,,,,08/23,4516.0,KUNDALAHALLI LAKE,"D (Propagation of wild life,fisheries)",4.8,7.0,1465.0,9.0,3.8,480.0,16000.0,12.16190476190476,280.0,5.0,280.0,268.0,116.0,2.444761904761905,0.4,412.0,212.0,200.0,18.0,143.0,998.0,28.685714285714283,1.45,0.5,19.0,0.25,41.0,1.5137142857142858,0.1976190476190476,2023.0
Kundalahalli Lake,KND,2023-10-10,12.9766,77.7004,,,,,,,,,,,,,,,,10/23,4516.0,KUNDALAHALLI LAKE,"D (Propagation of wild life,fisheries)",4.9,7.8,1256.0,8.0,5.0,7000.0,160000.0,3.0,232.0,5.0,232.0,276.0,84.0,7.982112068965517,0.91,312.0,160.0,152.0,21.0,107.0,866.0,115.764192139738,0.41,0.5,15.0,0.2,41.0,3.0,0.98,2023.0
Kundalahalli Lake,KND,2023-12-24,12.9766,77.7004,,,,,,,,,,,,,,,,12/23,4516.0,KUNDALAHALLI LAKE,"D (Propagation of wild life,fisheries)",5.6,8.2,537.0,6.0,2.0,470.0,16000.0,3.0,116.0,5.0,116.0,44.0,52.0,1.5,0.68,112.0,60.0,52.0,21.0,44.0,364.0,10.0,0.2,0.5,3.0,0.2,44.0,1.8,0.05,2023.0
Kundalahalli Lake,KND,2024-03-03,12.9766,77.7004,,,,,,,,,,,,,,,,03/24,4516.0,Kundalahalli Lake,"D (Propagation of wild life,fisheries)",4.6,8.5,1581.0,8.0,5.5,320.0,3500.0,48.0,156.0,24.0,204.0,364.0,92.0,1.5,0.4,296.0,156.0,140.0,44.0,201.0,1046.0,98.0,0.95,0.5,22.0,0.2,57.0,5.0,2.8,2024.0
Kundalahalli Lake,KND,2024-04-02,12.9766,77.7004,,,,,,,,,,,,,,,,04/24,4516.0,Kundalahalli Lake,"E (Irrigation, industrial cooling and controlled waste)",1.4,8.2,1822.0,27.0,6.3,210.0,3500.0,3.0,216.0,5.0,216.0,464.0,184.0,19.0,12.0,364.0,188.0,176.0,56.0,255.0,1206.0,108.0,1.0,0.5,22.0,0.2,58.0,6.0,2.8,2024.0
Kundalahalli Lake,KND,2024-05-02,12.9766,77.7004,,,,,,,,,,,,,,,,05/24,4516.0,Kundalahalli Lake,"E (Irrigation, industrial cooling and controlled waste)",3.2,8.7,1968.0,41.0,6.8,200.0,2800.0,16.0,220.0,8.0,236.0,420.0,248.0,2.6,1.9,384.0,200.0,184.0,19.0,244.0,1300.0,12.0,0.57,0.5,25.0,0.2,50.0,5.0,1.53,2024.0
Kundalahalli Lake,KND,2024-06-01,12.9766,77.7004,,,,,,,,,,,,,,,,06/24,4516.0,Kundalahalli Lake,"D (Propagation of wild life,fisheries)",4.1,8.0,1612.0,15.0,5.5,92000.0,460000.0,3.0,200.0,5.0,200.0,348.0,147.0,1.5,0.99,364.0,188.0,176.0,25.0,156.0,1092.0,52.0,0.71,0.5,20.0,0.2,46.0,3.6,1.94,2024.0
Kundalahalli Lake,KND,2024-09-19,12.9766,77.7004,,,,,,,,,,,,,,,,09/24,4516.0,Kundalahalli Lake,"D (Propagation of wild life,fisheries)",4.8,8.5,1452.0,17.0,7.0,940.0,16000.0,32.0,108.0,16.0,124.0,376.0,128.0,2.34,1.8,412.0,212.0,200.0,38.0,192.0,988.0,106.0,2.2,0.5,28.0,0.3,80.0,4.1,4.6,2024.0
Kundalahalli Lake,KND,2024-12-08,12.9766,77.7004,,,,,,,,,,,,,,,,12/24,4516.0,Kundalahalli Lake,"E (Irrigation, industrial cooling and controlled waste)",3.0,7.5,1463.0,20.0,5.1,45.0,230.0,3.0,192.0,5.0,192.0,308.0,148.0,2.7,2.1,320.0,168.0,152.0,31.0,155.0,962.0,10.0,2.3,0.5,30.0,0.2,48.0,3.8,6.7,2024.0
Kundalahalli Lake,KND,2025-01-07,12.9766,77.7004,,,,,,,,,,,,,,,,01/25,4516.0,Kundalahalli Lake,"D (Propagation of wild life,fisheries)",5.9,7.4,1314.0,8.0,5.0,310.0,3500.0,3.0,252.0,5.0,252.0,228.0,86.0,7.5,5.8,280.0,148.0,132.0,19.0,139.0,894.0,10.0,1.5,0.5,12.0,0.2,51.0,3.6,3.5,2025.0
Kundalahalli Lake,KND,2025-02-01,12.9766,77.7004,,,,,,,,,,,,,,,,02/25,4516.0,Kundalahalli Lake,"E (Irrigation, industrial cooling and controlled waste)",3.1,8.5,1419.0,15.0,5.45,680.0,3900.0,48.0,240.0,24.0,264.0,312.0,152.0,3.64,2.8,352.0,184.0,168.0,27.0,113.0,964.0,56.0,0.87,0.5,18.0,0.2,39.0,2.3,2.5,2025.0
Kundalahalli Lake,KND,2025-03-08,12.9766,77.7004,,,,,,,,,,,,,,,,03/25,4516.0,Kundalahalli Lake,"E (Irrigation, industrial cooling and controlled waste)",2.1,8.1,1220.0,30.0,4.7,26.0,220.0,3.0,228.0,5.0,228.0,336.0,196.0,21.06,16.2,300.0,152.0,148.0,6.128205128205128,135.0,842.0,46.0,0.78,0.5,15.0,0.23,48.0,3.4,1.8,2025.0
Kundalahalli Lake,KND,2025-04-04,12.9766,77.7004,0.1155591475432915,0.1452688614925804,0.17385779292348,0.2126374313670277,0.2678084788117696,0.2842422673518232,0.2714310080247781,0.2722603055047163,0.2120156483176121,-0.3153898010184954,-0.3185941356568369,0.1160458338599585,0.0903630975701592,1.2091588535876672,1.3037108527439674,04/25,4516.0,Kundalahalli Lake,"D (Propagation of wild life,fisheries)",4.5,8.5,1084.0,7.0,4.4,1400.0,7900.0,72.0,180.0,36.0,176.0,212.0,76.0,1.5,0.9,304.0,156.0,148.0,33.0,70.0,736.0,10.0,0.59,0.5,18.0,0.3,37.0,2.24,1.7,2025.0
Kundalahalli Lake,KND,2025-05-07,12.9766,77.7004,0.109043724482613,0.1416939004459033,0.163762185158525,0.2032906623961705,0.2748271610587078,0.3024200021117835,0.2930097071659862,0.2693871709136985,0.2169714416443756,-0.3586196607157487,-0.3244472867615346,0.1273556406321359,0.067863695850275,1.155877856916668,1.3426634399126622,05/25,4516.0,Kundalahalli Lake,E,3.0,8.1,1208.0,15.0,4.6,2600.0,12000.0,3.0,328.0,5.0,328.0,200.0,155.0,4.4,3.9,280.0,144.0,136.0,50.0,110.0,832.0,14.0,0.34,0.5,24.0,0.34,43.0,2.86,1.01,2025.0
Kundalahalli Lake,KND,2025-06-06,12.9766,77.7004,0.1282356276486921,0.1404244042666233,0.1565136644724132,0.182597559549905,0.2268072190559696,0.2478881776998392,0.2332558526961859,0.2070430512932924,0.1590112231477422,-0.2524131858248019,-0.1979971963070461,0.0841645498126844,0.0533719481191647,1.118782942392022,1.2092943353456898,06/25,4516.0,Kundalahalli Lake,D,4.6,7.7,708.0,7.0,2.7,480.0,3500.0,3.0,160.0,5.0,160.0,116.0,84.0,1.5,0.84,192.0,100.0,40.0,29.0,69.0,482.0,20.0,0.2,0.5,15.0,0.31,42.0,2.16,0.32,2025.0
Kundalahalli Lake,KND,2025-11-10,12.9766,77.7004,,,,,,,,,,,,,,,,11/25,4516.0,Kundalahalli Lake,E,1.6,7.3,1155.0,15.0,4.4,2434.6376811594205,2400.0,10.704225352112676,268.0,20.0,268.0,192.0,156.0,19.0,15.0,312.0,160.0,152.0,47.0,120.0,784.0,22.0,0.44,0.5,23.0,0.39,43.0,2.96,1.31,2025.0
Madhure Tank,MDH,2023-08-16,13.05,77.48,,,,,,,,,,,,,,,,08/23,4503.0,MADHURE TANK,"D (Propagation of
wild life,fisheries)",6.0,7.0,589.0,4.0,2.0,6300.0,160000.0,10.8,136.0,5.0,136.0,76.0,44.0,2.78,0.4,168.0,88.0,80.0,22.0,48.0,396.0,26.8,0.2,0.5,11.0,0.27,41.0,1.586,0.25,2023.0
Madhure Tank,MDH,2023-10-10,13.05,77.48,,,,,,,,,,,,,,,,10/23,4503.0,MADHURE TANK,"D (Propagation of wild life,fisheries)",4.6,6.5,300.0,10.0,0.62,4300.0,54000.0,3.0,68.0,5.0,68.0,32.0,91.0,8.021120689655172,0.86,108.0,60.0,48.0,57.0,25.0,240.0,115.04803493449782,0.2,0.5,15.0,0.2,30.0,1.3,0.7,2023.0
Madhure Tank,MDH,2023-12-24,13.05,77.48,,,,,,,,,,,,,,,,12/23,4503.0,MADHURE TANK,"D (Propagation of wild life,fisheries)",6.1,7.0,182.0,4.0,0.63,4800.0,92000.0,3.0,44.0,5.0,44.0,12.0,44.0,1.5,0.4,120.0,68.0,52.0,5.0,14.0,124.0,10.0,0.2,0.5,3.0,0.2,20.0,0.55,0.2,2023.0
Madhure Tank,MDH,2024-03-03,13.05,77.48,,,,,,,,,,,,,,,,03/24,4503.0,Madhure Tank,"D (Propagation of wild life,fisheries)",6.2,7.5,312.0,5.0,0.85,1700.0,7900.0,3.0,84.0,5.0,84.0,16.0,48.0,1.5,0.4,84.0,48.0,36.0,5.0,19.0,212.0,46.0,0.2,0.5,6.0,0.2,17.0,1.0,0.05,2024.0
Madhure Tank,MDH,2024-04-02,13.05,77.48,,,,,,,,,,,,,,,,04/24,4503.0,Madhure Tank,"D (Propagation of wild life,fisheries)",4.2,6.8,287.0,7.0,0.5,930.0,13000.0,3.0,92.0,5.0,92.0,36.0,72.0,1.5,0.4,140.0,72.0,68.0,5.0,28.0,198.0,10.0,0.2,0.5,3.0,0.2,29.0,1.4,0.05,2024.0
Madhure Tank,MDH,2025-03-08,13.05,77.48,,,,,,,,,,,,,,,,03/25,4503.0,Madhure Tank,"D (Propagation of wild life,fisheries)",5.7,6.7,402.0,4.0,1.54,2300.0,17000.0,3.0,132.0,5.0,132.0,28.0,42.0,1.5,0.4,212.0,164.0,48.0,6.461538461538462,9.0,274.0,44.0,0.2,0.5,10.0,0.31,8.0,0.27,0.05,2025.0
Madiwala Lake,MDW,2023-08-16,12.9154,77.6116,,,,,,,,,,,,,,,,08/23,3589.0,MADIWALA TANK,"D (Propagation of wild life,fisheries)",4.8,7.3,1170.0,8.0,3.0,4000.0,35000.0,8.076190476190476,200.0,5.0,200.0,108.0,95.0,3.4504761904761905,0.4,244.0,128.0,116.0,10.0,140.0,796.0,23.02857142857143,0.58,0.5,12.0,0.2,41.0,1.7305714285714286,0.3547619047619048,2023.0
Madiwala Lake,MDW,2023-10-10,12.9154,77.6116,,,,,,,,,,,,,,,,10/23,3589.0,MADIWALA TANK,"E (Irrigation, industrial cooling and controlled waste)",2.6,6.9,566.0,14.0,2.0,4700.0,92000.0,3.0,112.0,5.0,112.0,68.0,128.0,10.55668103448276,5.2,100.0,52.0,48.0,18.0,48.0,384.0,68.49781659388645,0.5,0.5,4.0,0.35,14.0,2.08,1.54,2023.0
Madiwala Lake,MDW,2023-12-24,12.9154,77.6116,,,,,,,,,,,,,,,,12/23,3589.0,MADIWALA TANK,"E (Irrigation, industrial cooling and controlled waste)",3.1,6.8,616.0,11.0,2.0,480.0,16000.0,3.0,96.0,5.0,96.0,92.0,104.0,1.5,0.91,232.0,120.0,112.0,33.0,58.0,425.0,10.0,0.2,0.5,29.0,0.27,32.0,2.0,0.05,2023.0
Madiwala Lake,MDW,2024-03-03,12.9154,77.6116,,,,,,,,,,,,,,,,03/24,3589.0,Madiwala Tank,"D (Propagation of wild life,fisheries)",4.5,7.13,693.0,6.0,1.6,1700.0,7900.0,3.0,180.0,5.0,180.0,128.0,55.0,1.5,0.4,212.0,108.0,104.0,30.0,63.0,476.0,14.0,0.3,0.5,6.0,0.28,38.0,2.0,0.93,2024.0
Madiwala Lake,MDW,2024-04-02,12.9154,77.6116,,,,,,,,,,,,,,,,04/24,3589.0,Madiwala Tank,"D (Propagation of wild life,fisheries)",5.2,7.3,666.0,8.0,1.5,1400.0,7900.0,3.0,172.0,5.0,172.0,116.0,81.0,1.5,0.46,180.0,96.0,84.0,15.333333333333332,64.0,458.0,10.0,0.44,0.5,5.0,0.34,43.0,10.0,1.35,2024.0
Madiwala Lake,MDW,2024-05-02,12.9154,77.6116,,,,,,,,,,,,,,,,05/24,3589.0,Madiwala Tank,"E (Irrigation, industrial cooling and controlled waste)",1.0,8.7,1150.0,38.0,4.0,1700.0,9400.0,24.0,176.0,12.0,200.0,168.0,204.0,1.8,1.2,156.0,84.0,72.0,36.0,158.0,766.0,70.0,1.5,0.5,37.0,0.32,63.0,6.0,4.0,2024.0
Madiwala Lake,MDW,2024-06-01,12.9154,77.6116,,,,,,,,,,,,,,,,06/24,3589.0,Madiwala Tank,"E (Irrigation, industrial cooling and controlled waste)",3.6,7.9,912.0,16.0,3.2,2000.0,12000.0,3.0,204.0,5.0,204.0,140.0,108.0,1.8,1.4,160.0,84.0,76.0,21.0,99.0,622.0,52.0,0.8,0.5,24.0,0.31,53.0,3.4,1.5,2024.0
Madiwala Lake,MDW,2024-09-19,12.9154,77.6116,,,,,,,,,,,,,,,,09/24,3589.0,Madiwala Tank,"D (Propagation of wild life,fisheries)",5.3,7.9,717.0,6.0,5.4,1700.0,4600.0,3.0,224.0,5.0,224.0,112.0,56.0,1.5,0.8,216.0,112.0,104.0,32.0,69.0,498.0,44.0,0.2,0.5,12.0,0.35,39.0,2.1,0.5,2024.0
Madiwala Lake,MDW,2024-12-08,12.9154,77.6116,,,,,,,,,,,,,,,,12/24,3589.0,Madiwala Tank,"D (Propagation of wild life,fisheries)",6.0,7.9,560.0,6.0,5.0,410.0,4300.0,3.0,128.0,5.0,128.0,104.0,67.0,11.7,9.0,156.0,88.0,68.0,20.0,55.0,380.0,14.0,0.2,0.5,8.0,0.2,42.0,1.9,0.05,2024.0
Madiwala Lake,MDW,2025-01-07,12.9154,77.6116,,,,,,,,,,,,,,,,01/25,3589.0,Madiwala Tank,"D (Propagation of wild life,fisheries)",5.4,7.1,679.0,10.0,2.6,170.0,3500.0,3.0,220.0,5.0,220.0,100.0,94.0,1.5,0.4,160.0,88.0,72.0,10.0,79.0,462.0,28.0,0.9,0.5,16.0,0.2,48.0,2.7,2.1,2025.0
Madiwala Lake,MDW,2025-02-01,12.9154,77.6116,,,,,,,,,,,,,,,,02/25,3589.0,Madiwala Tank,"D (Propagation of wild life,fisheries)",4.2,8.0,883.0,5.0,3.39,310.0,2200.0,3.0,240.0,5.0,240.0,100.0,53.0,1.5,0.4,164.0,104.0,60.0,9.0,78.0,608.0,28.0,0.23,0.5,15.0,0.2,48.0,2.65,0.58,2025.0
Madiwala Lake,MDW,2025-03-08,12.9154,77.6116,,,,,,,,,,,,,,,,03/25,3589.0,Madiwala Tank,"E (Irrigation, industrial cooling and controlled waste)",3.1,7.1,693.0,20.0,2.3,1200.0,7900.0,3.0,188.0,5.0,188.0,124.0,166.0,1.5,0.99,172.0,88.0,84.0,7.897435897435898,95.0,478.0,16.0,0.2,0.5,13.0,0.24,52.0,3.1,0.2,2025.0
Madiwala Lake,MDW,2025-04-04,12.9154,77.6116,0.0983834876597542,0.1486795584861083,0.2329892338280215,0.2737967573847831,0.3029936309544764,0.3085716684857235,0.2895633278174839,0.4216265922613808,0.3004812836672183,-0.3242659180630997,-0.4727419222547169,0.0890745168425059,0.2119258754365929,1.5503907289044416,1.215181711092456,04/25,3589.0,Madiwala Tank,"E (Irrigation, industrial cooling and controlled waste)",3.3,7.5,727.0,17.0,2.5,150.0,3500.0,3.0,236.0,5.0,236.0,128.0,121.0,2.95,2.73,232.0,116.0,116.0,10.0,89.0,502.0,10.0,1.1,0.5,10.0,0.3,44.0,2.5,2.6,2025.0
Madiwala Lake,MDW,2025-05-07,12.9154,77.6116,,,,,,,,,,,,,,,,05/25,3589.0,Madiwala Tank,D,4.2,6.9,579.0,5.0,2.22,140.0,3500.0,3.0,176.0,5.0,176.0,96.0,54.0,1.5,0.8,112.0,78.0,34.0,9.0,78.0,390.0,16.0,0.2,0.5,19.0,0.47,55.0,3.2,0.39,2025.0
Madiwala Lake,MDW,2025-06-06,12.9154,77.6116,,,,,,,,,,,,,,,,06/25,3589.0,Madiwala Tank,D,4.2,7.4,590.0,6.0,2.26,1700.0,6300.0,3.0,124.0,5.0,124.0,92.0,60.0,1.5,0.4,108.0,72.0,36.0,14.0,73.0,398.0,22.0,0.43,0.5,2.0,0.36,59.0,3.06,1.01,2025.0
Madiwala Lake,MDW,2025-11-10,12.9154,77.6116,,,,,,,,,,,,,,,,11/25,3589.0,Madiwala Tank,D,5.9,6.5,381.0,6.0,1.53,204.6376811594203,2800.0,59.2,116.0,29.6,116.0,56.0,56.0,2.49,0.4,96.0,52.0,44.0,19.5,29.0,258.0,130.0,0.295,0.5,3.0,0.33,38.0,1.29,0.215,2025.0
Malathahalli Lake,MLT,2023-10-10,12.948,77.5358,,,,,,,,,,,,,,,,10/23,3635.0,MALATHAHALLI LAKE,"D (Propagation of wild life,fisheries)",5.5,7.9,1072.0,6.0,4.0,3100.0,54000.0,3.0,236.0,5.0,236.0,176.0,56.0,10.751724137931037,0.4,220.0,116.0,104.0,33.0,95.0,724.0,64.91703056768559,0.23,0.5,12.0,0.4,47.0,3.0,0.65,2023.0
Malathahalli Lake,MLT,2023-12-24,12.948,77.5358,,,,,,,,,,,,,,,,12/23,3635.0,MALATHAHALLI LAKE,"D (Propagation of wild life,fisheries)",4.3,7.9,913.0,9.0,2.09,1700.0,24000.0,3.0,276.0,5.0,276.0,196.0,104.0,1.5,0.4,308.0,156.0,152.0,20.0,86.0,616.0,10.0,0.2,0.5,14.0,0.21,36.0,2.0,0.59,2023.0
Malathahalli Lake,MLT,2024-03-03,12.948,77.5358,,,,,,,,,,,,,,,,03/24,3635.0,Malathahalli Lake,"D (Propagation of wild life,fisheries)",4.6,7.7,1198.0,7.0,7.2,270.0,2400.0,3.0,244.0,5.0,244.0,88.0,84.0,1.5,0.9,492.0,252.0,240.0,120.0,217.0,824.0,10.0,0.2,0.5,41.0,0.29,46.0,4.2,0.4,2024.0
Malathahalli Lake,MLT,2024-04-02,12.948,77.5358,,,,,,,,,,,,,,,,04/24,3635.0,Malathahalli Lake,"E (Irrigation, industrial cooling and controlled waste)",0.3,7.4,2500.0,58.0,10.8,310.0,3500.0,168.0,532.0,84.0,700.0,248.0,220.0,28.6,22.0,196.0,104.0,92.0,97.0,166.0,1676.0,254.0,0.36,0.5,27.0,0.61,61.0,5.0,0.96,2024.0
Malathahalli Lake,MLT,2024-05-02,12.948,77.5358,,,,,,,,,,,,,,,,05/24,3635.0,Malathahalli Lake,"E (Irrigation, industrial cooling and controlled waste)",3.4,6.8,615.0,14.0,2.1,170.0,2400.0,3.0,172.0,5.0,172.0,48.0,144.0,2.2,1.7,164.0,88.0,76.0,9.0,61.0,416.0,94.0,0.2,0.5,8.0,0.24,43.0,2.1,0.05,2024.0
Malathahalli Lake,MLT,2024-06-01,12.948,77.5358,,,,,,,,,,,,,,,,06/24,3635.0,Malathahalli Lake,"D (Propagation of wild life,fisheries)",4.2,6.9,530.0,10.0,2.4,2600.0,14000.0,3.0,80.0,5.0,80.0,48.0,93.0,1.5,0.92,212.0,108.0,104.0,63.0,76.0,362.0,364.0,0.2,0.5,20.0,0.2,41.0,2.9,0.05,2024.0
Malathahalli Lake,MLT,2024-09-19,12.948,77.5358,,,,,,,,,,,,,,,,09/24,3635.0,Malathahalli Lake,"D (Propagation of wild life,fisheries)",5.7,6.7,684.0,5.0,2.4,260.0,3500.0,3.0,92.0,5.0,92.0,44.0,60.0,1.5,0.4,208.0,112.0,96.0,55.0,69.0,462.0,74.0,0.34,0.5,9.0,0.39,41.0,2.0,0.69,2024.0
Malathahalli Lake,MLT,2024-12-08,12.948,77.5358,,,,,,,,,,,,,,,,12/24,3635.0,Malathahalli Lake,"D (Propagation of wild life,fisheries)",4.4,6.8,571.0,4.0,2.3,220.0,2400.0,3.0,184.0,5.0,184.0,20.0,48.0,1.5,0.58,204.0,108.0,96.0,19.0,28.0,392.0,10.0,0.23,0.5,13.0,0.22,22.0,0.85,0.61,2024.0
Malathahalli Lake,MLT,2025-01-07,12.948,77.5358,,,,,,,,,,,,,,,,01/25,3635.0,Malathahalli Lake,"D (Propagation of wild life,fisheries)",7.0,7.4,639.0,4.0,0.3,1100.0,7900.0,3.0,248.0,5.0,248.0,36.0,45.0,1.5,0.4,212.0,112.0,100.0,36.0,38.0,440.0,24.0,0.2,0.5,12.0,0.2,27.0,1.1,0.3,2025.0
Malathahalli Lake,MLT,2025-02-01,12.948,77.5358,,,,,,,,,,,,,,,,02/25,3635.0,Malathahalli Lake,"D (Propagation of wild life,fisheries)",5.9,7.4,825.0,4.0,14.04,780.0,13000.0,3.0,244.0,5.0,244.0,36.0,44.0,1.5,0.62,248.0,128.0,120.0,37.0,48.0,560.0,32.0,0.2,0.5,14.0,0.2,28.0,1.3,0.05,2025.0
Malathahalli Lake,MLT,2025-03-08,12.948,77.5358,,,,,,,,,,,,,,,,03/25,3635.0,Malathahalli Lake,"D (Propagation of wild life,fisheries)",5.4,7.6,621.0,6.0,2.2,2600.0,9400.0,3.0,228.0,5.0,228.0,36.0,56.0,1.5,0.4,156.0,84.0,72.0,6.794871794871795,58.0,408.0,10.0,0.2,0.5,15.0,0.2,75.0,2.0,0.05,2025.0
Malathahalli Lake,MLT,2025-04-04,12.948,77.5358,0.1104043323713662,0.1388909133876067,0.1551203986910021,0.1849719434081791,0.2203195994932075,0.2335449637502639,0.2256397409727599,0.2383447772224961,0.1976327549799395,-0.2588728061000339,-0.2936361529502198,0.118436505798598,0.0500320404849922,1.1130703319743411,1.3376058046411756,04/25,3635.0,Malathahalli Lake,"D (Propagation of wild life,fisheries)",5.8,7.9,753.0,8.0,3.0,140.0,2400.0,3.0,248.0,5.0,248.0,60.0,98.0,1.5,0.7,212.0,108.0,104.0,36.0,91.0,512.0,10.0,0.2,0.5,10.0,0.28,47.0,2.7,0.3,2025.0
Malathahalli Lake,MLT,2025-05-07,12.948,77.5358,,,,,,,,,,,,,,,,05/25,3635.0,Malathahalli Lake,E,2.1,7.8,562.0,24.0,2.1,140.0,3500.0,3.0,176.0,5.0,176.0,44.0,169.0,1.5,0.4,200.0,104.0,96.0,18.0,55.0,384.0,26.0,0.2,0.5,2.0,0.25,37.0,1.6,0.2,2025.0
Malathahalli Lake,MLT,2025-06-06,12.948,77.5358,,,,,,,,,,,,,,,,06/25,3635.0,Malathahalli Lake,D,5.4,7.3,470.0,6.0,2.0,2600.0,14000.0,3.0,160.0,5.0,160.0,20.0,64.0,1.5,0.4,196.0,104.0,92.0,33.0,31.0,318.0,26.0,0.2,0.5,9.0,0.2,24.0,1.0,0.05,2025.0
Malathahalli Lake,MLT,2025-11-10,12.948,77.5358,,,,,,,,,,,,,,,,11/25,3635.0,Malathahalli Lake,D,6.2,7.7,616.0,4.0,2.0,1626.6666666666667,2800.0,21.97183098591549,236.0,20.0,236.0,28.0,48.0,8.9,0.4,228.0,120.0,108.0,18.0,60.0,406.0,14.0,0.365,0.5,5.0,0.24,36.0,1.7,0.33,2025.0
Nagavara Lake,NGV,2023-08-16,13.0318,77.613,,,,,,,,,,,,,,,,08/23,3626.0,NAGAVARA LAKE,"D (Propagation of wild life,fisheries)",6.1,7.1,640.0,4.0,2.45,2200.0,24000.0,9.561904761904762,144.0,5.0,144.0,104.0,41.0,3.084761904761905,0.4,172.0,92.0,80.0,26.0,60.0,446.0,25.085714285714285,0.2,0.5,13.0,0.2,41.0,1.6517142857142857,0.2976190476190476,2023.0
Nagavara Lake,NGV,2023-10-10,13.0318,77.613,,,,,,,,,,,,,,,,10/23,3626.0,NAGAVARA LAKE,"D (Propagation of wild life,fisheries)",6.1,6.9,666.0,4.0,2.0,460.0,16000.0,3.0,148.0,5.0,148.0,100.0,40.0,11.531896551724138,0.4,172.0,92.0,80.0,9.0,64.0,444.0,50.5938864628821,0.28,0.5,25.0,0.2,40.0,0.28,0.83,2023.0
Nagavara Lake,NGV,2023-12-24,13.0318,77.613,,,,,,,,,,,,,,,,12/23,3626.0,NAGAVARA LAKE,"D (Propagation of wild life,fisheries)",5.0,8.1,547.0,7.2,1.9,7000.0,92000.0,3.0,128.0,5.0,128.0,48.0,68.0,1.5,0.86,176.0,92.0,84.0,19.0,63.0,382.0,10.0,0.43,0.5,15.0,0.2,41.0,2.06,1.0,2023.0
Nagavara Lake,NGV,2024-03-03,13.0318,77.613,,,,,,,,,,,,,,,,03/24,3626.0,Nagavara Lake,"E (Irrigation, industrial cooling and controlled waste)",2.6,8.2,751.0,25.0,3.0,2100.0,11000.0,3.0,192.0,5.0,192.0,108.0,172.0,3.77,2.9,192.0,100.0,92.0,10.0,47.0,518.0,48.0,0.41,0.5,21.0,0.22,32.0,1.4,0.52,2024.0
Nagavara Lake,NGV,2024-05-02,13.0318,77.613,,,,,,,,,,,,,,,,05/24,3626.0,Nagavara Lake,"E (Irrigation, industrial cooling and controlled waste)",1.2,7.1,1403.0,42.0,4.8,2000.0,17000.0,3.0,328.0,5.0,328.0,224.0,216.0,9.12,6.7,288.0,152.0,136.0,19.0,167.0,922.0,40.0,2.3,0.5,37.0,0.2,52.0,4.0,6.5,2024.0
Nagavara Lake,NGV,2024-06-01,13.0318,77.613,,,,,,,,,,,,,,,,06/24,3626.0,Nagavara Lake,"D (Propagation of wild life,fisheries)",7.8,7.0,666.0,6.0,2.3,630.0,5400.0,3.0,184.0,5.0,184.0,96.0,52.0,1.5,0.67,172.0,92.0,80.0,20.0,71.0,452.0,34.0,0.63,0.5,17.0,0.34,44.0,2.0,1.8,2024.0
Nagavara Lake,NGV,2024-09-19,13.0318,77.613,,,,,,,,,,,,,,,,09/24,3626.0,Nagavara Lake,"D (Propagation of wild life,fisheries)",6.9,6.8,628.0,6.0,2.12,210.0,3500.0,3.0,152.0,5.0,152.0,80.0,52.0,1.5,0.46,156.0,84.0,72.0,17.0,62.0,426.0,19.0,0.7,0.5,14.0,0.28,43.0,2.0,1.85,2024.0
Nagavara Lake,NGV,2024-12-08,13.0318,77.613,,,,,,,,,,,,,,,,12/24,3626.0,Nagavara Lake,"D (Propagation of wild life,fisheries)",6.1,6.5,484.0,6.0,2.2,26.0,1600.0,3.0,136.0,5.0,136.0,44.0,46.0,1.5,0.4,112.0,60.0,52.0,5.0,37.0,330.0,10.0,0.2,0.5,5.0,0.2,39.0,1.5,0.2,2024.0
Nagavara Lake,NGV,2025-03-08,13.0318,77.613,,,,,,,,,,,,,,,,03/25,3626.0,Nagavara Lake,"D (Propagation of wild life,fisheries)",4.9,7.5,524.0,4.0,2.0,3100.0,8400.0,3.0,200.0,5.0,200.0,80.0,43.0,1.5,0.8,196.0,104.0,92.0,7.0,49.0,356.0,12.0,0.2,0.5,6.0,0.27,34.0,2.0,0.16,2025.0
Nagavara Lake,NGV,2025-04-04,13.0318,77.613,0.0823627649088221,0.1068814332735118,0.1257353691772515,0.1513918679152292,0.1822927972963459,0.2000537527282968,0.190093814687038,0.1948280011265226,0.1599771386326831,-0.3028989909579215,-0.3166564555861515,0.1258645705940697,0.0713487358543417,1.1676578208154504,1.368365815904307,04/25,3626.0,Nagavara Lake,"D (Propagation of wild life,fisheries)",6.4,7.7,704.0,5.0,2.7,2100.0,12000.0,3.0,116.0,5.0,116.0,104.0,65.0,1.5,0.4,124.0,68.0,56.0,8.0,67.0,478.0,10.0,0.3,0.5,15.0,0.25,50.0,2.6,0.6,2025.0
Nagavara Lake,NGV,2025-05-07,13.0318,77.613,0.1399953812574809,0.1745457473927498,0.2024788354830162,0.2397966591565163,0.2968098676335986,0.3321240970217555,0.3236675913539393,0.3454786031120189,0.3129326233894248,-0.314755358972083,-0.3428232941283783,0.1040287276019475,0.0667221182628718,1.1512558178911214,1.2697472262109355,05/25,3626.0,Nagavara Lake,D,5.1,8.0,370.0,8.0,1.4,2300.0,7000.0,3.0,92.0,5.0,92.0,44.0,75.0,1.5,0.4,80.0,48.0,32.0,10.0,45.0,250.0,48.0,0.2,0.5,9.0,0.43,51.0,2.2,0.5,2025.0
Nagavara Lake,NGV,2025-06-06,13.0318,77.613,0.1374596071252552,0.1753614298934523,0.1964229746777225,0.2363530240090122,0.3023850172498765,0.3408075124973597,0.3288976730268256,0.3270246109976764,0.2947391325776244,-0.3239609423014916,-0.322611924346378,0.1181511125668882,0.0518351563907449,1.117075123673663,1.328621977034929,06/25,3626.0,Nagavara Lake,D,5.3,7.6,600.0,8.0,2.3,320.0,2100.0,3.0,156.0,5.0,156.0,84.0,95.0,1.5,0.91,176.0,88.0,88.0,17.0,63.0,414.0,10.0,0.2,0.5,12.0,0.31,42.0,2.1,0.36,2025.0
Nagavara Lake,NGV,2025-11-10,13.0318,77.613,,,,,,,,,,,,,,,,11/25,3626.0,Nagavara Lake,D,5.5,7.0,445.0,5.0,1.71,1400.4347826086955,9400.0,25.12676056338028,96.0,20.0,96.0,44.0,48.0,14.0,0.4,132.0,80.0,52.0,13.0,45.0,302.0,34.0,1.725,0.5,5.0,0.35,41.0,1.7,0.46,2025.0
Nayandanahalli Tank,NYD,2023-10-10,12.9342,77.5227,,,,,,,,,,,,,,,,10/23,3596.0,NAYANDANAHALLI TANK,"D (Propagation of wild life,fisheries)",5.2,7.9,872.0,6.0,4.0,4600.0,35000.0,3.0,204.0,5.0,204.0,132.0,52.0,8.723275862068965,0.4,220.0,116.0,104.0,14.0,78.0,594.0,102.15720524017468,1.1,0.5,5.0,0.3,42.0,2.29,3.39,2023.0
Nayandanahalli Tank,NYD,2023-12-24,12.9342,77.5227,,,,,,,,,,,,,,,,12/23,3596.0,NAYANDANAHALLI TANK,"E (Irrigation, industrial cooling and controlled waste)",1.2,7.2,902.0,40.0,3.1,940.0,16000.0,3.0,208.0,5.0,208.0,140.0,192.0,9.0,6.9,260.0,136.0,124.0,32.0,107.0,608.0,10.0,1.08,0.5,27.0,0.21,44.0,4.0,2.9,2023.0
Nayandanahalli Tank,NYD,2024-03-03,12.9342,77.5227,,,,,,,,,,,,,,,,03/24,3596.0,Nayandanahalli Tank,"D (Propagation of wild life,fisheries)",4.3,7.8,913.0,11.0,3.4,320.0,3500.0,3.0,224.0,5.0,224.0,148.0,104.0,1.5,0.82,208.0,108.0,100.0,27.0,98.0,640.0,12.0,0.5,0.5,34.0,0.2,46.0,2.9,0.9,2024.0
Nayandanahalli Tank,NYD,2024-04-02,12.9342,77.5227,,,,,,,,,,,,,,,,04/24,3596.0,Nayandanahalli Tank,"D (Propagation of wild life,fisheries)",5.1,7.9,934.0,4.0,3.6,220.0,1400.0,3.0,216.0,5.0,216.0,160.0,45.0,1.5,0.84,252.0,132.0,120.0,38.0,89.0,636.0,10.0,0.22,0.5,19.0,0.2,41.0,2.4,0.62,2024.0
Nayandanahalli Tank,NYD,2024-05-02,12.9342,77.5227,,,,,,,,,,,,,,,,05/24,3596.0,Nayandanahalli Tank,"E (Irrigation, industrial cooling and controlled waste)",2.9,8.5,826.0,14.0,2.8,1700.0,11000.0,16.0,32.0,8.0,48.0,124.0,142.0,2.5,1.9,216.0,116.0,100.0,13.0,81.0,560.0,76.0,1.1,0.5,10.0,0.33,44.0,2.4,2.9,2024.0
Nayandanahalli Tank,NYD,2024-06-01,12.9342,77.5227,,,,,,,,,,,,,,,,06/24,3596.0,Nayandanahalli Tank,"D (Propagation of wild life,fisheries)",4.4,8.9,842.0,8.0,2.9,260.0,3500.0,8.0,156.0,5.0,164.0,120.0,72.0,1.5,0.4,184.0,100.0,84.0,20.0,95.0,558.0,10.0,0.56,0.5,23.0,0.38,43.0,3.0,1.3,2024.0
Nayandanahalli Tank,NYD,2024-09-19,12.9342,77.5227,,,,,,,,,,,,,,,,09/24,3596.0,Nayandanahalli Tank,"D (Propagation of wild life,fisheries)",6.2,8.2,739.0,6.0,2.6,480.0,5400.0,3.0,156.0,5.0,156.0,112.0,56.0,1.5,0.4,144.0,80.0,64.0,25.0,95.0,498.0,10.0,0.61,0.5,22.0,0.29,54.0,3.0,1.7,2024.0
Nayandanahalli Tank,NYD,2024-12-08,12.9342,77.5227,,,,,,,,,,,,,,,,12/24,3596.0,Nayandanahalli Tank,"D (Propagation of wild life,fisheries)",6.1,8.3,544.0,7.0,2.0,110.0,2400.0,16.0,164.0,8.0,172.0,112.0,69.0,1.5,0.4,156.0,84.0,72.0,17.0,85.0,370.0,10.0,1.7,0.5,17.0,0.34,50.0,2.9,4.0,2024.0
Nayandanahalli Tank,NYD,2025-03-08,12.9342,77.5227,,,,,,,,,,,,,,,,03/25,3596.0,Nayandanahalli Tank,"D (Propagation of wild life,fisheries)",6.2,7.7,803.0,6.0,3.1,26.0,920.0,3.0,212.0,5.0,212.0,136.0,70.0,1.5,0.81,208.0,104.0,104.0,7.717948717948718,85.0,554.0,10.0,0.26,0.5,24.0,0.38,44.0,2.5,0.62,2025.0
Nayandanahalli Tank,NYD,2025-04-04,12.9342,77.5227,0.0716424167416741,0.0949155087476306,0.099932061315411,0.1334200225022502,0.1874790459045905,0.2064353285328532,0.2004931458145813,0.2091968136813681,0.1550249144914491,-0.3522736672264929,-0.3981742142255779,0.1701202780822626,0.0183393810833773,1.04111714806248,1.4643874294180734,04/25,3596.0,Nayandanahalli Tank,"D (Propagation of wild life,fisheries)",5.9,8.3,890.0,7.0,3.4,310.0,3500.0,32.0,200.0,16.0,216.0,152.0,78.0,1.5,0.8,184.0,96.0,88.0,21.0,98.0,614.0,10.0,0.24,0.5,11.0,0.39,52.0,3.1,0.57,2025.0
Nayandanahalli Tank,NYD,2025-05-07,12.9342,77.5227,0.0756043467548923,0.0974979022929244,0.0960746192329148,0.1309866324088414,0.2026312262424326,0.2316537800929183,0.2258355342812895,0.2037646170632128,0.1546656447979727,-0.3869192646812766,-0.3678025696870365,0.1755503663863351,-0.0182394499716112,0.968321084301222,1.47256152541589,05/25,3596.0,Nayandanahalli Tank,D,6.5,8.3,767.0,4.0,2.9,58.0,920.0,48.0,152.0,24.0,176.0,128.0,47.0,1.5,0.4,144.0,76.0,68.0,31.0,102.0,526.0,10.0,0.2,0.5,2.0,0.46,60.0,3.6,0.3,2025.0
Nayandanahalli Tank,NYD,2025-06-06,12.9342,77.5227,0.0580424433338026,0.0854248029117131,0.0834577571820689,0.1217082817119527,0.2112439497395468,0.246682303252147,0.2385484513585809,0.1935187878361258,0.1432967337744616,-0.4817509056194538,-0.4251499034652493,0.2176503247621043,-0.0041626958069812,1.0159546642630295,1.6328330539421956,06/25,3596.0,Nayandanahalli Tank,D,4.7,7.2,931.0,6.0,3.4,200.0,1500.0,3.0,164.0,5.0,164.0,108.0,72.0,1.5,0.52,172.0,92.0,80.0,29.0,68.0,630.0,10.0,0.2,0.5,5.0,0.36,45.0,2.25,0.52,2025.0
Nayandanahalli Tank,NYD,2025-11-10,12.9342,77.5227,,,,,,,,,,,,,,,,11/25,3596.0,Nayandanahalli Tank,D,6.0,7.8,699.0,4.0,2.6,430.8695652173913,2800.0,38.647887323943664,144.0,20.0,144.0,108.0,44.0,9.88,0.42,136.0,76.0,60.0,28.0,73.0,462.0,73.0,0.8354545454545454,0.5,9.0,0.31,52.0,2.7,0.18,2025.0
Nelamangala Lake,NLM,2023-08-16,13.097,77.3925,,,,,,,,,,,,,,,,08/23,4505.0,NELAMANGALA LAKE,"D (Propagation of wild life,fisheries)",4.1,7.3,1692.0,9.0,6.0,470.0,16000.0,10.304761904761904,428.0,5.0,428.0,244.0,96.0,2.901904761904762,0.66,500.0,252.0,248.0,22.0,116.0,1136.0,26.11428571428571,0.41,0.5,28.0,0.31,41.0,1.6122857142857143,0.2690476190476191,2023.0
Nelamangala Lake,NLM,2023-10-10,13.097,77.3925,,,,,,,,,,,,,,,,10/23,4505.0,NELAMANGALA LAKE,"E (Irrigation, industrial cooling and controlled waste)",3.2,7.1,1156.0,12.0,5.0,4300.0,92000.0,3.0,264.0,5.0,264.0,204.0,108.0,11.765948275862067,0.4,292.0,152.0,140.0,39.0,89.0,786.0,46.29694323144105,0.56,0.5,42.0,0.42,36.0,2.0,1.2,2023.0
Nelamangala Lake,NLM,2023-12-24,13.097,77.3925,,,,,,,,,,,,,,,,12/23,4505.0,NELAMANGALA LAKE,"D (Propagation of wild life,fisheries)",6.9,7.2,1435.0,4.0,5.5,58000.0,920000.0,3.0,332.0,5.0,332.0,240.0,46.0,1.5,0.92,392.0,200.0,161.0,58.0,115.0,996.0,12.0,0.34,0.5,29.0,0.2,38.0,2.5,0.95,2023.0
Nelamangala Lake,NLM,2024-03-03,13.097,77.3925,,,,,,,,,,,,,,,,03/24,4505.0,Nelamangala Lake,"D (Propagation of wild life,fisheries)",4.2,6.9,1856.0,10.0,5.9,2200.0,4900.0,3.0,524.0,5.0,524.0,292.0,99.0,1.5,0.99,504.0,260.0,244.0,29.0,179.0,1264.0,10.0,2.0,0.5,23.0,0.44,42.0,3.5,5.8,2024.0
Nelamangala Lake,NLM,2024-04-02,13.097,77.3925,,,,,,,,,,,,,,,,04/24,4505.0,Nelamangala Lake,"E (Irrigation, industrial cooling and controlled waste)",2.8,7.2,2330.0,54.0,8.0,220.0,2400.0,3.0,430.0,5.0,430.0,580.0,244.0,10.2,6.5,650.0,340.0,310.0,50.0,254.0,1556.0,18.0,1.0,0.5,36.0,0.49,92.0,4.0,3.6,2024.0
Nelamangala Lake,NLM,2024-05-02,13.097,77.3925,,,,,,,,,,,,,,,,05/24,4505.0,Nelamangala Lake,"E (Irrigation, industrial cooling and controlled waste)",3.0,6.9,2540.0,29.0,10.24,140.0,2400.0,3.0,556.0,5.0,556.0,400.0,164.0,4.55,3.5,632.0,320.0,312.0,43.0,232.0,1702.0,10.0,0.91,0.5,20.0,0.38,44.0,4.0,2.36,2024.0
Nelamangala Lake,NLM,2024-06-01,13.097,77.3925,,,,,,,,,,,,,,,,06/24,4505.0,Nelamangala Lake,"E (Irrigation, industrial cooling and controlled waste)",0.3,6.5,1235.0,79.0,10.08,380.0,2800.0,3.0,284.0,5.0,284.0,208.0,361.0,28.4,23.6,336.0,172.0,164.0,50.0,113.0,832.0,16.0,0.89,0.5,25.0,0.39,40.0,2.68,2.6,2024.0
Nelamangala Lake,NLM,2024-09-19,13.097,77.3925,,,,,,,,,,,,,,,,09/24,4505.0,Nelamangala Lake,"E (Irrigation, industrial cooling and controlled waste)",1.6,7.5,1133.0,18.0,4.0,1500.0,13000.0,3.0,276.0,5.0,276.0,204.0,121.0,3.9,2.9,284.0,144.0,140.0,22.0,110.0,770.0,18.0,1.2,0.5,30.0,0.2,42.0,2.8,2.2,2024.0
Nelamangala Lake,NLM,2024-12-08,13.097,77.3925,,,,,,,,,,,,,,,,12/24,4505.0,Nelamangala Lake,"D (Propagation of wild life,fisheries)",5.8,6.5,1224.0,8.0,5.5,260.0,3500.0,3.0,300.0,5.0,300.0,168.0,70.0,9.3,7.1,312.0,160.0,152.0,18.0,96.0,832.0,10.0,2.0,0.5,19.0,0.39,38.0,2.4,4.5,2024.0
Nelamangala Lake,NLM,2025-01-07,13.097,77.3925,,,,,,,,,,,,,,,,01/25,4505.0,Nelamangala Lake,"E (Irrigation, industrial cooling and controlled waste)",1.2,6.7,1431.0,20.0,5.77,260.0,5400.0,3.0,384.0,5.0,384.0,220.0,152.0,11.42,9.1,392.0,200.0,192.0,23.0,113.0,980.0,10.0,0.78,0.5,22.0,0.21,37.0,2.49,2.22,2025.0
Nelamangala Lake,NLM,2025-02-01,13.097,77.3925,,,,,,,,,,,,,,,,02/25,4505.0,Nelamangala Lake,"E (Irrigation, industrial cooling and controlled waste)",2.4,6.7,1538.0,28.0,5.4,240.0,2200.0,3.0,392.0,5.0,392.0,236.0,184.0,8.9,6.6,432.0,224.0,208.0,16.0,99.0,1012.0,10.0,0.74,0.5,21.0,0.2,32.0,2.0,2.0,2025.0
Nelamangala Lake,NLM,2025-03-08,13.097,77.3925,,,,,,,,,,,,,,,,03/25,4505.0,Nelamangala Lake,"E (Irrigation, industrial cooling and controlled waste)",1.6,6.6,1483.0,29.0,5.7,310.0,1700.0,3.0,392.0,5.0,392.0,268.0,196.0,2.13,1.7,464.0,236.0,228.0,6.410256410256411,131.0,1004.0,10.0,0.45,0.5,31.0,0.43,36.0,2.64,1.28,2025.0
Nelamangala Lake,NLM,2025-04-04,13.097,77.3925,0.1148510722208528,0.1397100961001556,0.1545264481362309,0.1822448607345329,0.2206359343638859,0.2421919081657804,0.235159421106377,0.2410485545265678,0.1969185781189477,-0.2558681764534958,-0.2917528048002069,0.1145243883192869,0.0440138902827497,1.1045142041590226,1.3854473647182597,04/25,4505.0,Nelamangala Lake,"D (Propagation of wild life,fisheries)",6.2,7.1,1326.0,5.0,5.35,270.0,1700.0,3.0,372.0,5.0,372.0,304.0,56.0,1.5,0.54,396.0,204.0,192.0,11.0,121.0,908.0,10.0,0.33,0.5,10.0,0.34,39.0,2.65,0.96,2025.0
Nelamangala Lake,NLM,2025-05-07,13.097,77.3925,,,,,,,,,,,,,,,,05/25,4505.0,Nelamangala Lake,E,0.3,6.9,1228.0,38.0,4.7,1700.0,7900.0,3.0,508.0,5.0,508.0,324.0,250.0,1.5,0.4,484.0,248.0,236.0,10.0,109.0,852.0,16.0,0.3,0.5,3.0,0.71,49.0,4.0,0.9,2025.0
Nelamangala Lake,NLM,2025-06-06,13.097,77.3925,0.1419375541392302,0.1705166834589776,0.1830710773478417,0.2144085425543151,0.2709170639811262,0.3026526567836894,0.3016940561287369,0.2911920138033028,0.2467976266769955,-0.2899649363192392,-0.2871270200650871,0.1123751282610779,0.0289263349163388,1.0693581070555032,1.3437882552741949,06/25,4505.0,Nelamangala Lake,D,5.5,7.0,895.0,6.0,3.4,12000.0,41000.0,3.0,288.0,5.0,288.0,168.0,71.0,1.5,0.4,276.0,144.0,132.0,9.0,87.0,612.0,20.0,0.2,0.5,2.0,0.41,40.0,2.3,0.48,2025.0
Nelamangala Lake,NLM,2025-11-10,13.097,77.3925,,,,,,,,,,,,,,,,11/25,4505.0,Nelamangala Lake,E,3.1,7.0,1229.0,14.0,4.7,2079.130434782609,1700.0,15.661971830985916,284.0,20.0,284.0,204.0,128.0,4.8,4.3,332.0,172.0,160.0,50.0,108.0,824.0,14.0,0.44,0.5,25.0,0.35,39.0,2.57,1.28,2025.0
Parappana Agrahara Lake,PRP,2023-08-16,12.9112,77.6586,,,,,,,,,,,,,,,,08/23,3620.0,PARAPPANA AGRAHARA LAKE,"E (Irrigation, industrial cooling and controlled waste)",3.4,8.0,904.0,12.0,3.7,4700.0,160000.0,4.485714285714286,236.0,5.0,236.0,148.0,119.0,4.3342857142857145,1.3,268.0,140.0,128.0,35.0,111.0,620.0,18.057142857142857,0.4,0.5,35.0,0.35,41.0,1.9211428571428573,0.4928571428571429,2023.0
Parappana Agrahara Lake,PRP,2023-10-10,12.9112,77.6586,,,,,,,,,,,,,,,,10/23,3620.0,PARAPPANA AGRAHARA LAKE,"D (Propagation of wild life,fisheries)",5.5,8.2,800.0,6.0,3.0,3100.0,35000.0,3.0,136.0,5.0,136.0,120.0,72.0,9.932543103448277,0.4,176.0,96.0,80.0,31.0,84.0,540.0,79.95633187772926,0.31,0.5,22.0,0.25,47.0,3.0,0.89,2023.0
Parappana Agrahara Lake,PRP,2023-12-24,12.9112,77.6586,,,,,,,,,,,,,,,,12/23,3620.0,"PARAPPANA
AGRAHARA LAKE","E (Irrigation, industrial cooling and controlled waste)",2.6,7.5,863.0,8.0,3.6,23000.0,240000.0,3.0,200.0,5.0,200.0,136.0,83.0,2.2,1.7,196.0,104.0,92.0,33.0,104.0,596.0,16.0,2.2,0.5,29.0,0.38,49.0,3.2,4.0,2023.0
Parappana Agrahara Lake,PRP,2024-03-03,12.9112,77.6586,,,,,,,,,,,,,,,,03/24,3620.0,Parappana Agrahara Lake,"E (Irrigation, industrial cooling and controlled waste)",2.3,8.5,1088.0,17.0,4.0,13000.0,33000.0,24.0,112.0,12.0,136.0,212.0,168.0,4.84,3.8,152.0,80.0,72.0,42.0,169.0,750.0,86.0,0.2,0.5,40.0,0.27,70.0,6.0,0.3,2024.0
Parappana Agrahara Lake,PRP,2024-04-02,12.9112,77.6586,,,,,,,,,,,,,,,,04/24,3620.0,Parappana Agrahara Lake,"E (Irrigation, industrial cooling and controlled waste)",0.3,8.2,882.0,66.0,4.0,14000.0,46000.0,3.0,172.0,5.0,172.0,160.0,292.0,17.4,13.8,120.0,64.0,56.0,19.0,98.0,580.0,138.0,1.04,0.5,33.0,0.26,56.0,4.0,2.8,2024.0
Parappana Agrahara Lake,PRP,2024-05-02,12.9112,77.6586,,,,,,,,,,,,,,,,05/24,3620.0,Parappana Agrahara Lake,"E (Irrigation, industrial cooling and controlled waste)",3.2,8.5,1521.0,19.0,5.3,140.0,2800.0,40.0,164.0,20.0,204.0,328.0,158.0,2.9,2.3,180.0,96.0,84.0,23.0,147.0,1032.0,16.0,0.95,0.5,19.0,0.59,61.0,4.8,2.7,2024.0
Parappana Agrahara Lake,PRP,2024-06-01,12.9112,77.6586,,,,,,,,,,,,,,,,06/24,3620.0,Parappana Agrahara Lake,"D (Propagation of wild life,fisheries)",4.1,8.5,712.0,14.0,2.4,1400.0,4800.0,32.0,128.0,16.0,160.0,152.0,143.0,1.5,0.99,148.0,80.0,68.0,11.0,70.0,310.0,482.0,0.52,0.5,9.0,0.2,48.0,2.5,1.4,2024.0
Parappana Agrahara Lake,PRP,2024-09-19,12.9112,77.6586,,,,,,,,,,,,,,,,09/24,3620.0,Parappana Agrahara Lake,"E (Irrigation, industrial cooling and controlled waste)",3.1,8.4,826.0,17.0,3.2,140.0,2400.0,24.0,212.0,12.0,224.0,136.0,161.0,1.5,0.66,240.0,124.0,116.0,34.0,76.0,568.0,78.0,0.46,0.5,15.0,0.31,44.0,2.3,1.31,2024.0
Parappana Agrahara Lake,PRP,2024-12-08,12.9112,77.6586,,,,,,,,,,,,,,,,12/24,3620.0,Parappana Agrahara Lake,"E (Irrigation, industrial cooling and controlled waste)",3.2,8.4,632.0,15.0,2.4,2100.0,11000.0,32.0,156.0,16.0,172.0,140.0,159.0,2.7,2.1,196.0,104.0,92.0,28.0,99.0,430.0,126.0,0.9,0.5,21.0,0.29,49.0,3.0,2.2,2024.0
Parappana Agrahara Lake,PRP,2025-03-08,12.9112,77.6586,,,,,,,,,,,,,,,,03/25,3620.0,Parappana Agrahara Lake,"D (Propagation of wild life,fisheries)",5.4,8.5,763.0,9.0,3.0,1100.0,9400.0,104.0,120.0,52.0,172.0,156.0,100.0,2.08,1.6,176.0,88.0,88.0,7.153846153846154,102.0,530.0,18.0,0.36,0.5,27.0,0.23,51.0,3.3,0.8,2025.0
Parappana Agrahara Lake,PRP,2025-04-04,12.9112,77.6586,0.0429647212052942,0.0612527635537289,0.0704371128355865,0.1090433223035763,0.1578357680934948,0.1771326879752182,0.1790060511123626,0.2474106167276824,0.1630223739791607,-0.4889629264673171,-0.6040352508305521,0.2185523892918292,0.0659632007107074,1.1452297104391622,1.5734414755967483,04/25,3620.0,Parappana Agrahara Lake,"E (Irrigation, industrial cooling and controlled waste)",1.2,8.1,1021.0,32.0,3.92,140.0,4300.0,3.0,152.0,5.0,152.0,164.0,210.0,1.5,0.4,132.0,88.0,44.0,24.0,128.0,696.0,10.0,0.25,0.5,26.0,0.3,63.0,4.85,0.65,2025.0
Parappana Agrahara Lake,PRP,2025-05-07,12.9112,77.6586,0.0408089305829344,0.0642284922326947,0.0683210645930831,0.1112664249507182,0.1944307835820895,0.2250666889608562,0.2265595254857786,0.2499382251478457,0.1695496268656715,-0.5595498726536079,-0.5922820518766444,0.2504744544344553,0.019072788565464,1.049431033788241,1.7060349124952416,05/25,3620.0,Parappana Agrahara Lake,D,5.9,7.8,872.0,6.0,3.5,260.0,2200.0,3.0,112.0,5.0,112.0,156.0,52.0,1.5,0.4,108.0,60.0,48.0,20.0,72.0,594.0,24.0,0.2,0.5,6.0,0.37,57.0,3.03,0.39,2025.0
Parappana Agrahara Lake,PRP,2025-06-06,12.9112,77.6586,0.0817351351351351,0.1140783047642708,0.0789778555418798,0.1619135470458052,0.3839875662262759,0.4517924619408491,0.4429024813895781,0.2720942525652202,0.1621245858761988,-0.5880100698285053,-0.4120252633057951,0.3533476088167545,-0.1905315908458543,0.6856766863548734,2.131681794290224,06/25,3620.0,Parappana Agrahara Lake,E,2.1,7.5,876.0,25.0,3.3,240.0,2200.0,3.0,176.0,5.0,176.0,132.0,160.0,1.5,0.4,188.0,100.0,88.0,34.0,101.0,582.0,26.0,1.08,0.5,3.0,0.23,53.0,3.3,2.5,2025.0
Parappana Agrahara Lake,PRP,2025-11-10,12.9112,77.6586,,,,,,,,,,,,,,,,11/25,3620.0,Parappana Agrahara Lake,D,6.9,7.9,675.0,4.0,2.6,1206.521739130435,9200.0,27.83098591549296,152.0,20.0,152.0,108.0,48.0,8.090909090909092,0.4,180.0,92.0,88.0,28.0,67.0,462.0,34.0,1.163333333333333,0.5,14.0,0.4566666666666666,42.0,2.17,0.22,2025.0
Puttenahalli Lake,PTN,2023-08-16,12.8982,77.5855,0.1801053908355795,0.189402427654864,0.2092969016827181,0.2688929919137466,0.2848765498652291,0.3086528301886793,0.2745424528301887,0.3172101078167116,0.3100137466307277,-0.1850585220413289,-0.2527527686763046,0.1241177698832466,0.0493659067195803,1.104666273749352,1.2881429062746104,08/23,3624.0,PUTTENAHALLI LAKE,"D (Propagation of wild life,fisheries)",4.1,7.1,754.0,11.0,2.2,3300.0,35000.0,8.942857142857143,216.0,5.0,216.0,116.0,112.0,3.237142857142857,0.95,204.0,108.0,96.0,12.0,74.0,514.0,24.228571428571428,0.32,0.5,9.0,0.32,41.0,1.6845714285714286,0.3214285714285714,2023.0
Puttenahalli Lake,PTN,2023-10-10,12.8982,77.5855,0.1194634347275031,0.1438930328524086,0.1508182130100586,0.180356354738769,0.220967405999155,0.2355946908886071,0.2356398218560766,0.2281917934093789,0.1788908639628222,-0.2431890649481457,-0.2389064829626604,0.106252773911505,0.0188815430050179,1.0435177525114223,1.2759549757799566,10/23,3614.0,PUTTENAHALLI LAKE,"D (Propagation of wild life,fisheries)",5.7,7.0,346.0,5.0,1.0,3100.0,35000.0,3.0,88.0,5.0,88.0,88.0,52.0,9.776508620689654,0.4,104.0,60.0,44.0,18.0,71.0,302.0,82.82096069868996,0.28,0.5,20.0,0.27,54.0,3.0,0.78,2023.0
Puttenahalli Lake,PTN,2023-12-24,12.8982,77.5855,0.1115310237994648,0.1309390302761652,0.1367180996334843,0.1607137022954514,0.1923571011125192,0.2085852696803266,0.2094951943388255,0.2055875721729333,0.1744479017039852,-0.2388206843825283,-0.2437524491465324,0.1021020504820445,0.0216186891471647,1.0488393456212977,1.268818373074943,12/23,3624.0,PUTTENAHALLI LAKE,"D (Propagation of wild life,fisheries)",5.1,7.0,459.0,5.0,1.76,79000.0,350000.0,3.0,104.0,5.0,104.0,72.0,49.0,1.5,0.81,120.0,64.0,56.0,12.0,39.0,316.0,24.0,0.2,0.5,9.0,0.43,39.0,1.5,0.05,2023.0
Puttenahalli Lake,PTN,2024-03-03,12.8982,77.5855,0.1131949408534009,0.1404955179209288,0.1533462150143573,0.1824902724968315,0.2132368046753979,0.2301573722010987,0.231014093085481,0.2363007780594285,0.2044955992113788,-0.2498227971017216,-0.2762017519042327,0.1088294728642389,0.0399792481496165,1.0891780123413866,1.3064355468413724,03/24,3624.0,Puttenahalli Lake,"E (Irrigation, industrial cooling and controlled waste)",2.4,7.4,770.0,38.0,2.6,1700.0,7900.0,3.0,188.0,5.0,188.0,96.0,176.0,2.9,2.1,188.0,100.0,88.0,28.0,92.0,512.0,72.0,0.93,0.5,21.0,0.25,48.0,3.0,2.5,2024.0
Puttenahalli Lake,PTN,2024-04-02,12.8982,77.5855,,,,,,,,,,,,,,,,04/24,3614.0,Puttenahalli Lake,"D (Propagation of wild life,fisheries)",4.6,7.5,640.0,5.0,1.5,340.0,2800.0,3.0,140.0,5.0,140.0,132.0,46.0,1.5,0.4,160.0,84.0,76.0,9.0,61.0,438.0,10.0,0.39,0.5,8.0,0.22,44.0,2.1,1.21,2024.0
Puttenahalli Lake,PTN,2024-05-02,12.8982,77.5855,0.1603599559147686,0.1822896409016116,0.1905530665636413,0.2116193240264512,0.233138427626745,0.2504656869948568,0.2398753122703894,0.2593351212343865,0.2313372520205732,-0.1386314006411753,-0.1849287698582804,0.0619175538107949,0.0210069564004093,1.0448893042689122,1.1451783205148842,05/24,3624.0,Puttenahalli Lake,"E (Irrigation, industrial cooling and controlled waste)",0.3,6.6,1098.0,26.0,3.9,3300.0,14000.0,3.0,228.0,5.0,228.0,124.0,173.0,6.0,4.6,252.0,132.0,120.0,13.0,105.0,748.0,28.0,1.2,0.5,23.0,0.38,45.0,2.9,3.6,2024.0
Puttenahalli Lake,PTN,2024-06-01,12.8982,77.5855,0.1384584389522602,0.1644111179133282,0.1768907932259028,0.2055694303619209,0.2472129559217012,0.2742355583720604,0.2640023975496409,0.2658060484438811,0.2290067279256443,-0.2331934329264007,-0.2436613960915968,0.0847751857377335,0.0337245373732975,1.0727140690021368,1.2051149348959838,06/24,3624.0,Puttenahalli Lake,"D (Propagation of wild life,fisheries)",7.1,7.1,689.0,7.3,2.4,260.0,9200.0,3.0,180.0,5.0,180.0,108.0,66.0,1.5,0.84,184.0,96.0,88.0,19.0,76.0,470.0,12.0,0.9,0.5,21.0,0.2,64.0,2.4,1.7,2024.0
Puttenahalli Lake,PTN,2024-09-19,12.8982,77.5855,0.1303388818476271,0.1585171103189989,0.1669303624612829,0.2031733523447402,0.2551848718490354,0.2784956132939021,0.2743836325869597,0.265720757639769,0.2286862589776087,-0.2765957347091709,-0.2728267290868959,0.1172651384888125,0.0245850144118172,1.056163660426358,1.3117475943293635,09/24,3624.0,Puttenahalli Lake,"D (Propagation of wild life,fisheries)",7.1,6.8,626.0,5.0,2.12,200.0,5400.0,3.0,144.0,5.0,144.0,76.0,44.0,1.5,0.52,132.0,72.0,60.0,8.0,62.0,426.0,18.0,0.71,0.5,14.0,0.2,47.0,2.0,1.93,2024.0
Puttenahalli Lake,PTN,2024-12-08,12.8982,77.5855,0.1072720708350936,0.126548535050844,0.131858129355568,0.1566647021546262,0.1931566399098719,0.2099559569074777,0.2110130721025205,0.2091919412758767,0.1743566575130262,-0.2605417159434282,-0.2724923695431902,0.1149384791585963,0.0160201319214316,1.0434192031660188,1.33083044052124,12/24,3624.0,Puttenahalli Lake,"D (Propagation of wild life,fisheries)",5.8,7.7,427.0,5.0,1.68,260.0,4300.0,3.0,108.0,5.0,108.0,36.0,52.0,1.5,0.4,100.0,56.0,44.0,13.0,35.0,292.0,16.0,0.27,0.5,8.0,0.2,41.0,1.52,0.72,2024.0
Puttenahalli Lake,PTN,2025-03-08,12.8982,77.5855,0.1159148218560766,0.1400846572562164,0.1554128574775321,0.1826685502041967,0.2162621673003803,0.2327832065906208,0.2392430291508237,0.2451625369666245,0.2116294993662868,-0.2651022092110264,-0.2897574769975438,0.1003872686647535,0.0481398123686146,1.107544146610851,1.2675989006274544,03/25,3624.0,Puttenahalli Lake,"D (Propagation of wild life,fisheries)",6.2,6.9,787.0,5.0,2.9,2400.0,14000.0,3.0,252.0,5.0,252.0,168.0,58.0,1.5,0.7,156.0,84.0,72.0,7.051282051282051,96.0,536.0,10.0,0.2,0.5,6.0,0.2,55.0,3.4,0.17,2025.0
Puttenahalli Lake,PTN,2025-04-02,12.8982,77.5855,,,,,,,,,,,,,,,,04/25,3624.0,Puttenahalli Lake,"D (Propagation of wild life,fisheries)",5.8,7.1,1040.0,7.0,3.9,240.0,2800.0,3.0,276.0,5.0,276.0,160.0,73.0,1.5,0.4,252.0,132.0,120.0,5.0,96.0,708.0,10.0,0.2,0.5,5.0,0.2,45.0,2.7,0.3,2025.0
Puttenahalli Lake,PTN,2025-05-02,12.8982,77.5855,0.1295837522884101,0.1550873318694164,0.1698773588826246,0.1960485741444868,0.2321171489930996,0.2457540733699479,0.2415710780171807,0.2630807843965639,0.2159893395296435,-0.2142027042489912,-0.2579234393027996,0.0760647485138901,0.0432702598239447,1.0927158676498925,1.176892527803635,05/25,3624.0,Puttenahalli Lake,D,5.4,7.0,720.0,7.0,2.8,2600.0,7000.0,3.0,168.0,5.0,168.0,100.0,70.0,1.5,0.4,136.0,76.0,60.0,10.0,80.0,488.0,22.0,0.2,0.5,4.0,0.26,55.0,3.0,0.4,2025.0
Puttenahalli Lake,PTN,2025-06-01,12.8982,77.5855,,,,,,,,,,,,,,,,06/25,3624.0,Puttenahalli Lake,D,6.6,6.8,616.0,4.0,2.3,21.0,1600.0,3.0,136.0,5.0,136.0,96.0,40.0,1.5,0.56,160.0,84.0,76.0,24.0,60.0,416.0,10.0,0.2,0.5,12.0,0.28,43.0,2.06,0.21,2025.0
Puttenahalli Lake,PTN,2025-11-10,12.8982,77.5855,0.180727002967359,0.1832551939816432,0.1756356098973786,0.1858258160237389,0.2096376854599406,0.2190154302670622,0.2331560830860533,0.165053709198813,0.1083608308605341,-0.1220216607895046,0.0493817118796728,0.032611564480962,-0.0226994296684921,0.9561368204406048,1.07819571940683,11/25,3624.0,Puttenahalli Lake,D,5.3,6.6,901.0,7.0,3.5,1335.7971014492755,4300.0,26.028169014084504,332.0,20.0,332.0,132.0,88.0,7.300000000000001,0.53,256.0,132.0,124.0,8.0,99.0,622.0,22.0,1.5750000000000002,0.5,11.0,0.42,44.0,2.7,0.3,2025.0
Ramammana Kere,RMK,2023-08-16,13.017,77.572,,,,,,,,,,,,,,,,08/23,4513.0,RAMAMMANA KERE,"D (Propagation of wild life,fisheries)",5.4,7.3,603.0,7.0,1.1,390.0,16000.0,14.514285714285714,112.0,5.0,152.0,104.0,69.0,1.865714285714286,0.68,132.0,72.0,60.0,10.0,41.0,412.0,31.942857142857143,0.2,0.5,18.0,0.2,41.0,1.3888571428571428,0.1071428571428571,2023.0
Ramammana Kere,RMK,2023-10-10,13.017,77.572,,,,,,,,,,,,,,,,10/23,4513.0,RAMAMMANA KERE,"D (Propagation of wild life,fisheries)",5.2,7.3,520.0,5.0,2.0,480.0,16000.0,3.0,140.0,5.0,140.0,40.0,44.0,8.801293103448275,0.4,160.0,80.0,80.0,28.0,34.0,354.0,100.72489082969432,0.2,0.5,3.0,0.21,31.0,1.5,0.05,2023.0
Ramammana Kere,RMK,2023-12-24,13.017,77.572,,,,,,,,,,,,,,,,12/23,4513.0,RAMAMMANA KERE,"D (Propagation of wild life,fisheries)",4.1,6.7,142.0,11.0,0.4,4800.0,54000.0,3.0,44.0,5.0,44.0,20.0,114.0,1.5,0.99,36.0,24.0,12.0,5.0,16.0,98.0,26.0,0.2,0.5,2.0,0.21,47.0,1.2,0.05,2023.0
Ramammana Kere,RMK,2024-03-03,13.017,77.572,,,,,,,,,,,,,,,,03/24,4513.0,Ramammana Kere,"D (Propagation of wild life,fisheries)",4.8,8.0,1114.0,8.0,6.0,170.0,2400.0,3.0,412.0,5.0,412.0,292.0,70.0,1.5,0.83,556.0,284.0,272.0,5.0,184.0,778.0,10.0,1.3,0.5,37.0,0.2,40.0,3.4,4.6,2024.0
Ramammana Kere,RMK,2024-04-02,13.017,77.572,,,,,,,,,,,,,,,,04/24,4513.0,Ramammana Kere,"D (Propagation of wild life,fisheries)",4.8,7.9,2033.0,7.0,7.0,210.0,1100.0,3.0,476.0,5.0,476.0,364.0,84.0,1.5,0.42,624.0,320.0,304.0,13.0,249.0,1342.0,10.0,0.3,0.5,38.0,0.22,44.0,4.0,0.86,2024.0
Ramammana Kere,RMK,2024-05-02,13.017,77.572,,,,,,,,,,,,,,,,05/24,4513.0,Ramammana Kere,"D (Propagation of wild life,fisheries)",4.2,7.7,1477.0,5.0,5.9,310.0,3500.0,3.0,300.0,5.0,300.0,204.0,44.0,1.5,0.48,416.0,212.0,204.0,16.0,116.0,988.0,10.0,0.88,0.5,12.0,0.22,37.0,2.0,2.27,2024.0
Ramammana Kere,RMK,2024-06-01,13.017,77.572,,,,,,,,,,,,,,,,06/24,4513.0,Ramammana Kere,"E (Irrigation, industrial cooling and controlled waste)",2.8,6.7,1011.0,18.0,4.0,2600.0,11000.0,3.0,264.0,5.0,264.0,164.0,124.0,2.99,2.3,376.0,192.0,184.0,8.0,110.0,704.0,30.0,1.4,0.5,19.0,0.37,37.0,2.47,3.71,2024.0
Ramammana Kere,RMK,2024-09-19,13.017,77.572,,,,,,,,,,,,,,,,09/24,4513.0,Ramammana Kere,"D (Propagation of wild life,fisheries)",6.1,7.0,1164.0,4.0,8.0,110.0,2400.0,3.0,360.0,5.0,360.0,200.0,44.0,1.5,0.9,376.0,192.0,184.0,29.0,95.0,790.0,26.0,0.2,0.5,32.0,0.29,33.0,2.0,0.8,2024.0
Ramammana Kere,RMK,2024-12-08,13.017,77.572,,,,,,,,,,,,,,,,12/24,4513.0,Ramammana Kere,"E (Irrigation, industrial cooling and controlled waste)",3.2,7.2,1026.0,16.0,3.6,3100.0,9400.0,3.0,240.0,5.0,240.0,148.0,112.0,4.9,3.6,320.0,168.0,152.0,13.0,79.0,670.0,12.0,1.2,0.5,18.0,0.2,33.0,1.9,3.2,2024.0
Ramammana Kere,RMK,2025-03-08,13.017,77.572,,,,,,,,,,,,,,,,03/25,4513.0,Ramammana Kere,"D (Propagation of wild life,fisheries)",6.4,6.7,210.0,9.0,0.81,46.0,350.0,3.0,80.0,5.0,80.0,12.0,90.0,1.5,0.4,112.0,66.0,46.0,6.205128205128205,5.0,146.0,10.0,0.2,0.5,10.0,0.2,4.0,0.1,0.05,2025.0
Ramammana Kere,RMK,2025-04-04,13.017,77.572,0.0638181059672593,0.082467375870396,0.0772445700386605,0.1227397289209646,0.2567225840521034,0.302758718535469,0.2977115120577364,0.2391784615384615,0.1634003062841048,-0.5746038793767425,-0.518390900743087,0.2923886436255579,-0.0688048384677355,0.886525858994445,1.9942530556755271,04/25,4513.0,Ramammana Kere,"D (Propagation of wild life,fisheries)",6.4,6.7,325.0,5.0,1.2,40.0,240.0,3.0,92.0,5.0,92.0,44.0,39.0,5.2,4.0,100.0,56.0,44.0,17.0,18.0,222.0,10.0,0.2,0.5,15.0,0.2,25.0,0.7,0.19,2025.0
Ramammana Kere,RMK,2025-05-07,13.017,77.572,0.0680923358563633,0.085812174146931,0.0793508957990813,0.1226274669952473,0.2640262559408554,0.3226714944552017,0.3199104805491992,0.2324539447280408,0.1606679528252068,-0.5842652498542819,-0.4839388204137662,0.2678199949827016,-0.0700884326284187,0.8818885999160432,1.8422399381939023,05/25,4513.0,Ramammana Kere,D,6.4,6.7,364.0,5.0,1.4,21.0,1600.0,3.0,96.0,5.0,96.0,36.0,52.0,1.5,0.4,88.0,44.0,44.0,19.0,40.0,250.0,10.0,0.2,0.5,5.0,0.26,47.0,1.0,0.32,2025.0
Ramammana Kere,RMK,2025-06-06,13.017,77.572,0.0606260552719591,0.0799344518739789,0.0693422637416236,0.1176014574898785,0.288893170216511,0.3538917127266329,0.3514184615384617,0.2275304383031156,0.1486556697764477,-0.6327010163990835,-0.5126884109732364,0.3369875588421868,-0.1223142331988578,0.8001907538991527,2.263991500877358,06/25,4513.0,Ramammana Kere,D,5.8,7.2,380.0,6.0,1.5,260.0,2200.0,3.0,88.0,5.0,88.0,65.0,58.0,1.5,0.6,104.0,56.0,48.0,20.0,40.0,258.0,16.0,0.2,0.5,5.0,0.31,31.0,1.7,0.3,2025.0
Ramammana Kere,RMK,2025-11-10,13.017,77.572,,,,,,,,,,,,,,,,11/25,4513.0,Ramammana Kere,D,6.3,6.9,700.0,5.0,2.69,2337.68115942029,7000.0,12.056338028169012,176.0,20.0,176.0,72.0,56.0,15.15,0.4,164.0,120.0,44.0,33.1,62.0,474.0,20.0,0.7150000000000001,0.5,7.0,0.26,45.0,2.21,1.395,2025.0
Rampura Lake,RPR,2023-08-16,13.015,77.59,,,,,,,,,,,,,,,,08/23,4519.0,RAMPURA LAKE,"E (Irrigation, industrial cooling and controlled waste)",0.3,7.2,2231.0,23.0,6.8,34000.0,240000.0,15.133333333333333,632.0,5.0,632.0,348.0,189.0,1.7133333333333334,4.2,616.0,316.0,300.0,36.0,215.0,1520.0,32.8,0.93,0.5,28.0,0.62,41.0,1.356,0.0833333333333333,2023.0
Rampura Lake,RPR,2023-10-10,13.015,77.59,,,,,,,,,,,,,,,,10/23,4519.0,RAMPURA LAKE,"E (Irrigation, industrial cooling and controlled waste)",0.3,7.3,1457.0,77.0,5.59,170000.0,2400000.0,3.0,336.0,5.0,336.0,244.0,320.0,9.347413793103447,18.1,400.0,204.0,196.0,59.0,117.0,1022.0,90.69868995633188,1.4,0.5,29.0,0.24,37.0,2.5,3.6,2023.0
Rampura Lake,RPR,2023-12-24,13.015,77.59,,,,,,,,,,,,,,,,12/23,4519.0,RAMPURA LAKE,"E (Irrigation, industrial cooling and controlled waste)",2.0,7.0,602.0,17.0,1.4,27000.0,240000.0,3.0,124.0,5.0,124.0,168.0,116.0,2.9,2.3,84.0,48.0,36.0,37.0,49.0,420.0,10.0,0.8,0.5,14.0,0.28,51.0,2.3,1.8,2023.0
Rampura Lake,RPR,2024-03-03,13.015,77.59,,,,,,,,,,,,,,,,03/24,4519.0,Rampura Lake,"E (Irrigation, industrial cooling and controlled waste)",0.3,6.7,1636.0,74.0,6.0,2600.0,11000.0,3.0,484.0,5.0,484.0,216.0,488.0,26.3,20.2,328.0,168.0,160.0,23.0,250.0,1112.0,60.0,1.64,0.5,37.0,0.34,59.0,6.0,3.49,2024.0
Rampura Lake,RPR,2024-04-02,13.015,77.59,,,,,,,,,,,,,,,,04/24,4519.0,Rampura Lake,"E (Irrigation, industrial cooling and controlled waste)",0.3,7.4,1755.0,24.0,5.7,17000.0,48000.0,3.0,496.0,5.0,496.0,276.0,196.0,24.4,18.8,476.0,244.0,232.0,27.0,169.0,1196.0,394.0,3.2,0.5,22.0,0.94,42.0,3.4,9.2,2024.0
Rampura Lake,RPR,2024-05-02,13.015,77.59,,,,,,,,,,,,,,,,05/24,4519.0,Rampura Lake,"E (Irrigation, industrial cooling and controlled waste)",0.5,7.2,1720.0,60.0,5.9,140000.0,480000.0,3.0,432.0,5.0,432.0,216.0,304.0,43.0,30.0,304.0,160.0,144.0,26.0,160.0,1134.0,66.0,3.2,0.5,37.0,0.25,50.0,4.0,9.4,2024.0
Rampura Lake,RPR,2024-09-19,13.015,77.59,,,,,,,,,,,,,,,,09/24,4519.0,Rampura Lake,"E (Irrigation, industrial cooling and controlled waste)",2.4,7.3,1992.0,27.0,8.0,17000.0,70000.0,3.0,604.0,5.0,604.0,308.0,176.0,3.4,2.6,300.0,156.0,144.0,38.0,156.0,1356.0,20.0,0.35,0.5,25.0,0.37,51.0,4.0,0.78,2024.0
Rampura Lake,RPR,2024-12-08,13.015,77.59,,,,,,,,,,,,,,,,12/24,4519.0,Rampura Lake,"D (Propagation of wild life,fisheries)",4.8,6.9,795.0,7.0,4.9,210.0,2800.0,3.0,180.0,5.0,180.0,92.0,59.0,1.5,0.4,188.0,100.0,88.0,14.0,77.0,540.0,24.0,1.2,0.5,16.0,0.28,43.0,2.4,2.8,2024.0
Rampura Lake,RPR,2025-01-07,13.015,77.59,,,,,,,,,,,,,,,,01/25,4519.0,Rampura Lake,"D (Propagation of wild life,fisheries)",5.9,7.2,818.0,6.0,2.9,25.0,1600.0,3.0,220.0,5.0,220.0,92.0,52.0,1.5,0.42,200.0,108.0,92.0,13.0,78.0,534.0,12.0,0.2,0.5,10.0,0.2,44.0,2.4,0.44,2025.0
Rampura Lake,RPR,2025-02-01,13.015,77.59,,,,,,,,,,,,,,,,02/25,4519.0,Rampura Lake,"D (Propagation of wild life,fisheries)",4.2,7.0,826.0,20.0,3.2,22.0,70.0,3.0,248.0,5.0,248.0,108.0,165.0,4.4,3.4,216.0,108.0,108.0,12.0,83.0,570.0,10.0,0.2,0.5,5.0,0.28,45.0,2.4,0.21,2025.0
Rampura Lake,RPR,2025-03-08,13.015,77.59,,,,,,,,,,,,,,,,03/25,4519.0,Rampura Lake,"D (Propagation of wild life,fisheries)",6.1,6.9,834.0,4.0,2.8,400.0,3400.0,3.0,260.0,5.0,260.0,128.0,52.0,1.5,0.4,136.0,72.0,64.0,6.051282051282051,90.0,576.0,18.0,0.2,0.5,5.0,0.28,57.0,3.5,0.1,2025.0
Rampura Lake,RPR,2025-04-04,13.015,77.59,0.026926664085325,0.0513617974847975,0.0437714455786222,0.0981102185926994,0.2239188672603752,0.2624038297722551,0.2600272589672288,0.1945864268365658,0.1131451230243936,-0.6699914514171811,-0.5846507629305755,0.4045083383135536,-0.1040110330666987,0.8316845007233621,2.4747707793675264,04/25,4519.0,Rampura Lake,"D (Propagation of wild life,fisheries)",5.6,6.9,568.0,5.0,2.2,210.0,4300.0,3.0,132.0,5.0,132.0,92.0,50.0,1.5,0.54,156.0,84.0,72.0,23.0,55.0,390.0,10.0,0.2,0.5,11.0,0.21,41.0,2.0,0.21,2025.0
Rampura Lake,RPR,2025-05-07,13.015,77.59,0.0337316378612411,0.0572176389710904,0.0495507938977415,0.1018721954310254,0.2475531662501318,0.2997325319441021,0.2996980147136471,0.1988710056672181,0.1208549614558766,-0.6797852478734784,-0.5558372175896328,0.3751066777304269,-0.1075091823826921,0.8294662064053332,2.316624133554462,05/25,4519.0,Rampura Lake,D,5.5,7.0,618.0,6.0,2.4,1400.0,7900.0,3.0,140.0,5.0,140.0,96.0,55.0,1.5,0.4,164.0,88.0,76.0,16.0,68.0,420.0,10.0,0.2,0.5,12.0,0.21,45.0,2.3,0.33,2025.0
Rampura Lake,RPR,2025-06-06,13.015,77.59,0.0153484564750607,0.0458608962964726,0.037860920999391,0.0975001196803829,0.2766220423105356,0.3408432362983562,0.3405582737864763,0.1992254109613151,0.1161754690415009,-0.7640281322363905,-0.6356677444209504,0.4818789075788886,-0.1402502556957895,0.7840662108577642,3.1653939209333,06/25,4519.0,Rampura Lake,E,2.6,7.2,873.0,19.0,3.3,24.0,220.0,3.0,236.0,5.0,236.0,116.0,126.0,2.9,2.3,216.0,112.0,104.0,7.0,82.0,596.0,12.0,0.27,0.5,2.0,0.33,45.0,2.5,0.65,2025.0
Rampura Lake,RPR,2025-11-10,13.015,77.59,,,,,,,,,,,,,,,,11/25,4519.0,Rampura Lake,E,1.5,7.2,1268.0,26.0,4.6,2531.594202898551,9400.0,9.352112676056336,264.0,20.0,264.0,200.0,184.0,14.0,10.0,276.0,144.0,132.0,23.0,120.0,842.0,14.0,3.2,0.5,15.0,0.29,47.0,3.1,9.1,2025.0
Rayasandra Lake,RYS,2023-08-16,12.856,77.6618,,,,,,,,,,,,,,,,08/23,4531.0,RAYASANDRA LAKE,"E (Irrigation, industrial cooling and controlled waste)",0.3,8.2,2186.0,23.0,8.0,2200.0,92000.0,12.533333333333331,396.0,5.0,396.0,320.0,271.0,2.353333333333333,0.4,476.0,244.0,232.0,34.0,131.0,1490.0,29.2,1.3,0.5,28.0,0.2,41.0,1.494,0.1833333333333333,2023.0
Rayasandra Lake,RYS,2023-10-10,12.856,77.6618,,,,,,,,,,,,,,,,10/23,4531.0,RAYASANDRA LAKE,"E (Irrigation, industrial cooling and controlled waste)",0.4,7.0,1286.0,24.0,5.1,2100.0,54000.0,3.0,392.0,5.0,392.0,184.0,157.0,8.489224137931034,1.4,392.0,200.0,192.0,27.0,152.0,878.0,106.45414847161572,2.0,0.5,36.0,0.3,43.0,3.3,4.5,2023.0
Rayasandra Lake,RYS,2023-12-24,12.856,77.6618,,,,,,,,,,,,,,,,12/23,4531.0,RAYASANDRA LAKE,"E (Irrigation, industrial cooling and controlled waste)",1.6,7.7,1699.0,20.0,6.9,470000.0,5400000.0,3.0,416.0,5.0,416.0,356.0,137.0,6.2,4.8,468.0,236.0,232.0,68.0,136.0,1165.0,14.0,0.6,0.5,30.0,0.24,37.0,2.7,1.6,2023.0
Rayasandra Lake,RYS,2024-03-03,12.856,77.6618,,,,,,,,,,,,,,,,03/24,4531.0,Rayasandra Lake,"E (Irrigation, industrial cooling and controlled waste)",0.3,7.7,2250.0,66.0,8.6,1700.0,7900.0,3.0,524.0,5.0,524.0,380.0,328.0,5.8,4.9,612.0,308.0,304.0,92.0,180.0,1562.0,10.0,0.69,0.5,45.0,0.46,37.0,3.2,1.93,2024.0
Rayasandra Lake,RYS,2024-04-02,12.856,77.6618,,,,,,,,,,,,,,,,04/24,4531.0,Rayasandra Lake,"E (Irrigation, industrial cooling and controlled waste)",0.3,7.5,2158.0,66.0,8.9,3200.0,14000.0,3.0,564.0,5.0,564.0,420.0,219.0,36.0,29.0,436.0,220.0,216.0,43.0,268.0,1470.0,36.0,5.8,0.5,40.0,0.23,54.0,7.9,13.0,2024.0
Rayasandra Lake,RYS,2024-05-02,12.856,77.6618,,,,,,,,,,,,,,,,05/24,4531.0,Rayasandra Lake,"E (Irrigation, industrial cooling and controlled waste)",0.9,7.1,1917.0,41.0,6.7,6800.0,33000.0,3.0,380.0,5.0,380.0,308.0,208.0,28.0,20.0,376.0,196.0,180.0,28.0,179.0,1264.0,10.0,1.2,0.5,3.0,0.2,48.0,4.0,3.3,2024.0
Rayasandra Lake,RYS,2024-06-01,12.856,77.6618,,,,,,,,,,,,,,,,06/24,4531.0,Rayasandra Lake,"E (Irrigation, industrial cooling and controlled waste)",1.5,7.0,1554.0,15.0,5.26,14000.0,49000.0,3.0,436.0,5.0,436.0,244.0,148.0,4.16,3.2,420.0,216.0,204.0,24.0,150.0,1052.0,14.0,0.7,0.5,19.0,0.53,42.0,3.2,1.8,2024.0
Rayasandra Lake,RYS,2024-09-19,12.856,77.6618,,,,,,,,,,,,,,,,09/24,4531.0,Rayasandra Lake,"E (Irrigation, industrial cooling and controlled waste)",0.7,7.6,1742.0,38.0,9.0,17000.0,70000.0,3.0,556.0,5.0,556.0,316.0,192.0,28.0,21.0,592.0,300.0,292.0,40.0,185.0,1188.0,48.0,0.2,0.5,32.0,0.28,39.0,3.0,0.9,2024.0
Rayasandra Lake,RYS,2024-12-08,12.856,77.6618,,,,,,,,,,,,,,,,12/24,4531.0,Rayasandra Lake,"E (Irrigation, industrial cooling and controlled waste)",3.0,7.1,1732.0,15.0,6.1,11000.0,46000.0,3.0,404.0,5.0,404.0,292.0,156.0,7.8,6.1,472.0,240.0,232.0,70.0,139.0,1174.0,40.0,0.58,0.5,35.0,0.36,37.0,2.78,1.66,2024.0
Rayasandra Lake,RYS,2025-01-07,12.856,77.6618,,,,,,,,,,,,,,,,01/25,4531.0,Rayasandra Lake,"E (Irrigation, industrial cooling and controlled waste)",0.3,7.6,1849.0,31.0,7.0,1200.0,7900.0,3.0,504.0,5.0,504.0,364.0,190.0,54.6,42.0,456.0,228.0,228.0,43.0,191.0,1294.0,16.0,2.8,0.5,29.0,0.2,46.0,4.0,6.6,2025.0
Rayasandra Lake,RYS,2025-02-01,12.856,77.6618,,,,,,,,,,,,,,,,02/25,4531.0,Rayasandra Lake,"E (Irrigation, industrial cooling and controlled waste)",1.9,7.3,2210.0,35.0,8.5,1200.0,7900.0,3.0,548.0,5.0,548.0,416.0,241.0,50.7,39.0,492.0,248.0,244.0,44.0,231.0,1524.0,28.0,1.0,0.5,34.0,0.2,48.0,4.5,2.4,2025.0
Rayasandra Lake,RYS,2025-03-08,12.856,77.6618,,,,,,,,,,,,,,,,03/25,4531.0,Rayasandra Lake,"E (Irrigation, industrial cooling and controlled waste)",1.8,7.5,1962.0,35.0,6.0,2200.0,35000.0,3.0,576.0,5.0,576.0,412.0,204.0,42.8,36.0,436.0,224.0,212.0,5.794871794871796,189.0,1334.0,28.0,1.8,0.5,33.0,0.25,46.0,3.9,0.05,2025.0
Rayasandra Lake,RYS,2025-04-04,12.856,77.6618,0.063254512813292,0.0887383555415655,0.0973427662348164,0.1391273690509714,0.2138327407772459,0.2400448465221067,0.236891322866798,0.2297743487749929,0.1631927907631653,-0.454591829574406,-0.4446566325891888,0.1959476822292907,0.0315415925638183,1.0791754285676212,1.5389738779509663,04/25,4531.0,Rayasandra Lake,"E (Irrigation, industrial cooling and controlled waste)",0.3,7.2,1597.0,30.0,6.4,1400.0,7900.0,3.0,428.0,5.0,428.0,376.0,240.0,16.0,13.0,356.0,184.0,172.0,43.0,117.0,1088.0,10.0,0.68,0.5,14.0,0.21,46.0,3.35,1.97,2025.0
Rayasandra Lake,RYS,2025-05-07,12.856,77.6618,0.0653172944241058,0.0934075154569991,0.0897917488534281,0.1368939312869614,0.2635115706843143,0.3090115214024219,0.3058581420726556,0.2301072972402139,0.160931871303858,-0.5268404839906841,-0.4220475976943191,0.2266271864041384,-0.0382541516540761,0.9377668256564556,1.6385256900938865,05/25,4531.0,Rayasandra Lake,E,1.2,7.2,1578.0,26.0,6.4,11000.0,79000.0,3.0,380.0,5.0,380.0,216.0,192.0,4.6,3.7,356.0,184.0,172.0,23.0,121.0,1070.0,70.0,1.35,0.5,12.0,0.25,41.0,2.79,3.88,2025.0
Rayasandra Lake,RYS,2025-06-06,12.856,77.6618,,,,,,,,,,,,,,,,06/25,4531.0,Rayasandra Lake,E,0.6,7.6,1811.0,67.0,6.9,2400.0,14000.0,3.0,420.0,5.0,420.0,300.0,348.0,27.0,23.0,492.0,248.0,244.0,74.0,145.0,1230.0,26.0,0.67,0.5,36.0,0.2,37.0,2.84,1.93,2025.0
Rayasandra Lake,RYS,2025-11-10,12.856,77.6618,,,,,,,,,,,,,,,,11/25,4531.0,Rayasandra Lake,E,0.9,7.4,1619.0,32.0,5.8,2887.1014492753625,9400.0,16.0,332.0,20.0,332.0,268.0,168.0,29.0,23.0,352.0,184.0,168.0,43.0,81.0,1080.0,39.5,0.59,0.5,26.0,0.32,31.0,1.9,1.5,2025.0
Sankey Tank,SNK,2023-08-16,13.0069,77.575,,,,,,,,,,,,,,,,08/23,3594.0,SANKEY TANK,"D (Propagation of wild life,fisheries)",4.9,7.6,549.0,7.0,1.6,460.0,16000.0,8.81904761904762,156.0,5.0,156.0,84.0,69.0,3.267619047619048,0.57,148.0,80.0,68.0,9.0,54.0,374.0,24.057142857142857,0.23,0.5,7.0,0.23,41.0,1.6911428571428573,0.3261904761904762,2023.0
Sankey Tank,SNK,2023-12-24,13.0069,77.575,,,,,,,,,,,,,,,,12/23,3594.0,SANKEY TANK,"D (Propagation of wild life,fisheries)",4.4,7.76,491.0,8.0,1.1,480.0,16000.0,3.0,168.0,5.0,168.0,76.0,96.0,1.5,0.4,192.0,100.0,92.0,21.0,38.0,336.0,10.0,0.2,0.5,4.0,0.26,30.0,1.1,0.05,2023.0
Sankey Tank,SNK,2024-03-03,13.0069,77.575,,,,,,,,,,,,,,,,03/24,3594.0,Sankey Tank,"D (Propagation of wild life,fisheries)",5.8,7.9,576.0,7.0,2.2,320.0,3500.0,3.0,136.0,5.0,136.0,76.0,66.0,1.5,0.8,132.0,72.0,60.0,16.0,62.0,408.0,10.0,0.2,0.5,17.0,0.2,47.0,2.4,0.4,2024.0
Sankey Tank,SNK,2024-04-02,13.0069,77.575,,,,,,,,,,,,,,,,04/24,3594.0,Sankey Tank,"D (Propagation of wild life,fisheries)",4.8,8.0,612.0,7.0,2.3,170.0,2400.0,3.0,144.0,5.0,144.0,80.0,83.0,1.5,0.7,132.0,72.0,60.0,10.0,67.0,398.0,16.0,0.2,0.5,9.0,0.2,50.0,2.55,0.2,2024.0
Sankey Tank,SNK,2024-05-02,13.0069,77.575,,,,,,,,,,,,,,,,05/24,3594.0,Sankey Tank,"D (Propagation of wild life,fisheries)",6.1,7.9,568.0,6.0,9.6,400.0,16000.0,3.0,148.0,5.0,148.0,76.0,56.0,1.5,0.72,128.0,68.0,60.0,5.0,72.0,388.0,10.0,0.2,0.5,12.0,0.2,52.0,0.36,0.05,2024.0
Sankey Tank,SNK,2024-06-01,13.0069,77.575,,,,,,,,,,,,,,,,06/24,3594.0,Sankey Tank,"D (Propagation of wild life,fisheries)",5.7,7.3,627.0,5.0,2.52,17.0,1600.0,3.0,136.0,5.0,136.0,72.0,48.0,1.5,0.4,188.0,100.0,88.0,16.75,50.0,420.0,16.0,0.2,0.5,3.0,0.22,38.0,2.0,0.05,2024.0
Sankey Tank,SNK,2024-09-19,13.0069,77.575,,,,,,,,,,,,,,,,09/24,3594.0,Sankey Tank,"D (Propagation of wild life,fisheries)",6.2,7.5,507.0,4.0,2.0,220.0,2400.0,3.0,100.0,5.0,100.0,76.0,36.0,1.5,0.6,108.0,56.0,52.0,17.0,51.0,352.0,14.0,0.2,0.5,9.0,0.29,48.0,2.0,0.5,2024.0
Sankey Tank,SNK,2024-12-08,13.0069,77.575,,,,,,,,,,,,,,,,12/24,3594.0,Sankey Tank,"D (Propagation of wild life,fisheries)",5.8,7.4,524.0,5.0,1.8,680.0,4100.0,3.0,124.0,5.0,124.0,56.0,64.0,1.5,0.49,152.0,84.0,68.0,16.0,53.0,350.0,10.0,0.2,0.5,8.0,0.2,41.0,1.9,0.05,2024.0
Sankey Tank,SNK,2025-01-07,13.0069,77.575,,,,,,,,,,,,,,,,01/25,3594.0,Sankey Tank,"D (Propagation of wild life,fisheries)",7.0,7.5,576.0,4.0,2.2,120.0,2400.0,3.0,148.0,5.0,148.0,72.0,47.0,1.5,0.4,136.0,76.0,60.0,15.0,56.0,392.0,10.0,0.2,0.5,8.0,0.24,45.0,2.1,0.05,2025.0
Sankey Tank,SNK,2025-02-01,13.0069,77.575,,,,,,,,,,,,,,,,02/25,3594.0,Sankey Tank,"D (Propagation of wild life,fisheries)",6.5,7.2,652.0,4.0,2.5,170.0,1300.0,3.0,164.0,5.0,164.0,64.0,44.0,1.5,0.4,136.0,76.0,60.0,20.0,49.0,442.0,10.0,0.2,0.5,8.0,0.2,42.0,1.8,0.2,2025.0
Sankey Tank,SNK,2025-03-08,13.0069,77.575,,,,,,,,,,,,,,,,03/25,3594.0,Sankey Tank,"D (Propagation of wild life,fisheries)",5.6,7.1,454.0,6.0,1.6,140.0,840.0,3.0,148.0,5.0,148.0,68.0,56.0,1.5,0.4,172.0,92.0,80.0,7.769230769230769,65.0,306.0,10.0,0.2,0.5,9.0,0.28,44.0,2.0,0.05,2025.0
Sankey Tank,SNK,2025-04-04,13.0069,77.575,0.1144085698190268,0.1335048025622035,0.1384039714847973,0.1732193084994015,0.2384131997746637,0.2683639215548201,0.2607688930357018,0.2745127878318428,0.2320068410675303,-0.3253270229861374,-0.3592752740098732,0.1336300364903939,0.0086145336327238,1.0264690845089213,1.368244054795309,04/25,3594.0,Sankey Tank,"D (Propagation of wild life,fisheries)",6.9,7.4,494.0,4.0,2.0,63.0,540.0,3.0,164.0,5.0,164.0,76.0,48.0,1.5,0.4,144.0,72.0,72.0,8.5,54.0,340.0,10.0,0.2,0.5,6.0,0.26,43.0,1.0,0.11,2025.0
Sankey Tank,SNK,2025-05-07,13.0069,77.575,0.1214845715090487,0.1402421349758065,0.1451853036096926,0.1775834835574958,0.2474938701499894,0.2842344165903812,0.2770381205548904,0.2766264453207522,0.2389086085486936,-0.3311628930745907,-0.3385629776558025,0.1179993249085544,0.0089984579633573,1.024043063717332,1.313851775002538,05/25,3594.0,Sankey Tank,D,5.0,7.2,570.0,5.0,2.2,170.0,3500.0,3.0,128.0,5.0,128.0,92.0,52.0,1.5,0.42,152.0,80.0,72.0,23.0,56.0,392.0,10.0,0.2,0.5,12.0,0.41,42.0,2.0,0.23,2025.0
Sankey Tank,SNK,2025-06-06,13.0069,77.575,0.119705020773185,0.1399555633806123,0.1426690864419942,0.1748916942468841,0.2469513062460391,0.2846805365819309,0.2764931378071967,0.261885775649602,0.2220801915358074,-0.3398577606521696,-0.326118975800491,0.1302459740455946,0.0017028118319463,1.0101311185728472,1.3815159978136349,06/25,3594.0,Sankey Tank,D,6.5,7.0,496.0,4.0,1.9,17.0,1600.0,3.0,112.0,5.0,112.0,80.0,45.0,1.5,0.4,132.0,72.0,60.0,20.0,48.0,332.0,10.0,0.2,0.5,10.0,0.22,41.0,1.81,0.05,2025.0
Sankey Tank,SNK,2025-11-10,13.0069,77.575,,,,,,,,,,,,,,,,11/25,3594.0,Sankey Tank,D,6.2,7.4,705.0,5.0,2.71,366.231884057971,79000.0,39.54929577464789,176.0,20.0,176.0,72.0,52.0,7.32,0.4,184.0,68.0,116.0,8.28,59.0,484.0,174.0,0.6572727272727272,0.5,8.0,0.32,39.0,1.88,0.275,2025.0
Sarakki Lake,SRK,2023-08-16,12.9201,77.572,,,,,,,,,,,,,,,,08/23,4504.0,SARAKKI LAKE,"D (Propagation of wild life,fisheries)",5.0,7.4,813.0,7.0,2.4,490.0,16000.0,5.971428571428572,232.0,5.0,232.0,124.0,68.0,3.968571428571429,0.61,220.0,116.0,104.0,13.0,80.0,552.0,20.11428571428571,0.34,0.5,10.0,0.35,41.0,1.8422857142857143,0.4357142857142857,2023.0
Sarakki Lake,SRK,2023-10-10,12.9201,77.572,,,,,,,,,,,,,,,,10/23,4504.0,SARAKKI LAKE,"D (Propagation of wild life,fisheries)",5.7,7.5,711.0,4.0,2.73,790.0,16000.0,3.0,160.0,5.0,160.0,116.0,48.0,10.244612068965518,0.73,192.0,100.0,92.0,29.0,67.0,496.0,74.22707423580786,0.21,0.5,14.0,0.2,41.0,2.1,0.47,2023.0
Sarakki Lake,SRK,2023-12-24,12.9201,77.572,,,,,,,,,,,,,,,,12/23,4504.0,SARAKKI LAKE,"D (Propagation of wild life,fisheries)",5.9,7.9,788.0,4.0,3.02,700.0,16000.0,3.0,180.0,5.0,180.0,128.0,400.0,1.5,0.61,212.0,112.0,100.0,32.0,63.0,542.0,10.0,0.31,0.5,16.0,0.41,37.0,1.9,0.89,2023.0
Sarakki Lake,SRK,2024-03-03,12.9201,77.572,,,,,,,,,,,,,,,,03/24,4504.0,Sarakki Lake,"D (Propagation of wild life,fisheries)",5.1,7.8,955.0,4.0,3.67,260.0,3500.0,3.0,220.0,5.0,220.0,160.0,44.0,1.5,0.61,252.0,132.0,120.0,39.0,89.0,650.0,10.0,0.25,0.5,19.0,0.38,41.0,2.4,0.7,2024.0
Sarakki Lake,SRK,2024-04-02,12.9201,77.572,,,,,,,,,,,,,,,,04/24,4504.0,Sarakki Lake,"D (Propagation of wild life,fisheries)",4.2,8.2,1000.0,6.8,4.0,2100.0,7000.0,3.0,212.0,5.0,212.0,140.0,68.0,1.5,0.4,176.0,92.0,84.0,5.0,109.0,680.0,48.0,0.23,0.5,35.0,0.21,52.0,4.0,0.57,2024.0
Sarakki Lake,SRK,2024-05-02,12.9201,77.572,,,,,,,,,,,,,,,,05/24,4504.0,Sarakki Lake,"D (Propagation of wild life,fisheries)",5.2,8.6,1066.0,7.0,3.7,140.0,1300.0,56.0,152.0,28.0,208.0,136.0,68.0,1.5,0.4,196.0,104.0,92.0,32.0,139.0,702.0,20.0,0.31,0.5,37.0,0.24,55.0,4.0,0.87,2024.0
Sarakki Lake,SRK,2024-06-01,12.9201,77.572,,,,,,,,,,,,,,,,06/24,4504.0,Sarakki Lake,"D (Propagation of wild life,fisheries)",5.2,8.1,953.0,9.0,3.84,1400.0,7000.0,3.0,168.0,5.0,168.0,120.0,84.0,1.5,0.76,196.0,104.0,92.0,32.4,80.0,638.0,20.0,0.71,0.5,8.0,0.28,45.0,2.0,1.74,2024.0
Sarakki Lake,SRK,2024-09-19,12.9201,77.572,,,,,,,,,,,,,,,,09/24,4504.0,Sarakki Lake,"D (Propagation of wild life,fisheries)",6.0,7.7,738.0,8.0,2.5,17.0,920.0,3.0,188.0,5.0,188.0,128.0,80.0,1.5,0.4,192.0,104.0,88.0,22.0,96.0,510.0,26.0,0.48,0.5,18.0,0.36,49.0,3.0,1.2,2024.0
Sarakki Lake,SRK,2024-12-08,12.9201,77.572,,,,,,,,,,,,,,,,12/24,4504.0,Sarakki Lake,"D (Propagation of wild life,fisheries)",6.6,7.4,700.0,4.0,2.7,200.0,1200.0,3.0,160.0,5.0,160.0,116.0,48.0,1.5,0.4,188.0,100.0,88.0,28.0,28.0,482.0,18.0,0.2,0.5,14.0,0.29,42.0,2.13,0.48,2024.0
Sarakki Lake,SRK,2025-01-07,12.9201,77.572,,,,,,,,,,,,,,,,01/25,4504.0,Sarakki Lake,"D (Propagation of wild life,fisheries)",6.5,6.5,813.0,4.0,3.28,140.0,3500.0,3.0,160.0,5.0,160.0,88.0,40.0,1.5,0.51,164.0,88.0,76.0,36.0,82.0,558.0,10.0,0.2,0.5,22.0,0.2,48.0,2.78,0.13,2025.0
Sarakki Lake,SRK,2025-02-01,12.9201,77.572,,,,,,,,,,,,,,,,02/25,4504.0,Sarakki Lake,"D (Propagation of wild life,fisheries)",5.4,7.9,817.0,4.0,3.14,260.0,2800.0,3.0,164.0,5.0,164.0,100.0,39.0,1.5,0.8,168.0,98.0,70.0,5.0,87.0,554.0,32.0,0.2,0.5,26.0,0.2,48.0,2.91,0.05,2025.0
Sarakki Lake,SRK,2025-03-08,12.9201,77.572,,,,,,,,,,,,,,,,03/25,4504.0,Sarakki Lake,"D (Propagation of wild life,fisheries)",5.1,7.7,884.0,6.0,3.3,170.0,1200.0,3.0,180.0,5.0,180.0,112.0,68.0,1.5,0.6,188.0,100.0,88.0,6.435897435897436,71.0,598.0,14.0,0.2,0.5,31.0,0.33,40.0,2.24,0.05,2025.0
Sarakki Lake,SRK,2025-04-04,12.9201,77.572,0.1514845850637009,0.1716498172415015,0.1839818781530342,0.2068160273104808,0.2251243084395018,0.2379842155275568,0.230309491799817,0.2757464700499753,0.2574517808122756,-0.1550769391819925,-0.245661059078941,0.0733872898590947,0.0314580500745704,1.069807960251352,1.196276135756917,04/25,4504.0,Sarakki Lake,"D (Propagation of wild life,fisheries)",4.2,8.0,1051.0,5.0,4.0,25.0,1600.0,3.0,184.0,5.0,184.0,136.0,56.0,1.5,0.42,204.0,108.0,96.0,50.0,102.0,716.0,10.0,0.2,0.5,21.0,0.31,49.0,3.1,0.41,2025.0
Sarakki Lake,SRK,2025-05-07,12.9201,77.572,0.1483992081368339,0.1701491018811634,0.1844172171099599,0.2058148870275216,0.2238097100021117,0.2448062539593156,0.2348306011121277,0.2758350320264658,0.2629310445555007,-0.1645876367390773,-0.2457014551792287,0.0649588429951322,0.0377833553715131,1.0810762255409037,1.1650796096775018,05/25,4504.0,Sarakki Lake,D,5.0,8.2,801.0,6.0,4.2,260.0,2200.0,3.0,164.0,5.0,164.0,120.0,52.0,1.5,0.4,196.0,96.0,100.0,48.0,98.0,534.0,18.0,0.2,0.5,20.0,0.28,49.0,4.48,0.41,2025.0
Sarakki Lake,SRK,2025-06-06,12.9201,77.572,0.1621415780953051,0.176605599503323,0.1879925356114965,0.2072200957274584,0.2211509678327584,0.2433496586189905,0.2317113500387133,0.2633547934116984,0.2468394910959387,-0.142228372060265,-0.2084185715306591,0.0592245018996062,0.0305436095057986,1.0666937069509912,1.1509460194393868,06/25,4504.0,Sarakki Lake,D,6.6,7.9,626.0,5.0,2.4,25.0,920.0,3.0,148.0,5.0,148.0,112.0,52.0,1.8,1.4,132.0,68.0,27.0,22.0,78.0,426.0,16.0,0.2,0.5,2.0,0.28,55.0,3.0,0.18,2025.0
Sarakki Lake,SRK,2025-11-10,12.9201,77.572,,,,,,,,,,,,,,,,11/25,4504.0,Sarakki Lake,D,6.5,7.6,680.0,4.0,2.2,2046.8115942028987,4300.0,16.112676056338028,180.0,20.0,180.0,116.0,56.0,29.4,0.91,136.0,72.0,64.0,34.0,69.0,468.0,21.0,1.97,0.5,18.0,0.29,48.0,2.7,0.17,2025.0
Shivapura Tank,SHP,2023-08-16,13.061,77.51,,,,,,,,,,,,,,,,08/23,3600.0,SHIVAPURA TANK,"E (Irrigation, industrial cooling and controlled waste)",0.3,7.0,2620.0,70.0,8.8,46000.0,540000.0,10.428571428571429,612.0,5.0,612.0,444.0,317.0,2.871428571428572,12.9,660.0,336.0,324.0,48.0,177.0,1836.0,26.285714285714285,0.63,0.5,52.0,0.26,41.0,1.605714285714286,0.2642857142857143,2023.0
Shivapura Tank,SHP,2023-10-10,13.061,77.51,,,,,,,,,,,,,,,,10/23,3600.0,SHIVAPURA TANK,"E (Irrigation, industrial cooling and controlled waste)",1.8,7.3,2320.0,27.0,8.89,8400.0,92000.0,3.0,540.0,5.0,540.0,392.0,170.0,9.464439655172413,3.9,620.0,316.0,304.0,94.0,166.0,1630.0,88.55021834061135,0.8,0.5,46.0,0.49,35.0,540.0,1.78,2023.0
Shivapura Tank,SHP,2023-12-24,13.061,77.51,,,,,,,,,,,,,,,,12/23,3600.0,SHIVAPURA TANK,"D (Propagation of wild life,fisheries)",4.1,8.2,589.0,10.0,2.0,4300.0,54000.0,3.0,144.0,5.0,144.0,88.0,120.0,1.5,0.92,120.0,64.0,56.0,19.0,49.0,400.0,40.0,0.46,0.5,4.0,0.21,45.0,1.9,1.4,2023.0
Shivapura Tank,SHP,2024-05-02,13.061,77.51,,,,,,,,,,,,,,,,05/24,3600.0,Shivapura Tank,"E (Irrigation, industrial cooling and controlled waste)",3.2,6.6,1032.0,18.0,4.2,140.0,2400.0,3.0,64.0,5.0,64.0,92.0,136.0,4.7,3.6,304.0,156.0,148.0,134.0,92.0,690.0,10.0,3.5,0.5,8.0,0.22,39.0,2.0,9.15,2024.0
Shivapura Tank,SHP,2024-06-01,13.061,77.51,,,,,,,,,,,,,,,,06/24,3600.0,Shivapura Tank,"E (Irrigation, industrial cooling and controlled waste)",3.4,6.5,702.0,16.0,2.44,11000.0,46000.0,3.0,44.0,5.0,44.0,64.0,112.0,2.4,1.7,284.0,112.0,172.0,124.0,57.0,474.0,10.0,0.27,0.5,9.0,0.21,51.0,1.0,0.72,2024.0
Shivapura Tank,SHP,2024-09-19,13.061,77.51,,,,,,,,,,,,,,,,09/24,3600.0,Shivapura Tank,"E (Irrigation, industrial cooling and controlled waste)",0.3,6.5,1126.0,20.0,3.6,1700.0,2800.0,3.0,148.0,5.0,148.0,168.0,138.0,3.6,2.6,256.0,132.0,124.0,28.0,124.0,766.0,22.0,0.2,0.5,33.0,0.22,47.0,3.4,0.5,2024.0
Shivapura Tank,SHP,2024-12-08,13.061,77.51,,,,,,,,,,,,,,,,12/24,3600.0,Shivapura Tank,"D (Propagation of wild life,fisheries)",5.8,7.2,700.0,9.0,2.7,170.0,1300.0,3.0,136.0,5.0,136.0,104.0,86.0,1.5,0.9,156.0,84.0,72.0,39.0,78.0,476.0,20.0,0.3,0.5,9.0,0.2,50.0,3.0,0.8,2024.0
Shivapura Tank,SHP,2025-01-07,13.061,77.51,,,,,,,,,,,,,,,,01/25,3600.0,Shivapura Tank,"E (Irrigation, industrial cooling and controlled waste)",2.3,8.5,766.0,22.0,1.6,920.0,9400.0,16.0,68.0,8.0,76.0,104.0,141.0,1.5,0.6,128.0,68.0,60.0,31.0,162.0,520.0,98.0,0.2,0.5,8.0,0.2,31.0,3.1,0.3,2025.0
Shivapura Tank,SHP,2025-02-01,13.061,77.51,,,,,,,,,,,,,,,,02/25,3600.0,Shivapura Tank,"D (Propagation of wild life,fisheries)",4.2,7.4,610.0,6.0,1.7,930.0,13000.0,3.0,168.0,5.0,168.0,96.0,61.0,1.5,0.4,188.0,104.0,84.0,20.0,72.0,456.0,14.0,0.2,0.5,10.0,0.22,44.0,2.3,0.28,2025.0
Shivapura Tank,SHP,2025-03-08,13.061,77.51,,,,,,,,,,,,,,,,03/25,3600.0,Shivapura Tank,"E (Irrigation, industrial cooling and controlled waste)",1.7,7.2,757.0,39.0,2.6,1200.0,8400.0,3.0,120.0,5.0,120.0,140.0,256.0,21.2,14.8,196.0,104.0,92.0,7.615384615384615,99.0,512.0,42.0,0.2,0.5,10.0,0.32,51.0,3.0,0.41,2025.0
Shivapura Tank,SHP,2025-04-04,13.061,77.51,,,,,,,,,,,,,,,,04/25,3600.0,Shivapura Tank,"E (Irrigation, industrial cooling and controlled waste)",2.8,6.7,1184.0,19.0,4.55,1400.0,9400.0,3.0,140.0,5.0,140.0,152.0,156.0,2.1,1.4,160.0,94.0,66.0,51.0,132.0,790.0,10.0,0.2,0.5,23.0,0.3,60.0,4.55,0.05,2025.0
Shivapura Tank,SHP,2025-05-07,13.061,77.51,0.1431574894366197,0.1752722042287424,0.2046222853099167,0.2342173028169015,0.2658313345070426,0.2912643063380283,0.2865467676056339,0.3230411373239439,0.2876350774647887,-0.2449392698305367,-0.2990066860212493,0.0722991707637479,0.0778500498180687,1.1726325335098589,1.1643461479407764,05/25,3600.0,Shivapura Tank,E,2.8,6.9,532.0,20.0,2.0,2300.0,7900.0,3.0,88.0,5.0,88.0,56.0,148.0,1.5,0.98,152.0,76.0,76.0,95.0,58.0,362.0,164.0,0.51,0.5,6.0,0.33,44.0,2.0,1.2,2025.0
Shivapura Tank,SHP,2025-06-06,13.061,77.51,0.1418927394366198,0.17074129240771,0.194131799889335,0.2213679330985916,0.2541355915492961,0.2768288274647887,0.2775371830985917,0.2933585140845071,0.2563870528169013,-0.2422953406514056,-0.268071738136172,0.0723505183996183,0.0642028763621735,1.1425408748259387,1.1691018376356972,06/25,3600.0,Shivapura Tank,D,4.3,7.1,661.0,4.0,2.6,2100.0,5800.0,3.0,148.0,5.0,148.0,108.0,44.0,1.5,0.9,176.0,92.0,84.0,27.0,65.0,452.0,46.0,0.2,0.5,15.0,0.2,42.0,2.13,0.23,2025.0
Shivapura Tank,SHP,2025-11-10,13.061,77.51,,,,,,,,,,,,,,,,11/25,3600.0,Shivapura Tank,E,2.9,6.7,536.0,17.0,2.0,560.144927536232,3500.0,36.84507042253521,88.0,20.0,88.0,92.0,128.0,15.0,12.0,164.0,84.0,80.0,43.0,57.0,370.0,106.0,1.191818181818182,0.5,6.0,0.36,42.0,1.9,0.36,2025.0
Singapura Lake,SGP,2023-08-16,13.0906,77.582,,,,,,,,,,,,,,,,08/23,4508.0,SINGAPURA LAKE,"D (Propagation of wild life,fisheries)",5.4,7.2,758.0,4.0,2.91,4100.0,35000.0,9.80952380952381,172.0,5.0,172.0,124.0,45.0,3.023809523809524,0.4,204.0,108.0,96.0,31.0,70.0,530.0,25.42857142857143,0.2,0.5,15.0,0.2,41.0,1.6385714285714286,0.2880952380952381,2023.0
Singapura Lake,SGP,2023-10-10,13.0906,77.582,,,,,,,,,,,,,,,,10/23,4508.0,SINGAPURA LAKE,"D (Propagation of wild life,fisheries)",5.8,7.6,408.0,5.0,1.0,3400.0,35000.0,3.0,80.0,5.0,80.0,56.0,60.0,11.375862068965516,0.4,140.0,76.0,64.0,19.0,37.0,278.0,53.45851528384279,0.31,0.5,11.0,0.2,34.0,2.0,0.96,2023.0
Singapura Lake,SGP,2023-12-24,13.0906,77.582,,,,,,,,,,,,,,,,12/23,4508.0,SINGAPURA LAKE,"D (Propagation of wild life,fisheries)",5.2,7.9,561.0,7.0,1.9,46000.0,350000.0,3.0,132.0,5.0,132.0,60.0,65.0,1.5,0.8,152.0,80.0,72.0,21.0,63.0,392.0,10.0,0.2,0.5,15.0,0.2,41.0,2.2,0.05,2023.0
Singapura Lake,SGP,2024-03-03,13.0906,77.582,,,,,,,,,,,,,,,,03/24,4508.0,Singapura Lake,"E (Irrigation, industrial cooling and controlled waste)",2.2,7.9,755.0,19.0,3.0,2200.0,9400.0,3.0,200.0,5.0,200.0,104.0,168.0,3.12,2.4,192.0,100.0,92.0,10.0,49.0,513.0,60.0,0.52,0.5,22.0,0.21,33.0,2.0,0.81,2024.0
Singapura Lake,SGP,2024-05-02,13.0906,77.582,,,,,,,,,,,,,,,,05/24,4508.0,Singapura Lake,"E (Irrigation, industrial cooling and controlled waste)",1.0,7.4,1024.0,39.0,3.5,1700.0,13000.0,3.0,268.0,5.0,268.0,148.0,216.0,6.7,4.4,216.0,116.0,100.0,15.0,97.0,688.0,52.0,0.97,0.5,29.0,0.28,46.0,3.0,2.5,2024.0
Singapura Lake,SGP,2024-06-01,13.0906,77.582,,,,,,,,,,,,,,,,06/24,4508.0,Singapura Lake,"D (Propagation of wild life,fisheries)",7.9,6.8,666.0,4.0,2.3,4300.0,14000.0,3.0,188.0,5.0,188.0,100.0,44.0,1.5,0.71,204.0,108.0,96.0,24.0,80.0,452.0,144.0,1.1,0.5,18.0,0.36,43.0,2.0,3.1,2024.0
Singapura Lake,SGP,2024-09-19,13.0906,77.582,,,,,,,,,,,,,,,,09/24,4508.0,Singapura Lake,"D (Propagation of wild life,fisheries)",7.0,6.7,628.0,5.0,2.12,400.0,3500.0,3.0,168.0,5.0,168.0,64.0,48.0,1.5,0.4,160.0,84.0,76.0,17.0,63.0,426.0,28.0,0.71,0.5,14.0,0.28,43.0,2.0,0.95,2024.0
Singapura Lake,SGP,2024-12-08,13.0906,77.582,,,,,,,,,,,,,,,,12/24,4508.0,Singapura Lake,"D (Propagation of wild life,fisheries)",6.0,7.6,420.0,7.0,1.9,310.0,3500.0,3.0,112.0,5.0,112.0,44.0,53.0,1.5,0.4,92.0,48.0,44.0,9.0,36.0,288.0,18.0,0.2,0.5,9.0,0.2,43.0,1.6,0.22,2024.0
Singapura Lake,SGP,2025-01-07,13.0906,77.582,,,,,,,,,,,,,,,,01/25,4508.0,Singapura Lake,"D (Propagation of wild life,fisheries)",4.9,7.8,849.0,7.0,3.3,260.0,2200.0,3.0,172.0,5.0,172.0,108.0,68.0,1.5,0.4,156.0,88.0,68.0,23.0,83.0,578.0,16.0,0.2,0.5,19.0,0.2,50.0,3.0,0.5,2025.0
Singapura Lake,SGP,2025-02-01,13.0906,77.582,,,,,,,,,,,,,,,,02/25,4508.0,Singapura Lake,"E (Irrigation, industrial cooling and controlled waste)",3.1,7.3,1015.0,11.0,3.9,2100.0,11000.0,3.0,168.0,5.0,168.0,152.0,109.0,2.04,1.7,208.0,122.0,86.0,35.0,98.0,682.0,16.0,0.2,0.5,33.0,0.2,46.0,2.95,0.46,2025.0
Singapura Lake,SGP,2025-03-08,13.0906,77.582,,,,,,,,,,,,,,,,03/25,4508.0,Singapura Lake,"D (Propagation of wild life,fisheries)",4.5,7.1,521.0,6.0,1.96,430.0,2800.0,3.0,204.0,5.0,204.0,84.0,54.0,1.5,0.5,156.0,84.0,72.0,6.333333333333334,51.0,354.0,10.0,0.2,0.5,8.0,0.25,40.0,2.0,0.18,2025.0
Singapura Lake,SGP,2025-04-04,13.0906,77.582,0.1477668873006372,0.1827726085190809,0.2106599369187743,0.2468320881597014,0.281337302397634,0.2978366475372321,0.28579859169806,0.3390184874837164,0.2864105869098334,-0.2201628369102961,-0.3007601456521757,0.0824349174011582,0.0704478533349031,1.1540370258326964,1.1891448764662775,04/25,4508.0,Singapura Lake,"D (Propagation of wild life,fisheries)",4.3,7.9,889.0,9.0,3.6,1700.0,17000.0,3.0,176.0,5.0,176.0,116.0,88.0,1.5,0.72,188.0,100.0,88.0,14.0,76.0,598.0,10.0,0.2,0.5,7.0,0.27,46.0,2.4,0.41,2025.0
Singapura Lake,SGP,2025-05-07,13.0906,77.582,0.1435990810829841,0.1775203042213137,0.2032844874784504,0.2338505333943597,0.2708080766116253,0.2933644685420554,0.283722230046122,0.3118140900609089,0.2702985388867374,-0.2295294870137975,-0.2768772423808216,0.0745593757626578,0.0664761302521319,1.1454284278518998,1.1721423391732504,05/25,4508.0,Singapura Lake,E,3.3,8.4,606.0,7.0,2.33,1200.0,7900.0,3.0,192.0,5.0,192.0,88.0,71.0,1.5,0.4,136.0,90.0,46.0,7.0,71.0,414.0,20.0,0.2,0.5,14.0,0.43,50.0,2.66,0.35,2025.0
Singapura Lake,SGP,2025-06-06,13.0906,77.582,0.1944011336830615,0.2250298414840641,0.2399061829427747,0.2741704960743581,0.3238716086328906,0.3537471569904586,0.3382011125585326,0.3288280956237016,0.2769984156603174,-0.2008513651230294,-0.1885721669035619,0.0685227328329315,0.031492197320647,1.066593894751332,1.15099556675224,06/25,4508.0,Singapura Lake,D,6.0,7.4,385.0,5.0,1.5,340.0,2400.0,3.0,116.0,5.0,116.0,56.0,65.0,1.5,0.4,140.0,72.0,68.0,8.0,39.0,266.0,10.0,0.2,0.5,5.0,0.29,36.0,1.4,0.13,2025.0
Singapura Lake,SGP,2025-11-10,13.0906,77.582,,,,,,,,,,,,,,,,11/25,4508.0,Singapura Lake,D,6.2,7.0,612.0,4.0,2.35,2176.086956521739,4600.0,14.309859154929576,120.0,20.0,120.0,84.0,44.0,12.06,0.4,200.0,148.0,52.0,9.92,52.0,418.0,34.0,0.3425,0.5,7.0,0.45,35.0,1.6,0.46,2025.0
Singasandra Lake,SGS,2023-08-16,12.8985,77.6171,,,,,,,,,,,,,,,,08/23,3618.0,SINGASANDRA LAKE,"D (Propagation of wild life,fisheries)",4.7,8.0,898.0,7.0,3.0,2200.0,24000.0,5.723809523809524,192.0,5.0,192.0,128.0,88.0,4.02952380952381,0.48,240.0,128.0,112.0,28.0,94.0,604.0,19.77142857142857,2.0,0.5,28.0,0.28,41.0,1.8554285714285712,0.4452380952380952,2023.0
Singasandra Lake,SGS,2023-10-10,12.8985,77.6171,,,,,,,,,,,,,,,,10/23,3618.0,SINGASANDRA LAKE,"D (Propagation of wild life,fisheries)",4.1,7.5,859.0,13.0,2.5,2700.0,24000.0,3.0,244.0,5.0,244.0,132.0,125.0,10.673706896551725,0.91,232.0,124.0,108.0,13.0,84.0,586.0,66.34934497816593,0.36,0.5,11.0,0.44,28.5,1.25,2.025,2023.0
Singasandra Lake,SGS,2023-12-24,12.8985,77.6171,,,,,,,,,,,,,,,,12/23,3618.0,SINGASANDRA LAKE,"E (Irrigation, industrial cooling and controlled waste)",2.6,6.9,625.0,8.0,2.2,480.0,5400.0,3.0,144.0,5.0,144.0,96.0,76.0,2.6,2.4,124.0,68.0,56.0,20.0,69.0,450.0,14.0,0.3,0.5,22.0,0.26,46.0,22.0,0.7,2023.0
Singasandra Lake,SGS,2024-03-03,12.8985,77.6171,,,,,,,,,,,,,,,,03/24,3618.0,Singasandra Lake,"D (Propagation of wild life,fisheries)",4.5,8.5,634.0,6.0,1.6,2200.0,4900.0,64.0,112.0,32.0,176.0,132.0,55.0,1.5,0.4,212.0,112.0,100.0,31.0,65.0,538.0,25.0,0.2,0.5,7.0,0.31,39.0,3.0,0.05,2024.0
Singasandra Lake,SGS,2024-04-02,12.8985,77.6171,,,,,,,,,,,,,,,,04/24,3618.0,Singasandra Lake,"D (Propagation of wild life,fisheries)",5.2,7.1,1280.0,6.0,2.9,2100.0,17000.0,3.0,176.0,5.0,176.0,196.0,69.0,1.5,0.4,212.0,116.0,96.0,18.8,107.0,870.0,10.0,1.1,0.5,20.0,0.2,50.0,3.2,3.3,2024.0
Singasandra Lake,SGS,2024-05-02,12.8985,77.6171,,,,,,,,,,,,,,,,05/24,3618.0,Singasandra Lake,"E (Irrigation, industrial cooling and controlled waste)",3.4,8.1,1390.0,30.0,4.8,140.0,2400.0,3.0,328.0,5.0,328.0,188.0,160.0,2.3,1.6,296.0,156.0,140.0,19.0,132.0,928.0,84.0,0.48,0.5,33.0,0.22,46.0,3.0,1.0,2024.0
Singasandra Lake,SGS,2024-06-01,12.8985,77.6171,,,,,,,,,,,,,,,,06/24,3618.0,Singasandra Lake,"D (Propagation of wild life,fisheries)",5.4,8.0,533.0,6.0,1.85,240.0,3500.0,3.0,68.0,5.0,68.0,52.0,56.0,1.5,0.4,132.0,72.0,60.0,68.0,47.0,362.0,28.0,0.37,0.5,13.0,0.2,44.0,2.0,0.92,2024.0
Singasandra Lake,SGS,2024-09-19,12.8985,77.6171,,,,,,,,,,,,,,,,09/24,3618.0,Singasandra Lake,"E (Irrigation, industrial cooling and controlled waste)",2.8,7.4,700.0,9.0,2.6,260.0,3500.0,3.0,120.0,5.0,120.0,128.0,88.0,1.5,3.6,140.0,72.0,68.0,17.0,85.0,488.0,10.0,0.2,0.5,20.0,0.41,53.0,3.1,0.3,2024.0
Singasandra Lake,SGS,2024-12-08,12.8985,77.6171,,,,,,,,,,,,,,,,12/24,3618.0,Singasandra Lake,"D (Propagation of wild life,fisheries)",5.8,8.3,605.0,8.0,2.3,2100.0,7000.0,24.0,168.0,12.0,180.0,128.0,78.0,1.5,0.4,160.0,84.0,76.0,28.0,99.0,412.0,68.0,1.1,0.5,19.0,0.33,53.0,3.4,2.7,2024.0
Singasandra Lake,SGS,2025-01-07,12.8985,77.6171,,,,,,,,,,,,,,,,01/25,3618.0,Singasandra Lake,"D (Propagation of wild life,fisheries)",4.8,8.2,680.0,6.0,2.61,230.0,4300.0,3.0,168.0,5.0,168.0,92.0,51.0,1.5,0.9,172.0,92.0,80.0,32.0,74.0,460.0,74.0,7.73,0.5,10.0,0.2,47.0,2.45,18.23,2025.0
Singasandra Lake,SGS,2025-02-01,12.8985,77.6171,,,,,,,,,,,,,,,,02/25,3618.0,Singasandra Lake,"D (Propagation of wild life,fisheries)",5.4,8.0,955.0,8.0,3.67,140.0,4300.0,3.0,172.0,5.0,172.0,140.0,84.0,1.5,0.4,112.0,66.0,46.0,8.0,128.0,648.0,52.0,0.2,0.5,47.0,0.21,62.0,5.24,0.05,2025.0
Singasandra Lake,SGS,2025-03-08,12.8985,77.6171,,,,,,,,,,,,,,,,03/25,3618.0,Singasandra Lake,"D (Propagation of wild life,fisheries)",5.3,8.5,1467.0,10.0,5.6,920.0,4800.0,88.0,384.0,44.0,428.0,236.0,108.0,2.22,1.7,396.0,200.0,196.0,7.205128205128205,144.0,1012.0,22.0,0.23,0.5,39.0,0.26,41.0,3.1,0.55,2025.0
Singasandra Lake,SGS,2025-04-04,12.8985,77.6171,0.1112784296473569,0.1399602660815028,0.1519173781489181,0.1882368761877947,0.2358917223903708,0.2565342753572182,0.2490350601816006,0.2541248433870624,0.2083690539874709,-0.303488159191442,-0.3166790376969289,0.1377177248645705,0.0366131247846809,1.0844035461226271,1.3870628754143812,04/25,3618.0,Singasandra Lake,"E (Irrigation, industrial cooling and controlled waste)",1.2,7.4,982.0,42.0,3.77,130.0,3500.0,3.0,168.0,5.0,168.0,160.0,286.0,5.12,3.2,140.0,84.0,34.0,28.0,99.0,674.0,10.0,1.15,0.5,26.0,0.23,55.0,3.62,2.71,2025.0
Singasandra Lake,SGS,2025-05-07,12.8985,77.6171,0.1222910079538255,0.1499228269984575,0.1604293023211251,0.1941834975716197,0.2450832336172307,0.2725988561976488,0.2662900717955936,0.2622829344689238,0.2243347082424157,-0.2948075250131786,-0.2904011147231022,0.114891049274521,0.0307660564308735,1.069667634502225,1.298330178682456,05/25,3618.0,Singasandra Lake,D,6.0,8.2,774.0,5.0,3.1,120.0,1700.0,3.0,108.0,5.0,108.0,128.0,48.0,1.5,0.4,84.0,48.0,36.0,29.0,63.0,528.0,18.0,0.2,0.5,5.0,0.31,60.0,3.0,0.36,2025.0
Singasandra Lake,SGS,2025-06-06,12.8985,77.6171,,,,,,,,,,,,,,,,06/25,3618.0,Singasandra Lake,D,6.2,7.8,1369.0,4.0,5.3,310.0,3500.0,3.0,188.0,5.0,188.0,308.0,48.0,1.5,0.4,228.0,120.0,108.0,94.0,178.0,918.0,32.0,0.2,0.5,43.0,0.56,58.0,5.0,0.16,2025.0
Singasandra Lake,SGS,2025-11-10,12.8985,77.6171,,,,,,,,,,,,,,,,11/25,3618.0,Singasandra Lake,D,4.6,8.0,852.0,8.0,3.43,1141.8840579710145,4300.0,28.732394366197184,176.0,20.0,176.0,144.0,84.0,8.872727272727273,0.72,180.0,96.0,84.0,26.0,73.0,586.0,22.0,0.79,0.5,6.0,0.41,46.0,2.36,2.19,2025.0
Somasundrapalya Lake,SMP,2023-08-16,12.922,77.636,,,,,,,,,,,,,,,,08/23,3622.0,SOMASUNDRAPALYA LAKE,"D (Propagation of wild life,fisheries)",4.5,7.4,796.0,8.0,2.0,4800.0,54000.0,8.323809523809524,184.0,5.0,184.0,116.0,90.0,3.3895238095238094,0.4,196.0,112.0,84.0,10.0,82.0,546.0,23.371428571428577,0.24,0.5,12.0,0.21,41.0,1.7174285714285715,0.3452380952380952,2023.0
Somasundrapalya Lake,SMP,2023-10-10,12.922,77.636,,,,,,,,,,,,,,,,10/23,3622.0,SOMASUNDRAPALYA LAKE,"D (Propagation of wild life,fisheries)",5.2,7.7,794.0,6.0,3.0,4800.0,35000.0,3.0,144.0,5.0,105.33333333333331,97.33333333333331,56.0,10.439655172413794,0.72,96.0,52.0,44.0,5.0,69.0,540.0,70.64628820960698,0.2,0.5,6.0,0.36,58.0,3.0,0.05,2023.0
Somasundrapalya Lake,SMP,2023-12-24,12.922,77.636,,,,,,,,,,,,,,,,12/23,3622.0,SOMASUNDRAPALYA LAKE,"D (Propagation of wild life,fisheries)",4.8,7.8,748.0,6.0,3.2,430.0,5400.0,3.0,172.0,5.0,172.0,160.0,55.0,1.5,0.76,116.0,64.0,51.0,9.0,91.0,518.0,12.0,0.2,0.5,30.0,0.31,50.0,3.7,0.4,2023.0
Somasundrapalya Lake,SMP,2024-03-03,12.922,77.636,,,,,,,,,,,,,,,,03/24,3622.0,Somasundrapalya Lake,"D (Propagation of wild life,fisheries)",4.4,8.0,694.0,7.0,2.0,2100.0,7000.0,3.0,100.0,5.0,100.0,108.0,60.0,1.5,0.4,112.0,60.0,52.0,25.0,80.0,470.0,50.0,0.2,0.5,22.0,0.35,54.0,3.0,0.1,2024.0
Somasundrapalya Lake,SMP,2024-04-02,12.922,77.636,,,,,,,,,,,,,,,,04/24,3622.0,Somasundrapalya Lake,"E (Irrigation, industrial cooling and controlled waste)",1.2,7.9,1318.0,29.0,5.06,390.0,3500.0,3.0,360.0,5.0,360.0,188.0,199.0,5.6,4.8,288.0,148.0,140.0,12.0,111.0,886.0,22.0,0.31,0.5,32.0,0.32,42.0,2.8,0.91,2024.0
Somasundrapalya Lake,SMP,2024-05-02,12.922,77.636,,,,,,,,,,,,,,,,05/24,3622.0,Somasundrapalya Lake,"E (Irrigation, industrial cooling and controlled waste)",1.6,7.4,1821.0,16.0,6.3,2400.0,14000.0,3.0,148.0,5.0,148.0,340.0,140.0,3.0,2.1,168.0,92.0,76.0,84.0,202.0,1200.0,28.0,0.31,0.5,41.0,0.48,67.0,9.0,0.92,2024.0
Somasundrapalya Lake,SMP,2024-06-01,12.922,77.636,,,,,,,,,,,,,,,,06/24,3622.0,Somasundrapalya Lake,"D (Propagation of wild life,fisheries)",4.4,8.0,890.0,12.0,3.1,110.0,2400.0,3.0,248.0,5.0,248.0,136.0,124.0,1.5,0.99,240.0,128.0,112.0,14.0,87.0,602.0,40.0,0.2,0.5,11.0,0.33,43.0,2.4,0.05,2024.0
Somasundrapalya Lake,SMP,2024-09-19,12.922,77.636,,,,,,,,,,,,,,,,09/24,3622.0,Somasundrapalya Lake,"D (Propagation of wild life,fisheries)",5.4,7.7,890.0,5.0,3.4,260.0,5400.0,3.0,208.0,5.0,208.0,148.0,48.0,1.5,0.66,240.0,124.0,116.0,36.0,87.0,614.0,20.0,0.25,0.5,18.0,0.38,42.0,2.4,0.71,2024.0
Somasundrapalya Lake,SMP,2024-12-08,12.922,77.636,,,,,,,,,,,,,,,,12/24,3622.0,Somasundrapalya Lake,"D (Propagation of wild life,fisheries)",6.6,8.1,608.0,9.0,2.3,250.0,2100.0,3.0,148.0,5.0,148.0,136.0,81.0,1.5,0.4,148.0,80.0,68.0,18.0,99.0,414.0,20.0,1.2,0.5,17.0,0.35,55.0,3.5,2.9,2024.0
Somasundrapalya Lake,SMP,2025-01-07,12.922,77.636,,,,,,,,,,,,,,,,01/25,3622.0,Somasundrapalya Lake,"D (Propagation of wild life,fisheries)",7.1,8.0,978.0,4.0,4.0,310.0,2800.0,3.0,284.0,5.0,284.0,140.0,51.0,1.5,0.4,240.0,124.0,116.0,21.0,103.0,674.0,10.0,0.8,0.5,33.0,0.27,42.0,3.0,2.0,2025.0
Somasundrapalya Lake,SMP,2025-02-01,12.922,77.636,,,,,,,,,,,,,,,,02/25,3622.0,Somasundrapalya Lake,"D (Propagation of wild life,fisheries)",6.0,8.0,1174.0,8.0,4.51,170.0,3500.0,3.0,192.0,5.0,192.0,188.0,81.0,1.5,0.4,112.0,62.0,50.0,5.0,135.0,808.0,46.0,0.22,0.5,65.0,0.25,60.0,5.54,0.57,2025.0
Somasundrapalya Lake,SMP,2025-03-08,12.922,77.636,,,,,,,,,,,,,,,,03/25,3622.0,Somasundrapalya Lake,"D (Propagation of wild life,fisheries)",5.9,7.4,689.0,5.0,2.3,220.0,1300.0,3.0,176.0,5.0,176.0,112.0,64.0,1.5,0.58,176.0,96.0,80.0,7.102564102564102,105.0,468.0,20.0,0.2,0.5,23.0,0.32,53.0,3.0,0.05,2025.0
Somasundrapalya Lake,SMP,2025-04-04,12.922,77.636,0.1682200647590891,0.1914315141207243,0.2067780765575566,0.2285663463907365,0.2432249040931966,0.2560973498046667,0.2452370675395064,0.2723738570372716,0.2430367437440607,-0.132746646042544,-0.1892880611383111,0.0643757184316176,0.0397251805225395,1.0867421016658965,1.17235328444071,04/25,3622.0,Somasundrapalya Lake,"E (Irrigation, industrial cooling and controlled waste)",3.1,8.0,994.0,10.0,3.82,170.0,2800.0,3.0,140.0,5.0,140.0,160.0,96.0,1.5,0.4,128.0,70.0,58.0,34.0,129.0,664.0,10.0,0.2,0.5,23.0,0.34,64.0,4.95,0.28,2025.0
Somasundrapalya Lake,SMP,2025-05-07,12.922,77.636,0.1666371449688521,0.1898441486011058,0.2062888550675183,0.223892327455742,0.2421688382078625,0.2613046985534788,0.2520362404533136,0.275237975574561,0.2537448914229404,-0.1472399246014028,-0.1939859017506314,0.0482883848505682,0.0424534494628626,1.0922324460210573,1.1161038918803183,05/25,3622.0,Somasundrapalya Lake,D,4.9,8.1,592.0,8.0,2.4,210.0,1700.0,3.0,104.0,5.0,104.0,76.0,72.0,1.5,0.4,80.0,44.0,36.0,38.0,46.0,404.0,10.0,0.2,0.5,4.0,0.4,53.0,2.24,0.2,2025.0
Somasundrapalya Lake,SMP,2025-06-06,12.922,77.636,,,,,,,,,,,,,,,,06/25,3622.0,Somasundrapalya Lake,D,6.0,7.9,799.0,4.0,12.5,260.0,1700.0,3.0,108.0,5.0,108.0,132.0,44.0,1.5,0.4,148.0,80.0,68.0,35.0,58.0,542.0,10.0,0.2,0.5,3.0,0.34,46.0,2.08,0.13,2025.0
Somasundrapalya Lake,SMP,2025-11-10,12.922,77.636,,,,,,,,,,,,,,,,11/25,3622.0,Somasundrapalya Lake,D,6.5,8.0,675.0,5.0,2.6,1271.1594202898552,3500.0,26.92957746478873,156.0,20.0,156.0,108.0,56.0,5.15,0.4,180.0,92.0,88.0,27.0,66.0,460.0,12.0,1.425,0.5,13.0,0.55,42.0,2.14,0.19,2025.0
Sompura Lake,SOM,2023-08-16,12.97,77.6,,,,,,,,,,,,,,,,08/23,4534.0,SOMPURA LAKE,"D (Propagation of
wild life,fisheries)",4.5,7.6,855.0,8.0,3.0,4100.0,54000.0,15.62857142857143,228.0,5.0,228.0,128.0,80.0,1.5914285714285716,0.48,212.0,112.0,100.0,42.0,118.0,558.0,33.48571428571429,0.35,0.5,17.0,0.37,41.0,1.3297142857142856,0.0642857142857142,2023.0
Sompura Lake,SOM,2023-10-10,12.97,77.6,,,,,,,,,,,,,,,,10/23,4534.0,SOMPURA LAKE,"E (Irrigation, industrial cooling and controlled waste)",3.5,7.0,462.0,17.0,2.0,4800.0,35000.0,3.0,136.0,5.0,136.0,28.0,120.0,11.141810344827586,4.7,100.0,56.0,44.0,16.0,44.0,318.0,57.75545851528384,0.48,0.5,13.0,0.2,45.0,2.0,0.58,2023.0
Sompura Lake,SOM,2023-12-24,12.97,77.6,,,,,,,,,,,,,,,,12/23,4534.0,SOMPURA LAKE,"D (Propagation of wild life,fisheries)",6.1,8.2,1090.0,4.0,3.7,9400.0,92000.0,3.0,392.0,5.0,392.0,112.0,36.0,1.5,0.4,200.0,108.0,92.0,42.0,195.0,738.0,10.0,0.2,0.5,14.0,0.27,66.0,6.0,0.32,2023.0
Sompura Lake,SOM,2024-03-03,12.97,77.6,,,,,,,,,,,,,,,,03/24,4534.0,Sompura Lake,"D (Propagation of wild life,fisheries)",4.8,8.7,1284.0,9.0,5.5,170.0,2400.0,96.0,632.0,48.0,528.0,164.0,80.0,1.5,0.78,188.0,96.0,92.0,47.0,164.0,894.0,12.0,0.2,0.5,32.0,0.21,61.0,5.2,0.05,2024.0
Sompura Lake,SOM,2024-04-02,12.97,77.6,,,,,,,,,,,,,,,,04/24,4534.0,Sompura Lake,"E (Irrigation, industrial cooling and controlled waste)",0.3,6.5,696.0,30.0,2.8,680.0,4600.0,3.0,152.0,5.0,152.0,92.0,168.0,28.6,22.0,156.0,84.0,72.0,13.0,75.0,466.0,126.0,0.86,0.5,15.0,0.36,48.0,3.0,0.71,2024.0
Sompura Lake,SOM,2024-05-02,12.97,77.6,,,,,,,,,,,,,,,,05/24,4534.0,Sompura Lake,"E (Irrigation, industrial cooling and controlled waste)",0.3,9.7,2046.0,29.0,10.0,2100.0,9400.0,400.0,504.0,200.0,704.0,316.0,192.0,8.8,6.7,176.0,92.0,84.0,100.0,291.0,1394.0,46.0,1.1,0.5,30.0,1.14,75.0,9.6,3.3,2024.0
Sompura Lake,SOM,2024-06-01,12.97,77.6,,,,,,,,,,,,,,,,06/24,4534.0,Sompura Lake,"D (Propagation of wild life,fisheries)",6.2,8.0,1784.0,4.0,6.2,43.0,1600.0,3.0,100.0,5.0,100.0,84.0,44.0,1.5,0.4,568.0,292.0,276.0,283.0,191.0,1190.0,10.0,0.2,0.5,14.0,0.35,41.0,3.0,0.33,2024.0
Sompura Lake,SOM,2024-09-19,12.97,77.6,,,,,,,,,,,,,,,,09/24,4534.0,Sompura Lake,"D (Propagation of wild life,fisheries)",5.6,7.5,960.0,6.0,3.3,1700.0,13000.0,3.0,256.0,5.0,256.0,80.0,52.0,1.5,0.4,124.0,68.0,56.0,76.0,156.0,636.0,38.0,0.2,0.5,12.0,0.43,67.0,6.0,0.05,2024.0
Sompura Lake,SOM,2024-12-08,12.97,77.6,,,,,,,,,,,,,,,,12/24,4534.0,Sompura Lake,"D (Propagation of wild life,fisheries)",6.8,7.4,468.0,5.0,1.7,1700.0,13000.0,3.0,204.0,5.0,204.0,52.0,46.0,1.5,0.4,116.0,64.0,52.0,17.0,88.0,318.0,10.0,0.2,0.5,8.0,0.37,60.0,3.5,0.8,2024.0
Sompura Lake,SOM,2025-01-07,12.97,77.6,,,,,,,,,,,,,,,,01/25,4534.0,Sompura Lake,"D (Propagation of wild life,fisheries)",6.5,7.7,709.0,4.0,2.9,140.0,2400.0,3.0,224.0,5.0,224.0,52.0,40.0,1.5,0.4,128.0,68.0,60.0,28.0,66.0,482.0,16.0,0.2,0.5,8.0,0.2,51.0,2.53,0.05,2025.0
Sompura Lake,SOM,2025-02-01,12.97,77.6,,,,,,,,,,,,,,,,02/25,4534.0,Sompura Lake,"D (Propagation of wild life,fisheries)",5.7,7.5,906.0,5.0,3.48,210.0,3500.0,3.0,248.0,5.0,248.0,52.0,57.0,1.5,0.8,176.0,110.0,66.0,28.0,93.0,604.0,18.0,0.2,0.5,9.0,0.36,52.0,3.07,0.05,2025.0
Sompura Lake,SOM,2025-03-08,12.97,77.6,,,,,,,,,,,,,,,,03/25,4534.0,Sompura Lake,"D (Propagation of wild life,fisheries)",6.5,7.3,774.0,5.0,3.0,1700.0,7900.0,3.0,284.0,5.0,284.0,84.0,61.0,1.5,0.54,156.0,80.0,76.0,5.717948717948718,92.0,530.0,16.0,0.2,0.5,10.0,0.36,54.0,3.2,0.05,2025.0
Sompura Lake,SOM,2025-04-04,12.97,77.6,0.1281017003449975,0.154226860126303,0.1700579670000102,0.2042959269168487,0.2440093959022743,0.2605423150038724,0.2495131451101882,0.2765439132577627,0.2423831268041965,-0.2603415178497443,-0.3107635270926636,0.1233435292427713,0.0390889224306972,1.0951328007941237,1.3706962111367944,04/25,4534.0,Sompura Lake,"E (Irrigation, industrial cooling and controlled waste)",2.2,7.7,747.0,29.0,2.8,340.0,2200.0,3.0,288.0,5.0,288.0,84.0,192.0,5.6,4.2,104.0,60.0,44.0,33.0,87.0,504.0,10.0,0.2,0.5,13.0,0.57,61.0,4.0,0.35,2025.0
Sompura Lake,SOM,2025-05-07,12.97,77.6,0.139505783989298,0.1647469026233868,0.180797827725079,0.210431049778216,0.2551250299232558,0.2771773604168135,0.2686497078082095,0.2770651552488909,0.2455722241779907,-0.2580052707251161,-0.275793344761792,0.104029195452003,0.0380011181819033,1.08847418243176,1.3026881014974985,05/25,4534.0,Sompura Lake,E,3.0,7.0,620.0,7.0,2.38,1700.0,13000.0,3.0,124.0,5.0,124.0,160.0,71.0,1.5,0.4,124.0,68.0,56.0,11.0,35.0,412.0,18.0,0.21,0.5,14.0,0.2,35.0,1.37,0.53,2025.0
Sompura Lake,SOM,2025-06-06,12.97,77.6,0.1773631767936352,0.1974630357631641,0.2051619807791876,0.2348066852073505,0.2833021087094277,0.3092998239808491,0.2995717489262833,0.2862591072308668,0.2486860628036332,-0.2131645539354756,-0.1934945554023502,0.0768390284004449,0.0175490162602989,1.0392922065722177,1.1850364877917308,06/25,4534.0,Sompura Lake,D,5.2,6.8,740.0,5.0,3.0,140.0,1700.0,3.0,216.0,5.0,216.0,64.0,52.0,1.5,0.4,156.0,84.0,72.0,38.0,60.0,508.0,14.0,0.2,0.5,3.0,0.43,44.0,2.09,0.05,2025.0
Sompura Lake,SOM,2025-11-10,12.97,77.6,,,,,,,,,,,,,,,,11/25,4534.0,Sompura Lake,D,5.4,7.3,444.0,5.0,1.7,2984.057971014493,2400.0,19.0,88.0,20.0,88.0,20.0,52.0,21.666666666666664,0.4,164.0,64.0,100.0,9.1,45.0,304.0,19.0,0.505,0.5,4.0,0.39,36.0,1.53,0.28,2025.0
Tubarahalli Tank,TBH,2023-08-16,12.968,77.73,,,,,,,,,,,,,,,,08/23,3610.0,TUBARAHALLI TANK,"D (Propagation of wild life,fisheries)",4.4,6.9,784.0,9.0,1.4,580.0,16000.0,12.038095238095238,236.0,5.0,236.0,212.0,104.0,2.4752380952380952,0.4,264.0,140.0,124.0,8.0,42.0,540.0,28.514285714285712,0.22,0.5,11.0,0.24,41.0,1.5202857142857142,0.2023809523809523,2023.0
Tubarahalli Tank,TBH,2023-10-10,12.968,77.73,,,,,,,,,,,,,,,,10/23,3610.0,TUBARAHALLI TANK,"D (Propagation of wild life,fisheries)",5.4,7.2,575.0,6.0,2.0,5800.0,92000.0,3.0,84.0,5.0,84.0,88.0,72.0,8.060129310344827,0.4,124.0,58.0,56.0,20.0,63.0,388.0,114.33187772925764,0.21,0.5,16.0,0.25,49.0,2.0,0.53,2023.0
Tubarahalli Tank,TBH,2023-12-24,12.968,77.73,,,,,,,,,,,,,,,,12/23,3610.0,TUBARAHALLI TANK,"D (Propagation of wild life,fisheries)",6.2,7.8,571.0,4.0,2.0,6300.0,92000.0,3.0,88.0,5.0,88.0,104.0,40.0,1.5,0.61,92.0,52.0,40.0,23.0,47.0,388.0,10.0,0.2,0.5,4.0,0.26,50.0,1.8,0.05,2023.0
Tubarahalli Tank,TBH,2024-03-03,12.968,77.73,,,,,,,,,,,,,,,,03/24,3610.0,Tubarahalli Tank,"D (Propagation of wild life,fisheries)",4.4,7.0,702.0,8.0,2.4,1300.0,7000.0,3.0,80.0,5.0,80.0,128.0,76.0,1.5,0.4,112.0,64.0,48.0,31.0,95.0,466.0,52.0,0.2,0.5,14.0,0.23,61.0,4.0,0.05,2024.0
Tubarahalli Tank,TBH,2024-04-02,12.968,77.73,,,,,,,,,,,,,,,,04/24,3610.0,Tubarahalli Tank,"D (Propagation of wild life,fisheries)",4.4,7.7,845.0,7.0,2.9,210.0,3500.0,3.0,76.0,5.0,76.0,156.0,88.0,1.5,0.47,160.0,88.0,72.0,56.0,95.0,572.0,20.0,0.75,0.5,15.0,0.23,53.0,3.0,1.9,2024.0
Tubarahalli Tank,TBH,2024-05-02,12.968,77.73,,,,,,,,,,,,,,,,05/24,3610.0,Tubarahalli Tank,"E (Irrigation, industrial cooling and controlled waste)",1.2,6.8,1073.0,29.0,3.76,93000.0,490000.0,3.0,136.0,5.0,136.0,148.0,204.0,3.0,2.1,248.0,132.0,116.0,45.0,92.0,710.0,14.0,0.55,0.5,18.0,0.2,37.0,3.0,1.45,2024.0
Tubarahalli Tank,TBH,2024-06-01,12.968,77.73,,,,,,,,,,,,,,,,06/24,3610.0,Tubarahalli Tank,"E (Irrigation, industrial cooling and controlled waste)",2.1,7.6,1170.0,19.0,4.0,680000.0,3100000.0,3.0,312.0,5.0,312.0,208.0,171.0,7.8,6.0,296.0,156.0,140.0,18.0,114.0,792.0,66.0,1.73,0.5,15.0,0.2,44.0,2.9,4.8,2024.0
Tubarahalli Tank,TBH,2024-09-19,12.968,77.73,,,,,,,,,,,,,,,,09/24,3610.0,Tubarahalli Tank,"D (Propagation of wild life,fisheries)",5.6,7.6,903.0,8.0,1.8,3900.0,22000.0,3.0,156.0,5.0,156.0,176.0,62.0,1.5,0.4,236.0,124.0,112.0,31.0,92.0,624.0,38.0,2.3,0.5,21.0,0.33,43.0,2.6,0.5,2024.0
Tubarahalli Tank,TBH,2024-12-08,12.968,77.73,,,,,,,,,,,,,,,,12/24,3610.0,Tubarahalli Tank,"D (Propagation of wild life,fisheries)",5.9,6.7,904.0,7.0,3.75,330.0,3500.0,3.0,140.0,5.0,140.0,136.0,76.0,1.5,0.4,180.0,96.0,84.0,21.0,89.0,618.0,10.0,1.45,0.5,12.0,0.29,50.0,2.88,3.42,2024.0
Tubarahalli Tank,TBH,2025-01-07,12.968,77.73,,,,,,,,,,,,,,,,01/25,3610.0,Tubarahalli Tank,"D (Propagation of wild life,fisheries)",5.8,8.2,625.0,10.0,2.4,1700.0,7900.0,3.0,136.0,5.0,136.0,84.0,115.0,1.5,0.4,140.0,76.0,64.0,9.0,63.0,426.0,84.0,0.4,0.5,13.0,0.2,46.0,2.3,0.9,2025.0
Tubarahalli Tank,TBH,2025-02-01,12.968,77.73,,,,,,,,,,,,,,,,02/25,3610.0,Tubarahalli Tank,"D (Propagation of wild life,fisheries)",5.2,8.3,799.0,6.0,3.22,11000.0,2950.0,24.0,128.0,12.0,140.0,116.0,64.0,1.5,0.4,176.0,92.0,84.0,25.0,84.0,538.0,16.0,0.2,0.5,13.0,0.33,49.0,2.76,0.05,2025.0
Tubarahalli Tank,TBH,2025-03-08,12.968,77.73,,,,,,,,,,,,,,,,03/25,3610.0,Tubarahalli Tank,"E (Irrigation, industrial cooling and controlled waste)",2.0,7.0,675.0,31.0,2.6,94.0,675.0,3.0,156.0,5.0,156.0,108.0,200.0,23.8,18.3,132.0,68.0,64.0,7.384615384615385,74.0,466.0,104.0,0.34,0.5,8.0,0.22,2.8,2.8,0.8,2025.0
Tubarahalli Tank,TBH,2025-04-04,12.968,77.73,0.0634497906182918,0.0925653692424427,0.1110788396595608,0.1516624309392264,0.2268582081148609,0.2524000774184465,0.2535397051060984,0.2681049864517719,0.1868860646795932,-0.4778176682158336,-0.4996611614613453,0.1795416564816793,0.0816839849067084,1.194140384186441,1.5001591459602417,04/25,3610.0,Tubarahalli Tank,"D (Propagation of wild life,fisheries)",6.1,8.5,678.0,5.0,2.8,230.0,3500.0,48.0,72.0,24.0,96.0,124.0,48.0,1.5,0.4,136.0,72.0,64.0,10.0,58.0,458.0,10.0,0.2,0.5,15.0,0.3,44.0,2.17,0.4,2025.0
Tubarahalli Tank,TBH,2025-05-07,12.968,77.73,0.0690645669845515,0.0998718726117736,0.114805014374477,0.1566788753211105,0.2528797515571663,0.2893751310835065,0.2906856987014814,0.2770687581377343,0.2000432346834641,-0.5022337936024585,-0.4855065600613323,0.1843899448087641,0.0558641856430477,1.1310982840510084,1.5163500806682852,05/25,3610.0,Tubarahalli Tank,D,4.4,7.2,689.0,7.0,2.6,21.0,1600.0,3.0,156.0,5.0,156.0,112.0,68.0,1.5,0.88,184.0,96.0,88.0,28.0,67.0,472.0,10.0,0.2,0.5,14.0,0.29,42.0,2.15,0.45,2025.0
Tubarahalli Tank,TBH,2025-06-06,12.968,77.73,,,,,,,,,,,,,,,,06/25,3610.0,Tubarahalli Tank,D,4.3,7.5,546.0,6.0,2.0,140.0,2400.0,3.0,116.0,5.0,116.0,80.0,68.0,1.5,0.93,140.0,72.0,29.0,22.0,53.0,374.0,40.0,0.2,0.5,9.0,0.26,43.0,1.94,0.35,2025.0
Tubarahalli Tank,TBH,2025-11-10,12.968,77.73,,,,,,,,,,,,,,,,11/25,3610.0,Tubarahalli Tank,E,1.9,7.1,1017.0,28.0,3.9,883.3333333333334,5400.0,32.33802816901408,356.0,20.0,356.0,160.0,180.0,12.0,9.1,248.0,128.0,120.0,19.0,112.0,702.0,24.0,1.0,0.5,12.0,0.46,48.0,3.1,2.3,2025.0
Ullalu Lake,ULL,2023-10-10,12.9275,77.5201,,,,,,,,,,,,,,,,10/23,4533.0,ULLALU LAKE,"E (Irrigation, industrial cooling and controlled waste)",3.2,6.6,972.0,17.0,3.0,4100.0,35000.0,3.0,116.0,5.0,116.0,48.0,116.0,10.71271551724138,5.8,396.0,204.0,192.0,64.0,401.0,662.0,65.63318777292577,1.0,0.5,16.0,0.22,17.0,1.2,4.0,2023.0
Ullalu Lake,ULL,2023-12-24,12.9275,77.5201,,,,,,,,,,,,,,,,12/23,4533.0,ULLALU LAKE,"D (Propagation of wild life,fisheries)",4.4,6.58,770.0,6.0,1.3,70000.0,350000.0,3.0,236.0,5.0,236.0,188.0,74.0,1.5,0.4,252.0,136.0,116.0,27.0,66.0,540.0,10.0,0.2,0.5,12.0,0.22,35.0,2.0,0.05,2023.0
Ullalu Lake,ULL,2024-05-02,12.9275,77.5201,,,,,,,,,,,,,,,,05/24,4533.0,Ullalu Lake,"E (Irrigation, industrial cooling and controlled waste)",0.3,6.5,307.0,23.0,1.0,14000.0,48000.0,3.0,88.0,5.0,88.0,16.0,190.0,11.6,8.9,80.0,48.0,32.0,5.0,31.0,212.0,90.0,1.9,0.5,4.0,0.2,44.0,1.5,5.2,2024.0
Ullalu Lake,ULL,2024-06-01,12.9275,77.5201,,,,,,,,,,,,,,,,06/24,4533.0,Ullalu Lake,"E (Irrigation, industrial cooling and controlled waste)",0.3,6.3,372.0,18.0,1.1,170.0,5400.0,3.0,108.0,5.0,108.0,28.0,119.0,2.0,1.6,128.0,68.0,60.0,16.0,39.0,254.0,14.0,0.9,0.5,16.0,0.2,37.0,1.5,1.2,2024.0
Ullalu Lake,ULL,2024-09-19,12.9275,77.5201,,,,,,,,,,,,,,,,09/24,4533.0,Ullalu Lake,"E (Irrigation, industrial cooling and controlled waste)",1.8,7.0,606.0,20.0,2.1,1400.0,7000.0,3.0,164.0,5.0,164.0,68.0,156.0,7.6,5.6,152.0,84.0,68.0,20.0,74.0,410.0,94.0,0.25,0.5,17.0,0.28,48.0,3.0,0.6,2024.0
Ullalu Lake,ULL,2024-12-08,12.9275,77.5201,,,,,,,,,,,,,,,,12/24,4533.0,Ullalu Lake,"D (Propagation of wild life,fisheries)",4.2,6.5,343.0,8.0,1.38,140.0,3500.0,3.0,100.0,5.0,100.0,20.0,92.0,1.5,0.95,80.0,44.0,36.0,8.0,20.0,234.0,10.0,0.23,0.5,8.0,0.2,32.0,0.96,0.61,2024.0
Ullalu Lake,ULL,2025-01-07,12.9275,77.5201,,,,,,,,,,,,,,,,01/25,4533.0,Ullalu Lake,"D (Propagation of wild life,fisheries)",5.9,7.2,355.0,7.0,1.43,1400.0,7000.0,3.0,116.0,5.0,116.0,12.0,68.0,1.5,0.4,112.0,60.0,52.0,5.0,25.0,240.0,10.0,0.2,0.5,9.0,0.2,30.0,1.02,0.4,2025.0
Ullalu Lake,ULL,2025-02-01,12.9275,77.5201,,,,,,,,,,,,,,,,02/25,4533.0,Ullalu Lake,"E (Irrigation, industrial cooling and controlled waste)",2.8,7.2,1414.0,16.0,5.4,1200.0,17000.0,3.0,452.0,5.0,452.0,112.0,118.0,6.9,6.2,276.0,144.0,132.0,26.0,125.0,960.0,36.0,2.8,0.5,20.0,0.21,47.0,3.2,6.7,2025.0
Ullalu Lake,ULL,2025-03-08,12.9275,77.5201,,,,,,,,,,,,,,,,03/25,4533.0,Ullalu Lake,"E (Irrigation, industrial cooling and controlled waste)",0.3,6.5,384.0,87.0,1.3,170000.0,460000.0,3.0,144.0,5.0,144.0,32.0,312.0,32.0,27.0,92.0,52.0,40.0,5.743589743589744,42.0,260.0,150.0,0.2,0.5,11.0,0.22,46.0,2.0,0.05,2025.0
Ullalu Lake,ULL,2025-04-04,12.9275,77.5201,0.102469823610182,0.126249927906988,0.139448572741082,0.1776751364292504,0.2738017603774247,0.3023908460373905,0.2935080801323805,0.2585543534133717,0.1868804703728478,-0.4224100514837568,-0.3812316117964051,0.1716701695060042,0.0317664270052023,1.082428854069331,1.5486306688475266,04/25,4533.0,Ullalu Lake,"E (Irrigation, industrial cooling and controlled waste)",0.3,6.6,771.0,52.0,3.0,17000.0,49000.0,3.0,260.0,5.0,260.0,116.0,258.0,49.4,38.0,196.0,100.0,96.0,14.0,79.0,532.0,10.0,1.5,0.5,9.0,0.36,45.0,2.4,3.5,2025.0
Ullalu Lake,ULL,2025-05-07,12.9275,77.5201,0.1091448579375418,0.1340022881512733,0.1467260859297574,0.1859512762736329,0.2786782522972923,0.3173659296553178,0.3107219307819596,0.2645387775939161,0.1979709643347534,-0.4210664138784093,-0.363514932805875,0.1660046084764967,0.0288684925899327,1.0736691624802757,1.499826653139082,05/25,4533.0,Ullalu Lake,D,6.8,6.5,290.0,4.0,1.1,1500.0,4800.0,3.0,116.0,5.0,116.0,20.0,49.0,1.5,0.68,96.0,52.0,44.0,10.0,11.0,200.0,66.0,0.2,0.5,2.0,0.2,19.0,1.0,0.4,2025.0
Ullalu Lake,ULL,2025-06-06,12.9275,77.5201,0.1305702738810955,0.1552772228080349,0.1667854377456163,0.2053400133600534,0.3107772211088844,0.3559512358049431,0.3297462925851703,0.2741917167668671,0.2290440881763527,-0.361731596118197,-0.2802367992047104,0.1091853650812645,0.0321635199391852,1.073183424092759,1.2722491279889805,06/25,4533.0,Ullalu Lake,D,6.0,6.5,178.0,4.0,0.81,2400.0,17000.0,3.0,60.0,5.0,60.0,8.0,44.0,1.5,0.4,60.0,36.0,24.0,7.0,6.0,114.0,14.0,0.2,0.5,4.0,0.2,17.0,0.34,0.05,2025.0
Ullalu Lake,ULL,2025-11-10,12.9275,77.5201,,,,,,,,,,,,,,,,11/25,4533.0,Ullalu Lake,D,5.8,7.2,248.0,5.0,1.0,2951.739130434783,46000.0,18.0,92.0,20.0,92.0,16.0,64.0,14.833333333333332,0.4,80.0,48.0,32.0,12.05,25.0,168.0,26.0,0.5275000000000001,0.5,4.0,0.26,39.0,1.2,0.25,2025.0
Uttarahalli Doraikere,UTH,2023-08-16,12.898,77.5475,,,,,,,,,,,,,,,,08/23,3640.0,UTTARAHALLI DORAIKERE,"E (Irrigation, industrial cooling and controlled
waste)",0.3,7.7,471.0,170.0,2.0,4900.0,35000.0,15.876190476190477,104.0,5.0,104.0,52.0,594.0,1.5304761904761903,2.1,178.0,80.0,68.0,13.0,76.0,324.0,33.82857142857143,0.2,0.5,11.0,0.2,41.0,1.3165714285714287,0.0547619047619047,2023.0
Uttarahalli Doraikere,UTH,2023-10-10,12.898,77.5475,,,,,,,,,,,,,,,,10/23,3640.0,UTTARAHALLI DORAIKERE,"E (Irrigation, industrial cooling and controlled waste)",1.2,7.3,321.0,15.0,1.29,22000.0,240000.0,3.0,76.0,5.0,76.0,24.0,120.0,8.645258620689654,3.1,88.0,48.0,40.0,10.0,15.0,218.0,103.58951965065502,0.2,0.5,2.0,0.2,26.0,1.4,0.05,2023.0
Uttarahalli Doraikere,UTH,2023-12-24,12.898,77.5475,,,,,,,,,,,,,,,,12/23,3640.0,UTTARAHALLI DORAIKERE,"D (Propagation of wild life,fisheries)",5.4,8.6,268.0,6.0,0.75,6300.0,54000.0,8.0,44.0,5.0,48.0,28.0,56.0,1.5,0.4,128.0,72.0,56.0,24.0,29.0,174.0,110.0,0.2,0.5,9.0,0.26,31.0,1.0,0.22,2023.0
Uttarahalli Doraikere,UTH,2024-03-03,12.898,77.5475,,,,,,,,,,,,,,,,03/24,3640.0,Uttarahalli Doraikere,"E (Irrigation, industrial cooling and controlled waste)",0.9,6.9,1893.0,40.0,6.9,78000.0,330000.0,3.0,692.0,5.0,692.0,228.0,273.0,37.2,28.6,560.0,300.0,260.0,23.0,203.0,1296.0,62.0,4.5,0.5,36.0,0.2,42.0,3.7,10.5,2024.0
Uttarahalli Doraikere,UTH,2024-04-02,12.898,77.5475,,,,,,,,,,,,,,,,04/24,3640.0,Uttarahalli Doraikere,"E (Irrigation, industrial cooling and controlled waste)",0.3,6.5,1124.0,60.0,4.32,3200.0,17000.0,3.0,260.0,5.0,260.0,188.0,277.0,12.8,10.1,300.0,156.0,144.0,46.0,108.0,756.0,76.0,1.29,0.5,22.0,0.21,41.0,2.7,3.65,2024.0
Uttarahalli Doraikere,UTH,2024-05-02,12.898,77.5475,,,,,,,,,,,,,,,,05/24,3640.0,Uttarahalli Doraikere,"E (Irrigation, industrial cooling and controlled waste)",2.2,7.2,1655.0,81.0,5.8,3100.0,17000.0,3.0,128.0,5.0,128.0,212.0,340.0,6.7,5.0,356.0,184.0,172.0,220.0,185.0,1090.0,136.0,0.41,0.5,37.0,0.2,50.0,4.0,1.0,2024.0
Uttarahalli Doraikere,UTH,2024-06-01,12.898,77.5475,,,,,,,,,,,,,,,,06/24,3640.0,Uttarahalli Doraikere,"E (Irrigation, industrial cooling and controlled waste)",1.9,8.0,295.0,29.0,1.0,5800.0,17000.0,3.0,96.0,5.0,96.0,20.0,164.0,3.1,2.3,116.0,64.0,52.0,20.0,16.0,198.0,46.0,0.9,0.5,8.0,0.2,21.0,0.64,2.3,2024.0
Uttarahalli Doraikere,UTH,2024-09-19,12.898,77.5475,,,,,,,,,,,,,,,,09/24,3640.0,Uttarahalli Doraikere,"E (Irrigation, industrial cooling and controlled waste)",0.3,6.5,285.0,5.0,0.86,2200.0,7900.0,3.0,80.0,5.0,80.0,20.0,448.0,1.5,0.4,96.0,52.0,44.0,13.0,23.0,192.0,220.0,0.35,0.5,5.0,0.2,32.0,2.285,0.95,2024.0
Uttarahalli Doraikere,UTH,2024-12-08,12.898,77.5475,,,,,,,,,,,,,,,,12/24,3640.0,Uttarahalli Doraikere,"E (Irrigation, industrial cooling and controlled waste)",2.6,6.5,264.0,20.0,1.06,4300.0,9400.0,3.0,80.0,5.0,80.0,16.0,144.0,3.77,3.0,72.0,40.0,32.0,11.0,13.0,180.0,10.0,0.54,0.5,5.0,0.2,26.0,0.66,1.44,2024.0
Uttarahalli Doraikere,UTH,2025-01-07,12.898,77.5475,,,,,,,,,,,,,,,,01/25,3640.0,Uttarahalli Doraikere,"E (Irrigation, industrial cooling and controlled waste)",2.4,7.0,228.0,72.0,0.8,6800.0,49000.0,3.0,60.0,5.0,60.0,12.0,352.0,13.56,10.8,88.0,48.0,40.0,14.0,12.0,156.0,96.0,0.2,0.5,6.0,0.2,21.0,0.55,0.36,2025.0
Uttarahalli Doraikere,UTH,2025-02-01,12.898,77.5475,,,,,,,,,,,,,,,,02/25,3640.0,Uttarahalli Doraikere,"E (Irrigation, industrial cooling and controlled waste)",1.4,8.0,353.0,84.0,1.36,31000.0,70000.0,3.0,68.0,5.0,68.0,24.0,610.0,3.74,2.34,172.0,108.0,64.0,24.0,15.0,234.0,128.0,0.2,0.5,6.0,0.2,15.0,0.5,0.05,2025.0
Uttarahalli Doraikere,UTH,2025-03-08,12.898,77.5475,,,,,,,,,,,,,,,,03/25,3640.0,Uttarahalli Doraikere,"E (Irrigation, industrial cooling and controlled waste)",0.3,6.5,383.0,96.0,1.3,210000.0,700000.0,3.0,92.0,5.0,92.0,36.0,478.0,7.2,6.6,120.0,64.0,56.0,6.6923076923076925,34.0,262.0,266.0,0.2,0.5,12.0,0.2,35.0,1.34,0.3,2025.0
Uttarahalli Doraikere,UTH,2025-04-04,12.898,77.5475,,,,,,,,,,,,,,,,04/25,3640.0,Uttarahalli Doraikere,"E (Irrigation, industrial cooling and controlled waste)",1.2,6.6,559.0,39.0,2.1,17.0,350.0,3.0,112.0,5.0,116.0,88.0,197.0,36.4,28.0,188.0,96.0,92.0,42.0,64.0,386.0,10.0,0.35,0.5,7.0,0.2,42.0,2.0,0.82,2025.0
Uttarahalli Doraikere,UTH,2025-05-07,12.898,77.5475,0.1428623710795873,0.171786176976189,0.1863427430773162,0.2134588088281881,0.2569931430180573,0.2815623745995987,0.2731297370551583,0.2829451723045511,0.247212960681474,-0.233426443173575,-0.2544377329964232,0.0788476255716138,0.0391437210901599,1.084842510900858,1.198831442930263,05/25,3640.0,Uttarahalli Doraikere,E,2.0,8.0,351.0,28.0,1.3,1100.0,13000.0,3.0,116.0,5.0,116.0,32.0,186.0,1.5,0.4,104.0,56.0,48.0,14.0,25.0,242.0,910.0,0.2,0.5,2.0,0.24,34.0,1.0,0.6,2025.0
Uttarahalli Doraikere,UTH,2025-06-06,12.898,77.5475,0.1530055897778873,0.1794404831812849,0.187445626328685,0.2137090323489034,0.2582855961139074,0.2846437889401244,0.2735902284487309,0.2693495793586539,0.2310611707557464,-0.2175062547230034,-0.2158185196533294,0.0804738145523327,0.0209524830745599,1.0457037644892533,1.213230061018844,06/25,3640.0,Uttarahalli Doraikere,D,5.8,8.2,194.0,5.0,0.69,2200.0,8400.0,3.0,76.0,5.0,76.0,16.0,64.0,1.5,0.4,84.0,48.0,36.0,8.0,8.0,130.0,42.0,0.2,0.5,3.0,0.2,16.0,0.38,0.34,2025.0
Uttarahalli Doraikere,UTH,2025-11-10,12.898,77.5475,,,,,,,,,,,,,,,,11/25,3640.0,Uttarahalli Doraikere,D,4.9,6.6,406.0,8.0,1.56,1755.9420289855077,5400.0,20.16901408450704,88.0,20.0,88.0,32.0,96.0,9.51,0.4,164.0,124.0,40.0,19.406666666666663,22.0,278.0,20.0,0.35,0.5,2.0,0.305,22.0,0.75,0.91,2025.0
Varthur Lake,VTR,2023-08-16,12.9389,77.7219,,,,,,,,,,,,,,,,08/23,3608.0,VARTHUR LAKE,"E (Irrigation, industrial cooling and controlled waste)",0.3,6.5,1157.0,52.0,3.0,17000000.0,24000000.0,12.904761904761903,320.0,5.0,320.0,164.0,340.0,2.261904761904762,20.0,232.0,120.0,112.0,31.0,82.0,786.0,29.714285714285715,0.35,0.5,24.0,0.23,41.0,1.4742857142857142,0.169047619047619,2023.0
Varthur Lake,VTR,2023-10-10,12.9389,77.7219,,,,,,,,,,,,,,,,10/23,3608.0,VARTHUR LAKE,"E (Irrigation, industrial cooling and controlled waste)",0.3,6.9,1303.0,30.0,5.0,700000.0,5400000.0,3.0,420.0,5.0,420.0,164.0,212.0,7.826077586206896,21.56,416.0,212.0,204.0,20.0,125.0,886.0,118.62882096069868,2.0,0.5,15.0,0.37,38.0,2.67,7.0,2023.0
Varthur Lake,VTR,2023-12-24,12.9389,77.7219,,,,,,,,,,,,,,,,12/23,3608.0,VARTHUR LAKE,"E (Irrigation, industrial cooling and controlled waste)",1.2,6.8,1248.0,21.0,4.8,40000.0,350000.0,3.0,284.0,5.0,284.0,208.0,164.0,8.3,6.4,336.0,172.0,164.0,51.0,112.0,860.0,10.0,1.07,0.5,25.0,0.42,41.0,2.7,2.67,2023.0
Varthur Lake,VTR,2024-03-03,12.9389,77.7219,,,,,,,,,,,,,,,,03/24,3608.0,Varthur Lake,"E (Irrigation, industrial cooling and controlled waste)",1.2,7.4,1405.0,81.0,4.8,1400.0,4800.0,3.0,412.0,5.0,412.0,164.0,228.0,52.0,39.0,256.0,136.0,120.0,19.0,151.0,922.0,26.0,2.5,0.5,30.0,0.25,53.0,4.0,7.2,2024.0
Varthur Lake,VTR,2024-04-02,12.9389,77.7219,,,,,,,,,,,,,,,,04/24,3608.0,Varthur Lake,"E (Irrigation, industrial cooling and controlled waste)",1.2,7.2,1477.0,26.0,5.1,170000.0,1700000.0,3.0,432.0,5.0,432.0,172.0,184.0,36.0,26.0,248.0,132.0,116.0,25.0,154.0,978.0,42.0,1.2,0.5,31.0,0.2,48.0,4.0,3.5,2024.0
Varthur Lake,VTR,2024-09-19,12.9389,77.7219,,,,,,,,,,,,,,,,09/24,3608.0,Varthur Lake,"D (Propagation of wild life,fisheries)",6.3,8.0,1264.0,5.0,2.5,330.0,3500.0,3.0,340.0,5.0,340.0,228.0,44.0,1.5,0.4,320.0,168.0,152.0,11.0,169.0,872.0,10.0,0.69,0.5,29.0,0.55,51.0,4.1,1.6,2024.0
Varthur Lake,VTR,2024-12-08,12.9389,77.7219,,,,,,,,,,,,,,,,12/24,3608.0,Varthur Lake,"E (Irrigation, industrial cooling and controlled waste)",2.4,7.4,1454.0,28.0,5.0,930.0,2200.0,3.0,184.0,5.0,184.0,324.0,192.0,3.1,2.3,332.0,172.0,160.0,31.0,158.0,958.0,92.0,2.9,0.5,29.0,0.2,48.0,3.7,8.0,2024.0
Varthur Lake,VTR,2025-01-07,12.9389,77.7219,,,,,,,,,,,,,,,,01/25,3608.0,Varthur Lake,"D (Propagation of wild life,fisheries)",6.4,6.9,990.0,4.0,13.4,170.0,2200.0,3.0,332.0,5.0,332.0,140.0,51.0,1.5,0.4,280.0,144.0,136.0,23.0,98.0,712.0,10.0,0.63,0.5,14.0,0.2,41.0,2.5,1.6,2025.0
Varthur Lake,VTR,2025-02-01,12.9389,77.7219,,,,,,,,,,,,,,,,02/25,3608.0,Varthur Lake,"D (Propagation of wild life,fisheries)",4.2,6.9,1172.0,8.0,4.54,820.0,4800.0,3.0,368.0,5.0,368.0,156.0,93.0,2.21,0.7,344.0,180.0,164.0,15.0,101.0,796.0,10.0,0.2,0.5,7.0,0.2,38.0,2.4,0.2,2025.0
Varthur Lake,VTR,2025-03-08,12.9389,77.7219,,,,,,,,,,,,,,,,03/25,3608.0,Varthur Lake,"D (Propagation of wild life,fisheries)",0.3,7.3,1255.0,36.0,4.1,2700.0,17000.0,3.0,432.0,5.0,432.0,192.0,199.0,5.4,3.8,320.0,168.0,152.0,7.435897435897436,155.0,854.0,14.0,0.2,0.5,5.0,0.42,51.0,3.8,0.5,2025.0
Varthur Lake,VTR,2025-04-04,12.9389,77.7219,0.0897847125910803,0.1169292301998046,0.1235050970068935,0.1687795135344433,0.2496602097926712,0.286714995247985,0.2820664507726426,0.2838977260727234,0.2174283642507655,-0.4263665369067184,-0.4367464395853627,0.197712104672847,-0.0001061083812608,1.0191804422959851,1.6209556668154004,04/25,3608.0,Varthur Lake,"E (Irrigation, industrial cooling and controlled waste)",0.3,6.6,905.0,63.0,3.47,11000.0,70000.0,3.0,180.0,5.0,180.0,160.0,254.0,3.12,2.4,220.0,128.0,92.0,31.0,74.0,606.0,10.0,0.68,0.5,24.0,0.48,39.0,2.17,1.75,2025.0
Varthur Lake,VTR,2025-05-07,12.9389,77.7219,0.1072804005772819,0.1326803304804445,0.1384482804058109,0.1797586926678166,0.2569330529057692,0.2998001232003943,0.2975468196698229,0.2954083600267521,0.2438057164982927,-0.3949883568666986,-0.3931792900502964,0.1590393074815819,-5.2468248253665375e-06,1.0116317341508263,1.4375611791262954,05/25,3608.0,Varthur Lake,D,4.5,7.6,701.0,6.0,2.7,20.0,920.0,3.0,160.0,5.0,160.0,116.0,61.0,1.5,0.51,188.0,96.0,92.0,29.0,69.0,476.0,10.0,0.2,0.5,14.0,0.31,42.0,2.19,0.29,2025.0
Varthur Lake,VTR,2025-06-06,12.9389,77.7219,,,,,,,,,,,,,,,,06/25,3608.0,Varthur Lake,D,5.8,7.8,576.0,6.0,2.2,310.0,2800.0,3.0,128.0,5.0,128.0,92.0,64.0,1.5,0.4,152.0,80.0,72.0,24.0,57.0,392.0,10.0,0.2,0.5,12.0,0.22,42.0,2.0,0.24,2025.0
Varthur Lake,VTR,2025-11-10,12.9389,77.7219,,,,,,,,,,,,,,,,11/25,3608.0,Varthur Lake,D,5.8,7.3,681.0,4.0,2.6,818.6956521739131,4300.0,33.23943661971831,156.0,20.0,156.0,112.0,44.0,15.5,0.51,180.0,96.0,84.0,28.0,66.0,462.0,17.0,2.333333333333333,0.5,14.0,0.36,42.0,2.13,0.25,2025.0
Veerapura Tank,VRP,2023-08-16,13.087,77.56,,,,,,,,,,,,,,,,08/23,3632.0,VEERAPURA TANK,"D (Propagation of wild life,fisheries)",6.1,7.1,588.0,4.0,2.0,4600.0,92000.0,10.676190476190476,132.0,5.0,132.0,76.0,40.0,2.810476190476191,0.4,184.0,100.0,84.0,19.0,49.0,398.0,26.628571428571423,0.2,0.5,10.0,0.26,41.0,1.5925714285714283,0.2547619047619048,2023.0
Veerapura Tank,VRP,2023-10-10,13.087,77.56,,,,,,,,,,,,,,,,10/23,3632.0,VEERAPURA TANK,"D (Propagation of wild life,fisheries)",4.4,7.1,520.0,10.0,1.7,3300.0,35000.0,3.0,120.0,5.0,120.0,72.0,93.0,7.787068965517241,0.94,176.0,92.0,84.0,63.0,53.0,350.0,119.34497816593888,0.6,0.5,18.0,0.3,37.0,1.2,1.4,2023.0
Veerapura Tank,VRP,2023-12-24,13.087,77.56,,,,,,,,,,,,,,,,12/23,3632.0,VEERAPURA TANK,"D (Propagation of wild life,fisheries)",6.0,7.3,437.0,5.0,1.5,7000.0,160000.0,3.0,116.0,5.0,116.0,44.0,52.0,1.5,0.4,164.0,88.0,76.0,14.0,36.0,294.0,10.0,0.2,0.5,6.0,0.21,32.0,1.0,0.16,2023.0
Veerapura Tank,VRP,2024-03-03,13.087,77.56,,,,,,,,,,,,,,,,03/24,3632.0,Veerapura Tank,"D (Propagation of wild life,fisheries)",4.4,7.6,692.0,8.0,2.4,3200.0,9400.0,3.0,76.0,5.0,76.0,88.0,88.0,1.5,0.4,132.0,72.0,60.0,48.0,65.0,470.0,148.0,0.2,0.5,12.0,0.35,48.0,2.0,0.48,2024.0
Veerapura Tank,VRP,2024-04-02,13.087,77.56,,,,,,,,,,,,,,,,04/24,3632.0,Veerapura Tank,"E (Irrigation, industrial cooling and controlled waste)",3.1,6.5,1056.0,16.0,3.4,1700.0,11000.0,3.0,296.0,5.0,296.0,164.0,145.0,3.87,2.98,284.0,148.0,136.0,16.0,103.0,720.0,238.0,0.2,0.5,13.0,0.3,43.0,2.7,0.05,2024.0
Veerapura Tank,VRP,2025-03-08,13.087,77.56,,,,,,,,,,,,,,,,03/25,3632.0,Veerapura Tank,"D (Propagation of wild life,fisheries)",6.3,7.1,1195.0,7.0,4.59,3300.0,17000.0,3.0,140.0,5.0,140.0,292.0,66.0,1.5,0.4,248.0,170.0,78.0,6.871794871794872,193.0,816.0,12.0,0.2,0.5,13.0,0.28,61.0,5.33,0.05,2025.0
Vengaiyyanakere,VGY,2025-05-07,13.0088,77.6871,0.1435810990635781,0.1720455718167518,0.1849848551573777,0.2287224072379075,0.326555431950996,0.3697950151376469,0.3562764239949307,0.3160945222840245,0.2339535168626344,-0.374032181830506,-0.3250216489648553,0.1316350630914404,0.0337402977422353,1.0743740057400248,1.3431098212668846,05/25,3603.0,Vengaiyyanakere,E,1.5,7.1,1142.0,32.0,4.4,1300.0,6300.0,3.0,336.0,5.0,336.0,160.0,212.0,20.0,15.0,396.0,200.0,196.0,79.0,95.0,786.0,18.0,1.6,0.5,2.0,0.45,34.0,2.1,3.9,2025.0
Vibhuthipura Lake,VBP,2023-08-16,12.9887,77.7157,,,,,,,,,,,,,,,,08/23,4522.0,VIBHUTHIPURA LAKE,"E (Irrigation, industrial cooling and controlled waste)",1.8,7.7,767.0,15.0,2.0,4600.0,54000.0,12.780952380952382,180.0,5.0,180.0,104.0,128.0,2.2923809523809524,1.2,172.0,92.0,80.0,12.0,69.0,520.0,29.542857142857144,1.0,0.5,23.0,0.23,41.0,1.4808571428571429,0.1738095238095238,2023.0
Vibhuthipura Lake,VBP,2023-10-10,12.9887,77.7157,,,,,,,,,,,,,,,,10/23,4522.0,VIBHUTHIPURA LAKE,"D (Propagation of wild life,fisheries)",4.6,6.6,624.0,8.0,3.0,4900.0,54000.0,3.0,144.0,5.0,144.0,84.0,84.0,7.748060344827586,0.62,116.0,64.0,52.0,39.0,54.0,424.0,120.06113537117903,0.33,0.5,4.0,0.24,48.0,2.18,1.01,2023.0
Vibhuthipura Lake,VBP,2023-12-24,12.9887,77.7157,,,,,,,,,,,,,,,,12/23,4522.0,VIBHUTHIPURA LAKE,"D (Propagation of wild life,fisheries)",5.1,7.5,396.0,7.0,1.5,840.0,16000.0,3.0,80.0,5.0,80.0,52.0,67.0,1.5,0.8,128.0,68.0,60.0,24.0,54.0,270.0,10.0,0.2,0.5,16.0,0.2,44.0,2.7,0.05,2023.0
Vibhuthipura Lake,VBP,2024-03-03,12.9887,77.7157,,,,,,,,,,,,,,,,03/24,4522.0,Vibhuthipura Lake,"D (Propagation of wild life,fisheries)",5.9,7.8,646.0,7.0,2.1,210.0,3500.0,3.0,104.0,5.0,104.0,60.0,60.0,1.5,0.4,136.0,72.0,64.0,29.0,55.0,438.0,50.0,0.2,0.5,14.0,0.2,43.0,2.0,0.05,2024.0
Vibhuthipura Lake,VBP,2024-09-19,12.9887,77.7157,,,,,,,,,,,,,,,,09/24,4522.0,Vibhuthipura Lake,"E (Irrigation, industrial cooling and controlled waste)",3.2,6.5,522.0,22.0,1.9,1400.0,11000.0,3.0,112.0,5.0,112.0,56.0,168.0,1.6,1.1,140.0,76.0,64.0,27.0,116.0,352.0,200.0,0.49,0.5,10.0,0.34,61.0,4.0,1.3,2024.0
Vibhuthipura Lake,VBP,2024-12-08,12.9887,77.7157,,,,,,,,,,,,,,,,12/24,4522.0,Vibhuthipura Lake,"D (Propagation of wild life,fisheries)",6.3,7.0,664.0,5.0,2.7,310.0,2800.0,3.0,148.0,5.0,148.0,68.0,59.0,1.5,0.4,144.0,80.0,64.0,5.0,65.0,450.0,36.0,0.36,0.5,14.0,0.24,46.0,2.4,0.85,2024.0
Vibhuthipura Lake,VBP,2025-01-07,12.9887,77.7157,,,,,,,,,,,,,,,,01/25,4522.0,Vibhuthipura Lake,"D (Propagation of wild life,fisheries)",6.8,7.7,871.0,5.0,2.8,260.0,3500.0,3.0,224.0,5.0,224.0,100.0,51.0,3.9,3.0,168.0,88.0,80.0,10.0,80.0,594.0,14.0,0.7,0.5,16.0,0.2,48.0,2.8,1.7,2025.0
Vibhuthipura Lake,VBP,2025-02-01,12.9887,77.7157,,,,,,,,,,,,,,,,02/25,4522.0,Vibhuthipura Lake,"D (Propagation of wild life,fisheries)",5.2,7.5,750.0,7.0,2.6,32.0,220.0,3.0,188.0,5.0,188.0,76.0,88.0,1.5,0.4,140.0,76.0,64.0,8.0,83.0,488.0,32.0,0.98,0.5,9.0,0.2,54.0,3.0,2.7,2025.0
Vibhuthipura Lake,VBP,2025-03-08,12.9887,77.7157,,,,,,,,,,,,,,,,03/25,4522.0,Vibhuthipura Lake,"E (Irrigation, industrial cooling and controlled waste)",1.4,6.6,662.0,24.0,2.5,630.0,5400.0,3.0,152.0,5.0,152.0,108.0,208.0,4.9,4.2,176.0,92.0,84.0,6.0,66.0,454.0,32.0,0.2,0.5,13.0,0.23,43.0,2.16,0.05,2025.0
Vibhuthipura Lake,VBP,2025-04-04,12.9887,77.7157,0.1447264998768429,0.1763554251230389,0.2008536896915173,0.2317176396073049,0.2645120729089694,0.2788863471621099,0.2680858404588478,0.3077451282592631,0.2593611844188745,-0.2173536289189852,-0.2850332126260747,0.0821774096684688,0.0685135092415593,1.155843696306557,1.2058869318831256,04/25,4522.0,Vibhuthipura Lake,"E (Irrigation, industrial cooling and controlled waste)",0.3,6.6,856.0,54.0,3.29,140000.0,460000.0,3.0,168.0,5.0,168.0,152.0,220.0,4.2,2.8,132.0,84.0,48.0,23.0,75.0,576.0,10.0,0.71,0.5,33.0,0.45,48.0,2.85,1.8,2025.0
Vibhuthipura Lake,VBP,2025-05-07,12.9887,77.7157,0.1542668566803899,0.1863077944161319,0.2151611883900716,0.2430043527217704,0.2677701959956367,0.2888452338224425,0.2786922762940286,0.326423382244273,0.2923515781695344,-0.2083376572164084,-0.2845618996222877,0.0693264486275729,0.0741158582829639,1.1642757839889588,1.1672959136254957,05/25,4522.0,Vibhuthipura Lake,E,0.6,7.0,900.0,27.0,3.4,2200.0,12000.0,3.0,176.0,5.0,176.0,156.0,192.0,4.9,3.8,140.0,88.0,52.0,26.0,78.0,612.0,220.0,0.5,0.5,28.0,0.4,49.0,2.9,1.42,2025.0
Vibhuthipura Lake,VBP,2025-06-06,12.9887,77.7157,,,,,,,,,,,,,,,,06/25,4522.0,Vibhuthipura Lake,D,4.2,8.4,589.0,7.0,9.6,1200.0,7900.0,8.0,184.0,5.0,188.0,60.0,84.0,1.5,0.91,184.0,96.0,88.0,14.0,41.0,398.0,38.0,0.51,0.5,3.0,0.28,53.0,1.31,1.48,2025.0
Vibhuthipura Lake,VBP,2025-11-10,12.9887,77.7157,,,,,,,,,,,,,,,,11/25,4522.0,Vibhuthipura Lake,E,2.5,8.4,515.0,16.0,7.93,2628.550724637681,170.0,8.0,172.0,20.0,176.0,72.0,112.0,3.5,2.8,144.0,80.0,64.0,8.0,67.0,348.0,114.0,0.5,0.5,15.0,0.26,47.0,2.41,1.1,2025.0
Yediyur Lake,YDY,2023-08-16,12.9348,77.5755,,,,,,,,,,,,,,,,08/23,3592.0,YEDIYUR TANK,"D (Propagation of wild life,fisheries)",4.2,7.4,251.0,11.0,0.73,11000.0,54000.0,6.219047619047619,72.0,5.0,72.0,36.0,109.0,3.907619047619048,0.94,64.0,40.0,24.0,5.0,26.0,174.0,20.457142857142856,0.2,0.5,3.0,0.2,41.0,1.8291428571428567,0.4261904761904762,2023.0
Yediyur Lake,YDY,2023-10-10,12.9348,77.5755,,,,,,,,,,,,,,,,10/23,3592.0,YEDIYUR TANK,"D (Propagation of wild life,fisheries)",6.8,8.4,261.0,4.0,0.9,840.0,16000.0,24.0,48.0,12.0,60.0,36.0,43.0,10.166594827586207,0.61,52.0,28.0,24.0,9.0,20.0,162.0,75.6593886462882,0.2,0.5,5.0,0.2,43.0,1.4,0.05,2023.0
Yediyur Lake,YDY,2023-12-24,12.9348,77.5755,,,,,,,,,,,,,,,,12/23,3592.0,YEDIYUR TANK,"D (Propagation of wild life,fisheries)",4.7,6.8,271.0,5.0,1.04,2700.0,24000.0,3.0,60.0,5.0,60.0,40.0,121.0,1.5,0.76,68.0,40.0,28.0,11.0,22.0,186.0,16.0,0.2,0.5,5.0,0.2,39.0,1.2,0.05,2023.0
Yediyur Lake,YDY,2024-03-03,12.9348,77.5755,,,,,,,,,,,,,,,,03/24,3592.0,Yediyur Tank,"E (Irrigation, industrial cooling and controlled waste)",3.3,6.9,313.0,19.0,1.2,11000.0,33000.0,3.0,68.0,5.0,68.0,48.0,160.0,5.1,4.4,80.0,44.0,36.0,13.0,29.0,216.0,14.0,0.31,0.5,6.0,0.2,41.0,1.4,0.91,2024.0
Yediyur Lake,YDY,2024-04-02,12.9348,77.5755,,,,,,,,,,,,,,,,04/24,3592.0,Yediyur Tank,"E (Irrigation, industrial cooling and controlled waste)",3.1,8.1,482.0,13.0,2.0,1400.0,4800.0,3.0,92.0,5.0,92.0,52.0,124.0,1.5,1.05,40.0,24.0,16.0,10.0,67.0,332.0,64.0,0.26,0.5,16.0,0.25,71.0,5.0,0.63,2024.0
Yediyur Lake,YDY,2024-05-02,12.9348,77.5755,,,,,,,,,,,,,,,,05/24,3592.0,Yediyur Tank,"E (Irrigation, industrial cooling and controlled waste)",0.9,8.9,650.0,42.0,2.2,2400.0,4800.0,40.0,156.0,20.0,196.0,60.0,228.0,5.0,3.7,184.0,100.0,84.0,18.0,73.0,438.0,196.0,0.57,0.5,22.0,0.24,43.0,2.0,1.4,2024.0
Yediyur Lake,YDY,2024-06-01,12.9348,77.5755,,,,,,,,,,,,,,,,06/24,3592.0,Yediyur Tank,"D (Propagation of wild life,fisheries)",4.9,8.3,337.0,8.0,1.35,1700.0,4800.0,3.0,64.0,5.0,64.0,40.0,88.0,1.5,0.58,68.0,40.0,28.0,16.9,24.0,226.0,42.0,0.2,0.5,2.0,0.2,42.0,1.26,0.05,2024.0
Yediyur Lake,YDY,2024-09-19,12.9348,77.5755,,,,,,,,,,,,,,,,09/24,3592.0,Yediyur Tank,"E (Irrigation, industrial cooling and controlled waste)",2.2,6.6,366.0,12.0,1.0,260.0,3500.0,3.0,104.0,5.0,104.0,28.0,114.0,2.4,1.8,112.0,60.0,52.0,13.0,38.0,248.0,16.0,0.5,0.5,14.0,0.2,38.0,1.6,1.0,2024.0
Yediyur Lake,YDY,2024-12-08,12.9348,77.5755,,,,,,,,,,,,,,,,12/24,3592.0,Yediyur Tank,"D (Propagation of wild life,fisheries)",6.2,7.1,318.0,4.0,1.2,340.0,2400.0,3.0,68.0,5.0,68.0,48.0,44.0,1.5,0.4,84.0,48.0,36.0,13.0,31.0,216.0,20.0,0.2,0.5,6.0,0.2,42.0,1.46,0.05,2024.0
Yediyur Lake,YDY,2025-01-07,12.9348,77.5755,,,,,,,,,,,,,,,,01/25,3592.0,Yediyur Tank,"D (Propagation of wild life,fisheries)",5.4,6.8,340.0,6.0,3.16,260.0,2800.0,3.0,80.0,5.0,80.0,120.0,56.0,1.5,0.4,100.0,56.0,44.0,20.0,22.0,230.0,10.0,0.2,0.5,4.0,0.38,31.0,1.0,0.25,2025.0
Yediyur Lake,YDY,2025-02-01,12.9348,77.5755,,,,,,,,,,,,,,,,02/25,3592.0,Yediyur Tank,"D (Propagation of wild life,fisheries)",6.6,8.1,320.0,4.0,1.23,1100.0,7900.0,3.0,88.0,5.0,88.0,28.0,24.0,1.5,0.4,84.0,56.0,28.0,5.0,44.0,216.0,44.0,0.2,0.5,9.0,0.2,50.0,2.06,0.05,2025.0
Yediyur Lake,YDY,2025-03-08,12.9348,77.5755,,,,,,,,,,,,,,,,03/25,3592.0,Yediyur Tank,"D (Propagation of wild life,fisheries)",5.9,7.8,343.0,5.0,1.0,780.0,4600.0,3.0,64.0,5.0,64.0,28.0,52.0,1.5,0.45,88.0,48.0,40.0,7.82051282051282,17.0,232.0,30.0,0.2,0.5,7.0,0.2,27.0,0.78,0.05,2025.0
Yediyur Lake,YDY,2025-04-04,12.9348,77.5755,0.1024206723741908,0.1230305180060145,0.1297136982099718,0.1666300950093965,0.244175193150971,0.2706455105449988,0.2628781478387971,0.2435086552516182,0.1946519001879307,-0.3599884066592361,-0.3390189858612918,0.1448669951336227,0.0165767324353161,1.042703439571873,1.3896422889168072,04/25,3592.0,Yediyur Tank,"D (Propagation of wild life,fisheries)",5.9,6.7,313.0,6.0,1.2,230.0,3500.0,3.0,76.0,5.0,76.0,36.0,63.0,1.56,1.2,48.0,28.0,20.0,5.0,35.0,214.0,10.0,0.2,0.5,14.0,0.2,53.0,2.5,0.2,2025.0
Yediyur Lake,YDY,2025-05-07,12.9348,77.5755,0.0951020845070423,0.1166743204227163,0.1216342112318363,0.1592751197183098,0.2604495950704225,0.3016935316901409,0.2973302323943662,0.2408180070422533,0.1889878732394366,-0.4342121266805344,-0.3679897743547047,0.173406047744356,-0.0023335425475218,1.0151155416162765,1.5346464470300094,05/25,3592.0,Yediyur Tank,D,5.2,7.0,320.0,6.0,1.2,140.0,2400.0,3.0,76.0,5.0,76.0,36.0,64.0,1.56,1.2,48.0,32.0,16.0,5.0,35.0,214.0,32.0,0.2,0.5,14.0,0.2,53.0,2.5,0.2,2025.0
Yediyur Lake,YDY,2025-06-06,12.9348,77.5755,,,,,,,,,,,,,,,,06/25,3592.0,Yediyur Tank,D,6.7,7.8,223.0,4.0,0.8,230.0,2200.0,3.0,72.0,5.0,72.0,24.0,49.0,1.5,0.91,60.0,32.0,28.0,5.0,19.0,154.0,28.0,0.2,0.5,2.0,0.2,39.0,1.1,0.14,2025.0
Yediyur Lake,YDY,2025-11-10,12.9348,77.5755,,,,,,,,,,,,,,,,11/25,3592.0,Yediyur Tank,D,6.4,7.2,278.0,4.0,0.81,301.59420289855075,2400.0,44.8,112.0,22.4,112.0,44.0,48.0,4.76,0.4,80.0,44.0,36.0,10.0,16.0,192.0,26.0,0.4790909090909091,0.5,8.0,0.295,27.0,0.7,15.0,2025.0
Yelachenahalli Lake,YLC,2023-08-16,12.8982,77.5855,,,,,,,,,,,,,,,,08/23,3638.0,YELACHENAHALLI LAKE,"D (Propagation of wild life,fisheries)",4.4,7.1,333.0,10.0,1.0,7900.0,92000.0,6.095238095238095,96.0,5.0,96.0,48.0,102.0,3.9380952380952383,0.92,88.0,52.0,36.0,5.0,34.0,230.0,20.285714285714285,0.2,0.5,4.0,0.2,41.0,1.8357142857142856,0.430952380952381,2023.0
Yelachenahalli Lake,YLC,2023-10-10,12.8982,77.5855,,,,,,,,,,,,,,,,10/23,3638.0,YELACHENAHALLI LAKE,"D (Propagation of wild life,fisheries)",6.9,8.5,261.0,4.0,1.0,310.0,5400.0,3.0,68.0,5.0,68.0,40.0,40.0,10.205603448275864,0.54,56.0,32.0,24.0,11.0,23.0,182.0,74.94323144104803,0.2,0.5,5.0,0.2,45.0,1.4,0.05,2023.0
Yelachenahalli Lake,YLC,2023-12-24,12.8982,77.5855,,,,,,,,,,,,,,,,12/23,3638.0,YELACHENAHALLI LAKE,"D (Propagation of wild life,fisheries)",5.0,7.75,425.0,6.5,0.875,7850.0,73000.0,5.5,116.0,5.0,118.0,74.0,65.5,1.5,0.4,164.0,92.0,72.0,20.5,38.5,292.0,60.0,0.2,0.5,10.0,0.23,32.0,1.65,0.135,2023.0
Yelachenahalli Lake,YLC,2024-03-03,12.8982,77.5855,,,,,,,,,,,,,,,,03/24,3638.0,Yelachenahalli Lake,"D (Propagation of wild life,fisheries)",4.7,7.4,466.0,5.0,1.79,1700.0,4800.0,3.0,104.0,5.0,104.0,76.0,45.0,1.5,0.68,124.0,68.0,56.0,19.0,40.0,318.0,10.0,0.2,0.5,9.0,0.2,39.0,1.5,0.05,2024.0
Yelachenahalli Lake,YLC,2024-04-02,12.8982,77.5855,,,,,,,,,,,,,,,,04/24,3638.0,Yelachenahalli Lake,"D (Propagation of wild life,fisheries)",5.3,8.1,587.0,6.0,2.0,1700.0,7900.0,3.0,80.0,5.0,80.0,96.0,56.0,1.5,0.6,120.0,64.0,56.0,8.0,79.0,404.0,106.0,0.2,0.5,12.0,0.2,55.0,3.0,0.29,2024.0
Yelachenahalli Lake,YLC,2024-05-02,12.8982,77.5855,,,,,,,,,,,,,,,,05/24,3638.0,Yelachenahalli Lake,"E (Irrigation, industrial cooling and controlled waste)",1.4,7.6,410.0,28.0,1.4,2300.0,7000.0,3.0,92.0,5.0,92.0,48.0,204.0,1.9,1.2,100.0,56.0,44.0,17.0,56.0,276.0,130.0,0.46,0.5,19.0,0.28,49.0,2.0,1.2,2024.0
Yelachenahalli Lake,YLC,2024-06-01,12.8982,77.5855,,,,,,,,,,,,,,,,06/24,3638.0,Yelachenahalli Lake,"D (Propagation of wild life,fisheries)",6.0,8.9,501.0,7.0,2.02,2600.0,9400.0,8.0,68.0,5.0,72.0,72.0,76.0,1.5,0.4,124.0,68.0,56.0,27.5,40.0,342.0,48.0,0.2,0.5,3.0,0.21,40.0,2.0,0.05,2024.0
Yelachenahalli Lake,YLC,2024-09-19,12.8982,77.5855,,,,,,,,,,,,,,,,09/24,3638.0,Yelachenahalli Lake,"D (Propagation of wild life,fisheries)",4.8,7.9,362.0,9.0,1.3,170.0,4300.0,3.0,88.0,5.0,88.0,56.0,81.0,1.5,0.82,96.0,52.0,44.0,16.0,45.0,246.0,26.0,0.2,0.5,16.0,0.2,45.0,2.0,0.4,2024.0
Yelachenahalli Lake,YLC,2024-12-08,12.8982,77.5855,,,,,,,,,,,,,,,,12/24,3638.0,Yelachenahalli Lake,"D (Propagation of wild life,fisheries)",5.9,6.8,449.0,5.0,1.7,330.0,1700.0,3.0,100.0,5.0,100.0,72.0,52.0,1.5,0.47,120.0,64.0,56.0,18.0,43.0,304.0,12.0,0.2,0.5,9.0,0.2,41.0,2.0,0.05,2024.0
Yelachenahalli Lake,YLC,2025-03-08,12.8982,77.5855,,,,,,,,,,,,,,,,03/25,3638.0,Yelachenahalli Lake,"D (Propagation of wild life,fisheries)",5.6,7.8,568.0,5.0,1.9,260.0,1500.0,3.0,88.0,5.0,88.0,44.0,60.0,1.5,0.58,132.0,72.0,60.0,6.743589743589744,37.0,384.0,20.0,0.2,0.5,16.0,0.2,34.0,1.4,0.05,2025.0
Yelachenahalli Lake,YLC,2025-04-04,12.8982,77.5855,,,,,,,,,,,,,,,,04/25,3638.0,Yelachenahalli Lake,"D (Propagation of wild life,fisheries)",5.8,7.4,602.0,7.0,23.0,260.0,2800.0,3.0,108.0,5.0,108.0,88.0,69.0,1.5,0.4,88.0,48.0,40.0,9.0,63.0,400.0,10.0,0.2,0.5,12.0,0.21,57.0,3.0,0.2,2025.0
Yelachenahalli Lake,YLC,2025-05-07,12.8982,77.5855,0.1301594071257569,0.158402788554186,0.1729793545478264,0.2045133467117306,0.247312751725109,0.2712958174904942,0.2641371637797493,0.2777139064920434,0.2417192578510068,-0.2519990052150771,-0.2824911596848239,0.0963170851885196,0.0397143840501618,1.0867962812278087,1.2415208469193248,05/25,3638.0,Yelachenahalli Lake,D,5.0,8.2,801.0,6.0,4.2,260.0,2200.0,3.0,164.0,5.0,164.0,120.0,52.0,1.5,0.5,196.0,96.0,100.0,48.0,98.0,534.0,18.0,0.2,0.5,20.0,0.28,49.0,4.48,0.41,2025.0
Yelachenahalli Lake,YLC,2025-06-06,12.8982,77.5855,,,,,,,,,,,,,,,,06/25,3638.0,Yelachenahalli Lake,D,6.8,7.4,433.0,4.0,1.7,240.0,3500.0,3.0,136.0,5.0,136.0,56.0,48.0,1.6,1.2,124.0,64.0,60.0,7.0,43.0,296.0,12.0,0.2,0.5,2.0,0.2,42.0,1.7,0.17,2025.0
Yelachenahalli Lake,YLC,2025-11-10,12.8982,77.5855,,,,,,,,,,,,,,,,11/25,3638.0,Yelachenahalli Lake,D,6.0,7.4,594.0,6.0,2.0,1691.304347826087,2800.0,21.070422535211268,184.0,20.0,184.0,96.0,72.0,7.970000000000001,0.7,180.0,96.0,84.0,21.0,54.0,382.0,38.0,0.26,0.5,9.0,0.295,37.0,1.7,0.62,2025.0
Yelahanka Tank,YLH,2023-08-16,13.1012,77.5966,,,,,,,,,,,,,,,,08/23,3630.0,YELAHANKA TANK,"E (Irrigation, industrial cooling and controlled
waste)",3.0,6.9,1207.0,13.0,3.5,3900.0,160000.0,9.314285714285717,336.0,5.0,336.0,188.0,131.0,3.145714285714286,2.1,324.0,168.0,156.0,18.0,117.0,822.0,24.742857142857144,0.51,0.5,15.0,0.57,41.0,1.6648571428571428,0.3071428571428571,2023.0
Yelahanka Tank,YLH,2023-10-10,13.1012,77.5966,,,,,,,,,,,,,,,,10/23,3630.0,YELAHANKA TANK,"D (Propagation of wild life,fisheries)",6.1,7.5,407.0,4.0,1.0,430.0,5400.0,3.0,88.0,5.0,88.0,52.0,40.0,11.609913793103448,0.4,136.0,72.0,64.0,15.0,36.0,274.0,49.16157205240175,0.31,0.5,11.0,0.2,34.0,2.15,0.95,2023.0
Yelahanka Tank,YLH,2023-12-24,13.1012,77.5966,,,,,,,,,,,,,,,,12/23,3630.0,YELAHANKA TANK,"D (Propagation of wild life,fisheries)",5.4,7.0,560.0,4.0,2.11,17000.0,240000.0,3.0,124.0,5.0,124.0,88.0,40.0,1.5,0.49,148.0,76.0,72.0,23.0,46.0,388.0,10.0,0.2,0.5,10.0,0.28,38.0,1.6,0.55,2023.0
Yelahanka Tank,YLH,2024-03-03,13.1012,77.5966,,,,,,,,,,,,,,,,03/24,3630.0,Yelahanka Tank,"E (Irrigation, industrial cooling and controlled waste)",3.5,8.1,1255.0,31.0,4.0,2100.0,9400.0,3.0,320.0,5.0,320.0,240.0,184.0,5.7,4.4,300.0,156.0,144.0,12.0,125.0,853.0,82.0,1.23,0.5,39.0,0.2,44.0,3.0,2.23,2024.0
Yelahanka Tank,YLH,2024-05-02,13.1012,77.5966,,,,,,,,,,,,,,,,05/24,3630.0,Yelahanka Tank,"E (Irrigation, industrial cooling and controlled waste)",0.3,6.6,1099.0,26.0,3.8,1400.0,14000.0,3.0,248.0,5.0,248.0,136.0,174.0,6.2,4.8,244.0,128.0,116.0,14.0,108.0,748.0,22.0,1.3,0.5,22.0,0.32,46.0,3.0,3.8,2024.0
Yelahanka Tank,YLH,2024-06-01,13.1012,77.5966,,,,,,,,,,,,,,,,06/24,3630.0,Yelahanka Tank,"D (Propagation of wild life,fisheries)",8.0,8.2,911.0,22.0,3.2,3100.0,17000.0,3.0,244.0,5.0,244.0,188.0,144.0,1.5,1.1,236.0,124.0,112.0,20.0,95.0,620.0,60.0,1.2,0.5,29.0,0.22,43.0,2.7,2.4,2024.0
Yelahanka Tank,YLH,2024-09-19,13.1012,77.5966,,,,,,,,,,,,,,,,09/24,3630.0,Yelahanka Tank,"D (Propagation of wild life,fisheries)",7.0,7.0,998.0,5.0,4.02,2100.0,9400.0,3.0,248.0,5.0,248.0,176.0,48.0,1.5,0.65,208.0,108.0,100.0,24.0,98.0,678.0,80.0,2.71,0.5,26.0,0.29,51.0,3.0,7.25,2024.0
Yelahanka Tank,YLH,2024-12-08,13.1012,77.5966,,,,,,,,,,,,,,,,12/24,3630.0,Yelahanka Tank,"D (Propagation of wild life,fisheries)",6.0,8.1,423.0,5.0,1.7,170.0,2200.0,3.0,104.0,5.0,104.0,48.0,52.0,1.5,0.4,112.0,60.0,52.0,11.0,32.0,288.0,10.0,0.31,0.5,7.0,0.2,45.0,1.32,0.85,2024.0
Yelahanka Tank,YLH,2025-01-07,13.1012,77.5966,,,,,,,,,,,,,,,,01/25,3630.0,Yelahanka Tank,"E (Irrigation, industrial cooling and controlled waste)",3.2,7.0,1274.0,11.0,4.9,1300.0,13000.0,3.0,264.0,5.0,264.0,176.0,120.0,3.9,3.0,248.0,132.0,116.0,18.0,113.0,866.0,74.0,0.2,0.5,24.0,0.2,54.0,3.1,0.2,2025.0
Yelahanka Tank,YLH,2025-02-01,13.1012,77.5966,,,,,,,,,,,,,,,,02/25,3630.0,Yelahanka Tank,"E (Irrigation, industrial cooling and controlled waste)",1.1,7.9,1322.0,30.0,5.0,1700.0,9400.0,3.0,324.0,5.0,324.0,196.0,201.0,6.3,4.9,216.0,116.0,100.0,23.0,58.0,904.0,94.0,1.0,0.5,30.0,0.28,33.0,1.7,2.3,2025.0
Yelahanka Tank,YLH,2025-03-08,13.1012,77.5966,,,,,,,,,,,,,,,,03/25,3630.0,Yelahanka Tank,"E (Irrigation, industrial cooling and controlled waste)",1.0,7.8,910.0,20.0,3.5,3300.0,13000.0,3.0,356.0,5.0,356.0,200.0,185.0,2.34,1.8,260.0,136.0,124.0,6.897435897435898,90.0,620.0,18.0,0.22,0.5,12.0,0.3,42.0,2.4,3.12,2025.0
Yelahanka Tank,YLH,2025-04-04,13.1012,77.5966,,,,,,,,,,,,,,,,04/25,3630.0,Yelahanka Tank,"D (Propagation of wild life,fisheries)",5.8,7.3,895.0,7.0,3.4,3100.0,11000.0,3.0,180.0,5.0,180.0,140.0,82.0,1.5,0.4,180.0,96.0,84.0,12.0,81.0,610.0,10.0,0.2,0.5,22.0,0.34,46.0,2.6,0.5,2025.0
Yelahanka Tank,YLH,2025-05-07,13.1012,77.5966,0.1442989019110969,0.1698330971567892,0.197820163257618,0.2186342800830605,0.2298526589941225,0.2491622637525075,0.2429237813676837,0.3107962200401223,0.2873000316756414,-0.1813567587139663,-0.2979674025000788,0.0535923862259006,0.0789053054805016,1.174631373852121,1.1216706568446115,05/25,3630.0,Yelahanka Tank,E,3.2,7.5,859.0,21.0,3.3,14000.0,46000.0,3.0,212.0,5.0,212.0,132.0,118.0,5.9,4.6,188.0,100.0,88.0,20.0,93.0,584.0,162.0,1.5,0.5,22.0,0.41,48.0,3.0,4.5,2025.0
Yelahanka Tank,YLH,2025-06-06,13.1012,77.5966,0.1657939745890963,0.185414022060834,0.2026225292830122,0.2269740998838559,0.2472711118150142,0.2677462042023018,0.2637542744518354,0.2907379579769822,0.2527152465420755,-0.1762912836392891,-0.2237120319149227,0.0581964277357764,0.0457752799114488,1.0980990929126009,1.127452298587306,06/25,3630.0,Yelahanka Tank,E,2.4,7.1,844.0,22.0,3.2,630.0,2200.0,3.0,188.0,5.0,188.0,132.0,171.0,11.2,8.6,208.0,104.0,104.0,17.0,95.0,574.0,58.0,1.5,0.5,11.0,0.33,48.0,2.9,3.5,2025.0
Yelahanka Tank,YLH,2025-11-10,13.1012,77.5966,,,,,,,,,,,,,,,,11/25,3630.0,Yelahanka Tank,E,1.6,7.0,992.0,23.0,3.8,1529.7101449275365,11000.0,23.323943661971832,332.0,20.0,332.0,168.0,164.0,14.0,11.0,232.0,120.0,112.0,20.0,109.0,684.0,68.0,1.8,0.5,12.0,0.52,49.0,3.1,4.2,2025.0
Yelemallappa Shetty Lake,YMS,2023-08-16,13.0066,77.678,,,,,,,,,,,,,,,,08/23,3605.0,YELEMALLAPPA SHETTY LAKE,"E (Irrigation, industrial cooling and controlled waste)",2.8,6.5,1190.0,13.0,2.38,410.0,16000.0,6.59047619047619,396.0,5.0,396.0,96.0,116.0,3.816190476190476,11.0,256.0,132.0,124.0,31.0,67.0,806.0,20.97142857142857,0.2,0.5,14.0,0.2,41.0,1.8094285714285712,0.4119047619047619,2023.0
Yelemallappa Shetty Lake,YMS,2023-10-10,13.0066,77.678,,,,,,,,,,,,,,,,10/23,3605.0,YELEMALLAPPA SHETTY LAKE,"E (Irrigation, industrial cooling and controlled waste)",3.9,7.2,1014.0,12.0,4.0,310.0,16000.0,3.0,160.0,5.0,112.0,160.0,104.0,10.829741379310343,2.6,212.0,112.0,100.0,29.0,87.0,682.0,63.48471615720524,0.89,0.5,23.0,0.28,44.0,3.0,2.0,2023.0
Yelemallappa Shetty Lake,YMS,2023-12-24,13.0066,77.678,,,,,,,,,,,,,,,,12/23,3605.0,"YELEMALLAPPA
SHETTY LAKE","E (Irrigation, industrial cooling and controlled waste)",1.0,7.5,1315.0,18.0,5.0,490.0,16000.0,3.0,332.0,5.0,332.0,164.0,140.0,6.24,4.8,268.0,140.0,128.0,24.0,118.0,894.0,28.0,1.86,0.5,10.0,0.46,47.0,3.0,5.71,2023.0
Yelemallappa Shetty Lake,YMS,2024-03-03,13.0066,77.678,,,,,,,,,,,,,,,,03/24,3605.0,Yelemallappa Shetty Lake,"D (Propagation of wild life,fisheries)",4.4,7.0,1730.0,5.0,6.6,220.0,2400.0,3.0,396.0,5.0,396.0,288.0,60.0,1.5,0.52,472.0,240.0,232.0,70.0,138.0,1204.0,14.0,0.37,0.5,35.0,0.29,37.0,2.76,1.01,2024.0
Yelemallappa Shetty Lake,YMS,2024-04-02,13.0066,77.678,,,,,,,,,,,,,,,,04/24,3605.0,Yelemallappa Shetty Lake,"E (Irrigation, industrial cooling and controlled waste)",3.4,8.2,1766.0,15.0,6.0,1400.0,4900.0,3.0,520.0,5.0,520.0,348.0,140.0,19.5,15.0,368.0,188.0,180.0,6.0,239.0,1218.0,10.0,0.54,0.5,39.0,0.26,55.0,5.0,1.35,2024.0
Yelemallappa Shetty Lake,YMS,2024-06-01,13.0066,77.678,,,,,,,,,,,,,,,,06/24,3605.0,Yelemallappa Shetty Lake,"E (Irrigation, industrial cooling and controlled waste)",1.3,6.5,961.0,21.0,3.3,26.0,920.0,3.0,316.0,5.0,316.0,136.0,168.0,16.6,12.8,292.0,152.0,140.0,15.0,94.0,650.0,24.0,1.2,0.5,12.0,0.2,40.0,2.4,3.3,2024.0
Yelemallappa Shetty Lake,YMS,2024-09-19,13.0066,77.678,,,,,,,,,,,,,,,,09/24,3605.0,Yelemallappa Shetty Lake,"E (Irrigation, industrial cooling and controlled waste)",2.4,6.7,1052.0,12.0,3.7,2400.0,5800.0,3.0,348.0,5.0,348.0,140.0,118.0,2.6,2.0,236.0,124.0,112.0,7.0,118.0,716.0,10.0,0.6,0.5,33.0,0.2,48.0,3.4,1.5,2024.0
Yelemallappa Shetty Lake,YMS,2024-12-08,13.0066,77.678,,,,,,,,,,,,,,,,12/24,3605.0,Yelemallappa Shetty Lake,"D (Propagation of wild life,fisheries)",4.0,6.8,605.0,7.0,2.0,46.0,920.0,3.0,212.0,5.0,212.0,96.0,71.0,1.5,0.4,168.0,88.0,80.0,24.0,68.0,410.0,18.0,0.36,0.5,8.0,0.2,45.0,2.3,0.86,2024.0
Yelemallappa Shetty Lake,YMS,2025-01-07,13.0066,77.678,,,,,,,,,,,,,,,,01/25,3605.0,Yelemallappa Shetty Lake,"E (Irrigation, industrial cooling and controlled waste)",1.0,7.3,1614.0,25.0,6.2,210.0,3500.0,3.0,376.0,5.0,376.0,272.0,192.0,8.1,7.4,440.0,224.0,216.0,66.0,149.0,1092.0,10.0,0.5,0.5,32.0,0.23,40.0,3.1,1.41,2025.0
Yelemallappa Shetty Lake,YMS,2025-02-01,13.0066,77.678,,,,,,,,,,,,,,,,02/25,3605.0,Yelemallappa Shetty Lake,"D (Propagation of wild life,fisheries)",5.6,6.7,1662.0,11.0,6.3,140.0,2800.0,3.0,516.0,5.0,516.0,260.0,121.0,9.88,7.6,396.0,204.0,192.0,10.0,174.0,1132.0,10.0,1.3,0.5,20.0,0.22,47.0,3.9,3.0,2025.0
Yelemallappa Shetty Lake,YMS,2025-03-08,13.0066,77.678,,,,,,,,,,,,,,,,03/25,3605.0,Yelemallappa Shetty Lake,"E (Irrigation, industrial cooling and controlled waste)",1.9,6.8,1121.0,16.0,4.3,110000.0,700000.0,3.0,387.0,5.0,387.0,92.0,108.0,27.3,21.0,453.0,283.0,170.0,7.512820512820513,39.0,760.0,46.0,1.41,0.5,35.0,0.3,14.0,1.0,3.59,2025.0
Yelemallappa Shetty Lake,YMS,2025-04-04,13.0066,77.678,0.2105539696699375,0.2099773463503151,0.2144575386468477,0.2519349687778769,0.279828724353256,0.2924863514719,0.2807722569134701,0.3059066012488849,0.2507152542372881,-0.1535861110108184,-0.196747951397329,0.0873491632259431,0.0102974605804511,1.0210855910390575,1.2013237254165192,04/25,3605.0,Yelemallappa Shetty Lake,"E (Irrigation, industrial cooling and controlled waste)",0.3,8.5,952.0,39.0,3.9,14000.0,48000.0,24.0,332.0,12.0,144.0,160.0,296.0,28.0,22.0,236.0,124.0,112.0,11.0,80.0,646.0,10.0,0.32,0.5,24.0,0.31,39.0,2.26,0.93,2025.0
Yelemallappa Shetty Lake,YMS,2025-05-07,13.0066,77.678,0.060049120028159,0.0845455263504959,0.0850551356119259,0.126987096092925,0.235174452657515,0.276409651531151,0.2770934037310806,0.2532447940865892,0.1928637768391412,-0.5265467604863959,-0.5114639832107416,0.238073186614272,-0.0258745296230275,0.962646037641896,1.722691479551283,05/25,3605.0,Yelemallappa Shetty Lake,E,2.4,6.8,724.0,25.0,2.8,1400.0,4800.0,3.0,236.0,5.0,236.0,108.0,174.0,8.3,6.4,200.0,104.0,96.0,22.0,68.0,500.0,26.0,0.24,0.5,2.0,0.42,42.0,2.1,0.6,2025.0
Yelemallappa Shetty Lake,YMS,2025-06-06,13.0066,77.678,0.0550342555438225,0.0817246743372652,0.080226649239001,0.127179380499824,0.2453327771911299,0.290738180218233,0.2879271418514606,0.2445080429426259,0.1841276909538896,-0.5503973221477331,-0.5184099182084815,0.2809314817060552,-0.0456192325640811,0.9307860937443037,1.952218392967212,06/25,3605.0,Yelemallappa Shetty Lake,E,1.7,7.2,1361.0,69.0,5.2,170.0,2400.0,3.0,348.0,5.0,348.0,160.0,336.0,30.2,24.0,248.0,132.0,116.0,12.0,100.0,900.0,10.0,0.73,0.5,25.0,0.22,44.0,3.0,4.3,2025.0
Yelemallappa Shetty Lake,YMS,2025-11-10,13.0066,77.678,,,,,,,,,,,,,,,,11/25,3605.0,Yelemallappa Shetty Lake,E,3.2,7.0,1339.0,17.0,5.1,721.7391304347826,3500.0,34.59154929577465,228.0,20.0,228.0,276.0,128.0,6.6,5.1,324.0,164.0,160.0,38.0,147.0,924.0,140.0,0.27,0.5,16.0,0.48,48.0,3.5,0.64,2025.0
