LAKE_NAME,DATE,NDCI_Chla,NDTI,NDWI,NDSSI,IMAGE_COUNT
Gunduru Lake,07/23,,,,,0
Doddebele,07/23,,,,,0
Somapura,07/23,,,,,0
Mailasandra,07/23,,,,,0
Kengeri 1,07/23,,,,,0
Kengeri 2,07/23,,,,,0
Chenvinayanahalli,07/23,,,,,0
Annamma kere,07/23,,,,,0
Deevatigeramnahalli kere,07/23,,,,,0
Devarakere,07/23,,,,,0
Doraikere,07/23,,,,,0
Goudanakere,07/23,,,,,0
Gubbalal kere,07/23,,,,,0
Halagevaderahalli kere-2,07/23,,,,,0
Herohalli Thotadakere,07/23,,,,,0
Hosakerehalli Kere,07/23,,,,,0
Kempambudhi lake,07/23,,,,,0
Laggeri Lake,07/23,,,,,0
Mallathahalli Lake,07/23,,,,,0
Moge kere,07/23,,,,,0
Muppatu Kavalu Hosa Kere,07/23,,,,,0
Nayandanahalli kere,07/23,,,,,0
Sankey Tank,07/23,,,,,0
Subramhanyapura kere,07/23,,,,,0
Ullalu lake-2,07/23,,,,,0
Valagerehalli kere,07/23,,,,,0
Yediyur kere,07/23,,,,,0
Bhimmanakuppe Govt lake,07/23,,,,,0
Srigandhakavalu Karabu Katte,07/23,,,,,0
Janaradhan kere,07/23,,,,,0
Konashetty kere,07/23,,,,,0
Nagarabhavi (Un-named Lake on map),07/23,,,,,0
Sompura Govt.lake,07/23,,,,,0
Lakshmipura Lake,07/23,,,,,0
Amrutnagar Lake,07/23,,,,,0
Hoysalanagara Lake,07/23,,,,,0
Basavanagar Lake,07/23,,,,,0
Ajjegowdana katte,07/23,,,,,0
Kodigehalli kere,07/23,,,,,0
Kommaghatta Govt. Lake,07/23,,,,,0
Manganahalli Lake,07/23,,,,,0
Bhattarahalli kere,07/23,,,,,0
Thirumenahalli lake,07/23,,,,,0
Avalahali kere,07/23,,,,,0
Begur Lake,07/23,,,,,0
meenakshi lake,07/23,,,,,0
Kannuru kere,07/23,,,,,0
Kannuru kere,07/23,,,,,0
Doddagubbi kere,07/23,,,,,0
Suggata kere,07/23,,,,,0
Yelahanka Lake,07/23,,,,,0
Dodda Bommasandra Lake,07/23,,,,,0
Singapura lake,07/23,,,,,0
Chellaghatta kere,07/23,,,,,0
Bellandur Amanikere,07/23,,,,,0
Abbigere Kere,07/23,,,,,0
Kammagondanahalli lake,07/23,,,,,0
Mallasandra Lake-2,07/23,,,,,0
Chikkabanavara kere,07/23,,,,,0
Mallasandra Gudde lake,07/23,,,,,0
Bagalagunte Govt.Lake,07/23,,,,,0
Lalbagh kere,07/23,,,,,0
Chikkabellanduru kere,07/23,,,,,0
Carmelarm,07/23,,,,,0
Gunjuruplaya kere,07/23,,,,,0
Govt. Dinnekere,07/23,,,,,0
Panattur Govt.kere,07/23,,,,,0
Gramadakere,07/23,,,,,0
Ambalipura Kelagina kere,07/23,,,,,0
Melinakere,07/23,,,,,0
Sowl kere,07/23,,,,,0
Bhoganahalli kere,07/23,,,,,0
Devarabisanahalli kere,07/23,,,,,0
Doddakanneli Gramadakere,07/23,,,,,0
Lakedew Appartment lake,07/23,,,,,0
Kaikondanahalli kere,07/23,,,,,0
Kasavanahalli kere,07/23,,,,,0
Mestripalya lake,07/23,,,,,0
Tavarekere lake,07/23,,,,,0
Byrasandra Kere,07/23,,,,,0
J P Park Kere,07/23,,,,,0
Agara kere,07/23,,,,,0
Ibbalur Govt. Lake,07/23,,,,,0
sarraki kere,07/23,,,,,0
Puttenahalli Kere,07/23,,,,,0
Madivala Kere,07/23,,,,,0
Somasundrapalya lake,07/23,,,,,0
singasandra,07/23,,,,,0
Kodagi Singasandra kere,07/23,,,,,0
doddakodlu,07/23,,,,,0
Karabu Kere/Konappana agrahara lake,07/23,,,,,0
Parapana Agahara Lake,07/23,,,,,0
Kudlu Chikere,07/23,,,,,0
Kelaginakere,07/23,,,,,0
Melinakere,07/23,,,,,0
Basavanapura Kere,07/23,,,,,0
Swarna Kunte Gudde Lake,07/23,,,,,0
Chikkabegur kere,07/23,,,,,0
Elenahalli Lake,07/23,,,,,0
Kalena Agrahara Govt. Lake,07/23,,,,,0
Infrastructure Corridor,07/23,,,,,0
Beratena Agrahara Lake,07/23,,,,,0
Mylasandra Dodda Agrahara kere,07/23,,,,,0
Arekere Govt. lake,07/23,,,,,0
Hulimavu Kere,07/23,,,,,0
Akashaya nagar Kere,07/23,,,,,0
Gottigere Kere,07/23,,,,,0
Kothanaru Kere,07/23,,,,,0
RBI layout kere,07/23,,,,,0
Chunchanaghatta Kere,07/23,,,,,0
Alahalli Kere,07/23,,,,,0
Kembathahali kere,07/23,,,,,0
Doddakallasandra  kere,07/23,,,,,0
Konanakunte  kere,07/23,,,,,0
Thalagattapura lake,07/23,,,,,0
Vajarahalli Govt.Katte,07/23,,,,,0
Harohalli kere,07/23,,,,,0
Puttenahalli Lake,07/23,,,,,0
Chellakere kere,07/23,,,,,0
Horamavu Agara,07/23,,,,,0
Horamavu kere,07/23,,,,,0
Kalkere Kere,07/23,,,,,0
Nagareshvara Nagenahalli Kere,07/23,,,,,0
Rampura Kere,07/23,,,,,0
Atturu kere,07/23,,,,,0
Veerasagara kere,07/23,,,,,0
Dodda bettahalli,07/23,,,,,0
Dasarahalli kere,07/23,,,,,0
Doddabidarakallu lake,07/23,,,,,0
Allasandra Lake,07/23,,,,,0
Andhrahalli Lake,07/23,,,,,0
Handrahalli kere,07/23,,,,,0
Narasappanahalli kere,07/23,,,,,0
Valagere,07/23,,,,,0
Shivapura New tank,07/23,,,,,0
Agrahara Lake,07/23,,,,,0
Chokkanahalli lake,07/23,,,,,0
Jakkuru lake,07/23,,,,,0
palanahalli,07/23,,,,,0
Kattigenahalli lake,07/23,,,,,0
Kogilu kere,07/23,,,,,0
Venkateshapura lake,07/23,,,,,0
Bellihalli kere,07/23,,,,,0
B. Channasandra lake,07/23,,,,,0
Byappanahalli kere,07/23,,,,,0
Kowdenahalli Kere,07/23,,,,,0
Krishnarajapuram kere,07/23,,,,,0
Basavanapura kere,07/23,,,,,0
Shegehalli kere,07/23,,,,,0
Mangamanapalya Kere,07/23,,,,,0
Hoodi kere-2,07/23,,,,,0
Jimkenahalli Kere,07/23,,,,,0
Kodigehalli lake,07/23,,,,,0
Gangashetti kere/ Devasandra kere,07/23,,,,,0
Vijinapura kere2,07/23,,,,,0
B.Narayanapura kere,07/23,,,,,0
Melinakere,07/23,,,,,0
Kelaginakere,07/23,,,,,0
Rachenahalli kere,07/23,,,,,0
Amruthahalli Lake,07/23,,,,,0
Nagawara Lake,07/23,,,,,0
Herohalli Lake,07/23,,,,,0
Hebbal  kere,07/23,,,,,0
Mahadevapura kere,07/23,,,,,0
Vibhutipura kere,07/23,,,,,0
Rajapalya Hoodikere,07/23,,,,,0
Achanakere,07/23,,,,,0
"Yekkalagatta kere,Mahadevepura Kere",07/23,,,,,0
Pattaduru Agrahara kere-2,07/23,,,,,0
Nallurahallikere,07/23,,,,,0
Thubarahalli lake,07/23,,,,,0
Sheelavantana kere,07/23,,,,,0
Doddanekundi Kunte,07/23,,,,,0
Chinnappanahalli  kere1,07/23,,,,,0
Doddanekundi kere,07/23,,,,,0
Kundalahalli kere,07/23,,,,,0
Acchanakere,07/23,,,,,0
Varthur lake,07/23,,,,,0
Narasipura Lake-1,07/23,,,,,0
Narasipura Lake-2,07/23,,,,,0
Ulsoor Lake,07/23,,,,,0
Gunduru Lake,08/23,0.1990804822,-0.07287124805,-0.2876575829,-0.4330576171,2
Doddebele,08/23,0.253023688,-0.1410503098,-0.1468936745,-0.2477655394,2
Somapura,08/23,0.1421677475,-0.0100699356,-0.333980637,-0.4106389362,2
Mailasandra,08/23,0.285452048,-0.1101622354,-0.5797855391,-0.6871399159,2
Kengeri 1,08/23,0.1180374222,-0.01840817791,-0.3366223646,-0.406101147,2
Kengeri 2,08/23,0.2243554817,-0.07085025082,-0.4531580738,-0.5482671988,2
Chenvinayanahalli,08/23,0.1725351499,-0.03721486645,-0.3467837928,-0.3902304896,2
Annamma kere,08/23,0.2373178792,-0.1276748773,-0.1508862205,-0.3598020508,2
Deevatigeramnahalli kere,08/23,,,,,2
Devarakere,08/23,,,,,2
Doraikere,08/23,,,,,2
Goudanakere,08/23,,,,,2
Gubbalal kere,08/23,0.1759944971,-0.02866179516,-0.3734027241,-0.4928625983,2
Halagevaderahalli kere-2,08/23,0.1685290179,-0.03866784091,-0.4326598863,-0.4756498249,2
Herohalli Thotadakere,08/23,0.1907397165,-0.008170809636,-0.4783137918,-0.5890474032,2
Hosakerehalli Kere,08/23,0.1870020305,-0.02709843459,-0.4440728055,-0.5395413975,2
Kempambudhi lake,08/23,0.2347821548,-0.08666908452,-0.485971818,-0.5643237677,2
Laggeri Lake,08/23,0.2639251184,-0.1294466385,-0.5589038648,-0.6534158013,2
Mallathahalli Lake,08/23,0.1336549455,0.02372928712,-0.2181218239,-0.3632424211,2
Moge kere,08/23,,,,,2
Muppatu Kavalu Hosa Kere,08/23,0.261363802,-0.1536110105,0.01089455351,-0.1120358504,2
Nayandanahalli kere,08/23,0.1822756232,-0.1070405594,-0.01162952041,-0.1455829985,2
Sankey Tank,08/23,0.1002584898,-0.1198900968,0.03101216687,-0.110608926,2
Subramhanyapura kere,08/23,0.1853648646,-0.1123692366,-0.1008043578,-0.2419926613,2
Ullalu lake-2,08/23,0.192557381,-0.03033635745,-0.4040063408,-0.5110938687,2
Valagerehalli kere,08/23,0.3162536837,-0.1374049843,-0.5987793485,-0.6920504191,2
Yediyur kere,08/23,0.277154184,-0.2213517738,-0.07059361871,-0.2569526298,2
Bhimmanakuppe Govt lake,08/23,0.2161172646,-0.07689456626,-0.3449365786,-0.4832212021,2
Srigandhakavalu Karabu Katte,08/23,0.1562597253,0.01045617166,-0.3254443614,-0.4610022863,2
Janaradhan kere,08/23,0.2254208732,-0.07507758557,-0.5172607016,-0.590598034,2
Konashetty kere,08/23,0.2729974551,-0.08324587153,-0.5431012991,-0.6559141492,2
Nagarabhavi (Un-named Lake on map),08/23,0.1098132759,0.1026081796,-0.3155221868,-0.4839937103,2
Sompura Govt.lake,08/23,0.119616809,-0.001710829795,-0.2672053445,-0.3371357516,2
Lakshmipura Lake,08/23,0.2120275732,-0.01757720888,-0.3364703486,-0.4902208934,2
Amrutnagar Lake,08/23,0.123771514,-0.1214979667,-0.02529423886,-0.1115988687,2
Hoysalanagara Lake,08/23,0.141790066,-0.01796820009,-0.2747312167,-0.3859031733,2
Basavanagar Lake,08/23,0.2210540511,-0.1144554181,-0.2174035462,-0.3498483437,2
Ajjegowdana katte,08/23,,,,,2
Kodigehalli kere,08/23,,,,,2
Kommaghatta Govt. Lake,08/23,0.2291527627,-0.09529483221,-0.3484388927,-0.4311418299,2
Manganahalli Lake,08/23,0.09821032229,-0.07529959928,-0.0218232134,-0.1284928033,2
Bhattarahalli kere,08/23,,,,,2
Thirumenahalli lake,08/23,0.1456880905,0.01865412657,-0.2903402149,-0.4329225729,2
Avalahali kere,08/23,0.2531064445,-0.1319362379,-0.2076585124,-0.2873977307,2
Begur Lake,08/23,0.2059601792,-0.0793259431,-0.1645737576,-0.291380854,2
meenakshi lake,08/23,0.2034528516,-0.05388701005,-0.200702682,-0.3808261882,2
Kannuru kere,08/23,0.1747881975,-0.05362919444,-0.06370942199,-0.2335350051,2
Kannuru kere,08/23,0.1747881975,-0.05362919444,-0.06370942199,-0.2335350051,2
Doddagubbi kere,08/23,0.1653683966,-0.0525525358,-0.1914792312,-0.3088500896,2
Suggata kere,08/23,0.2147014788,-0.0194628224,-0.3885057955,-0.5371554907,2
Yelahanka Lake,08/23,0.1772913772,-0.1399694191,0.06838874894,-0.06003103389,2
Dodda Bommasandra Lake,08/23,0.2283772323,-0.1499368571,-0.09616756791,-0.2913844214,2
Singapura lake,08/23,0.123039015,0.08952365051,-0.3409467577,-0.5233169307,2
Chellaghatta kere,08/23,0.2794639794,-0.1264905549,-0.5350652625,-0.651581498,2
Bellandur Amanikere,08/23,0.2492204987,-0.1338608672,-0.2741857551,-0.3658325111,2
Abbigere Kere,08/23,0.1995284036,-0.002602457246,-0.4185413641,-0.5915176359,2
Kammagondanahalli lake,08/23,0.2547013386,-0.06089895422,-0.5564657052,-0.6844809332,2
Mallasandra Lake-2,08/23,0.2717768215,-0.152178126,-0.5761971907,-0.6412800666,2
Chikkabanavara kere,08/23,0.3597869378,-0.2125158885,-0.1049466163,-0.2564888798,2
Mallasandra Gudde lake,08/23,0.3251518955,-0.1461278177,-0.6216531632,-0.7332886079,2
Bagalagunte Govt.Lake,08/23,0.2275601764,-0.07985054755,-0.5063575155,-0.5997777044,2
Lalbagh kere,08/23,0.3031727179,-0.2012357014,-0.1094615565,-0.2962401484,2
Chikkabellanduru kere,08/23,0.2550179197,-0.07950883502,-0.5285235984,-0.6429798545,2
Carmelarm,08/23,0.3185263968,-0.06357240493,-0.5381607131,-0.6842226479,2
Gunjuruplaya kere,08/23,0.1232902161,0.02929424203,-0.2140012599,-0.372871873,2
Govt. Dinnekere,08/23,0.09373350245,0.04368060862,-0.1527660561,-0.3535242561,2
Panattur Govt.kere,08/23,0.0798821677,-0.09099063735,0.03982486739,-0.1182560114,2
Gramadakere,08/23,0.2103660664,0.02251368525,-0.4832871824,-0.6242892786,2
Ambalipura Kelagina kere,08/23,0.08724407714,0.1196242495,-0.3122218799,-0.4053305881,2
Melinakere,08/23,0.1664224188,-0.03375826055,-0.3069428811,-0.3803040521,2
Sowl kere,08/23,0.1545552475,-0.1054249429,0.001612405323,-0.07292570493,2
Bhoganahalli kere,08/23,,,,,2
Devarabisanahalli kere,08/23,0.1330758089,-0.1505120056,-0.0886729449,-0.2129005144,2
Doddakanneli Gramadakere,08/23,0.2405544935,-0.10171004,-0.1428602754,-0.2685271012,2
Lakedew Appartment lake,08/23,0.4137086358,-0.1701956487,-0.2775356037,-0.4691251527,2
Kaikondanahalli kere,08/23,0.2878414655,-0.1127364462,-0.3884303435,-0.4941399812,2
Kasavanahalli kere,08/23,0.0666394648,-0.1551787731,0.2087541985,0.08253574234,2
Mestripalya lake,08/23,0.1988535834,-0.0138106944,-0.4114180995,-0.5409600689,2
Tavarekere lake,08/23,0.1504062854,-0.01079973449,-0.3706494776,-0.4583826432,2
Byrasandra Kere,08/23,0.1548089534,-0.01948796399,-0.4184829891,-0.5352677703,2
J P Park Kere,08/23,0.2137580649,-0.03989591,-0.4723681524,-0.5874805477,2
Agara kere,08/23,0.2668794608,-0.09691730428,-0.4828348779,-0.5798133477,2
Ibbalur Govt. Lake,08/23,,,,,2
sarraki kere,08/23,0.05698021614,-0.1404288631,0.1583003892,0.01160296766,2
Puttenahalli Kere,08/23,,,,,2
Madivala Kere,08/23,0.141834441,-0.06784178018,0.04804507645,0.01608856661,2
Somasundrapalya lake,08/23,0.1364937048,-0.004557482549,-0.1364975139,-0.2761479832,2
singasandra,08/23,,,,,2
Kodagi Singasandra kere,08/23,0.1073968949,-0.05452905352,-0.05508260844,-0.1679086592,2
doddakodlu,08/23,0.3192974474,-0.1921831109,-0.1049708298,-0.3205311635,2
Karabu Kere/Konappana agrahara lake,08/23,0.166353248,-0.1078637709,-0.1472378768,-0.2806557229,2
Parapana Agahara Lake,08/23,0.1901147948,-0.009166900557,-0.4294047596,-0.5382780098,2
Kudlu Chikere,08/23,0.2175148695,-0.06149708247,-0.3718840255,-0.5420926729,2
Kelaginakere,08/23,0.03839017068,-0.07305423901,0.1043533464,-0.05169367238,2
Melinakere,08/23,0.1859466291,-0.06218342606,-0.2748618546,-0.365875608,2
Basavanapura Kere,08/23,0.1232731483,0.001976781303,-0.2995736016,-0.4057746523,2
Swarna Kunte Gudde Lake,08/23,0.2377472689,-0.09663064618,-0.462995362,-0.5585160635,2
Chikkabegur kere,08/23,0.2348465002,-0.1004168034,-0.5429844218,-0.6085944637,2
Elenahalli Lake,08/23,0.0878109203,0.02008471107,-0.2333650478,-0.320272122,2
Kalena Agrahara Govt. Lake,08/23,0.1393223935,-0.05294724181,-0.1908619985,-0.3659814246,2
Infrastructure Corridor,08/23,0.2544830855,-0.1259371957,-0.32437673,-0.4410576221,2
Beratena Agrahara Lake,08/23,0.0699581031,0.0719065926,-0.1775261873,-0.3499581353,2
Mylasandra Dodda Agrahara kere,08/23,0.2138013803,-0.07307512304,-0.2404576462,-0.341218903,2
Arekere Govt. lake,08/23,0.1706452739,-0.006060384029,-0.3307391637,-0.4694355943,2
Hulimavu Kere,08/23,0.2260022726,-0.07935023271,-0.4645200842,-0.5731409535,2
Akashaya nagar Kere,08/23,0.2622833906,-0.07105129557,-0.5171958251,-0.644268619,2
Gottigere Kere,08/23,0.3105565133,-0.07681400467,-0.6597858703,-0.7611139593,2
Kothanaru Kere,08/23,0.1420259887,-0.09546633617,-0.1108668893,-0.2204051467,2
RBI layout kere,08/23,0.2693620083,-0.1006284179,-0.4508630194,-0.5809044034,2
Chunchanaghatta Kere,08/23,0.1874685356,-0.07588088055,-0.08217672829,-0.2715570223,2
Alahalli Kere,08/23,0.1744334906,-0.1026443378,-0.08971728101,-0.2124964578,2
Kembathahali kere,08/23,0.1233437594,-0.091863339,-0.01258234602,-0.1963897976,2
Doddakallasandra  kere,08/23,0.1804718689,-0.05373018105,-0.2242374771,-0.3509635737,2
Konanakunte  kere,08/23,0.1266024842,0.0189565895,-0.2646823644,-0.4089147411,2
Thalagattapura lake,08/23,0.1565001898,-0.07011326309,-0.1927976223,-0.2804294995,2
Vajarahalli Govt.Katte,08/23,0.1545893335,0.004907090388,-0.3969512005,-0.5122664888,2
Harohalli kere,08/23,0.2354811318,-0.1233321095,-0.166915089,-0.3426549841,2
Puttenahalli Lake,08/23,0.3057449952,-0.102826526,-0.5701387564,-0.6925376811,2
Chellakere kere,08/23,0.2126540527,-0.02167334385,-0.4318274752,-0.5755690567,2
Horamavu Agara,08/23,0.2665388393,-0.1087061378,0.02193202623,-0.1587242266,2
Horamavu kere,08/23,0.1035805859,-0.003399190773,-0.1019144979,-0.2695973814,2
Kalkere Kere,08/23,0.311272048,-0.1322545248,-0.4271057743,-0.5218140421,2
Nagareshvara Nagenahalli Kere,08/23,0.1391342975,-0.03711315708,-0.04310219531,-0.2445365253,2
Rampura Kere,08/23,0.2157018325,-0.03742865406,-0.4783437603,-0.60655777,2
Atturu kere,08/23,0.2509699273,-0.09195873199,-0.4931741701,-0.5932209814,2
Veerasagara kere,08/23,0.1931272785,-0.08184132175,-0.1131617908,-0.2042969362,2
Dodda bettahalli,08/23,0.1079950003,0.02243776683,-0.1694792083,-0.2900715754,2
Dasarahalli kere,08/23,,,,,2
Doddabidarakallu lake,08/23,0.2422259766,-0.06674810314,-0.5427296891,-0.6502653225,2
Allasandra Lake,08/23,0.08057403427,0.069715713,-0.2476230005,-0.369180375,2
Andhrahalli Lake,08/23,0.1374939347,-0.009978819336,-0.3236165229,-0.3781693714,2
Handrahalli kere,08/23,0.2458135637,-0.09448423381,-0.5351273718,-0.6282999,2
Narasappanahalli kere,08/23,0.3787387621,-0.1976696211,-0.6616503429,-0.7668062959,2
Valagere,08/23,0.2326472624,-0.07770956744,-0.3747528776,-0.4756908958,2
Shivapura New tank,08/23,0.1529595737,0.02333992322,-0.3554403587,-0.5058058599,2
Agrahara Lake,08/23,0.1028177985,0.05263104043,-0.1685393537,-0.2343649168,2
Chokkanahalli lake,08/23,0.1039083088,0.03632464377,-0.2731462749,-0.3644021422,2
Jakkuru lake,08/23,0.317257661,-0.1309988043,-0.1646283617,-0.2944071542,2
palanahalli,08/23,0.1008768958,-0.02946121041,-0.2026164003,-0.2289231819,2
Kattigenahalli lake,08/23,0.275810058,-0.09590357562,-0.297519924,-0.4405980544,2
Kogilu kere,08/23,0.2906211504,-0.09795262009,-0.422817667,-0.5280681534,2
Venkateshapura lake,08/23,0.1568518283,0.005969881265,-0.3075242572,-0.4365923633,2
Bellihalli kere,08/23,0.2887319717,-0.07140726307,-0.4617764415,-0.5962832889,2
B. Channasandra lake,08/23,0.1894764494,-0.1018431204,-0.2284350289,-0.3427062819,2
Byappanahalli kere,08/23,0.2706550736,-0.0818503986,-0.4984479758,-0.6250711567,2
Kowdenahalli Kere,08/23,0.2077264766,-0.05101284965,-0.4979342144,-0.6226848278,2
Krishnarajapuram kere,08/23,0.3372803797,-0.1850860325,-0.644618192,-0.7528544682,2
Basavanapura kere,08/23,0.2074281722,-0.04395604506,-0.510212183,-0.6053962708,2
Shegehalli kere,08/23,0.1082596002,0.006483688789,-0.3359866011,-0.4234285506,2
Mangamanapalya Kere,08/23,0.1523121921,-0.04296609139,-0.06245299582,-0.1844640325,2
Hoodi kere-2,08/23,0.1011409775,0.002633988501,-0.1473356427,-0.260486994,2
Jimkenahalli Kere,08/23,0.06943011986,0.03887168913,-0.2051864735,-0.2912811197,2
Kodigehalli lake,08/23,0.1333573799,-0.1428322057,0.1172441805,-0.02209226371,2
Gangashetti kere/ Devasandra kere,08/23,,,,,2
Vijinapura kere2,08/23,0.2688144117,-0.05781654161,-0.4443480345,-0.5190544568,2
B.Narayanapura kere,08/23,0.1497266427,-0.02574919466,-0.2219242702,-0.3222300939,2
Melinakere,08/23,0.3204846568,-0.1516299193,-0.5364700974,-0.6654629485,2
Kelaginakere,08/23,0.1843894557,-0.0136922138,-0.3906638648,-0.5142768608,2
Rachenahalli kere,08/23,0.3165180021,-0.1455435973,-0.1006323572,-0.2192741304,2
Amruthahalli Lake,08/23,0.3046442923,-0.09327079195,-0.5752129046,-0.7004405973,2
Nagawara Lake,08/23,0.3921970339,-0.1922286447,-0.6502916617,-0.7774619406,2
Herohalli Lake,08/23,0.3336722587,-0.2256061046,-0.1401126377,-0.299945607,2
Hebbal  kere,08/23,0.2118351508,-0.1363121957,-0.04492958637,-0.1856606759,2
Mahadevapura kere,08/23,0.1965734667,-0.06704802862,-0.1554756132,-0.2454116493,2
Vibhutipura kere,08/23,0.3139166092,-0.1645181597,-0.1576071927,-0.3347471527,2
Rajapalya Hoodikere,08/23,0.2047309442,-0.1077105669,-0.3949860012,-0.506767875,2
Achanakere,08/23,0.1684614476,-0.04017228914,-0.3796285108,-0.4784638584,2
"Yekkalagatta kere,Mahadevepura Kere",08/23,0.1570857614,-0.009035056457,-0.3854281306,-0.4657661915,2
Pattaduru Agrahara kere-2,08/23,0.357868719,-0.1956553004,-0.6534985043,-0.7609169627,2
Nallurahallikere,08/23,0.1431568534,-0.05555719205,-0.0103567141,-0.171719426,2
Thubarahalli lake,08/23,0.1276852245,-0.1308626034,0.04916369424,-0.1571234838,2
Sheelavantana kere,08/23,,,,,2
Doddanekundi Kunte,08/23,0.1992243369,-0.07875958323,-0.2583799355,-0.3330860972,2
Chinnappanahalli  kere1,08/23,,,,,2
Doddanekundi kere,08/23,0.2522229089,-0.09114807194,-0.2950394747,-0.4681770977,2
Kundalahalli kere,08/23,0.1933499921,-0.1000437438,-0.0731153732,-0.1651617352,2
Acchanakere,08/23,0.3404883357,-0.2168077454,-0.1390929628,-0.3534038975,2
Varthur lake,08/23,0.2106745817,-0.07588478914,-0.4128790901,-0.5473111547,2
Narasipura Lake-1,08/23,0.3027530514,-0.1571112031,-0.3571246952,-0.5323934537,2
Narasipura Lake-2,08/23,0.349903331,-0.145406217,-0.6406707959,-0.7475199786,2
Ulsoor Lake,08/23,0.1978532331,-0.2029926772,0.2092117731,0.008829440481,2
Gunduru Lake,09/23,0.289098388,-0.1562181906,-0.02520046399,-0.2467690471,2
Doddebele,09/23,0.3816744775,-0.2101027102,0.02869983696,-0.1882208661,2
Somapura,09/23,0.2833212328,-0.1288711419,-0.4133690996,-0.6032388396,2
Mailasandra,09/23,0.4213247732,-0.2151911886,-0.6429121416,-0.7789673434,2
Kengeri 1,09/23,0.3201012886,-0.1103348781,-0.4933370312,-0.6657703236,2
Kengeri 2,09/23,0.4724762661,-0.2502041011,-0.50528695,-0.7361425564,2
Chenvinayanahalli,09/23,0.1713195161,-0.09649639596,0.1034965535,-0.1294657554,2
Annamma kere,09/23,0.2223969049,-0.1365080253,-0.0588447044,-0.2193730586,2
Deevatigeramnahalli kere,09/23,0.3213644885,-0.1944141467,-0.2165455924,-0.4014208872,2
Devarakere,09/23,0.3729781581,-0.2272195057,-0.08854916251,-0.4077800132,2
Doraikere,09/23,0.4322235104,-0.2301565552,-0.2870319021,-0.4857476003,2
Goudanakere,09/23,0.2275249306,-0.08750581458,-0.4516977996,-0.5588527218,2
Gubbalal kere,09/23,0.1636717353,-0.06303559118,-0.421400874,-0.4857863264,2
Halagevaderahalli kere-2,09/23,0.2793795934,-0.09823329369,-0.4026980876,-0.6042472329,2
Herohalli Thotadakere,09/23,0.246015956,-0.1371314926,-0.2985796272,-0.4924539739,2
Hosakerehalli Kere,09/23,0.3519684533,-0.2002237831,-0.491050968,-0.6416435066,2
Kempambudhi lake,09/23,0.372387511,-0.2108554062,-0.1724125359,-0.3733802462,2
Laggeri Lake,09/23,0.4412080756,-0.2344950976,-0.6921906818,-0.8153451879,2
Mallathahalli Lake,09/23,0.2813978692,-0.08687888814,-0.1511489906,-0.4354655973,2
Moge kere,09/23,0.3856168767,-0.2300830573,-0.2130086592,-0.4636255631,2
Muppatu Kavalu Hosa Kere,09/23,0.4158806982,-0.3423288759,0.3485334054,0.0871426507,2
Nayandanahalli kere,09/23,0.2065013253,-0.2247448297,0.3988390026,0.2501904622,2
Sankey Tank,09/23,0.2367115303,-0.184601199,0.5385607238,0.4299585869,2
Subramhanyapura kere,09/23,0.2872250871,-0.1509625781,0.1259045546,-0.1238050161,2
Ullalu lake-2,09/23,0.3442125239,-0.1336299481,-0.6116994529,-0.7682399147,2
Valagerehalli kere,09/23,0.5207391898,-0.2648506071,-0.6767292001,-0.8307905762,2
Yediyur kere,09/23,0.3396961477,-0.2751123802,0.1029334568,-0.177535479,2
Bhimmanakuppe Govt lake,09/23,0.2110109509,-0.120129787,-0.2518309992,-0.3772051985,2
Srigandhakavalu Karabu Katte,09/23,0.2102005067,5.69E-04,-0.4372914338,-0.5924484602,2
Janaradhan kere,09/23,0.3331166178,-0.1628934645,-0.5759571958,-0.6807492568,2
Konashetty kere,09/23,0.3455539021,-0.1532813563,-0.5768628997,-0.6972507818,2
Nagarabhavi (Un-named Lake on map),09/23,0.1686479617,0.06798949055,-0.4403376093,-0.6374283028,2
Sompura Govt.lake,09/23,0.3270421405,-0.1111173994,-0.5144419326,-0.698409513,2
Lakshmipura Lake,09/23,0.1628037204,-0.08162761718,-0.1572073786,-0.2544806721,2
Amrutnagar Lake,09/23,0.2304813579,-0.115845178,0.101168296,-0.1139740764,2
Hoysalanagara Lake,09/23,0.2422221102,-0.07599795248,-0.2099614586,-0.4638347152,2
Basavanagar Lake,09/23,0.3268930794,-0.1756695432,-0.1061437202,-0.3540643288,2
Ajjegowdana katte,09/23,0.3199111801,-0.1938533542,-0.3836470242,-0.5595430092,2
Kodigehalli kere,09/23,0.2408377051,-0.06246237214,-0.3240594705,-0.5300699264,2
Kommaghatta Govt. Lake,09/23,0.3227674638,-0.1966362514,-0.003490085568,-0.09168097116,2
Manganahalli Lake,09/23,0.2110267758,-0.2010850186,0.3970783665,0.3260583613,2
Bhattarahalli kere,09/23,0.229076093,-0.09040011855,0.1664002497,0.02076360693,2
Thirumenahalli lake,09/23,0.1920129843,-0.09126480849,-0.07390027533,-0.2247846195,2
Avalahali kere,09/23,0.2795256882,-0.1651617596,-0.1447920732,-0.2600804083,2
Begur Lake,09/23,0.454083839,-0.2390943867,0.03076577208,-0.1568104416,2
meenakshi lake,09/23,0.2333027605,-0.133016353,0.02912512689,-0.1689302369,2
Kannuru kere,09/23,0.175084995,-0.08700610699,0.155823998,0.001326171594,2
Kannuru kere,09/23,0.175084995,-0.08700610699,0.155823998,0.001326171594,2
Doddagubbi kere,09/23,0.2198763248,-0.06724223098,-0.2277999128,-0.3811752519,2
Suggata kere,09/23,0.2052112067,-0.07140133966,-0.09092364491,-0.3570636684,2
Yelahanka Lake,09/23,0.261687238,-0.1882981164,0.3555619298,0.2863307144,2
Dodda Bommasandra Lake,09/23,0.3049712413,-0.2183150312,0.05028598862,-0.1407454238,2
Singapura lake,09/23,0.2129242348,-0.07606425989,-0.1377418325,-0.3392566497,2
Chellaghatta kere,09/23,0.2261370214,-0.06808967386,-0.4490553751,-0.5522524129,2
Bellandur Amanikere,09/23,0.3078176077,-0.1548880688,-0.1669930557,-0.2995020533,2
Abbigere Kere,09/23,0.319018622,-0.1123823087,-0.490143697,-0.6766358585,2
Kammagondanahalli lake,09/23,0.3544813731,-0.1439234124,-0.5065929147,-0.6766420212,2
Mallasandra Lake-2,09/23,0.5541658993,-0.3281085367,-0.7461653885,-0.8816664507,2
Chikkabanavara kere,09/23,0.3393098328,-0.2270260201,0.1187898646,0.01981451127,2
Mallasandra Gudde lake,09/23,0.4952471869,-0.2715995545,-0.708592918,-0.8534701938,2
Bagalagunte Govt.Lake,09/23,0.2052333395,-0.05634535521,-0.2282774695,-0.4301691712,2
Lalbagh kere,09/23,0.4954051885,-0.3369431095,0.2084487612,-0.1958673864,2
Chikkabellanduru kere,09/23,0.3309287873,-0.1343465172,-0.4179902038,-0.6044248745,2
Carmelarm,09/23,0.3471696746,-0.1019234237,-0.5709388033,-0.7114985804,2
Gunjuruplaya kere,09/23,0.1839863684,-0.01263613227,-0.1879666949,-0.409459838,2
Govt. Dinnekere,09/23,0.08732779822,0.01603392571,-0.110300573,-0.303839025,2
Panattur Govt.kere,09/23,0.07853181982,-0.06150534056,0.1194225275,-0.03967765345,2
Gramadakere,09/23,0.2795272454,-0.07269061995,-0.5363380958,-0.6701397889,2
Ambalipura Kelagina kere,09/23,0.3351521891,-0.1764702111,-0.2029593401,-0.4418916574,2
Melinakere,09/23,0.2823267465,-0.1081022105,-0.2442518837,-0.3907782911,2
Sowl kere,09/23,0.4250215628,-0.287153201,-0.2425345514,-0.501343073,2
Bhoganahalli kere,09/23,0.2862541777,-0.1486439847,0.06217077728,-0.1527388944,2
Devarabisanahalli kere,09/23,0.1395707477,-0.1899115747,0.3313072331,0.1549794486,2
Doddakanneli Gramadakere,09/23,0.2969174303,-0.1726201326,0.1222730385,-0.1031049817,2
Lakedew Appartment lake,09/23,0.3743550045,-0.1896144988,-0.03670417011,-0.2474344525,2
Kaikondanahalli kere,09/23,0.2722312206,-0.1409048435,-0.03606140941,-0.1651972077,2
Kasavanahalli kere,09/23,0.1523827412,-0.2074469614,0.4039796421,0.3340403511,2
Mestripalya lake,09/23,0.2208700076,-0.05664254241,-0.410619509,-0.5267795762,2
Tavarekere lake,09/23,0.2803805188,-0.1144425801,-0.5116168551,-0.6108488433,2
Byrasandra Kere,09/23,0.2539028583,-0.1468952106,-0.02704391699,-0.2138993734,2
J P Park Kere,09/23,0.3110301435,-0.1149033598,-0.5213091987,-0.6637257869,2
Agara kere,09/23,0.3518047631,-0.2504920558,0.3421199691,0.2306565031,2
Ibbalur Govt. Lake,09/23,0.2318715921,-0.1730928684,0.1685551113,0.01019367994,2
sarraki kere,09/23,0.1117830539,-0.2242562693,0.4544004445,0.3296828925,2
Puttenahalli Kere,09/23,0.3892099605,-0.2306305223,0.02337734871,-0.2765287276,2
Madivala Kere,09/23,0.3241468436,-0.1183719296,0.2150383807,-0.009834895909,2
Somasundrapalya lake,09/23,0.2896426272,-0.1650320598,0.2272606993,-0.01156326228,2
singasandra,09/23,0.3638682444,-0.1864065539,-0.1597678824,-0.405659944,2
Kodagi Singasandra kere,09/23,0.1968469472,-0.1160017318,0.008960300929,-0.194713087,2
doddakodlu,09/23,0.4812606087,-0.2930926611,-0.2002050713,-0.4774604662,2
Karabu Kere/Konappana agrahara lake,09/23,0.3693846187,-0.237287914,0.07068445891,-0.4735095505,2
Parapana Agahara Lake,09/23,0.3046430354,-0.1279005829,0.03752077314,-0.2679072471,2
Kudlu Chikere,09/23,0.2583523116,-0.09324933278,-0.2364925495,-0.4411677799,2
Kelaginakere,09/23,0.0903141647,-0.1549230828,0.1694924914,0.006102892889,2
Melinakere,09/23,0.3096303503,-0.1745101447,-0.1181009085,-0.3371300153,2
Basavanapura Kere,09/23,0.1928094344,-0.08096895739,0.02706238716,-0.2006718093,2
Swarna Kunte Gudde Lake,09/23,0.3386665528,-0.1792100817,-0.5295446524,-0.6545345587,2
Chikkabegur kere,09/23,0.4658916698,-0.2574036905,-0.7241586159,-0.8420745489,2
Elenahalli Lake,09/23,0.06803265305,-0.07138544119,0.07296436522,-0.02723661679,2
Kalena Agrahara Govt. Lake,09/23,0.1942463865,-0.1425980413,0.133443021,-0.0772753351,2
Infrastructure Corridor,09/23,0.3467399209,-0.1912963449,-0.2175683609,-0.3691357556,2
Beratena Agrahara Lake,09/23,0.07386741038,0.03810407479,-0.1591512449,-0.3210217761,2
Mylasandra Dodda Agrahara kere,09/23,0.3275383063,-0.1736693123,-0.08108963111,-0.2169625995,2
Arekere Govt. lake,09/23,0.4429187321,-0.2699528761,-0.124267586,-0.3551697101,2
Hulimavu Kere,09/23,0.2967419603,-0.1625997464,-0.4830540212,-0.6211531859,2
Akashaya nagar Kere,09/23,0.258308811,-0.1365593412,-0.1302925374,-0.3525021212,2
Gottigere Kere,09/23,0.6393936133,-0.3660424929,-0.7592035133,-0.8743702246,2
Kothanaru Kere,09/23,0.2496960952,-0.2003454245,0.2525022615,-0.009179660725,2
RBI layout kere,09/23,0.2536858088,-0.1518560633,-0.3065044666,-0.4592884615,2
Chunchanaghatta Kere,09/23,0.3008024686,-0.2000871698,0.1505836738,-0.113003837,2
Alahalli Kere,09/23,0.2922430918,-0.1499924707,0.01622144601,-0.1702532523,2
Kembathahali kere,09/23,0.2495845677,-0.1667577371,-0.06516205438,-0.338116569,2
Doddakallasandra  kere,09/23,0.1760674109,-0.09606672572,-0.2145475944,-0.3026693211,2
Konanakunte  kere,09/23,0.1685113126,-0.07053462171,-0.1672527985,-0.3192543583,2
Thalagattapura lake,09/23,0.2220529835,-0.1134232041,-0.2414440797,-0.3293676606,2
Vajarahalli Govt.Katte,09/23,0.3248810085,-0.1817136191,-0.4191490887,-0.5886913349,2
Harohalli kere,09/23,0.3799261724,-0.2441727126,0.04184669607,-0.1534228084,2
Puttenahalli Lake,09/23,0.3375582731,-0.1636952055,-0.391008509,-0.5414765411,2
Chellakere kere,09/23,0.2259476823,-0.102916948,-0.3044550766,-0.4071871933,2
Horamavu Agara,09/23,0.2795692726,-0.1457826395,0.08444084115,-0.06940044455,2
Horamavu kere,09/23,0.1241476738,0.00939883569,-0.2549365747,-0.4266375969,2
Kalkere Kere,09/23,0.3043386499,-0.1468236979,-0.1727510816,-0.272465787,2
Nagareshvara Nagenahalli Kere,09/23,0.1239099962,-0.007935347925,0.05523727466,-0.1548143505,2
Rampura Kere,09/23,0.2769172261,-0.09559906719,-0.4467682065,-0.5865196855,2
Atturu kere,09/23,0.3224247098,-0.1804410823,-0.3959471925,-0.5199586943,2
Veerasagara kere,09/23,0.2795404484,-0.1156399856,0.08825620276,-0.2203336701,2
Dodda bettahalli,09/23,0.1298290944,-0.0542264211,-0.03334585144,-0.1477551061,2
Dasarahalli kere,09/23,0.3151778733,-0.1781301777,0.08931076473,-0.1383623831,2
Doddabidarakallu lake,09/23,0.4291105223,-0.2205429659,-0.6569641165,-0.8199272476,2
Allasandra Lake,09/23,0.3718338889,-0.2443261147,-0.03233959521,-0.2670017791,2
Andhrahalli Lake,09/23,0.1404406275,-0.04489479294,0.01398037652,-0.1662616894,2
Handrahalli kere,09/23,0.3380200009,-0.1474888361,-0.5828663968,-0.7262044297,2
Narasappanahalli kere,09/23,0.4831880277,-0.3001256237,-0.6511217416,-0.7753461499,2
Valagere,09/23,0.2357406382,-0.04675119589,-0.3605394186,-0.4854513855,2
Shivapura New tank,09/23,0.2805986151,-0.1376338414,-0.3428368326,-0.531871629,2
Agrahara Lake,09/23,0.2224559411,-0.1249275564,-0.04280916097,-0.1658910168,2
Chokkanahalli lake,09/23,0.157401619,-0.05257932804,-0.1623246613,-0.2425742658,2
Jakkuru lake,09/23,0.3463906542,-0.18808033,-0.004887080177,-0.1507460045,2
palanahalli,09/23,0.3480177583,-0.01974688179,-0.6888272517,-0.8645231245,2
Kattigenahalli lake,09/23,0.3254676222,-0.1792153232,-0.1386590963,-0.3053088315,2
Kogilu kere,09/23,0.215467072,-0.1051847572,-0.2042444478,-0.2606509634,2
Venkateshapura lake,09/23,0.2243532515,-0.05695671204,-0.2404525237,-0.4030863338,2
Bellihalli kere,09/23,0.2453400097,-0.1244520664,-0.1839135669,-0.2910646414,2
B. Channasandra lake,09/23,0.1990783077,-0.1076734234,-0.262185073,-0.3473256252,2
Byappanahalli kere,09/23,0.3092794142,-0.1499200115,-0.5355575319,-0.6484994543,2
Kowdenahalli Kere,09/23,0.2555927602,-0.05401904709,-0.5352593937,-0.6831080832,2
Krishnarajapuram kere,09/23,0.4240450007,-0.2488323151,-0.6859203696,-0.7937715492,2
Basavanapura kere,09/23,0.2458371058,-0.156487174,0.1945732015,-0.06326693657,2
Shegehalli kere,09/23,0.3188329827,-0.1556426212,-0.1350183076,-0.3122966576,2
Mangamanapalya Kere,09/23,0.1861191095,-0.1106133832,-0.06357929401,-0.1616460179,2
Hoodi kere-2,09/23,0.1760938375,-0.06540611124,-0.1286041053,-0.2981373869,2
Jimkenahalli Kere,09/23,0.1826479476,-0.1140874415,0.07300164835,-0.1016433621,2
Kodigehalli lake,09/23,0.1495002259,-0.1429798443,0.1783770777,0.05046498903,2
Gangashetti kere/ Devasandra kere,09/23,0.1649219136,-0.0404648942,-0.3612179197,-0.4674886429,2
Vijinapura kere2,09/23,0.1841450288,-0.04575025943,-0.3818864154,-0.4435203307,2
B.Narayanapura kere,09/23,0.3141493951,-0.1600867027,-0.1788935589,-0.3908553721,2
Melinakere,09/23,0.3632181287,-0.1930915929,-0.6156499713,-0.7245535997,2
Kelaginakere,09/23,0.1889262833,-0.1202194373,-0.04321249686,-0.1879801696,2
Rachenahalli kere,09/23,0.3343267493,-0.1813472452,-0.01810493054,-0.144010354,2
Amruthahalli Lake,09/23,0.3205626663,-0.1509087722,-0.4949162685,-0.6237636782,2
Nagawara Lake,09/23,0.3166811401,-0.1977768147,-0.1215125208,-0.2758270174,2
Herohalli Lake,09/23,0.3686539079,-0.2257558276,-0.04500337358,-0.24070038,2
Hebbal  kere,09/23,0.2842721389,-0.1887172173,-0.03091527477,-0.134614653,2
Mahadevapura kere,09/23,0.5197300167,-0.3188899416,-0.1207910123,-0.4534262329,2
Vibhutipura kere,09/23,0.3431455323,-0.2088717215,0.02253134697,-0.2609954798,2
Rajapalya Hoodikere,09/23,0.2264653701,-0.1242961653,-0.3633079703,-0.4891527442,2
Achanakere,09/23,0.2653701919,-0.1781557839,0.065650907,-0.1764202642,2
"Yekkalagatta kere,Mahadevepura Kere",09/23,0.1802155175,-0.08334525188,0.1323420616,-0.1270858976,2
Pattaduru Agrahara kere-2,09/23,0.3108328913,-0.1957593265,-0.5053684784,-0.6191088861,2
Nallurahallikere,09/23,0.182522159,-0.08781660886,-0.0336361426,-0.2075059949,2
Thubarahalli lake,09/23,0.1464169214,-0.1225512899,0.03903172119,-0.08983226695,2
Sheelavantana kere,09/23,0.1048257227,-0.05431185369,-0.101619412,-0.136221693,2
Doddanekundi Kunte,09/23,0.2851956616,-0.1537862791,-0.1102513548,-0.2886688183,2
Chinnappanahalli  kere1,09/23,0.06062469787,-0.03331314194,-0.0520961935,-0.05652097996,2
Doddanekundi kere,09/23,0.2438894914,-0.1484743388,-0.3165696042,-0.4391377679,2
Kundalahalli kere,09/23,0.180722723,-0.1761951089,0.2232726333,0.1008549658,2
Acchanakere,09/23,0.2487558256,-0.1718134436,0.01965439848,-0.1614775935,2
Varthur lake,09/23,0.2140687468,-0.1384265548,-0.2810136514,-0.4213344242,2
Narasipura Lake-1,09/23,0.2788996317,-0.1720182849,-0.2947572877,-0.4234885718,2
Narasipura Lake-2,09/23,0.4070879729,-0.2011585446,-0.6478310738,-0.7684595693,2
Ulsoor Lake,09/23,0.254093245,-0.2262142498,0.2091279395,0.04416817969,2
Gunduru Lake,10/23,0.3131512009,-0.1624512852,-0.07435941919,-0.2749155967,4
Doddebele,10/23,0.3262291847,-0.202636119,-0.1073697354,-0.2895765709,4
Somapura,10/23,0.2470690101,-0.1246925292,-0.4019046189,-0.5341153172,4
Mailasandra,10/23,0.3496577726,-0.1688507527,-0.6203442634,-0.7177668668,4
Kengeri 1,10/23,0.2166626684,-0.08133669785,-0.3772280385,-0.5022896411,4
Kengeri 2,10/23,0.3949087975,-0.2075774048,-0.4755988007,-0.647330533,4
Chenvinayanahalli,10/23,0.1746535108,-0.1073448433,0.08204292843,-0.1366102431,4
Annamma kere,10/23,0.289757277,-0.1712878466,-0.1073102469,-0.2801507554,4
Deevatigeramnahalli kere,10/23,0.2610939422,-0.1686910669,-0.2248309915,-0.3618898758,4
Devarakere,10/23,0.2860978346,-0.173449144,-0.1483496561,-0.3155895473,4
Doraikere,10/23,0.4442043434,-0.2389350794,-0.2831927269,-0.4836789334,4
Goudanakere,10/23,0.2096855938,-0.0333991796,-0.4820150595,-0.6148768361,4
Gubbalal kere,10/23,0.2165425737,-0.1087272039,-0.3582086423,-0.4716210544,4
Halagevaderahalli kere-2,10/23,0.2387599048,-0.1113246017,-0.3880028206,-0.5260900317,4
Herohalli Thotadakere,10/23,0.2269540406,-0.1265581188,-0.3471737805,-0.4740500526,4
Hosakerehalli Kere,10/23,0.3256347123,-0.1616545528,-0.5255940172,-0.6593617339,4
Kempambudhi lake,10/23,0.3708419415,-0.1950263416,-0.181884305,-0.352323355,4
Laggeri Lake,10/23,0.3562114784,-0.1737142066,-0.649664728,-0.7468320707,4
Mallathahalli Lake,10/23,0.2023530403,-0.0518196169,-0.2019668619,-0.3822572571,4
Moge kere,10/23,0.3597650329,-0.2118981655,-0.2553500054,-0.473069291,4
Muppatu Kavalu Hosa Kere,10/23,0.3652014296,-0.2896421205,-0.03811008567,-0.178018532,4
Nayandanahalli kere,10/23,0.1839916653,-0.1819531194,0.07680942477,-0.02376346411,4
Sankey Tank,10/23,0.1543081694,-0.1606145595,0.1968171587,0.1026850256,4
Subramhanyapura kere,10/23,0.3013175849,-0.1582102801,-0.04652602394,-0.2573777308,4
Ullalu lake-2,10/23,0.2872089672,-0.1057002864,-0.5910212922,-0.7038809763,4
Valagerehalli kere,10/23,0.3995138427,-0.2278488594,-0.6343280864,-0.7469942616,4
Yediyur kere,10/23,0.3386433614,-0.2692325562,0.05192186523,-0.1926316997,4
Bhimmanakuppe Govt lake,10/23,0.2518476506,-0.1228467858,-0.3548736811,-0.517936277,4
Srigandhakavalu Karabu Katte,10/23,0.1695399141,0.03695780963,-0.3977100504,-0.5354874283,4
Janaradhan kere,10/23,0.3372840809,-0.1572667814,-0.6041927466,-0.707911454,4
Konashetty kere,10/23,0.2667027578,-0.044248205,-0.5549523243,-0.6736585118,4
Nagarabhavi (Un-named Lake on map),10/23,0.1667606401,0.05206386721,-0.4364599205,-0.5991736415,4
Sompura Govt.lake,10/23,0.3074377117,-0.1095675979,-0.5288808073,-0.6790100178,4
Lakshmipura Lake,10/23,0.1621044649,-0.08021872489,-0.1670768856,-0.2586290576,4
Amrutnagar Lake,10/23,0.1859412717,-0.1216630053,-0.009690010782,-0.1597253415,4
Hoysalanagara Lake,10/23,0.2287142291,-0.1080186569,-0.2254094851,-0.4594785341,4
Basavanagar Lake,10/23,0.271401354,-0.1667069411,-0.1237324115,-0.310781053,4
Ajjegowdana katte,10/23,0.3248015086,-0.1922718521,-0.4131387802,-0.5790998996,4
Kodigehalli kere,10/23,0.2338545331,-0.06968401957,-0.3596115549,-0.5108995926,4
Kommaghatta Govt. Lake,10/23,0.3105652061,-0.2065911991,-0.08916684214,-0.1924522146,4
Manganahalli Lake,10/23,0.1409089153,-0.1506917529,0.2537450975,0.1630192797,4
Bhattarahalli kere,10/23,0.2267692976,-0.1301124097,0.2197018325,0.03090495999,4
Thirumenahalli lake,10/23,0.1969739022,-0.08462401577,-0.1534711686,-0.2825397039,4
Avalahali kere,10/23,0.3263574602,-0.2012771328,-0.1669148147,-0.2925944958,4
Begur Lake,10/23,0.3317891721,-0.1836723286,-0.1948053522,-0.3199868093,4
meenakshi lake,10/23,0.2645912176,-0.1434828794,-0.0145505584,-0.2115612869,4
Kannuru kere,10/23,0.187234567,-0.1044727712,0.08909959381,-0.0567373481,4
Kannuru kere,10/23,0.187234567,-0.1044727712,0.08909959381,-0.0567373481,4
Doddagubbi kere,10/23,0.2214528498,-0.06706488222,-0.2414349824,-0.4004957144,4
Suggata kere,10/23,0.1677338111,-0.06059396661,-0.1553469985,-0.327688236,4
Yelahanka Lake,10/23,0.2774498654,-0.192352723,0.1007270119,0.005554754219,4
Dodda Bommasandra Lake,10/23,0.2835414437,-0.2096290447,0.04081928755,-0.1688668339,4
Singapura lake,10/23,0.2107257362,-0.07634287492,-0.1855013346,-0.3467552094,4
Chellaghatta kere,10/23,0.2875462024,-0.1173129198,-0.5351942304,-0.6546244706,4
Bellandur Amanikere,10/23,0.3139702803,-0.1642132359,-0.2882723333,-0.4138347673,4
Abbigere Kere,10/23,0.2950105889,-0.1018107279,-0.5070717737,-0.6543184802,4
Kammagondanahalli lake,10/23,0.2907179278,-0.1016409183,-0.4967854308,-0.6264177145,4
Mallasandra Lake-2,10/23,0.43662594,-0.235001373,-0.7038525541,-0.8038768549,4
Chikkabanavara kere,10/23,0.3248856673,-0.2274841546,0.0310386888,-0.05942738625,4
Mallasandra Gudde lake,10/23,0.4055052762,-0.2058627411,-0.6758626457,-0.7789044562,4
Bagalagunte Govt.Lake,10/23,0.2177765297,-0.09434087928,-0.3162837469,-0.4531687238,4
Lalbagh kere,10/23,0.3246693448,-0.227639934,-0.01299196348,-0.1873720882,4
Chikkabellanduru kere,10/23,0.3076097968,-0.1283573539,-0.3608163051,-0.5341904645,4
Carmelarm,10/23,0.3505731094,-0.09088217167,-0.5888301656,-0.7175120589,4
Gunjuruplaya kere,10/23,0.1876030927,-0.0140120895,-0.1933798496,-0.408046949,4
Govt. Dinnekere,10/23,0.07877898771,0.02746313119,-0.0884972997,-0.3009028555,4
Panattur Govt.kere,10/23,0.09309464508,-0.1047540489,0.1424044507,-0.02636971265,4
Gramadakere,10/23,0.2777151699,-0.06845069983,-0.5303802015,-0.6568023424,4
Ambalipura Kelagina kere,10/23,0.2762250206,-0.1591522608,-0.3423808001,-0.4697416356,4
Melinakere,10/23,0.2475004606,-0.1237843296,-0.281023879,-0.4031817581,4
Sowl kere,10/23,0.3777091048,-0.2494426277,-0.384589899,-0.5223403485,4
Bhoganahalli kere,10/23,0.279483604,-0.1417240705,0.05899182555,-0.1504696903,4
Devarabisanahalli kere,10/23,0.1391319764,-0.1993540553,0.1901738283,0.001268373079,4
Doddakanneli Gramadakere,10/23,0.2335890629,-0.1435130724,-0.04697038701,-0.1890761392,4
Lakedew Appartment lake,10/23,0.370065824,-0.1761501151,-0.1198574494,-0.2689929958,4
Kaikondanahalli kere,10/23,0.2643677306,-0.1477201118,-0.08266943035,-0.1903953142,4
Kasavanahalli kere,10/23,0.1390142476,-0.2267991609,0.29205854,0.1394552336,4
Mestripalya lake,10/23,0.2202961054,-0.03119830558,-0.444308964,-0.5852740652,4
Tavarekere lake,10/23,0.2879760539,-0.1054880405,-0.577987892,-0.6843393519,4
Byrasandra Kere,10/23,0.3113791422,-0.1668737551,-0.129996037,-0.2927641618,4
J P Park Kere,10/23,0.2900772106,-0.09756317218,-0.5211184807,-0.6593990108,4
Agara kere,10/23,0.2541565808,-0.2492440597,0.1490920537,-0.004215402408,4
Ibbalur Govt. Lake,10/23,0.2033187231,-0.1550477837,-0.01611394242,-0.1193678781,4
sarraki kere,10/23,0.07564101439,-0.2379440296,0.4020292536,0.2603253578,4
Puttenahalli Kere,10/23,0.286943633,-0.1958920121,-0.1083807799,-0.262242894,4
Madivala Kere,10/23,0.2749758076,-0.1206539605,0.05805773962,-0.0853707929,4
Somasundrapalya lake,10/23,0.2166862207,-0.1309394014,0.07771742587,-0.07351810877,4
singasandra,10/23,0.358943473,-0.1974944194,-0.1533784145,-0.3477671558,4
Kodagi Singasandra kere,10/23,0.1813061656,-0.1049448918,-0.03044966821,-0.2131960645,4
doddakodlu,10/23,0.4669622818,-0.2686109209,-0.175980112,-0.4224259236,4
Karabu Kere/Konappana agrahara lake,10/23,0.2322498991,-0.1477330456,-0.09836163195,-0.3026067627,4
Parapana Agahara Lake,10/23,0.3070510448,-0.2058977268,0.02870795231,-0.2198702119,4
Kudlu Chikere,10/23,0.2574149939,-0.1148342996,-0.2725308691,-0.4122648153,4
Kelaginakere,10/23,0.07950329567,-0.1753795275,0.1676942201,-0.006953426624,4
Melinakere,10/23,0.268793579,-0.1692322471,-0.1622830904,-0.3184019311,4
Basavanapura Kere,10/23,0.2049726176,-0.1135576207,-0.03356045992,-0.213916696,4
Swarna Kunte Gudde Lake,10/23,0.3534130964,-0.175754737,-0.5731886055,-0.6993885474,4
Chikkabegur kere,10/23,0.3787006628,-0.1924393694,-0.6934377388,-0.7934008646,4
Elenahalli Lake,10/23,0.06975105682,-0.08430703671,0.02543871464,-0.09049995934,4
Kalena Agrahara Govt. Lake,10/23,0.1558485432,-0.1568521402,0.06419608169,-0.1219443641,4
Infrastructure Corridor,10/23,0.3405472723,-0.1857758011,-0.2315339781,-0.3581982168,4
Beratena Agrahara Lake,10/23,0.08948923273,0.0450846177,-0.222245368,-0.3861551256,4
Mylasandra Dodda Agrahara kere,10/23,0.3274765171,-0.1896541516,-0.1624343939,-0.2775861804,4
Arekere Govt. lake,10/23,0.377085637,-0.2480690603,-0.008705110937,-0.2044304828,4
Hulimavu Kere,10/23,0.3421064233,-0.1817759858,-0.5688377865,-0.6994036505,4
Akashaya nagar Kere,10/23,0.2216160221,-0.1309796259,-0.2691002309,-0.3731594064,4
Gottigere Kere,10/23,0.3695305066,-0.1547320076,-0.6925299666,-0.7878761433,4
Kothanaru Kere,10/23,0.2270620428,-0.201930345,0.2178068592,-0.03574953195,4
RBI layout kere,10/23,0.2791414594,-0.1517116739,-0.3531995792,-0.5089895304,4
Chunchanaghatta Kere,10/23,0.2644815471,-0.1809447485,0.0682947118,-0.1452507668,4
Alahalli Kere,10/23,0.2769774491,-0.1409675592,-0.07455894997,-0.2260345373,4
Kembathahali kere,10/23,0.1816394364,-0.16711771,0.03878045551,-0.1631452957,4
Doddakallasandra  kere,10/23,0.2376669959,-0.1604027436,-0.1989787369,-0.3688981726,4
Konanakunte  kere,10/23,0.1737803258,-0.07065536084,-0.2110871941,-0.3703300702,4
Thalagattapura lake,10/23,0.2520955825,-0.1326788509,-0.3061861909,-0.3916413963,4
Vajarahalli Govt.Katte,10/23,0.3349530659,-0.1827948422,-0.4505703827,-0.6077982741,4
Harohalli kere,10/23,0.2566065576,-0.1876129321,-0.001671939131,-0.1907805735,4
Puttenahalli Lake,10/23,0.3196561405,-0.1770361239,-0.4228048176,-0.5418953731,4
Chellakere kere,10/23,0.2513221356,-0.1358089589,-0.364664886,-0.4746473489,4
Horamavu Agara,10/23,0.304843759,-0.1788492516,0.1376601115,-0.05225639497,4
Horamavu kere,10/23,0.124149254,0.01522850586,-0.2595681817,-0.4320183652,4
Kalkere Kere,10/23,0.3206015559,-0.1539571983,-0.1950704433,-0.3014881371,4
Nagareshvara Nagenahalli Kere,10/23,0.147924405,-0.05077291692,0.03244679404,-0.142870673,4
Rampura Kere,10/23,0.3156821479,-0.1353595082,-0.5001207516,-0.6309430976,4
Atturu kere,10/23,0.3047466101,-0.1727417109,-0.4018216619,-0.5109144222,4
Veerasagara kere,10/23,0.2812821948,-0.1654362414,0.05791226769,-0.1704196082,4
Dodda bettahalli,10/23,0.1204873473,-0.05688502511,-0.1137573873,-0.2079669436,4
Dasarahalli kere,10/23,0.3245374375,-0.1914865487,0.03104269092,-0.1475472284,4
Doddabidarakallu lake,10/23,0.3886587435,-0.1877192699,-0.6489056604,-0.78370584,4
Allasandra Lake,10/23,0.3436830499,-0.2371643967,-0.00289163629,-0.2442302972,4
Andhrahalli Lake,10/23,0.1190585437,-0.05111435345,-0.01644034289,-0.1473470656,4
Handrahalli kere,10/23,0.2846808212,-0.1099010843,-0.5553653397,-0.6671573012,4
Narasappanahalli kere,10/23,0.4552822724,-0.2549525537,-0.7137029567,-0.8285768518,4
Valagere,10/23,0.2281862646,-0.06626118396,-0.3713143119,-0.4588048763,4
Shivapura New tank,10/23,0.2508159594,-0.1135582335,-0.3871322743,-0.5339422303,4
Agrahara Lake,10/23,0.2170131261,-0.1359137388,-0.03243866253,-0.144147261,4
Chokkanahalli lake,10/23,0.1562657413,-0.05127797783,-0.172477844,-0.2477400356,4
Jakkuru lake,10/23,0.3579675096,-0.2085759925,-0.03229341365,-0.1694272817,4
palanahalli,10/23,0.2873708103,-0.1699437995,-0.1266424036,-0.2040878015,4
Kattigenahalli lake,10/23,0.3399630424,-0.2069867352,-0.03353451169,-0.1886010347,4
Kogilu kere,10/23,0.2818080207,-0.1374683005,-0.281949363,-0.3683023071,4
Venkateshapura lake,10/23,0.2179135223,-0.0391984904,-0.2469759245,-0.4105294959,4
Bellihalli kere,10/23,0.3039686318,-0.14945876,-0.2081950171,-0.3443283437,4
B. Channasandra lake,10/23,0.2730207306,-0.158363657,-0.1857804325,-0.3364981419,4
Byappanahalli kere,10/23,0.3254838679,-0.1330013586,-0.5710370424,-0.7048722165,4
Kowdenahalli Kere,10/23,0.2669244234,-0.06406170095,-0.5472207611,-0.6965060426,4
Krishnarajapuram kere,10/23,0.4369440544,-0.2523781417,-0.7040302035,-0.8150039723,4
Basavanapura kere,10/23,0.224019602,-0.1446115653,0.02960615566,-0.127667192,4
Shegehalli kere,10/23,0.3933731092,-0.2067697266,-0.225077202,-0.3685728185,4
Mangamanapalya Kere,10/23,0.1903456883,-0.1194643495,-0.0808463181,-0.1834538002,4
Hoodi kere-2,10/23,0.2309409329,-0.1053049496,-0.07906717499,-0.3019981136,4
Jimkenahalli Kere,10/23,0.1848706496,-0.1189535987,0.07550085723,-0.1123869351,4
Kodigehalli lake,10/23,0.1813578263,-0.2058421616,0.3059222171,0.1363497387,4
Gangashetti kere/ Devasandra kere,10/23,0.2072609885,-0.1154005625,-0.2052151852,-0.3861460388,4
Vijinapura kere2,10/23,0.3023303027,-0.1639855213,-0.1956966262,-0.3380362513,4
B.Narayanapura kere,10/23,0.2669832636,-0.1415281441,-0.187063862,-0.360379095,4
Melinakere,10/23,0.3938774456,-0.2374943951,-0.5535901929,-0.6738615735,4
Kelaginakere,10/23,0.3095872735,-0.2193187373,0.0111363322,-0.180249816,4
Rachenahalli kere,10/23,0.3442337216,-0.1970890377,-0.01795902386,-0.168283816,4
Amruthahalli Lake,10/23,0.2892336958,-0.1245741827,-0.4830670505,-0.6056177726,4
Nagawara Lake,10/23,0.334824864,-0.2210934399,-0.07024600232,-0.277437548,4
Herohalli Lake,10/23,0.3841971963,-0.2351955086,-0.1380802174,-0.3147012414,4
Hebbal  kere,10/23,0.3120112483,-0.2091314599,-0.04011484053,-0.1762292781,4
Mahadevapura kere,10/23,0.5023427096,-0.3201847847,-0.02230731091,-0.3760006096,4
Vibhutipura kere,10/23,0.360424059,-0.2176560684,-0.06054651439,-0.3147597784,4
Rajapalya Hoodikere,10/23,0.303760984,-0.1603962381,-0.4414043604,-0.5957736583,4
Achanakere,10/23,0.2680955241,-0.1955427718,-0.0417700137,-0.264313511,4
"Yekkalagatta kere,Mahadevepura Kere",10/23,0.184122284,-0.0996713363,0.03369955879,-0.1546338243,4
Pattaduru Agrahara kere-2,10/23,0.34882811,-0.2262735963,-0.5377153848,-0.655895992,4
Nallurahallikere,10/23,0.2029760228,-0.1106655979,0.01238310268,-0.2028951583,4
Thubarahalli lake,10/23,0.1880740285,-0.1482765824,0.03459250177,-0.1238418034,4
Sheelavantana kere,10/23,0.3375254872,-0.1826154334,-0.1640190111,-0.2952376986,4
Doddanekundi Kunte,10/23,0.387400133,-0.2196358653,-0.1810847337,-0.362946914,4
Chinnappanahalli  kere1,10/23,0.1627488437,-0.1104255188,-0.09781154807,-0.1787241715,4
Doddanekundi kere,10/23,0.3555677412,-0.2312466408,-0.4311342576,-0.5918590545,4
Kundalahalli kere,10/23,0.2006826975,-0.1706869038,-0.008073082491,-0.1034828026,4
Acchanakere,10/23,0.3004114054,-0.2077319646,-0.009065646255,-0.1791128468,4
Varthur lake,10/23,0.2204041609,-0.1084331481,-0.3613846092,-0.473528973,4
Narasipura Lake-1,10/23,0.2563245845,-0.1755384842,-0.317270533,-0.4378538266,4
Narasipura Lake-2,10/23,0.3570471553,-0.1679893011,-0.6319869795,-0.7316872938,4
Ulsoor Lake,10/23,0.3218124374,-0.2652214816,0.1629963136,-0.04673380391,4
Gunduru Lake,12/23,0.2628566638,-0.1890131544,-0.01213257005,-0.2420459855,2
Doddebele,12/23,0.3264028027,-0.1535123456,-0.1622770984,-0.3437054439,2
Somapura,12/23,0.172130414,-0.09791777242,-0.2640319171,-0.3657163292,2
Mailasandra,12/23,0.2489913101,-0.02116137824,-0.567040994,-0.6857007865,2
Kengeri 1,12/23,0.1704495608,0.00849730336,-0.3872563578,-0.5201995578,2
Kengeri 2,12/23,0.4147202857,-0.2022430762,-0.5749369342,-0.7184443663,2
Chenvinayanahalli,12/23,0.1506154552,-0.1554596499,0.1045149887,-0.1611008256,2
Annamma kere,12/23,0.25641078,-0.1367653395,-0.1151163394,-0.3099188102,2
Deevatigeramnahalli kere,12/23,0.2035457429,-0.1172415839,-0.2146782383,-0.3111213421,2
Devarakere,12/23,0.3670277763,-0.1827110704,-0.2745139594,-0.4460991817,2
Doraikere,12/23,0.3067665828,-0.1615288421,-0.2105214402,-0.3530484611,2
Goudanakere,12/23,0.1551560744,0.0355931348,-0.4404139683,-0.5598866075,2
Gubbalal kere,12/23,,,,,2
Halagevaderahalli kere-2,12/23,0.1847081312,0.02251912487,-0.4007537945,-0.5634546665,2
Herohalli Thotadakere,12/23,0.1841539869,-0.04161051347,-0.3114545485,-0.4126981308,2
Hosakerehalli Kere,12/23,0.2309203712,-0.05398201831,-0.4816410839,-0.5952712387,2
Kempambudhi lake,12/23,0.4709319835,-0.2377085841,-0.3153725066,-0.5078513487,2
Laggeri Lake,12/23,0.309012025,-0.1287530057,-0.6245317644,-0.7327946943,2
Mallathahalli Lake,12/23,0.1040756375,0.03309042934,-0.1869869887,-0.3083390967,2
Moge kere,12/23,0.3495571752,-0.1688702801,-0.3489384296,-0.5804217981,2
Muppatu Kavalu Hosa Kere,12/23,0.4876734835,-0.3810080569,-0.5099919709,-0.6786879697,2
Nayandanahalli kere,12/23,0.1331554593,-0.07789149362,-0.07234326512,-0.1469677801,2
Sankey Tank,12/23,0.1481159517,-0.1777397443,0.1753363464,0.07120349017,2
Subramhanyapura kere,12/23,0.1071143075,-0.05551566264,-0.1427962064,-0.163565511,2
Ullalu lake-2,12/23,0.2002946452,0.02093082902,-0.5024842511,-0.6220522479,2
Valagerehalli kere,12/23,0.4428833793,-0.2053756184,-0.7094648116,-0.823630401,2
Yediyur kere,12/23,0.3085512253,-0.1953525922,-0.07489191989,-0.3031361514,2
Bhimmanakuppe Govt lake,12/23,0.2026792098,-0.08024481685,-0.3274372124,-0.4549919878,2
Srigandhakavalu Karabu Katte,12/23,0.1162260921,0.07721170202,-0.3183884416,-0.4652625016,2
Janaradhan kere,12/23,0.1516584778,-0.02370297953,-0.3909085552,-0.4608934159,2
Konashetty kere,12/23,0.1358389167,0.109084108,-0.4124749731,-0.5490908885,2
Nagarabhavi (Un-named Lake on map),12/23,0.1162980543,0.06629813175,-0.2969993531,-0.444547766,2
Sompura Govt.lake,12/23,0.1468742237,-0.07382516489,-0.1583410771,-0.3102141831,2
Lakshmipura Lake,12/23,0.2077765566,-0.02367376189,-0.3572789765,-0.5101013408,2
Amrutnagar Lake,12/23,0.1730662246,-0.07230259749,-0.1003578997,-0.2011356711,2
Hoysalanagara Lake,12/23,0.2975382868,-0.1447306449,-0.5786293403,-0.6558563297,2
Basavanagar Lake,12/23,0.254294399,-0.1217994319,-0.1743153819,-0.3205055829,2
Ajjegowdana katte,12/23,0.191518324,-0.09234420099,-0.3742408578,-0.4330181043,2
Kodigehalli kere,12/23,0.1207016367,-0.001091494511,-0.1846210644,-0.286109966,2
Kommaghatta Govt. Lake,12/23,0.3461061564,-0.2775356213,0.06288533568,-0.1427466928,2
Manganahalli Lake,12/23,0.1180148597,-0.206944943,0.2088828108,0.111290526,2
Bhattarahalli kere,12/23,0.1375040049,-0.1409505554,0.1342910166,-0.03539250917,2
Thirumenahalli lake,12/23,0.1563729559,-0.06370429453,-0.2165571092,-0.3094770964,2
Avalahali kere,12/23,0.3862808729,-0.2283531541,-0.2152401964,-0.3609796225,2
Begur Lake,12/23,0.2974477125,-0.1484477194,-0.2112696931,-0.3633195479,2
meenakshi lake,12/23,0.2419195834,-0.09588431004,-0.1702160257,-0.3409657291,2
Kannuru kere,12/23,0.2398067689,-0.07111027937,-0.08780789136,-0.2085642412,2
Kannuru kere,12/23,0.2398067689,-0.07111027937,-0.08780789136,-0.2085642412,2
Doddagubbi kere,12/23,0.1821410039,-0.1069853581,0.01417105834,-0.1606668123,2
Suggata kere,12/23,0.1201079237,-0.01672289793,-0.1340927095,-0.3177566103,2
Yelahanka Lake,12/23,0.2237567841,-0.1773537936,0.1600314245,-0.0339825773,2
Dodda Bommasandra Lake,12/23,0.2962988753,-0.2000099194,0.004420100295,-0.2258199069,2
Singapura lake,12/23,0.2668475346,-0.08730047797,-0.3543067031,-0.5473833037,2
Chellaghatta kere,12/23,0.2715513167,-0.1135714179,-0.5305501296,-0.6458183497,2
Bellandur Amanikere,12/23,0.3056302692,-0.1401851306,-0.3825522493,-0.5183194279,2
Abbigere Kere,12/23,0.2732817929,-0.05354341297,-0.5622204804,-0.7031224346,2
Kammagondanahalli lake,12/23,0.2576563691,-0.05593368672,-0.5122300246,-0.6614583907,2
Mallasandra Lake-2,12/23,0.4064349728,-0.2103248349,-0.6949174981,-0.8133083596,2
Chikkabanavara kere,12/23,0.2895429799,-0.1823043456,0.1112971849,-0.05591910286,2
Mallasandra Gudde lake,12/23,0.351637855,-0.1553876951,-0.6624816341,-0.7689907892,2
Bagalagunte Govt.Lake,12/23,0.2472121639,-0.073823416,-0.3908538514,-0.5728901787,2
Lalbagh kere,12/23,0.3699921376,-0.2932657828,0.0639083614,-0.1993319143,2
Chikkabellanduru kere,12/23,0.2608913397,-0.09899072381,-0.2776438567,-0.388228922,2
Carmelarm,12/23,0.271012876,-0.01751369182,-0.554636591,-0.6603106293,2
Gunjuruplaya kere,12/23,0.1548212853,0.03186928174,-0.2965502592,-0.4545196771,2
Govt. Dinnekere,12/23,0.06662214946,0.05422284851,-0.1044789784,-0.3129649168,2
Panattur Govt.kere,12/23,0.04462918471,-0.1507754405,0.1897372322,0.0429807214,2
Gramadakere,12/23,0.2299252285,0.02495131173,-0.517838765,-0.642189268,2
Ambalipura Kelagina kere,12/23,0.2693943107,-0.1252822319,-0.437403682,-0.5339050718,2
Melinakere,12/23,0.2396814012,-0.1094681468,-0.2938755957,-0.4063847037,2
Sowl kere,12/23,0.3292415283,-0.2158432492,-0.3526144835,-0.4578564658,2
Bhoganahalli kere,12/23,0.2145964181,-0.124537567,-0.02418156251,-0.102134234,2
Devarabisanahalli kere,12/23,0.1258590849,-0.2097796822,0.198083366,-0.00123557284,2
Doddakanneli Gramadakere,12/23,0.2523439673,-0.2040638777,0.04646482953,-0.1079868479,2
Lakedew Appartment lake,12/23,0.4457834471,-0.2133863119,-0.2209304464,-0.4078724765,2
Kaikondanahalli kere,12/23,0.299015584,-0.146375495,-0.01574373049,-0.1748588421,2
Kasavanahalli kere,12/23,0.04814950888,-0.2803777434,0.3739580937,0.2314589311,2
Mestripalya lake,12/23,,,,,2
Tavarekere lake,12/23,0.2215569213,-0.05958941683,-0.5262014573,-0.6046785494,2
Byrasandra Kere,12/23,0.230291018,-0.1454517923,-0.0423370962,-0.2586307478,2
J P Park Kere,12/23,0.2509263905,-0.05227094383,-0.5039333957,-0.643016316,2
Agara kere,12/23,0.1893999707,-0.1697732048,0.01216539307,-0.06126334679,2
Ibbalur Govt. Lake,12/23,0.1706432314,-0.1296542206,-0.0800658806,-0.1624370596,2
sarraki kere,12/23,0.01718379575,-0.2168970434,0.3654862372,0.2240906161,2
Puttenahalli Kere,12/23,0.1801213775,-0.148908279,-0.1135627927,-0.2388402485,2
Madivala Kere,12/23,0.1867219545,-0.09263694225,0.01948581551,-0.06312169534,2
Somasundrapalya lake,12/23,0.3211571035,-0.1607549269,0.01149453085,-0.2169593411,2
singasandra,12/23,0.2811240088,-0.1717876413,-0.1788267583,-0.3050145381,2
Kodagi Singasandra kere,12/23,0.1879402133,-0.05807293226,-0.1385713689,-0.3106318986,2
doddakodlu,12/23,0.4960925318,-0.3089077823,-0.2274512249,-0.5034722202,2
Karabu Kere/Konappana agrahara lake,12/23,0.2100320895,-0.07826249698,-0.2115324361,-0.3417389802,2
Parapana Agahara Lake,12/23,0.3309216177,-0.2414194888,-0.05580028001,-0.2628913048,2
Kudlu Chikere,12/23,0.280841639,-0.08678088098,-0.395326055,-0.5450446006,2
Kelaginakere,12/23,0.05375479358,-0.05735517153,-0.06579288142,-0.1528565376,2
Melinakere,12/23,0.1575150197,-0.05232931915,-0.388931905,-0.4505379288,2
Basavanapura Kere,12/23,0.3264416383,-0.1469951719,-0.1562481312,-0.4757010441,2
Swarna Kunte Gudde Lake,12/23,0.23821268,-0.07541780947,-0.4548363989,-0.5725818119,2
Chikkabegur kere,12/23,0.3050737239,-0.1213111176,-0.6309039591,-0.7239021863,2
Elenahalli Lake,12/23,0.08074399581,-0.08870431147,0.02651054899,-0.09422469845,2
Kalena Agrahara Govt. Lake,12/23,0.153836917,-0.1429683597,0.1004887316,-0.10270363,2
Infrastructure Corridor,12/23,0.4298973178,-0.2395512414,-0.3782422563,-0.5597440143,2
Beratena Agrahara Lake,12/23,0.09648353144,0.06822982018,-0.298127586,-0.4558181868,2
Mylasandra Dodda Agrahara kere,12/23,0.3105285226,-0.1319898195,-0.2284142318,-0.2981200946,2
Arekere Govt. lake,12/23,0.3671715288,-0.172519894,-0.1398804519,-0.3002265221,2
Hulimavu Kere,12/23,0.2936108089,-0.08987263102,-0.5580266966,-0.6879484098,2
Akashaya nagar Kere,12/23,0.2836980115,-0.2133666804,-0.2416253695,-0.443537553,2
Gottigere Kere,12/23,0.342160031,-0.02399658829,-0.6773721941,-0.7699199966,2
Kothanaru Kere,12/23,0.1410694321,-0.1322188693,-0.008598589155,-0.1258080982,2
RBI layout kere,12/23,0.178657799,-0.0476433194,-0.3462883154,-0.4393830253,2
Chunchanaghatta Kere,12/23,0.2001769311,-0.09855118971,-0.1125929407,-0.3054352555,2
Alahalli Kere,12/23,0.1718436601,-0.1053093155,0.02950831291,-0.1618876241,2
Kembathahali kere,12/23,0.1029004206,-0.07778326199,-0.02037197406,-0.1393226705,2
Doddakallasandra  kere,12/23,0.1817243926,-0.09766165799,-0.2343554048,-0.3662919897,2
Konanakunte  kere,12/23,0.2309033183,-0.05913237449,-0.4143644415,-0.5438290186,2
Thalagattapura lake,12/23,0.2076019307,-0.04884448883,-0.2919536226,-0.3807323344,2
Vajarahalli Govt.Katte,12/23,0.2226827604,-0.07485309919,-0.428799387,-0.5315259706,2
Harohalli kere,12/23,0.2868152484,-0.1954400635,0.02956989067,-0.2849176505,2
Puttenahalli Lake,12/23,0.2982703477,-0.1398029262,-0.4758431304,-0.6009176634,2
Chellakere kere,12/23,0.1952446481,-0.08793317672,-0.383940523,-0.4623386962,2
Horamavu Agara,12/23,0.2944659447,-0.1549669021,0.01014216053,-0.2292940369,2
Horamavu kere,12/23,0.09927524547,2.06E-04,-0.2002045129,-0.3273130782,2
Kalkere Kere,12/23,0.3599729299,-0.144515179,-0.4458280173,-0.5829605209,2
Nagareshvara Nagenahalli Kere,12/23,0.1398019384,-0.06070987659,0.08958622219,-0.09719478259,2
Rampura Kere,12/23,0.2850756291,-0.1139352494,-0.5104065974,-0.6416164491,2
Atturu kere,12/23,0.3869152072,-0.1958146427,-0.4780272705,-0.642819578,2
Veerasagara kere,12/23,0.3541572499,-0.1908590264,-0.05844871971,-0.2620483679,2
Dodda bettahalli,12/23,0.07138794297,0.01008376187,-0.1589244436,-0.2650866537,2
Dasarahalli kere,12/23,0.2101953126,-0.08878196786,-0.04590999191,-0.2148803923,2
Doddabidarakallu lake,12/23,0.304614642,-0.08661685613,-0.6209619892,-0.7532782428,2
Allasandra Lake,12/23,0.3568523821,-0.2183169269,-0.1298271701,-0.4050473497,2
Andhrahalli Lake,12/23,0.1147585839,0.03012076798,-0.2449937895,-0.3524205073,2
Handrahalli kere,12/23,0.1738397785,-0.02479852247,-0.4022698794,-0.4715025193,2
Narasappanahalli kere,12/23,0.4606389259,-0.2331162495,-0.7245006943,-0.8726932285,2
Valagere,12/23,0.1677262883,-0.01719266992,-0.3732580478,-0.4873261926,2
Shivapura New tank,12/23,0.2967347557,-0.1148980073,-0.6507882686,-0.7683836432,2
Agrahara Lake,12/23,0.1946796577,-0.08087471785,-0.1528607131,-0.3362760514,2
Chokkanahalli lake,12/23,0.1421850896,0.01643951456,-0.2541286995,-0.3823219781,2
Jakkuru lake,12/23,0.4140297861,-0.1916183388,-0.2410271504,-0.4480226556,2
palanahalli,12/23,0.2985594073,-0.1553141761,-0.1491125335,-0.3054317485,2
Kattigenahalli lake,12/23,0.4239078513,-0.3142824968,-0.01037443132,-0.2755670308,2
Kogilu kere,12/23,0.3313846003,-0.1356386653,-0.3224518953,-0.4696160597,2
Venkateshapura lake,12/23,0.1211477428,0.05943628458,-0.302627398,-0.4314750292,2
Bellihalli kere,12/23,0.1463022854,-0.0357490908,-0.267518518,-0.3110878309,2
B. Channasandra lake,12/23,0.2107162116,-0.1370414919,-0.1624242822,-0.3166711117,2
Byappanahalli kere,12/23,0.2196019683,-0.07270570219,-0.4639735138,-0.5436844722,2
Kowdenahalli Kere,12/23,0.2038136721,-0.01392641759,-0.487835306,-0.611933374,2
Krishnarajapuram kere,12/23,0.3423100324,-0.1758559231,-0.6345166074,-0.7182566434,2
Basavanapura kere,12/23,0.2467016836,-0.1600570039,-0.02689916558,-0.2058354749,2
Shegehalli kere,12/23,0.4333682931,-0.2574545796,-0.2131159822,-0.4180404295,2
Mangamanapalya Kere,12/23,0.2473796974,-0.1258086599,-0.1420030277,-0.2907288488,2
Hoodi kere-2,12/23,0.2584335515,-0.1086738512,-0.2142461818,-0.410980818,2
Jimkenahalli Kere,12/23,0.1723553166,-0.09722251248,0.1175258078,-0.1159814486,2
Kodigehalli lake,12/23,0.1689242868,-0.2735240014,0.3342396663,0.1428263851,2
Gangashetti kere/ Devasandra kere,12/23,0.2379645232,-0.1113058328,-0.3341185008,-0.461219146,2
Vijinapura kere2,12/23,0.1965052574,-0.05188805824,-0.329071058,-0.4024334275,2
B.Narayanapura kere,12/23,0.2397731678,-0.1385675583,-0.2208833461,-0.3867311837,2
Melinakere,12/23,0.3754738854,-0.2180801028,-0.5596028003,-0.6607630884,2
Kelaginakere,12/23,0.3389974975,-0.2678502593,-0.007653586337,-0.2286902111,2
Rachenahalli kere,12/23,0.1737664743,-0.07069063275,-0.3606465059,-0.4593802771,2
Amruthahalli Lake,12/23,0.3084723762,-0.09094243064,-0.6042881658,-0.7391497121,2
Nagawara Lake,12/23,0.1920401982,-0.09050962195,-0.3467460999,-0.4283390351,2
Herohalli Lake,12/23,0.4045758959,-0.2442283666,-0.1726366431,-0.4118495607,2
Hebbal  kere,12/23,0.3448004636,-0.2389592492,0.05342521308,-0.1329978329,2
Mahadevapura kere,12/23,0.3335798059,-0.2862996404,0.1003953483,-0.1803937627,2
Vibhutipura kere,12/23,0.330622571,-0.2020090981,-0.07993622153,-0.3265242027,2
Rajapalya Hoodikere,12/23,0.3050059563,-0.1579217144,-0.5154197577,-0.6348661978,2
Achanakere,12/23,0.2188221429,-0.1304397955,-0.1415984572,-0.2791268583,2
"Yekkalagatta kere,Mahadevepura Kere",12/23,0.1533317902,-0.1105515837,7.15E-04,-0.1476980621,2
Pattaduru Agrahara kere-2,12/23,0.366385125,-0.2169828138,-0.577887342,-0.6802746062,2
Nallurahallikere,12/23,0.2000318459,-0.0791163938,-0.01239734508,-0.2262173403,2
Thubarahalli lake,12/23,0.2160780362,-0.2047858949,0.1440787187,-0.09215581063,2
Sheelavantana kere,12/23,0.431790106,-0.2520154167,-0.1689222597,-0.3657435275,2
Doddanekundi Kunte,12/23,0.3686958361,-0.1949235147,-0.2447616997,-0.3764433522,2
Chinnappanahalli  kere1,12/23,0.3139786087,-0.1693912376,-0.2057795251,-0.3612513136,2
Doddanekundi kere,12/23,0.3796952398,-0.212095338,-0.5846526537,-0.7102964619,2
Kundalahalli kere,12/23,0.2938048779,-0.2398688521,0.04333375053,-0.1485923691,2
Acchanakere,12/23,0.4610312118,-0.3134153785,-0.1217288309,-0.3709172758,2
Varthur lake,12/23,0.3652247938,-0.2081210755,-0.5997341272,-0.715086751,2
Narasipura Lake-1,12/23,0.2905778894,-0.1827012103,-0.3970454022,-0.5693418262,2
Narasipura Lake-2,12/23,0.3196270828,-0.1082557192,-0.5613402358,-0.7051351894,2
Ulsoor Lake,12/23,0.4337659387,-0.3359920464,0.06539021781,-0.2601970443,2
Gunduru Lake,03/24,0.1773875051,-0.03418913804,-0.1829356961,-0.3484254612,9
Doddebele,03/24,0.3746441741,-0.2359075057,0.001134031714,-0.2236795081,9
Somapura,03/24,0.1549358318,-0.03825925791,-0.1881532109,-0.3062760905,9
Mailasandra,03/24,0.1232935044,0.1065110474,-0.3867689388,-0.51103919,9
Kengeri 1,03/24,0.1282417504,0.09266301619,-0.3919099754,-0.5075480067,9
Kengeri 2,03/24,0.3072090149,-0.1061875173,-0.4234329021,-0.5665500311,9
Chenvinayanahalli,03/24,0.1822908107,-0.1136423005,-0.003293795315,-0.1876428237,9
Annamma kere,03/24,0.225714604,-0.1440483633,-0.01802904399,-0.2595139622,9
Deevatigeramnahalli kere,03/24,0.1313194488,0.04381379095,-0.416120964,-0.5195562024,9
Devarakere,03/24,0.2925179153,-0.17854147,-0.0814646795,-0.3279568362,9
Doraikere,03/24,0.3675398128,-0.1606430956,-0.3519704309,-0.5130842695,9
Goudanakere,03/24,0.0812339656,0.1433254821,-0.3229195694,-0.4628483285,9
Gubbalal kere,03/24,0.1128173515,0.1212460196,-0.3820363974,-0.5105202977,9
Halagevaderahalli kere-2,03/24,0.1200523108,0.1242969302,-0.3957954965,-0.5277965248,9
Herohalli Thotadakere,03/24,0.09231818432,0.1078786021,-0.3384302997,-0.4389693155,9
Hosakerehalli Kere,03/24,0.2347553952,-0.003927313311,-0.5388702302,-0.6617015963,9
Kempambudhi lake,03/24,0.3617517801,-0.1998229089,-0.226984036,-0.4320928637,9
Laggeri Lake,03/24,0.2643152348,-0.06545985227,-0.5794340889,-0.6899251804,9
Mallathahalli Lake,03/24,0.08759613905,0.148866517,-0.3055002691,-0.4546253982,9
Moge kere,03/24,0.23236568,-0.03936553272,-0.4089039536,-0.5464464521,9
Muppatu Kavalu Hosa Kere,03/24,0.07799570349,0.1220817262,-0.2832802805,-0.4365099476,9
Nayandanahalli kere,03/24,0.1372406689,-0.0988719949,0.05670131715,-0.03666051653,9
Sankey Tank,03/24,0.0877864932,-0.1491994632,0.2496154909,0.1380614303,9
Subramhanyapura kere,03/24,0.237229723,-0.1251154685,0.04234857082,-0.1630355872,9
Ullalu lake-2,03/24,0.1160785582,0.1457899338,-0.4140437057,-0.5384904447,9
Valagerehalli kere,03/24,0.06551449839,0.1231217703,-0.2610453271,-0.3985918662,9
Yediyur kere,03/24,0.3743907257,-0.2426109766,-0.01816380636,-0.2961559519,9
Bhimmanakuppe Govt lake,03/24,0.1616449735,0.03854963075,-0.3431484972,-0.4920582003,9
Srigandhakavalu Karabu Katte,03/24,0.08086286905,0.1307467623,-0.2919849637,-0.4194808523,9
Janaradhan kere,03/24,0.1919216521,0.02835513247,-0.5129680841,-0.6156333079,9
Konashetty kere,03/24,0.08364354997,0.1536622725,-0.3166728776,-0.4633017618,9
Nagarabhavi (Un-named Lake on map),03/24,0.09247184498,0.1523378519,-0.3654881518,-0.5072966438,9
Sompura Govt.lake,03/24,0.1262961842,0.05284279663,-0.287066693,-0.4129501268,9
Lakshmipura Lake,03/24,0.2017148083,-0.09558098996,-0.004508040777,-0.1776272352,9
Amrutnagar Lake,03/24,0.1588971524,-0.093602438,0.06945707699,-0.1182366248,9
Hoysalanagara Lake,03/24,0.1480569038,-0.005736500032,-0.1292399943,-0.3353897068,9
Basavanagar Lake,03/24,0.128527186,0.04018417116,-0.2727986575,-0.4156514399,9
Ajjegowdana katte,03/24,0.1086149762,0.09800888765,-0.3837030436,-0.5068112466,9
Kodigehalli kere,03/24,0.1631390847,-0.02987152694,-0.09724934246,-0.2220670943,9
Kommaghatta Govt. Lake,03/24,0.3303345306,-0.2623276185,9.11E-04,-0.1653372978,9
Manganahalli Lake,03/24,0.0601577133,-0.1740746387,0.3002646176,0.2252959588,9
Bhattarahalli kere,03/24,0.1092533435,-0.1966355693,0.3213673328,0.08064429066,9
Thirumenahalli lake,03/24,0.2049710245,-0.03712114491,-0.3112468594,-0.4562445822,9
Avalahali kere,03/24,0.3507069087,-0.2238553428,-0.2766453456,-0.3701071712,9
Begur Lake,03/24,0.2527758938,-0.08919009077,-0.1494981847,-0.3214549513,9
meenakshi lake,03/24,0.2694823085,-0.1770739854,0.1156402776,-0.1631100093,9
Kannuru kere,03/24,0.226122029,-0.1510227883,0.2159398642,-0.06184720316,9
Kannuru kere,03/24,0.226122029,-0.1510227883,0.2159398642,-0.06184720316,9
Doddagubbi kere,03/24,0.1274089503,-0.01014969887,-0.08065126765,-0.2371879667,9
Suggata kere,03/24,0.1413399343,0.02553132405,-0.2034884743,-0.3531938442,9
Yelahanka Lake,03/24,0.1581883919,-0.134048713,0.1753821614,0.05889246005,9
Dodda Bommasandra Lake,03/24,0.3165982068,-0.1460181589,-0.1130481394,-0.3102021562,9
Singapura lake,03/24,0.2135373447,0.0106382686,-0.5126847694,-0.6506924296,9
Chellaghatta kere,03/24,0.2743205599,-0.08724535783,-0.5358771308,-0.6642303604,9
Bellandur Amanikere,03/24,0.1833078299,0.007973180906,-0.3542641673,-0.5028072132,9
Abbigere Kere,03/24,0.1424915455,0.09328998909,-0.4209354158,-0.5541580657,9
Kammagondanahalli lake,03/24,0.1079512226,0.1337777069,-0.3865910446,-0.5058477125,9
Mallasandra Lake-2,03/24,0.3237631897,-0.1023071679,-0.6292993774,-0.7360941939,9
Chikkabanavara kere,03/24,0.3534769084,-0.2506192392,-0.3481981845,-0.4718320995,9
Mallasandra Gudde lake,03/24,0.15175044,0.1119358513,-0.502637278,-0.6001569656,9
Bagalagunte Govt.Lake,03/24,0.109899793,0.1268124079,-0.396900805,-0.5155139572,9
Lalbagh kere,03/24,0.3211623907,-0.2274133849,0.06866772653,-0.1585979492,9
Chikkabellanduru kere,03/24,0.1788866088,-0.02082151377,-0.2498069039,-0.3774080262,9
Carmelarm,03/24,0.07372177172,0.1433070768,-0.2883160366,-0.4527367438,9
Gunjuruplaya kere,03/24,0.1018440998,0.1168980773,-0.3359763324,-0.4878842405,9
Govt. Dinnekere,03/24,0.07744400142,0.1150257965,-0.2187733754,-0.3998558016,9
Panattur Govt.kere,03/24,0.05759261608,-0.08703123327,0.1651708963,-4.33E-04,9
Gramadakere,03/24,0.1035363462,0.1546846108,-0.3772247323,-0.523962201,9
Ambalipura Kelagina kere,03/24,0.2418510481,-0.08699812151,-0.3693004242,-0.4891760185,9
Melinakere,03/24,0.1645713368,0.0227812089,-0.3064427808,-0.4312181048,9
Sowl kere,03/24,0.2877594023,-0.1446412022,-0.2966851777,-0.4592923904,9
Bhoganahalli kere,03/24,0.147441521,-0.07271546944,0.01074037708,-0.06560047269,9
Devarabisanahalli kere,03/24,0.106091889,-0.1429311326,0.2057617027,0.02234995355,9
Doddakanneli Gramadakere,03/24,0.2772496928,-0.2158497675,0.1252979379,-0.1108659967,9
Lakedew Appartment lake,03/24,0.3310245991,-0.2560200333,0.1313849484,-0.1512740514,9
Kaikondanahalli kere,03/24,0.3053811582,-0.1707403642,-0.1134511039,-0.2562973068,9
Kasavanahalli kere,03/24,0.05534426648,-0.2087773829,0.3921627497,0.2460796021,9
Mestripalya lake,03/24,0.1375334017,0.09901157879,-0.4093898806,-0.5310168127,9
Tavarekere lake,03/24,0.1637918719,0.06892411906,-0.4334986846,-0.5537535337,9
Byrasandra Kere,03/24,0.1684106333,-0.003563539182,-0.221601536,-0.3786720843,9
J P Park Kere,03/24,0.1645742462,0.06343948299,-0.4300168479,-0.5573271801,9
Agara kere,03/24,0.2102169646,-0.149872379,0.09143452032,-0.01954409894,9
Ibbalur Govt. Lake,03/24,0.1330406227,-0.1097108127,0.02497968765,-0.1067978803,9
sarraki kere,03/24,0.08933527764,-0.1900911869,0.3707205616,0.2046450135,9
Puttenahalli Kere,03/24,0.2757222047,-0.1724266419,-0.03004835688,-0.2407488825,9
Madivala Kere,03/24,0.2467916306,-0.0910386067,0.03476234794,-0.118066634,9
Somasundrapalya lake,03/24,0.2018079798,-0.1405019626,0.1602915583,-0.08779277248,9
singasandra,03/24,0.2282951197,-0.142565212,-0.07617689695,-0.2528255869,9
Kodagi Singasandra kere,03/24,0.1101479531,0.06322599405,-0.257555695,-0.4127096486,9
doddakodlu,03/24,0.3450849437,-0.2483927779,0.1372450397,-0.1639113028,9
Karabu Kere/Konappana agrahara lake,03/24,0.1950417161,-0.03921914118,-0.1593689898,-0.2567540521,9
Parapana Agahara Lake,03/24,0.215965802,-0.1712599784,0.07428986245,-0.1104799752,9
Kudlu Chikere,03/24,0.1521532738,0.03331721035,-0.3742950625,-0.4887650876,9
Kelaginakere,03/24,0.03913417371,-0.02773197241,0.1186774529,-0.04384189781,9
Melinakere,03/24,0.2421184734,-0.08245541491,-0.2554267436,-0.3824110055,9
Basavanapura Kere,03/24,0.104269032,0.05204225139,-0.2257877819,-0.356004366,9
Swarna Kunte Gudde Lake,03/24,0.09694335297,0.05729869844,-0.2681578095,-0.4021483843,9
Chikkabegur kere,03/24,0.2991971685,-0.1020622822,-0.648072742,-0.7421440417,9
Elenahalli Lake,03/24,0.08947329527,-0.001624060076,-0.05284660185,-0.180016143,9
Kalena Agrahara Govt. Lake,03/24,0.1480179233,-0.1039398221,0.1036810334,-0.1047563377,9
Infrastructure Corridor,03/24,0.3740111108,-0.1794243754,-0.3594001436,-0.5281973629,9
Beratena Agrahara Lake,03/24,0.0666006656,0.1338080493,-0.2562416206,-0.4232679478,9
Mylasandra Dodda Agrahara kere,03/24,0.2165504893,-0.07260986578,-0.09651624195,-0.2116740634,9
Arekere Govt. lake,03/24,0.3946384058,-0.2169881747,-0.1215045542,-0.3903974718,9
Hulimavu Kere,03/24,0.1923430236,0.02423319631,-0.4617298905,-0.5868225089,9
Akashaya nagar Kere,03/24,0.2967622604,-0.1174683771,-0.3292073632,-0.519274023,9
Gottigere Kere,03/24,0.22660104,-0.1586326324,0.07112637871,-0.0417693194,9
Kothanaru Kere,03/24,0.1132246699,-0.1058382998,0.1112285348,-0.05421724369,9
RBI layout kere,03/24,0.1555067017,-0.03263932774,-0.2097492398,-0.3723901365,9
Chunchanaghatta Kere,03/24,0.131204248,0.06353915343,-0.3140768078,-0.480113666,9
Alahalli Kere,03/24,0.1636450149,-0.1084840603,0.08492317798,-0.1258123385,9
Kembathahali kere,03/24,0.09540914119,0.04704555191,-0.1937090571,-0.3629763685,9
Doddakallasandra  kere,03/24,0.09642748526,0.09109181973,-0.2986947586,-0.4588613937,9
Konanakunte  kere,03/24,0.1298738516,0.09765472812,-0.3941118944,-0.5201387395,9
Thalagattapura lake,03/24,0.1099332502,0.1071506974,-0.3109428742,-0.4367362961,9
Vajarahalli Govt.Katte,03/24,0.1351374528,0.06020893212,-0.3869631349,-0.5103363075,9
Harohalli kere,03/24,0.1737458399,-0.02238535392,-0.18521617,-0.3338479277,9
Puttenahalli Lake,03/24,0.2321315116,-0.03230779339,-0.3714855322,-0.5016194264,9
Chellakere kere,03/24,0.2440990403,-0.05201844668,-0.3391214248,-0.4709678221,9
Horamavu Agara,03/24,0.3464368954,-0.2249191898,0.1566702452,-0.1307938427,9
Horamavu kere,03/24,0.07733881523,0.09902414163,-0.2393704748,-0.3971179246,9
Kalkere Kere,03/24,0.433477906,-0.1878100561,-0.4228803713,-0.5685341631,9
Nagareshvara Nagenahalli Kere,03/24,0.1440140675,-0.01824883426,0.04218485903,-0.1647759915,9
Rampura Kere,03/24,0.1096259937,0.1432995377,-0.3998997227,-0.5417127379,9
Atturu kere,03/24,0.2682778527,-0.1278789242,-0.326904714,-0.4491235033,9
Veerasagara kere,03/24,0.2972935652,-0.1540220029,-0.02626778691,-0.2217090624,9
Dodda bettahalli,03/24,0.04492170094,0.01623745814,-0.08671578222,-0.1631982446,9
Dasarahalli kere,03/24,0.1997212336,-0.06353264118,-0.1651897842,-0.2930977929,9
Doddabidarakallu lake,03/24,0.1050325275,0.1674870438,-0.4063478049,-0.5382642465,9
Allasandra Lake,03/24,0.273093533,-0.1789664385,0.09802622157,-0.1727203429,9
Andhrahalli Lake,03/24,0.1138874737,0.04821461611,-0.2524926007,-0.367436767,9
Handrahalli kere,03/24,0.1138373956,0.1412398268,-0.4282224242,-0.5413452357,9
Narasappanahalli kere,03/24,0.3477082125,-0.1485325709,-0.667862234,-0.7695543145,9
Valagere,03/24,0.06406074017,0.1267830661,-0.2463477681,-0.380398563,9
Shivapura New tank,03/24,0.08631848114,0.1555124705,-0.3532886113,-0.4788443012,9
Agrahara Lake,03/24,0.233235057,-0.1420197877,0.02241454918,-0.1070529049,9
Chokkanahalli lake,03/24,0.1574371198,-0.0388074977,-0.07648492301,-0.1626606756,9
Jakkuru lake,03/24,0.3889801946,-0.1719108663,-0.1760157807,-0.318117625,9
palanahalli,03/24,0.2660222527,-0.1022688458,-0.2991047545,-0.4114308985,9
Kattigenahalli lake,03/24,0.360380015,-0.1382524952,-0.2155901773,-0.3424586274,9
Kogilu kere,03/24,0.2225700567,-0.08623169094,-0.2257770028,-0.3091430623,9
Venkateshapura lake,03/24,0.1723105518,0.02718722706,-0.2002785946,-0.3791744586,9
Bellihalli kere,03/24,0.1904586098,-0.02213968261,-0.3327557491,-0.4143856953,9
B. Channasandra lake,03/24,0.1821504941,-0.1169407993,-0.08131663353,-0.2256038087,9
Byappanahalli kere,03/24,0.212839985,0.006659031373,-0.4794589052,-0.6072190878,9
Kowdenahalli Kere,03/24,0.1005852052,0.09486288868,-0.342161033,-0.482625387,9
Krishnarajapuram kere,03/24,0.3502898223,-0.145554638,-0.6591274888,-0.7734616648,9
Basavanapura kere,03/24,0.1879199138,-0.1486758174,0.07367836984,-0.1258553689,9
Shegehalli kere,03/24,0.4078841062,-0.1763772506,-0.1855896483,-0.4224167911,9
Mangamanapalya Kere,03/24,0.1807733941,-0.090499316,-0.07010575791,-0.1835767662,9
Hoodi kere-2,03/24,0.106005205,0.07564251011,-0.2669187039,-0.4116674688,9
Jimkenahalli Kere,03/24,0.1199189943,-0.01916741945,0.0355668499,-0.1735572275,9
Kodigehalli lake,03/24,0.09857093392,-0.183753173,0.3347417658,0.1671415595,9
Gangashetti kere/ Devasandra kere,03/24,0.1525666022,-0.02125189012,-0.1821575118,-0.3574818693,9
Vijinapura kere2,03/24,0.2286871286,-0.1254499787,-0.2269013319,-0.3350981514,9
B.Narayanapura kere,03/24,0.08135636226,0.09105602328,-0.2804666191,-0.3992256729,9
Melinakere,03/24,0.3691036027,-0.2076763777,-0.54865462,-0.6622810279,9
Kelaginakere,03/24,0.2436662634,-0.2008670892,0.05503366166,-0.1448134777,9
Rachenahalli kere,03/24,0.4440844738,-0.2467067808,-0.1135831995,-0.290461007,9
Amruthahalli Lake,03/24,0.1317509434,0.1068820372,-0.4024109078,-0.5424047875,9
Nagawara Lake,03/24,0.3346427678,-0.1710821651,-0.17674735,-0.3160830123,9
Herohalli Lake,03/24,0.3053601046,-0.1839315143,-0.1279661798,-0.33022065,9
Hebbal  kere,03/24,0.2334191375,-0.1600103331,0.03350311187,-0.1042931983,9
Mahadevapura kere,03/24,0.2279767925,-0.228468373,0.1792909287,-0.07617764721,9
Vibhutipura kere,03/24,0.1319170884,0.0504063601,-0.2816827343,-0.4372788702,9
Rajapalya Hoodikere,03/24,0.2368871664,-0.04499978168,-0.5196604158,-0.6382760199,9
Achanakere,03/24,0.2236162203,-0.1523429524,-0.02839967483,-0.2762337915,9
"Yekkalagatta kere,Mahadevepura Kere",03/24,0.1630832966,-0.07131367596,0.03691608938,-0.1729149134,9
Pattaduru Agrahara kere-2,03/24,0.2743483571,-0.1336235092,-0.4740039379,-0.6056191172,9
Nallurahallikere,03/24,0.09370924558,0.09705832712,-0.2375833293,-0.4057366397,9
Thubarahalli lake,03/24,0.1543363428,-0.1155157821,0.1444787289,-0.08264323465,9
Sheelavantana kere,03/24,0.4052326858,-0.2290909719,-0.1331281773,-0.4239291077,9
Doddanekundi Kunte,03/24,0.3609609687,-0.1729452332,-0.2329593015,-0.389304928,9
Chinnappanahalli  kere1,03/24,0.2882125032,-0.1780608397,-0.05527531143,-0.2836241702,9
Doddanekundi kere,03/24,0.2414962505,-0.02717580599,-0.4566692305,-0.5916834447,9
Kundalahalli kere,03/24,0.4194143923,-0.2845341816,0.0108975921,-0.254478243,9
Acchanakere,03/24,0.3700443589,-0.253457516,-0.04538801967,-0.3345370814,9
Varthur lake,03/24,0.2993224172,-0.06767999524,-0.5767090116,-0.7026705766,9
Narasipura Lake-1,03/24,0.2217920279,-0.06037743864,-0.3111962472,-0.4670214384,9
Narasipura Lake-2,03/24,0.3364935174,-0.1222403992,-0.6295530377,-0.7434309822,9
Ulsoor Lake,03/24,0.3572007272,-0.2708828052,0.1189237707,-0.1539404838,9
Gunduru Lake,04/24,0.1475104802,0.05287807216,-0.2939370293,-0.4725055326,7
Doddebele,04/24,0.4060596459,-0.262642683,0.01237827704,-0.2578471432,7
Somapura,04/24,0.1719301283,-0.004383046609,-0.3166111043,-0.4566410568,7
Mailasandra,04/24,0.1648649882,-5.90E-04,-0.2281850275,-0.4305869927,7
Kengeri 1,04/24,0.1322628112,0.1111126461,-0.412080897,-0.550553063,7
Kengeri 2,04/24,0.4555136177,-0.2240171196,-0.4148495981,-0.7020365579,7
Chenvinayanahalli,04/24,0.2165478936,-0.1204894032,-0.02956410712,-0.3133321992,7
Annamma kere,04/24,0.2847309194,-0.1690556768,-0.0633464204,-0.4014812398,7
Deevatigeramnahalli kere,04/24,0.1244981197,0.09328979376,-0.4130844051,-0.5284963744,7
Devarakere,04/24,0.423218035,-0.226708076,-0.1768267309,-0.6282046372,7
Doraikere,04/24,0.3798067025,-0.1652810574,-0.3995949685,-0.5773635149,7
Goudanakere,04/24,0.07517043383,0.160897841,-0.3209853558,-0.4834837773,7
Gubbalal kere,04/24,0.1069538585,0.150414879,-0.382350777,-0.5314009199,7
Halagevaderahalli kere-2,04/24,0.109890361,0.1468528218,-0.3867338636,-0.545032492,7
Herohalli Thotadakere,04/24,0.08840099527,0.1173408186,-0.3324986933,-0.4284071802,7
Hosakerehalli Kere,04/24,0.2173975065,0.05906725398,-0.5380057093,-0.6870477623,7
Kempambudhi lake,04/24,0.4019218364,-0.2308484265,-0.2733968007,-0.5438249505,7
Laggeri Lake,04/24,0.2517007104,-0.04782313869,-0.5626746833,-0.6795619126,7
Mallathahalli Lake,04/24,0.07834773209,0.1714454103,-0.3252779555,-0.4755489665,7
Moge kere,04/24,0.2065976532,0.001548227393,-0.4101511062,-0.5782985448,7
Muppatu Kavalu Hosa Kere,04/24,0.06135108515,0.1501597306,-0.2652906448,-0.4190962312,7
Nayandanahalli kere,04/24,0.2141293207,-0.1649921885,0.03356081977,-0.1518224127,7
Sankey Tank,04/24,0.1220167764,-0.1723799631,0.3589687074,0.2238629571,7
Subramhanyapura kere,04/24,0.3771078784,-0.2084554739,0.01302373956,-0.3937311308,7
Ullalu lake-2,04/24,0.1161950712,0.1619674062,-0.4241734867,-0.5602473548,7
Valagerehalli kere,04/24,0.06134600183,0.1367668061,-0.2663566485,-0.4182816254,7
Yediyur kere,04/24,0.444701849,-0.2811659107,-0.1407091925,-0.5095987388,7
Bhimmanakuppe Govt lake,04/24,0.165825532,0.05497211266,-0.382619928,-0.5602068238,7
Srigandhakavalu Karabu Katte,04/24,0.07833647139,0.1369482748,-0.2984585254,-0.4403110585,7
Janaradhan kere,04/24,0.2016129612,0.054564283,-0.5345420606,-0.6769681164,7
Konashetty kere,04/24,0.08233177769,0.1614019678,-0.3185337243,-0.4771289178,7
Nagarabhavi (Un-named Lake on map),04/24,0.07966826965,0.1673942458,-0.3364289461,-0.5032009279,7
Sompura Govt.lake,04/24,0.1400218383,0.06147003784,-0.2635998914,-0.4329089277,7
Lakshmipura Lake,04/24,0.1869281143,-0.02462448186,-0.1790221001,-0.3966012899,7
Amrutnagar Lake,04/24,0.1629197975,-0.1017216471,0.07224562263,-0.1276876014,7
Hoysalanagara Lake,04/24,0.1364162701,0.04565341559,-0.2393003694,-0.4310129899,7
Basavanagar Lake,04/24,0.09561236347,0.0952811734,-0.3010735736,-0.4491575914,7
Ajjegowdana katte,04/24,0.1154946928,0.08633336002,-0.3868609058,-0.5198622657,7
Kodigehalli kere,04/24,0.2405232858,-0.05442638593,-0.2679532591,-0.4005166502,7
Kommaghatta Govt. Lake,04/24,0.4116550627,-0.2809298287,-0.07050394504,-0.2823011217,7
Manganahalli Lake,04/24,0.05407423339,-0.3049713089,0.5488405008,0.3551692337,7
Bhattarahalli kere,04/24,0.1372647814,-0.2381691305,0.3858097749,0.04147447717,7
Thirumenahalli lake,04/24,0.2151890358,-0.004756211601,-0.3537803649,-0.548628805,7
Avalahali kere,04/24,0.3922925194,-0.2313328607,-0.3333562446,-0.4793547967,7
Begur Lake,04/24,0.3063167259,-0.1089890988,-0.1957064765,-0.3636787843,7
meenakshi lake,04/24,0.2784370706,-0.1329092822,-0.02823853666,-0.2637797438,7
Kannuru kere,04/24,0.2622767949,-0.1591939397,0.2028859289,-0.1379536155,7
Kannuru kere,04/24,0.2622767949,-0.1591939397,0.2028859289,-0.1379536155,7
Doddagubbi kere,04/24,0.1164051004,0.02132070376,-0.09628834345,-0.2783330512,7
Suggata kere,04/24,0.1804694657,0.03445297656,-0.2748531978,-0.4903225295,7
Yelahanka Lake,04/24,0.1844760107,-0.1484527452,0.2045339502,0.09072648057,7
Dodda Bommasandra Lake,04/24,0.356520147,-0.1554110118,-0.1426298862,-0.4272640925,7
Singapura lake,04/24,0.1182292123,0.1187282775,-0.4221204863,-0.6023079717,7
Chellaghatta kere,04/24,0.2911313242,-0.09242023229,-0.5557506884,-0.6923774532,7
Bellandur Amanikere,04/24,0.1909157979,0.02155245792,-0.3721647889,-0.5434870516,7
Abbigere Kere,04/24,0.1220723947,0.1261437101,-0.4032423392,-0.5648198451,7
Kammagondanahalli lake,04/24,0.1048716695,0.1529882513,-0.3915783207,-0.5231166592,7
Mallasandra Lake-2,04/24,0.3374690579,-0.08522718854,-0.6506327387,-0.7784090483,7
Chikkabanavara kere,04/24,0.2278529866,-0.03466726901,-0.4791794342,-0.6253725902,7
Mallasandra Gudde lake,04/24,0.147072951,0.1450341001,-0.5135261573,-0.6279966369,7
Bagalagunte Govt.Lake,04/24,0.1041218038,0.1588704904,-0.4078459035,-0.5516267382,7
Lalbagh kere,04/24,0.4280691468,-0.294530461,0.07683045622,-0.3392106074,7
Chikkabellanduru kere,04/24,0.1852455445,-0.03362715683,-0.1714567256,-0.3240685222,7
Carmelarm,04/24,0.06265668019,0.1405840481,-0.2531329566,-0.4252051012,7
Gunjuruplaya kere,04/24,0.09419871826,0.133642977,-0.3446703307,-0.4983254139,7
Govt. Dinnekere,04/24,0.07831875447,0.1160209063,-0.2389701238,-0.4438723744,7
Panattur Govt.kere,04/24,0.06652526044,-0.08459588884,0.2080127562,0.01609366488,7
Gramadakere,04/24,0.09841335663,0.1752222314,-0.3839476996,-0.554652883,7
Ambalipura Kelagina kere,04/24,0.2905466475,-0.1207957884,-0.3997504195,-0.5570507496,7
Melinakere,04/24,0.1674844279,0.04477257722,-0.3711469711,-0.495694519,7
Sowl kere,04/24,0.319814171,-0.1220004094,-0.3994568897,-0.6528318457,7
Bhoganahalli kere,04/24,0.1406067387,-0.04060094124,-0.08184731463,-0.1471711171,7
Devarabisanahalli kere,04/24,0.1210027781,-0.1439518465,0.1803901783,-0.0154058628,7
Doddakanneli Gramadakere,04/24,0.3756197362,-0.2881289562,0.1042602172,-0.2898287143,7
Lakedew Appartment lake,04/24,0.4094767084,-0.2876792811,0.02859415131,-0.3766524441,7
Kaikondanahalli kere,04/24,0.3946505424,-0.2413590963,-0.1625701322,-0.3480946927,7
Kasavanahalli kere,04/24,0.08984320258,-0.2231922975,0.4474328916,0.298304508,7
Mestripalya lake,04/24,0.131474099,0.1149168952,-0.4077294152,-0.5324249192,7
Tavarekere lake,04/24,0.1725894729,0.07531925041,-0.4392168824,-0.5497817438,7
Byrasandra Kere,04/24,0.1597515042,0.0365305893,-0.3011624588,-0.4738417042,7
J P Park Kere,04/24,0.1860986891,0.07043384874,-0.4630407455,-0.6124432034,7
Agara kere,04/24,0.414960245,-0.2515486522,0.17546404,-0.1522403268,7
Ibbalur Govt. Lake,04/24,0.1493106083,-0.1308423857,0.04409487579,-0.2128358867,7
sarraki kere,04/24,0.09138608667,-0.1954484272,0.4247659534,0.2539985555,7
Puttenahalli Kere,04/24,0.2906597555,-0.1794166625,-0.03985659133,-0.3142053029,7
Madivala Kere,04/24,0.4306361189,-0.1657342137,-0.1063722761,-0.397161139,7
Somasundrapalya lake,04/24,0.2647244374,-0.1795084508,0.1919835605,-0.2294452989,7
singasandra,04/24,0.2470549777,-0.1125232495,-0.2491866087,-0.4565359475,7
Kodagi Singasandra kere,04/24,0.07493917433,0.1084086876,-0.275237646,-0.4178799417,7
doddakodlu,04/24,0.3587422661,-0.2968060703,0.1684198929,-0.1482550269,7
Karabu Kere/Konappana agrahara lake,04/24,0.2703621529,-0.1119808307,-0.1827035367,-0.2870623695,7
Parapana Agahara Lake,04/24,0.3004394214,-0.2050118631,-0.001633319869,-0.2950834693,7
Kudlu Chikere,04/24,0.1444948366,0.068860499,-0.3887805403,-0.5186071123,7
Kelaginakere,04/24,0.0586195888,0.02437952316,0.009374475279,-0.1855037057,7
Melinakere,04/24,0.3129064185,-0.1275163374,-0.3125065111,-0.5583755577,7
Basavanapura Kere,04/24,0.09256280712,0.07045051783,-0.2538197268,-0.3812579365,7
Swarna Kunte Gudde Lake,04/24,0.07347786174,0.0731844513,-0.2368064889,-0.374546951,7
Chikkabegur kere,04/24,0.358575498,-0.1628363141,-0.6741174333,-0.7697403771,7
Elenahalli Lake,04/24,0.09555972558,0.01666060052,-0.1038256356,-0.2231678946,7
Kalena Agrahara Govt. Lake,04/24,0.184710498,-0.1119877078,0.07771865306,-0.1755032867,7
Infrastructure Corridor,04/24,0.3499984995,-0.1730032342,-0.3377809662,-0.5152461551,7
Beratena Agrahara Lake,04/24,0.06079957875,0.132226114,-0.2470165545,-0.4033933434,7
Mylasandra Dodda Agrahara kere,04/24,0.2232055046,-0.06437988589,-0.1421282287,-0.2647279102,7
Arekere Govt. lake,04/24,0.4023304809,-0.218131819,-0.1833571439,-0.4146699282,7
Hulimavu Kere,04/24,0.163443998,0.04917590423,-0.4302205983,-0.5538815602,7
Akashaya nagar Kere,04/24,0.1732996105,-0.003482909941,-0.3790587329,-0.5174911164,7
Gottigere Kere,04/24,0.3932661269,-0.259725246,-0.02657896033,-0.2277714815,7
Kothanaru Kere,04/24,0.135577214,-0.1094970997,0.1125963555,-0.08335156637,7
RBI layout kere,04/24,0.1829075817,-0.03355249143,-0.2358777994,-0.4100689443,7
Chunchanaghatta Kere,04/24,0.1039531975,0.09170744097,-0.3096971605,-0.4721175374,7
Alahalli Kere,04/24,0.2385308275,-0.1527924043,0.06904157478,-0.2316154045,7
Kembathahali kere,04/24,0.06602590229,0.08645720749,-0.2180194919,-0.3834360327,7
Doddakallasandra  kere,04/24,0.08082351585,0.104474304,-0.289732954,-0.4480651099,7
Konanakunte  kere,04/24,0.107948319,0.1121399584,-0.3720877839,-0.4889279928,7
Thalagattapura lake,04/24,0.08104696071,0.141320534,-0.3096496643,-0.4427711183,7
Vajarahalli Govt.Katte,04/24,0.1274122909,0.06917442234,-0.3750702201,-0.5045927572,7
Harohalli kere,04/24,0.167838671,0.01028360536,-0.2544664746,-0.4056230334,7
Puttenahalli Lake,04/24,0.2388588755,-0.002420887462,-0.4037803042,-0.5576600745,7
Chellakere kere,04/24,0.2629940496,-0.03622666007,-0.4029918889,-0.5738987662,7
Horamavu Agara,04/24,0.3887863339,-0.2447531407,0.08739218389,-0.2556619763,7
Horamavu kere,04/24,0.0677179534,0.1092388774,-0.2343673121,-0.3933533972,7
Kalkere Kere,04/24,0.4445714535,-0.2009167474,-0.4137963224,-0.5537325643,7
Nagareshvara Nagenahalli Kere,04/24,0.1563911616,-0.01794487742,-0.001320583705,-0.2165976099,7
Rampura Kere,04/24,0.09490162459,0.1587411846,-0.3767888202,-0.509429903,7
Atturu kere,04/24,0.268518489,-0.09021860336,-0.3497175817,-0.5011014052,7
Veerasagara kere,04/24,0.3595588499,-0.2218371097,-0.02062797125,-0.3186570516,7
Dodda bettahalli,04/24,0.05072376675,0.01669853123,-0.07585973583,-0.2137710888,7
Dasarahalli kere,04/24,0.2088271118,-0.01803819292,-0.2700022329,-0.5059515582,7
Doddabidarakallu lake,04/24,0.08266488112,0.1865199416,-0.3678491225,-0.5164077045,7
Allasandra Lake,04/24,0.2234457484,-0.1524979601,0.167887429,-0.1395910371,7
Andhrahalli Lake,04/24,0.1025807199,0.1289203052,-0.3383158498,-0.4904921656,7
Handrahalli kere,04/24,0.1116512962,0.164165122,-0.4428378365,-0.563629827,7
Narasappanahalli kere,04/24,0.3867531502,-0.1821902568,-0.6876326332,-0.7925790355,7
Valagere,04/24,0.06029436012,0.141676278,-0.2573916447,-0.4121696809,7
Shivapura New tank,04/24,0.08254303367,0.1672156311,-0.3497547626,-0.5001131312,7
Agrahara Lake,04/24,0.3375023761,-0.1982240076,-0.02922621484,-0.247640323,7
Chokkanahalli lake,04/24,0.1852687025,-0.03697737382,-0.1081061223,-0.2275940965,7
Jakkuru lake,04/24,0.4589418851,-0.2240705608,-0.1810066768,-0.3861756359,7
palanahalli,04/24,0.2798993228,-0.08560157047,-0.340897101,-0.4806845711,7
Kattigenahalli lake,04/24,0.5448995869,-0.282174263,-0.2210862806,-0.5449494717,7
Kogilu kere,04/24,0.2691704612,-0.08402221733,-0.212906239,-0.3686746223,7
Venkateshapura lake,04/24,0.1690841296,0.02910537629,-0.1736886744,-0.372783647,7
Bellihalli kere,04/24,0.2511748225,0.006700520693,-0.4539474916,-0.5898744544,7
B. Channasandra lake,04/24,0.2230599229,-0.1435851686,-0.06708274593,-0.2642654667,7
Byappanahalli kere,04/24,0.1999008681,0.03781374526,-0.4687441586,-0.6055315204,7
Kowdenahalli Kere,04/24,0.08852509897,0.1023258358,-0.3030217799,-0.4495113145,7
Krishnarajapuram kere,04/24,0.3744517633,-0.1252106875,-0.6828604736,-0.8428116967,7
Basavanapura kere,04/24,0.2171992185,-0.1614201885,0.05944055036,-0.2362867919,7
Shegehalli kere,04/24,0.4095876052,-0.1432444958,-0.3435319426,-0.5495742185,7
Mangamanapalya Kere,04/24,0.3093456434,-0.1328186081,-0.1632346402,-0.4583956233,7
Hoodi kere-2,04/24,0.0912772876,0.1016747201,-0.2658388211,-0.4069784475,7
Jimkenahalli Kere,04/24,0.1511514727,-0.01542050025,-0.0226133069,-0.2944240596,7
Kodigehalli lake,04/24,0.091351444,-0.1903823676,0.3623571244,0.1834015955,7
Gangashetti kere/ Devasandra kere,04/24,0.1337428933,0.05646587076,-0.2384422544,-0.4218942916,7
Vijinapura kere2,04/24,0.281974297,-0.1126405736,-0.3278373878,-0.5050143714,7
B.Narayanapura kere,04/24,0.08580140364,0.1025953536,-0.2818470748,-0.406486254,7
Melinakere,04/24,0.4727423493,-0.2548259138,-0.615870796,-0.8072505394,7
Kelaginakere,04/24,0.3622552579,-0.2991754345,0.1157439518,-0.2257381826,7
Rachenahalli kere,04/24,0.481734116,-0.2614595817,-0.2003643505,-0.389696314,7
Amruthahalli Lake,04/24,0.09660675929,0.1520779582,-0.3665836111,-0.531856019,7
Nagawara Lake,04/24,0.3953930801,-0.1929209247,-0.2596248948,-0.4798951264,7
Herohalli Lake,04/24,0.3397113668,-0.1943225077,-0.1772888685,-0.4239131378,7
Hebbal  kere,04/24,0.3121759021,-0.1956764217,0.033114176,-0.1669975916,7
Mahadevapura kere,04/24,0.433568503,-0.3011926182,-0.02479930252,-0.3481234588,7
Vibhutipura kere,04/24,0.08702673477,0.1117968914,-0.2937915457,-0.4471099283,7
Rajapalya Hoodikere,04/24,0.0843859096,0.1078241851,-0.303197589,-0.4645643809,7
Achanakere,04/24,0.1928802218,-0.1271178191,-0.06642503105,-0.3761896,7
"Yekkalagatta kere,Mahadevepura Kere",04/24,0.2099184897,-0.09886715433,0.01032640027,-0.2539736155,7
Pattaduru Agrahara kere-2,04/24,0.2942730294,-0.134694488,-0.4997501879,-0.6593009949,7
Nallurahallikere,04/24,0.07156892264,0.1365841572,-0.2599211315,-0.4471884731,7
Thubarahalli lake,04/24,0.1854860997,-0.1142750534,0.123603911,-0.1657063868,7
Sheelavantana kere,04/24,0.4349540049,-0.245544735,-0.1843310146,-0.503271432,7
Doddanekundi Kunte,04/24,0.4090628391,-0.2082377856,-0.2350695624,-0.4756429245,7
Chinnappanahalli  kere1,04/24,0.3334046589,-0.1917410225,-0.1198245831,-0.4090477528,7
Doddanekundi kere,04/24,0.2183895445,0.01391186164,-0.4421075559,-0.5836522739,7
Kundalahalli kere,04/24,0.4452253944,-0.3621584014,0.01661056854,-0.3354920393,7
Acchanakere,04/24,0.3678524109,-0.2651218717,-0.04100050764,-0.3882721611,7
Varthur lake,04/24,0.2923446098,-0.05429016999,-0.552018415,-0.6951029905,7
Narasipura Lake-1,04/24,0.1716459062,0.05153650958,-0.3965075649,-0.5541236932,7
Narasipura Lake-2,04/24,0.3433151126,-0.09085137074,-0.6568414201,-0.7908072777,7
Ulsoor Lake,04/24,0.3173359351,-0.2720214435,0.2343607033,-0.06130736689,7
Gunduru Lake,05/24,0.1157331279,0.0646375688,-0.275590402,-0.4292367054,3
Doddebele,05/24,0.2374285578,-0.1066681603,-0.2940800167,-0.4508887131,3
Somapura,05/24,0.1896709345,-0.08152573476,-0.3016537651,-0.4314770875,3
Mailasandra,05/24,0.1896123552,-0.07920357945,-0.2404499064,-0.3835227749,3
Kengeri 1,05/24,0.1810082771,0.03257769567,-0.4638143864,-0.6090726078,3
Kengeri 2,05/24,0.5159030917,-0.2655529487,-0.4407755776,-0.7791400144,3
Chenvinayanahalli,05/24,0.1994283836,-0.1147879995,-0.1691098822,-0.3209998367,3
Annamma kere,05/24,0.2859958835,-0.1326196173,-0.1975967518,-0.4199077432,3
Deevatigeramnahalli kere,05/24,0.1659325078,0.07028470718,-0.3933294097,-0.4875157719,3
Devarakere,05/24,0.3481785941,-0.1536718255,-0.3255214215,-0.5944934204,3
Doraikere,05/24,0.3504850404,-0.1543149771,-0.3151402918,-0.5148605275,3
Goudanakere,05/24,0.1246039584,0.08548412304,-0.3197776603,-0.5039907965,3
Gubbalal kere,05/24,0.1998379839,-0.06574702534,-0.5106957742,-0.6104899812,3
Halagevaderahalli kere-2,05/24,0.1135965283,0.09297814799,-0.3325042274,-0.4963106402,3
Herohalli Thotadakere,05/24,0.1542183028,0.05185542327,-0.3442314319,-0.4542827891,3
Hosakerehalli Kere,05/24,0.2687099218,0.02058141969,-0.5600781091,-0.7220861453,3
Kempambudhi lake,05/24,0.3185759909,-0.1420214087,-0.3507649948,-0.4787722355,3
Laggeri Lake,05/24,0.2324217332,-0.04556344068,-0.5150023783,-0.6361958738,3
Mallathahalli Lake,05/24,0.09783845169,0.1512748721,-0.3740920632,-0.5477595459,3
Moge kere,05/24,0.2491746876,-0.006778657883,-0.4279786177,-0.6032991445,3
Muppatu Kavalu Hosa Kere,05/24,0.1127969576,0.01801278392,-0.1340380522,-0.2608998132,3
Nayandanahalli kere,05/24,0.2442928057,-0.1312085006,-0.05349525947,-0.2290442344,3
Sankey Tank,05/24,0.1233784572,-0.1057817712,0.06676213363,-0.04733913989,3
Subramhanyapura kere,05/24,0.2663313441,-0.1254201573,-0.1238576828,-0.3331884741,3
Ullalu lake-2,05/24,0.136376135,0.1433082257,-0.4277816594,-0.5623506335,3
Valagerehalli kere,05/24,0.06769163463,0.1139384814,-0.2448653897,-0.3777239382,3
Yediyur kere,05/24,0.3248134783,-0.1813428103,-0.1666631799,-0.3790652622,3
Bhimmanakuppe Govt lake,05/24,0.1567722239,0.03622657327,-0.3334353432,-0.4908664606,3
Srigandhakavalu Karabu Katte,05/24,0.08289221283,0.1162976209,-0.2772593877,-0.4087103056,3
Janaradhan kere,05/24,0.2236326112,-0.002417897124,-0.517616547,-0.6415580046,3
Konashetty kere,05/24,0.1229364163,0.04519802592,-0.3261857882,-0.4496597608,3
Nagarabhavi (Un-named Lake on map),05/24,0.07743802563,0.1486868475,-0.3052318629,-0.4547513208,3
Sompura Govt.lake,05/24,0.1746004421,-0.03298519292,-0.3068126376,-0.4297918399,3
Lakshmipura Lake,05/24,0.1959990445,-0.02402590938,-0.1936720697,-0.4690225994,3
Amrutnagar Lake,05/24,0.156265441,-0.06686556695,-0.05952628932,-0.2103863043,3
Hoysalanagara Lake,05/24,0.1489217024,0.04718487498,-0.2916049272,-0.4636918656,3
Basavanagar Lake,05/24,0.1006467211,0.09289737443,-0.2866095877,-0.4228757042,3
Ajjegowdana katte,05/24,0.212813811,-0.04560565336,-0.3069879757,-0.4460399779,3
Kodigehalli kere,05/24,0.1952916909,-0.02940700061,-0.2709231652,-0.3805756174,3
Kommaghatta Govt. Lake,05/24,0.4061133154,-0.2438044372,-0.2169247449,-0.4638864109,3
Manganahalli Lake,05/24,0.209133081,-0.2881301013,0.2131789947,-0.121435387,3
Bhattarahalli kere,05/24,0.1382561093,-0.1661645259,0.2437834004,-0.1235204937,3
Thirumenahalli lake,05/24,0.2106049224,0.007124377899,-0.3672360102,-0.5780679439,3
Avalahali kere,05/24,0.4327328033,-0.2262729932,-0.4393132045,-0.6339325285,3
Begur Lake,05/24,0.210639548,-0.05239899018,-0.2519031477,-0.3651164208,3
meenakshi lake,05/24,0.2574503326,-0.1108979803,-0.1157186261,-0.2939022317,3
Kannuru kere,05/24,0.2626734815,-0.1470636362,0.1699010805,-0.2601606435,3
Kannuru kere,05/24,0.2626734815,-0.1470636362,0.1699010805,-0.2601606435,3
Doddagubbi kere,05/24,0.111417488,0.03341136199,-0.1054768757,-0.2890743125,3
Suggata kere,05/24,0.1944215639,0.02432036383,-0.2778311305,-0.5111404274,3
Yelahanka Lake,05/24,0.1965426531,-0.1396957166,0.191461321,0.05426653859,3
Dodda Bommasandra Lake,05/24,0.3408670458,-0.1546202178,-0.1280858253,-0.4251774026,3
Singapura lake,05/24,0.09557324996,0.1805480946,-0.3900577303,-0.5826844471,3
Chellaghatta kere,05/24,0.243520167,-0.08375735705,-0.5164013462,-0.6183284717,3
Bellandur Amanikere,05/24,0.1807987961,0.02397340005,-0.3756008106,-0.5328419237,3
Abbigere Kere,05/24,0.1141998709,0.1469558549,-0.3883327434,-0.5681080175,3
Kammagondanahalli lake,05/24,0.113283192,0.141409947,-0.4160044145,-0.5772703414,3
Mallasandra Lake-2,05/24,0.2670272128,-0.04585076599,-0.5746319366,-0.692628947,3
Chikkabanavara kere,05/24,0.1587335319,0.03697402533,-0.398482777,-0.5476999697,3
Mallasandra Gudde lake,05/24,0.1659581976,0.1286735743,-0.5430856572,-0.6705321833,3
Bagalagunte Govt.Lake,05/24,0.1140344901,0.1326643941,-0.4001212638,-0.5288676189,3
Lalbagh kere,05/24,0.2800274839,-0.1794116013,-0.05383351643,-0.3082183978,3
Chikkabellanduru kere,05/24,0.1679929925,-0.03055047639,-0.2094961426,-0.3263282036,3
Carmelarm,05/24,0.05285580529,0.1305935886,-0.2294324306,-0.387244624,3
Gunjuruplaya kere,05/24,0.08859984521,0.124146559,-0.3273714995,-0.4622289183,3
Govt. Dinnekere,05/24,0.07975205963,0.09211201814,-0.2499305156,-0.4124486381,3
Panattur Govt.kere,05/24,0.1230570162,-0.07182265324,0.03126582912,-0.1299083852,3
Gramadakere,05/24,0.08772180479,0.1579461321,-0.3440238203,-0.489600713,3
Ambalipura Kelagina kere,05/24,0.2228243136,-0.07514232277,-0.402376897,-0.4960594918,3
Melinakere,05/24,0.1680652824,0.04838090737,-0.4350608362,-0.5477593028,3
Sowl kere,05/24,0.2721753712,-0.08330012653,-0.4826957937,-0.6313208362,3
Bhoganahalli kere,05/24,0.1336468969,-0.03006696353,-0.1064025472,-0.1660003577,3
Devarabisanahalli kere,05/24,0.1058411459,-0.1109974242,0.02197069662,-0.1315304054,3
Doddakanneli Gramadakere,05/24,0.2473869403,-0.1259622394,-0.0454388013,-0.2841186604,3
Lakedew Appartment lake,05/24,0.3216166871,-0.2267049537,0.03145974867,-0.3906586252,3
Kaikondanahalli kere,05/24,0.3082117958,-0.1397980291,-0.188278378,-0.4145949826,3
Kasavanahalli kere,05/24,0.09806494599,-0.1239306687,0.1446283925,-0.002683998355,3
Mestripalya lake,05/24,0.1531188129,0.1061220221,-0.4547558187,-0.5860605909,3
Tavarekere lake,05/24,0.2090582455,0.06352183724,-0.5058176011,-0.6165591001,3
Byrasandra Kere,05/24,0.1528871037,0.04557504227,-0.3470686906,-0.5355777711,3
J P Park Kere,05/24,0.2126734308,0.04684155977,-0.4934753612,-0.6250102561,3
Agara kere,05/24,0.2676388664,-0.1218749362,-0.1283630494,-0.2886339852,3
Ibbalur Govt. Lake,05/24,0.1391611719,-0.05392099024,-0.1075726833,-0.2556272246,3
sarraki kere,05/24,0.09189172073,-0.1170803799,0.09141724104,-0.02453199143,3
Puttenahalli Kere,05/24,0.1931052712,-0.1037530415,-0.1366291033,-0.2528778513,3
Madivala Kere,05/24,0.2967472031,-0.09920312052,-0.2358032808,-0.3179934193,3
Somasundrapalya lake,05/24,0.2137201871,-0.1391419507,0.1123696446,-0.3059210307,3
singasandra,05/24,0.1657385741,-0.03370193303,-0.2291392661,-0.341250376,3
Kodagi Singasandra kere,05/24,0.1156663226,0.04789361016,-0.318413933,-0.4448772532,3
doddakodlu,05/24,0.3003336175,-0.1883267865,-0.04653711109,-0.2712018579,3
Karabu Kere/Konappana agrahara lake,05/24,0.1763113894,-0.05199194943,-0.1711560016,-0.2654910932,3
Parapana Agahara Lake,05/24,0.1658569692,-0.08660503121,-0.06495399395,-0.2459926055,3
Kudlu Chikere,05/24,0.1551324453,0.06351746895,-0.3611362844,-0.470768183,3
Kelaginakere,05/24,0.1146485849,-0.01539382143,-0.1375560937,-0.2800272448,3
Melinakere,05/24,0.2353346621,-0.1011100335,-0.2824547856,-0.4136444389,3
Basavanapura Kere,05/24,0.1311567544,0.005232517059,-0.295623443,-0.3995918422,3
Swarna Kunte Gudde Lake,05/24,0.07325817255,0.03423917073,-0.208460755,-0.3155903437,3
Chikkabegur kere,05/24,0.2660793163,-0.1004690328,-0.6117580787,-0.7022375146,3
Elenahalli Lake,05/24,0.1070728739,0.008331715013,-0.1996875259,-0.2979672089,3
Kalena Agrahara Govt. Lake,05/24,0.1708748336,-0.07146538913,-0.07062952582,-0.2381361922,3
Infrastructure Corridor,05/24,0.23806935,-0.08405782125,-0.2553266565,-0.3922990622,3
Beratena Agrahara Lake,05/24,0.06560208809,0.1024390255,-0.2374579395,-0.3888615031,3
Mylasandra Dodda Agrahara kere,05/24,0.1939239717,-0.05777914634,-0.2248493111,-0.309807932,3
Arekere Govt. lake,05/24,0.285749504,-0.118041066,-0.2226773225,-0.3677653182,3
Hulimavu Kere,05/24,0.1721634733,-0.007921949985,-0.4114335955,-0.5269058741,3
Akashaya nagar Kere,05/24,0.1486649442,-0.01940786217,-0.348567381,-0.4450973954,3
Gottigere Kere,05/24,0.3391747692,-0.1906989239,-0.4285074346,-0.5457372999,3
Kothanaru Kere,05/24,0.1212936495,-0.06251382605,-0.05221183114,-0.1946188399,3
RBI layout kere,05/24,0.1756626434,-0.03355864344,-0.2693787201,-0.3879331433,3
Chunchanaghatta Kere,05/24,0.1351107721,0.01983739409,-0.3096281845,-0.4404407204,3
Alahalli Kere,05/24,0.1951788735,-0.1176328376,-0.0449152783,-0.2339475488,3
Kembathahali kere,05/24,0.0849342797,0.05311945573,-0.2362268942,-0.3810698243,3
Doddakallasandra  kere,05/24,0.1074850973,0.05316829256,-0.3281243779,-0.4639870574,3
Konanakunte  kere,05/24,0.1257191295,0.03930747099,-0.3710038296,-0.4709167376,3
Thalagattapura lake,05/24,0.1297297655,0.04667143893,-0.330828793,-0.449407427,3
Vajarahalli Govt.Katte,05/24,0.09254411491,0.03791352712,-0.2739452289,-0.3509746179,3
Harohalli kere,05/24,0.1701800339,0.02046720467,-0.2903837789,-0.4543000798,3
Puttenahalli Lake,05/24,0.2487119084,0.01074033911,-0.4168892114,-0.6198636338,3
Chellakere kere,05/24,0.3379916822,-0.06348248394,-0.4707485199,-0.7150039679,3
Horamavu Agara,05/24,0.406021445,-0.225664618,0.04600568652,-0.4488135454,3
Horamavu kere,05/24,0.1222705267,0.05162547888,-0.1921692198,-0.4349683421,3
Kalkere Kere,05/24,0.5012860455,-0.2436183525,-0.4555824269,-0.6302060689,3
Nagareshvara Nagenahalli Kere,05/24,0.2101250409,-0.04754915243,-0.01849522765,-0.2789046382,3
Rampura Kere,05/24,0.1016981931,0.1787214464,-0.389773464,-0.5681508532,3
Atturu kere,05/24,0.2976226872,-0.07704503619,-0.4329926814,-0.6094736576,3
Veerasagara kere,05/24,0.4033279499,-0.2567666481,-0.0420278145,-0.3485261706,3
Dodda bettahalli,05/24,0.03136586957,0.02032864871,-0.06442450381,-0.3364890072,3
Dasarahalli kere,05/24,0.1450839659,0.01945747332,-0.2245295446,-0.3469516737,3
Doddabidarakallu lake,05/24,0.08118177465,0.1715430009,-0.3708203761,-0.540564445,3
Allasandra Lake,05/24,0.2143958729,-0.1348718829,0.165863973,-0.1414761288,3
Andhrahalli Lake,05/24,0.1380008624,0.105068786,-0.3420030612,-0.4733959039,3
Handrahalli kere,05/24,0.1584874729,0.140989701,-0.501401896,-0.6157541004,3
Narasappanahalli kere,05/24,0.3221841968,-0.1286583129,-0.6506615259,-0.754029339,3
Valagere,05/24,0.06012724647,0.115863985,-0.2300812098,-0.3558473425,3
Shivapura New tank,05/24,0.08696892041,0.1431957944,-0.3236291551,-0.4580108533,3
Agrahara Lake,05/24,0.3341715494,-0.1762248587,-0.06717594438,-0.3081350787,3
Chokkanahalli lake,05/24,0.1958532027,0.002211098179,-0.1835530908,-0.3350081216,3
Jakkuru lake,05/24,0.4254149485,-0.1890107812,-0.1931807952,-0.3851323,3
palanahalli,05/24,0.2812627376,-0.07867753664,-0.3545188719,-0.5081125938,3
Kattigenahalli lake,05/24,0.5311326071,-0.2762337085,-0.2084747358,-0.5291503367,3
Kogilu kere,05/24,0.3189219773,-0.08487794062,-0.239377469,-0.4483531372,3
Venkateshapura lake,05/24,0.162055583,0.0337326413,-0.166868287,-0.3819718875,3
Bellihalli kere,05/24,0.2578723112,0.01933073529,-0.4515204159,-0.5968173079,3
B. Channasandra lake,05/24,0.2358158571,-0.1344589271,-0.1134020562,-0.4211050259,3
Byappanahalli kere,05/24,0.2183863912,0.02334882729,-0.4869430423,-0.6208308984,3
Kowdenahalli Kere,05/24,0.1456457491,0.08099451263,-0.3142089084,-0.5640494844,3
Krishnarajapuram kere,05/24,0.3521634185,-0.08938314516,-0.6464091125,-0.8096206432,3
Basavanapura kere,05/24,0.1418689084,-0.09718623349,-0.00349120684,-0.1982062438,3
Shegehalli kere,05/24,0.3729060512,-0.1163590187,-0.2651187251,-0.5441432229,3
Mangamanapalya Kere,05/24,0.366858713,-0.1781828488,-0.1946790998,-0.5981210938,3
Hoodi kere-2,05/24,0.09369311615,0.1014479236,-0.2516358331,-0.3781597973,3
Jimkenahalli Kere,05/24,0.2036073549,-0.04248019254,-0.0552312639,-0.4417481446,3
Kodigehalli lake,05/24,0.08267024558,-0.1325305079,0.2096351695,0.05908136196,3
Gangashetti kere/ Devasandra kere,05/24,0.1118238925,0.07186462937,-0.2192330432,-0.3971266777,3
Vijinapura kere2,05/24,0.339499974,-0.07323956379,-0.4023777277,-0.6801122396,3
B.Narayanapura kere,05/24,0.08903318755,0.1010426791,-0.2830919379,-0.4257270528,3
Melinakere,05/24,0.4122589724,-0.23597071,-0.6069998096,-0.7343151597,3
Kelaginakere,05/24,0.3329780733,-0.2636935213,0.1026424438,-0.4772850011,3
Rachenahalli kere,05/24,0.4767500812,-0.2545479963,-0.1659137758,-0.3806330961,3
Amruthahalli Lake,05/24,0.09339344401,0.1588080418,-0.3589086856,-0.5312672007,3
Nagawara Lake,05/24,0.4366214255,-0.2184290977,-0.3085892334,-0.6409218761,3
Herohalli Lake,05/24,0.3987019737,-0.2071796268,-0.2486425927,-0.5117291073,3
Hebbal  kere,05/24,0.3138132452,-0.1754966186,-0.04237703203,-0.3076549301,3
Mahadevapura kere,05/24,0.3627153695,-0.230431879,-0.1159688543,-0.3899499659,3
Vibhutipura kere,05/24,0.1110078201,0.1125450689,-0.3594852827,-0.5408429249,3
Rajapalya Hoodikere,05/24,0.08010240788,0.1044749647,-0.243712259,-0.3837588184,3
Achanakere,05/24,0.1707445139,-0.07415313971,-0.1182783369,-0.2819791048,3
"Yekkalagatta kere,Mahadevepura Kere",05/24,0.140500973,-0.0439125314,-0.02103496876,-0.2347709736,3
Pattaduru Agrahara kere-2,05/24,0.1923489067,-0.05860550915,-0.4405532524,-0.5320545496,3
Nallurahallikere,05/24,0.06716745975,0.1426057578,-0.2626200685,-0.4810004587,3
Thubarahalli lake,05/24,0.1495169717,-0.03092051799,-0.08100131614,-0.3521189448,3
Sheelavantana kere,05/24,0.5816087978,-0.3178007803,-0.3674569802,-0.8234901503,3
Doddanekundi Kunte,05/24,0.2988711179,-0.141659648,-0.2258782376,-0.3051364206,3
Chinnappanahalli  kere1,05/24,0.3604216185,-0.2037482837,-0.1748063567,-0.5524572907,3
Doddanekundi kere,05/24,0.2086162462,0.03029217657,-0.4209033335,-0.5490145887,3
Kundalahalli kere,05/24,0.5332109548,-0.3647836139,-0.05047486631,-0.5821296339,3
Acchanakere,05/24,0.2493729115,-0.1374105034,-0.2424982552,-0.3959825156,3
Varthur lake,05/24,0.2588960631,-0.06960302557,-0.5009197765,-0.6140226706,3
Narasipura Lake-1,05/24,0.167227811,0.0678483519,-0.4220292084,-0.5951256195,3
Narasipura Lake-2,05/24,0.3016596407,-0.0955763846,-0.5970532535,-0.7100639234,3
Ulsoor Lake,05/24,0.2886433195,-0.2268639303,0.1986472243,-0.08274577188,3
Gunduru Lake,06/24,0.07968484484,-0.0189142747,-0.186472703,-0.2179664171,2
Doddebele,06/24,0.2197533152,-0.1172811391,-0.2757669713,-0.4006659526,2
Somapura,06/24,0.1896709345,-0.08152573476,-0.3016537651,-0.4314770875,2
Mailasandra,06/24,0.1706071522,-0.07634070065,-0.2189761325,-0.348560102,2
Kengeri 1,06/24,0.206921703,-0.04795413133,-0.4835463451,-0.5928843888,2
Kengeri 2,06/24,0.2401646889,-0.09563704649,-0.4973328169,-0.55106458,2
Chenvinayanahalli,06/24,0.1994283836,-0.1147879995,-0.1691098822,-0.3209998367,2
Annamma kere,06/24,0.2351581212,-0.1090328953,-0.1844838249,-0.3217314362,2
Deevatigeramnahalli kere,06/24,0.180319364,-0.08701990937,-0.2545389341,-0.3360908026,2
Devarakere,06/24,0.2656918069,-0.1046639517,-0.3220096058,-0.450416818,2
Doraikere,06/24,0.3342218957,-0.1587326353,-0.2298010282,-0.3506338564,2
Goudanakere,06/24,0.1619172755,-0.02700504947,-0.2793241834,-0.4002863561,2
Gubbalal kere,06/24,0.1998379839,-0.06574702534,-0.5106957742,-0.6104899812,2
Halagevaderahalli kere-2,06/24,0.09220420071,-0.012054334,-0.211399467,-0.2785130159,2
Herohalli Thotadakere,06/24,0.1789727597,-0.1089548314,-0.306796831,-0.3950121582,2
Hosakerehalli Kere,06/24,0.222610226,-0.05074895393,-0.4834769976,-0.5861477676,2
Kempambudhi lake,06/24,0.321918273,-0.1496710198,-0.346876005,-0.4751884079,2
Laggeri Lake,06/24,0.2438708783,-0.08320429348,-0.5187858398,-0.6385152673,2
Mallathahalli Lake,06/24,0.1874776268,-0.003741151778,-0.3896967915,-0.5287531282,2
Moge kere,06/24,0.2619265668,-0.06060330866,-0.3869125159,-0.4806472949,2
Muppatu Kavalu Hosa Kere,06/24,0.1850933518,-0.1514035109,0.05893705095,-0.04777174073,2
Nayandanahalli kere,06/24,0.2476678835,-0.1469914383,-0.0408408451,-0.2288421058,2
Sankey Tank,06/24,0.1272601225,-0.07678707573,-0.04389301067,-0.1343935346,2
Subramhanyapura kere,06/24,0.2557638178,-0.1250699183,-0.1372558357,-0.3011282877,2
Ullalu lake-2,06/24,0.1801335107,-0.0719452562,-0.2579784367,-0.3803733079,2
Valagerehalli kere,06/24,0.106070058,-0.05378540388,-0.0532420977,-0.1569659595,2
Yediyur kere,06/24,0.2817532322,-0.1537071925,-0.1610082858,-0.335025713,2
Bhimmanakuppe Govt lake,06/24,0.05142189205,0.006791412083,-0.1409334021,-0.156708171,2
Srigandhakavalu Karabu Katte,06/24,0.1070178998,0.03632011049,-0.2711736883,-0.3654619773,2
Janaradhan kere,06/24,0.2851812328,-0.1265875437,-0.5424262697,-0.6343795915,2
Konashetty kere,06/24,0.1257619371,0.04154347988,-0.3302765301,-0.4539757292,2
Nagarabhavi (Un-named Lake on map),06/24,0.08472665608,0.09549185077,-0.2265795544,-0.3957945854,2
Sompura Govt.lake,06/24,0.1746004421,-0.03298519292,-0.3068126376,-0.4297918399,2
Lakshmipura Lake,06/24,0.1425155002,0.01971592828,-0.3246632831,-0.4394852374,2
Amrutnagar Lake,06/24,0.1747154844,-0.06891611128,-0.1285619615,-0.256179898,2
Hoysalanagara Lake,06/24,0.1644062386,-0.03170558124,-0.3437019907,-0.4625582131,2
Basavanagar Lake,06/24,0.1055377139,-0.01788627452,-0.1966956409,-0.2708166779,2
Ajjegowdana katte,06/24,0.2538449722,-0.1469770755,-0.3086406433,-0.4612891901,2
Kodigehalli kere,06/24,0.139510333,-0.01144144875,-0.2656200588,-0.3503700307,2
Kommaghatta Govt. Lake,06/24,0.3127230007,-0.1633676004,-0.235146123,-0.355190128,2
Manganahalli Lake,06/24,0.1244649925,-0.06373155812,-0.09982066488,-0.1391898836,2
Bhattarahalli kere,06/24,0.04922353956,-0.02285390345,-0.08165245317,-0.08370589038,2
Thirumenahalli lake,06/24,0.28154799,-0.08321600068,-0.4417676005,-0.6026291487,2
Avalahali kere,06/24,0.2754001352,-0.1303699721,-0.3794575135,-0.4643284245,2
Begur Lake,06/24,0.2455407851,-0.1021156951,-0.3013585944,-0.4120969268,2
meenakshi lake,06/24,0.2563106364,-0.1125164951,-0.1748344949,-0.3271009128,2
Kannuru kere,06/24,0.1809778356,-0.06325433588,0.01544535132,-0.08518566155,2
Kannuru kere,06/24,0.1809778356,-0.06325433588,0.01544535132,-0.08518566155,2
Doddagubbi kere,06/24,0.1108555678,-0.01464992461,-0.06247971338,-0.1545622385,2
Suggata kere,06/24,,,,,2
Yelahanka Lake,06/24,0.1014881716,-0.100121369,0.1947050944,0.1599188472,2
Dodda Bommasandra Lake,06/24,0.2212727397,-0.04402884537,-0.5508399016,-0.6515785045,2
Singapura lake,06/24,0.1455665279,0.08504596486,-0.3734938446,-0.5419617229,2
Chellaghatta kere,06/24,0.291949255,-0.1297014959,-0.5466363251,-0.6580497736,2
Bellandur Amanikere,06/24,0.1895044592,-0.04265329322,-0.3786908241,-0.4828702528,2
Abbigere Kere,06/24,0.2754499218,-0.1010383315,-0.4483247388,-0.5881357547,2
Kammagondanahalli lake,06/24,0.2084062762,-0.0700179216,-0.4414128033,-0.5512468352,2
Mallasandra Lake-2,06/24,0.2382994323,-0.1015240149,-0.5309591205,-0.6232549491,2
Chikkabanavara kere,06/24,0.1033446204,0.063168581,-0.2716405264,-0.3970344878,2
Mallasandra Gudde lake,06/24,0.254009141,-0.05330338837,-0.5739881693,-0.6757943832,2
Bagalagunte Govt.Lake,06/24,0.194563276,-0.09323298774,-0.3077526997,-0.4155399665,2
Lalbagh kere,06/24,0.2455004427,-0.1512625109,-0.1001112381,-0.2427206794,2
Chikkabellanduru kere,06/24,0.1686776513,-0.0401157044,-0.2503799492,-0.3600410765,2
Carmelarm,06/24,0.04316936652,0.05358857176,-0.04434330319,-0.2136281023,2
Gunjuruplaya kere,06/24,0.1456458457,0.04666246394,-0.3649557945,-0.5232893623,2
Govt. Dinnekere,06/24,0.08754764585,0.0586688498,-0.2794627303,-0.4152978458,2
Panattur Govt.kere,06/24,0.1110573524,-0.0543664824,-0.0547539019,-0.194604856,2
Gramadakere,06/24,0.1071621812,0.1099862066,-0.3381578,-0.4857396214,2
Ambalipura Kelagina kere,06/24,0.2418805924,-0.08444021848,-0.4202830171,-0.5183597098,2
Melinakere,06/24,0.2146911252,-0.07711035882,-0.4594246205,-0.5431665279,2
Sowl kere,06/24,0.2796944493,-0.1276880503,-0.4875812471,-0.5943831542,2
Bhoganahalli kere,06/24,0.1347286576,-0.02090927584,-0.1347674148,-0.1962091039,2
Devarabisanahalli kere,06/24,0.1199837461,-0.130728519,-0.003269196013,-0.1476232767,2
Doddakanneli Gramadakere,06/24,0.2525567436,-0.1252314858,-0.1360380075,-0.292788253,2
Lakedew Appartment lake,06/24,0.2784666405,-0.1038599063,-0.2944472023,-0.386735794,2
Kaikondanahalli kere,06/24,0.2859277928,-0.1255093486,-0.2946974959,-0.4024599367,2
Kasavanahalli kere,06/24,0.09625182975,-0.1194165059,0.07242059606,-0.06118845914,2
Mestripalya lake,06/24,0.2426646471,-0.05856179294,-0.5115648302,-0.6386113783,2
Tavarekere lake,06/24,0.2492241361,-0.06657450616,-0.5367192616,-0.6412553521,2
Byrasandra Kere,06/24,0.2835994606,-0.108658508,-0.3438152252,-0.5105231668,2
J P Park Kere,06/24,0.2407047022,-0.05584428834,-0.4945263348,-0.623497749,2
Agara kere,06/24,0.1628846061,-0.0841483077,-0.1365579733,-0.1982236608,2
Ibbalur Govt. Lake,06/24,0.1400723649,-0.04567010127,-0.2054083293,-0.2573336207,2
sarraki kere,06/24,0.0914859488,-0.1118740316,0.07024254251,-0.04593576487,2
Puttenahalli Kere,06/24,0.1996444662,-0.09947719468,-0.1648974868,-0.2712397208,2
Madivala Kere,06/24,0.2386227412,-0.09164724482,-0.1963878309,-0.277386713,2
Somasundrapalya lake,06/24,0.164654407,-0.06880758323,-0.08302260123,-0.2035527958,2
singasandra,06/24,0.1350190562,-0.06749892285,-0.1713530603,-0.2283607643,2
Kodagi Singasandra kere,06/24,0.1876539015,-0.01698666306,-0.370860508,-0.5179574299,2
doddakodlu,06/24,0.3471579062,-0.1773938088,-0.2229456933,-0.3902462881,2
Karabu Kere/Konappana agrahara lake,06/24,0.1606420536,-0.03060306291,-0.2026547652,-0.2813053949,2
Parapana Agahara Lake,06/24,0.1392191209,-0.05045779176,-0.1686064154,-0.2439580937,2
Kudlu Chikere,06/24,0.1478389801,-0.05161522974,-0.2920236212,-0.3618945926,2
Kelaginakere,06/24,0.1911335382,-0.102302493,-0.1564025477,-0.2978697436,2
Melinakere,06/24,0.2711930397,-0.1372907939,-0.2975579458,-0.4323363891,2
Basavanapura Kere,06/24,0.1798069188,-0.05793894219,-0.3443533449,-0.4398516738,2
Swarna Kunte Gudde Lake,06/24,0.1060392756,-0.007649486532,-0.2241988383,-0.3173806022,2
Chikkabegur kere,06/24,0.3717368769,-0.1863713173,-0.6602675044,-0.7692769409,2
Elenahalli Lake,06/24,0.1313082399,-0.02320547984,-0.2424898787,-0.3350032094,2
Kalena Agrahara Govt. Lake,06/24,0.1732943194,-0.08515104879,-0.1067934813,-0.2613880443,2
Infrastructure Corridor,06/24,0.2517270554,-0.09801395699,-0.2652256037,-0.3969331488,2
Beratena Agrahara Lake,06/24,0.07940412109,0.06852814526,-0.2530883018,-0.3981751038,2
Mylasandra Dodda Agrahara kere,06/24,0.2850431115,-0.1414351828,-0.2276662174,-0.3269666257,2
Arekere Govt. lake,06/24,0.2842526076,-0.1078709971,-0.269081111,-0.3862129409,2
Hulimavu Kere,06/24,0.3245576341,-0.1706531796,-0.5251582364,-0.6608210659,2
Akashaya nagar Kere,06/24,0.1878547847,-0.08021584392,-0.3705552974,-0.4561388657,2
Gottigere Kere,06/24,0.3625639571,-0.2262374675,-0.6379957383,-0.7530914174,2
Kothanaru Kere,06/24,0.1217346019,-0.06503754925,-0.1015542004,-0.2242876494,2
RBI layout kere,06/24,0.1902819633,-0.04981987328,-0.305305344,-0.4076921185,2
Chunchanaghatta Kere,06/24,0.2117019508,-0.06009757715,-0.3759439885,-0.5071341152,2
Alahalli Kere,06/24,0.2405004533,-0.1581568262,-0.07559219177,-0.2745907451,2
Kembathahali kere,06/24,0.1368674825,-0.003809408109,-0.2681305703,-0.405885364,2
Doddakallasandra  kere,06/24,0.1840825999,-0.01961077035,-0.4209520509,-0.5578788908,2
Konanakunte  kere,06/24,0.220024348,-0.06080993828,-0.4581527245,-0.5758621329,2
Thalagattapura lake,06/24,0.1892545835,-0.04147138207,-0.378316847,-0.4869044837,2
Vajarahalli Govt.Katte,06/24,0.08121455065,0.009729589043,-0.2220595903,-0.2736988509,2
Harohalli kere,06/24,0.1792758612,-0.02776749648,-0.3279228019,-0.4504579712,2
Puttenahalli Lake,06/24,,,,,2
Chellakere kere,06/24,0.1374045574,-0.03294295094,-0.334164525,-0.3938455069,2
Horamavu Agara,06/24,0.2615916474,-0.1083963816,0.01028586929,-0.1273197609,2
Horamavu kere,06/24,0.090684682,0.04102695113,-0.1666323473,-0.2989096397,2
Kalkere Kere,06/24,0.4475169372,-0.2353321918,-0.5864117274,-0.7070010314,2
Nagareshvara Nagenahalli Kere,06/24,0.1632903392,-0.07207638284,-0.02083513565,-0.2466083897,2
Rampura Kere,06/24,0.3094550724,-0.1783879972,-0.4109150376,-0.5102751043,2
Atturu kere,06/24,0.2443651376,-0.1235406206,-0.4753997665,-0.5387341685,2
Veerasagara kere,06/24,0.2692250435,-0.1436748016,0.01389143802,-0.1561212285,2
Dodda bettahalli,06/24,0.07307591776,0.0774376696,-0.233781369,-0.3269739624,2
Dasarahalli kere,06/24,0.1901087352,-0.04850527752,-0.1447294172,-0.2237673052,2
Doddabidarakallu lake,06/24,0.1535987653,0.01447822958,-0.3881221009,-0.5105813073,2
Allasandra Lake,06/24,0.2127244769,-0.1063423258,-0.1241519372,-0.238291545,2
Andhrahalli Lake,06/24,0.1550463406,-0.02423140726,-0.3039207426,-0.3443762679,2
Handrahalli kere,06/24,0.2500573116,-0.1075473845,-0.492409215,-0.5951737831,2
Narasappanahalli kere,06/24,0.3149609079,-0.1536871934,-0.613986125,-0.7160305467,2
Valagere,06/24,0.07099266331,0.006592152716,-0.0292547888,-0.145889069,2
Shivapura New tank,06/24,0.1577099624,-0.015497118,-0.2410184697,-0.3517485909,2
Agrahara Lake,06/24,0.1259046671,-0.01118608527,-0.05880301513,-0.090220382,2
Chokkanahalli lake,06/24,0.1063981935,0.02163328793,-0.2967798569,-0.3617432333,2
Jakkuru lake,06/24,0.2236850803,-0.08669588196,-0.1277649532,-0.1803552017,2
palanahalli,06/24,0.1675431778,-0.03735230676,-0.4190294582,-0.4817677865,2
Kattigenahalli lake,06/24,,,,,2
Kogilu kere,06/24,0.2529701202,-0.1309409958,-0.2702100022,-0.3355523079,2
Venkateshapura lake,06/24,0.2365026325,0.006297229324,-0.5380561948,-0.7125163078,2
Bellihalli kere,06/24,0.1420668867,-0.01909169982,-0.3515501523,-0.4150613907,2
B. Channasandra lake,06/24,0.1540400663,-0.05056150686,-0.259712551,-0.3379249044,2
Byappanahalli kere,06/24,0.2334355101,-0.07384439478,-0.4897973968,-0.5886139379,2
Kowdenahalli Kere,06/24,0.1586770713,0.05893358216,-0.3191201389,-0.4410351217,2
Krishnarajapuram kere,06/24,,,,,2
Basavanapura kere,06/24,0.06956264254,-0.02755711495,-0.1328534519,-0.1625230367,2
Shegehalli kere,06/24,0.1086731465,-0.01748730069,-0.2638216242,-0.3320618542,2
Mangamanapalya Kere,06/24,0.03370786458,0.01566110365,-0.2093215138,-0.2599914074,2
Hoodi kere-2,06/24,0.09583958658,-0.01158231246,-0.2035264721,-0.2708835158,2
Jimkenahalli Kere,06/24,0.1100116786,0.04009483667,-0.2591592252,-0.3926796766,2
Kodigehalli lake,06/24,0.1106092955,-0.1007655554,0.08150468912,-0.05165345858,2
Gangashetti kere/ Devasandra kere,06/24,0.13349996,-0.05820515926,-0.229525535,-0.2770482969,2
Vijinapura kere2,06/24,0.1607493103,-0.005770169377,-0.3604152614,-0.4581483157,2
B.Narayanapura kere,06/24,0.05956710973,-0.008237737872,-0.1636424904,-0.168580548,2
Melinakere,06/24,0.2909125275,-0.1562894181,-0.5478847357,-0.6341555053,2
Kelaginakere,06/24,0.1765315006,-0.04615195304,-0.3058146211,-0.4187083012,2
Rachenahalli kere,06/24,0.3736981413,-0.1852801359,-0.1391869384,-0.2429197113,2
Amruthahalli Lake,06/24,0.1432018649,0.03050878297,-0.3961602607,-0.5205242863,2
Nagawara Lake,06/24,0.1043062966,0.08362188306,-0.1646740464,-0.2942877581,2
Herohalli Lake,06/24,0.2816132232,-0.135885294,-0.1920449761,-0.3091107507,2
Hebbal  kere,06/24,0.2924119437,-0.1921658097,-0.02868296763,-0.1448395374,2
Mahadevapura kere,06/24,0.1724394009,-0.06212695315,-0.1545883595,-0.2389485267,2
Vibhutipura kere,06/24,0.1775053745,-0.04978328145,-0.4083589797,-0.4916360863,2
Rajapalya Hoodikere,06/24,0.08898462038,0.008092788326,-0.1440000375,-0.2534965609,2
Achanakere,06/24,0.06798639161,-0.03597973607,-0.1259049972,-0.1294983188,2
"Yekkalagatta kere,Mahadevepura Kere",06/24,0.08310250616,-0.04076731962,-0.1283620847,-0.1548661718,2
Pattaduru Agrahara kere-2,06/24,0.1228938978,-0.05170836552,-0.2923880722,-0.339885969,2
Nallurahallikere,06/24,0.1500663657,-0.0659821423,-0.2217446774,-0.3304651787,2
Thubarahalli lake,06/24,0.124350636,-0.0692117356,-0.0282005889,-0.1396464481,2
Sheelavantana kere,06/24,0.1780397701,-0.02619919202,-0.4131622011,-0.4795377724,2
Doddanekundi Kunte,06/24,0.09269079252,-0.03556585598,-0.1912858254,-0.2244345145,2
Chinnappanahalli  kere1,06/24,0.1090794542,-0.02067864369,-0.238882774,-0.3007456193,2
Doddanekundi kere,06/24,0.2226642444,-0.08891118642,-0.3843435201,-0.4993810231,2
Kundalahalli kere,06/24,0.3776647796,-0.1806977926,-0.322208533,-0.4909664363,2
Acchanakere,06/24,0.2343660265,-0.1196033934,-0.2664296668,-0.394278238,2
Varthur lake,06/24,0.2580783724,-0.1048033798,-0.451592169,-0.5553711679,2
Narasipura Lake-1,06/24,,,,,2
Narasipura Lake-2,06/24,0.3912567913,-0.2198628714,-0.5922961649,-0.7049945752,2
Ulsoor Lake,06/24,0.3487772255,-0.2537265955,0.01634768897,-0.2057033896,2
Gunduru Lake,07/24,,,,,0
Doddebele,07/24,,,,,0
Somapura,07/24,,,,,0
Mailasandra,07/24,,,,,0
Kengeri 1,07/24,,,,,0
Kengeri 2,07/24,,,,,0
Chenvinayanahalli,07/24,,,,,0
Annamma kere,07/24,,,,,0
Deevatigeramnahalli kere,07/24,,,,,0
Devarakere,07/24,,,,,0
Doraikere,07/24,,,,,0
Goudanakere,07/24,,,,,0
Gubbalal kere,07/24,,,,,0
Halagevaderahalli kere-2,07/24,,,,,0
Herohalli Thotadakere,07/24,,,,,0
Hosakerehalli Kere,07/24,,,,,0
Kempambudhi lake,07/24,,,,,0
Laggeri Lake,07/24,,,,,0
Mallathahalli Lake,07/24,,,,,0
Moge kere,07/24,,,,,0
Muppatu Kavalu Hosa Kere,07/24,,,,,0
Nayandanahalli kere,07/24,,,,,0
Sankey Tank,07/24,,,,,0
Subramhanyapura kere,07/24,,,,,0
Ullalu lake-2,07/24,,,,,0
Valagerehalli kere,07/24,,,,,0
Yediyur kere,07/24,,,,,0
Bhimmanakuppe Govt lake,07/24,,,,,0
Srigandhakavalu Karabu Katte,07/24,,,,,0
Janaradhan kere,07/24,,,,,0
Konashetty kere,07/24,,,,,0
Nagarabhavi (Un-named Lake on map),07/24,,,,,0
Sompura Govt.lake,07/24,,,,,0
Lakshmipura Lake,07/24,,,,,0
Amrutnagar Lake,07/24,,,,,0
Hoysalanagara Lake,07/24,,,,,0
Basavanagar Lake,07/24,,,,,0
Ajjegowdana katte,07/24,,,,,0
Kodigehalli kere,07/24,,,,,0
Kommaghatta Govt. Lake,07/24,,,,,0
Manganahalli Lake,07/24,,,,,0
Bhattarahalli kere,07/24,,,,,0
Thirumenahalli lake,07/24,,,,,0
Avalahali kere,07/24,,,,,0
Begur Lake,07/24,,,,,0
meenakshi lake,07/24,,,,,0
Kannuru kere,07/24,,,,,0
Kannuru kere,07/24,,,,,0
Doddagubbi kere,07/24,,,,,0
Suggata kere,07/24,,,,,0
Yelahanka Lake,07/24,,,,,0
Dodda Bommasandra Lake,07/24,,,,,0
Singapura lake,07/24,,,,,0
Chellaghatta kere,07/24,,,,,0
Bellandur Amanikere,07/24,,,,,0
Abbigere Kere,07/24,,,,,0
Kammagondanahalli lake,07/24,,,,,0
Mallasandra Lake-2,07/24,,,,,0
Chikkabanavara kere,07/24,,,,,0
Mallasandra Gudde lake,07/24,,,,,0
Bagalagunte Govt.Lake,07/24,,,,,0
Lalbagh kere,07/24,,,,,0
Chikkabellanduru kere,07/24,,,,,0
Carmelarm,07/24,,,,,0
Gunjuruplaya kere,07/24,,,,,0
Govt. Dinnekere,07/24,,,,,0
Panattur Govt.kere,07/24,,,,,0
Gramadakere,07/24,,,,,0
Ambalipura Kelagina kere,07/24,,,,,0
Melinakere,07/24,,,,,0
Sowl kere,07/24,,,,,0
Bhoganahalli kere,07/24,,,,,0
Devarabisanahalli kere,07/24,,,,,0
Doddakanneli Gramadakere,07/24,,,,,0
Lakedew Appartment lake,07/24,,,,,0
Kaikondanahalli kere,07/24,,,,,0
Kasavanahalli kere,07/24,,,,,0
Mestripalya lake,07/24,,,,,0
Tavarekere lake,07/24,,,,,0
Byrasandra Kere,07/24,,,,,0
J P Park Kere,07/24,,,,,0
Agara kere,07/24,,,,,0
Ibbalur Govt. Lake,07/24,,,,,0
sarraki kere,07/24,,,,,0
Puttenahalli Kere,07/24,,,,,0
Madivala Kere,07/24,,,,,0
Somasundrapalya lake,07/24,,,,,0
singasandra,07/24,,,,,0
Kodagi Singasandra kere,07/24,,,,,0
doddakodlu,07/24,,,,,0
Karabu Kere/Konappana agrahara lake,07/24,,,,,0
Parapana Agahara Lake,07/24,,,,,0
Kudlu Chikere,07/24,,,,,0
Kelaginakere,07/24,,,,,0
Melinakere,07/24,,,,,0
Basavanapura Kere,07/24,,,,,0
Swarna Kunte Gudde Lake,07/24,,,,,0
Chikkabegur kere,07/24,,,,,0
Elenahalli Lake,07/24,,,,,0
Kalena Agrahara Govt. Lake,07/24,,,,,0
Infrastructure Corridor,07/24,,,,,0
Beratena Agrahara Lake,07/24,,,,,0
Mylasandra Dodda Agrahara kere,07/24,,,,,0
Arekere Govt. lake,07/24,,,,,0
Hulimavu Kere,07/24,,,,,0
Akashaya nagar Kere,07/24,,,,,0
Gottigere Kere,07/24,,,,,0
Kothanaru Kere,07/24,,,,,0
RBI layout kere,07/24,,,,,0
Chunchanaghatta Kere,07/24,,,,,0
Alahalli Kere,07/24,,,,,0
Kembathahali kere,07/24,,,,,0
Doddakallasandra  kere,07/24,,,,,0
Konanakunte  kere,07/24,,,,,0
Thalagattapura lake,07/24,,,,,0
Vajarahalli Govt.Katte,07/24,,,,,0
Harohalli kere,07/24,,,,,0
Puttenahalli Lake,07/24,,,,,0
Chellakere kere,07/24,,,,,0
Horamavu Agara,07/24,,,,,0
Horamavu kere,07/24,,,,,0
Kalkere Kere,07/24,,,,,0
Nagareshvara Nagenahalli Kere,07/24,,,,,0
Rampura Kere,07/24,,,,,0
Atturu kere,07/24,,,,,0
Veerasagara kere,07/24,,,,,0
Dodda bettahalli,07/24,,,,,0
Dasarahalli kere,07/24,,,,,0
Doddabidarakallu lake,07/24,,,,,0
Allasandra Lake,07/24,,,,,0
Andhrahalli Lake,07/24,,,,,0
Handrahalli kere,07/24,,,,,0
Narasappanahalli kere,07/24,,,,,0
Valagere,07/24,,,,,0
Shivapura New tank,07/24,,,,,0
Agrahara Lake,07/24,,,,,0
Chokkanahalli lake,07/24,,,,,0
Jakkuru lake,07/24,,,,,0
palanahalli,07/24,,,,,0
Kattigenahalli lake,07/24,,,,,0
Kogilu kere,07/24,,,,,0
Venkateshapura lake,07/24,,,,,0
Bellihalli kere,07/24,,,,,0
B. Channasandra lake,07/24,,,,,0
Byappanahalli kere,07/24,,,,,0
Kowdenahalli Kere,07/24,,,,,0
Krishnarajapuram kere,07/24,,,,,0
Basavanapura kere,07/24,,,,,0
Shegehalli kere,07/24,,,,,0
Mangamanapalya Kere,07/24,,,,,0
Hoodi kere-2,07/24,,,,,0
Jimkenahalli Kere,07/24,,,,,0
Kodigehalli lake,07/24,,,,,0
Gangashetti kere/ Devasandra kere,07/24,,,,,0
Vijinapura kere2,07/24,,,,,0
B.Narayanapura kere,07/24,,,,,0
Melinakere,07/24,,,,,0
Kelaginakere,07/24,,,,,0
Rachenahalli kere,07/24,,,,,0
Amruthahalli Lake,07/24,,,,,0
Nagawara Lake,07/24,,,,,0
Herohalli Lake,07/24,,,,,0
Hebbal  kere,07/24,,,,,0
Mahadevapura kere,07/24,,,,,0
Vibhutipura kere,07/24,,,,,0
Rajapalya Hoodikere,07/24,,,,,0
Achanakere,07/24,,,,,0
"Yekkalagatta kere,Mahadevepura Kere",07/24,,,,,0
Pattaduru Agrahara kere-2,07/24,,,,,0
Nallurahallikere,07/24,,,,,0
Thubarahalli lake,07/24,,,,,0
Sheelavantana kere,07/24,,,,,0
Doddanekundi Kunte,07/24,,,,,0
Chinnappanahalli  kere1,07/24,,,,,0
Doddanekundi kere,07/24,,,,,0
Kundalahalli kere,07/24,,,,,0
Acchanakere,07/24,,,,,0
Varthur lake,07/24,,,,,0
Narasipura Lake-1,07/24,,,,,0
Narasipura Lake-2,07/24,,,,,0
Ulsoor Lake,07/24,,,,,0
Gunduru Lake,08/24,,,,,0
Doddebele,08/24,,,,,0
Somapura,08/24,,,,,0
Mailasandra,08/24,,,,,0
Kengeri 1,08/24,,,,,0
Kengeri 2,08/24,,,,,0
Chenvinayanahalli,08/24,,,,,0
Annamma kere,08/24,,,,,0
Deevatigeramnahalli kere,08/24,,,,,0
Devarakere,08/24,,,,,0
Doraikere,08/24,,,,,0
Goudanakere,08/24,,,,,0
Gubbalal kere,08/24,,,,,0
Halagevaderahalli kere-2,08/24,,,,,0
Herohalli Thotadakere,08/24,,,,,0
Hosakerehalli Kere,08/24,,,,,0
Kempambudhi lake,08/24,,,,,0
Laggeri Lake,08/24,,,,,0
Mallathahalli Lake,08/24,,,,,0
Moge kere,08/24,,,,,0
Muppatu Kavalu Hosa Kere,08/24,,,,,0
Nayandanahalli kere,08/24,,,,,0
Sankey Tank,08/24,,,,,0
Subramhanyapura kere,08/24,,,,,0
Ullalu lake-2,08/24,,,,,0
Valagerehalli kere,08/24,,,,,0
Yediyur kere,08/24,,,,,0
Bhimmanakuppe Govt lake,08/24,,,,,0
Srigandhakavalu Karabu Katte,08/24,,,,,0
Janaradhan kere,08/24,,,,,0
Konashetty kere,08/24,,,,,0
Nagarabhavi (Un-named Lake on map),08/24,,,,,0
Sompura Govt.lake,08/24,,,,,0
Lakshmipura Lake,08/24,,,,,0
Amrutnagar Lake,08/24,,,,,0
Hoysalanagara Lake,08/24,,,,,0
Basavanagar Lake,08/24,,,,,0
Ajjegowdana katte,08/24,,,,,0
Kodigehalli kere,08/24,,,,,0
Kommaghatta Govt. Lake,08/24,,,,,0
Manganahalli Lake,08/24,,,,,0
Bhattarahalli kere,08/24,,,,,0
Thirumenahalli lake,08/24,,,,,0
Avalahali kere,08/24,,,,,0
Begur Lake,08/24,,,,,0
meenakshi lake,08/24,,,,,0
Kannuru kere,08/24,,,,,0
Kannuru kere,08/24,,,,,0
Doddagubbi kere,08/24,,,,,0
Suggata kere,08/24,,,,,0
Yelahanka Lake,08/24,,,,,0
Dodda Bommasandra Lake,08/24,,,,,0
Singapura lake,08/24,,,,,0
Chellaghatta kere,08/24,,,,,0
Bellandur Amanikere,08/24,,,,,0
Abbigere Kere,08/24,,,,,0
Kammagondanahalli lake,08/24,,,,,0
Mallasandra Lake-2,08/24,,,,,0
Chikkabanavara kere,08/24,,,,,0
Mallasandra Gudde lake,08/24,,,,,0
Bagalagunte Govt.Lake,08/24,,,,,0
Lalbagh kere,08/24,,,,,0
Chikkabellanduru kere,08/24,,,,,0
Carmelarm,08/24,,,,,0
Gunjuruplaya kere,08/24,,,,,0
Govt. Dinnekere,08/24,,,,,0
Panattur Govt.kere,08/24,,,,,0
Gramadakere,08/24,,,,,0
Ambalipura Kelagina kere,08/24,,,,,0
Melinakere,08/24,,,,,0
Sowl kere,08/24,,,,,0
Bhoganahalli kere,08/24,,,,,0
Devarabisanahalli kere,08/24,,,,,0
Doddakanneli Gramadakere,08/24,,,,,0
Lakedew Appartment lake,08/24,,,,,0
Kaikondanahalli kere,08/24,,,,,0
Kasavanahalli kere,08/24,,,,,0
Mestripalya lake,08/24,,,,,0
Tavarekere lake,08/24,,,,,0
Byrasandra Kere,08/24,,,,,0
J P Park Kere,08/24,,,,,0
Agara kere,08/24,,,,,0
Ibbalur Govt. Lake,08/24,,,,,0
sarraki kere,08/24,,,,,0
Puttenahalli Kere,08/24,,,,,0
Madivala Kere,08/24,,,,,0
Somasundrapalya lake,08/24,,,,,0
singasandra,08/24,,,,,0
Kodagi Singasandra kere,08/24,,,,,0
doddakodlu,08/24,,,,,0
Karabu Kere/Konappana agrahara lake,08/24,,,,,0
Parapana Agahara Lake,08/24,,,,,0
Kudlu Chikere,08/24,,,,,0
Kelaginakere,08/24,,,,,0
Melinakere,08/24,,,,,0
Basavanapura Kere,08/24,,,,,0
Swarna Kunte Gudde Lake,08/24,,,,,0
Chikkabegur kere,08/24,,,,,0
Elenahalli Lake,08/24,,,,,0
Kalena Agrahara Govt. Lake,08/24,,,,,0
Infrastructure Corridor,08/24,,,,,0
Beratena Agrahara Lake,08/24,,,,,0
Mylasandra Dodda Agrahara kere,08/24,,,,,0
Arekere Govt. lake,08/24,,,,,0
Hulimavu Kere,08/24,,,,,0
Akashaya nagar Kere,08/24,,,,,0
Gottigere Kere,08/24,,,,,0
Kothanaru Kere,08/24,,,,,0
RBI layout kere,08/24,,,,,0
Chunchanaghatta Kere,08/24,,,,,0
Alahalli Kere,08/24,,,,,0
Kembathahali kere,08/24,,,,,0
Doddakallasandra  kere,08/24,,,,,0
Konanakunte  kere,08/24,,,,,0
Thalagattapura lake,08/24,,,,,0
Vajarahalli Govt.Katte,08/24,,,,,0
Harohalli kere,08/24,,,,,0
Puttenahalli Lake,08/24,,,,,0
Chellakere kere,08/24,,,,,0
Horamavu Agara,08/24,,,,,0
Horamavu kere,08/24,,,,,0
Kalkere Kere,08/24,,,,,0
Nagareshvara Nagenahalli Kere,08/24,,,,,0
Rampura Kere,08/24,,,,,0
Atturu kere,08/24,,,,,0
Veerasagara kere,08/24,,,,,0
Dodda bettahalli,08/24,,,,,0
Dasarahalli kere,08/24,,,,,0
Doddabidarakallu lake,08/24,,,,,0
Allasandra Lake,08/24,,,,,0
Andhrahalli Lake,08/24,,,,,0
Handrahalli kere,08/24,,,,,0
Narasappanahalli kere,08/24,,,,,0
Valagere,08/24,,,,,0
Shivapura New tank,08/24,,,,,0
Agrahara Lake,08/24,,,,,0
Chokkanahalli lake,08/24,,,,,0
Jakkuru lake,08/24,,,,,0
palanahalli,08/24,,,,,0
Kattigenahalli lake,08/24,,,,,0
Kogilu kere,08/24,,,,,0
Venkateshapura lake,08/24,,,,,0
Bellihalli kere,08/24,,,,,0
B. Channasandra lake,08/24,,,,,0
Byappanahalli kere,08/24,,,,,0
Kowdenahalli Kere,08/24,,,,,0
Krishnarajapuram kere,08/24,,,,,0
Basavanapura kere,08/24,,,,,0
Shegehalli kere,08/24,,,,,0
Mangamanapalya Kere,08/24,,,,,0
Hoodi kere-2,08/24,,,,,0
Jimkenahalli Kere,08/24,,,,,0
Kodigehalli lake,08/24,,,,,0
Gangashetti kere/ Devasandra kere,08/24,,,,,0
Vijinapura kere2,08/24,,,,,0
B.Narayanapura kere,08/24,,,,,0
Melinakere,08/24,,,,,0
Kelaginakere,08/24,,,,,0
Rachenahalli kere,08/24,,,,,0
Amruthahalli Lake,08/24,,,,,0
Nagawara Lake,08/24,,,,,0
Herohalli Lake,08/24,,,,,0
Hebbal  kere,08/24,,,,,0
Mahadevapura kere,08/24,,,,,0
Vibhutipura kere,08/24,,,,,0
Rajapalya Hoodikere,08/24,,,,,0
Achanakere,08/24,,,,,0
"Yekkalagatta kere,Mahadevepura Kere",08/24,,,,,0
Pattaduru Agrahara kere-2,08/24,,,,,0
Nallurahallikere,08/24,,,,,0
Thubarahalli lake,08/24,,,,,0
Sheelavantana kere,08/24,,,,,0
Doddanekundi Kunte,08/24,,,,,0
Chinnappanahalli  kere1,08/24,,,,,0
Doddanekundi kere,08/24,,,,,0
Kundalahalli kere,08/24,,,,,0
Acchanakere,08/24,,,,,0
Varthur lake,08/24,,,,,0
Narasipura Lake-1,08/24,,,,,0
Narasipura Lake-2,08/24,,,,,0
Ulsoor Lake,08/24,,,,,0
Gunduru Lake,09/24,0.2929689719,-0.1296402401,-0.2291844133,-0.4758203076,1
Doddebele,09/24,0.3534327594,-0.2436725606,-0.08358043366,-0.2582709728,1
Somapura,09/24,0.2353595485,-0.1243784415,-0.43785794,-0.524712708,1
Mailasandra,09/24,0.3359967003,-0.1422507219,-0.4978055746,-0.6286157438,1
Kengeri 1,09/24,0.1102523923,0.02623463416,-0.2787759939,-0.363145501,1
Kengeri 2,09/24,0.240938047,-0.108589882,-0.5397761631,-0.6130665833,1
Chenvinayanahalli,09/24,0.3775323488,-0.2174304375,-0.347285467,-0.5437539237,1
Annamma kere,09/24,0.3376026547,-0.1970450818,-0.1167642222,-0.3737474764,1
Deevatigeramnahalli kere,09/24,0.2696501162,-0.1507178522,-0.2536323635,-0.4305637557,1
Devarakere,09/24,0.3188942169,-0.1613711093,-0.1708897538,-0.4095147563,1
Doraikere,09/24,0.4942263232,-0.2549135196,-0.3848331321,-0.5794105278,1
Goudanakere,09/24,0.1960442389,-0.0269499389,-0.2701459083,-0.4007920798,1
Gubbalal kere,09/24,0.1596030892,-0.02452102091,-0.4017842401,-0.5012076786,1
Halagevaderahalli kere-2,09/24,0.2387296604,-0.05465464835,-0.4179808574,-0.5725366098,1
Herohalli Thotadakere,09/24,0.2709626917,-0.1403977697,-0.4227014084,-0.5370678751,1
Hosakerehalli Kere,09/24,0.3821975934,-0.1913398107,-0.6244148177,-0.7463517958,1
Kempambudhi lake,09/24,,,,,1
Laggeri Lake,09/24,0.3410499408,-0.1406651792,-0.6062155058,-0.7210030123,1
Mallathahalli Lake,09/24,0.2710344352,-0.03755519162,-0.4927885491,-0.6533781768,1
Moge kere,09/24,0.3967391336,-0.1957635841,-0.4310552054,-0.6164535925,1
Muppatu Kavalu Hosa Kere,09/24,0.2238791,-0.05889724069,-0.1601435629,-0.3470798,1
Nayandanahalli kere,09/24,0.1449886411,-0.010138941,-0.4559061527,-0.584764421,1
Sankey Tank,09/24,0.1496854554,-0.1368736728,0.01715289639,-0.1081410142,1
Subramhanyapura kere,09/24,,,,,1
Ullalu lake-2,09/24,0.2793426528,-0.07266437876,-0.4951728068,-0.6424691412,1
Valagerehalli kere,09/24,0.2254101419,-0.08589821361,-0.1396874091,-0.3028279167,1
Yediyur kere,09/24,0.3987267101,-0.3327421168,0.05391972795,-0.3084567725,1
Bhimmanakuppe Govt lake,09/24,0.3129219734,-0.1468172446,-0.4848230668,-0.6589634904,1
Srigandhakavalu Karabu Katte,09/24,0.1966487963,0.006228691774,-0.4137142963,-0.5510281158,1
Janaradhan kere,09/24,0.1474050054,-0.02020372227,-0.4094586015,-0.4484354429,1
Konashetty kere,09/24,0.2773389808,-0.05952414156,-0.5366936601,-0.6742515154,1
Nagarabhavi (Un-named Lake on map),09/24,,,,,1
Sompura Govt.lake,09/24,0.246012982,-0.03974717074,-0.526495632,-0.6631941383,1
Lakshmipura Lake,09/24,0.2344543867,-0.06402517485,-0.3529740468,-0.5073007261,1
Amrutnagar Lake,09/24,0.2335591816,-0.09957820027,-0.1023977714,-0.255462884,1
Hoysalanagara Lake,09/24,,,,,1
Basavanagar Lake,09/24,0.2954722159,-0.1913740013,-0.1424048556,-0.3644347577,1
Ajjegowdana katte,09/24,0.3412534945,-0.1749731677,-0.4621381143,-0.6260274915,1
Kodigehalli kere,09/24,0.2044858047,-0.04044861513,-0.3902763896,-0.5161664049,1
Kommaghatta Govt. Lake,09/24,0.4540687477,-0.2718073643,-0.1048557453,-0.3019785369,1
Manganahalli Lake,09/24,0.2661492175,-0.2106263917,0.1774920507,0.06511633283,1
Bhattarahalli kere,09/24,0.2478831509,-0.1483812076,0.0474542997,-0.1583680161,1
Thirumenahalli lake,09/24,0.2740351004,-0.06997847896,-0.4276302119,-0.5929337077,1
Avalahali kere,09/24,0.3663153553,-0.2125716543,-0.3260319932,-0.4504849609,1
Begur Lake,09/24,0.2804193867,-0.1015340256,-0.2642986493,-0.4402100799,1
meenakshi lake,09/24,0.225421802,-0.05795150195,-0.3084086824,-0.474125235,1
Kannuru kere,09/24,0.3396076171,-0.1165116886,-0.02065192693,-0.245484592,1
Kannuru kere,09/24,0.3396076171,-0.1165116886,-0.02065192693,-0.245484592,1
Doddagubbi kere,09/24,0.1755665909,-0.07375926069,0.03740165945,-0.1363367998,1
Suggata kere,09/24,0.2164498527,-0.06136501548,-0.3122075137,-0.4935673947,1
Yelahanka Lake,09/24,0.07527691738,-0.1797790806,0.2898421687,0.1631395353,1
Dodda Bommasandra Lake,09/24,0.3411847186,-0.2518658482,0.05414343334,-0.2035041205,1
Singapura lake,09/24,0.1239963343,0.03594354846,-0.3358024525,-0.4520930437,1
Chellaghatta kere,09/24,0.3300133978,-0.1530523782,-0.5933795524,-0.7227741686,1
Bellandur Amanikere,09/24,0.2944202784,-0.1715916041,-0.3717702405,-0.4942113511,1
Abbigere Kere,09/24,0.294174349,-0.05971564662,-0.4978265672,-0.6431562341,1
Kammagondanahalli lake,09/24,0.3325678431,-0.1483341142,-0.4533881784,-0.6128902991,1
Mallasandra Lake-2,09/24,0.4692395412,-0.2418735381,-0.7139375512,-0.8340605923,1
Chikkabanavara kere,09/24,0.1582617418,0.03447427956,-0.3380499396,-0.5117898027,1
Mallasandra Gudde lake,09/24,0.4490771381,-0.2227541415,-0.7035775034,-0.8284368493,1
Bagalagunte Govt.Lake,09/24,0.3011426287,-0.1572051553,-0.3093576817,-0.51211324,1
Lalbagh kere,09/24,0.3816157581,-0.2912583602,-0.00268483559,-0.2537906529,1
Chikkabellanduru kere,09/24,0.3157604386,-0.1241083887,-0.5469407162,-0.6718769579,1
Carmelarm,09/24,0.08979049071,0.04758469694,-0.1804821199,-0.3754423261,1
Gunjuruplaya kere,09/24,0.2114868044,0.04254709128,-0.4749950563,-0.6177302583,1
Govt. Dinnekere,09/24,0.07191495633,0.1132845174,-0.1492845306,-0.3789489369,1
Panattur Govt.kere,09/24,0.169427517,-0.1602071687,0.01563388425,-0.1717806842,1
Gramadakere,09/24,0.1384998309,0.09953454542,-0.4042168871,-0.5693973414,1
Ambalipura Kelagina kere,09/24,0.3269397319,-0.1497585833,-0.5290537867,-0.634641251,1
Melinakere,09/24,0.2278671255,-0.02107127335,-0.4916211313,-0.5969222673,1
Sowl kere,09/24,0.2825556778,-0.1415518257,-0.5238642661,-0.6128865863,1
Bhoganahalli kere,09/24,0.1486864029,0.02640737699,-0.3309399111,-0.4680359665,1
Devarabisanahalli kere,09/24,0.1302805689,-0.2184634447,0.08324177324,-0.1079187552,1
Doddakanneli Gramadakere,09/24,0.3129761771,-0.1819312527,-0.1030881628,-0.2849354623,1
Lakedew Appartment lake,09/24,0.4705093431,-0.2214025488,-0.3367104713,-0.5135276713,1
Kaikondanahalli kere,09/24,0.2851302298,-0.08968351685,-0.3346245293,-0.4504820132,1
Kasavanahalli kere,09/24,0.1059835434,-0.2068704625,0.2944541968,0.122621871,1
Mestripalya lake,09/24,0.2843786153,-0.06767597266,-0.559637472,-0.6876294657,1
Tavarekere lake,09/24,0.3242281073,-0.0952930694,-0.6283612267,-0.7468484232,1
Byrasandra Kere,09/24,0.3998177778,-0.2065300633,-0.3677199804,-0.5538076397,1
J P Park Kere,09/24,0.2455547077,-0.05991901761,-0.4982589813,-0.610728585,1
Agara kere,09/24,0.2372682845,-0.1907489729,-0.06334318821,-0.2149921364,1
Ibbalur Govt. Lake,09/24,0.1961668581,-0.05687830597,-0.5502392054,-0.6615384817,1
sarraki kere,09/24,0.1023654267,-0.2017174124,0.3152580628,0.1341970404,1
Puttenahalli Kere,09/24,0.3417417352,-0.2380741638,-0.1248236482,-0.3615076048,1
Madivala Kere,09/24,0.4101786663,-0.2217541695,-0.216089879,-0.385420477,1
Somasundrapalya lake,09/24,0.3020662114,-0.1792901265,0.04546997172,-0.2472220567,1
singasandra,09/24,0.2687952815,-0.2053982258,-0.03689591622,-0.248613966,1
Kodagi Singasandra kere,09/24,0.2215693369,0.004990944685,-0.4850190393,-0.6284554268,1
doddakodlu,09/24,0.4981710723,-0.2753373053,-0.3131294167,-0.5450037756,1
Karabu Kere/Konappana agrahara lake,09/24,0.2272090417,-0.03434176097,-0.2732991201,-0.3643107059,1
Parapana Agahara Lake,09/24,0.3486909201,-0.200981291,-0.1215634826,-0.319484971,1
Kudlu Chikere,09/24,0.1903387482,-0.1084071602,-0.1824755713,-0.3398635536,1
Kelaginakere,09/24,0.089848737,-0.1155082754,0.01051163505,-0.1694037839,1
Melinakere,09/24,0.4456299828,-0.2260422266,-0.4600095436,-0.6359892914,1
Basavanapura Kere,09/24,0.2097365316,-0.04765880756,-0.4735946921,-0.5782723872,1
Swarna Kunte Gudde Lake,09/24,0.2666518465,-0.05522412172,-0.4519835883,-0.5972557506,1
Chikkabegur kere,09/24,0.3624494514,-0.1390166505,-0.6935263486,-0.8026824192,1
Elenahalli Lake,09/24,0.248137157,-0.01983122054,-0.5665707902,-0.6774253346,1
Kalena Agrahara Govt. Lake,09/24,0.2036655146,-0.1242081532,-0.06580169387,-0.2415208021,1
Infrastructure Corridor,09/24,0.3805029726,-0.1895161752,-0.4134599797,-0.5800343925,1
Beratena Agrahara Lake,09/24,0.1681121996,0.02936902994,-0.4363963364,-0.5839496058,1
Mylasandra Dodda Agrahara kere,09/24,0.3190417119,-0.1690607051,-0.2405253919,-0.3352223214,1
Arekere Govt. lake,09/24,0.4180995813,-0.2177258347,-0.276289889,-0.5023190842,1
Hulimavu Kere,09/24,0.4005900604,-0.1953818581,-0.6505287361,-0.7824814027,1
Akashaya nagar Kere,09/24,0.3751096023,-0.1654990235,-0.5898008434,-0.7209730861,1
Gottigere Kere,09/24,0.1721440584,-0.07366219003,-0.05402921501,-0.1193736128,1
Kothanaru Kere,09/24,0.1346994566,-0.1318614579,0.08377567438,-0.1427434301,1
RBI layout kere,09/24,,,,,1
Chunchanaghatta Kere,09/24,0.2230589185,-0.05413877152,-0.2947091237,-0.4663422652,1
Alahalli Kere,09/24,0.3031803796,-0.1566671907,-0.1803890322,-0.3329870964,1
Kembathahali kere,09/24,0.2394236936,-0.06371694968,-0.5035414117,-0.6304904444,1
Doddakallasandra  kere,09/24,0.3149359244,-0.08885939131,-0.5759054743,-0.7211352588,1
Konanakunte  kere,09/24,0.3290090152,-0.1035205305,-0.5997557441,-0.7275037563,1
Thalagattapura lake,09/24,0.3547101899,-0.1343401582,-0.4695138047,-0.5581907147,1
Vajarahalli Govt.Katte,09/24,0.291248777,-0.1710631071,-0.3790744798,-0.5555027137,1
Harohalli kere,09/24,0.2713843541,-0.1676181606,-0.06444627179,-0.2713799397,1
Puttenahalli Lake,09/24,0.3997355785,-0.2329905634,-0.470285161,-0.6393211154,1
Chellakere kere,09/24,0.3160946924,-0.1428771966,-0.4051635332,-0.5999521572,1
Horamavu Agara,09/24,0.3757191732,-0.2340218207,0.02816455295,-0.2105766513,1
Horamavu kere,09/24,0.1933163875,-0.06693034363,-0.05771014771,-0.2782233604,1
Kalkere Kere,09/24,0.3845554813,-0.1664315726,-0.4542435408,-0.6194277721,1
Nagareshvara Nagenahalli Kere,09/24,0.1320943241,-0.1081946253,0.2092921947,-0.02500470131,1
Rampura Kere,09/24,0.3567470522,-0.1927944112,-0.4968902464,-0.6432771809,1
Atturu kere,09/24,0.4026295381,-0.1974091143,-0.6271365984,-0.7532750708,1
Veerasagara kere,09/24,0.3555374894,-0.1979207281,-0.0734728475,-0.2524247506,1
Dodda bettahalli,09/24,0.09167820789,0.0137115985,-0.2447292736,-0.3364297025,1
Dasarahalli kere,09/24,0.3404657233,-0.2054351775,0.03147542319,-0.198196453,1
Doddabidarakallu lake,09/24,0.1333379323,0.1021958752,-0.4085099546,-0.5793726329,1
Allasandra Lake,09/24,0.3924872151,-0.254965191,-0.08280195739,-0.3207572846,1
Andhrahalli Lake,09/24,0.3885011092,-0.1806408006,-0.3962419155,-0.5416021734,1
Handrahalli kere,09/24,,,,,1
Narasappanahalli kere,09/24,0.3773596882,-0.1682719324,-0.6730104432,-0.7830583825,1
Valagere,09/24,0.1969229145,0.01445897991,-0.2883328193,-0.4223016178,1
Shivapura New tank,09/24,0.375622446,-0.1634736519,-0.2952286955,-0.4976864171,1
Agrahara Lake,09/24,0.2845054167,-0.1328830504,-0.0609836053,-0.2118729428,1
Chokkanahalli lake,09/24,0.1355078357,0.01981580986,-0.2990510658,-0.4246376764,1
Jakkuru lake,09/24,0.4409706662,-0.2095246278,-0.2538582509,-0.4192353381,1
palanahalli,09/24,0.3640537654,-0.1696150211,-0.5126414987,-0.6526715505,1
Kattigenahalli lake,09/24,0.3291244736,-0.05577303596,-0.4302853065,-0.5939424837,1
Kogilu kere,09/24,0.3488691529,-0.1618329987,-0.3656574852,-0.4901345503,1
Venkateshapura lake,09/24,0.1918626746,0.01701773015,-0.3213929312,-0.4757451584,1
Bellihalli kere,09/24,0.337578658,-0.02177906491,-0.4473975336,-0.5391575237,1
B. Channasandra lake,09/24,0.2786588632,-0.1598306147,-0.191374306,-0.3705164157,1
Byappanahalli kere,09/24,0.3139364056,-0.09867657688,-0.606826469,-0.7282750386,1
Kowdenahalli Kere,09/24,0.4357649434,-0.2744670551,-0.2327444962,-0.5032800997,1
Krishnarajapuram kere,09/24,0.2228110463,-0.05434522828,-0.496402057,-0.612843685,1
Basavanapura kere,09/24,0.2296738794,-0.157051061,-0.058599143,-0.2988725953,1
Shegehalli kere,09/24,0.3229963595,-0.1906124115,-0.1484913188,-0.3376127806,1
Mangamanapalya Kere,09/24,0.2636842135,-0.089012184,-0.2880087259,-0.4351319605,1
Hoodi kere-2,09/24,0.1883429724,-0.01281561265,-0.2992433161,-0.4544279772,1
Jimkenahalli Kere,09/24,0.1579993574,-0.109058814,0.06539851328,-0.1791695235,1
Kodigehalli lake,09/24,0.1792091952,-0.2198231526,0.2338229605,0.0197079704,1
Gangashetti kere/ Devasandra kere,09/24,0.1937886699,-0.03635625029,-0.244466602,-0.4288320589,1
Vijinapura kere2,09/24,0.2963627301,-0.1713860252,-0.1926799773,-0.3839582671,1
B.Narayanapura kere,09/24,,,,,1
Melinakere,09/24,0.1999298972,-0.08306673111,-0.4175495085,-0.4821032923,1
Kelaginakere,09/24,0.1112695149,0.003496939772,-0.2360943269,-0.3049879221,1
Rachenahalli kere,09/24,0.5241601858,-0.2667398425,-0.3299181418,-0.4925214128,1
Amruthahalli Lake,09/24,0.2075456658,0.01253454241,-0.4921297819,-0.6403207146,1
Nagawara Lake,09/24,0.3529501779,-0.2414342551,-0.09857383236,-0.3051389304,1
Herohalli Lake,09/24,0.4007572752,-0.1988839035,-0.1993878543,-0.3949754645,1
Hebbal  kere,09/24,0.3429561295,-0.2325609314,-0.08080657987,-0.2559256628,1
Mahadevapura kere,09/24,0.3984438104,-0.2964644278,-0.01169467771,-0.336277638,1
Vibhutipura kere,09/24,0.2526501537,-0.06832501933,-0.5298680446,-0.6340340503,1
Rajapalya Hoodikere,09/24,0.2842720993,-0.1397524404,-0.3618265714,-0.5373000006,1
Achanakere,09/24,0.3326726126,-0.1654103424,-0.2391481633,-0.4374919134,1
"Yekkalagatta kere,Mahadevepura Kere",09/24,0.3270055176,-0.1416085276,-0.2144887037,-0.420617323,1
Pattaduru Agrahara kere-2,09/24,0.3296851461,-0.1839528401,-0.521120472,-0.6245830485,1
Nallurahallikere,09/24,0.1861978925,-0.06324522372,-0.1647707374,-0.3703454153,1
Thubarahalli lake,09/24,0.240218201,-0.1423807461,0.01028657345,-0.1913163057,1
Sheelavantana kere,09/24,0.4148917562,-0.2131889026,-0.2629227855,-0.4241702085,1
Doddanekundi Kunte,09/24,0.3763205309,-0.1833481947,-0.3407456683,-0.4964545161,1
Chinnappanahalli  kere1,09/24,0.245660656,-0.1284973165,-0.2262415177,-0.3761268758,1
Doddanekundi kere,09/24,0.2927473518,-0.1479272659,-0.2100383157,-0.396367059,1
Kundalahalli kere,09/24,0.4676108186,-0.2870872863,-0.144188192,-0.4082468821,1
Acchanakere,09/24,0.4272699124,-0.2603721399,-0.1621495454,-0.397097928,1
Varthur lake,09/24,0.2620677435,-0.08831886802,-0.44650019,-0.5656971112,1
Narasipura Lake-1,09/24,0.3685516841,-0.2152657745,-0.5907127708,-0.7146696197,1
Narasipura Lake-2,09/24,0.4033703898,-0.1967880545,-0.6848563486,-0.787830043,1
Ulsoor Lake,09/24,0.413231042,-0.2719913817,-0.0325166659,-0.2784495064,1
Gunduru Lake,10/24,0.2820990332,-0.1652434563,-0.1677865259,-0.3033049335,3
Doddebele,10/24,0.2224255756,-0.1374055534,-0.2493909237,-0.306113367,3
Somapura,10/24,0.44800996,-0.2914957467,-0.5729530315,-0.7052549683,3
Mailasandra,10/24,0.2612042623,-0.1578348049,-0.3544804663,-0.4507189424,3
Kengeri 1,10/24,0.2494317101,-0.1174325411,-0.4935364369,-0.5571049193,3
Kengeri 2,10/24,0.3414072073,-0.1911507431,-0.5112949183,-0.5937762956,3
Chenvinayanahalli,10/24,0.2765243199,-0.1679039526,-0.4119349186,-0.4979492389,3
Annamma kere,10/24,0.2755439459,-0.1640578832,-0.09004636546,-0.2178655225,3
Deevatigeramnahalli kere,10/24,0.2877014297,-0.1923143695,-0.08518225961,-0.2381534124,3
Devarakere,10/24,0.2450115895,-0.147525642,-0.1484443569,-0.2775935503,3
Doraikere,10/24,0.385861038,-0.1899382856,-0.2224119288,-0.3586434247,3
Goudanakere,10/24,0.1427198265,-0.09190870581,-0.08868209178,-0.1592801499,3
Gubbalal kere,10/24,0.1980566213,-0.1232842197,-0.03088882922,-0.2137647257,3
Halagevaderahalli kere-2,10/24,0.1343878129,-0.1373729004,-0.1502995704,-0.2624066452,3
Herohalli Thotadakere,10/24,0.2804085656,-0.1512091325,-0.3981219999,-0.4882991645,3
Hosakerehalli Kere,10/24,0.3202343351,-0.1532758274,-0.570754471,-0.6647147802,3
Kempambudhi lake,10/24,0.4112645271,-0.2234260778,-0.2187525088,-0.3740189253,3
Laggeri Lake,10/24,0.3525756872,-0.1955630439,-0.6005404005,-0.7181521721,3
Mallathahalli Lake,10/24,0.2274563735,-0.09765859804,-0.3130197892,-0.4237875333,3
Moge kere,10/24,0.3652043738,-0.1798859647,-0.2968501195,-0.4460188963,3
Muppatu Kavalu Hosa Kere,10/24,0.3286844685,-0.2576386976,0.06128411781,-0.07586343618,3
Nayandanahalli kere,10/24,0.1552090195,-0.04296648808,-0.3039164876,-0.3749446835,3
Sankey Tank,10/24,0.1581111175,-0.1681469656,0.08371361591,-0.01293215175,3
Subramhanyapura kere,10/24,0.3313081974,-0.1632759265,-0.1801621119,-0.2947939546,3
Ullalu lake-2,10/24,0.192634245,-0.1481169836,-0.09152710871,-0.228436418,3
Valagerehalli kere,10/24,0.1690868956,-0.1767241443,0.1280208389,-0.04558731436,3
Yediyur kere,10/24,0.2908781572,-0.2006608531,-0.04985561438,-0.2022214827,3
Bhimmanakuppe Govt lake,10/24,0.237055497,-0.1196583691,-0.4015027251,-0.4908694644,3
Srigandhakavalu Karabu Katte,10/24,0.2086046787,-0.05803779732,-0.404099091,-0.4918025931,3
Janaradhan kere,10/24,0.337576058,-0.1545409063,-0.5901728445,-0.6933476411,3
Konashetty kere,10/24,0.2238511095,-0.0574971392,-0.3825060697,-0.5073545602,3
Nagarabhavi (Un-named Lake on map),10/24,0.1193633944,-0.00853391269,-0.3251129526,-0.4099427031,3
Sompura Govt.lake,10/24,0.247941083,-0.09011296736,-0.4944361442,-0.5853356351,3
Lakshmipura Lake,10/24,0.2721815314,-0.1438506519,-0.1050767151,-0.2148170107,3
Amrutnagar Lake,10/24,0.2301038591,-0.1352046633,-0.04827705207,-0.2019132457,3
Hoysalanagara Lake,10/24,0.1676384477,-0.06286473477,-0.3988042299,-0.4603978822,3
Basavanagar Lake,10/24,0.3177726399,-0.195230929,-0.1817617665,-0.3429514296,3
Ajjegowdana katte,10/24,0.3380714731,-0.2289681022,-0.3541604758,-0.4880832087,3
Kodigehalli kere,10/24,0.11402376,-0.01693362717,-0.297140963,-0.3502927512,3
Kommaghatta Govt. Lake,10/24,0.2934011944,-0.202205057,-0.1645293301,-0.2772349,3
Manganahalli Lake,10/24,0.1858194479,-0.1575131095,0.0140786125,-0.03482396728,3
Bhattarahalli kere,10/24,0.2042020691,-0.1474626505,0.0256557865,-0.1067256009,3
Thirumenahalli lake,10/24,0.2501767448,-0.1588477039,-0.1615023683,-0.2460547859,3
Avalahali kere,10/24,0.2268048261,-0.1703848249,-0.09683299384,-0.1381356089,3
Begur Lake,10/24,0.3273705699,-0.1997130182,-0.1805019617,-0.3194908119,3
meenakshi lake,10/24,0.2998561002,-0.1946293279,-0.04527072509,-0.2255239217,3
Kannuru kere,10/24,0.246722631,-0.1065679204,0.1149813953,0.06003176059,3
Kannuru kere,10/24,0.246722631,-0.1065679204,0.1149813953,0.06003176059,3
Doddagubbi kere,10/24,0.2544800463,-0.08804002951,0.1572441095,0.1187742171,3
Suggata kere,10/24,0.2337218937,-0.1025105023,-0.3872190395,-0.4640749413,3
Yelahanka Lake,10/24,0.1926518929,-0.1632510767,0.2267394973,0.1535862005,3
Dodda Bommasandra Lake,10/24,0.1114874257,-0.03246609983,-0.1577923764,-0.1941369439,3
Singapura lake,10/24,0.09855463846,-0.1069799086,0.1117568075,-0.0215641607,3
Chellaghatta kere,10/24,0.3347341901,-0.1781795936,-0.5908017524,-0.6975709162,3
Bellandur Amanikere,10/24,0.322683767,-0.2124259597,-0.4252772438,-0.5030018665,3
Abbigere Kere,10/24,0.2293711352,-0.182653055,-0.1188787295,-0.2272568852,3
Kammagondanahalli lake,10/24,0.3236836618,-0.23764415,-0.03175738499,-0.2288150961,3
Mallasandra Lake-2,10/24,0.4334296837,-0.2383977597,-0.6763569442,-0.779988183,3
Chikkabanavara kere,10/24,0.227798744,-0.06056086395,-0.3188777159,-0.4799070682,3
Mallasandra Gudde lake,10/24,0.3722525949,-0.2170804287,-0.6424960077,-0.7392655351,3
Bagalagunte Govt.Lake,10/24,0.261753454,-0.07290781757,-0.4983005367,-0.6228560463,3
Lalbagh kere,10/24,0.284573953,-0.2239964767,-0.03939681727,-0.1953002769,3
Chikkabellanduru kere,10/24,0.3020665427,-0.1513675715,-0.3994535575,-0.4892550864,3
Carmelarm,10/24,0.001965730444,-0.08853293048,0.1987464703,0.1119545768,3
Gunjuruplaya kere,10/24,0.2281898797,-0.06862153556,-0.3178121439,-0.4680721351,3
Govt. Dinnekere,10/24,0.07096636732,0.05339713401,0.03066391247,-0.1935799187,3
Panattur Govt.kere,10/24,0.2045753792,-0.1186267874,-0.1188616259,-0.1932020479,3
Gramadakere,10/24,0.125368106,0.0764510924,-0.2422656591,-0.4402904549,3
Ambalipura Kelagina kere,10/24,0.2709273755,-0.1217771279,-0.4790254209,-0.5337515676,3
Melinakere,10/24,0.2676291169,-0.1164260899,-0.4822298291,-0.552400947,3
Sowl kere,10/24,0.4246548736,-0.2750978395,-0.6627741717,-0.7542288495,3
Bhoganahalli kere,10/24,0.1695834964,-0.002159592556,-0.2874792672,-0.392018228,3
Devarabisanahalli kere,10/24,0.1460403183,-0.1980187444,0.08723901094,-0.05065781793,3
Doddakanneli Gramadakere,10/24,0.2907395962,-0.2140990809,0.01789878612,-0.1362056763,3
Lakedew Appartment lake,10/24,0.3249240957,-0.1740881244,-0.1243104104,-0.2300626659,3
Kaikondanahalli kere,10/24,0.2671878899,-0.1843972262,-0.1707581283,-0.2638360123,3
Kasavanahalli kere,10/24,0.1790627855,-0.2210944377,0.1801484705,0.06076270516,3
Mestripalya lake,10/24,0.2453185163,-0.08765308832,-0.477526425,-0.5593885825,3
Tavarekere lake,10/24,0.2703520479,-0.1035256338,-0.5776768063,-0.6527240137,3
Byrasandra Kere,10/24,0.3741430296,-0.170567888,-0.2729716558,-0.4374850621,3
J P Park Kere,10/24,0.2336695844,-0.09900731175,-0.4976806992,-0.582865711,3
Agara kere,10/24,0.213592783,-0.2355787266,0.1149772432,-6.16E-04,3
Ibbalur Govt. Lake,10/24,0.1752755963,-0.141788814,-0.0831648822,-0.1592552547,3
sarraki kere,10/24,0.09502475961,-0.2016019062,0.2899415812,0.1567928243,3
Puttenahalli Kere,10/24,0.1932716227,-0.1248525793,-0.116381829,-0.1967286112,3
Madivala Kere,10/24,0.4047504624,-0.232108289,-0.1348497093,-0.2656974345,3
Somasundrapalya lake,10/24,0.2788649672,-0.1888250907,0.09704316702,-0.1383361392,3
singasandra,10/24,0.3076745,-0.1845633556,-0.1217165487,-0.2363158185,3
Kodagi Singasandra kere,10/24,0.2387888601,-0.1054526343,-0.3406024604,-0.4325208262,3
doddakodlu,10/24,0.3334372117,-0.2699868918,-0.02947725185,-0.1662928989,3
Karabu Kere/Konappana agrahara lake,10/24,0.2249407189,-0.1266593773,-0.2121727639,-0.2978480779,3
Parapana Agahara Lake,10/24,0.4013328007,-0.2845095165,-0.2214731603,-0.4188180383,3
Kudlu Chikere,10/24,0.2744751423,-0.1982270944,-0.08469682383,-0.2013452534,3
Kelaginakere,10/24,0.1143449655,-0.1445652309,-0.04094679175,-0.1771487359,3
Melinakere,10/24,0.4350491127,-0.2398917812,-0.4138713614,-0.5634559632,3
Basavanapura Kere,10/24,0.2520812808,-0.1530019007,-0.3276277138,-0.4129447221,3
Swarna Kunte Gudde Lake,10/24,0.2321153425,-0.1082674445,-0.4014427368,-0.4851991307,3
Chikkabegur kere,10/24,0.2985995122,-0.1469483754,-0.6222231104,-0.6943196541,3
Elenahalli Lake,10/24,0.1328638436,-0.03822607872,-0.2164240285,-0.2613539773,3
Kalena Agrahara Govt. Lake,10/24,0.2037897086,-0.1381799177,-0.0303550329,-0.1817495289,3
Infrastructure Corridor,10/24,0.3380564165,-0.1642075826,-0.3724049592,-0.4947131706,3
Beratena Agrahara Lake,10/24,0.2232365678,-0.04325679133,-0.4874480378,-0.6153795657,3
Mylasandra Dodda Agrahara kere,10/24,0.3335242714,-0.1854228671,-0.298110678,-0.3565939576,3
Arekere Govt. lake,10/24,0.3578268301,-0.2046376505,-0.1431000599,-0.327735584,3
Hulimavu Kere,10/24,0.4001171401,-0.2125033797,-0.6345692134,-0.7568631313,3
Akashaya nagar Kere,10/24,0.272182843,-0.1891258257,-0.3430601986,-0.4307413157,3
Gottigere Kere,10/24,0.2484517674,-0.1716296699,0.02856317587,-0.05652374046,3
Kothanaru Kere,10/24,0.2069845849,-0.1300875362,-0.03195702989,-0.1438716635,3
RBI layout kere,10/24,0.2790641016,-0.1423871457,-0.3058278394,-0.436031121,3
Chunchanaghatta Kere,10/24,0.2891916583,-0.1777138931,-0.2486022127,-0.3608345424,3
Alahalli Kere,10/24,0.3590238549,-0.20419441,-0.1840631682,-0.3683063091,3
Kembathahali kere,10/24,0.1768843583,-0.07357447079,-0.2547833311,-0.3561666369,3
Doddakallasandra  kere,10/24,0.2952279363,-0.1589735705,-0.4709074159,-0.5660648122,3
Konanakunte  kere,10/24,0.219540944,-0.0862757974,-0.3806057206,-0.474530707,3
Thalagattapura lake,10/24,0.2425152848,-0.1202484592,-0.3196896929,-0.4020322529,3
Vajarahalli Govt.Katte,10/24,0.3579479536,-0.2340149822,-0.4067875642,-0.5801609733,3
Harohalli kere,10/24,0.3182228307,-0.2253325364,-0.001798833651,-0.2020577231,3
Puttenahalli Lake,10/24,0.32640477,-0.1957953489,-0.4588298584,-0.5594461267,3
Chellakere kere,10/24,0.1555216922,-0.07270050762,-0.3590521244,-0.3754533443,3
Horamavu Agara,10/24,0.28245131,-0.1979353296,0.05816933828,-0.06788013796,3
Horamavu kere,10/24,0.1172331656,0.03784173143,-0.2741793014,-0.4163858736,3
Kalkere Kere,10/24,0.3686321398,-0.2169335781,-0.1968934649,-0.3401488365,3
Nagareshvara Nagenahalli Kere,10/24,0.1002837344,0.06457310478,-0.03383086464,-0.203739707,3
Rampura Kere,10/24,0.3744928085,-0.2318465871,-0.5235346279,-0.646909426,3
Atturu kere,10/24,0.2967753201,-0.1966284423,-0.3117871941,-0.4208022453,3
Veerasagara kere,10/24,0.215498442,-0.1399676925,0.04354394333,-0.06303570874,3
Dodda bettahalli,10/24,0.09104894891,-0.02863797063,-0.1560706109,-0.25203504,3
Dasarahalli kere,10/24,0.0653281016,-0.03175336056,-0.07489199857,-0.07913341085,3
Doddabidarakallu lake,10/24,0.2093685382,0.004382236091,-0.4168727446,-0.5856360218,3
Allasandra Lake,10/24,0.2628829616,-0.2051271195,-0.007366972785,-0.1213349191,3
Andhrahalli Lake,10/24,0.1357440886,-0.06667741764,-0.2383866226,-0.2870065487,3
Handrahalli kere,10/24,0.3601433352,-0.2164117731,-0.4393357366,-0.5851012259,3
Narasappanahalli kere,10/24,0.3035868029,-0.1574720931,-0.584965905,-0.6423292447,3
Valagere,10/24,0.1821284444,-0.02131163338,-0.1413893259,-0.2015399517,3
Shivapura New tank,10/24,,,,,3
Agrahara Lake,10/24,0.2437369916,-0.1443520192,-0.01805714355,-0.09827315575,3
Chokkanahalli lake,10/24,0.1459921321,-0.02650621546,-0.3463497808,-0.4424080655,3
Jakkuru lake,10/24,0.2563387826,-0.1706953184,0.0666609745,-0.03327346904,3
palanahalli,10/24,0.3630603297,-0.2364082389,-0.1386959575,-0.2941830623,3
Kattigenahalli lake,10/24,0.1114398116,0.009705640637,-0.1793912727,-0.2385941463,3
Kogilu kere,10/24,0.3254344885,-0.1936189562,-0.2709433647,-0.3590217358,3
Venkateshapura lake,10/24,0.1857718218,-0.004229476083,-0.3527470927,-0.4775734853,3
Bellihalli kere,10/24,0.257685823,-0.08140103814,-0.5555738533,-0.6253077648,3
B. Channasandra lake,10/24,0.215735145,-0.1421112013,-0.1892291372,-0.3045895335,3
Byappanahalli kere,10/24,0.3131023999,-0.1205009068,-0.5919643363,-0.694305478,3
Kowdenahalli Kere,10/24,0.2875641964,-0.1452507718,-0.4850257402,-0.5727997645,3
Krishnarajapuram kere,10/24,0.2828534401,-0.1167792933,-0.5157238723,-0.642792702,3
Basavanapura kere,10/24,0.1999613114,-0.13715606,-0.06154909735,-0.1879359809,3
Shegehalli kere,10/24,0.2559231828,-0.1955954623,-0.04814582841,-0.1619564373,3
Mangamanapalya Kere,10/24,0.2515944107,-0.1294046989,-0.2026287004,-0.2924381211,3
Hoodi kere-2,10/24,0.202675226,-0.1557136172,-0.1108569697,-0.235069854,3
Jimkenahalli Kere,10/24,0.1599011484,-0.1277726632,0.02466708842,-0.1394277148,3
Kodigehalli lake,10/24,0.1736945779,-0.1760061424,0.1182042914,0.02978827757,3
Gangashetti kere/ Devasandra kere,10/24,0.137666884,-0.02542682856,-0.4089801248,-0.447183755,3
Vijinapura kere2,10/24,0.2194253343,-0.1460484738,-0.1114310587,-0.2248175879,3
B.Narayanapura kere,10/24,0.2874180161,-0.1712402685,-0.3079959731,-0.4919068839,3
Melinakere,10/24,0.3901280954,-0.2297511377,-0.5421886927,-0.6489110126,3
Kelaginakere,10/24,0.2017069361,-0.1682957143,4.03E-04,-0.1386709069,3
Rachenahalli kere,10/24,0.2725716216,-0.1717074768,0.07297999849,-0.04985359889,3
Amruthahalli Lake,10/24,0.1856177989,-0.1409360289,-0.2144822757,-0.318305944,3
Nagawara Lake,10/24,0.3429680633,-0.2072242975,-0.2993999199,-0.4413286172,3
Herohalli Lake,10/24,0.2089922852,-0.1284716168,-0.06946231879,-0.1495629169,3
Hebbal  kere,10/24,0.3029351783,-0.1905704984,-0.128095372,-0.2145797915,3
Mahadevapura kere,10/24,0.2649613256,-0.1942283573,-0.004318737679,-0.1698776385,3
Vibhutipura kere,10/24,0.3498219855,-0.2125106724,-0.3403486533,-0.4722126097,3
Rajapalya Hoodikere,10/24,0.2509336374,-0.1737894459,-0.3526141667,-0.4695165854,3
Achanakere,10/24,0.1011830959,-0.03087014357,-0.1839121886,-0.2350753714,3
"Yekkalagatta kere,Mahadevepura Kere",10/24,0.2226356048,-0.094072734,-0.1404650885,-0.2562169921,3
Pattaduru Agrahara kere-2,10/24,0.1995141065,-0.1270892157,-0.4806409293,-0.5118577341,3
Nallurahallikere,10/24,0.1822356707,-0.1280503267,0.02019921646,-0.130931731,3
Thubarahalli lake,10/24,0.2072383383,-0.1523728604,0.01127885046,-0.08742023106,3
Sheelavantana kere,10/24,0.2260378719,-0.2826279102,0.174624142,0.03875471714,3
Doddanekundi Kunte,10/24,0.3529228861,-0.1901807088,-0.2850930304,-0.3929557422,3
Chinnappanahalli  kere1,10/24,0.2616476334,-0.1825020545,-0.1767566109,-0.2931906356,3
Doddanekundi kere,10/24,0.386596199,-0.2249439114,-0.3752861649,-0.4900417381,3
Kundalahalli kere,10/24,0.1856661178,-0.2176346636,-0.02111302465,-0.1256558637,3
Acchanakere,10/24,0.3051363139,-0.2094041903,-0.03119042629,-0.1850391626,3
Varthur lake,10/24,0.2921367496,-0.147319937,-0.460426264,-0.5252539269,3
Narasipura Lake-1,10/24,0.324530724,-0.2068203724,-0.5387050374,-0.614072532,3
Narasipura Lake-2,10/24,0.2706628164,-0.1333080718,-0.4759604664,-0.5556485879,3
Ulsoor Lake,10/24,0.3166624853,-0.2328051057,0.04775026317,-0.1554653798,3
Gunduru Lake,12/24,0.3653934056,-0.2083735431,-0.2036336657,-0.428763924,3
Doddebele,12/24,0.2660146547,-0.159835996,-0.09363066803,-0.2638706202,3
Somapura,12/24,0.3267747549,-0.1496092029,-0.5043613497,-0.6437939485,3
Mailasandra,12/24,0.3404741465,-0.1791465094,-0.5556110408,-0.6601181637,3
Kengeri 1,12/24,0.1773663232,-0.04434217411,-0.3380787317,-0.4602175905,3
Kengeri 2,12/24,0.3912179992,-0.1887912813,-0.5292642293,-0.6522373253,3
Chenvinayanahalli,12/24,0.1543919713,-0.09563749884,-0.2163506974,-0.284699996,3
Annamma kere,12/24,0.2764519411,-0.1741477773,-0.1097120777,-0.2862765141,3
Deevatigeramnahalli kere,12/24,0.2552854708,-0.1546764358,-0.0773560465,-0.2488802666,3
Devarakere,12/24,0.3526781683,-0.1916794763,-0.2603770129,-0.4615738868,3
Doraikere,12/24,0.4129570052,-0.2052287693,-0.2985410329,-0.4796643936,3
Goudanakere,12/24,0.2701042806,-0.1109093532,-0.09925875218,-0.2451652825,3
Gubbalal kere,12/24,0.1957708177,-0.09350576237,-0.1403990583,-0.3352213545,3
Halagevaderahalli kere-2,12/24,0.2013869586,-0.1201851021,-0.2595731482,-0.391611668,3
Herohalli Thotadakere,12/24,0.1720414217,-0.03228234665,-0.3864458509,-0.4602059085,3
Hosakerehalli Kere,12/24,0.3212845842,-0.08072226141,-0.5977356245,-0.7187050451,3
Kempambudhi lake,12/24,0.4597728758,-0.2425382046,-0.2835108717,-0.490269447,3
Laggeri Lake,12/24,0.2957418845,-0.1150554807,-0.5783524395,-0.6939585634,3
Mallathahalli Lake,12/24,0.2246249639,-0.0367224166,-0.3736617862,-0.5283801609,3
Moge kere,12/24,0.3654975102,-0.1866031994,-0.3116393248,-0.5160124085,3
Muppatu Kavalu Hosa Kere,12/24,0.3053290481,-0.1461537607,-0.02941343866,-0.1999641558,3
Nayandanahalli kere,12/24,0.1275090134,-0.1463550453,0.05594352692,-0.1026850187,3
Sankey Tank,12/24,0.1256613092,-0.1698251762,0.1171450505,0.001020485957,3
Subramhanyapura kere,12/24,0.3621940399,-0.2010729258,-0.07151367621,-0.3224335961,3
Ullalu lake-2,12/24,0.2269323006,-0.1080258534,-0.1850349361,-0.3509363073,3
Valagerehalli kere,12/24,0.1544268892,-0.1110810228,0.142927458,-0.07877081167,3
Yediyur kere,12/24,0.3046706551,-0.2350959831,-0.001918452552,-0.2520786036,3
Bhimmanakuppe Govt lake,12/24,0.2325595426,-0.0829496076,-0.3576877224,-0.4946620884,3
Srigandhakavalu Karabu Katte,12/24,0.1905058387,0.01672173467,-0.3854033694,-0.5009079201,3
Janaradhan kere,12/24,0.2379609564,-0.04325006096,-0.5119807358,-0.6169704038,3
Konashetty kere,12/24,0.208250334,0.02832560753,-0.4816036137,-0.6084401399,3
Nagarabhavi (Un-named Lake on map),12/24,0.09963285758,-0.01259414943,-0.2017944433,-0.3431861816,3
Sompura Govt.lake,12/24,0.1977981724,-0.1058563966,-0.2139582844,-0.3807505875,3
Lakshmipura Lake,12/24,0.3347637288,-0.190783086,-0.01340519103,-0.2140492073,3
Amrutnagar Lake,12/24,0.2451125755,-0.09518445384,-0.1007107223,-0.2640941583,3
Hoysalanagara Lake,12/24,0.229435029,-0.1298033202,-0.3309968388,-0.5205781806,3
Basavanagar Lake,12/24,0.3550994817,-0.2259878592,-0.1129528206,-0.3691252667,3
Ajjegowdana katte,12/24,0.247173763,-0.1074948648,-0.2931895299,-0.4203558686,3
Kodigehalli kere,12/24,0.1642236706,-0.04097191145,-0.1758262839,-0.2889898475,3
Kommaghatta Govt. Lake,12/24,0.2920999133,-0.1703903156,-0.1540732037,-0.2845890394,3
Manganahalli Lake,12/24,0.1909937374,-0.1307166224,0.03130295659,-0.04476640949,3
Bhattarahalli kere,12/24,0.228463627,-0.1757360991,0.104277617,-0.1210112768,3
Thirumenahalli lake,12/24,0.3181720164,-0.1467567118,-0.08694430003,-0.215815398,3
Avalahali kere,12/24,0.4268755935,-0.2593699727,-0.1592604419,-0.3655990582,3
Begur Lake,12/24,0.3343537941,-0.2146755826,-0.2323118096,-0.4151360211,3
meenakshi lake,12/24,0.3423563008,-0.2196285242,0.05980844275,-0.2093654596,3
Kannuru kere,12/24,0.3047529743,-0.1016789437,-0.05493299846,-0.2111568295,3
Kannuru kere,12/24,0.3047529743,-0.1016789437,-0.05493299846,-0.2111568295,3
Doddagubbi kere,12/24,0.3291009234,-0.1000505951,0.2930464225,0.02093154972,3
Suggata kere,12/24,0.2139714399,-0.09079135791,-0.1940915953,-0.3887192525,3
Yelahanka Lake,12/24,0.1204573237,-0.1993593689,0.381862875,0.2068846781,3
Dodda Bommasandra Lake,12/24,0.3760780858,-0.2579727809,0.01751436318,-0.2033274128,3
Singapura lake,12/24,0.07292382592,-0.08170952731,0.1163746776,-0.09731022223,3
Chellaghatta kere,12/24,0.3300401596,-0.1320602213,-0.5875578146,-0.7112304527,3
Bellandur Amanikere,12/24,0.3705642813,-0.2224307419,-0.471106992,-0.5920788831,3
Abbigere Kere,12/24,0.2988798315,-0.1512294785,-0.07163954041,-0.2653737012,3
Kammagondanahalli lake,12/24,0.2457052381,-0.1213940303,-0.1454629187,-0.3221081753,3
Mallasandra Lake-2,12/24,0.4208669299,-0.195655102,-0.6858344291,-0.7847153217,3
Chikkabanavara kere,12/24,0.173228812,0.04462488765,-0.3921592669,-0.5677627042,3
Mallasandra Gudde lake,12/24,0.412205563,-0.1785549788,-0.7120264302,-0.8017122275,3
Bagalagunte Govt.Lake,12/24,0.2361025516,-0.07224409038,-0.2906337651,-0.4821902344,3
Lalbagh kere,12/24,0.3743288441,-0.3350117406,0.1325525449,-0.2108485466,3
Chikkabellanduru kere,12/24,0.3893906342,-0.192104846,-0.1761746961,-0.5152015522,3
Carmelarm,12/24,0.09811104759,0.03725453345,-0.1673944885,-0.3755124193,3
Gunjuruplaya kere,12/24,0.2633180253,-0.05319526912,-0.4716978812,-0.6204114316,3
Govt. Dinnekere,12/24,0.08281522919,0.06752674996,-0.07029755601,-0.3165587047,3
Panattur Govt.kere,12/24,0.2146409021,-0.1804575528,0.06507946079,-0.1504960416,3
Gramadakere,12/24,0.1614439844,0.08274667043,-0.3891483565,-0.5728419921,3
Ambalipura Kelagina kere,12/24,0.3228416557,-0.147311804,-0.4737253454,-0.5770099367,3
Melinakere,12/24,0.3014390163,-0.09125967219,-0.5363401004,-0.6363862999,3
Sowl kere,12/24,0.4562553704,-0.2811075162,-0.7119413875,-0.8238101487,3
Bhoganahalli kere,12/24,0.2946458243,-0.1759915365,0.006149784627,-0.1265316254,3
Devarabisanahalli kere,12/24,0.1097487431,-0.1861921257,0.1363699167,-0.0370101194,3
Doddakanneli Gramadakere,12/24,0.3315606351,-0.2603080914,0.04579289985,-0.2378741969,3
Lakedew Appartment lake,12/24,0.4372591815,-0.2393536997,-0.133441063,-0.3558807839,3
Kaikondanahalli kere,12/24,0.4068299271,-0.1876262498,-0.2995369886,-0.4492752626,3
Kasavanahalli kere,12/24,0.1945348183,-0.2632504174,0.3179915971,0.1508618995,3
Mestripalya lake,12/24,0.2864661428,-0.0634213733,-0.5659281142,-0.6775525269,3
Tavarekere lake,12/24,0.2913436199,-0.06647680495,-0.5984820995,-0.6993033495,3
Byrasandra Kere,12/24,0.3991371288,-0.2005862606,-0.2627981289,-0.5029939838,3
J P Park Kere,12/24,0.2597813163,-0.07633280092,-0.5008425177,-0.6122303218,3
Agara kere,12/24,0.2606750011,-0.1663730881,0.009193968871,-0.09270601259,3
Ibbalur Govt. Lake,12/24,0.3357111976,-0.1858232906,-0.07277432069,-0.253748693,3
sarraki kere,12/24,0.07753730386,-0.2103469111,0.3745617957,0.2225522479,3
Puttenahalli Kere,12/24,0.2900857766,-0.2035177174,-0.06401462736,-0.2607013139,3
Madivala Kere,12/24,0.4558316462,-0.265488932,-0.222088025,-0.4008747402,3
Somasundrapalya lake,12/24,0.3283675375,-0.1825905145,0.05865834158,-0.2112036776,3
singasandra,12/24,0.2847684628,-0.1397803164,-0.1426880324,-0.2426305692,3
Kodagi Singasandra kere,12/24,0.2515649753,-0.05803150484,-0.4547278171,-0.5545373527,3
doddakodlu,12/24,0.3679837814,-0.2547123825,-0.09137767973,-0.3021838934,3
Karabu Kere/Konappana agrahara lake,12/24,0.2679138088,-0.05099930114,-0.2847331294,-0.3640330455,3
Parapana Agahara Lake,12/24,0.3364478354,-0.2255346893,-0.324997542,-0.4750256868,3
Kudlu Chikere,12/24,0.3016801073,-0.191004243,-0.1061343309,-0.2822044827,3
Kelaginakere,12/24,0.08904439347,-0.1368011442,0.01872757178,-0.1412681048,3
Melinakere,12/24,0.4384740247,-0.2070663147,-0.4314952846,-0.5908884764,3
Basavanapura Kere,12/24,0.3345439898,-0.1661615593,-0.3777022926,-0.537640966,3
Swarna Kunte Gudde Lake,12/24,0.27655415,-0.1080761146,-0.3468720552,-0.5108062772,3
Chikkabegur kere,12/24,0.3579586879,-0.1313562644,-0.6867170009,-0.7826212395,3
Elenahalli Lake,12/24,0.1886424286,-0.06972876802,-0.2153289994,-0.3336296153,3
Kalena Agrahara Govt. Lake,12/24,0.2021435705,-0.1476926484,0.0388943454,-0.1946203924,3
Infrastructure Corridor,12/24,0.3414993685,-0.1297351589,-0.3670372028,-0.5150166806,3
Beratena Agrahara Lake,12/24,0.1775771135,0.04132006894,-0.4276204686,-0.5698090321,3
Mylasandra Dodda Agrahara kere,12/24,0.4406917939,-0.1868105339,-0.3440575313,-0.5181457703,3
Arekere Govt. lake,12/24,0.3683562973,-0.2247690228,-0.02381745443,-0.2818661198,3
Hulimavu Kere,12/24,0.3626154806,-0.1327001622,-0.6195743013,-0.7420982871,3
Akashaya nagar Kere,12/24,0.3237132127,-0.2093435314,-0.2962105188,-0.440133113,3
Gottigere Kere,12/24,0.5083403399,-0.3685110031,-0.5164125319,-0.6909555379,3
Kothanaru Kere,12/24,0.1862668732,-0.1918712895,0.09125399131,-0.1802970213,3
RBI layout kere,12/24,0.3910409471,-0.1942398867,-0.4408757262,-0.6451384946,3
Chunchanaghatta Kere,12/24,0.2479652616,-0.1315779092,-0.1444687016,-0.3121155795,3
Alahalli Kere,12/24,0.4156949382,-0.1974027973,-0.2074448924,-0.4097672117,3
Kembathahali kere,12/24,0.2649118118,-0.09622881056,-0.3010748116,-0.4903337859,3
Doddakallasandra  kere,12/24,0.3777913074,-0.1734101189,-0.5845366484,-0.707384791,3
Konanakunte  kere,12/24,0.2600946886,-0.05974149079,-0.4835828074,-0.5956970965,3
Thalagattapura lake,12/24,0.2098519906,-0.07197786475,-0.1083356932,-0.2288186091,3
Vajarahalli Govt.Katte,12/24,0.2049170255,-0.06600318885,-0.3020044668,-0.4672678531,3
Harohalli kere,12/24,0.3444222315,-0.2473139845,0.06453087758,-0.2085586962,3
Puttenahalli Lake,12/24,0.3947458064,-0.1886472708,-0.5407212645,-0.6443746074,3
Chellakere kere,12/24,0.325386063,-0.1463825101,-0.4371069531,-0.5691797503,3
Horamavu Agara,12/24,0.3555265987,-0.1987872897,0.06082698575,-0.129938362,3
Horamavu kere,12/24,0.2156858402,-0.1355391266,0.04919841117,-0.2052653781,3
Kalkere Kere,12/24,0.2493553212,-0.08637546788,-0.3097079932,-0.4740407753,3
Nagareshvara Nagenahalli Kere,12/24,0.1013528341,-0.03379916578,0.2217209209,-0.02930419444,3
Rampura Kere,12/24,0.4207136831,-0.2317252561,-0.6048923229,-0.7606531368,3
Atturu kere,12/24,0.3400079784,-0.1867212584,-0.3088041973,-0.4720156832,3
Veerasagara kere,12/24,0.3496737919,-0.1847514406,-0.05188732967,-0.26237631,3
Dodda bettahalli,12/24,0.07704931371,-0.006855759809,-0.1413080987,-0.2387796176,3
Dasarahalli kere,12/24,0.2409590742,-0.1321947781,0.05029240852,-0.1391626818,3
Doddabidarakallu lake,12/24,0.1396382774,0.08786401594,-0.3936091398,-0.548123227,3
Allasandra Lake,12/24,0.3408695801,-0.2397639141,0.05538454044,-0.1612034426,3
Andhrahalli Lake,12/24,0.2558026524,-0.07299370779,-0.3237361321,-0.472731368,3
Handrahalli kere,12/24,0.2044328543,-0.09476081651,-0.2594610217,-0.3968505171,3
Narasappanahalli kere,12/24,0.3449702524,-0.111755358,-0.65131877,-0.7560900458,3
Valagere,12/24,0.2000014609,-0.1313783601,-0.1011079605,-0.208462296,3
Shivapura New tank,12/24,0.3597164914,-0.1911236554,-0.1364273784,-0.4027731145,3
Agrahara Lake,12/24,0.2701419694,-0.09262882238,-0.08376669735,-0.1492861139,3
Chokkanahalli lake,12/24,0.1988738041,-0.05574239389,-0.1060004585,-0.2759728257,3
Jakkuru lake,12/24,0.4497330385,-0.2210681836,-0.1735335515,-0.3444544521,3
palanahalli,12/24,0.4462154726,-0.2536121633,-0.2287478611,-0.4482702656,3
Kattigenahalli lake,12/24,0.293849488,-0.2139928076,0.07910245771,-0.07696011579,3
Kogilu kere,12/24,0.3395143558,-0.1649075355,-0.1787687316,-0.3060283591,3
Venkateshapura lake,12/24,0.2110416773,-0.02019715408,-0.1898761294,-0.3710423787,3
Bellihalli kere,12/24,0.3657927489,-0.05663780472,-0.4584610061,-0.5214160113,3
B. Channasandra lake,12/24,0.2480794022,-0.1849624798,-0.1263791795,-0.317153759,3
Byappanahalli kere,12/24,0.3369094695,-0.1010887426,-0.6139708619,-0.7613163012,3
Kowdenahalli Kere,12/24,0.4098251836,-0.2472217081,-0.1555382588,-0.400898243,3
Krishnarajapuram kere,12/24,0.1398561027,0.04130190572,-0.3580276322,-0.5022615374,3
Basavanapura kere,12/24,0.2450247457,-0.1765410618,-0.01038793566,-0.220314468,3
Shegehalli kere,12/24,0.4399627756,-0.2620441694,-0.1863224765,-0.3961870702,3
Mangamanapalya Kere,12/24,0.2584078751,-0.1138628472,-0.1749875895,-0.2970655804,3
Hoodi kere-2,12/24,0.2794095645,-0.1813757548,-0.01215314107,-0.2631412806,3
Jimkenahalli Kere,12/24,0.1665909103,-0.1245982614,0.08046725277,-0.1577818604,3
Kodigehalli lake,12/24,0.1690073488,-0.2641420221,0.3250522644,0.1250544529,3
Gangashetti kere/ Devasandra kere,12/24,0.2347035321,-0.096668041,-0.207941675,-0.4134113052,3
Vijinapura kere2,12/24,0.279970818,-0.1886685324,-0.1082294999,-0.2570371219,3
B.Narayanapura kere,12/24,0.2631922618,-0.09100739267,-0.393903176,-0.5838139824,3
Melinakere,12/24,0.4693660598,-0.2510158935,-0.5654210672,-0.7243292338,3
Kelaginakere,12/24,0.2757786381,-0.1891554686,0.01184993933,-0.1909937939,3
Rachenahalli kere,12/24,0.48415997,-0.2491913554,-0.189516389,-0.3667486003,3
Amruthahalli Lake,12/24,0.236905384,-0.1088636445,-0.281514096,-0.4452719985,3
Nagawara Lake,12/24,0.3377879478,-0.2204137669,-0.07699238359,-0.2505608482,3
Herohalli Lake,12/24,0.3949519497,-0.2228388714,-0.0350159351,-0.2193612855,3
Hebbal  kere,12/24,0.3400868071,-0.2242765221,-0.0418029668,-0.20552086,3
Mahadevapura kere,12/24,0.454525496,-0.327361587,-0.05589846167,-0.4132864341,3
Vibhutipura kere,12/24,0.3987735714,-0.2252119635,-0.4076355381,-0.6076388859,3
Rajapalya Hoodikere,12/24,0.3087689645,-0.1598888258,-0.4339590743,-0.6108092131,3
Achanakere,12/24,0.3229959053,-0.1254250088,-0.2486800296,-0.4351731562,3
"Yekkalagatta kere,Mahadevepura Kere",12/24,0.2618105458,-0.1238068363,-0.103788559,-0.3095419796,3
Pattaduru Agrahara kere-2,12/24,0.401763379,-0.237409783,-0.5987323486,-0.7554942087,3
Nallurahallikere,12/24,0.1669885558,-0.1121331271,0.1058374909,-0.1549123183,3
Thubarahalli lake,12/24,0.3826142472,-0.2347173011,0.05953772882,-0.1831907514,3
Sheelavantana kere,12/24,0.4643106219,-0.292220377,-0.1834535693,-0.443085238,3
Doddanekundi Kunte,12/24,0.4346195473,-0.2380086109,-0.2870831584,-0.5185558768,3
Chinnappanahalli  kere1,12/24,0.3031835881,-0.1824079633,-0.1525022361,-0.3932006469,3
Doddanekundi kere,12/24,0.3886580922,-0.2485574443,-0.4512216674,-0.6331819787,3
Kundalahalli kere,12/24,0.2300544975,-0.236187537,0.1570289879,-0.030449196,3
Acchanakere,12/24,0.4479415797,-0.2572176037,-0.1197061864,-0.3735830635,3
Varthur lake,12/24,0.4036677477,-0.1932751607,-0.5425715819,-0.6993043618,3
Narasipura Lake-1,12/24,0.285732295,-0.1635643025,-0.4880383886,-0.6074976406,3
Narasipura Lake-2,12/24,0.3400052936,-0.1443012345,-0.5678956179,-0.6708522492,3
Ulsoor Lake,12/24,0.44262526,-0.332135921,0.07637298977,-0.3027918136,3
Gunduru Lake,01/25,0.3679992819,-0.210225562,-0.1406390478,-0.4145062696,8
Doddebele,01/25,0.3283446548,-0.2038382541,-0.01983983203,-0.2339722952,8
Somapura,01/25,0.3195368255,-0.1404115398,-0.3886350685,-0.5759666261,8
Mailasandra,01/25,0.3596979675,-0.1713645533,-0.583746229,-0.7081730084,8
Kengeri 1,01/25,0.1658572435,-0.01465657183,-0.3453340968,-0.4733960468,8
Kengeri 2,01/25,0.4621770247,-0.2706182323,-0.1788966244,-0.4370923429,8
Chenvinayanahalli,01/25,0.2118660606,-0.1654408213,-0.02250548629,-0.2316946759,8
Annamma kere,01/25,0.2455291552,-0.1585783234,-0.08531114882,-0.301822715,8
Deevatigeramnahalli kere,01/25,0.2613628843,-0.1493407586,-0.09256743471,-0.327530484,8
Devarakere,01/25,0.3166908912,-0.1691358384,-0.2017325721,-0.4254953575,8
Doraikere,01/25,0.4449341106,-0.2262896742,-0.312435095,-0.5515777942,8
Goudanakere,01/25,0.3069263796,-0.1262894119,-0.1076968912,-0.3335410737,8
Gubbalal kere,01/25,0.1777100545,-0.02376879447,-0.2485109057,-0.4367391515,8
Halagevaderahalli kere-2,01/25,0.2282718372,-0.08682629598,-0.3001202084,-0.4731341844,8
Herohalli Thotadakere,01/25,0.1544552996,-0.001729682232,-0.3695151325,-0.4600908191,8
Hosakerehalli Kere,01/25,0.2971390427,-0.04414304603,-0.5696358277,-0.6998203099,8
Kempambudhi lake,01/25,0.461087545,-0.2366834161,-0.295792197,-0.5173624077,8
Laggeri Lake,01/25,0.2917017366,-0.1098165609,-0.5867616932,-0.7074693867,8
Mallathahalli Lake,01/25,0.2221442468,-0.03115578893,-0.3603972971,-0.5363280926,8
Moge kere,01/25,0.3720479593,-0.1671040217,-0.3656032077,-0.5815719702,8
Muppatu Kavalu Hosa Kere,01/25,0.2806678148,-0.1049704958,-0.08474536461,-0.2633522066,8
Nayandanahalli kere,01/25,0.1123054598,-0.1624949313,0.05164144609,-0.1248341065,8
Sankey Tank,01/25,0.09860540435,-0.1736193935,0.2068732085,0.0178085401,8
Subramhanyapura kere,01/25,0.3256861719,-0.1960977923,8.97E-04,-0.2855777031,8
Ullalu lake-2,01/25,0.1957337272,-0.07108156635,-0.216623356,-0.374656737,8
Valagerehalli kere,01/25,0.1545288841,-0.1059551886,0.08804012217,-0.1380608133,8
Yediyur kere,01/25,0.3300272325,-0.2488724711,0.02829654642,-0.2580715638,8
Bhimmanakuppe Govt lake,01/25,0.2234430243,-0.06167989288,-0.3474663483,-0.5183530399,8
Srigandhakavalu Karabu Katte,01/25,0.1736204307,0.02650246707,-0.3750648021,-0.4918152484,8
Janaradhan kere,01/25,0.2271734475,-0.02488505012,-0.4986949532,-0.608476447,8
Konashetty kere,01/25,0.1600458418,0.06473711928,-0.4287496097,-0.555084021,8
Nagarabhavi (Un-named Lake on map),01/25,0.1196979438,0.005849855951,-0.1994878143,-0.3637655516,8
Sompura Govt.lake,01/25,0.1805809421,-0.07647351849,-0.1478627209,-0.3519199044,8
Lakshmipura Lake,01/25,0.3525856795,-0.2099266655,0.01057927113,-0.2800031589,8
Amrutnagar Lake,01/25,0.2368800727,-0.1075046808,-0.01375000326,-0.2475211626,8
Hoysalanagara Lake,01/25,0.2100213754,-0.1015804022,-0.2689370141,-0.4889100175,8
Basavanagar Lake,01/25,0.3384146995,-0.2223231948,-0.08127261281,-0.3607233955,8
Ajjegowdana katte,01/25,0.1971304947,-0.0650776402,-0.2617907442,-0.3794919027,8
Kodigehalli kere,01/25,0.2629663746,-0.07978026577,-0.2371878401,-0.4311050584,8
Kommaghatta Govt. Lake,01/25,0.3462790095,-0.1884258885,-0.1720507439,-0.3307502229,8
Manganahalli Lake,01/25,0.2009686162,-0.1291523165,0.02754337124,-0.04657356274,8
Bhattarahalli kere,01/25,0.2193982402,-0.1905878314,0.1428700381,-0.131855159,8
Thirumenahalli lake,01/25,0.3003377351,-0.1254196661,-0.09220286107,-0.262555895,8
Avalahali kere,01/25,0.4269896179,-0.2453718229,-0.224075661,-0.4047967279,8
Begur Lake,01/25,0.2536333465,-0.1795865338,-0.1581376547,-0.3479164568,8
meenakshi lake,01/25,0.2555237313,-0.2084875659,0.1697544876,-0.1202600058,8
Kannuru kere,01/25,0.3480321903,-0.1321348227,-0.05831284941,-0.2718454259,8
Kannuru kere,01/25,0.3480321903,-0.1321348227,-0.05831284941,-0.2718454259,8
Doddagubbi kere,01/25,0.330814296,-0.1155757249,0.1884060787,-0.07246057337,8
Suggata kere,01/25,0.2091428209,-0.08428830658,-0.2122767816,-0.4037867372,8
Yelahanka Lake,01/25,0.1084183519,-0.1911483819,0.3463613792,0.1984654737,8
Dodda Bommasandra Lake,01/25,0.3787106733,-0.263279771,0.04362541988,-0.2430364488,8
Singapura lake,01/25,0.05478654532,-0.05607698856,0.1147472699,-0.1212074978,8
Chellaghatta kere,01/25,0.3327029729,-0.125874125,-0.5807199643,-0.7103253891,8
Bellandur Amanikere,01/25,0.3581595067,-0.1858587014,-0.4710038849,-0.6002699234,8
Abbigere Kere,01/25,0.3238784359,-0.1553235404,-0.06337858128,-0.3326253926,8
Kammagondanahalli lake,01/25,0.2247724561,-0.05794167433,-0.280697076,-0.4616520959,8
Mallasandra Lake-2,01/25,0.3966750701,-0.155445292,-0.6739501764,-0.7833731626,8
Chikkabanavara kere,01/25,0.1162851773,0.1069732423,-0.3445527101,-0.5243785002,8
Mallasandra Gudde lake,01/25,0.3555735098,-0.1236641786,-0.7087034151,-0.796543355,8
Bagalagunte Govt.Lake,01/25,0.1975723271,-0.01900007583,-0.3607206674,-0.5275532982,8
Lalbagh kere,01/25,0.3648841086,-0.3263582804,0.1636543619,-0.1983355895,8
Chikkabellanduru kere,01/25,0.328475884,-0.1672634895,-0.1004683883,-0.3457724099,8
Carmelarm,01/25,0.09747507997,0.07245430635,-0.2353355378,-0.4434265325,8
Gunjuruplaya kere,01/25,0.2335557024,-0.01376911869,-0.4374018378,-0.5922067903,8
Govt. Dinnekere,01/25,0.07084742877,0.09214605694,-0.1062090405,-0.3327119028,8
Panattur Govt.kere,01/25,0.1791057151,-0.1774722966,0.1065184033,-0.1244516121,8
Gramadakere,01/25,0.1416840095,0.1029841112,-0.3939088716,-0.5720183742,8
Ambalipura Kelagina kere,01/25,0.3325846897,-0.1285559088,-0.4777206615,-0.6099431372,8
Melinakere,01/25,0.2909710391,-0.05839296607,-0.5272867113,-0.6367128585,8
Sowl kere,01/25,0.4667733804,-0.2433166705,-0.6793464648,-0.8074355998,8
Bhoganahalli kere,01/25,0.2805741592,-0.1176241304,-0.04251753013,-0.2101422276,8
Devarabisanahalli kere,01/25,0.1018137148,-0.1934916674,0.1570394435,-0.032188828,8
Doddakanneli Gramadakere,01/25,0.3689157277,-0.2381174193,-0.0127251038,-0.265892555,8
Lakedew Appartment lake,01/25,0.4522613868,-0.2429119631,-0.1412001784,-0.4286902665,8
Kaikondanahalli kere,01/25,0.3856462841,-0.1825492814,-0.2291187304,-0.4382361394,8
Kasavanahalli kere,01/25,0.1199427542,-0.2651413418,0.3969024455,0.1991308116,8
Mestripalya lake,01/25,0.2685946016,-0.01292239914,-0.5458817983,-0.673762054,8
Tavarekere lake,01/25,0.2518187471,-0.03732871037,-0.5512386724,-0.6632022856,8
Byrasandra Kere,01/25,0.3681498521,-0.1962636331,-0.1701228095,-0.4360802737,8
J P Park Kere,01/25,0.2241529679,-0.02674240819,-0.4790509089,-0.6027448554,8
Agara kere,01/25,0.2579958554,-0.1784705772,0.05354507754,-0.1056972032,8
Ibbalur Govt. Lake,01/25,0.3082141403,-0.1846299625,-0.05056488093,-0.2749017127,8
sarraki kere,01/25,0.06003993783,-0.1929092662,0.387900344,0.2262605504,8
Puttenahalli Kere,01/25,0.2867704196,-0.1961816973,-0.03754675003,-0.2740060371,8
Madivala Kere,01/25,0.4324646692,-0.2406693896,-0.2792889738,-0.4427077387,8
Somasundrapalya lake,01/25,0.3150456733,-0.1796543107,0.07610373548,-0.2269438808,8
singasandra,01/25,0.3399899546,-0.196265494,-0.0958461568,-0.3047541885,8
Kodagi Singasandra kere,01/25,0.2388570064,-0.03061179365,-0.4567183519,-0.5773144368,8
doddakodlu,01/25,0.3144459641,-0.1728468931,-0.06510535021,-0.2942453823,8
Karabu Kere/Konappana agrahara lake,01/25,0.2868921709,-0.06900431102,-0.2256604906,-0.3653219565,8
Parapana Agahara Lake,01/25,0.3618908958,-0.1989035544,-0.4268199021,-0.6098648658,8
Kudlu Chikere,01/25,0.2865464488,-0.1784145658,-0.1243572506,-0.3365082297,8
Kelaginakere,01/25,0.06433761607,-0.1108702955,0.07055481573,-0.112956593,8
Melinakere,01/25,0.4225338348,-0.1795233158,-0.4400823523,-0.607315329,8
Basavanapura Kere,01/25,0.3306689211,-0.1537236271,-0.3139586993,-0.4957001649,8
Swarna Kunte Gudde Lake,01/25,0.2772018409,-0.09719933892,-0.3004158716,-0.4866262029,8
Chikkabegur kere,01/25,0.347308386,-0.110840191,-0.6745241703,-0.7742472821,8
Elenahalli Lake,01/25,0.2282833225,-0.05454063962,-0.2236734197,-0.3953284686,8
Kalena Agrahara Govt. Lake,01/25,0.1904096857,-0.1286675054,0.04643093043,-0.1991418097,8
Infrastructure Corridor,01/25,0.3322982471,-0.1065427542,-0.3909526807,-0.5457286495,8
Beratena Agrahara Lake,01/25,0.1414091567,0.07544363759,-0.4099277633,-0.5506036183,8
Mylasandra Dodda Agrahara kere,01/25,0.3626781699,-0.1197437797,-0.2892959792,-0.3927835092,8
Arekere Govt. lake,01/25,0.3690070898,-0.2160501895,-0.04157751822,-0.3446442409,8
Hulimavu Kere,01/25,0.3143002357,-0.07148934804,-0.5752382192,-0.7023607833,8
Akashaya nagar Kere,01/25,0.2694348337,-0.1704751375,-0.2567311081,-0.4268003679,8
Gottigere Kere,01/25,0.4433352948,-0.2895592707,-0.5180827375,-0.6986966863,8
Kothanaru Kere,01/25,0.1667901073,-0.1613426339,0.09860922113,-0.1812320007,8
RBI layout kere,01/25,0.3743970992,-0.1563319161,-0.4282291494,-0.6277829425,8
Chunchanaghatta Kere,01/25,0.2281466511,-0.111236852,-0.1214072392,-0.3288695928,8
Alahalli Kere,01/25,0.3987905125,-0.1847535569,-0.1988407992,-0.4667443647,8
Kembathahali kere,01/25,0.273570293,-0.093251501,-0.2833224993,-0.5241856371,8
Doddakallasandra  kere,01/25,0.3983352739,-0.1608243759,-0.5911505376,-0.7327380725,8
Konanakunte  kere,01/25,0.2549852588,-0.03923695337,-0.4946186923,-0.6055795279,8
Thalagattapura lake,01/25,0.140879752,-0.05107878351,-0.1143952832,-0.2458082816,8
Vajarahalli Govt.Katte,01/25,0.1796492194,-0.0252114764,-0.3372165234,-0.4966746304,8
Harohalli kere,01/25,0.339076674,-0.2289261735,0.03737257508,-0.2448846933,8
Puttenahalli Lake,01/25,0.4244031318,-0.1931991699,-0.5703705172,-0.6994758545,8
Chellakere kere,01/25,0.3256774596,-0.1416133479,-0.3847552307,-0.5558201543,8
Horamavu Agara,01/25,0.3271469345,-0.1981258056,0.08970135524,-0.1602766948,8
Horamavu kere,01/25,0.1887546399,-0.09962669365,0.04035861391,-0.2169531936,8
Kalkere Kere,01/25,0.2814928476,-0.1556475237,-0.1605669283,-0.3595022939,8
Nagareshvara Nagenahalli Kere,01/25,0.1040027034,-0.04115097617,0.2178165329,-0.04969021475,8
Rampura Kere,01/25,0.4001932221,-0.2024328951,-0.5750999319,-0.7316957195,8
Atturu kere,01/25,0.338821073,-0.1673984941,-0.293448868,-0.4853854407,8
Veerasagara kere,01/25,0.3819509977,-0.1994925934,-0.073487733,-0.309126444,8
Dodda bettahalli,01/25,0.08316113224,0.001041150241,-0.1544391689,-0.2897127186,8
Dasarahalli kere,01/25,0.2240302601,-0.1236945925,0.04923762527,-0.1499840151,8
Doddabidarakallu lake,01/25,0.113986897,0.1255898262,-0.3832364538,-0.544863083,8
Allasandra Lake,01/25,0.3384913174,-0.2514259829,0.1012242055,-0.1754301905,8
Andhrahalli Lake,01/25,0.2422550111,-0.05791635996,-0.3427537558,-0.526334197,8
Handrahalli kere,01/25,0.1788699273,-0.04557919769,-0.2426996992,-0.4087056571,8
Narasappanahalli kere,01/25,0.3310626808,-0.093175503,-0.6528544128,-0.7585324785,8
Valagere,01/25,0.2854026149,-0.1268416169,-0.105888995,-0.344221081,8
Shivapura New tank,01/25,0.2915964539,-0.1235386294,-0.1103795112,-0.3726186423,8
Agrahara Lake,01/25,0.2910017797,-0.1065391312,-0.0689862034,-0.2089217416,8
Chokkanahalli lake,01/25,0.2124790332,-0.03005536986,-0.1327001797,-0.2380827622,8
Jakkuru lake,01/25,0.4730994614,-0.2222271473,-0.2209893709,-0.4322422429,8
palanahalli,01/25,0.4392901189,-0.2254163654,-0.2450967627,-0.4629550134,8
Kattigenahalli lake,01/25,0.35662213,-0.2481225956,0.02566438533,-0.2045623089,8
Kogilu kere,01/25,0.3314788016,-0.1541121646,-0.2064010657,-0.3531105817,8
Venkateshapura lake,01/25,0.2129625297,-0.01893578585,-0.188147087,-0.3924040837,8
Bellihalli kere,01/25,0.3733661746,-0.02874095528,-0.4640583229,-0.5296316765,8
B. Channasandra lake,01/25,0.2369153699,-0.1535001879,-0.1298356874,-0.3169624829,8
Byappanahalli kere,01/25,0.3121293206,-0.05560282703,-0.5861485883,-0.7167455879,8
Kowdenahalli Kere,01/25,0.4394999901,-0.2322103805,-0.2611920663,-0.5054395838,8
Krishnarajapuram kere,01/25,0.1228914252,0.05523193581,-0.3399789942,-0.4886519051,8
Basavanapura kere,01/25,0.2259149156,-0.1745606418,0.008342569146,-0.2195340993,8
Shegehalli kere,01/25,0.4531418782,-0.2462399667,-0.2081953391,-0.4385374051,8
Mangamanapalya Kere,01/25,0.267327659,-0.1129679487,-0.1674650838,-0.3429113427,8
Hoodi kere-2,01/25,0.2413581508,-0.1728875228,0.04935984911,-0.2301349078,8
Jimkenahalli Kere,01/25,0.1584769312,-0.110677881,0.08448611488,-0.165380548,8
Kodigehalli lake,01/25,0.1645170182,-0.266190044,0.3614943799,0.1413737974,8
Gangashetti kere/ Devasandra kere,01/25,0.2161589072,-0.07668973547,-0.2010102856,-0.4085838561,8
Vijinapura kere2,01/25,0.3102041129,-0.1899193565,-0.1257976151,-0.3232674632,8
B.Narayanapura kere,01/25,0.2481733977,-0.07526133851,-0.3822536996,-0.5646259896,8
Melinakere,01/25,0.4443285599,-0.2193176074,-0.519942495,-0.6765479301,8
Kelaginakere,01/25,0.2900238439,-0.1813779516,-0.01085186058,-0.2404170756,8
Rachenahalli kere,01/25,0.5216526012,-0.2749102332,-0.2366460351,-0.475060544,8
Amruthahalli Lake,01/25,0.2102773469,-0.08230530037,-0.2810545078,-0.4679168954,8
Nagawara Lake,01/25,0.33848373,-0.2133088592,-0.06105429723,-0.2843941593,8
Herohalli Lake,01/25,0.3908556876,-0.2327331218,-0.04655847976,-0.2663205799,8
Hebbal  kere,01/25,0.3184486619,-0.2185852279,0.007553569555,-0.2166405965,8
Mahadevapura kere,01/25,0.3593631374,-0.3123384823,0.06472446285,-0.2719565791,8
Vibhutipura kere,01/25,0.3809315762,-0.2011479679,-0.3755114378,-0.595017168,8
Rajapalya Hoodikere,01/25,0.3015302077,-0.1388286649,-0.4337021952,-0.6073584878,8
Achanakere,01/25,0.3048748677,-0.1179141811,-0.2095201366,-0.4125904888,8
"Yekkalagatta kere,Mahadevepura Kere",01/25,0.2444405321,-0.1136852912,-0.06431840482,-0.2983338051,8
Pattaduru Agrahara kere-2,01/25,0.3883632926,-0.2145923593,-0.56490428,-0.7023513994,8
Nallurahallikere,01/25,0.1323693851,-0.09249928033,0.1055440888,-0.1312372114,8
Thubarahalli lake,01/25,0.3559638812,-0.2440770483,0.1104912396,-0.1528915946,8
Sheelavantana kere,01/25,0.4900925479,-0.3031516481,-0.2224748929,-0.5069120517,8
Doddanekundi Kunte,01/25,0.4409039554,-0.2428451871,-0.2968423369,-0.5255152586,8
Chinnappanahalli  kere1,01/25,0.3047116809,-0.1502613719,-0.1543814604,-0.3825009825,8
Doddanekundi kere,01/25,0.3295930503,-0.1950097896,-0.3691642352,-0.5518517825,8
Kundalahalli kere,01/25,0.2188117047,-0.2364624647,0.1373344172,-0.07736217406,8
Acchanakere,01/25,0.4170484645,-0.2698537027,-0.05197113725,-0.3431765374,8
Varthur lake,01/25,0.3589781275,-0.1346387969,-0.5428152083,-0.6921746592,8
Narasipura Lake-1,01/25,0.2917100666,-0.1745411747,-0.4553460958,-0.5946138017,8
Narasipura Lake-2,01/25,0.3792716243,-0.1603588053,-0.6052766559,-0.7396316472,8
Ulsoor Lake,01/25,0.4123762905,-0.3067997712,0.1205065468,-0.2592830695,8
Gunduru Lake,02/25,0.4575608393,-0.2710644462,-0.1053025294,-0.5338663981,10
Doddebele,02/25,0.3534353456,-0.2267612679,0.06050803185,-0.201199345,10
Somapura,02/25,0.3643311145,-0.1643984141,-0.3791302344,-0.6202836135,10
Mailasandra,02/25,0.3805178276,-0.1737208708,-0.6095476454,-0.7375517815,10
Kengeri 1,02/25,0.1524991839,0.03050400442,-0.3521919599,-0.4834972506,10
Kengeri 2,02/25,0.4516479513,-0.2562852568,-0.1815777959,-0.4346984195,10
Chenvinayanahalli,02/25,0.2905105522,-0.216474485,0.05204392372,-0.2684122516,10
Annamma kere,02/25,0.2543150831,-0.1932197638,-0.0216134332,-0.33482402,10
Deevatigeramnahalli kere,02/25,0.2944057444,-0.1656243289,-0.1047306343,-0.3620058262,10
Devarakere,02/25,0.4001415435,-0.2480171082,-0.1191527882,-0.5078195456,10
Doraikere,02/25,0.4481096619,-0.2431727543,-0.2399862674,-0.56960986,10
Goudanakere,02/25,0.3348857529,-0.1776312635,-0.03683893393,-0.3635813297,10
Gubbalal kere,02/25,0.1540414642,0.04528803643,-0.3879893938,-0.5383269435,10
Halagevaderahalli kere-2,02/25,0.228897144,-0.01544183633,-0.3969371646,-0.5520121336,10
Herohalli Thotadakere,02/25,0.1464285176,0.05025698191,-0.3329741408,-0.4568768717,10
Hosakerehalli Kere,02/25,0.2786381374,-0.02937082295,-0.5751273363,-0.7027219374,10
Kempambudhi lake,02/25,0.4438121576,-0.2419463031,-0.2815192447,-0.5356491874,10
Laggeri Lake,02/25,0.3311670649,-0.1229585632,-0.6341688229,-0.7581041768,10
Mallathahalli Lake,02/25,0.2242083614,-0.01855277815,-0.3653423306,-0.5422958104,10
Moge kere,02/25,0.2986659224,-0.07841261988,-0.4490749174,-0.6416165062,10
Muppatu Kavalu Hosa Kere,02/25,0.2336356881,-0.02534026306,-0.2238966636,-0.4142215507,10
Nayandanahalli kere,02/25,0.1985389964,-0.1883645846,0.1193788687,-0.05744250946,10
Sankey Tank,02/25,0.07716539089,-0.2022428551,0.3516276306,0.1910858315,10
Subramhanyapura kere,02/25,0.3194963493,-0.1950707332,0.018970583,-0.2692757891,10
Ullalu lake-2,02/25,0.2508604225,-0.05070692689,-0.2814737449,-0.5008946803,10
Valagerehalli kere,02/25,0.2483305538,-0.1116550264,-0.04003994505,-0.3120105673,10
Yediyur kere,02/25,0.3615526241,-0.2966833125,0.1431710313,-0.2401717422,10
Bhimmanakuppe Govt lake,02/25,0.2278473006,-0.02398027965,-0.3558266918,-0.5510213058,10
Srigandhakavalu Karabu Katte,02/25,0.1567626152,0.07534576994,-0.3966039938,-0.522626865,10
Janaradhan kere,02/25,0.2329074787,-0.004391663815,-0.5131416774,-0.6444757953,10
Konashetty kere,02/25,0.1140762947,0.1267179266,-0.3747531998,-0.5083700745,10
Nagarabhavi (Un-named Lake on map),02/25,0.1216989609,0.02393614656,-0.1585078762,-0.3534377331,10
Sompura Govt.lake,02/25,0.1747821206,-0.04653897166,-0.1469959005,-0.3681993941,10
Lakshmipura Lake,02/25,0.3574013334,-0.2266200879,0.02730448707,-0.297410501,10
Amrutnagar Lake,02/25,0.226039085,-0.1131750528,0.08176355242,-0.2106789439,10
Hoysalanagara Lake,02/25,0.1718449038,-0.02861512525,-0.212901598,-0.4493330083,10
Basavanagar Lake,02/25,0.3314339638,-0.1881749518,-0.09439838269,-0.4285853733,10
Ajjegowdana katte,02/25,0.1618028133,0.03677090716,-0.3604210212,-0.5183589799,10
Kodigehalli kere,02/25,0.2347176132,-0.07274866191,-0.1679838133,-0.3695514457,10
Kommaghatta Govt. Lake,02/25,0.4034235595,-0.2516657049,-0.046800891,-0.3302430579,10
Manganahalli Lake,02/25,0.2364334302,-0.2193277364,0.3462523753,0.2159504365,10
Bhattarahalli kere,02/25,0.2340365485,-0.2191843093,0.2457300332,-0.1366428454,10
Thirumenahalli lake,02/25,0.3093911189,-0.14152831,-0.08077178258,-0.3119317427,10
Avalahali kere,02/25,0.4776178551,-0.2832080462,-0.2592004784,-0.4976676477,10
Begur Lake,02/25,0.2476102155,-0.1660636053,-0.046625613,-0.253079636,10
meenakshi lake,02/25,0.1525201873,-0.1985898814,0.3243958091,0.08579116605,10
Kannuru kere,02/25,0.3451654794,-0.164568753,0.05936974302,-0.237068917,10
Kannuru kere,02/25,0.3451654794,-0.164568753,0.05936974302,-0.237068917,10
Doddagubbi kere,02/25,0.3700252253,-0.1703382795,0.3017764545,-0.002287479435,10
Suggata kere,02/25,0.1675214562,-0.03513566825,-0.1741154301,-0.361378966,10
Yelahanka Lake,02/25,0.1323770996,-0.1691058441,0.4089599878,0.2753523017,10
Dodda Bommasandra Lake,02/25,0.3815823811,-0.2564731122,0.0483341459,-0.2696983568,10
Singapura lake,02/25,0.03920441092,-0.01423187736,0.1791640971,-0.06420579775,10
Chellaghatta kere,02/25,0.338003804,-0.1281187495,-0.5853855356,-0.7270727245,10
Bellandur Amanikere,02/25,0.3332882864,-0.1357337115,-0.4455142829,-0.5906954665,10
Abbigere Kere,02/25,0.310455232,-0.1333250208,-0.03013287239,-0.3256690625,10
Kammagondanahalli lake,02/25,0.1923333904,0.02029345957,-0.4552999016,-0.6144255397,10
Mallasandra Lake-2,02/25,0.4247024211,-0.1537749976,-0.697479393,-0.8257409187,10
Chikkabanavara kere,02/25,0.08624824493,0.1579259156,-0.3352660577,-0.5171871054,10
Mallasandra Gudde lake,02/25,0.3178806906,-0.01391008195,-0.6941365794,-0.8034595744,10
Bagalagunte Govt.Lake,02/25,0.1429414179,0.07943293046,-0.4427851754,-0.5789977991,10
Lalbagh kere,02/25,0.3656491828,-0.2991395834,0.1817280144,-0.2072511955,10
Chikkabellanduru kere,02/25,0.3485077484,-0.1787970931,-0.07217434189,-0.3281610675,10
Carmelarm,02/25,0.07630932458,0.1058457792,-0.2449443626,-0.4592236189,10
Gunjuruplaya kere,02/25,0.2053417113,0.03936426626,-0.4264602003,-0.5950644504,10
Govt. Dinnekere,02/25,0.07180912566,0.1131918309,-0.1483255444,-0.3898901929,10
Panattur Govt.kere,02/25,0.1911055424,-0.2159556431,0.189540101,-0.09487194758,10
Gramadakere,02/25,0.09990203937,0.1581704001,-0.3578502575,-0.5537153368,10
Ambalipura Kelagina kere,02/25,0.3370648075,-0.1441013904,-0.4410833414,-0.6090405576,10
Melinakere,02/25,0.247970449,0.02730381356,-0.5129810518,-0.6371903927,10
Sowl kere,02/25,0.471050401,-0.2377276816,-0.6604811424,-0.8327533975,10
Bhoganahalli kere,02/25,0.354139372,-0.1553818068,-6.55E-04,-0.3456591276,10
Devarabisanahalli kere,02/25,0.103260944,-0.2082106224,0.2501022015,0.03962486967,10
Doddakanneli Gramadakere,02/25,0.4393832152,-0.2544315134,-0.0283769289,-0.3927700986,10
Lakedew Appartment lake,02/25,0.4563981328,-0.2956286637,-0.06324602775,-0.4224431827,10
Kaikondanahalli kere,02/25,0.3942000606,-0.1909522419,-0.1872479274,-0.4855869798,10
Kasavanahalli kere,02/25,0.07524973216,-0.2720922753,0.521529108,0.3351407617,10
Mestripalya lake,02/25,0.2338616207,0.05059671371,-0.537287666,-0.6854315686,10
Tavarekere lake,02/25,0.2236120027,0.0237309936,-0.5258190285,-0.6551126524,10
Byrasandra Kere,02/25,0.3182592687,-0.185335246,-0.05395907433,-0.3766888697,10
J P Park Kere,02/25,0.2153057919,0.04197269096,-0.4791585215,-0.6289159852,10
Agara kere,02/25,0.3223634509,-0.2455855621,0.204306477,-0.06128919061,10
Ibbalur Govt. Lake,02/25,0.3276342752,-0.2285549227,0.07736645452,-0.2285266086,10
sarraki kere,02/25,0.05835979859,-0.1887755015,0.4451628465,0.2700390593,10
Puttenahalli Kere,02/25,0.3119853775,-0.2447149618,0.01209454879,-0.3170482516,10
Madivala Kere,02/25,0.4902694634,-0.2870142286,-0.3076431962,-0.5775896513,10
Somasundrapalya lake,02/25,0.314617271,-0.2101336931,0.1963332971,-0.2468562737,10
singasandra,02/25,0.416868607,-0.2451744515,-0.09176286403,-0.4415404932,10
Kodagi Singasandra kere,02/25,0.2337606292,0.01280354452,-0.4396037065,-0.6081788447,10
doddakodlu,02/25,0.4169662749,-0.3067334697,0.090684902,-0.2449105578,10
Karabu Kere/Konappana agrahara lake,02/25,0.3857578016,-0.1221849384,-0.2158870873,-0.5628932211,10
Parapana Agahara Lake,02/25,0.4146779875,-0.2176480277,-0.5936736246,-0.7607155573,10
Kudlu Chikere,02/25,0.4051903069,-0.2207682717,-0.1517773872,-0.4706413779,10
Kelaginakere,02/25,0.05542252473,-0.07460065145,0.1225751099,-0.07053324967,10
Melinakere,02/25,0.4733458395,-0.2037234543,-0.4729707204,-0.6721147349,10
Basavanapura Kere,02/25,0.2575049271,-0.1270665164,-0.1574629911,-0.3981095662,10
Swarna Kunte Gudde Lake,02/25,0.2883604089,-0.05977026021,-0.3418334707,-0.527937847,10
Chikkabegur kere,02/25,0.3622799873,-0.1180471017,-0.6960117797,-0.8115628066,10
Elenahalli Lake,02/25,0.2617011982,-0.04960156447,-0.2427612962,-0.4886768885,10
Kalena Agrahara Govt. Lake,02/25,0.2439850628,-0.1492970371,0.06706188352,-0.2567366258,10
Infrastructure Corridor,02/25,0.4248921827,-0.1616544205,-0.4490524707,-0.6749376944,10
Beratena Agrahara Lake,02/25,0.1052068871,0.1409831808,-0.3750695975,-0.5214348336,10
Mylasandra Dodda Agrahara kere,02/25,0.4433636957,-0.124148716,-0.2164185111,-0.3231643142,10
Arekere Govt. lake,02/25,0.3589991523,-0.2299479888,0.0550012365,-0.3104289206,10
Hulimavu Kere,02/25,0.2341545981,6.15E-04,-0.4928539591,-0.6318174376,10
Akashaya nagar Kere,02/25,0.315700156,-0.1887532538,-0.1957592133,-0.4988611009,10
Gottigere Kere,02/25,0.213244805,-0.2317333779,0.3133250548,-0.0870643784,10
Kothanaru Kere,02/25,0.1803396578,-0.172003162,0.1848309979,-0.1468411681,10
RBI layout kere,02/25,0.3664423259,-0.1335274803,-0.3940881243,-0.6425532923,10
Chunchanaghatta Kere,02/25,0.2133840675,-0.05433862052,-0.1845269573,-0.4041015087,10
Alahalli Kere,02/25,0.4130346467,-0.2397762389,-0.1523561006,-0.4992109835,10
Kembathahali kere,02/25,0.1718607275,0.02562254427,-0.3261540426,-0.5227029457,10
Doddakallasandra  kere,02/25,0.3803177236,-0.1083568791,-0.6019919013,-0.7564372851,10
Konanakunte  kere,02/25,0.2612466197,-0.005339739916,-0.5483499562,-0.6870899713,10
Thalagattapura lake,02/25,0.1245000963,-0.06342517717,-0.02233915211,-0.2171467563,10
Vajarahalli Govt.Katte,02/25,0.162136938,0.0170161653,-0.3720576111,-0.5334440093,10
Harohalli kere,02/25,0.3065846637,-0.2037730229,0.0995817372,-0.2008103541,10
Puttenahalli Lake,02/25,0.4709369765,-0.2256550365,-0.6117845995,-0.7481087851,10
Chellakere kere,02/25,0.3343150317,-0.1200148275,-0.3477406641,-0.5943450724,10
Horamavu Agara,02/25,0.2889651178,-0.2280383301,0.2333729234,-0.07916031804,10
Horamavu kere,02/25,0.1139927665,-0.05445345939,0.08101960866,-0.166763098,10
Kalkere Kere,02/25,0.2617543827,-0.125844678,-0.1447820427,-0.3515115698,10
Nagareshvara Nagenahalli Kere,02/25,0.1164705662,-0.03445069124,0.1862307774,-0.09302374843,10
Rampura Kere,02/25,0.3916681413,-0.1801471649,-0.5647396367,-0.7248733026,10
Atturu kere,02/25,0.3174762989,-0.1512527934,-0.2391463865,-0.4297160681,10
Veerasagara kere,02/25,0.4245543567,-0.2273041425,-0.11124328,-0.3491229714,10
Dodda bettahalli,02/25,0.06015557105,0.01392650424,-0.1412328103,-0.2808888723,10
Dasarahalli kere,02/25,0.282881602,-0.1655990415,0.02663814855,-0.2941456168,10
Doddabidarakallu lake,02/25,0.09327371116,0.1727790914,-0.369254786,-0.5557721215,10
Allasandra Lake,02/25,0.284874702,-0.2430594909,0.2016680208,-0.1061277073,10
Andhrahalli Lake,02/25,0.1153731417,0.1048427779,-0.3287465475,-0.5000155821,10
Handrahalli kere,02/25,0.1762481467,0.04218661847,-0.3840461141,-0.5594895276,10
Narasappanahalli kere,02/25,0.2430271786,0.03335628316,-0.5768013073,-0.700116517,10
Valagere,02/25,0.2714397881,-0.1001546236,-0.04316274356,-0.3337156542,10
Shivapura New tank,02/25,0.2109297779,-0.05631267082,-0.0840771745,-0.3381874047,10
Agrahara Lake,02/25,0.3524216727,-0.1749788318,-0.03100843735,-0.2443321288,10
Chokkanahalli lake,02/25,0.2339873456,-0.01616719325,-0.1535347774,-0.2619818082,10
Jakkuru lake,02/25,0.501170314,-0.2467974492,-0.2321255715,-0.4638206956,10
palanahalli,02/25,0.3403245668,-0.1017429877,-0.4716027759,-0.6204954649,10
Kattigenahalli lake,02/25,0.4677195065,-0.2904307465,-0.03669865879,-0.314157512,10
Kogilu kere,02/25,0.4143695515,-0.1972215759,-0.2018591785,-0.4511542475,10
Venkateshapura lake,02/25,0.2231035329,-0.03118133152,-0.1456041546,-0.367470409,10
Bellihalli kere,02/25,0.2549042125,0.09782623623,-0.5078109971,-0.6152915857,10
B. Channasandra lake,02/25,0.2675330774,-0.1522247356,-0.09734199834,-0.3087838318,10
Byappanahalli kere,02/25,0.2732713146,0.004398400326,-0.5712931894,-0.7058938226,10
Kowdenahalli Kere,02/25,0.4528356294,-0.2717695794,-0.1832837227,-0.4770468831,10
Krishnarajapuram kere,02/25,0.09496725425,0.08865502871,-0.3056063758,-0.4596379082,10
Basavanapura kere,02/25,0.2770461542,-0.1844671771,0.0369394608,-0.261919316,10
Shegehalli kere,02/25,0.5127987407,-0.2897128458,-0.2414605751,-0.4945568641,10
Mangamanapalya Kere,02/25,0.3204653227,-0.1297720852,-0.1950700827,-0.4330843779,10
Hoodi kere-2,02/25,0.2181067239,-0.1374196856,0.07976744131,-0.2725550532,10
Jimkenahalli Kere,02/25,0.1353322585,-0.08226728068,0.1137727065,-0.1527640299,10
Kodigehalli lake,02/25,0.1639585373,-0.2924767498,0.4408340917,0.200957885,10
Gangashetti kere/ Devasandra kere,02/25,0.2133353689,-0.03390164496,-0.2240255637,-0.4531918325,10
Vijinapura kere2,02/25,0.3292339047,-0.1787782156,-0.2041856489,-0.4415183178,10
B.Narayanapura kere,02/25,0.2199904185,-0.01818173404,-0.3407485471,-0.5254694096,10
Melinakere,02/25,0.4565124687,-0.2335803375,-0.5166530807,-0.6858130751,10
Kelaginakere,02/25,0.301854335,-0.1805204176,0.02526751505,-0.2208311709,10
Rachenahalli kere,02/25,0.5680386727,-0.3201622126,-0.2109369618,-0.4967050554,10
Amruthahalli Lake,02/25,0.1882123264,-0.05464355941,-0.2656426063,-0.4746018218,10
Nagawara Lake,02/25,0.3436516081,-0.2045961956,-0.02261674091,-0.3123268142,10
Herohalli Lake,02/25,0.4245963574,-0.2923046941,0.03260035497,-0.2762910692,10
Hebbal  kere,02/25,0.361227302,-0.2435327096,0.06638589697,-0.2237862478,10
Mahadevapura kere,02/25,0.2296352449,-0.3048128707,0.3125414895,-0.03269775336,10
Vibhutipura kere,02/25,0.2777471348,-0.0700035211,-0.3067569473,-0.5525193692,10
Rajapalya Hoodikere,02/25,0.3432731368,-0.1328856479,-0.4888939736,-0.675906349,10
Achanakere,02/25,0.3558546771,-0.2266164897,-0.1679515082,-0.4345199102,10
"Yekkalagatta kere,Mahadevepura Kere",02/25,0.2221092388,-0.1311399831,0.03617967633,-0.2444430267,10
Pattaduru Agrahara kere-2,02/25,0.3680089641,-0.2058426855,-0.5148875195,-0.6769217157,10
Nallurahallikere,02/25,0.1194712549,-0.06878284392,0.1245533214,-0.1261690058,10
Thubarahalli lake,02/25,0.263962142,-0.2720988853,0.3411129198,0.03662736805,10
Sheelavantana kere,02/25,0.4972966405,-0.3141439299,-0.2358010868,-0.5180215975,10
Doddanekundi Kunte,02/25,0.4785838645,-0.2739755696,-0.3218339814,-0.5916751852,10
Chinnappanahalli  kere1,02/25,0.3646377551,-0.1797420235,-0.1070644885,-0.4072983201,10
Doddanekundi kere,02/25,0.2771281204,-0.1768231793,-0.234012635,-0.4372154058,10
Kundalahalli kere,02/25,0.3736004251,-0.30983634,0.1029293839,-0.1985997879,10
Acchanakere,02/25,0.4287352558,-0.31589232,0.05088876466,-0.3544008601,10
Varthur lake,02/25,0.2773184236,-0.03017767394,-0.509507767,-0.6568593437,10
Narasipura Lake-1,02/25,0.29290493,-0.156384188,-0.4331917655,-0.5830886964,10
Narasipura Lake-2,02/25,0.4047062179,-0.1468650843,-0.630271184,-0.7684243267,10
Ulsoor Lake,02/25,0.3593993132,-0.2913705176,0.2381326684,-0.1502963232,10
Gunduru Lake,03/25,0.4090717586,-0.2365792697,-0.1089940734,-0.4399493042,10
Doddebele,03/25,0.357013151,-0.2508696341,0.05793537941,-0.2079037081,10
Somapura,03/25,0.3867028555,-0.208789104,-0.3751349547,-0.5717833627,10
Mailasandra,03/25,0.358545394,-0.1832486357,-0.5891031375,-0.7003061663,10
Kengeri 1,03/25,0.1722129085,0.03008684292,-0.4023173409,-0.5331229913,10
Kengeri 2,03/25,0.3805408297,-0.1816993244,-0.4833809826,-0.6410025136,10
Chenvinayanahalli,03/25,0.2866670511,-0.2222967661,0.05535216552,-0.2401302848,10
Annamma kere,03/25,0.2416354656,-0.1888036089,-0.03577167632,-0.2840534689,10
Deevatigeramnahalli kere,03/25,0.2505378974,-0.1154900422,-0.2673804476,-0.4538938069,10
Devarakere,03/25,0.4084647296,-0.2517177165,-0.1386386516,-0.4721753459,10
Doraikere,03/25,0.4324968215,-0.2529389454,-0.2138343596,-0.5301401321,10
Goudanakere,03/25,0.2658712615,-0.1451178217,0.02110629603,-0.2515869966,10
Gubbalal kere,03/25,0.1531356801,0.06022532474,-0.4224272747,-0.5611513364,10
Halagevaderahalli kere-2,03/25,0.2135850647,0.001414616814,-0.443519538,-0.577977745,10
Herohalli Thotadakere,03/25,0.2072538506,-1.93E-04,-0.312989308,-0.467308239,10
Hosakerehalli Kere,03/25,0.2712187189,-0.03921452775,-0.5708552987,-0.697941181,10
Kempambudhi lake,03/25,0.4173738205,-0.2505271766,-0.2395215274,-0.4945234693,10
Laggeri Lake,03/25,0.3306015377,-0.1387062784,-0.6408268826,-0.7585636912,10
Mallathahalli Lake,03/25,0.205414568,-0.009486303274,-0.348988814,-0.5089351083,10
Moge kere,03/25,0.270330756,-0.07509521081,-0.4734212235,-0.6238657366,10
Muppatu Kavalu Hosa Kere,03/25,0.1768446657,0.02432087804,-0.2743592182,-0.4397448062,10
Nayandanahalli kere,03/25,0.1857677855,-0.1686750794,0.1167600653,-0.05151560775,10
Sankey Tank,03/25,0.09456190292,-0.2090170199,0.3660226766,0.2461297551,10
Subramhanyapura kere,03/25,0.3399433882,-0.1873705276,-0.01090348449,-0.2627805012,10
Ullalu lake-2,03/25,0.1878745819,0.01230565085,-0.3696537533,-0.54381848,10
Valagerehalli kere,03/25,0.2255348277,-0.0740277912,-0.1460780926,-0.3945764683,10
Yediyur kere,03/25,0.3038906116,-0.2730164154,0.1131189409,-0.2010068309,10
Bhimmanakuppe Govt lake,03/25,0.2346315113,-0.03331587434,-0.3755772621,-0.5417096994,10
Srigandhakavalu Karabu Katte,03/25,0.1259711306,0.08973703357,-0.3699998586,-0.4907760493,10
Janaradhan kere,03/25,0.2218528174,-0.02733214422,-0.5020767686,-0.6198490805,10
Konashetty kere,03/25,0.1073700423,0.1279796013,-0.3666070503,-0.4939789803,10
Nagarabhavi (Un-named Lake on map),03/25,0.1296071225,0.04025765954,-0.1933841509,-0.3766623685,10
Sompura Govt.lake,03/25,0.208185986,-0.03384076464,-0.1605107663,-0.366595737,10
Lakshmipura Lake,03/25,0.2414164875,-0.0583498179,-0.2431948917,-0.4326725921,10
Amrutnagar Lake,03/25,0.2100139564,-0.1344059744,0.1049403874,-0.178940266,10
Hoysalanagara Lake,03/25,0.1580205201,-0.02821162631,-0.1876827762,-0.4009692728,10
Basavanagar Lake,03/25,0.2950693543,-0.1452996166,-0.1602265921,-0.4250590673,10
Ajjegowdana katte,03/25,0.146803818,0.04337575829,-0.3630855417,-0.5111419071,10
Kodigehalli kere,03/25,0.2067452384,-0.05729016347,-0.1937302668,-0.3417763032,10
Kommaghatta Govt. Lake,03/25,0.3443379847,-0.2554469838,0.02562964345,-0.2486264667,10
Manganahalli Lake,03/25,0.1935898885,-0.220329111,0.3153871426,0.2152406754,10
Bhattarahalli kere,03/25,0.2276792285,-0.2021997362,0.2269068839,-0.06928769226,10
Thirumenahalli lake,03/25,0.2650575444,-0.1189079866,-0.1609749141,-0.3855590865,10
Avalahali kere,03/25,0.421276132,-0.2685102081,-0.2976708995,-0.4305872964,10
Begur Lake,03/25,0.2613185781,-0.1550914562,-0.04528486903,-0.2426655349,10
meenakshi lake,03/25,0.1311304246,-0.1857924223,0.3360513601,0.1184927766,10
Kannuru kere,03/25,0.2687225799,-0.1571603139,0.1431136827,-0.08366162918,10
Kannuru kere,03/25,0.2687225799,-0.1571603139,0.1431136827,-0.08366162918,10
Doddagubbi kere,03/25,0.2915389166,-0.1710360699,0.4166071729,0.1771442543,10
Suggata kere,03/25,0.1846539214,-0.06111731312,-0.2061899739,-0.366092645,10
Yelahanka Lake,03/25,0.1948790536,-0.1570476254,0.3439697085,0.2249513992,10
Dodda Bommasandra Lake,03/25,0.3772955916,-0.248745588,0.01994049859,-0.265853401,10
Singapura lake,03/25,0.0630506558,0.004858251225,0.158596171,-0.0683426294,10
Chellaghatta kere,03/25,0.3216796519,-0.1258665651,-0.5684682367,-0.7062888701,10
Bellandur Amanikere,03/25,0.3309955903,-0.1182426432,-0.5006549225,-0.6358174819,10
Abbigere Kere,03/25,0.2291906715,-0.08264930584,-0.01526938053,-0.2373687877,10
Kammagondanahalli lake,03/25,0.1750767626,0.04136153107,-0.4883075499,-0.6300950243,10
Mallasandra Lake-2,03/25,0.4500786914,-0.23465197,-0.7244765196,-0.8421479064,10
Chikkabanavara kere,03/25,0.07601740622,0.1653446369,-0.3200714408,-0.4956657252,10
Mallasandra Gudde lake,03/25,0.2584845518,0.03755900099,-0.6483310098,-0.7547994428,10
Bagalagunte Govt.Lake,03/25,0.1263836736,0.09101564555,-0.4255826119,-0.5423653748,10
Lalbagh kere,03/25,0.3684789254,-0.2846598064,0.1151291245,-0.2096732821,10
Chikkabellanduru kere,03/25,0.3749209156,-0.1851416431,-0.1826160433,-0.4821864662,10
Carmelarm,03/25,0.07888251688,0.1140512206,-0.2570435633,-0.4610274206,10
Gunjuruplaya kere,03/25,0.1987499873,0.03956674567,-0.4375108953,-0.5997532275,10
Govt. Dinnekere,03/25,0.08178350122,0.1108882142,-0.1935221468,-0.4149960439,10
Panattur Govt.kere,03/25,0.1783275652,-0.1851353652,0.180187539,-0.06573085572,10
Gramadakere,03/25,0.09431968332,0.1612224514,-0.3488311268,-0.5358858419,10
Ambalipura Kelagina kere,03/25,0.3429287342,-0.166256097,-0.4402687963,-0.5907328031,10
Melinakere,03/25,0.1873850166,0.04507414341,-0.4447281464,-0.5713341303,10
Sowl kere,03/25,0.3913368448,-0.2068532767,-0.4775882534,-0.6602524599,10
Bhoganahalli kere,03/25,0.5684592524,-0.3955929007,0.07793994014,-0.7928724088,10
Devarabisanahalli kere,03/25,0.1123536,-0.2095749677,0.2483619329,0.04876976019,10
Doddakanneli Gramadakere,03/25,0.4005559469,-0.2150477273,-0.08160217038,-0.3122743792,10
Lakedew Appartment lake,03/25,0.4154775197,-0.2674947541,0.005051513431,-0.3320113816,10
Kaikondanahalli kere,03/25,0.4022754212,-0.2029340411,-0.215768114,-0.4975259316,10
Kasavanahalli kere,03/25,0.07841048757,-0.2630755141,0.4716424737,0.305700526,10
Mestripalya lake,03/25,0.222253219,0.05474461539,-0.5334688631,-0.6791729659,10
Tavarekere lake,03/25,0.2450987737,0.01476459926,-0.5431268359,-0.6739013487,10
Byrasandra Kere,03/25,0.2929290861,-0.1682279641,-0.05265570011,-0.3329832728,10
J P Park Kere,03/25,0.2146856819,0.03986494952,-0.4931727124,-0.6355772507,10
Agara kere,03/25,0.310968848,-0.2155364072,0.210614403,0.064337851,10
Ibbalur Govt. Lake,03/25,0.2838278655,-0.2130186081,0.102498724,-0.1646385721,10
sarraki kere,03/25,0.08369093613,-0.1873114996,0.413979784,0.2497264853,10
Puttenahalli Kere,03/25,0.301071673,-0.2780013972,-0.01951197789,-0.3413147423,10
Madivala Kere,03/25,0.5086920188,-0.3037370856,-0.6079782223,-0.8037008011,10
Somasundrapalya lake,03/25,0.2636958031,-0.205201363,0.2335887305,-0.187404223,10
singasandra,03/25,0.3768264774,-0.2256378501,-0.1329760087,-0.3895284241,10
Kodagi Singasandra kere,03/25,0.2091860267,0.01919588223,-0.4109233843,-0.5556224183,10
doddakodlu,03/25,0.3861506329,-0.3002214839,0.07770315031,-0.1430806101,10
Karabu Kere/Konappana agrahara lake,03/25,0.3395379646,-0.1420081947,-0.1484869596,-0.4025223037,10
Parapana Agahara Lake,03/25,0.4024864237,-0.1949972018,-0.6027462724,-0.7596614255,10
Kudlu Chikere,03/25,0.3121672033,-0.1614750688,-0.1401918313,-0.3952613896,10
Kelaginakere,03/25,0.06603250551,-0.04689516873,0.1070426126,-0.09733837828,10
Melinakere,03/25,0.4634638258,-0.2119227225,-0.4460040005,-0.6292446341,10
Basavanapura Kere,03/25,0.2264858835,-0.118866179,-0.1347224948,-0.3315173284,10
Swarna Kunte Gudde Lake,03/25,0.3008902929,-0.06333116237,-0.309481687,-0.4966217377,10
Chikkabegur kere,03/25,0.3675473752,-0.15130677,-0.6958745063,-0.807557419,10
Elenahalli Lake,03/25,0.2403247472,-0.04619880675,-0.232085232,-0.4373515201,10
Kalena Agrahara Govt. Lake,03/25,0.2354918859,-0.1426878708,0.05748628491,-0.2364237509,10
Infrastructure Corridor,03/25,0.4477978873,-0.1947018577,-0.4563050753,-0.664220705,10
Beratena Agrahara Lake,03/25,0.0865459711,0.1440454259,-0.3236335772,-0.4662283682,10
Mylasandra Dodda Agrahara kere,03/25,0.3339707106,-0.1612635115,-0.04579298463,-0.1813918618,10
Arekere Govt. lake,03/25,0.3096284846,-0.20927249,0.1468694433,-0.2099869839,10
Hulimavu Kere,03/25,0.1840049478,0.02951695663,-0.4337571186,-0.5693849684,10
Akashaya nagar Kere,03/25,0.401764357,-0.2403302562,-0.2780056881,-0.5367238551,10
Gottigere Kere,03/25,0.1254751764,-0.2111355907,0.3956277755,0.1258090066,10
Kothanaru Kere,03/25,0.1810864781,-0.153502084,0.165443848,-0.1459656697,10
RBI layout kere,03/25,0.3577556446,-0.1453464071,-0.3409525921,-0.5477748419,10
Chunchanaghatta Kere,03/25,0.2177699168,-0.04657051939,-0.3006064827,-0.5144876994,10
Alahalli Kere,03/25,0.37400979,-0.2301599989,-0.03828943886,-0.3856164695,10
Kembathahali kere,03/25,0.103263576,0.0830810528,-0.3237530666,-0.4764496527,10
Doddakallasandra  kere,03/25,0.2896792686,-0.03252904951,-0.5622030716,-0.6951114163,10
Konanakunte  kere,03/25,0.2519588343,-0.01932988431,-0.5583114701,-0.6858043821,10
Thalagattapura lake,03/25,0.1221003508,-0.03818608395,0.004834620402,-0.181178125,10
Vajarahalli Govt.Katte,03/25,0.1593861076,0.006152072669,-0.3981879013,-0.5418982541,10
Harohalli kere,03/25,0.2902632089,-0.1760021532,0.003975186079,-0.2420256203,10
Puttenahalli Lake,03/25,0.4283093782,-0.2331389765,-0.6063133875,-0.7311958656,10
Chellakere kere,03/25,0.3224819684,-0.115599066,-0.3939481391,-0.5668000382,10
Horamavu Agara,03/25,0.2718680624,-0.21103597,0.2220603287,-0.009424723108,10
Horamavu kere,03/25,0.1238618359,-0.04775181566,0.02889708422,-0.1938392698,10
Kalkere Kere,03/25,0.2183857628,-0.09370762914,-0.1084142351,-0.2833531203,10
Nagareshvara Nagenahalli Kere,03/25,0.1445084081,-0.07491860307,0.1795282613,-0.08776672463,10
Rampura Kere,03/25,0.3341316134,-0.1510420572,-0.4931463346,-0.6409613151,10
Atturu kere,03/25,0.2706428505,-0.1409751328,-0.1458630587,-0.347783742,10
Veerasagara kere,03/25,0.4140028502,-0.239949486,-0.08428330786,-0.2916552908,10
Dodda bettahalli,03/25,0.05711421687,0.01315355268,-0.1037565523,-0.2024308617,10
Dasarahalli kere,03/25,0.285481115,-0.1630152084,-0.06973865874,-0.3067847787,10
Doddabidarakallu lake,03/25,0.08787260917,0.1658203775,-0.3569032034,-0.5233095051,10
Allasandra Lake,03/25,0.3154226453,-0.2365739204,0.1511979584,-0.1527221742,10
Andhrahalli Lake,03/25,0.0968976963,0.1286583968,-0.3348449978,-0.4880195211,10
Handrahalli kere,03/25,0.1813328911,0.04127334118,-0.4740567362,-0.6155020279,10
Narasappanahalli kere,03/25,0.1977518202,0.05235600572,-0.5193694304,-0.641466986,10
Valagere,03/25,0.2647256168,-0.09383998855,-0.07065191737,-0.273823715,10
Shivapura New tank,03/25,0.1800637302,-0.008269483752,-0.1973802261,-0.3635917284,10
Agrahara Lake,03/25,0.2997482137,-0.1497968992,-0.0173808637,-0.1633244129,10
Chokkanahalli lake,03/25,0.2469472513,0.00556894666,-0.1630490217,-0.2730245375,10
Jakkuru lake,03/25,0.4825889909,-0.2552277347,-0.1687819142,-0.3790334519,10
palanahalli,03/25,0.3814229042,-0.1583469323,-0.3104925186,-0.4607045521,10
Kattigenahalli lake,03/25,0.4340302637,-0.2269868033,-0.1413944778,-0.3118128772,10
Kogilu kere,03/25,0.3293316419,-0.1907227434,-0.1925953734,-0.3809178338,10
Venkateshapura lake,03/25,0.21627059,-0.02783695999,-0.1537593004,-0.34340594,10
Bellihalli kere,03/25,0.4352027829,-0.1250909436,-0.5086869184,-0.6866201575,10
B. Channasandra lake,03/25,0.2679662177,-0.1643098235,-0.08879304164,-0.2837016761,10
Byappanahalli kere,03/25,0.2833441798,-0.02315777849,-0.5744653678,-0.7165729378,10
Kowdenahalli Kere,03/25,0.4220391923,-0.2674696042,-0.149003689,-0.4124726395,10
Krishnarajapuram kere,03/25,0.08330115576,0.08987051283,-0.2729789547,-0.4254866333,10
Basavanapura kere,03/25,0.2568488085,-0.1394492538,0.02263659655,-0.2509893449,10
Shegehalli kere,03/25,0.450794636,-0.2612007252,-0.2259805766,-0.4091671397,10
Mangamanapalya Kere,03/25,0.265587441,-0.139766201,-0.1815810553,-0.3324217079,10
Hoodi kere-2,03/25,0.2002605171,-0.08359043287,-0.02594953189,-0.3085210108,10
Jimkenahalli Kere,03/25,0.150996129,-0.07638448529,0.0878502803,-0.1616969752,10
Kodigehalli lake,03/25,0.1627185572,-0.2566694047,0.3951537714,0.1848456255,10
Gangashetti kere/ Devasandra kere,03/25,0.2293945249,-0.03181889059,-0.2844993909,-0.4887954687,10
Vijinapura kere2,03/25,0.2749447882,-0.1469100646,-0.2348981295,-0.3876192789,10
B.Narayanapura kere,03/25,0.2069802073,-0.01163256288,-0.2918967486,-0.4711398288,10
Melinakere,03/25,0.4097643605,-0.2276571069,-0.479500331,-0.6231302784,10
Kelaginakere,03/25,0.25202923,-0.1433517955,0.02282563293,-0.1372132542,10
Rachenahalli kere,03/25,0.5236116769,-0.319297621,-0.1837371029,-0.4116963587,10
Amruthahalli Lake,03/25,0.2165597188,-0.06711423098,-0.2954579733,-0.470602315,10
Nagawara Lake,03/25,0.3974722178,-0.2391123321,-0.05628643167,-0.3572606699,10
Herohalli Lake,03/25,0.3643075967,-0.257910878,0.06504511143,-0.2186874458,10
Hebbal  kere,03/25,0.3363435349,-0.2179095677,0.03997357712,-0.1795749974,10
Mahadevapura kere,03/25,0.2531984719,-0.2793682446,0.222756614,-0.06183219599,10
Vibhutipura kere,03/25,0.2175040122,-0.006034470339,-0.3172915002,-0.5173386391,10
Rajapalya Hoodikere,03/25,0.3272739587,-0.1176741161,-0.4874675669,-0.6537173403,10
Achanakere,03/25,0.3075862824,-0.214313924,-0.2144434257,-0.4067541195,10
"Yekkalagatta kere,Mahadevepura Kere",03/25,0.209166887,-0.1266709779,0.02151718118,-0.2170386815,10
Pattaduru Agrahara kere-2,03/25,0.3547260047,-0.2017240616,-0.5018842176,-0.66304345,10
Nallurahallikere,03/25,0.1334778269,-0.05090680646,0.06228563687,-0.1510196619,10
Thubarahalli lake,03/25,0.2236975305,-0.2431001811,0.3358241165,0.09294349872,10
Sheelavantana kere,03/25,0.3764875454,-0.2328147866,-0.003560255052,-0.2500541621,10
Doddanekundi Kunte,03/25,0.4620256081,-0.2598095889,-0.2989438098,-0.5481860352,10
Chinnappanahalli  kere1,03/25,0.3522438619,-0.2064227787,-0.08848366343,-0.2900919277,10
Doddanekundi kere,03/25,0.2304886764,-0.1640541354,-0.110907793,-0.2924951158,10
Kundalahalli kere,03/25,0.4369845749,-0.3086451166,-0.02062571958,-0.2723935178,10
Acchanakere,03/25,0.4119184165,-0.2869747942,0.005700860648,-0.334032438,10
Varthur lake,03/25,0.2243077597,0.01567850674,-0.4952718697,-0.6322533797,10
Narasipura Lake-1,03/25,0.2620868421,-0.1323464609,-0.4100493895,-0.5395332877,10
Narasipura Lake-2,03/25,0.360496854,-0.1391514093,-0.6227875366,-0.7368657576,10
Ulsoor Lake,03/25,0.3034079355,-0.2490670338,0.2728304955,-0.05114036185,10
Gunduru Lake,04/25,0.3474067772,-0.1794817495,-0.185288974,-0.4299605337,10
Doddebele,04/25,0.3627063113,-0.223264423,0.005625222509,-0.2819527935,10
Somapura,04/25,0.4717183685,-0.2788454366,-0.5721120638,-0.7641147497,10
Mailasandra,04/25,0.3870322643,-0.1821006443,-0.5084252595,-0.7261718611,10
Kengeri 1,04/25,0.2301376604,0.004916773111,-0.4756287966,-0.6234229443,10
Kengeri 2,04/25,0.259976742,-0.1301295572,-0.1623105402,-0.2877734966,10
Chenvinayanahalli,04/25,0.2534554706,-0.1672452585,-0.08799038113,-0.3100309589,10
Annamma kere,04/25,0.26645604,-0.1862890086,-0.07465620244,-0.3335623728,10
Deevatigeramnahalli kere,04/25,0.2409052868,-0.05820776832,-0.4433536182,-0.614427961,10
Devarakere,04/25,0.3803725961,-0.213743408,-0.1807794798,-0.5063709794,10
Doraikere,04/25,0.4663417895,-0.2604148424,-0.2878622634,-0.5786521824,10
Goudanakere,04/25,0.300607011,-0.1396575354,-0.09355483217,-0.3207098291,10
Gubbalal kere,04/25,0.1969634641,0.0333403038,-0.4654641252,-0.6134712211,10
Halagevaderahalli kere-2,04/25,0.2239635731,0.01852512064,-0.4936099104,-0.6637371201,10
Herohalli Thotadakere,04/25,0.2294364637,-0.03333454398,-0.3569356255,-0.5443694323,10
Hosakerehalli Kere,04/25,0.3160882279,-0.08819407607,-0.5716295898,-0.7082533022,10
Kempambudhi lake,04/25,0.4440510745,-0.2475740355,-0.2501135169,-0.5371066113,10
Laggeri Lake,04/25,0.3559793446,-0.160467365,-0.627261243,-0.7553497969,10
Mallathahalli Lake,04/25,0.2296246561,-0.04151683961,-0.3604103905,-0.5498695003,10
Moge kere,04/25,0.3676048266,-0.1512841157,-0.5284819675,-0.6840648567,10
Muppatu Kavalu Hosa Kere,04/25,0.2094640297,-0.03032487634,-0.1716723691,-0.3744690312,10
Nayandanahalli kere,04/25,0.1596049371,-0.1741557529,0.1249510534,-0.0748351558,10
Sankey Tank,04/25,0.09260218186,-0.1633615529,0.2974969652,0.1301579745,10
Subramhanyapura kere,04/25,0.3434384906,-0.1676920031,-0.06870141313,-0.319461278,10
Ullalu lake-2,04/25,0.1959513797,0.05072048736,-0.4675282471,-0.6227008534,10
Valagerehalli kere,04/25,0.1780045455,0.01007212795,-0.3270445944,-0.5057894799,10
Yediyur kere,04/25,0.43070353,-0.3174606568,0.04021575465,-0.3513321917,10
Bhimmanakuppe Govt lake,04/25,0.2712777511,-0.06442321379,-0.4133117687,-0.5906405486,10
Srigandhakavalu Karabu Katte,04/25,0.1660188341,0.04240214254,-0.3951053213,-0.5498149403,10
Janaradhan kere,04/25,0.2544121845,-0.04756865606,-0.5232387396,-0.6442079878,10
Konashetty kere,04/25,0.1191806928,0.1080563233,-0.3692800491,-0.514062047,10
Nagarabhavi (Un-named Lake on map),04/25,0.1920842938,0.03129081678,-0.3287170727,-0.5325935938,10
Sompura Govt.lake,04/25,0.227915526,-0.003035047199,-0.4301671929,-0.6101537284,10
Lakshmipura Lake,04/25,0.2417002558,-0.08988225615,-0.1035322205,-0.3202607744,10
Amrutnagar Lake,04/25,0.2447736924,-0.1578511788,0.08785543726,-0.248010146,10
Hoysalanagara Lake,04/25,0.1801491835,-0.04694757269,-0.2158564209,-0.4357173931,10
Basavanagar Lake,04/25,0.2711241044,-0.1251622995,-0.205920201,-0.4428405185,10
Ajjegowdana katte,04/25,0.2632466234,-0.1413495031,-0.1897381148,-0.3831299129,10
Kodigehalli kere,04/25,0.1870059199,-0.0293393994,-0.1649329958,-0.3387459593,10
Kommaghatta Govt. Lake,04/25,0.3679399632,-0.2574177872,-0.009624596934,-0.283977177,10
Manganahalli Lake,04/25,0.2110125696,-0.1904792263,0.2372591818,0.1133854996,10
Bhattarahalli kere,04/25,0.2610616573,-0.1839860541,0.1016054347,-0.2105231037,10
Thirumenahalli lake,04/25,0.2954113577,-0.09095955229,-0.3299264957,-0.5097339325,10
Avalahali kere,04/25,0.4130370324,-0.2475658348,-0.496528912,-0.6061539398,10
Begur Lake,04/25,0.2756317669,-0.1333027317,-0.08863909383,-0.3141188867,10
meenakshi lake,04/25,0.1104241071,-0.06518928763,-8.09E-04,-0.1669792461,10
Kannuru kere,04/25,0.2925201085,-0.1499574115,0.1015443296,-0.1626434471,10
Kannuru kere,04/25,0.2925201085,-0.1499574115,0.1015443296,-0.1626434471,10
Doddagubbi kere,04/25,0.2663671573,-0.1490670028,0.3725015533,0.1596311308,10
Suggata kere,04/25,0.2399634524,-0.07692425984,-0.3054780532,-0.4998932248,10
Yelahanka Lake,04/25,0.3006004959,-0.1819290663,0.2099948301,0.014132464,10
Dodda Bommasandra Lake,04/25,0.4100501909,-0.2518174544,-0.0517152007,-0.3298482024,10
Singapura lake,04/25,0.1195976481,8.36E-04,0.02059921908,-0.2284569002,10
Chellaghatta kere,04/25,0.3387431442,-0.1354588,-0.5736077436,-0.7162073176,10
Bellandur Amanikere,04/25,0.3601268693,-0.132526406,-0.5739687459,-0.7072167518,10
Abbigere Kere,04/25,0.2107116136,-0.04917033527,-0.1111015075,-0.3361268278,10
Kammagondanahalli lake,04/25,0.207745041,-5.41E-04,-0.5086933145,-0.6480778554,10
Mallasandra Lake-2,04/25,0.4581664049,-0.2376692759,-0.7295521257,-0.8610984615,10
Chikkabanavara kere,04/25,0.07356418452,0.1627364391,-0.2980214942,-0.4878938644,10
Mallasandra Gudde lake,04/25,0.2890783346,7.08E-04,-0.6423064717,-0.7856408051,10
Bagalagunte Govt.Lake,04/25,0.206339971,0.02046194879,-0.4750230158,-0.6330837307,10
Lalbagh kere,04/25,0.3685622825,-0.2744660095,0.0587903776,-0.2529461899,10
Chikkabellanduru kere,04/25,0.2341619885,-0.1184840837,-0.2394039573,-0.3182160659,10
Carmelarm,04/25,0.1041396731,0.08239236838,-0.2871629138,-0.4830212969,10
Gunjuruplaya kere,04/25,0.231673874,0.002376363654,-0.46909869,-0.6242625204,10
Govt. Dinnekere,04/25,0.1011418135,0.09803587538,-0.2353080733,-0.4610009598,10
Panattur Govt.kere,04/25,0.1746622968,-0.1690702496,0.1125952084,-0.11617467,10
Gramadakere,04/25,0.1053511707,0.1416684898,-0.3520218678,-0.5420969024,10
Ambalipura Kelagina kere,04/25,0.3723164676,-0.1700307814,-0.4621953576,-0.6353833187,10
Melinakere,04/25,0.1750616727,0.04515120892,-0.4350604207,-0.574157671,10
Sowl kere,04/25,0.3337224478,-0.1844428934,-0.3534435117,-0.5408689229,10
Bhoganahalli kere,04/25,0.1522765716,-0.006094961944,-0.1265965389,-0.239803374,10
Devarabisanahalli kere,04/25,0.1294191218,-0.1821211717,0.1710067859,-0.0392446568,10
Doddakanneli Gramadakere,04/25,0.3744842303,-0.2123223219,-0.1119536759,-0.3425826571,10
Lakedew Appartment lake,04/25,0.4208308578,-0.2657721266,-0.04121284701,-0.3492059437,10
Kaikondanahalli kere,04/25,0.3954105856,-0.1844634398,-0.3095318931,-0.517451312,10
Kasavanahalli kere,04/25,0.0949948819,-0.2466382799,0.4017340148,0.2285484281,10
Mestripalya lake,04/25,0.2418391187,0.01855196069,-0.5338591839,-0.6715414618,10
Tavarekere lake,04/25,0.2845434727,-0.05308903586,-0.5630444289,-0.6905171193,10
Byrasandra Kere,04/25,0.3257572615,-0.1911717876,-0.11748671,-0.4043792708,10
J P Park Kere,04/25,0.2586255374,0.006806111998,-0.5235588285,-0.6818690699,10
Agara kere,04/25,0.2883296861,-0.2005927225,0.1469222757,-0.07722025398,10
Ibbalur Govt. Lake,04/25,0.3077092434,-0.1618531542,-0.02505635136,-0.2693374876,10
sarraki kere,04/25,0.1707402045,-0.2051330329,0.3397293821,0.1431693068,10
Puttenahalli Kere,04/25,0.2978438772,-0.2438076073,-0.1139739519,-0.3800351612,10
Madivala Kere,04/25,0.5085747348,-0.2461101139,-0.7195210635,-0.8586530258,10
Somasundrapalya lake,04/25,0.2744582211,-0.1973788147,0.1954096827,-0.2228962114,10
singasandra,04/25,0.3940034905,-0.2192111607,-0.1775725833,-0.4509200578,10
Kodagi Singasandra kere,04/25,0.2141343613,0.01240459595,-0.4340547083,-0.5836896641,10
doddakodlu,04/25,0.433456139,-0.2583174069,-0.03330457836,-0.2673349839,10
Karabu Kere/Konappana agrahara lake,04/25,0.315932122,-0.1548657946,-0.1063263878,-0.3832573114,10
Parapana Agahara Lake,04/25,0.3964183614,-0.1572417555,-0.5889418913,-0.7445370701,10
Kudlu Chikere,04/25,0.3412283685,-0.1361808678,-0.3554527181,-0.5553294678,10
Kelaginakere,04/25,0.1004904717,-0.0489584113,0.0254219893,-0.173219289,10
Melinakere,04/25,0.5147148049,-0.2590594606,-0.4228446482,-0.6416933667,10
Basavanapura Kere,04/25,0.2805769798,-0.1379052248,-0.2402835402,-0.4779134988,10
Swarna Kunte Gudde Lake,04/25,0.2935340937,-0.07821650636,-0.2644898954,-0.467092761,10
Chikkabegur kere,04/25,0.4327618938,-0.1900066421,-0.6961997652,-0.8181949265,10
Elenahalli Lake,04/25,0.223648897,-0.0433739604,-0.2405453585,-0.4239367696,10
Kalena Agrahara Govt. Lake,04/25,0.2579314449,-0.1458819004,0.01820894308,-0.2896904339,10
Infrastructure Corridor,04/25,0.4502490074,-0.1923486062,-0.4336369611,-0.6381228213,10
Beratena Agrahara Lake,04/25,0.08613825744,0.1190284559,-0.2984379611,-0.4472455141,10
Mylasandra Dodda Agrahara kere,04/25,0.3057889075,-0.1526568984,-0.07201481588,-0.2341554611,10
Arekere Govt. lake,04/25,0.3140948029,-0.2011869107,0.07126674205,-0.2161593119,10
Hulimavu Kere,04/25,0.1402238051,0.04986712916,-0.3518033964,-0.4996638776,10
Akashaya nagar Kere,04/25,0.3866503386,-0.2334973516,-0.3153785394,-0.5380002551,10
Gottigere Kere,04/25,0.212790163,-0.1752361169,0.2801206867,0.0390109928,10
Kothanaru Kere,04/25,0.2016808263,-0.1518356936,0.09008370369,-0.2097770388,10
RBI layout kere,04/25,0.4125675343,-0.1604295957,-0.3454768785,-0.5690255809,10
Chunchanaghatta Kere,04/25,0.2344795134,-0.02401304515,-0.4145951191,-0.5969022773,10
Alahalli Kere,04/25,0.2546688534,-0.1573807854,0.05862601701,-0.2560508198,10
Kembathahali kere,04/25,0.118134085,0.07065305176,-0.3447169134,-0.521856087,10
Doddakallasandra  kere,04/25,0.2906838151,-0.03571891768,-0.5938489367,-0.7322497437,10
Konanakunte  kere,04/25,0.2718501177,-0.03412070217,-0.5768112903,-0.704740633,10
Thalagattapura lake,04/25,0.1333623729,-0.01712544568,-0.1030630864,-0.2760183692,10
Vajarahalli Govt.Katte,04/25,0.2716646835,-0.0505870994,-0.5346956189,-0.6761238372,10
Harohalli kere,04/25,0.2926003806,-0.1823420619,-0.02481728952,-0.2609158441,10
Puttenahalli Lake,04/25,0.4956653038,-0.2901144618,-0.6562747533,-0.8086305095,10
Chellakere kere,04/25,0.3590452773,-0.141434197,-0.482273346,-0.6379848298,10
Horamavu Agara,04/25,0.288742405,-0.1908225478,0.09286320931,-0.1665551373,10
Horamavu kere,04/25,0.1656703885,-0.05835944906,-0.08102319217,-0.3083341557,10
Kalkere Kere,04/25,0.1991506252,-0.0486434015,-0.2378615774,-0.4018236119,10
Nagareshvara Nagenahalli Kere,04/25,0.1611612806,-0.1022990481,0.1787888124,-0.08008255618,10
Rampura Kere,04/25,0.32761774,-0.163331167,-0.4092368691,-0.5870547662,10
Atturu kere,04/25,0.204474184,-0.08794583525,-0.0302423816,-0.2535691672,10
Veerasagara kere,04/25,0.4188681202,-0.2233348495,-0.1200007386,-0.3498175536,10
Dodda bettahalli,04/25,0.07396819311,0.01533894334,-0.1368718433,-0.2752486433,10
Dasarahalli kere,04/25,0.306434197,-0.1451723952,-0.1333425496,-0.3240382201,10
Doddabidarakallu lake,04/25,0.09910538124,0.1446417685,-0.3501705388,-0.5311803609,10
Allasandra Lake,04/25,0.4254784788,-0.2685201597,-0.06955755024,-0.3493856458,10
Andhrahalli Lake,04/25,0.1476986113,0.06885846421,-0.2754457972,-0.4577667329,10
Handrahalli kere,04/25,0.2512143479,-0.01493583988,-0.5478803589,-0.698681684,10
Narasappanahalli kere,04/25,0.2288451585,0.01215384495,-0.5165052185,-0.6647784713,10
Valagere,04/25,0.2882617502,-0.1145777713,-0.1120391498,-0.3596419632,10
Shivapura New tank,04/25,0.1820604564,0.008383288936,-0.278702321,-0.4764999349,10
Agrahara Lake,04/25,0.2756818678,-0.1224977103,-0.05488529372,-0.2095127271,10
Chokkanahalli lake,04/25,0.2121040638,-0.02683146327,-0.1731349448,-0.3231452232,10
Jakkuru lake,04/25,0.4690762876,-0.2545751512,-0.116253192,-0.3295815623,10
palanahalli,04/25,0.4552150033,-0.2001200811,-0.4746723186,-0.6388311255,10
Kattigenahalli lake,04/25,0.5181719935,-0.2671122275,-0.3571636668,-0.5925398932,10
Kogilu kere,04/25,0.3752298006,-0.1742501615,-0.283273924,-0.4576249338,10
Venkateshapura lake,04/25,0.2162910512,-0.02372055634,-0.1868917652,-0.3782926915,10
Bellihalli kere,04/25,0.4529736314,-0.141136279,-0.5068031371,-0.6986854778,10
B. Channasandra lake,04/25,0.2936477521,-0.1563939677,-0.2155624405,-0.4122329697,10
Byappanahalli kere,04/25,0.3134047692,-0.08057705007,-0.5809942835,-0.719501223,10
Kowdenahalli Kere,04/25,0.4146005618,-0.2301142979,-0.269649084,-0.484507765,10
Krishnarajapuram kere,04/25,0.1524073368,0.01194510693,-0.2294585538,-0.4059370322,10
Basavanapura kere,04/25,0.2634529811,-0.1193382733,-0.0924880848,-0.3562733326,10
Shegehalli kere,04/25,0.3188049614,-0.2073862654,-0.03174594962,-0.2671263859,10
Mangamanapalya Kere,04/25,0.2723784495,-0.1198967517,-0.2427815847,-0.4194638038,10
Hoodi kere-2,04/25,0.190503445,-0.04685894258,-0.1390137744,-0.3938130383,10
Jimkenahalli Kere,04/25,0.1842946111,-0.09579611658,0.002419447546,-0.2101161288,10
Kodigehalli lake,04/25,0.163045012,-0.224197732,0.3139238202,0.07646991218,10
Gangashetti kere/ Devasandra kere,04/25,0.2508459752,-0.06703736815,-0.3353982733,-0.5257740994,10
Vijinapura kere2,04/25,0.2621680888,-0.1498537168,-0.2069502953,-0.3912773197,10
B.Narayanapura kere,04/25,0.2463486285,-0.07333206771,-0.2862480561,-0.4721663635,10
Melinakere,04/25,0.4292038689,-0.2388489497,-0.481656035,-0.6423136052,10
Kelaginakere,04/25,0.2262026247,-0.1256427906,-0.005957107441,-0.1691244834,10
Rachenahalli kere,04/25,0.5385888044,-0.3232475682,-0.1675126268,-0.4213057673,10
Amruthahalli Lake,04/25,0.2853480939,-0.1108020626,-0.3662190206,-0.5702369799,10
Nagawara Lake,04/25,0.3850441494,-0.2358012278,-0.1193240895,-0.3799494126,10
Herohalli Lake,04/25,0.3908304107,-0.2247768901,-0.08705064261,-0.323169363,10
Hebbal  kere,04/25,0.3786273881,-0.2193721243,-0.05144948897,-0.2840538155,10
Mahadevapura kere,04/25,0.3706549752,-0.2519940409,0.04135124455,-0.2906408103,10
Vibhutipura kere,04/25,0.2302771174,-0.02186168601,-0.3779579542,-0.5507928084,10
Rajapalya Hoodikere,04/25,0.2912128725,-0.109138087,-0.4795110312,-0.6287725182,10
Achanakere,04/25,0.2870189148,-0.1592880056,-0.2358107253,-0.4050856998,10
"Yekkalagatta kere,Mahadevepura Kere",04/25,0.2289804831,-0.1108958134,-0.09035209178,-0.3135527356,10
Pattaduru Agrahara kere-2,04/25,0.3799280833,-0.2060052332,-0.5264914434,-0.6767972057,10
Nallurahallikere,04/25,0.1589587554,-0.03936942414,-0.03843559343,-0.2513411575,10
Thubarahalli lake,04/25,0.2308853969,-0.2080329761,0.2340773273,-0.04378344243,10
Sheelavantana kere,04/25,0.3935204407,-0.2735715011,-0.008038397561,-0.249140599,10
Doddanekundi Kunte,04/25,0.4449201336,-0.2462608717,-0.2917819625,-0.5183657552,10
Chinnappanahalli  kere1,04/25,0.3363458268,-0.189874548,-0.1275972626,-0.3493172765,10
Doddanekundi kere,04/25,0.2441563642,-0.1588367991,-0.1437418754,-0.3374951161,10
Kundalahalli kere,04/25,0.4276928587,-0.2850984148,-0.0519364698,-0.3074536839,10
Acchanakere,04/25,0.3983367395,-0.2499304462,-0.127662755,-0.3948108388,10
Varthur lake,04/25,0.242783056,-0.01076179326,-0.5312215902,-0.6597367226,10
Narasipura Lake-1,04/25,0.137363259,0.02965594503,-0.2808990259,-0.4709218739,10
Narasipura Lake-2,04/25,0.2118560277,0.006461267599,-0.4869691077,-0.6341102609,10
Ulsoor Lake,04/25,0.3157760253,-0.2529393793,0.2105112698,-0.09781004502,10
Gunduru Lake,05/25,0.3374549448,-0.146243259,-0.1870717191,-0.4318795191,5
Doddebele,05/25,0.303781247,-0.1501997192,-0.08680043155,-0.3137688033,5
Somapura,05/25,0.4501503196,-0.2684773224,-0.5744646102,-0.773608435,5
Mailasandra,05/25,0.3478692658,-0.1367962977,-0.470826899,-0.6872759169,5
Kengeri 1,05/25,0.2513698134,-0.01820623162,-0.4946331232,-0.6545854545,5
Kengeri 2,05/25,0.2737315898,-0.1215006737,-0.1796226754,-0.3177244673,5
Chenvinayanahalli,05/25,0.2609695845,-0.1702553653,-0.09829172216,-0.331633025,5
Annamma kere,05/25,0.2496406185,-0.1587092913,-0.1424462401,-0.3296827722,5
Deevatigeramnahalli kere,05/25,0.3075640433,-0.1203165539,-0.5046838164,-0.6672567168,5
Devarakere,05/25,0.3375529994,-0.1537008233,-0.268868328,-0.4559340754,5
Doraikere,05/25,0.4618617755,-0.2279616822,-0.2822138529,-0.5670489264,5
Goudanakere,05/25,0.3009043072,-0.1464722358,-0.1077121022,-0.329511502,5
Gubbalal kere,05/25,0.2335290323,-0.01406487117,-0.475910944,-0.6313955061,5
Halagevaderahalli kere-2,05/25,0.238690765,0.002925662143,-0.4853849435,-0.6524112322,5
Herohalli Thotadakere,05/25,0.2440951862,-0.03216927037,-0.3823799592,-0.5683717982,5
Hosakerehalli Kere,05/25,0.3614105582,-0.1428060561,-0.5860023502,-0.7319772736,5
Kempambudhi lake,05/25,0.4186218367,-0.1918042394,-0.2927596838,-0.5173623144,5
Laggeri Lake,05/25,0.3572909144,-0.1650159861,-0.6137062918,-0.7684695032,5
Mallathahalli Lake,05/25,0.2487028676,-0.06253996382,-0.3883985816,-0.5800827649,5
Moge kere,05/25,0.3448363398,-0.1450267423,-0.452468914,-0.6196215996,5
Muppatu Kavalu Hosa Kere,05/25,0.3653503836,-0.2490513829,0.06084108187,-0.1697398598,5
Nayandanahalli kere,05/25,0.1158663271,-0.1602193997,0.09384856549,-0.09425507148,5
Sankey Tank,05/25,0.09117205214,-0.1224910342,0.138114022,-0.03293831211,5
Subramhanyapura kere,05/25,0.2840125076,-0.1225377281,-0.1605074465,-0.3502220956,5
Ullalu lake-2,05/25,0.219222218,-0.06879695259,-0.3014373976,-0.509788811,5
Valagerehalli kere,05/25,0.2431172031,-0.0832706487,-0.2566679255,-0.4495988283,5
Yediyur kere,05/25,0.3623068404,-0.2597287974,-0.0362136794,-0.3323247385,5
Bhimmanakuppe Govt lake,05/25,0.2697764313,-0.07391946591,-0.4256824389,-0.6306587075,5
Srigandhakavalu Karabu Katte,05/25,0.1841073364,0.03242428456,-0.405478242,-0.5602351498,5
Janaradhan kere,05/25,0.233448396,-0.04757566729,-0.4970721404,-0.6142558774,5
Konashetty kere,05/25,0.1432361689,0.07102014859,-0.3853079765,-0.5390672946,5
Nagarabhavi (Un-named Lake on map),05/25,0.15769569,0.02364635751,-0.2934337366,-0.4755103744,5
Sompura Govt.lake,05/25,0.21656074,-0.01433122772,-0.4199438636,-0.592771433,5
Lakshmipura Lake,05/25,0.2407125837,-0.08745943318,-0.1065006303,-0.3207129259,5
Amrutnagar Lake,05/25,0.2064144002,-0.1246363775,-0.03547264117,-0.2621914026,5
Hoysalanagara Lake,05/25,0.1767310885,-0.03438954987,-0.2353005935,-0.4446846784,5
Basavanagar Lake,05/25,0.2567189982,-0.09607664371,-0.2130900492,-0.4191416187,5
Ajjegowdana katte,05/25,0.3139033526,-0.1373575457,-0.3245101354,-0.5457084026,5
Kodigehalli kere,05/25,0.1554260566,0.006412694944,-0.1888527227,-0.3741379956,5
Kommaghatta Govt. Lake,05/25,0.3551995284,-0.2261747594,-0.08809999091,-0.3119517496,5
Manganahalli Lake,05/25,0.2609527259,-0.1192323562,0.02629314921,-0.1040543284,5
Bhattarahalli kere,05/25,0.2472516419,-0.08422325356,-0.04565024642,-0.2417129573,5
Thirumenahalli lake,05/25,0.2765244084,-0.04067095168,-0.3480532929,-0.5195286332,5
Avalahali kere,05/25,0.35609543,-0.1894432505,-0.4283168929,-0.5464698126,5
Begur Lake,05/25,0.2262929599,-0.1068342715,-0.159496387,-0.3188888166,5
meenakshi lake,05/25,0.1084266396,-0.06858313608,8.33E-04,-0.1585602832,5
Kannuru kere,05/25,0.2914635997,-0.1183020299,0.02579760047,-0.191462443,5
Kannuru kere,05/25,0.2914635997,-0.1183020299,0.02579760047,-0.191462443,5
Doddagubbi kere,05/25,0.2678067874,-0.1098537102,0.1786903597,0.002328605223,5
Suggata kere,05/25,0.2263819388,-0.06411995567,-0.3172989217,-0.487223096,5
Yelahanka Lake,05/25,0.2770801997,-0.1503803404,0.001426590014,-0.1620975563,5
Dodda Bommasandra Lake,05/25,0.3729137229,-0.2180991566,-0.1389392977,-0.3618169254,5
Singapura lake,05/25,0.1330359626,0.001645823728,-0.04574723124,-0.2953602322,5
Chellaghatta kere,05/25,0.3165636185,-0.1261408336,-0.5590970622,-0.6950735264,5
Bellandur Amanikere,05/25,0.3199292845,-0.1110154953,-0.5593664753,-0.6784448246,5
Abbigere Kere,05/25,0.2108898532,-0.03908354876,-0.1961586103,-0.4326851822,5
Kammagondanahalli lake,05/25,0.2508516765,-0.03623542693,-0.5063520227,-0.6528064755,5
Mallasandra Lake-2,05/25,0.4871901378,-0.2269441954,-0.7373452907,-0.8809945431,5
Chikkabanavara kere,05/25,0.06904707628,0.1534054912,-0.275586323,-0.462892065,5
Mallasandra Gudde lake,05/25,0.3184876265,-0.02184576628,-0.6555227352,-0.8108246769,5
Bagalagunte Govt.Lake,05/25,0.2784941238,-0.06215034899,-0.502165017,-0.6891527593,5
Lalbagh kere,05/25,0.3273140139,-0.2409268673,0.001664720295,-0.2568388055,5
Chikkabellanduru kere,05/25,0.2023470143,-0.1086016283,-0.2116497325,-0.2746292032,5
Carmelarm,05/25,0.1093345862,0.03711681475,-0.2310290978,-0.3755086304,5
Gunjuruplaya kere,05/25,0.2256677773,-0.01630055306,-0.4540843838,-0.5927262614,5
Govt. Dinnekere,05/25,0.103522181,0.09263783446,-0.2558433784,-0.4611872744,5
Panattur Govt.kere,05/25,0.1603829512,-0.1624712402,0.05772646453,-0.1523339639,5
Gramadakere,05/25,0.1108574437,0.1148548773,-0.3481580269,-0.525931306,5
Ambalipura Kelagina kere,05/25,0.2930930621,-0.1224751346,-0.4358144396,-0.5663158321,5
Melinakere,05/25,0.1659106113,0.03736410137,-0.4410536082,-0.5751630831,5
Sowl kere,05/25,0.2240131487,-0.1174646079,-0.1959790505,-0.3465962669,5
Bhoganahalli kere,05/25,0.1366092505,-0.00819293739,-0.111930978,-0.2011231416,5
Devarabisanahalli kere,05/25,0.1172732431,-0.09746020424,0.09775783107,-0.1009941919,5
Doddakanneli Gramadakere,05/25,0.3537451012,-0.1873521613,-0.09574118322,-0.3383620191,5
Lakedew Appartment lake,05/25,0.37912587,-0.2235000775,-0.04671370713,-0.3132144838,5
Kaikondanahalli kere,05/25,0.3694393095,-0.1564138278,-0.2949096694,-0.4910439743,5
Kasavanahalli kere,05/25,0.08715801696,-0.1703394108,0.2214762464,0.05387380986,5
Mestripalya lake,05/25,0.2204039082,0.00892150393,-0.5104128366,-0.6531429943,5
Tavarekere lake,05/25,0.2336280937,-0.05459515049,-0.5146994863,-0.6160471076,5
Byrasandra Kere,05/25,0.2720402663,-0.1594265292,-0.108816093,-0.3665460888,5
J P Park Kere,05/25,0.2869642943,-0.03013542094,-0.5416345974,-0.6990438904,5
Agara kere,05/25,0.2227382315,-0.1370170935,-0.01011890288,-0.1342480607,5
Ibbalur Govt. Lake,05/25,0.3002683921,-0.1444524091,-0.1073087048,-0.2929530072,5
sarraki kere,05/25,0.1332299243,-0.1947162725,0.3151009121,0.1337040846,5
Puttenahalli Kere,05/25,0.2417958683,-0.1831767522,-0.1538142897,-0.3435269107,5
Madivala Kere,05/25,0.3976596236,-0.1594157712,-0.6321287764,-0.7610710262,5
Somasundrapalya lake,05/25,0.263336481,-0.1782101246,0.1346455689,-0.2139332795,5
singasandra,05/25,0.3407367634,-0.1824239354,-0.1934857986,-0.4005549808,5
Kodagi Singasandra kere,05/25,0.1859393651,-0.006261495533,-0.4109363193,-0.5303009285,5
doddakodlu,05/25,0.4025600133,-0.1933465487,-0.1809021398,-0.3478619718,5
Karabu Kere/Konappana agrahara lake,05/25,0.2749771216,-0.146247981,-0.1116226219,-0.3231376807,5
Parapana Agahara Lake,05/25,0.2617771785,-0.09804275899,-0.516735247,-0.6278608427,5
Kudlu Chikere,05/25,0.3233077126,-0.1274468446,-0.4197410446,-0.587832266,5
Kelaginakere,05/25,0.1672414024,-0.0965442033,-0.05423070601,-0.2310109881,5
Melinakere,05/25,0.4279267997,-0.2195721814,-0.3493464304,-0.5564346382,5
Basavanapura Kere,05/25,0.2652302816,-0.09576438011,-0.2956697729,-0.4912709343,5
Swarna Kunte Gudde Lake,05/25,0.2289312047,-0.05829736178,-0.2614972411,-0.4253293359,5
Chikkabegur kere,05/25,0.3186416342,-0.1350125138,-0.6480745453,-0.75001708,5
Elenahalli Lake,05/25,0.1833601479,-0.03348432457,-0.263097865,-0.3706415233,5
Kalena Agrahara Govt. Lake,05/25,0.2553493727,-0.1257703418,-0.03831441551,-0.2914648224,5
Infrastructure Corridor,05/25,0.3282325299,-0.140082334,-0.3579955762,-0.4960939829,5
Beratena Agrahara Lake,05/25,0.09280795337,0.09765155041,-0.3012641725,-0.444395672,5
Mylasandra Dodda Agrahara kere,05/25,0.226790326,-0.1147980204,-0.1260555328,-0.2363559226,5
Arekere Govt. lake,05/25,0.2900254981,-0.1806468787,0.03179345703,-0.218142015,5
Hulimavu Kere,05/25,0.1292182331,0.03076600741,-0.287546297,-0.4371435323,5
Akashaya nagar Kere,05/25,0.335612222,-0.2174584837,-0.2994977017,-0.5140384773,5
Gottigere Kere,05/25,0.2358361486,-0.1487011941,0.1475101463,-0.06762297599,5
Kothanaru Kere,05/25,0.2167864494,-0.1363409827,-0.04017102277,-0.30252252,5
RBI layout kere,05/25,0.4173826571,-0.1650222116,-0.3254640652,-0.5645811759,5
Chunchanaghatta Kere,05/25,0.2308946312,-0.03103386245,-0.4258634034,-0.5975804712,5
Alahalli Kere,05/25,0.2434851235,-0.1171761761,-0.07626466537,-0.2791073651,5
Kembathahali kere,05/25,0.2023754208,-0.01775565673,-0.4082647975,-0.5617584367,5
Doddakallasandra  kere,05/25,0.3078784363,-0.04223011916,-0.6080566131,-0.7614047905,5
Konanakunte  kere,05/25,0.2645463322,-0.03248258456,-0.5751485203,-0.7077878918,5
Thalagattapura lake,05/25,0.1599620869,-0.02401519149,-0.1723261096,-0.3472555185,5
Vajarahalli Govt.Katte,05/25,0.2815997349,-0.09369450068,-0.5185892725,-0.6613053744,5
Harohalli kere,05/25,0.2667001693,-0.1498036535,-0.08221139618,-0.3116358134,5
Puttenahalli Lake,05/25,0.4100165917,-0.1999108116,-0.6398654347,-0.7743259466,5
Chellakere kere,05/25,0.3599358852,-0.1198011746,-0.4848639395,-0.6433919252,5
Horamavu Agara,05/25,0.2686548053,-0.1487234242,-0.01780521816,-0.1948817091,5
Horamavu kere,05/25,0.1516945425,-0.0415933719,-0.1328207521,-0.3352994851,5
Kalkere Kere,05/25,0.1967340759,-0.04969885173,-0.2515089106,-0.4074442845,5
Nagareshvara Nagenahalli Kere,05/25,0.1391381155,-0.05995979941,0.1267513357,-0.1128059625,5
Rampura Kere,05/25,0.3155535713,-0.1431250223,-0.4260208597,-0.5984833314,5
Atturu kere,05/25,0.1929096501,-0.08287835484,-0.0294029319,-0.245008957,5
Veerasagara kere,05/25,0.3701968093,-0.1739274712,-0.1221191572,-0.3420116477,5
Dodda bettahalli,05/25,0.07946273713,0.01972522584,-0.1665280036,-0.2904973125,5
Dasarahalli kere,05/25,0.3440460371,-0.116864628,-0.1232710247,-0.366490561,5
Doddabidarakallu lake,05/25,0.1131070703,0.1252821152,-0.3483057804,-0.5414953498,5
Allasandra Lake,05/25,0.3458667715,-0.2077350037,-0.05928826643,-0.3221219749,5
Andhrahalli Lake,05/25,0.2371515241,-0.1221277683,-0.07960272098,-0.3231162623,5
Handrahalli kere,05/25,0.2442217544,-0.0327400468,-0.505734798,-0.6504422839,5
Narasappanahalli kere,05/25,0.1851573677,0.03594903347,-0.424934732,-0.5965928807,5
Valagere,05/25,0.288253515,-0.08731085713,-0.1134173084,-0.3637243761,5
Shivapura New tank,05/25,0.2282915558,-0.04726708378,-0.3040674916,-0.5055040688,5
Agrahara Lake,05/25,0.2666486734,-0.06431102097,-0.0987949525,-0.2335920772,5
Chokkanahalli lake,05/25,0.1991263986,0.0349854723,-0.3287406148,-0.4812331603,5
Jakkuru lake,05/25,0.4206524523,-0.1967266792,-0.07693415319,-0.265548653,5
palanahalli,05/25,0.4474615616,-0.1466783145,-0.4779700075,-0.6544814015,5
Kattigenahalli lake,05/25,0.4705847954,-0.2017470552,-0.3670392103,-0.6275554495,5
Kogilu kere,05/25,0.2955282609,-0.08853704174,-0.2928808433,-0.4521912469,5
Venkateshapura lake,05/25,0.1942003411,-0.01130916766,-0.1820547429,-0.3650934495,5
Bellihalli kere,05/25,0.3507765649,-3.12E-04,-0.5326158669,-0.7043924431,5
B. Channasandra lake,05/25,0.2711964101,-0.132050291,-0.2426075584,-0.4144098269,5
Byappanahalli kere,05/25,0.2929569771,-0.06556364356,-0.5573005619,-0.6975921543,5
Kowdenahalli Kere,05/25,0.4047887298,-0.1917705174,-0.2989138794,-0.5026031755,5
Krishnarajapuram kere,05/25,0.1468138067,0.007130154594,-0.2296068412,-0.409234909,5
Basavanapura kere,05/25,0.2011863604,-0.08342200591,-0.1307825995,-0.3027529481,5
Shegehalli kere,05/25,0.2802380995,-0.1962024662,-0.06808430857,-0.2572726727,5
Mangamanapalya Kere,05/25,0.2110231631,-0.0889790065,-0.2212818156,-0.3593952768,5
Hoodi kere-2,05/25,0.1437409608,0.01140771715,-0.2114350875,-0.3931001253,5
Jimkenahalli Kere,05/25,0.1653674083,-0.07952737405,-0.04795187431,-0.2352404517,5
Kodigehalli lake,05/25,0.1404635051,-0.1786115634,0.1977330561,-0.00272775742,5
Gangashetti kere/ Devasandra kere,05/25,0.2092550902,-0.03116935741,-0.2974221913,-0.4859319169,5
Vijinapura kere2,05/25,0.2522881,-0.106581689,-0.2362853763,-0.397520892,5
B.Narayanapura kere,05/25,0.2342104516,-0.08276537275,-0.2540333189,-0.4412340386,5
Melinakere,05/25,0.3925178507,-0.2140167091,-0.4719827961,-0.6062894448,5
Kelaginakere,05/25,0.2216139694,-0.1200995207,-0.03907378769,-0.2011474401,5
Rachenahalli kere,05/25,0.4981384388,-0.2617275138,-0.1208293148,-0.3648943514,5
Amruthahalli Lake,05/25,0.2664905702,-0.07958747572,-0.3881170299,-0.5590701165,5
Nagawara Lake,05/25,0.3653192312,-0.204337139,-0.1383507697,-0.383600613,5
Herohalli Lake,05/25,0.431834318,-0.1739840441,-0.2062201773,-0.3996948172,5
Hebbal  kere,05/25,0.3607362795,-0.1685179137,-0.1401190739,-0.333057727,5
Mahadevapura kere,05/25,0.3401338251,-0.1984724494,-0.06153917816,-0.3001360954,5
Vibhutipura kere,05/25,0.1803824809,0.02740576428,-0.375044818,-0.5435627173,5
Rajapalya Hoodikere,05/25,0.1782295837,0.01836287096,-0.3888728948,-0.556218743,5
Achanakere,05/25,0.3267003296,-0.145440953,-0.2593905332,-0.4146321879,5
"Yekkalagatta kere,Mahadevepura Kere",05/25,0.2079154127,-0.08546445439,-0.1394809972,-0.3192305236,5
Pattaduru Agrahara kere-2,05/25,0.3490741139,-0.1817997814,-0.5174887326,-0.6491206584,5
Nallurahallikere,05/25,0.1536172734,-0.01813789648,-0.1051082842,-0.3078005351,5
Thubarahalli lake,05/25,0.1893180989,-0.1544093725,0.1481415046,-0.07007696799,5
Sheelavantana kere,05/25,0.3476495123,-0.21912812,-0.03665358401,-0.2361438271,5
Doddanekundi Kunte,05/25,0.4242099629,-0.2109773818,-0.2934931903,-0.5093572871,5
Chinnappanahalli  kere1,05/25,0.2850344139,-0.1465446232,-0.1478610628,-0.3278708146,5
Doddanekundi kere,05/25,0.2047237938,-0.1099241762,-0.1506132623,-0.3104401221,5
Kundalahalli kere,05/25,0.4018424115,-0.2346052667,-0.1023340726,-0.326953824,5
Acchanakere,05/25,0.3503618828,-0.190302933,-0.1313329614,-0.359370832,5
Varthur lake,05/25,0.2046772264,0.0118788075,-0.4982081797,-0.6198828689,5
Narasipura Lake-1,05/25,0.1140226918,0.03993437774,-0.2128018872,-0.408383038,5
Narasipura Lake-2,05/25,0.2025173681,-0.01744521502,-0.4254811481,-0.5824499552,5
Ulsoor Lake,05/25,0.3244500933,-0.2484131057,0.1324035618,-0.1495033584,5
Gunduru Lake,06/25,0.2557558701,-0.05076314513,-0.436537633,-0.6064918659,1
Doddebele,06/25,0.3485538201,-0.1442416135,-0.2196429554,-0.4688659021,1
Somapura,06/25,0.4313700013,-0.2514520265,-0.5763830388,-0.7947325663,1
Mailasandra,06/25,0.4389581257,-0.1239908448,-0.6560226401,-0.8630402107,1
Kengeri 1,06/25,0.3129886179,-0.1156792705,-0.5545941748,-0.7206382768,1
Kengeri 2,06/25,0.4292633683,-0.1390420299,-0.5968037587,-0.8025115775,1
Chenvinayanahalli,06/25,0.3539081612,-0.1772086581,-0.4683862332,-0.70560047,1
Annamma kere,06/25,,,,,1
Deevatigeramnahalli kere,06/25,,,,,1
Devarakere,06/25,0.3330709736,-0.111102309,-0.5732306853,-0.7004449902,1
Doraikere,06/25,0.4991366814,-0.2261945916,-0.4054290369,-0.6703481276,1
Goudanakere,06/25,0.2674895889,-0.1429986042,-0.04667712913,-0.3164128449,1
Gubbalal kere,06/25,0.2702160687,-0.0765775199,-0.4499683351,-0.6418164193,1
Halagevaderahalli kere-2,06/25,0.211466788,-0.05592179342,-0.3845445364,-0.6056857461,1
Herohalli Thotadakere,06/25,0.3728112118,-0.04693781501,-0.562202953,-0.7463889796,1
Hosakerehalli Kere,06/25,0.4360942388,-0.1929735871,-0.6533698237,-0.8302795754,1
Kempambudhi lake,06/25,,,,,1
Laggeri Lake,06/25,0.3892762224,-0.1704223043,-0.6368206935,-0.8155458943,1
Mallathahalli Lake,06/25,0.305852584,-0.04038575477,-0.4485256641,-0.7269861048,1
Moge kere,06/25,0.3083492647,-0.1388276234,-0.4014587122,-0.629034012,1
Muppatu Kavalu Hosa Kere,06/25,0.5486024332,-0.3302860903,-0.1509664095,-0.5280295399,1
Nayandanahalli kere,06/25,,,,,1
Sankey Tank,06/25,0.1009957173,-0.1273404559,0.1277784001,-0.1649314659,1
Subramhanyapura kere,06/25,0.2116270998,-0.07808733927,-0.2527622959,-0.3624300511,1
Ullalu lake-2,06/25,0.2262033632,-0.109886784,-0.2151958976,-0.4525424815,1
Valagerehalli kere,06/25,0.3112478936,-0.1252502263,-0.1699335548,-0.7685090793,1
Yediyur kere,06/25,,,,,1
Bhimmanakuppe Govt lake,06/25,0.2598993013,-0.06364204087,-0.4751430158,-0.7029371661,1
Srigandhakavalu Karabu Katte,06/25,0.237153086,0.02341802646,-0.4593708113,-0.6464709127,1
Janaradhan kere,06/25,,,,,1
Konashetty kere,06/25,0.2142736695,-0.003408691852,-0.451223949,-0.6133114135,1
Nagarabhavi (Un-named Lake on map),06/25,,,,,1
Sompura Govt.lake,06/25,0.2483742751,-0.03970320841,-0.562919651,-0.7245853618,1
Lakshmipura Lake,06/25,0.2339038253,-0.05098435283,-0.5471944213,-0.6926005483,1
Amrutnagar Lake,06/25,0.2061666084,-0.08503342813,-0.08343999298,-0.328683987,1
Hoysalanagara Lake,06/25,0.243740811,-0.09460372471,-0.4296831055,-0.6401422867,1
Basavanagar Lake,06/25,,,,,1
Ajjegowdana katte,06/25,0.3792971707,-0.1336037559,-0.5370666855,-0.7363785997,1
Kodigehalli kere,06/25,0.08834663085,0.06922102305,-0.3022125628,-0.4275977392,1
Kommaghatta Govt. Lake,06/25,0.4040790981,-0.2250309952,-0.1577642989,-0.4879506447,1
Manganahalli Lake,06/25,0.3501635325,-0.01554490255,-0.09744691167,-0.3205184441,1
Bhattarahalli kere,06/25,0.2869976935,0.01831836222,-0.2675895331,-0.5607117953,1
Thirumenahalli lake,06/25,0.3697706752,0.0255488826,-0.514790713,-0.8153631286,1
Avalahali kere,06/25,0.3254484382,-0.1210167902,-0.3097754513,-0.485053133,1
Begur Lake,06/25,0.1727425881,-0.07505753108,-0.2391228854,-0.3518536537,1
meenakshi lake,06/25,,,,,1
Kannuru kere,06/25,0.4103002332,-0.01476136714,-0.3867083976,-0.6757685605,1
Kannuru kere,06/25,0.4103002332,-0.01476136714,-0.3867083976,-0.6757685605,1
Doddagubbi kere,06/25,0.3004106795,-0.001800772811,0.01530534684,-0.225658774,1
Suggata kere,06/25,0.1264524907,-0.004285157658,-0.3270686567,-0.4300984442,1
Yelahanka Lake,06/25,0.2591419263,-0.1052542308,-0.1256433679,-0.307775427,1
Dodda Bommasandra Lake,06/25,0.1295301174,-0.04491821125,-0.1833270456,-0.2780378431,1
Singapura lake,06/25,0.1558997971,-0.01675256922,-0.1145761559,-0.4090014433,1
Chellaghatta kere,06/25,0.1880626502,-0.08815622321,-0.4339246778,-0.494090204,1
Bellandur Amanikere,06/25,0.2836480684,-0.1147316785,-0.4708146381,-0.5461917602,1
Abbigere Kere,06/25,0.3000651959,-0.1078105704,-0.256654159,-0.5118941879,1
Kammagondanahalli lake,06/25,0.2619222344,-0.01740714289,-0.460619011,-0.6482059612,1
Mallasandra Lake-2,06/25,0.520108699,-0.2358148687,-0.7710263152,-0.9196001718,1
Chikkabanavara kere,06/25,0.1261334085,-0.07282624706,0.1026725339,-0.1577952974,1
Mallasandra Gudde lake,06/25,0.4369394765,-0.1205051584,-0.7295726477,-0.8835067681,1
Bagalagunte Govt.Lake,06/25,0.3214639872,-0.07945755694,-0.4801447606,-0.7795889515,1
Lalbagh kere,06/25,0.2259450625,-0.09116839719,-0.2297658824,-0.2453081792,1
Chikkabellanduru kere,06/25,0.2438662637,-0.1064967715,-0.5101869813,-0.6026543509,1
Carmelarm,06/25,0.09697881698,0.04002945088,-0.07470051569,-0.2233472088,1
Gunjuruplaya kere,06/25,0.1788402783,-0.01947156948,-0.420112156,-0.5265370849,1
Govt. Dinnekere,06/25,,,,,1
Panattur Govt.kere,06/25,,,,,1
Gramadakere,06/25,0.08833372164,0.02120837164,-0.2485665125,-0.3047290149,1
Ambalipura Kelagina kere,06/25,0.2272204973,-0.04863835318,-0.5420112412,-0.6249734669,1
Melinakere,06/25,0.2055358762,-0.07033614602,-0.4839954526,-0.5916509459,1
Sowl kere,06/25,0.110143434,-0.08696018675,0.1741915415,0.2164012217,1
Bhoganahalli kere,06/25,0.08549389243,0.02325581387,-0.1335601807,-0.2058823556,1
Devarabisanahalli kere,06/25,,,,,1
Doddakanneli Gramadakere,06/25,0.1498951499,-0.06304628317,-0.2264288642,-0.2453575225,1
Lakedew Appartment lake,06/25,,,,,1
Kaikondanahalli kere,06/25,,,,,1
Kasavanahalli kere,06/25,0.09201071751,-0.1301930041,0.1550172935,0.06357536609,1
Mestripalya lake,06/25,0.2129511461,-0.07609443308,-0.5124348808,-0.5602110611,1
Tavarekere lake,06/25,0.1890926483,-0.06606877624,-0.4501713576,-0.5102092288,1
Byrasandra Kere,06/25,0.1598807726,-0.042086795,-0.2109031609,-0.3206136942,1
J P Park Kere,06/25,0.3489818673,-0.1066709765,-0.5922287211,-0.7677362098,1
Agara kere,06/25,,,,,1
Ibbalur Govt. Lake,06/25,0.2267795336,-0.06566061484,-0.5137602283,-0.596715913,1
sarraki kere,06/25,0.1030761134,-0.04898686677,0.1250831321,0.0139183801,1
Puttenahalli Kere,06/25,0.1163793132,-0.006060605869,-0.3589083552,-0.4393236935,1
Madivala Kere,06/25,,,,,1
Somasundrapalya lake,06/25,,,,,1
singasandra,06/25,,,,,1
Kodagi Singasandra kere,06/25,0.2126739551,-0.0692552932,-0.4949090251,-0.5872093936,1
doddakodlu,06/25,0.08310950433,-0.04015147336,0.0353764144,0.04159863921,1
Karabu Kere/Konappana agrahara lake,06/25,,,,,1
Parapana Agahara Lake,06/25,0.1283426401,-0.03060623199,-0.3558754377,-0.4023230298,1
Kudlu Chikere,06/25,,,,,1
Kelaginakere,06/25,,,,,1
Melinakere,06/25,,,,,1
Basavanapura Kere,06/25,0.2650048077,-0.05982822167,-0.3967032914,-0.5809048152,1
Swarna Kunte Gudde Lake,06/25,,,,,1
Chikkabegur kere,06/25,0.2952751992,-0.1346558455,-0.638908411,-0.724581076,1
Elenahalli Lake,06/25,0.1367153537,-0.02779889285,-0.2409362988,-0.3014426983,1
Kalena Agrahara Govt. Lake,06/25,0.2270242645,-0.0305636638,-0.4443485737,-0.6254782587,1
Infrastructure Corridor,06/25,0.1954329183,-0.08293996528,-0.2778590472,-0.3403787458,1
Beratena Agrahara Lake,06/25,,,,,1
Mylasandra Dodda Agrahara kere,06/25,0.1729719773,-0.08386645233,-0.303410567,-0.3315615153,1
Arekere Govt. lake,06/25,0.1835935295,-0.02957137833,-0.2658051092,-0.4500128989,1
Hulimavu Kere,06/25,0.2346270957,-0.08981977983,-0.3538807001,-0.5190822114,1
Akashaya nagar Kere,06/25,0.4193808271,-0.1644124287,-0.7228001196,-0.8561561772,1
Gottigere Kere,06/25,0.299757367,-0.1835370636,0.1484076378,-0.2730677867,1
Kothanaru Kere,06/25,0.3211088661,-0.1844246619,-0.1141360277,-0.6701772544,1
RBI layout kere,06/25,0.3409986561,-0.04065652146,-0.5793256154,-0.7584140463,1
Chunchanaghatta Kere,06/25,0.278020044,-0.1297344982,-0.3511956211,-0.5611792642,1
Alahalli Kere,06/25,0.3938879559,-0.1541889845,-0.1873758047,-0.558097164,1
Kembathahali kere,06/25,0.306259952,-0.1202281338,-0.4874810061,-0.6966152627,1
Doddakallasandra  kere,06/25,0.4084652367,-0.1700588829,-0.6637907684,-0.8380322182,1
Konanakunte  kere,06/25,0.3004058904,-0.06864317804,-0.6013958248,-0.7601116033,1
Thalagattapura lake,06/25,0.3017231931,0.09720714358,-0.383559401,-0.610747788,1
Vajarahalli Govt.Katte,06/25,0.2817806633,-0.1487120091,-0.3532543572,-0.5249996209,1
Harohalli kere,06/25,0.09855660317,3.68E-04,-0.2099255774,-0.2542202751,1
Puttenahalli Lake,06/25,0.1860645061,-0.03968982716,-0.4512648156,-0.5281775246,1
Chellakere kere,06/25,0.4098025814,-0.07158779054,-0.6325214344,-0.8800693128,1
Horamavu Agara,06/25,0.4267575314,-0.1343132523,-0.2221147734,-0.5572797362,1
Horamavu kere,06/25,0.2383814679,-0.1190718406,-0.2088830031,-0.5763916525,1
Kalkere Kere,06/25,0.2032401305,-0.01879163181,-0.3211742681,-0.4906314338,1
Nagareshvara Nagenahalli Kere,06/25,0.1183168863,-0.02908227605,0.134451256,-0.1389743946,1
Rampura Kere,06/25,0.3764073506,-0.1666974927,-0.2701483638,-0.5326420834,1
Atturu kere,06/25,0.146410692,0.03801934467,-0.2860215291,-0.4446648753,1
Veerasagara kere,06/25,0.3946189003,-0.07323422217,-0.2569781996,-0.6782941661,1
Dodda bettahalli,06/25,0.08184996263,0.01121784371,-0.2506466865,-0.3185039519,1
Dasarahalli kere,06/25,0.4207864117,-0.05840578816,-0.3388909025,-0.7773676252,1
Doddabidarakallu lake,06/25,0.191487494,0.02749006134,-0.3677308937,-0.6033074419,1
Allasandra Lake,06/25,0.3408449903,-0.1820495385,-0.1546714146,-0.3985346417,1
Andhrahalli Lake,06/25,0.2929532989,-0.1242317936,-0.2867529048,-0.6471130128,1
Handrahalli kere,06/25,0.4717834984,-0.1751645938,-0.7016840275,-0.9202433558,1
Narasappanahalli kere,06/25,0.1721426911,0.06699265292,-0.4111210471,-0.6059212567,1
Valagere,06/25,0.3923297563,-0.06024150768,-0.321269039,-0.8047427643,1
Shivapura New tank,06/25,0.2935485947,-0.05821135098,-0.3661607793,-0.7421857414,1
Agrahara Lake,06/25,0.3202449896,0.04406429727,-0.3884183014,-0.6181204858,1
Chokkanahalli lake,06/25,0.2210124362,0.06169682459,-0.4122375298,-0.5829400621,1
Jakkuru lake,06/25,0.4361111658,-0.1781012831,-0.1758180914,-0.4774639323,1
palanahalli,06/25,0.461698774,-0.1466058318,-0.5140492339,-0.6908999069,1
Kattigenahalli lake,06/25,0.4733870688,-0.1623100027,-0.4591368309,-0.7042469932,1
Kogilu kere,06/25,0.3117765397,-0.03047889036,-0.3117088812,-0.5624719369,1
Venkateshapura lake,06/25,0.1414842545,0.04060030654,-0.2646865775,-0.450780855,1
Bellihalli kere,06/25,0.3711375635,0.07811238315,-0.6748548835,-0.8416345837,1
B. Channasandra lake,06/25,0.329485674,-0.1463951342,-0.3181340505,-0.5706855015,1
Byappanahalli kere,06/25,0.3439416403,-0.1434366023,-0.6121554937,-0.7545311464,1
Kowdenahalli Kere,06/25,0.4448377143,-0.2095899646,-0.412889315,-0.7188407493,1
Krishnarajapuram kere,06/25,0.3412341645,-0.09690683309,-0.3538975786,-0.5696503169,1
Basavanapura kere,06/25,0.06762652844,0.028640192,-0.2557624876,-0.3647294641,1
Shegehalli kere,06/25,,,,,1
Mangamanapalya Kere,06/25,,,,,1
Hoodi kere-2,06/25,0.1700961314,-0.06361355805,-0.2209617783,-0.3888409451,1
Jimkenahalli Kere,06/25,0.1946730284,-0.08594437457,-0.1081719343,-0.4199206326,1
Kodigehalli lake,06/25,,,,,1
Gangashetti kere/ Devasandra kere,06/25,0.2073064384,-0.09684838145,-0.2201292845,-0.4112064129,1
Vijinapura kere2,06/25,0.3173863356,-0.1002109823,-0.3166689295,-0.5811778004,1
B.Narayanapura kere,06/25,,,,,1
Melinakere,06/25,0.3986437521,-0.2094786833,-0.6702444219,-0.7909830311,1
Kelaginakere,06/25,,,,,1
Rachenahalli kere,06/25,0.5351515541,-0.2501426875,-0.2502374969,-0.5822794504,1
Amruthahalli Lake,06/25,0.3110206188,0.008895023074,-0.5403849823,-0.8412369242,1
Nagawara Lake,06/25,0.4339603628,-0.239272285,-0.1954352326,-0.5812898497,1
Herohalli Lake,06/25,0.5660756383,-0.2299110677,-0.3358337285,-0.6701793935,1
Hebbal  kere,06/25,0.4012728942,-0.1514646978,-0.2267589546,-0.5156354296,1
Mahadevapura kere,06/25,0.114996084,-0.03897443466,0.3107812184,0.3429041769,1
Vibhutipura kere,06/25,0.2248635997,-0.06243969888,-0.426434165,-0.5497907491,1
Rajapalya Hoodikere,06/25,,,,,1
Achanakere,06/25,,,,,1
"Yekkalagatta kere,Mahadevepura Kere",06/25,,,,,1
Pattaduru Agrahara kere-2,06/25,,,,,1
Nallurahallikere,06/25,,,,,1
Thubarahalli lake,06/25,,,,,1
Sheelavantana kere,06/25,,,,,1
Doddanekundi Kunte,06/25,,,,,1
Chinnappanahalli  kere1,06/25,0.1063161806,-0.04164196626,-0.1733990279,-0.2119971209,1
Doddanekundi kere,06/25,0.1893755964,-0.09856161261,-0.1140869082,-0.2400139689,1
Kundalahalli kere,06/25,,,,,1
Acchanakere,06/25,0.0994804765,-0.04722669058,-0.08320724739,-0.104281358,1
Varthur lake,06/25,0.0578197869,0.002080542553,0.1064912739,0.138887847,1
Narasipura Lake-1,06/25,0.1073244064,0.009999027067,-0.2708355667,-0.360882175,1
Narasipura Lake-2,06/25,0.1932820698,-0.02477527796,-0.4486730129,-0.606529836,1
Ulsoor Lake,06/25,0.277265642,-0.1374058991,-0.5331198685,-0.6110491524,1
Gunduru Lake,07/25,,,,,0
Doddebele,07/25,,,,,0
Somapura,07/25,,,,,0
Mailasandra,07/25,,,,,0
Kengeri 1,07/25,,,,,0
Kengeri 2,07/25,,,,,0
Chenvinayanahalli,07/25,,,,,0
Annamma kere,07/25,,,,,0
Deevatigeramnahalli kere,07/25,,,,,0
Devarakere,07/25,,,,,0
Doraikere,07/25,,,,,0
Goudanakere,07/25,,,,,0
Gubbalal kere,07/25,,,,,0
Halagevaderahalli kere-2,07/25,,,,,0
Herohalli Thotadakere,07/25,,,,,0
Hosakerehalli Kere,07/25,,,,,0
Kempambudhi lake,07/25,,,,,0
Laggeri Lake,07/25,,,,,0
Mallathahalli Lake,07/25,,,,,0
Moge kere,07/25,,,,,0
Muppatu Kavalu Hosa Kere,07/25,,,,,0
Nayandanahalli kere,07/25,,,,,0
Sankey Tank,07/25,,,,,0
Subramhanyapura kere,07/25,,,,,0
Ullalu lake-2,07/25,,,,,0
Valagerehalli kere,07/25,,,,,0
Yediyur kere,07/25,,,,,0
Bhimmanakuppe Govt lake,07/25,,,,,0
Srigandhakavalu Karabu Katte,07/25,,,,,0
Janaradhan kere,07/25,,,,,0
Konashetty kere,07/25,,,,,0
Nagarabhavi (Un-named Lake on map),07/25,,,,,0
Sompura Govt.lake,07/25,,,,,0
Lakshmipura Lake,07/25,,,,,0
Amrutnagar Lake,07/25,,,,,0
Hoysalanagara Lake,07/25,,,,,0
Basavanagar Lake,07/25,,,,,0
Ajjegowdana katte,07/25,,,,,0
Kodigehalli kere,07/25,,,,,0
Kommaghatta Govt. Lake,07/25,,,,,0
Manganahalli Lake,07/25,,,,,0
Bhattarahalli kere,07/25,,,,,0
Thirumenahalli lake,07/25,,,,,0
Avalahali kere,07/25,,,,,0
Begur Lake,07/25,,,,,0
meenakshi lake,07/25,,,,,0
Kannuru kere,07/25,,,,,0
Kannuru kere,07/25,,,,,0
Doddagubbi kere,07/25,,,,,0
Suggata kere,07/25,,,,,0
Yelahanka Lake,07/25,,,,,0
Dodda Bommasandra Lake,07/25,,,,,0
Singapura lake,07/25,,,,,0
Chellaghatta kere,07/25,,,,,0
Bellandur Amanikere,07/25,,,,,0
Abbigere Kere,07/25,,,,,0
Kammagondanahalli lake,07/25,,,,,0
Mallasandra Lake-2,07/25,,,,,0
Chikkabanavara kere,07/25,,,,,0
Mallasandra Gudde lake,07/25,,,,,0
Bagalagunte Govt.Lake,07/25,,,,,0
Lalbagh kere,07/25,,,,,0
Chikkabellanduru kere,07/25,,,,,0
Carmelarm,07/25,,,,,0
Gunjuruplaya kere,07/25,,,,,0
Govt. Dinnekere,07/25,,,,,0
Panattur Govt.kere,07/25,,,,,0
Gramadakere,07/25,,,,,0
Ambalipura Kelagina kere,07/25,,,,,0
Melinakere,07/25,,,,,0
Sowl kere,07/25,,,,,0
Bhoganahalli kere,07/25,,,,,0
Devarabisanahalli kere,07/25,,,,,0
Doddakanneli Gramadakere,07/25,,,,,0
Lakedew Appartment lake,07/25,,,,,0
Kaikondanahalli kere,07/25,,,,,0
Kasavanahalli kere,07/25,,,,,0
Mestripalya lake,07/25,,,,,0
Tavarekere lake,07/25,,,,,0
Byrasandra Kere,07/25,,,,,0
J P Park Kere,07/25,,,,,0
Agara kere,07/25,,,,,0
Ibbalur Govt. Lake,07/25,,,,,0
sarraki kere,07/25,,,,,0
Puttenahalli Kere,07/25,,,,,0
Madivala Kere,07/25,,,,,0
Somasundrapalya lake,07/25,,,,,0
singasandra,07/25,,,,,0
Kodagi Singasandra kere,07/25,,,,,0
doddakodlu,07/25,,,,,0
Karabu Kere/Konappana agrahara lake,07/25,,,,,0
Parapana Agahara Lake,07/25,,,,,0
Kudlu Chikere,07/25,,,,,0
Kelaginakere,07/25,,,,,0
Melinakere,07/25,,,,,0
Basavanapura Kere,07/25,,,,,0
Swarna Kunte Gudde Lake,07/25,,,,,0
Chikkabegur kere,07/25,,,,,0
Elenahalli Lake,07/25,,,,,0
Kalena Agrahara Govt. Lake,07/25,,,,,0
Infrastructure Corridor,07/25,,,,,0
Beratena Agrahara Lake,07/25,,,,,0
Mylasandra Dodda Agrahara kere,07/25,,,,,0
Arekere Govt. lake,07/25,,,,,0
Hulimavu Kere,07/25,,,,,0
Akashaya nagar Kere,07/25,,,,,0
Gottigere Kere,07/25,,,,,0
Kothanaru Kere,07/25,,,,,0
RBI layout kere,07/25,,,,,0
Chunchanaghatta Kere,07/25,,,,,0
Alahalli Kere,07/25,,,,,0
Kembathahali kere,07/25,,,,,0
Doddakallasandra  kere,07/25,,,,,0
Konanakunte  kere,07/25,,,,,0
Thalagattapura lake,07/25,,,,,0
Vajarahalli Govt.Katte,07/25,,,,,0
Harohalli kere,07/25,,,,,0
Puttenahalli Lake,07/25,,,,,0
Chellakere kere,07/25,,,,,0
Horamavu Agara,07/25,,,,,0
Horamavu kere,07/25,,,,,0
Kalkere Kere,07/25,,,,,0
Nagareshvara Nagenahalli Kere,07/25,,,,,0
Rampura Kere,07/25,,,,,0
Atturu kere,07/25,,,,,0
Veerasagara kere,07/25,,,,,0
Dodda bettahalli,07/25,,,,,0
Dasarahalli kere,07/25,,,,,0
Doddabidarakallu lake,07/25,,,,,0
Allasandra Lake,07/25,,,,,0
Andhrahalli Lake,07/25,,,,,0
Handrahalli kere,07/25,,,,,0
Narasappanahalli kere,07/25,,,,,0
Valagere,07/25,,,,,0
Shivapura New tank,07/25,,,,,0
Agrahara Lake,07/25,,,,,0
Chokkanahalli lake,07/25,,,,,0
Jakkuru lake,07/25,,,,,0
palanahalli,07/25,,,,,0
Kattigenahalli lake,07/25,,,,,0
Kogilu kere,07/25,,,,,0
Venkateshapura lake,07/25,,,,,0
Bellihalli kere,07/25,,,,,0
B. Channasandra lake,07/25,,,,,0
Byappanahalli kere,07/25,,,,,0
Kowdenahalli Kere,07/25,,,,,0
Krishnarajapuram kere,07/25,,,,,0
Basavanapura kere,07/25,,,,,0
Shegehalli kere,07/25,,,,,0
Mangamanapalya Kere,07/25,,,,,0
Hoodi kere-2,07/25,,,,,0
Jimkenahalli Kere,07/25,,,,,0
Kodigehalli lake,07/25,,,,,0
Gangashetti kere/ Devasandra kere,07/25,,,,,0
Vijinapura kere2,07/25,,,,,0
B.Narayanapura kere,07/25,,,,,0
Melinakere,07/25,,,,,0
Kelaginakere,07/25,,,,,0
Rachenahalli kere,07/25,,,,,0
Amruthahalli Lake,07/25,,,,,0
Nagawara Lake,07/25,,,,,0
Herohalli Lake,07/25,,,,,0
Hebbal  kere,07/25,,,,,0
Mahadevapura kere,07/25,,,,,0
Vibhutipura kere,07/25,,,,,0
Rajapalya Hoodikere,07/25,,,,,0
Achanakere,07/25,,,,,0
"Yekkalagatta kere,Mahadevepura Kere",07/25,,,,,0
Pattaduru Agrahara kere-2,07/25,,,,,0
Nallurahallikere,07/25,,,,,0
Thubarahalli lake,07/25,,,,,0
Sheelavantana kere,07/25,,,,,0
Doddanekundi Kunte,07/25,,,,,0
Chinnappanahalli  kere1,07/25,,,,,0
Doddanekundi kere,07/25,,,,,0
Kundalahalli kere,07/25,,,,,0
Acchanakere,07/25,,,,,0
Varthur lake,07/25,,,,,0
Narasipura Lake-1,07/25,,,,,0
Narasipura Lake-2,07/25,,,,,0
Ulsoor Lake,07/25,,,,,0
Gunduru Lake,08/25,,,,,0
Doddebele,08/25,,,,,0
Somapura,08/25,,,,,0
Mailasandra,08/25,,,,,0
Kengeri 1,08/25,,,,,0
Kengeri 2,08/25,,,,,0
Chenvinayanahalli,08/25,,,,,0
Annamma kere,08/25,,,,,0
Deevatigeramnahalli kere,08/25,,,,,0
Devarakere,08/25,,,,,0
Doraikere,08/25,,,,,0
Goudanakere,08/25,,,,,0
Gubbalal kere,08/25,,,,,0
Halagevaderahalli kere-2,08/25,,,,,0
Herohalli Thotadakere,08/25,,,,,0
Hosakerehalli Kere,08/25,,,,,0
Kempambudhi lake,08/25,,,,,0
Laggeri Lake,08/25,,,,,0
Mallathahalli Lake,08/25,,,,,0
Moge kere,08/25,,,,,0
Muppatu Kavalu Hosa Kere,08/25,,,,,0
Nayandanahalli kere,08/25,,,,,0
Sankey Tank,08/25,,,,,0
Subramhanyapura kere,08/25,,,,,0
Ullalu lake-2,08/25,,,,,0
Valagerehalli kere,08/25,,,,,0
Yediyur kere,08/25,,,,,0
Bhimmanakuppe Govt lake,08/25,,,,,0
Srigandhakavalu Karabu Katte,08/25,,,,,0
Janaradhan kere,08/25,,,,,0
Konashetty kere,08/25,,,,,0
Nagarabhavi (Un-named Lake on map),08/25,,,,,0
Sompura Govt.lake,08/25,,,,,0
Lakshmipura Lake,08/25,,,,,0
Amrutnagar Lake,08/25,,,,,0
Hoysalanagara Lake,08/25,,,,,0
Basavanagar Lake,08/25,,,,,0
Ajjegowdana katte,08/25,,,,,0
Kodigehalli kere,08/25,,,,,0
Kommaghatta Govt. Lake,08/25,,,,,0
Manganahalli Lake,08/25,,,,,0
Bhattarahalli kere,08/25,,,,,0
Thirumenahalli lake,08/25,,,,,0
Avalahali kere,08/25,,,,,0
Begur Lake,08/25,,,,,0
meenakshi lake,08/25,,,,,0
Kannuru kere,08/25,,,,,0
Kannuru kere,08/25,,,,,0
Doddagubbi kere,08/25,,,,,0
Suggata kere,08/25,,,,,0
Yelahanka Lake,08/25,,,,,0
Dodda Bommasandra Lake,08/25,,,,,0
Singapura lake,08/25,,,,,0
Chellaghatta kere,08/25,,,,,0
Bellandur Amanikere,08/25,,,,,0
Abbigere Kere,08/25,,,,,0
Kammagondanahalli lake,08/25,,,,,0
Mallasandra Lake-2,08/25,,,,,0
Chikkabanavara kere,08/25,,,,,0
Mallasandra Gudde lake,08/25,,,,,0
Bagalagunte Govt.Lake,08/25,,,,,0
Lalbagh kere,08/25,,,,,0
Chikkabellanduru kere,08/25,,,,,0
Carmelarm,08/25,,,,,0
Gunjuruplaya kere,08/25,,,,,0
Govt. Dinnekere,08/25,,,,,0
Panattur Govt.kere,08/25,,,,,0
Gramadakere,08/25,,,,,0
Ambalipura Kelagina kere,08/25,,,,,0
Melinakere,08/25,,,,,0
Sowl kere,08/25,,,,,0
Bhoganahalli kere,08/25,,,,,0
Devarabisanahalli kere,08/25,,,,,0
Doddakanneli Gramadakere,08/25,,,,,0
Lakedew Appartment lake,08/25,,,,,0
Kaikondanahalli kere,08/25,,,,,0
Kasavanahalli kere,08/25,,,,,0
Mestripalya lake,08/25,,,,,0
Tavarekere lake,08/25,,,,,0
Byrasandra Kere,08/25,,,,,0
J P Park Kere,08/25,,,,,0
Agara kere,08/25,,,,,0
Ibbalur Govt. Lake,08/25,,,,,0
sarraki kere,08/25,,,,,0
Puttenahalli Kere,08/25,,,,,0
Madivala Kere,08/25,,,,,0
Somasundrapalya lake,08/25,,,,,0
singasandra,08/25,,,,,0
Kodagi Singasandra kere,08/25,,,,,0
doddakodlu,08/25,,,,,0
Karabu Kere/Konappana agrahara lake,08/25,,,,,0
Parapana Agahara Lake,08/25,,,,,0
Kudlu Chikere,08/25,,,,,0
Kelaginakere,08/25,,,,,0
Melinakere,08/25,,,,,0
Basavanapura Kere,08/25,,,,,0
Swarna Kunte Gudde Lake,08/25,,,,,0
Chikkabegur kere,08/25,,,,,0
Elenahalli Lake,08/25,,,,,0
Kalena Agrahara Govt. Lake,08/25,,,,,0
Infrastructure Corridor,08/25,,,,,0
Beratena Agrahara Lake,08/25,,,,,0
Mylasandra Dodda Agrahara kere,08/25,,,,,0
Arekere Govt. lake,08/25,,,,,0
Hulimavu Kere,08/25,,,,,0
Akashaya nagar Kere,08/25,,,,,0
Gottigere Kere,08/25,,,,,0
Kothanaru Kere,08/25,,,,,0
RBI layout kere,08/25,,,,,0
Chunchanaghatta Kere,08/25,,,,,0
Alahalli Kere,08/25,,,,,0
Kembathahali kere,08/25,,,,,0
Doddakallasandra  kere,08/25,,,,,0
Konanakunte  kere,08/25,,,,,0
Thalagattapura lake,08/25,,,,,0
Vajarahalli Govt.Katte,08/25,,,,,0
Harohalli kere,08/25,,,,,0
Puttenahalli Lake,08/25,,,,,0
Chellakere kere,08/25,,,,,0
Horamavu Agara,08/25,,,,,0
Horamavu kere,08/25,,,,,0
Kalkere Kere,08/25,,,,,0
Nagareshvara Nagenahalli Kere,08/25,,,,,0
Rampura Kere,08/25,,,,,0
Atturu kere,08/25,,,,,0
Veerasagara kere,08/25,,,,,0
Dodda bettahalli,08/25,,,,,0
Dasarahalli kere,08/25,,,,,0
Doddabidarakallu lake,08/25,,,,,0
Allasandra Lake,08/25,,,,,0
Andhrahalli Lake,08/25,,,,,0
Handrahalli kere,08/25,,,,,0
Narasappanahalli kere,08/25,,,,,0
Valagere,08/25,,,,,0
Shivapura New tank,08/25,,,,,0
Agrahara Lake,08/25,,,,,0
Chokkanahalli lake,08/25,,,,,0
Jakkuru lake,08/25,,,,,0
palanahalli,08/25,,,,,0
Kattigenahalli lake,08/25,,,,,0
Kogilu kere,08/25,,,,,0
Venkateshapura lake,08/25,,,,,0
Bellihalli kere,08/25,,,,,0
B. Channasandra lake,08/25,,,,,0
Byappanahalli kere,08/25,,,,,0
Kowdenahalli Kere,08/25,,,,,0
Krishnarajapuram kere,08/25,,,,,0
Basavanapura kere,08/25,,,,,0
Shegehalli kere,08/25,,,,,0
Mangamanapalya Kere,08/25,,,,,0
Hoodi kere-2,08/25,,,,,0
Jimkenahalli Kere,08/25,,,,,0
Kodigehalli lake,08/25,,,,,0
Gangashetti kere/ Devasandra kere,08/25,,,,,0
Vijinapura kere2,08/25,,,,,0
B.Narayanapura kere,08/25,,,,,0
Melinakere,08/25,,,,,0
Kelaginakere,08/25,,,,,0
Rachenahalli kere,08/25,,,,,0
Amruthahalli Lake,08/25,,,,,0
Nagawara Lake,08/25,,,,,0
Herohalli Lake,08/25,,,,,0
Hebbal  kere,08/25,,,,,0
Mahadevapura kere,08/25,,,,,0
Vibhutipura kere,08/25,,,,,0
Rajapalya Hoodikere,08/25,,,,,0
Achanakere,08/25,,,,,0
"Yekkalagatta kere,Mahadevepura Kere",08/25,,,,,0
Pattaduru Agrahara kere-2,08/25,,,,,0
Nallurahallikere,08/25,,,,,0
Thubarahalli lake,08/25,,,,,0
Sheelavantana kere,08/25,,,,,0
Doddanekundi Kunte,08/25,,,,,0
Chinnappanahalli  kere1,08/25,,,,,0
Doddanekundi kere,08/25,,,,,0
Kundalahalli kere,08/25,,,,,0
Acchanakere,08/25,,,,,0
Varthur lake,08/25,,,,,0
Narasipura Lake-1,08/25,,,,,0
Narasipura Lake-2,08/25,,,,,0
Ulsoor Lake,08/25,,,,,0
Gunduru Lake,09/25,0.1111191261,-0.06496115798,-0.1384980782,-0.1337011299,2
Doddebele,09/25,0.2787006038,-0.152059063,-0.1392848997,-0.2395960706,2
Somapura,09/25,0.4372402775,-0.2745118299,-0.577862379,-0.7471467164,2
Mailasandra,09/25,0.2926760634,-0.1852064292,-0.3604241775,-0.5136140791,2
Kengeri 1,09/25,0.2692455158,-0.115889176,-0.505535704,-0.5960637806,2
Kengeri 2,09/25,0.4242570823,-0.2486921357,-0.4655958897,-0.6301970526,2
Chenvinayanahalli,09/25,0.2793265497,-0.1508408072,-0.4546572237,-0.5607467042,2
Annamma kere,09/25,,,,,2
Deevatigeramnahalli kere,09/25,0.1891348067,-0.1163891251,-0.1589095264,-0.3669758299,2
Devarakere,09/25,0.06339023297,-0.02447088641,-0.1229079898,-0.09882766144,2
Doraikere,09/25,0.4118564478,-0.1794893546,-0.2869476678,-0.4675666852,2
Goudanakere,09/25,0.3270963158,-0.1259785749,-0.1524609417,-0.3709525762,2
Gubbalal kere,09/25,0.265829704,-0.1356275302,-0.3674927955,-0.5386142906,2
Halagevaderahalli kere-2,09/25,0.1876176201,-0.1064724649,-0.2853931294,-0.4123515051,2
Herohalli Thotadakere,09/25,0.258645019,-0.1317908877,-0.3458812029,-0.4370400156,2
Hosakerehalli Kere,09/25,0.411836457,-0.2002395592,-0.667475934,-0.7875429218,2
Kempambudhi lake,09/25,0.3963037416,-0.1798685866,-0.3689540887,-0.5406223651,2
Laggeri Lake,09/25,0.3864874568,-0.195050736,-0.634161894,-0.7693004182,2
Mallathahalli Lake,09/25,0.1033556736,-0.08888190079,0.001803712918,-0.03430472165,2
Moge kere,09/25,0.2923244813,-0.100847644,-0.5540512264,-0.6712423706,2
Muppatu Kavalu Hosa Kere,09/25,0.2858520665,-0.1705239935,0.047105414,-0.03365973551,2
Nayandanahalli kere,09/25,,,,,2
Sankey Tank,09/25,0.09374162617,-0.1355710145,0.1109165308,-0.02921030939,2
Subramhanyapura kere,09/25,0.3384122311,-0.1446064824,-0.4665831154,-0.5384186916,2
Ullalu lake-2,09/25,0.2892595302,-0.1295510392,-0.3094340741,-0.4693166318,2
Valagerehalli kere,09/25,0.2849559917,-0.09944948375,-0.4806351557,-0.641203966,2
Yediyur kere,09/25,,,,,2
Bhimmanakuppe Govt lake,09/25,0.1928275122,-0.1292177006,-0.2554155796,-0.3139578233,2
Srigandhakavalu Karabu Katte,09/25,0.08863623488,0.104869729,-0.230331344,-0.3328881174,2
Janaradhan kere,09/25,0.2836905181,-0.1079894151,-0.5413709434,-0.6381762584,2
Konashetty kere,09/25,0.2869084142,-0.0597677721,-0.5220741477,-0.6673235933,2
Nagarabhavi (Un-named Lake on map),09/25,0.226755326,-0.03223011811,-0.5134941622,-0.6443647387,2
Sompura Govt.lake,09/25,0.2726902052,-0.1192903127,-0.4788135377,-0.575213253,2
Lakshmipura Lake,09/25,,,,,2
Amrutnagar Lake,09/25,0.2364896524,-0.110162949,-0.1476901719,-0.258948443,2
Hoysalanagara Lake,09/25,0.252461096,-0.167310645,-0.3582056968,-0.5579383206,2
Basavanagar Lake,09/25,0.1633182168,-0.02234002203,-0.4421487749,-0.5381225348,2
Ajjegowdana katte,09/25,,,,,2
Kodigehalli kere,09/25,0.1708597436,-0.0307089647,-0.2999105151,-0.4163998368,2
Kommaghatta Govt. Lake,09/25,0.1917512412,-0.1436994659,-0.07286147748,-0.1167788222,2
Manganahalli Lake,09/25,0.2058269905,-0.09731421053,-0.1947861707,-0.2620624344,2
Bhattarahalli kere,09/25,,,,,2
Thirumenahalli lake,09/25,0.1399652495,-0.09928736221,-0.04878013052,-0.005482858971,2
Avalahali kere,09/25,0.1664770193,-0.1462039668,-0.07100873442,-0.07277289441,2
Begur Lake,09/25,0.3198361219,-0.1692721942,-0.2184821791,-0.3474311439,2
meenakshi lake,09/25,0.1430040639,-0.009885570779,-0.1425132905,-0.3138724712,2
Kannuru kere,09/25,,,,,2
Kannuru kere,09/25,,,,,2
Doddagubbi kere,09/25,0.05306704252,-0.1003722634,0.2841673242,0.375361214,2
Suggata kere,09/25,0.2896838553,-0.07586157846,-0.4523639309,-0.5390934125,2
Yelahanka Lake,09/25,0.2752044064,-0.2429195267,0.2663508978,0.2168579864,2
Dodda Bommasandra Lake,09/25,0.2969034895,-0.1365475309,-0.5603371736,-0.6572928705,2
Singapura lake,09/25,0.1723771185,-0.08955417076,-0.1331387627,-0.266803871,2
Chellaghatta kere,09/25,0.2949174958,-0.1161390388,-0.5228432238,-0.6487894953,2
Bellandur Amanikere,09/25,0.2493174555,-0.1305185697,-0.4247024647,-0.4577208596,2
Abbigere Kere,09/25,0.2116878725,-0.1544667071,0.03996409139,-0.03781944866,2
Kammagondanahalli lake,09/25,0.273765883,-0.1443906075,-0.3112763839,-0.4204216179,2
Mallasandra Lake-2,09/25,0.4426388922,-0.2322173186,-0.6973975939,-0.7963079149,2
Chikkabanavara kere,09/25,0.07918231051,-0.1413958644,0.2846064124,0.2456434684,2
Mallasandra Gudde lake,09/25,0.3867729121,-0.1907831752,-0.6853819936,-0.7729853279,2
Bagalagunte Govt.Lake,09/25,0.2248502072,-0.05640748285,-0.4460752461,-0.5772478485,2
Lalbagh kere,09/25,0.3331193427,-0.252398924,-0.04405060814,-0.261688519,2
Chikkabellanduru kere,09/25,0.3435085826,-0.1475191373,-0.5393103432,-0.6193581338,2
Carmelarm,09/25,0.1467228447,-0.01388878594,-0.2095521049,-0.3466885188,2
Gunjuruplaya kere,09/25,0.2961080239,-0.1093075467,-0.4530295872,-0.5562041398,2
Govt. Dinnekere,09/25,,,,,2
Panattur Govt.kere,09/25,0.1118051385,-0.1186551424,0.007517226797,-0.04733675859,2
Gramadakere,09/25,0.1902681677,0.04652784802,-0.3726918663,-0.5424550646,2
Ambalipura Kelagina kere,09/25,,,,,2
Melinakere,09/25,0.306288414,-0.0961277365,-0.5674682177,-0.6831938082,2
Sowl kere,09/25,0.3202730975,-0.125672786,-0.2439866929,-0.3971334916,2
Bhoganahalli kere,09/25,0.09527506307,0.07443112426,-0.2920012419,-0.411446619,2
Devarabisanahalli kere,09/25,0.2421340644,-0.1302982718,-0.5059469342,-0.5361642838,2
Doddakanneli Gramadakere,09/25,0.2423753097,-0.09067146828,-0.4210521426,-0.4809839773,2
Lakedew Appartment lake,09/25,0.3507511869,-0.1328405691,-0.43416814,-0.6113927688,2
Kaikondanahalli kere,09/25,0.3450151714,-0.1474566973,-0.3537152294,-0.4949607012,2
Kasavanahalli kere,09/25,0.2896394157,-0.1440807066,-0.4908638337,-0.6458447709,2
Mestripalya lake,09/25,0.2522691897,-0.09007619953,-0.4929651363,-0.5580617729,2
Tavarekere lake,09/25,0.2557432822,-0.07169798991,-0.5298492294,-0.6194464636,2
Byrasandra Kere,09/25,0.1465437088,-0.04877511453,-0.4006007022,-0.4894622649,2
J P Park Kere,09/25,0.2972184935,-0.09936376547,-0.5304511768,-0.6377458082,2
Agara kere,09/25,0.2520352077,-0.2133953996,0.05791378818,-0.1404107107,2
Ibbalur Govt. Lake,09/25,0.2339085163,-0.1151164773,-0.5047122654,-0.498082566,2
sarraki kere,09/25,0.03334873025,-0.1711867617,0.5259327226,0.3728029066,2
Puttenahalli Kere,09/25,0.1249837381,-0.05881885093,-0.3138123844,-0.3046045908,2
Madivala Kere,09/25,0.28435278,-0.1292718922,-0.4406843025,-0.496797477,2
Somasundrapalya lake,09/25,,,,,2
singasandra,09/25,,,,,2
Kodagi Singasandra kere,09/25,0.1084933967,-0.02327622786,-0.2578797478,-0.2999597502,2
doddakodlu,09/25,0.2233328814,-0.1292070459,-0.1353932035,-0.2423094788,2
Karabu Kere/Konappana agrahara lake,09/25,0.264961764,-0.0756316479,-0.3810548524,-0.4625015553,2
Parapana Agahara Lake,09/25,0.410543689,-0.1261478651,-0.7151852983,-0.8419879937,2
Kudlu Chikere,09/25,0.06330047963,-0.006621737195,-0.133777989,-0.1461451039,2
Kelaginakere,09/25,0.250487911,-0.1244519081,-0.3016568986,-0.3708287535,2
Melinakere,09/25,0.3705302943,-0.1928993982,-0.5199782719,-0.6335777027,2
Basavanapura Kere,09/25,0.3016131533,-0.1150343749,-0.2836142691,-0.433864806,2
Swarna Kunte Gudde Lake,09/25,0.2520254607,-0.1183205857,-0.2932611386,-0.4529636147,2
Chikkabegur kere,09/25,0.2007874324,-0.09452136175,-0.4032099456,-0.4108910152,2
Elenahalli Lake,09/25,,,,,2
Kalena Agrahara Govt. Lake,09/25,0.1169915921,0.002454917871,-0.1803435721,-0.2897344021,2
Infrastructure Corridor,09/25,0.3482615801,-0.1199287019,-0.4439207983,-0.562487271,2
Beratena Agrahara Lake,09/25,0.2236827612,-0.04324785737,-0.3996708724,-0.4884020156,2
Mylasandra Dodda Agrahara kere,09/25,0.1143733267,-0.0899383371,-0.02591617167,0.01062916216,2
Arekere Govt. lake,09/25,0.211669888,-0.07732879706,-0.05243664824,-0.1953501941,2
Hulimavu Kere,09/25,0.36522233,-0.2126477879,-0.4763424425,-0.5910869948,2
Akashaya nagar Kere,09/25,0.391908006,-0.2034928732,-0.4080957813,-0.6083783051,2
Gottigere Kere,09/25,0.1280504659,-0.07828332148,-0.08113924611,-0.1223399901,2
Kothanaru Kere,09/25,0.1748358349,-0.02766220283,-0.3492674779,-0.4469093648,2
RBI layout kere,09/25,,,,,2
Chunchanaghatta Kere,09/25,0.2555693372,-0.04921283981,-0.5455699434,-0.6791735897,2
Alahalli Kere,09/25,0.2164320882,-0.09412183177,-0.09794492444,-0.2260001705,2
Kembathahali kere,09/25,0.1942951542,-0.1288304382,-0.2078607635,-0.234550998,2
Doddakallasandra  kere,09/25,0.3893685291,-0.1924196289,-0.6194830322,-0.748424534,2
Konanakunte  kere,09/25,0.2006783354,-0.05776032638,-0.4132324791,-0.5144177947,2
Thalagattapura lake,09/25,0.1378760087,-0.1478442161,0.03722044236,0.004038029216,2
Vajarahalli Govt.Katte,09/25,,,,,2
Harohalli kere,09/25,0.2203862379,-0.1347804355,-0.04171377952,-0.1044028635,2
Puttenahalli Lake,09/25,0.418170009,-0.1873169359,-0.6426208653,-0.7155672618,2
Chellakere kere,09/25,0.2649343428,-0.08860492119,-0.6064652882,-0.6907652808,2
Horamavu Agara,09/25,0.1741588684,-0.1289487949,0.1870044933,0.1984459239,2
Horamavu kere,09/25,0.1503512684,0.03006606575,-0.3548080678,-0.4829367296,2
Kalkere Kere,09/25,,,,,2
Nagareshvara Nagenahalli Kere,09/25,0.1177362625,-0.009022329458,-0.1191544319,-0.1817454564,2
Rampura Kere,09/25,0.1843612189,-0.1193740714,-0.1495831313,-0.1375842856,2
Atturu kere,09/25,0.1927083618,-0.08950263029,-0.1956730988,-0.2778164342,2
Veerasagara kere,09/25,0.2057387085,-0.1743088152,0.2117430203,0.204388095,2
Dodda bettahalli,09/25,,,,,2
Dasarahalli kere,09/25,,,,,2
Doddabidarakallu lake,09/25,0.1725979303,-0.07878117337,-0.2374615825,-0.3351304494,2
Allasandra Lake,09/25,0.3326591151,-0.1956771332,-0.02529286424,-0.1208551673,2
Andhrahalli Lake,09/25,0.2399610876,-0.204655933,-0.08371004019,-0.275587453,2
Handrahalli kere,09/25,0.298389362,-0.1356668604,-0.5238700279,-0.6674767954,2
Narasappanahalli kere,09/25,0.2485685491,-0.057285303,-0.422202107,-0.5772930234,2
Valagere,09/25,0.1407154184,-0.03876407472,-0.02207797259,-0.06443101896,2
Shivapura New tank,09/25,0.2252539209,-0.08225768817,-0.2236312899,-0.3657605113,2
Agrahara Lake,09/25,,,,,2
Chokkanahalli lake,09/25,,,,,2
Jakkuru lake,09/25,0.07358771469,-0.1017549566,0.1439999123,0.2098308482,2
palanahalli,09/25,,,,,2
Kattigenahalli lake,09/25,,,,,2
Kogilu kere,09/25,0.03280500226,-0.08891034966,0.281051046,0.3537195791,2
Venkateshapura lake,09/25,0.1337630513,0.003679247959,-0.2594891157,-0.3111005289,2
Bellihalli kere,09/25,,,,,2
B. Channasandra lake,09/25,,,,,2
Byappanahalli kere,09/25,0.3384873108,-0.1410656039,-0.5793197501,-0.709115839,2
Kowdenahalli Kere,09/25,0.1357418922,-0.02658708257,-0.2530505272,-0.3132622244,2
Krishnarajapuram kere,09/25,,,,,2
Basavanapura kere,09/25,0.0951731652,0.02375809848,-0.2350096703,-0.2941474617,2
Shegehalli kere,09/25,0.1584430063,-0.130837116,-0.02584207334,-0.03833110187,2
Mangamanapalya Kere,09/25,,,,,2
Hoodi kere-2,09/25,,,,,2
Jimkenahalli Kere,09/25,,,,,2
Kodigehalli lake,09/25,0.05290811499,-0.1076422619,0.2217662984,0.2534066476,2
Gangashetti kere/ Devasandra kere,09/25,0.2558569717,-0.08371078256,-0.485847466,-0.5509139008,2
Vijinapura kere2,09/25,0.1611500775,-0.004769130011,-0.3031898428,-0.3943968466,2
B.Narayanapura kere,09/25,0.1825578857,-0.07878732041,-0.3525890355,-0.3908764997,2
Melinakere,09/25,0.3413633594,-0.1593368279,-0.6160975429,-0.7234755821,2
Kelaginakere,09/25,0.1145478687,-0.05955641806,-0.08082061784,-0.1028648897,2
Rachenahalli kere,09/25,0.2697405253,-0.163023491,0.05833490064,0.01883753581,2
Amruthahalli Lake,09/25,0.1062576281,-0.05931213356,-0.1029690187,-0.1135723759,2
Nagawara Lake,09/25,0.4255170309,-0.2253168635,-0.6285663887,-0.7298627656,2
Herohalli Lake,09/25,0.2407860403,-0.2172469734,0.137148439,0.0289457577,2
Hebbal  kere,09/25,0.1942193555,-0.1278617403,-0.03082053235,-0.05162475088,2
Mahadevapura kere,09/25,0.3097389091,-0.1368774594,-0.4810817226,-0.6152527675,2
Vibhutipura kere,09/25,0.1190294187,0.03690599097,-0.2853855116,-0.3820029482,2
Rajapalya Hoodikere,09/25,0.2229963338,-0.07402709366,-0.3889990951,-0.4986483149,2
Achanakere,09/25,0.1884505459,7.00E-04,-0.3233198666,-0.4498275287,2
"Yekkalagatta kere,Mahadevepura Kere",09/25,0.1289378852,-0.01497771329,-0.2319047492,-0.2789338019,2
Pattaduru Agrahara kere-2,09/25,0.369840394,-0.2028215402,-0.6724354377,-0.7743787906,2
Nallurahallikere,09/25,0.1190846741,-0.09939033322,0.01911679018,-0.03446636304,2
Thubarahalli lake,09/25,0.1012077187,-0.1204738152,0.2157677677,0.1888884032,2
Sheelavantana kere,09/25,0.2538099045,-0.1430218207,-0.3147329069,-0.3861627737,2
Doddanekundi Kunte,09/25,,,,,2
Chinnappanahalli  kere1,09/25,,,,,2
Doddanekundi kere,09/25,0.3402967684,-0.1558801166,-0.6615063879,-0.7576718795,2
Kundalahalli kere,09/25,0.2433987958,-0.1200920629,-0.2719266272,-0.3213890241,2
Acchanakere,09/25,0.138251707,-0.1409147084,0.2104918063,0.2408574969,2
Varthur lake,09/25,0.240592658,-0.1592880453,-0.1842352323,-0.2385093646,2
Narasipura Lake-1,09/25,,,,,2
Narasipura Lake-2,09/25,,,,,2
Ulsoor Lake,09/25,0.4205151264,-0.269395755,-0.1172493356,-0.3277496813,2
Gunduru Lake,10/25,0.1390830406,-0.0644214066,-0.2054635684,-0.2380571579,4
Doddebele,10/25,0.3083920564,-0.1603727995,-0.1363710926,-0.2580478432,4
Somapura,10/25,0.4086475726,-0.24131686,-0.5559908454,-0.7147417288,4
Mailasandra,10/25,0.2586000416,-0.1622061728,-0.3600828706,-0.4784451725,4
Kengeri 1,10/25,0.26538427,-0.1113641331,-0.5149596641,-0.6112334344,4
Kengeri 2,10/25,0.4242570823,-0.2486921357,-0.4655958897,-0.6301970526,4
Chenvinayanahalli,10/25,0.2793265497,-0.1508408072,-0.4546572237,-0.5607467042,4
Annamma kere,10/25,,,,,4
Deevatigeramnahalli kere,10/25,0.1891348067,-0.1163891251,-0.1589095264,-0.3669758299,4
Devarakere,10/25,0.06339023297,-0.02447088641,-0.1229079898,-0.09882766144,4
Doraikere,10/25,0.4118564478,-0.1794893546,-0.2869476678,-0.4675666852,4
Goudanakere,10/25,0.3270963158,-0.1259785749,-0.1524609417,-0.3709525762,4
Gubbalal kere,10/25,0.2621077498,-0.1330126899,-0.3654096872,-0.5343446104,4
Halagevaderahalli kere-2,10/25,0.1431396619,-0.100562356,-0.2429422088,-0.3040641867,4
Herohalli Thotadakere,10/25,0.258645019,-0.1317908877,-0.3458812029,-0.4370400156,4
Hosakerehalli Kere,10/25,0.3283089117,-0.1556218001,-0.5966669684,-0.6855164144,4
Kempambudhi lake,10/25,0.3963037416,-0.1798685866,-0.3689540887,-0.5406223651,4
Laggeri Lake,10/25,0.3748047338,-0.1917260478,-0.6218236142,-0.7494498993,4
Mallathahalli Lake,10/25,0.1228602089,-0.07183743495,-0.1224137912,-0.2022019437,4
Moge kere,10/25,0.2693786739,-0.1035625557,-0.5250525272,-0.6231744746,4
Muppatu Kavalu Hosa Kere,10/25,0.251410785,-0.1670836452,0.161615527,0.04978613585,4
Nayandanahalli kere,10/25,,,,,4
Sankey Tank,10/25,0.09408187028,-0.1348397696,0.110658901,-0.02937549898,4
Subramhanyapura kere,10/25,0.165048785,-0.104762557,-0.0338724659,-0.06729595351,4
Ullalu lake-2,10/25,0.2374621527,-0.09787866836,-0.3431461787,-0.4616376209,4
Valagerehalli kere,10/25,0.3055565205,-0.180676374,-0.06529674966,-0.1918265219,4
Yediyur kere,10/25,,,,,4
Bhimmanakuppe Govt lake,10/25,0.2061810826,-0.1215362752,-0.3084243523,-0.3973438438,4
Srigandhakavalu Karabu Katte,10/25,0.07749061622,0.06855005225,-0.2460090999,-0.3093937374,4
Janaradhan kere,10/25,0.2836905181,-0.1079894151,-0.5413709434,-0.6381762584,4
Konashetty kere,10/25,0.2869393402,-0.05973661988,-0.5222826466,-0.6675263191,4
Nagarabhavi (Un-named Lake on map),10/25,0.226755326,-0.03223011811,-0.5134941622,-0.6443647387,4
Sompura Govt.lake,10/25,0.2720242308,-0.1190124635,-0.4779634971,-0.5741186523,4
Lakshmipura Lake,10/25,,,,,4
Amrutnagar Lake,10/25,0.2364896524,-0.110162949,-0.1476901719,-0.258948443,4
Hoysalanagara Lake,10/25,0.252461096,-0.167310645,-0.3582056968,-0.5579383206,4
Basavanagar Lake,10/25,0.2111596986,-0.08180775754,-0.3565710376,-0.4751773624,4
Ajjegowdana katte,10/25,0.1363484209,-0.1182340209,-0.1695023377,-0.1759910832,4
Kodigehalli kere,10/25,0.1575495569,-0.0204263279,-0.2931658123,-0.3959228259,4
Kommaghatta Govt. Lake,10/25,0.1722525466,-0.1356240924,-0.1027530712,-0.1428895838,4
Manganahalli Lake,10/25,0.2538454766,-0.1603001347,-0.0410281943,-0.1210763568,4
Bhattarahalli kere,10/25,0.2085622251,-0.02956894484,-0.4132515732,-0.5491863728,4
Thirumenahalli lake,10/25,0.2242279724,-0.08830609808,-0.1749882496,-0.2728948159,4
Avalahali kere,10/25,0.2424433925,-0.1602178726,-0.2205872287,-0.2757745339,4
Begur Lake,10/25,0.2113242078,-0.1327559558,-0.1895905614,-0.2577420894,4
meenakshi lake,10/25,0.1430040639,-0.009885570779,-0.1425132905,-0.3138724712,4
Kannuru kere,10/25,0.2383288659,-0.07311882505,-0.1714469575,-0.2256158212,4
Kannuru kere,10/25,0.2383288659,-0.07311882505,-0.1714469575,-0.2256158212,4
Doddagubbi kere,10/25,0.2291913489,-0.1003201521,0.1420554641,0.0839434808,4
Suggata kere,10/25,0.234277458,-0.05721973041,-0.4519133109,-0.5482948302,4
Yelahanka Lake,10/25,0.3486341884,-0.2354498209,0.0204975183,-0.1344239334,4
Dodda Bommasandra Lake,10/25,0.2825759488,-0.134346069,-0.5643306568,-0.6499458518,4
Singapura lake,10/25,0.1637232751,-0.08451243381,-0.130310753,-0.258989638,4
Chellaghatta kere,10/25,0.2545963124,-0.1083232772,-0.495075125,-0.5911218959,4
Bellandur Amanikere,10/25,0.2763666658,-0.1327620837,-0.5148087515,-0.574584695,4
Abbigere Kere,10/25,0.1958112605,-0.1098531316,-0.1524686554,-0.2393823157,4
Kammagondanahalli lake,10/25,0.2748429458,-0.1235597106,-0.3989990283,-0.512974851,4
Mallasandra Lake-2,10/25,0.4426388922,-0.2322173186,-0.6973975939,-0.7963079149,4
Chikkabanavara kere,10/25,0.09641174075,-0.1205560124,0.1050296241,0.0257188526,4
Mallasandra Gudde lake,10/25,0.383944616,-0.1877576801,-0.6779484797,-0.7593057768,4
Bagalagunte Govt.Lake,10/25,0.1908512318,-0.05141361704,-0.4036359234,-0.4996752672,4
Lalbagh kere,10/25,0.3331193427,-0.252398924,-0.04405060814,-0.261688519,4
Chikkabellanduru kere,10/25,0.313489316,-0.1393379628,-0.5233847679,-0.5976855015,4
Carmelarm,10/25,0.1510071741,-0.01677811761,-0.2483648342,-0.3604725535,4
Gunjuruplaya kere,10/25,0.2694872654,-0.109205146,-0.3997624361,-0.4913042101,4
Govt. Dinnekere,10/25,,,,,4
Panattur Govt.kere,10/25,0.1175988347,-0.1158189737,-0.02918352675,-0.1084549198,4
Gramadakere,10/25,0.1607343728,0.05858227275,-0.3481400874,-0.5115850206,4
Ambalipura Kelagina kere,10/25,,,,,4
Melinakere,10/25,0.306288414,-0.0961277365,-0.5674682177,-0.6831938082,4
Sowl kere,10/25,0.2680673548,-0.1353835403,-0.1774888751,-0.2912520522,4
Bhoganahalli kere,10/25,0.0819290966,0.0606801247,-0.2744418872,-0.3726622403,4
Devarabisanahalli kere,10/25,0.148345936,-0.1441189657,-0.04809631204,-0.1393561567,4
Doddakanneli Gramadakere,10/25,0.2527656198,-0.09419475184,-0.4345019985,-0.5063036879,4
Lakedew Appartment lake,10/25,0.3031110959,-0.1352813694,-0.2845912011,-0.4279923659,4
Kaikondanahalli kere,10/25,0.3450151714,-0.1474566973,-0.3537152294,-0.4949607012,4
Kasavanahalli kere,10/25,0.2896394157,-0.1440807066,-0.4908638337,-0.6458447709,4
Mestripalya lake,10/25,0.2206940478,-0.07494148244,-0.4554924758,-0.509483318,4
Tavarekere lake,10/25,0.1972297729,-0.06790244406,-0.4452885423,-0.4780168754,4
Byrasandra Kere,10/25,0.1382224065,-0.119735451,-0.096592688,-0.146560849,4
J P Park Kere,10/25,0.2971975251,-0.09937661545,-0.5303819198,-0.6376414124,4
Agara kere,10/25,0.251122498,-0.2131075178,0.05847754543,-0.1393596776,4
Ibbalur Govt. Lake,10/25,0.2371432823,-0.1162946389,-0.5200952476,-0.5201873715,4
sarraki kere,10/25,0.03875108838,-0.1597146861,0.4832853317,0.3387023159,4
Puttenahalli Kere,10/25,0.1249837381,-0.05881885093,-0.3138123844,-0.3046045908,4
Madivala Kere,10/25,0.224804661,-0.1142141913,-0.3511211293,-0.38573594,4
Somasundrapalya lake,10/25,,,,,4
singasandra,10/25,0.1207421809,-0.1216651211,-0.02801866457,-0.03515425496,4
Kodagi Singasandra kere,10/25,0.141945905,-0.09208805501,-0.2678292337,-0.28172729,4
doddakodlu,10/25,0.190491494,-0.132267099,-0.1242109732,-0.2025839381,4
Karabu Kere/Konappana agrahara lake,10/25,0.143250129,-0.03173676012,-0.2092456869,-0.2640451952,4
Parapana Agahara Lake,10/25,0.2337924968,-0.1169647616,-0.4741674541,-0.5398934964,4
Kudlu Chikere,10/25,0.07622083762,-0.01856951866,-0.1669297423,-0.1806909417,4
Kelaginakere,10/25,0.2389701452,-0.1074779834,-0.3273530918,-0.3954896393,4
Melinakere,10/25,0.3336153317,-0.1594726729,-0.5456623058,-0.6472355806,4
Basavanapura Kere,10/25,0.3013627185,-0.1149913401,-0.2833065054,-0.4333141098,4
Swarna Kunte Gudde Lake,10/25,0.2532064879,-0.1197226198,-0.2990968732,-0.4563909494,4
Chikkabegur kere,10/25,0.1659894965,-0.09237386329,-0.4482895744,-0.4781202372,4
Elenahalli Lake,10/25,0.1598986464,-0.06704562803,-0.2339954393,-0.3144174346,4
Kalena Agrahara Govt. Lake,10/25,0.1169915921,0.002454917871,-0.1803435721,-0.2897344021,4
Infrastructure Corridor,10/25,0.3187103174,-0.1080520307,-0.4243696678,-0.529912811,4
Beratena Agrahara Lake,10/25,0.1931200123,-0.03080331298,-0.3710914186,-0.4551788019,4
Mylasandra Dodda Agrahara kere,10/25,0.1325696551,-0.1025636089,-0.07222598614,-0.05837671084,4
Arekere Govt. lake,10/25,0.2097765757,-0.07607459662,-0.06022555385,-0.2007358472,4
Hulimavu Kere,10/25,0.312093031,-0.1695265693,-0.4852461395,-0.5862347947,4
Akashaya nagar Kere,10/25,0.3449999842,-0.1825023744,-0.3596721538,-0.5346716632,4
Gottigere Kere,10/25,0.1254021626,-0.1066690957,0.07054788944,0.02953665201,4
Kothanaru Kere,10/25,0.1748358349,-0.02766220283,-0.3492674779,-0.4469093648,4
RBI layout kere,10/25,,,,,4
Chunchanaghatta Kere,10/25,0.1941693138,-0.08034668867,-0.3619833273,-0.4486560811,4
Alahalli Kere,10/25,0.2261058676,-0.1116799217,-0.1176946438,-0.2396393991,4
Kembathahali kere,10/25,0.1942951542,-0.1288304382,-0.2078607635,-0.234550998,4
Doddakallasandra  kere,10/25,0.3893685291,-0.1924196289,-0.6194830322,-0.748424534,4
Konanakunte  kere,10/25,0.2006783354,-0.05776032638,-0.4132324791,-0.5144177947,4
Thalagattapura lake,10/25,0.135687713,-0.111277474,-0.09795961636,-0.1341723163,4
Vajarahalli Govt.Katte,10/25,0.2052727424,-0.08389511463,-0.3476457832,-0.4628261669,4
Harohalli kere,10/25,0.2656503594,-0.1404788518,-0.1976180441,-0.3017615243,4
Puttenahalli Lake,10/25,0.3930918731,-0.1582768467,-0.6847064896,-0.7725765992,4
Chellakere kere,10/25,0.2073197812,-0.09816023589,-0.4335001763,-0.51209445,4
Horamavu Agara,10/25,0.2728377478,-0.1732421908,0.02301552406,-0.1212297188,4
Horamavu kere,10/25,0.1636904658,-0.05505356787,-0.2304073357,-0.3220456573,4
Kalkere Kere,10/25,0.2332865481,-0.08933575839,-0.4224502742,-0.5304799691,4
Nagareshvara Nagenahalli Kere,10/25,0.1525094135,-0.002634380834,-0.1470534131,-0.3111091675,4
Rampura Kere,10/25,0.3064019063,-0.1750427989,-0.2110447017,-0.3153182011,4
Atturu kere,10/25,0.2471645615,-0.1761906708,0.1535555487,-0.04835593768,4
Veerasagara kere,10/25,0.3097933464,-0.1583792188,-0.1172595655,-0.2700488391,4
Dodda bettahalli,10/25,0.1185250433,0.006947019614,-0.2913967841,-0.3781456421,4
Dasarahalli kere,10/25,,,,,4
Doddabidarakallu lake,10/25,0.1721241686,-0.07846376673,-0.3210907057,-0.3996345031,4
Allasandra Lake,10/25,0.400953688,-0.2390147252,-0.1411894366,-0.3198356225,4
Andhrahalli Lake,10/25,0.2214069377,-0.1814409075,-0.08952228405,-0.2650497313,4
Handrahalli kere,10/25,0.2983570606,-0.1356837611,-0.5236909288,-0.6671179991,4
Narasappanahalli kere,10/25,0.228912454,-0.06230275752,-0.397588928,-0.5262517347,4
Valagere,10/25,0.1407154184,-0.03876407472,-0.02207797259,-0.06443101896,4
Shivapura New tank,10/25,0.2252539209,-0.08225768817,-0.2236312899,-0.3657605113,4
Agrahara Lake,10/25,0.2548635717,-0.07507241922,-0.1034568895,-0.205439426,4
Chokkanahalli lake,10/25,0.1743707269,0.003014837605,-0.387714014,-0.5065456011,4
Jakkuru lake,10/25,0.3254977517,-0.1772326509,-0.06794032137,-0.199820439,4
palanahalli,10/25,0.1882152918,-0.1340570642,-0.0778568351,-0.162660848,4
Kattigenahalli lake,10/25,0.2795028014,-0.07368522542,-0.3860987354,-0.5477851015,4
Kogilu kere,10/25,0.2303849938,-0.09565085868,-0.1363239415,-0.2678122489,4
Venkateshapura lake,10/25,0.1485989866,0.02690877574,-0.3090736971,-0.415566194,4
Bellihalli kere,10/25,0.2734270229,-0.05633263941,-0.5290254373,-0.6459212046,4
B. Channasandra lake,10/25,0.1681340975,-0.08067389226,-0.2409415715,-0.3198295119,4
Byappanahalli kere,10/25,0.3382709916,-0.1410297084,-0.5791233463,-0.7087831698,4
Kowdenahalli Kere,10/25,0.2170638817,-0.09710907074,-0.3118562988,-0.4071813205,4
Krishnarajapuram kere,10/25,0.2562354738,-0.1149895372,-0.2093229225,-0.3287048788,4
Basavanapura kere,10/25,0.1733428111,-0.03313821674,-0.3566307909,-0.4751024827,4
Shegehalli kere,10/25,0.2765523568,-0.1878256228,-0.1392946326,-0.2758585456,4
Mangamanapalya Kere,10/25,,,,,4
Hoodi kere-2,10/25,0.1520273857,-0.008633647787,-0.356824028,-0.4659789641,4
Jimkenahalli Kere,10/25,0.1328277552,-0.007026330634,-0.1639131166,-0.3262596513,4
Kodigehalli lake,10/25,0.09401289397,-0.1400596805,0.1510041465,0.1030587249,4
Gangashetti kere/ Devasandra kere,10/25,0.2360263399,-0.06890435853,-0.483278487,-0.5584225723,4
Vijinapura kere2,10/25,0.2012424636,-0.04178059173,-0.3820266067,-0.4733806381,4
B.Narayanapura kere,10/25,0.1825578857,-0.07878732041,-0.3525890355,-0.3908764997,4
Melinakere,10/25,0.3413633594,-0.1593368279,-0.6160975429,-0.7234755821,4
Kelaginakere,10/25,0.1254767206,-0.09076540629,-0.04259505545,-0.08125773281,4
Rachenahalli kere,10/25,0.3198563384,-0.1844771705,-0.03057390162,-0.1394719872,4
Amruthahalli Lake,10/25,0.1123761333,-0.05763287398,-0.1312499279,-0.1457272691,4
Nagawara Lake,10/25,0.3487613645,-0.1873929971,-0.5905122835,-0.6830336659,4
Herohalli Lake,10/25,0.2091667414,-0.1904585018,0.1062198492,0.03353525354,4
Hebbal  kere,10/25,0.1808630611,-0.1167067801,-0.1046342709,-0.113972386,4
Mahadevapura kere,10/25,0.2492302305,-0.1812877142,0.06745037682,-0.05481554408,4
Vibhutipura kere,10/25,0.2418159418,-0.1318651576,-0.09839364344,-0.2127405443,4
Rajapalya Hoodikere,10/25,0.2004979765,-0.09195504738,-0.318896726,-0.4038555674,4
Achanakere,10/25,0.1884505459,7.00E-04,-0.3233198666,-0.4498275287,4
"Yekkalagatta kere,Mahadevepura Kere",10/25,0.1284633143,-0.01196220189,-0.2358056944,-0.2852609443,4
Pattaduru Agrahara kere-2,10/25,0.2907519909,-0.1643023512,-0.5949737874,-0.6786399961,4
Nallurahallikere,10/25,0.1351556152,-0.1080673672,0.03815290098,-0.1150098605,4
Thubarahalli lake,10/25,0.1125198959,-0.1242975432,0.1090831856,0.03333189127,4
Sheelavantana kere,10/25,0.3386594683,-0.1693551264,-0.1648093967,-0.3020687916,4
Doddanekundi Kunte,10/25,0.3162475649,-0.1830174863,-0.2272882729,-0.3731260742,4
Chinnappanahalli  kere1,10/25,0.2111767823,-0.09333757814,-0.285769615,-0.3803036894,4
Doddanekundi kere,10/25,0.2151061695,-0.139568732,0.01880464951,-0.05864348622,4
Kundalahalli kere,10/25,0.2136376505,-0.1812025523,0.1205067998,-0.05180580439,4
Acchanakere,10/25,0.31010567,-0.1752705851,-0.1547941306,-0.2887690308,4
Varthur lake,10/25,0.2492549514,-0.1635446621,-0.1538021234,-0.2461301231,4
Narasipura Lake-1,10/25,,,,,4
Narasipura Lake-2,10/25,0.2266159937,-0.1158595391,-0.3590653655,-0.4809869173,4
Ulsoor Lake,10/25,0.3523949831,-0.2459152474,-0.04758635276,-0.1825880599,4
Gunduru Lake,11/25,0.3296573106,-0.2082952828,-0.0671925529,-0.3282481494,4
Doddebele,11/25,0.3277744356,-0.1877490473,-0.107746973,-0.245414737,4
Somapura,11/25,0.3807788772,-0.1964952521,-0.5256361734,-0.6798294972,4
Mailasandra,11/25,0.2982941364,-0.1469589009,-0.4518670182,-0.5723324718,4
Kengeri 1,11/25,0.2814053216,-0.04512149407,-0.5705931766,-0.6839242403,4
Kengeri 2,11/25,0.4633739943,-0.2239585219,-0.5867126947,-0.7459722509,4
Chenvinayanahalli,11/25,0.3017991332,-0.2393553957,-0.06650177579,-0.2910888361,4
Annamma kere,11/25,0.3895901179,-0.2357170578,-0.2016567941,-0.4622733763,4
Deevatigeramnahalli kere,11/25,0.1882864198,-0.1464604045,-0.09423852989,-0.2824446401,4
Devarakere,11/25,0.3910022252,-0.190544433,-0.3158312926,-0.501460442,4
Doraikere,11/25,0.5325584503,-0.2783957379,-0.4568386774,-0.6749899395,4
Goudanakere,11/25,0.3589493354,-0.1517806834,-0.1291105867,-0.3703011298,4
Gubbalal kere,11/25,0.2307330233,-0.07585096172,-0.3584920181,-0.4968270868,4
Halagevaderahalli kere-2,11/25,0.2343080045,-0.1055711236,-0.3161498642,-0.4589340108,4
Herohalli Thotadakere,11/25,0.3134497738,-0.1275633903,-0.4232751667,-0.6203742723,4
Hosakerehalli Kere,11/25,0.3507523739,-0.1077985915,-0.6281337275,-0.74438087,4
Kempambudhi lake,11/25,0.4998446391,-0.2512115647,-0.3472517901,-0.5704461516,4
Laggeri Lake,11/25,0.3870846666,-0.1543421703,-0.6694551097,-0.7851556014,4
Mallathahalli Lake,11/25,0.1535967965,-0.05109531309,-0.1767347428,-0.3688144086,4
Moge kere,11/25,0.3943582018,-0.2208356498,-0.2676869674,-0.5479137341,4
Muppatu Kavalu Hosa Kere,11/25,0.3308673604,-0.2121703974,0.04137665498,-0.1801418079,4
Nayandanahalli kere,11/25,0.1646213397,-0.1312060797,0.01010145125,-0.1406406641,4
Sankey Tank,11/25,0.09672896737,-0.2034878856,0.3094084428,0.1145993775,4
Subramhanyapura kere,11/25,0.4015843195,-0.2577559229,-0.0201591017,-0.3248029032,4
Ullalu lake-2,11/25,0.2732272114,-0.1030839807,-0.2567215248,-0.4468880789,4
Valagerehalli kere,11/25,0.3100568104,-0.1716940039,0.01262146889,-0.2604974882,4
Yediyur kere,11/25,0.3956183728,-0.239399725,-0.0522503029,-0.320341389,4
Bhimmanakuppe Govt lake,11/25,0.2667808107,-0.109283632,-0.4100412988,-0.5960498941,4
Srigandhakavalu Karabu Katte,11/25,0.107965516,0.0414399054,-0.3202385734,-0.4350660212,4
Janaradhan kere,11/25,0.303452673,-0.08004069254,-0.5978487667,-0.7122713959,4
Konashetty kere,11/25,0.1970779673,0.05892853319,-0.4931328252,-0.6165027078,4
Nagarabhavi (Un-named Lake on map),11/25,0.1234650319,-0.004094710536,-0.2028062882,-0.3987931944,4
Sompura Govt.lake,11/25,0.2133633251,-0.103324349,-0.2071594228,-0.3848424428,4
Lakshmipura Lake,11/25,0.3290367345,-0.2228378104,0.07659519875,-0.2455539974,4
Amrutnagar Lake,11/25,0.2574548176,-0.06133760577,-0.172754764,-0.3160191664,4
Hoysalanagara Lake,11/25,0.2412939828,-0.1804911925,-0.2319366072,-0.4688541725,4
Basavanagar Lake,11/25,0.4104534577,-0.2401583635,-0.1903896318,-0.4557114104,4
Ajjegowdana katte,11/25,0.2557321151,-0.1706620724,-0.2008018126,-0.3384200288,4
Kodigehalli kere,11/25,0.2139201605,-0.03972926148,-0.2449510054,-0.3893577541,4
Kommaghatta Govt. Lake,11/25,0.2731506338,-0.1626123227,-0.1791375447,-0.2562390276,4
Manganahalli Lake,11/25,0.3102062888,-0.2054119488,0.006810765092,-0.09204136339,4
Bhattarahalli kere,11/25,0.3653905238,-0.2123878766,0.07153214602,-0.2642080792,4
Thirumenahalli lake,11/25,0.4044861825,-0.2011918029,-0.1028806193,-0.395224013,4
Avalahali kere,11/25,0.3442832783,-0.2083895308,-0.2499734839,-0.3884518568,4
Begur Lake,11/25,0.2839177317,-0.1678406059,-0.1744045808,-0.2939898285,4
meenakshi lake,11/25,0.2930740713,-0.2186751225,0.1568498587,-0.1341346031,4
Kannuru kere,11/25,0.3806125613,0.0179384939,-0.3680150196,-0.4139104319,4
Kannuru kere,11/25,0.3806125613,0.0179384939,-0.3680150196,-0.4139104319,4
Doddagubbi kere,11/25,0.406572132,-0.1152296572,0.05218852949,-0.1117607691,4
Suggata kere,11/25,0.2458383616,-0.07106738709,-0.3722062355,-0.5230612308,4
Yelahanka Lake,11/25,0.4140538533,-0.2839052341,0.0200519547,-0.221530686,4
Dodda Bommasandra Lake,11/25,0.4888425505,-0.3391612285,-0.0335728695,-0.3490742205,4
Singapura lake,11/25,0.103945439,-0.05521076672,0.09365480994,-0.17656302,4
Chellaghatta kere,11/25,0.3316174563,-0.1346877885,-0.5934142642,-0.7260745417,4
Bellandur Amanikere,11/25,0.3738142858,-0.1553132928,-0.4986504437,-0.636072475,4
Abbigere Kere,11/25,0.2695883634,-0.1201778161,-0.1280879152,-0.3409741066,4
Kammagondanahalli lake,11/25,0.3343857797,-0.1326430469,-0.563345532,-0.7305863378,4
Mallasandra Lake-2,11/25,0.5210737587,-0.2604255094,-0.7574669024,-0.8708155264,4
Chikkabanavara kere,11/25,0.1149680437,-0.1086358098,0.1943211538,-0.03852496512,4
Mallasandra Gudde lake,11/25,0.4000043582,-0.1241610628,-0.7364073011,-0.8334968914,4
Bagalagunte Govt.Lake,11/25,0.3171581354,-0.1178689859,-0.4666491431,-0.6493494939,4
Lalbagh kere,11/25,0.3734087807,-0.321474708,0.1273901993,-0.1732624691,4
Chikkabellanduru kere,11/25,0.3614108508,-0.1737854008,-0.4341445272,-0.5409962331,4
Carmelarm,11/25,0.1525347485,0.03135743904,-0.3267139123,-0.4929977973,4
Gunjuruplaya kere,11/25,0.2511415498,-0.1119476408,-0.3789144661,-0.5052185794,4
Govt. Dinnekere,11/25,0.02089563051,-0.0371913128,0.1122360294,-0.1093378125,4
Panattur Govt.kere,11/25,0.1118684585,-0.1588582747,0.05287659181,-0.1216839121,4
Gramadakere,11/25,0.1231509956,0.1145730207,-0.3729589964,-0.5510657264,4
Ambalipura Kelagina kere,11/25,0.3739910269,-0.2410060352,-0.3974277447,-0.6076150901,4
Melinakere,11/25,0.3089066866,-0.05646828346,-0.5863769468,-0.7147283533,4
Sowl kere,11/25,0.4422884182,-0.2851121235,-0.1852651683,-0.4891623988,4
Bhoganahalli kere,11/25,0.3543742901,-0.1428257123,-0.09199318965,-0.3042647535,4
Devarabisanahalli kere,11/25,0.1394817697,-0.2468025294,0.1476754284,-0.05974218349,4
Doddakanneli Gramadakere,11/25,0.4604085817,-0.2624143525,-0.1463480484,-0.4005246875,4
Lakedew Appartment lake,11/25,0.4475463547,-0.2516763672,-0.1163759686,-0.3917370527,4
Kaikondanahalli kere,11/25,0.5258871887,-0.2728459368,-0.2860968482,-0.5367736788,4
Kasavanahalli kere,11/25,0.2247838784,-0.2937415133,0.3394419081,0.0977451466,4
Mestripalya lake,11/25,0.2721636549,-0.02898873535,-0.5804389846,-0.7014895441,4
Tavarekere lake,11/25,0.2542790764,-0.07375173743,-0.5421797215,-0.636020616,4
Byrasandra Kere,11/25,0.2792761109,-0.2560294432,0.03841368345,-0.260720432,4
J P Park Kere,11/25,0.3156356857,-0.06431777287,-0.5953808835,-0.7295667917,4
Agara kere,11/25,0.3072292524,-0.265068342,0.1461108318,-0.07944094377,4
Ibbalur Govt. Lake,11/25,0.3392671516,-0.1753715311,-0.1426250184,-0.3266410774,4
sarraki kere,11/25,0.06624050024,-0.2011175654,0.4208719021,0.2577261661,4
Puttenahalli Kere,11/25,0.3276341916,-0.2312039656,-0.1419329673,-0.3800847388,4
Madivala Kere,11/25,0.3970886238,-0.1774557431,-0.2948177936,-0.4559236874,4
Somasundrapalya lake,11/25,0.2342596456,-0.154946255,0.03568272562,-0.2246178793,4
singasandra,11/25,0.2732640478,-0.2295278328,-0.03475567893,-0.2577910499,4
Kodagi Singasandra kere,11/25,0.273227323,-0.1283439902,-0.452755405,-0.549821378,4
doddakodlu,11/25,0.2700370132,-0.2327958893,-0.0469860365,-0.214880244,4
Karabu Kere/Konappana agrahara lake,11/25,0.4209616607,-0.1889311626,-0.2492021594,-0.511960586,4
Parapana Agahara Lake,11/25,0.3398300108,-0.1422676214,-0.6327080011,-0.7300284599,4
Kudlu Chikere,11/25,0.4003313345,-0.2625758281,-0.1510477965,-0.4038715987,4
Kelaginakere,11/25,0.3255581968,-0.09839260573,-0.2628259849,-0.398194013,4
Melinakere,11/25,0.5167522498,-0.2605665234,-0.2846227399,-0.5191339081,4
Basavanapura Kere,11/25,0.265960474,-0.1505255373,-0.05906324394,-0.3101880514,4
Swarna Kunte Gudde Lake,11/25,0.3132621672,-0.08635761897,-0.4200023757,-0.6012794778,4
Chikkabegur kere,11/25,0.3036584218,-0.1099814754,-0.6375495603,-0.723676958,4
Elenahalli Lake,11/25,0.1102807168,-0.1285301642,-0.03337563154,-0.1879748083,4
Kalena Agrahara Govt. Lake,11/25,0.1664236591,-0.1775019326,0.09572421398,-0.1524191387,4
Infrastructure Corridor,11/25,0.42632149,-0.1609004526,-0.4771511266,-0.6576958128,4
Beratena Agrahara Lake,11/25,0.1639873915,0.06614793734,-0.4489715309,-0.5970296453,4
Mylasandra Dodda Agrahara kere,11/25,0.2884413648,-0.1365508789,-0.1494228801,-0.211593195,4
Arekere Govt. lake,11/25,0.3851649104,-0.2441785342,0.04547673787,-0.2852178474,4
Hulimavu Kere,11/25,0.3612943769,-0.1324437576,-0.5528234378,-0.6963134292,4
Akashaya nagar Kere,11/25,0.3810744356,-0.1739521993,-0.3709436468,-0.5394338778,4
Gottigere Kere,11/25,0.3355699282,-0.2467487621,0.2066328318,-0.1023900121,4
Kothanaru Kere,11/25,0.2678621608,-0.1459879778,-0.02433251827,-0.2536246645,4
RBI layout kere,11/25,0.3321059033,-0.1535262398,-0.3480773307,-0.5694870145,4
Chunchanaghatta Kere,11/25,0.2773921551,-0.1804653706,-0.09386494701,-0.3479745618,4
Alahalli Kere,11/25,0.3324969144,-0.2245411195,-0.01973275075,-0.2699860362,4
Kembathahali kere,11/25,0.2617629671,-0.08508485933,-0.4351539022,-0.6047882612,4
Doddakallasandra  kere,11/25,0.4014452423,-0.1757888163,-0.6361557935,-0.7602264875,4
Konanakunte  kere,11/25,0.3056399876,-0.08653681168,-0.5377835927,-0.6825759173,4
Thalagattapura lake,11/25,0.2856843094,-0.1550629038,-0.1297008959,-0.3408167653,4
Vajarahalli Govt.Katte,11/25,0.2382349851,-0.0769506479,-0.4909338659,-0.6361928928,4
Harohalli kere,11/25,0.4276173557,-0.2567361125,-0.04820341627,-0.3185259332,4
Puttenahalli Lake,11/25,0.4445888775,-0.1811190588,-0.7523753472,-0.8520856872,4
Chellakere kere,11/25,0.3933385906,-0.208077924,-0.4217086288,-0.6496035583,4
Horamavu Agara,11/25,0.4135050076,-0.2892307107,0.09975038958,-0.2017044719,4
Horamavu kere,11/25,0.2933891972,-0.1277816542,-0.2099569049,-0.4413944952,4
Kalkere Kere,11/25,0.3117943977,-0.1809662242,-0.2958558473,-0.4777802109,4
Nagareshvara Nagenahalli Kere,11/25,0.1753889557,-0.1465730544,0.2365314772,-0.02883718177,4
Rampura Kere,11/25,0.4286542308,-0.2141314326,-0.2681681639,-0.4958734747,4
Atturu kere,11/25,0.2100630328,-0.1714746156,0.223686433,-0.02830703532,4
Veerasagara kere,11/25,0.4304805099,-0.2392450333,-0.1749141706,-0.4012630283,4
Dodda bettahalli,11/25,0.132974378,-0.004304003348,-0.2401169802,-0.3988435548,4
Dasarahalli kere,11/25,0.5042849906,-0.2971944467,-0.1283284985,-0.4349593617,4
Doddabidarakallu lake,11/25,0.2584554384,-0.1085122713,-0.3052659049,-0.5167185346,4
Allasandra Lake,11/25,0.5233458187,-0.3455070613,-0.2325803123,-0.5211303533,4
Andhrahalli Lake,11/25,0.2337926177,-0.02830314233,-0.3649188204,-0.5393412727,4
Handrahalli kere,11/25,0.2171262483,-0.08936903035,-0.3292165602,-0.4721053661,4
Narasappanahalli kere,11/25,0.2052382722,0.02646653715,-0.4864486504,-0.6280599237,4
Valagere,11/25,0.3099058472,-0.1581552343,-0.03393732305,-0.311212176,4
Shivapura New tank,11/25,0.369019835,-0.1652736108,-0.1751062583,-0.4759255474,4
Agrahara Lake,11/25,0.4329448291,-0.1431497391,-0.1070004326,-0.3445707467,4
Chokkanahalli lake,11/25,0.3516196378,-0.01246509403,-0.2547379091,-0.4775600774,4
Jakkuru lake,11/25,0.480976321,-0.2404624936,-0.1463972807,-0.4011021182,4
palanahalli,11/25,0.3267680733,-0.2686540164,-0.04184135639,-0.2231630821,4
Kattigenahalli lake,11/25,0.5048154034,-0.302678144,-0.02485203844,-0.3337558095,4
Kogilu kere,11/25,0.3235041064,-0.1455679127,-0.1641997868,-0.3423373233,4
Venkateshapura lake,11/25,0.2362125529,-0.008417782845,-0.257457281,-0.4480675315,4
Bellihalli kere,11/25,0.4751245282,0.1827206836,-0.580636544,-0.7090559243,4
B. Channasandra lake,11/25,0.2696636106,-0.2074385389,-0.1023959935,-0.3363176632,4
Byappanahalli kere,11/25,0.3555047434,-0.1127647437,-0.6166396459,-0.7497617058,4
Kowdenahalli Kere,11/25,0.3758308766,-0.2524595992,-0.08154594702,-0.3186754978,4
Krishnarajapuram kere,11/25,0.4190564715,-0.2012699614,-0.1983844825,-0.446171598,4
Basavanapura kere,11/25,0.2962768154,-0.1526089573,-0.08597014194,-0.3300703546,4
Shegehalli kere,11/25,0.3637236211,-0.2680157253,-0.06301624442,-0.2918113792,4
Mangamanapalya Kere,11/25,0.3372167786,-0.1287222826,-0.2822549304,-0.467201771,4
Hoodi kere-2,11/25,0.4123826488,-0.2146866166,-0.2026961744,-0.4666032156,4
Jimkenahalli Kere,11/25,0.1694559594,-0.1366277649,0.1187794233,-0.1363172364,4
Kodigehalli lake,11/25,0.1739888252,-0.2388009029,0.1771375089,-0.003504915433,4
Gangashetti kere/ Devasandra kere,11/25,0.3103854073,-0.1769109843,-0.2466156488,-0.4847712537,4
Vijinapura kere2,11/25,0.4882167262,-0.224916908,-0.3647087537,-0.5795377416,4
B.Narayanapura kere,11/25,0.421693804,-0.2163085655,-0.3122275714,-0.5652277483,4
Melinakere,11/25,0.5272499351,-0.2951906625,-0.5356739078,-0.7064947789,4
Kelaginakere,11/25,0.2997994936,-0.1830486235,4.86E-04,-0.2155803046,4
Rachenahalli kere,11/25,0.536425387,-0.3182728744,-0.1217996156,-0.4143554169,4
Amruthahalli Lake,11/25,0.3614641046,-0.161414743,-0.3260684265,-0.5413536685,4
Nagawara Lake,11/25,0.3157514284,-0.2711193618,0.06499241007,-0.2038777544,4
Herohalli Lake,11/25,0.4364772928,-0.2834783934,0.02138261103,-0.2140553364,4
Hebbal  kere,11/25,0.3821969314,-0.209724775,-0.1845396572,-0.3153517981,4
Mahadevapura kere,11/25,0.4709430913,-0.2967907282,-0.1202329199,-0.3966994897,4
Vibhutipura kere,11/25,0.3286794402,-0.1835050622,-0.1023195411,-0.3248172036,4
Rajapalya Hoodikere,11/25,0.2567849862,-0.06598665975,-0.4450922882,-0.5895826544,4
Achanakere,11/25,0.3158499401,-0.1064928893,-0.2022623373,-0.3850946545,4
"Yekkalagatta kere,Mahadevepura Kere",11/25,0.3049969362,-0.1101356634,-0.1575154061,-0.3721943624,4
Pattaduru Agrahara kere-2,11/25,0.3769530312,-0.2414505703,-0.5797470476,-0.6919878514,4
Nallurahallikere,11/25,0.1384680337,-0.1218426154,0.1075667973,-0.1222420019,4
Thubarahalli lake,11/25,0.1380581882,-0.1683366298,0.1174924075,-0.06564285732,4
Sheelavantana kere,11/25,0.4624219038,-0.2451968675,-0.1848751456,-0.4027991227,4
Doddanekundi Kunte,11/25,0.4891442266,-0.2683149808,-0.3125190244,-0.5696745321,4
Chinnappanahalli  kere1,11/25,0.4132901469,-0.1876933667,-0.2274825138,-0.4551751987,4
Doddanekundi kere,11/25,0.3089297369,-0.1703312709,-0.008517583185,-0.2029946457,4
Kundalahalli kere,11/25,0.2699421409,-0.1677319901,-0.0248634208,-0.1431251319,4
Acchanakere,11/25,0.3234783283,-0.3450705521,0.2182166623,-0.1242880759,4
Varthur lake,11/25,0.2243999136,-0.1726161076,-0.02507417312,-0.2033704664,4
Narasipura Lake-1,11/25,0.1623611051,-0.1882062958,0.1005892384,-0.1402849234,4
Narasipura Lake-2,11/25,0.2493010836,-0.1352392222,-0.3049860959,-0.5048324202,4
Ulsoor Lake,11/25,0.3724238425,-0.3586420926,0.2444422851,-0.1008225589,4