MONTH_YEAR,STN_CODE,NAMEOFMONITORINGLOCATION,USEBASEDCLASS,DO,PH,CONDUCTIVITY,BOD,NITRATE_N,FECAL_COLI,TOTAL_COLI,CARBONATE,BICARBONATE,PHENOLPHTHALEINALKALINITY,TOTALALKALINITY,CHLORIDES,COD,TOTALKJELDAHLNITROGEN,AMMONICALN,TOTALHARDNESS,CAASCACO3,MGASCACO3,SULPHATE,SODIUM,TOTALDISSOLVEDSOLIDS,TOTALSUSPENDEDSOLIDS,PHOSPHATE,BORON,POTASSIUM,FLUORIDE,SODIUMPERCENTAGE,SAR,ORTHOPHOSPHATE,YEAR
07/23,5574.0,DEVASANDRA LAKE,"D (Propagation of wild life,fisheries)",4.4,8.2,392.0,7.0,1.0,6300.0,54000.0,3.3186813186813184,80.0,5.0,80.0,64.0,88.0,1.5,0.48,72.0,44.0,28.0,15.0,73.0,268.0,12.175824175824175,0.56,0.5,13.0,0.23,43.95604395604395,1.7945054945054946,0.2972527472527472,2023.0
07/23,5574.0,HEBBAL LAKE,"D (Propagation of wild life,fisheries)",4.7,7.2,550.0,8.0,2.0,2300.0,54000.0,3.6373626373626378,124.0,5.0,124.0,108.0,72.0,1.5,0.79,148.0,80.0,68.0,11.0,60.0,376.0,12.351648351648352,0.98,0.5,27.0,0.28,43.91208791208791,1.789010989010989,0.2945054945054945,2023.0
07/23,5574.0,JAKKUR LAKE,"E (Irrigation, industrial cooling and controlled waste)",2.6,7.0,908.0,12.0,4.1,4000.0,92000.0,3.956043956043956,224.0,5.0,224.0,156.0,119.0,1.5,1.8,280.0,144.0,136.0,20.0,125.0,620.0,12.527472527472527,2.4,0.5,32.0,0.45,43.86813186813187,1.7835164835164836,0.2917582417582417,2023.0
07/23,5574.0,NAGAVARA LAKE,"D (Propagation of wild life,fisheries)",4.9,7.0,550.0,8.0,2.0,1300.0,24000.0,4.274725274725275,128.0,5.0,128.0,100.0,71.0,1.5,0.8,148.0,80.0,68.0,12.0,58.0,372.0,12.703296703296704,0.7,0.5,26.0,0.32,43.824175824175825,1.778021978021978,0.289010989010989,2023.0
07/23,5574.0,CHELEKERE LAKE,"D (Propagation of wild life,fisheries)",4.8,7.1,548.0,8.0,0.3,1700.0,35000.0,4.593406593406593,124.0,5.0,124.0,108.0,70.0,1.5,0.8,124.0,68.0,56.0,11.0,59.0,372.0,12.87912087912088,0.83,0.5,26.0,0.3,43.78021978021978,1.772527472527473,0.2862637362637362,2023.0
07/23,5574.0,"Segehalli Lake Baavanapura Road Battarahalli , Bangalore East","E (Irrigation, industrial cooling and controlled waste)",2.9,7.5,766.0,35.0,3.0,11000.0,92000.0,4.912087912087912,220.0,5.0,220.0,96.0,168.0,1.5,2.2,204.0,108.0,96.0,21.0,11.0,518.0,13.054945054945057,1.2,0.5,18.0,0.28,43.73626373626374,1.767032967032967,0.2835164835164835,2023.0
07/23,5574.0,"Kannamangala Lake Hoskote Main Road , Bengalore","E (Irrigation, industrial cooling and controlled waste)",3.2,7.9,1842.0,21.0,6.0,9400.0,160000.0,5.230769230769231,152.0,5.0,152.0,420.0,136.0,1.5,1.4,448.0,228.0,220.0,18.0,65.0,1232.0,13.23076923076923,0.83,0.5,33.0,0.2,43.69230769230769,1.7615384615384615,0.2807692307692307,2023.0
07/23,5574.0,VEERAPURA TANK,"D (Propagation of wild life,fisheries)",5.2,6.9,621.0,5.0,9.0,4700.0,160000.0,5.549450549450549,104.0,5.0,104.0,72.0,44.0,1.5,0.51,164.0,88.0,76.0,14.0,40.0,422.0,13.406593406593409,0.29,0.5,9.0,0.22,43.64835164835165,1.756043956043956,0.278021978021978,2023.0
07/23,5574.0,SINGAPURA LAKE,"D (Propagation of wild life,fisheries)",4.1,7.1,488.0,11.0,1.7,4700.0,54000.0,5.868131868131868,136.0,5.0,136.0,88.0,100.0,1.5,0.96,156.0,84.0,72.0,13.0,55.0,330.0,13.582417582417582,0.2,0.5,17.0,0.28,43.604395604395606,1.7505494505494503,0.2752747252747252,2023.0
07/23,5574.0,PUTTENAHALLI LAKE,"D (Propagation of wild life,fisheries)",4.2,7.4,784.0,10.0,2.3,21.0,540.0,6.186813186813186,164.0,5.0,164.0,128.0,100.0,1.5,0.92,156.0,84.0,72.0,45.0,90.0,534.0,13.75824175824176,0.2,0.5,13.0,0.29,43.56043956043956,1.745054945054945,0.2725274725274725,2023.0
07/23,5574.0,KUNDALAHALLI LAKE,"E (Irrigation, industrial cooling and controlled waste)",2.9,7.0,1538.0,30.0,6.0,4800.0,92000.0,6.5054945054945055,284.0,5.0,284.0,272.0,172.0,1.5,1.8,392.0,200.0,192.0,6.0,111.0,1076.0,13.934065934065934,0.33,0.5,18.0,0.2,43.51648351648352,1.7395604395604396,0.2697802197802197,2023.0
07/23,5574.0,ALLALASANDRA LAKE,"E (Irrigation, industrial cooling and controlled waste)",3.4,8.0,528.0,17.0,1.5,33.0,1600.0,6.824175824175824,100.0,5.0,100.0,84.0,165.0,1.5,1.86,92.0,52.0,40.0,11.0,76.0,360.0,14.10989010989011,0.2,0.5,13.0,0.24,43.472527472527474,1.734065934065934,0.267032967032967,2023.0
07/23,5574.0,ULSOOR LAKE TRAINING CENTRE OF FISH BREEDING,"D (Propagation of wild life,fisheries)",4.4,8.0,466.0,4.0,1.0,11000.0,92000.0,7.142857142857142,112.0,5.0,112.0,68.0,44.0,1.5,0.4,136.0,72.0,64.0,5.0,54.0,316.0,14.285714285714286,0.2,0.5,15.0,0.2,43.42857142857143,1.7285714285714286,0.2642857142857143,2023.0
07/23,5574.0,ULSOOR LAKE TEMPLE,"D (Propagation of wild life,fisheries)",4.0,8.0,478.0,4.0,1.0,4800.0,35000.0,7.461538461538462,140.0,5.0,140.0,60.0,44.0,1.5,0.42,152.0,80.0,72.0,5.0,59.0,324.0,14.461538461538462,0.2,0.5,14.0,0.2,43.38461538461539,1.7230769230769232,0.2615384615384615,2023.0
07/23,5574.0,"Munekolalu Lake ,Marathahalli, East Taluka ,Bengalur","E (Irrigation, industrial cooling and controlled waste)",3.1,7.0,598.0,23.0,2.0,7000.0,160000.0,7.78021978021978,176.0,5.0,176.0,112.0,156.0,1.5,2.9,156.0,76.0,80.0,5.0,79.0,412.0,14.63736263736264,2.0,0.5,17.0,0.2,43.34065934065934,1.7175824175824177,0.2587912087912087,2023.0
07/23,5574.0,CHINNAPPANAHALLI LAKE,"D (Propagation of wild life,fisheries)",4.4,7.0,700.0,5.0,3.0,3100.0,54000.0,8.098901098901099,144.0,5.0,144.0,128.0,44.0,1.5,0.9,148.0,72.0,76.0,5.0,100.0,490.0,14.813186813186814,0.3,0.5,15.0,0.3,43.2967032967033,1.7120879120879122,0.256043956043956,2023.0
07/23,5574.0,BASAVANAPURA LAKE,"D (Propagation of wild life,fisheries)",5.4,7.3,1048.0,6.0,4.0,6300.0,54000.0,8.417582417582416,176.0,5.0,176.0,176.0,76.0,1.5,0.4,184.0,100.0,84.0,43.0,140.0,704.0,14.989010989010987,0.2,0.5,30.0,0.33,43.252747252747255,1.7065934065934067,0.2532967032967033,2023.0
07/23,5574.0,KOTHANURU LAKE,"E (Irrigation, industrial cooling and controlled waste)",3.2,7.4,1045.0,16.0,4.0,8400.0,92000.0,8.736263736263735,176.0,5.0,176.0,176.0,124.0,1.5,0.96,184.0,100.0,84.0,50.0,144.0,700.0,15.164835164835164,0.2,0.5,30.0,0.35,43.20879120879121,1.701098901098901,0.2505494505494505,2023.0
07/23,5574.0,GOTTIGERE LAKE,"D (Propagation of wild life,fisheries)",6.1,7.2,586.0,4.0,2.0,79000.0,1600000.0,9.054945054945057,132.0,5.0,132.0,72.0,44.0,1.5,0.4,100.0,56.0,44.0,44.0,76.0,400.0,15.34065934065934,0.2,0.5,16.0,0.2,43.16483516483517,1.6956043956043956,0.2478021978021977,2023.0
07/23,5574.0,KARIHOBANAHALLI LAKE,"E (Irrigation, industrial cooling and controlled waste)",1.1,6.9,1474.0,24.0,3.2,170000.0,2400000.0,9.373626373626372,432.0,5.0,432.0,356.0,156.0,1.5,8.2,436.0,224.0,212.0,38.0,101.0,1002.0,15.516483516483516,3.1,0.5,21.0,0.39,43.12087912087912,1.69010989010989,0.245054945054945,2023.0
07/23,5574.0,"Ulsoor Lake Near Kalyani,Bengaluru","D (Propagation of wild life,fisheries)",4.5,8.0,498.0,4.0,1.0,2700.0,24000.0,9.692307692307692,120.0,5.0,120.0,64.0,40.0,1.5,0.62,160.0,88.0,72.0,5.0,104.0,338.0,15.692307692307692,0.2,0.5,14.0,0.2,43.07692307692308,1.6846153846153846,0.2423076923076922,2023.0
07/23,5574.0,NELAMANGALA LAKE,"E (Irrigation, industrial cooling and controlled waste)",3.2,6.5,1789.0,14.0,6.0,49000.0,240000.0,10.010989010989013,424.0,5.0,424.0,296.0,100.0,1.5,1.0,544.0,272.0,272.0,18.0,163.0,1196.0,15.868131868131869,1.5,0.5,21.0,0.4,43.03296703296704,1.6791208791208792,0.2395604395604395,2023.0
07/23,5574.0,PUTTENAHALLI LAKE,"D (Propagation of wild life,fisheries)",4.5,7.3,1044.0,7.0,4.0,12000.0,92000.0,10.329670329670328,184.0,5.0,184.0,172.0,80.0,1.5,0.48,172.0,92.0,80.0,21.0,150.0,698.0,16.043956043956044,0.2,0.5,30.0,0.36,42.989010989010985,1.6736263736263737,0.2368131868131868,2023.0
07/23,5574.0,"Byrasandra Upper Lake,Bengaluru","D (Propagation of wild life,fisheries)",4.3,8.0,843.0,4.0,3.0,7900.0,160000.0,10.648351648351648,232.0,5.0,232.0,104.0,40.0,1.5,0.4,352.0,180.0,172.0,5.0,167.0,590.0,16.21978021978022,0.2,0.5,16.0,0.2,42.94505494505494,1.6681318681318682,0.234065934065934,2023.0
07/23,5574.0,RAMPURA LAKE,"E (Irrigation, industrial cooling and controlled waste)",3.0,6.9,1418.0,12.0,6.0,4900.0,54000.0,10.967032967032967,344.0,5.0,344.0,216.0,112.0,1.5,1.2,516.0,264.0,252.0,14.0,69.0,964.0,16.395604395604394,2.0,0.5,32.0,0.3,42.9010989010989,1.6626373626373627,0.2313186813186813,2023.0
07/23,5574.0,KALENA AGRAHARA LAKE,"D (Propagation of wild life,fisheries)",5.0,7.0,550.0,5.0,2.0,2200.0,24000.0,11.285714285714285,44.0,5.0,44.0,92.0,48.0,1.5,0.5,184.0,96.0,88.0,5.0,73.0,378.0,16.571428571428573,0.2,0.5,17.0,0.2,42.857142857142854,1.6571428571428573,0.2285714285714285,2023.0
07/23,5574.0,ARAKERE LAKE,"D (Propagation of wild life,fisheries)",4.1,7.0,984.0,11.0,4.0,48000.0,350000.0,11.604395604395604,68.0,5.0,68.0,132.0,104.0,1.5,0.9,272.0,140.0,132.0,5.0,91.0,688.0,16.747252747252748,2.0,0.5,23.0,0.3,42.81318681318681,1.6516483516483518,0.2258241758241758,2023.0
07/23,5574.0,HOSAKEREHALLI LAKE,"D (Propagation of wild life,fisheries)",4.9,6.7,683.0,4.0,2.62,4900.0,92000.0,11.923076923076923,152.0,5.0,152.0,112.0,45.0,1.5,0.66,184.0,96.0,88.0,28.0,66.0,476.0,16.923076923076923,0.25,0.5,14.0,0.2,42.76923076923077,1.646153846153846,0.223076923076923,2023.0
07/23,5574.0,SOMPURA LAKE,"D (Propagation of wild life,fisheries)",4.7,7.9,1222.0,4.7,4.69,460.0,16000.0,12.24175824175824,280.0,5.0,280.0,208.0,44.0,1.5,0.72,332.0,172.0,160.0,50.0,108.0,858.0,17.0989010989011,0.2,0.5,24.0,0.38,42.72527472527472,1.6406593406593406,0.2203296703296703,2023.0
07/23,5574.0,UTTARAHALLI DORAIKERE,"E (Irrigation, industrial cooling and controlled waste)",3.4,8.1,262.0,17.0,0.8,4900.0,54000.0,12.56043956043956,76.0,5.0,76.0,36.0,170.0,1.5,1.8,68.0,40.0,28.0,5.0,27.0,182.0,17.274725274725277,0.2,0.5,3.0,0.2,42.68131868131868,1.6351648351648351,0.2175824175824175,2023.0
07/23,5574.0,MALATHAHALLI LAKE,"D (Propagation of wild life,fisheries)",5.0,7.9,1166.0,6.0,3.4,430.0,16000.0,12.879120879120878,328.0,5.0,328.0,180.0,62.0,1.5,0.54,316.0,164.0,152.0,18.0,113.0,794.0,17.450549450549453,0.49,0.5,15.0,0.43,42.637362637362635,1.6296703296703297,0.2148351648351648,2023.0
07/23,5574.0,ULLALU LAKE,"E (Irrigation, industrial cooling and controlled waste)",3.2,7.1,602.0,17.0,1.7,22000.0,240000.0,13.197802197802195,172.0,5.0,172.0,92.0,173.0,1.5,2.9,160.0,88.0,72.0,9.0,59.0,424.0,17.626373626373628,0.3,0.5,8.0,0.22,42.59340659340659,1.6241758241758242,0.212087912087912,2023.0
07/23,5574.0,KODI SINGASANDRA LAKE,"D (Propagation of wild life,fisheries)",4.2,7.0,549.0,8.0,2.0,34000.0,240000.0,13.516483516483516,48.0,5.0,48.0,128.0,84.0,1.5,0.9,160.0,84.0,76.0,5.0,71.0,378.0,17.802197802197803,0.2,0.5,15.0,0.2,42.54945054945055,1.6186813186813187,0.2093406593406593,2023.0
07/23,5574.0,KAMMAGONDANAHALLI LAKE,"E (Irrigation, industrial cooling and controlled waste)",3.2,6.6,632.0,12.0,10.0,3300.0,54000.0,13.835164835164834,148.0,5.0,148.0,56.0,108.0,1.5,1.2,140.0,76.0,64.0,11.0,36.0,428.0,17.978021978021978,4.0,0.5,14.0,0.2,42.505494505494504,1.6131868131868132,0.2065934065934065,2023.0
07/23,5574.0,HOSKERE LAKE,"E (Irrigation, industrial cooling and controlled waste)",3.4,7.0,846.0,13.0,2.4,4600.0,92000.0,14.153846153846152,240.0,5.0,240.0,132.0,125.0,1.5,1.9,228.0,120.0,108.0,13.0,83.0,578.0,18.153846153846153,0.35,0.5,11.0,0.31,42.46153846153846,1.6076923076923078,0.2038461538461538,2023.0
07/23,5574.0,SINGASANDRA LAKE,"D (Propagation of wild life,fisheries)",4.4,7.0,981.0,7.0,4.0,46000.0,540000.0,14.47252747252747,88.0,5.0,88.0,124.0,76.0,1.5,0.9,244.0,128.0,116.0,5.0,92.0,686.0,18.32967032967033,0.2,0.5,22.0,0.3,42.417582417582416,1.6021978021978025,0.201098901098901,2023.0
07/23,5574.0,IBBALUR LAKE,"E (Irrigation, industrial cooling and controlled waste)",0.3,7.0,1056.0,45.0,4.0,31000.0,350000.0,14.79120879120879,68.0,5.0,68.0,188.0,236.0,1.5,15.2,184.0,96.0,88.0,7.0,118.0,10.0,18.505494505494507,0.2,0.5,27.0,0.3,42.37362637362637,1.5967032967032968,0.1983516483516483,2023.0
07/23,5574.0,"Basavanapura Lake Ayyappa Nagr Main Road ,
K. R. Puram , Bengaluru","D (Propagation of wild life,fisheries)",5.5,7.3,373.0,6.0,1.5,7900.0,92000.0,15.10989010989011,116.0,5.0,116.0,48.0,50.0,1.5,0.98,100.0,56.0,44.0,10.0,54.0,250.0,18.68131868131868,1.0,0.5,17.0,0.36,42.32967032967033,1.591208791208791,0.1956043956043955,2023.0
07/23,5574.0,BELLANDUR LAKE,"E (Irrigation, industrial cooling and controlled waste)",0.3,7.0,1382.0,202.0,5.0,2600000.0,35000000.0,15.428571428571429,132.0,5.0,132.0,176.0,788.0,1.5,28.0,328.0,168.0,160.0,6.0,106.0,966.0,18.857142857142858,0.2,0.5,30.0,0.3,42.285714285714285,1.585714285714286,0.1928571428571428,2023.0
07/23,5574.0,Kannur Lake Near By Hennur Road Bengalore,"D (Propagation of wild life,fisheries)",4.8,7.3,740.0,7.0,3.2,4800.0,54000.0,15.747252747252746,200.0,5.0,200.0,116.0,64.0,1.5,0.95,296.0,152.0,144.0,8.0,96.0,508.0,19.032967032967033,1.0,0.5,21.0,0.4,42.24175824175824,1.5802197802197802,0.1901098901098901,2023.0
07/23,5574.0,YELEMALLAPPA SHETTY LAKE,"E (Irrigation, industrial cooling and controlled waste)",0.3,6.7,1220.0,34.0,5.5,47000.0,540000.0,16.065934065934066,464.0,5.0,464.0,168.0,224.0,1.5,4.0,300.0,156.0,144.0,20.0,164.0,832.0,19.208791208791208,3.8,0.5,28.0,0.48,42.1978021978022,1.574725274725275,0.1873626373626373,2023.0
07/23,5574.0,VIBHUTHIPURA LAKE,"E (Irrigation, industrial cooling and controlled waste)",3.1,6.9,743.0,12.0,2.85,2600.0,54000.0,16.384615384615383,168.0,5.0,168.0,120.0,110.0,1.5,2.0,200.0,104.0,96.0,30.0,69.0,520.0,19.384615384615387,0.29,0.5,15.0,0.38,42.15384615384615,1.5692307692307692,0.1846153846153846,2023.0
07/23,5574.0,BHATTARAHALLI LAKE,"D (Propagation of wild life,fisheries)",4.2,8.2,580.0,9.0,2.6,8400.0,160000.0,16.7032967032967,108.0,5.0,108.0,144.0,84.0,1.5,0.96,96.0,52.0,44.0,15.0,88.0,396.0,19.56043956043956,0.9,0.5,17.0,0.24,42.10989010989011,1.5637362637362635,0.1818681318681318,2023.0
07/23,5574.0,DODDABIDARAKALLU LAKE,"E (Irrigation, industrial cooling and controlled waste)",0.3,6.7,1480.0,83.0,5.69,170000.0,2400000.0,17.021978021978022,340.0,5.0,340.0,252.0,320.0,1.5,14.2,404.0,208.0,196.0,60.0,125.0,1042.0,19.736263736263737,0.83,0.5,30.0,0.41,42.065934065934066,1.5582417582417585,0.1791208791208791,2023.0
07/23,5574.0,ANCHEPALYA LAKE,"D (Propagation of wild life,fisheries)",4.5,6.5,497.0,4.0,1.91,3300.0,54000.0,17.34065934065934,108.0,5.0,108.0,80.0,40.0,1.5,0.88,132.0,72.0,60.0,20.0,47.0,346.0,19.912087912087912,0.25,0.5,10.0,0.2,42.02197802197802,1.5527472527472528,0.1763736263736263,2023.0
07/23,5574.0,VARTHUR LAKE,"E (Irrigation, industrial cooling and controlled waste)",0.3,7.3,1380.0,73.0,5.3,1700000.0,24000000.0,17.659340659340657,316.0,5.0,316.0,232.0,328.0,1.5,17.8,352.0,180.0,172.0,56.0,120.0,972.0,20.087912087912088,0.87,0.5,28.0,0.42,41.97802197802198,1.5472527472527473,0.1736263736263736,2023.0
07/23,5574.0,KAIKONDANAHALLI LAKE,"D (Propagation of wild life,fisheries)",6.7,7.5,364.0,4.0,1.39,4800.0,54000.0,17.978021978021978,76.0,5.0,76.0,56.0,40.0,1.5,0.4,96.0,52.0,44.0,15.0,29.0,252.0,20.263736263736263,0.2,0.5,7.0,0.2,41.934065934065934,1.5417582417582418,0.1708791208791208,2023.0
07/23,5574.0,SHEELAVANTA-WHITEFIELD LAKE,"E (Irrigation, industrial cooling and controlled waste)",3.0,7.0,978.0,13.0,3.76,4000.0,92000.0,18.296703296703296,224.0,5.0,224.0,164.0,116.0,1.5,2.2,264.0,136.0,128.0,39.0,88.0,682.0,20.43956043956044,0.45,0.5,20.0,0.29,41.89010989010989,1.5362637362637364,0.1681318681318681,2023.0
07/23,5574.0,"Soulkere, Kaikondrahalli Vill,Bengaluru","D (Propagation of wild life,fisheries)",5.6,7.3,647.0,4.0,2.48,2200.0,35000.0,18.615384615384613,144.0,5.0,144.0,108.0,44.0,1.5,0.41,176.0,92.0,84.0,26.0,62.0,454.0,20.615384615384617,0.2,0.5,13.0,0.28,41.84615384615385,1.5307692307692309,0.1653846153846153,2023.0
07/23,5574.0,ALUR LAKE,"D (Propagation of wild life,fisheries)",6.1,6.8,213.0,4.0,1.0,3100.0,160000.0,18.934065934065934,36.0,5.0,36.0,28.0,40.0,1.5,0.4,48.0,28.0,20.0,8.0,16.0,148.0,20.791208791208792,0.2,0.5,4.0,0.2,41.8021978021978,1.5252747252747252,0.1626373626373626,2023.0
07/23,5574.0,DODDAKANNEHALLI LAKE,"D (Propagation of wild life,fisheries)",4.1,6.6,368.0,11.0,1.1,4600.0,92000.0,19.252747252747252,104.0,5.0,104.0,56.0,111.0,1.5,0.95,96.0,56.0,40.0,6.0,38.0,254.0,20.967032967032967,0.2,0.5,5.0,0.21,41.75824175824176,1.5197802197802197,0.1598901098901098,2023.0
07/23,5574.0,HESARAGHATTA LAKE,"D (Propagation of wild life,fisheries)",5.2,6.9,340.0,4.0,1.33,470.0,16000.0,19.57142857142857,76.0,5.0,76.0,56.0,43.0,1.5,0.44,92.0,52.0,40.0,14.0,38.0,238.0,21.142857142857142,0.2,0.5,7.0,0.2,41.714285714285715,1.5142857142857142,0.1571428571428571,2023.0
07/23,5574.0,DEVARABEESANAHALLI LAKE,"D (Propagation of wild life,fisheries)",4.3,7.4,645.0,11.0,1.9,470.0,16000.0,19.89010989010989,184.0,5.0,184.0,100.0,107.0,1.5,0.93,172.0,92.0,80.0,10.0,81.0,440.0,21.31868131868132,0.23,0.5,15.0,0.35,41.67032967032967,1.5087912087912088,0.1543956043956043,2023.0
07/23,5574.0,CHIKKABANAVARA LAKE,"E (Irrigation, industrial cooling and controlled waste)",2.7,7.0,1700.0,13.0,6.68,4100.0,92000.0,20.208791208791208,392.0,5.0,392.0,288.0,121.0,1.5,3.2,464.0,236.0,228.0,69.0,140.0,1192.0,21.494505494505496,1.24,0.5,34.0,0.33,41.62637362637363,1.5032967032967033,0.1516483516483516,2023.0
07/23,5574.0,KASAVANAHALLI LAKE,"D (Propagation of wild life,fisheries)",6.5,6.6,373.0,4.0,1.43,23000.0,240000.0,20.52747252747253,80.0,5.0,80.0,64.0,40.0,1.5,0.56,100.0,56.0,44.0,15.0,32.0,262.0,21.67032967032967,0.2,0.5,7.0,0.22,41.582417582417584,1.4978021978021978,0.1489010989010988,2023.0
07/23,5574.0,HARALUR LAKE,"D (Propagation of wild life,fisheries)",5.4,7.3,646.0,4.0,2.44,490.0,9200.0,20.846153846153847,140.0,5.0,140.0,104.0,45.0,1.5,0.58,176.0,96.0,80.0,27.0,61.0,452.0,21.846153846153847,0.2,0.5,13.0,0.31,41.53846153846154,1.4923076923076923,0.1461538461538461,2023.0
07/23,5574.0,"Kudlu Doddakere, Kudlu Vill,Bengaluru","D (Propagation of wild life,fisheries)",5.5,7.4,647.0,4.0,2.48,4300.0,160000.0,21.164835164835164,148.0,5.0,148.0,108.0,45.0,1.5,0.57,180.0,96.0,84.0,28.0,62.0,456.0,22.021978021978025,0.2,0.5,13.0,0.33,41.494505494505496,1.4868131868131869,0.1434065934065934,2023.0
07/23,5574.0,AGARAM LAKE,"D (Propagation of wild life,fisheries)",6.3,6.7,372.0,4.0,1.45,4900.0,92000.0,21.48351648351648,84.0,5.0,84.0,60.0,42.0,1.5,0.4,104.0,56.0,48.0,16.0,31.0,260.0,22.197802197802197,0.2,0.5,7.0,0.24,41.45054945054945,1.4813186813186814,0.1406593406593406,2023.0
07/23,5574.0,SOMASUNDRAPALYA LAKE,"D (Propagation of wild life,fisheries)",6.4,6.6,371.0,4.0,1.42,4800.0,54000.0,21.8021978021978,80.0,5.0,80.0,56.0,41.0,1.5,0.4,100.0,52.0,48.0,15.0,31.0,258.0,22.373626373626372,0.2,0.5,7.0,0.26,41.40659340659341,1.475824175824176,0.1379120879120879,2023.0
07/23,5574.0,PARAPPANA AGRAHARA LAKE,"D (Propagation of wild life,fisheries)",5.3,7.4,646.0,4.0,2.53,430.0,16000.0,22.12087912087912,140.0,5.0,140.0,100.0,45.0,1.5,0.49,176.0,96.0,80.0,27.0,62.0,454.0,22.54945054945055,0.2,0.5,13.0,0.32,41.362637362637365,1.4703296703296704,0.1351648351648351,2023.0
07/23,5574.0,MANGAMANAPALYA LAKE(SWARANA KUNTE,"D (Propagation of wild life,fisheries)",6.2,6.6,371.0,4.0,1.44,4000.0,35000.0,22.43956043956044,84.0,5.0,84.0,64.0,43.0,1.5,0.4,104.0,56.0,48.0,15.0,64.0,256.0,22.725274725274726,0.2,0.5,7.0,0.26,41.31868131868132,1.464835164835165,0.1324175824175824,2023.0
07/23,5574.0,"Anjanapura Lake ( Avala Halli Lake) Anjanapura,Beng","D (Propagation of wild life,fisheries)",6.1,6.7,370.0,4.0,1.42,630.0,9200.0,22.758241758241756,80.0,5.0,80.0,60.0,42.0,1.5,0.4,100.0,52.0,48.0,16.0,31.0,254.0,22.9010989010989,0.2,0.5,7.0,0.25,41.27472527472528,1.4593406593406597,0.1296703296703296,2023.0
07/23,5574.0,SARAKKI LAKE,"D (Propagation of wild life,fisheries)",4.9,7.5,740.0,4.0,2.84,460.0,16000.0,23.076923076923077,164.0,5.0,164.0,124.0,44.0,1.5,0.59,200.0,104.0,96.0,30.0,69.0,516.0,23.07692307692308,0.2,0.5,15.0,0.25,41.23076923076923,1.4538461538461538,0.1269230769230769,2023.0
07/23,5574.0,YELACHENAHALLI LAKE,"D (Propagation of wild life,fisheries)",4.7,8.5,284.0,4.0,1.1,4300.0,54000.0,23.39560439560439,72.0,5.0,72.0,44.0,46.0,1.5,0.72,64.0,36.0,28.0,12.0,25.0,198.0,23.252747252747255,0.2,0.5,6.0,0.2,41.18681318681319,1.4483516483516483,0.1241758241758241,2023.0
07/23,5574.0,CHINNAKURCHI KERE,"D (Propagation of wild life,fisheries)",5.8,8.2,1401.0,7.0,4.3,4300.0,54000.0,23.71428571428571,476.0,5.0,476.0,308.0,65.0,1.5,0.68,264.0,136.0,128.0,31.0,129.0,950.0,23.42857142857143,0.25,0.5,39.0,0.43,41.142857142857146,1.4428571428571428,0.1214285714285714,2023.0
07/23,5574.0,VENGAIYYANAKERE( KR PURAM LAKE ),"E (Irrigation, industrial cooling and controlled waste)",2.9,7.2,1404.0,58.0,5.0,46000.0,350000.0,24.032967032967033,312.0,5.0,312.0,152.0,220.0,1.5,1.3,252.0,132.0,120.0,31.0,42.0,938.0,23.60439560439561,1.0,0.5,30.0,0.29,41.098901098901095,1.4373626373626374,0.1186813186813186,2023.0
07/23,5574.0,DHOREKERE TANK,"E (Irrigation, industrial cooling and controlled waste)",3.0,7.4,446.0,20.0,1.3,1700.0,24000.0,24.35164835164835,124.0,5.0,124.0,68.0,199.0,1.5,3.6,116.0,64.0,52.0,7.0,45.0,306.0,23.78021978021978,0.2,0.5,6.0,0.2,41.05494505494505,1.431868131868132,0.1159340659340659,2023.0
07/23,5574.0,SHIVAPURA TANK,"E (Irrigation, industrial cooling and controlled waste)",0.3,6.7,1954.0,78.0,31.0,1300000.0,3500000.0,24.670329670329668,416.0,5.0,416.0,508.0,254.0,1.5,5.2,496.0,252.0,244.0,74.0,201.0,1330.0,23.956043956043956,8.0,0.5,24.0,0.5,41.01098901098901,1.4263736263736264,0.1131868131868131,2023.0
07/23,5574.0,MADHURE TANK,"D (Propagation of wild life,fisheries)",4.1,7.3,1127.0,10.0,20.0,2600.0,35000.0,24.98901098901099,196.0,5.0,196.0,216.0,88.0,1.5,0.82,252.0,132.0,120.0,17.0,98.0,764.0,24.13186813186813,0.24,0.5,27.0,0.35,40.96703296703296,1.420879120879121,0.1104395604395604,2023.0
07/23,5574.0,TUBARAHALLI TANK,"D (Propagation of wild life,fisheries)",4.3,7.0,639.0,4.3,2.0,4000.0,35000.0,25.307692307692307,100.0,5.0,100.0,128.0,80.0,1.5,0.4,152.0,80.0,72.0,6.0,84.0,440.0,24.307692307692307,0.2,0.5,11.0,0.2,40.92307692307692,1.4153846153846157,0.1076923076923076,2023.0
07/23,5574.0,YELAHANKA TANK,"D (Propagation of wild life,fisheries)",4.1,7.0,626.0,11.0,1.8,310.0,9200.0,25.626373626373624,116.0,5.0,116.0,96.0,105.0,1.5,0.94,108.0,60.0,48.0,7.0,79.0,428.0,24.483516483516485,0.2,0.5,14.0,0.27,40.87912087912088,1.4098901098901098,0.1049450549450549,2023.0
07/23,5574.0,BYRASANDRA TANK,"D (Propagation of wild life,fisheries)",4.0,7.4,744.0,4.0,2.0,4700.0,54000.0,25.94505494505494,156.0,5.0,156.0,108.0,44.0,1.5,0.4,256.0,132.0,124.0,5.0,145.0,520.0,24.65934065934066,0.2,0.5,16.0,0.3,40.83516483516483,1.4043956043956043,0.1021978021978021,2023.0
07/23,5574.0,KALKERE TANK,"D (Propagation of wild life,fisheries)",4.2,7.0,1272.0,11.0,5.0,8400.0,92000.0,26.263736263736263,352.0,5.0,352.0,316.0,104.0,1.5,0.4,308.0,160.0,148.0,12.0,126.0,864.0,24.835164835164836,2.0,0.5,32.0,0.3,40.79120879120879,1.3989010989010988,0.0994505494505494,2023.0
07/23,5574.0,MADIWALA TANK,"D (Propagation of wild life,fisheries)",5.8,7.3,972.0,5.0,3.0,4000.0,35000.0,26.58241758241758,236.0,5.0,236.0,120.0,60.0,1.5,0.54,224.0,120.0,104.0,14.0,95.0,652.0,25.010989010989015,1.0,0.5,30.0,0.27,40.747252747252745,1.3934065934065931,0.0967032967032966,2023.0
07/23,5574.0,CHANDAPURA LAKE,"E (Irrigation, industrial cooling and controlled waste)",0.3,7.0,2390.0,25.0,7.3,220000.0,2400000.0,26.901098901098894,620.0,5.0,620.0,408.0,313.0,1.5,4.6,648.0,328.0,320.0,30.0,199.0,1630.0,25.18681318681319,1.24,0.5,21.0,0.84,40.7032967032967,1.387912087912088,0.0939560439560439,2023.0
07/23,5574.0,RAYASANDRA LAKE,"E (Irrigation, industrial cooling and controlled waste)",3.3,7.1,1880.0,18.0,4.0,46000.0,350000.0,27.21978021978022,500.0,5.0,500.0,352.0,207.0,1.5,4.0,532.0,272.0,260.0,24.0,174.0,1280.0,25.362637362637365,3.0,0.5,19.0,0.21,40.65934065934066,1.3824175824175824,0.0912087912087911,2023.0
07/23,5574.0,BEGUR TANK,"D (Propagation of wild life,fisheries)",4.3,7.0,552.0,9.0,2.0,4900.0,92000.0,27.538461538461537,84.0,5.0,84.0,84.0,88.0,1.5,0.75,152.0,80.0,17.0,5.0,73.0,380.0,25.53846153846154,0.2,0.5,16.0,0.2,40.61538461538461,1.376923076923077,0.0884615384615384,2023.0
07/23,5574.0,NAYANDANAHALLI TANK,"D (Propagation of wild life,fisheries)",4.2,8.1,963.0,10.0,2.8,1700.0,92000.0,27.857142857142858,272.0,5.0,272.0,148.0,101.0,1.5,0.9,260.0,136.0,124.0,15.0,94.0,656.0,25.714285714285715,0.4,0.5,12.0,0.36,40.57142857142857,1.3714285714285714,0.0857142857142856,2023.0
07/23,5574.0,JIGANI TANK,"D (Propagation of wild life,fisheries)",5.2,7.5,817.0,4.0,3.13,320.0,16000.0,28.175824175824175,184.0,5.0,184.0,136.0,40.0,1.5,0.4,216.0,112.0,104.0,33.0,76.0,568.0,25.89010989010989,0.2,0.5,16.0,0.26,40.527472527472526,1.365934065934066,0.0829670329670329,2023.0
07/23,5574.0,DASARAHALLI TANK,"D (Propagation of wild life,fisheries)",4.8,6.6,412.0,4.0,1.59,2200.0,24000.0,28.494505494505493,88.0,5.0,88.0,68.0,40.0,1.5,0.75,108.0,60.0,48.0,17.0,40.0,288.0,26.065934065934066,0.22,0.5,8.0,0.2,40.48351648351648,1.3604395604395605,0.0802197802197801,2023.0
07/23,5574.0,RAMAMMANA KERE,"D (Propagation of wild life,fisheries)",4.4,6.9,1696.0,5.0,6.53,4100.0,35000.0,28.81318681318681,388.0,5.0,388.0,284.0,45.0,1.5,0.91,460.0,236.0,224.0,69.0,140.0,1188.0,26.24175824175824,0.92,0.5,34.0,0.39,40.43956043956044,1.354945054945055,0.0774725274725274,2023.0
07/23,5574.0,YEDIYUR TANK,"D (Propagation of wild life,fisheries)",4.5,7.6,245.0,4.0,1.0,3400.0,35000.0,29.13186813186813,48.0,5.0,48.0,40.0,42.0,1.5,0.76,60.0,36.0,24.0,10.0,21.0,170.0,26.417582417582416,0.2,0.5,5.0,0.2,40.395604395604394,1.3494505494505495,0.0747252747252747,2023.0
07/23,5574.0,KEMPAMBUDHI TANK,"E (Irrigation, industrial cooling and controlled waste)",3.0,6.9,435.0,14.0,1.68,1700.0,24000.0,29.45054945054945,92.0,5.0,92.0,72.0,121.0,1.5,2.9,116.0,64.0,52.0,18.0,40.0,302.0,26.593406593406595,0.29,0.5,9.0,0.28,40.35164835164835,1.343956043956044,0.0719780219780219,2023.0
07/23,5574.0,LALBAGH TANK,"E (Irrigation, industrial cooling and controlled waste)",3.1,7.2,470.0,13.0,1.81,330.0,9200.0,29.769230769230766,104.0,5.0,104.0,76.0,120.0,1.5,2.7,124.0,68.0,56.0,19.0,45.0,328.0,26.76923076923077,0.2,0.5,9.0,0.33,40.30769230769231,1.3384615384615386,0.0692307692307692,2023.0
07/23,5574.0,Narasipura  Lake,"D (Propagation of wild life,fisheries)",4.3,6.9,527.0,9.0,1.12,490.0,16000.0,30.087912087912088,156.0,5.0,156.0,68.0,117.0,1.5,0.226,132.0,72.0,60.0,16.0,58.0,360.0,26.94505494505495,0.2,0.5,10.0,0.2,40.26373626373626,1.332967032967033,0.0664835164835164,2023.0
07/23,5574.0,Rachenahalli  Lake,"D (Propagation of wild life,fisheries)",5.0,6.8,1111.0,7.0,2.0,4600.0,54000.0,30.406593406593405,276.0,5.0,276.0,168.0,83.0,1.5,0.438,280.0,144.0,136.0,26.0,103.0,760.0,27.120879120879124,1.5,0.5,29.0,0.212,40.21978021978022,1.3274725274725274,0.0637362637362637,2023.0
07/23,5574.0,Kogilu  Lake,"D (Propagation of wild life,fisheries)",4.2,6.9,526.0,9.0,1.1,430.0,9200.0,30.725274725274723,156.0,5.0,156.0,70.0,113.0,1.5,0.4,160.0,84.0,76.0,12.0,57.0,360.0,27.2967032967033,1.22,0.5,13.0,0.2,40.175824175824175,1.321978021978022,0.0609890109890109,2023.0
07/23,5574.0,Gubbalala  Lake,"D (Propagation of wild life,fisheries)",4.8,6.9,380.0,6.0,0.7,3300.0,54000.0,31.043956043956044,140.0,5.0,140.0,36.0,71.0,1.5,0.4,144.0,76.0,68.0,11.0,28.0,260.0,27.47252747252747,0.2,0.5,3.0,0.2,40.13186813186813,1.3164835164835165,0.0582417582417582,2023.0
07/23,5574.0,Subramanyapura   Lake,"D (Propagation of wild life,fisheries)",4.3,7.1,732.0,5.0,1.4,5800.0,92000.0,31.36263736263736,196.0,5.0,196.0,100.0,66.0,1.5,0.4,220.0,116.0,104.0,26.0,79.0,502.0,27.64835164835165,0.2,0.5,13.0,0.2,40.08791208791209,1.310989010989011,0.0554945054945054,2023.0
07/23,5574.0,Devarakere   Lake,"D (Propagation of wild life,fisheries)",4.4,6.7,320.0,5.0,0.63,4000.0,35000.0,31.68131868131868,120.0,5.0,120.0,32.0,46.0,1.5,0.2,128.0,68.0,60.0,4.0,27.0,220.0,27.824175824175825,0.27,0.5,3.0,0.2,40.04395604395605,1.3054945054945055,0.0527472527472527,2023.0
08/23,4530.0,KAMMASANDRA LAKE,"E (Irrigation, industrial cooling)",0.3,7.4,1394.0,28.0,7.3,49000000.0,240000000.0,3.123809523809524,600.0,5.0,600.0,180.0,192.0,4.66952380952381,10.5,488.0,248.0,240.0,29.0,91.0,948.0,16.17142857142857,2.8,0.5,28.0,0.38,41.0,1.993428571428571,0.5452380952380953,2023.0
08/23,5575.0,"Hanchanal Lake ,Hanchanal Vill,Bengaluru","D (Propagation of wild life,fisheries)",5.1,6.9,1187.0,3.9,12.0,1840.0,3200.0,3.2476190476190476,380.0,5.0,228.0,216.0,60.0,4.639047619047619,0.4,232.0,100.0,132.0,220.0,45.0,760.0,16.34285714285714,0.4,0.5,6.81,0.75,41.0,1.9868571428571429,0.5404761904761906,2023.0
08/23,3645.0,DEVARAYASAMUDRA LAKE,"D (Propagation of wild life, fisheries)",4.1,7.4,466.0,7.0,8.0,4800.0,35000.0,3.371428571428571,160.0,5.0,160.0,44.0,72.0,4.6085714285714285,0.6,220.0,116.0,104.0,8.0,43.0,320.0,16.514285714285712,0.3,0.5,6.0,0.4,41.0,1.9802857142857144,0.5357142857142858,2023.0
08/23,5589.0,"Mallapura Kere, Mallapura Vill, Nh-13, Hospet Road Chitradurga,Bengaluru","D (Propagation of wild life, fisheries)",0.3,7.8,1480.0,28.2,1.95,130.0,2800.0,3.4952380952380953,116.0,5.0,330.0,220.0,44.0,4.578095238095238,2.39,328.0,216.0,112.0,56.0,165.1,968.0,16.685714285714287,0.25,0.5,25.05,0.36,41.0,1.9737142857142855,0.530952380952381,2023.0
08/23,3648.0,MYDALA TANK,"D (Propagation of wild life, fisheries)",5.6,7.0,250.0,4.0,6.0,480.0,16000.0,3.619047619047619,72.0,5.0,72.0,20.0,40.0,4.5476190476190474,0.4,68.0,40.0,28.0,7.0,15.0,170.0,16.857142857142858,0.2,0.5,3.0,0.2,41.0,1.967142857142857,0.5261904761904762,2023.0
08/23,3644.0,MULBAGALU LAKE,"E (Irrigation, industrial cooling and controlled waste)",2.9,7.9,1196.0,20.0,4.0,7000.0,92000.0,3.742857142857143,388.0,5.0,388.0,336.0,136.0,4.517142857142857,2.0,288.0,148.0,140.0,8.0,93.0,824.0,17.02857142857143,0.2,0.5,4.0,0.4,41.0,1.9605714285714289,0.5214285714285715,2023.0
08/23,3621.0,HARALUR LAKE,"E (Irrigation, industrial cooling and controlled waste)",2.0,8.2,968.0,17.0,3.7,6300.0,54000.0,3.8666666666666663,244.0,5.0,244.0,148.0,117.0,4.486666666666667,1.5,248.0,128.0,120.0,99.0,99.0,660.0,17.2,2.6,0.5,22.0,0.26,41.0,1.954,0.5166666666666667,2023.0
08/23,5571.0,"Kudlu Doddakere, Kudlu Vill,Bengaluru","D (Propagation of wild life,fisheries)",4.1,8.5,708.0,10.0,3.0,27000.0,240000.0,3.9904761904761905,128.0,12.0,140.0,136.0,99.0,4.456190476190477,0.84,164.0,88.0,76.0,57.0,92.0,480.0,17.37142857142857,0.44,0.5,20.0,0.26,41.0,1.9474285714285715,0.511904761904762,2023.0
08/23,5572.0,"Kudlu Chikkakere, Bgp Layout Kudlu Vill ,Bengaluru","D (Propagation of wild life,fisheries)",4.1,8.5,710.0,11.0,3.0,7900.0,54000.0,4.114285714285714,128.0,12.0,140.0,136.0,104.0,4.425714285714286,0.86,164.0,88.0,76.0,58.0,93.0,486.0,17.542857142857144,0.45,0.5,20.0,0.28,41.0,1.9408571428571428,0.5071428571428572,2023.0
08/23,3611.0,KAIKONDANAHALLI LAKE,"D (Propagation of wild life,fisheries)",4.4,8.5,762.0,9.0,3.3,4600.0,35000.0,4.238095238095238,136.0,16.0,152.0,148.0,88.0,4.395238095238096,0.8,204.0,108.0,96.0,34.0,101.0,522.0,17.714285714285715,2.4,0.5,26.0,0.3,41.0,1.9342857142857144,0.5023809523809524,2023.0
08/23,4529.0,KASAVANAHALLI LAKE,"D (Propagation of wild life,fisheries)",4.6,7.5,630.0,8.0,2.9,4800.0,92000.0,4.361904761904762,156.0,5.0,156.0,128.0,74.0,4.364761904761905,0.79,156.0,84.0,72.0,5.0,92.0,432.0,17.885714285714286,0.2,0.5,16.0,0.25,41.0,1.9277142857142855,0.4976190476190476,2023.0
08/23,3620.0,PARAPPANA AGRAHARA LAKE,"E (Irrigation, industrial cooling and controlled waste)",3.4,8.0,904.0,12.0,3.7,4700.0,160000.0,4.485714285714286,236.0,5.0,236.0,148.0,119.0,4.3342857142857145,1.3,268.0,140.0,128.0,35.0,111.0,620.0,18.057142857142857,0.4,0.5,35.0,0.35,41.0,1.9211428571428573,0.4928571428571429,2023.0
08/23,4528.0,DODDAKANNEHALLI LAKE,"D (Propagation of wild life,fisheries)",4.4,8.5,769.0,9.0,3.0,1700.0,24000.0,4.609523809523809,100.0,16.0,116.0,144.0,80.0,4.303809523809524,0.83,156.0,84.0,72.0,45.0,93.0,520.0,18.228571428571428,1.7,0.5,18.0,0.26,41.0,1.9145714285714288,0.4880952380952381,2023.0
08/23,4521.0,DEVARABEESANAHALLI LAKE,"D (Propagation of wild life,fisheries)",5.2,7.7,1272.0,7.0,5.9,4600.0,54000.0,4.733333333333333,148.0,5.0,148.0,368.0,69.0,4.273333333333333,0.82,276.0,144.0,132.0,30.0,176.0,868.0,18.4,1.8,0.5,37.0,0.44,41.0,1.908,0.4833333333333334,2023.0
08/23,5570.0,"Soulkere, Kaikondrahalli Vill,Bengaluru","D (Propagation of wild life,fisheries)",4.5,7.5,1265.0,8.0,5.9,4000.0,92000.0,4.857142857142858,168.0,5.0,168.0,340.0,73.0,4.242857142857143,0.76,316.0,164.0,152.0,23.0,185.0,864.0,18.571428571428573,1.9,0.5,31.0,0.48,41.0,1.9014285714285717,0.4785714285714286,2023.0
08/23,4542.0,BASAVANAPURA LAKE,"D (Propagation of wild life,fisheries)",5.7,7.8,310.0,5.0,1.0,4000.0,54000.0,4.980952380952381,92.0,5.0,92.0,40.0,64.0,4.212380952380952,0.4,96.0,56.0,40.0,11.0,34.0,208.0,18.742857142857144,0.3,0.5,10.0,0.2,41.0,1.8948571428571428,0.4738095238095238,2023.0
08/23,3616.0,KALENA AGRAHARA LAKE,"D (Propagation of wild life,fisheries)",5.8,7.7,338.0,5.0,1.0,2300.0,24000.0,5.104761904761904,96.0,5.0,96.0,44.0,60.0,4.181904761904762,0.4,128.0,72.0,56.0,12.0,24.0,230.0,18.914285714285715,0.3,0.5,10.0,0.22,41.0,1.8882857142857143,0.4690476190476191,2023.0
08/23,3613.0,GOTTIGERE LAKE,"D (Propagation of wild life,fisheries)",5.8,7.7,833.0,5.0,3.0,3100.0,35000.0,5.228571428571429,148.0,5.0,148.0,140.0,68.0,4.151428571428571,0.4,168.0,92.0,76.0,36.0,97.0,556.0,19.085714285714285,0.28,0.5,24.0,0.35,41.0,1.8817142857142857,0.4642857142857143,2023.0
08/23,3615.0,ARAKERE LAKE,"D (Propagation of wild life,fisheries)",5.7,7.8,332.0,5.0,1.0,470.0,16000.0,5.352380952380953,96.0,5.0,96.0,40.0,48.0,4.120952380952382,0.4,100.0,56.0,44.0,12.0,19.0,224.0,19.257142857142856,0.3,0.5,10.0,0.22,41.0,1.8751428571428572,0.4595238095238095,2023.0
08/23,3619.0,BEGUR TANK,"D (Propagation of wild life,fisheries)",5.4,7.7,825.0,6.0,3.0,4300.0,92000.0,5.476190476190476,140.0,5.0,140.0,152.0,56.0,4.09047619047619,0.4,164.0,88.0,76.0,35.0,98.0,554.0,19.42857142857143,0.29,0.5,25.0,0.35,41.0,1.8685714285714283,0.4547619047619048,2023.0
08/23,4543.0,KODI SINGASANDRA LAKE,"D (Propagation of
wild life,fisheries)",6.1,7.7,1012.0,4.0,4.0,330.0,16000.0,5.6,184.0,5.0,184.0,138.0,44.0,4.0600000000000005,0.4,200.0,108.0,92.0,9.0,138.0,682.0,19.6,0.91,0.5,23.0,0.33,41.0,1.862,0.45,2023.0
08/23,3618.0,SINGASANDRA LAKE,"D (Propagation of wild life,fisheries)",4.7,8.0,898.0,7.0,3.0,2200.0,24000.0,5.723809523809524,192.0,5.0,192.0,128.0,88.0,4.02952380952381,0.48,240.0,128.0,112.0,28.0,94.0,604.0,19.771428571428572,2.0,0.5,28.0,0.28,41.0,1.8554285714285712,0.4452380952380952,2023.0
08/23,3590.0,LALBAGH TANK,"D (Propagation of wild life,fisheries)",4.1,6.7,495.0,12.0,1.4,3900.0,92000.0,5.847619047619048,140.0,5.0,140.0,76.0,116.0,3.9990476190476194,0.95,132.0,72.0,60.0,8.0,49.0,340.0,19.942857142857143,0.2,0.5,6.0,0.21,41.0,1.8488571428571428,0.4404761904761905,2023.0
08/23,4504.0,SARAKKI LAKE,"D (Propagation of wild life,fisheries)",5.0,7.4,813.0,7.0,2.4,490.0,16000.0,5.9714285714285715,232.0,5.0,232.0,124.0,68.0,3.968571428571429,0.61,220.0,116.0,104.0,13.0,80.0,552.0,20.11428571428571,0.34,0.5,10.0,0.35,41.0,1.8422857142857143,0.4357142857142857,2023.0
08/23,3638.0,YELACHENAHALLI LAKE,"D (Propagation of wild life,fisheries)",4.4,7.1,333.0,10.0,1.0,7900.0,92000.0,6.095238095238095,96.0,5.0,96.0,48.0,102.0,3.9380952380952383,0.92,88.0,52.0,36.0,5.0,34.0,230.0,20.285714285714285,0.2,0.5,4.0,0.2,41.0,1.8357142857142856,0.430952380952381,2023.0
08/23,3592.0,YEDIYUR TANK,"D (Propagation of wild life,fisheries)",4.2,7.4,251.0,11.0,0.73,11000.0,54000.0,6.219047619047619,72.0,5.0,72.0,36.0,109.0,3.907619047619048,0.94,64.0,40.0,24.0,5.0,26.0,174.0,20.457142857142856,0.2,0.5,3.0,0.2,41.0,1.8291428571428572,0.4261904761904762,2023.0
08/23,3591.0,KEMPAMBUDHI TANK,"E (Irrigation, industrial cooling and controlled waste)",3.1,6.8,538.0,12.0,1.6,4800.0,35000.0,6.342857142857143,156.0,5.0,156.0,80.0,110.0,3.8771428571428577,2.6,144.0,80.0,64.0,8.0,53.0,366.0,20.62857142857143,0.22,0.5,7.0,0.23,41.0,1.8225714285714285,0.4214285714285715,2023.0
08/23,5566.0,"Basavanapura Lake Ayyappa
Nagr Main Road , K. R. Puram ,
Bengaluru","D (Propagation of wild life,fisheries)",4.8,6.5,1059.0,6.0,1.0,5800.0,92000.0,6.466666666666667,116.0,5.0,116.0,52.0,56.0,3.8466666666666662,0.4,124.0,68.0,14.0,15.0,44.0,720.0,20.8,0.22,0.5,12.0,0.21,41.0,1.816,0.4166666666666667,2023.0
08/23,3605.0,YELEMALLAPPA SHETTY LAKE,"E (Irrigation, industrial cooling and controlled waste)",2.8,6.5,1190.0,13.0,2.38,410.0,16000.0,6.59047619047619,396.0,5.0,396.0,96.0,116.0,3.816190476190476,11.0,256.0,132.0,124.0,31.0,67.0,806.0,20.97142857142857,0.2,0.5,14.0,0.2,41.0,1.8094285714285712,0.4119047619047619,2023.0
08/23,4515.0,BHATTARAHALLI LAKE,"D (Propagation of wild life,fisheries)",4.8,7.7,815.0,7.0,2.14,310.0,9200.0,6.714285714285714,132.0,5.0,132.0,144.0,60.0,3.785714285714286,0.4,92.0,52.0,40.0,18.0,94.0,552.0,21.142857142857142,0.2,0.5,19.0,0.36,41.0,1.802857142857143,0.4071428571428571,2023.0
08/23,3643.0,BENNIGANAHALLI LAKE,"D (Propagation of wild life,fisheries)",4.9,6.9,491.0,4.0,1.88,700.0,16000.0,6.838095238095239,108.0,5.0,108.0,80.0,46.0,3.755238095238095,0.86,128.0,68.0,60.0,20.0,42.0,342.0,21.314285714285713,0.2,0.5,10.0,0.2,41.0,1.7962857142857145,0.4023809523809524,2023.0
08/23,3603.0,VENGAIYYANAKERE( KR PURAM LAKE ),"D (Propagation of wild life,fisheries)",4.8,6.9,1420.0,4.0,5.45,4000.0,92000.0,6.961904761904762,328.0,5.0,328.0,240.0,46.0,3.724761904761905,0.82,384.0,196.0,188.0,58.0,114.0,994.0,21.485714285714288,0.75,0.5,28.0,0.28,41.0,1.7897142857142858,0.3976190476190476,2023.0
08/23,4526.0,DEVASANDRA LAKE,"D (Propagation of wild life,fisheries)",5.0,6.7,428.0,4.0,1.64,480000.0,3500000.0,7.085714285714285,96.0,5.0,96.0,68.0,41.0,3.6942857142857144,0.74,112.0,60.0,52.0,17.0,37.0,296.0,21.65714285714286,0.2,0.5,9.0,0.2,41.0,1.7831428571428571,0.3928571428571429,2023.0
08/23,5563.0,"Segehalli Lake Baavanapura Road Battarahalli , Bangalore East","E (Irrigation, industrial cooling and controlled waste)",2.9,7.2,840.0,18.0,3.22,230000.0,2400000.0,7.20952380952381,192.0,5.0,192.0,140.0,156.0,3.663809523809524,3.1,224.0,116.0,108.0,34.0,77.0,586.0,21.82857142857143,0.46,0.5,17.0,0.2,41.0,1.7765714285714287,0.3880952380952381,2023.0
08/23,5564.0,"Kannamangala Lake Hoskote Main Road , Bengalore","D (Propagation of wild life,fisheries)",5.1,6.9,2041.0,4.0,7.83,4900.0,54000.0,7.333333333333334,476.0,5.0,476.0,344.0,40.0,3.6333333333333337,0.55,556.0,284.0,272.0,83.0,163.0,1432.0,22.0,0.42,0.5,41.0,0.31,41.0,1.77,0.3833333333333333,2023.0
08/23,3614.0,PUTTENAHALLI LAKE,"D (Propagation of wild life,fisheries)",4.2,7.2,390.0,4.0,2.0,4800.0,54000.0,7.457142857142857,96.0,5.0,96.0,48.0,40.0,3.602857142857143,0.62,120.0,64.0,56.0,13.0,36.0,268.0,22.17142857142857,0.55,0.5,12.0,0.2,41.0,1.7634285714285711,0.3785714285714286,2023.0
08/23,5567.0,"Doddakallasandra Lake,Bengalur","D (Propagation of wild life,fisheries)",4.3,6.9,410.0,4.0,2.0,630.0,16000.0,7.580952380952381,100.0,5.0,100.0,84.0,44.0,3.5723809523809527,0.72,108.0,60.0,48.0,5.0,42.0,286.0,22.34285714285714,0.54,0.5,11.0,0.3,41.0,1.756857142857143,0.3738095238095238,2023.0
08/23,4544.0,KOTHANURU LAKE,"D (Propagation of wild life,fisheries)",4.3,7.1,379.0,5.0,2.0,21.0,540.0,7.704761904761905,116.0,5.0,116.0,48.0,48.0,3.541904761904762,0.73,104.0,56.0,48.0,11.0,36.0,264.0,22.514285714285712,0.23,0.5,12.0,0.2,41.0,1.7502857142857142,0.369047619047619,2023.0
08/23,5574.0,"Anjanapura Lake ( Avala Halli Lake) Anjanapura,Bengaluru","D (Propagation of wild life,fisheries)",4.0,6.9,416.0,9.0,2.0,700.0,16000.0,7.828571428571429,128.0,5.0,128.0,72.0,88.0,3.5114285714285716,0.74,92.0,52.0,10.0,5.0,42.0,290.0,22.685714285714287,0.2,0.5,11.0,0.3,41.0,1.7437142857142858,0.3642857142857143,2023.0
08/23,3602.0,BELLANDUR LAKE,"E (Irrigation, industrial cooling and controlled waste)",0.3,6.9,1186.0,18.0,2.8,3300.0,35000.0,7.952380952380952,328.0,5.0,328.0,208.0,192.0,3.480952380952381,2.16,256.0,136.0,120.0,16.0,132.0,810.0,22.857142857142858,0.56,0.5,12.0,0.21,41.0,1.737142857142857,0.3595238095238096,2023.0
08/23,3589.0,MADIWALA TANK,"D (Propagation of wild life,fisheries)",4.8,7.3,1170.0,8.0,3.0,4000.0,35000.0,8.076190476190476,200.0,5.0,200.0,108.0,95.0,3.4504761904761905,0.4,244.0,128.0,116.0,10.0,140.0,796.0,23.02857142857143,0.58,0.5,12.0,0.2,41.0,1.7305714285714286,0.3547619047619048,2023.0
08/23,4547.0,"MANGAMANAPALYA
LAKE(SWARANA KUNTE)","D (Propagation of
wild life,fisheries)",4.3,7.3,1168.0,7.0,3.0,3100.0,92000.0,8.2,208.0,5.0,208.0,124.0,89.0,3.42,0.4,220.0,116.0,104.0,11.0,144.0,790.0,23.2,0.63,0.5,12.0,0.21,41.0,1.724,0.35,2023.0
08/23,3622.0,SOMASUNDRAPALYA LAKE,"D (Propagation of wild life,fisheries)",4.5,7.4,796.0,8.0,2.0,4800.0,54000.0,8.323809523809524,184.0,5.0,184.0,116.0,90.0,3.3895238095238094,0.4,196.0,112.0,84.0,10.0,82.0,546.0,23.371428571428577,0.24,0.5,12.0,0.21,41.0,1.7174285714285715,0.3452380952380952,2023.0
08/23,3609.0,IBBALUR LAKE,"D (Propagation of wild life,fisheries)",4.3,7.2,1027.0,6.0,2.2,4700.0,160000.0,8.447619047619048,192.0,5.0,192.0,128.0,75.0,3.3590476190476193,0.4,196.0,108.0,88.0,9.0,107.0,700.0,23.542857142857144,0.49,0.5,8.0,0.21,41.0,1.7108571428571429,0.3404761904761905,2023.0
08/23,3612.0,AGARAM LAKE,"D (Propagation of wild life,fisheries)",4.4,7.3,795.0,6.0,2.0,2200.0,24000.0,8.571428571428571,180.0,5.0,180.0,116.0,75.0,3.3285714285714287,0.4,168.0,100.0,68.0,11.0,89.0,540.0,23.714285714285715,0.28,0.5,12.0,0.23,41.0,1.7042857142857142,0.3357142857142857,2023.0
08/23,3642.0,JIGANI TANK,"D (Propagation of wild life,fisheries)",4.0,7.7,896.0,9.0,4.0,330.0,9200.0,8.695238095238096,252.0,5.0,252.0,148.0,84.0,3.298095238095238,0.97,212.0,112.0,100.0,37.0,123.0,612.0,23.88571428571429,0.2,0.5,37.0,0.57,41.0,1.6977142857142855,0.330952380952381,2023.0
08/23,3594.0,SANKEY TANK,"D (Propagation of wild life,fisheries)",4.9,7.6,549.0,7.0,1.6,460.0,16000.0,8.81904761904762,156.0,5.0,156.0,84.0,69.0,3.267619047619048,0.57,148.0,80.0,68.0,9.0,54.0,374.0,24.057142857142857,0.23,0.5,7.0,0.23,41.0,1.6911428571428573,0.3261904761904762,2023.0
08/23,3624.0,PUTTENAHALLI LAKE,"D (Propagation of wild life,fisheries)",4.1,7.1,754.0,11.0,2.2,3300.0,35000.0,8.942857142857143,216.0,5.0,216.0,116.0,112.0,3.2371428571428575,0.95,204.0,108.0,96.0,12.0,74.0,514.0,24.228571428571428,0.32,0.5,9.0,0.32,41.0,1.6845714285714286,0.3214285714285714,2023.0
08/23,3625.0,HEBBAL LAKE,"D (Propagation of wild life,fisheries)",4.2,7.0,750.0,11.0,2.2,4800.0,92000.0,9.066666666666666,212.0,5.0,212.0,116.0,107.0,3.206666666666667,0.93,200.0,108.0,92.0,12.0,74.0,510.0,24.4,0.31,0.5,9.0,0.34,41.0,1.678,0.3166666666666666,2023.0
08/23,3629.0,ALLALASANDRA LAKE,"E (Irrigation, industrial cooling and controlled waste)",3.2,6.9,1119.0,13.0,3.2,2700.0,24000.0,9.19047619047619,312.0,5.0,312.0,172.0,129.0,3.1761904761904765,1.9,300.0,156.0,144.0,17.0,109.0,762.0,24.57142857142857,0.47,0.5,14.0,0.47,41.0,1.6714285714285717,0.3119047619047619,2023.0
08/23,3630.0,YELAHANKA TANK,"E (Irrigation, industrial cooling and controlled
waste)",3.0,6.9,1207.0,13.0,3.5,3900.0,160000.0,9.314285714285717,336.0,5.0,336.0,188.0,131.0,3.145714285714286,2.1,324.0,168.0,156.0,18.0,117.0,822.0,24.742857142857144,0.51,0.5,15.0,0.57,41.0,1.6648571428571428,0.3071428571428571,2023.0
08/23,3627.0,JAKKUR LAKE,"E (Irrigation,
industrial cooling and controlled waste)",2.8,7.2,1207.0,23.0,4.63,4900.0,54000.0,9.438095238095238,280.0,5.0,280.0,200.0,160.0,3.1152380952380954,4.7,328.0,168.0,160.0,49.0,107.0,842.0,24.914285714285715,0.57,0.5,24.0,0.32,41.0,1.6582857142857144,0.3023809523809524,2023.0
08/23,3626.0,NAGAVARA LAKE,"D (Propagation of wild life,fisheries)",6.1,7.1,640.0,4.0,2.45,2200.0,24000.0,9.561904761904762,144.0,5.0,144.0,104.0,41.0,3.084761904761905,0.4,172.0,92.0,80.0,26.0,60.0,446.0,25.085714285714285,0.2,0.5,13.0,0.2,41.0,1.6517142857142857,0.2976190476190476,2023.0
08/23,4507.0,CHELEKERE LAKE,"D (Propagation of wild life,fisheries)",6.6,6.7,559.0,4.0,2.14,6300.0,54000.0,9.685714285714289,124.0,5.0,124.0,92.0,40.0,3.0542857142857143,0.42,148.0,80.0,68.0,23.0,47.0,390.0,25.25714285714286,0.2,0.5,11.0,0.2,41.0,1.6451428571428572,0.2928571428571428,2023.0
08/23,4508.0,SINGAPURA LAKE,"D (Propagation of wild life,fisheries)",5.4,7.2,758.0,4.0,2.91,4100.0,35000.0,9.80952380952381,172.0,5.0,172.0,124.0,45.0,3.0238095238095237,0.4,204.0,108.0,96.0,31.0,70.0,530.0,25.42857142857143,0.2,0.5,15.0,0.2,41.0,1.6385714285714286,0.2880952380952381,2023.0
08/23,4509.0,NARASIPURA LAKE,"D (Propagation of wild life,fisheries)",6.5,6.9,589.0,4.0,2.26,7000.0,160000.0,9.933333333333334,132.0,5.0,132.0,96.0,44.0,2.9933333333333336,0.71,160.0,84.0,76.0,24.0,49.0,412.0,25.6,0.2,0.5,12.0,0.2,41.0,1.632,0.2833333333333333,2023.0
08/23,4510.0,RACHENAHALLI LAKE,"E (Irrigation, industrial cooling and controlled waste)",3.1,7.1,1209.0,17.0,4.73,4600.0,92000.0,10.057142857142855,280.0,5.0,280.0,200.0,136.0,2.962857142857143,2.7,328.0,168.0,160.0,50.0,108.0,840.0,25.771428571428572,0.58,0.5,24.0,0.28,41.0,1.6254285714285714,0.2785714285714286,2023.0
08/23,4511.0,KOGILU KERE,"D (Propagation of wild life,fisheries)",6.4,7.0,522.0,4.0,2.0,3100.0,35000.0,10.18095238095238,116.0,5.0,116.0,84.0,40.0,2.9323809523809525,0.64,140.0,76.0,64.0,21.0,45.0,364.0,25.942857142857143,0.2,0.5,10.0,0.24,41.0,1.6188571428571428,0.2738095238095238,2023.0
08/23,4505.0,NELAMANGALA LAKE,"D (Propagation of wild life,fisheries)",4.1,7.3,1692.0,9.0,6.0,470.0,16000.0,10.304761904761904,428.0,5.0,428.0,244.0,96.0,2.901904761904762,0.66,500.0,252.0,248.0,22.0,116.0,1136.0,26.11428571428571,0.41,0.5,28.0,0.31,41.0,1.6122857142857143,0.2690476190476191,2023.0
08/23,3600.0,SHIVAPURA TANK,"E (Irrigation, industrial cooling and controlled waste)",0.3,7.0,2620.0,70.0,8.8,46000.0,540000.0,10.428571428571429,612.0,5.0,612.0,444.0,317.0,2.871428571428572,12.9,660.0,336.0,324.0,48.0,177.0,1836.0,26.285714285714285,0.63,0.5,52.0,0.26,41.0,1.605714285714286,0.2642857142857143,2023.0
08/23,3601.0,KARIHOBANAHALLI LAKE,"E (Irrigation,
industrial cooling and controlled waste)",0.3,6.8,2163.0,66.0,8.2,170000.0,2400000.0,10.552380952380952,488.0,5.0,488.0,368.0,300.0,2.8409523809523813,11.6,544.0,276.0,268.0,39.0,152.0,1512.0,26.457142857142856,0.57,0.5,43.0,0.22,41.0,1.5991428571428572,0.2595238095238095,2023.0
08/23,3632.0,VEERAPURA TANK,"D (Propagation of wild life,fisheries)",6.1,7.1,588.0,4.0,2.0,4600.0,92000.0,10.676190476190476,132.0,5.0,132.0,76.0,40.0,2.810476190476191,0.4,184.0,100.0,84.0,19.0,49.0,398.0,26.628571428571423,0.2,0.5,10.0,0.26,41.0,1.5925714285714283,0.2547619047619048,2023.0
08/23,4503.0,MADHURE TANK,"D (Propagation of
wild life,fisheries)",6.0,7.0,589.0,4.0,2.0,6300.0,160000.0,10.8,136.0,5.0,136.0,76.0,44.0,2.78,0.4,168.0,88.0,80.0,22.0,48.0,396.0,26.8,0.2,0.5,11.0,0.27,41.0,1.586,0.25,2023.0
08/23,3598.0,HEROHALLI TANK,"D (Propagation of wild life,fisheries)",4.2,7.6,1613.0,7.0,7.0,49000.0,350000.0,10.923809523809524,392.0,5.0,392.0,248.0,76.0,2.7495238095238097,0.91,348.0,180.0,168.0,28.0,159.0,1128.0,26.97142857142857,1.0,0.5,26.0,0.2,41.0,1.5794285714285714,0.2452380952380952,2023.0
08/23,4512.0,VISWANEEDAM LAKE,"E (Irrigation, industrial cooling and controlled
waste)",0.3,7.3,1438.0,186.0,6.0,8400.0,92000.0,11.047619047619047,360.0,5.0,360.0,204.0,665.0,2.719047619047619,22.0,372.0,192.0,180.0,42.0,127.0,1006.0,27.142857142857142,1.41,0.5,24.0,0.2,41.0,1.572857142857143,0.2404761904761905,2023.0
08/23,5558.0,"Kannahalli Lake Kannahalli, Bengaluru","E (Irrigation, industrial cooling and controlled
waste)",1.3,7.2,1688.0,24.0,7.0,170.0,3500.0,11.17142857142857,416.0,5.0,416.0,232.0,162.0,2.6885714285714286,2.5,368.0,188.0,180.0,25.0,183.0,1164.0,27.314285714285717,0.93,0.5,27.0,0.2,41.0,1.5662857142857145,0.2357142857142857,2023.0
08/23,4097.0,KACHOHALLI LAKE,"E (Irrigation,
industrial cooling and controlled waste)",0.3,7.4,1687.0,124.0,7.0,7000.0,160000.0,11.295238095238096,376.0,5.0,376.0,224.0,480.0,2.658095238095238,13.2,324.0,168.0,156.0,34.0,170.0,1180.0,27.485714285714288,1.7,0.5,26.0,0.2,41.0,1.5597142857142856,0.2309523809523809,2023.0
08/23,4538.0,MACHOHALLI LAKE,"E (Irrigation, industrial cooling and controlled
waste)",0.3,7.3,1565.0,225.0,6.0,2300.0,24000.0,11.41904761904762,376.0,5.0,376.0,220.0,752.0,2.627619047619048,24.2,324.0,164.0,160.0,23.0,150.0,1094.0,27.65714285714286,1.6,0.5,24.0,0.2,41.0,1.5531428571428572,0.2261904761904762,2023.0
08/23,4094.0,GANGONDANAHALLI LAKE,"E (Irrigation,
industrial cooling and controlled waste)",0.3,7.3,1589.0,105.0,6.0,9400.0,54000.0,11.542857142857144,468.0,5.0,468.0,244.0,442.0,2.5971428571428574,14.3,360.0,184.0,176.0,53.0,151.0,1112.0,27.82857142857143,3.0,0.5,23.0,0.2,41.0,1.5465714285714287,0.2214285714285714,2023.0
08/23,4514.0,SADARAMANGALA LAKE,"D (Propagation of wild life,fisheries)",4.7,6.9,566.0,9.0,1.1,1300.0,24000.0,11.666666666666668,160.0,5.0,160.0,116.0,115.0,2.566666666666667,0.4,196.0,108.0,88.0,7.0,66.0,390.0,28.0,0.2,0.5,7.0,0.2,41.0,1.54,0.2166666666666666,2023.0
08/23,4518.0,GARUDACHARPALYA TANK,"D (Propagation of wild life,fisheries)",4.4,6.8,535.0,6.0,1.0,3900.0,54000.0,11.790476190476191,156.0,5.0,156.0,124.0,75.0,2.5361904761904763,0.4,176.0,104.0,72.0,6.0,68.0,380.0,28.17142857142857,0.2,0.5,7.0,0.2,41.0,1.5334285714285714,0.2119047619047619,2023.0
08/23,5562.0,"MahadevpuraÂ  Lake, K. R. Pura","D (Propagation of wild life,fisheries)",4.6,8.2,569.0,7.0,0.92,2200.0,24000.0,11.914285714285716,136.0,5.0,136.0,120.0,80.0,2.505714285714286,0.4,156.0,84.0,72.0,7.0,50.0,390.0,28.34285714285714,0.2,0.5,5.0,0.2,41.0,1.526857142857143,0.2071428571428571,2023.0
08/23,3610.0,TUBARAHALLI TANK,"D (Propagation of wild life,fisheries)",4.4,6.9,784.0,9.0,1.4,580.0,16000.0,12.038095238095238,236.0,5.0,236.0,212.0,104.0,2.4752380952380952,0.4,264.0,140.0,124.0,8.0,42.0,540.0,28.514285714285712,0.22,0.5,11.0,0.24,41.0,1.5202857142857142,0.2023809523809523,2023.0
08/23,4516.0,KUNDALAHALLI LAKE,"D (Propagation of wild life,fisheries)",4.8,7.0,1465.0,9.0,3.8,480.0,16000.0,12.16190476190476,280.0,5.0,280.0,268.0,116.0,2.444761904761905,0.4,412.0,212.0,200.0,18.0,143.0,998.0,28.685714285714283,1.45,0.5,19.0,0.25,41.0,1.5137142857142858,0.1976190476190476,2023.0
08/23,5561.0,"Munekolalu Lake ,Marathahalli, East Taluka ,Bengaluru","D (Propagation of wild life,fisheries)",4.8,6.8,779.0,6.0,1.5,3100.0,35000.0,12.285714285714286,200.0,5.0,200.0,192.0,75.0,2.4142857142857146,0.4,268.0,140.0,128.0,8.0,70.0,530.0,28.857142857142858,0.2,0.5,8.0,0.26,41.0,1.5071428571428571,0.1928571428571429,2023.0
08/23,4520.0,CHINNAPPANAHALLI LAKE,"D (Propagation of wild life,fisheries)",4.4,7.1,650.0,6.0,1.44,1700.0,24000.0,12.40952380952381,168.0,5.0,168.0,156.0,79.0,2.383809523809524,0.4,180.0,96.0,84.0,8.0,69.0,446.0,29.02857142857143,0.2,0.5,5.0,0.39,41.0,1.500571428571429,0.1880952380952381,2023.0
08/23,4531.0,RAYASANDRA LAKE,"E (Irrigation, industrial cooling and controlled waste)",0.3,8.2,2186.0,23.0,8.0,2200.0,92000.0,12.533333333333331,396.0,5.0,396.0,320.0,271.0,2.3533333333333335,0.4,476.0,244.0,232.0,34.0,131.0,1490.0,29.2,1.3,0.5,28.0,0.2,41.0,1.494,0.1833333333333333,2023.0
08/23,4107.0,"RIVER DAKSHINA PINAKINI NEAR MUGALUR BRIDGE MUGALUR, BENGALURU","E (Irrigation, industrial cooling and controlled
waste)",0.3,7.2,1544.0,30.0,4.0,460000.0,16000000.0,12.657142857142858,292.0,5.0,292.0,127.0,330.0,2.322857142857143,8.3,356.0,188.0,168.0,25.0,127.0,1050.0,29.371428571428577,0.24,0.5,16.0,0.21,41.0,1.4874285714285715,0.1785714285714286,2023.0
08/23,4522.0,VIBHUTHIPURA LAKE,"E (Irrigation, industrial cooling and controlled waste)",1.8,7.7,767.0,15.0,2.0,4600.0,54000.0,12.780952380952382,180.0,5.0,180.0,104.0,128.0,2.2923809523809524,1.2,172.0,92.0,80.0,12.0,69.0,520.0,29.542857142857144,1.0,0.5,23.0,0.23,41.0,1.4808571428571429,0.1738095238095238,2023.0
08/23,3608.0,VARTHUR LAKE,"E (Irrigation, industrial cooling and controlled waste)",0.3,6.5,1157.0,52.0,3.0,17000000.0,24000000.0,12.904761904761903,320.0,5.0,320.0,164.0,340.0,2.261904761904762,20.0,232.0,120.0,112.0,31.0,82.0,786.0,29.714285714285715,0.35,0.5,24.0,0.23,41.0,1.4742857142857142,0.169047619047619,2023.0
08/23,4527.0,SHEELAVANTA-WHITEFIELD LAKE,"D (Propagation of wild life,fisheries)",4.2,7.8,1060.0,10.0,3.0,4900.0,160000.0,13.028571428571428,168.0,5.0,168.0,200.0,92.0,2.231428571428572,0.71,248.0,128.0,120.0,102.0,84.0,720.0,29.88571428571429,1.0,0.5,16.0,0.2,41.0,1.4677142857142855,0.1642857142857143,2023.0
08/23,4524.0,PATTANDUR AGRAHARA LAKE,"D (Propagation of
wild life,fisheries)",4.8,6.8,1576.0,6.0,4.0,480.0,9200.0,13.152380952380952,280.0,5.0,280.0,344.0,56.0,2.200952380952381,0.4,372.0,192.0,180.0,32.0,124.0,1072.0,30.057142857142857,1.0,0.5,35.0,0.2,41.0,1.4611428571428573,0.1595238095238095,2023.0
08/23,4523.0,NALLURAHALLI LAKE,"D (Propagation of wild life,fisheries)",5.2,6.8,1571.0,6.0,4.0,310.0,16000.0,13.276190476190475,276.0,5.0,276.0,320.0,52.0,2.1704761904761907,0.4,344.0,176.0,168.0,28.0,116.0,1068.0,30.228571428571428,0.81,0.5,35.0,0.23,41.0,1.4545714285714286,0.1547619047619047,2023.0
08/23,5560.0,"Hoodi (Rajapalya Lake) Itpl Main Road, Near Hoodi,Bengaluru","D (Propagation of wild life,fisheries)",5.3,7.1,1620.0,5.0,4.0,3300.0,35000.0,13.4,328.0,5.0,328.0,276.0,44.0,2.14,0.4,128.0,68.0,60.0,121.0,99.0,1102.0,30.4,0.49,0.5,7.0,0.25,41.0,1.448,0.15,2023.0
08/23,4525.0,SEETHARAMPALYA LAKE,"D (Propagation of wild life,fisheries)",4.1,6.6,588.0,10.0,2.0,4000.0,54000.0,13.523809523809524,96.0,5.0,96.0,112.0,88.0,2.1095238095238096,0.4,172.0,92.0,80.0,25.0,57.0,398.0,30.57142857142857,0.68,0.5,14.0,0.2,41.0,1.4414285714285715,0.1452380952380952,2023.0
08/23,4096.0,ANDHRAHALLI LAKE,"E (Irrigation, industrial cooling and controlled waste)",0.8,7.3,1258.0,18.0,4.9,4600.0,92000.0,13.647619047619049,408.0,5.0,408.0,176.0,120.0,2.079047619047619,3.4,408.0,208.0,200.0,47.0,145.0,858.0,30.742857142857144,2.5,0.5,31.0,0.2,41.0,1.434857142857143,0.1404761904761904,2023.0
08/23,4540.0,KAMMAGONDANAHALLI LAKE,"E (Irrigation, industrial cooling and controlled waste)",0.8,7.0,874.0,18.0,4.2,2200000.0,24000000.0,13.771428571428572,316.0,5.0,316.0,56.0,116.0,2.048571428571429,2.5,340.0,176.0,164.0,26.0,127.0,602.0,30.914285714285715,0.23,0.5,29.0,0.2,41.0,1.4282857142857144,0.1357142857142857,2023.0
08/23,3606.0,DASARAHALLI TANK,"D (Propagation of wild life,fisheries)",5.6,7.0,626.0,7.0,1.3,4000.0,160000.0,13.895238095238096,96.0,5.0,242.66666666666669,46.666666666666664,62.0,2.0180952380952384,0.97,100.0,56.0,44.0,27.0,44.0,420.0,31.085714285714285,0.3,0.5,15.0,0.2,41.0,1.4217142857142857,0.1309523809523809,2023.0
08/23,4539.0,DODDABIDARAKALLU LAKE,"E (Irrigation, industrial cooling and controlled waste)",0.5,7.0,1096.0,18.0,5.2,1700.0,35000.0,14.01904761904762,356.0,5.0,169.33333333333334,37.33333333333333,122.0,1.987619047619048,2.8,356.0,184.0,172.0,50.0,153.0,748.0,31.25714285714286,3.1,0.5,32.0,0.2,41.0,1.415142857142857,0.1261904761904762,2023.0
08/23,3599.0,ANCHEPALYA LAKE,"D (Propagation of wild life,fisheries)",4.6,6.8,343.0,8.0,1.3,480.0,16000.0,14.142857142857142,96.0,5.0,96.0,28.0,80.0,1.9571428571428573,0.97,124.0,68.0,56.0,27.0,38.0,230.0,31.42857142857143,0.2,0.5,16.0,0.27,41.0,1.4085714285714286,0.1214285714285714,2023.0
08/23,4541.0,ALUR LAKE,"D (Propagation of wild life,fisheries)",5.5,7.3,340.0,7.0,1.2,470.0,16000.0,14.266666666666667,116.0,5.0,116.0,32.0,70.0,1.9266666666666667,0.74,124.0,68.0,56.0,11.0,43.0,230.0,31.6,0.2,0.5,15.0,0.22,41.0,1.402,0.1166666666666667,2023.0
08/23,4095.0,CHIKKABANAVARA LAKE,"D (Propagation of wild life,fisheries)",5.3,6.7,405.0,7.3,1.5,330.0,5400.0,14.39047619047619,92.0,5.0,92.0,28.0,68.0,1.896190476190476,0.7,128.0,64.0,64.0,29.0,51.0,278.0,31.771428571428572,0.2,0.5,15.0,0.2,41.0,1.3954285714285717,0.1119047619047619,2023.0
08/23,4513.0,RAMAMMANA KERE,"D (Propagation of wild life,fisheries)",5.4,7.3,603.0,7.0,1.1,390.0,16000.0,14.514285714285714,112.0,5.0,152.0,104.0,69.0,1.865714285714286,0.68,132.0,72.0,60.0,10.0,41.0,412.0,31.942857142857143,0.2,0.5,18.0,0.2,41.0,1.3888571428571428,0.1071428571428571,2023.0
08/23,2778.0,RIVER ARKAVATHI AT TIPPAGONDANAHALLI RESERVOIR,"D (Propagation of wild life,fisheries)",4.0,7.4,2082.0,8.0,8.0,31.0,350.0,14.63809523809524,212.0,5.0,212.0,180.0,84.0,1.8352380952380956,0.63,328.0,168.0,160.0,27.0,194.0,1456.0,32.114285714285714,1.21,0.5,21.0,0.3,41.0,1.3822857142857143,0.1023809523809524,2023.0
08/23,3597.0,HESARAGHATTA LAKE,"D (Propagation of wild life,fisheries)",4.8,7.2,402.0,7.0,1.4,320.0,9200.0,14.761904761904765,156.0,5.0,156.0,72.0,66.0,1.804761904761905,0.7,120.0,64.0,56.0,10.0,39.0,296.0,32.285714285714285,0.2,0.5,16.0,0.28,41.0,1.375714285714286,0.0976190476190476,2023.0
08/23,5559.0,"Shettihalli Lake, Mallasandra Gudde Lake Bengaluru","E (Irrigation, industrial cooling and controlled waste)",3.2,7.2,1193.0,17.0,4.0,4900.0,92000.0,14.885714285714286,276.0,5.0,276.0,136.0,124.0,1.7742857142857145,1.6,280.0,148.0,132.0,35.0,188.0,794.0,32.457142857142856,1.0,0.5,17.0,0.2,41.0,1.3691428571428572,0.0928571428571428,2023.0
08/23,3607.0,KALKERE TANK,"D (Propagation of wild life,fisheries)",4.1,7.3,590.0,12.0,1.7,41000.0,350000.0,15.00952380952381,168.0,5.0,168.0,88.0,116.0,1.743809523809524,0.94,156.0,84.0,72.0,9.0,58.0,404.0,32.62857142857143,0.25,0.5,7.0,0.27,41.0,1.3625714285714283,0.0880952380952381,2023.0
08/23,4519.0,RAMPURA LAKE,"E (Irrigation, industrial cooling and controlled waste)",0.3,7.2,2231.0,23.0,6.8,34000.0,240000.0,15.133333333333333,632.0,5.0,632.0,348.0,189.0,1.7133333333333334,4.2,616.0,316.0,300.0,36.0,215.0,1520.0,32.8,0.93,0.5,28.0,0.62,41.0,1.356,0.0833333333333333,2023.0
08/23,4535.0,GUBBALAL LAKE,"E (Irrigation,
industrial cooling and controlled waste)",0.3,6.5,645.0,124.0,3.0,4600.0,35000.0,15.257142857142858,120.0,5.0,120.0,72.0,418.0,1.6828571428571428,16.8,232.0,120.0,112.0,75.0,59.0,444.0,32.971428571428575,0.2,0.5,21.0,0.3,41.0,1.3494285714285714,0.0785714285714285,2023.0
08/23,3633.0,SUBRAMANYAPURA TANK,"D (Propagation of wild life,fisheries)",7.2,7.5,903.0,15.0,3.0,4700.0,92000.0,15.38095238095238,240.0,5.0,240.0,116.0,128.0,1.6523809523809527,1.7,208.0,120.0,88.0,51.0,138.0,614.0,33.14285714285714,0.37,0.5,15.0,0.43,41.0,1.342857142857143,0.0738095238095238,2023.0
08/23,3634.0,DEVARAKERE TANK,"D (Propagation of wild life,fisheries)",5.4,8.0,431.0,7.0,2.0,4800.0,160000.0,15.504761904761905,120.0,5.0,120.0,40.0,68.0,1.6219047619047622,0.8,140.0,76.0,64.0,5.0,64.0,296.0,33.31428571428572,0.2,0.5,9.0,0.2,41.0,1.3362857142857143,0.069047619047619,2023.0
08/23,4534.0,SOMPURA LAKE,"D (Propagation of
wild life,fisheries)",4.5,7.6,855.0,8.0,3.0,4100.0,54000.0,15.62857142857143,228.0,5.0,228.0,128.0,80.0,1.5914285714285716,0.48,212.0,112.0,100.0,42.0,118.0,558.0,33.48571428571429,0.35,0.5,17.0,0.37,41.0,1.3297142857142856,0.0642857142857142,2023.0
08/23,3641.0,DHOREKERE TANK,"D (Propagation of wild life,fisheries)",4.2,8.0,517.0,5.0,2.0,4300.0,92000.0,15.752380952380951,120.0,5.0,120.0,44.0,48.0,1.560952380952381,0.5,292.0,152.0,140.0,9.0,73.0,356.0,33.65714285714286,0.3,0.5,10.0,0.2,41.0,1.3231428571428572,0.0595238095238095,2023.0
08/23,3640.0,UTTARAHALLI DORAIKERE,"E (Irrigation, industrial cooling and controlled
waste)",0.3,7.7,471.0,170.0,2.0,4900.0,35000.0,15.876190476190477,104.0,5.0,104.0,52.0,594.0,1.5304761904761903,2.1,178.0,80.0,68.0,13.0,76.0,324.0,33.82857142857143,0.2,0.5,11.0,0.2,41.0,1.3165714285714287,0.0547619047619047,2023.0
09/23,1388.0,ULSOOR LAKE TRAINING CENTRE OF FISH BREEDING,"D (Propagation of wild life,fisheries)",4.8,7.6,380.0,7.0,1.7543434343434343,4300.0,92000.0,3.0,80.0,5.0,80.0,72.0,60.0,12.549019607843135,0.99,68.0,32.0,9.0,12.0,49.0,258.0,55.24,0.49,0.5,5.0,0.31,47.97979797979798,2.296969696969697,0.1786868686868686,2023.0
09/23,5568.0,"Ulsoor Lake Near Kalyani,Bengaluru","D (Propagation of wild life,fisheries)",5.6,6.7,385.0,6.0,1.7486868686868686,4800.0,35000.0,3.0,76.0,5.0,76.0,56.0,52.0,12.43627450980392,0.76,64.0,36.0,28.0,19.0,17.0,262.0,55.86,0.33,0.5,6.0,0.21,47.95959595959596,2.293939393939394,0.1773737373737373,2023.0
09/23,5569.0,"Byrasandra Upper Lake,Bengaluru","D (Propagation of wild life,fisheries)",5.4,6.5,425.0,6.0,1.743030303030303,4700.0,160000.0,3.0,80.0,5.0,80.0,36.0,56.0,12.323529411764708,0.78,104.0,56.0,48.0,22.0,46.0,290.0,56.48,0.73,0.5,4.0,0.25,47.93939393939394,2.2909090909090906,0.176060606060606,2023.0
09/23,3595.0,BYRASANDRA TANK,"D (Propagation of wild life,fisheries)",5.4,6.5,467.0,6.0,1.7373737373737377,4900.0,92000.0,3.0,72.0,5.0,72.0,68.0,56.0,12.21078431372549,0.98,88.0,48.0,40.0,18.0,46.0,316.0,57.1,0.43,0.5,4.0,0.26,47.91919191919192,2.2878787878787876,0.1747474747474747,2023.0
09/23,3593.0,ULSOOR LAKE TEMPLE,"D (Propagation of wild life,fisheries)",4.8,7.6,380.0,6.5,1.7317171717171718,4300.0,92000.0,3.0,80.0,5.0,80.0,72.0,60.0,12.098039215686274,0.99,68.0,32.0,36.0,12.0,49.0,258.0,57.72,0.49,0.5,5.0,0.31,47.898989898989896,2.2848484848484847,0.1734343434343434,2023.0
09/23,4504.0,SARAKKI LAKE,"D (Propagation of wild life,fisheries)",4.9,7.1,751.0,7.0,1.726060606060606,4100.0,160000.0,3.0,168.0,5.0,168.0,108.0,60.0,11.985294117647058,0.4,152.0,80.0,72.0,34.0,89.0,510.0,58.34,0.49,0.5,10.0,0.21,47.878787878787875,2.2818181818181817,0.1721212121212121,2023.0
09/23,3638.0,YELACHENAHALLI LAKE,"D (Propagation of wild life,fisheries)",4.3,6.8,387.0,8.0,1.7204040404040404,3200.0,54000.0,3.0,88.0,5.0,88.0,40.0,92.0,11.872549019607844,0.93,76.0,44.0,32.0,10.0,41.0,262.0,58.96,0.2,0.5,3.0,0.2,47.85858585858586,2.278787878787879,0.1708080808080808,2023.0
09/23,3592.0,YEDIYUR TANK,"D (Propagation of wild life,fisheries)",4.5,6.7,328.0,7.0,1.714747474747475,1700.0,24000.0,3.0,76.0,5.0,76.0,32.0,64.0,11.759803921568627,0.69,48.0,28.0,20.0,5.0,28.0,222.0,59.58,0.2,0.5,2.0,0.28,47.83838383838384,2.275757575757575,0.1694949494949494,2023.0
09/23,3591.0,KEMPAMBUDHI TANK,"D (Propagation of wild life,fisheries)",4.1,6.5,512.0,9.0,1.709090909090909,580.0,16000.0,3.0,136.0,5.0,136.0,28.0,84.0,11.647058823529411,0.96,136.0,72.0,64.0,10.0,49.0,348.0,60.2,1.0,0.5,6.0,0.31,47.81818181818182,2.2727272727272725,0.1681818181818181,2023.0
09/23,3590.0,LALBAGH TANK,"D (Propagation of wild life,fisheries)",4.1,6.8,545.0,10.0,1.7034343434343435,4600.0,35000.0,3.0,104.0,5.0,104.0,28.0,88.0,11.534313725490197,0.98,92.0,52.0,40.0,12.0,53.0,368.0,60.82,0.2,0.5,6.0,0.21,47.7979797979798,2.2696969696969695,0.1668686868686868,2023.0
09/23,4505.0,NELAMANGALA LAKE,"E (Irrigation, industrial cooling and controlled waste)",0.3,7.2,1348.0,86.0,1.6977777777777778,700.0,16000.0,3.0,296.0,5.0,296.0,224.0,404.0,11.42156862745098,5.6,372.0,192.0,180.0,23.0,115.0,908.0,61.44,1.0,0.5,35.0,0.48,47.77777777777778,2.2666666666666666,0.1655555555555555,2023.0
09/23,4095.0,CHIKKABANAVARA LAKE,"D (Propagation of wild life,fisheries)",4.1,7.2,1597.0,9.0,1.692121212121212,460.0,16000.0,3.0,320.0,5.0,320.0,400.0,100.0,11.308823529411764,0.98,400.0,204.0,196.0,36.0,160.0,1086.0,62.06,0.49,0.5,21.0,0.28,47.75757575757576,2.2636363636363637,0.1642424242424242,2023.0
09/23,3600.0,SHIVAPURA TANK,"E (Irrigation, industrial cooling and controlled waste)",1.4,6.8,2040.0,30.0,1.6864646464646464,3400.0,54000.0,3.0,192.0,5.0,192.0,400.0,196.0,11.196078431372548,15.28,388.0,200.0,188.0,78.0,156.0,1386.0,62.68,0.27,0.5,21.0,0.31,47.73737373737374,2.2606060606060603,0.1629292929292929,2023.0
09/23,3601.0,KARIHOBANAHALLI LAKE,"E (Irrigation, industrial cooling and controlled waste)",0.4,7.2,1914.0,21.0,1.6808080808080808,22000.0,240000.0,3.0,244.0,5.0,244.0,348.0,172.0,11.083333333333334,21.25,448.0,228.0,220.0,58.0,171.0,1300.0,63.3,1.35,0.5,12.0,0.29,47.71717171717171,2.2575757575757573,0.1616161616161616,2023.0
09/23,4515.0,BHATTARAHALLI LAKE,"D (Propagation of wild life,fisheries)",4.4,7.6,756.0,9.0,1.675151515151515,9400.0,160000.0,3.0,124.0,5.0,124.0,160.0,88.0,10.970588235294118,0.45,120.0,64.0,56.0,5.0,102.0,520.0,63.92,0.2,0.5,21.0,0.42,47.696969696969695,2.2545454545454544,0.1603030303030303,2023.0
09/23,5566.0,"Basavanapura Lake Ayyappa Nagr Main Road , K. R. Puram ,","D (Propagation of wild life,fisheries)",5.4,6.5,434.0,4.0,1.6694949494949496,4800.0,92000.0,3.0,96.0,5.0,96.0,68.0,41.0,10.857843137254902,0.44,112.0,60.0,52.0,18.0,35.0,302.0,64.53999999999999,0.2,0.5,9.0,0.2,47.676767676767675,2.2515151515151515,0.158989898989899,2023.0
09/23,3605.0,YELEMALLAPPA SHETTY LAKE,"E (Irrigation, industrial cooling and controlled waste)",3.2,6.5,1556.0,18.0,1.663838383838384,460.0,16000.0,3.0,356.0,5.0,356.0,260.0,160.0,10.745098039215687,4.8,416.0,212.0,204.0,63.0,124.0,1090.0,65.16,0.58,0.5,31.0,0.24,47.656565656565654,2.2484848484848485,0.1576767676767676,2023.0
09/23,3643.0,BENNIGANAHALLI LAKE,"D (Propagation of wild life,fisheries)",4.4,6.6,486.0,10.0,1.6581818181818182,2100.0,35000.0,3.0,84.0,5.0,84.0,84.0,100.0,10.632352941176473,0.89,100.0,56.0,44.0,23.0,66.0,334.0,65.78,0.24,0.5,18.0,0.28,47.63636363636363,2.245454545454545,0.1563636363636363,2023.0
09/23,3603.0,VENGAIYYANAKERE( KR PURAM LAKE ),"E (Irrigation, industrial cooling and controlled waste)",0.3,6.7,1147.0,100.0,1.6525252525252525,63000.0,540000.0,3.0,312.0,5.0,312.0,148.0,340.0,10.519607843137257,200.0,264.0,136.0,128.0,34.0,160.0,790.0,66.4,0.2,0.5,26.0,0.42,47.61616161616162,2.242424242424242,0.155050505050505,2023.0
09/23,4526.0,DEVASANDRA LAKE,"E (Irrigation, industrial cooling and controlled waste)",3.4,7.0,436.0,12.0,1.6468686868686868,11000.0,160000.0,3.0,108.0,5.0,108.0,60.0,112.0,10.40686274509804,9.14,128.0,68.0,60.0,15.0,53.0,300.0,67.02,0.2,0.5,14.0,0.26,47.5959595959596,2.2393939393939393,0.1537373737373737,2023.0
09/23,5563.0,"Segehalli Lake Baavanapura Road Battarahalli , Bangalore","D (Propagation of wild life,fisheries)",5.2,7.0,640.0,7.0,1.6412121212121211,12000.0,92000.0,3.0,172.0,5.0,172.0,68.0,76.0,10.294117647058822,0.48,176.0,92.0,84.0,15.0,106.0,440.0,67.64,1.0,0.5,14.0,0.38,47.57575757575758,2.2363636363636363,0.1524242424242424,2023.0
09/23,5564.0,"Kannamangala Lake Hoskote Main Road , Bengalore","E (Irrigation, industrial cooling and controlled waste)",3.2,7.2,1346.0,13.0,1.6355555555555554,4300.0,54000.0,3.0,212.0,5.0,212.0,288.0,120.0,10.181372549019608,1.47,280.0,144.0,136.0,27.0,179.0,928.0,68.26,1.0,0.5,28.0,0.44,47.55555555555556,2.2333333333333334,0.1511111111111111,2023.0
09/23,4516.0,KUNDALAHALLI LAKE,"E (Irrigation, industrial cooling and controlled waste)",2.9,7.3,1556.0,17.0,1.62989898989899,470.0,16000.0,3.0,356.0,5.0,356.0,260.0,160.0,10.068627450980392,4.8,416.0,212.0,204.0,63.0,124.0,1090.0,68.88,0.58,0.5,31.0,0.24,47.535353535353536,2.23030303030303,0.1497979797979798,2023.0
09/23,3642.0,JIGANI TANK,"D (Propagation of wild life,fisheries)",5.2,7.3,952.0,6.0,1.6242424242424245,400.0,16000.0,3.0,208.0,5.0,208.0,156.0,52.0,9.955882352941178,0.44,228.0,112.0,116.0,9.0,85.0,646.0,69.5,1.14,0.5,4.0,0.27,47.51515151515152,2.227272727272727,0.1484848484848484,2023.0
09/23,3620.0,PARAPPANA AGRAHARA LAKE,"D (Propagation of wild life,fisheries)",4.1,7.5,862.0,13.0,1.6185858585858586,4800.0,160000.0,3.0,248.0,5.0,248.0,136.0,126.0,9.84313725490196,0.93,232.0,124.0,108.0,13.0,84.0,588.0,70.12,0.36,0.5,11.0,0.45,47.494949494949495,2.224242424242424,0.1471717171717171,2023.0
09/23,4543.0,KODI SINGASANDRA LAKE,"D (Propagation of wild life,fisheries)",4.2,7.1,512.0,12.0,1.6129292929292929,430.0,9200.0,3.0,144.0,5.0,144.0,76.0,121.0,9.730392156862743,0.9,136.0,76.0,60.0,8.0,51.0,350.0,70.74,0.21,0.5,6.0,0.24,47.474747474747474,2.221212121212121,0.1458585858585858,2023.0
09/23,3619.0,BEGUR TANK,"D (Propagation of wild life,fisheries)",4.2,7.1,522.0,12.0,1.6072727272727272,470.0,16000.0,3.0,148.0,5.0,148.0,80.0,119.0,9.617647058823527,0.9,140.0,76.0,64.0,8.0,52.0,356.0,71.36,0.22,0.5,7.0,0.26,47.45454545454545,2.2181818181818183,0.1445454545454545,2023.0
09/23,3589.0,MADIWALA TANK,"D (Propagation of wild life,fisheries)",4.1,7.1,1080.0,12.0,1.6016161616161615,3300.0,35000.0,3.0,304.0,5.0,304.0,168.0,123.0,9.504901960784313,0.92,292.0,152.0,140.0,17.0,105.0,736.0,71.98,0.45,0.5,13.0,0.52,47.43434343434343,2.215151515151515,0.1432323232323232,2023.0
09/23,3615.0,ARAKERE LAKE,"D (Propagation of wild life,fisheries)",4.2,7.4,859.0,11.0,1.595959595959596,7900.0,160000.0,3.0,244.0,5.0,244.0,132.0,113.0,9.392156862745098,0.9,232.0,124.0,108.0,13.0,84.0,584.0,72.6,0.36,0.5,11.0,0.44,47.41414141414141,2.212121212121212,0.1419191919191919,2023.0
09/23,3614.0,PUTTENAHALLI LAKE,"D (Propagation of wild life,fisheries)",4.3,7.1,510.0,11.0,1.5903030303030303,480.0,9200.0,3.0,144.0,5.0,144.0,76.0,115.0,9.279411764705882,0.87,136.0,76.0,60.0,8.0,51.0,348.0,73.22,0.21,0.5,6.0,0.24,47.39393939393939,2.209090909090909,0.1406060606060606,2023.0
09/23,3648.0,MYDALA TANK,"D (Propagation of wild life,fisheries)",5.3,6.9,294.0,4.0,1.5846464646464646,430.0,5400.0,3.0,64.0,5.0,64.0,36.0,40.0,9.166666666666666,0.4,92.0,52.0,10.0,5.0,13.0,202.0,73.84,0.2,0.5,3.0,0.2,47.37373737373737,2.206060606060606,0.1392929292929293,2023.0
09/23,5567.0,"Doddakallasandra Lake,Bengaluru","D (Propagation of wild life,fisheries)",4.3,7.6,791.0,11.0,1.578989898989899,2200.0,24000.0,3.0,224.0,5.0,224.0,120.0,110.0,9.053921568627452,0.85,212.0,112.0,100.0,12.0,78.0,538.0,74.46000000000001,0.33,0.5,10.0,0.4,47.35353535353536,2.203030303030303,0.1379797979797979,2023.0
09/23,4547.0,MANGAMANAPALYA LAKE(SWARANA KUNTE),"D (Propagation of wild life,fisheries)",4.1,7.2,1080.0,13.0,1.5733333333333333,4300.0,54000.0,3.0,304.0,5.0,304.0,168.0,129.0,8.941176470588236,0.94,292.0,152.0,140.0,17.0,106.0,734.0,75.08,0.46,0.5,13.0,0.55,47.333333333333336,2.1999999999999997,0.1366666666666666,2023.0
09/23,3609.0,IBBALUR LAKE,"D (Propagation of wild life,fisheries)",6.6,7.0,485.0,4.0,1.5676767676767676,7000.0,92000.0,3.0,104.0,5.0,104.0,80.0,40.0,8.82843137254902,0.4,124.0,68.0,56.0,19.0,40.0,340.0,75.7,0.2,0.5,10.0,0.2,47.313131313131315,2.196969696969697,0.1353535353535353,2023.0
09/23,3622.0,SOMASUNDRAPALYA LAKE,"D (Propagation of wild life,fisheries)",4.1,7.2,1084.0,13.0,1.562020202020202,4000.0,35000.0,3.0,308.0,5.0,308.0,172.0,130.0,8.715686274509803,0.95,292.0,156.0,136.0,17.0,106.0,740.0,76.32,0.47,0.5,14.0,0.55,47.292929292929294,2.193939393939394,0.134040404040404,2023.0
09/23,3612.0,AGARAM LAKE,"D (Propagation of wild life,fisheries)",6.7,7.1,483.0,4.0,1.5563636363636364,330.0,16000.0,3.0,108.0,5.0,108.0,80.0,40.0,8.602941176470587,0.56,128.0,68.0,60.0,20.0,39.0,338.0,76.94,0.2,0.5,10.0,0.2,47.27272727272727,2.190909090909091,0.1327272727272727,2023.0
09/23,3607.0,KALKERE TANK,"D (Propagation of wild life,fisheries)",4.1,7.8,840.0,11.0,1.5507070707070707,1700.0,24000.0,3.0,212.0,5.0,212.0,188.0,110.0,8.490196078431373,0.88,228.0,120.0,108.0,8.0,91.0,570.0,77.56,1.3,0.5,23.0,0.43,47.25252525252525,2.187878787878788,0.1314141414141414,2023.0
09/23,4519.0,RAMPURA LAKE,"E (Irrigation, industrial cooling and controlled waste)",0.3,6.5,1645.0,30.0,1.545050505050505,27000.0,240000.0,3.0,452.0,5.0,452.0,200.0,200.0,8.377450980392156,40.7,280.0,144.0,136.0,10.0,98.0,1122.0,78.18,3.8,0.5,31.0,0.39,47.23232323232323,2.1848484848484846,0.1301010101010101,2023.0
09/23,4542.0,BASAVANAPURA LAKE,"D (Propagation of wild life,fisheries)",5.0,7.2,426.0,7.0,1.539393939393939,7000.0,92000.0,3.0,108.0,5.0,108.0,72.0,68.0,8.264705882352942,0.4,108.0,60.0,48.0,11.0,55.0,292.0,78.8,0.2,0.5,15.0,0.24,47.21212121212121,2.1818181818181817,0.1287878787878787,2023.0
09/23,3613.0,GOTTIGERE LAKE,"D (Propagation of wild life,fisheries)",4.2,7.4,666.0,9.0,1.5337373737373736,3300.0,160000.0,3.0,164.0,5.0,164.0,148.0,88.0,8.151960784313726,0.97,108.0,60.0,48.0,5.0,75.0,458.0,79.42,0.2,0.5,52.0,0.2,47.19191919191919,2.1787878787878787,0.1274747474747474,2023.0
09/23,5574.0,"Anjanapura Lake ( Avala Halli Lake) Anjanapura,Bengaluru","D (Propagation of wild life,fisheries)",4.9,7.3,653.0,7.0,1.5280808080808082,4700.0,54000.0,3.0,160.0,5.0,160.0,136.0,65.0,8.03921568627451,0.42,132.0,72.0,60.0,5.0,77.0,454.0,80.03999999999999,0.2,0.5,51.0,0.2,47.17171717171717,2.175757575757576,0.1261616161616161,2023.0
09/23,4544.0,KOTHANURU LAKE,"D (Propagation of wild life,fisheries)",5.1,7.3,657.0,7.0,1.5224242424242425,480.0,9200.0,3.0,160.0,5.0,160.0,136.0,65.0,7.926470588235294,0.5,128.0,68.0,60.0,5.0,77.0,456.0,80.66,0.35,0.5,52.0,0.2,47.15151515151515,2.172727272727273,0.1248484848484848,2023.0
09/23,3616.0,KALENA AGRAHARA LAKE,"D (Propagation of wild life,fisheries)",4.5,7.4,672.0,8.0,1.5167676767676768,4900.0,35000.0,3.0,172.0,5.0,172.0,148.0,72.0,7.813725490196078,0.59,136.0,72.0,64.0,5.0,68.0,466.0,81.28,0.2,0.5,48.0,0.2,47.13131313131313,2.1696969696969695,0.1235353535353535,2023.0
09/23,4529.0,KASAVANAHALLI LAKE,"D (Propagation of wild life,fisheries)",5.3,7.5,745.0,4.0,1.511111111111111,4600.0,54000.0,3.0,168.0,5.0,168.0,124.0,46.0,7.700980392156863,0.53,200.0,104.0,96.0,30.0,60.0,522.0,81.9,0.2,0.5,15.0,0.2,47.111111111111114,2.1666666666666665,0.1222222222222222,2023.0
09/23,3594.0,SANKEY TANK,"D (Propagation of wild life,fisheries)",5.6,6.7,498.0,4.0,1.5054545454545454,630.0,5400.0,3.0,112.0,5.0,112.0,80.0,40.0,7.588235294117647,0.4,132.0,72.0,60.0,20.0,40.0,348.0,82.52,0.2,0.5,10.0,0.2,47.09090909090909,2.1636363636363636,0.1209090909090909,2023.0
09/23,4530.0,KAMMASANDRA LAKE,"E (Irrigation, industrial cooling and controlled waste)",3.8,6.9,1820.0,9.0,1.4997979797979797,4800.0,54000.0,3.0,420.0,5.0,420.0,320.0,108.0,7.475490196078432,2.72,472.0,240.0,232.0,38.7,193.0,1236.0,83.14,0.4,0.5,18.0,0.52,47.07070707070707,2.1606060606060606,0.1195959595959595,2023.0
09/23,4532.0,CHANDAPURA LAKE,"E (Irrigation, industrial cooling and controlled waste)",1.9,6.8,1813.0,29.0,1.494141414141414,3100.0,35000.0,3.0,400.0,5.0,400.0,332.0,196.0,7.362745098039215,4.01,448.0,228.0,220.0,38.0,183.0,1232.0,83.75999999999999,0.2,0.5,17.0,0.49,47.05050505050505,2.1575757575757573,0.1182828282828282,2023.0
09/23,4531.0,RAYASANDRA LAKE,"E (Irrigation, industrial cooling and controlled waste)",3.5,7.0,1678.0,12.0,1.4884848484848483,4900.0,92000.0,3.0,424.0,5.0,424.0,284.0,116.0,7.25,3.18,392.0,200.0,192.0,24.0,117.0,1140.0,84.38,1.27,0.5,12.0,0.26,47.03030303030303,2.1545454545454543,0.1169696969696969,2023.0
09/23,4107.0,RIVER DAKSHINA PINAKINI NEAR MUGALUR BRIDGE,"D (Propagation of wild life,fisheries)",5.8,7.0,1826.0,5.0,1.4828282828282828,6300.0,54000.0,3.0,412.0,5.0,412.0,328.0,48.0,7.137254901960784,0.52,396.0,204.0,192.0,31.0,189.0,1240.0,85.0,0.5,0.5,15.0,0.2,47.01010101010101,2.1515151515151514,0.1156565656565656,2023.0
09/23,2778.0,RIVER ARKAVATHI AT TIPPAGONDANAHALLI RESERVOIR,"D (Propagation of wild life,fisheries)",4.8,7.3,1148.0,6.0,1.4771717171717171,70.0,1600.0,3.0,276.0,5.0,276.0,236.0,76.0,7.0245098039215685,0.41,392.0,200.0,192.0,20.0,110.0,784.0,85.62,0.29,0.5,12.0,0.2,46.98989898989899,2.1484848484848484,0.1143434343434343,2023.0
09/23,3624.0,PUTTENAHALLI LAKE,"D (Propagation of wild life,fisheries)",4.4,7.5,629.0,7.0,1.4715151515151514,490.0,5400.0,3.0,108.0,5.0,108.0,112.0,76.0,6.911764705882353,0.9,148.0,80.0,16.0,10.0,68.0,434.0,86.24000000000001,0.2,0.5,23.0,0.3,46.96969696969697,2.1454545454545455,0.113030303030303,2023.0
09/23,3625.0,HEBBAL LAKE,"D (Propagation of wild life,fisheries)",4.3,7.4,609.0,8.0,1.4658585858585855,1200.0,16000.0,3.0,112.0,5.0,108.0,96.0,80.0,6.799019607843137,0.89,104.0,56.0,48.0,10.0,67.0,414.0,86.86,0.2,0.5,20.0,0.3,46.94949494949495,2.1424242424242426,0.1117171717171717,2023.0
09/23,3626.0,NAGAVARA LAKE,"D (Propagation of wild life,fisheries)",4.4,7.2,491.0,6.0,1.4602020202020205,480.0,9200.0,3.0,108.0,5.0,108.0,76.0,76.0,6.686274509803922,0.4,148.0,76.0,72.0,7.0,49.0,338.0,87.47999999999999,0.2,0.5,6.0,0.2,46.92929292929293,2.139393939393939,0.1104040404040404,2023.0
09/23,4507.0,CHELEKERE LAKE,"D (Propagation of wild life,fisheries)",4.3,7.3,533.0,7.0,1.4545454545454546,4000.0,54000.0,3.0,120.0,5.0,120.0,72.0,80.0,6.573529411764706,0.41,156.0,84.0,72.0,8.0,54.0,370.0,88.1,0.2,0.5,6.0,0.2,46.90909090909091,2.136363636363636,0.109090909090909,2023.0
09/23,4508.0,SINGAPURA LAKE,"D (Propagation of wild life,fisheries)",4.1,7.0,538.0,5.0,1.448888888888889,4600.0,35000.0,3.0,116.0,5.0,116.0,76.0,64.0,6.46078431372549,0.4,160.0,88.0,72.0,8.0,51.0,370.0,88.72,0.2,0.5,5.0,0.2,46.888888888888886,2.1333333333333333,0.1077777777777777,2023.0
09/23,4509.0,NARASIPURA LAKE,"D (Propagation of wild life,fisheries)",4.6,7.1,518.0,7.0,1.4432323232323232,4300.0,92000.0,3.0,124.0,5.0,124.0,68.0,80.0,6.348039215686274,0.4,168.0,92.0,76.0,8.0,50.0,360.0,89.34,0.2,0.5,5.0,0.2,46.868686868686865,2.1303030303030304,0.1064646464646464,2023.0
09/23,4510.0,RACHENAHALLI LAKE,"D (Propagation of wild life,fisheries)",4.5,8.1,429.0,6.0,1.4375757575757575,2200.0,24000.0,3.0,128.0,5.0,128.0,80.0,74.0,6.235294117647059,0.4,172.0,88.0,84.0,8.0,40.0,296.0,89.96000000000001,0.2,0.5,4.0,0.2,46.84848484848485,2.127272727272727,0.1051515151515151,2023.0
09/23,4511.0,KOGILU KERE,"D (Propagation of wild life,fisheries)",4.7,7.2,504.0,5.0,1.4319191919191918,490.0,16000.0,3.0,132.0,5.0,132.0,84.0,63.0,6.122549019607843,0.4,180.0,92.0,88.0,8.0,49.0,350.0,90.58,0.2,0.5,5.0,0.2,46.82828282828283,2.124242424242424,0.1038383838383838,2023.0
09/23,3635.0,MALATHAHALLI LAKE,"D (Propagation of wild life,fisheries)",5.3,7.5,1214.0,4.0,1.426262626262626,3300.0,54000.0,3.0,280.0,5.0,280.0,204.0,44.0,6.009803921568627,0.48,328.0,166.0,162.0,49.0,114.0,852.0,91.2,0.22,0.5,24.0,0.48,46.80808080808081,2.121212121212121,0.1025252525252525,2023.0
09/23,4533.0,ULLALU LAKE,"E (Irrigation, industrial cooling and controlled waste)",3.1,6.9,708.0,16.0,1.4206060606060604,4000.0,35000.0,3.0,160.0,5.0,160.0,116.0,118.0,5.897058823529411,3.6,188.0,96.0,92.0,29.0,57.0,492.0,91.82,0.3,0.5,14.0,0.39,46.78787878787879,2.118181818181818,0.1012121212121212,2023.0
09/23,3629.0,ALLALASANDRA LAKE,"E (Irrigation, industrial cooling and controlled waste)",3.2,8.0,498.0,12.0,1.414949494949495,23000.0,240000.0,3.0,80.0,5.0,142.0,88.0,112.0,5.784313725490196,2.9,100.0,56.0,44.0,17.0,61.0,342.0,92.44,0.3,0.5,18.0,0.2,46.76767676767677,2.1151515151515152,0.0998989898989898,2023.0
09/23,5561.0,"Munekolalu Lake ,Marathahalli, East Taluka ,Bengaluru","D (Propagation of wild life,fisheries)",6.0,7.9,510.0,4.0,1.4092929292929293,4800.0,35000.0,3.0,124.0,5.0,124.0,80.0,48.0,5.671568627450981,0.42,116.0,64.0,52.0,5.0,104.0,348.0,93.06,0.26,0.5,14.0,0.23,46.74747474747475,2.112121212121212,0.0985858585858585,2023.0
09/23,4520.0,CHINNAPPANAHALLI LAKE,"D (Propagation of wild life,fisheries)",5.7,8.1,547.0,5.0,1.4036363636363636,2700.0,24000.0,3.0,116.0,5.0,116.0,104.0,46.0,5.5588235294117645,0.44,124.0,68.0,56.0,6.0,102.0,370.0,93.68,0.29,0.5,13.0,0.34,46.72727272727273,2.109090909090909,0.0972727272727272,2023.0
09/23,3608.0,VARTHUR LAKE,"D (Propagation of wild life,fisheries)",5.6,6.8,769.0,7.0,1.397979797979798,2300.0,350000.0,3.0,204.0,5.0,204.0,84.0,68.0,5.446078431372549,0.45,236.0,124.0,112.0,59.0,81.0,524.0,94.3,1.33,0.5,11.0,0.21,46.707070707070706,2.106060606060606,0.0959595959595959,2023.0
09/23,4527.0,SHEELAVANTA-WHITEFIELD LAKE,"D (Propagation of wild life,fisheries)",4.6,7.0,1056.0,8.0,1.3923232323232324,3300.0,54000.0,3.0,216.0,5.0,216.0,216.0,88.0,5.333333333333333,0.71,232.0,120.0,112.0,21.0,98.0,718.0,94.92,1.2,0.5,9.0,0.26,46.686868686868685,2.103030303030303,0.0946464646464646,2023.0
09/23,4522.0,VIBHUTHIPURA LAKE,"D (Propagation of wild life,fisheries)",5.2,7.2,639.0,7.0,1.3866666666666667,310.0,9200.0,3.0,100.0,5.0,100.0,60.0,60.0,5.220588235294118,0.4,108.0,60.0,48.0,20.0,49.0,434.0,95.54,1.15,0.5,8.0,0.2,46.666666666666664,2.1,0.0933333333333333,2023.0
09/23,3621.0,HARALUR LAKE,"D (Propagation of wild life,fisheries)",5.4,7.2,1254.0,6.0,1.381010101010101,46000.0,350000.0,3.0,436.0,5.0,436.0,264.0,51.0,5.107843137254902,0.54,256.0,132.0,124.0,436.0,109.0,856.0,96.16,2.52,0.5,31.0,0.3,46.64646464646464,2.0969696969696967,0.092020202020202,2023.0
09/23,3611.0,KAIKONDANAHALLI LAKE,"D (Propagation of wild life,fisheries)",5.8,7.2,1280.0,5.0,1.375353535353535,3100.0,92000.0,3.0,432.0,5.0,432.0,264.0,46.0,4.995098039215685,0.48,260.0,136.0,124.0,43.0,113.0,874.0,96.78,3.3,0.5,30.0,0.3,46.62626262626262,2.0939393939393938,0.0907070707070707,2023.0
09/23,5570.0,"Soulkere, Kaikondrahalli Vill,Bengaluru","D (Propagation of wild life,fisheries)",5.9,6.7,1200.0,5.0,1.3696969696969696,400.0,16000.0,3.0,44.0,5.0,44.0,40.0,40.0,4.882352941176471,0.45,76.0,44.0,32.0,5.0,30.0,152.0,97.4,2.7,0.5,5.0,0.2,46.60606060606061,2.090909090909091,0.0893939393939393,2023.0
09/23,4528.0,DODDAKANNEHALLI LAKE,"D (Propagation of wild life,fisheries)",4.2,7.1,1237.0,9.0,1.364040404040404,4300.0,54000.0,3.0,420.0,5.0,420.0,244.0,86.0,4.769607843137255,0.4,300.0,156.0,144.0,37.0,103.0,842.0,98.02,3.0,0.5,31.0,0.3,46.58585858585859,2.087878787878788,0.088080808080808,2023.0
09/23,3602.0,BELLANDUR LAKE,"E (Irrigation, industrial cooling and controlled waste)",0.3,6.8,1030.0,129.0,1.3583838383838382,3300000.0,24000000.0,3.0,400.0,5.0,400.0,124.0,434.0,4.656862745098039,9.9,372.0,192.0,180.0,14.0,93.0,704.0,98.64,2.0,0.5,22.0,0.31,46.56565656565657,2.084848484848485,0.0867676767676767,2023.0
09/23,4524.0,PATTANDUR AGRAHARA LAKE,"E (Irrigation, industrial cooling and controlled waste)",3.9,8.0,615.0,12.0,1.3527272727272726,2300.0,24000.0,3.0,104.0,5.0,104.0,100.0,108.0,4.544117647058824,1.9,124.0,68.0,56.0,27.0,74.0,418.0,99.26,0.42,0.5,13.0,0.34,46.54545454545455,2.0818181818181816,0.0854545454545454,2023.0
09/23,4523.0,NALLURAHALLI LAKE,"D (Propagation of wild life,fisheries)",5.4,7.8,520.0,6.0,1.347070707070707,7000.0,92000.0,3.0,92.0,5.0,92.0,80.0,72.0,4.431372549019608,0.4,116.0,64.0,52.0,12.0,49.0,352.0,99.88,0.42,0.5,14.0,0.24,46.525252525252526,2.078787878787878,0.0841414141414141,2023.0
09/23,5560.0,"Hoodi (Rajapalya Lake) Itpl Main Road, Near","D (Propagation of wild life,fisheries)",4.5,7.2,627.0,8.0,1.3414141414141414,490.0,16000.0,3.0,108.0,5.0,108.0,100.0,96.0,4.318627450980392,0.4,136.0,76.0,60.0,26.0,78.0,426.0,100.5,1.0,0.5,20.0,0.23,46.505050505050505,2.0757575757575757,0.0828282828282828,2023.0
09/23,4514.0,SADARAMANGALA LAKE,"E (Irrigation, industrial cooling and controlled waste)",3.2,8.5,565.0,17.0,1.3357575757575757,3400.0,35000.0,16.0,116.0,8.0,124.0,80.0,120.0,4.205882352941176,2.0,124.0,72.0,52.0,17.0,63.0,378.0,101.12,0.92,0.5,17.0,0.2,46.48484848484848,2.0727272727272728,0.0815151515151515,2023.0
09/23,4518.0,GARUDACHARPALYA TANK,"D (Propagation of wild life,fisheries)",5.0,8.2,995.0,7.0,1.33010101010101,460.0,9200.0,3.0,176.0,5.0,176.0,168.0,88.0,4.093137254901961,0.4,240.0,128.0,112.0,16.0,106.0,666.0,101.74,2.0,0.5,20.0,0.2,46.464646464646464,2.06969696969697,0.0802020202020201,2023.0
09/23,5562.0,"Mahadevpura Lake, K. R. Puram , Bangalore East Taluka","E (Irrigation, industrial cooling and controlled waste)",3.2,8.7,563.0,3.2,1.3244444444444443,3100.0,35000.0,16.0,124.0,8.0,132.0,88.0,132.0,3.980392156862745,2.1,124.0,68.0,56.0,12.0,64.0,378.0,102.36,0.91,0.5,15.0,0.2,46.44444444444444,2.0666666666666664,0.0788888888888888,2023.0
09/23,3610.0,TUBARAHALLI TANK,"D (Propagation of wild life,fisheries)",4.6,7.5,1025.0,8.0,1.3187878787878788,7000.0,92000.0,3.0,152.0,5.0,152.0,188.0,96.0,3.867647058823529,0.4,224.0,120.0,104.0,25.0,115.0,682.0,102.98,2.0,0.5,16.0,0.22,46.42424242424242,2.0636363636363635,0.0775757575757575,2023.0
09/23,3632.0,VEERAPURA TANK,"D (Propagation of wild life,fisheries)",5.8,7.5,878.0,5.0,1.3131313131313131,340.0,16000.0,3.0,172.0,5.0,172.0,72.0,48.0,3.754901960784313,0.49,300.0,156.0,144.0,75.0,78.0,596.0,103.6,0.83,0.5,5.0,0.2,46.4040404040404,2.060606060606061,0.0762626262626262,2023.0
09/23,4503.0,MADHURE TANK,"D (Propagation of wild life,fisheries)",5.8,7.2,897.0,6.0,1.3074747474747477,340.0,54000.0,3.0,188.0,5.0,188.0,188.0,56.0,3.6421568627450984,0.56,308.0,160.0,148.0,101.0,80.0,692.0,104.22,0.77,0.5,7.0,0.21,46.38383838383838,2.0575757575757576,0.0749494949494949,2023.0
09/23,4525.0,SEETHARAMPALYA LAKE,"D (Propagation of wild life,fisheries)",4.6,8.2,994.0,8.0,1.3018181818181818,4000.0,54000.0,3.0,184.0,5.0,184.0,100.0,92.0,3.5294117647058822,0.4,236.0,124.0,112.0,16.0,105.0,668.0,104.84,2.0,0.5,21.0,0.2,46.36363636363637,2.0545454545454547,0.0736363636363636,2023.0
09/23,4535.0,GUBBALAL LAKE,"D (Propagation of wild life,fisheries)",6.2,6.5,314.0,4.0,1.296161616161616,8300.0,102600.0,3.0,96.0,5.0,96.0,20.0,40.0,3.416666666666666,0.4,112.0,60.0,52.0,13.0,25.0,220.0,105.46,0.2,0.5,6.0,0.2,46.343434343434346,2.0515151515151513,0.0723232323232323,2023.0
09/23,3633.0,SUBRAMANYAPURA TANK,"D (Propagation of wild life,fisheries)",5.6,7.5,647.0,4.0,1.2905050505050504,12600.0,151200.0,3.0,180.0,5.0,180.0,76.0,46.0,3.3039215686274517,0.4,164.0,84.0,80.0,26.0,59.0,454.0,106.08,0.2,0.5,13.0,0.36,46.323232323232325,2.0484848484848484,0.071010101010101,2023.0
09/23,3634.0,DEVARAKERE TANK,"D (Propagation of wild life,fisheries)",6.4,6.5,280.0,4.0,1.284848484848485,16900.0,199800.0,3.0,96.0,5.0,96.0,16.0,42.0,3.1911764705882355,0.4,104.0,56.0,48.0,11.0,23.0,194.0,106.7,0.2,0.5,6.0,0.2,46.303030303030305,2.0454545454545454,0.0696969696969696,2023.0
09/23,3641.0,DHOREKERE TANK,"D (Propagation of wild life,fisheries)",6.1,7.2,351.0,4.0,1.279191919191919,21200.0,248400.0,3.0,108.0,5.0,108.0,36.0,44.0,3.0784313725490193,0.4,152.0,80.0,72.0,14.0,28.0,244.0,107.32,0.2,0.5,7.0,0.2,46.28282828282829,2.0424242424242425,0.0683838383838383,2023.0
09/23,4536.0,HOSAKEREHALLI LAKE,"D (Propagation of wild life,fisheries)",4.8,8.5,845.0,5.0,1.2735353535353535,25500.0,297000.0,3.0,184.0,12.0,196.0,120.0,52.0,2.965686274509803,0.4,248.0,128.0,120.0,34.0,78.0,592.0,107.94,0.26,0.5,17.0,0.3,46.26262626262626,2.0393939393939395,0.067070707070707,2023.0
09/23,3640.0,UTTARAHALLI DORAIKERE,"D (Propagation of wild life,fisheries)",6.6,8.2,226.0,4.0,1.2678787878787878,29800.0,345600.0,3.0,72.0,5.0,72.0,24.0,40.0,2.8529411764705888,0.4,96.0,52.0,44.0,9.0,19.0,158.0,108.56,0.2,0.5,5.0,0.2,46.24242424242424,2.036363636363636,0.0657575757575757,2023.0
09/23,3636.0,HOSKERE LAKE,"E (Irrigation, industrial cooling and controlled waste)",0.3,6.7,839.0,44.0,1.262222222222222,34100.0,394200.0,3.0,296.0,5.0,296.0,84.0,210.0,2.7401960784313726,14.6,192.0,100.0,92.0,34.0,76.0,590.0,109.18,0.31,0.5,16.0,0.23,46.22222222222222,2.033333333333333,0.0644444444444444,2023.0
09/23,4534.0,SOMPURA LAKE,"D (Propagation of wild life,fisheries)",4.6,8.4,1457.0,4.0,1.2565656565656569,38400.0,442800.0,3.0,308.0,5.0,324.0,180.0,48.0,2.6274509803921564,0.4,256.0,132.0,124.0,59.0,127.0,1030.0,109.8,0.29,0.5,29.0,0.66,46.2020202020202,2.0303030303030303,0.0631313131313131,2023.0
09/23,4537.0,CHINNAKURCHI KERE,"D (Propagation of wild life,fisheries)",5.5,8.5,1230.0,4.0,1.250909090909091,42700.0,491400.0,3.0,484.0,24.0,508.0,96.0,46.0,2.51470588235294,0.4,268.0,140.0,128.0,50.0,108.0,864.0,110.42,0.29,0.5,25.0,0.72,46.18181818181818,2.0272727272727273,0.0618181818181818,2023.0
09/23,5565.0,Kannur lake,"D (Propagation of wild life,fisheries)",4.4,6.5,483.0,8.0,1.2452525252525253,47000.0,540000.0,3.0,124.0,3.0,124.0,112.0,77.0,2.401960784313726,0.4,132.0,68.0,64.0,5.0,61.0,330.0,111.04,0.2,0.5,18.0,0.3,46.16161616161616,2.0242424242424244,0.0605050505050504,2023.0
09/23,3618.0,Singasandra Lake,"D (Propagation of wild life,fisheries)",4.1,7.5,859.0,13.0,1.2395959595959596,2700.0,24000.0,3.0,244.0,3.0,244.0,132.0,125.0,2.2892156862745097,0.91,232.0,124.0,108.0,13.0,84.0,586.0,111.66,0.36,0.5,11.0,0.44,46.14141414141414,2.021212121212121,0.0591919191919191,2023.0
09/23,3627.0,Jakkur Lake,"E (Irrigation, industrial cooling and controlled waste)",3.0,8.1,556.0,13.0,1.233939393939394,9400.0,160000.0,3.0,100.0,3.0,100.0,84.0,128.0,2.1764705882352935,1.9,104.0,56.0,48.0,24.0,62.0,378.0,112.28,0.3,0.5,13.0,0.2,46.121212121212125,2.018181818181818,0.0578787878787878,2023.0
09/23,3630.0,Yelahanka Lake,"D (Propagation of wild life,fisheries)",4.4,7.3,611.0,5.0,1.2282828282828282,480.0,3500.0,3.0,120.0,3.0,120.0,108.0,56.0,2.063725490196079,1.65,128.0,68.0,60.0,16.0,71.0,514.0,112.9,0.1,0.5,20.0,0.3,46.101010101010104,2.015151515151515,0.0565656565656565,2023.0
09/23,5571.0,Kudlu Doddakere Village,"D (Propagation of wild life,fisheries)",5.9,1.9,860.0,4.0,1.2226262626262625,480.0,16000.0,3.0,192.0,3.0,192.0,140.0,48.0,1.950980392156863,0.38,228.0,116.0,112.0,35.0,78.0,602.0,113.52,0.27,0.5,16.0,0.26,46.08080808080808,2.012121212121212,0.0552525252525252,2023.0
09/23,5572.0,Kudlu Chikkakere  Village,"D (Propagation of wild life,fisheries)",6.1,8.1,864.0,4.0,1.2169696969696968,460.0,9200.0,3.0,196.0,3.0,196.0,144.0,44.0,1.8382352941176467,0.4,232.0,120.0,112.0,35.0,79.0,604.0,114.14,0.29,0.5,17.0,0.32,46.06060606060606,2.0090909090909093,0.0539393939393939,2023.0
09/23,4521.0,Devarabesanahalli Lake,"D (Propagation of wild life,fisheries)",5.8,6.7,219.0,5.0,1.2113131313131311,410.0,9200.0,3.0,48.0,3.0,48.0,36.0,43.0,1.7254901960784306,0.44,80.0,44.0,36.0,8.0,31.0,160.0,114.76,0.23,0.5,8.0,0.2,46.04040404040404,2.006060606060606,0.0526262626262626,2023.0
09/23,3596.0,NAYANDANAHALLI TANK,"D (Propagation of wild life,fisheries)",5.8,7.9,648.0,4.0,1.2056565656565654,335.0,6350.0,3.0,168.0,3.0,168.0,80.0,44.0,1.6127450980392162,0.42,180.0,96.0,84.0,26.0,59.0,456.0,115.38,0.2,0.5,13.0,0.35,46.02020202020202,2.003030303030303,0.0513131313131313,2023.0
10/23,1388.0,ULSOOR LAKE TRAINING CENTRE OF FISH BREEDING,"D (Propagation of wild life,fisheries)",5.7,8.2,340.0,5.0,1.0,4600.0,54000.0,3.0,60.0,5.0,60.0,52.0,64.0,11.960991379310345,0.4,80.0,48.0,32.0,21.0,46.0,232.0,42.71615720524017,0.21,0.5,15.0,0.2,50.0,2.0,0.57,2023.0
10/23,3593.0,ULSOOR LAKE TEMPLE,"D (Propagation of wild life,fisheries)",5.1,8.0,344.0,7.0,1.0,7000.0,92000.0,3.0,64.0,5.0,64.0,52.0,98.0,11.92198275862069,0.4,60.0,36.0,24.0,20.0,42.0,234.0,43.43231441048035,0.28,0.5,14.0,0.2,54.0,3.0,0.8,2023.0
10/23,5568.0,"Ulsoor Lake Near Kalyani,Bengaluru","D (Propagation of wild life,fisheries)",5.0,8.2,342.0,7.0,1.0,4000.0,54000.0,3.0,72.0,5.0,72.0,52.0,96.0,11.882974137931036,0.43,64.0,40.0,24.0,21.0,44.0,234.0,44.14847161572053,0.27,0.5,15.0,0.2,53.0,2.0,0.75,2023.0
10/23,5569.0,"Byrasandra Upper Lake,Bengaluru","E (Irrigation, industrial cooling and controlled waste)",3.2,6.8,1190.0,15.0,4.0,4800.0,160000.0,3.0,200.0,5.0,200.0,60.0,112.0,11.84396551724138,2.8,288.0,152.0,136.0,245.0,52.0,794.0,44.8646288209607,0.29,0.5,31.0,0.22,26.0,1.5,1.085,2023.0
10/23,3595.0,BYRASANDRA TANK,"D (Propagation of wild life,fisheries)",5.1,6.9,500.0,7.0,2.0,4300.0,92000.0,3.0,116.0,5.0,116.0,36.0,88.0,11.804956896551724,0.4,132.0,72.0,60.0,25.0,39.0,338.0,45.58078602620088,0.52,0.5,13.0,0.2,36.0,1.4,1.42,2023.0
10/23,4505.0,NELAMANGALA LAKE,"E (Irrigation, industrial cooling and controlled waste)",3.2,7.1,1156.0,12.0,5.0,4300.0,92000.0,3.0,264.0,5.0,264.0,204.0,108.0,11.765948275862067,0.4,292.0,152.0,140.0,39.0,89.0,786.0,46.29694323144105,0.56,0.5,42.0,0.42,36.0,2.0,1.2,2023.0
10/23,3624.0,PUTTENAHALLI LAKE,"D (Propagation of wild life,fisheries)",5.2,7.5,497.0,6.0,2.0,700.0,16000.0,3.0,112.0,5.0,112.0,56.0,56.0,11.726939655172414,0.41,124.0,68.0,56.0,14.0,33.0,338.0,47.01310043668122,0.34,0.5,2.0,0.2,35.0,1.0,0.77,2023.0
10/23,3625.0,HEBBAL LAKE,"D (Propagation of wild life,fisheries)",6.1,7.6,412.0,4.0,1.0,4100.0,24000.0,3.0,88.0,5.0,88.0,56.0,40.0,11.68793103448276,0.4,144.0,80.0,64.0,16.0,38.0,282.0,47.7292576419214,0.31,0.5,10.0,0.2,34.0,16.0,0.97,2023.0
10/23,3629.0,ALLALASANDRA LAKE,"E (Irrigation, industrial cooling and controlled waste)",3.2,6.6,592.0,20.0,2.0,4700.0,54000.0,3.0,88.0,5.0,88.0,108.0,152.0,11.648922413793104,2.2,136.0,76.0,60.0,14.0,66.0,400.0,48.44541484716157,0.8,0.5,27.0,0.2,0.53,1.3,2.47,2023.0
10/23,3630.0,YELAHANKA TANK,"D (Propagation of wild life,fisheries)",6.1,7.5,407.0,4.0,1.0,430.0,5400.0,3.0,88.0,5.0,88.0,52.0,40.0,11.609913793103448,0.4,136.0,72.0,64.0,15.0,36.0,274.0,49.161572052401745,0.31,0.5,11.0,0.2,34.0,2.15,0.95,2023.0
10/23,3627.0,JAKKUR LAKE,"D (Propagation of wild life,fisheries)",5.3,6.7,588.0,6.0,2.0,4800.0,92000.0,3.0,88.0,5.0,88.0,104.0,72.0,11.570905172413791,0.4,132.0,72.0,60.0,15.0,67.0,394.0,49.87772925764192,0.87,0.5,27.0,0.28,46.0,3.0,3.0,2023.0
10/23,3626.0,NAGAVARA LAKE,"D (Propagation of wild life,fisheries)",6.1,6.9,666.0,4.0,2.0,460.0,16000.0,3.0,148.0,5.0,148.0,100.0,40.0,11.531896551724138,0.4,172.0,92.0,80.0,9.0,64.0,444.0,50.5938864628821,0.28,0.5,25.0,0.2,40.0,0.28,0.83,2023.0
10/23,4507.0,CHELEKERE LAKE,"D (Propagation of wild life,fisheries)",6.0,7.5,412.0,4.0,1.0,4900.0,54000.0,3.0,88.0,5.0,88.0,56.0,40.0,11.492887931034485,0.4,120.0,68.0,52.0,16.0,35.0,282.0,51.31004366812227,0.29,0.5,10.0,0.2,36.0,1.5,0.74,2023.0
10/23,4510.0,RACHENAHALLI LAKE,"D (Propagation of wild life,fisheries)",4.2,7.6,509.0,5.0,2.0,700.0,9200.0,3.0,100.0,5.0,100.0,52.0,40.0,11.453879310344828,0.56,120.0,64.0,56.0,46.0,39.0,346.0,52.02620087336244,0.25,0.5,18.0,0.2,37.0,2.0,0.62,2023.0
10/23,4511.0,KOGILU KERE,"D (Propagation of wild life,fisheries)",4.2,7.5,489.0,4.0,2.0,6300.0,54000.0,3.0,96.0,5.0,96.0,72.0,40.0,11.414870689655173,0.58,104.0,56.0,48.0,10.0,39.0,332.0,52.74235807860262,0.2,0.5,18.0,0.2,40.0,2.0,0.35,2023.0
10/23,4508.0,SINGAPURA LAKE,"D (Propagation of wild life,fisheries)",5.8,7.6,408.0,5.0,1.0,3400.0,35000.0,3.0,80.0,5.0,80.0,56.0,60.0,11.375862068965516,0.4,140.0,76.0,64.0,19.0,37.0,278.0,53.45851528384279,0.31,0.5,11.0,0.2,34.0,2.0,0.96,2023.0
10/23,4509.0,NARASIPURA LAKE,"D (Propagation of wild life,fisheries)",6.1,7.4,498.0,4.0,1.0,2200.0,24000.0,3.0,92.0,5.0,92.0,48.0,40.0,11.336853448275862,0.4,148.0,80.0,68.0,15.0,77.0,340.0,54.174672489082965,0.31,0.5,20.0,0.2,49.0,3.0,0.89,2023.0
10/23,2778.0,RIVER ARKAVATHI AT TIPPAGONDANAHALLI RESERVOIR,"D (Propagation of wild life,fisheries)",4.4,7.1,1116.0,7.8,4.5,15000.0,160000.0,3.0,328.0,5.0,328.0,176.0,71.0,11.297844827586207,0.72,300.0,152.0,148.0,19.0,138.0,762.0,54.890829694323145,1.2,0.5,21.0,0.56,53.0,3.4,2.7,2023.0
10/23,3623.0,ANEKAL DODDAKERE TANK,"D (Propagation of wild life,fisheries)",5.8,7.9,1107.0,6.0,4.0,630.0,9200.0,3.0,268.0,5.0,268.0,164.0,52.0,11.258836206896552,0.4,232.0,120.0,112.0,33.0,98.0,752.0,55.60698689956332,0.2,0.5,14.0,0.2,26.0,3.0,0.38,2023.0
10/23,3642.0,JIGANI TANK,"D (Propagation of wild life,fisheries)",6.1,7.2,981.0,6.0,4.0,460.0,9200.0,3.0,208.0,5.0,208.0,176.0,56.0,11.219827586206897,0.4,224.0,116.0,108.0,10.0,90.0,668.0,56.32314410480349,0.23,0.5,8.0,0.21,25.0,3.0,0.56,2023.0
10/23,4537.0,CHINNAKURCHI KERE,"D (Propagation of wild life,fisheries)",4.5,8.1,1210.0,7.0,5.0,1700.0,24000.0,3.0,428.0,5.0,428.0,116.0,76.0,11.180818965517242,0.4,232.0,120.0,112.0,46.0,112.0,822.0,57.03930131004367,0.46,0.5,11.0,0.71,50.0,3.0,0.53,2023.0
10/23,4534.0,SOMPURA LAKE,"E (Irrigation, industrial cooling and controlled waste)",3.5,7.0,462.0,17.0,2.0,4800.0,35000.0,3.0,136.0,5.0,136.0,28.0,120.0,11.141810344827586,4.7,100.0,56.0,44.0,16.0,44.0,318.0,57.75545851528384,0.48,0.5,13.0,0.2,45.0,2.0,0.58,2023.0
10/23,3643.0,BENNIGANAHALLI LAKE,"D (Propagation of wild life,fisheries)",4.8,6.7,586.0,7.0,2.0,480.0,16000.0,3.0,84.0,5.0,84.0,76.0,64.0,11.102801724137931,0.4,136.0,72.0,64.0,24.0,41.0,398.0,58.471615720524014,0.4,0.5,2.0,0.2,39.0,2.0,0.93,2023.0
10/23,3603.0,VENGAIYYANAKERE( KR PURAM LAKE ),"E (Irrigation, industrial cooling and controlled waste)",1.8,6.9,930.0,20.0,4.0,17000.0,240000.0,3.0,188.0,5.0,188.0,112.0,156.0,11.063793103448276,0.4,204.0,108.0,96.0,34.0,83.0,632.0,59.18777292576419,0.59,0.5,8.0,0.29,45.0,1.5,1.51,2023.0
10/23,4526.0,DEVASANDRA LAKE,"D (Propagation of wild life,fisheries)",4.2,6.5,378.0,8.0,2.0,480.0,5400.0,3.0,64.0,5.0,64.0,56.0,72.0,11.02478448275862,0.4,144.0,76.0,68.0,15.0,33.0,256.0,59.903930131004365,0.49,0.5,3.0,0.2,32.0,1.0,1.21,2023.0
10/23,5563.0,"Segehalli Lake Baavanapura Road Battarahalli , Bangalore East","D (Propagation of wild life,fisheries)",4.6,6.5,526.0,7.0,2.0,940.0,9200.0,3.0,92.0,5.0,92.0,52.0,60.0,10.985775862068966,0.4,136.0,72.0,64.0,19.0,40.0,356.0,60.62008733624454,0.5,0.5,5.0,0.2,3.0,1.0,1.24,2023.0
10/23,3636.0,HOSKERE LAKE,"E (Irrigation, industrial cooling and controlled waste)",2.2,7.1,702.0,18.0,4.2,7000.0,35000.0,3.0,160.0,5.0,160.0,116.0,160.0,10.94676724137931,4.2,188.0,100.0,88.0,29.0,68.0,490.0,61.33624454148472,0.21,0.5,14.0,0.2,42.0,2.2,0.49,2023.0
10/23,5564.0,"Kannamangala Lake Hoskote Main Road , Bengalore","D (Propagation of wild life,fisheries)",6.1,7.9,1237.0,4.0,4.0,480.0,5400.0,3.0,196.0,5.0,196.0,260.0,52.0,10.907758620689656,0.4,268.0,140.0,128.0,23.0,96.0,834.0,62.05240174672489,0.87,0.5,23.0,0.46,41.0,3.0,2.0,2023.0
10/23,5566.0,"Basavanapura Lake Ayyappa Nagr Main Road , K. R. Puram , Bengaluru","D (Propagation of wild life,fisheries)",5.4,7.0,406.0,6.0,1.0,230.0,16000.0,3.0,104.0,5.0,104.0,52.0,56.0,10.86875,0.4,88.0,52.0,36.0,18.0,48.0,274.0,62.76855895196506,0.57,0.5,10.0,0.3,51.0,2.0,2.0,2023.0
10/23,3605.0,YELEMALLAPPA SHETTY LAKE,"E (Irrigation, industrial cooling and controlled waste)",3.9,7.2,1014.0,12.0,4.0,310.0,16000.0,3.0,160.0,5.0,112.0,160.0,104.0,10.829741379310343,2.6,212.0,112.0,100.0,29.0,87.0,682.0,63.48471615720524,0.89,0.5,23.0,0.28,44.0,3.0,2.0,2023.0
10/23,4515.0,BHATTARAHALLI LAKE,"D (Propagation of wild life,fisheries)",6.1,8.0,758.0,4.0,3.0,460.0,5400.0,3.0,120.0,5.0,120.0,148.0,44.0,10.79073275862069,0.4,144.0,80.0,64.0,20.0,92.0,516.0,64.2008733624454,0.2,0.5,17.0,0.51,55.0,3.0,0.49,2023.0
10/23,3635.0,MALATHAHALLI LAKE,"D (Propagation of wild life,fisheries)",5.5,7.9,1072.0,6.0,4.0,3100.0,54000.0,3.0,236.0,5.0,236.0,176.0,56.0,10.751724137931037,0.4,220.0,116.0,104.0,33.0,95.0,724.0,64.91703056768559,0.23,0.5,12.0,0.4,47.0,3.0,0.65,2023.0
10/23,4533.0,ULLALU LAKE,"E (Irrigation, industrial cooling and controlled waste)",3.2,6.6,972.0,17.0,3.0,4100.0,35000.0,3.0,116.0,5.0,116.0,48.0,116.0,10.71271551724138,5.8,396.0,204.0,192.0,64.0,401.0,662.0,65.63318777292577,1.0,0.5,16.0,0.22,17.0,1.2,4.0,2023.0
10/23,3618.0,SINGASANDRA LAKE,"D (Propagation of wild life,fisheries)",4.1,7.5,859.0,13.0,2.5,2700.0,24000.0,3.0,244.0,5.0,244.0,132.0,125.0,10.673706896551725,0.91,232.0,124.0,108.0,13.0,84.0,586.0,66.34934497816593,0.36,0.5,11.0,0.44,28.5,1.25,2.025,2023.0
10/23,3590.0,LALBAGH TANK,"D (Propagation of wild life,fisheries)",4.2,8.6,403.0,8.0,1.6,2200.0,24000.0,3.0,96.0,5.0,96.0,68.0,76.0,10.63469827586207,0.65,104.0,56.0,48.0,12.0,35.0,274.0,67.06550218340611,0.2,0.5,4.0,0.26,40.0,1.3,0.05,2023.0
10/23,3613.0,GOTTIGERE LAKE,"E (Irrigation, industrial cooling and controlled waste)",2.8,6.5,480.0,14.0,2.0,1700.0,24000.0,3.0,136.0,5.0,136.0,68.0,124.0,10.595689655172414,6.8,116.0,64.0,52.0,10.0,35.0,326.0,67.78165938864629,0.45,0.5,4.0,0.31,38.0,136.0,1.39,2023.0
10/23,3589.0,MADIWALA TANK,"E (Irrigation, industrial cooling and controlled waste)",2.6,6.9,566.0,14.0,2.0,4700.0,92000.0,3.0,112.0,5.0,112.0,68.0,128.0,10.55668103448276,5.2,100.0,52.0,48.0,18.0,48.0,384.0,68.49781659388645,0.5,0.5,4.0,0.35,14.0,2.08,1.54,2023.0
10/23,3616.0,KALENA AGRAHARA LAKE,"D (Propagation of wild life,fisheries)",4.9,7.4,492.0,7.0,2.0,580.0,16000.0,3.0,116.0,5.0,116.0,68.0,60.0,10.517672413793104,0.4,104.0,56.0,12.0,13.666666666666668,38.0,334.0,69.21397379912663,0.2,0.5,3.0,0.29,43.0,2.0,0.05,2023.0
10/23,3615.0,ARAKERE LAKE,"D (Propagation of wild life,fisheries)",4.2,7.6,786.0,8.0,3.0,6300.0,54000.0,3.0,176.0,5.0,110.66666666666669,82.66666666666667,88.0,10.478663793103449,0.89,180.0,96.0,84.0,9.333333333333334,69.0,534.0,69.93013100436681,0.56,0.5,5.0,0.39,44.0,2.0,1.72,2023.0
10/23,3622.0,SOMASUNDRAPALYA LAKE,"D (Propagation of wild life,fisheries)",5.2,7.7,794.0,6.0,3.0,4800.0,35000.0,3.0,144.0,5.0,105.33333333333331,97.33333333333331,56.0,10.439655172413794,0.72,96.0,52.0,44.0,5.0,69.0,540.0,70.64628820960698,0.2,0.5,6.0,0.36,58.0,3.0,0.05,2023.0
10/23,3612.0,AGARAM LAKE,"D (Propagation of wild life,fisheries)",4.1,7.2,620.0,9.0,3.0,2200.0,24000.0,3.0,100.0,5.0,100.0,112.0,80.0,10.400646551724138,0.85,124.0,68.0,56.0,14.0,53.0,422.0,71.36244541484716,0.48,0.5,6.0,0.31,46.0,2.0,1.48,2023.0
10/23,3619.0,BEGUR TANK,"D (Propagation of wild life,fisheries)",4.1,7.7,791.0,9.0,3.0,9400.0,92000.0,3.0,144.0,5.0,144.0,132.0,84.0,10.361637931034483,0.99,100.0,56.0,44.0,6.0,71.0,538.0,72.07860262008734,0.2,0.5,6.0,0.35,58.0,3.0,0.05,2023.0
10/23,4544.0,KOTHANURU LAKE,"E (Irrigation, industrial cooling and controlled waste)",3.1,6.8,561.0,12.0,2.0,7900.0,54000.0,3.0,92.0,5.0,92.0,84.0,116.0,10.322629310344828,2.5,104.0,56.0,48.0,17.0,48.0,380.0,72.7947598253275,0.5,0.5,4.0,0.32,48.0,2.0,1.54,2023.0
10/23,3611.0,KAIKONDANAHALLI LAKE,"E (Irrigation, industrial cooling and controlled waste)",3.3,8.0,840.0,12.0,3.0,9400.0,160000.0,3.0,152.0,5.0,152.0,140.0,108.0,10.283620689655171,2.1,184.0,96.0,88.0,29.0,71.0,570.0,73.51091703056768,0.72,0.5,6.0,0.2,44.0,2.3,2.23,2023.0
10/23,4504.0,SARAKKI LAKE,"D (Propagation of wild life,fisheries)",5.7,7.5,711.0,4.0,2.73,790.0,16000.0,3.0,160.0,5.0,160.0,116.0,48.0,10.244612068965518,0.73,192.0,100.0,92.0,29.0,67.0,496.0,74.22707423580786,0.21,0.5,14.0,0.2,41.0,2.1,0.47,2023.0
10/23,3638.0,YELACHENAHALLI LAKE,"D (Propagation of wild life,fisheries)",6.9,8.5,261.0,4.0,1.0,310.0,5400.0,3.0,68.0,5.0,68.0,40.0,40.0,10.205603448275864,0.54,56.0,32.0,24.0,11.0,23.0,182.0,74.94323144104803,0.2,0.5,5.0,0.2,45.0,1.4,0.05,2023.0
10/23,3592.0,YEDIYUR TANK,"D (Propagation of wild life,fisheries)",6.8,8.4,261.0,4.0,0.9,840.0,16000.0,24.0,48.0,12.0,60.0,36.0,43.0,10.166594827586207,0.61,52.0,28.0,24.0,9.0,20.0,162.0,75.6593886462882,0.2,0.5,5.0,0.2,43.0,1.4,0.05,2023.0
10/23,3591.0,KEMPAMBUDHI TANK,"E (Irrigation, industrial cooling and controlled waste)",2.1,7.9,362.0,22.0,1.38,7900.0,35000.0,3.0,80.0,5.0,60.0,56.0,160.0,10.127586206896552,3.8,96.0,52.0,44.0,15.0,33.0,252.0,76.37554585152839,0.41,0.5,7.0,0.2,41.0,1.5,0.98,2023.0
10/23,4529.0,KASAVANAHALLI LAKE,"D (Propagation of wild life,fisheries)",5.8,8.0,728.0,5.0,3.0,4900.0,24000.0,3.0,144.0,5.0,144.0,128.0,60.0,10.088577586206895,0.4,108.0,60.0,48.0,6.0,86.0,492.0,77.09170305676855,0.2,0.5,56.0,0.32,51.0,4.0,0.38,2023.0
10/23,3621.0,HARALUR LAKE,"D (Propagation of wild life,fisheries)",4.5,8.4,798.0,8.0,3.0,4800.0,35000.0,16.0,124.0,8.0,132.0,116.0,92.0,10.049568965517242,0.52,180.0,96.0,84.0,29.0,83.0,538.0,77.80786026200873,1.4,0.5,23.0,0.25,46.0,3.0,4.8,2023.0
10/23,4542.0,BASAVANAPURA LAKE,"D (Propagation of wild life,fisheries)",5.7,6.5,540.0,5.0,2.0,4300.0,92000.0,3.0,124.0,5.0,124.0,68.0,64.0,10.010560344827589,0.49,132.0,72.0,60.0,12.0,52.0,372.0,78.52401746724891,0.91,0.5,13.0,0.2,43.0,2.0,3.0,2023.0
10/23,4543.0,KODI SINGASANDRA LAKE,"D (Propagation of wild life,fisheries)",5.4,7.7,589.0,6.0,2.0,2300.0,24000.0,3.0,112.0,5.0,112.0,84.0,56.0,9.971551724137932,0.4,112.0,64.0,48.0,27.0,73.0,396.0,79.24017467248908,0.31,0.5,18.0,0.31,42.0,3.0,0.9,2023.0
10/23,3620.0,PARAPPANA AGRAHARA LAKE,"D (Propagation of wild life,fisheries)",5.5,8.2,800.0,6.0,3.0,3100.0,35000.0,3.0,136.0,5.0,136.0,120.0,72.0,9.932543103448277,0.4,176.0,96.0,80.0,31.0,84.0,540.0,79.95633187772926,0.31,0.5,22.0,0.25,47.0,3.0,0.89,2023.0
10/23,4547.0,MANGAMANAPALYA LAKE(SWARANA KUNTE),"D (Propagation of wild life,fisheries)",6.0,7.5,719.0,4.0,3.0,470.0,9200.0,3.0,128.0,5.0,128.0,128.0,48.0,9.89353448275862,0.4,112.0,64.0,48.0,5.0,83.0,502.0,80.67248908296943,0.2,0.5,51.0,0.29,50.0,3.4,0.55,2023.0
10/23,3609.0,IBBALUR LAKE,"D (Propagation of wild life,fisheries)",6.1,7.6,595.0,4.0,2.0,410.0,16000.0,3.0,100.0,5.0,100.0,100.0,40.0,9.854525862068964,0.4,124.0,68.0,56.0,12.0,75.0,402.0,81.3886462882096,0.6,0.5,10.0,0.24,54.0,3.2,2.0,2023.0
10/23,4528.0,DODDAKANNEHALLI LAKE,"D (Propagation of wild life,fisheries)",5.0,8.4,800.0,7.0,3.0,4000.0,54000.0,3.0,148.0,12.0,148.0,124.0,84.0,9.815517241379313,0.59,176.0,96.0,80.0,31.0,86.0,540.0,82.10480349344978,0.81,0.5,22.0,0.25,48.0,3.0,2.2,2023.0
10/23,3614.0,PUTTENAHALLI LAKE,"D (Propagation of wild life,fisheries)",5.7,7.0,346.0,5.0,1.0,3100.0,35000.0,3.0,88.0,5.0,88.0,88.0,52.0,9.776508620689654,0.4,104.0,60.0,44.0,18.0,71.0,302.0,82.82096069868996,0.28,0.5,20.0,0.27,54.0,3.0,0.78,2023.0
10/23,4521.0,DEVARABEESANAHALLI LAKE,"D (Propagation of wild life,fisheries)",4.4,7.9,679.0,6.0,3.0,7000.0,92000.0,3.0,136.0,5.0,136.0,100.0,56.0,9.7375,0.4,124.0,68.0,56.0,19.0,82.0,468.0,83.53711790393012,0.2,0.5,34.0,0.31,51.0,3.0,0.07,2023.0
10/23,5570.0,"Soulkere, Kaikondrahalli Vill,Bengaluru","D (Propagation of wild life,fisheries)",6.0,7.8,641.0,5.0,3.0,1300.0,24000.0,3.0,144.0,5.0,144.0,92.0,48.0,9.698491379310344,0.4,112.0,60.0,52.0,18.0,81.0,442.0,84.2532751091703,0.2,0.5,25.0,0.39,55.0,3.0,0.11,2023.0
10/23,5567.0,"Doddakallasandra Lake,Bengaluru","D (Propagation of wild life,fisheries)",6.0,7.4,572.0,4.0,2.0,460.0,5400.0,3.0,112.0,5.0,112.0,68.0,40.0,9.65948275862069,0.4,84.0,48.0,36.0,18.0,51.0,388.0,84.96943231441048,0.2,0.5,18.0,0.26,51.0,2.0,0.05,2023.0
10/23,5572.0,"Kudlu Chikkakere, Bgp Layout Kudlu Vill ,Bengaluru","E (Irrigation, industrial cooling and controlled waste)",1.9,8.1,723.0,13.0,3.0,7000.0,35000.0,3.0,200.0,5.0,200.0,104.0,128.0,9.620474137931032,2.2,152.0,80.0,72.0,11.0,64.0,498.0,85.68558951965065,0.2,0.5,31.0,0.28,25.0,2.0,0.4,2023.0
10/23,5571.0,"Kudlu Doddakere, Kudlu Vill,Bengaluru","E (Irrigation, industrial cooling and controlled waste)",3.5,8.1,724.0,13.0,3.0,480.0,9200.0,3.0,196.0,5.0,196.0,92.0,124.0,9.58146551724138,3.6,176.0,92.0,84.0,12.0,72.0,492.0,86.40174672489083,0.26,0.5,20.0,0.29,44.0,2.0,0.47,2023.0
10/23,5574.0,"Anjanapura Lake ( Avala Halli Lake) Anjanapura,Bengaluru","D (Propagation of wild life,fisheries)",4.5,6.9,530.0,6.0,2.0,330.0,5400.0,3.0,100.0,5.0,100.0,96.0,60.0,9.542456896551723,0.4,96.0,52.0,44.0,7.0,50.0,360.0,87.117903930131,0.76,0.5,3.0,0.27,52.0,2.0,1.9,2023.0
10/23,3602.0,BELLANDUR LAKE,"E (Irrigation, industrial cooling and controlled waste)",1.9,7.1,997.0,51.0,4.0,340000.0,2400000.0,3.0,344.0,5.0,344.0,92.0,212.0,9.50344827586207,14.6,320.0,164.0,156.0,31.0,66.0,686.0,87.83406113537117,0.6,0.5,26.0,0.3,29.0,2.0,1.27,2023.0
10/23,3600.0,SHIVAPURA TANK,"E (Irrigation, industrial cooling and controlled waste)",1.8,7.3,2320.0,27.0,8.89,8400.0,92000.0,3.0,540.0,5.0,540.0,392.0,170.0,9.464439655172413,3.9,620.0,316.0,304.0,94.0,166.0,1630.0,88.55021834061135,0.8,0.5,46.0,0.49,35.0,540.0,1.78,2023.0
10/23,3601.0,KARIHOBANAHALLI LAKE,"E (Irrigation, industrial cooling and controlled waste)",2.1,7.1,1438.0,17.0,5.47,3300.0,54000.0,3.0,332.0,5.0,332.0,240.0,153.0,9.42543103448276,3.2,388.0,200.0,188.0,58.0,114.0,1010.0,89.26637554585153,0.48,0.5,29.0,0.32,37.0,2.5,1.12,2023.0
10/23,3607.0,KALKERE TANK,"E (Irrigation, industrial cooling and controlled waste)",2.8,6.7,866.0,15.0,3.32,4600.0,35000.0,3.0,200.0,5.0,200.0,144.0,139.0,9.386422413793102,2.6,232.0,120.0,112.0,35.0,79.0,604.0,89.9825327510917,0.42,0.5,17.0,0.2,40.0,2.2,0.96,2023.0
10/23,4519.0,RAMPURA LAKE,"E (Irrigation, industrial cooling and controlled waste)",0.3,7.3,1457.0,77.0,5.59,170000.0,2400000.0,3.0,336.0,5.0,336.0,244.0,320.0,9.347413793103447,18.1,400.0,204.0,196.0,59.0,117.0,1022.0,90.69868995633188,1.4,0.5,29.0,0.24,37.0,2.5,3.6,2023.0
10/23,3604.0,DODDANEKKUNDI LAKE,"D (Propagation of wild life,fisheries)",4.2,6.7,381.0,4.0,1.46,700.0,9200.0,3.0,84.0,5.0,84.0,60.0,45.0,9.308405172413792,0.54,100.0,56.0,44.0,16.0,33.0,266.0,91.41484716157206,0.2,0.5,8.0,0.2,39.0,1.43,0.05,2023.0
10/23,4097.0,KACHOHALLI LAKE,"D (Propagation of wild life,fisheries)",4.8,6.8,508.0,8.0,1.5,480.0,16000.0,3.0,136.0,5.0,136.0,72.0,78.0,9.26939655172414,0.9,196.0,104.0,92.0,16.0,56.0,348.0,92.13100436681222,0.7,0.5,24.0,0.2,35.0,1.4,1.9,2023.0
10/23,4538.0,MACHOHALLI LAKE,"D (Propagation of wild life,fisheries)",5.0,6.6,505.0,7.2,1.7,7900.0,54000.0,3.0,152.0,5.0,152.0,80.0,68.0,9.230387931034482,0.98,136.0,72.0,64.0,16.0,54.0,346.0,92.8471615720524,0.53,0.5,26.0,0.2,40.0,2.0,0.83,2023.0
10/23,4094.0,GANGONDANAHALLI LAKE,"E (Irrigation, industrial cooling and controlled waste)",0.3,6.8,1493.0,72.0,6.0,7000.0,35000.0,3.0,444.0,5.0,444.0,292.0,240.0,9.191379310344828,16.4,400.0,204.0,196.0,24.0,167.0,1018.0,93.56331877729258,1.0,0.5,29.0,0.44,45.0,3.6,2.6,2023.0
10/23,3599.0,ANCHEPALYA LAKE,"E (Irrigation, industrial cooling and controlled waste)",0.3,7.0,1289.0,62.0,5.0,460.0,9200.0,3.0,388.0,5.0,388.0,196.0,208.0,9.152370689655172,7.2,436.0,224.0,212.0,19.0,149.0,882.0,94.27947598253274,2.5,0.5,26.0,0.23,40.0,3.1,1.85,2023.0
10/23,4539.0,DODDABIDARAKALLU LAKE,"E (Irrigation, industrial cooling and controlled waste)",2.4,6.7,2191.0,17.0,12.0,2300.0,24000.0,3.0,508.0,5.0,508.0,268.0,116.0,9.113362068965518,1.9,996.0,504.0,492.0,92.0,340.0,1492.0,94.99563318777292,0.5,0.5,32.0,0.2,41.0,4.7,1.1,2023.0
10/23,3606.0,DASARAHALLI TANK,"E (Irrigation, industrial cooling and controlled waste)",2.6,6.7,602.0,18.0,1.5,4900.0,160000.0,3.0,164.0,5.0,164.0,120.0,118.0,9.07435344827586,2.05,176.0,92.0,84.0,19.0,48.0,410.0,95.7117903930131,0.5,0.5,31.0,0.2,33.0,1.57,1.32,2023.0
10/23,4540.0,KAMMAGONDANAHALLI LAKE,"E (Irrigation, industrial cooling and controlled waste)",2.5,7.8,550.0,18.0,1.8,40000.0,540000.0,3.0,180.0,5.0,180.0,72.0,120.0,9.035344827586208,2.2,168.0,88.0,35.0,17.0,55.0,378.0,96.42794759825328,0.5,0.5,32.0,0.2,40.0,1.85,1.4,2023.0
10/23,5559.0,"Shettihalli Lake, Mallasandra Gudde Lake Bengaluru","D (Propagation of wild life,fisheries)",2.8,7.2,558.0,17.0,1.8,4800.0,35000.0,3.0,184.0,5.0,184.0,72.0,116.0,8.996336206896551,2.4,176.0,92.0,84.0,17.0,53.0,386.0,97.14410480349343,0.5,0.5,32.0,0.2,40.5,2.175,1.3,2023.0
10/23,4506.0,ABBIGERE LAKE,"D (Propagation of wild life,fisheries)",4.6,7.0,840.0,8.0,3.0,580.0,9200.0,3.0,256.0,5.0,256.0,148.0,77.0,8.957327586206898,0.95,220.0,116.0,104.0,19.0,85.0,574.0,97.86026200873364,0.2,0.5,35.0,0.2,41.0,2.5,0.5,2023.0
10/23,4095.0,CHIKKABANAVARA LAKE,"D (Propagation of wild life,fisheries)",4.7,6.8,785.0,8.0,3.0,330.0,16000.0,3.0,216.0,5.0,216.0,156.0,72.0,8.91831896551724,0.83,196.0,104.0,92.0,18.0,84.0,544.0,98.5764192139738,0.2,0.5,35.0,0.22,43.0,18.0,0.4,2023.0
10/23,3597.0,HESARAGHATTA LAKE,"D (Propagation of wild life,fisheries)",5.2,7.5,520.0,5.0,2.0,4000.0,54000.0,3.0,116.0,5.0,116.0,40.0,44.0,8.879310344827587,0.4,160.0,80.0,80.0,28.0,34.0,354.0,99.29257641921396,0.2,0.5,3.0,0.2,31.0,1.5,0.05,2023.0
10/23,4541.0,ALUR LAKE,"D (Propagation of wild life,fisheries)",6.1,7.3,528.0,4.0,2.0,310.0,9200.0,3.0,120.0,5.0,120.0,32.0,40.0,8.84030172413793,0.4,148.0,72.0,76.0,29.0,36.0,360.0,100.00873362445417,0.2,0.5,3.0,0.2,34.0,1.3,0.05,2023.0
10/23,4513.0,RAMAMMANA KERE,"D (Propagation of wild life,fisheries)",5.2,7.3,520.0,5.0,2.0,480.0,16000.0,3.0,140.0,5.0,140.0,40.0,44.0,8.801293103448275,0.4,160.0,80.0,80.0,28.0,34.0,354.0,100.72489082969432,0.2,0.5,3.0,0.21,31.0,1.5,0.05,2023.0
10/23,4535.0,GUBBALAL LAKE,"D (Propagation of wild life,fisheries)",5.8,6.5,384.0,4.0,1.14,7000.0,54000.0,3.0,100.0,5.0,100.0,28.0,40.0,8.76228448275862,0.46,96.0,52.0,44.0,11.0,16.0,260.0,101.4410480349345,0.43,0.5,1.0,0.2,25.0,1.5,1.32,2023.0
10/23,3596.0,NAYANDANAHALLI TANK,"D (Propagation of wild life,fisheries)",5.2,7.9,872.0,6.0,4.0,4600.0,35000.0,3.0,204.0,5.0,204.0,132.0,52.0,8.723275862068965,0.4,220.0,116.0,104.0,14.0,78.0,594.0,102.15720524017468,1.1,0.5,5.0,0.3,42.0,2.29,3.39,2023.0
10/23,3633.0,SUBRAMANYAPURA TANK,"D (Propagation of wild life,fisheries)",4.3,7.3,620.0,8.0,3.0,2300.0,24000.0,3.0,164.0,5.0,164.0,76.0,72.0,8.68426724137931,0.4,176.0,92.0,84.0,29.0,59.0,422.0,102.87336244541484,2.86,0.5,5.0,0.33,41.0,1.5,8.78,2023.0
10/23,3640.0,UTTARAHALLI DORAIKERE,"E (Irrigation, industrial cooling and controlled waste)",1.2,7.3,321.0,15.0,1.29,22000.0,240000.0,3.0,76.0,5.0,76.0,24.0,120.0,8.645258620689654,3.1,88.0,48.0,40.0,10.0,15.0,218.0,103.58951965065502,0.2,0.5,2.0,0.2,26.0,1.4,0.05,2023.0
10/23,4536.0,HOSAKEREHALLI LAKE,"D (Propagation of wild life,fisheries)",5.3,7.6,698.0,6.0,2.0,4900.0,160000.0,3.0,196.0,5.0,80.0,72.0,56.0,8.60625,0.44,176.0,92.0,84.0,28.0,53.0,476.0,104.3056768558952,0.63,0.5,4.0,0.34,38.0,1.5,1.93,2023.0
10/23,3634.0,DEVARAKERE TANK,"D (Propagation of wild life,fisheries)",5.8,6.5,376.0,5.0,1.1,5800.0,92000.0,3.0,84.0,5.0,84.0,20.0,48.0,8.567241379310344,0.51,104.0,56.0,48.0,7.0,20.0,254.0,105.02183406113537,0.29,0.5,3.0,0.2,28.0,1.5,0.91,2023.0
10/23,3641.0,DHOREKERE TANK,"E (Irrigation, industrial cooling and controlled waste)",1.8,7.0,427.0,14.0,1.31,7900.0,54000.0,3.0,112.0,5.0,112.0,24.0,116.0,8.528232758620689,1.29,128.0,68.0,60.0,26.0,27.0,290.0,105.73799126637554,0.43,0.5,3.0,0.2,30.0,1.1,1.33,2023.0
10/23,4531.0,RAYASANDRA LAKE,"E (Irrigation, industrial cooling and controlled waste)",0.4,7.0,1286.0,24.0,5.1,2100.0,54000.0,3.0,392.0,5.0,392.0,184.0,157.0,8.489224137931034,1.4,392.0,200.0,192.0,27.0,152.0,878.0,106.45414847161572,2.0,0.5,36.0,0.3,43.0,3.3,4.5,2023.0
10/23,4530.0,KAMMASANDRA LAKE,"E (Irrigation, industrial cooling and controlled waste)",0.3,7.0,1952.0,67.0,7.6,220000.0,2400000.0,3.0,700.0,5.0,700.0,332.0,223.0,8.450215517241379,20.6,532.0,272.0,260.0,27.0,219.0,1330.0,107.17030567685588,2.2,0.5,38.0,0.36,45.0,4.1,6.0,2023.0
10/23,4107.0,"MUGALUR, BENGALURU","E (Irrigation, industrial cooling and controlled waste)",2.0,7.2,1165.0,16.0,4.2,400000.0,3500000.0,3.0,412.0,5.0,412.0,204.0,108.0,8.411206896551723,1.8,340.0,176.0,164.0,23.0,123.0,802.0,107.88646288209608,1.5,0.5,33.0,0.3,41.0,2.9,3.1,2023.0
10/23,4532.0,CHANDAPURA LAKE,"E (Irrigation, industrial cooling and controlled waste)",3.5,7.3,1180.0,10.0,5.6,4300.0,92000.0,3.0,340.0,5.0,340.0,156.0,92.0,8.372198275862068,1.1,464.0,236.0,228.0,21.0,162.0,810.0,108.60262008733623,1.2,0.5,30.0,0.4,41.0,3.3,2.9,2023.0
10/23,4527.0,SHEELAVANTA-WHITEFIELD LAKE,"D (Propagation of wild life,fisheries)",5.4,7.6,614.0,6.0,2.0,5800.0,92000.0,3.0,76.0,5.0,76.0,116.0,56.0,8.333189655172413,0.4,92.0,52.0,40.0,16.0,62.0,422.0,109.3187772925764,0.2,0.5,22.0,0.22,53.0,3.0,0.36,2023.0
10/23,4524.0,PATTANDUR AGRAHARA LAKE,"E (Irrigation, industrial cooling and controlled waste)",3.2,6.7,1572.0,16.0,5.0,4000.0,35000.0,3.0,256.0,5.0,256.0,304.0,124.0,8.294181034482758,3.4,320.0,168.0,152.0,25.0,170.0,1058.0,110.0349344978166,0.63,0.5,30.0,0.38,51.0,4.0,2.0,2023.0
10/23,4523.0,NALLURAHALLI LAKE,"D (Propagation of wild life,fisheries)",5.7,6.8,616.0,5.0,2.0,2300.0,24000.0,3.0,88.0,5.0,88.0,96.0,48.0,8.255172413793103,0.4,164.0,88.0,76.0,44.0,64.0,412.0,110.75109170305676,0.2,0.5,18.0,0.23,43.0,2.0,0.53,2023.0
10/23,5560.0,"Hoodi (Rajapalya Lake) Itpl Main Road, Near Hoodi,Bengaluru","D (Propagation of wild life,fisheries)",5.0,6.7,1562.0,7.0,5.0,460.0,9200.0,3.0,248.0,5.0,248.0,312.0,88.0,8.216163793103448,0.4,324.0,168.0,156.0,33.0,165.0,1052.0,111.46724890829694,0.58,0.5,22.0,0.22,50.0,4.0,2.0,2023.0
10/23,4525.0,SEETHARAMPALYA LAKE,"D (Propagation of wild life,fisheries)",6.1,7.4,489.0,4.0,1.0,4900.0,160000.0,3.0,104.0,5.0,104.0,68.0,40.0,8.177155172413793,0.4,104.0,60.0,44.0,17.0,74.0,334.0,112.18340611353712,0.46,0.5,20.0,0.22,55.0,3.0,1.0,2023.0
10/23,4514.0,SADARAMANGALA LAKE,"D (Propagation of wild life,fisheries)",6.0,6.5,774.0,4.0,3.0,430.0,9200.0,3.0,172.0,5.0,172.0,108.0,40.0,8.138146551724137,0.4,160.0,88.0,72.0,24.0,76.0,524.0,112.8995633187773,0.47,0.5,27.0,0.2,46.0,3.0,1.2,2023.0
10/23,4518.0,GARUDACHARPALYA TANK,"D (Propagation of wild life,fisheries)",5.7,6.5,750.0,5.0,3.0,3300.0,54000.0,3.0,192.0,5.0,192.0,104.0,44.0,8.099137931034482,0.4,196.0,104.0,92.0,14.0,78.0,508.0,113.61572052401746,0.88,0.5,24.0,0.2,43.0,2.0,3.0,2023.0
10/23,3610.0,TUBARAHALLI TANK,"D (Propagation of wild life,fisheries)",5.4,7.2,575.0,6.0,2.0,5800.0,92000.0,3.0,84.0,5.0,84.0,88.0,72.0,8.060129310344827,0.4,124.0,58.0,56.0,20.0,63.0,388.0,114.33187772925764,0.21,0.5,16.0,0.25,49.0,2.0,0.53,2023.0
10/23,4503.0,MADHURE TANK,"D (Propagation of wild life,fisheries)",4.6,6.5,300.0,10.0,0.62,4300.0,54000.0,3.0,68.0,5.0,68.0,32.0,91.0,8.021120689655172,0.86,108.0,60.0,48.0,57.0,25.0,240.0,115.04803493449782,0.2,0.5,15.0,0.2,30.0,1.3,0.7,2023.0
10/23,4516.0,KUNDALAHALLI LAKE,"D (Propagation of wild life,fisheries)",4.9,7.8,1256.0,8.0,5.0,7000.0,160000.0,3.0,232.0,5.0,232.0,276.0,84.0,7.982112068965517,0.91,312.0,160.0,152.0,21.0,107.0,866.0,115.764192139738,0.41,0.5,15.0,0.2,41.0,3.0,0.98,2023.0
10/23,4520.0,CHINNAPPANAHALLI LAKE,"D (Propagation of wild life,fisheries)",6.0,7.7,614.0,5.0,2.0,3300.0,24000.0,3.0,120.0,5.0,120.0,76.0,48.0,7.943103448275862,0.49,116.0,64.0,52.0,15.0,61.0,416.0,116.48034934497817,0.2,0.5,10.0,0.31,51.0,2.0,0.29,2023.0
10/23,5561.0,"Munekolalu Lake ,Marathahalli, East Taluka ,Bengaluru","D (Propagation of wild life,fisheries)",4.5,7.4,567.0,6.0,2.0,4000.0,35000.0,3.0,112.0,5.0,112.0,80.0,60.0,7.904094827586206,0.4,100.0,56.0,44.0,5.0,52.0,390.0,117.19650655021834,0.2,0.5,11.0,0.22,50.0,2.0,0.05,2023.0
10/23,5562.0,"Mahadevpura  Lake, K. R. Puram , Bangalore East Taluka","D (Propagation of wild life,fisheries)",4.4,8.2,580.0,8.0,2.0,2100.0,54000.0,3.0,112.0,5.0,112.0,96.0,96.0,7.865086206896551,0.46,104.0,60.0,44.0,11.0,58.0,392.0,117.91266375545852,0.49,0.5,14.0,0.2,51.0,2.0,1.0,2023.0
10/23,3608.0,VARTHUR LAKE,"E (Irrigation, industrial cooling and controlled waste)",0.3,6.9,1303.0,30.0,5.0,700000.0,5400000.0,3.0,420.0,5.0,420.0,164.0,212.0,7.826077586206896,21.56,416.0,212.0,204.0,20.0,125.0,886.0,118.62882096069868,2.0,0.5,15.0,0.37,38.0,2.67,7.0,2023.0
10/23,3632.0,VEERAPURA TANK,"D (Propagation of wild life,fisheries)",4.4,7.1,520.0,10.0,1.7,3300.0,35000.0,3.0,120.0,5.0,120.0,72.0,93.0,7.787068965517241,0.94,176.0,92.0,84.0,63.0,53.0,350.0,119.34497816593888,0.6,0.5,18.0,0.3,37.0,1.2,1.4,2023.0
10/23,4522.0,VIBHUTHIPURA LAKE,"D (Propagation of wild life,fisheries)",4.6,6.6,624.0,8.0,3.0,4900.0,54000.0,3.0,144.0,5.0,144.0,84.0,84.0,7.748060344827586,0.62,116.0,64.0,52.0,39.0,54.0,424.0,120.06113537117903,0.33,0.5,4.0,0.24,48.0,2.18,1.01,2023.0
10/23,5565.0,Kannur Lake,"D (Propagation of wild life,fisheries)",4.2,6.7,381.0,4.0,1.46,700.0,9200.0,3.0,84.0,5.0,84.0,60.0,45.0,7.709051724137931,0.54,100.0,56.0,44.0,16.0,33.0,266.0,120.7772925764192,0.2,0.5,8.0,1.6,39.0,1.43,0.05,2023.0
10/23,3594.0,SankeyTank,"D (Propagation of wild life,fisheries)",5.1,7.7,562.0,4.0,2.0,49.0,1600.0,3.0,132.0,5.0,132.0,72.0,44.0,7.6700431034482754,0.48,140.0,76.0,64.0,28.0,51.0,386.0,121.4934497816594,0.15,0.5,8.0,0.3,42.0,2.0,0.35,2023.0
10/23,4096.0,Andrahalli Lake,"E (Irrigation, industrial cooling and controlled waste)",0.5,6.7,1185.0,39.0,5.0,46000.0,350000.0,3.0,228.0,5.0,228.0,252.0,200.0,7.63103448275862,14.3,248.0,128.0,120.0,23.0,96.0,816.0,122.20960698689956,2.0,0.5,35.0,0.41,42.0,3.0,5.0,2023.0
10/23,3598.0,Herohalli Lake,"D (Propagation of wild life,fisheries)",6.0,7.0,423.0,5.0,2.0,4700.0,92000.0,3.0,92.0,5.0,92.0,48.0,48.0,7.592025862068965,0.48,140.0,76.0,64.0,12.0,37.0,290.0,122.92576419213974,0.4,0.5,12.0,0.2,22.0,1.0,0.92,2023.0
10/23,4512.0,Vishwaneedam dam Lake,"D (Propagation of wild life,fisheries)",6.1,6.8,470.0,4.0,2.0,340.0,16000.0,3.0,104.0,5.0,104.0,36.0,44.0,7.55301724137931,0.49,168.0,88.0,80.0,16.0,26.0,324.0,123.64192139737992,0.2,0.5,10.0,0.2,24.0,0.87,0.59,2023.0
10/23,5558.0,Kannahalli Lake,"D (Propagation of wild life,fisheries)",4.8,7.0,1387.0,9.0,6.0,580.0,9200.0,3.0,320.0,5.0,320.0,224.0,88.0,7.514008620689655,0.65,388.0,200.0,188.0,25.0,92.0,956.0,124.35807860262008,0.56,0.5,31.0,0.22,32.0,2.0,1.42,2023.0
12/23,1388.0,"ULSOOR LAKE TRAINING
CENTRE OF FISH BREEDING","D (Propagation of wild life,fisheries)",4.6,8.0,332.0,8.0,1.15,4000.0,54000.0,3.0,64.0,5.0,64.0,44.0,96.0,1.5,0.84,88.0,52.0,36.0,16.0,46.0,222.0,32.0,0.2,0.5,13.0,0.2,49.0,2.0,0.1,2023.0
12/23,2778.0,RIVER ARKAVATHI AT TIPPAGONDANAHALLI RESERVOIR,"E (Irrigation, industrial cooling and controlled waste)",1.8,7.5,1374.0,21.0,5.3,46000.0,350000.0,3.0,320.0,5.0,320.0,232.0,168.0,10.9,8.6,372.0,192.0,180.0,56.0,118.0,952.0,10.0,0.77,0.5,27.0,0.26,38.0,2.7,2.1,2023.0
12/23,3589.0,MADIWALA TANK,"E (Irrigation, industrial cooling and controlled waste)",3.1,6.8,616.0,11.0,2.0,480.0,16000.0,3.0,96.0,5.0,96.0,92.0,104.0,1.5,0.91,232.0,120.0,112.0,33.0,58.0,425.0,10.0,0.2,0.5,29.0,0.27,32.0,2.0,0.05,2023.0
12/23,3590.0,LALBAGH TANK,"D (Propagation of wild life,fisheries)",6.6,8.4,448.0,6.0,2.0,4600.0,54000.0,24.0,112.0,5.0,124.0,68.0,56.0,1.5,0.41,236.0,124.0,112.0,8.0,37.0,304.0,12.0,0.2,0.5,2.0,0.4,25.0,1.04,0.05,2023.0
12/23,3591.0,KEMPAMBUDHI TANK,"E (Irrigation, industrial cooling and controlled waste)",3.2,7.3,462.0,15.0,1.77,2700.0,24000.0,3.0,172.0,5.0,172.0,72.0,121.0,4.7,3.8,120.0,64.0,56.0,19.0,37.0,320.0,48.0,0.34,0.5,9.0,0.26,37.0,1.5,0.94,2023.0
12/23,3592.0,YEDIYUR TANK,"D (Propagation of wild life,fisheries)",4.7,6.8,271.0,5.0,1.04,2700.0,24000.0,3.0,60.0,5.0,60.0,40.0,121.0,1.5,0.76,68.0,40.0,28.0,11.0,22.0,186.0,16.0,0.2,0.5,5.0,0.2,39.0,1.2,0.05,2023.0
12/23,3593.0,ULSOOR LAKE TEMPLE,"D (Propagation of wild life,fisheries)",5.0,8.1,333.0,7.0,1.16,3100.0,35000.0,3.0,72.0,5.0,72.0,40.0,84.0,1.5,0.89,80.0,48.0,32.0,16.0,46.0,224.0,40.0,0.2,0.5,14.0,0.2,51.0,2.0,0.17,2023.0
12/23,3594.0,SANKEY TANK,"D (Propagation of wild life,fisheries)",4.4,7.76,491.0,8.0,1.1,480.0,16000.0,3.0,168.0,5.0,168.0,76.0,96.0,1.5,0.4,192.0,100.0,92.0,21.0,38.0,336.0,10.0,0.2,0.5,4.0,0.26,30.0,1.1,0.05,2023.0
12/23,3595.0,BYRASANDRA TANK,"E (Irrigation, industrial cooling and controlled waste)",3.1,6.9,459.0,16.0,2.0,7000.0,92000.0,3.0,100.0,5.0,100.0,40.0,112.0,2.26,1.7,112.0,64.0,48.0,19.0,49.0,312.0,24.0,0.5,0.5,13.0,0.2,45.0,2.0,1.2,2023.0
12/23,3596.0,NAYANDANAHALLI TANK,"E (Irrigation, industrial cooling and controlled waste)",1.2,7.2,902.0,40.0,3.1,940.0,16000.0,3.0,208.0,5.0,208.0,140.0,192.0,9.0,6.9,260.0,136.0,124.0,32.0,107.0,608.0,10.0,1.08,0.5,27.0,0.21,44.0,4.0,2.9,2023.0
12/23,3597.0,HESARAGHATTA LAKE,"D (Propagation of wild life,fisheries)",4.3,7.8,281.0,9.0,1.8,700.0,9200.0,3.0,80.0,5.0,80.0,40.0,91.0,1.5,0.92,72.0,44.0,28.0,5.0,29.0,194.0,10.0,0.2,0.5,4.0,0.2,44.0,1.4,0.05,2023.0
12/23,3598.0,HEROHALLI TANK,"D (Propagation of wild life,fisheries)",4.3,7.5,390.0,5.0,0.85,7000.0,92000.0,3.0,124.0,5.0,124.0,72.0,67.0,1.5,0.4,136.0,68.0,68.0,5.0,41.0,268.0,10.0,0.2,0.5,3.0,0.2,39.0,1.0,0.05,2023.0
12/23,3599.0,ANCHEPALYA LAKE,"D (Propagation of wild life,fisheries)",4.2,7.2,386.0,7.0,0.96,6300.0,54000.0,3.0,112.0,5.0,112.0,76.0,83.0,1.5,0.96,136.0,76.0,60.0,5.0,42.0,270.0,10.0,0.2,0.5,3.0,0.2,39.0,1.13,0.05,2023.0
12/23,3600.0,SHIVAPURA TANK,"D (Propagation of wild life,fisheries)",4.1,8.2,589.0,10.0,2.0,4300.0,54000.0,3.0,144.0,5.0,144.0,88.0,120.0,1.5,0.92,120.0,64.0,56.0,19.0,49.0,400.0,40.0,0.46,0.5,4.0,0.21,45.0,1.9,1.4,2023.0
12/23,3601.0,KARIHOBANAHALLI LAKE,"D (Propagation of wild life,fisheries)",4.3,7.06,2137.0,9.0,7.4,31000.0,350000.0,3.0,476.0,5.0,476.0,400.0,107.0,1.5,0.42,500.0,256.0,244.0,35.0,132.0,1458.0,10.0,0.2,0.5,16.0,0.39,36.0,2.6,0.32,2023.0
12/23,3602.0,BELLANDUR LAKE,"D (Propagation of wild life,fisheries)",4.2,7.5,1061.0,7.0,4.1,2200.0,24000.0,3.0,348.0,5.0,348.0,116.0,68.0,1.5,0.9,428.0,220.0,208.0,10.0,112.0,734.0,10.0,1.6,0.5,31.0,0.44,34.0,2.4,2.6,2023.0
12/23,3603.0,VENGAIYYANAKERE ( KR PURAM LAKE ),"E (Irrigation, industrial cooling and controlled waste)",3.3,6.9,1463.0,13.0,5.6,9400.0,160000.0,3.0,340.0,5.0,340.0,244.0,115.0,2.2,1.8,396.0,204.0,192.0,59.0,127.0,1012.0,10.0,1.23,0.5,29.0,0.52,39.0,2.79,3.4,2023.0
12/23,3604.0,DODDANEKKUNDI LAKE,"D (Propagation of wild life,fisheries)",4.6,7.2,1714.0,8.0,7.0,2300.0,24000.0,3.0,252.0,5.0,252.0,324.0,92.0,1.5,0.96,364.0,188.0,176.0,19.0,161.0,1164.0,10.0,0.31,0.5,13.0,0.42,47.0,4.0,0.95,2023.0
12/23,3605.0,"YELEMALLAPPA
SHETTY LAKE","E (Irrigation, industrial cooling and controlled waste)",1.0,7.5,1315.0,18.0,5.0,490.0,16000.0,3.0,332.0,5.0,332.0,164.0,140.0,6.24,4.8,268.0,140.0,128.0,24.0,118.0,894.0,28.0,1.86,0.5,10.0,0.46,47.0,3.0,5.71,2023.0
12/23,3606.0,DASARAHALLI TANK,"D (Propagation of wild life,fisheries)",4.4,7.5,424.0,6.0,0.92,58000.0,160000.0,3.0,116.0,5.0,116.0,108.0,74.0,1.5,0.6,124.0,72.0,52.0,7.0,39.0,286.0,10.0,0.2,0.5,4.2,0.2,39.0,2.0,0.05,2023.0
12/23,3607.0,KALKERE TANK,"E (Irrigation, industrial cooling and controlled waste)",2.3,7.9,926.0,17.0,3.0,70000.0,350000.0,3.0,256.0,5.0,256.0,188.0,119.0,3.1,2.4,76.0,44.0,32.0,36.0,95.0,640.0,10.0,1.0,0.5,17.0,0.26,67.0,4.7,2.5,2023.0
12/23,3608.0,VARTHUR LAKE,"E (Irrigation, industrial cooling and controlled waste)",1.2,6.8,1248.0,21.0,4.8,40000.0,350000.0,3.0,284.0,5.0,284.0,208.0,164.0,8.3,6.4,336.0,172.0,164.0,51.0,112.0,860.0,10.0,1.07,0.5,25.0,0.42,41.0,2.7,2.67,2023.0
12/23,3609.0,IBBALUR LAKE,"D (Propagation of wild life,fisheries)",4.2,7.3,588.0,8.0,3.4,9400.0,54000.0,3.0,88.0,5.0,88.0,52.0,72.0,1.5,0.9,148.0,80.0,68.0,10.0,48.0,432.0,10.0,0.21,0.5,22.0,0.2,49.0,1.7,0.6,2023.0
12/23,3610.0,TUBARAHALLI TANK,"D (Propagation of wild life,fisheries)",6.2,7.8,571.0,4.0,2.0,6300.0,92000.0,3.0,88.0,5.0,88.0,104.0,40.0,1.5,0.61,92.0,52.0,40.0,23.0,47.0,388.0,10.0,0.2,0.5,4.0,0.26,50.0,1.8,0.05,2023.0
12/23,3611.0,KAIKONDANAHALLI LAKE,"E (Irrigation, industrial cooling and controlled waste)",2.9,7.2,1886.0,18.0,7.2,79000.0,350000.0,3.0,436.0,5.0,436.0,320.0,133.0,6.4,4.9,516.0,264.0,252.0,76.0,151.0,1314.0,10.0,0.59,0.5,38.0,0.48,37.0,3.0,1.69,2023.0
12/23,3612.0,AGARAM LAKE,"D (Propagation of wild life,fisheries)",5.3,7.3,802.0,5.0,2.8,700.0,16000.0,3.0,72.0,5.0,72.0,156.0,49.0,1.5,0.78,128.0,68.0,60.0,41.0,85.0,420.0,10.0,0.2,0.5,26.0,0.22,53.0,3.3,0.6,2023.0
12/23,3613.0,GOTTIGERE LAKE,"D (Propagation of wild life,fisheries)",6.1,7.8,788.0,4.0,3.0,340.0,5400.0,3.0,148.0,5.0,148.0,156.0,48.0,1.5,0.4,108.0,60.0,48.0,8.0,107.0,530.0,10.0,0.2,0.5,59.0,0.2,56.0,4.0,0.23,2023.0
12/23,3614.0,PUTTENAHALLI LAKE,"D (Propagation of wild life,fisheries)",5.6,7.7,534.0,6.0,2.15,480.0,16000.0,3.0,120.0,5.0,120.0,76.0,60.0,1.5,0.4,112.0,48.0,64.0,25.0,55.0,368.0,10.0,0.2,0.5,27.0,0.24,45.0,2.0,0.05,2023.0
12/23,3615.0,ARAKERE LAKE,"E (Irrigation, industrial cooling and controlled waste)",3.0,7.0,448.0,29.0,2.0,4600.0,35000.0,3.0,84.0,5.0,84.0,56.0,172.0,3.7,2.9,104.0,56.0,48.0,17.0,43.0,308.0,34.0,0.2,0.5,20.0,0.27,42.0,2.0,0.15,2023.0
12/23,3616.0,KALENA AGRAHARA LAKE,"D (Propagation of wild life,fisheries)",4.2,7.4,539.0,13.0,2.0,490.0,5400.0,3.0,132.0,5.0,132.0,52.0,116.0,1.5,0.94,132.0,72.0,60.0,11.0,52.0,370.0,30.0,0.2,0.5,25.0,0.27,58.0,2.0,0.05,2023.0
12/23,3617.0,HULIMAVU LAKE,"E (Irrigation, industrial cooling and controlled waste)",2.4,6.8,610.0,29.0,2.0,700.0,16000.0,3.0,128.0,5.0,128.0,80.0,176.0,3.9,3.0,132.0,72.0,60.0,8.0,58.0,420.0,40.0,0.29,0.5,28.0,0.26,44.0,2.0,0.58,2023.0
12/23,3618.0,SINGASANDRA LAKE,"E (Irrigation, industrial cooling and controlled waste)",2.6,6.9,625.0,8.0,2.2,480.0,5400.0,3.0,144.0,5.0,144.0,96.0,76.0,2.6,2.4,124.0,68.0,56.0,20.0,69.0,450.0,14.0,0.3,0.5,22.0,0.26,46.0,22.0,0.7,2023.0
12/23,3619.0,BEGUR TANK,"E (Irrigation, industrial cooling and controlled waste)",2.5,6.9,540.0,35.0,2.0,790.0,9200.0,3.0,120.0,5.0,120.0,92.0,184.0,3.9,3.0,124.0,68.0,56.0,32.0,43.0,372.0,50.0,0.2,0.5,20.0,0.25,38.0,2.0,0.31,2023.0
12/23,3620.0,"PARAPPANA
AGRAHARA LAKE","E (Irrigation, industrial cooling and controlled waste)",2.6,7.5,863.0,8.0,3.6,23000.0,240000.0,3.0,200.0,5.0,200.0,136.0,83.0,2.2,1.7,196.0,104.0,92.0,33.0,104.0,596.0,16.0,2.2,0.5,29.0,0.38,49.0,3.2,4.0,2023.0
12/23,3621.0,HARALUR LAKE,"E (Irrigation, industrial cooling and controlled waste)",3.1,6.8,905.0,16.0,3.4000000000000004,4600.0,92000.0,3.0,208.0,5.0,208.0,148.0,120.0,5.3,4.2,244.0,128.0,116.0,37.0,86.0,630.0,52.0,0.55,0.5,18.0,0.38,41.0,2.4,1.58,2023.0
12/23,3622.0,SOMASUNDRAPALYA LAKE,"D (Propagation of wild life,fisheries)",4.8,7.8,748.0,6.0,3.2,430.0,5400.0,3.0,172.0,5.0,172.0,160.0,55.0,1.5,0.76,116.0,64.0,51.0,9.0,91.0,518.0,12.0,0.2,0.5,30.0,0.31,50.0,3.7,0.4,2023.0
12/23,3623.0,ANEKAL DODDAKERE TANK,"D (Propagation of wild life,fisheries)",4.7,7.1,827.0,8.0,3.3,2700.0,24000.0,3.0,220.0,5.0,220.0,148.0,79.0,1.5,0.83,204.0,108.0,96.0,5.0,99.0,536.0,10.0,0.2,0.5,25.0,0.2,48.0,3.0,0.05,2023.0
12/23,3624.0,PUTTENAHALLI LAKE,"D (Propagation of wild life,fisheries)",5.1,7.0,459.0,5.0,1.76,79000.0,350000.0,3.0,104.0,5.0,104.0,72.0,49.0,1.5,0.81,120.0,64.0,56.0,12.0,39.0,316.0,24.0,0.2,0.5,9.0,0.43,39.0,1.5,0.05,2023.0
12/23,3625.0,HEBBAL LAKE,"D (Propagation of wild life,fisheries)",5.3,6.9,462.0,4.0,1.79,4300.0,54000.0,3.0,108.0,5.0,108.0,76.0,44.0,1.5,0.64,124.0,68.0,56.0,19.0,40.0,318.0,22.0,0.2,0.5,10.0,0.41,39.0,1.6,0.05,2023.0
12/23,3626.0,NAGAVARA LAKE,"D (Propagation of wild life,fisheries)",5.0,8.1,547.0,7.2,1.9,7000.0,92000.0,3.0,128.0,5.0,128.0,48.0,68.0,1.5,0.86,176.0,92.0,84.0,19.0,63.0,382.0,10.0,0.43,0.5,15.0,0.2,41.0,2.06,1.0,2023.0
12/23,3627.0,JAKKUR LAKE,"D (Propagation of wild life,fisheries)",5.2,6.9,564.0,5.0,2.16,43000.0,540000.0,3.0,128.0,5.0,128.0,92.0,47.0,1.5,0.52,152.0,80.0,72.0,23.0,47.0,382.0,10.0,0.23,0.5,11.0,0.26,38.0,1.7,0.6,2023.0
12/23,3628.0,AMRUTHAHALLI LAKE,"D (Propagation of wild life,fisheries)",5.1,7.9,565.0,7.3,1.9,4700.0,54000.0,3.0,128.0,5.0,128.0,60.0,68.0,1.5,0.87,172.0,92.0,80.0,17.0,65.0,394.0,10.0,0.31,0.5,15.0,0.2,42.0,2.2,0.7,2023.0
12/23,3629.0,ALLALASANDRA LAKE,"D (Propagation of wild life,fisheries)",5.7,7.1,456.0,4.0,1.59,40000.0,350000.0,3.0,100.0,5.0,100.0,68.0,40.0,1.5,0.56,116.0,64.0,52.0,18.0,38.0,314.0,26.0,0.2,0.5,9.0,0.39,39.0,1.5,0.05,2023.0
12/23,3630.0,YELAHANKA TANK,"D (Propagation of wild life,fisheries)",5.4,7.0,560.0,4.0,2.11,17000.0,240000.0,3.0,124.0,5.0,124.0,88.0,40.0,1.5,0.49,148.0,76.0,72.0,23.0,46.0,388.0,10.0,0.2,0.5,10.0,0.28,38.0,1.6,0.55,2023.0
12/23,3632.0,VEERAPURA TANK,"D (Propagation of wild life,fisheries)",6.0,7.3,437.0,5.0,1.5,7000.0,160000.0,3.0,116.0,5.0,116.0,44.0,52.0,1.5,0.4,164.0,88.0,76.0,14.0,36.0,294.0,10.0,0.2,0.5,6.0,0.21,32.0,1.0,0.16,2023.0
12/23,3633.0,SUBRAMANYAPURA TANK,"D (Propagation of wild life,fisheries)",5.5,8.2,788.0,4.0,2.7,4900.0,35000.0,3.0,208.0,5.0,208.0,128.0,52.0,1.5,0.4,256.0,136.0,120.0,29.0,100.0,528.0,10.0,0.95,0.5,20.0,0.22,44.0,3.0,2.7,2023.0
12/23,3634.0,DEVARAKERE TANK,"E (Irrigation, industrial cooling and controlled waste)",2.2,7.2,279.0,16.0,0.86,4900.0,35000.0,3.0,84.0,5.0,84.0,28.0,124.0,6.8,5.2,116.0,64.0,52.0,7.0,28.0,188.0,10.0,0.2,0.5,9.0,0.21,32.0,1.0,0.16,2023.0
12/23,3635.0,MALATHAHALLI LAKE,"D (Propagation of wild life,fisheries)",4.3,7.9,913.0,9.0,2.09,1700.0,24000.0,3.0,276.0,5.0,276.0,196.0,104.0,1.5,0.4,308.0,156.0,152.0,20.0,86.0,616.0,10.0,0.2,0.5,14.0,0.21,36.0,2.0,0.59,2023.0
12/23,3636.0,HOSKERE LAKE,"D (Propagation of wild life,fisheries)",4.6,6.9,582.0,7.0,1.0,9400.0,92000.0,3.0,188.0,5.0,188.0,120.0,75.0,1.5,0.4,200.0,112.0,88.0,17.0,48.0,410.0,10.0,0.2,0.5,11.0,0.2,33.0,2.3,0.05,2023.0
12/23,3638.0,YELACHENAHALLI LAKE,"D (Propagation of wild life,fisheries)",5.0,7.75,425.0,6.5,0.875,7850.0,73000.0,5.5,116.0,5.0,118.0,74.0,65.5,1.5,0.4,164.0,92.0,72.0,20.5,38.5,292.0,60.0,0.2,0.5,10.0,0.23,32.0,1.65,0.135,2023.0
12/23,3640.0,UTTARAHALLI DORAIKERE,"D (Propagation of wild life,fisheries)",5.4,8.6,268.0,6.0,0.75,6300.0,54000.0,8.0,44.0,5.0,48.0,28.0,56.0,1.5,0.4,128.0,72.0,56.0,24.0,29.0,174.0,110.0,0.2,0.5,9.0,0.26,31.0,1.0,0.22,2023.0
12/23,3641.0,DHOREKERE TANK,"D (Propagation of wild life,fisheries)",4.8,8.7,356.0,7.0,1.1,4600.0,54000.0,8.0,88.0,5.0,92.0,32.0,84.0,1.5,0.4,152.0,84.0,68.0,30.0,36.0,238.0,52.0,0.52,0.5,9.0,0.23,32.0,1.0,1.4,2023.0
12/23,3642.0,JIGANI TANK,"D (Propagation of wild life,fisheries)",4.8,7.1,851.0,8.0,3.2,4800.0,54000.0,3.0,208.0,5.0,208.0,144.0,74.0,1.5,0.83,208.0,108.0,100.0,10.0,99.0,588.0,10.0,0.3,0.5,24.0,0.24,47.0,3.0,0.6,2023.0
12/23,3643.0,BENNIGANAHALLI LAKE,"D (Propagation of wild life,fisheries)",4.5,6.7,521.0,4.0,2.23,4300.0,160000.0,3.0,116.0,5.0,116.0,84.0,45.0,1.5,0.71,136.0,72.0,64.0,21.0,49.0,360.0,10.0,0.24,0.5,10.0,0.2,41.0,1.8,0.65,2023.0
12/23,3655.0,MATHIKERE TANK,"D (Propagation of wild life,fisheries)",4.6,8.2,405.0,6.0,1.0,31000.0,350000.0,3.0,116.0,5.0,116.0,76.0,74.0,1.5,0.4,112.0,60.0,52.0,20.0,37.0,278.0,10.0,0.2,0.5,4.0,0.33,40.0,1.8,0.05,2023.0
12/23,4094.0,GANGONDANAHALLI LAKE,"E (Irrigation, industrial cooling and controlled waste)",0.3,7.2,1996.0,51.0,5.0,31000000.0,350000000.0,3.0,592.0,5.0,592.0,520.0,352.0,19.1,14.6,632.0,328.0,304.0,69.0,160.0,1358.0,22.0,1.46,0.5,19.0,0.38,35.0,3.0,4.5,2023.0
12/23,4095.0,CHIKKABANAVARA LAKE,"E (Irrigation, industrial cooling and controlled waste)",3.4,7.3,1353.0,12.0,3.9,5800.0,92000.0,3.0,380.0,5.0,380.0,212.0,122.0,2.34,1.8,364.0,188.0,176.0,21.0,131.0,920.0,10.0,0.34,0.5,17.0,0.27,42.0,3.0,1.56,2023.0
12/23,4096.0,ANDHRAHALLI LAKE,"E (Irrigation, industrial cooling and controlled waste)",3.6,7.3,2166.0,45.0,9.0,27000000.0,240000000.0,3.0,568.0,5.0,568.0,316.0,236.0,11.2,8.6,572.0,292.0,280.0,14.0,196.0,1472.0,52.0,2.4,0.5,20.0,0.4,41.0,4.0,7.38,2023.0
12/23,4097.0,KACHOHALLI LAKE,"D (Propagation of wild life,fisheries)",4.3,6.8,1624.0,7.0,3.9,46000.0,350000.0,3.0,484.0,5.0,484.0,400.0,87.0,1.5,0.4,528.0,268.0,260.0,51.0,127.0,1110.0,12.0,0.51,0.5,28.0,0.26,33.0,2.0,1.6,2023.0
12/23,4107.0,"RIVER DAKSHINA PINAKINI
NEAR MUGALUR BRIDGE MUGALUR, BENGALURU","E (Irrigation, industrial cooling and controlled waste)",2.9,7.1,1460.0,27.0,5.0,460000.0,9200000.0,3.0,364.0,5.0,364.0,192.0,184.0,19.9,15.2,280.0,148.0,132.0,28.0,114.0,972.0,12.0,0.35,0.5,30.0,0.21,44.0,2.0,0.92,2023.0
12/23,4503.0,MADHURE TANK,"D (Propagation of wild life,fisheries)",6.1,7.0,182.0,4.0,0.63,4800.0,92000.0,3.0,44.0,5.0,44.0,12.0,44.0,1.5,0.4,120.0,68.0,52.0,5.0,14.0,124.0,10.0,0.2,0.5,3.0,0.2,20.0,0.55,0.2,2023.0
12/23,4504.0,SARAKKI LAKE,"D (Propagation of wild life,fisheries)",5.9,7.9,788.0,4.0,3.02,700.0,16000.0,3.0,180.0,5.0,180.0,128.0,400.0,1.5,0.61,212.0,112.0,100.0,32.0,63.0,542.0,10.0,0.31,0.5,16.0,0.41,37.0,1.9,0.89,2023.0
12/23,4505.0,NELAMANGALA LAKE,"D (Propagation of wild life,fisheries)",6.9,7.2,1435.0,4.0,5.5,58000.0,920000.0,3.0,332.0,5.0,332.0,240.0,46.0,1.5,0.92,392.0,200.0,161.0,58.0,115.0,996.0,12.0,0.34,0.5,29.0,0.2,38.0,2.5,0.95,2023.0
12/23,4506.0,ABBIGERE LAKE,"E (Irrigation, industrial cooling and controlled waste)",3.2,6.8,1140.0,11.0,3.3,4000.0,35000.0,3.0,320.0,5.0,320.0,176.0,110.0,3.1,2.4,308.0,160.0,148.0,18.0,111.0,778.0,12.0,0.3,0.5,14.0,0.3,42.0,2.8,0.98,2023.0
12/23,4507.0,CHELEKERE LAKE,"D (Propagation of wild life,fisheries)",4.8,7.9,572.0,7.8,1.9,2300.0,24000.0,3.0,140.0,5.0,140.0,56.0,71.0,1.5,0.82,160.0,84.0,76.0,22.0,64.0,398.0,10.0,0.43,0.5,15.0,0.2,44.0,2.2,1.0,2023.0
12/23,4508.0,SINGAPURA LAKE,"D (Propagation of wild life,fisheries)",5.2,7.9,561.0,7.0,1.9,46000.0,350000.0,3.0,132.0,5.0,132.0,60.0,65.0,1.5,0.8,152.0,80.0,72.0,21.0,63.0,392.0,10.0,0.2,0.5,15.0,0.2,41.0,2.2,0.05,2023.0
12/23,4509.0,NARASIPURA LAKE,"D (Propagation of wild life,fisheries)",5.1,7.7,482.0,7.4,2.0,4800.0,160000.0,3.0,128.0,5.0,128.0,68.0,69.0,1.5,0.84,96.0,52.0,44.0,21.0,63.0,338.0,10.0,0.2,0.5,15.0,0.2,53.0,2.8,0.5,2023.0
12/23,4510.0,RACHENAHALLI LAKE,"D (Propagation of wild life,fisheries)",4.6,8.2,498.0,8.1,1.6,43000.0,540000.0,3.0,88.0,5.0,88.0,36.0,74.0,1.5,0.88,180.0,96.0,84.0,17.0,52.0,348.0,10.0,0.54,0.5,13.0,0.2,36.0,2.2,1.6,2023.0
12/23,4511.0,KOGILU KERE,"D (Propagation of wild life,fisheries)",5.0,7.9,568.0,7.3,1.9,840.0,92000.0,3.0,128.0,5.0,128.0,64.0,68.0,1.5,0.88,172.0,92.0,80.0,20.0,65.0,396.0,10.0,0.31,0.5,14.0,0.2,44.0,2.2,0.7,2023.0
12/23,4512.0,VISWANEEDAM LAKE,"D (Propagation of wild life,fisheries)",4.6,7.2,930.0,6.0,1.53,4800.0,54000.0,3.0,276.0,5.0,276.0,248.0,73.0,1.5,0.4,284.0,148.0,136.0,18.0,76.0,638.0,10.0,0.2,0.5,11.0,0.28,36.0,1.2,0.59,2023.0
12/23,4513.0,RAMAMMANA KERE,"D (Propagation of wild life,fisheries)",4.1,6.7,142.0,11.0,0.4,4800.0,54000.0,3.0,44.0,5.0,44.0,20.0,114.0,1.5,0.99,36.0,24.0,12.0,5.0,16.0,98.0,26.0,0.2,0.5,2.0,0.21,47.0,1.2,0.05,2023.0
12/23,4514.0,SADARAMANGALA LAKE,"E (Irrigation, industrial cooling and controlled waste)",2.2,7.0,756.0,13.0,2.9,7000.0,160000.0,3.0,168.0,5.0,168.0,120.0,113.0,6.6,5.2,200.0,104.0,96.0,31.0,68.0,522.0,10.0,0.89,0.5,15.0,0.34,40.0,2.1,2.45,2023.0
12/23,4515.0,BHATTARAHALLI LAKE,"D (Propagation of wild life,fisheries)",4.6,7.7,816.0,7.0,3.0,4000.0,35000.0,3.0,116.0,5.0,116.0,136.0,64.0,1.5,0.41,128.0,68.0,60.0,52.0,71.0,554.0,10.0,0.2,0.5,8.0,0.32,52.0,25.0,0.05,2023.0
12/23,4516.0,KUNDALAHALLI LAKE,"D (Propagation of wild life,fisheries)",5.6,8.2,537.0,6.0,2.0,470.0,16000.0,3.0,116.0,5.0,116.0,44.0,52.0,1.5,0.68,112.0,60.0,52.0,21.0,44.0,364.0,10.0,0.2,0.5,3.0,0.2,44.0,1.8,0.05,2023.0
12/23,4518.0,GARUDACHARPALYA TANK,"E (Irrigation, industrial cooling and controlled waste)",3.2,6.5,744.0,15.0,2.86,4600.0,54000.0,3.0,164.0,5.0,164.0,116.0,135.0,6.2,4.8,196.0,100.0,96.0,30.0,67.0,510.0,96.0,0.54,0.5,15.0,0.31,40.0,2.1,1.5,2023.0
12/23,4519.0,RAMPURA LAKE,"E (Irrigation, industrial cooling and controlled waste)",2.0,7.0,602.0,17.0,1.4,27000.0,240000.0,3.0,124.0,5.0,124.0,168.0,116.0,2.9,2.3,84.0,48.0,36.0,37.0,49.0,420.0,10.0,0.8,0.5,14.0,0.28,51.0,2.3,1.8,2023.0
12/23,4520.0,CHINNAPPANAHALLI LAKE,"D (Propagation of wild life,fisheries)",4.6,7.5,972.0,6.0,2.1,2300.0,24000.0,3.0,272.0,5.0,272.0,252.0,70.0,1.5,0.52,288.0,152.0,136.0,9.0,91.0,662.0,10.0,0.2,0.5,12.0,0.24,39.0,2.3,0.9,2023.0
12/23,4521.0,DEVARABEESANAHALLI LAKE,"D (Propagation of wild life,fisheries)",4.8,7.6,549.0,6.0,1.9,4800.0,92000.0,3.0,120.0,5.0,120.0,72.0,59.0,1.5,0.86,156.0,84.0,72.0,42.0,63.0,386.0,10.0,0.2,0.5,24.0,0.27,41.0,2.2,0.4,2023.0
12/23,4522.0,VIBHUTHIPURA LAKE,"D (Propagation of wild life,fisheries)",5.1,7.5,396.0,7.0,1.5,840.0,16000.0,3.0,80.0,5.0,80.0,52.0,67.0,1.5,0.8,128.0,68.0,60.0,24.0,54.0,270.0,10.0,0.2,0.5,16.0,0.2,44.0,2.7,0.05,2023.0
12/23,4523.0,NALLURAHALLI LAKE,"D (Propagation of wild life,fisheries)",6.2,6.8,588.0,4.0,2.25,6300.0,54000.0,3.0,128.0,5.0,128.0,92.0,40.0,1.5,0.42,152.0,80.0,72.0,24.0,53.0,406.0,10.0,0.2,0.5,12.0,0.27,40.0,1.86,0.47,2023.0
12/23,4524.0,"PATTANDUR
AGRAHARA LAKE","D (Propagation of wild life,fisheries)",5.2,7.3,1671.0,4.0,6.4,1700.0,24000.0,3.0,384.0,5.0,384.0,276.0,44.0,1.5,0.81,452.0,232.0,220.0,68.0,150.0,1158.0,12.0,0.28,0.5,33.0,0.39,40.0,3.1,0.76,2023.0
12/23,4525.0,SEETHARAMPALYA LAKE,"D (Propagation of wild life,fisheries)",5.1,6.9,1023.0,4.0,3.9,4100.0,35000.0,3.0,232.0,5.0,232.0,164.0,40.0,1.5,0.83,272.0,140.0,132.0,41.0,98.0,698.0,20.0,0.26,0.5,20.0,0.37,42.0,2.6,0.73,2023.0
12/23,4526.0,DEVASANDRA LAKE,"D (Propagation of wild life,fisheries)",4.2,6.5,392.0,4.0,1.53,840.0,9200.0,3.0,88.0,5.0,88.0,60.0,40.0,1.5,0.92,104.0,56.0,48.0,16.0,31.0,270.0,10.0,0.2,0.5,8.0,0.2,37.0,1.3,0.05,2023.0
12/23,4527.0,"SHEELAVANTA-
WHITEFIELD LAKE","D (Propagation of wild life,fisheries)",4.9,8.2,1165.0,4.0,4.5,5800.0,92000.0,3.0,316.0,5.0,316.0,192.0,45.0,1.5,0.92,268.0,140.0,128.0,47.0,105.0,802.0,22.0,0.23,0.5,23.0,0.44,43.0,2.8,0.6,2023.0
12/23,4528.0,DODDAKANNEHALLI LAKE,"D (Propagation of wild life,fisheries)",4.5,6.9,530.0,7.0,1.9,23000.0,240000.0,3.0,108.0,5.0,108.0,68.0,61.0,1.5,0.9,168.0,88.0,80.0,25.0,63.0,368.0,12.0,0.25,0.5,24.0,0.23,44.0,2.1,0.7,2023.0
12/23,4530.0,KAMMASANDRA LAKE,"E (Irrigation, industrial cooling and controlled waste)",2.1,7.7,2020.0,17.0,8.7,4000000.0,35000000.0,3.0,636.0,5.0,636.0,376.0,112.0,3.3,2.5,508.0,260.0,248.0,48.0,187.0,1384.0,16.0,0.6,0.5,38.0,0.37,42.0,3.6,1.3,2023.0
12/23,4531.0,RAYASANDRA LAKE,"E (Irrigation, industrial cooling and controlled waste)",1.6,7.7,1699.0,20.0,6.9,470000.0,5400000.0,3.0,416.0,5.0,416.0,356.0,137.0,6.2,4.8,468.0,236.0,232.0,68.0,136.0,1165.0,14.0,0.6,0.5,30.0,0.24,37.0,2.7,1.6,2023.0
12/23,4532.0,CHANDAPURA LAKE,"E (Irrigation, industrial cooling and controlled waste)",2.0,7.8,1948.0,18.0,8.6,230000.0,2400000.0,3.0,528.0,5.0,528.0,436.0,117.0,3.0,2.6,476.0,240.0,236.0,47.0,163.0,1328.0,12.0,0.2,0.5,37.0,0.42,40.0,3.2,0.4,2023.0
12/23,4533.0,ULLALU LAKE,"D (Propagation of wild life,fisheries)",4.4,6.58,770.0,6.0,1.3,70000.0,350000.0,3.0,236.0,5.0,236.0,188.0,74.0,1.5,0.4,252.0,136.0,116.0,27.0,66.0,540.0,10.0,0.2,0.5,12.0,0.22,35.0,2.0,0.05,2023.0
12/23,4534.0,SOMPURA LAKE,"D (Propagation of wild life,fisheries)",6.1,8.2,1090.0,4.0,3.7,9400.0,92000.0,3.0,392.0,5.0,392.0,112.0,36.0,1.5,0.4,200.0,108.0,92.0,42.0,195.0,738.0,10.0,0.2,0.5,14.0,0.27,66.0,6.0,0.32,2023.0
12/23,4535.0,GUBBALAL LAKE,"E (Irrigation, industrial cooling and controlled waste)",2.6,6.8,302.0,39.0,1.0,7900.0,160000.0,3.0,84.0,5.0,84.0,24.0,116.0,5.5,4.2,136.0,76.0,60.0,17.0,24.0,206.0,18.0,0.2,0.5,14.0,0.28,25.0,1.0,0.43,2023.0
12/23,4536.0,HOSAKEREHALLI LAKE,"D (Propagation of wild life,fisheries)",5.8,7.2,755.0,4.0,2.6,6300.0,92000.0,3.0,272.0,5.0,272.0,24.0,44.0,1.5,0.4,212.0,112.0,100.0,111.0,45.0,510.0,22.0,0.2,0.5,9.0,0.25,44.0,1.0,0.44,2023.0
12/23,4537.0,CHINNAKURCHI KERE,"D (Propagation of wild life,fisheries)",4.5,8.2,1096.0,7.0,2.5,460.0,9200.0,3.0,236.0,5.0,236.0,184.0,74.0,1.5,0.4,248.0,132.0,116.0,25.0,104.0,710.0,10.0,0.52,0.5,18.0,0.3,45.0,2.9,0.8,2023.0
12/23,4538.0,MACHOHALLI LAKE,"D (Propagation of wild life,fisheries)",4.2,7.38,2170.0,6.0,5.7,34000.0,240000.0,3.0,524.0,5.0,524.0,436.0,74.0,1.5,0.4,584.0,300.0,284.0,55.0,167.0,1478.0,10.0,1.6,0.5,29.0,0.38,37.0,3.0,4.8,2023.0
12/23,4539.0,DODDABIDARAKALLU LAKE,"E (Irrigation, industrial cooling and controlled waste)",0.3,7.14,1485.0,20.0,3.2,4900.0,92000.0,3.0,448.0,5.0,448.0,404.0,227.0,10.4,8.3,512.0,260.0,252.0,38.0,106.0,1022.0,24.0,0.56,0.5,11.0,0.3,30.0,2.0,1.7,2023.0
12/23,4540.0,"KAMMAGONDANAHALLI
LAKE","D (Propagation of wild life,fisheries)",4.2,7.5,972.0,6.0,2.1,2300.0,24000.0,3.0,272.0,5.0,272.0,252.0,70.0,1.5,0.52,288.0,152.0,136.0,9.0,91.0,662.0,10.0,0.29,0.5,12.0,0.24,39.0,2.3,0.9,2023.0
12/23,4541.0,ALUR LAKE,"D (Propagation of wild life,fisheries)",4.2,6.9,142.0,11.0,0.4,460.0,16000.0,3.0,80.0,5.0,80.0,40.0,105.0,16.9,1.26,36.0,24.0,12.0,5.0,16.0,100.0,22.0,0.2,0.5,2.0,0.21,47.0,1.2,0.05,2023.0
12/23,4542.0,BASAVANAPURA LAKE,"D (Propagation of wild life,fisheries)",5.7,7.8,409.0,5.0,1.0,580.0,9200.0,3.0,80.0,5.0,80.0,56.0,60.0,1.5,0.4,88.0,52.0,36.0,25.0,65.0,276.0,22.0,0.2,0.5,16.0,0.22,57.0,3.0,0.35,2023.0
12/23,4543.0,KODI SINGASANDRA LAKE,"E (Irrigation, industrial cooling and controlled waste)",2.8,7.1,500.0,8.0,2.1,940.0,9200.0,3.0,96.0,5.0,96.0,88.0,77.0,2.4,1.8,68.0,40.0,28.0,25.0,62.0,360.0,10.0,0.23,0.5,18.0,0.24,59.0,3.3,0.5,2023.0
12/23,4544.0,KOTHANURU LAKE,"D (Propagation of wild life,fisheries)",5.1,7.1,422.0,7.0,2.0,3400.0,54000.0,3.0,104.0,5.0,104.0,52.0,64.0,1.5,0.68,96.0,52.0,44.0,8.0,41.0,290.0,12.0,0.2,0.5,19.0,0.3,43.0,2.0,0.05,2023.0
12/23,4547.0,"MANGAMANAPALYA LAKE
(SWARANA KUNTE)","D (Propagation of wild life,fisheries)",4.9,7.3,607.0,6.0,2.8,840.0,9200.0,3.0,76.0,5.0,76.0,136.0,50.0,1.5,0.72,116.0,64.0,51.0,39.0,85.0,432.0,10.0,0.2,0.5,27.0,0.2,55.0,3.7,0.2,2023.0
12/23,5558.0,"Kannahalli Lake Kannahalli,
Bengaluru","D (Propagation of wild life,fisheries)",4.4,7.5,1168.0,8.0,2.3,490.0,16000.0,3.0,328.0,5.0,328.0,284.0,82.0,1.5,0.4,392.0,200.0,192.0,18.0,91.0,792.0,10.0,0.22,0.5,13.0,0.22,32.0,2.0,0.67,2023.0
12/23,5559.0,"Shettihalli Lake, Mallasandra
Gudde Lake Bengaluru","E (Irrigation, industrial cooling and controlled waste)",2.7,6.6,624.0,14.0,3.15,7900.0,35000.0,3.0,176.0,5.0,176.0,96.0,127.0,2.6,2.0,168.0,92.0,76.0,10.0,62.0,426.0,12.0,0.26,0.5,8.0,0.2,43.0,2.1,0.72,2023.0
12/23,5560.0,"Hoodi (Rajapalya Lake) Itpl Main Road, Near Hoodi,Bengaluru","D (Propagation of wild life,fisheries)",5.9,7.1,1049.0,4.0,4.0,940.0,16000.0,3.0,236.0,5.0,236.0,172.0,43.0,1.5,0.4,280.0,144.0,136.0,43.0,99.0,720.0,10.0,0.25,0.5,21.0,0.41,41.0,2.6,0.69,2023.0
12/23,5561.0,"Munekolalu Lake ,Marathahalli,
East Taluka ,Bengaluru","D (Propagation of wild life,fisheries)",4.8,8.4,540.0,8.0,2.0,7900.0,35000.0,3.0,88.0,5.0,88.0,72.0,92.0,1.5,0.51,92.0,52.0,40.0,21.0,34.0,366.0,36.0,0.2,0.5,2.0,0.28,43.0,1.3,0.05,2023.0
12/23,5562.0,"MahadevpuraÂ   Lake,
K. R. Puram ,Bangalore East Taluka","D (Propagation of wild life,fisheries)",4.1,8.2,589.0,10.0,2.0,4300.0,54000.0,3.0,144.0,5.0,144.0,88.0,120.0,1.5,0.92,120.0,64.0,56.0,19.0,49.0,400.0,40.0,0.46,0.5,4.0,0.21,45.0,1.9,1.4,2023.0
12/23,5563.0,"Segehalli Lake Baavanapura Road Battarahalli , Bangalore East","E (Irrigation, industrial cooling and controlled waste)",1.6,7.1,872.0,12.0,4.0,4800.0,54000.0,3.0,208.0,5.0,208.0,100.0,128.0,3.4,2.6,216.0,112.0,104.0,26.0,97.0,592.0,34.0,2.12,0.5,7.0,0.27,43.0,2.0,6.5,2023.0
12/23,5564.0,"Kannamangala Lake Hoskote Main Road , Bengalore","D (Propagation of wild life,fisheries)",5.2,7.6,1781.0,6.0,4.0,7900.0,35000.0,3.0,188.0,5.0,188.0,372.0,52.0,1.5,0.48,308.0,160.0,148.0,41.0,156.0,1212.0,12.0,0.24,0.5,13.0,0.31,50.0,4.0,0.73,2023.0
12/23,5565.0,"Kannur Lake Near By
Hennur Road Bengalore","D (Propagation of wild life,fisheries)",5.4,8.2,662.0,8.0,1.9,840.0,9200.0,3.0,116.0,5.0,116.0,152.0,77.0,1.5,0.83,76.0,44.0,32.0,24.0,64.0,460.0,10.0,0.2,0.5,16.0,0.2,35.0,3.2,0.3,2023.0
12/23,5566.0,"Basavanapura Lake Ayyappa
Nagr Main Road , K.R.Puram,Bengaluru","D (Propagation of wild life,fisheries)",4.7,7.2,467.0,7.0,2.0,700.0,5400.0,3.0,116.0,5.0,116.0,52.0,60.0,1.5,0.4,136.0,72.0,64.0,22.0,39.0,316.0,10.0,0.2,0.5,3.0,0.25,37.0,1.0,0.42,2023.0
12/23,5567.0,"Doddakallasandra Lake,Bengaluru","D (Propagation of wild life,fisheries)",5.2,7.1,402.0,7.0,2.0,3300.0,35000.0,3.0,100.0,5.0,100.0,48.0,72.0,1.5,0.58,80.0,44.0,36.0,5.0,41.0,276.0,12.0,0.2,0.5,21.0,0.29,46.0,2.0,0.05,2023.0
12/23,5568.0,"Ulsoor Lake Near Kalyani,Bengaluru","D (Propagation of wild life,fisheries)",5.1,8.2,341.0,7.0,1.0,490.0,5400.0,3.0,68.0,5.0,68.0,40.0,88.0,1.5,0.66,104.0,60.0,44.0,24.0,48.0,232.0,28.0,0.2,0.5,13.0,0.2,46.0,2.0,0.43,2023.0
12/23,5569.0,"Byrasandra Upper Lake,Bengaluru","E (Irrigation, industrial cooling and controlled waste)",3.2,6.7,537.0,17.0,2.0,1700.0,24000.0,3.0,132.0,5.0,132.0,40.0,128.0,5.89,4.5,72.0,44.0,28.0,18.0,48.0,362.0,12.0,0.71,0.5,13.0,0.2,54.0,2.0,1.87,2023.0
12/23,5570.0,"Soulkere, Kaikondrahalli Vill,
Bengaluru","E (Irrigation, industrial cooling and controlled waste)",3.2,6.6,800.0,14.0,3.0,4300.0,54000.0,3.0,184.0,5.0,184.0,132.0,120.0,3.3,2.7,216.0,112.0,104.0,33.0,16.0,556.0,10.0,0.51,0.5,16.0,0.27,40.0,2.0,1.46,2023.0
12/23,5571.0,"Kudlu Doddakere,
Kudlu Vill,Bengaluru","E (Irrigation, industrial cooling and controlled waste)",1.1,6.5,612.0,40.0,2.35,4000.0,54000.0,3.0,140.0,5.0,140.0,100.0,200.0,7.6,6.1,164.0,84.0,80.0,25.0,59.0,420.0,26.0,1.53,0.5,12.0,0.2,42.0,2.0,4.38,2023.0
12/23,5572.0,"Kudlu Chikkakere, Bgp Layout
Kudlu Vill ,Bengaluru","D (Propagation of wild life,fisheries)",4.6,7.1,850.0,4.0,3.4,4900.0,35000.0,3.0,196.0,5.0,196.0,140.0,44.0,1.5,0.72,228.0,120.0,108.0,35.0,78.0,588.0,20.0,0.29,0.5,17.0,0.29,40.0,2.2,0.83,2023.0
12/23,5574.0,"Anjanapura Lake ( Avala Halli Lake) Anjanapura,Bengaluru","D (Propagation of wild life,fisheries)",5.0,7.0,406.0,7.0,2.0,4100.0,92000.0,3.0,100.0,5.0,100.0,52.0,72.0,1.5,0.49,80.0,44.0,36.0,5.0,41.0,280.0,12.0,0.2,0.5,18.0,0.28,46.0,2.0,0.14,2023.0
03/24,1388.0,Ulsoor Lake Training Centre Of Fish Breeding,"D (Propagation of wild life,fisheries)",5.0,8.2,396.0,7.0,1.4,1700.0,4800.0,3.0,84.0,5.0,84.0,48.0,84.0,1.5,0.4,68.0,40.0,28.0,31.0,52.0,272.0,192.0,0.2,0.5,16.0,0.2,56.0,3.0,0.05,2024.0
03/24,2778.0,River Arkavathi At Tippagondanahalli Reservoir,"E (Irrigation, industrial cooling and controlled waste)",3.4,8.6,1379.0,15.0,5.2,330.0,790.0,16.0,284.0,8.0,300.0,224.0,140.0,3.4,2.6,332.0,172.0,160.0,27.0,155.0,938.0,50.0,2.64,0.5,28.0,0.29,48.0,4.0,6.9,2024.0
03/24,3589.0,Madiwala Tank,"D (Propagation of wild life,fisheries)",4.5,7.13,693.0,6.0,1.6,1700.0,7900.0,3.0,180.0,5.0,180.0,128.0,55.0,1.5,0.4,212.0,108.0,104.0,30.0,63.0,476.0,14.0,0.3,0.5,6.0,0.28,38.0,2.0,0.93,2024.0
03/24,3590.0,Lalbagh Tank,"D (Propagation of wild life,fisheries)",4.4,7.4,598.0,4.0,2.31,14000.0,49000.0,3.0,136.0,5.0,136.0,96.0,43.0,1.5,0.61,160.0,84.0,76.0,24.0,57.0,418.0,12.0,0.2,0.5,12.0,0.39,41.0,2.0,0.51,2024.0
03/24,3591.0,Kempambudhi Tank,"E (Irrigation, industrial cooling and controlled waste)",2.9,7.0,553.0,20.0,2.14,4500.0,23000.0,3.0,124.0,5.0,124.0,88.0,163.0,5.4,4.7,144.0,76.0,68.0,22.0,52.0,384.0,28.0,0.34,0.5,11.0,0.22,41.0,1.88,0.91,2024.0
03/24,3592.0,Yediyur Tank,"E (Irrigation, industrial cooling and controlled waste)",3.3,6.9,313.0,19.0,1.2,11000.0,33000.0,3.0,68.0,5.0,68.0,48.0,160.0,5.1,4.4,80.0,44.0,36.0,13.0,29.0,216.0,14.0,0.31,0.5,6.0,0.2,41.0,1.4,0.91,2024.0
03/24,3593.0,Ulsoor Lake Temple,"D (Propagation of wild life,fisheries)",5.1,8.2,393.0,7.0,1.4,3100.0,9400.0,3.0,80.0,5.0,80.0,44.0,88.0,1.5,0.4,60.0,36.0,24.0,24.0,53.0,264.0,180.0,0.2,0.5,16.0,0.2,59.0,3.0,0.05,2024.0
03/24,3594.0,Sankey Tank,"D (Propagation of wild life,fisheries)",5.8,7.9,576.0,7.0,2.2,320.0,3500.0,3.0,136.0,5.0,136.0,76.0,66.0,1.5,0.8,132.0,72.0,60.0,16.0,62.0,408.0,10.0,0.2,0.5,17.0,0.2,47.0,2.4,0.4,2024.0
03/24,3595.0,Byrasandra Tank,"D (Propagation of wild life,fisheries)",5.4,8.5,385.0,6.0,1.4,3100.0,17000.0,8.0,72.0,5.0,80.0,52.0,56.0,1.5,0.4,64.0,40.0,24.0,22.0,53.0,270.0,194.0,0.2,0.5,15.0,0.2,58.0,3.0,0.05,2024.0
03/24,3596.0,Nayandanahalli Tank,"D (Propagation of wild life,fisheries)",4.3,7.8,913.0,11.0,3.4,320.0,3500.0,3.0,224.0,5.0,224.0,148.0,104.0,1.5,0.82,208.0,108.0,100.0,27.0,98.0,640.0,12.0,0.5,0.5,34.0,0.2,46.0,2.9,0.9,2024.0
03/24,3597.0,Hesaraghatta Lake,"D (Propagation of wild life,fisheries)",5.3,7.0,394.0,7.0,1.4,14.0,1600.0,3.0,116.0,5.0,116.0,48.0,65.0,1.5,0.85,128.0,68.0,60.0,44.0,45.0,286.0,10.0,0.2,0.5,19.0,0.2,39.0,1.7,0.5,2024.0
03/24,3598.0,Herohalli Tank,"D (Propagation of wild life,fisheries)",4.4,7.1,529.0,4.0,2.0,2200.0,9400.0,3.0,120.0,5.0,120.0,84.0,44.0,1.5,0.79,140.0,72.0,68.0,22.0,49.0,364.0,26.0,0.2,0.5,11.0,0.2,40.0,1.8,0.44,2024.0
03/24,3599.0,Anchepalya Lake,"D (Propagation of wild life,fisheries)",4.4,6.7,429.0,8.0,8.3,2100.0,9400.0,3.0,76.0,5.0,76.0,84.0,76.0,1.5,0.9,108.0,60.0,40.0,20.0,69.0,304.0,12.0,0.2,0.5,22.0,0.2,52.0,2.9,0.6,2024.0
03/24,3601.0,Karihobanahalli Lake,"E (Irrigation, industrial cooling and controlled waste)",1.4,7.7,3020.0,28.0,10.5,450000.0,2300000.0,3.0,620.0,5.0,620.0,570.0,168.0,31.0,23.0,570.0,300.0,270.0,57.0,424.0,1998.0,22.0,2.5,0.5,32.0,0.34,60.0,8.0,7.0,2024.0
03/24,3602.0,Bellandur Lake,"D (Propagation of wild life,fisheries)",4.4,7.1,646.0,8.0,2.3,2200.0,13000.0,3.0,84.0,5.0,84.0,100.0,96.0,1.5,0.4,96.0,56.0,40.0,38.0,78.0,432.0,40.0,0.26,0.5,21.0,0.34,58.0,3.0,0.66,2024.0
03/24,3603.0,Vengaiyyanakere( Kr Puram Lake ),"E (Irrigation, industrial cooling and controlled waste)",3.1,7.1,1517.0,21.0,5.8,320.0,3500.0,3.0,352.0,5.0,352.0,252.0,155.0,4.8,3.9,412.0,212.0,200.0,62.0,121.0,1048.0,10.0,0.61,0.5,30.0,0.47,37.0,2.6,1.79,2024.0
03/24,3604.0,Doddanekkundi Lake,"D (Propagation of wild life,fisheries)",4.4,7.6,2241.0,11.0,10.0,2200.0,7000.0,3.0,424.0,5.0,424.0,548.0,103.0,1.5,0.76,488.0,248.0,240.0,59.0,291.0,1536.0,14.0,3.0,0.5,26.0,0.2,55.0,5.8,5.8,2024.0
03/24,3605.0,Yelemallappa Shetty Lake,"D (Propagation of wild life,fisheries)",4.4,7.0,1730.0,5.0,6.6,220.0,2400.0,3.0,396.0,5.0,396.0,288.0,60.0,1.5,0.52,472.0,240.0,232.0,70.0,138.0,1204.0,14.0,0.37,0.5,35.0,0.29,37.0,2.76,1.01,2024.0
03/24,3606.0,Dasarahalli Tank,"E (Irrigation, industrial cooling and controlled waste)",0.5,6.7,383.0,18.0,1.7,1400.0,24000.0,3.0,80.0,5.0,80.0,64.0,120.0,2.6,2.0,136.0,72.0,64.0,55.0,56.0,280.0,16.0,1.0,0.5,20.0,0.2,42.0,2.0,3.0,2024.0
03/24,3607.0,Kalkere Tank,"E (Irrigation, industrial cooling and controlled waste)",0.3,7.7,1253.0,148.0,4.0,2300.0,9400.0,3.0,500.0,5.0,500.0,200.0,992.0,23.92,18.4,280.0,150.0,130.0,9.0,118.0,864.0,256.0,0.59,0.5,26.0,0.2,45.0,3.0,2.08,2024.0
03/24,3608.0,Varthur Lake,"E (Irrigation, industrial cooling and controlled waste)",1.2,7.4,1405.0,81.0,4.8,1400.0,4800.0,3.0,412.0,5.0,412.0,164.0,228.0,52.0,39.0,256.0,136.0,120.0,19.0,151.0,922.0,26.0,2.5,0.5,30.0,0.25,53.0,4.0,7.2,2024.0
03/24,3609.0,Ibbalur Lake,"D (Propagation of wild life,fisheries)",4.6,7.0,619.0,8.0,2.2,630.0,3500.0,3.0,40.0,5.0,40.0,92.0,92.0,1.5,0.4,88.0,52.0,36.0,41.0,75.0,418.0,50.0,0.29,0.5,20.0,0.34,59.0,3.0,0.78,2024.0
03/24,3610.0,Tubarahalli Tank,"D (Propagation of wild life,fisheries)",4.4,7.0,702.0,8.0,2.4,1300.0,7000.0,3.0,80.0,5.0,80.0,128.0,76.0,1.5,0.4,112.0,64.0,48.0,31.0,95.0,466.0,52.0,0.2,0.5,14.0,0.23,61.0,4.0,0.05,2024.0
03/24,3611.0,Kaikondanahalli Lake,"E (Irrigation, industrial cooling and controlled waste)",1.3,7.9,2015.0,17.0,7.0,2300.0,7900.0,3.0,564.0,5.0,564.0,332.0,132.0,2.86,2.2,340.0,176.0,164.0,108.0,252.0,1370.0,158.0,1.64,0.5,40.0,0.36,58.0,6.0,3.49,2024.0
03/24,3612.0,Agaram Lake,"E (Irrigation, industrial cooling and controlled waste)",3.4,7.4,966.0,14.0,3.1,230.0,2400.0,3.0,272.0,5.0,272.0,148.0,145.0,9.9,7.6,260.0,136.0,124.0,15.0,94.0,658.0,164.0,0.2,0.5,12.0,0.39,43.0,2.5,0.05,2024.0
03/24,3613.0,Gottigere Lake,"D (Propagation of wild life,fisheries)",4.6,7.6,1042.0,8.0,2.5,430.0,3500.0,3.0,340.0,5.0,340.0,184.0,79.0,1.5,0.4,344.0,180.0,164.0,20.0,98.0,710.0,16.0,1.04,0.5,11.0,0.25,37.0,3.0,3.19,2024.0
03/24,3614.0,Puttenahalli Lake,"E (Irrigation, industrial cooling and controlled waste)",3.1,8.0,667.0,12.0,2.5,1400.0,4900.0,3.0,128.0,5.0,128.0,100.0,116.0,1.5,0.98,128.0,72.0,56.0,11.0,66.0,456.0,22.0,0.2,0.5,8.0,0.22,50.0,2.5,0.05,2024.0
03/24,3615.0,Arakere Lake,"E (Irrigation, industrial cooling and controlled waste)",3.4,8.2,669.0,12.0,1.6,3300.0,11000.0,3.0,192.0,5.0,192.0,132.0,147.0,1.5,0.9,172.0,92.0,80.0,20.0,70.0,456.0,66.0,1.01,0.5,7.0,0.27,46.0,2.0,3.12,2024.0
03/24,3616.0,Kalena Agrahara Lake,"D (Propagation of wild life,fisheries)",4.3,8.0,580.0,5.0,1.3,3300.0,4800.0,3.0,140.0,18.5,140.0,124.0,48.0,1.5,0.8,188.0,100.0,88.0,16.0,60.0,396.0,32.0,0.2,0.5,8.0,0.2,40.0,2.0,0.05,2024.0
03/24,3618.0,Singasandra Lake,"D (Propagation of wild life,fisheries)",4.5,8.5,634.0,6.0,1.6,2200.0,4900.0,64.0,112.0,32.0,176.0,132.0,55.0,1.5,0.4,212.0,112.0,100.0,31.0,65.0,538.0,25.0,0.2,0.5,7.0,0.31,39.0,3.0,0.05,2024.0
03/24,3619.0,Begur Tank,"E (Irrigation, industrial cooling and controlled waste)",3.5,7.28,998.0,11.0,2.3,1700.0,7900.0,3.0,200.0,5.0,200.0,156.0,103.0,1.5,0.61,244.0,128.0,116.0,31.0,92.0,680.0,18.0,0.2,0.5,8.0,0.42,44.0,3.0,0.05,2024.0
03/24,3620.0,Parappana Agrahara Lake,"E (Irrigation, industrial cooling and controlled waste)",2.3,8.5,1088.0,17.0,4.0,13000.0,33000.0,24.0,112.0,12.0,136.0,212.0,168.0,4.84,3.8,152.0,80.0,72.0,42.0,169.0,750.0,86.0,0.2,0.5,40.0,0.27,70.0,6.0,0.3,2024.0
03/24,3621.0,Haralur Lake,"E (Irrigation, industrial cooling and controlled waste)",3.2,9.0,836.0,15.0,3.0,1700.0,4600.0,16.0,112.0,8.0,128.0,148.0,140.0,2.64,2.0,120.0,64.0,56.0,30.0,109.0,576.0,90.0,0.43,0.5,30.0,0.29,59.0,4.0,1.02,2024.0
03/24,3622.0,Somasundrapalya Lake,"D (Propagation of wild life,fisheries)",4.4,8.0,694.0,7.0,2.0,2100.0,7000.0,3.0,100.0,5.0,100.0,108.0,60.0,1.5,0.4,112.0,60.0,52.0,25.0,80.0,470.0,50.0,0.2,0.5,22.0,0.35,54.0,3.0,0.1,2024.0
03/24,3623.0,Anekal Doddakere Tank,"D (Propagation of wild life,fisheries)",6.1,7.9,1150.0,4.0,4.5,170.0,2400.0,3.0,276.0,5.0,276.0,196.0,45.0,1.5,0.49,320.0,164.0,156.0,48.0,108.0,796.0,10.0,0.27,0.5,24.0,0.4,40.0,2.6,0.76,2024.0
03/24,3624.0,Puttenahalli Lake,"E (Irrigation, industrial cooling and controlled waste)",2.4,7.4,770.0,38.0,2.6,1700.0,7900.0,3.0,188.0,5.0,188.0,96.0,176.0,2.9,2.1,188.0,100.0,88.0,28.0,92.0,512.0,72.0,0.93,0.5,21.0,0.25,48.0,3.0,2.5,2024.0
03/24,3625.0,Hebbal Lake,"E (Irrigation, industrial cooling and controlled waste)",2.2,7.6,745.0,28.0,2.5,2200.0,9400.0,3.0,196.0,5.0,196.0,96.0,172.0,1.8,1.2,168.0,92.0,76.0,26.0,94.0,496.0,60.0,0.88,0.5,21.0,0.27,51.0,3.0,2.3,2024.0
03/24,3626.0,Nagavara Lake,"E (Irrigation, industrial cooling and controlled waste)",2.6,8.2,751.0,25.0,3.0,2100.0,11000.0,3.0,192.0,5.0,192.0,108.0,172.0,3.77,2.9,192.0,100.0,92.0,10.0,47.0,518.0,48.0,0.41,0.5,21.0,0.22,32.0,1.4,0.52,2024.0
03/24,3627.0,Jakkur Lake,"E (Irrigation, industrial cooling and controlled waste)",3.0,8.1,1173.0,18.0,4.0,14000.0,49000.0,3.0,352.0,5.0,352.0,212.0,164.0,3.12,2.4,272.0,140.0,132.0,11.0,142.0,809.0,96.0,1.52,0.5,36.0,0.2,49.0,4.0,3.12,2024.0
03/24,3629.0,Allalasandra Lake,"E (Irrigation, industrial cooling and controlled waste)",3.6,8.1,1248.0,32.0,4.0,2600.0,17000.0,3.0,336.0,5.0,336.0,224.0,188.0,5.8,4.5,296.0,152.0,144.0,10.0,137.0,857.0,98.0,1.67,0.5,35.0,0.2,46.0,3.0,3.57,2024.0
03/24,3630.0,Yelahanka Tank,"E (Irrigation, industrial cooling and controlled waste)",3.5,8.1,1255.0,31.0,4.0,2100.0,9400.0,3.0,320.0,5.0,320.0,240.0,184.0,5.7,4.4,300.0,156.0,144.0,12.0,125.0,853.0,82.0,1.23,0.5,39.0,0.2,44.0,3.0,2.23,2024.0
03/24,3632.0,Veerapura Tank,"D (Propagation of wild life,fisheries)",4.4,7.6,692.0,8.0,2.4,3200.0,9400.0,3.0,76.0,5.0,76.0,88.0,88.0,1.5,0.4,132.0,72.0,60.0,48.0,65.0,470.0,148.0,0.2,0.5,12.0,0.35,48.0,2.0,0.48,2024.0
03/24,3633.0,Subramanyapura Tank,"D (Propagation of wild life,fisheries)",5.5,7.5,874.0,5.0,3.5,1700.0,7000.0,3.0,172.0,5.0,172.0,144.0,48.0,1.5,0.42,164.0,88.0,76.0,35.0,76.0,594.0,50.0,0.33,0.5,4.0,0.39,50.0,3.0,0.86,2024.0
03/24,3634.0,Devarakere Tank,"D (Propagation of wild life,fisheries)",4.4,7.9,292.0,11.0,1.0,2100.0,9400.0,3.0,100.0,5.0,100.0,32.0,104.0,1.5,0.9,68.0,40.0,28.0,6.0,30.0,202.0,16.0,0.2,0.5,12.0,0.2,44.0,1.6,0.6,2024.0
03/24,3635.0,Malathahalli Lake,"D (Propagation of wild life,fisheries)",4.6,7.7,1198.0,7.0,7.2,270.0,2400.0,3.0,244.0,5.0,244.0,88.0,84.0,1.5,0.9,492.0,252.0,240.0,120.0,217.0,824.0,10.0,0.2,0.5,41.0,0.29,46.0,4.2,0.4,2024.0
03/24,3636.0,Hoskere Lake,"D (Propagation of wild life,fisheries)",5.2,6.9,919.0,6.0,3.7,330.0,3500.0,3.0,308.0,5.0,308.0,80.0,56.0,1.5,0.4,292.0,152.0,140.0,20.0,79.0,624.0,36.0,0.2,0.5,6.0,0.27,36.0,2.0,0.36,2024.0
03/24,3638.0,Yelachenahalli Lake,"D (Propagation of wild life,fisheries)",4.7,7.4,466.0,5.0,1.79,1700.0,4800.0,3.0,104.0,5.0,104.0,76.0,45.0,1.5,0.68,124.0,68.0,56.0,19.0,40.0,318.0,10.0,0.2,0.5,9.0,0.2,39.0,1.5,0.05,2024.0
03/24,3640.0,Uttarahalli Doraikere,"E (Irrigation, industrial cooling and controlled waste)",0.9,6.9,1893.0,40.0,6.9,78000.0,330000.0,3.0,692.0,5.0,692.0,228.0,273.0,37.2,28.6,560.0,300.0,260.0,23.0,203.0,1296.0,62.0,4.5,0.5,36.0,0.2,42.0,3.7,10.5,2024.0
03/24,3641.0,Dhorekere Tank,"E (Irrigation, industrial cooling and controlled waste)",1.2,6.6,675.0,28.0,2.3,2200.0,7900.0,3.0,228.0,5.0,228.0,52.0,188.0,26.5,20.4,104.0,56.0,48.0,19.0,72.0,470.0,264.0,3.3,0.5,22.0,0.2,52.0,3.0,6.9,2024.0
03/24,3642.0,Jigani Tank,"D (Propagation of wild life,fisheries)",6.2,7.8,1147.0,4.0,4.4,580.0,3500.0,3.0,268.0,5.0,268.0,188.0,44.0,1.5,0.4,312.0,160.0,152.0,47.0,105.0,790.0,10.0,0.25,0.5,23.0,0.38,40.0,2.6,0.71,2024.0
03/24,3643.0,Benniganahalli Lake,"D (Propagation of wild life,fisheries)",6.2,7.3,571.0,4.0,2.19,580.0,3500.0,3.0,128.0,5.0,128.0,92.0,45.0,1.5,0.4,152.0,80.0,72.0,23.0,50.0,392.0,10.0,0.2,0.5,11.0,0.29,39.0,1.76,0.5,2024.0
03/24,4094.0,Gangondanahalli Lake,"E (Irrigation, industrial cooling and controlled waste)",0.3,7.3,3010.0,86.0,11.5,13000000.0,33000000.0,3.0,704.0,5.0,704.0,512.0,383.0,32.0,26.0,824.0,416.0,408.0,123.0,241.0,2088.0,22.0,1.48,0.5,60.0,0.29,37.0,3.6,4.01,2024.0
03/24,4095.0,Chikkabanavara Lake,"E (Irrigation, industrial cooling and controlled waste)",0.9,7.6,1268.0,17.0,6.7,1100.0,7900.0,3.0,476.0,5.0,476.0,296.0,116.0,1.7,1.3,536.0,272.0,264.0,40.0,195.0,882.0,18.0,1.4,0.5,34.0,0.2,42.0,3.7,2.6,2024.0
03/24,4096.0,Andhrahalli Lake,"E (Irrigation, industrial cooling and controlled waste)",3.3,8.0,2290.0,16.0,9.24,1850.0,7450.0,3.0,360.0,5.0,360.0,380.0,120.0,1.56,1.2,496.0,252.0,244.0,70.0,228.0,1556.0,10.0,1.02,0.5,57.0,0.46,40.0,4.0,2.07,2024.0
03/24,4097.0,Kachohalli Lake,"E (Irrigation, industrial cooling and controlled waste)",0.3,7.6,3040.0,94.0,11.7,2600.0,7000.0,3.0,712.0,5.0,712.0,516.0,395.0,26.0,21.0,832.0,420.0,412.0,124.0,243.0,2116.0,20.0,1.52,0.5,61.0,0.32,37.0,3.6,4.16,2024.0
03/24,4107.0,"River Dakshina Pinakini Near Mugalur Bridge Mugalur, Bengaluru","E (Irrigation, industrial cooling and controlled waste)",3.2,8.18,2040.0,10.0,10.9,1100000.0,3300000.0,3.0,476.0,5.0,476.0,396.0,116.0,4.0,3.0,556.0,284.0,272.0,19.0,180.0,1386.0,74.0,1.25,0.5,21.0,0.4,40.0,4.0,3.8,2024.0
03/24,4503.0,Madhure Tank,"D (Propagation of wild life,fisheries)",6.2,7.5,312.0,5.0,0.85,1700.0,7900.0,3.0,84.0,5.0,84.0,16.0,48.0,1.5,0.4,84.0,48.0,36.0,5.0,19.0,212.0,46.0,0.2,0.5,6.0,0.2,17.0,1.0,0.05,2024.0
03/24,4504.0,Sarakki Lake,"D (Propagation of wild life,fisheries)",5.1,7.8,955.0,4.0,3.67,260.0,3500.0,3.0,220.0,5.0,220.0,160.0,44.0,1.5,0.61,252.0,132.0,120.0,39.0,89.0,650.0,10.0,0.25,0.5,19.0,0.38,41.0,2.4,0.7,2024.0
03/24,4505.0,Nelamangala Lake,"D (Propagation of wild life,fisheries)",4.2,6.9,1856.0,10.0,5.9,2200.0,4900.0,3.0,524.0,5.0,524.0,292.0,99.0,1.5,0.99,504.0,260.0,244.0,29.0,179.0,1264.0,10.0,2.0,0.5,23.0,0.44,42.0,3.5,5.8,2024.0
03/24,4506.0,Abbigere Lake,"E (Irrigation, industrial cooling and controlled waste)",0.5,7.8,1392.0,20.0,6.4,3100.0,9400.0,3.0,672.0,5.0,672.0,220.0,133.0,5.2,4.0,456.0,232.0,224.0,28.0,190.0,966.0,24.0,1.5,0.5,34.0,0.24,45.0,3.8,5.5,2024.0
03/24,4507.0,Chelekere Lake,"E (Irrigation, industrial cooling and controlled waste)",2.3,7.9,754.0,27.0,3.0,2100.0,13000.0,3.0,192.0,5.0,192.0,92.0,172.0,3.6,2.8,176.0,92.0,84.0,11.0,47.0,510.0,49.0,0.44,0.5,23.0,0.2,37.0,2.0,0.63,2024.0
03/24,4508.0,Singapura Lake,"E (Irrigation, industrial cooling and controlled waste)",2.2,7.9,755.0,19.0,3.0,2200.0,9400.0,3.0,200.0,5.0,200.0,104.0,168.0,3.12,2.4,192.0,100.0,92.0,10.0,49.0,513.0,60.0,0.52,0.5,22.0,0.21,33.0,2.0,0.81,2024.0
03/24,4509.0,Narasipura Lake,"E (Irrigation, industrial cooling and controlled waste)",2.4,8.0,758.0,17.0,3.0,6800.0,33000.0,3.0,192.0,5.0,192.0,108.0,168.0,3.25,2.5,188.0,100.0,88.0,11.0,58.0,520.0,50.0,0.55,0.5,23.0,0.21,37.0,2.0,0.66,2024.0
03/24,4510.0,Rachenahalli Lake,"E (Irrigation, industrial cooling and controlled waste)",3.0,8.0,931.0,17.0,3.0,1200.0,7900.0,3.0,272.0,5.0,272.0,160.0,168.0,2.9,2.3,248.0,128.0,120.0,6.0,76.0,642.0,57.0,0.8,0.5,25.0,0.2,37.0,2.0,0.96,2024.0
03/24,4511.0,Kogilu Kere,"E (Irrigation, industrial cooling and controlled waste)",2.8,8.0,758.0,29.0,3.0,1700.0,4800.0,3.0,196.0,5.0,196.0,96.0,172.0,3.6,2.8,176.0,92.0,84.0,10.0,110.0,515.0,62.0,0.41,0.5,21.0,0.22,55.0,3.0,0.52,2024.0
03/24,4513.0,Ramammana Kere,"D (Propagation of wild life,fisheries)",4.8,8.0,1114.0,8.0,6.0,170.0,2400.0,3.0,412.0,5.0,412.0,292.0,70.0,1.5,0.83,556.0,284.0,272.0,5.0,184.0,778.0,10.0,1.3,0.5,37.0,0.2,40.0,3.4,4.6,2024.0
03/24,4514.0,Sadaramangala Lake,"E (Irrigation, industrial cooling and controlled waste)",3.5,7.1,819.0,19.0,3.3,1400.0,4900.0,3.0,140.0,5.0,140.0,164.0,128.0,2.0,1.5,216.0,112.0,104.0,32.0,100.0,580.0,20.0,1.5,0.5,15.0,0.2,48.0,3.0,2.9,2024.0
03/24,4515.0,Bhattarahalli Lake,"D (Propagation of wild life,fisheries)",5.9,8.5,907.0,7.0,3.6,3300.0,7900.0,40.0,84.0,20.0,124.0,176.0,60.0,1.5,0.51,80.0,44.0,36.0,34.0,73.0,616.0,20.0,0.2,0.5,6.0,0.48,64.0,4.0,0.05,2024.0
03/24,4516.0,Kundalahalli Lake,"D (Propagation of wild life,fisheries)",4.6,8.5,1581.0,8.0,5.5,320.0,3500.0,48.0,156.0,24.0,204.0,364.0,92.0,1.5,0.4,296.0,156.0,140.0,44.0,201.0,1046.0,98.0,0.95,0.5,22.0,0.2,57.0,5.0,2.8,2024.0
03/24,4518.0,Garudacharpalya Tank,"D (Propagation of wild life,fisheries)",4.4,8.1,700.0,11.0,2.7,1700.0,4600.0,3.0,164.0,5.0,164.0,116.0,101.0,1.5,0.8,148.0,80.0,68.0,13.0,82.0,476.0,10.0,1.2,0.5,15.0,0.2,51.0,2.9,4.3,2024.0
03/24,4519.0,Rampura Lake,"E (Irrigation, industrial cooling and controlled waste)",0.3,6.7,1636.0,74.0,6.0,2600.0,11000.0,3.0,484.0,5.0,484.0,216.0,488.0,26.3,20.2,328.0,168.0,160.0,23.0,250.0,1112.0,60.0,1.64,0.5,37.0,0.34,59.0,6.0,3.49,2024.0
03/24,4520.0,Chinnappanahalli Lake,"D (Propagation of wild life,fisheries)",4.9,8.5,615.0,9.0,2.4,580.0,3500.0,24.0,104.0,12.0,128.0,108.0,84.0,1.5,0.77,96.0,52.0,44.0,16.0,76.0,430.0,10.0,0.2,0.5,13.0,0.3,59.0,3.4,0.05,2024.0
03/24,4521.0,Devarabeesanahalli Lake,"E (Irrigation, industrial cooling and controlled waste)",1.2,7.5,998.0,18.0,4.0,2600.0,9400.0,3.0,120.0,5.0,120.0,188.0,156.0,4.16,3.2,136.0,72.0,64.0,28.0,120.0,678.0,104.0,0.2,0.5,28.0,0.36,60.0,4.0,0.05,2024.0
03/24,4522.0,Vibhuthipura Lake,"D (Propagation of wild life,fisheries)",5.9,7.8,646.0,7.0,2.1,210.0,3500.0,3.0,104.0,5.0,104.0,60.0,60.0,1.5,0.4,136.0,72.0,64.0,29.0,55.0,438.0,50.0,0.2,0.5,14.0,0.2,43.0,2.0,0.05,2024.0
03/24,4523.0,Nallurahalli Lake,"D (Propagation of wild life,fisheries)",4.9,6.6,750.0,9.0,4.7,1700.0,13000.0,3.0,76.0,5.0,76.0,240.0,86.0,1.5,0.79,260.0,136.0,124.0,118.0,140.0,520.0,20.0,0.3,0.5,16.0,0.4,52.0,3.8,0.8,2024.0
03/24,4524.0,Pattandur Agrahara Lake,"E (Irrigation, industrial cooling and controlled waste)",4.7,7.4,2269.0,10.0,10.0,2100.0,9400.0,3.0,416.0,5.0,416.0,552.0,90.0,1.5,0.72,524.0,268.0,256.0,61.0,291.0,1552.0,20.0,3.1,0.5,30.0,0.25,69.0,5.5,6.2,2024.0
03/24,4525.0,Seetharampalya Lake,"D (Propagation of wild life,fisheries)",4.6,8.5,1020.0,10.0,5.6,2600.0,4800.0,64.0,160.0,32.0,224.0,124.0,98.0,1.5,0.82,284.0,148.0,136.0,36.0,163.0,652.0,12.0,1.7,0.5,22.0,0.2,53.0,4.2,6.0,2024.0
03/24,4526.0,Devasandra Lake,"E (Irrigation, industrial cooling and controlled waste)",3.3,6.5,624.0,16.0,2.39,17000.0,33000.0,3.0,140.0,5.0,140.0,100.0,133.0,4.5,3.6,168.0,88.0,80.0,25.0,60.0,430.0,46.0,0.59,0.5,12.0,0.2,42.0,2.0,1.72,2024.0
03/24,4527.0,Sheelavanta-Whitefield Lake,"D (Propagation of wild life,fisheries)",4.7,8.1,1235.0,10.0,10.0,14000.0,46000.0,3.0,208.0,5.0,208.0,292.0,94.0,1.5,0.76,248.0,128.0,120.0,26.0,164.0,850.0,14.0,2.0,0.5,20.0,0.2,57.0,4.5,3.7,2024.0
03/24,4528.0,Doddakannehalli Lake,"E (Irrigation, industrial cooling and controlled waste)",1.3,7.9,2015.0,17.0,7.0,2300.0,7900.0,3.0,564.0,5.0,564.0,332.0,132.0,2.86,2.3,340.0,176.0,164.0,108.0,252.0,1370.0,158.0,1.64,0.5,40.0,0.36,58.0,6.0,3.49,2024.0
03/24,4529.0,Kasavanahalli Lake,"D (Propagation of wild life,fisheries)",6.0,7.7,986.0,5.0,4.0,220.0,2400.0,3.0,120.0,5.0,120.0,184.0,48.0,1.5,0.46,148.0,80.0,68.0,34.0,118.0,680.0,10.0,0.2,0.5,30.0,0.27,58.0,4.0,0.21,2024.0
03/24,4530.0,Kammasandra Lake,"E (Irrigation, industrial cooling and controlled waste)",0.3,7.4,2356.0,90.0,9.0,310000.0,940000.0,3.0,552.0,5.0,552.0,400.0,369.0,27.0,21.0,640.0,324.0,316.0,96.0,188.0,1648.0,20.0,0.76,0.5,47.0,0.48,37.0,3.2,2.16,2024.0
03/24,4531.0,Rayasandra Lake,"E (Irrigation, industrial cooling and controlled waste)",0.3,7.7,2250.0,66.0,8.6,1700.0,7900.0,3.0,524.0,5.0,524.0,380.0,328.0,5.8,4.9,612.0,308.0,304.0,92.0,180.0,1562.0,10.0,0.69,0.5,45.0,0.46,37.0,3.2,1.93,2024.0
03/24,4532.0,Chandapura Lake,"E (Irrigation, industrial cooling and controlled waste)",0.3,7.19,2552.0,51.0,11.0,140000.0,490000.0,3.0,608.0,5.0,608.0,448.0,354.0,42.0,32.0,708.0,360.0,348.0,34.0,236.0,1736.0,150.0,0.96,0.5,28.0,0.67,45.0,5.0,2.97,2024.0
03/24,4534.0,Sompura Lake,"D (Propagation of wild life,fisheries)",4.8,8.7,1284.0,9.0,5.5,170.0,2400.0,96.0,632.0,48.0,528.0,164.0,80.0,1.5,0.78,188.0,96.0,92.0,47.0,164.0,894.0,12.0,0.2,0.5,32.0,0.21,61.0,5.2,0.05,2024.0
03/24,4536.0,Hosakerehalli Lake,"E (Irrigation, industrial cooling and controlled waste)",1.5,6.7,1038.0,17.0,4.3,240.0,3500.0,3.0,500.0,5.0,500.0,104.0,114.0,3.6,2.8,316.0,164.0,152.0,9.0,136.0,724.0,24.0,6.0,0.5,30.0,0.2,45.0,3.3,13.4,2024.0
03/24,4537.0,Chinnakurchi Kere,"D (Propagation of wild life,fisheries)",4.6,8.8,1400.0,9.0,6.7,3400.0,13000.0,104.0,612.0,52.0,716.0,204.0,86.0,1.5,0.91,296.0,152.0,144.0,46.0,197.0,972.0,10.0,0.4,0.5,36.0,0.24,55.0,5.0,1.0,2024.0
03/24,4538.0,Machohalli Lake,"E (Irrigation, industrial cooling and controlled waste)",0.3,7.7,3090.0,120.0,11.8,14000.0,46000.0,3.0,724.0,5.0,724.0,528.0,401.0,30.0,24.0,848.0,428.0,420.0,126.0,247.0,2156.0,24.0,1.65,0.5,62.0,0.26,37.0,3.7,4.54,2024.0
03/24,4539.0,Doddabidarakallu Lake,"E (Irrigation, industrial cooling and controlled waste)",0.8,7.6,1185.0,18.0,6.0,1100000.0,4900000.0,3.0,456.0,5.0,456.0,152.0,120.0,3.3,2.0,436.0,224.0,212.0,53.0,174.0,525.0,28.0,2.0,0.5,35.0,0.28,44.0,3.6,5.9,2024.0
03/24,4540.0,Kammagondanahalli Lake,"E (Irrigation, industrial cooling and controlled waste)",0.7,7.8,1360.0,18.0,6.6,1700.0,4800.0,3.0,652.0,5.0,652.0,216.0,120.0,2.9,2.2,428.0,220.0,208.0,23.0,191.0,944.0,24.0,6.0,0.5,35.0,0.22,34.0,4.0,14.7,2024.0
03/24,4542.0,Basavanapura Lake,"D (Propagation of wild life,fisheries)",4.4,7.4,641.0,8.0,1.1,11000.0,33000.0,3.0,148.0,5.0,148.0,100.0,83.0,1.5,0.4,192.0,104.0,88.0,23.0,60.0,370.0,68.0,0.2,0.5,8.0,0.32,39.0,2.0,0.05,2024.0
03/24,4543.0,Kodi Singasandra Lake,"D (Propagation of wild life,fisheries)",4.2,7.28,1014.0,5.0,2.5,2400.0,4800.0,3.0,180.0,5.0,180.0,224.0,55.0,1.5,0.4,236.0,124.0,112.0,52.0,96.0,670.0,16.0,0.2,0.5,6.0,0.47,46.0,3.0,0.05,2024.0
03/24,4544.0,Kothanuru Lake,"D (Propagation of wild life,fisheries)",4.3,7.6,457.0,7.0,3.05,2700.0,11000.0,3.0,136.0,5.0,136.0,44.0,63.0,1.5,0.9,204.0,108.0,96.0,17.0,39.0,320.0,16.0,0.2,0.5,4.0,0.3,29.0,1.1,0.05,2024.0
03/24,4547.0,Mangamanapalya Lake(Swarana Kunte),"E (Irrigation, industrial cooling and controlled waste)",3.0,7.6,1135.0,15.0,3.6,13000.0,46000.0,3.0,320.0,5.0,320.0,176.0,149.0,13.0,10.0,308.0,160.0,148.0,17.0,110.0,774.0,170.0,1.2,0.5,14.0,0.36,42.0,2.7,3.2,2024.0
03/24,5558.0,"Kannahalli Lake Kannahalli, Bengaluru","D (Propagation of wild life,fisheries)",4.1,7.4,1713.0,5.0,6.6,1700.0,7900.0,3.0,400.0,5.0,400.0,292.0,48.0,1.5,0.86,460.0,236.0,224.0,70.0,137.0,1186.0,14.0,0.5,0.5,34.0,0.2,37.0,2.7,1.4,2024.0
03/24,5560.0,"Hoodi (Rajapalya Lake) Itpl Main Road, Near Hoodi,Bengaluru","D (Propagation of wild life,fisheries)",4.8,8.5,990.0,10.0,5.6,2100.0,11000.0,64.0,136.0,32.0,220.0,168.0,94.0,1.5,0.84,268.0,140.0,128.0,29.0,163.0,678.0,10.0,1.5,0.5,23.0,0.23,54.0,4.3,5.5,2024.0
03/24,5561.0,"Munekolalu Lake ,Marathahalli, East Taluka ,Bengaluru","D (Propagation of wild life,fisheries)",4.8,8.4,760.0,10.0,2.9,1700.0,7900.0,32.0,144.0,16.0,176.0,120.0,99.0,1.5,0.83,164.0,88.0,76.0,21.0,93.0,522.0,18.0,0.9,0.5,19.0,0.2,52.0,3.2,1.8,2024.0
03/24,5562.0,"Mahadevpuraâ  Lake, K. R. Puram , Bangalore East Taluka","D (Propagation of wild life,fisheries)",5.6,8.5,634.0,6.0,22.0,140.0,2400.0,32.0,84.0,16.0,116.0,104.0,56.0,1.5,0.4,100.0,56.0,44.0,10.0,95.0,426.0,52.0,0.2,0.5,20.0,0.2,62.0,4.0,0.05,2024.0
03/24,5563.0,"Segehalli Lake Baavanapura Road Battarahalli , Bangalore East","E (Irrigation, industrial cooling and controlled waste)",3.2,7.8,996.0,13.0,3.8,14000.0,46000.0,3.0,228.0,5.0,228.0,164.0,125.0,4.7,3.8,268.0,140.0,128.0,41.0,99.0,690.0,50.0,0.57,0.5,20.0,0.33,42.0,2.6,1.66,2024.0
03/24,5564.0,"Kannamangala Lake Hoskote Main Road , Bengalore","D (Propagation of wild life,fisheries)",4.2,7.7,1950.0,8.0,7.8,3400.0,13000.0,3.0,260.0,5.0,260.0,156.0,92.0,1.5,0.99,400.0,204.0,196.0,35.0,180.0,1326.0,48.0,0.57,0.5,14.0,0.2,48.0,4.0,1.45,2024.0
03/24,5565.0,Kannur Lake Near By Hennur Road Bengalore,"D (Propagation of wild life,fisheries)",5.2,7.9,1442.0,8.0,5.0,2100.0,7000.0,3.0,508.0,5.0,508.0,176.0,80.0,1.5,0.4,120.0,64.0,56.0,6.0,116.0,994.0,46.0,0.2,0.5,53.0,0.41,46.0,5.0,0.28,2024.0
03/24,5566.0,"Basavanapura Lake Ayyappa Nagr Main Road , K. R. Puram , B'lore","D (Propagation of wild life,fisheries)",4.7,7.9,541.0,9.0,1.77,2200.0,24000.0,3.0,100.0,5.0,100.0,64.0,80.0,1.5,0.72,68.0,40.0,28.0,27.0,32.0,368.0,20.0,0.2,0.5,2.0,0.28,49.0,2.0,0.31,2024.0
03/24,5567.0,"Doddakallasandra Lake,Bengaluru","E (Irrigation, industrial cooling and controlled waste)",3.2,7.1,879.0,15.0,3.2,2700.0,11000.0,3.0,112.0,5.0,112.0,148.0,149.0,3.89,2.99,188.0,100.0,88.0,14.0,86.0,600.0,240.0,0.2,0.5,11.0,0.34,48.0,2.7,0.05,2024.0
03/24,5568.0,"Ulsoor Lake Near Kalyani,Bengaluru","D (Propagation of wild life,fisheries)",4.5,6.9,730.0,8.0,2.5,3300.0,11000.0,3.0,136.0,5.0,136.0,92.0,72.0,1.5,0.4,116.0,64.0,52.0,30.0,81.0,492.0,18.0,0.48,0.5,20.0,0.28,55.0,3.0,1.2,2024.0
03/24,5569.0,"Byrasandra Upper Lake,Bengaluru","D (Propagation of wild life,fisheries)",4.4,7.0,723.0,8.0,2.5,1400.0,4600.0,3.0,128.0,5.0,128.0,92.0,92.0,1.5,0.4,120.0,72.0,48.0,28.0,84.0,486.0,10.0,0.44,0.5,20.0,0.28,55.0,3.0,1.0,2024.0
03/24,5570.0,"Soulkere, Kaikondrahalli Vill,Bengaluru","E (Irrigation, industrial cooling and controlled waste)",3.4,7.9,2084.0,9.0,7.0,2700.0,11000.0,3.0,560.0,5.0,560.0,316.0,92.0,1.5,0.87,300.0,156.0,144.0,84.0,286.0,1436.0,120.0,1.28,0.5,41.0,0.28,42.0,4.0,1.63,2024.0
03/24,5571.0,"Kudlu Doddakere, Kudlu Vill,Bengaluru","E (Irrigation, industrial cooling and controlled waste)",3.2,8.6,1167.0,15.0,4.0,2200.0,4900.0,24.0,116.0,12.0,140.0,216.0,116.0,2.64,2.0,144.0,76.0,68.0,62.0,145.0,792.0,128.0,0.2,0.5,31.0,0.25,64.0,5.0,0.14,2024.0
03/24,5572.0,"Kudlu Chikkakere, Bgp Layout Kudlu Vill ,Bengaluru","D (Propagation of wild life,fisheries)",5.3,8.5,863.0,6.0,3.0,320.0,3500.0,32.0,100.0,16.0,132.0,156.0,56.0,1.5,0.48,132.0,72.0,60.0,31.0,107.0,586.0,72.0,0.31,0.5,29.0,0.22,58.0,4.0,0.8,2024.0
03/24,5574.0,"Anjanapura Lake ( Avala Halli Lake) Anjanapura,Bengaluru","D (Propagation of wild life,fisheries)",4.3,7.49,443.0,6.0,0.81,1700.0,7000.0,3.0,144.0,5.0,144.0,48.0,55.0,1.5,0.4,152.0,84.0,68.0,8.0,46.0,306.0,14.0,0.2,0.5,4.0,0.27,38.0,2.0,0.05,2024.0
03/24,5574.0,"Anjanapura Lake ( Avala Halli Lake) Anjanapura,Bengaluru","D (Propagation of wild life,fisheries)",4.65,7.995,456.0,9.5,1.3050000000000002,2150.0,11000.0,17.5,102.0,10.5,110.0,52.0,88.5,1.5,0.435,122.0,66.0,56.0,7.9743589743589745,33.0,316.0,54.0,0.2,0.5,11.0,0.24,32.5,1.45,0.0849999999999999,2024.0
04/24,1388.0,Ulsoor Lake Training Centre Of Fish Breeding,"D (Propagation of wild life,fisheries)",4.8,8.8,451.0,8.0,1.5,170.0,2400.0,16.0,56.0,8.0,72.0,68.0,69.0,1.5,0.48,48.0,28.0,20.0,25.0,51.0,308.0,14.0,0.3,0.5,16.0,0.2,62.0,3.2,0.7,2024.0
04/24,3593.0,Ulsoor Lake Temple,"D (Propagation of wild life,fisheries)",4.9,8.8,460.0,7.0,1.5,220.0,2400.0,24.0,64.0,12.0,88.0,60.0,64.0,1.5,0.43,64.0,36.0,28.0,27.0,51.0,314.0,12.0,0.2,0.5,16.0,0.2,57.0,2.8,0.6,2024.0
04/24,5568.0,"Ulsoor Lake Near Kalyani,Bengaluru","D (Propagation of wild life,fisheries)",4.9,8.9,459.0,7.4,1.5,390.0,2200.0,32.0,52.0,16.0,84.0,60.0,65.0,1.5,0.42,64.0,36.0,28.0,26.0,51.0,314.0,12.0,0.2,0.5,16.0,0.2,57.0,2.8,0.6,2024.0
04/24,5569.0,"Byrasandra Upper Lake,Bengaluru","E (Irrigation, industrial cooling and controlled waste)",3.0,7.5,656.0,18.0,2.9,2700.0,11000.0,3.0,176.0,5.0,176.0,116.0,118.0,2.3,1.8,136.0,72.0,64.0,34.0,90.0,448.0,16.0,5.9,0.5,20.0,0.22,54.0,3.4,13.0,2024.0
04/24,3595.0,Byrasandra Tank,"D (Propagation of wild life,fisheries)",4.7,8.6,456.0,7.0,1.5,320.0,3500.0,24.0,56.0,12.0,80.0,60.0,64.0,1.5,0.43,64.0,36.0,28.0,26.0,51.0,312.0,12.0,0.3,0.5,16.0,0.2,57.0,2.8,0.7,2024.0
04/24,4505.0,Nelamangala Lake,"E (Irrigation, industrial cooling and controlled waste)",2.8,7.2,2330.0,54.0,8.0,220.0,2400.0,3.0,430.0,5.0,430.0,580.0,244.0,10.2,6.5,650.0,340.0,310.0,50.0,254.0,1556.0,18.0,1.0,0.5,36.0,0.49,92.0,4.0,3.6,2024.0
04/24,3632.0,Veerapura Tank,"E (Irrigation, industrial cooling and controlled waste)",3.1,6.5,1056.0,16.0,3.4,1700.0,11000.0,3.0,296.0,5.0,296.0,164.0,145.0,3.87,2.98,284.0,148.0,136.0,16.0,103.0,720.0,238.0,0.2,0.5,13.0,0.3,43.0,2.7,0.05,2024.0
04/24,3620.0,Parappana Agrahara Lake,"E (Irrigation, industrial cooling and controlled waste)",0.3,8.2,882.0,66.0,4.0,14000.0,46000.0,3.0,172.0,5.0,172.0,160.0,292.0,17.4,13.8,120.0,64.0,56.0,19.0,98.0,580.0,138.0,1.04,0.5,33.0,0.26,56.0,4.0,2.8,2024.0
04/24,3622.0,Somasundrapalya Lake,"E (Irrigation, industrial cooling and controlled waste)",1.2,7.9,1318.0,29.0,5.06,390.0,3500.0,3.0,360.0,5.0,360.0,188.0,199.0,5.6,4.8,288.0,148.0,140.0,12.0,111.0,886.0,22.0,0.31,0.5,32.0,0.32,42.0,2.8,0.91,2024.0
04/24,4514.0,Sadaramangala Lake,"D (Propagation of wild life,fisheries)",4.6,7.8,788.0,8.0,3.4,330.0,4300.0,3.0,108.0,5.0,108.0,132.0,92.0,17.4,13.8,120.0,64.0,56.0,18.0,87.0,520.0,40.0,0.24,0.5,18.0,0.2,53.0,3.15,0.66,2024.0
04/24,5574.0,"Anjanapura Lake ( Avala Halli Lake) Anjanapura,Bengaluru","D (Propagation of wild life,fisheries)",5.2,7.1,376.0,5.0,0.8,320.0,3500.0,3.0,104.0,5.0,104.0,68.0,45.0,1.5,0.4,116.0,60.0,56.0,7.0,41.0,260.0,10.0,0.2,0.5,6.0,0.2,41.0,2.0,0.05,2024.0
04/24,4544.0,Kothanuru Lake,"D (Propagation of wild life,fisheries)",4.8,7.5,394.0,7.0,0.8,1400.0,7900.0,3.0,152.0,5.0,152.0,44.0,88.0,1.5,0.4,168.0,88.0,80.0,8.0,40.0,270.0,10.0,0.2,0.5,5.0,0.2,33.0,1.3,0.05,2024.0
04/24,3614.0,Puttenahalli Lake,"D (Propagation of wild life,fisheries)",4.6,7.5,640.0,5.0,1.5,340.0,2800.0,3.0,140.0,5.0,140.0,132.0,46.0,1.5,0.4,160.0,84.0,76.0,9.0,61.0,438.0,10.0,0.39,0.5,8.0,0.22,44.0,2.1,1.21,2024.0
04/24,3613.0,Gottigere Lake,"E (Irrigation, industrial cooling and controlled waste)",3.6,7.3,1128.0,10.0,2.8,11000.0,46000.0,3.0,296.0,5.0,296.0,196.0,117.0,4.4,3.6,304.0,156.0,148.0,17.0,99.0,770.0,22.0,0.29,0.5,10.0,0.6,40.0,2.4,0.89,2024.0
04/24,3616.0,Kalena Agrahara Lake,"D (Propagation of wild life,fisheries)",4.6,7.3,373.0,8.0,0.8,1400.0,7000.0,3.0,148.0,5.0,148.0,48.0,89.0,1.5,0.4,116.0,68.0,48.0,8.0,42.0,260.0,10.0,0.2,0.5,5.0,0.3,42.0,2.0,0.05,2024.0
04/24,3615.0,Arakere Lake,"D (Propagation of wild life,fisheries)",4.9,7.5,389.0,6.0,0.8,2100.0,9400.0,3.0,164.0,5.0,164.0,68.0,75.0,1.5,0.42,136.0,72.0,64.0,11.666666666666666,43.0,288.0,10.0,0.2,0.5,5.0,0.38,39.0,1.4,0.05,2024.0
04/24,3589.0,Madiwala Tank,"D (Propagation of wild life,fisheries)",5.2,7.3,666.0,8.0,1.5,1400.0,7900.0,3.0,172.0,5.0,172.0,116.0,81.0,1.5,0.46,180.0,96.0,84.0,15.333333333333332,64.0,458.0,10.0,0.44,0.5,5.0,0.34,43.0,10.0,1.35,2024.0
04/24,3612.0,Agaram Lake,"D (Propagation of wild life,fisheries)",5.3,7.3,1067.0,7.0,3.0,1500.0,4800.0,3.0,120.0,5.0,120.0,124.0,87.0,1.5,0.4,116.0,68.0,48.0,19.0,102.0,730.0,10.0,1.0,0.5,13.0,0.3,62.0,4.0,3.1,2024.0
04/24,3619.0,Begur Tank,"D (Propagation of wild life,fisheries)",5.4,7.2,1274.0,7.0,2.95,930.0,4900.0,3.0,172.0,5.0,172.0,164.0,75.0,1.5,3.06,192.0,100.0,92.0,19.0,102.0,860.0,12.0,0.98,0.5,15.0,0.3,51.0,3.2,3.0,2024.0
04/24,3618.0,Singasandra Lake,"D (Propagation of wild life,fisheries)",5.2,7.1,1280.0,6.0,2.9,2100.0,17000.0,3.0,176.0,5.0,176.0,196.0,69.0,1.5,0.4,212.0,116.0,96.0,18.8,107.0,870.0,10.0,1.1,0.5,20.0,0.2,50.0,3.2,3.3,2024.0
04/24,3601.0,Karihobanahalli Lake,"E (Irrigation, industrial cooling and controlled waste)",0.3,7.2,3260.0,22.0,10.7,14.0,240.0,3.0,924.0,5.0,924.0,512.0,180.0,1.5,15.82,888.0,452.0,436.0,50.0,313.0,2218.0,20.0,0.2,0.5,41.0,0.41,42.0,4.6,0.05,2024.0
04/24,3594.0,Sankey Tank,"D (Propagation of wild life,fisheries)",4.8,8.0,612.0,7.0,2.3,170.0,2400.0,3.0,144.0,5.0,144.0,80.0,83.0,1.5,0.7,132.0,72.0,60.0,10.0,67.0,398.0,16.0,0.2,0.5,9.0,0.2,50.0,2.55,0.2,2024.0
04/24,5565.0,Kannur Lake Near By Hennur Road Bengalore,"D (Propagation of wild life,fisheries)",4.6,7.7,1111.0,7.0,2.5,2100.0,11000.0,3.0,196.0,5.0,196.0,132.0,75.0,1.5,0.4,220.0,116.0,104.0,9.0,101.0,760.0,10.0,0.21,0.5,26.0,0.21,47.0,3.0,0.64,2024.0
04/24,5570.0,"Soulkere, Kaikondrahalli Vill,Bengaluru","D (Propagation of wild life,fisheries)",5.9,7.7,803.0,5.0,3.0,26.0,1600.0,3.0,112.0,5.0,112.0,144.0,60.0,1.5,0.4,96.0,56.0,40.0,15.0,105.0,534.0,14.0,0.24,0.5,15.0,0.23,66.0,4.6,0.62,2024.0
04/24,4546.0,Jakksandra Lake (Kasavanahalli Lake ),"D (Propagation of wild life,fisheries)",5.2,7.8,1099.0,4.0,3.0,270.0,1100.0,3.0,104.0,5.0,104.0,204.0,60.0,1.5,0.4,128.0,72.0,56.0,56.0,159.0,732.0,66.0,0.2,0.5,32.0,0.36,67.0,6.0,0.49,2024.0
04/24,3621.0,Haralur Lake,"D (Propagation of wild life,fisheries)",6.0,6.9,1830.0,4.0,6.3,240.0,2200.0,3.0,216.0,5.0,216.0,408.0,44.0,1.5,0.4,340.0,176.0,164.0,27.0,234.0,1220.0,22.0,0.48,0.5,33.0,0.38,57.0,6.0,1.2,2024.0
04/24,5571.0,"Kudlu Doddakere, Kudlu Vill,Bengaluru","D (Propagation of wild life,fisheries)",5.7,7.8,1028.0,5.0,3.5,210.0,1700.0,3.0,104.0,5.0,104.0,216.0,52.0,1.5,0.4,148.0,80.0,68.0,56.0,172.0,684.0,72.0,0.22,0.5,31.0,0.37,66.0,6.0,0.56,2024.0
04/24,4532.0,Chandapura Lake,"E (Irrigation, industrial cooling and controlled waste)",0.3,7.1,2273.0,75.0,9.9,1400.0,4900.0,3.0,572.0,5.0,572.0,476.0,250.0,50.0,38.0,548.0,280.0,268.0,42.0,290.0,1548.0,46.0,6.3,0.5,40.0,0.39,51.0,7.5,15.0,2024.0
04/24,4531.0,Rayasandra Lake,"E (Irrigation, industrial cooling and controlled waste)",0.3,7.5,2158.0,66.0,8.9,3200.0,14000.0,3.0,564.0,5.0,564.0,420.0,219.0,36.0,29.0,436.0,220.0,216.0,43.0,268.0,1470.0,36.0,5.8,0.5,40.0,0.23,54.0,7.9,13.0,2024.0
04/24,4107.0,"River Dakshina Pinakini Near Mugalur Bridge Mugalur, Bengaluru","E (Irrigation, industrial cooling and controlled waste)",0.3,7.2,974.0,71.0,5.6,140.0,790.0,3.0,428.0,5.0,428.0,196.0,232.0,40.0,30.0,276.0,144.0,132.0,23.0,164.0,666.0,40.0,4.6,0.5,32.0,0.2,53.0,5.9,14.0,2024.0
04/24,4547.0,Mangamanapalya Lake(Swarana Kunte),"D (Propagation of wild life,fisheries)",4.5,7.8,1106.0,6.0,4.3,220.0,940.0,3.0,124.0,5.0,124.0,232.0,54.0,1.5,0.4,156.0,84.0,72.0,51.0,126.0,756.0,10.0,0.2,0.5,30.0,0.29,58.0,6.0,0.6,2024.0
04/24,3609.0,Ibbalur Lake,"D (Propagation of wild life,fisheries)",4.7,7.8,736.0,6.0,3.0,170.0,1300.0,3.0,124.0,5.0,124.0,144.0,52.0,1.5,0.4,108.0,60.0,48.0,22.0,97.0,504.0,10.0,0.2,0.5,24.0,0.2,60.0,5.5,0.5,2024.0
04/24,3602.0,Bellandur Lake,"E (Irrigation, industrial cooling and controlled waste)",0.3,7.7,1322.0,27.0,5.8,7800.0,23000.0,3.0,300.0,5.0,300.0,184.0,182.0,2.6,2.0,356.0,184.0,172.0,73.0,175.0,902.0,28.0,2.2,0.5,33.0,0.23,49.0,5.6,7.6,2024.0
04/24,4545.0,Jungu Kere (Devarabeesanahalli Lake),"D (Propagation of wild life,fisheries)",4.5,7.8,1168.0,7.0,4.2,330.0,2200.0,3.0,124.0,5.0,124.0,208.0,58.0,1.5,0.4,124.0,68.0,56.0,51.0,200.0,926.0,10.0,0.2,0.5,28.0,0.27,72.0,10.6,0.05,2024.0
04/24,4528.0,Doddakannehalli Lake,"E (Irrigation, industrial cooling and controlled waste)",1.4,7.8,1358.0,26.0,5.7,260.0,1400.0,3.0,324.0,5.0,324.0,1921.0,174.0,4.4,3.4,340.0,176.0,164.0,87.0,169.0,928.0,36.0,1.5,0.5,29.0,0.23,49.0,5.6,6.0,2024.0
04/24,3611.0,Kaikondanahalli Lake,"E (Irrigation, industrial cooling and controlled waste)",2.6,7.9,1851.0,23.0,8.5,340.0,2800.0,3.0,484.0,5.0,484.0,356.0,152.0,26.0,20.0,320.0,172.0,148.0,38.0,244.0,1260.0,28.0,1.3,0.5,39.0,0.2,59.0,8.0,4.6,2024.0
04/24,4506.0,Abbigere Lake,"D (Propagation of wild life,fisheries)",4.2,8.3,1858.0,8.0,6.9,170.0,2400.0,24.0,420.0,12.0,444.0,276.0,92.0,1.5,0.48,564.0,288.0,276.0,56.0,161.0,1240.0,10.0,0.43,0.5,28.0,0.2,37.0,3.0,1.0,2024.0
04/24,4504.0,Sarakki Lake,"D (Propagation of wild life,fisheries)",4.2,8.2,1000.0,6.8,4.0,2100.0,7000.0,3.0,212.0,5.0,212.0,140.0,68.0,1.5,0.4,176.0,92.0,84.0,5.0,109.0,680.0,48.0,0.23,0.5,35.0,0.21,52.0,4.0,0.57,2024.0
04/24,3638.0,Yelachenahalli Lake,"D (Propagation of wild life,fisheries)",5.3,8.1,587.0,6.0,2.0,1700.0,7900.0,3.0,80.0,5.0,80.0,96.0,56.0,1.5,0.6,120.0,64.0,56.0,8.0,79.0,404.0,106.0,0.2,0.5,12.0,0.2,55.0,3.0,0.29,2024.0
04/24,3592.0,Yediyur Tank,"E (Irrigation, industrial cooling and controlled waste)",3.1,8.1,482.0,13.0,2.0,1400.0,4800.0,3.0,92.0,5.0,92.0,52.0,124.0,1.5,1.05,40.0,24.0,16.0,10.0,67.0,332.0,64.0,0.26,0.5,16.0,0.25,71.0,5.0,0.63,2024.0
04/24,3591.0,Kempambudhi Tank,"E (Irrigation, industrial cooling and controlled waste)",2.6,8.0,697.0,12.0,2.0,2000.0,9400.0,3.0,188.0,5.0,188.0,64.0,128.0,2.67,2.06,168.0,88.0,80.0,25.0,93.0,386.0,61.0,94.0,1.0,25.0,0.25,51.0,3.0,0.42,2024.0
04/24,3590.0,Lalbagh Tank,"D (Propagation of wild life,fisheries)",5.1,8.2,649.0,5.0,2.0,1700.0,13000.0,3.0,96.0,5.0,96.0,96.0,48.0,1.5,0.6,112.0,60.0,52.0,7.0,74.0,440.0,58.0,0.2,0.5,19.0,0.36,54.0,3.0,0.32,2024.0
04/24,4515.0,Bhattarahalli Lake,"D (Propagation of wild life,fisheries)",4.1,8.5,1151.0,12.0,3.7,320.0,3500.0,16.0,308.0,8.0,324.0,196.0,121.0,1.5,0.99,312.0,164.0,148.0,18.0,112.0,784.0,30.0,2.1,0.5,14.0,0.9,42.0,2.8,0.76,2024.0
04/24,5564.0,"Kannamangala Lake Hoskote Main Road , Bengalore","D (Propagation of wild life,fisheries)",4.2,7.9,1716.0,13.0,5.6,2100.0,7000.0,3.0,484.0,5.0,484.0,268.0,129.0,1.5,0.99,464.0,240.0,224.0,26.0,166.0,1168.0,24.0,0.86,0.5,21.0,0.93,42.0,3.4,2.3,2024.0
04/24,5566.0,"Basavanapura Lake Ayyappa Nagr Main Road , K. R. Puram , Bengaluru","E (Irrigation, industrial cooling and controlled waste)",3.4,7.1,1173.0,15.0,3.8,1700.0,9400.0,3.0,328.0,5.0,328.0,184.0,151.0,5.2,4.0,316.0,164.0,152.0,18.0,114.0,800.0,320.0,0.77,0.5,15.0,0.9,42.0,2.8,2.1,2024.0
04/24,3607.0,Kalkere Tank,"E (Irrigation, industrial cooling and controlled waste)",0.9,7.8,1477.0,21.0,4.8,6800.0,49000.0,3.0,416.0,5.0,416.0,232.0,175.0,13.4,10.3,400.0,208.0,192.0,23.0,143.0,1006.0,1040.0,2.7,0.5,18.0,0.93,42.0,3.1,0.98,2024.0
04/24,4519.0,Rampura Lake,"E (Irrigation, industrial cooling and controlled waste)",0.3,7.4,1755.0,24.0,5.7,17000.0,48000.0,3.0,496.0,5.0,496.0,276.0,196.0,24.4,18.8,476.0,244.0,232.0,27.0,169.0,1196.0,394.0,3.2,0.5,22.0,0.94,42.0,3.4,9.2,2024.0
04/24,3643.0,Benniganahalli Lake,"D (Propagation of wild life,fisheries)",5.7,8.1,618.0,6.0,3.0,1100.0,4600.0,3.0,80.0,5.0,80.0,80.0,60.0,1.5,0.5,120.0,60.0,60.0,5.0,91.0,420.0,18.0,0.2,0.5,36.0,0.2,54.0,4.0,0.3,2024.0
04/24,3605.0,Yelemallappa Shetty Lake,"E (Irrigation, industrial cooling and controlled waste)",3.4,8.2,1766.0,15.0,6.0,1400.0,4900.0,3.0,520.0,5.0,520.0,348.0,140.0,19.5,15.0,368.0,188.0,180.0,6.0,239.0,1218.0,10.0,0.54,0.5,39.0,0.26,55.0,5.0,1.35,2024.0
04/24,3603.0,Vengaiyyanakere( Kr Puram Lake ),"E (Irrigation, industrial cooling and controlled waste)",3.1,8.2,1371.0,18.0,5.0,2600.0,14000.0,3.0,452.0,5.0,452.0,188.0,172.0,4.68,3.6,252.0,132.0,120.0,6.0,174.0,932.0,10.0,0.75,0.5,33.0,0.2,56.0,5.0,1.52,2024.0
04/24,4526.0,Devasandra Lake,"E (Irrigation, industrial cooling and controlled waste)",1.2,8.2,935.0,87.0,3.0,1300.0,4900.0,3.0,124.0,5.0,124.0,208.0,364.0,5.0,3.9,192.0,100.0,92.0,20.0,118.0,644.0,56.0,0.92,0.5,33.0,0.45,52.0,4.0,2.0,2024.0
04/24,5563.0,"Segehalli Lake Baavanapura Road Battarahalli , Bangalore East","E (Irrigation, industrial cooling and controlled waste)",1.3,7.6,1222.0,140.0,4.0,1100.0,11000.0,3.0,172.0,5.0,172.0,240.0,436.0,2.9,2.2,108.0,60.0,48.0,19.0,178.0,890.0,170.0,0.98,0.5,40.0,0.24,71.0,7.0,2.2,2024.0
04/24,4540.0,Kammagondanahalli Lake,"E (Irrigation, industrial cooling and controlled waste)",1.5,7.0,1667.0,24.0,6.5,1500.0,4100.0,3.0,656.0,5.0,656.0,196.0,160.0,3.9,3.0,396.0,204.0,192.0,32.0,194.0,1136.0,28.0,4.7,0.5,28.0,0.22,49.0,4.3,10.0,2024.0
04/24,4503.0,Madhure Tank,"D (Propagation of wild life,fisheries)",4.2,6.8,287.0,7.0,0.5,930.0,13000.0,3.0,92.0,5.0,92.0,36.0,72.0,1.5,0.4,140.0,72.0,68.0,5.0,28.0,198.0,10.0,0.2,0.5,3.0,0.2,29.0,1.4,0.05,2024.0
04/24,3623.0,Anekal Doddakere Tank,"E (Irrigation, industrial cooling and controlled waste)",1.2,7.6,1419.0,20.0,4.6,1400.0,9400.0,3.0,400.0,5.0,400.0,220.0,170.0,9.36,7.2,384.0,200.0,184.0,22.0,137.0,966.0,36.0,0.28,0.5,18.0,0.88,42.0,3.0,0.8,2024.0
04/24,3642.0,Jigani Tank,"D (Propagation of wild life,fisheries)",4.6,7.9,1285.0,10.0,4.2,260.0,1700.0,3.0,360.0,5.0,360.0,200.0,103.0,1.5,0.99,348.0,180.0,168.0,20.0,125.0,876.0,16.0,0.2,0.5,16.0,0.87,42.0,2.9,0.47,2024.0
04/24,4518.0,Garudacharpalya Tank,"D (Propagation of wild life,fisheries)",5.1,8.1,838.0,7.0,3.0,170.0,3500.0,3.0,188.0,5.0,188.0,132.0,72.0,1.5,0.4,160.0,84.0,76.0,23.0,94.0,570.0,48.0,0.72,0.5,34.0,0.2,50.0,3.0,1.74,2024.0
04/24,4520.0,Chinnappanahalli Lake,"E (Irrigation, industrial cooling and controlled waste)",2.3,8.5,2027.0,17.0,7.0,680.0,4600.0,32.0,164.0,16.0,196.0,420.0,156.0,4.68,3.6,364.0,188.0,176.0,49.0,243.0,1398.0,56.0,0.48,0.5,38.0,0.2,56.0,6.0,1.02,2024.0
04/24,5562.0,"Mahadevpuraâ   Lake, K. R. Puram , Bangalore East Taluka","D (Propagation of wild life,fisheries)",4.1,9.1,723.0,9.0,3.0,1200.0,7900.0,24.0,92.0,12.0,116.0,144.0,100.0,1.5,0.59,100.0,56.0,44.0,5.0,98.0,490.0,48.0,0.41,0.5,35.0,0.2,59.0,4.0,0.96,2024.0
04/24,3604.0,Doddanekkundi Lake,"D (Propagation of wild life,fisheries)",4.4,7.6,896.0,7.0,3.1,260.0,1700.0,3.0,188.0,5.0,188.0,128.0,72.0,1.5,0.4,168.0,92.0,76.0,36.0,136.0,598.0,84.0,0.26,0.5,9.0,0.35,62.0,5.0,0.69,2024.0
04/24,5561.0,"Munekolalu Lake ,Marathahalli, East Taluka ,Bengaluru","D (Propagation of wild life,fisheries)",4.5,7.4,864.0,7.0,3.0,140.0,13000.0,3.0,76.0,5.0,76.0,152.0,80.0,1.5,0.48,156.0,84.0,72.0,44.0,100.0,582.0,18.0,0.52,0.5,16.0,0.22,55.0,3.0,1.4,2024.0
04/24,3608.0,Varthur Lake,"E (Irrigation, industrial cooling and controlled waste)",1.2,7.2,1477.0,26.0,5.1,170000.0,1700000.0,3.0,432.0,5.0,432.0,172.0,184.0,36.0,26.0,248.0,132.0,116.0,25.0,154.0,978.0,42.0,1.2,0.5,31.0,0.2,48.0,4.0,3.5,2024.0
04/24,4527.0,Sheelavanta-Whitefield Lake,"E (Irrigation, industrial cooling and controlled waste)",1.0,7.6,1696.0,58.0,6.0,2600.0,11000.0,3.0,144.0,5.0,144.0,392.0,292.0,35.0,28.0,248.0,132.0,116.0,63.0,258.0,1120.0,174.0,3.0,0.5,30.0,0.2,61.0,7.0,9.2,2024.0
04/24,4524.0,Pattandur Agrahara Lake,"E (Irrigation, industrial cooling and controlled waste)",3.0,7.9,2970.0,39.0,10.3,1100.0,6300.0,3.0,444.0,5.0,444.0,268.0,220.0,26.0,18.0,520.0,268.0,252.0,62.0,370.0,1122.0,10.0,2.5,0.5,69.0,0.2,57.0,7.0,7.1,2024.0
04/24,4516.0,Kundalahalli Lake,"E (Irrigation, industrial cooling and controlled waste)",1.4,8.2,1822.0,27.0,6.3,210.0,3500.0,3.0,216.0,5.0,216.0,464.0,184.0,19.0,12.0,364.0,188.0,176.0,56.0,255.0,1206.0,108.0,1.0,0.5,22.0,0.2,58.0,6.0,2.8,2024.0
04/24,5560.0,"Hoodi (Rajapalya Lake) Itpl Main Road, Near Hoodi,Bengaluru","E (Irrigation, industrial cooling and controlled waste)",1.2,8.3,1610.0,58.0,5.6,2000.0,9400.0,48.0,248.0,24.0,272.0,340.0,292.0,25.0,18.0,304.0,160.0,144.0,43.0,260.0,1076.0,114.0,1.5,0.5,36.0,0.2,62.0,6.0,4.6,2024.0
04/24,4525.0,Seetharampalya Lake,"E (Irrigation, industrial cooling and controlled waste)",1.8,7.7,1594.0,41.0,5.5,220.0,2400.0,3.0,268.0,5.0,268.0,348.0,236.0,20.0,14.0,300.0,156.0,144.0,38.0,258.0,1068.0,106.0,2.5,0.5,32.0,0.2,62.0,6.0,7.1,2024.0
04/24,3610.0,Tubarahalli Tank,"D (Propagation of wild life,fisheries)",4.4,7.7,845.0,7.0,2.9,210.0,3500.0,3.0,76.0,5.0,76.0,156.0,88.0,1.5,0.47,160.0,88.0,72.0,56.0,95.0,572.0,20.0,0.75,0.5,15.0,0.23,53.0,3.0,1.9,2024.0
04/24,3636.0,Hoskere Lake,"E (Irrigation, industrial cooling and controlled waste)",0.3,6.9,2550.0,79.0,9.8,270.0,3500.0,3.0,588.0,5.0,588.0,444.0,357.0,19.0,15.0,668.0,340.0,328.0,83.0,163.0,1738.0,42.0,1.28,0.5,51.0,0.22,32.0,2.7,3.64,2024.0
04/24,3633.0,Subramanyapura Tank,"E (Irrigation, industrial cooling and controlled waste)",0.3,7.0,5270.0,81.0,20.2,2600.0,9400.0,3.0,260.0,5.0,260.0,1240.0,393.0,22.0,18.0,1350.0,690.0,660.0,212.0,336.0,3644.0,46.0,2.81,0.5,97.0,0.24,33.0,3.97,8.0,2024.0
04/24,3596.0,Nayandanahalli Tank,"D (Propagation of wild life,fisheries)",5.1,7.9,934.0,4.0,3.6,220.0,1400.0,3.0,216.0,5.0,216.0,160.0,45.0,1.5,0.84,252.0,132.0,120.0,38.0,89.0,636.0,10.0,0.22,0.5,19.0,0.2,41.0,2.4,0.62,2024.0
04/24,3634.0,Devarakere Tank,"D (Propagation of wild life,fisheries)",4.2,8.1,307.0,5.0,1.2,210.0,3500.0,3.0,80.0,5.0,80.0,48.0,52.0,1.5,0.4,68.0,40.0,28.0,12.0,25.0,515.0,20.0,0.2,0.5,6.0,0.2,41.0,1.3,0.05,2024.0
04/24,3641.0,Dhorekere Tank,"E (Irrigation, industrial cooling and controlled waste)",0.3,7.6,580.0,90.0,2.2,2100.0,7000.0,3.0,116.0,5.0,116.0,52.0,444.0,44.0,34.0,148.0,80.0,14.0,68.0,55.0,394.0,284.0,0.56,0.5,17.0,0.22,41.0,2.0,1.42,2024.0
04/24,4534.0,Sompura Lake,"E (Irrigation, industrial cooling and controlled waste)",0.3,6.5,696.0,30.0,2.8,680.0,4600.0,3.0,152.0,5.0,152.0,92.0,168.0,28.6,22.0,156.0,84.0,72.0,13.0,75.0,466.0,126.0,0.86,0.5,15.0,0.36,48.0,3.0,0.71,2024.0
04/24,4536.0,Hosakerehalli Lake,"D (Propagation of wild life,fisheries)",4.2,8.3,1000.0,9.0,4.0,1400.0,13000.0,56.0,104.0,28.0,160.0,156.0,80.0,1.5,0.4,148.0,80.0,68.0,23.0,96.0,680.0,28.0,0.55,0.5,24.0,0.41,54.0,3.0,1.4,2024.0
04/24,4537.0,Chinnakurchi Kere,"E (Irrigation, industrial cooling and controlled waste)",0.3,7.6,3380.0,84.0,13.6,7800.0,33000.0,3.0,852.0,5.0,852.0,332.0,312.0,32.5,25.0,252.0,132.0,120.0,286.0,185.0,2264.0,156.0,0.57,0.5,10.0,0.68,60.0,5.0,1.42,2024.0
04/24,3635.0,Malathahalli Lake,"E (Irrigation, industrial cooling and controlled waste)",0.3,7.4,2500.0,58.0,10.8,310.0,3500.0,168.0,532.0,84.0,700.0,248.0,220.0,28.6,22.0,196.0,104.0,92.0,97.0,166.0,1676.0,254.0,0.36,0.5,27.0,0.61,61.0,5.0,0.96,2024.0
04/24,3639.0,Kengeri Tank,"D (Propagation of wild life,fisheries)",4.1,7.2,1165.0,8.0,4.7,320.0,1700.0,3.0,308.0,5.0,308.0,140.0,92.0,1.5,0.46,268.0,140.0,128.0,30.0,124.0,792.0,22.0,1.9,0.5,27.0,0.48,47.0,3.0,4.9,2024.0
04/24,3598.0,Herohalli Tank,"E (Irrigation, industrial cooling and controlled waste)",0.3,7.2,675.0,23.0,2.4,780.0,4900.0,3.0,184.0,5.0,184.0,96.0,156.0,3.1,2.4,168.0,88.0,80.0,35.0,76.0,462.0,24.0,1.6,0.5,18.0,0.2,47.0,2.6,3.7,2024.0
04/24,4096.0,Andhrahalli Lake,"E (Irrigation, industrial cooling and controlled waste)",0.3,8.1,2820.0,25.0,11.2,1100.0,11000.0,3.0,228.0,5.0,228.0,816.0,168.0,5.6,4.3,676.0,344.0,332.0,156.0,327.0,1920.0,26.0,3.0,0.5,40.0,0.39,49.0,5.5,8.0,2024.0
04/24,3606.0,Dasarahalli Tank,"E (Irrigation, industrial cooling and controlled waste)",1.2,7.5,702.0,18.0,2.5,170.0,3300.0,3.0,76.0,5.0,76.0,112.0,118.0,2.0,1.6,204.0,108.0,96.0,93.0,80.0,480.0,28.0,1.3,0.5,22.0,0.2,43.0,2.4,2.7,2024.0
04/24,4095.0,Chikkabanavara Lake,"E (Irrigation, industrial cooling and controlled waste)",2.0,7.1,1700.0,22.0,6.7,270.0,2800.0,3.0,492.0,5.0,492.0,296.0,149.0,3.0,2.3,548.0,280.0,268.0,35.0,198.0,1156.0,18.0,5.1,0.5,28.0,0.24,42.0,3.7,11.8,2024.0
04/24,5559.0,"Shettihalli Lake, Mallasandra Gudde Lake Bengaluru","E (Irrigation, industrial cooling and controlled waste)",2.3,7.3,1074.0,24.0,4.2,140.0,2400.0,3.0,300.0,5.0,300.0,176.0,158.0,3.4,2.6,420.0,216.0,204.0,24.0,128.0,730.0,16.0,5.0,0.5,21.0,0.2,38.0,2.7,11.5,2024.0
04/24,4539.0,Doddabidarakallu Lake,"E (Irrigation, industrial cooling and controlled waste)",0.8,7.6,1888.0,58.0,6.6,450000.0,2300000.0,3.0,532.0,5.0,532.0,232.0,296.0,29.0,21.0,404.0,208.0,196.0,34.0,189.0,1242.0,20.0,1.4,0.5,34.0,0.2,48.0,4.0,3.8,2024.0
04/24,3599.0,Anchepalya Lake,"E (Irrigation, industrial cooling and controlled waste)",0.9,7.8,2180.0,54.0,7.5,1200.0,7900.0,3.0,376.0,5.0,376.0,372.0,276.0,25.0,18.0,608.0,312.0,296.0,125.0,216.0,1432.0,10.0,0.32,0.5,34.0,0.2,42.0,4.0,0.8,2024.0
04/24,3597.0,Hesaraghatta Lake,"D (Propagation of wild life,fisheries)",5.8,7.7,469.0,5.0,1.6,32.0,1600.0,3.0,140.0,5.0,140.0,48.0,52.0,1.5,0.4,124.0,68.0,56.0,5.0,31.0,312.0,10.0,0.2,0.5,15.0,0.2,32.0,1.0,0.05,2024.0
04/24,4513.0,Ramammana Kere,"D (Propagation of wild life,fisheries)",4.8,7.9,2033.0,7.0,7.0,210.0,1100.0,3.0,476.0,5.0,476.0,364.0,84.0,1.5,0.42,624.0,320.0,304.0,13.0,249.0,1342.0,10.0,0.3,0.5,38.0,0.22,44.0,4.0,0.86,2024.0
04/24,4094.0,Gangondanahalli Lake,"E (Irrigation, industrial cooling and controlled waste)",0.8,7.8,2980.0,78.0,10.3,11000.0,46000.0,3.0,624.0,5.0,624.0,552.0,304.0,41.0,30.0,684.0,348.0,336.0,16.0,362.0,1962.0,34.0,0.31,0.5,45.0,0.57,51.0,6.0,0.93,2024.0
04/24,4538.0,Machohalli Lake,"E (Irrigation, industrial cooling and controlled waste)",3.0,7.7,3280.0,20.0,11.4,260.0,1400.0,3.0,324.0,5.0,324.0,756.0,168.0,33.0,24.0,652.0,332.0,320.0,24.0,349.0,2158.0,10.0,0.57,0.5,46.0,0.3,51.0,6.0,1.6,2024.0
04/24,4097.0,Kachohalli Lake,"E (Irrigation, industrial cooling and controlled waste)",0.5,7.9,2700.0,90.0,9.4,13000.0,94000.0,3.0,684.0,5.0,684.0,384.0,352.0,51.0,38.0,668.0,340.0,328.0,28.0,325.0,1780.0,12.0,1.7,0.5,49.0,0.2,49.0,5.0,4.5,2024.0
04/24,5558.0,"Kannahalli Lake Kannahalli, Bengaluru","D (Propagation of wild life,fisheries)",6.1,8.1,2001.0,4.0,6.9,220.0,1700.0,3.0,516.0,5.0,516.0,324.0,52.0,1.5,0.57,596.0,304.0,292.0,21.0,193.0,1316.0,10.0,0.95,0.5,31.0,0.25,40.0,3.0,2.7,2024.0
04/24,3640.0,Uttarahalli Doraikere,"E (Irrigation, industrial cooling and controlled waste)",0.3,6.5,1124.0,60.0,4.32,3200.0,17000.0,3.0,260.0,5.0,260.0,188.0,277.0,12.8,10.1,300.0,156.0,144.0,46.0,108.0,756.0,76.0,1.29,0.5,22.0,0.21,41.0,2.7,3.65,2024.0
04/24,2778.0,River Arkavathi At Tippagondanahalli Reservoir,"E (Irrigation, industrial cooling and controlled waste)",3.3,7.2,1585.0,30.0,6.09,27.0,540.0,3.0,364.0,5.0,364.0,268.0,157.0,3.4,2.8,424.0,216.0,208.0,64.0,127.0,1074.0,10.0,0.96,0.5,32.0,0.39,37.0,2.68,2.68,2024.0
05/24,1388.0,Ulsoor Lake Training Centre Of Fish Breeding,"D (Propagation of wild life,fisheries)",7.2,7.6,488.0,5.3,2.0,2100.0,17000.0,3.0,116.0,5.0,116.0,64.0,45.0,1.5,0.76,84.0,48.0,36.0,5.0,62.0,334.0,34.0,0.2,0.5,14.0,0.2,57.0,0.4,0.05,2024.0
05/24,2778.0,River Arkavathi At Tippagondanahalli Reservoir,"E (Irrigation, industrial cooling and controlled waste)",1.3,8.2,1416.0,27.0,5.12,250.0,3500.0,3.0,324.0,5.0,324.0,248.0,180.0,6.9,4.7,448.0,240.0,208.0,57.0,162.0,920.0,12.0,0.3,0.5,14.0,0.32,43.0,3.3,0.8,2024.0
05/24,3589.0,Madiwala Tank,"E (Irrigation, industrial cooling and controlled waste)",1.0,8.7,1150.0,38.0,4.0,1700.0,9400.0,24.0,176.0,12.0,200.0,168.0,204.0,1.8,1.2,156.0,84.0,72.0,36.0,158.0,766.0,70.0,1.5,0.5,37.0,0.32,63.0,6.0,4.0,2024.0
05/24,3590.0,Lalbagh Tank,"D (Propagation of wild life,fisheries)",4.4,9.0,693.0,8.0,2.4,310.0,3500.0,32.0,68.0,16.0,100.0,96.0,228.0,1.5,0.48,88.0,52.0,36.0,22.0,91.0,468.0,24.0,0.26,0.5,25.0,0.38,62.0,4.0,0.71,2024.0
05/24,3591.0,Kempambudhi Tank,"E (Irrigation, industrial cooling and controlled waste)",2.9,8.1,740.0,14.0,2.5,1700.0,7900.0,3.0,108.0,5.0,108.0,112.0,120.0,1.6,1.1,124.0,68.0,56.0,36.0,93.0,498.0,44.0,0.29,0.5,17.0,0.21,58.0,4.0,0.84,2024.0
05/24,3592.0,Yediyur Tank,"E (Irrigation, industrial cooling and controlled waste)",0.9,8.9,650.0,42.0,2.2,2400.0,4800.0,40.0,156.0,20.0,196.0,60.0,228.0,5.0,3.7,184.0,100.0,84.0,18.0,73.0,438.0,196.0,0.57,0.5,22.0,0.24,43.0,2.0,1.4,2024.0
05/24,3593.0,Ulsoor Lake Temple,"D (Propagation of wild life,fisheries)",7.1,7.5,464.0,5.3,1.9,46.0,1600.0,3.0,84.0,5.0,84.0,60.0,45.0,1.5,0.74,76.0,44.0,32.0,13.0,62.0,316.0,88.0,0.2,0.5,14.0,0.2,58.0,0.32,0.05,2024.0
05/24,3594.0,Sankey Tank,"D (Propagation of wild life,fisheries)",6.1,7.9,568.0,6.0,9.6,400.0,16000.0,3.0,148.0,5.0,148.0,76.0,56.0,1.5,0.72,128.0,68.0,60.0,5.0,72.0,388.0,10.0,0.2,0.5,12.0,0.2,52.0,0.36,0.05,2024.0
05/24,3595.0,Byrasandra Tank,"D (Propagation of wild life,fisheries)",6.2,7.8,735.0,6.3,3.6,3200.0,9400.0,3.0,256.0,5.0,256.0,116.0,54.0,1.5,0.86,252.0,132.0,120.0,19.0,111.0,434.0,12.0,0.6,0.5,30.0,0.2,45.0,0.32,1.3,2024.0
05/24,3596.0,Nayandanahalli Tank,"E (Irrigation, industrial cooling and controlled waste)",2.9,8.5,826.0,14.0,2.8,1700.0,11000.0,16.0,32.0,8.0,48.0,124.0,142.0,2.5,1.9,216.0,116.0,100.0,13.0,81.0,560.0,76.0,1.1,0.5,10.0,0.33,44.0,2.4,2.9,2024.0
05/24,3597.0,Hesaraghatta Lake,"E (Irrigation, industrial cooling and controlled waste)",0.6,6.5,340.0,30.0,0.96,17000.0,48000.0,3.0,64.0,6.5,64.0,20.0,172.0,1.56,1.2,72.0,40.0,32.0,22.0,12.0,226.0,72.0,0.2,0.5,2.0,0.2,26.0,0.6,0.35,2024.0
05/24,3598.0,Herohalli Tank,"D (Propagation of wild life,fisheries)",4.3,6.6,614.0,6.0,2.5,2500.0,14000.0,3.0,116.0,5.0,116.0,60.0,56.0,1.5,0.91,168.0,88.0,80.0,22.0,50.0,410.0,20.0,1.43,0.5,3.0,0.2,39.0,2.0,3.8,2024.0
05/24,3599.0,Anchepalya Lake,"E (Irrigation, industrial cooling and controlled waste)",3.3,6.6,764.0,26.0,2.9,220.0,5400.0,3.0,176.0,5.0,176.0,124.0,193.0,3.5,3.0,208.0,108.0,100.0,31.0,68.0,506.0,12.0,0.31,0.5,15.0,0.33,39.0,2.0,0.88,2024.0
05/24,3600.0,Shivapura Tank,"E (Irrigation, industrial cooling and controlled waste)",3.2,6.6,1032.0,18.0,4.2,140.0,2400.0,3.0,64.0,5.0,64.0,92.0,136.0,4.7,3.6,304.0,156.0,148.0,134.0,92.0,690.0,10.0,3.5,0.5,8.0,0.22,39.0,2.0,9.15,2024.0
05/24,3601.0,Karihobanahalli Lake,"E (Irrigation, industrial cooling and controlled waste)",0.3,6.5,1105.0,45.0,4.4,17000.0,110000.0,3.0,228.0,5.0,228.0,132.0,272.0,26.0,20.0,236.0,124.0,112.0,19.0,98.0,740.0,10.0,2.14,0.5,9.0,0.32,46.0,3.0,5.66,2024.0
05/24,3602.0,Bellandur Lake,"D (Propagation of wild life,fisheries)",4.1,7.2,1655.0,6.0,6.7,17000.0,49000.0,3.0,420.0,5.0,420.0,232.0,56.0,1.5,0.4,348.0,180.0,168.0,35.0,151.0,1108.0,10.0,0.22,0.5,13.0,0.2,47.0,2.0,0.52,2024.0
05/24,3603.0,Vengaiyyanakere( Kr Puram Lake ),"E (Irrigation, industrial cooling and controlled waste)",1.3,7.0,1379.0,44.0,5.3,21.0,350.0,3.0,320.0,5.0,320.0,232.0,233.0,29.0,24.0,376.0,192.0,184.0,56.0,113.0,924.0,10.0,1.38,0.5,28.0,0.2,37.0,2.5,4.02,2024.0
05/24,3604.0,Doddanekkundi Lake,"E (Irrigation, industrial cooling and controlled waste)",1.7,7.3,850.0,8.0,2.8,150000.0,480000.0,3.0,168.0,5.0,168.0,120.0,84.0,1.5,0.5,280.0,168.0,112.0,31.0,98.0,554.0,40.0,0.31,0.5,10.0,0.3,42.0,2.5,0.87,2024.0
05/24,3605.0,Yelamalappa Shety Lake,"E (Irrigation, industrial cooling and controlled waste)",0.7,6.5,389.0,78.0,1.5,140.0,2400.0,3.0,88.0,5.0,88.0,60.0,356.0,13.9,10.5,104.0,56.0,48.0,16.0,35.0,256.0,18.0,1.02,0.5,8.0,0.31,40.0,1.5,2.86,2024.0
05/24,3606.0,Dasarahalli Tank,"D (Propagation of wild life,fisheries)",5.8,6.6,472.0,4.0,1.8,170.0,2400.0,3.0,108.0,5.0,108.0,76.0,40.0,1.5,0.44,124.0,68.0,56.0,19.0,38.0,310.0,12.0,0.2,0.5,9.0,0.31,38.0,1.4,0.05,2024.0
05/24,3607.0,Kalkere Tank,"E (Irrigation, industrial cooling and controlled waste)",1.6,8.2,1580.0,42.0,5.5,1100.0,7900.0,3.0,188.0,5.0,188.0,292.0,236.0,3.6,2.6,176.0,96.0,80.0,31.0,173.0,1040.0,130.0,1.1,0.5,43.0,0.2,62.0,6.0,2.8,2024.0
05/24,3609.0,Ibbalur Lake,"D (Propagation of wild life,fisheries)",4.3,7.4,535.0,7.0,1.9,310.0,3500.0,3.0,132.0,5.0,132.0,52.0,88.0,1.5,0.4,124.0,68.0,56.0,22.0,56.0,362.0,20.0,0.2,0.5,17.0,0.25,42.0,2.0,0.05,2024.0
05/24,3610.0,Tubarahalli Tank,"E (Irrigation, industrial cooling and controlled waste)",1.2,6.8,1073.0,29.0,3.76,93000.0,490000.0,3.0,136.0,5.0,136.0,148.0,204.0,3.0,2.1,248.0,132.0,116.0,45.0,92.0,710.0,14.0,0.55,0.5,18.0,0.2,37.0,3.0,1.45,2024.0
05/24,3611.0,Kaikondanahalli Lake,"D (Propagation of wild life,fisheries)",4.1,7.4,2106.0,12.0,7.3,17.0,350.0,3.0,524.0,5.0,524.0,336.0,124.0,1.5,0.9,512.0,264.0,248.0,32.0,203.0,1430.0,18.0,1.4,0.5,26.0,0.8,45.0,3.9,3.8,2024.0
05/24,3612.0,Agaram Lake,"D (Propagation of wild life,fisheries)",6.2,8.3,1228.0,4.0,4.3,6.8,240.0,48.0,212.0,24.0,260.0,168.0,48.0,1.5,0.4,244.0,128.0,116.0,33.0,175.0,820.0,10.0,0.31,0.5,42.0,0.2,56.0,5.0,0.9,2024.0
05/24,3613.0,Gottigere Lake,"E (Irrigation, industrial cooling and controlled waste)",2.5,8.0,1188.0,19.0,5.0,310.0,3500.0,3.0,348.0,5.0,348.0,216.0,125.0,3.6,2.77,356.0,184.0,172.0,16.0,153.0,810.0,10.0,2.7,0.5,30.0,0.2,46.0,0.28,6.7,2024.0
05/24,3614.0,Puttenahalli Lake,"D (Propagation of wild life,fisheries)",4.2,7.4,546.0,8.0,2.1,285.0,3500.0,3.0,104.0,5.0,104.0,76.0,77.0,1.5,0.83,116.0,64.0,52.0,19.0,65.0,372.0,10.0,0.2,0.5,16.0,0.2,50.0,0.37,0.3,2024.0
05/24,3615.0,Arakere Lake,"E (Irrigation, industrial cooling and controlled waste)",3.2,7.7,509.0,25.0,1.8,260.0,3500.0,3.0,96.0,5.0,96.0,64.0,168.0,1.5,1.0,84.0,48.0,36.0,16.0,62.0,340.0,88.0,0.41,0.5,17.0,0.28,56.0,3.0,1.0,2024.0
05/24,3616.0,Kalena Agrahara Lake,"D (Propagation of wild life,fisheries)",5.6,7.4,494.0,5.0,1.7,2100.0,13000.0,3.0,124.0,5.0,124.0,40.0,64.0,1.5,0.4,116.0,64.0,52.0,14.0,50.0,332.0,18.0,0.31,0.5,16.0,0.24,44.0,2.0,0.9,2024.0
05/24,3618.0,Singasandra Lake,"E (Irrigation, industrial cooling and controlled waste)",3.4,8.1,1390.0,30.0,4.8,140.0,2400.0,3.0,328.0,5.0,328.0,188.0,160.0,2.3,1.6,296.0,156.0,140.0,19.0,132.0,928.0,84.0,0.48,0.5,33.0,0.22,46.0,3.0,1.0,2024.0
05/24,3619.0,Begur Tank,"E (Irrigation, industrial cooling and controlled waste)",1.6,7.4,1832.0,17.0,6.4,2100.0,11000.0,3.0,148.0,5.0,148.0,328.0,144.0,2.5,1.8,164.0,88.0,76.0,34.0,204.0,1208.0,44.0,0.42,0.5,41.0,0.48,67.0,7.0,1.0,2024.0
05/24,3620.0,Parappana Agrahara Lake,"E (Irrigation, industrial cooling and controlled waste)",3.2,8.5,1521.0,19.0,5.3,140.0,2800.0,40.0,164.0,20.0,204.0,328.0,158.0,2.9,2.3,180.0,96.0,84.0,23.0,147.0,1032.0,16.0,0.95,0.5,19.0,0.59,61.0,4.8,2.7,2024.0
05/24,3621.0,Haralur Lake,"D (Propagation of wild life,fisheries)",4.1,8.1,1030.0,14.0,3.5,170.0,1400.0,3.0,188.0,5.0,188.0,180.0,139.0,1.5,0.99,176.0,96.0,80.0,16.0,100.0,698.0,202.0,0.54,0.5,13.0,0.4,53.0,3.3,1.9,2024.0
05/24,3622.0,Somasundrapalya Lake,"E (Irrigation, industrial cooling and controlled waste)",1.6,7.4,1821.0,16.0,6.3,2400.0,14000.0,3.0,148.0,5.0,148.0,340.0,140.0,3.0,2.1,168.0,92.0,76.0,84.0,202.0,1200.0,28.0,0.31,0.5,41.0,0.48,67.0,9.0,0.92,2024.0
05/24,3623.0,Anekal Doddakere Tank,"D (Propagation of wild life,fisheries)",6.8,7.2,1525.0,4.0,5.8,2600.0,17000.0,3.0,352.0,5.0,352.0,256.0,46.0,8.9,0.42,412.0,212.0,200.0,62.0,131.0,1008.0,10.0,0.25,0.5,31.0,0.29,38.0,2.8,0.7,2024.0
05/24,3624.0,Puttenahalli Lake,"E (Irrigation, industrial cooling and controlled waste)",0.3,6.6,1098.0,26.0,3.9,3300.0,14000.0,3.0,228.0,5.0,228.0,124.0,173.0,6.0,4.6,252.0,132.0,120.0,13.0,105.0,748.0,28.0,1.2,0.5,23.0,0.38,45.0,2.9,3.6,2024.0
05/24,3625.0,Hebbal Lake,"E (Irrigation, industrial cooling and controlled waste)",0.3,6.7,1095.0,26.0,3.9,3100.0,9400.0,3.0,236.0,5.0,236.0,128.0,176.0,6.3,4.8,244.0,128.0,116.0,11.0,108.0,742.0,24.0,1.1,0.5,22.0,0.3,46.0,3.0,1.7,2024.0
05/24,3626.0,Nagavara Lake,"E (Irrigation, industrial cooling and controlled waste)",1.2,7.1,1403.0,42.0,4.8,2000.0,17000.0,3.0,328.0,5.0,328.0,224.0,216.0,9.12,6.7,288.0,152.0,136.0,19.0,167.0,922.0,40.0,2.3,0.5,37.0,0.2,52.0,4.0,6.5,2024.0
05/24,3627.0,Jakkur Lake,"E (Irrigation, industrial cooling and controlled waste)",0.3,6.8,1093.0,25.0,3.8,4300.0,22000.0,3.0,316.0,5.0,316.0,156.0,171.0,5.6,4.3,248.0,128.0,120.0,12.0,104.0,742.0,24.0,0.6,0.5,22.0,0.31,45.0,2.9,1.8,2024.0
05/24,3628.0,Amruthahalli Lake,"E (Irrigation, industrial cooling and controlled waste)",0.7,7.3,1019.0,21.0,3.5,3100.0,17000.0,3.0,252.0,5.0,252.0,152.0,148.0,5.6,4.2,244.0,128.0,116.0,17.0,95.0,680.0,52.0,1.06,0.5,29.0,0.32,42.0,3.0,2.9,2024.0
05/24,3629.0,Allalasandra Lake,"E (Irrigation, industrial cooling and controlled waste)",0.3,6.8,1477.0,26.0,5.2,2400.0,17000.0,3.0,332.0,5.0,332.0,204.0,176.0,6.8,5.2,316.0,164.0,152.0,34.0,156.0,1006.0,26.0,1.8,0.5,24.0,0.42,49.0,3.8,3.7,2024.0
05/24,3630.0,Yelahanka Tank,"E (Irrigation, industrial cooling and controlled waste)",0.3,6.6,1099.0,26.0,3.8,1400.0,14000.0,3.0,248.0,5.0,248.0,136.0,174.0,6.2,4.8,244.0,128.0,116.0,14.0,108.0,748.0,22.0,1.3,0.5,22.0,0.32,46.0,3.0,3.8,2024.0
05/24,3633.0,Subramanyapura Tank,"D (Propagation of wild life,fisheries)",4.8,7.4,1061.0,8.0,3.8,260.0,2200.0,3.0,200.0,5.0,200.0,176.0,76.0,1.5,0.7,156.0,84.0,72.0,19.0,115.0,724.0,18.0,0.52,0.5,24.0,0.63,57.0,4.0,1.4,2024.0
05/24,3634.0,Devarakere Tank,"E (Irrigation, industrial cooling and controlled waste)",0.3,7.0,498.0,78.0,1.3,200.0,2800.0,3.0,124.0,5.0,124.0,56.0,253.0,11.8,9.4,88.0,48.0,40.0,15.0,43.0,340.0,364.0,0.2,0.5,14.0,0.36,47.0,2.0,0.05,2024.0
05/24,3635.0,Malathahalli Lake,"E (Irrigation, industrial cooling and controlled waste)",3.4,6.8,615.0,14.0,2.1,170.0,2400.0,3.0,172.0,5.0,172.0,48.0,144.0,2.2,1.7,164.0,88.0,76.0,9.0,61.0,416.0,94.0,0.2,0.5,8.0,0.24,43.0,2.1,0.05,2024.0
05/24,3636.0,Hoskere Lake,"D (Propagation of wild life,fisheries)",4.6,7.0,298.0,11.0,1.0,20.0,1600.0,3.0,84.0,5.0,84.0,20.0,109.0,1.5,0.99,76.0,44.0,32.0,5.0,30.0,206.0,12.0,0.46,0.5,4.0,0.2,44.0,1.5,1.3,2024.0
05/24,3638.0,Yelachenahalli Lake,"E (Irrigation, industrial cooling and controlled waste)",1.4,7.6,410.0,28.0,1.4,2300.0,7000.0,3.0,92.0,5.0,92.0,48.0,204.0,1.9,1.2,100.0,56.0,44.0,17.0,56.0,276.0,130.0,0.46,0.5,19.0,0.28,49.0,2.0,1.2,2024.0
05/24,3639.0,Kengeri Tank,"E (Irrigation, industrial cooling and controlled waste)",2.3,7.7,964.0,20.0,3.3,260.0,3500.0,3.0,272.0,5.0,272.0,124.0,167.0,8.7,6.7,260.0,136.0,124.0,15.0,94.0,654.0,84.0,2.3,0.5,12.0,0.38,43.0,2.5,6.5,2024.0
05/24,3640.0,Uttarahalli Doraikere,"E (Irrigation, industrial cooling and controlled waste)",2.2,7.2,1655.0,81.0,5.8,3100.0,17000.0,3.0,128.0,5.0,128.0,212.0,340.0,6.7,5.0,356.0,184.0,172.0,220.0,185.0,1090.0,136.0,0.41,0.5,37.0,0.2,50.0,4.0,1.0,2024.0
05/24,3641.0,Dhorekere Tank,"E (Irrigation, industrial cooling and controlled waste)",0.3,6.6,697.0,132.0,2.3,920.0,4600.0,3.0,212.0,5.0,212.0,76.0,442.0,30.0,23.3,196.0,104.0,92.0,30.0,73.0,476.0,714.0,1.52,0.5,23.0,0.41,41.0,2.3,4.6,2024.0
05/24,3642.0,Jigani Tank,"D (Propagation of wild life,fisheries)",5.8,7.1,1479.0,4.0,5.68,320.0,3500.0,3.0,344.0,5.0,344.0,248.0,41.0,1.5,0.4,400.0,204.0,196.0,60.0,127.0,982.0,10.0,0.26,0.5,29.0,0.36,38.0,2.76,0.76,2024.0
05/24,3643.0,Benniganahalli Lake,"D (Propagation of wild life,fisheries)",4.8,7.1,634.0,5.0,2.4,260.0,2800.0,3.0,144.0,5.0,144.0,104.0,49.0,1.5,0.62,168.0,88.0,80.0,26.0,57.0,418.0,10.0,0.2,0.5,13.0,0.29,40.0,2.0,0.39,2024.0
05/24,4094.0,Gangondanahalli Lake,"E (Irrigation, industrial cooling and controlled waste)",0.3,7.3,2203.0,60.0,9.0,27000.0,79000.0,3.0,336.0,5.0,336.0,412.0,348.0,47.0,36.0,472.0,240.0,232.0,11.0,166.0,1476.0,86.0,0.61,0.5,17.0,0.28,42.0,3.0,1.57,2024.0
05/24,4096.0,Andhrahalli Lake,"E (Irrigation, industrial cooling and controlled waste)",0.3,6.7,1271.0,58.0,5.1,210.0,5400.0,3.0,268.0,5.0,268.0,116.0,288.0,31.0,24.0,304.0,156.0,148.0,77.0,117.0,852.0,18.0,0.45,0.5,11.0,0.2,44.0,3.0,1.1,2024.0
05/24,4097.0,Kachohalli Lake,"E (Irrigation, industrial cooling and controlled waste)",0.3,7.0,1806.0,24.0,6.4,680000.0,3300000.0,3.0,436.0,5.0,436.0,256.0,157.0,10.4,8.0,448.0,228.0,220.0,14.0,186.0,1228.0,66.0,2.8,0.5,31.0,0.2,45.0,3.8,5.0,2024.0
05/24,4107.0,"River Dakshina Pinakini Near Mugalur Bridge Mugalur, Bengaluru","E (Irrigation, industrial cooling and controlled waste)",0.3,6.9,1439.0,58.0,5.01,45000.0,230000.0,3.0,340.0,5.0,340.0,160.0,260.0,32.0,24.0,292.0,152.0,140.0,22.0,140.0,948.0,22.0,0.6,0.5,29.0,0.23,48.0,4.0,1.6,2024.0
05/24,4504.0,Sarakki Lake,"D (Propagation of wild life,fisheries)",5.2,8.6,1066.0,7.0,3.7,140.0,1300.0,56.0,152.0,28.0,208.0,136.0,68.0,1.5,0.4,196.0,104.0,92.0,32.0,139.0,702.0,20.0,0.31,0.5,37.0,0.24,55.0,4.0,0.87,2024.0
05/24,4505.0,Nelamangala Lake,"E (Irrigation, industrial cooling and controlled waste)",3.0,6.9,2540.0,29.0,10.24,140.0,2400.0,3.0,556.0,5.0,556.0,400.0,164.0,4.55,3.5,632.0,320.0,312.0,43.0,232.0,1702.0,10.0,0.91,0.5,20.0,0.38,44.0,4.0,2.36,2024.0
05/24,4506.0,Abbigere Lake,"E (Irrigation, industrial cooling and controlled waste)",2.1,6.5,1191.0,27.0,4.6,430.0,2800.0,3.0,276.0,5.0,276.0,200.0,176.0,14.1,12.0,324.0,168.0,156.0,48.0,110.0,782.0,20.0,0.2,0.5,24.0,0.2,40.0,2.6,0.51,2024.0
05/24,4507.0,Chelekere Lake,"E (Irrigation, industrial cooling and controlled waste)",1.0,8.2,490.0,30.0,2.0,1700.0,7900.0,3.0,84.0,5.0,84.0,44.0,168.0,3.25,2.5,112.0,60.0,52.0,9.0,34.0,328.0,44.0,0.2,0.5,2.0,0.2,39.0,1.4,0.05,2024.0
05/24,4508.0,Singapura Lake,"E (Irrigation, industrial cooling and controlled waste)",1.0,7.4,1024.0,39.0,3.5,1700.0,13000.0,3.0,268.0,5.0,268.0,148.0,216.0,6.7,4.4,216.0,116.0,100.0,15.0,97.0,688.0,52.0,0.97,0.5,29.0,0.28,46.0,3.0,2.5,2024.0
05/24,4509.0,Narasipura Lake,"E (Irrigation, industrial cooling and controlled waste)",0.9,7.3,1022.0,28.0,3.5,2100.0,9400.0,3.0,252.0,5.0,252.0,136.0,170.0,6.1,4.3,204.0,108.0,96.0,16.0,98.0,682.0,42.0,0.74,0.5,30.0,0.29,47.0,3.0,1.9,2024.0
05/24,4510.0,Rachenahalli Lake,"E (Irrigation, industrial cooling and controlled waste)",0.4,7.4,1392.0,29.0,4.8,2400.0,14000.0,3.0,324.0,5.0,324.0,228.0,180.0,9.0,6.8,288.0,152.0,136.0,22.0,169.0,920.0,22.0,1.6,0.5,37.0,0.23,52.0,4.0,4.4,2024.0
05/24,4511.0,Kogilu Kere,"E (Irrigation, industrial cooling and controlled waste)",1.6,7.4,1025.0,15.0,3.5,3100.0,9400.0,3.0,248.0,5.0,248.0,144.0,120.0,6.8,4.9,236.0,124.0,112.0,14.0,100.0,680.0,52.0,1.06,0.5,30.0,0.32,44.0,3.0,2.9,2024.0
05/24,4512.0,Viswaneedam Lake,"E (Irrigation, industrial cooling and controlled waste)",2.9,6.6,729.0,20.0,2.1,240.0,3500.0,3.0,156.0,5.0,156.0,24.0,148.0,7.0,5.4,184.0,96.0,88.0,12.0,121.0,488.0,10.0,0.92,0.5,11.0,0.2,44.0,4.0,2.38,2024.0
05/24,4513.0,Ramammana Kere,"D (Propagation of wild life,fisheries)",4.2,7.7,1477.0,5.0,5.9,310.0,3500.0,3.0,300.0,5.0,300.0,204.0,44.0,1.5,0.48,416.0,212.0,204.0,16.0,116.0,988.0,10.0,0.88,0.5,12.0,0.22,37.0,2.0,2.27,2024.0
05/24,4514.0,Sadaramangala Lake,"E (Irrigation, industrial cooling and controlled waste)",2.6,6.7,682.0,14.0,2.2,21000.0,70000.0,3.0,160.0,5.0,160.0,128.0,136.0,1.5,1.0,220.0,120.0,100.0,26.0,78.0,443.0,20.0,0.26,0.5,8.0,0.2,42.0,2.3,0.66,2024.0
05/24,4515.0,Bhattarahalli Lake,"D (Propagation of wild life,fisheries)",5.3,8.3,1152.0,4.0,4.4,230.0,1700.0,32.0,248.0,16.0,264.0,192.0,46.0,1.5,0.4,312.0,160.0,152.0,47.0,106.0,760.0,10.0,0.25,0.5,23.0,0.2,40.0,2.6,0.71,2024.0
05/24,4516.0,Kundalahalli Lake,"E (Irrigation, industrial cooling and controlled waste)",3.2,8.7,1968.0,41.0,6.8,200.0,2800.0,16.0,220.0,8.0,236.0,420.0,248.0,2.6,1.9,384.0,200.0,184.0,19.0,244.0,1300.0,12.0,0.57,0.5,25.0,0.2,50.0,5.0,1.53,2024.0
05/24,4518.0,Garudacharpalya Tank,"E (Irrigation, industrial cooling and controlled waste)",1.4,6.9,821.0,17.0,2.86,17000.0,140000.0,3.0,204.0,5.0,204.0,96.0,124.0,4.2,3.1,200.0,108.0,92.0,13.0,84.0,552.0,48.0,0.78,0.5,19.0,0.2,45.0,3.0,0.05,2024.0
05/24,4519.0,Rampura Lake,"E (Irrigation, industrial cooling and controlled waste)",0.5,7.2,1720.0,60.0,5.9,140000.0,480000.0,3.0,432.0,5.0,432.0,216.0,304.0,43.0,30.0,304.0,160.0,144.0,26.0,160.0,1134.0,66.0,3.2,0.5,37.0,0.25,50.0,4.0,9.4,2024.0
05/24,4520.0,Chinnappanahalli Lake,"D (Propagation of wild life,fisheries)",4.5,6.9,776.0,8.0,2.7,1700.0,13000.0,3.0,116.0,5.0,116.0,112.0,84.0,1.5,0.42,136.0,76.0,60.0,21.0,97.0,524.0,26.0,0.2,0.5,18.0,0.29,57.0,4.0,0.05,2024.0
05/24,4521.0,Devarabeesanahalli Lake,"E (Irrigation, industrial cooling and controlled waste)",3.4,7.5,1664.0,18.0,6.7,1100.0,7900.0,3.0,384.0,5.0,384.0,280.0,124.0,2.34,1.8,328.0,168.0,160.0,36.0,153.0,1114.0,32.0,1.07,0.5,14.0,0.21,49.0,4.0,2.8,2024.0
05/24,4523.0,Nallurahalli Lake,"D (Propagation of wild life,fisheries)",5.0,7.3,654.0,10.0,2.2,170.0,2400.0,3.0,184.0,5.0,184.0,76.0,104.0,1.5,0.99,176.0,96.0,80.0,10.0,64.0,442.0,22.0,0.41,0.5,8.0,0.26,43.0,2.1,1.1,2024.0
05/24,4524.0,Pattandur Agrahara Lake,"E (Irrigation, industrial cooling and controlled waste)",4.6,7.4,2328.0,8.0,8.1,240.0,3500.0,3.0,312.0,5.0,312.0,472.0,92.0,1.5,0.68,476.0,244.0,232.0,52.0,297.0,1538.0,18.0,0.32,0.5,59.0,0.2,54.0,6.0,0.89,2024.0
05/24,4525.0,Seetharampalya Lake,"E (Irrigation, industrial cooling and controlled waste)",1.5,7.4,1549.0,20.0,5.4,1700.0,28000.0,3.0,220.0,5.0,220.0,288.0,160.0,1.5,0.4,312.0,164.0,148.0,24.0,154.0,1020.0,28.0,1.7,0.5,31.0,0.2,43.0,4.0,4.6,2024.0
05/24,4526.0,Devasandra Lake,"E (Irrigation, industrial cooling and controlled waste)",0.6,6.6,1778.0,58.0,6.8,1700.0,7000.0,3.0,412.0,5.0,412.0,300.0,302.0,7.2,6.6,484.0,248.0,236.0,72.0,162.0,1202.0,40.0,1.53,0.5,36.0,0.33,42.0,3.2,4.46,2024.0
05/24,4527.0,Sheelavanta-Whitefield Lake,"E (Irrigation, industrial cooling and controlled waste)",1.0,7.0,1428.0,90.0,4.97,2200.0,9400.0,3.0,228.0,5.0,228.0,248.0,352.0,7.1,5.2,280.0,148.0,132.0,44.0,159.0,940.0,40.0,0.91,0.5,25.0,0.2,53.0,4.0,2.5,2024.0
05/24,4528.0,Doddakannehalli Lake,"E (Irrigation, industrial cooling and controlled waste)",3.6,7.5,1821.0,20.0,7.34,14000.0,46000.0,3.0,436.0,5.0,436.0,280.0,136.0,3.64,2.8,352.0,180.0,172.0,40.0,164.0,1220.0,10.0,0.99,0.5,16.0,0.23,49.0,4.0,2.58,2024.0
05/24,4531.0,Rayasandra Lake,"E (Irrigation, industrial cooling and controlled waste)",0.9,7.1,1917.0,41.0,6.7,6800.0,33000.0,3.0,380.0,5.0,380.0,308.0,208.0,28.0,20.0,376.0,196.0,180.0,28.0,179.0,1264.0,10.0,1.2,0.5,3.0,0.2,48.0,4.0,3.3,2024.0
05/24,4532.0,Chandapura Lake,"E (Irrigation, industrial cooling and controlled waste)",0.5,6.8,1614.0,39.0,2.84,17000.0,48000.0,3.0,316.0,5.0,316.0,220.0,200.0,8.9,6.6,180.0,96.0,84.0,12.0,129.0,1064.0,14.0,1.8,0.5,25.0,0.27,41.0,3.0,5.3,2024.0
05/24,4533.0,Ullalu Lake,"E (Irrigation, industrial cooling and controlled waste)",0.3,6.5,307.0,23.0,1.0,14000.0,48000.0,3.0,88.0,5.0,88.0,16.0,190.0,11.6,8.9,80.0,48.0,32.0,5.0,31.0,212.0,90.0,1.9,0.5,4.0,0.2,44.0,1.5,5.2,2024.0
05/24,4534.0,Sompura Lake,"E (Irrigation, industrial cooling and controlled waste)",0.3,9.7,2046.0,29.0,10.0,2100.0,9400.0,400.0,504.0,200.0,704.0,316.0,192.0,8.8,6.7,176.0,92.0,84.0,100.0,291.0,1394.0,46.0,1.1,0.5,30.0,1.14,75.0,9.6,3.3,2024.0
05/24,4536.0,Hosakerehalli Lake,"E (Irrigation, industrial cooling and controlled waste)",1.7,7.8,1342.0,10.0,3.9,1100.0,4600.0,3.0,240.0,5.0,240.0,436.0,97.0,2.9,2.2,188.0,100.0,88.0,29.0,116.0,918.0,18.0,0.2,0.5,28.0,0.5,53.0,3.7,0.05,2024.0
05/24,4537.0,Chinnakurchi Kere,"E (Irrigation, industrial cooling and controlled waste)",0.3,8.7,4170.0,96.0,14.8,45000.0,230000.0,200.0,1016.0,100.0,1216.0,416.0,315.0,16.8,12.9,268.0,140.0,128.0,35.0,400.0,2800.0,44.0,0.64,0.5,10.0,2.2,76.0,10.7,1.8,2024.0
05/24,4538.0,Machohalli Lake,"E (Irrigation, industrial cooling and controlled waste)",1.7,7.0,1925.0,18.0,6.8,410.0,5400.0,3.0,196.0,5.0,196.0,436.0,124.0,7.8,6.0,444.0,228.0,216.0,14.0,198.0,1312.0,36.0,0.2,0.5,32.0,0.3,47.0,3.8,0.05,2024.0
05/24,4539.0,Doddabidarakallu Lake,"E (Irrigation, industrial cooling and controlled waste)",0.3,6.7,2042.0,80.0,7.8,17000.0,48000.0,3.0,476.0,5.0,476.0,348.0,325.0,36.0,30.0,560.0,284.0,276.0,83.0,173.0,1376.0,22.0,0.89,0.5,41.0,0.52,38.0,3.2,2.45,2024.0
05/24,4540.0,Kammagondanahalli Lake,"E (Irrigation, industrial cooling and controlled waste)",3.1,6.6,744.0,24.0,2.9,2100.0,14000.0,3.0,172.0,5.0,172.0,124.0,171.0,7.8,6.2,200.0,104.0,96.0,30.0,68.0,492.0,16.0,0.28,0.5,15.0,0.25,40.0,2.09,0.76,2024.0
05/24,4541.0,Alur Lake,"D (Propagation of wild life,fisheries)",4.6,6.6,216.0,4.0,0.8,3200.0,9400.0,3.0,44.0,5.0,44.0,36.0,44.0,1.5,0.8,56.0,32.0,24.0,9.0,20.0,144.0,112.0,0.2,0.5,4.0,0.39,41.0,1.4,0.05,2024.0
05/24,4544.0,Kothanuru Lake,"E (Irrigation, industrial cooling and controlled waste)",2.0,7.8,988.0,28.0,7.1,2200.0,11000.0,3.0,164.0,5.0,164.0,360.0,190.0,12.1,9.8,188.0,100.0,88.0,59.0,212.0,878.0,50.0,0.3,0.5,34.0,0.35,67.0,0.21,0.6,2024.0
05/24,4546.0,Jakksandra Lake (Kasavanahalli Lake ),"D (Propagation of wild life,fisheries)",4.2,7.3,1212.0,13.0,4.1,140.0,1700.0,3.0,108.0,5.0,108.0,236.0,128.0,1.5,0.9,172.0,92.0,80.0,19.0,118.0,822.0,42.0,0.86,0.5,6.0,0.47,58.0,3.9,2.3,2024.0
05/24,4547.0,Mangamanapalya Lake(Swarana Kunte),"D (Propagation of wild life,fisheries)",4.6,7.7,530.0,6.0,1.8,330.0,2800.0,3.0,132.0,5.0,132.0,48.0,76.0,1.5,0.4,120.0,68.0,52.0,18.0,56.0,356.0,14.0,0.21,0.5,17.0,0.26,46.0,2.0,0.53,2024.0
05/24,5558.0,"Kannahalli Lake Kannahalli, Bengaluru","E (Irrigation, industrial cooling and controlled waste)",2.7,6.5,1331.0,16.0,5.4,130.0,2400.0,3.0,260.0,5.0,260.0,180.0,140.0,5.7,4.4,336.0,172.0,164.0,11.0,103.0,890.0,12.0,0.88,0.5,9.0,0.2,39.0,2.0,2.25,2024.0
05/24,5559.0,"Shettihalli Lake, Mallasandra Gudde Lake Bengaluru","E (Irrigation, industrial cooling and controlled waste)",3.3,6.5,1133.0,21.0,4.3,260.0,3500.0,3.0,264.0,5.0,264.0,188.0,165.0,2.5,2.0,308.0,160.0,148.0,46.0,104.0,756.0,24.0,1.26,0.5,23.0,0.41,40.0,2.6,3.6,2024.0
05/24,5560.0,"Hoodi (Rajapalya Lake) Itpl Main Road, Near Hoodi,Bengaluru","E (Irrigation, industrial cooling and controlled waste)",2.2,7.3,2393.0,52.0,8.3,2600.0,11000.0,3.0,320.0,5.0,320.0,488.0,252.0,1.8,1.3,488.0,252.0,236.0,12.0,282.0,1578.0,52.0,1.4,0.5,58.0,0.2,46.0,6.0,3.3,2024.0
05/24,5561.0,"Munekolalu Lake ,Marathahalli, East Taluka ,Bengaluru","E (Irrigation, industrial cooling and controlled waste)",1.3,6.6,655.0,9.0,2.6,1100.0,7900.0,3.0,152.0,5.0,152.0,112.0,104.0,1.5,0.8,192.0,128.0,64.0,29.0,74.0,426.0,18.0,0.57,0.5,7.0,0.21,45.0,2.3,1.4,2024.0
05/24,5562.0,"Mahadevpuraâ  Lake, K. R. Puram , Bangalore East Taluka","E (Irrigation, industrial cooling and controlled waste)",3.4,8.7,768.0,29.0,2.67,210.0,2200.0,24.0,84.0,12.0,108.0,132.0,180.0,2.78,2.1,128.0,72.0,56.0,13.0,99.0,518.0,86.0,0.2,0.5,24.0,0.23,57.0,4.0,0.05,2024.0
05/24,5563.0,"Segehalli Lake Baavanapura Road Battarahalli , Bangalore East","E (Irrigation, industrial cooling and controlled waste)",1.6,6.9,1228.0,32.0,4.7,170.0,3500.0,3.0,284.0,5.0,284.0,204.0,200.0,11.8,10.0,332.0,168.0,164.0,50.0,110.0,810.0,26.0,1.5,0.5,25.0,0.2,40.0,2.6,4.4,2024.0
05/24,5564.0,"Kannamangala Lake Hoskote Main Road , Bengalore","E (Irrigation, industrial cooling and controlled waste)",3.2,7.6,2321.0,16.0,8.9,2035.0,12750.0,3.0,540.0,5.0,540.0,392.0,154.0,4.4,3.7,636.0,324.0,312.0,94.0,186.0,1578.0,14.0,0.56,0.5,46.0,0.39,37.0,3.2,1.6,2024.0
05/24,5565.0,Kannur Lake Near By Hennur Road Bengalore,"D (Propagation of wild life,fisheries)",4.2,7.2,1109.0,12.0,3.7,3900.0,22000.0,3.0,312.0,5.0,312.0,228.0,122.0,1.5,0.98,300.0,156.0,144.0,17.0,108.0,772.0,42.0,0.2,0.5,14.0,0.31,42.0,2.7,0.05,2024.0
05/24,5566.0,"Basavanapura Lake Ayyappa Nagr Main Road ,
K. R. Puram , Bengaluru","E (Irrigation, industrial cooling and controlled waste)",3.0,6.5,614.0,20.0,2.3,32.0,350.0,3.0,140.0,5.0,140.0,100.0,164.0,5.6,4.8,164.0,92.0,72.0,25.0,58.0,406.0,12.0,0.59,0.5,12.0,0.32,41.0,2.0,1.69,2024.0
05/24,5568.0,"Ulsoor Lake Near Kalyani,Bengaluru","D (Propagation of wild life,fisheries)",5.4,7.4,483.0,7.2,2.0,1400.0,7900.0,3.0,96.0,5.0,96.0,64.0,62.0,1.5,0.78,88.0,48.0,40.0,7.0,65.0,330.0,50.0,0.3,0.5,15.0,0.2,57.0,0.32,0.7,2024.0
05/24,5569.0,"Byrasandra Upper Lake,Bengaluru","D (Propagation of wild life,fisheries)",5.2,7.4,491.0,7.9,2.0,2400.0,4800.0,3.0,96.0,5.0,96.0,64.0,70.0,1.5,0.72,96.0,52.0,44.0,6.0,67.0,334.0,62.0,0.2,0.5,18.0,0.2,55.0,0.31,0.05,2024.0
05/24,5570.0,"Soulkere, Kaikondrahalli Vill,Bengaluru","D (Propagation of wild life,fisheries)",4.2,8.1,1305.0,12.0,4.4,240.0,1700.0,3.0,132.0,5.0,132.0,264.0,120.0,1.5,0.99,168.0,92.0,76.0,20.0,127.0,886.0,98.0,0.9,0.5,16.0,0.5,59.0,4.3,2.3,2024.0
05/24,5571.0,"Kudlu Doddakere, Kudlu Vill,Bengaluru","D (Propagation of wild life,fisheries)",4.1,8.5,1297.0,13.0,4.4,1100.0,4600.0,8.0,80.0,5.0,88.0,248.0,130.0,1.5,0.99,152.0,84.0,68.0,20.0,126.0,880.0,134.0,0.83,0.5,16.0,0.51,61.0,4.4,2.3,2024.0
05/24,5572.0,"Kudlu Chikkakere, Bgp Layout Kudlu Vill ,Bengaluru","D (Propagation of wild life,fisheries)",4.1,8.5,1304.0,13.0,4.4,140.0,2200.0,8.0,76.0,5.0,84.0,244.0,133.0,1.5,0.99,160.0,88.0,72.0,20.0,126.0,884.0,126.0,0.85,0.5,16.0,0.51,60.0,4.3,2.3,2024.0
05/24,5574.0,"Anjanapura Lake ( Avala Halli Lake) Anjanapura,Bengaluru","D (Propagation of wild life,fisheries)",4.4,7.4,508.0,9.0,2.0,17.0,350.0,3.0,104.0,5.0,104.0,76.0,80.0,1.5,0.69,96.0,52.0,44.0,8.0,66.0,348.0,10.0,0.2,0.5,16.0,0.2,55.0,0.3,0.4,2024.0
06/24,1388.0,Ulsoor Lake Training Centre Of Fish Breeding,"D (Propagation of wild life,fisheries)",5.3,7.5,452.0,6.0,1.82,2300.0,9400.0,3.0,88.0,5.0,88.0,60.0,52.0,1.5,0.4,112.0,60.0,52.0,23.26,32.0,302.0,148.0,0.2,0.5,3.0,0.2,37.0,1.32,0.05,2024.0
06/24,2778.0,River Arkavathi At Tippagondanahalli Reservoir,"D (Propagation of wild life,fisheries)",5.6,7.7,1071.0,4.0,4.1,13.0,210.0,3.0,212.0,5.0,212.0,236.0,40.0,1.5,0.4,300.0,152.0,148.0,44.0,100.0,716.0,10.0,0.25,0.5,21.0,0.48,40.0,2.6,0.73,2024.0
06/24,3589.0,Madiwala Tank,"E (Irrigation, industrial cooling and controlled waste)",3.6,7.9,912.0,16.0,3.2,2000.0,12000.0,3.0,204.0,5.0,204.0,140.0,108.0,1.8,1.4,160.0,84.0,76.0,21.0,99.0,622.0,52.0,0.8,0.5,24.0,0.31,53.0,3.4,1.5,2024.0
06/24,3590.0,Lalbagh Tank,"D (Propagation of wild life,fisheries)",5.8,8.8,631.0,7.0,2.5,1700.0,7900.0,24.0,80.0,12.0,92.0,92.0,60.0,1.5,0.4,96.0,52.0,44.0,21.9,50.0,422.0,32.0,0.2,0.5,4.0,0.2,51.0,2.0,0.05,2024.0
06/24,3591.0,Kempambudhi Tank,"E (Irrigation, industrial cooling and controlled waste)",3.6,7.6,399.0,12.0,1.61,2200.0,13000.0,3.0,116.0,5.0,116.0,32.0,120.0,1.56,1.2,128.0,68.0,60.0,18.0,30.0,270.0,136.0,0.88,0.5,3.0,0.2,33.0,1.2,2.27,2024.0
06/24,3592.0,Yediyur Tank,"D (Propagation of wild life,fisheries)",4.9,8.3,337.0,8.0,1.35,1700.0,4800.0,3.0,64.0,5.0,64.0,40.0,88.0,1.5,0.58,68.0,40.0,28.0,16.9,24.0,226.0,42.0,0.2,0.5,2.0,0.2,42.0,1.26,0.05,2024.0
06/24,3593.0,Ulsoor Lake Temple,"D (Propagation of wild life,fisheries)",5.5,8.9,464.0,7.0,1.87,1100.0,13000.0,32.0,68.0,10.0,84.0,44.0,60.0,1.5,0.4,116.0,64.0,52.0,15.21,36.0,310.0,130.0,0.2,0.5,2.0,0.2,39.0,1.45,0.05,2024.0
06/24,3594.0,Sankey Tank,"D (Propagation of wild life,fisheries)",5.7,7.3,627.0,5.0,2.52,17.0,1600.0,3.0,136.0,5.0,136.0,72.0,48.0,1.5,0.4,188.0,100.0,88.0,16.75,50.0,420.0,16.0,0.2,0.5,3.0,0.22,38.0,2.0,0.05,2024.0
06/24,3595.0,Byrasandra Tank,"E (Irrigation, industrial cooling and controlled waste)",2.9,6.9,687.0,18.0,2.4,210.0,3500.0,3.0,168.0,5.0,168.0,56.0,120.0,2.4,1.8,188.0,96.0,92.0,30.0,56.0,468.0,22.0,0.3,0.5,20.0,0.2,36.0,1.8,0.7,2024.0
06/24,3596.0,Nayandanahalli Tank,"D (Propagation of wild life,fisheries)",4.4,8.9,842.0,8.0,2.9,260.0,3500.0,8.0,156.0,5.0,164.0,120.0,72.0,1.5,0.4,184.0,100.0,84.0,20.0,95.0,558.0,10.0,0.56,0.5,23.0,0.38,43.0,3.0,1.3,2024.0
06/24,3597.0,Hesaraghatta Lake,"D (Propagation of wild life,fisheries)",6.0,7.6,453.0,4.0,1.57,330.0,16000.0,3.0,120.0,5.0,120.0,40.0,44.0,1.5,0.4,148.0,80.0,68.0,5.0,30.0,304.0,10.0,0.31,0.5,14.0,0.2,28.0,1.0,0.87,2024.0
06/24,3598.0,Herohalli Tank,"D (Propagation of wild life,fisheries)",5.8,7.7,445.0,4.0,1.55,17000.0,70000.0,3.0,96.0,5.0,96.0,52.0,48.0,1.5,0.4,200.0,108.0,92.0,22.0,39.0,300.0,28.0,0.53,0.5,11.0,0.2,28.0,1.0,1.3,2024.0
06/24,3599.0,Anchepalya Lake,"D (Propagation of wild life,fisheries)",6.0,7.3,2107.0,8.0,8.5,240.0,3500.0,3.0,256.0,5.0,256.0,528.0,92.0,1.5,0.81,552.0,280.0,272.0,31.0,191.0,1412.0,10.0,0.2,0.5,28.0,0.52,41.0,4.0,0.26,2024.0
06/24,3600.0,Shivapura Tank,"E (Irrigation, industrial cooling and controlled waste)",3.4,6.5,702.0,16.0,2.44,11000.0,46000.0,3.0,44.0,5.0,44.0,64.0,112.0,2.4,1.7,284.0,112.0,172.0,124.0,57.0,474.0,10.0,0.27,0.5,9.0,0.21,51.0,1.0,0.72,2024.0
06/24,3601.0,Karihobanahalli Lake,"D (Propagation of wild life,fisheries)",2.2,6.5,640.0,17.0,2.2,2100.0,4800.0,3.0,84.0,5.0,84.0,64.0,128.0,4.2,3.1,200.0,108.0,92.0,54.0,52.0,424.0,22.0,1.1,0.5,12.0,3.0,34.0,0.91,3.0,2024.0
06/24,3602.0,Bellandur Lake,"E (Irrigation, industrial cooling and controlled waste)",6.2,7.6,2960.0,5.0,10.31,15.0,540.0,3.0,230.0,5.0,230.0,250.0,64.0,1.5,0.4,1490.0,760.0,730.0,49.0,137.0,1928.0,10.0,0.8,0.5,152.0,0.2,15.0,2.0,2.1,2024.0
06/24,3605.0,Yelemallappa Shetty Lake,"E (Irrigation, industrial cooling and controlled waste)",1.3,6.5,961.0,21.0,3.3,26.0,920.0,3.0,316.0,5.0,316.0,136.0,168.0,16.6,12.8,292.0,152.0,140.0,15.0,94.0,650.0,24.0,1.2,0.5,12.0,0.2,40.0,2.4,3.3,2024.0
06/24,3606.0,Dasarahalli Tank,"D (Propagation of wild life,fisheries)",4.8,6.5,347.0,4.0,0.9,2600.0,9400.0,3.0,76.0,5.0,76.0,16.0,40.0,1.5,0.4,96.0,52.0,44.0,14.0,16.0,232.0,40.0,0.57,0.5,5.0,0.2,25.0,0.71,1.45,2024.0
06/24,3609.0,Ibbalur Lake,"E (Irrigation, industrial cooling and controlled waste)",2.0,7.4,932.0,38.0,3.24,210.0,3500.0,3.0,144.0,5.0,144.0,144.0,192.0,3.0,2.2,128.0,72.0,56.0,17.0,100.0,612.0,10.0,1.2,0.5,16.0,0.43,59.0,3.8,3.2,2024.0
06/24,3610.0,Tubarahalli Tank,"E (Irrigation, industrial cooling and controlled waste)",2.1,7.6,1170.0,19.0,4.0,680000.0,3100000.0,3.0,312.0,5.0,312.0,208.0,171.0,7.8,6.0,296.0,156.0,140.0,18.0,114.0,792.0,66.0,1.73,0.5,15.0,0.2,44.0,2.9,4.8,2024.0
06/24,3611.0,Kaikondanahalli Lake,"E (Irrigation, industrial cooling and controlled waste)",1.9,7.5,1783.0,44.0,6.21,140.0,2400.0,3.0,380.0,5.0,380.0,256.0,216.0,28.0,21.0,352.0,184.0,168.0,32.0,167.0,1174.0,10.0,0.24,0.5,32.0,0.44,42.0,4.0,0.65,2024.0
06/24,3612.0,Agaram Lake,"D (Propagation of wild life,fisheries)",4.8,8.1,1170.0,5.0,4.0,140.0,2400.0,3.0,240.0,5.0,240.0,144.0,52.0,1.5,0.4,228.0,120.0,108.0,36.0,145.0,770.0,14.0,0.6,0.5,39.0,0.6,53.0,4.0,2.3,2024.0
06/24,3613.0,Gottigere Lake,"E (Irrigation, industrial cooling and controlled waste)",3.6,7.1,1210.0,17.0,4.3,1200.0,7900.0,3.0,128.0,5.0,128.0,224.0,114.0,1.7,1.3,140.0,72.0,68.0,45.0,135.0,824.0,42.0,0.2,0.5,25.0,0.37,63.0,4.9,0.3,2024.0
06/24,3614.0,Puttenahalli Lake,"E (Irrigation, industrial cooling and controlled waste)",3.7,6.7,580.0,16.0,2.0,3100.0,11000.0,3.0,112.0,5.0,112.0,84.0,109.0,1.5,4.1,104.0,56.0,48.0,22.0,64.0,396.0,36.0,0.3,0.5,15.0,0.2,53.0,2.8,0.7,2024.0
06/24,3615.0,Arakere Lake,"E (Irrigation, industrial cooling and controlled waste)",3.8,7.7,634.0,16.0,2.3,1700.0,13000.0,3.0,116.0,5.0,116.0,76.0,108.0,1.5,4.1,152.0,80.0,72.0,22.0,73.0,432.0,36.0,0.3,0.5,14.0,0.23,48.0,2.6,0.7,2024.0
06/24,3616.0,Kalena Agrahara Lake,"D (Propagation of wild life,fisheries)",5.4,7.8,722.0,7.0,2.6,170.0,3500.0,3.0,140.0,5.0,140.0,112.0,65.0,1.5,0.82,100.0,56.0,44.0,17.0,81.0,492.0,26.0,0.2,0.5,20.0,0.27,58.0,3.5,0.05,2024.0
06/24,3618.0,Singasandra Lake,"D (Propagation of wild life,fisheries)",5.4,8.0,533.0,6.0,1.85,240.0,3500.0,3.0,68.0,5.0,68.0,52.0,56.0,1.5,0.4,132.0,72.0,60.0,68.0,47.0,362.0,28.0,0.37,0.5,13.0,0.2,44.0,2.0,0.92,2024.0
06/24,3619.0,Begur Tank,"E (Irrigation, industrial cooling and controlled waste)",2.6,7.5,1616.0,39.0,5.6,2600.0,17000.0,3.0,84.0,5.0,84.0,304.0,208.0,6.1,4.6,172.0,92.0,80.0,75.0,199.0,1068.0,52.0,0.28,0.5,35.0,0.44,68.0,7.0,0.78,2024.0
06/24,3620.0,Parappana Agrahara Lake,"D (Propagation of wild life,fisheries)",4.1,8.5,712.0,14.0,2.4,1400.0,4800.0,32.0,128.0,16.0,160.0,152.0,143.0,1.5,0.99,148.0,80.0,68.0,11.0,70.0,310.0,482.0,0.52,0.5,9.0,0.2,48.0,2.5,1.4,2024.0
06/24,3621.0,Haralur Lake,"D (Propagation of wild life,fisheries)",4.8,9.0,840.0,8.0,2.92,220.0,3500.0,32.0,104.0,16.0,136.0,136.0,96.0,1.5,0.79,136.0,76.0,60.0,55.0,97.0,562.0,146.0,0.26,0.5,24.0,0.39,56.0,4.0,0.73,2024.0
06/24,3622.0,Somasundrapalya Lake,"D (Propagation of wild life,fisheries)",4.4,8.0,890.0,12.0,3.1,110.0,2400.0,3.0,248.0,5.0,248.0,136.0,124.0,1.5,0.99,240.0,128.0,112.0,14.0,87.0,602.0,40.0,0.2,0.5,11.0,0.33,43.0,2.4,0.05,2024.0
06/24,3623.0,Anekal Doddakere Tank,"D (Propagation of wild life,fisheries)",5.8,7.2,1661.0,14.0,5.6,140.0,2400.0,3.0,468.0,5.0,468.0,260.0,141.0,1.5,0.99,452.0,232.0,220.0,26.0,161.0,1126.0,18.0,0.2,0.5,21.0,0.48,42.0,3.3,0.05,2024.0
06/24,3624.0,Puttenahalli Lake,"D (Propagation of wild life,fisheries)",7.1,7.1,689.0,7.3,2.4,260.0,9200.0,3.0,180.0,5.0,180.0,108.0,66.0,1.5,0.84,184.0,96.0,88.0,19.0,76.0,470.0,12.0,0.9,0.5,21.0,0.2,64.0,2.4,1.7,2024.0
06/24,3625.0,Hebbal Lake,"D (Propagation of wild life,fisheries)",6.9,7.1,669.0,6.3,2.4,170.0,2400.0,3.0,176.0,5.0,176.0,112.0,57.0,1.5,0.82,176.0,92.0,84.0,19.0,75.0,456.0,10.0,1.0,0.5,22.0,0.2,48.0,2.8,1.8,2024.0
06/24,3626.0,Nagavara Lake,"D (Propagation of wild life,fisheries)",7.8,7.0,666.0,6.0,2.3,630.0,5400.0,3.0,184.0,5.0,184.0,96.0,52.0,1.5,0.67,172.0,92.0,80.0,20.0,71.0,452.0,34.0,0.63,0.5,17.0,0.34,44.0,2.0,1.8,2024.0
06/24,3627.0,Jakkur Lake,"D (Propagation of wild life,fisheries)",7.6,8.2,917.0,24.0,3.5,2100.0,28000.0,3.0,236.0,5.0,236.0,168.0,163.0,1.7,1.3,236.0,124.0,112.0,17.0,100.0,624.0,72.0,2.4,0.5,29.0,0.26,44.0,2.8,5.0,2024.0
06/24,3628.0,Amruthahalli Lake,"D (Propagation of wild life,fisheries)",7.7,7.0,658.0,4.0,2.3,580.0,9200.0,3.0,184.0,5.0,184.0,96.0,48.0,1.5,0.62,184.0,100.0,84.0,22.0,68.0,446.0,32.0,0.63,0.5,17.0,0.37,42.0,2.0,1.8,2024.0
06/24,3629.0,Allalasandra Lake,"D (Propagation of wild life,fisheries)",7.9,7.9,921.0,25.0,3.3,2500.0,21000.0,3.0,236.0,5.0,236.0,176.0,167.0,1.6,1.2,252.0,128.0,124.0,16.0,96.0,628.0,66.0,2.0,0.5,29.0,0.23,42.0,2.6,5.0,2024.0
06/24,3630.0,Yelahanka Tank,"D (Propagation of wild life,fisheries)",8.0,8.2,911.0,22.0,3.2,3100.0,17000.0,3.0,244.0,5.0,244.0,188.0,144.0,1.5,1.1,236.0,124.0,112.0,20.0,95.0,620.0,60.0,1.2,0.5,29.0,0.22,43.0,2.7,2.4,2024.0
06/24,3633.0,Subramanyapura Tank,"D (Propagation of wild life,fisheries)",6.0,8.8,550.0,7.0,1.2,2000.0,9400.0,64.0,104.0,52.0,168.0,140.0,63.0,1.5,0.8,108.0,60.0,48.0,21.0,44.0,378.0,260.0,0.5,0.5,12.0,0.42,43.0,1.8,1.2,2024.0
06/24,3634.0,Devarakere Tank,"D (Propagation of wild life,fisheries)",5.2,7.6,856.0,8.0,3.4,1300.0,13000.0,3.0,376.0,5.0,376.0,44.0,76.0,1.5,0.88,148.0,80.0,68.0,8.0,102.0,582.0,272.0,0.6,0.5,28.0,0.22,54.0,3.7,1.0,2024.0
06/24,3635.0,Malathahalli Lake,"D (Propagation of wild life,fisheries)",4.2,6.9,530.0,10.0,2.4,2600.0,14000.0,3.0,80.0,5.0,80.0,48.0,93.0,1.5,0.92,212.0,108.0,104.0,63.0,76.0,362.0,364.0,0.2,0.5,20.0,0.2,41.0,2.9,0.05,2024.0
06/24,3636.0,Hoskere Lake,"E (Irrigation, industrial cooling and controlled waste)",1.3,6.5,475.0,18.0,1.4,250.0,9200.0,3.0,108.0,5.0,108.0,36.0,119.0,2.6,2.0,116.0,64.0,52.0,14.0,52.0,326.0,14.0,0.9,0.5,19.0,0.2,44.0,2.2,1.2,2024.0
06/24,3638.0,Yelachenahalli Lake,"D (Propagation of wild life,fisheries)",6.0,8.9,501.0,7.0,2.02,2600.0,9400.0,8.0,68.0,5.0,72.0,72.0,76.0,1.5,0.4,124.0,68.0,56.0,27.5,40.0,342.0,48.0,0.2,0.5,3.0,0.21,40.0,2.0,0.05,2024.0
06/24,3639.0,Kengeri Tank,"D (Propagation of wild life,fisheries)",5.0,6.8,876.0,8.0,0.9,240.0,3500.0,3.0,384.0,5.0,384.0,100.0,77.0,1.5,0.9,244.0,128.0,116.0,16.0,32.0,398.0,12.0,1.9,0.5,16.0,0.36,21.0,0.9,4.6,2024.0
06/24,3640.0,Uttarahalli Doraikere,"E (Irrigation, industrial cooling and controlled waste)",1.9,8.0,295.0,29.0,1.0,5800.0,17000.0,3.0,96.0,5.0,96.0,20.0,164.0,3.1,2.3,116.0,64.0,52.0,20.0,16.0,198.0,46.0,0.9,0.5,8.0,0.2,21.0,0.64,2.3,2024.0
06/24,3641.0,Dhorekere Tank,"D (Propagation of wild life,fisheries)",5.8,7.1,458.0,5.0,1.6,170.0,2400.0,3.0,96.0,5.0,96.0,32.0,64.0,1.5,0.49,160.0,88.0,72.0,26.0,31.0,308.0,22.0,0.93,0.5,10.0,0.2,28.0,1.0,2.4,2024.0
06/24,3642.0,Jigani Tank,"D (Propagation of wild life,fisheries)",6.3,7.1,1292.0,12.0,4.4,260.0,5400.0,3.0,364.0,5.0,364.0,200.0,120.0,1.5,0.99,348.0,180.0,168.0,20.0,125.0,874.0,12.0,0.2,0.5,16.0,0.34,42.0,2.9,0.05,2024.0
06/24,3643.0,Benniganahalli Lake,"E (Irrigation, industrial cooling and controlled waste)",3.5,6.8,560.0,17.0,1.9,20.0,1600.0,3.0,160.0,5.0,160.0,84.0,144.0,2.2,1.7,148.0,80.0,68.0,9.0,55.0,378.0,14.0,0.2,0.5,7.0,0.3,43.0,2.0,0.33,2024.0
06/24,3655.0,Mathikere Tank,"D (Propagation of wild life,fisheries)",5.2,7.3,537.0,6.0,2.12,2100.0,11000.0,3.0,112.0,5.0,112.0,40.0,56.0,1.5,0.4,176.0,92.0,84.0,29.12,41.0,360.0,254.0,0.2,0.5,3.0,0.23,35.0,1.34,0.05,2024.0
06/24,4094.0,Gangondanahalli Lake,"E (Irrigation, industrial cooling and controlled waste)",3.2,7.0,2095.0,30.0,8.4,120.0,2400.0,3.0,220.0,5.0,220.0,548.0,184.0,4.29,3.3,544.0,276.0,268.0,14.0,185.0,1402.0,10.0,0.2,0.5,29.0,0.56,41.0,3.0,0.05,2024.0
06/24,4095.0,Chikkabanavara Lake,"E (Irrigation, industrial cooling and controlled waste)",1.9,7.6,1594.0,17.0,5.5,17.0,240.0,3.0,356.0,5.0,356.0,192.0,128.0,22.6,17.0,420.0,216.0,204.0,51.0,146.0,1052.0,16.0,0.2,0.5,31.0,0.2,35.0,3.0,0.37,2024.0
06/24,4096.0,Andhrahalli Lake,"E (Irrigation, industrial cooling and controlled waste)",3.4,6.7,659.0,16.0,2.3,11000.0,79000.0,3.0,96.0,5.0,96.0,60.0,120.0,9.4,7.1,156.0,84.0,72.0,39.0,44.0,438.0,12.0,0.75,0.5,14.0,0.2,35.0,2.0,1.9,2024.0
06/24,4097.0,Kachohalli Lake,"E (Irrigation, industrial cooling and controlled waste)",0.3,6.8,1829.0,50.0,6.9,3900.0,17000.0,3.0,588.0,5.0,588.0,256.0,260.0,41.6,32.0,548.0,280.0,268.0,62.0,175.0,1224.0,12.0,2.15,0.5,33.0,0.39,39.0,3.24,5.71,2024.0
06/24,4107.0,"River Dakshina Pinakini Near Mugalur Bridge
Mugalur, Bengaluru","E (Irrigation, industrial cooling and controlled waste)",0.3,6.9,1406.0,25.0,4.76,780.0,7900.0,3.0,396.0,5.0,396.0,220.0,200.0,26.5,20.4,380.0,196.0,184.0,22.0,136.0,952.0,106.0,2.7,0.5,18.0,0.48,47.0,3.0,7.4,2024.0
06/24,4504.0,Sarakki Lake,"D (Propagation of wild life,fisheries)",5.2,8.1,953.0,9.0,3.84,1400.0,7000.0,3.0,168.0,5.0,168.0,120.0,84.0,1.5,0.76,196.0,104.0,92.0,32.4,80.0,638.0,20.0,0.71,0.5,8.0,0.28,45.0,2.0,1.74,2024.0
06/24,4505.0,Nelamangala Lake,"E (Irrigation, industrial cooling and controlled waste)",0.3,6.5,1235.0,79.0,10.08,380.0,2800.0,3.0,284.0,5.0,284.0,208.0,361.0,28.4,23.6,336.0,172.0,164.0,50.0,113.0,832.0,16.0,0.89,0.5,25.0,0.39,40.0,2.68,2.6,2024.0
06/24,4506.0,Abbigere Lake,"E (Irrigation, industrial cooling and controlled waste)",3.4,7.2,1094.0,14.0,3.81,140.0,2400.0,3.0,244.0,5.0,244.0,124.0,108.0,3.1,2.2,296.0,156.0,140.0,36.0,89.0,720.0,10.0,0.82,0.5,16.0,0.2,38.0,2.0,2.1,2024.0
06/24,4507.0,Chelekere Lake,"D (Propagation of wild life,fisheries)",7.9,7.1,656.0,4.0,2.2,480.0,3500.0,3.0,192.0,5.0,192.0,100.0,48.0,1.5,0.69,196.0,104.0,92.0,21.0,76.0,450.0,36.0,0.77,0.5,15.0,0.35,43.0,2.0,2.0,2024.0
06/24,4508.0,Singapura Lake,"D (Propagation of wild life,fisheries)",7.9,6.8,666.0,4.0,2.3,4300.0,14000.0,3.0,188.0,5.0,188.0,100.0,44.0,1.5,0.71,204.0,108.0,96.0,24.0,80.0,452.0,144.0,1.1,0.5,18.0,0.36,43.0,2.0,3.1,2024.0
06/24,4509.0,Narasipura Lake,"D (Propagation of wild life,fisheries)",8.0,7.0,660.0,4.0,2.3,240.0,9200.0,3.0,188.0,5.0,188.0,100.0,40.0,1.5,0.59,180.0,96.0,84.0,23.0,74.0,448.0,32.0,1.9,0.5,17.0,0.35,44.0,2.0,5.3,2024.0
06/24,4510.0,Rachenahalli Lake,"D (Propagation of wild life,fisheries)",8.0,7.6,897.0,4.0,3.1,3900.0,14000.0,3.0,224.0,5.0,224.0,164.0,44.0,1.5,0.4,228.0,120.0,108.0,32.8,85.0,602.0,176.0,1.5,0.5,24.0,0.28,42.0,2.0,4.2,2024.0
06/24,4511.0,Kogilu Kere,"D (Propagation of wild life,fisheries)",7.8,7.1,661.0,6.0,2.3,1700.0,12000.0,3.0,176.0,5.0,176.0,104.0,52.0,1.5,0.57,184.0,100.0,84.0,24.0,66.0,450.0,22.0,0.73,0.5,16.0,0.33,41.0,2.0,1.9,2024.0
06/24,4512.0,Viswaneedam Lake,"D (Propagation of wild life,fisheries)",4.1,7.1,330.0,14.0,1.1,260.0,9200.0,3.0,96.0,5.0,96.0,20.0,138.0,1.5,0.99,88.0,52.0,36.0,5.0,33.5,228.0,12.0,0.84,0.5,4.0,0.2,44.0,1.6,2.3,2024.0
06/24,4513.0,Ramammana Kere,"E (Irrigation, industrial cooling and controlled waste)",2.8,6.7,1011.0,18.0,4.0,2600.0,11000.0,3.0,264.0,5.0,264.0,164.0,124.0,2.99,2.3,376.0,192.0,184.0,8.0,110.0,704.0,30.0,1.4,0.5,19.0,0.37,37.0,2.47,3.71,2024.0
06/24,4514.0,Sadaramangala Lake,"D (Propagation of wild life,fisheries)",4.2,7.2,745.0,14.0,2.5,2100.0,14000.0,3.0,252.0,5.0,252.0,84.0,144.0,1.5,0.99,240.0,128.0,112.0,12.0,73.0,502.0,116.0,0.2,0.5,9.0,0.26,39.0,2.0,0.05,2024.0
06/24,4515.0,Bhattarahalli Lake,"E (Irrigation, industrial cooling and controlled waste)",2.7,7.0,802.0,16.0,2.8,310.0,3500.0,3.0,228.0,5.0,228.0,124.0,147.0,2.99,2.3,216.0,116.0,100.0,13.0,79.0,542.0,106.0,0.32,0.5,10.0,0.35,43.0,2.3,0.9,2024.0
06/24,4516.0,Kundalahalli Lake,"D (Propagation of wild life,fisheries)",4.1,8.0,1612.0,15.0,5.5,92000.0,460000.0,3.0,200.0,5.0,200.0,348.0,147.0,1.5,0.99,364.0,188.0,176.0,25.0,156.0,1092.0,52.0,0.71,0.5,20.0,0.2,46.0,3.6,1.94,2024.0
06/24,4517.0,Kowdhenahalli Tank,"E (Irrigation, industrial cooling and controlled waste)",1.4,7.0,785.0,23.0,3.0,170.0,3500.0,3.0,180.0,5.0,180.0,128.0,192.0,3.8,3.2,212.0,112.0,100.0,32.0,67.0,522.0,14.0,0.62,0.5,16.0,0.41,38.0,2.0,1.8,2024.0
06/24,4518.0,Garudacharpalya Tank,"D (Propagation of wild life,fisheries)",6.6,8.4,593.0,4.0,2.28,45000.0,230000.0,24.0,148.0,12.0,160.0,96.0,40.0,1.5,0.4,136.0,72.0,64.0,24.0,49.0,392.0,10.0,0.2,0.5,12.0,0.2,41.0,1.8,0.36,2024.0
06/24,4520.0,Chinnappanahalli Lake,"D (Propagation of wild life,fisheries)",5.5,7.6,641.0,4.0,2.46,13.0,1600.0,3.0,144.0,5.0,144.0,104.0,42.0,1.5,0.61,172.0,92.0,80.0,26.0,56.0,428.0,10.0,0.2,0.5,13.0,0.2,39.0,1.85,0.4,2024.0
06/24,4521.0,Devarabeesanahalli Lake,"E (Irrigation, industrial cooling and controlled waste)",2.2,7.6,1591.0,20.0,5.54,430.0,5400.0,3.0,324.0,5.0,324.0,232.0,152.0,20.0,15.0,304.0,160.0,144.0,36.0,162.0,1048.0,10.0,0.36,0.5,34.0,0.46,44.0,4.0,0.95,2024.0
06/24,4523.0,Nallurahalli Lake,"D (Propagation of wild life,fisheries)",4.2,7.4,749.0,15.0,2.5,32.0,1600.0,3.0,256.0,5.0,256.0,88.0,146.0,1.5,0.98,244.0,128.0,116.0,12.0,74.0,506.0,118.0,0.2,0.5,9.0,0.26,39.0,2.1,0.05,2024.0
06/24,4524.0,Pattandur Agrahara Lake,"D (Propagation of wild life,fisheries)",4.5,7.4,1808.0,11.0,6.2,17000.0,48000.0,3.0,440.0,5.0,440.0,372.0,106.0,1.5,0.95,428.0,220.0,208.0,28.0,175.0,1224.0,10.0,0.8,0.5,23.0,0.2,45.0,3.7,2.1,2024.0
06/24,4525.0,Seetharampalya Lake,"E (Irrigation, industrial cooling and controlled waste)",2.2,7.6,1171.0,18.0,4.0,1400000.0,4900000.0,3.0,312.0,5.0,312.0,208.0,162.0,7.5,5.8,296.0,156.0,140.0,18.0,114.0,794.0,66.0,1.7,0.5,15.0,0.2,44.0,2.9,4.7,2024.0
06/24,4526.0,Devasandra Lake,"D (Propagation of wild life,fisheries)",4.1,7.8,1221.0,15.0,4.2,2100.0,70000.0,3.0,344.0,5.0,344.0,188.0,148.0,1.5,0.99,328.0,172.0,156.0,19.0,119.0,828.0,246.0,0.26,0.5,15.0,0.54,43.0,2.9,0.71,2024.0
06/24,4527.0,Sheelavanta/Whitefield Lake,"D (Propagation of wild life,fisheries)",4.1,7.5,1062.0,14.0,3.6,7900.0,11000.0,3.0,260.0,5.0,260.0,192.0,140.0,1.5,0.98,248.0,132.0,116.0,16.0,103.0,718.0,72.0,0.47,0.5,13.0,0.2,46.0,2.8,1.2,2024.0
06/24,4528.0,Doddakannehalli Lake,"E (Irrigation, industrial cooling and controlled waste)",1.2,7.5,1675.0,22.0,5.83,310.0,3500.0,3.0,328.0,5.0,328.0,248.0,148.0,29.0,21.0,312.0,164.0,148.0,28.0,154.0,1110.0,12.0,0.85,0.5,31.0,0.42,48.0,4.0,2.3,2024.0
06/24,4529.0,Kasavanahalli Lake,"D (Propagation of wild life,fisheries)",6.1,7.3,1102.0,5.0,3.83,21.0,1600.0,3.0,84.0,5.0,84.0,204.0,52.0,1.5,0.4,120.0,68.0,52.0,10.0,144.0,724.0,44.0,0.21,0.5,28.0,0.54,67.0,6.0,0.58,2024.0
06/24,4531.0,Rayasandra Lake,"E (Irrigation, industrial cooling and controlled waste)",1.5,7.0,1554.0,15.0,5.26,14000.0,49000.0,3.0,436.0,5.0,436.0,244.0,148.0,4.16,3.2,420.0,216.0,204.0,24.0,150.0,1052.0,14.0,0.7,0.5,19.0,0.53,42.0,3.2,1.8,2024.0
06/24,4532.0,Chandapura Lake,"E (Irrigation, industrial cooling and controlled waste)",0.3,7.0,2081.0,26.0,7.2,92000.0,460000.0,3.0,588.0,5.0,588.0,324.0,210.0,32.2,24.8,564.0,288.0,276.0,32.0,201.0,1412.0,26.0,2.7,0.5,26.0,0.71,42.0,3.7,7.6,2024.0
06/24,4533.0,Ullalu Lake,"E (Irrigation, industrial cooling and controlled waste)",0.3,6.3,372.0,18.0,1.1,170.0,5400.0,3.0,108.0,5.0,108.0,28.0,119.0,2.0,1.6,128.0,68.0,60.0,16.0,39.0,254.0,14.0,0.9,0.5,16.0,0.2,37.0,1.5,1.2,2024.0
06/24,4534.0,Sompura Lake,"D (Propagation of wild life,fisheries)",6.2,8.0,1784.0,4.0,6.2,43.0,1600.0,3.0,100.0,5.0,100.0,84.0,44.0,1.5,0.4,568.0,292.0,276.0,283.0,191.0,1190.0,10.0,0.2,0.5,14.0,0.35,41.0,3.0,0.33,2024.0
06/24,4535.0,Gubbalal Lake,"D (Propagation of wild life,fisheries)",5.8,9.2,772.0,7.0,2.7,310.0,9200.0,68.0,184.0,92.0,252.0,48.0,67.0,1.5,0.86,156.0,84.0,72.0,11.0,86.0,528.0,10.0,0.8,0.5,26.0,0.22,49.0,3.0,1.4,2024.0
06/24,4536.0,Hosakerehalli Lake,"E (Irrigation, industrial cooling and controlled waste)",0.8,6.5,746.0,16.0,2.6,3300.0,11000.0,3.0,212.0,5.0,212.0,56.0,108.0,7.6,5.6,220.0,116.0,104.0,10.0,58.0,490.0,34.0,0.41,0.5,24.0,0.3,34.0,2.0,1.0,2024.0
06/24,4537.0,Chinnakurchi Kere,"D (Propagation of wild life,fisheries)",6.2,7.9,467.0,5.0,1.8,230.0,5400.0,3.0,124.0,5.0,124.0,20.0,48.0,1.5,0.85,88.0,48.0,40.0,23.0,60.0,320.0,630.0,1.5,0.5,22.0,0.35,53.0,2.8,2.5,2024.0
06/24,4538.0,Machohalli Lake,"D (Propagation of wild life,fisheries)",5.6,6.8,497.0,9.0,2.15,200.0,5400.0,3.0,112.0,5.0,112.0,36.0,96.0,1.5,0.9,144.0,76.0,68.0,26.0,32.0,332.0,20.0,0.27,0.5,8.0,0.28,31.0,1.15,0.69,2024.0
06/24,4540.0,Kammagondanahalli Lake,"D (Propagation of wild life,fisheries)",4.8,7.5,689.0,8.2,2.5,320.0,3500.0,3.0,192.0,5.0,192.0,765.0,77.0,1.5,0.98,192.0,100.0,92.0,40.0,73.0,470.0,10.0,2.0,0.5,18.0,0.2,43.0,2.3,4.3,2024.0
06/24,4541.0,Alur Lake,"D (Propagation of wild life,fisheries)",5.7,6.6,184.0,5.0,0.7,1100.0,13000.0,3.0,52.0,5.0,52.0,8.0,44.0,1.5,0.71,76.0,44.0,32.0,12.0,5.0,122.0,70.0,0.2,0.5,7.0,0.25,11.0,0.24,0.05,2024.0
06/24,4542.0,Basavanapura Lake,"D (Propagation of wild life,fisheries)",4.2,7.4,591.0,9.0,2.0,1300.0,4900.0,3.0,104.0,5.0,104.0,96.0,84.0,1.5,0.89,100.0,56.0,44.0,18.0,66.0,402.0,48.0,0.2,0.5,18.0,0.24,54.0,2.9,0.4,2024.0
06/24,4544.0,Kothanuru Lake,"E (Irrigation, industrial cooling and controlled waste)",2.6,6.8,1039.0,22.0,3.7,3200.0,22000.0,3.0,84.0,5.0,84.0,184.0,149.0,2.0,1.6,132.0,72.0,60.0,43.0,99.0,708.0,34.0,0.2,0.5,28.0,0.34,56.0,3.8,0.5,2024.0
06/24,4547.0,Mangamanapalya Lake(Swarana Kunte),"D (Propagation of wild life,fisheries)",4.6,7.1,836.0,11.0,2.9,260.0,5400.0,3.0,132.0,5.0,132.0,128.0,113.0,1.5,0.99,224.0,120.0,104.0,13.0,82.0,566.0,14.0,0.24,0.5,10.0,0.27,43.0,2.4,0.7,2024.0
06/24,5558.0,"Kannahalli Lake Kannahalli, Bengaluru","E (Irrigation, industrial cooling and controlled waste)",0.3,6.5,1711.0,45.0,6.0,3100.0,17000.0,3.0,360.0,5.0,360.0,324.0,220.0,10.79,8.3,512.0,260.0,252.0,21.0,145.0,1146.0,22.0,0.31,0.5,39.0,0.43,36.0,3.0,0.81,2024.0
06/24,5559.0,"Shettihalli Lake, Mallasandra Gudde Lake
Bengaluru","E (Irrigation, industrial cooling and controlled waste)",0.3,5.9,1059.0,23.0,3.8,14000.0,48000.0,3.0,296.0,5.0,296.0,116.0,153.0,3.6,2.8,296.0,152.0,144.0,10.0,112.0,722.0,18.0,1.6,0.5,28.0,0.2,42.0,2.8,3.2,2024.0
06/24,5560.0,"Hoodi (Rajapalya Lake) Itpl Main Road,
Near Hoodi,Bengaluru","D (Propagation of wild life,fisheries)",4.4,7.3,1788.0,11.0,6.1,7800.0,49000.0,3.0,440.0,5.0,440.0,372.0,108.0,1.5,0.97,428.0,220.0,208.0,28.0,173.0,1212.0,10.0,0.77,0.5,22.0,0.2,45.0,3.6,1.93,2024.0
06/24,5561.0,"Munekolalu Lake ,Marathahalli, East Taluka ,Bengaluru","D (Propagation of wild life,fisheries)",4.3,8.1,591.0,15.0,2.0,21000.0,94000.0,3.0,136.0,5.0,136.0,92.0,142.0,1.5,0.96,128.0,72.0,56.0,9.0,58.0,398.0,130.0,0.83,0.5,7.0,0.2,47.0,2.2,2.3,2024.0
06/24,5562.0,"Mahadevpuraâ  Lake, K. R. Puram , Bangalore East Taluka","D (Propagation of wild life,fisheries)",5.2,8.3,1635.0,4.0,13.09,110000.0,460000.0,64.0,412.0,32.0,444.0,276.0,44.0,1.5,0.85,380.0,196.0,184.0,66.0,141.0,1108.0,28.0,0.25,0.5,33.0,0.24,42.0,3.16,0.73,2024.0
06/24,5563.0,Segehalli Lake Baavanapura Road Battarahalli Bangalore East,"D (Propagation of wild life,fisheries)",4.1,8.5,533.0,14.0,1.8,200.0,5400.0,24.0,160.0,12.0,184.0,52.0,138.0,1.5,0.99,220.0,116.0,104.0,8.0,53.0,360.0,46.0,0.91,0.5,7.0,0.2,34.0,1.6,2.5,2024.0
06/24,5564.0,"Kannamangala Lake Hoskote Main Road , Bengalore","E (Irrigation, industrial cooling and controlled waste)",2.2,8.2,1939.0,17.0,6.8,1400.0,13000.0,3.0,200.0,5.0,200.0,556.0,151.0,3.12,2.4,572.0,292.0,280.0,30.0,187.0,1316.0,72.0,0.2,0.5,24.0,0.2,40.0,3.4,0.32,2024.0
06/24,5566.0,"Basavanapura Lake Ayyappa Nagr Main Road ,
K. R. Puram , Bengaluru","E (Irrigation, industrial cooling and controlled waste)",0.3,6.5,840.0,25.0,2.9,230000.0,460000.0,3.0,236.0,5.0,236.0,128.0,202.0,26.1,20.1,224.0,120.0,104.0,13.0,82.0,568.0,76.0,1.9,0.5,10.0,0.3,43.0,2.4,5.5,2024.0
06/24,5568.0,"Ulsoor Lake Near Kalyani,Bengaluru","D (Propagation of wild life,fisheries)",5.2,8.7,461.0,6.0,1.85,170.0,2400.0,32.0,68.0,16.0,84.0,40.0,56.0,1.5,0.4,108.0,60.0,48.0,14.72,36.0,308.0,146.0,0.2,0.5,2.0,0.2,41.0,1.51,0.05,2024.0
06/24,5569.0,"Byrasandra Upper Lake,Bengaluru","E (Irrigation, industrial cooling and controlled waste)",3.0,7.2,679.0,18.0,2.4,2100.0,7000.0,3.0,164.0,5.0,164.0,60.0,117.0,2.0,1.5,184.0,96.0,88.0,30.0,55.0,464.0,24.0,0.3,0.5,18.0,0.2,37.0,1.8,1.2,2024.0
06/24,5570.0,Soulkere Lake,"D (Propagation of wild life,fisheries)",6.2,8.5,1065.0,5.0,3.71,3500.0,460.0,36.0,140.0,12.0,164.0,176.0,64.0,1.5,0.4,184.0,100.0,84.0,42.0,115.0,704.0,32.0,0.42,0.5,32.0,0.52,47.0,4.0,1.0,2024.0
06/24,5571.0,"Kudlu Doddakere, Kudlu Vill,Bengaluru","E (Irrigation, industrial cooling and controlled waste)",0.3,8.7,1299.0,94.0,4.52,1100.0,7000.0,16.0,132.0,8.0,148.0,244.0,488.0,4.0,2.9,184.0,100.0,84.0,61.0,138.0,876.0,196.0,0.61,0.5,33.0,0.35,51.0,4.0,1.7,2024.0
06/24,5572.0,"Kudlu Chikkakere, Bgp Layout Kudlu Vill Bengaluru","D (Propagation of wild life,fisheries)",4.4,8.1,1072.0,9.0,3.73,21.0,920.0,3.0,168.0,5.0,168.0,184.0,88.0,1.5,0.68,124.0,68.0,56.0,18.0,135.0,710.0,20.0,0.2,0.5,68.0,0.55,58.0,5.0,0.46,2024.0
06/24,5574.0,"Anjanapura Lake ( Avala Halli Lake) Anjanapura,Bengaluru","E (Irrigation, industrial cooling and controlled waste)",3.1,6.8,490.0,18.0,1.7,260.0,5400.0,3.0,108.0,5.0,108.0,76.0,120.0,1.8,1.4,88.0,48.0,40.0,17.0,53.0,334.0,44.0,0.3,0.5,16.0,0.32,51.0,2.5,0.7,2024.0
07/24,1388.0,"Ulsoor Lake Training Centre Of Fish
Breeding","D (Propagation of wild
life,fisheries)",6.7,9.0,453.0,5.0,1.42,14.0,120.0,32.0,56.0,16.0,72.0,52.0,60.0,1.5,0.4,88.0,48.0,40.0,10.0,28.0,304.0,28.0,0.2,0.5,2.0,0.29,40.0,1.3,0.05,2024.0
07/24,2778.0,"River Arkavathi At
Tippagondanahalli Reservoir","D (Propagation of wild
life,fisheries)",5.4,7.4,1140.0,6.0,4.0,68.0,490.0,3.0,252.0,5.0,252.0,208.0,72.0,1.5,0.64,352.0,184.0,168.0,19.0,140.0,766.0,40.0,1.5,0.5,25.0,0.43,44.0,3.0,4.2,2024.0
07/24,3589.0,Madiwala Tank,"D (Propagation of wild
life,fisheries)",4.7,8.0,808.0,4.0,3.1,9200.0,46000.0,3.0,220.0,5.0,220.0,136.0,40.0,1.5,0.56,184.0,96.0,88.0,33.0,80.0,544.0,10.0,0.27,0.5,18.0,0.23,46.0,2.5,0.76,2024.0
07/24,3590.0,Lalbagh Tank,"D (Propagation of wild
life,fisheries)",4.7,8.6,535.0,9.0,1.9,2100.0,7000.0,16.0,72.0,8.0,88.0,108.0,91.0,1.5,0.84,92.0,52.0,40.0,20.0,63.0,366.0,36.0,0.2,0.5,11.0,0.2,56.0,3.0,0.3,2024.0
07/24,3591.0,Kempambudhi Tank,"D (Propagation of wild
life,fisheries)",4.8,6.6,436.0,8.0,1.4,11000.0,33000.0,3.0,188.0,5.0,188.0,36.0,84.0,1.5,0.88,152.0,80.0,72.0,10.0,48.0,300.0,46.0,0.2,0.5,16.0,0.2,37.0,1.7,0.05,2024.0
07/24,3592.0,Yediyur Tank,"D (Propagation of wild
life,fisheries)",4.8,7.6,305.0,8.0,1.0,1700.0,7900.0,3.0,68.0,5.0,68.0,52.0,84.0,1.5,0.82,72.0,40.0,32.0,14.0,36.0,208.0,30.0,0.2,0.5,11.0,0.2,47.0,1.8,0.05,2024.0
07/24,3593.0,Ulsoor Lake Temple,"D (Propagation of wild
life,fisheries)",5.8,9.3,462.0,6.0,1.46,380.0,9200.0,16.0,60.0,8.0,68.0,56.0,64.0,1.5,0.4,72.0,40.0,32.0,14.0,29.0,308.0,30.0,0.2,0.5,2.0,0.28,46.0,2.0,0.05,2024.0
07/24,3594.0,Sankey Tank,"D (Propagation of wild
life,fisheries)",5.9,6.9,611.0,7.0,2.06,170.0,3500.0,3.0,140.0,5.0,140.0,64.0,60.0,1.5,0.4,156.0,84.0,72.0,8.0,40.0,396.0,10.0,0.2,0.5,3.0,0.45,35.0,1.4,0.05,2024.0
07/24,3595.0,Byrasandra Tank,"D (Propagation of wild
life,fisheries)",5.5,7.0,487.0,6.0,1.96,210.0,5400.0,3.0,124.0,5.0,124.0,52.0,52.0,1.5,0.4,140.0,76.0,64.0,10.0,38.0,306.0,18.0,0.45,0.5,2.0,0.27,37.0,1.4,1.1,2024.0
07/24,3596.0,Nayandanahalli Tank,"D (Propagation of wild
life,fisheries)",6.2,8.4,738.0,4.0,2.8,210.0,5400.0,3.0,184.0,12.0,196.0,120.0,44.0,1.5,0.62,168.0,88.0,80.0,30.0,66.0,496.0,10.0,0.2,0.5,15.0,0.27,44.0,2.21,0.39,2024.0
07/24,3597.0,Hesaraghatta Lake,"D (Propagation of wild
life,fisheries)",5.3,7.8,404.0,8.0,2.0,260.0,3500.0,3.0,116.0,5.0,116.0,76.0,71.0,1.5,0.86,148.0,80.0,67.0,5.0,44.0,274.0,32.0,0.2,0.5,19.0,0.2,36.0,1.6,0.05,2024.0
07/24,3598.0,Herohalli Tank,"E (Irrigation, industrial cooling and controlled waste)",2.3,6.8,408.0,18.0,1.4,1700.0,7900.0,3.0,136.0,5.0,136.0,48.0,120.0,2.7,2.1,160.0,84.0,76.0,9.0,46.0,278.0,24.0,0.5,0.5,16.0,0.2,36.0,1.63,1.2,2024.0
07/24,3599.0,Anchepalya Lake,"E (Irrigation, industrial cooling and controlled waste)",3.3,7.1,534.0,20.0,1.75,170.0,3500.0,3.0,112.0,5.0,112.0,48.0,144.0,3.25,2.5,124.0,68.0,56.0,35.0,32.0,356.0,20.0,0.29,0.5,2.0,0.25,35.0,1.25,0.9,2024.0
07/24,3600.0,Shivapura Tank,"E (Irrigation, industrial cooling and controlled waste)",3.7,7.3,874.0,22.0,3.1,430.0,3500.0,3.0,148.0,5.0,148.0,60.0,146.0,1.7,1.3,316.0,164.0,152.0,112.0,92.0,594.0,26.0,0.2,0.5,28.0,0.22,36.0,2.3,0.05,2024.0
07/24,3602.0,Bellandur Lake,"D (Propagation of wild
life,fisheries)",5.9,7.0,962.0,7.0,3.3,2100.0,9400.0,3.0,216.0,5.0,216.0,68.0,60.0,1.5,0.86,496.0,252.0,244.0,109.0,93.0,654.0,20.0,0.2,0.5,26.0,0.21,28.0,1.8,0.21,2024.0
07/24,3604.0,Doddanekkundi Lake,"D (Propagation of wild
life,fisheries)",6.2,7.2,591.0,5.0,1.98,310.0,3500.0,3.0,144.0,5.0,144.0,68.0,48.0,1.5,0.4,140.0,76.0,64.0,18.0,38.0,396.0,24.0,0.63,0.5,3.0,0.26,37.0,1.39,1.63,2024.0
07/24,3605.0,Yelemallappa Shetty Lake,"E (Irrigation, industrial cooling and controlled waste)",2.0,6.6,634.0,17.0,2.2,1100.0,7900.0,3.0,204.0,5.0,204.0,60.0,128.0,10.5,7.8,188.0,100.0,88.0,7.0,66.0,424.0,90.0,1.1,0.5,13.0,0.2,41.0,2.0,3.0,2024.0
07/24,3606.0,Dasarahalli Tank,"E (Irrigation, industrial cooling and controlled waste)",3.2,6.3,388.0,18.0,4.6,240.0,3500.0,3.0,104.0,5.0,104.0,32.0,117.0,2.0,1.5,140.0,76.0,64.0,7.0,41.0,264.0,50.0,0.8,0.5,18.0,0.2,35.0,1.5,1.3,2024.0
07/24,3607.0,Kalkere Tank,"E (Irrigation, industrial cooling and controlled waste)",3.2,8.2,884.0,16.0,3.0,630.0,5400.0,3.0,144.0,5.0,144.0,180.0,116.0,1.5,1.0,176.0,96.0,80.0,32.0,114.0,564.0,112.0,0.79,0.5,26.0,0.2,54.0,4.0,2.1,2024.0
07/24,3608.0,Varthur Lake,"D (Propagation of wild
life,fisheries)",5.5,7.2,1180.0,6.0,4.2,21.0,280.0,3.0,316.0,5.0,316.0,204.0,59.0,1.5,0.72,288.0,148.0,140.0,35.0,122.0,804.0,14.0,0.5,0.5,28.0,0.2,45.0,3.1,1.0,2024.0
07/24,3609.0,Ibbalur Lake,"D (Propagation of wild
life,fisheries)",5.9,7.5,815.0,7.0,3.3,25.0,920.0,3.0,168.0,5.0,168.0,144.0,64.0,1.5,0.62,132.0,72.0,60.0,18.0,70.0,546.0,10.0,1.04,0.5,6.0,0.4,52.0,3.0,2.76,2024.0
07/24,3610.0,Tubarahalli Tank,"D (Propagation of wild
life,fisheries)",5.8,7.6,659.0,6.0,2.65,260.0,5400.0,3.0,132.0,5.0,132.0,116.0,56.0,1.5,0.4,152.0,80.0,72.0,23.0,53.0,442.0,16.0,0.43,0.5,4.0,0.25,42.0,1.86,1.33,2024.0
07/24,3611.0,Kaikondanahalli Lake,"E (Irrigation, industrial cooling and controlled waste)",1.7,7.8,1626.0,27.0,5.8,380.0,3500.0,3.0,428.0,5.0,428.0,304.0,182.0,31.0,24.0,476.0,244.0,232.0,38.0,266.0,1106.0,94.0,1.0,0.5,26.0,0.26,41.0,3.3,2.1,2024.0
07/24,3612.0,Agaram Lake,"D (Propagation of wild
life,fisheries)",6.0,8.4,1046.0,7.0,4.2,260.0,1400.0,16.0,260.0,8.0,268.0,156.0,68.0,1.5,0.71,264.0,136.0,128.0,35.0,92.0,702.0,10.0,1.22,0.5,8.0,0.57,36.0,2.0,3.15,2024.0
07/24,3613.0,Gottigere Lake,"D (Propagation of wild
life,fisheries)",4.1,7.7,665.0,5.0,2.5,1400.0,13000.0,3.0,152.0,5.0,152.0,108.0,52.0,1.5,0.84,176.0,92.0,84.0,27.0,62.0,442.0,14.0,0.2,0.5,13.0,0.28,41.0,2.02,0.44,2024.0
07/24,3614.0,Puttenahalli Lake,"D (Propagation of wild
life,fisheries)",6.8,7.6,416.0,4.0,1.6,240.0,3500.0,3.0,92.0,5.0,92.0,64.0,40.0,1.5,0.4,108.0,56.0,52.0,17.0,38.0,278.0,10.0,0.2,0.5,8.0,0.2,41.0,2.0,0.05,2024.0
07/24,3615.0,Arakere Lake,"E (Irrigation, industrial cooling and controlled waste)",2.5,6.6,487.0,19.0,1.8,1100.0,4900.0,3.0,108.0,5.0,108.0,76.0,160.0,4.2,3.6,128.0,68.0,60.0,20.0,46.0,332.0,10.0,0.86,0.5,10.0,0.2,41.0,2.0,2.45,2024.0
07/24,3616.0,Kalena Agrahara Lake,"D (Propagation of wild
life,fisheries)",4.2,7.5,670.0,24.5,2.6,2300.0,7900.0,3.0,152.0,5.0,152.0,108.0,43.0,1.5,0.72,180.0,92.0,88.0,27.0,64.0,446.0,14.0,0.2,0.5,13.0,0.2,41.0,2.0,0.53,2024.0
07/24,3618.0,Singasandra Lake,"E (Irrigation, industrial cooling and controlled waste)",3.4,7.1,1557.0,30.0,6.3,17000.0,94000.0,3.0,132.0,5.0,132.0,340.0,200.0,1.8,1.4,204.0,108.0,96.0,107.0,141.0,1042.0,40.0,0.21,0.5,13.0,0.52,58.0,4.0,0.49,2024.0
07/24,3619.0,Begur Tank,"D (Propagation of wild
life,fisheries)",4.2,7.3,1572.0,8.0,6.3,20000.0,94000.0,3.0,156.0,5.0,156.0,352.0,76.0,1.5,0.4,228.0,120.0,108.0,74.0,142.0,1052.0,36.0,0.31,0.5,14.0,0.2,51.0,4.0,0.81,2024.0
07/24,3620.0,Parappana Agrahara Lake,"D (Propagation of wild
life,fisheries)",5.6,7.5,624.0,6.0,2.5,2600.0,11000.0,3.0,148.0,5.0,148.0,96.0,60.0,1.5,0.46,144.0,76.0,68.0,16.0,51.0,418.0,20.0,0.63,0.5,4.0,0.26,42.0,2.0,1.66,2024.0
07/24,3621.0,Haralur Lake,"E (Irrigation, industrial cooling and controlled waste)",0.3,9.8,706.0,128.0,2.5,2100.0,4800.0,56.0,72.0,28.0,128.0,156.0,424.0,21.0,16.0,156.0,84.0,72.0,26.0,73.0,480.0,92.0,0.2,0.5,20.0,0.2,46.0,2.6,0.4,2024.0
07/24,3622.0,Somasundrapalya Lake,"D (Propagation of wild
life,fisheries)",5.1,7.4,662.0,5.0,2.7,1400.0,7900.0,3.0,140.0,5.0,140.0,116.0,48.0,1.5,0.4,104.0,56.0,48.0,17.0,55.0,442.0,24.0,0.2,0.5,5.0,0.21,52.0,2.0,0.05,2024.0
07/24,3623.0,Anekal Doddakere Tank,"D (Propagation of wild
life,fisheries)",7.2,7.2,1351.0,4.0,4.7,130.0,5400.0,3.0,260.0,5.0,260.0,324.0,40.0,1.5,0.4,252.0,132.0,120.0,6.0,173.0,904.0,14.0,0.2,0.5,41.0,0.48,60.0,5.0,0.05,2024.0
07/24,3624.0,Puttenahalli Lake,"D (Propagation of wild
life,fisheries)",7.3,7.6,990.0,9.0,2.4,2600.0,9400.0,3.0,208.0,5.0,208.0,104.0,81.0,1.5,0.75,168.0,88.0,80.0,30.0,78.0,674.0,16.0,0.3,0.5,21.0,0.2,47.0,2.6,0.7,2024.0
07/24,3625.0,Hebbal Lake,"D (Propagation of wild
life,fisheries)",7.2,7.5,690.0,8.0,2.5,4300.0,14000.0,3.0,212.0,5.0,212.0,108.0,70.0,1.5,0.7,172.0,92.0,80.0,29.0,78.0,470.0,18.0,0.3,0.5,23.0,0.2,46.0,2.6,0.6,2024.0
07/24,3626.0,Nagavara Lake,"D (Propagation of wild
life,fisheries)",7.2,7.6,687.0,9.0,2.4,150.0,2400.0,3.0,188.0,5.0,188.0,108.0,85.0,1.5,0.96,196.0,104.0,92.0,24.0,72.0,468.0,16.0,4.0,0.5,20.0,0.2,41.0,2.2,7.0,2024.0
07/24,3627.0,Jakkur Lake,"D (Propagation of wild
life,fisheries)",7.1,7.1,1014.0,16.0,3.5,170.0,3500.0,3.0,268.0,5.0,268.0,168.0,108.0,1.7,1.2,268.0,140.0,128.0,16.0,111.0,690.0,46.0,6.0,0.5,24.0,0.2,45.0,2.9,10.0,2024.0
07/24,3628.0,Amruthahalli Lake,"D (Propagation of wild
life,fisheries)",6.6,7.6,688.0,4.0,2.4,1700.0,13000.0,3.0,176.0,5.0,176.0,104.0,48.0,1.5,0.4,208.0,112.0,96.0,28.0,92.0,466.0,28.0,0.29,0.5,20.0,0.36,46.0,3.0,0.78,2024.0
07/24,3629.0,Allalasandra Lake,"D (Propagation of wild
life,fisheries)",6.6,7.2,1012.0,16.0,3.6,170.0,3500.0,3.0,256.0,5.0,256.0,188.0,107.0,1.6,1.2,180.0,96.0,84.0,21.0,110.0,688.0,48.0,6.0,0.5,25.0,0.2,53.0,3.7,12.0,2024.0
07/24,3630.0,Yelahanka Tank,"D (Propagation of wild
life,fisheries)",7.0,7.1,1017.0,16.0,3.6,240.0,5400.0,3.0,232.0,5.0,232.0,180.0,106.0,1.6,1.3,236.0,124.0,112.0,21.0,112.0,690.0,48.0,3.0,0.5,25.0,0.2,47.0,3.32,5.0,2024.0
07/24,3633.0,Subramanyapura Tank,"E (Irrigation, industrial cooling and controlled waste)",2.6,6.6,384.0,19.0,1.47,2100.0,11000.0,3.0,84.0,5.0,84.0,60.0,176.0,2.9,2.4,100.0,56.0,44.0,15.0,35.0,256.0,44.0,1.5,0.5,7.0,0.47,41.0,2.0,4.4,2024.0
07/24,3634.0,Devarakere Tank,"E (Irrigation, industrial cooling and controlled waste)",2.9,6.5,328.0,16.0,1.26,2100.0,9400.0,3.0,72.0,5.0,72.0,52.0,172.0,3.1,2.5,84.0,48.0,36.0,13.0,28.0,220.0,40.0,0.39,0.5,7.0,0.51,39.0,1.3,1.13,2024.0
07/24,3635.0,Malathahalli Lake,"D (Propagation of wild
life,fisheries)",5.8,7.2,676.0,8.0,2.72,120.0,2400.0,3.0,104.0,5.0,104.0,48.0,72.0,1.5,0.4,248.0,128.0,120.0,58.0,56.0,452.0,72.0,0.2,0.5,3.0,0.47,33.0,2.0,0.4,2024.0
07/24,3636.0,Hoskere Lake,"D (Propagation of wild
life,fisheries)",4.4,6.5,398.0,4.0,1.53,2200.0,13000.0,3.0,88.0,5.0,88.0,64.0,44.0,1.5,0.72,104.0,56.0,48.0,16.0,37.0,266.0,10.0,0.2,0.5,8.0,0.72,41.0,2.0,0.05,2024.0
07/24,3638.0,Yelachenahalli Lake,"D (Propagation of wild
life,fisheries)",4.6,8.2,403.0,9.0,1.4,170.0,3500.0,3.0,104.0,5.0,104.0,68.0,93.0,1.5,0.71,76.0,44.0,32.0,19.0,48.0,276.0,30.0,1.0,0.5,12.0,0.2,53.0,2.4,1.5,2024.0
07/24,3639.0,Kengeri Tank,"D (Propagation of wild
life,fisheries)",6.0,7.5,849.0,5.0,3.42,200.0,9200.0,3.0,268.0,5.0,268.0,116.0,48.0,1.5,0.4,220.0,116.0,104.0,46.0,73.0,568.0,28.0,0.85,0.5,5.0,0.46,35.0,2.0,2.16,2024.0
07/24,3640.0,Uttarahalli Doraikere,"E (Irrigation, industrial cooling and controlled
waste)",2.8,7.1,1208.0,18.0,5.5,210.0,3500.0,3.0,280.0,5.0,280.0,204.0,170.0,3.2,2.6,328.0,168.0,160.0,49.0,117.0,820.0,30.0,0.49,0.5,24.0,1.6,41.0,2.8,1.37,2024.0
07/24,3641.0,Dhorekere Tank,"E (Irrigation, industrial cooling and controlled waste)",2.6,6.8,514.0,14.0,1.97,250.0,5400.0,3.0,116.0,5.0,116.0,84.0,160.0,2.2,1.9,136.0,72.0,64.0,21.0,48.0,348.0,68.0,0.57,0.5,10.0,1.4,41.0,2.0,1.66,2024.0
07/24,3642.0,Jigani Tank,"D (Propagation of wild
life,fisheries)",7.5,7.0,1061.0,4.0,3.7,310.0,9200.0,3.0,224.0,5.0,224.0,220.0,36.0,1.5,0.4,248.0,132.0,116.0,7.0,149.0,714.0,10.0,0.2,0.5,35.0,0.39,52.0,4.0,0.05,2024.0
07/24,3643.0,Benniganahalli Lake,"D (Propagation of wild
life,fisheries)",5.8,8.6,542.0,7.0,1.9,25.0,1600.0,16.0,52.0,8.0,68.0,96.0,62.0,1.5,0.78,156.0,84.0,72.0,50.0,58.0,370.0,10.0,0.2,0.5,22.0,0.2,37.0,2.0,0.2,2024.0
07/24,3655.0,Mathikere Tank,"D (Propagation of wild
life,fisheries)",6.0,6.9,420.0,7.0,1.28,6.8,110.0,3.0,112.0,5.0,112.0,16.0,68.0,1.5,0.4,124.0,68.0,56.0,10.0,23.0,272.0,42.0,0.2,0.5,2.0,0.35,28.0,0.9,0.05,2024.0
07/24,4094.0,Gangondanahalli Lake,"E (Irrigation, industrial cooling and controlled waste)",2.8,7.0,1856.0,30.0,7.49,260.0,5400.0,3.0,208.0,5.0,208.0,504.0,192.0,11.96,9.2,492.0,252.0,240.0,19.0,165.0,1244.0,12.0,0.32,0.5,12.0,0.3,41.0,3.24,0.84,2024.0
07/24,4096.0,Andhrahalli Lake,"E (Irrigation, industrial cooling and controlled waste)",3.2,7.0,527.0,16.0,1.8,840.0,9200.0,3.0,124.0,5.0,124.0,48.0,112.0,2.9,2.1,164.0,88.0,76.0,22.0,48.0,352.0,10.0,0.2,0.5,11.0,0.34,37.0,1.6,0.46,2024.0
07/24,4097.0,Kachohalli Lake,"E (Irrigation, industrial cooling and controlled waste)",0.3,6.7,1750.0,60.0,7.06,3100.0,11000.0,3.0,560.0,5.0,560.0,268.0,296.0,15.6,12.0,488.0,248.0,240.0,38.0,150.0,1172.0,26.0,3.59,0.5,10.0,0.32,39.0,3.0,9.52,2024.0
07/24,4107.0,"River Dakshina Pinakini Near Mugalur Bridge Mugalur, Bengaluru","E (Irrigation, industrial cooling and controlled waste)",0.3,6.8,1235.0,21.0,4.98,68000.0,330000.0,3.0,392.0,5.0,392.0,172.0,152.0,36.4,28.0,300.0,156.0,144.0,21.0,84.0,826.0,42.0,2.11,0.5,7.0,0.38,37.0,3.0,5.57,2024.0
07/24,4504.0,Sarakki Lake,"D (Propagation of wild
life,fisheries)",4.2,7.6,796.0,10.0,2.8,260.0,5400.0,3.0,208.0,5.0,208.0,116.0,96.0,1.5,0.75,192.0,100.0,92.0,36.0,84.0,542.0,12.0,0.2,0.5,16.4,0.2,46.0,2.6,0.05,2024.0
07/24,4505.0,Nelamangala Lake,"E (Irrigation, industrial cooling and controlled waste)",0.9,6.5,1096.0,21.0,3.8,24000.0,48000.0,3.0,312.0,5.0,312.0,180.0,152.0,2.8,2.0,364.0,188.0,176.0,17.0,100.0,736.0,24.0,1.3,0.5,33.0,0.49,35.0,2.0,3.6,2024.0
07/24,4506.0,Abbigere Lake,"D (Propagation of wild
life,fisheries)",5.4,7.2,758.0,6.0,0.3,270.0,3500.0,3.0,216.0,5.0,216.0,108.0,52.0,1.5,0.4,240.0,128.0,112.0,17.0,88.0,508.0,10.0,0.2,0.5,6.0,0.29,44.0,2.5,0.05,2024.0
07/24,4507.0,Chelekere Lake,"D (Propagation of wild
life,fisheries)",6.8,7.7,686.0,4.0,2.4,260.0,3500.0,3.0,168.0,5.0,168.0,104.0,40.0,1.5,0.4,200.0,108.0,92.0,27.0,93.0,464.0,40.0,0.3,0.5,19.0,0.38,48.0,3.0,0.85,2024.0
07/24,4508.0,Singapura Lake,"D (Propagation of wild
life,fisheries)",7.4,7.7,692.0,4.0,2.4,2100.0,11000.0,3.0,184.0,5.0,184.0,104.0,36.0,1.5,0.4,212.0,112.0,100.0,30.0,93.0,468.0,10.0,0.29,0.5,19.0,0.38,46.0,3.0,0.79,2024.0
07/24,4509.0,Narasipura Lake,"D (Propagation of wild
life,fisheries)",6.8,7.7,695.0,4.0,2.4,2100.0,9400.0,3.0,180.0,5.0,180.0,104.0,44.0,1.5,0.4,180.0,96.0,84.0,30.0,93.0,470.0,26.0,0.3,0.5,20.0,0.37,50.0,3.0,0.8,2024.0
07/24,4510.0,Rachenahalli Lake,"D (Propagation of wild
life,fisheries)",7.0,7.0,1034.0,4.0,3.6,310.0,3500.0,3.0,244.0,5.0,244.0,180.0,36.0,1.5,0.4,272.0,144.0,128.0,41.0,143.0,700.0,68.0,2.9,0.5,31.0,0.3,50.0,4.0,8.1,2024.0
07/24,4511.0,Kogilu Kere,"D (Propagation of wild
life,fisheries)",6.9,7.5,687.0,4.0,2.4,1400.0,7000.0,3.0,176.0,5.0,176.0,96.0,40.0,1.5,0.4,196.0,104.0,92.0,28.0,91.0,464.0,34.0,0.27,0.5,19.0,0.38,47.0,3.0,0.72,2024.0
07/24,4512.0,Viswaneedam Lake,"E (Irrigation, industrial cooling and controlled waste)",2.4,7.0,428.0,17.0,1.3,1400.0,13000.0,3.0,152.0,5.0,152.0,56.0,116.0,4.3,3.3,156.0,84.0,72.0,6.0,42.0,292.0,26.0,0.52,0.5,17.0,0.2,33.0,1.5,1.0,2024.0
07/24,4513.0,Ramammana Kere,"E (Irrigation, industrial cooling and controlled waste)",3.2,7.1,1233.0,21.0,4.57,170.0,2400.0,3.0,304.0,5.0,304.0,172.0,172.0,10.66,8.2,396.0,204.0,192.0,11.0,95.0,826.0,14.0,1.04,0.5,6.0,0.28,34.0,2.08,2.74,2024.0
07/24,4514.0,Sadaramangala Lake,"D (Propagation of wild
life,fisheries)",5.9,7.4,659.0,5.0,2.65,140.0,3500.0,3.0,128.0,5.0,128.0,116.0,60.0,1.5,0.52,136.0,72.0,64.0,20.0,53.0,442.0,16.0,0.38,0.5,4.0,0.32,38.0,1.98,1.17,2024.0
07/24,4515.0,Bhattarahalli Lake,"D (Propagation of wild
life,fisheries)",4.5,8.2,1001.0,9.0,3.5,210.0,3500.0,3.0,124.0,5.0,124.0,208.0,88.0,1.5,0.4,100.0,56.0,44.0,42.0,180.0,662.0,22.0,0.2,0.5,27.0,0.58,74.0,8.0,0.05,2024.0
07/24,4516.0,Kundalahalli Lake,"E (Irrigation, industrial cooling and controlled waste)",0.3,7.2,1693.0,20.0,6.83,3300.0,13000.0,3.0,276.0,5.0,276.0,404.0,152.0,13.0,10.0,400.0,204.0,196.0,29.0,144.0,1134.0,12.0,1.82,0.5,12.0,0.4,43.0,3.13,5.57,2024.0
07/24,4517.0,Kowdhenahalli Tank,"D (Propagation of wild
life,fisheries)",4.3,7.5,758.0,8.0,2.6,24.0,1600.0,3.0,236.0,5.0,236.0,84.0,76.0,1.5,0.4,264.0,140.0,124.0,20.0,79.0,512.0,10.0,2.0,0.5,23.0,0.23,37.0,2.0,5.4,2024.0
07/24,4518.0,Garudacharpalya Tank,"D (Propagation of wild
life,fisheries)",6.0,8.1,1160.0,8.0,4.68,310.0,9400.0,3.0,236.0,5.0,236.0,244.0,76.0,1.5,0.4,296.0,152.0,144.0,6.0,97.0,776.0,10.0,2.93,0.5,10.0,0.35,40.0,2.44,8.99,2024.0
07/24,4519.0,Rampura Lake,"E (Irrigation, industrial cooling and controlled waste)",1.0,7.0,1138.0,20.0,3.9,26000.0,140000.0,3.0,328.0,5.0,328.0,164.0,160.0,23.0,17.0,284.0,148.0,136.0,208.0,153.0,764.0,54.0,2.4,0.5,30.0,0.3,51.0,4.0,6.2,2024.0
07/24,4520.0,Chinnappanahalli Lake,"D (Propagation of wild
life,fisheries)",4.3,8.5,574.0,9.0,2.03,470.0,5400.0,16.0,124.0,8.0,140.0,100.0,92.0,1.5,0.84,176.0,88.0,88.0,7.0,62.0,392.0,18.0,0.5,0.5,15.0,0.2,41.0,2.0,1.1,2024.0
07/24,4521.0,Devarabeesanahalli Lake,"E (Irrigation, industrial cooling and controlled waste)",1.2,9.5,916.0,78.0,3.2,2600.0,54000.0,48.0,100.0,24.0,148.0,172.0,261.0,3.8,2.9,276.0,144.0,132.0,71.0,96.0,622.0,82.0,0.2,0.5,26.0,0.22,40.0,0.8,0.4,2024.0
07/24,4522.0,Vibhuthipura Lake,"D (Propagation of wild
life,fisheries)",4.9,7.2,503.0,8.0,1.8,2100.0,11000.0,3.0,148.0,5.0,148.0,68.0,76.0,1.5,0.8,156.0,84.0,72.0,10.0,58.0,342.0,10.0,0.4,0.5,17.0,0.2,41.0,2.0,0.8,2024.0
07/24,4523.0,Nallurahalli Lake,"D (Propagation of wild
life,fisheries)",4.1,8.2,1218.0,10.0,4.3,320.0,5400.0,3.0,236.0,5.0,236.0,268.0,103.0,1.5,0.89,308.0,156.0,152.0,29.0,130.0,830.0,20.0,3.0,0.5,25.0,0.21,45.0,3.2,7.0,2024.0
07/24,4524.0,Pattandur Agrahara Lake,"D (Propagation of wild
life,fisheries)",5.6,7.0,1887.0,8.0,7.61,2100.0,5400.0,3.0,304.0,5.0,304.0,476.0,88.0,1.5,0.95,464.0,236.0,228.0,38.0,164.0,1264.0,18.0,3.51,0.5,13.0,0.41,59.0,3.31,9.29,2024.0
07/24,4525.0,Seetharampalya Lake,"D (Propagation of wild
life,fisheries)",5.3,7.4,589.0,3.8,1.97,11000.0,79000.0,3.0,148.0,5.0,148.0,56.0,44.0,1.5,0.4,124.0,68.0,56.0,17.0,37.0,394.0,34.0,0.56,0.5,3.0,0.28,35.0,1.44,1.74,2024.0
07/24,4526.0,Devasandra Lake,"D (Propagation of wild
life,fisheries)",4.8,7.9,810.0,8.0,2.8,310.0,3500.0,3.0,120.0,5.0,120.0,96.0,92.0,1.5,0.4,260.0,136.0,124.0,92.0,92.0,538.0,48.0,0.42,0.5,22.0,0.42,41.0,2.0,1.0,2024.0
07/24,4527.0,Sheelavanta-Whitefield Lake,"D (Propagation of wild
life,fisheries)",5.8,8.0,1162.0,8.0,4.68,2100.0,17000.0,3.0,232.0,5.0,232.0,252.0,72.0,1.5,0.4,304.0,156.0,148.0,28.0,98.0,778.0,34.0,2.79,0.5,11.0,0.39,40.0,2.44,8.56,2024.0
07/24,4528.0,Doddakannehalli Lake,"E (Irrigation, industrial cooling and controlled waste)",1.4,9.3,780.0,72.0,2.8,1400.0,11000.0,40.0,108.0,20.0,148.0,160.0,240.0,3.8,2.92,188.0,100.0,88.0,30.0,83.0,530.0,78.0,4.0,0.5,22.0,0.2,46.0,2.6,7.0,2024.0
07/24,4529.0,Kasavanahalli Lake,"E (Irrigation, industrial cooling and controlled waste)",1.7,7.7,964.0,10.0,3.4,580.0,9200.0,3.0,100.0,5.0,100.0,216.0,93.0,1.5,0.85,148.0,80.0,68.0,58.0,100.0,666.0,10.0,0.2,0.5,36.0,0.2,52.0,3.6,0.2,2024.0
07/24,4531.0,Rayasandra Lake,"E (Irrigation, industrial cooling and controlled waste)",3.2,7.1,1764.0,30.0,7.11,580.0,9200.0,3.0,396.0,5.0,396.0,336.0,156.0,33.8,26.0,420.0,216.0,204.0,36.0,123.0,1182.0,46.0,0.87,0.5,13.0,0.23,38.0,3.0,2.23,2024.0
07/24,4532.0,Chandapura Lake,"E (Irrigation, industrial cooling and controlled waste)",0.3,6.9,2055.0,45.0,8.29,2100.0,13000.0,3.0,516.0,5.0,516.0,396.0,252.0,12.9,33.0,572.0,292.0,280.0,40.0,166.0,1376.0,40.0,1.4,0.5,16.0,0.58,38.0,3.0,3.7,2024.0
07/24,4533.0,Ullalu Lake,"D (Propagation of wild
life,fisheries)",5.8,7.0,521.0,4.0,1.69,26.0,1600.0,3.0,140.0,5.0,140.0,44.0,40.0,1.5,0.4,120.0,64.0,56.0,9.0,31.0,348.0,22.0,0.62,0.5,2.2,0.21,35.0,1.2,1.6,2024.0
07/24,4534.0,Sompura Lake,"E (Irrigation, industrial cooling and controlled waste)",3.1,7.7,1102.0,11.0,4.2,2600.0,9400.0,3.0,256.0,5.0,256.0,184.0,163.0,4.4,3.8,300.0,156.0,144.0,45.0,108.0,750.0,36.0,0.31,0.5,22.0,0.42,42.0,2.71,0.89,2024.0
07/24,4535.0,Gubbalal Lake,"D (Propagation of wild
life,fisheries)",4.6,6.5,461.0,4.0,1.77,14.0,1600.0,3.0,104.0,5.0,104.0,72.0,41.0,1.5,0.4,124.0,68.0,56.0,19.0,43.0,310.0,10.0,0.2,0.5,9.0,0.22,41.0,2.0,0.05,2024.0
07/24,4536.0,Hosakerehalli Lake,"E (Irrigation, industrial cooling and controlled waste)",0.3,6.5,788.0,67.0,3.03,2400.0,35000.0,3.0,180.0,5.0,180.0,132.0,332.0,22.3,18.7,212.0,112.0,100.0,32.0,71.0,534.0,28.0,1.02,0.5,16.0,0.38,40.0,2.12,2.9,2024.0
07/24,4537.0,Chinnakurchi Kere,"E (Irrigation, industrial cooling and controlled waste)",3.2,6.9,831.0,20.0,3.35,110.0,3500.0,3.0,252.0,5.0,252.0,112.0,160.0,4.18,3.22,184.0,96.0,88.0,75.0,71.0,556.0,78.0,0.3,0.5,5.0,1.8,38.0,2.0,0.78,2024.0
07/24,4538.0,Machohalli Lake,"D (Propagation of wild
life,fisheries)",4.2,7.5,2094.0,10.0,7.4,2100.0,11000.0,3.0,400.0,5.0,400.0,496.0,99.0,1.9,0.97,516.0,264.0,252.0,35.0,210.0,1418.0,14.0,0.2,0.5,36.0,0.35,45.0,4.0,0.4,2024.0
07/24,4540.0,Kammagondanahalli Lake,"E (Irrigation, industrial cooling and controlled waste)",3.3,7.0,690.0,21.0,2.9,1100.0,13000.0,3.0,156.0,5.0,156.0,116.0,137.0,2.6,2.0,196.0,104.0,92.0,9.0,66.0,470.0,42.0,1.8,0.5,21.0,0.21,39.0,2.0,4.1,2024.0
07/24,4541.0,Alur Lake,"D (Propagation of wild
life,fisheries)",4.6,6.5,267.0,8.0,1.0,3200.0,14000.0,3.0,88.0,5.0,88.0,24.0,76.0,1.5,0.8,96.0,52.0,44.0,16.0,26.0,182.0,36.0,0.2,0.5,14.0,0.2,33.0,1.6,0.05,2024.0
07/24,4542.0,Basavanapura Lake,"D (Propagation of wild
life,fisheries)",4.4,8.1,807.0,5.0,3.1,2100.0,11000.0,3.0,216.0,5.0,216.0,132.0,49.0,1.5,0.62,180.0,96.0,84.0,32.0,79.0,542.0,12.0,0.25,0.5,16.0,0.44,46.0,2.6,0.73,2024.0
07/24,4543.0,Kodi Singasandra Lake,"D (Propagation of wild
life,fisheries)",4.6,6.8,480.0,7.0,1.9,2100.0,11000.0,3.0,112.0,5.0,112.0,72.0,68.0,1.5,0.58,104.0,56.0,48.0,14.0,38.0,322.0,16.0,0.34,0.5,3.0,0.26,43.0,2.0,0.89,2024.0
07/24,4544.0,Kothanuru Lake,"D (Propagation of wild
life,fisheries)",6.5,7.5,419.0,4.0,1.6,310.0,3500.0,3.0,96.0,5.0,96.0,68.0,41.0,1.5,0.42,112.0,60.0,52.0,18.0,40.0,282.0,10.0,0.2,0.5,10.0,0.2,41.0,2.0,0.05,2024.0
07/24,4547.0,"Mangamanapalya Lake(Swarana
Kunte)","D (Propagation of wild
life,fisheries)",5.5,7.9,804.0,6.0,3.2,11000.0,46000.0,3.0,216.0,5.0,216.0,132.0,56.0,1.5,0.4,196.0,104.0,92.0,17.0,68.0,540.0,16.0,1.3,0.5,5.0,0.26,42.0,2.0,3.36,2024.0
07/24,5558.0,"Kannahalli Lake Kannahalli, Bengaluru","E (Irrigation, industrial cooling and controlled waste)",0.3,6.7,1420.0,23.0,4.8,2400.0,4800.0,3.0,396.0,5.0,396.0,288.0,156.0,14.0,11.0,476.0,244.0,232.0,21.0,139.0,966.0,42.0,3.0,0.5,32.0,0.29,37.0,2.8,5.0,2024.0
07/24,5559.0,"Shettihalli Lake, Mallasandra Gudde Lake Bengaluru","E (Irrigation, industrial cooling and controlled waste)",0.3,6.6,811.0,70.0,0.6,2100.0,24000.0,3.0,276.0,5.0,276.0,116.0,232.0,4.2,3.2,296.0,152.0,144.0,5.0,90.0,552.0,52.0,1.0,0.5,26.0,0.24,37.0,2.2,1.8,2024.0
07/24,5560.0,"Hoodi (Rajapalya Lake) Itpl Main Road, Near Hoodi,Bengaluru","E (Irrigation, industrial cooling and controlled waste)",0.3,7.1,1697.0,21.0,6.84,24000.0,48000.0,3.0,268.0,5.0,268.0,404.0,160.0,14.3,11.0,392.0,200.0,192.0,17.0,142.0,1136.0,10.0,1.57,0.5,12.0,0.38,43.0,3.13,4.83,2024.0
07/24,5561.0,"Munekolalu Lake ,Marathahalli, East
Taluka ,Bengaluru","D (Propagation of wild
life,fisheries)",4.3,8.3,655.0,7.0,2.23,630.0,5400.0,8.0,144.0,5.0,148.0,92.0,64.0,1.5,0.4,156.0,84.0,72.0,12.0,42.0,438.0,14.0,1.0,0.5,4.0,0.28,36.0,1.46,3.09,2024.0
07/24,5562.0,"Mahadevpuraâ  Lake, K. R. Puram ,
Bangalore East Taluka","D (Propagation of wild
life,fisheries)",4.3,8.5,574.0,9.0,2.03,470.0,5400.0,16.0,124.0,8.0,140.0,100.0,92.0,1.5,0.84,176.0,88.0,88.0,7.0,62.0,392.0,18.0,0.5,0.5,15.0,0.2,41.0,2.0,1.1,2024.0
07/24,5563.0,"Segehalli Lake Baavanapura Road Battarahalli , Bangalore East","E (Irrigation, industrial cooling and controlled waste)",0.8,6.5,909.0,41.0,3.1,2600.0,22000.0,3.0,324.0,5.0,324.0,88.0,204.0,29.0,20.0,204.0,108.0,96.0,22.0,85.0,596.0,98.0,1.9,0.5,23.0,0.22,44.0,3.0,5.3,2024.0
07/24,5564.0,"Kannamangala Lake Hoskote Main
Road , Bengalore","D (Propagation of wild
life,fisheries)",4.4,7.6,1692.0,8.0,5.9,1700.0,7000.0,3.0,168.0,5.0,168.0,428.0,80.0,1.5,0.57,328.0,172.0,156.0,58.0,200.0,1112.0,24.0,0.2,0.5,43.0,0.35,53.0,5.0,0.3,2024.0
07/24,5565.0,"Kannur Lake Near By Hennur Road
Bengalore","D (Propagation of wild
life,fisheries)",5.7,7.8,925.0,5.0,3.2,230.0,5400.0,3.0,132.0,5.0,132.0,212.0,64.0,1.5,0.4,148.0,80.0,68.0,19.0,150.0,626.0,50.0,0.2,0.5,57.0,0.44,59.0,5.0,0.05,2024.0
07/24,5566.0,"Basavanapura Lake Ayyappa Nagr Main Road , K. R. Puram , Bengaluru","E (Irrigation, industrial cooling and controlled waste)",2.2,7.5,607.0,18.0,2.1,3200.0,14000.0,3.0,144.0,5.0,144.0,76.0,120.0,3.8,2.7,132.0,72.0,60.0,29.0,88.0,408.0,20.0,0.44,0.5,21.0,0.33,54.0,3.0,1.1,2024.0
07/24,5568.0,"Ulsoor Lake Near Kalyani,Bengaluru","D (Propagation of wild
life,fisheries)",6.5,8.8,456.0,8.0,1.43,310.0,3500.0,32.0,60.0,16.0,76.0,60.0,76.0,1.5,0.4,68.0,40.0,28.0,12.0,29.0,304.0,10.0,0.2,0.5,3.0,0.28,47.0,2.0,0.05,2024.0
07/24,5569.0,"Byrasandra Upper Lake,Bengaluru","D (Propagation of wild
life,fisheries)",4.7,6.8,555.0,9.0,2.2,9.2,70.0,3.0,168.0,5.0,168.0,52.0,80.0,1.5,0.4,216.0,112.0,104.0,9.0,45.0,372.0,20.0,0.67,0.5,3.0,0.29,31.0,1.3,1.8,2024.0
07/24,5570.0,"Soulkere, Kaikondrahalli Vill,Bengaluru","E (Irrigation, industrial cooling and controlled waste)",1.8,7.8,1366.0,18.0,4.8,320.0,5400.0,3.0,388.0,5.0,388.0,248.0,118.0,23.0,18.0,376.0,192.0,184.0,33.0,143.0,928.0,86.0,0.9,0.5,33.0,0.22,42.0,3.2,1.8,2024.0
07/24,5571.0,"Kudlu Doddakere, Kudlu Vill,Bengaluru","E (Irrigation, industrial cooling and controlled waste)",0.3,9.8,1104.0,78.0,3.9,1700.0,9400.0,48.0,52.0,24.0,76.0,236.0,260.0,3.8,2.9,236.0,124.0,112.0,58.0,120.0,752.0,58.0,0.5,0.5,36.0,0.2,48.0,3.4,1.0,2024.0
07/24,5572.0,"Kudlu Chikkakere, Bgp Layout Kudlu Vill ,Bengaluru","E (Irrigation, industrial cooling and controlled waste)",1.9,8.2,964.0,27.0,3.4,330.0,9200.0,3.0,172.0,5.0,172.0,116.0,179.0,3.4,2.6,156.0,84.0,72.0,95.0,105.0,656.0,68.0,0.5,0.5,32.0,0.2,36.0,2.4,1.0,2024.0
07/24,5574.0,"Anjanapura Lake ( Avala Halli Lake) Anjanapura,Bengaluru","E (Irrigation, industrial cooling and controlled waste)",1.2,6.7,489.0,40.0,1.9,1400.0,4800.0,3.0,112.0,5.0,112.0,80.0,200.0,4.9,4.1,132.0,72.0,60.0,20.0,47.0,334.0,10.0,0.96,0.5,11.0,0.2,41.0,2.0,2.68,2024.0
08/24,1388.0,Ulsoor Lake Training Centre Of Fish Breeding,"D (Propagation of wild life,fisheries)",6.0,8.6,381.0,6.0,1.53,430.0,2200.0,16.0,88.0,8.0,96.0,60.0,56.0,1.5,0.4,80.0,44.0,36.0,12.0,27.0,258.0,34.0,0.2,0.5,2.0,0.28,41.0,1.31,0.05,2024.0
08/24,2778.0,River Arkavathi At Tippagondanahalli Reservoir,"D (Propagation of wild life,fisheries)",5.9,7.8,1281.0,7.0,4.76,390.0,5400.0,3.0,272.0,5.0,272.0,272.0,60.0,1.5,0.4,320.0,164.0,156.0,18.0,105.0,870.0,18.0,0.62,0.5,7.0,0.35,41.0,3.0,1.6,2024.0
08/24,3589.0,Madiwala Tank,"D (Propagation of wild life,fisheries)",6.2,8.0,524.0,4.0,1.8,1400.0,7900.0,3.0,104.0,5.0,104.0,84.0,40.0,1.5,0.4,104.0,60.0,44.0,19.0,76.0,356.0,10.0,0.29,0.5,34.0,0.27,53.0,3.0,0.79,2024.0
08/24,3590.0,Lalbagh Tank,"D (Propagation of wild life,fisheries)",5.5,8.1,526.0,4.0,2.0,260.0,5400.0,3.0,120.0,5.0,120.0,88.0,40.0,1.5,0.61,140.0,76.0,64.0,21.0,37.0,360.0,10.0,0.2,0.5,11.0,0.21,34.0,1.35,0.51,2024.0
08/24,3591.0,Kempambudhi Tank,"E (Irrigation, industrial cooling and controlled waste)",3.1,6.7,391.0,19.0,1.5,2000.0,17000.0,3.0,88.0,5.0,88.0,60.0,155.0,3.2,2.6,104.0,56.0,48.0,16.0,26.0,266.0,10.0,0.31,0.5,8.0,0.2,31.0,1.1,0.9,2024.0
08/24,3592.0,Yediyur Tank,"D (Propagation of wild life,fisheries)",5.4,6.8,273.0,4.0,1.0,1100.0,13000.0,3.0,60.0,5.0,60.0,44.0,45.0,1.5,0.4,72.0,40.0,32.0,11.0,37.0,186.0,12.0,0.2,0.5,5.0,0.2,50.0,2.0,0.05,2024.0
08/24,3593.0,Ulsoor Lake Temple,"D (Propagation of wild life,fisheries)",5.9,8.4,374.0,8.0,1.5,32.0,350.0,16.0,88.0,8.0,96.0,56.0,76.0,1.5,0.4,60.0,36.0,24.0,20.0,25.0,254.0,40.0,0.2,0.5,2.0,0.2,47.0,1.4,0.05,2024.0
08/24,3594.0,Sankey Tank,"D (Propagation of wild life,fisheries)",6.9,7.5,532.0,4.0,2.1,170.0,2400.0,3.0,120.0,5.0,120.0,88.0,40.0,1.5,0.4,140.0,76.0,64.0,22.0,48.0,364.0,10.0,0.2,0.5,11.0,0.44,40.0,2.0,0.27,2024.0
08/24,3595.0,Byrasandra Tank,"D (Propagation of wild life,fisheries)",4.2,7.2,508.0,9.0,2.04,2600.0,11000.0,3.0,140.0,5.0,140.0,60.0,80.0,1.5,0.86,136.0,72.0,64.0,24.0,41.0,344.0,26.0,0.35,0.5,2.0,0.36,39.0,1.53,0.93,2024.0
08/24,3596.0,Nayandanahalli Tank,"D (Propagation of wild life,fisheries)",5.7,8.8,800.0,5.0,5.7,32.0,1600.0,156.0,296.0,156.0,296.0,128.0,64.0,1.5,0.4,196.0,104.0,92.0,30.0,89.0,542.0,14.0,0.2,0.5,20.0,0.32,47.0,2.8,0.6,2024.0
08/24,3597.0,Hesaraghatta Lake,"D (Propagation of wild life,fisheries)",6.0,8.1,359.0,4.0,1.4,380.0,3500.0,3.0,96.0,5.0,96.0,56.0,44.0,1.5,0.46,80.0,44.0,36.0,15.0,31.0,246.0,10.0,0.2,0.5,7.0,0.28,42.0,2.0,0.05,2024.0
08/24,3598.0,Herohalli Tank,"E (Irrigation, industrial cooling and controlled waste)",3.2,6.8,429.0,24.0,1.65,3100.0,11000.0,3.0,132.0,5.0,132.0,48.0,180.0,2.3,1.8,124.0,68.0,56.0,7.0,29.0,292.0,92.0,0.91,0.5,2.0,0.2,33.0,1.13,2.45,2024.0
08/24,3599.0,Anchepalya Lake,"E (Irrigation, industrial cooling and controlled waste)",2.8,7.2,365.0,19.0,1.4,2100.0,9400.0,3.0,84.0,5.0,84.0,60.0,156.0,4.3,3.6,100.0,56.0,44.0,16.0,32.0,250.0,10.0,0.27,0.5,7.0,0.2,39.0,1.4,0.79,2024.0
08/24,3600.0,Shivapura Tank,"D (Propagation of wild life,fisheries)",6.0,7.2,1038.0,4.0,4.18,580.0,16000.0,3.0,172.0,5.0,172.0,188.0,40.0,1.5,0.4,276.0,144.0,132.0,41.0,92.0,704.0,14.0,0.2,0.5,7.0,0.39,41.0,2.4,0.05,2024.0
08/24,3601.0,Karihobanahalli Lake,"E (Irrigation, industrial cooling and controlled waste)",2.8,6.8,967.0,27.0,3.9,1400.0,7900.0,3.0,176.0,5.0,176.0,180.0,220.0,10.0,8.2,216.0,112.0,104.0,21.0,85.0,656.0,16.0,1.57,0.5,5.0,0.52,45.0,3.0,4.3,2024.0
08/24,3602.0,Bellandur Lake,"E (Irrigation, industrial cooling and controlled waste)",3.3,7.5,1100.0,29.0,4.71,11.0,350.0,3.0,144.0,5.0,144.0,148.0,208.0,10.14,7.8,204.0,108.0,96.0,43.0,105.0,748.0,16.0,1.35,0.5,4.0,0.46,52.0,3.21,3.57,2024.0
08/24,3604.0,Doddanekkundi Lake,"D (Propagation of wild life,fisheries)",5.4,7.0,574.0,6.0,2.0,430.0,9200.0,3.0,136.0,5.0,136.0,72.0,56.0,1.5,0.4,164.0,88.0,76.0,20.0,73.0,386.0,72.0,0.21,0.5,22.0,0.45,45.0,2.0,0.55,2024.0
08/24,3605.0,Yelemallappa Shetty Lake,"E (Irrigation, industrial cooling and controlled waste)",1.2,6.9,616.0,32.0,2.4,2200.0,9400.0,3.0,140.0,5.0,140.0,104.0,196.0,4.8,4.2,168.0,88.0,80.0,25.0,55.0,420.0,12.0,0.87,0.5,14.0,0.2,39.0,2.0,2.45,2024.0
08/24,3606.0,Dasarahalli Tank,"E (Irrigation, industrial cooling and controlled waste)",2.2,6.8,299.0,24.0,1.1,2100.0,11000.0,3.0,68.0,5.0,68.0,48.0,176.0,4.6,3.9,80.0,44.0,36.0,12.0,27.0,204.0,10.0,0.61,0.5,6.0,0.2,39.0,1.31,1.78,2024.0
08/24,3607.0,Kalkere Tank,"E (Irrigation, industrial cooling and controlled waste)",2.6,6.5,829.0,15.0,3.2,1400.0,13000.0,3.0,192.0,5.0,192.0,140.0,129.0,4.3,3.9,224.0,116.0,108.0,34.0,76.0,568.0,16.0,0.38,0.5,17.0,0.21,42.0,2.21,1.06,2024.0
08/24,3608.0,Varthur Lake,"E (Irrigation, industrial cooling and controlled waste)",0.3,6.8,1146.0,83.0,4.4,920000.0,4600000.0,3.0,268.0,5.0,268.0,192.0,360.0,19.0,15.0,312.0,160.0,152.0,47.0,112.0,788.0,20.0,1.05,0.5,23.0,0.54,41.0,2.76,3.01,2024.0
08/24,3609.0,Ibbalur Lake,"E (Irrigation, industrial cooling and controlled waste)",1.9,7.0,826.0,30.0,3.29,26.0,1600.0,3.0,140.0,5.0,140.0,100.0,196.0,3.64,2.8,144.0,76.0,68.0,14.0,68.0,562.0,10.0,0.72,0.5,3.0,0.26,50.0,2.45,1.91,2024.0
08/24,3610.0,Tubarahalli Tank,"E (Irrigation, industrial cooling and controlled waste)",2.9,6.6,1018.0,21.0,4.1,33.0,920.0,3.0,236.0,5.0,236.0,172.0,161.0,6.1,5.5,284.0,148.0,136.0,41.0,104.0,696.0,12.0,0.54,0.5,21.0,0.26,42.0,2.68,1.58,2024.0
08/24,3611.0,Kaikondanahalli Lake,"E (Irrigation, industrial cooling and controlled waste)",2.5,7.8,1331.0,58.0,6.58,3100.0,9400.0,3.0,316.0,5.0,316.0,112.0,312.0,33.8,26.0,356.0,184.0,172.0,36.0,125.0,904.0,22.0,1.01,0.5,6.0,0.49,42.0,2.88,2.67,2024.0
08/24,3612.0,Agaram Lake,"E (Irrigation, industrial cooling and controlled waste)",2.2,7.4,1110.0,36.0,4.62,23.0,920.0,3.0,192.0,5.0,192.0,92.0,256.0,8.58,6.6,208.0,108.0,100.0,26.0,96.0,754.0,10.0,2.83,0.5,6.0,0.38,49.0,2.89,7.36,2024.0
08/24,3613.0,Gottigere Lake,"D (Propagation of wild life,fisheries)",5.8,7.6,823.0,7.0,3.32,2100.0,11000.0,3.0,180.0,5.0,180.0,132.0,64.0,1.5,0.4,164.0,88.0,76.0,25.0,71.0,560.0,42.0,0.47,0.5,5.0,0.26,48.0,2.4,1.19,2024.0
08/24,3614.0,Puttenahalli Lake,"D (Propagation of wild life,fisheries)",5.0,7.5,543.0,6.0,2.19,260.0,3500.0,3.0,108.0,5.0,108.0,88.0,52.0,1.5,0.4,116.0,64.0,52.0,9.0,42.0,368.0,12.0,0.3,0.5,3.0,0.31,43.0,1.7,0.8,2024.0
08/24,3615.0,Arakere Lake,"D (Propagation of wild life,fisheries)",5.7,8.0,852.0,5.0,2.9,430.0,5400.0,3.0,200.0,5.0,200.0,140.0,60.0,1.5,0.4,180.0,96.0,84.0,29.0,108.0,574.0,66.0,1.6,0.5,37.0,0.49,51.0,4.0,3.9,2024.0
08/24,3616.0,Kalena Agrahara Lake,"D (Propagation of wild life,fisheries)",6.1,7.1,772.0,4.0,2.7,2100.0,4800.0,3.0,164.0,5.0,164.0,108.0,48.0,1.5,0.4,180.0,96.0,84.0,36.0,96.0,518.0,40.0,0.22,0.5,31.0,0.48,49.0,3.0,0.58,2024.0
08/24,3617.0,Hulimavu Lake,"D (Propagation of wild life,fisheries)",6.0,8.0,482.0,7.0,1.94,240.0,5400.0,3.0,108.0,5.0,108.0,76.0,60.0,1.5,0.4,104.0,56.0,48.0,20.0,37.0,328.0,24.0,0.26,0.5,2.0,0.21,43.0,1.58,0.66,2024.0
08/24,3618.0,Singasandra Lake,"D (Propagation of wild life,fisheries)",6.1,8.0,400.0,4.0,0.3,410.0,3500.0,3.0,104.0,5.0,104.0,60.0,40.0,1.5,0.4,140.0,76.0,64.0,22.0,48.0,308.0,10.0,0.31,0.5,5.0,0.32,41.0,1.7,0.84,2024.0
08/24,3619.0,Begur Tank,"D (Propagation of wild life,fisheries)",6.1,7.3,1546.0,4.0,5.4,170.0,2400.0,3.0,128.0,5.0,128.0,360.0,44.0,1.5,0.4,232.0,124.0,108.0,120.0,188.0,1034.0,34.0,0.24,0.5,45.0,0.64,58.0,5.0,0.59,2024.0
08/24,3620.0,Parappana Agrahara Lake,"D (Propagation of wild life,fisheries)",5.7,8.0,608.0,5.0,0.65,24.0,1600.0,3.0,96.0,5.0,96.0,100.0,60.0,1.5,0.4,116.0,64.0,52.0,39.0,65.0,410.0,28.0,0.83,0.5,10.0,0.31,52.0,2.6,2.2,2024.0
08/24,3621.0,Haralur Lake,"D (Propagation of wild life,fisheries)",6.0,8.2,676.0,4.0,0.71,270.0,3500.0,3.0,104.0,5.0,104.0,128.0,48.0,1.5,0.4,116.0,64.0,52.0,27.0,70.0,454.0,198.0,0.79,0.5,8.0,0.26,54.0,2.9,2.0,2024.0
08/24,3622.0,Somasundrapalya Lake,"D (Propagation of wild life,fisheries)",5.8,7.1,814.0,5.0,0.3,43.0,920.0,3.0,132.0,5.0,132.0,148.0,68.0,1.5,0.4,152.0,84.0,68.0,19.0,86.0,548.0,10.0,8.0,0.5,13.0,2.2,52.0,3.0,0.84,2024.0
08/24,3623.0,Anekal Doddakere Tank,"E (Irrigation, industrial cooling and controlled waste)",3.4,7.4,1690.0,17.0,5.9,260.0,3500.0,3.0,208.0,5.0,208.0,456.0,116.0,1.9,1.4,340.0,176.0,164.0,26.0,172.0,1132.0,10.0,0.41,0.5,22.0,0.51,50.0,4.0,1.2,2024.0
08/24,3624.0,Puttenahalli Lake,"D (Propagation of wild life,fisheries)",5.8,7.2,681.0,7.0,2.75,260.0,5400.0,3.0,156.0,5.0,156.0,108.0,64.0,1.5,0.4,168.0,88.0,80.0,16.0,58.0,462.0,18.0,1.34,0.5,4.0,0.21,42.0,1.95,3.54,2024.0
08/24,3625.0,Hebbal Lake,"D (Propagation of wild life,fisheries)",5.9,7.0,685.0,6.0,2.76,3100.0,9400.0,3.0,148.0,5.0,148.0,112.0,56.0,1.5,0.4,156.0,84.0,72.0,27.0,59.0,446.0,20.0,1.18,0.5,4.0,0.28,44.0,2.06,3.03,2024.0
08/24,3626.0,Nagavara Lake,"D (Propagation of wild life,fisheries)",5.9,7.1,679.0,6.0,2.74,210.0,5400.0,3.0,160.0,5.0,160.0,96.0,56.0,1.5,0.4,176.0,92.0,84.0,23.0,55.0,462.0,12.0,1.05,0.5,3.0,0.24,40.0,1.81,2.78,2024.0
08/24,3627.0,Jakkur Lake,"D (Propagation of wild life,fisheries)",4.3,6.9,910.0,8.0,3.67,930.0,7900.0,3.0,188.0,5.0,188.0,156.0,80.0,1.5,0.68,200.0,120.0,80.0,22.0,72.0,618.0,14.0,2.79,0.5,5.0,0.26,43.0,2.21,7.22,2024.0
08/24,3628.0,Amruthahalli Lake,"D (Propagation of wild life,fisheries)",4.6,7.2,658.0,7.0,2.3,12000.0,70000.0,3.0,152.0,5.0,152.0,92.0,84.0,1.5,0.51,152.0,84.0,68.0,17.0,62.0,440.0,58.0,1.3,0.5,18.0,0.35,45.0,2.0,3.4,2024.0
08/24,3629.0,Allalasandra Lake,"D (Propagation of wild life,fisheries)",4.8,7.0,922.0,9.0,3.72,170.0,3500.0,3.0,180.0,5.0,180.0,172.0,84.0,1.5,0.73,200.0,120.0,80.0,20.0,77.0,626.0,24.0,2.92,0.5,5.0,0.32,45.0,2.36,7.63,2024.0
08/24,3630.0,Yelahanka Tank,"D (Propagation of wild life,fisheries)",4.6,6.9,920.0,9.0,3.71,1100.0,46000.0,3.0,192.0,5.0,192.0,148.0,88.0,1.5,0.4,196.0,104.0,92.0,20.0,76.0,624.0,24.0,2.88,0.5,4.0,0.3,45.0,2.35,7.49,2024.0
08/24,3633.0,Subramanyapura Tank,"D (Propagation of wild life,fisheries)",4.9,8.1,643.0,8.0,2.2,1200.0,13000.0,3.0,172.0,5.0,180.0,124.0,84.0,1.5,0.92,144.0,76.0,68.0,18.0,72.0,438.0,154.0,0.5,0.5,25.0,0.2,47.0,2.6,1.0,2024.0
08/24,3634.0,Devarakere Tank,"D (Propagation of wild life,fisheries)",4.6,8.7,383.0,9.0,0.3,1700.0,7000.0,3.0,136.0,5.0,136.0,40.0,87.0,1.5,0.95,112.0,60.0,52.0,19.0,36.0,260.0,104.0,1.0,0.5,16.0,0.2,35.0,1.36,2.0,2024.0
08/24,3635.0,Malathahalli Lake,"D (Propagation of wild life,fisheries)",4.9,6.7,666.0,5.0,2.6,2100.0,11000.0,3.0,152.0,5.0,152.0,112.0,48.0,1.5,0.62,180.0,92.0,88.0,27.0,61.0,458.0,72.0,0.2,0.5,13.0,0.2,40.0,2.0,0.45,2024.0
08/24,3636.0,Hoskere Lake,"E (Irrigation, industrial cooling and controlled waste)",3.1,6.5,398.0,18.0,1.5,2000.0,9400.0,3.0,88.0,5.0,88.0,64.0,160.0,4.1,3.7,104.0,56.0,48.0,16.0,37.0,266.0,36.0,0.2,0.5,8.0,0.2,41.0,2.0,0.05,2024.0
08/24,3638.0,Yelachenahalli Lake,"D (Propagation of wild life,fisheries)",5.1,7.9,409.0,5.0,1.6,310.0,3500.0,3.0,92.0,5.0,92.0,64.0,50.0,1.5,0.56,108.0,60.0,48.0,17.0,77.0,278.0,10.0,0.2,0.5,8.0,0.2,58.0,3.22,0.05,2024.0
08/24,3639.0,Kengeri Tank,"D (Propagation of wild life,fisheries)",6.1,7.6,756.0,4.0,2.9,14.0,240.0,3.0,176.0,5.0,176.0,128.0,43.0,1.5,0.4,204.0,108.0,96.0,31.0,73.0,518.0,10.0,0.2,0.5,15.0,0.21,42.0,2.2,0.51,2024.0
08/24,3640.0,Uttarahalli Doraikere,"D (Propagation of wild life,fisheries)",4.2,6.5,248.0,9.0,0.7,1100.0,7900.0,3.0,76.0,5.0,76.0,28.0,89.0,1.5,0.9,76.0,44.0,32.0,15.0,30.0,170.0,86.0,0.3,0.5,10.0,0.2,42.0,1.5,0.6,2024.0
08/24,3641.0,Dhorekere Tank,"E (Irrigation, industrial cooling and controlled waste)",3.0,7.5,385.0,12.0,1.3,2600.0,11000.0,3.0,136.0,5.0,136.0,40.0,116.0,1.6,1.2,124.0,64.0,60.0,19.0,36.0,260.0,104.0,1.0,0.5,16.0,0.2,35.0,1.36,2.0,2024.0
08/24,3642.0,Jigani Tank,"E (Irrigation, industrial cooling and controlled waste)",2.7,7.4,964.0,30.0,3.4,210.0,5400.0,3.0,236.0,5.0,236.0,136.0,172.0,10.6,8.0,212.0,112.0,100.0,12.0,105.0,650.0,10.0,2.9,0.5,14.0,0.31,50.0,3.0,7.9,2024.0
08/24,3643.0,Benniganahalli Lake,"E (Irrigation, industrial cooling and controlled waste)",3.1,6.7,582.0,14.0,2.2,210.0,3500.0,3.0,132.0,5.0,132.0,96.0,120.0,2.3,1.9,156.0,84.0,72.0,24.0,51.0,396.0,10.0,0.24,0.5,12.0,0.2,39.0,2.0,0.68,2024.0
08/24,3655.0,Mathikere Tank,"D (Propagation of wild life,fisheries)",4.9,7.2,349.0,5.0,1.3,210.0,3500.0,3.0,76.0,5.0,76.0,56.0,51.0,1.5,0.59,92.0,52.0,40.0,14.0,31.0,236.0,46.0,0.2,0.5,7.0,0.37,40.0,1.4,0.05,2024.0
08/24,3678.0,Nanjapura Tank,"E (Irrigation, industrial cooling and controlled waste)",4.9,6.89,2970.0,8.0,3.5,1405.0,6450.0,3.0,154.0,5.0,480.0,440.0,134.0,9.865,0.4,740.0,400.0,340.0,500.0,346.0,2020.0,12.0,0.2,0.5,12.0,0.9,42.0,5.53,1.7300000000000002,2024.0
08/24,4094.0,Gangondanahalli Lake,"E (Irrigation, industrial cooling and controlled waste)",0.3,6.8,1376.0,45.0,5.55,2600.0,9400.0,3.0,232.0,5.0,232.0,288.0,300.0,18.23,15.0,328.0,168.0,160.0,53.0,152.0,934.0,10.0,1.25,0.5,9.0,0.43,44.0,3.0,3.41,2024.0
08/24,4097.0,Kachohalli Lake,"E (Irrigation, industrial cooling and controlled waste)",0.3,6.6,1750.0,79.0,4.475,2100.0,11000.0,3.0,408.0,5.0,408.0,296.0,400.0,45.0,38.0,476.0,244.0,232.0,71.0,160.0,1198.0,10.0,1.04,0.5,35.0,0.23,40.0,3.2,2.9,2024.0
08/24,4107.0,"River Dakshina Pinakini Near Mugalur Bridge Mugalur, Bengaluru","E (Irrigation, industrial cooling and controlled waste)",2.2,7.0,968.0,42.0,3.4,260.0,3500.0,3.0,220.0,5.0,220.0,120.0,236.0,28.0,20.0,212.0,112.0,100.0,32.0,94.0,648.0,14.0,1.4,0.5,31.0,0.26,45.0,3.0,3.6,2024.0
08/24,4504.0,Sarakki Lake,"D (Propagation of wild life,fisheries)",5.3,7.5,808.0,5.0,3.1,210.0,3500.0,3.0,184.0,5.0,184.0,132.0,48.0,1.5,0.41,216.0,112.0,104.0,33.0,79.0,550.0,10.0,0.27,0.5,16.0,0.26,42.0,2.35,0.79,2024.0
08/24,4505.0,Nelamangala Lake,"E (Irrigation, industrial cooling and controlled waste)",2.0,6.7,1213.0,18.0,4.3,3300.0,28000.0,3.0,348.0,5.0,348.0,216.0,118.0,6.0,3.9,336.0,172.0,164.0,24.0,132.0,826.0,38.0,2.0,0.5,28.0,0.3,43.0,3.1,4.0,2024.0
08/24,4506.0,Abbigere Lake,"D (Propagation of wild life,fisheries)",5.7,7.9,935.0,5.0,3.3,17.0,920.0,3.0,152.0,5.0,152.0,164.0,52.0,1.5,0.4,200.0,108.0,92.0,74.0,104.0,624.0,48.0,0.22,0.5,14.0,0.32,51.0,3.0,0.55,2024.0
08/24,4507.0,Chelekere Lake,"D (Propagation of wild life,fisheries)",6.0,7.0,681.0,5.0,2.75,11000.0,49000.0,3.0,156.0,5.0,156.0,116.0,48.0,1.5,0.4,172.0,92.0,80.0,21.0,56.0,464.0,26.0,1.07,0.5,3.0,0.26,41.0,1.85,2.85,2024.0
08/24,4508.0,Singapura Lake,"D (Propagation of wild life,fisheries)",6.1,7.0,684.0,5.0,2.76,930.0,7900.0,3.0,164.0,5.0,164.0,124.0,44.0,1.5,0.4,188.0,100.0,88.0,23.0,56.0,464.0,30.0,1.15,0.5,3.0,0.29,39.0,1.77,2.94,2024.0
08/24,4509.0,Narasipura Lake,"D (Propagation of wild life,fisheries)",5.8,7.0,686.0,6.0,0.3,260.0,3500.0,3.0,152.0,5.0,152.0,116.0,56.0,1.5,0.4,176.0,92.0,84.0,21.0,56.0,466.0,28.0,1.05,0.5,3.0,0.29,40.0,1.84,2.78,2024.0
08/24,4510.0,Rachenahalli Lake,"D (Propagation of wild life,fisheries)",4.8,6.9,948.0,7.0,3.7,3100.0,11000.0,3.0,176.0,5.0,176.0,164.0,60.0,1.5,0.71,196.0,104.0,92.0,21.0,73.0,646.0,22.0,1.35,0.5,5.0,0.34,44.0,2.26,3.57,2024.0
08/24,4511.0,Kogilu Kere,"D (Propagation of wild life,fisheries)",5.7,7.4,661.0,5.0,2.3,2300.0,13000.0,3.0,156.0,5.0,156.0,92.0,64.0,1.5,0.4,148.0,80.0,68.0,16.0,65.0,444.0,24.0,1.5,0.5,21.0,0.38,46.0,2.0,3.8,2024.0
08/24,4512.0,Viswaneedam Lake,"E (Irrigation, industrial cooling and controlled waste)",2.6,6.6,396.0,28.0,1.59,320.0,3500.0,3.0,112.0,5.0,112.0,36.0,196.0,4.6,3.6,116.0,64.0,52.0,6.0,26.0,268.0,10.0,1.24,0.5,2.0,0.2,32.0,1.05,3.44,2024.0
08/24,4513.0,Ramammana Kere,"E (Irrigation, industrial cooling and controlled waste)",3.3,7.1,1236.0,17.0,4.7,32.0,1600.0,3.0,288.0,5.0,288.0,208.0,129.0,2.5,2.1,336.0,172.0,164.0,52.0,117.0,846.0,10.0,0.31,0.5,25.0,0.32,41.0,2.78,0.88,2024.0
08/24,4514.0,Sadaramangala Lake,"D (Propagation of wild life,fisheries)",5.6,7.2,639.0,5.0,2.2,310.0,3500.0,3.0,84.0,5.0,84.0,108.0,60.0,1.5,0.48,156.0,84.0,72.0,32.0,80.0,422.0,26.0,0.44,0.5,27.0,0.3,47.0,3.0,1.2,2024.0
08/24,4515.0,Bhattarahalli Lake,"D (Propagation of wild life,fisheries)",5.6,7.0,1045.0,4.0,4.0,1700.0,11000.0,3.0,240.0,5.0,240.0,176.0,40.0,1.5,0.4,284.0,148.0,136.0,42.0,104.0,716.0,10.0,0.26,0.5,21.0,0.31,42.0,2.68,0.76,2024.0
08/24,4516.0,Kundalahalli Lake,"D (Propagation of wild life,fisheries)",5.2,7.3,668.0,4.0,2.5,390.0,3500.0,3.0,148.0,5.0,148.0,112.0,44.0,1.5,0.44,184.0,96.0,88.0,27.0,63.0,456.0,10.0,0.2,0.5,13.0,0.2,41.0,2.02,0.05,2024.0
08/24,4517.0,Kowdhenahalli Tank,"E (Irrigation, industrial cooling and controlled waste)",2.2,6.7,698.0,33.0,2.7,1100.0,4800.0,3.0,160.0,5.0,160.0,116.0,200.0,3.2,2.8,188.0,100.0,88.0,28.0,66.0,474.0,10.0,0.26,0.5,16.0,0.2,41.0,2.1,0.74,2024.0
08/24,4518.0,Garudacharpalya Tank,"D (Propagation of wild life,fisheries)",5.9,8.2,642.0,4.0,2.2,400.0,5400.0,3.0,104.0,5.0,104.0,104.0,48.0,1.5,0.4,160.0,88.0,72.0,30.0,82.0,428.0,24.0,0.59,0.5,30.0,0.29,47.0,3.0,1.7,2024.0
08/24,4519.0,Rampura Lake,"E (Irrigation, industrial cooling and controlled waste)",0.3,7.0,1166.0,5.0,4.5,17.0,1600.0,3.0,272.0,5.0,272.0,196.0,47.0,8.1,7.6,316.0,164.0,152.0,48.0,113.0,802.0,34.0,1.3,0.5,23.0,0.26,41.0,2.76,3.79,2024.0
08/24,4520.0,Chinnappanahalli Lake,"D (Propagation of wild life,fisheries)",5.4,7.2,665.0,5.0,2.1,1400.0,7900.0,3.0,144.0,5.0,144.0,108.0,48.0,1.5,0.4,176.0,92.0,84.0,27.0,61.0,448.0,10.0,0.2,0.5,12.0,0.2,41.0,2.0,0.05,2024.0
08/24,4521.0,Devarabeesanahalli Lake,"D (Propagation of wild life,fisheries)",5.8,7.2,450.0,8.0,4.15,120.0,3500.0,3.0,64.0,5.0,64.0,28.0,72.0,1.5,0.68,64.0,36.0,28.0,13.0,69.0,306.0,10.0,0.2,0.5,5.0,0.46,68.0,3.75,0.05,2024.0
08/24,4522.0,Vibhuthipura Lake,"D (Propagation of wild life,fisheries)",5.8,6.9,460.0,5.0,1.5,9200.0,46000.0,3.0,132.0,5.0,132.0,40.0,64.0,1.5,0.4,156.0,84.0,72.0,27.0,46.0,312.0,92.0,0.86,0.5,24.0,0.3,34.0,2.0,2.2,2024.0
08/24,4523.0,Nallurahalli Lake,"D (Propagation of wild life,fisheries)",6.3,7.0,672.0,4.0,2.6,260.0,5400.0,3.0,152.0,5.0,152.0,112.0,42.0,1.5,0.46,180.0,96.0,84.0,27.0,64.0,454.0,10.0,0.2,0.5,13.0,0.2,42.0,2.07,0.05,2024.0
08/24,4524.0,Pattandur Agrahara Lake,"D (Propagation of wild life,fisheries)",5.6,7.6,1516.0,5.0,5.8,32.0,1600.0,3.0,352.0,5.0,352.0,256.0,48.0,1.5,0.4,412.0,212.0,200.0,62.0,141.0,1042.0,10.0,0.28,0.5,30.0,0.48,40.0,3.02,0.8,2024.0
08/24,4525.0,Seetharampalya Lake,"D (Propagation of wild life,fisheries)",6.2,7.5,1078.0,4.0,4.1,1400.0,7900.0,3.0,248.0,5.0,248.0,180.0,40.0,1.5,0.4,292.0,152.0,140.0,44.0,103.0,726.0,10.0,0.2,0.5,22.0,0.22,41.0,2.62,0.49,2024.0
08/24,4526.0,Devasandra Lake,"D (Propagation of wild life,fisheries)",4.6,6.7,625.0,4.0,2.5,330.0,5400.0,3.0,144.0,5.0,144.0,108.0,40.0,1.5,0.88,172.0,92.0,80.0,27.0,57.0,428.0,10.0,0.21,0.5,15.0,0.2,39.0,2.0,0.58,2024.0
08/24,4527.0,Sheelavanta-Whitefield Lake,"E (Irrigation, industrial cooling and controlled waste)",3.1,6.9,1015.0,19.0,3.9,210.0,3500.0,3.0,232.0,5.0,532.0,168.0,142.0,3.8,3.3,276.0,144.0,132.0,41.0,101.0,692.0,12.0,0.37,0.5,20.0,0.275,42.0,2.64,1.05,2024.0
08/24,4528.0,Doddakannehalli Lake,"D (Propagation of wild life,fisheries)",4.8,7.2,1000.0,9.0,4.15,21.0,1600.0,3.0,104.0,5.0,104.0,108.0,80.0,1.5,0.83,168.0,88.0,80.0,21.0,89.0,680.0,16.0,0.64,0.5,5.0,0.35,53.0,2.99,1.66,2024.0
08/24,4529.0,Kasavanahalli Lake,"D (Propagation of wild life,fisheries)",6.4,6.9,647.0,4.0,1.17,21.0,1600.0,3.0,76.0,5.0,76.0,72.0,40.0,1.5,0.41,124.0,68.0,56.0,31.0,17.0,440.0,18.0,0.2,0.5,2.0,0.2,0.65,22.0,0.05,2024.0
08/24,4531.0,Rayasandra Lake,"E (Irrigation, industrial cooling and controlled waste)",2.0,7.1,1736.0,45.0,6.0,3200.0,14000.0,3.0,304.0,5.0,304.0,304.0,248.0,30.0,22.0,396.0,204.0,192.0,34.0,209.0,1144.0,10.0,0.78,0.5,38.0,0.29,50.0,6.0,1.9,2024.0
08/24,4532.0,Chandapura Lake,"E (Irrigation, industrial cooling and controlled waste)",2.9,6.9,705.0,28.0,2.5,840.0,9200.0,3.0,84.0,5.0,84.0,100.0,184.0,13.2,8.6,184.0,100.0,84.0,34.0,68.0,474.0,12.0,0.2,0.5,25.0,0.34,41.0,2.0,0.31,2024.0
08/24,4533.0,Ullalu Lake,"D (Propagation of wild life,fisheries)",5.2,6.8,509.0,4.0,0.3,210.0,5400.0,3.0,80.0,5.0,80.0,80.0,40.0,1.5,0.4,136.0,72.0,64.0,21.0,49.0,342.0,10.0,0.2,0.5,10.0,0.36,41.0,2.0,0.05,2024.0
08/24,4534.0,Sompura Lake,"E (Irrigation, industrial cooling and controlled waste)",2.4,7.6,1380.0,26.0,4.9,1400.0,4800.0,3.0,236.0,5.0,236.0,140.0,177.0,17.0,13.0,288.0,148.0,140.0,127.0,145.0,940.0,22.0,0.2,0.5,36.0,0.25,48.0,3.7,0.05,2024.0
08/24,4535.0,Gubbalal Lake,"E (Irrigation, industrial cooling and controlled waste)",3.2,7.5,559.0,12.0,1.8,1700.0,14000.0,3.0,172.0,5.0,172.0,116.0,119.0,1.6,1.2,116.0,64.0,52.0,79.5,59.0,310.0,10.0,0.6,0.5,18.0,0.2,47.0,2.0,1.1,2024.0
08/24,4536.0,Hosakerehalli Lake,"D (Propagation of wild life,fisheries)",4.6,7.2,306.0,8.0,4.1,14000.0,70000.0,3.0,48.0,5.0,48.0,44.0,72.0,1.5,0.4,60.0,32.0,28.0,32.0,30.0,208.0,20.0,0.2,0.5,8.0,0.2,48.0,1.7,0.6,2024.0
08/24,4537.0,Chinnakurchi Kere,"D (Propagation of wild life,fisheries)",4.6,7.8,316.0,9.0,1.0,21000.0,94000.0,3.0,100.0,5.0,100.0,20.0,85.0,1.5,0.86,76.0,44.0,32.0,27.0,41.0,216.0,152.0,0.2,0.5,16.0,0.2,47.0,2.0,0.05,2024.0
08/24,4538.0,Machohalli Lake,"E (Irrigation, industrial cooling and controlled waste)",0.3,7.4,1679.0,67.0,6.4,320.0,3500.0,3.0,392.0,5.0,392.0,284.0,316.0,38.0,33.0,456.0,232.0,224.0,68.0,154.0,1142.0,12.0,0.93,0.5,33.0,0.21,40.0,3.13,2.64,2024.0
08/24,4540.0,Kammagondanahalli Lake,"E (Irrigation, industrial cooling and controlled waste)",2.3,7.2,501.0,20.0,1.7,38.0,1600.0,3.0,128.0,5.0,128.0,56.0,116.0,2.2,1.6,140.0,76.0,64.0,23.0,55.0,338.0,30.0,0.94,0.5,8.0,0.2,44.0,2.0,2.6,2024.0
08/24,4541.0,Alur Lake,"D (Propagation of wild life,fisheries)",6.5,6.9,202.0,4.0,1.0,1400.0,7000.0,3.0,44.0,5.0,44.0,36.0,40.0,1.5,0.4,52.0,28.0,24.0,8.0,18.0,138.0,68.0,0.2,0.5,4.0,0.2,40.0,1.09,0.05,2024.0
08/24,4542.0,Basavanapura Lake,"D (Propagation of wild life,fisheries)",5.7,7.3,1273.0,6.0,5.13,2600.0,11000.0,3.0,148.0,5.0,148.0,256.0,56.0,1.5,0.52,196.0,104.0,92.0,37.0,117.0,864.0,98.0,1.03,0.5,10.0,0.29,55.0,4.0,2.78,2024.0
08/24,4543.0,Kodi Singasandra Lake,"D (Propagation of wild life,fisheries)",6.0,7.1,773.0,4.0,2.7,2100.0,3500.0,3.0,168.0,5.0,168.0,112.0,40.0,1.5,0.4,172.0,92.0,80.0,61.0,97.0,518.0,22.0,0.25,0.5,32.0,0.48,50.0,3.0,0.66,2024.0
08/24,4544.0,Kothanuru Lake,"D (Propagation of wild life,fisheries)",5.6,6.9,1552.0,6.0,6.66,140.0,2400.0,3.0,116.0,5.0,116.0,376.0,56.0,1.5,0.4,232.0,120.0,112.0,41.0,144.0,1054.0,30.0,1.34,0.5,12.0,0.38,56.0,4.11,3.71,2024.0
08/24,4547.0,Mangamanapalya Lake(Swarana Kunte),"D (Propagation of wild life,fisheries)",4.5,8.3,428.0,6.0,1.5,2000.0,9400.0,3.0,100.0,5.0,100.0,60.0,52.0,1.5,0.4,104.0,60.0,44.0,21.0,52.0,290.0,10.0,0.38,0.5,5.0,0.35,50.0,2.0,0.94,2024.0
08/24,5558.0,"Kannahalli Lake Kannahalli, Bengaluru","E (Irrigation, industrial cooling and controlled waste)",2.8,6.9,1306.0,30.0,5.06,330.0,2400.0,3.0,332.0,5.0,332.0,228.0,208.0,5.63,4.4,396.0,204.0,192.0,34.0,111.0,888.0,10.0,0.6,0.5,8.0,0.2,37.0,2.43,1.6,2024.0
08/24,5559.0,"Shettihalli Lake, Mallasandra Gudde Lake Bengaluru","D (Propagation of wild life,fisheries)",5.7,6.7,767.0,5.0,0.3,24.0,1600.0,3.0,224.0,5.0,224.0,96.0,60.0,1.5,0.4,224.0,120.0,104.0,7.0,82.0,514.0,10.0,0.43,0.5,11.0,0.23,43.0,2.0,1.1,2024.0
08/24,5560.0,"Hoodi (Rajapalya Lake) Itpl Main Road, Near Hoodi, Bengaluru","D (Propagation of wild life,fisheries)",4.9,7.1,640.0,7.0,2.2,230.0,2400.0,3.0,80.0,5.0,80.0,100.0,84.0,1.5,0.52,132.0,72.0,60.0,33.0,81.0,424.0,10.0,0.47,0.5,27.0,0.3,51.0,3.0,1.2,2024.0
08/24,5561.0,"Munekolalu Lake ,Marathahalli, East Taluka
,Bengaluru","D (Propagation of wild life,fisheries)",4.7,8.0,548.0,6.0,1.8,2600.0,9400.0,3.0,124.0,5.0,124.0,88.0,72.0,1.5,0.4,144.0,76.0,68.0,22.0,53.0,368.0,32.0,0.2,0.5,11.0,0.23,42.0,2.0,0.05,2024.0
08/24,5562.0,"Mahadevpuraâ  Lake, K. R. Puram , Bangalore East Taluka","D (Propagation of wild life,fisheries)",6.0,8.1,594.0,4.0,2.0,1400.0,4800.0,3.0,112.0,5.0,112.0,104.0,40.0,1.5,0.4,96.0,56.0,40.0,20.0,86.0,400.0,60.0,0.2,0.5,31.0,0.31,58.0,1.0,0.49,2024.0
08/24,5563.0,"Segehalli Lake Baavanapura Road Battarahalli , Bangalore East","E (Irrigation, industrial cooling and controlled waste)",3.1,6.8,913.0,10.0,3.5,200.0,3500.0,3.0,212.0,5.0,212.0,152.0,104.0,4.9,4.1,248.0,128.0,120.0,37.0,83.0,626.0,10.0,0.3,0.5,18.0,0.29,40.0,2.3,0.88,2024.0
08/24,5564.0,"Kannamangala Lake Hoskote Main Road , Bengalore","D (Propagation of wild life,fisheries)",5.2,7.1,1629.0,4.0,6.3,230.0,3500.0,3.0,380.0,5.0,380.0,276.0,44.0,1.5,0.48,444.0,228.0,216.0,66.0,150.0,1120.0,10.0,1.38,0.5,33.0,0.37,40.0,3.1,1.31,2024.0
08/24,5565.0,Kannur Lake Near By Hennur Road Bengalore,"D (Propagation of wild life,fisheries)",6.2,7.7,1013.0,4.0,4.08,1400.0,7900.0,3.0,128.0,5.0,128.0,212.0,40.0,1.5,0.4,128.0,68.0,60.0,33.0,91.0,688.0,12.0,0.2,0.5,5.0,0.28,59.0,3.0,0.05,2024.0
08/24,5566.0,"Basavanapura Lake Ayyappa Nagr Main Road , K.
R. Puram , Bengaluru","D (Propagation of wild life,fisheries)",4.3,6.5,614.0,5.0,2.3,170.0,2400.0,3.0,136.0,5.0,136.0,100.0,48.0,1.5,0.91,164.0,88.0,76.0,24.0,54.0,418.0,10.0,0.2,0.5,13.0,0.2,40.0,2.0,0.54,2024.0
08/24,5568.0,"Ulsoor Lake Near Kalyani,Bengaluru","D (Propagation of wild life,fisheries)",5.5,8.5,376.0,7.0,1.51,17.0,94.0,16.0,88.0,8.0,96.0,56.0,64.0,1.5,0.4,68.0,40.0,28.0,22.0,25.0,256.0,42.0,0.2,0.5,2.0,0.22,43.0,1.31,0.05,2024.0
08/24,5569.0,"Byrasandra Upper Lake,Bengaluru","D (Propagation of wild life,fisheries)",4.2,7.0,550.0,9.0,2.21,1700.0,13000.0,3.0,176.0,5.0,176.0,56.0,84.0,1.5,0.92,156.0,84.0,72.0,18.0,43.0,374.0,30.0,0.67,0.5,3.0,0.32,36.0,1.5,1.77,2024.0
08/24,5570.0,"Soulkere, Kaikondrahalli Vill,Bengaluru","D (Propagation of wild life,fisheries)",6.3,7.4,861.0,5.0,3.87,270.0,3500.0,3.0,80.0,5.0,80.0,80.0,44.0,1.5,0.62,128.0,68.0,60.0,29.0,62.0,584.0,12.0,0.2,0.5,4.0,0.26,50.0,2.38,0.43,2024.0
08/24,5571.0,"Kudlu Doddakere, Kudlu Vill,Bengaluru","D (Propagation of wild life,fisheries)",4.6,8.2,1266.0,27.0,4.4,210.0,5400.0,3.0,188.0,5.0,188.0,240.0,72.0,1.5,0.5,256.0,136.0,120.0,99.0,121.0,850.0,172.0,2.4,0.5,14.0,0.3,49.0,3.0,6.3,2024.0
08/24,5572.0,"Kudlu Chikkakere, Bgp Layout Kudlu Vill , Bengaluru","D (Propagation of wild life,fisheries)",5.4,8.7,490.0,6.0,0.3,1100.0,4800.0,8.0,100.0,5.0,108.0,68.0,56.0,1.5,0.4,148.0,80.0,68.0,23.0,45.0,332.0,20.0,0.48,4.0,4.0,0.28,39.0,1.6,1.2,2024.0
08/24,5574.0,"Anjanapura Lake ( Avala Halli Lake) Anjanapura,Bengaluru","D (Propagation of wild life,fisheries)",6.3,8.2,468.0,4.0,1.6,330.0,3500.0,3.0,108.0,5.0,108.0,76.0,36.0,1.5,0.4,88.0,52.0,36.0,14.0,68.0,316.0,30.0,0.26,0.5,27.0,0.49,54.0,3.0,0.69,2024.0
09/24,1388.0,Ulsoor Lake Training Centre Of Fish Breeding,"D (Propagation of wild life,fisheries)",6.0,8.2,350.0,4.0,1.2,260.0,3500.0,3.0,68.0,5.0,68.0,52.0,44.0,1.5,0.4,96.0,56.0,40.0,17.0,51.0,236.0,116.0,0.2,0.5,26.0,0.23,46.0,2.0,0.05,2024.0
09/24,2778.0,River Arkavathi At Tippagondanahalli Reservoir,"D (Propagation of wild life,fisheries)",4.4,7.2,1147.0,8.0,4.0,6.8,63.0,3.0,256.0,5.0,256.0,220.0,80.0,1.5,0.69,324.0,168.0,156.0,25.0,112.0,770.0,10.0,3.2,0.5,24.0,0.32,41.0,3.0,8.9,2024.0
09/24,3589.0,Madiwala Tank,"D (Propagation of wild life,fisheries)",5.3,7.9,717.0,6.0,5.4,1700.0,4600.0,3.0,224.0,5.0,224.0,112.0,56.0,1.5,0.8,216.0,112.0,104.0,32.0,69.0,498.0,44.0,0.2,0.5,12.0,0.35,39.0,2.1,0.5,2024.0
09/24,3590.0,Lalbagh Tank,"D (Propagation of wild life,fisheries)",4.6,8.2,472.0,9.0,1.7,210.0,2800.0,3.0,92.0,5.0,92.0,84.0,80.0,1.5,0.84,96.0,52.0,42.0,19.0,55.0,322.0,36.0,2.0,0.5,22.0,0.2,49.0,2.5,4.2,2024.0
09/24,3591.0,Kempambudhi Tank,"E (Irrigation, industrial cooling and controlled waste)",2.2,6.7,387.0,11.0,1.3,2000.0,9400.0,3.0,136.0,5.0,136.0,32.0,108.0,2.0,1.5,144.0,76.0,68.0,9.0,42.0,264.0,44.0,1.2,0.5,18.0,0.2,37.0,1.7,2.6,2024.0
09/24,3592.0,Yediyur Tank,"E (Irrigation, industrial cooling and controlled waste)",2.2,6.6,366.0,12.0,1.0,260.0,3500.0,3.0,104.0,5.0,104.0,28.0,114.0,2.4,1.8,112.0,60.0,52.0,13.0,38.0,248.0,16.0,0.5,0.5,14.0,0.2,38.0,1.6,1.0,2024.0
09/24,3593.0,Ulsoor Lake Temple,"D (Propagation of wild life,fisheries)",6.3,8.1,348.0,4.0,1.2,170.0,2400.0,3.0,84.0,5.0,84.0,52.0,40.0,1.5,0.4,76.0,44.0,32.0,19.0,50.0,234.0,84.0,0.2,0.5,26.0,0.22,49.0,2.0,0.05,2024.0
09/24,3594.0,Sankey Tank,"D (Propagation of wild life,fisheries)",6.2,7.5,507.0,4.0,2.0,220.0,2400.0,3.0,100.0,5.0,100.0,76.0,36.0,1.5,0.6,108.0,56.0,52.0,17.0,51.0,352.0,14.0,0.2,0.5,9.0,0.29,48.0,2.0,0.5,2024.0
09/24,3595.0,Byrasandra Tank,"D (Propagation of wild life,fisheries)",4.8,6.6,403.0,4.0,1.5,1400.0,4600.0,3.0,88.0,5.0,88.0,64.0,45.0,1.5,0.66,104.0,56.0,48.0,16.0,39.0,272.0,96.0,0.2,0.5,8.0,0.24,42.0,2.0,0.05,2024.0
09/24,3596.0,Nayandanahalli Tank,"D (Propagation of wild life,fisheries)",6.2,8.2,739.0,6.0,2.6,480.0,5400.0,3.0,156.0,5.0,156.0,112.0,56.0,1.5,0.4,144.0,80.0,64.0,25.0,95.0,498.0,10.0,0.61,0.5,22.0,0.29,54.0,3.0,1.7,2024.0
09/24,3597.0,Hesaraghatta Lake,"D (Propagation of wild life,fisheries)",6.8,8.0,370.0,4.0,8.0,170.0,2800.0,3.0,80.0,5.0,80.0,48.0,40.0,1.5,0.4,72.0,40.0,32.0,33.0,28.0,252.0,32.0,0.4,0.5,26.0,0.36,37.0,1.4,1.0,2024.0
09/24,3598.0,Herohalli Tank,"E (Irrigation, industrial cooling and controlled waste)",0.9,6.8,616.0,5.0,4.4,1700.0,7900.0,3.0,92.0,5.0,92.0,100.0,48.0,3.0,2.2,168.0,88.0,80.0,46.0,64.0,400.0,14.0,0.2,0.5,18.0,0.28,42.0,2.1,0.5,2024.0
09/24,3599.0,Anchepalya Lake,"D (Propagation of wild life,fisheries)",5.1,7.4,341.0,4.0,1.3,2400.0,17000.0,3.0,76.0,5.0,76.0,56.0,43.0,1.5,0.54,88.0,48.0,40.0,14.0,31.0,232.0,42.0,0.2,0.5,41.0,0.48,44.5,1.44,0.05,2024.0
09/24,3600.0,Shivapura Tank,"E (Irrigation, industrial cooling and controlled waste)",0.3,6.5,1126.0,20.0,3.6,1700.0,2800.0,3.0,148.0,5.0,148.0,168.0,138.0,3.6,2.6,256.0,132.0,124.0,28.0,124.0,766.0,22.0,0.2,0.5,33.0,0.22,47.0,3.4,0.5,2024.0
09/24,3601.0,Karihobanahalli Lake,"E (Irrigation, industrial cooling and controlled waste)",0.3,6.6,1744.0,28.0,6.2,3100.0,11000.0,3.0,300.0,5.0,300.0,328.0,190.0,25.0,15.0,16.0,12.0,5.0,61.0,186.0,1186.0,52.0,1.4,0.5,36.0,0.26,85.0,20.0,2.0,2024.0
09/24,3602.0,Bellandur Lake,"D (Propagation of wild life,fisheries)",5.0,7.2,827.0,4.0,2.8,210.0,5400.0,3.0,156.0,5.0,156.0,132.0,44.0,1.5,0.86,188.0,100.0,88.0,31.0,81.8,540.0,20.0,1.16,0.5,14.7,0.24,46.0,2.6,3.2,2024.0
09/24,3604.0,Doddanekkundi Lake,"D (Propagation of wild life,fisheries)",5.8,6.9,703.0,5.0,2.4,1200.0,7900.0,3.0,148.0,5.0,148.0,88.0,64.0,1.5,0.4,156.0,84.0,72.0,27.0,111.0,472.0,96.0,0.2,0.5,9.0,0.43,65.0,5.0,0.4,2024.0
09/24,3605.0,Yelemallappa Shetty Lake,"E (Irrigation, industrial cooling and controlled waste)",2.4,6.7,1052.0,12.0,3.7,2400.0,5800.0,3.0,348.0,5.0,348.0,140.0,118.0,2.6,2.0,236.0,124.0,112.0,7.0,118.0,716.0,10.0,0.6,0.5,33.0,0.2,48.0,3.4,1.5,2024.0
09/24,3606.0,Dasarahalli Tank,"E (Irrigation, industrial cooling and controlled waste)",2.6,7.8,600.0,5.0,1.4,140.0,2400.0,3.0,216.0,5.0,216.0,128.0,52.0,3.0,2.2,260.0,132.0,128.0,14.0,26.0,390.0,20.0,0.2,0.5,8.0,0.28,17.0,0.7,0.23,2024.0
09/24,3607.0,Kalkere Tank,"D (Propagation of wild life,fisheries)",4.2,9.0,695.0,9.0,2.8,1100.0,1300.0,80.0,88.0,40.0,128.0,116.0,96.0,1.5,0.4,156.0,84.0,72.0,23.0,77.0,472.0,102.0,0.8,0.5,19.0,0.2,48.0,3.0,2.0,2024.0
09/24,3608.0,Varthur Lake,"D (Propagation of wild life,fisheries)",6.3,8.0,1264.0,5.0,2.5,330.0,3500.0,3.0,340.0,5.0,340.0,228.0,44.0,1.5,0.4,320.0,168.0,152.0,11.0,169.0,872.0,10.0,0.69,0.5,29.0,0.55,51.0,4.1,1.6,2024.0
09/24,3609.0,Ibbalur Lake,"D (Propagation of wild life,fisheries)",4.8,7.5,985.0,6.0,4.0,260.0,3500.0,3.0,232.0,5.0,232.0,172.0,56.0,1.5,0.6,216.0,112.0,104.0,23.0,98.0,674.0,80.0,2.7,0.5,26.0,0.27,46.0,3.0,7.6,2024.0
09/24,3610.0,Tubarahalli Tank,"D (Propagation of wild life,fisheries)",5.6,7.6,903.0,8.0,1.8,3900.0,22000.0,3.0,156.0,5.0,156.0,176.0,62.0,1.5,0.4,236.0,124.0,112.0,31.0,92.0,624.0,38.0,2.3,0.5,21.0,0.33,43.0,2.6,0.5,2024.0
09/24,3611.0,Kaikondanahalli Lake,"E (Irrigation, industrial cooling and controlled waste)",2.0,7.4,1600.0,20.0,2.1,310.0,3500.0,3.0,240.0,5.0,240.0,404.0,156.0,20.3,15.6,424.0,220.0,204.0,37.0,207.0,1126.0,10.0,3.6,0.5,48.0,0.3,48.0,4.5,9.0,2024.0
09/24,3612.0,Agaram Lake,"D (Propagation of wild life,fisheries)",4.8,7.4,973.0,5.0,4.0,2400.0,170.0,3.0,248.0,5.0,248.0,176.0,44.0,1.5,0.65,208.0,108.0,100.0,24.0,98.0,678.0,80.0,2.7,0.5,26.0,0.29,51.0,3.0,7.2,2024.0
09/24,3613.0,Gottigere Lake,"E (Irrigation, industrial cooling and controlled waste)",2.1,7.1,1141.0,20.0,8.5,3100.0,17000.0,3.0,376.0,5.0,376.0,200.0,152.0,14.0,10.0,384.0,196.0,188.0,45.0,113.0,778.0,20.0,0.2,0.5,19.0,0.31,38.0,2.5,0.7,2024.0
09/24,3614.0,Puttenahalli Lake,"D (Propagation of wild life,fisheries)",5.1,7.4,444.0,7.0,1.5,390.0,9200.0,3.0,100.0,5.0,100.0,60.0,84.0,1.5,0.4,104.0,60.0,44.0,12.0,55.0,300.0,28.0,0.43,0.5,14.0,0.32,49.0,2.0,1.1,2024.0
09/24,3615.0,Arakere Lake,"D (Propagation of wild life,fisheries)",4.8,7.4,973.0,5.0,4.0,170.0,2400.0,3.0,248.0,5.0,248.0,176.0,44.0,1.5,0.65,208.0,108.0,24.0,100.0,98.0,678.0,80.0,2.7,0.5,26.0,0.29,51.0,3.0,7.2,2024.0
09/24,3616.0,Kalena Agrahara Lake,"D (Propagation of wild life,fisheries)",4.4,8.2,574.0,8.0,4.3,1700.0,3300.0,3.0,128.0,5.0,128.0,72.0,72.0,1.5,0.4,124.0,64.0,60.0,31.0,60.0,390.0,64.0,0.2,0.5,10.0,0.27,48.0,2.3,0.7,2024.0
09/24,3618.0,Singasandra Lake,"E (Irrigation, industrial cooling and controlled waste)",2.8,7.4,700.0,9.0,2.6,260.0,3500.0,3.0,120.0,5.0,120.0,128.0,88.0,1.5,3.6,140.0,72.0,68.0,17.0,85.0,488.0,10.0,0.2,0.5,20.0,0.41,53.0,3.1,0.3,2024.0
09/24,3619.0,Begur Tank,"D (Propagation of wild life,fisheries)",6.0,7.5,880.0,4.0,3.0,210.0,3500.0,3.0,96.0,5.0,96.0,172.0,44.0,1.5,0.4,108.0,60.0,48.0,46.0,118.0,592.0,24.0,0.2,0.5,26.0,0.39,60.0,5.0,0.32,2024.0
09/24,3620.0,Parappana Agrahara Lake,"E (Irrigation, industrial cooling and controlled waste)",3.1,8.4,826.0,17.0,3.2,140.0,2400.0,24.0,212.0,12.0,224.0,136.0,161.0,1.5,0.66,240.0,124.0,116.0,34.0,76.0,568.0,78.0,0.46,0.5,15.0,0.31,44.0,2.3,1.31,2024.0
09/24,3621.0,Haralur Lake,"E (Irrigation, industrial cooling and controlled waste)",2.1,8.2,705.0,22.0,2.3,2400.0,22000.0,3.0,236.0,5.0,236.0,104.0,160.0,10.7,7.9,208.0,108.0,100.0,31.0,69.0,486.0,400.0,0.3,0.5,12.0,0.39,40.0,2.1,0.8,2024.0
09/24,3622.0,Somasundrapalya Lake,"D (Propagation of wild life,fisheries)",5.4,7.7,890.0,5.0,3.4,260.0,5400.0,3.0,208.0,5.0,208.0,148.0,48.0,1.5,0.66,240.0,124.0,116.0,36.0,87.0,614.0,20.0,0.25,0.5,18.0,0.38,42.0,2.4,0.71,2024.0
09/24,3623.0,Anekal Doddakere Tank,"D (Propagation of wild life,fisheries)",5.3,7.3,1136.0,6.0,5.0,2400.0,4800.0,3.0,324.0,5.0,324.0,192.0,56.0,1.5,1.0,352.0,180.0,172.0,32.0,123.0,774.0,106.0,0.3,0.5,23.0,0.3,41.0,3.0,0.7,2024.0
09/24,3624.0,Puttenahalli Lake,"D (Propagation of wild life,fisheries)",7.1,6.8,626.0,5.0,2.12,200.0,5400.0,3.0,144.0,5.0,144.0,76.0,44.0,1.5,0.52,132.0,72.0,60.0,8.0,62.0,426.0,18.0,0.71,0.5,14.0,0.2,47.0,2.0,1.93,2024.0
09/24,3625.0,Hebbal Lake,"D (Propagation of wild life,fisheries)",6.8,6.7,628.0,6.0,2.12,310.0,3500.0,3.0,148.0,5.0,148.0,76.0,56.0,1.5,0.4,148.0,80.0,68.0,14.0,65.0,428.0,12.0,0.7,0.5,14.0,0.26,46.0,2.0,1.91,2024.0
09/24,3626.0,Nagavara Lake,"D (Propagation of wild life,fisheries)",6.9,6.8,628.0,6.0,2.12,210.0,3500.0,3.0,152.0,5.0,152.0,80.0,52.0,1.5,0.46,156.0,84.0,72.0,17.0,62.0,426.0,19.0,0.7,0.5,14.0,0.28,43.0,2.0,1.85,2024.0
09/24,3627.0,Jakkur Lake,"D (Propagation of wild life,fisheries)",7.2,7.0,1011.0,4.0,4.08,260.0,5400.0,3.0,256.0,5.0,256.0,176.0,40.0,1.5,0.58,224.0,116.0,108.0,19.0,98.0,686.0,34.0,2.56,0.5,28.0,0.28,50.0,3.0,6.65,2024.0
09/24,3628.0,Amruthahalli Lake,"D (Propagation of wild life,fisheries)",7.0,6.9,525.0,4.0,1.8,200.0,9200.0,3.0,144.0,5.0,144.0,64.0,44.0,1.5,0.45,144.0,80.0,64.0,17.0,65.0,356.0,22.0,0.63,0.5,15.0,0.27,41.0,2.0,1.8,2024.0
09/24,3629.0,Allalasandra Lake,"D (Propagation of wild life,fisheries)",6.9,7.0,991.0,7.0,3.99,1500.0,4800.0,3.0,232.0,5.0,232.0,172.0,60.0,1.5,0.62,216.0,112.0,104.0,23.0,98.0,674.0,80.0,2.75,0.5,26.0,0.27,46.0,3.0,7.6,2024.0
09/24,3630.0,Yelahanka Tank,"D (Propagation of wild life,fisheries)",7.0,7.0,998.0,5.0,4.02,2100.0,9400.0,3.0,248.0,5.0,248.0,176.0,48.0,1.5,0.65,208.0,108.0,100.0,24.0,98.0,678.0,80.0,2.71,0.5,26.0,0.29,51.0,3.0,7.25,2024.0
09/24,3633.0,Subramanyapura Tank,"D (Propagation of wild life,fisheries)",4.4,9.0,755.0,8.0,2.5,170.0,2400.0,8.0,308.0,5.0,316.0,116.0,80.0,1.5,0.4,136.0,76.0,60.0,22.0,96.0,510.0,26.0,0.48,0.5,18.0,0.36,57.0,4.0,1.2,2024.0
09/24,3634.0,Devarakere Tank,"D (Propagation of wild life,fisheries)",5.9,8.2,362.0,5.0,1.3,2100.0,4800.0,3.0,116.0,5.0,116.0,32.0,64.0,1.5,0.4,112.0,64.0,48.0,6.0,33.0,244.0,12.0,0.53,0.5,10.0,0.23,36.0,1.0,1.4,2024.0
09/24,3635.0,Malathahalli Lake,"D (Propagation of wild life,fisheries)",5.7,6.7,684.0,5.0,2.4,260.0,3500.0,3.0,92.0,5.0,92.0,44.0,60.0,1.5,0.4,208.0,112.0,96.0,55.0,69.0,462.0,74.0,0.34,0.5,9.0,0.39,41.0,2.0,0.69,2024.0
09/24,3636.0,Hoskere Lake,"D (Propagation of wild life,fisheries)",6.0,6.7,494.0,4.0,1.7,3100.0,11000.0,3.0,132.0,5.0,132.0,32.0,44.0,1.5,0.4,144.0,80.0,64.0,14.0,39.0,332.0,22.0,1.2,0.5,11.0,0.2,35.0,1.0,3.4,2024.0
09/24,3638.0,Yelachenahalli Lake,"D (Propagation of wild life,fisheries)",4.8,7.9,362.0,9.0,1.3,170.0,4300.0,3.0,88.0,5.0,88.0,56.0,81.0,1.5,0.82,96.0,52.0,44.0,16.0,45.0,246.0,26.0,0.2,0.5,16.0,0.2,45.0,2.0,0.4,2024.0
09/24,3639.0,Kengeri Tank,"E (Irrigation, industrial cooling and controlled waste)",6.3,8.7,621.0,4.0,2.2,33.0,920.0,8.0,124.0,5.0,132.0,96.0,36.0,1.5,0.4,108.0,60.0,48.0,5.0,95.0,418.0,10.0,0.2,0.5,12.0,0.35,62.0,4.0,0.47,2024.0
09/24,3640.0,Uttarahalli Doraikere,"E (Irrigation, industrial cooling and controlled waste)",0.3,6.5,285.0,5.0,0.86,2200.0,7900.0,3.0,80.0,5.0,80.0,20.0,448.0,1.5,0.4,96.0,52.0,44.0,13.0,23.0,192.0,220.0,0.35,0.5,5.0,0.2,32.0,2.285,0.95,2024.0
09/24,3641.0,Dhorekere Tank,"D (Propagation of wild life,fisheries)",6.0,7.9,452.0,4.0,1.3,2100.0,9400.0,3.0,32.0,5.0,32.0,80.0,44.0,1.5,0.4,380.0,220.0,160.0,18.0,26.0,306.0,224.0,0.2,0.5,10.0,0.2,13.0,0.57,0.3,2024.0
09/24,3642.0,Jigani Tank,"D (Propagation of wild life,fisheries)",6.0,7.6,972.0,4.0,3.0,210.0,3500.0,3.0,256.0,5.0,256.0,164.0,48.0,1.5,0.7,264.0,136.0,128.0,23.0,93.0,660.0,10.0,0.3,0.5,18.0,0.33,41.0,3.0,0.6,2024.0
09/24,3643.0,Benniganahalli Lake,"D (Propagation of wild life,fisheries)",4.3,7.0,594.0,9.0,2.1,1100.0,7900.0,3.0,116.0,5.0,116.0,100.0,76.0,1.5,0.92,116.0,64.0,52.0,48.0,63.0,404.0,54.0,0.5,0.5,28.0,0.28,47.0,2.6,1.2,2024.0
09/24,3655.0,Mathikere Tank,"D (Propagation of wild life,fisheries)",6.1,7.5,291.0,4.0,3.0,1400.0,7000.0,3.0,24.0,5.0,24.0,20.0,40.0,1.5,0.4,28.0,16.0,12.0,22.0,25.0,186.0,102.0,0.3,0.5,3.0,0.35,63.0,2.0,0.7,2024.0
09/24,4094.0,Gangondanahalli Lake,"D (Propagation of wild life,fisheries)",4.4,7.1,1224.0,8.0,6.0,110.0,3500.0,3.0,396.0,5.0,396.0,232.0,84.0,1.5,0.7,408.0,208.0,200.0,17.0,53.0,838.0,10.0,0.2,0.5,30.0,0.31,20.0,1.1,0.7,2024.0
09/24,4095.0,Chikkabanavara Lake,"D (Propagation of wild life,fisheries)",6.0,7.3,1026.0,4.0,9.0,130.0,5400.0,3.0,204.0,5.0,204.0,140.0,48.0,1.5,0.9,228.0,116.0,112.0,32.0,61.0,712.0,38.0,0.2,0.5,25.0,0.42,34.0,1.8,0.7,2024.0
09/24,4096.0,Andhrahalli Lake,"E (Irrigation, industrial cooling and controlled waste)",3.3,6.9,509.0,15.0,1.9,210.0,3500.0,3.0,116.0,5.0,116.0,80.0,132.0,3.3,2.9,136.0,72.0,64.0,20.0,45.0,348.0,14.0,0.5,0.5,9.0,0.52,39.0,2.0,1.46,2024.0
09/24,4097.0,Kachohalli Lake,"E (Irrigation, industrial cooling and controlled waste)",1.6,7.2,1068.0,22.0,5.2,4300.0,6400.0,3.0,368.0,5.0,368.0,196.0,144.0,17.0,12.9,284.0,148.0,136.0,22.0,112.0,692.0,10.0,0.36,0.5,29.0,0.21,43.0,2.9,0.9,2024.0
09/24,4107.0,"River Dakshina Pinakini Near Mugalur Bridge Mugalur, Bengaluru","E (Irrigation, industrial cooling and controlled waste)",0.6,7.3,1345.0,44.0,4.5,170000.0,630000.0,3.0,436.0,5.0,436.0,244.0,220.0,30.0,18.0,460.0,232.0,228.0,33.0,148.0,922.0,110.0,0.3,0.5,23.0,0.28,40.0,3.0,0.9,2024.0
09/24,4504.0,Sarakki Lake,"D (Propagation of wild life,fisheries)",6.0,7.7,738.0,8.0,2.5,17.0,920.0,3.0,188.0,5.0,188.0,128.0,80.0,1.5,0.4,192.0,104.0,88.0,22.0,96.0,510.0,26.0,0.48,0.5,18.0,0.36,49.0,3.0,1.2,2024.0
09/24,4505.0,Nelamangala Lake,"E (Irrigation, industrial cooling and controlled waste)",1.6,7.5,1133.0,18.0,4.0,1500.0,13000.0,3.0,276.0,5.0,276.0,204.0,121.0,3.9,2.9,284.0,144.0,140.0,22.0,110.0,770.0,18.0,1.2,0.5,30.0,0.2,42.0,2.8,2.2,2024.0
09/24,4506.0,Abbigere Lake,"D (Propagation of wild life,fisheries)",5.7,6.5,486.0,5.0,2.0,310.0,3500.0,3.0,68.0,5.0,68.0,80.0,64.0,1.5,0.7,112.0,60.0,52.0,21.0,45.0,332.0,10.0,0.2,0.5,17.0,0.39,42.0,1.9,0.6,2024.0
09/24,4507.0,Chelekere Lake,"D (Propagation of wild life,fisheries)",7.1,6.8,625.0,6.0,2.11,250.0,2400.0,3.0,160.0,5.0,160.0,76.0,56.0,1.5,0.4,164.0,88.0,76.0,17.0,63.0,424.0,24.0,0.7,0.5,14.0,0.26,43.0,1.95,1.88,2024.0
09/24,4508.0,Singapura Lake,"D (Propagation of wild life,fisheries)",7.0,6.7,628.0,5.0,2.12,400.0,3500.0,3.0,168.0,5.0,168.0,64.0,48.0,1.5,0.4,160.0,84.0,76.0,17.0,63.0,426.0,28.0,0.71,0.5,14.0,0.28,43.0,2.0,0.95,2024.0
09/24,4509.0,Narasipura Lake,"D (Propagation of wild life,fisheries)",6.9,6.7,630.0,7.0,2.13,240.0,5400.0,3.0,156.0,5.0,156.0,76.0,64.0,1.5,0.4,164.0,88.0,76.0,17.0,62.0,428.0,18.0,0.72,0.5,14.0,0.29,43.0,2.0,1.93,2024.0
09/24,4510.0,Rachenahalli Lake,"D (Propagation of wild life,fisheries)",7.2,7.1,1001.0,5.0,3.5,210.0,3500.0,3.0,196.0,5.0,196.0,160.0,64.0,1.5,0.42,200.0,108.0,92.0,20.0,111.0,668.0,66.0,3.2,0.5,30.0,0.28,50.0,3.0,8.9,2024.0
09/24,4511.0,Kogilu Kere,"D (Propagation of wild life,fisheries)",7.0,7.0,524.0,6.0,1.8,260.0,5400.0,3.0,156.0,5.0,156.0,64.0,56.0,1.5,0.4,156.0,84.0,72.0,16.0,65.0,354.0,10.0,0.62,0.5,14.0,0.26,44.0,2.0,1.7,2024.0
09/24,4512.0,Viswaneedam Lake,"E (Irrigation, industrial cooling and controlled waste)",2.5,6.8,523.0,19.0,2.0,1700.0,11000.0,3.0,120.0,5.0,120.0,84.0,152.0,4.2,3.8,140.0,76.0,64.0,21.0,48.0,360.0,30.0,0.58,0.5,10.0,0.64,40.0,2.0,0.7,2024.0
09/24,4513.0,Ramammana Kere,"D (Propagation of wild life,fisheries)",6.1,7.0,1164.0,4.0,8.0,110.0,2400.0,3.0,360.0,5.0,360.0,200.0,44.0,1.5,0.9,376.0,192.0,184.0,29.0,95.0,790.0,26.0,0.2,0.5,32.0,0.29,33.0,2.0,0.8,2024.0
09/24,4514.0,Sadaramangala Lake,"E (Irrigation, industrial cooling and controlled waste)",2.2,6.5,691.0,38.0,2.2,170.0,3500.0,3.0,104.0,5.0,104.0,52.0,192.0,4.5,3.3,152.0,84.0,68.0,15.0,191.0,464.0,54.0,0.96,0.5,52.0,0.25,51.0,4.0,2.2,2024.0
09/24,4515.0,Bhattarahalli Lake,"D (Propagation of wild life,fisheries)",5.7,7.5,970.0,8.0,3.9,1700.0,7900.0,3.0,152.0,5.0,152.0,176.0,88.0,1.5,0.75,124.0,68.0,56.0,33.0,69.0,650.0,26.0,0.32,0.5,20.0,0.54,50.0,3.0,0.85,2024.0
09/24,4516.0,Kundalahalli Lake,"D (Propagation of wild life,fisheries)",4.8,8.5,1452.0,17.0,7.0,940.0,16000.0,32.0,108.0,16.0,124.0,376.0,128.0,2.34,1.8,412.0,212.0,200.0,38.0,192.0,988.0,106.0,2.2,0.5,28.0,0.3,80.0,4.1,4.6,2024.0
09/24,4517.0,Kowdhenahalli Tank,"D (Propagation of wild life,fisheries)",5.6,7.5,971.0,7.0,3.9,260.0,3500.0,3.0,148.0,5.0,148.0,184.0,64.0,1.5,0.83,104.0,56.0,48.0,21.0,69.0,652.0,16.0,0.2,0.5,21.0,0.62,56.0,1.5,0.42,2024.0
09/24,4518.0,Garudacharpalya Tank,"E (Irrigation, industrial cooling and controlled waste)",1.9,6.5,688.0,20.0,2.1,930.0,13000.0,3.0,236.0,5.0,236.0,44.0,156.0,6.4,4.7,176.0,96.0,80.0,15.0,122.0,466.0,230.0,1.9,0.5,52.0,0.2,52.0,4.0,5.4,2024.0
09/24,4519.0,Rampura Lake,"E (Irrigation, industrial cooling and controlled waste)",2.4,7.3,1992.0,27.0,8.0,17000.0,70000.0,3.0,604.0,5.0,604.0,308.0,176.0,3.4,2.6,300.0,156.0,144.0,38.0,156.0,1356.0,20.0,0.35,0.5,25.0,0.37,51.0,4.0,0.78,2024.0
09/24,4520.0,Chinnappanahalli Lake,"D (Propagation of wild life,fisheries)",5.5,8.1,697.0,6.0,2.0,330.0,1700.0,3.0,120.0,5.0,120.0,128.0,52.0,1.5,0.4,140.0,72.0,68.0,17.0,85.0,488.0,10.0,0.2,0.5,20.0,0.41,53.0,3.1,0.3,2024.0
09/24,4521.0,Devarabeesanahalli Lake,"D (Propagation of wild life,fisheries)",5.0,8.0,334.0,5.0,1.2,24.0,1600.0,3.0,104.0,5.0,104.0,92.0,52.0,1.5,0.4,108.0,60.0,48.0,18.0,19.7,218.0,10.0,0.25,0.5,2.7,0.27,28.0,0.8,0.74,2024.0
09/24,4522.0,Vibhuthipura Lake,"E (Irrigation, industrial cooling and controlled waste)",3.2,6.5,522.0,22.0,1.9,1400.0,11000.0,3.0,112.0,5.0,112.0,56.0,168.0,1.6,1.1,140.0,76.0,64.0,27.0,116.0,352.0,200.0,0.49,0.5,10.0,0.34,61.0,4.0,1.3,2024.0
09/24,4523.0,Nallurahalli Lake,"D (Propagation of wild life,fisheries)",6.6,7.6,596.0,4.0,1.8,8400.0,92000.0,3.0,140.0,5.0,140.0,84.0,34.0,1.5,0.4,200.0,104.0,96.0,27.0,61.0,414.0,50.0,0.2,0.5,13.0,0.43,38.0,2.0,0.05,2024.0
09/24,4524.0,Pattandur Agrahara Lake,"D (Propagation of wild life,fisheries)",5.8,7.7,1633.0,8.0,3.0,3300.0,35000.0,3.0,240.0,5.0,240.0,404.0,76.0,1.5,0.4,424.0,220.0,204.0,37.0,207.0,1126.0,10.0,3.6,0.5,48.0,0.3,48.0,4.5,9.0,2024.0
09/24,4525.0,Seetharampalya Lake,"D (Propagation of wild life,fisheries)",5.0,7.9,1145.0,15.0,6.6,3400.0,24000.0,3.0,228.0,5.0,228.0,220.0,122.0,1.5,0.4,316.0,164.0,152.0,25.0,32.0,800.0,98.0,2.5,0.5,48.0,0.21,48.0,3.7,6.0,2024.0
09/24,4526.0,Devasandra Lake,"E (Irrigation, industrial cooling and controlled waste)",3.5,7.1,888.0,18.0,3.2,1700.0,9400.0,3.0,148.0,5.0,148.0,116.0,118.0,4.6,3.2,212.0,112.0,100.0,92.0,92.0,604.0,10.0,3.0,0.5,30.0,0.4,48.0,2.8,9.0,2024.0
09/24,4527.0,Sheelavanta-Whitefield Lake,"D (Propagation of wild life,fisheries)",5.2,7.4,1132.0,15.0,12.0,4700.0,28000.0,3.0,196.0,5.0,196.0,220.0,102.0,4.3,3.3,308.0,164.0,144.0,25.0,119.0,776.0,78.0,2.0,0.5,25.0,0.28,43.0,3.0,5.2,2024.0
09/24,4528.0,Doddakannehalli Lake,"E (Irrigation, industrial cooling and controlled waste)",3.8,7.1,800.0,7.0,2.8,7800.0,33000.0,3.0,152.0,5.0,152.0,128.0,84.0,1.5,0.59,180.0,96.0,84.0,31.0,82.1,520.0,22.0,0.73,0.5,14.5,0.25,48.0,2.7,2.2,2024.0
09/24,4529.0,Kasavanahalli Lake,"D (Propagation of wild life,fisheries)",5.0,7.2,900.0,4.0,2.2,1500.0,4800.0,3.0,156.0,5.0,156.0,176.0,36.0,1.5,0.85,236.0,124.0,112.0,31.0,92.0,624.0,38.0,2.3,0.5,21.0,0.33,43.0,2.6,0.5,2024.0
09/24,4531.0,Rayasandra Lake,"E (Irrigation, industrial cooling and controlled waste)",0.7,7.6,1742.0,38.0,9.0,17000.0,70000.0,3.0,556.0,5.0,556.0,316.0,192.0,28.0,21.0,592.0,300.0,292.0,40.0,185.0,1188.0,48.0,0.2,0.5,32.0,0.28,39.0,3.0,0.9,2024.0
09/24,4532.0,Chandapura Lake,"E (Irrigation, industrial cooling and controlled waste)",0.7,7.4,1910.0,41.0,5.9,110000.0,490000.0,3.0,684.0,5.0,684.0,376.0,204.0,30.0,23.0,716.0,364.0,352.0,45.0,179.0,1308.0,82.0,0.2,0.5,30.0,0.27,34.0,3.0,0.9,2024.0
09/24,4533.0,Ullalu Lake,"E (Irrigation, industrial cooling and controlled waste)",1.8,7.0,606.0,20.0,2.1,1400.0,7000.0,3.0,164.0,5.0,164.0,68.0,156.0,7.6,5.6,152.0,84.0,68.0,20.0,74.0,410.0,94.0,0.25,0.5,17.0,0.28,48.0,3.0,0.6,2024.0
09/24,4534.0,Sompura Lake,"D (Propagation of wild life,fisheries)",5.6,7.5,960.0,6.0,3.3,1700.0,13000.0,3.0,256.0,5.0,256.0,80.0,52.0,1.5,0.4,124.0,68.0,56.0,76.0,156.0,636.0,38.0,0.2,0.5,12.0,0.43,67.0,6.0,0.05,2024.0
09/24,4535.0,Gubbalal Lake,"D (Propagation of wild life,fisheries)",5.1,6.6,601.0,7.0,2.0,2000.0,17000.0,3.0,144.0,5.0,144.0,72.0,84.0,1.5,0.69,160.0,88.0,72.0,7.0,58.0,404.0,10.0,0.81,0.5,16.0,0.23,41.0,2.0,2.2,2024.0
09/24,4536.0,Hosakerehalli Lake,"D (Propagation of wild life,fisheries)",5.4,6.6,503.0,6.0,1.8,260.0,4300.0,3.0,168.0,5.0,168.0,28.0,56.0,1.5,0.4,160.0,88.0,72.0,5.0,39.0,340.0,10.0,2.2,0.5,5.0,0.2,33.0,1.0,5.6,2024.0
09/24,4537.0,Chinnakurchi Kere,"D (Propagation of wild life,fisheries)",5.8,7.2,389.0,5.0,1.4,2100.0,12000.0,3.0,124.0,5.0,124.0,20.0,64.0,1.5,0.4,112.0,64.0,48.0,26.0,49.0,262.0,42.0,0.2,0.5,4.0,0.49,47.0,2.0,0.05,2024.0
09/24,4538.0,Machohalli Lake,"D (Propagation of wild life,fisheries)",4.3,7.2,1065.0,28.0,5.0,2400.0,4800.0,3.0,360.0,5.0,360.0,200.0,184.0,20.0,15.2,296.0,156.0,140.0,27.0,96.0,692.0,10.0,0.8,0.5,10.0,0.24,40.0,2.4,2.0,2024.0
09/24,4540.0,Kammagondanahalli Lake,"E (Irrigation, industrial cooling and controlled waste)",3.0,6.7,433.0,9.0,8.0,2300.0,7900.0,3.0,76.0,5.0,76.0,72.0,88.0,11.0,8.1,107.0,56.0,48.0,44.0,40.0,300.0,114.0,0.3,0.5,25.0,0.35,39.0,1.7,0.8,2024.0
09/24,4541.0,Alur Lake,"D (Propagation of wild life,fisheries)",5.3,6.5,158.0,6.0,7.0,240.0,2200.0,3.0,18.0,5.0,20.0,5.0,56.0,1.5,0.4,12.0,8.0,4.0,32.0,5.0,106.0,22.0,0.3,0.5,25.0,0.33,12.0,0.3,0.8,2024.0
09/24,4542.0,Basavanapura Lake,"E (Irrigation, industrial cooling and controlled waste)",1.5,7.1,1140.0,20.0,8.6,260.0,9200.0,3.0,356.0,5.0,356.0,204.0,156.0,19.0,14.0,392.0,200.0,192.0,48.0,114.0,782.0,30.0,0.2,0.5,19.3,0.29,37.0,2.5,0.7,2024.0
09/24,4543.0,Kodi Singasandra Lake,"D (Propagation of wild life,fisheries)",4.4,7.4,966.0,8.0,3.1,33.0,1600.0,3.0,212.0,5.0,212.0,104.0,72.0,1.5,0.89,268.0,140.0,128.0,73.0,182.0,654.0,60.0,0.64,0.5,14.0,0.26,58.0,5.0,1.7,2024.0
09/24,4544.0,Kothanuru Lake,"D (Propagation of wild life,fisheries)",4.1,8.1,418.0,5.0,1.6,17.0,1600.0,3.0,104.0,5.0,104.0,68.0,48.0,1.5,0.4,112.0,60.0,52.0,17.0,40.0,284.0,16.0,0.2,0.5,8.0,0.26,41.0,2.0,0.05,2024.0
09/24,4547.0,Mangamanapalya Lake(Swarana Kunte),"D (Propagation of wild life,fisheries)",6.2,8.2,834.0,4.0,3.2,24.0,920.0,3.0,228.0,5.0,228.0,140.0,40.0,1.5,0.49,188.0,100.0,88.0,35.0,79.0,572.0,80.0,0.21,0.5,17.0,0.34,45.0,2.5,0.6,2024.0
09/24,5558.0,"Kannahalli Lake Kannahalli, Bengaluru","E (Irrigation, industrial cooling and controlled waste)",0.7,8.0,1146.0,17.0,4.3,390.0,3500.0,3.0,356.0,5.0,356.0,144.0,128.0,2.0,1.4,268.0,140.0,128.0,28.0,114.0,744.0,12.0,0.29,0.5,30.0,0.22,45.0,3.0,0.86,2024.0
09/24,5559.0,"Shettihalli Lake, Mallasandra Gudde Lake Bengaluru","D (Propagation of wild life,fisheries)",5.0,6.5,485.0,7.0,3.0,260.0,5400.0,3.0,80.0,5.0,80.0,76.0,84.0,1.5,0.4,128.0,68.0,60.0,29.0,65.0,302.0,106.0,0.2,0.5,14.0,0.41,49.0,3.0,0.7,2024.0
09/24,5560.0,"Hoodi (Rajapalya Lake) Itpl Main Road, Near Hoodi,Bengaluru","D (Propagation of wild life,fisheries)",6.7,7.6,808.0,4.0,1.6,48.0,540.0,3.0,92.0,5.0,92.0,104.0,36.0,1.5,0.4,300.0,152.0,148.0,120.0,81.0,558.0,10.0,0.2,0.5,6.0,0.33,36.0,2.0,0.12,2024.0
09/24,5561.0,"Munekolalu Lake ,Marathahalli, East Taluka
,Bengaluru","D (Propagation of wild life,fisheries)",5.0,7.5,572.0,75.0,2.5,23000.0,210000.0,3.0,140.0,5.0,140.0,96.0,83.0,1.5,0.45,152.0,80.0,72.0,11.0,73.0,394.0,10.0,0.23,0.5,19.0,0.3,15.0,2.6,0.56,2024.0
09/24,5562.0,"Mahadevpuraâ  Lake, K. R. Puram , Bangalore East Taluka","D (Propagation of wild life,fisheries)",6.1,8.2,682.0,4.0,2.0,310000.0,700000.0,3.0,100.0,5.0,100.0,100.0,56.0,1.5,0.4,80.0,48.0,32.0,19.0,187.0,460.0,112.0,0.2,0.5,34.0,0.25,64.0,5.0,0.46,2024.0
09/24,5563.0,"Segehalli Lake Baavanapura Road Battarahalli , Bangalore East","E (Irrigation, industrial cooling and controlled waste)",2.2,7.3,931.0,29.0,3.75,140.0,2400.0,3.0,260.0,5.0,260.0,104.0,196.0,8.8,6.8,204.0,108.0,96.0,24.0,77.0,624.0,28.0,2.89,0.5,21.0,0.21,42.0,2.0,7.66,2024.0
09/24,5564.0,"Kannamangala Lake Hoskote Main Road , Bengalore","D (Propagation of wild life,fisheries)",5.9,7.0,539.0,7.0,2.2,430.0,5400.0,3.0,124.0,5.0,124.0,68.0,60.0,1.5,0.4,108.0,60.0,48.0,15.0,53.0,368.0,10.0,0.24,0.5,16.0,0.36,47.0,2.0,0.6,2024.0
09/24,5565.0,Kannur Lake Near By Hennur Road Bengalore,"D (Propagation of wild life,fisheries)",6.2,7.8,991.0,5.0,3.99,680.0,3300.0,3.0,136.0,5.0,136.0,204.0,48.0,1.5,0.4,140.0,76.0,64.0,12.0,88.0,674.0,62.0,0.2,0.5,25.0,0.49,52.0,3.0,0.05,2024.0
09/24,5566.0,"Basavanapura Lake Ayyappa Nagr Main Road , K.
R. Puram , Bengaluru","E (Irrigation, industrial cooling and controlled waste)",3.6,6.9,524.0,18.0,1.9,250.0,3500.0,3.0,136.0,5.0,136.0,96.0,120.0,1.8,1.4,136.0,72.0,64.0,5.0,60.0,356.0,10.0,0.8,0.5,22.0,0.3,44.0,2.2,1.8,2024.0
09/24,5568.0,"Ulsoor Lake Near Kalyani,Bengaluru","D (Propagation of wild life,fisheries)",6.2,8.0,357.0,4.0,1.2,2100.0,9400.0,3.0,72.0,5.0,72.0,48.0,36.0,1.5,0.4,100.0,56.0,44.0,20.0,50.0,240.0,74.0,0.2,0.5,27.0,0.25,45.0,2.0,0.05,2024.0
09/24,5569.0,"Byrasandra Upper Lake,Bengaluru","E (Irrigation, industrial cooling and controlled waste)",3.3,6.5,432.0,18.0,1.7,320.0,9200.0,3.0,96.0,5.0,96.0,72.0,155.0,2.6,2.1,116.0,64.0,52.0,18.0,42.0,294.0,42.0,0.53,0.5,9.0,0.21,41.0,2.0,1.54,2024.0
09/24,5570.0,"Soulkere, Kaikondrahalli Vill,Bengaluru","D (Propagation of wild life,fisheries)",6.1,7.9,475.0,4.0,1.8,320.0,3500.0,3.0,108.0,5.0,108.0,76.0,43.0,1.5,0.51,128.0,68.0,60.0,19.0,44.0,324.0,32.0,0.2,0.5,10.0,0.23,40.0,2.0,0.05,2024.0
09/24,5571.0,"Kudlu Doddakere, Kudlu Vill,Bengaluru","E (Irrigation, industrial cooling and controlled waste)",2.8,7.4,659.0,5.0,2.4,1400.0,7900.0,3.0,148.0,5.0,148.0,76.0,64.0,2.5,1.9,148.0,80.0,14.0,68.0,65.0,428.0,12.0,0.7,0.5,14.0,0.26,46.0,2.0,1.9,2024.0
09/24,5572.0,"Kudlu Chikkakere, Bgp Layout Kudlu Vill
,Bengaluru","D (Propagation of wild life,fisheries)",5.6,8.0,739.0,4.0,2.7,240.0,2800.0,3.0,188.0,5.0,188.0,188.0,46.0,1.5,0.42,156.0,84.0,72.0,28.0,67.0,508.0,90.0,0.2,0.5,14.0,0.29,45.0,2.3,0.59,2024.0
09/24,5574.0,"Anjanapura Lake ( Avala Halli Lake) Anjanapura,Bengaluru","E (Irrigation, industrial cooling and controlled waste)",3.4,8.1,813.0,22.0,2.8,430.0,5400.0,3.0,200.0,5.0,200.0,120.0,164.0,1.8,1.2,168.0,92.0,76.0,25.0,99.0,548.0,96.0,1.4,0.5,26.0,0.43,52.0,3.0,3.6,2024.0
10/24,10.0,418,4.0,0.02,220.0,2400.0,16.0,12.0,48.0,157.0,60.0,48.0,1.5,0.4,60.0,32.0,7.475,13.0,28.0,7.0,16.0,50.0,278.0,194.0,125.07423580786026,0.2,0.5,16.0,0.2,57.0,3.0,0.36,2024.0
10/24,7.2,1147,8.0,0.02,6.8,63.0,23.0,3.0,256.0,1.8,256.0,220.0,1.5,0.69,324.0,168.0,7.435991379310344,67.0,156.0,38.0,25.0,112.0,770.0,10.0,125.79039301310044,3.2,0.5,24.0,0.32,41.0,3.0,8.9,2024.0
10/24,7.5,1051,5.0,0.02,3300.0,7900.0,22.866071428571427,3.0,148.0,12.0,146.0,260.0,1.5,0.5,220.0,116.0,7.396982758620689,46.0,104.0,25.0,39.0,172.0,714.0,20.0,126.5065502183406,0.2,0.5,20.0,0.32,60.0,5.0,0.05,2024.0
10/24,8.2,529,4.0,0.02,3300.0,13000.0,22.732142857142858,3.0,120.0,8.0,120.0,76.0,1.5,0.4,68.0,48.0,7.357974137931034,46.0,20.0,5.0,11.0,53.0,360.0,20.0,127.2227074235808,0.2,0.5,8.0,0.4,59.0,2.8,0.45,2024.0
10/24,6.8,434,16.0,0.02,2300.0,9400.0,22.598214285714285,3.0,160.0,12.0,160.0,52.0,1.7,1.3,140.0,72.0,7.318965517241379,46.0,68.0,17.0,9.0,40.0,295.0,30.0,127.93886462882097,0.32,0.5,6.0,0.2,37.0,1.5,0.9,2024.0
10/24,7.5,253,4.0,0.02,1400.0,14000.0,22.464285714285715,3.0,68.0,5.6,68.0,40.0,1.5,0.4,60.0,36.0,7.279956896551724,46.0,24.0,6.0,7.0,24.0,172.0,24.0,128.65502183406113,0.2,0.5,3.0,0.2,45.0,1.3,0.46,2024.0
10/24,9.2,403,5.0,0.02,1100.0,24000.0,22.330357142857142,24.0,40.0,201.0,64.0,44.0,1.5,0.4,80.0,48.0,7.240948275862069,46.0,32.0,8.0,17.0,50.0,270.0,254.0,129.3711790393013,0.2,0.5,16.0,0.2,52.0,2.0,0.05,2024.0
10/24,6.9,556,8.0,0.02,2400.0,17000.0,22.196428571428573,3.0,136.0,8.3,136.0,68.0,1.5,0.8,124.0,68.0,7.2019396551724135,46.0,56.0,14.0,14.0,61.0,378.0,10.0,130.0873362445415,0.2,0.5,8.0,0.3,49.0,2.4,0.12,2024.0
10/24,9.6,438,6.0,0.02,400.0,4300.0,22.0625,16.0,48.0,161.0,64.0,48.0,1.5,0.4,76.0,44.0,7.162931034482758,46.0,32.0,8.0,20.0,52.0,296.0,198.0,130.80349344978166,0.2,0.5,16.0,0.2,53.0,3.0,0.05,2024.0
10/24,8.5,679,18.0,0.74,9400.0,1700.0,21.928571428571427,32.0,204.0,32.4,236.0,120.0,2.6,2.0,164.0,88.0,7.123922413793103,35.0,76.0,18.0,12.0,72.0,462.0,46.0,131.51965065502185,0.3,0.5,17.0,0.2,46.0,2.4,0.5,2024.0
10/24,7.1,374,10.0,0.3,1100.0,7900.0,21.794642857142858,3.0,100.0,18.4,100.0,40.0,1.5,0.9,96.0,5.2,7.084913793103448,2.0,44.0,11.0,5.0,29.0,254.0,24.0,132.235807860262,0.2,0.5,13.0,0.2,35.0,1.3,0.15,2024.0
10/24,7.8,405,30.0,0.02,2200.0,13000.0,21.660714285714285,3.0,104.0,23.0,104.0,36.0,2.9,2.1,140.0,76.0,7.045905172413793,30.0,64.0,16.0,10.0,36.0,272.0,28.0,132.95196506550218,0.86,0.5,9.0,0.2,34.0,1.3,2.3,2024.0
10/24,6.4,357,9.0,1.0,210.0,94000.0,21.526785714285715,3.0,60.0,10.6,60.0,40.0,2.3,0.9,124.0,68.0,7.006896551724138,27.0,56.0,14.0,13.0,33.0,242.0,14.0,133.66812227074234,0.5,0.5,8.0,0.2,35.0,1.3,0.9,2024.0
10/24,7.2,655,5.0,0.02,2100.0,5400.0,21.392857142857142,3.0,100.0,14.6,100.0,84.0,1.5,0.64,124.0,68.0,6.967887931034483,27.0,56.0,14.0,36.0,66.0,432.0,18.0,134.38427947598254,0.2,0.5,7.0,0.2,52.0,2.6,0.05,2024.0
10/24,6.5,1598,41.0,0.02,17000.0,94000.0,21.258928571428573,3.0,312.0,8.2,312.0,256.0,30.0,23.0,360.0,188.0,6.928879310344827,75.0,172.0,42.0,72.0,158.0,1056.0,12.0,135.1004366812227,1.7,0.5,19.0,0.26,47.0,3.6,4.6,2024.0
10/24,7.5,867,5.0,0.65,1400.0,7900.0,21.125,3.0,100.0,4.9,100.0,164.0,1.5,0.4,116.0,64.0,6.889870689655172,26.0,52.0,13.0,30.0,73.0,584.0,10.0,135.8165938864629,0.2,0.5,6.0,0.56,56.0,3.0,0.05,2024.0
10/24,6.9,589,50.0,0.02,3300.0,35000.0,20.99107142857143,3.0,148.0,20.6,148.0,52.0,10.8,8.6,132.0,72.0,6.850862068965517,29.0,60.0,15.0,22.0,47.0,398.0,26.0,136.53275109170306,1.57,0.5,5.0,0.3,42.0,2.0,4.24,2024.0
10/24,6.6,529,20.0,0.02,320.0,5400.0,20.857142857142858,3.0,136.0,28.4,136.0,76.0,3.0,2.3,148.0,80.0,6.811853448275862,32.0,67.0,16.0,12.0,59.0,360.0,36.0,137.24890829694323,0.5,0.5,13.0,0.36,13.0,2.1,0.9,2024.0
10/24,7.0,1001,17.0,0.2,310.0,5400.0,20.723214285714285,3.0,84.0,48.0,84.0,312.0,2.0,1.5,300.0,152.0,6.772844827586207,61.0,148.0,36.0,23.0,110.0,680.0,62.0,137.9650655021834,1.7,0.5,25.0,0.2,42.0,2.8,3.0,2024.0
10/24,6.5,279,5.0,0.02,14000.0,70000.0,20.589285714285715,3.0,68.0,5.8,68.0,24.0,1.5,0.72,64.0,36.0,6.733836206896552,14.0,28.0,7.0,11.0,29.0,188.0,10.0,138.6812227074236,0.2,0.5,6.0,0.26,47.0,2.0,0.05,2024.0
10/24,6.6,822,38.0,0.22,1200.0,7900.0,20.455357142857142,3.0,188.0,96.0,188.0,136.0,6.8,6.1,220.0,116.0,6.694827586206896,46.0,104.0,25.0,33.0,81.0,554.0,104.0,139.39737991266375,0.92,0.5,16.0,0.42,42.0,2.38,2.6,2024.0
10/24,6.6,946,20.0,0.4,700.0,9200.0,20.321428571428573,3.0,252.0,10.6,252.0,100.0,10.1,8.2,160.0,88.0,6.655818965517241,35.0,72.0,17.0,23.0,81.0,644.0,14.0,140.11353711790397,1.1,0.5,18.0,0.33,50.0,2.8,3.39,2024.0
10/24,7.2,852,6.0,0.62,17.0,1600.0,20.1875,3.0,108.0,4.3,108.0,168.0,1.5,0.4,116.0,64.0,6.616810344827586,26.0,52.0,13.0,28.0,70.0,574.0,10.0,140.8296943231441,0.2,0.5,5.0,0.51,55.0,3.0,0.05,2024.0
10/24,8.0,890,7.0,0.7,1700.0,2400.0,20.05357142857143,3.0,148.0,34.6,148.0,108.0,1.5,0.4,176.0,96.0,6.577801724137931,38.0,80.0,19.0,18.0,89.0,604.0,44.0,141.54585152838428,0.6,0.5,12.0,0.27,51.0,3.1,1.39,2024.0
10/24,7.2,946,25.0,0.72,31000.0,170000.0,19.919642857142858,3.0,160.0,5.8,160.0,192.0,1.63,1.3,124.0,68.0,6.538793103448276,27.0,56.0,14.0,9.0,81.0,638.0,10.0,142.26200873362444,0.2,0.5,5.0,0.58,57.0,3.0,0.05,2024.0
10/24,7.2,852,7.0,0.62,170.0,3500.0,19.785714285714285,3.0,84.0,8.6,84.0,168.0,1.5,0.4,140.0,76.0,6.499784482758621,30.0,64.0,16.0,29.0,70.0,576.0,10.0,142.97816593886463,0.2,0.5,5.0,0.48,51.0,3.0,0.05,2024.0
10/24,7.4,1099,18.0,0.6,310.0,3500.0,19.651785714285715,3.0,252.0,32.6,252.0,156.0,2.0,1.5,268.0,140.0,6.4607758620689655,56.0,128.0,31.0,14.0,134.0,748.0,42.0,143.6943231441048,1.0,0.5,31.0,0.24,49.0,3.6,1.8,2024.0
10/24,7.6,571,10.0,0.7,140.0,2400.0,19.517857142857142,3.0,124.0,47.0,124.0,100.0,1.5,1.2,88.0,48.0,6.42176724137931,19.0,40.0,10.0,9.0,91.0,388.0,62.0,144.410480349345,0.2,0.5,16.0,0.2,64.0,4.2,0.4,2024.0
10/24,6.9,567,30.0,0.02,1700.0,4300.0,19.383928571428573,3.0,148.0,12.0,148.0,52.0,9.3,7.2,132.0,12.0,6.382758620689655,5.0,60.0,15.0,22.0,47.0,390.0,26.0,145.12663755458516,0.65,0.5,5.0,0.3,42.0,1.8,1.7,2024.0
10/24,7.2,1190,20.0,0.02,31.0,1600.0,19.25,3.0,268.0,8.0,268.0,240.0,12.2,9.4,360.0,184.0,6.34375,74.0,176.0,43.0,22.0,110.0,810.0,14.0,145.84279475982532,1.76,0.5,21.0,0.3,38.0,2.5,4.7,2024.0
10/24,7.1,562,7.0,0.02,1100.0,13000.0,19.11607142857143,3.0,136.0,14.3,136.0,84.0,1.5,0.5,168.0,88.0,6.304741379310345,35.0,80.0,19.0,7.0,50.0,382.0,22.0,146.5589519650655,0.2,0.5,12.0,0.2,37.0,1.7,0.05,2024.0
10/24,7.5,1842,9.0,0.02,17000.0,70000.0,18.982142857142858,3.0,436.0,9.2,436.0,320.0,1.5,0.4,512.0,260.0,6.26573275862069,104.0,252.0,61.0,76.0,164.0,1254.0,16.0,147.27510917030568,0.66,0.5,37.0,0.42,39.0,3.1,1.8,2024.0
10/24,7.2,670,4.0,0.02,210.0,5400.0,18.848214285714285,3.0,156.0,14.3,136.0,84.0,1.8,1.4,156.0,84.0,6.2267241379310345,34.0,72.0,17.0,7.0,60.0,456.0,18.0,147.99126637554585,0.42,0.5,12.0,0.28,41.0,2.1,1.4,2024.0
10/24,7.0,737,50.0,0.18,2200.0,24000.0,18.714285714285715,3.0,136.0,85.5,136.0,132.0,2.26,1.8,140.0,76.0,6.187715517241379,30.0,64.0,16.0,31.0,62.0,496.0,108.0,148.70742358078604,1.22,0.5,3.0,0.36,48.0,2.0,3.77,2024.0
10/24,7.5,1052,6.0,0.02,2200.0,14000.0,18.580357142857142,3.0,148.0,18.0,148.0,260.0,1.5,0.4,220.0,116.0,6.148706896551724,46.0,104.0,25.0,39.0,172.0,716.0,26.0,149.4235807860262,0.47,0.5,20.0,0.21,60.0,5.0,1.3,2024.0
10/24,8.0,1075,7.0,0.02,32.0,920.0,18.44642857142857,3.0,148.0,4.8,148.0,260.0,1.5,0.89,220.0,116.0,6.109698275862069,46.0,104.0,25.0,39.0,172.0,732.0,10.0,150.13973799126637,0.2,0.5,20.0,0.21,60.0,5.0,0.05,2024.0
10/24,6.8,602,15.0,0.02,26.0,1600.0,18.3125,3.0,136.0,5.4,136.0,96.0,4.7,4.2,160.0,84.0,6.070689655172414,34.0,76.0,18.0,24.0,58.0,408.0,10.0,150.85589519650654,0.77,0.5,12.0,0.27,42.0,2.0,2.17,2024.0
10/24,6.7,382,13.0,0.02,210.0,3500.0,18.17857142857143,3.0,84.0,4.1,84.0,60.0,4.4,3.9,100.0,56.0,6.031681034482759,22.0,44.0,11.0,16.0,35.0,260.0,10.0,151.57205240174673,0.6,0.5,8.0,0.22,41.0,1.52,1.75,2024.0
10/24,6.8,372,6.9,0.02,310.0,2800.0,18.044642857142858,3.0,108.0,5.0,108.0,40.0,1.5,0.92,120.0,64.0,5.992672413793104,26.0,56.0,14.0,5.0,38.0,252.0,10.0,152.2882096069869,0.3,0.5,12.0,0.38,37.0,1.5,0.5,2024.0
10/24,7.0,966,19.0,0.5,2400.0,4800.0,17.910714285714285,3.0,224.0,2.0,224.0,156.0,2.0,1.6,208.0,56.0,5.953663793103448,22.0,48.0,12.0,19.0,99.0,656.0,30.0,153.0043668122271,0.7,0.5,22.0,0.33,48.0,3.0,1.4,2024.0
10/24,7.3,694,7.0,0.02,320.0,3500.0,17.776785714285715,3.0,136.0,9.2,136.0,84.0,1.5,0.8,180.0,96.0,5.914655172413793,38.0,84.0,20.0,82.0,62.0,404.0,12.0,153.72052401746726,0.3,0.5,16.0,0.48,40.0,2.0,0.5,2024.0
10/24,7.0,330,4.0,0.02,140.0,2400.0,17.642857142857142,3.0,72.0,5.1,72.0,52.0,1.5,0.61,84.0,48.0,5.875646551724138,19.0,36.0,9.0,13.0,30.0,224.0,10.0,154.43668122270742,0.2,0.5,7.0,0.2,41.0,1.42,0.05,2024.0
10/24,6.7,323,8.0,0.3,200.0,4300.0,17.50892857142857,3.0,68.0,4.3,68.0,44.0,1.5,0.84,104.0,56.0,5.836637931034483,22.0,48.0,12.0,11.0,35.0,220.0,10.0,155.1528384279476,0.2,0.5,18.0,0.2,37.0,1.5,0.2,2024.0
10/24,6.9,986,4.0,0.02,240.0,3500.0,17.375,3.0,184.0,6.2,184.0,168.0,1.5,0.4,228.0,116.0,5.797629310344828,46.0,112.0,27.0,40.0,101.0,680.0,10.0,155.86899563318778,0.2,0.5,20.0,0.39,46.0,2.9,0.53,2024.0
10/24,8.5,692,43.0,0.02,1700.0,7000.0,17.24107142857143,24.0,112.0,110.0,136.0,116.0,1.5,0.42,132.0,68.0,5.758620689655173,27.0,64.0,16.0,21.0,92.0,470.0,102.0,156.58515283842794,0.53,0.5,16.0,0.35,57.0,3.6,1.3,2024.0
10/24,8.2,335,10.0,0.02,1100.0,4600.0,17.107142857142858,3.0,120.0,170.0,120.0,36.0,1.5,0.4,116.0,60.0,5.7196120689655165,24.0,56.0,14.0,10.0,31.0,232.0,200.0,157.30131004366814,0.34,0.5,8.0,0.21,34.0,1.2,0.8,2024.0
10/24,7.4,417,4.0,0.02,1700.0,4800.0,16.973214285714285,3.0,96.0,86.4,96.0,28.0,1.5,0.4,140.0,72.0,5.680603448275861,29.0,68.0,17.0,67.0,32.0,288.0,98.0,158.0174672489083,0.2,0.5,7.0,0.2,31.0,1.0,0.11,2024.0
10/24,6.5,347,16.0,0.02,21.0,1600.0,16.839285714285715,3.0,72.0,15.6,72.0,20.0,7.2,5.4,104.0,60.0,5.641594827586206,24.0,44.0,11.0,19.0,20.0,232.0,22.0,158.73362445414847,0.65,0.5,8.0,0.2,27.0,0.85,1.7,2024.0
10/24,7.6,440,4.0,0.02,1400.0,7900.0,16.705357142857142,3.0,108.0,6.2,108.0,84.0,1.5,0.4,88.0,48.0,5.602586206896551,19.0,40.0,10.0,9.0,40.0,299.0,20.0,159.44978165938863,0.2,0.5,6.0,0.2,47.0,1.9,0.41,2024.0
10/24,8.0,593,4.0,0.02,230.0,2400.0,16.57142857142857,3.0,136.0,5.7,136.0,92.0,1.5,0.45,104.0,56.0,5.563577586206896,22.0,48.0,12.0,12.0,85.0,400.0,10.0,160.16593886462883,0.2,0.5,8.0,0.35,61.0,3.7,0.1,2024.0
10/24,8.5,312,10.0,0.47,2400.0,4800.0,16.4375,32.0,76.0,197.0,108.0,24.0,1.5,0.4,116.0,60.0,5.524568965517241,24.0,56.0,14.0,12.0,21.0,214.0,248.0,160.882096069869,0.62,0.5,7.0,0.2,7.0,0.85,2.0,2024.0
10/24,8.0,1080,7.0,0.02,21.0,1600.0,16.30357142857143,3.0,172.0,5.5,172.0,256.0,1.5,0.88,216.0,112.0,5.485560344827586,45.0,104.0,25.0,43.0,160.0,734.0,10.0,161.5982532751092,0.2,0.5,20.0,0.23,59.0,4.8,0.05,2024.0
10/24,6.7,563,8.0,0.4,170.0,3500.0,16.169642857142858,3.0,80.0,6.6,80.0,56.0,1.5,0.8,172.0,92.0,5.44655172413793,37.0,80.0,19.0,12.0,58.0,382.0,10.0,162.31441048034935,0.2,0.5,18.0,0.4,39.0,2.0,0.4,2024.0
10/24,7.1,138,4.0,0.02,330.0,2800.0,16.035714285714285,3.0,36.0,16.9,36.0,12.0,1.5,0.4,68.0,40.0,5.407543103448275,16.0,28.0,7.0,5.0,5.0,90.0,22.0,163.03056768558952,0.2,0.5,2.0,0.23,8.3,0.15,0.05,2024.0
10/24,7.2,430,8.0,0.02,1200.0,7000.0,15.901785714285715,3.0,124.0,5.0,124.0,28.0,1.5,0.8,140.0,76.0,5.36853448275862,30.0,64.0,16.0,27.0,26.0,292.0,10.0,163.74672489082968,0.2,0.5,8.0,0.3,19.0,0.9,0.16,2024.0
10/24,7.1,1166,16.0,0.37,170.0,3500.0,15.767857142857142,3.0,268.0,9.6,268.0,196.0,7.9,7.3,316.0,164.0,5.329525862068965,66.0,152.0,37.0,48.0,113.0,784.0,14.0,164.46288209606988,0.61,0.5,23.0,0.21,41.0,2.76,1.8,2024.0
10/24,6.8,520,6.0,0.02,2100.0,11000.0,15.633928571428571,3.0,120.0,8.2,120.0,84.0,1.5,0.88,140.0,76.0,5.29051724137931,30.0,64.0,16.0,21.0,50.0,356.0,12.0,165.17903930131004,0.2,0.5,10.0,0.24,41.0,2.0,0.05,2024.0
10/24,7.1,447,20.0,0.73,1400.0,11000.0,15.5,3.0,128.0,31.0,128.0,40.0,4.4,3.3,152.0,84.0,5.251508620689655,34.0,68.0,17.0,19.0,38.0,300.0,40.0,165.89519650655023,0.69,0.5,10.0,0.2,33.0,1.3,1.8,2024.0
10/24,6.7,1065,38.0,0.69,14000.0,70000.0,15.366071428571429,3.0,280.0,15.4,280.0,188.0,35.3,27.0,332.0,172.0,5.2124999999999995,69.0,160.0,39.0,44.0,87.0,712.0,20.0,166.6113537117904,1.0,0.5,23.0,0.2,34.0,2.0,2.8,2024.0
10/24,6.5,1224,71.0,0.3,920000.0,4600000.0,15.232142857142858,3.0,284.0,31.8,284.0,204.0,25.8,22.1,332.0,172.0,5.173491379310344,69.0,160.0,39.0,50.0,116.0,826.0,36.0,167.32751091703057,1.44,0.5,24.0,0.26,41.0,2.77,4.24,2024.0
10/24,7.0,254,4.0,0.02,1400.0,4800.0,15.098214285714285,3.0,100.0,7.4,100.0,16.0,1.5,0.4,96.0,21.0,5.134482758620689,8.0,44.0,11.0,10.0,26.0,172.0,10.0,168.04366812227073,0.2,0.5,5.0,0.22,35.0,1.15,0.05,2024.0
10/24,7.6,650,6.0,0.02,270.0,2400.0,14.964285714285715,3.0,168.0,7.8,168.0,120.0,1.5,0.65,140.0,80.0,5.095474137931034,32.0,60.0,15.0,8.0,78.0,442.0,16.0,168.75982532751092,0.25,0.5,9.0,0.3,53.0,2.9,0.66,2024.0
10/24,7.2,1298,7.0,0.94,260.0,3500.0,14.830357142857142,3.0,352.0,12.6,352.0,236.0,1.5,0.4,396.0,204.0,5.056465517241379,82.0,192.0,47.0,36.0,104.0,878.0,16.0,169.4759825327511,0.8,0.5,7.0,0.51,36.0,2.0,2.05,2024.0
10/24,6.6,777,18.0,0.02,1400.0,12000.0,14.696428571428571,3.0,168.0,17.6,168.0,104.0,2.0,1.1,196.0,104.0,5.017456896551724,42.0,92.0,22.0,23.0,80.0,528.0,22.0,170.19213973799123,0.2,0.5,8.0,0.2,46.0,2.5,0.4,2024.0
10/24,6.8,563,22.0,0.02,2300.0,9400.0,14.5625,3.0,168.0,30.6,168.0,68.0,2.3,1.8,160.0,84.0,4.9784482758620685,34.0,76.0,18.0,11.0,60.0,382.0,40.0,170.90829694323145,0.9,0.5,14.0,0.35,48.0,2.0,1.7,2024.0
10/24,7.0,555,10.0,0.1,9200.0,46000.0,14.428571428571429,3.0,156.0,12.8,156.0,68.0,1.5,0.9,156.0,84.0,4.939439655172413,34.0,72.0,17.0,9.0,62.0,378.0,16.0,171.6244541484716,0.9,0.5,14.0,0.35,14.0,2.2,1.7,2024.0
10/24,6.5,317,4.0,0.02,210.0,3500.0,14.294642857142858,3.0,100.0,8.6,100.0,28.0,1.5,0.44,108.0,56.0,4.900431034482758,22.0,52.0,13.0,11.0,33.0,218.0,12.0,172.34061135371178,0.2,0.5,6.0,0.27,38.0,1.38,0.05,2024.0
10/24,6.8,960,16.0,0.02,1300.0,11000.0,14.160714285714286,3.0,204.0,16.4,204.0,148.0,1.6,1.2,176.0,92.0,4.861422413793103,37.0,84.0,20.0,17.0,100.0,652.0,22.0,173.05676855895197,3.4,0.5,23.0,0.37,51.0,3.3,6.0,2024.0
10/24,7.4,558,7.0,0.02,1200.0,13000.0,14.026785714285715,3.0,164.0,8.3,164.0,68.0,1.5,0.88,148.0,80.0,4.822413793103448,32.0,68.0,17.0,11.0,58.0,380.0,10.0,173.77292576419214,0.7,0.5,18.0,0.35,42.0,2.0,1.2,2024.0
10/24,6.7,373,22.0,0.02,1700.0,7900.0,13.892857142857142,3.0,84.0,40.0,84.0,28.0,2.7,8.0,128.0,72.0,4.783405172413793,29.0,56.0,14.0,12.0,27.0,250.0,50.0,174.4890829694323,1.2,0.5,8.0,0.2,29.0,1.0,3.4,2024.0
10/24,6.6,1176,10.0,0.6,430.0,3500.0,13.758928571428571,3.0,296.0,12.2,296.0,192.0,1.5,0.9,392.0,200.0,4.7443965517241375,80.0,192.0,47.0,13.0,33.0,800.0,16.0,175.2052401746725,1.2,0.5,22.0,0.3,33.0,2.1,1.9,2024.0
10/24,7.2,565,8.0,0.02,25.0,920.0,13.625,3.0,116.0,3.3,116.0,64.0,1.5,0.9,144.0,76.0,4.705387931034482,30.0,68.0,17.0,21.0,50.0,384.0,10.0,175.92139737991266,0.64,0.5,8.0,0.28,41.0,2.0,1.65,2024.0
10/24,7.4,875,7.0,0.17,110.0,2400.0,13.491071428571429,3.0,108.0,6.8,108.0,172.0,1.5,0.44,120.0,64.0,4.666379310344827,26.0,56.0,14.0,16.0,76.0,594.0,10.0,176.63755458515283,0.42,0.5,5.0,0.65,56.0,3.0,1.02,2024.0
10/24,8.2,1218,10.0,0.7,310.0,3500.0,13.357142857142858,3.0,228.0,20.6,228.0,268.0,1.5,0.96,316.0,164.0,4.627370689655172,66.0,152.0,37.0,30.0,126.0,828.0,26.0,177.35371179039302,2.5,0.5,28.0,0.3,44.0,3.0,4.0,2024.0
10/24,7.7,524,7.0,0.02,230.0,5400.0,13.223214285714286,3.0,144.0,12.3,144.0,56.0,1.5,0.64,148.0,80.0,4.588362068965517,32.0,68.0,17.0,15.0,41.0,356.0,16.0,178.0698689956332,1.56,0.5,3.0,0.31,37.0,1.47,4.35,2024.0
10/24,6.7,665,15.0,0.02,3100.0,9400.0,13.089285714285715,3.0,156.0,14.5,156.0,88.0,4.6,3.5,156.0,84.0,4.549353448275862,34.0,72.0,17.0,7.0,101.0,452.0,18.0,178.78602620087335,0.5,0.5,12.0,0.28,41.0,2.1,1.38,2024.0
10/24,6.7,1298,60.0,0.32,210.0,2800.0,12.955357142857142,3.0,300.0,29.6,300.0,216.0,31.0,25.0,352.0,180.0,4.510344827586207,72.0,172.0,42.0,53.0,114.0,890.0,34.0,179.50218340611357,1.1,0.5,26.0,0.61,39.0,2.64,3.12,2024.0
10/24,8.1,610,4.0,0.6,170.0,2800.0,12.821428571428571,3.0,116.0,5.1,116.0,84.0,1.5,0.47,88.0,52.0,4.471336206896551,21.0,36.0,9.0,17.0,70.0,416.0,10.0,180.2183406113537,0.2,0.5,10.0,0.41,51.0,2.3,0.44,2024.0
10/24,6.6,464,25.0,0.02,3300.0,13000.0,12.6875,3.0,104.0,12.8,104.0,72.0,9.4,8.9,108.0,60.0,4.432327586206896,24.0,48.0,12.0,19.0,45.0,312.0,16.0,180.93449781659388,0.9,0.5,9.0,0.2,45.0,2.0,2.45,2024.0
10/24,8.2,1223,9.0,0.74,210.0,5400.0,12.553571428571429,3.0,212.0,18.5,212.0,288.0,1.5,0.94,340.0,176.0,4.393318965517241,70.0,164.0,40.0,30.0,128.0,832.0,24.0,181.65065502183407,1.4,0.5,25.0,0.27,43.0,3.2,2.0,2024.0
10/24,7.1,1109,5.0,0.7,230.0,5400.0,12.419642857142858,3.0,132.0,1.5,132.0,212.0,1.5,0.9,196.0,104.0,4.354310344827586,42.0,92.0,22.0,25.0,101.0,754.0,10.0,182.36681222707423,0.6,0.5,21.0,0.23,50.0,3.1,1.83,2024.0
10/24,8.2,880,7.0,0.4,320.0,2200.0,12.285714285714286,3.0,160.0,38.4,160.0,136.0,1.5,0.81,196.0,108.0,4.315301724137931,43.0,88.0,21.0,15.0,85.0,598.0,50.0,183.0829694323144,1.0,0.5,15.0,0.2,48.0,2.6,3.09,2024.0
10/24,6.8,519,8.0,0.02,210.0,2100.0,12.151785714285715,3.0,80.0,14.3,80.0,64.0,1.5,0.76,120.0,64.0,4.276293103448276,26.0,56.0,14.0,43.0,41.0,352.0,18.0,183.7991266375546,0.25,0.5,3.0,0.47,41.0,2.0,0.67,2024.0
10/24,6.6,544,18.0,0.02,260.0,9200.0,12.017857142857142,3.0,156.0,21.4,156.0,76.0,3.6,2.8,140.0,76.0,4.2372844827586205,30.0,64.0,16.0,11.0,58.0,370.0,28.0,184.51528384279476,1.3,0.5,16.0,0.37,44.0,2.1,2.5,2024.0
10/24,7.1,722,36.0,0.18,25000.0,350000.0,11.883928571428571,3.0,136.0,93.6,136.0,128.0,3.14,2.5,152.0,80.0,4.198275862068965,32.0,72.0,17.0,24.0,60.0,490.0,118.0,185.23144104803492,0.96,0.5,3.0,0.32,45.0,2.0,2.8,2024.0
10/24,7.2,1735,24.0,0.47,26000.0,94000.0,11.75,3.0,404.0,21.6,404.0,296.0,6.9,6.9,468.0,240.0,4.15926724137931,96.0,228.0,55.0,70.0,159.0,1178.0,26.0,185.94759825327512,1.32,0.5,35.0,0.39,40.0,3.2,3.79,2024.0
10/24,6.9,1873,79.0,0.52,1100000.0,4900000.0,11.616071428571429,3.0,436.0,36.4,436.0,320.0,27.1,23.4,512.0,260.0,4.120258620689655,104.0,252.0,61.0,76.0,164.0,1284.0,42.0,186.66375545851528,1.49,0.5,37.0,0.42,39.0,3.15,4.35,2024.0
10/24,6.8,316,4.0,0.02,4300.0,14000.0,11.482142857142858,3.0,96.0,14.6,96.0,24.0,1.5,0.4,100.0,52.0,4.08125,21.0,48.0,12.0,20.0,29.0,220.0,20.0,187.37991266375545,0.6,0.5,8.0,0.2,36.0,1.0,1.4,2024.0
10/24,8.2,795,5.0,0.02,260.0,3500.0,11.348214285714286,3.0,224.0,37.6,224.0,60.0,1.5,0.4,144.0,80.0,4.042241379310345,32.0,64.0,16.0,59.0,109.0,532.0,46.0,188.09606986899564,0.2,0.5,9.0,0.2,60.0,3.9,0.05,2024.0
10/24,8.5,431,6.0,0.02,250.0,2800.0,11.214285714285715,40.0,76.0,76.4,116.0,56.0,1.5,0.4,124.0,26.0,4.0032327586206895,10.0,60.0,15.0,23.0,44.0,294.0,92.0,188.8122270742358,0.37,0.5,11.0,0.22,42.0,1.7,0.9,2024.0
10/24,6.3,496,23.0,0.46,240.0,4300.0,11.080357142857142,3.0,136.0,41.0,136.0,84.0,3.5,2.7,168.0,88.0,3.9642241379310335,35.0,80.0,19.0,15.0,50.0,338.0,54.0,189.52838427947597,0.6,0.5,12.0,0.2,37.0,1.68,1.3,2024.0
10/24,8.5,274,4.0,0.02,2100.0,11000.0,10.946428571428571,32.0,68.0,19.2,100.0,16.0,1.5,0.4,92.0,48.0,3.9252155172413783,19.0,44.0,11.0,17.0,30.0,188.0,26.0,190.24454148471617,0.2,0.5,5.0,0.21,39.0,1.0,0.06,2024.0
10/24,7.4,1407,18.0,0.58,1400.0,22000.0,10.8125,3.0,328.0,8.9,328.0,236.0,10.3,9.8,384.0,196.0,3.886206896551723,78.0,188.0,46.0,57.0,133.0,966.0,12.0,190.96069868995633,1.08,0.5,28.0,0.42,41.0,2.95,3.0,2024.0
10/24,6.8,397,17.0,0.1,2200.0,11000.0,10.678571428571429,3.0,76.0,19.9,76.0,32.0,1.8,1.4,124.0,68.0,3.847198275862068,27.0,56.0,14.0,14.0,31.0,270.0,26.0,191.6768558951965,0.6,0.5,10.0,0.2,33.0,1.2,0.9,2024.0
10/24,7.3,193,9.0,0.3,260.0,5400.0,10.544642857142858,3.0,88.0,9.8,88.0,8.0,1.5,0.82,92.0,52.0,3.808189655172413,21.0,40.0,10.0,5.0,5.0,132.0,12.0,192.3930131004367,0.2,0.5,13.0,0.2,6.0,0.14,0.2,2024.0
10/24,7.3,490,17.0,0.7,3100.0,17000.0,10.410714285714286,3.0,116.0,45.0,116.0,76.0,1.5,1.8,80.0,44.0,3.7691810344827577,18.0,36.0,9.0,7.0,72.0,334.0,58.0,193.10917030567688,0.4,0.5,15.0,0.2,61.0,3.5,0.8,2024.0
10/24,7.1,1840,12.0,0.02,2600.0,9400.0,10.276785714285715,3.0,436.0,6.8,436.0,320.0,1.5,0.4,512.0,256.0,3.7301724137931025,102.0,224.0,54.0,76.0,162.0,1250.0,20.0,193.82532751091705,0.71,0.5,36.0,0.39,40.0,3.0,1.8,2024.0
10/24,8.0,1093,16.0,0.6,260.0,2800.0,10.142857142857142,3.0,248.0,38.6,248.0,160.0,4.0,3.0,264.0,136.0,3.6911637931034473,54.0,128.0,31.0,14.0,130.0,744.0,50.0,194.5414847161572,1.0,0.5,31.0,0.2,48.0,3.5,1.6,2024.0
10/24,7.6,1056,7.0,0.02,3100.0,12000.0,10.008928571428571,3.0,172.0,12.0,172.0,256.0,1.5,0.4,216.0,112.0,3.652155172413792,45.0,104.0,25.0,43.0,160.0,718.0,24.0,195.25764192139735,0.64,0.5,20.0,0.21,59.0,4.8,1.7,2024.0
10/24,6.7,1136,20.0,0.02,14000.0,48000.0,9.875,3.0,240.0,40.0,240.0,196.0,10.3,8.0,320.0,168.0,3.613146551724137,67.0,152.0,37.0,24.0,105.0,702.0,50.0,195.97379912663752,2.0,0.5,32.0,0.27,38.0,2.6,5.5,2024.0
10/24,6.4,725,20.0,0.1,320.0,5400.0,9.741071428571429,3.0,148.0,21.4,148.0,80.0,5.9,4.5,148.0,80.0,3.574137931034482,32.0,68.0,17.0,7.0,74.0,494.0,28.0,196.68995633187777,0.3,0.5,14.0,0.3,49.0,2.6,0.7,2024.0
10/24,7.4,602,4.0,0.3,170.0,2800.0,9.607142857142858,3.0,104.0,3.1,104.0,76.0,1.5,0.4,160.0,88.0,3.5351293103448267,35.0,72.0,17.0,38.0,47.0,410.0,10.0,197.4061135371179,0.2,0.5,3.0,0.27,38.0,1.6,0.05,2024.0
10/24,8.2,555,7.0,0.7,130.0,2800.0,9.473214285714286,3.0,116.0,32.5,116.0,64.0,1.5,0.51,112.0,64.0,3.4961206896551715,26.0,48.0,12.0,12.0,58.0,378.0,42.0,198.12227074235807,0.5,0.5,10.0,0.28,50.0,2.4,1.56,2024.0
10/24,6.6,551,44.0,0.02,3100.0,28000.0,9.339285714285715,3.0,108.0,28.3,108.0,52.0,3.39,2.7,160.0,84.0,3.4571120689655164,34.0,76.0,18.0,53.0,45.0,374.0,36.0,198.83842794759823,0.43,0.5,4.0,0.27,37.0,2.0,1.1,2024.0
10/24,7.5,978,8.0,0.36,200.0,2800.0,9.205357142857144,3.0,120.0,9.2,120.0,216.0,1.5,0.87,116.0,64.0,3.418103448275861,26.0,52.0,13.0,21.0,86.0,660.0,12.0,199.55458515283843,0.2,0.5,13.0,0.6,60.0,3.0,0.05,2024.0
10/24,7.1,1093,4.0,0.28,200.0,3500.0,9.071428571428571,3.0,252.0,18.1,252.0,180.0,1.5,0.4,296.0,152.0,3.379094827586206,61.0,144.0,35.0,44.0,105.0,732.0,22.0,200.2707423580786,0.31,0.5,22.0,0.24,41.0,2.65,0.88,2024.0
10/24,6.7,1533,15.0,0.7,320.0,2200.0,8.9375,3.0,180.0,42.0,180.0,48.0,1.7,1.3,408.0,208.0,3.340086206896551,83.0,200.0,49.0,30.0,150.0,1042.0,54.0,200.9868995633188,0.3,0.5,32.0,0.4,42.0,3.2,0.5,2024.0
10/24,6.7,759,4.2,0.35,33000.0,170000.0,8.803571428571429,3.0,148.0,22.3,148.0,48.0,1.5,0.46,212.0,112.0,3.3010775862068957,45.0,100.0,24.0,94.0,53.0,504.0,30.0,201.70305676855895,0.2,0.5,18.0,0.57,33.0,2.0,0.44,2024.0
10/24,6.6,595,7.0,0.06,320.0,3500.0,8.669642857142858,3.0,92.0,201.0,92.0,48.0,1.5,0.4,148.0,80.0,3.262068965517241,32.0,68.0,17.0,75.0,56.0,394.0,250.0,202.41921397379912,0.2,0.5,19.0,0.2,41.0,2.0,0.05,2024.0
10/24,7.2,874,7.0,0.64,31000.0,170000.0,8.535714285714286,3.0,88.0,5.1,88.0,180.0,1.5,0.6,132.0,72.0,3.2230603448275854,29.0,60.0,15.0,28.0,76.0,588.0,10.0,203.1353711790393,0.2,0.5,6.0,0.51,54.0,3.0,0.05,2024.0
10/24,8.2,406,5.0,0.71,240.0,2800.0,8.401785714285715,3.0,68.0,25.0,68.0,68.0,1.5,0.4,88.0,52.0,3.1840517241379303,21.0,36.0,9.0,10.0,55.0,272.0,63.0,203.85152838427948,0.31,0.5,12.0,0.26,53.0,2.5,0.89,2024.0
10/24,7.4,710,48.0,0.1,4000.0,22000.0,8.267857142857144,3.0,140.0,91.8,140.0,132.0,1.87,1.5,132.0,72.0,3.145043103448275,29.0,60.0,15.0,26.0,60.0,478.0,116.0,204.56768558951964,0.62,0.5,3.0,0.35,48.0,2.0,1.7,2024.0
10/24,7.1,560,20.0,0.02,2300.0,4600.0,8.133928571428571,3.0,108.0,14.0,108.0,52.0,5.6,4.3,160.0,84.0,3.10603448275862,34.0,76.0,18.0,53.0,45.0,380.0,36.0,205.28384279475983,1.7,0.5,4.0,0.27,4.0,1.5,4.6,2024.0
12/24,1388.0,Ulsoor Lake Training Centre Of Fish Breeding,"D (Propagation of wild life,fisheries)",6.3,7.3,531.0,4.0,2.0,2700.0,17000.0,3.0,116.0,5.0,116.0,84.0,47.0,1.5,0.4,140.0,72.0,68.0,21.0,52.0,364.0,96.0,0.2,0.5,10.0,0.25,42.0,2.0,0.34,2024.0
12/24,2778.0,River Arkavathi At Tippagondanahalli Reservoir,"D (Propagation of wild life,fisheries)",6.3,7.3,1125.0,7.0,4.3,20.0,280.0,3.0,244.0,5.0,244.0,176.0,73.0,1.5,0.93,296.0,192.0,104.0,18.0,94.0,766.0,10.0,1.5,0.5,18.0,0.32,39.0,2.4,3.5,2024.0
12/24,3589.0,Madiwala Tank,"D (Propagation of wild life,fisheries)",6.0,7.9,560.0,6.0,5.0,410.0,4300.0,3.0,128.0,5.0,128.0,104.0,67.0,11.7,9.0,156.0,88.0,68.0,20.0,55.0,380.0,14.0,0.2,0.5,8.0,0.2,42.0,1.9,0.05,2024.0
12/24,3590.0,Lalbagh Tank,"D (Propagation of wild life,fisheries)",6.9,7.8,535.0,4.0,2.1,2600.0,15000.0,3.0,124.0,5.0,124.0,88.0,40.0,1.5,0.4,144.0,76.0,68.0,22.0,53.0,368.0,14.0,0.2,0.5,11.0,0.35,42.0,2.0,0.39,2024.0
12/24,3591.0,Kempambudhi Tank,"D (Propagation of wild life,fisheries)",4.6,7.0,474.0,5.0,1.8,3800.0,21000.0,3.0,104.0,5.0,104.0,76.0,55.0,1.5,0.72,124.0,68.0,56.0,19.0,46.0,326.0,62.0,0.2,0.5,9.0,0.21,42.0,2.0,0.05,2024.0
12/24,3592.0,Yediyur Tank,"D (Propagation of wild life,fisheries)",6.2,7.1,318.0,4.0,1.2,340.0,2400.0,3.0,68.0,5.0,68.0,48.0,44.0,1.5,0.4,84.0,48.0,36.0,13.0,31.0,216.0,20.0,0.2,0.5,6.0,0.2,42.0,1.46,0.05,2024.0
12/24,3593.0,Ulsoor Lake Temple,"D (Propagation of wild life,fisheries)",5.5,7.1,418.0,5.0,2.0,6300.0,35000.0,3.0,92.0,5.0,92.0,64.0,58.0,1.5,0.41,112.0,60.0,52.0,17.0,41.0,282.0,108.0,0.2,0.5,8.0,0.2,42.0,2.0,0.05,2024.0
12/24,3594.0,Sankey Tank,"D (Propagation of wild life,fisheries)",5.8,7.4,524.0,5.0,1.8,680.0,4100.0,3.0,124.0,5.0,124.0,56.0,64.0,1.5,0.49,152.0,84.0,68.0,16.0,53.0,350.0,10.0,0.2,0.5,8.0,0.2,41.0,1.9,0.05,2024.0
12/24,3595.0,Byrasandra Tank,"D (Propagation of wild life,fisheries)",6.3,7.6,423.0,4.0,1.6,3200.0,17000.0,3.0,92.0,5.0,92.0,64.0,44.0,1.5,0.4,112.0,60.0,52.0,17.0,41.0,288.0,110.0,0.2,0.5,8.0,0.21,42.0,2.0,0.05,2024.0
12/24,3596.0,Nayandanahalli Tank,"D (Propagation of wild life,fisheries)",6.1,8.3,544.0,7.0,2.0,110.0,2400.0,16.0,164.0,8.0,172.0,112.0,69.0,1.5,0.4,156.0,84.0,72.0,17.0,85.0,370.0,10.0,1.7,0.5,17.0,0.34,50.0,2.9,4.0,2024.0
12/24,3597.0,Hesaraghatta Lake,"D (Propagation of wild life,fisheries)",5.8,7.3,369.0,5.0,1.3,140.0,3500.0,3.0,112.0,5.0,112.0,36.0,64.0,1.5,0.4,124.0,68.0,56.0,5.0,25.0,248.0,14.0,0.2,0.5,12.0,0.2,28.0,0.97,0.05,2024.0
12/24,3598.0,Herohalli Tank,"D (Propagation of wild life,fisheries)",5.5,7.2,387.0,13.0,1.4,200.0,2000.0,3.0,136.0,5.0,136.0,40.0,128.0,1.5,0.7,96.0,52.0,44.0,6.0,30.0,266.0,112.0,0.3,0.5,8.0,0.2,37.0,2.0,0.8,2024.0
12/24,3599.0,Anchepalya Lake,"D (Propagation of wild life,fisheries)",4.6,7.2,354.0,8.0,1.2,220.0,2800.0,3.0,88.0,5.0,88.0,28.0,80.0,1.5,0.53,104.0,60.0,44.0,20.0,27.0,234.0,12.0,0.37,0.5,8.0,0.2,34.0,1.1,0.92,2024.0
12/24,3600.0,Shivapura Tank,"D (Propagation of wild life,fisheries)",5.8,7.2,700.0,9.0,2.7,170.0,1300.0,3.0,136.0,5.0,136.0,104.0,86.0,1.5,0.9,156.0,84.0,72.0,39.0,78.0,476.0,20.0,0.3,0.5,9.0,0.2,50.0,3.0,0.8,2024.0
12/24,3601.0,Karihobanahalli Lake,"D (Propagation of wild life,fisheries)",4.4,7.3,402.0,8.0,1.4,260.0,4300.0,3.0,92.0,5.0,92.0,32.0,88.0,1.5,0.91,120.0,68.0,52.0,10.0,23.0,264.0,12.0,0.95,0.5,9.0,0.2,27.0,0.91,2.6,2024.0
12/24,3602.0,Bellandur Lake,"D (Propagation of wild life,fisheries)",5.7,6.7,435.0,4.0,1.7,1700.0,12000.0,3.0,96.0,5.0,96.0,68.0,41.0,1.5,0.4,116.0,60.0,56.0,18.0,35.0,298.0,10.0,0.2,0.5,8.0,0.26,37.0,1.42,0.05,2024.0
12/24,3603.0,Vengaiyyanakere( Kr Puram Lake ),"E (Irrigation, industrial cooling and controlled waste)",3.0,7.2,1235.0,22.0,4.3,250.0,4300.0,3.0,256.0,5.0,256.0,152.0,168.0,4.4,3.4,260.0,136.0,124.0,30.0,100.0,806.0,10.0,2.8,0.5,28.0,0.36,42.0,2.7,7.5,2024.0
12/24,3604.0,Doddanekkundi Lake,"D (Propagation of wild life,fisheries)",6.6,7.2,595.0,4.0,2.3,140.0,2200.0,3.0,152.0,5.0,152.0,64.0,40.0,1.5,0.4,140.0,76.0,64.0,5.0,58.0,404.0,14.0,0.2,0.5,4.0,0.29,46.0,2.1,0.19,2024.0
12/24,3605.0,Yelemallappa Shetty Lake,"D (Propagation of wild life,fisheries)",4.0,6.8,605.0,7.0,2.0,46.0,920.0,3.0,212.0,5.0,212.0,96.0,71.0,1.5,0.4,168.0,88.0,80.0,24.0,68.0,410.0,18.0,0.36,0.5,8.0,0.2,45.0,2.3,0.86,2024.0
12/24,3606.0,Dasarahalli Tank,"D (Propagation of wild life,fisheries)",5.8,6.5,248.0,9.0,1.1,820.0,4700.0,3.0,84.0,5.0,84.0,24.0,80.0,1.5,0.9,88.0,48.0,40.0,8.0,17.0,168.0,26.0,0.2,0.5,5.0,0.2,28.0,0.7,0.5,2024.0
12/24,3607.0,Kalkere Tank,"E (Irrigation, industrial cooling and controlled waste)",3.2,7.5,1297.0,11.0,4.9,170.0,3500.0,3.0,288.0,5.0,288.0,184.0,101.0,11.9,9.2,256.0,136.0,120.0,25.0,169.0,880.0,44.0,1.6,0.5,26.0,0.2,59.0,4.6,3.7,2024.0
12/24,3608.0,Varthur Lake,"E (Irrigation, industrial cooling and controlled waste)",2.4,7.4,1454.0,28.0,5.0,930.0,2200.0,3.0,184.0,5.0,184.0,324.0,192.0,3.1,2.3,332.0,172.0,160.0,31.0,158.0,958.0,92.0,2.9,0.5,29.0,0.2,48.0,3.7,8.0,2024.0
12/24,3609.0,Ibbalur Lake,"D (Propagation of wild life,fisheries)",5.2,6.8,446.0,4.0,1.7,330.0,4300.0,3.0,104.0,5.0,104.0,72.0,44.0,1.5,0.4,120.0,80.0,40.0,18.0,36.0,304.0,10.0,0.2,0.5,9.0,0.2,37.0,1.43,0.05,2024.0
12/24,3610.0,Tubarahalli Tank,"D (Propagation of wild life,fisheries)",5.9,6.7,904.0,7.0,3.75,330.0,3500.0,3.0,140.0,5.0,140.0,136.0,76.0,1.5,0.4,180.0,96.0,84.0,21.0,89.0,618.0,10.0,1.45,0.5,12.0,0.29,50.0,2.88,3.42,2024.0
12/24,3611.0,Kaikondanahalli Lake,"E (Irrigation, industrial cooling and controlled waste)",3.0,8.4,583.0,25.0,2.2,1700.0,7900.0,24.0,148.0,12.0,160.0,96.0,164.0,4.6,4.1,140.0,72.0,68.0,24.0,47.0,400.0,48.0,0.29,0.5,12.0,0.33,39.0,2.0,0.81,2024.0
12/24,3612.0,Agaram Lake,"D (Propagation of wild life,fisheries)",7.3,7.7,416.0,4.0,1.6,260.0,2800.0,3.0,92.0,5.0,92.0,64.0,40.0,1.5,0.4,108.0,56.0,52.0,17.0,33.0,280.0,10.0,0.2,0.5,8.0,0.2,38.0,1.38,0.05,2024.0
12/24,3613.0,Gottigere Lake,"D (Propagation of wild life,fisheries)",4.5,7.0,894.0,5.0,3.4,430.0,2200.0,3.0,204.0,5.0,204.0,148.0,56.0,1.5,0.4,244.0,128.0,116.0,36.0,88.0,606.0,10.0,0.24,0.5,18.0,0.26,43.0,2.45,0.7,2024.0
12/24,3614.0,Puttenahalli Lake,"D (Propagation of wild life,fisheries)",5.8,8.0,685.0,4.0,2.6,32.0,920.0,3.0,156.0,5.0,156.0,112.0,52.0,1.5,0.4,184.0,96.0,88.0,28.0,67.0,462.0,10.0,0.2,0.5,14.0,0.32,42.0,2.15,0.49,2024.0
12/24,3615.0,Arakere Lake,"D (Propagation of wild life,fisheries)",6.3,7.5,598.0,6.0,3.4,310.0,3500.0,3.0,140.0,5.0,140.0,108.0,63.0,1.5,0.4,160.0,84.0,76.0,20.0,58.0,408.0,14.0,0.2,0.5,8.0,0.2,42.0,2.0,0.05,2024.0
12/24,3616.0,Kalena Agrahara Lake,"D (Propagation of wild life,fisheries)",6.5,7.7,525.0,4.0,3.5,310.0,2100.0,3.0,132.0,5.0,132.0,128.0,41.0,1.5,0.4,136.0,76.0,60.0,5.0,58.0,356.0,10.0,0.2,0.5,6.0,0.2,45.0,2.1,0.05,2024.0
12/24,3618.0,Singasandra Lake,"D (Propagation of wild life,fisheries)",5.8,8.3,605.0,8.0,2.3,2100.0,7000.0,24.0,168.0,12.0,180.0,128.0,78.0,1.5,0.4,160.0,84.0,76.0,28.0,99.0,412.0,68.0,1.1,0.5,19.0,0.33,53.0,3.4,2.7,2024.0
12/24,3619.0,Begur Tank,"D (Propagation of wild life,fisheries)",6.4,7.3,1148.0,4.0,4.4,33.0,1600.0,3.0,264.0,5.0,264.0,192.0,40.0,1.5,0.4,312.0,160.0,152.0,47.0,106.0,784.0,10.0,0.2,0.5,23.0,0.38,40.0,2.62,0.54,2024.0
12/24,3620.0,Parappana Agrahara Lake,"E (Irrigation, industrial cooling and controlled waste)",3.2,8.4,632.0,15.0,2.4,2100.0,11000.0,32.0,156.0,16.0,172.0,140.0,159.0,2.7,2.1,196.0,104.0,92.0,28.0,99.0,430.0,126.0,0.9,0.5,21.0,0.29,49.0,3.0,2.2,2024.0
12/24,3621.0,Haralur Lake,"E (Irrigation, industrial cooling and controlled waste)",3.3,8.2,502.0,23.0,1.9,3100.0,4800.0,3.0,136.0,5.0,136.0,80.0,160.0,3.1,2.7,116.0,64.0,52.0,20.0,40.0,346.0,62.0,0.21,0.5,10.0,0.24,40.0,2.0,0.59,2024.0
12/24,3622.0,Somasundrapalya Lake,"D (Propagation of wild life,fisheries)",6.6,8.1,608.0,9.0,2.3,250.0,2100.0,3.0,148.0,5.0,148.0,136.0,81.0,1.5,0.4,148.0,80.0,68.0,18.0,99.0,414.0,20.0,1.2,0.5,17.0,0.35,55.0,3.5,2.9,2024.0
12/24,3623.0,Anekal Doddakere Tank,"D (Propagation of wild life,fisheries)",6.4,7.5,758.0,7.0,3.4,680.0,4000.0,3.0,176.0,5.0,176.0,116.0,62.0,1.5,0.4,132.0,68.0,64.0,8.0,90.0,522.0,12.0,0.2,0.5,17.0,0.2,56.0,3.4,0.13,2024.0
12/24,3624.0,Puttenahalli Lake,"D (Propagation of wild life,fisheries)",5.8,7.7,427.0,5.0,1.68,260.0,4300.0,3.0,108.0,5.0,108.0,36.0,52.0,1.5,0.4,100.0,56.0,44.0,13.0,35.0,292.0,16.0,0.27,0.5,8.0,0.2,41.0,1.52,0.72,2024.0
12/24,3625.0,Hebbal Lake,"D (Propagation of wild life,fisheries)",4.9,7.9,674.0,7.0,2.71,310.0,3500.0,3.0,216.0,5.0,216.0,40.0,84.0,1.5,0.82,124.0,68.0,56.0,7.0,73.0,432.0,12.0,0.28,0.5,5.0,0.2,64.0,3.6,0.76,2024.0
12/24,3626.0,Nagavara Lake,"D (Propagation of wild life,fisheries)",6.1,6.5,484.0,6.0,2.2,26.0,1600.0,3.0,136.0,5.0,136.0,44.0,46.0,1.5,0.4,112.0,60.0,52.0,5.0,37.0,330.0,10.0,0.2,0.5,5.0,0.2,39.0,1.5,0.2,2024.0
12/24,3627.0,Jakkur Lake,"D (Propagation of wild life,fisheries)",6.1,7.9,428.0,6.0,1.9,110.0,2400.0,3.0,108.0,5.0,108.0,44.0,43.0,1.5,0.4,92.0,52.0,40.0,7.0,35.0,290.0,22.0,0.2,0.5,8.0,0.2,44.0,1.6,0.1,2024.0
12/24,3628.0,Amruthahalli Lake,"D (Propagation of wild life,fisheries)",5.6,6.5,489.0,9.0,2.2,17.0,1600.0,3.0,156.0,5.0,156.0,36.0,87.0,1.5,0.4,128.0,68.0,60.0,5.0,39.0,334.0,10.0,0.2,0.5,5.0,0.2,38.0,1.5,0.26,2024.0
12/24,3629.0,Allalasandra Lake,"D (Propagation of wild life,fisheries)",6.5,8.1,425.0,5.0,1.71,150.0,2800.0,3.0,112.0,5.0,112.0,40.0,48.0,1.5,0.4,112.0,60.0,52.0,10.0,32.0,290.0,10.0,0.31,0.5,6.0,0.2,45.0,1.32,0.86,2024.0
12/24,3630.0,Yelahanka Tank,"D (Propagation of wild life,fisheries)",6.0,8.1,423.0,5.0,1.7,170.0,2200.0,3.0,104.0,5.0,104.0,48.0,52.0,1.5,0.4,112.0,60.0,52.0,11.0,32.0,288.0,10.0,0.31,0.5,7.0,0.2,45.0,1.32,0.85,2024.0
12/24,3633.0,Subramanyapura Tank,"E (Irrigation, industrial cooling and controlled waste)",3.6,7.6,774.0,16.0,3.12,1700.0,15000.0,3.0,164.0,5.0,164.0,76.0,124.0,1.88,1.5,176.0,92.0,84.0,19.0,74.0,532.0,34.0,1.4,0.5,18.0,0.29,45.0,2.43,3.12,2024.0
12/24,3634.0,Devarakere Tank,"D (Propagation of wild life,fisheries)",4.8,6.5,333.0,8.0,1.34,1700.0,13000.0,3.0,96.0,5.0,96.0,20.0,88.0,1.5,0.92,76.0,44.0,32.0,7.0,19.0,228.0,14.0,0.2,0.5,7.0,0.2,32.0,0.94,0.05,2024.0
12/24,3635.0,Malathahalli Lake,"D (Propagation of wild life,fisheries)",4.4,6.8,571.0,4.0,2.3,220.0,2400.0,3.0,184.0,5.0,184.0,20.0,48.0,1.5,0.58,204.0,108.0,96.0,19.0,28.0,392.0,10.0,0.23,0.5,13.0,0.22,22.0,0.85,0.61,2024.0
12/24,3636.0,Hoskere Lake,"D (Propagation of wild life,fisheries)",4.8,6.5,368.0,7.0,1.48,150.0,2800.0,3.0,92.0,5.0,92.0,20.0,84.0,1.5,0.4,116.0,68.0,48.0,13.0,20.0,252.0,10.0,0.56,0.5,6.0,0.2,26.0,0.8,1.51,2024.0
12/24,3638.0,Yelachenahalli Lake,"D (Propagation of wild life,fisheries)",5.9,6.8,449.0,5.0,1.7,330.0,1700.0,3.0,100.0,5.0,100.0,72.0,52.0,1.5,0.47,120.0,64.0,56.0,18.0,43.0,304.0,12.0,0.2,0.5,9.0,0.2,41.0,2.0,0.05,2024.0
12/24,3639.0,Kengeri Tank,"D (Propagation of wild life,fisheries)",5.7,6.5,350.0,5.0,1.41,140.0,4300.0,3.0,104.0,5.0,104.0,24.0,56.0,1.5,0.4,88.0,48.0,40.0,6.0,28.0,240.0,10.0,0.21,0.5,3.0,0.2,40.0,1.3,0.55,2024.0
12/24,3640.0,Uttarahalli Doraikere,"E (Irrigation, industrial cooling and controlled waste)",2.6,6.5,264.0,20.0,1.06,4300.0,9400.0,3.0,80.0,5.0,80.0,16.0,144.0,3.77,3.0,72.0,40.0,32.0,11.0,13.0,180.0,10.0,0.54,0.5,5.0,0.2,26.0,0.66,1.44,2024.0
12/24,3641.0,Dhorekere Tank,"E (Irrigation, industrial cooling and controlled waste)",0.3,6.5,384.0,78.0,1.46,1700.0,11000.0,3.0,160.0,5.0,160.0,20.0,420.0,46.21,38.0,116.0,64.0,52.0,9.0,15.0,262.0,142.0,1.65,0.5,10.0,0.2,20.0,0.6,3.94,2024.0
12/24,3642.0,Jigani Tank,"D (Propagation of wild life,fisheries)",6.4,7.3,781.0,7.0,3.5,170.0,630.0,3.0,176.0,5.0,176.0,112.0,66.0,1.5,0.4,136.0,68.0,68.0,10.0,90.0,538.0,12.0,0.2,0.5,17.0,0.2,56.0,3.3,0.17,2024.0
12/24,3643.0,Benniganahalli Lake,"D (Propagation of wild life,fisheries)",6.0,7.9,555.0,4.0,2.3,210.0,3500.0,3.0,120.0,5.0,120.0,96.0,42.0,1.5,0.6,144.0,80.0,64.0,8.0,60.0,376.0,16.0,0.2,0.5,8.0,0.22,46.0,2.2,0.12,2024.0
12/24,3655.0,Mathikere Tank,"D (Propagation of wild life,fisheries)",5.6,6.5,295.0,5.0,1.0,22.0,4700.0,3.0,60.0,5.0,60.0,12.0,52.0,1.5,0.4,108.0,60.0,48.0,48.0,18.0,196.0,78.0,0.54,0.5,12.0,0.2,24.0,0.75,1.5,2024.0
12/24,4094.0,Gangondanahalli Lake,"D (Propagation of wild life,fisheries)",5.0,7.4,1807.0,14.0,7.0,140.0,1400.0,3.0,324.0,5.0,324.0,412.0,132.0,4.2,3.2,336.0,172.0,164.0,7.0,164.0,1266.0,10.0,0.2,0.5,25.0,0.5,46.0,4.0,0.6,2024.0
12/24,4095.0,Chikkabanavara Lake,"D (Propagation of wild life,fisheries)",5.0,7.0,1026.0,13.0,6.0,260.0,5400.0,3.0,336.0,5.0,336.0,176.0,120.0,5.1,3.9,352.0,180.0,172.0,35.0,105.0,700.0,16.0,0.7,0.5,17.0,0.34,38.0,2.4,1.6,2024.0
12/24,4096.0,Andhrahalli Lake,"D (Propagation of wild life,fisheries)",5.4,7.1,477.0,10.0,1.8,780.0,3900.0,3.0,156.0,5.0,156.0,48.0,93.0,12.0,8.9,144.0,76.0,68.0,8.0,34.0,328.0,36.0,0.2,0.5,9.0,0.2,33.0,2.0,0.5,2024.0
12/24,4097.0,Kachohalli Lake,"E (Irrigation, industrial cooling and controlled waste)",0.3,7.0,1749.0,30.0,4.2,45.0,460.0,3.0,604.0,5.0,604.0,256.0,199.0,21.0,15.8,436.0,224.0,212.0,30.0,154.0,1190.0,24.0,4.0,0.5,32.0,0.3,40.0,4.0,9.5,2024.0
12/24,4107.0,"River Dakshina Pinakini Near Mugalur Bridge Mugalur, Bengaluru","E (Irrigation, industrial cooling and controlled waste)",1.2,7.2,1458.0,36.0,6.8,170.0,2800.0,3.0,340.0,5.0,340.0,244.0,200.0,8.4,7.6,400.0,204.0,196.0,59.0,117.0,984.0,34.0,0.62,0.5,29.0,0.2,36.0,2.54,1.64,2024.0
12/24,4504.0,Sarakki Lake,"D (Propagation of wild life,fisheries)",6.6,7.4,700.0,4.0,2.7,200.0,1200.0,3.0,160.0,5.0,160.0,116.0,48.0,1.5,0.4,188.0,100.0,88.0,28.0,28.0,482.0,18.0,0.2,0.5,14.0,0.29,42.0,2.13,0.48,2024.0
12/24,4505.0,Nelamangala Lake,"D (Propagation of wild life,fisheries)",5.8,6.5,1224.0,8.0,5.5,260.0,3500.0,3.0,300.0,5.0,300.0,168.0,70.0,9.3,7.1,312.0,160.0,152.0,18.0,96.0,832.0,10.0,2.0,0.5,19.0,0.39,38.0,2.4,4.5,2024.0
12/24,4506.0,Abbigere Lake,"D (Propagation of wild life,fisheries)",6.9,6.9,514.0,5.0,2.3,1700.0,13000.0,3.0,132.0,5.0,132.0,52.0,41.0,1.5,0.6,132.0,68.0,64.0,8.0,38.0,350.0,12.0,0.2,0.5,8.0,0.22,36.0,1.0,0.32,2024.0
12/24,4507.0,Chelekere Lake,"D (Propagation of wild life,fisheries)",6.0,7.8,427.0,6.0,1.6,210.0,2800.0,3.0,120.0,5.0,120.0,36.0,46.0,1.5,0.4,96.0,52.0,44.0,9.0,36.0,294.0,18.0,0.2,0.5,8.0,0.2,43.0,1.6,0.1,2024.0
12/24,4508.0,Singapura Lake,"D (Propagation of wild life,fisheries)",6.0,7.6,420.0,7.0,1.9,310.0,3500.0,3.0,112.0,5.0,112.0,44.0,53.0,1.5,0.4,92.0,48.0,44.0,9.0,36.0,288.0,18.0,0.2,0.5,9.0,0.2,43.0,1.6,0.22,2024.0
12/24,4509.0,Narasipura Lake,"D (Propagation of wild life,fisheries)",5.7,6.5,479.0,9.0,2.2,150.0,2400.0,3.0,132.0,5.0,132.0,36.0,80.0,1.5,0.4,128.0,64.0,64.0,5.0,35.0,326.0,10.0,0.2,0.5,5.0,0.2,36.0,1.4,0.31,2024.0
12/24,4510.0,Rachenahalli Lake,"D (Propagation of wild life,fisheries)",6.0,7.7,420.0,7.0,1.6,210.0,4300.0,3.0,116.0,5.0,116.0,36.0,59.0,1.5,0.4,96.0,52.0,44.0,10.0,36.0,286.0,16.0,0.2,0.5,8.0,0.2,42.0,1.6,0.24,2024.0
12/24,4511.0,Kogilu Kere,"D (Propagation of wild life,fisheries)",6.1,7.7,433.0,6.0,1.7,230.0,2200.0,3.0,112.0,5.0,112.0,32.0,53.0,1.5,0.4,96.0,48.0,48.0,9.0,36.0,294.0,20.0,0.2,0.5,8.0,0.2,42.0,1.6,0.12,2024.0
12/24,4512.0,Viswaneedam Lake,"E (Irrigation, industrial cooling and controlled waste)",0.3,7.1,1125.0,144.0,3.9,2400.0,35000.0,3.0,388.0,5.0,388.0,92.0,448.0,72.0,57.0,248.0,132.0,116.0,22.0,78.0,734.0,22.0,2.2,0.5,23.0,0.2,38.0,2.2,6.0,2024.0
12/24,4513.0,Ramammana Kere,"E (Irrigation, industrial cooling and controlled waste)",3.2,7.2,1026.0,16.0,3.6,3100.0,9400.0,3.0,240.0,5.0,240.0,148.0,112.0,4.9,3.6,320.0,168.0,152.0,13.0,79.0,670.0,12.0,1.2,0.5,18.0,0.2,33.0,1.9,3.2,2024.0
12/24,4514.0,Sadaramangala Lake,"E (Irrigation, industrial cooling and controlled waste)",3.2,7.2,1112.0,25.0,4.3,240.0,5400.0,3.0,212.0,5.0,212.0,188.0,180.0,5.3,4.1,256.0,132.0,124.0,26.0,128.0,758.0,126.0,4.8,0.5,21.0,0.24,49.0,3.5,11.2,2024.0
12/24,4515.0,Bhattarahalli Lake,"D (Propagation of wild life,fisheries)",5.6,7.4,620.0,9.0,2.9,63.0,920.0,3.0,216.0,5.0,216.0,104.0,80.0,1.6,1.2,176.0,96.0,80.0,21.0,68.0,422.0,16.0,0.2,0.5,6.0,0.2,44.0,2.2,0.5,2024.0
12/24,4516.0,Kundalahalli Lake,"E (Irrigation, industrial cooling and controlled waste)",3.0,7.5,1463.0,20.0,5.1,45.0,230.0,3.0,192.0,5.0,192.0,308.0,148.0,2.7,2.1,320.0,168.0,152.0,31.0,155.0,962.0,10.0,2.3,0.5,30.0,0.2,48.0,3.8,6.7,2024.0
12/24,4517.0,Kowdhenahalli Tank,"D (Propagation of wild life,fisheries)",6.0,7.9,474.0,9.0,2.9,330.0,2400.0,3.0,124.0,5.0,124.0,104.0,86.0,1.6,1.2,144.0,80.0,64.0,12.0,52.0,322.0,12.0,0.2,0.5,6.0,0.2,43.0,1.9,0.5,2024.0
12/24,4518.0,Garudacharpalya Tank,"D (Propagation of wild life,fisheries)",4.4,6.6,589.0,7.0,2.37,430.0,2200.0,3.0,116.0,5.0,116.0,12.0,88.0,1.5,0.4,124.0,68.0,56.0,19.0,59.0,404.0,20.0,1.11,0.5,11.0,0.24,47.0,2.3,2.3,2024.0
12/24,4519.0,Rampura Lake,"D (Propagation of wild life,fisheries)",4.8,6.9,795.0,7.0,4.9,210.0,2800.0,3.0,180.0,5.0,180.0,92.0,59.0,1.5,0.4,188.0,100.0,88.0,14.0,77.0,540.0,24.0,1.2,0.5,16.0,0.28,43.0,2.4,2.8,2024.0
12/24,4520.0,Chinnappanahalli Lake,"D (Propagation of wild life,fisheries)",6.2,6.6,681.0,4.0,2.74,240.0,1600.0,3.0,112.0,5.0,112.0,92.0,48.0,1.5,0.4,100.0,56.0,44.0,20.0,67.0,466.0,10.0,0.2,0.5,11.0,0.36,56.0,2.91,0.05,2024.0
12/24,4522.0,Vibhuthipura Lake,"D (Propagation of wild life,fisheries)",6.3,7.0,664.0,5.0,2.7,310.0,2800.0,3.0,148.0,5.0,148.0,68.0,59.0,1.5,0.4,144.0,80.0,64.0,5.0,65.0,450.0,36.0,0.36,0.5,14.0,0.24,46.0,2.4,0.85,2024.0
12/24,4523.0,Nallurahalli Lake,"E (Irrigation, industrial cooling and controlled waste)",2.9,7.4,1437.0,21.0,5.0,170.0,940.0,3.0,180.0,5.0,180.0,328.0,156.0,2.9,2.2,328.0,172.0,156.0,35.0,159.0,936.0,10.0,2.9,0.5,29.0,0.2,48.0,3.8,8.1,2024.0
12/24,4524.0,Pattandur Agrahara Lake,"E (Irrigation, industrial cooling and controlled waste)",3.3,7.5,1440.0,17.0,5.0,130.0,430.0,3.0,176.0,5.0,176.0,336.0,136.0,2.6,2.1,312.0,164.0,148.0,34.0,137.0,946.0,22.0,2.8,0.5,29.0,0.2,46.0,3.4,7.8,2024.0
12/24,4525.0,Seetharampalya Lake,"D (Propagation of wild life,fisheries)",5.2,7.3,1113.0,14.0,4.3,210.0,3500.0,3.0,188.0,5.0,188.0,176.0,126.0,2.2,1.7,248.0,128.0,120.0,24.0,121.0,758.0,34.0,4.8,0.5,19.0,0.22,49.0,3.3,11.5,2024.0
12/24,4526.0,Devasandra Lake,"D (Propagation of wild life,fisheries)",6.7,7.6,442.0,5.0,2.2,84.0,1600.0,3.0,152.0,5.0,152.0,56.0,53.0,1.5,0.4,128.0,72.0,56.0,5.0,48.0,300.0,22.0,0.2,0.5,6.0,0.2,43.0,1.8,0.28,2024.0
12/24,4527.0,Sheelavanta-Whitefield Lake,"D (Propagation of wild life,fisheries)",5.2,6.7,905.0,6.0,3.65,170.0,4300.0,3.0,144.0,5.0,144.0,144.0,64.0,1.5,0.41,188.0,100.0,88.0,21.0,87.0,620.0,10.0,1.5,0.5,13.0,0.24,48.0,2.75,3.42,2024.0
12/24,4528.0,Doddakannehalli Lake,"E (Irrigation, industrial cooling and controlled waste)",3.3,8.3,578.0,21.0,2.2,2600.0,9400.0,16.0,148.0,8.0,156.0,92.0,155.0,3.0,2.5,128.0,68.0,60.0,24.0,46.0,398.0,42.0,0.24,0.5,12.0,0.46,41.0,2.0,0.67,2024.0
12/24,4530.0,Kammasandra Lake,"D (Propagation of wild life,fisheries)",5.2,6.9,608.0,5.0,2.7,310.0,2200.0,3.0,136.0,5.0,136.0,100.0,50.0,1.5,0.49,160.0,84.0,76.0,25.0,59.0,406.0,10.0,0.2,0.5,12.0,0.27,42.0,2.03,0.43,2024.0
12/24,4531.0,Rayasandra Lake,"E (Irrigation, industrial cooling and controlled waste)",3.0,7.1,1732.0,15.0,6.1,11000.0,46000.0,3.0,404.0,5.0,404.0,292.0,156.0,7.8,6.1,472.0,240.0,232.0,70.0,139.0,1174.0,40.0,0.58,0.5,35.0,0.36,37.0,2.78,1.66,2024.0
12/24,4532.0,Chandapura Lake,"E (Irrigation, industrial cooling and controlled waste)",0.3,7.2,2120.0,70.0,9.5,14000.0,70000.0,3.0,496.0,5.0,496.0,360.0,332.0,24.0,19.0,580.0,296.0,284.0,86.0,170.0,1456.0,44.0,0.79,0.5,42.0,0.49,37.0,3.08,2.19,2024.0
12/24,4533.0,Ullalu Lake,"D (Propagation of wild life,fisheries)",4.2,6.5,343.0,8.0,1.38,140.0,3500.0,3.0,100.0,5.0,100.0,20.0,92.0,1.5,0.95,80.0,44.0,36.0,8.0,20.0,234.0,10.0,0.23,0.5,8.0,0.2,32.0,0.96,0.61,2024.0
12/24,4534.0,Sompura Lake,"D (Propagation of wild life,fisheries)",6.8,7.4,468.0,5.0,1.7,1700.0,13000.0,3.0,204.0,5.0,204.0,52.0,46.0,1.5,0.4,116.0,64.0,52.0,17.0,88.0,318.0,10.0,0.2,0.5,8.0,0.37,60.0,3.5,0.8,2024.0
12/24,4535.0,Gubbalal Lake,"E (Irrigation, industrial cooling and controlled waste)",2.7,6.5,399.0,20.0,1.56,210.0,3500.0,3.0,96.0,5.0,96.0,24.0,152.0,11.0,8.8,76.0,44.0,32.0,10.0,23.0,272.0,10.0,0.53,0.5,9.0,0.2,36.0,1.14,1.41,2024.0
12/24,4536.0,Hosakerehalli Lake,"D (Propagation of wild life,fisheries)",4.0,7.8,810.0,20.0,3.2,1700.0,14000.0,3.0,212.0,5.0,212.0,84.0,171.0,1.5,0.68,164.0,88.0,76.0,24.0,74.0,550.0,138.0,0.36,0.5,22.0,0.38,48.0,2.5,0.86,2024.0
12/24,4537.0,Chinnakurchi Kere,"D (Propagation of wild life,fisheries)",7.0,8.2,428.0,5.0,1.7,240.0,5400.0,3.0,128.0,5.0,128.0,24.0,43.0,1.5,0.4,112.0,64.0,48.0,21.0,37.0,290.0,10.0,0.2,0.5,7.0,0.27,40.0,1.5,0.12,2024.0
12/24,4538.0,Machohalli Lake,"E (Irrigation, industrial cooling and controlled waste)",2.5,7.3,1921.0,16.0,7.4,780.0,4800.0,3.0,368.0,5.0,368.0,444.0,155.0,7.0,5.2,456.0,232.0,224.0,28.0,186.0,1344.0,20.0,0.3,0.5,25.0,0.4,49.0,4.0,0.8,2024.0
12/24,4539.0,Doddabidarakallu Lake,"E (Irrigation, industrial cooling and controlled waste)",0.3,7.3,1360.0,93.0,4.7,2600.0,28000.0,3.0,400.0,5.0,400.0,164.0,296.0,51.0,40.0,304.0,160.0,144.0,66.0,100.0,892.0,20.0,1.6,0.5,23.0,0.3,39.0,2.5,4.3,2024.0
12/24,4540.0,Kammagondanahalli Lake,"D (Propagation of wild life,fisheries)",6.8,6.7,376.0,7.0,2.0,780.0,2300.0,3.0,112.0,5.0,112.0,32.0,62.0,1.5,0.4,92.0,48.0,44.0,5.0,26.0,256.0,22.0,0.2,0.5,9.0,0.2,35.0,1.0,0.33,2024.0
12/24,4541.0,Alur Lake,"D (Propagation of wild life,fisheries)",5.1,6.9,164.0,7.0,0.57,260.0,2200.0,3.0,60.0,5.0,60.0,8.0,60.0,1.5,0.4,80.0,48.0,32.0,5.0,5.0,110.0,10.0,0.2,0.5,9.0,0.2,7.0,0.14,0.05,2024.0
12/24,4542.0,Basavanapura Lake,"D (Propagation of wild life,fisheries)",4.4,7.0,908.0,5.0,3.5,170.0,3500.0,3.0,208.0,5.0,208.0,152.0,58.0,1.5,0.56,248.0,128.0,120.0,37.0,89.0,618.0,10.0,0.22,0.5,18.0,0.2,42.0,2.46,0.62,2024.0
12/24,4543.0,Kodi Singasandra Lake,"D (Propagation of wild life,fisheries)",4.8,6.8,589.0,4.0,2.2,430.0,2200.0,3.0,256.0,5.0,256.0,64.0,37.0,1.5,0.4,304.0,156.0,148.0,45.0,71.0,400.0,10.0,0.9,0.5,5.0,0.31,33.0,1.7,3.4,2024.0
12/24,4544.0,Kothanuru Lake,"D (Propagation of wild life,fisheries)",6.6,7.7,515.0,4.0,2.0,170.0,2400.0,3.0,116.0,5.0,116.0,84.0,48.0,1.5,0.42,136.0,72.0,64.0,21.0,50.0,348.0,10.0,0.2,0.5,10.0,0.2,42.0,2.0,0.44,2024.0
12/24,4545.0,Jungu Kere (Devarabeesanahalli Lake),"E (Irrigation, industrial cooling and controlled waste)",3.2,8.2,536.0,24.0,2.1,2100.0,9400.0,3.0,124.0,5.0,124.0,88.0,160.0,3.2,2.9,124.0,68.0,56.0,22.0,43.0,366.0,26.0,0.31,0.5,11.0,0.41,40.0,2.0,0.89,2024.0
12/24,4546.0,Jakksandra Lake (Kasavanahalli Lake ),"D (Propagation of wild life,fisheries)",6.9,7.7,426.0,4.0,1.6,250.0,2800.0,3.0,96.0,5.0,96.0,64.0,46.0,1.5,0.47,112.0,60.0,52.0,17.0,34.0,288.0,10.0,0.2,0.5,9.0,0.21,37.0,1.4,0.05,2024.0
12/24,4547.0,Mangamanapalya Lake(Swarana Kunte),"D (Propagation of wild life,fisheries)",6.6,7.8,433.0,4.0,1.7,230.0,3500.0,3.0,100.0,5.0,100.0,68.0,40.0,1.5,0.4,112.0,60.0,52.0,18.0,35.0,290.0,10.0,0.2,0.5,9.0,0.2,38.0,1.44,0.05,2024.0
12/24,5558.0,"Kannahalli Lake Kannahalli, Bengaluru","D (Propagation of wild life,fisheries)",5.6,7.1,1338.0,9.0,5.1,1400.0,4900.0,3.0,396.0,5.0,396.0,216.0,87.0,14.0,11.0,316.0,164.0,152.0,22.0,132.0,910.0,10.0,1.5,0.5,22.0,0.3,55.0,4.0,3.6,2024.0
12/24,5559.0,"Shettihalli Lake, Mallasandra Gudde Lake Bengaluru","D (Propagation of wild life,fisheries)",6.8,6.7,1080.0,7.0,5.0,260.0,3500.0,3.0,256.0,5.0,256.0,132.0,62.0,11.7,9.0,188.0,96.0,92.0,13.0,90.0,738.0,10.0,1.3,0.5,11.0,0.23,49.0,3.0,3.0,2024.0
12/24,5560.0,"Hoodi (Rajapalya Lake) Itpl Main Road, Near Hoodi,Bengaluru","E (Irrigation, industrial cooling and controlled waste)",3.2,7.4,1436.0,17.0,5.0,78.0,790.0,3.0,180.0,5.0,180.0,324.0,128.0,2.5,2.1,308.0,160.0,148.0,33.0,157.0,940.0,14.0,2.1,0.5,28.0,0.2,50.0,3.9,5.6,2024.0
12/24,5561.0,"Munekolalu Lake ,Marathahalli, East Taluka
,Bengaluru","D (Propagation of wild life,fisheries)",4.9,6.5,591.0,7.0,2.38,23.0,2400.0,3.0,116.0,5.0,116.0,68.0,80.0,1.5,0.7,124.0,68.0,56.0,21.0,60.0,406.0,10.0,1.18,0.5,11.0,0.24,48.0,2.34,2.52,2024.0
12/24,5562.0,"Mahadevpuraâ  Lake, K. R. Puram , Bangalore East Taluka","D (Propagation of wild life,fisheries)",4.3,6.6,677.0,8.0,2.73,210.0,3500.0,3.0,108.0,5.0,108.0,76.0,92.0,1.5,0.6,132.0,72.0,60.0,26.0,78.0,464.0,10.0,0.2,0.5,12.0,0.37,53.0,2.97,0.05,2024.0
12/24,5563.0,"Segehalli Lake Baavanapura Road Battarahalli , Bangalore East","E (Irrigation, industrial cooling and controlled waste)",1.0,6.9,1042.0,15.0,7.4,24000.0,48000.0,3.0,352.0,5.0,352.0,200.0,148.0,6.8,5.2,360.0,216.0,144.0,25.0,110.0,708.0,42.0,1.55,0.5,22.0,0.24,40.0,2.6,1.9,2024.0
12/24,5564.0,"Kannamangala Lake Hoskote Main Road , Bengalore","E (Irrigation, industrial cooling and controlled waste)",3.2,6.8,1499.0,16.0,5.2,170.0,3500.0,3.0,204.0,5.0,204.0,300.0,120.0,1.5,1.1,300.0,156.0,144.0,32.0,154.0,978.0,10.0,0.65,0.5,16.0,0.35,51.0,3.9,1.7,2024.0
12/24,5565.0,Kannur Lake Near By Hennur Road Bengalore,"E (Irrigation, industrial cooling and controlled waste)",2.8,7.6,2075.0,18.0,7.9,220.0,5400.0,3.0,316.0,5.0,316.0,376.0,162.0,8.2,6.3,212.0,112.0,100.0,22.0,250.0,1410.0,10.0,1.2,0.5,142.0,0.45,70.0,7.5,2.8,2024.0
12/24,5566.0,"Basavanapura Lake Ayyappa Nagr Main Road , K.
R. Puram , Bengaluru","D (Propagation of wild life,fisheries)",6.6,7.6,462.0,6.0,1.6,43.0,540.0,3.0,140.0,5.0,140.0,48.0,59.0,1.5,0.4,116.0,60.0,56.0,7.0,46.0,314.0,20.0,0.2,0.5,6.0,0.2,45.0,1.9,0.22,2024.0
12/24,5567.0,"Doddakallasandra Lake,Bengaluru","D (Propagation of wild life,fisheries)",5.7,6.8,202.0,5.0,0.7,1400.0,9400.0,3.0,64.0,5.0,64.0,16.0,60.0,1.5,0.4,84.0,48.0,36.0,7.0,14.0,134.0,10.0,0.48,0.5,4.0,0.2,25.0,0.66,1.2,2024.0
12/24,5568.0,"Ulsoor Lake Near Kalyani,Bengaluru","D (Propagation of wild life,fisheries)",6.4,7.8,437.0,4.0,1.7,2600.0,14000.0,3.0,100.0,5.0,100.0,72.0,49.0,1.5,0.4,116.0,64.0,52.0,18.0,42.0,296.0,104.0,0.2,0.5,9.0,0.24,41.0,2.0,0.05,2024.0
12/24,5569.0,"Byrasandra Upper Lake,Bengaluru","D (Propagation of wild life,fisheries)",6.2,6.9,979.0,4.0,3.8,340.0,2200.0,3.0,224.0,5.0,224.0,164.0,46.0,1.5,0.4,264.0,136.0,128.0,40.0,97.0,670.0,52.0,0.2,0.5,20.0,0.27,42.0,2.6,0.55,2024.0
12/24,5570.0,"Soulkere, Kaikondrahalli Vill,Bengaluru","D (Propagation of wild life,fisheries)",4.8,8.0,455.0,5.0,1.7,210.0,3500.0,3.0,120.0,5.0,120.0,76.0,58.0,1.5,0.4,104.0,56.0,48.0,19.0,36.0,308.0,46.0,0.2,0.5,9.0,0.2,40.0,2.0,0.05,2024.0
12/24,5571.0,"Kudlu Doddakere, Kudlu Vill,Bengaluru","D (Propagation of wild life,fisheries)",4.2,6.9,683.0,8.0,2.35,260.0,3500.0,3.0,244.0,5.0,244.0,48.0,88.0,1.5,0.62,292.0,152.0,140.0,18.0,62.0,470.0,14.0,1.33,0.5,4.0,0.39,31.0,2.0,2.97,2024.0
12/24,5572.0,"Kudlu Chikkakere, Bgp Layout Kudlu Vill
,Bengaluru","D (Propagation of wild life,fisheries)",6.3,7.9,658.0,4.0,2.25,230.0,2400.0,3.0,116.0,5.0,116.0,116.0,48.0,1.5,0.4,136.0,72.0,64.0,27.0,58.0,450.0,10.0,0.2,0.5,7.0,0.35,46.0,2.0,0.05,2024.0
12/24,5574.0,"Anjanapura Lake ( Avala Halli Lake) Anjanapura,Bengaluru","E (Irrigation, industrial cooling and controlled waste)",1.6,6.5,537.0,24.0,2.1,240.0,2200.0,3.0,120.0,5.0,120.0,88.0,197.0,5.1,4.6,144.0,76.0,68.0,22.0,52.0,368.0,12.0,0.7,0.5,11.0,0.29,41.0,2.0,1.89,2024.0
01/25,1388.0,Ulsoor Lake Training Centre Of Fish Breeding,"D (Propagation of wild life,fisheries)",7.0,6.7,725.0,4.0,2.8,1400.0,11000.0,3.0,156.0,5.0,156.0,72.0,39.0,1.5,0.4,144.0,116.0,28.0,31.0,68.0,500.0,10.0,0.2,0.5,17.0,0.2,47.0,2.5,0.3,2025.0
01/25,2778.0,River Arkavathi At Tippagonda-halli Reservoir,"D (Propagation of wild life,fisheries)",6.7,7.1,1266.0,6.0,5.0,17.0,220.0,3.0,272.0,5.0,272.0,172.0,68.0,5.2,4.0,284.0,144.0,140.0,46.0,92.0,860.0,10.0,2.5,0.5,18.0,0.23,39.0,2.4,6.0,2025.0
01/25,3589.0,Madiwala Tank,"D (Propagation of wild life,fisheries)",5.4,7.1,679.0,10.0,2.6,170.0,3500.0,3.0,220.0,5.0,220.0,100.0,94.0,1.5,0.4,160.0,88.0,72.0,10.0,79.0,462.0,28.0,0.9,0.5,16.0,0.2,48.0,2.7,2.1,2025.0
01/25,3590.0,Lalbagh Tank,"D (Propagation of wild life,fisheries)",5.2,7.1,584.0,4.0,2.9,1700.0,7900.0,3.0,176.0,5.0,176.0,112.0,52.0,1.5,0.4,160.0,104.0,56.0,16.0,59.0,396.0,10.0,0.2,0.5,8.0,0.32,43.0,2.0,0.36,2025.0
01/25,3591.0,Kempambudhi Tank,"D (Propagation of wild life,fisheries)",4.5,6.9,544.0,5.0,3.2,2100.0,9400.0,3.0,136.0,5.0,136.0,104.0,48.0,1.5,0.4,152.0,84.0,68.0,26.0,60.0,370.0,14.0,0.2,0.5,8.0,0.22,44.0,2.1,0.26,2025.0
01/25,3592.0,Yediyur Tank,"D (Propagation of wild life,fisheries)",5.4,6.8,340.0,6.0,3.16,260.0,2800.0,3.0,80.0,5.0,80.0,120.0,56.0,1.5,0.4,100.0,56.0,44.0,20.0,22.0,230.0,10.0,0.2,0.5,4.0,0.38,31.0,1.0,0.25,2025.0
01/25,3593.0,Ulsoor Lake Temple,"D (Propagation of wild life,fisheries)",5.6,8.5,420.0,10.0,1.6,1700.0,13000.0,3.0,80.0,5.0,80.0,56.0,106.0,1.5,0.4,68.0,36.0,32.0,10.0,45.0,286.0,76.0,0.2,0.5,14.0,0.2,53.0,2.4,0.1,2025.0
01/25,3594.0,Sankey Tank,"D (Propagation of wild life,fisheries)",7.0,7.5,576.0,4.0,2.2,120.0,2400.0,3.0,148.0,5.0,148.0,72.0,47.0,1.5,0.4,136.0,76.0,60.0,15.0,56.0,392.0,10.0,0.2,0.5,8.0,0.24,45.0,2.1,0.05,2025.0
01/25,3595.0,Byrasandra Tank,"D (Propagation of wild life,fisheries)",5.4,8.5,405.0,10.0,1.5,210.0,3500.0,40.0,52.0,20.0,72.0,44.0,109.0,1.5,0.4,52.0,32.0,20.0,16.0,43.0,276.0,38.0,0.2,0.5,13.0,0.2,57.0,2.6,0.1,2025.0
01/25,3596.0,-yanda-halli Tank,"D (Propagation of wild life,fisheries)",4.8,7.6,1030.0,10.0,4.0,1400.0,4800.0,3.0,216.0,5.0,216.0,124.0,90.0,1.5,0.4,200.0,108.0,92.0,23.0,97.0,700.0,10.0,0.7,0.5,19.0,0.2,49.0,3.0,1.7,2025.0
01/25,3597.0,Hesaraghatta Lake,"D (Propagation of wild life,fisheries)",7.1,7.5,444.0,4.0,1.7,310.0,3500.0,3.0,112.0,5.0,112.0,52.0,43.0,1.5,0.44,100.0,44.0,56.0,35.0,27.0,306.0,10.0,0.2,0.5,11.0,0.2,33.0,1.17,0.3,2025.0
01/25,3598.0,Herohalli Tank,"D (Propagation of wild life,fisheries)",5.6,7.8,565.0,10.0,2.0,1700.0,11000.0,3.0,152.0,5.0,152.0,64.0,106.0,3.25,2.5,132.0,72.0,60.0,9.0,46.0,384.0,74.0,0.2,0.5,10.0,0.2,40.0,2.0,0.5,2025.0
01/25,3599.0,Anchepalya Lake,"D (Propagation of wild life,fisheries)",6.4,7.8,405.0,6.0,1.55,680.0,4800.0,3.0,92.0,5.0,92.0,40.0,63.0,1.5,0.4,92.0,44.0,48.0,12.0,29.0,278.0,30.0,0.2,0.5,7.6,0.2,38.0,1.3,0.4,2025.0
01/25,3600.0,Shivapura Tank,"E (Irrigation, industrial cooling and controlled waste)",2.3,8.5,766.0,22.0,1.6,920.0,9400.0,16.0,68.0,8.0,76.0,104.0,141.0,1.5,0.6,128.0,68.0,60.0,31.0,162.0,520.0,98.0,0.2,0.5,8.0,0.2,31.0,3.1,0.3,2025.0
01/25,3601.0,Karihoba-halli Lake,"E (Irrigation, industrial cooling and controlled waste)",0.3,7.1,2230.0,36.0,5.2,1400.0,11000.0,3.0,452.0,5.0,452.0,548.0,178.0,1.6,1.3,608.0,308.0,300.0,70.0,295.0,1516.0,10.0,0.2,0.5,9.0,0.52,51.0,5.3,0.3,2025.0
01/25,3602.0,Bellandur Lake,"D (Propagation of wild life,fisheries)",6.5,7.4,506.0,4.0,1.94,1200.0,7900.0,3.0,144.0,5.0,144.0,52.0,37.0,1.5,0.4,148.0,88.0,60.0,5.0,50.0,342.0,18.0,0.2,0.5,12.0,0.2,40.0,1.8,0.35,2025.0
01/25,3603.0,Vengaiyya-kere( Kr Puram Lake ),"E (Irrigation, industrial cooling and controlled waste)",1.2,7.1,1318.0,24.0,5.1,21.0,1600.0,3.0,304.0,5.0,304.0,220.0,184.0,7.5,7.0,356.0,184.0,172.0,54.0,125.0,902.0,12.0,0.26,0.5,26.0,0.24,41.0,2.88,0.73,2025.0
01/25,3604.0,Doddanekkundi Lake,"D (Propagation of wild life,fisheries)",7.0,6.6,623.0,4.0,2.3,23.0,920.0,3.0,180.0,5.0,180.0,68.0,39.0,1.5,0.4,136.0,68.0,68.0,5.0,61.0,424.0,10.0,0.2,0.5,2.0,0.2,48.0,2.3,0.3,2025.0
01/25,3605.0,Yelemallappa Shetty Lake,"E (Irrigation, industrial cooling and controlled waste)",1.0,7.3,1614.0,25.0,6.2,210.0,3500.0,3.0,376.0,5.0,376.0,272.0,192.0,8.1,7.4,440.0,224.0,216.0,66.0,149.0,1092.0,10.0,0.5,0.5,32.0,0.23,40.0,3.1,1.41,2025.0
01/25,3606.0,Dasarahalli Tank,"D (Propagation of wild life,fisheries)",6.2,6.5,284.0,6.0,1.1,2100.0,9400.0,3.0,84.0,5.0,84.0,28.0,68.0,1.5,1.1,68.0,52.0,16.0,17.0,16.0,192.0,18.0,0.2,0.5,5.0,0.2,32.0,0.85,0.45,2025.0
01/25,3607.0,Kalkere Tank,"E (Irrigation, industrial cooling and controlled waste)",3.1,8.2,1476.0,20.0,5.1,1400.0,9400.0,3.0,324.0,5.0,324.0,240.0,136.0,20.0,16.0,344.0,180.0,164.0,51.0,174.0,968.0,44.0,0.78,0.5,33.0,0.2,49.0,4.0,2.2,2025.0
01/25,3608.0,Varthur Lake,"D (Propagation of wild life,fisheries)",6.4,6.9,990.0,4.0,13.4,170.0,2200.0,3.0,332.0,5.0,332.0,140.0,51.0,1.5,0.4,280.0,144.0,136.0,23.0,98.0,712.0,10.0,0.63,0.5,14.0,0.2,41.0,2.5,1.6,2025.0
01/25,3609.0,Ibbalur Lake,"D (Propagation of wild life,fisheries)",7.8,7.8,924.0,5.0,3.54,170.0,5400.0,3.0,268.0,5.0,268.0,132.0,58.0,1.5,0.4,244.0,128.0,116.0,31.0,113.0,630.0,10.0,1.11,0.5,33.0,0.25,46.0,3.14,2.62,2025.0
01/25,3610.0,Tubarahalli Tank,"D (Propagation of wild life,fisheries)",5.8,8.2,625.0,10.0,2.4,1700.0,7900.0,3.0,136.0,5.0,136.0,84.0,115.0,1.5,0.4,140.0,76.0,64.0,9.0,63.0,426.0,84.0,0.4,0.5,13.0,0.2,46.0,2.3,0.9,2025.0
01/25,3611.0,Kaikonda-halli Lake,"E (Irrigation, industrial cooling and controlled waste)",3.3,7.2,1071.0,10.0,4.1,3100.0,7000.0,3.0,188.0,5.0,188.0,216.0,113.0,4.3,3.3,248.0,128.0,120.0,53.0,161.0,730.0,20.0,0.2,0.5,29.0,0.25,55.0,4.45,0.14,2025.0
01/25,3612.0,Agaram Lake,"D (Propagation of wild life,fisheries)",5.3,7.9,963.0,9.0,3.7,140.0,2200.0,3.0,308.0,5.0,308.0,136.0,81.0,1.5,0.4,244.0,128.0,116.0,31.0,100.0,654.0,10.0,1.9,0.5,32.0,0.28,43.0,2.8,4.6,2025.0
01/25,3613.0,Gottigere Lake,"D (Propagation of wild life,fisheries)",6.6,7.5,524.0,4.0,2.01,170.0,2100.0,3.0,128.0,5.0,128.0,124.0,42.0,1.5,0.4,140.0,80.0,60.0,6.0,49.0,360.0,12.0,0.2,0.5,12.0,0.2,40.0,1.79,0.35,2025.0
01/25,3614.0,Putte-halli Lake,"D (Propagation of wild life,fisheries)",5.3,8.0,677.0,10.0,2.6,170.0,3500.0,3.0,228.0,5.0,228.0,88.0,96.0,1.5,0.4,148.0,80.0,68.0,9.0,82.0,460.0,24.0,1.1,0.5,16.0,0.2,51.0,2.9,2.6,2025.0
01/25,3615.0,Arakere Lake,"D (Propagation of wild life,fisheries)",5.2,7.2,1105.0,12.0,4.2,310.0,2800.0,3.0,212.0,5.0,212.0,228.0,130.0,1.5,0.4,196.0,104.0,92.0,48.0,150.0,752.0,22.0,0.3,0.5,29.0,0.25,58.0,4.7,0.7,2025.0
01/25,3616.0,Kale- Agrahara Lake,"D (Propagation of wild life,fisheries)",5.1,7.1,1114.0,12.0,4.3,1700.0,7900.0,3.0,196.0,5.0,196.0,224.0,136.0,1.5,0.4,180.0,96.0,84.0,52.0,146.0,758.0,22.0,0.3,0.5,30.0,0.25,29.0,4.7,0.6,2025.0
01/25,3618.0,Singasandra Lake,"D (Propagation of wild life,fisheries)",4.8,8.2,680.0,6.0,2.61,230.0,4300.0,3.0,168.0,5.0,168.0,92.0,51.0,1.5,0.9,172.0,92.0,80.0,32.0,74.0,460.0,74.0,7.73,0.5,10.0,0.2,47.0,2.45,18.23,2025.0
01/25,3619.0,Begur Tank,"D (Propagation of wild life,fisheries)",5.9,7.3,1118.0,10.0,4.0,260.0,5400.0,3.0,196.0,5.0,196.0,220.0,111.0,1.5,0.4,212.0,108.0,104.0,47.0,151.0,772.0,10.0,0.2,0.5,30.0,0.23,57.0,4.5,0.23,2025.0
01/25,3620.0,Parappa- Agrahara Lake,"D (Propagation of wild life,fisheries)",5.9,8.5,856.0,12.0,3.0,2300.0,9400.0,64.0,184.0,32.0,216.0,144.0,128.0,1.5,0.46,212.0,108.0,104.0,21.0,93.0,598.0,80.0,0.6,0.5,20.0,0.2,46.0,2.8,1.4,2025.0
01/25,3621.0,Haralur Lake,"E (Irrigation, industrial cooling and controlled waste)",2.8,8.7,837.0,15.0,3.2,170.0,3500.0,72.0,176.0,36.0,212.0,128.0,156.0,5.0,3.9,216.0,112.0,104.0,13.0,94.0,570.0,106.0,0.64,0.5,19.0,0.2,46.0,2.79,1.63,2025.0
01/25,3622.0,Somasundrapalya Lake,"D (Propagation of wild life,fisheries)",7.1,8.0,978.0,4.0,4.0,310.0,2800.0,3.0,284.0,5.0,284.0,140.0,51.0,1.5,0.4,240.0,124.0,116.0,21.0,103.0,674.0,10.0,0.8,0.5,33.0,0.27,42.0,3.0,2.0,2025.0
01/25,3623.0,Anekal Doddakere Tank,"D (Propagation of wild life,fisheries)",4.7,7.0,1647.0,5.0,6.3,26.0,920.0,3.0,384.0,5.0,384.0,276.0,59.0,1.5,0.49,448.0,228.0,220.0,67.0,152.0,1132.0,10.0,0.2,0.5,33.0,0.2,40.0,3.12,0.17,2025.0
01/25,3624.0,Putte-halli Lake,"D (Propagation of wild life,fisheries)",7.0,7.8,1056.0,8.0,4.1,310.0,3500.0,3.0,184.0,5.0,184.0,144.0,67.0,1.5,0.4,172.0,92.0,80.0,33.0,98.0,718.0,12.0,0.2,0.5,25.0,0.2,51.0,3.2,0.3,2025.0
01/25,3625.0,Hebbal Lake,"D (Propagation of wild life,fisheries)",6.0,8.2,595.0,8.0,2.3,240.0,2800.0,3.0,160.0,5.0,160.0,64.0,61.0,1.5,0.4,124.0,68.0,56.0,13.0,54.0,404.0,24.0,0.2,0.5,10.0,0.2,46.0,2.1,0.5,2025.0
01/25,3626.0,-gavara Lake,"D (Propagation of wild life,fisheries)",6.6,7.8,1038.0,7.0,4.0,250.0,4300.0,3.0,192.0,5.0,192.0,148.0,57.0,1.5,0.66,184.0,100.0,84.0,33.0,97.0,706.0,10.0,0.2,0.5,24.0,0.2,50.0,3.1,0.6,2025.0
01/25,3627.0,Jakkur Lake,"E (Irrigation, industrial cooling and controlled waste)",3.0,7.1,1261.0,35.0,4.8,1700.0,7000.0,3.0,288.0,5.0,288.0,184.0,139.0,3.8,3.0,252.0,140.0,112.0,18.0,111.0,858.0,96.0,0.4,0.5,26.0,0.2,46.0,3.0,1.0,2025.0
01/25,3628.0,Amruthahalli Lake,"D (Propagation of wild life,fisheries)",4.9,7.0,756.0,5.0,2.9,310.0,3500.0,3.0,164.0,5.0,164.0,100.0,74.0,1.5,0.64,144.0,78.0,66.0,24.0,79.0,502.0,10.0,0.2,0.5,17.0,0.2,51.0,2.85,0.45,2025.0
01/25,3629.0,Allalasandra Lake,"E (Irrigation, industrial cooling and controlled waste)",3.3,7.0,1281.0,17.0,4.9,3300.0,9400.0,3.0,272.0,5.0,272.0,176.0,130.0,2.7,2.1,252.0,132.0,120.0,18.0,114.0,872.0,80.0,1.8,0.5,25.0,0.2,46.0,3.1,4.2,2025.0
01/25,3630.0,Yelahanka Tank,"E (Irrigation, industrial cooling and controlled waste)",3.2,7.0,1274.0,11.0,4.9,1300.0,13000.0,3.0,264.0,5.0,264.0,176.0,120.0,3.9,3.0,248.0,132.0,116.0,18.0,113.0,866.0,74.0,0.2,0.5,24.0,0.2,54.0,3.1,0.2,2025.0
01/25,3633.0,Subramanyapura Tank,"D (Propagation of wild life,fisheries)",6.0,8.5,764.0,4.0,3.0,1400.0,4800.0,16.0,172.0,8.0,180.0,96.0,48.0,1.5,0.4,196.0,104.0,92.0,29.0,71.0,518.0,10.0,0.47,0.5,11.0,0.2,42.0,2.2,1.17,2025.0
01/25,3634.0,Devarakere Tank,"D (Propagation of wild life,fisheries)",5.0,7.6,347.0,5.0,1.4,2300.0,7900.0,3.0,104.0,5.0,104.0,24.0,56.0,1.5,0.42,120.0,64.0,56.0,7.0,24.0,234.0,70.0,0.31,0.5,8.0,0.2,28.0,0.95,0.86,2025.0
01/25,3635.0,Malathahalli Lake,"D (Propagation of wild life,fisheries)",7.0,7.4,639.0,4.0,0.3,1100.0,7900.0,3.0,248.0,5.0,248.0,36.0,45.0,1.5,0.4,212.0,112.0,100.0,36.0,38.0,440.0,24.0,0.2,0.5,12.0,0.2,27.0,1.1,0.3,2025.0
01/25,3636.0,Hoskere Lake,"E (Irrigation, industrial cooling and controlled waste)",2.9,6.9,433.0,16.0,1.7,260.0,3500.0,3.0,128.0,5.0,128.0,28.0,120.0,3.51,2.8,132.0,72.0,60.0,9.0,30.0,294.0,10.0,0.25,0.5,8.0,0.2,31.0,1.14,0.68,2025.0
01/25,3638.0,Yelache-halli Lake,"D (Propagation of wild life,fisheries)",4.5,6.7,486.0,4.0,4.4,1400.0,4800.0,3.0,116.0,5.0,116.0,100.0,44.0,1.5,0.4,116.0,64.0,52.0,11.0,54.0,330.0,10.0,0.2,0.5,6.0,0.22,49.0,2.2,0.17,2025.0
01/25,3639.0,Kengeri Tank,"D (Propagation of wild life,fisheries)",4.2,6.7,597.0,7.0,2.4,230.0,2400.0,3.0,184.0,5.0,184.0,56.0,76.0,1.5,0.87,164.0,88.0,76.0,5.0,35.0,406.0,24.0,0.2,0.5,6.0,0.2,31.0,1.18,0.265,2025.0
01/25,3640.0,Uttarahalli Doraikere,"E (Irrigation, industrial cooling and controlled waste)",2.4,7.0,228.0,72.0,0.8,6800.0,49000.0,3.0,60.0,5.0,60.0,12.0,352.0,13.56,10.8,88.0,48.0,40.0,14.0,12.0,156.0,96.0,0.2,0.5,6.0,0.2,21.0,0.55,0.36,2025.0
01/25,3641.0,Dhorekere Tank,"D (Propagation of wild life,fisheries)",4.9,8.2,374.0,6.0,1.5,2600.0,9400.0,3.0,108.0,5.0,108.0,24.0,72.0,1.5,0.4,144.0,76.0,68.0,25.0,21.0,254.0,74.0,0.26,0.5,7.0,0.2,23.0,0.75,0.7,2025.0
01/25,3642.0,Jigani Tank,"D (Propagation of wild life,fisheries)",5.7,6.8,983.0,5.0,3.8,38.0,1600.0,3.0,224.0,5.0,224.0,164.0,52.0,1.5,0.4,264.0,136.0,128.0,40.0,97.0,668.0,10.0,0.25,0.5,20.0,0.2,42.0,2.6,0.25,2025.0
01/25,3643.0,Benniga-halli Lake,"D (Propagation of wild life,fisheries)",5.1,7.0,631.0,5.0,2.625,320.0,2200.0,3.0,144.0,5.0,144.0,104.0,57.0,1.5,0.43,168.0,88.0,80.0,26.0,62.0,430.0,10.0,0.2,0.5,13.0,0.2,42.0,2.1,0.24,2025.0
01/25,3655.0,Mathikere Tank,"D (Propagation of wild life,fisheries)",6.1,7.5,379.0,4.0,1.45,110.0,2200.0,3.0,116.0,5.0,116.0,56.0,40.0,1.5,0.4,124.0,64.0,60.0,16.0,19.0,258.0,10.0,0.29,0.5,7.0,0.2,23.0,0.75,0.06,2025.0
01/25,4094.0,Gangonda-halli Lake,"E (Irrigation, industrial cooling and controlled waste)",1.7,7.1,1987.0,19.0,4.9,170.0,3500.0,3.0,244.0,5.0,244.0,528.0,167.0,14.3,11.0,372.0,192.0,180.0,11.0,255.0,1352.0,10.0,0.2,0.5,28.0,0.31,57.0,5.7,0.09,2025.0
01/25,4095.0,Chikkaba-vara Lake,"E (Irrigation, industrial cooling and controlled waste)",0.3,7.1,1202.0,22.0,4.6,2300.0,7900.0,3.0,136.0,5.0,136.0,204.0,204.0,1.91,1.5,184.0,88.0,96.0,37.0,108.0,818.0,134.0,0.78,0.5,11.0,0.23,54.0,3.4,1.84,2025.0
01/25,4096.0,Andhrahalli Lake,"D (Propagation of wild life,fisheries)",5.7,8.0,497.0,10.0,1.0,1100.0,13000.0,3.0,112.0,5.0,112.0,48.0,102.0,4.8,3.2,96.0,52.0,44.0,8.0,137.0,338.0,86.0,0.2,0.5,9.0,0.2,57.0,3.1,0.1,2025.0
01/25,4097.0,Kachohalli Lake,"E (Irrigation, industrial cooling and controlled waste)",1.8,6.6,1701.0,18.0,4.4,1700.0,7000.0,3.0,624.0,5.0,624.0,236.0,141.0,67.6,52.0,516.0,264.0,252.0,20.0,166.0,792.0,26.0,1.3,0.5,32.0,0.2,39.0,3.2,6.3,2025.0
01/25,4504.0,Sarakki Lake,"D (Propagation of wild life,fisheries)",6.5,6.5,813.0,4.0,3.28,140.0,3500.0,3.0,160.0,5.0,160.0,88.0,40.0,1.5,0.51,164.0,88.0,76.0,36.0,82.0,558.0,10.0,0.2,0.5,22.0,0.2,48.0,2.78,0.13,2025.0
01/25,4505.0,Nelamangala Lake,"E (Irrigation, industrial cooling and controlled waste)",1.2,6.7,1431.0,20.0,5.77,260.0,5400.0,3.0,384.0,5.0,384.0,220.0,152.0,11.42,9.1,392.0,200.0,192.0,23.0,113.0,980.0,10.0,0.78,0.5,22.0,0.21,37.0,2.49,2.22,2025.0
01/25,4506.0,Abbigere Lake,"D (Propagation of wild life,fisheries)",6.4,7.0,617.0,6.0,2.4,2100.0,9400.0,3.0,156.0,5.0,156.0,64.0,65.0,1.5,0.95,148.0,72.0,76.0,10.0,46.0,422.0,28.0,0.2,0.5,9.0,0.2,39.0,1.65,0.23,2025.0
01/25,4507.0,Chelekere Lake,"D (Propagation of wild life,fisheries)",6.8,7.8,1042.0,8.0,4.0,110.0,2400.0,3.0,196.0,5.0,196.0,144.0,68.0,1.5,0.46,188.0,104.0,84.0,29.0,99.0,710.0,14.0,0.2,0.5,24.0,0.2,50.0,3.1,0.6,2025.0
01/25,4508.0,Singapura Lake,"D (Propagation of wild life,fisheries)",4.9,7.8,849.0,7.0,3.3,260.0,2200.0,3.0,172.0,5.0,172.0,108.0,68.0,1.5,0.4,156.0,88.0,68.0,23.0,83.0,578.0,16.0,0.2,0.5,19.0,0.2,50.0,3.0,0.5,2025.0
01/25,4509.0,-rasipura Lake,"D (Propagation of wild life,fisheries)",7.3,7.2,981.0,4.0,3.77,210.0,2800.0,3.0,176.0,5.0,176.0,132.0,82.0,1.5,0.58,176.0,106.0,70.0,29.0,109.0,656.0,10.0,0.2,0.5,25.0,0.2,53.0,3.57,0.31,2025.0
01/25,4510.0,Rache-halli Lake,"E (Irrigation, industrial cooling and controlled waste)",1.5,7.3,1225.0,19.0,4.7,780.0,4900.0,3.0,296.0,5.0,296.0,184.0,145.0,2.6,2.0,244.0,128.0,116.0,21.0,148.0,844.0,70.0,0.58,0.5,27.0,0.2,53.0,4.12,1.36,2025.0
01/25,4511.0,Kogilu Kere,"D (Propagation of wild life,fisheries)",5.8,7.4,554.0,4.0,2.13,260.0,2200.0,3.0,152.0,5.0,152.0,60.0,70.0,1.5,0.49,120.0,74.0,46.0,12.0,58.0,378.0,20.0,0.2,0.5,11.0,0.2,48.0,2.29,0.43,2025.0
01/25,4512.0,Viswaneedam Lake,"E (Irrigation, industrial cooling and controlled waste)",0.3,6.7,1579.0,60.0,6.0,11000.0,79000.0,3.0,512.0,5.0,512.0,148.0,226.0,70.2,54.0,312.0,160.0,152.0,23.0,135.0,1074.0,48.0,1.8,0.5,26.0,0.2,46.0,3.4,6.6,2025.0
01/25,4513.0,Ramamma- Kere,"D (Propagation of wild life,fisheries)",6.2,7.0,1372.0,7.0,5.3,260.0,2800.0,3.0,332.0,5.0,332.0,204.0,75.0,1.7,1.3,368.0,180.0,188.0,65.0,94.0,932.0,10.0,1.0,0.5,18.0,0.21,34.0,2.1,2.5,2025.0
01/25,4514.0,Sadaramangala Lake,"D (Propagation of wild life,fisheries)",6.2,7.6,637.0,8.0,2.4,32.0,1600.0,3.0,96.0,5.0,96.0,92.0,78.0,1.5,0.4,104.0,56.0,48.0,23.0,64.0,432.0,12.0,0.2,0.5,13.0,0.2,53.0,2.7,0.2,2025.0
01/25,4515.0,Bhattarahalli Lake,"D (Propagation of wild life,fisheries)",6.1,7.5,921.0,5.0,3.5,310.0,3500.0,3.0,212.0,5.0,212.0,152.0,52.0,1.5,0.4,248.0,128.0,120.0,38.0,91.0,626.0,10.0,0.2,0.5,18.0,0.2,42.0,2.52,0.24,2025.0
01/25,4516.0,Kundalahalli Lake,"D (Propagation of wild life,fisheries)",5.9,7.4,1314.0,8.0,5.0,310.0,3500.0,3.0,252.0,5.0,252.0,228.0,86.0,7.5,5.8,280.0,148.0,132.0,19.0,139.0,894.0,10.0,1.5,0.5,12.0,0.2,51.0,3.6,3.5,2025.0
01/25,4517.0,Kowdhe-halli Tank,"D (Propagation of wild life,fisheries)",4.1,7.8,691.0,5.0,2.6,120.0,2400.0,3.0,156.0,5.0,156.0,112.0,56.0,1.5,0.81,184.0,96.0,88.0,28.0,67.0,470.0,16.0,0.2,0.5,14.0,0.21,42.0,2.15,0.22,2025.0
01/25,4518.0,Garudacharpalya Tank,"D (Propagation of wild life,fisheries)",5.1,7.4,563.0,12.0,2.1,110.0,2400.0,3.0,148.0,5.0,148.0,60.0,126.0,1.5,0.75,124.0,68.0,56.0,7.0,47.0,384.0,46.0,0.4,0.5,12.0,0.2,42.0,1.8,1.1,2025.0
01/25,4519.0,Rampura Lake,"D (Propagation of wild life,fisheries)",5.9,7.2,818.0,6.0,2.9,25.0,1600.0,3.0,220.0,5.0,220.0,92.0,52.0,1.5,0.42,200.0,108.0,92.0,13.0,78.0,534.0,12.0,0.2,0.5,10.0,0.2,44.0,2.4,0.44,2025.0
01/25,4520.0,Chin-ppa-halli Lake,"D (Propagation of wild life,fisheries)",6.0,7.9,795.0,7.0,3.1,170.0,2800.0,3.0,132.0,5.0,132.0,116.0,81.0,1.5,1.0,152.0,84.0,68.0,18.0,83.0,540.0,10.0,0.2,0.5,14.0,0.2,51.0,2.9,0.1,2025.0
01/25,4521.0,Devarabeesa-halli Lake,"D (Propagation of wild life,fisheries)",6.7,8.0,673.0,5.0,2.6,170.0,2400.0,3.0,176.0,5.0,176.0,104.0,87.0,1.5,0.4,188.0,100.0,88.0,11.0,80.0,460.0,28.0,0.77,0.5,15.0,0.2,46.0,2.53,1.8,2025.0
01/25,4522.0,Vibhuthipura Lake,"D (Propagation of wild life,fisheries)",6.8,7.7,871.0,5.0,2.8,260.0,3500.0,3.0,224.0,5.0,224.0,100.0,51.0,3.9,3.0,168.0,88.0,80.0,10.0,80.0,594.0,14.0,0.7,0.5,16.0,0.2,48.0,2.8,1.7,2025.0
01/25,4523.0,-llurahalli Lake,"D (Propagation of wild life,fisheries)",5.4,7.2,720.0,9.0,2.7,270.0,2100.0,3.0,140.0,5.0,140.0,104.0,94.0,1.5,0.4,136.0,72.0,64.0,10.0,66.0,490.0,10.0,0.2,0.5,12.0,0.2,48.0,2.5,0.3,2025.0
01/25,4524.0,Pattandur Agrahara Lake,"D (Propagation of wild life,fisheries)",5.2,8.5,1165.0,10.0,4.4,430.0,5400.0,40.0,192.0,20.0,212.0,216.0,123.0,1.5,0.4,228.0,120.0,108.0,30.0,126.0,792.0,98.0,0.8,0.5,18.0,0.2,52.0,3.6,2.0,2025.0
01/25,4525.0,Seetharampalya Lake,"D (Propagation of wild life,fisheries)",5.4,7.9,1377.0,9.0,5.2,2600.0,9400.0,3.0,276.0,5.0,276.0,228.0,99.0,1.5,0.4,300.0,156.0,144.0,17.0,150.0,938.0,40.0,1.9,0.5,27.0,0.2,49.0,3.8,4.6,2025.0
01/25,4526.0,Devasandra Lake,"E (Irrigation, industrial cooling and controlled waste)",2.2,7.5,2210.0,20.0,8.5,240.0,3500.0,3.0,480.0,5.0,480.0,376.0,160.0,4.7,4.2,604.0,308.0,296.0,91.0,176.0,1516.0,10.0,0.27,0.5,44.0,0.28,37.0,3.12,0.79,2025.0
01/25,4527.0,Sheelavanta-Whitefield Lake,"D (Propagation of wild life,fisheries)",4.6,8.5,1141.0,8.0,4.6,1400.0,4800.0,16.0,180.0,8.0,188.0,184.0,88.0,1.5,0.4,236.0,124.0,112.0,31.0,117.0,774.0,60.0,0.66,0.5,17.0,0.2,50.0,3.32,1.74,2025.0
01/25,4528.0,Doddakannehalli Lake,"E (Irrigation, industrial cooling and controlled waste)",3.2,8.4,873.0,10.0,3.4,170.0,2200.0,64.0,196.0,32.0,228.0,144.0,122.0,4.9,3.8,228.0,112.0,116.0,37.0,97.0,600.0,82.0,0.75,0.5,24.0,0.2,45.0,2.8,1.92,2025.0
01/25,4529.0,Kasava-halli Lake,"D (Propagation of wild life,fisheries)",7.3,7.9,947.0,7.0,3.63,930.0,7900.0,3.0,260.0,5.0,260.0,140.0,63.0,1.5,0.4,252.0,132.0,120.0,25.0,125.0,650.0,10.0,0.78,0.5,31.0,0.28,48.0,3.43,2.0,2025.0
01/25,4530.0,Kammasandra Lake,"D (Propagation of wild life,fisheries)",6.9,7.0,523.0,4.0,2.0,26.0,1600.0,3.0,136.0,5.0,136.0,80.0,40.0,2.21,1.7,156.0,76.0,80.0,9.0,50.0,366.0,10.0,0.2,0.5,15.0,0.2,39.0,1.7,0.12,2025.0
01/25,4531.0,Rayasandra Lake,"E (Irrigation, industrial cooling and controlled waste)",0.3,7.6,1849.0,31.0,7.0,1200.0,7900.0,3.0,504.0,5.0,504.0,364.0,190.0,54.6,42.0,456.0,228.0,228.0,43.0,191.0,1294.0,16.0,2.8,0.5,29.0,0.2,46.0,4.0,6.6,2025.0
01/25,4532.0,Chandapura Lake,"E (Irrigation, industrial cooling and controlled waste)",0.3,7.5,2380.0,62.0,9.0,17000.0,70000.0,3.0,584.0,5.0,584.0,452.0,244.0,37.6,52.0,628.0,316.0,312.0,36.0,244.0,1600.0,26.0,3.0,0.5,34.0,0.28,44.0,4.2,7.0,2025.0
01/25,4533.0,Ullalu Lake,"D (Propagation of wild life,fisheries)",5.9,7.2,355.0,7.0,1.43,1400.0,7000.0,3.0,116.0,5.0,116.0,12.0,68.0,1.5,0.4,112.0,60.0,52.0,5.0,25.0,240.0,10.0,0.2,0.5,9.0,0.2,30.0,1.02,0.4,2025.0
01/25,4534.0,Sompura Lake,"D (Propagation of wild life,fisheries)",6.5,7.7,709.0,4.0,2.9,140.0,2400.0,3.0,224.0,5.0,224.0,52.0,40.0,1.5,0.4,128.0,68.0,60.0,28.0,66.0,482.0,16.0,0.2,0.5,8.0,0.2,51.0,2.53,0.05,2025.0
01/25,4535.0,Gubbalal Lake,"E (Irrigation, industrial cooling and controlled waste)",3.2,6.5,370.0,18.0,1.5,210.0,2800.0,3.0,108.0,5.0,108.0,28.0,132.0,1.5,0.56,116.0,64.0,52.0,22.0,24.0,260.0,32.0,0.2,0.5,10.0,0.2,28.0,0.97,0.22,2025.0
01/25,4536.0,Hosakerehalli Lake,"E (Irrigation, industrial cooling and controlled waste)",0.3,6.5,645.0,60.0,2.5,1700.0,7900.0,3.0,256.0,5.0,256.0,36.0,270.0,19.1,14.9,212.0,112.0,100.0,5.0,39.0,440.0,40.0,0.2,0.5,7.0,0.2,28.0,1.2,0.2,2025.0
01/25,4537.0,Chin-kurchi Kere,"D (Propagation of wild life,fisheries)",5.8,7.7,720.0,6.0,2.9,1400.0,13000.0,3.0,220.0,5.0,220.0,56.0,60.0,1.5,0.42,148.0,80.0,68.0,27.0,68.0,488.0,14.0,0.2,0.5,8.0,0.2,48.0,2.43,0.05,2025.0
01/25,4538.0,Machohalli Lake,"E (Irrigation, industrial cooling and controlled waste)",0.3,7.7,2146.0,28.0,8.2,140.0,2400.0,3.0,436.0,5.0,436.0,500.0,183.0,50.7,39.0,616.0,312.0,304.0,40.0,287.0,1458.0,10.0,0.3,0.5,30.0,0.27,49.0,5.1,0.7,2025.0
01/25,4539.0,Doddabidarakallu Lake,"E (Irrigation, industrial cooling and controlled waste)",0.3,6.7,1622.0,81.0,6.2,11000.0,46000.0,3.0,436.0,5.0,436.0,168.0,272.0,44.0,34.0,300.0,148.0,152.0,29.0,111.0,1102.0,32.0,4.1,0.5,23.0,0.29,42.0,2.8,9.6,2025.0
01/25,4540.0,Kammagonda-halli Lake,"D (Propagation of wild life,fisheries)",7.0,6.5,419.0,5.0,1.6,1700.0,7000.0,3.0,116.0,5.0,116.0,44.0,56.0,2.73,2.1,96.0,44.0,52.0,10.0,25.0,288.0,14.0,0.2,0.5,11.0,0.2,32.0,1.485,0.32,2025.0
01/25,4541.0,Alur Lake,"D (Propagation of wild life,fisheries)",7.1,6.5,201.0,4.0,0.77,110.0,2400.0,3.0,76.0,5.0,76.0,12.0,38.0,1.5,0.4,60.0,28.0,32.0,7.0,5.0,136.0,10.0,0.2,0.5,9.0,0.2,8.0,0.17,0.3,2025.0
01/25,4542.0,Basava-pura Lake,"E (Irrigation, industrial cooling and controlled waste)",0.3,7.0,1090.0,25.0,4.2,170.0,5400.0,3.0,216.0,5.0,216.0,212.0,185.0,1.5,0.4,216.0,116.0,100.0,48.0,149.0,750.0,26.0,0.2,0.5,30.0,0.23,56.0,4.4,0.34,2025.0
01/25,4543.0,Kodi Singasandra Lake,"D (Propagation of wild life,fisheries)",5.8,7.2,1161.0,13.0,4.0,140.0,3500.0,3.0,212.0,5.0,212.0,216.0,123.0,1.5,0.4,208.0,104.0,104.0,44.0,163.0,808.0,10.0,0.2,0.5,30.0,0.23,59.0,5.0,0.2,2025.0
01/25,4544.0,Kothanuru Lake,"D (Propagation of wild life,fisheries)",6.8,7.4,399.0,5.0,1.5,17.0,920.0,3.0,148.0,5.0,148.0,44.0,46.0,1.5,0.4,100.0,56.0,44.0,11.0,41.0,272.0,12.0,0.2,0.5,10.0,0.2,44.0,1.8,0.3,2025.0
01/25,4547.0,Mangama-palya Lake(Swara- Kunte),"D (Propagation of wild life,fisheries)",6.9,8.1,694.0,6.0,2.6,110.0,2400.0,3.0,224.0,5.0,224.0,100.0,73.0,1.5,0.4,156.0,80.0,76.0,7.0,80.0,486.0,12.0,0.51,0.5,17.0,0.2,50.0,2.8,1.2,2025.0
01/25,5558.0,"Kan-halli Lake Kan-halli, Bengaluru","D (Propagation of wild life,fisheries)",5.5,6.6,1439.0,10.0,6.0,210.0,3500.0,3.0,420.0,5.0,420.0,256.0,92.0,18.2,14.0,436.0,224.0,212.0,16.0,155.0,978.0,10.0,1.2,0.5,26.0,0.21,42.0,3.3,2.2,2025.0
01/25,5559.0,"Shettihalli Lake, Mallasandra Gudde Lake Bengaluru","E (Irrigation, industrial cooling and controlled waste)",2.1,7.3,1538.0,20.0,5.9,260.0,4300.0,3.0,424.0,5.0,424.0,184.0,155.0,5.2,4.6,312.0,164.0,148.0,20.0,133.0,1016.0,10.0,1.54,0.5,21.0,0.2,46.0,3.26,3.83,2025.0
01/25,5560.0,"Hoodi (Rajapalya Lake) Itpl Main Road, Near Hoodi,Bengaluru","D (Propagation of wild life,fisheries)",5.0,8.5,861.0,13.0,3.3,170.0,2200.0,64.0,180.0,32.0,212.0,116.0,138.0,1.5,0.4,180.0,96.0,84.0,9.0,75.0,586.0,42.0,0.8,0.5,19.0,0.2,44.0,2.4,1.9,2025.0
01/25,5561.0,"Munekolalu Lake ,Marathahalli, East Taluka ,Bengaluru","D (Propagation of wild life,fisheries)",5.1,8.2,623.0,10.0,2.4,130.0,2400.0,3.0,140.0,5.0,140.0,80.0,103.0,1.5,0.4,136.0,76.0,60.0,9.0,60.0,424.0,86.0,0.4,0.5,12.0,0.2,46.0,2.2,1.0,2025.0
01/25,5562.0,"Mahadevpuraâ  Lake, K. R. Puram , Bangalore East Taluka","D (Propagation of wild life,fisheries)",5.2,8.5,544.0,10.0,2.0,250.0,2800.0,48.0,60.0,24.0,84.0,92.0,110.0,1.5,0.4,40.0,24.0,16.0,10.0,67.0,370.0,88.0,0.2,0.5,16.0,0.2,70.0,4.8,0.1,2025.0
01/25,5563.0,"Segehalli Lake Baava-pura Road Battarahalli , Bangalore East","E (Irrigation, industrial cooling and controlled waste)",1.8,7.4,1913.0,21.0,7.3,140.0,2800.0,3.0,444.0,5.0,444.0,324.0,168.0,6.9,6.3,520.0,264.0,256.0,78.0,162.0,1286.0,26.0,0.41,0.5,38.0,0.25,38.0,3.1,1.13,2025.0
01/25,5564.0,"Kan-mangala Lake Hoskote Main Road , Bengalore","E (Irrigation, industrial cooling and controlled waste)",2.3,7.4,2238.0,14.0,8.6,110.0,4300.0,3.0,524.0,5.0,524.0,380.0,147.0,6.6,6.1,612.0,312.0,300.0,94.0,182.0,1536.0,10.0,0.28,0.5,45.0,0.36,37.0,3.2,0.83,2025.0
01/25,5565.0,Kannur Lake Near By Hennur Road Bengalore,"E (Irrigation, industrial cooling and controlled waste)",3.0,8.0,2132.0,22.0,7.4,1400.0,4800.0,3.0,390.0,5.0,390.0,400.0,156.0,2.5,1.8,280.0,160.0,120.0,27.0,189.0,1388.0,16.0,0.26,0.5,155.0,0.2,46.0,5.0,0.72,2025.0
01/25,5566.0,Basava-pura Lake Ayyappa -gr Main Road,"D (Propagation of wild life,fisheries)",4.8,7.2,552.0,4.0,2.1,260.0,5400.0,3.0,124.0,5.0,124.0,88.0,46.0,1.5,0.76,148.0,80.0,68.0,23.0,54.0,378.0,10.0,0.2,0.5,11.0,0.2,42.0,2.0,0.19,2025.0
01/25,5567.0,"Doddakallasandra Lake,Bengaluru","D (Propagation of wild life,fisheries)",5.4,6.5,393.0,9.0,1.5,23.0,1600.0,3.0,132.0,5.0,132.0,52.0,89.0,1.5,0.4,100.0,56.0,44.0,5.0,48.0,268.0,10.0,0.3,0.5,1.0,0.2,51.0,2.1,0.7,2025.0
01/25,5568.0,"Ulsoor Lake Near Kalyani,Bengaluru","D (Propagation of wild life,fisheries)",5.6,8.5,417.0,12.0,1.6,2000.0,17000.0,8.0,76.0,5.0,80.0,44.0,120.0,1.5,0.4,64.0,40.0,24.0,14.0,44.0,284.0,124.0,0.2,0.5,14.0,0.2,54.0,2.4,0.1,2025.0
01/25,5569.0,"Byrasandra Upper Lake,Bengaluru","D (Propagation of wild life,fisheries)",5.6,8.5,440.0,12.0,1.7,2500.0,12000.0,52.0,32.0,16.0,68.0,48.0,123.0,1.5,0.4,56.0,36.0,20.0,30.0,45.0,300.0,132.0,0.2,0.5,15.0,0.2,57.0,26.0,0.3,2025.0
01/25,5570.0,"Soulkere, Kaikondrahalli Vill,Bengaluru","D (Propagation of wild life,fisheries)",6.5,8.0,668.0,5.0,2.6,260.0,2800.0,3.0,188.0,5.0,188.0,92.0,57.0,1.5,0.4,172.0,92.0,80.0,8.0,79.0,450.0,26.0,0.53,0.5,15.0,0.2,47.0,2.61,1.36,2025.0
01/25,5571.0,"Kudlu Doddakere, Kudlu Vill,Bengaluru","E (Irrigation, industrial cooling and controlled waste)",2.9,7.4,1285.0,10.0,4.94,140.0,3500.0,3.0,364.0,5.0,364.0,204.0,107.0,6.76,5.2,332.0,172.0,160.0,58.0,163.0,870.0,20.0,0.35,0.5,30.0,0.2,49.0,3.89,0.9,2025.0
01/25,5572.0,"Kudlu Chikkakere, Bgp Layout Kudlu Vill
,Bengaluru","E (Irrigation, industrial cooling and controlled waste)",3.3,7.5,1288.0,10.0,4.94,2100.0,4800.0,3.0,356.0,5.0,356.0,212.0,125.0,4.03,3.1,328.0,168.0,160.0,7.0,148.0,880.0,20.0,0.29,0.5,29.0,0.2,47.0,3.55,0.69,2025.0
01/25,5574.0,Anja-pura Lake ( Avala Halli Lake) Anja-pu,"D (Propagation of wild life,fisheries)",6.8,7.4,399.0,5.0,1.5,17.0,920.0,3.0,148.0,5.0,148.0,44.0,46.0,1.5,0.4,100.0,56.0,44.0,11.0,41.0,272.0,12.0,0.2,0.5,10.0,0.2,44.0,1.8,0.3,2025.0
02/25,1388.0,Ulsoor Lake Training Centre Of Fish Breeding,"D (Propagation of wild life,fisheries)",6.2,8.3,444.0,7.0,1.6,170.0,3500.0,24.0,56.0,12.0,68.0,52.0,81.0,1.5,0.4,76.0,48.0,28.0,14.0,48.0,302.0,52.0,0.2,0.5,13.0,0.2,53.0,2.4,0.1,2025.0
02/25,2778.0,River Arkavathi At Tippagonda-halli Reservoir,"D (Propagation of wild life,fisheries)",5.5,7.7,1120.0,10.0,4.3,110.0,1700.0,3.0,288.0,5.0,288.0,172.0,101.0,3.9,3.0,324.0,168.0,156.0,20.0,91.0,762.0,30.0,0.8,0.5,18.0,0.32,36.0,1.0,1.8,2025.0
02/25,3589.0,Madiwala Tank,"D (Propagation of wild life,fisheries)",4.2,8.0,883.0,5.0,3.39,310.0,2200.0,3.0,240.0,5.0,240.0,100.0,53.0,1.5,0.4,164.0,104.0,60.0,9.0,78.0,608.0,28.0,0.23,0.5,15.0,0.2,48.0,2.65,0.58,2025.0
02/25,3590.0,Lalbagh Tank,"D (Propagation of wild life,fisheries)",5.8,8.2,577.0,9.0,2.2,110.0,2400.0,3.0,96.0,5.0,96.0,72.0,78.0,1.5,0.58,80.0,40.0,40.0,8.0,69.0,392.0,30.0,0.2,0.5,15.0,0.2,60.0,3.4,0.13,2025.0
02/25,3591.0,Kempambudhi Tank,"E (Irrigation, industrial cooling and controlled waste)",1.4,8.2,540.0,22.0,2.0,2600.0,35000.0,3.0,176.0,5.0,176.0,44.0,162.0,5.72,4.4,144.0,76.0,68.0,5.0,42.0,372.0,190.0,0.4,0.5,8.0,0.2,38.0,1.5,1.0,2025.0
02/25,3592.0,Yediyur Tank,"D (Propagation of wild life,fisheries)",6.6,8.1,320.0,4.0,1.23,1100.0,7900.0,3.0,88.0,5.0,88.0,28.0,24.0,1.5,0.4,84.0,56.0,28.0,5.0,44.0,216.0,44.0,0.2,0.5,9.0,0.2,50.0,2.06,0.05,2025.0
02/25,3593.0,Ulsoor Lake Temple,"D (Propagation of wild life,fisheries)",6.0,8.3,448.0,10.0,1.71,1400.0,8400.0,40.0,68.0,20.0,88.0,56.0,101.0,1.5,0.4,92.0,52.0,40.0,13.0,47.0,304.0,72.0,0.2,0.5,13.0,0.2,50.0,2.1,0.1,2025.0
02/25,3594.0,Sankey Tank,"D (Propagation of wild life,fisheries)",6.5,7.2,652.0,4.0,2.5,170.0,1300.0,3.0,164.0,5.0,164.0,64.0,44.0,1.5,0.4,136.0,76.0,60.0,20.0,49.0,442.0,10.0,0.2,0.5,8.0,0.2,42.0,1.8,0.2,2025.0
02/25,3595.0,Byrasandra Tank,"D (Propagation of wild life,fisheries)",6.8,7.1,1419.0,5.0,5.5,400.0,2400.0,3.0,292.0,5.0,292.0,44.0,57.0,1.5,0.4,856.0,432.0,424.0,247.0,49.0,964.0,14.0,0.2,0.5,25.0,0.2,11.0,0.7,0.1,2025.0
02/25,3596.0,-yanda-halli Tank,"D (Propagation of wild life,fisheries)",6.2,8.0,1112.0,5.0,4.27,1500.0,4800.0,3.0,244.0,5.0,244.0,132.0,54.0,1.5,0.5,228.0,132.0,96.0,33.0,89.0,744.0,10.0,0.22,0.5,23.0,0.34,43.0,2.57,0.56,2025.0
02/25,3597.0,Hesaraghatta Lake,"D (Propagation of wild life,fisheries)",5.0,7.1,520.0,7.0,2.2,270.0,2400.0,3.0,144.0,5.0,144.0,112.0,73.0,1.5,0.7,152.0,96.0,56.0,16.0,56.0,354.0,14.0,0.2,0.5,8.0,0.26,43.0,2.0,0.32,2025.0
02/25,3598.0,Herohalli Tank,"E (Irrigation, industrial cooling and controlled waste)",0.3,6.7,582.0,40.0,2.2,2500.0,15000.0,3.0,140.0,5.0,140.0,68.0,297.0,8.84,6.8,140.0,72.0,68.0,7.0,46.0,400.0,230.0,0.2,0.5,9.0,0.2,40.0,1.7,0.05,2025.0
02/25,3599.0,Anchepalya Lake,"E (Irrigation, industrial cooling and controlled waste)",3.3,7.0,393.0,21.0,1.5,920.0,7000.0,3.0,88.0,5.0,88.0,37.0,160.0,1.5,0.4,104.0,56.0,48.0,16.0,37.0,270.0,10.0,0.2,0.5,8.0,0.2,41.0,2.0,0.56,2025.0
02/25,3600.0,Shivapura Tank,"D (Propagation of wild life,fisheries)",4.2,7.4,610.0,6.0,1.7,930.0,13000.0,3.0,168.0,5.0,168.0,96.0,61.0,1.5,0.4,188.0,104.0,84.0,20.0,72.0,456.0,14.0,0.2,0.5,10.0,0.22,44.0,2.3,0.28,2025.0
02/25,3601.0,Karihoba-halli Lake,"E (Irrigation, industrial cooling and controlled waste)",1.0,6.6,523.0,15.0,1.4,1700.0,7900.0,3.0,144.0,5.0,144.0,104.0,161.0,1.5,0.4,152.0,84.0,68.0,26.0,50.0,356.0,10.0,0.2,0.5,8.0,0.27,40.0,1.8,0.3,2025.0
02/25,3602.0,Bellandur Lake,"E (Irrigation, industrial cooling and controlled waste)",3.2,6.9,1120.0,20.0,3.9,210.0,2200.0,3.0,360.0,5.0,360.0,92.0,144.0,2.0,1.3,324.0,168.0,156.0,31.0,85.0,738.0,150.0,0.2,0.5,9.0,0.21,35.0,2.0,0.58,2025.0
02/25,3603.0,Vengaiyya-kere( Kr Puram Lake ),"D (Propagation of wild life,fisheries)",5.4,6.8,1249.0,12.0,4.7,140.0,2200.0,3.0,348.0,5.0,348.0,184.0,132.0,9.2,7.1,288.0,148.0,140.0,20.0,112.0,852.0,10.0,1.2,0.5,26.0,0.23,43.0,3.0,2.8,2025.0
02/25,3604.0,Doddanekkundi Lake,"D (Propagation of wild life,fisheries)",5.4,6.5,683.0,5.0,2.4,13.0,110.0,3.0,176.0,5.0,176.0,64.0,64.0,1.5,0.4,156.0,84.0,72.0,7.0,67.0,450.0,14.0,0.2,0.5,3.0,0.2,47.0,2.0,0.16,2025.0
02/25,3605.0,Yelemallappa Shetty Lake,"D (Propagation of wild life,fisheries)",5.6,6.7,1662.0,11.0,6.3,140.0,2800.0,3.0,516.0,5.0,516.0,260.0,121.0,9.88,7.6,396.0,204.0,192.0,10.0,174.0,1132.0,10.0,1.3,0.5,20.0,0.22,47.0,3.9,3.0,2025.0
02/25,3606.0,Dasarahalli Tank,"D (Propagation of wild life,fisheries)",6.8,7.6,340.0,5.0,1.3,610.0,4900.0,3.0,76.0,5.0,76.0,32.0,58.0,1.56,1.2,76.0,40.0,36.0,9.0,21.0,230.0,28.0,0.2,0.5,6.0,0.2,35.0,1.0,0.12,2025.0
02/25,3607.0,Kalkere Tank,"E (Irrigation, industrial cooling and controlled waste)",0.3,8.4,1481.0,35.0,5.7,170.0,22000.0,32.0,332.0,16.0,348.0,292.0,285.0,23.4,18.0,356.0,180.0,176.0,40.0,182.0,1022.0,48.0,1.7,0.5,34.0,0.2,50.0,4.2,4.0,2025.0
02/25,3608.0,Varthur Lake,"D (Propagation of wild life,fisheries)",4.2,6.9,1172.0,8.0,4.54,820.0,4800.0,3.0,368.0,5.0,368.0,156.0,93.0,2.21,0.7,344.0,180.0,164.0,15.0,101.0,796.0,10.0,0.2,0.5,7.0,0.2,38.0,2.4,0.2,2025.0
02/25,3609.0,Ibbalur Lake,"D (Propagation of wild life,fisheries)",5.7,7.5,823.0,5.0,3.2,120.0,2400.0,3.0,164.0,5.0,164.0,124.0,52.0,1.5,0.4,220.0,116.0,104.0,34.0,80.0,562.0,10.0,0.2,0.5,16.0,0.39,42.0,2.34,0.28,2025.0
02/25,3610.0,Tubarahalli Tank,"D (Propagation of wild life,fisheries)",5.2,8.3,799.0,6.0,3.22,11000.0,2950.0,24.0,128.0,12.0,140.0,116.0,64.0,1.5,0.4,176.0,92.0,84.0,25.0,84.0,538.0,16.0,0.2,0.5,13.0,0.33,49.0,2.76,0.05,2025.0
02/25,3611.0,Kaikonda-halli Lake,"D (Propagation of wild life,fisheries)",4.6,8.5,1202.0,8.0,4.2,170.0,3500.0,24.0,160.0,12.0,184.0,224.0,76.0,1.5,0.58,180.0,96.0,84.0,48.0,158.0,786.0,98.0,0.37,0.5,23.0,0.29,62.0,5.0,0.91,2025.0
02/25,3612.0,Agaram Lake,"D (Propagation of wild life,fisheries)",5.8,7.9,1143.0,7.0,4.39,20.0,110.0,3.0,288.0,5.0,288.0,136.0,75.0,1.5,0.4,236.0,128.0,108.0,11.0,99.0,774.0,16.0,0.53,0.5,34.0,0.23,43.0,2.79,1.35,2025.0
02/25,3613.0,Gottigere Lake,"D (Propagation of wild life,fisheries)",7.0,7.5,648.0,4.0,2.5,170.0,920.0,3.0,120.0,5.0,120.0,84.0,42.0,1.5,0.4,88.0,52.0,36.0,13.0,77.0,440.0,36.0,0.2,0.5,13.0,0.2,61.0,3.6,0.2,2025.0
02/25,3614.0,Putte-halli Lake,"D (Propagation of wild life,fisheries)",6.5,7.8,635.0,7.0,2.4,170.0,1400.0,3.0,116.0,5.0,116.0,84.0,82.0,1.5,0.4,112.0,64.0,48.0,13.0,74.0,432.0,32.0,0.2,0.5,14.0,0.2,55.0,3.0,0.2,2025.0
02/25,3615.0,Arakere Lake,"D (Propagation of wild life,fisheries)",4.6,8.0,766.0,5.0,2.94,110.0,2400.0,3.0,136.0,5.0,136.0,100.0,62.0,1.5,0.4,104.0,66.0,38.0,6.0,84.0,522.0,10.0,0.2,0.5,17.0,0.2,59.0,3.58,0.32,2025.0
02/25,3616.0,Kale- Agrahara Lake,"D (Propagation of wild life,fisheries)",4.1,7.8,902.0,6.0,3.46,26.0,1600.0,3.0,220.0,5.0,220.0,112.0,84.0,1.5,0.4,180.0,112.0,68.0,9.0,85.0,606.0,18.0,0.33,0.5,25.0,0.2,46.0,2.75,0.78,2025.0
02/25,3618.0,Singasandra Lake,"D (Propagation of wild life,fisheries)",5.4,8.0,955.0,8.0,3.67,140.0,4300.0,3.0,172.0,5.0,172.0,140.0,84.0,1.5,0.4,112.0,66.0,46.0,8.0,128.0,648.0,52.0,0.2,0.5,47.0,0.21,62.0,5.24,0.05,2025.0
02/25,3619.0,Begur Tank,"D (Propagation of wild life,fisheries)",7.0,7.3,1273.0,4.0,4.9,460.0,2800.0,3.0,176.0,5.0,176.0,224.0,41.0,1.5,0.4,244.0,128.0,116.0,64.0,159.0,866.0,18.0,0.2,0.5,32.0,0.22,55.0,4.4,0.3,2025.0
02/25,3620.0,Parappa- Agrahara Lake,"E (Irrigation, industrial cooling and controlled waste)",2.5,7.0,1139.0,29.0,4.0,12000.0,70000.0,3.0,264.0,5.0,264.0,208.0,172.0,1.6,1.1,256.0,136.0,120.0,19.0,150.0,766.0,32.0,0.58,0.5,8.0,0.24,55.0,4.0,1.6,2025.0
02/25,3621.0,Haralur Lake,"D (Propagation of wild life,fisheries)",5.9,8.5,1167.0,5.0,4.1,2200.0,13000.0,16.0,160.0,8.0,176.0,220.0,60.0,1.5,0.4,192.0,104.0,88.0,62.0,156.0,786.0,100.0,0.38,0.5,24.0,0.29,60.0,5.0,1.1,2025.0
02/25,3622.0,Somasundrapalya Lake,"D (Propagation of wild life,fisheries)",6.0,8.0,1174.0,8.0,4.51,170.0,3500.0,3.0,192.0,5.0,192.0,188.0,81.0,1.5,0.4,112.0,62.0,50.0,5.0,135.0,808.0,46.0,0.22,0.5,65.0,0.25,60.0,5.54,0.57,2025.0
02/25,3623.0,Anekal Doddakere Tank,"D (Propagation of wild life,fisheries)",4.2,7.2,1767.0,6.0,6.8,2100.0,17000.0,3.0,412.0,5.0,412.0,296.0,60.0,1.5,0.55,480.0,244.0,236.0,72.0,161.0,1210.0,10.0,0.2,0.5,35.0,0.24,40.0,3.2,0.36,2025.0
02/25,3624.0,Putte-halli Lake,"D (Propagation of wild life,fisheries)",4.6,7.4,1067.0,10.0,4.1,780.0,4900.0,3.0,176.0,5.0,176.0,164.0,114.0,1.5,0.42,160.0,88.0,72.0,36.0,99.0,724.0,10.0,0.3,0.5,27.0,0.21,52.0,3.4,0.7,2025.0
02/25,3625.0,Hebbal Lake,"D (Propagation of wild life,fisheries)",4.8,7.7,662.0,8.0,2.5,1700.0,11000.0,3.0,160.0,5.0,160.0,64.0,71.0,1.5,0.47,156.0,84.0,72.0,14.0,52.0,450.0,20.0,0.5,0.5,12.0,0.25,39.0,1.8,1.1,2025.0
02/25,3626.0,-gavara Lake,"D (Propagation of wild life,fisheries)",5.0,7.4,663.0,7.0,2.55,330.0,1400.0,3.0,152.0,5.0,152.0,68.0,71.0,1.5,0.4,204.0,108.0,96.0,12.0,50.0,448.0,20.0,0.28,0.5,15.0,0.2,33.0,1.54,0.67,2025.0
02/25,3627.0,Jakkur Lake,"E (Irrigation, industrial cooling and controlled waste)",1.0,7.6,1319.0,17.0,5.06,1400.0,17000.0,3.0,324.0,5.0,324.0,200.0,159.0,25.6,16.0,360.0,186.0,174.0,22.0,93.0,890.0,132.0,0.2,0.5,35.0,0.22,33.0,2.12,0.37,2025.0
02/25,3628.0,Amruthahalli Lake,"E (Irrigation, industrial cooling and controlled waste)",2.3,7.3,894.0,11.0,3.43,3100.0,7000.0,3.0,212.0,5.0,212.0,140.0,107.0,3.45,2.3,252.0,148.0,104.0,16.0,83.0,594.0,74.0,0.32,0.5,23.0,0.25,39.0,2.26,0.82,2025.0
02/25,3629.0,Allalasandra Lake,"E (Irrigation, industrial cooling and controlled waste)",1.2,7.9,1337.0,28.0,5.1,1300.0,8400.0,3.0,348.0,5.0,348.0,196.0,184.0,9.1,7.0,208.0,112.0,96.0,24.0,57.0,908.0,90.0,1.0,0.5,30.0,0.31,33.0,1.7,2.3,2025.0
02/25,3630.0,Yelahanka Tank,"E (Irrigation, industrial cooling and controlled waste)",1.1,7.9,1322.0,30.0,5.0,1700.0,9400.0,3.0,324.0,5.0,324.0,196.0,201.0,6.3,4.9,216.0,116.0,100.0,23.0,58.0,904.0,94.0,1.0,0.5,30.0,0.28,33.0,1.7,2.3,2025.0
02/25,3633.0,Subramanyapura Tank,"D (Propagation of wild life,fisheries)",4.0,8.0,811.0,4.0,3.11,1400.0,4800.0,3.0,180.0,5.0,180.0,104.0,48.0,1.5,0.56,204.0,124.0,80.0,27.0,86.0,542.0,92.0,0.2,0.5,14.0,0.2,46.0,2.62,0.05,2025.0
02/25,3634.0,Devarakere Tank,"D (Propagation of wild life,fisheries)",5.3,8.0,351.0,4.0,1.35,170.0,2400.0,3.0,92.0,5.0,92.0,28.0,33.0,1.5,0.49,92.0,56.0,36.0,5.0,26.0,238.0,60.0,0.2,0.5,7.0,0.2,35.0,1.17,0.05,2025.0
02/25,3635.0,Malathahalli Lake,"D (Propagation of wild life,fisheries)",5.9,7.4,825.0,4.0,14.04,780.0,13000.0,3.0,244.0,5.0,244.0,36.0,44.0,1.5,0.62,248.0,128.0,120.0,37.0,48.0,560.0,32.0,0.2,0.5,14.0,0.2,28.0,1.3,0.05,2025.0
02/25,3636.0,Hoskere Lake,"E (Irrigation, industrial cooling and controlled waste)",2.3,6.9,523.0,18.0,2.0,2100.0,22000.0,3.0,128.0,5.0,128.0,32.0,120.0,6.86,5.56,124.0,68.0,56.0,17.0,35.0,356.0,342.0,0.2,0.5,8.0,0.2,36.0,1.3,0.2,2025.0
02/25,3638.0,Yelache-halli Lake,"D (Propagation of wild life,fisheries)",6.3,8.0,486.0,4.0,1.87,310.0,4300.0,3.0,100.0,5.0,100.0,48.0,24.0,1.5,0.6,96.0,62.0,34.0,14.0,53.0,328.0,24.0,0.2,0.5,8.0,0.2,52.0,2.36,0.05,2025.0
02/25,3639.0,Kengeri Tank,"D (Propagation of wild life,fisheries)",5.1,7.3,747.0,5.0,2.7,2400.0,4800.0,3.0,188.0,5.0,188.0,64.0,56.0,1.5,0.44,160.0,88.0,72.0,5.0,62.0,508.0,18.0,0.2,0.5,8.0,0.2,44.0,2.1,0.3,2025.0
02/25,3640.0,Uttarahalli Doraikere,"E (Irrigation, industrial cooling and controlled waste)",1.4,8.0,353.0,84.0,1.36,31000.0,70000.0,3.0,68.0,5.0,68.0,24.0,610.0,3.74,2.34,172.0,108.0,64.0,24.0,15.0,234.0,128.0,0.2,0.5,6.0,0.2,15.0,0.5,0.05,2025.0
02/25,3641.0,Dhorekere Tank,"D (Propagation of wild life,fisheries)",4.9,6.8,428.0,10.0,1.64,1400.0,9400.0,3.0,140.0,5.0,140.0,32.0,76.0,1.5,0.41,168.0,102.0,66.0,12.0,28.0,284.0,124.0,0.2,0.5,7.0,0.2,25.0,0.93,0.05,2025.0
02/25,3642.0,Jigani Tank,"D (Propagation of wild life,fisheries)",6.2,6.9,1040.0,5.0,4.0,490.0,3500.0,3.0,240.0,5.0,240.0,172.0,52.0,1.5,0.48,280.0,144.0,136.0,43.0,102.0,704.0,10.0,0.2,0.5,21.0,0.2,42.0,2.65,0.31,2025.0
02/25,3643.0,Benniga-halli Lake,"D (Propagation of wild life,fisheries)",6.2,8.4,786.0,7.0,3.0,1700.0,4900.0,48.0,204.0,24.0,228.0,96.0,98.0,1.5,0.4,184.0,96.0,88.0,8.0,68.0,536.0,40.0,0.7,0.5,16.0,0.2,42.0,2.2,1.9,2025.0
02/25,3655.0,Mathikere Tank,"D (Propagation of wild life,fisheries)",5.8,7.6,493.0,6.0,1.9,140.0,940.0,3.0,132.0,5.0,132.0,20.0,51.0,1.5,0.4,104.0,60.0,44.0,34.0,19.0,334.0,26.0,0.2,0.5,9.0,0.2,26.0,0.81,0.05,2025.0
02/25,4094.0,Gangonda-halli Lake,"D (Propagation of wild life,fisheries)",5.7,7.7,1985.0,11.0,7.6,140.0,940.0,3.0,332.0,5.0,332.0,580.0,120.0,3.12,2.4,552.0,280.0,272.0,6.0,216.0,1370.0,10.0,0.2,0.5,32.0,0.3,44.0,4.0,0.2,2025.0
02/25,4095.0,Chikkaba-vara Lake,"D (Propagation of wild life,fisheries)",4.9,7.0,760.0,5.0,1.4,2300.0,17000.0,3.0,216.0,5.0,216.0,148.0,49.0,1.5,0.9,232.0,128.0,104.0,24.0,80.0,518.0,12.0,0.2,0.5,10.0,0.21,41.0,2.3,0.25,2025.0
02/25,4096.0,Andhrahalli Lake,"E (Irrigation, industrial cooling and controlled waste)",2.6,7.3,493.0,20.0,2.0,2100.0,14000.0,3.0,76.0,5.0,76.0,56.0,134.0,11.31,8.7,88.0,44.0,44.0,18.0,46.0,330.0,120.0,0.2,0.5,8.0,0.2,49.0,2.1,0.2,2025.0
02/25,4097.0,Kachohalli Lake,"E (Irrigation, industrial cooling and controlled waste)",0.3,6.9,1732.0,25.0,6.6,7000.0,54000.0,3.0,604.0,5.0,604.0,224.0,169.0,30.0,23.0,496.0,252.0,244.0,25.0,111.0,1178.0,22.0,3.7,0.5,30.0,0.2,31.0,2.2,9.0,2025.0
02/25,4504.0,Sarakki Lake,"D (Propagation of wild life,fisheries)",5.4,7.9,817.0,4.0,3.14,260.0,2800.0,3.0,164.0,5.0,164.0,100.0,39.0,1.5,0.8,168.0,98.0,70.0,5.0,87.0,554.0,32.0,0.2,0.5,26.0,0.2,48.0,2.91,0.05,2025.0
02/25,4505.0,Nelamangala Lake,"E (Irrigation, industrial cooling and controlled waste)",2.4,6.7,1538.0,28.0,5.4,240.0,2200.0,3.0,392.0,5.0,392.0,236.0,184.0,8.9,6.6,432.0,224.0,208.0,16.0,99.0,1012.0,10.0,0.74,0.5,21.0,0.2,32.0,2.0,2.0,2025.0
02/25,4506.0,Abbigere Lake,"E (Irrigation, industrial cooling and controlled waste)",1.8,6.7,580.0,13.0,1.4,4800.0,28000.0,3.0,160.0,5.0,160.0,88.0,125.0,1.8,1.4,168.0,112.0,56.0,20.0,80.0,394.0,16.0,0.2,0.5,10.0,0.25,49.0,2.7,0.18,2025.0
02/25,4507.0,Chelekere Lake,"D (Propagation of wild life,fisheries)",5.5,7.3,999.0,6.0,3.83,260.0,2800.0,3.0,164.0,5.0,164.0,164.0,53.0,1.5,0.7,212.0,112.0,100.0,34.0,98.0,670.0,16.0,0.2,0.5,33.0,0.2,45.0,2.91,0.28,2025.0
02/25,4508.0,Singapura Lake,"E (Irrigation, industrial cooling and controlled waste)",3.1,7.3,1015.0,11.0,3.9,2100.0,11000.0,3.0,168.0,5.0,168.0,152.0,109.0,2.04,1.7,208.0,122.0,86.0,35.0,98.0,682.0,16.0,0.2,0.5,33.0,0.2,46.0,2.95,0.46,2025.0
02/25,4509.0,-rasipura Lake,"E (Irrigation, industrial cooling and controlled waste)",3.2,7.3,914.0,11.0,3.51,110.0,2400.0,3.0,244.0,5.0,244.0,124.0,118.0,2.94,2.1,256.0,134.0,122.0,15.0,84.0,630.0,78.0,0.47,0.5,25.0,0.25,39.0,2.29,1.19,2025.0
02/25,4510.0,Rache-halli Lake,"E (Irrigation, industrial cooling and controlled waste)",1.2,7.6,1261.0,22.0,4.84,1700.0,13000.0,3.0,348.0,5.0,348.0,188.0,208.0,10.08,6.3,324.0,172.0,152.0,19.0,110.0,838.0,132.0,1.23,0.5,34.0,0.29,39.0,2.66,2.9,2025.0
02/25,4511.0,Kogilu Kere,"D (Propagation of wild life,fisheries)",4.9,7.2,1018.0,8.0,3.91,1300.0,7900.0,3.0,160.0,5.0,160.0,148.0,74.0,1.5,0.5,248.0,134.0,114.0,36.0,97.0,684.0,16.0,0.2,0.5,33.0,0.21,42.0,2.69,0.36,2025.0
02/25,4512.0,Viswaneedam Lake,"E (Irrigation, industrial cooling and controlled waste)",0.3,6.9,1289.0,58.0,5.0,3100.0,17000.0,3.0,504.0,5.0,504.0,132.0,214.0,49.4,38.0,316.0,160.0,156.0,26.0,109.0,890.0,38.0,3.6,0.5,25.0,0.2,40.0,2.7,8.6,2025.0
02/25,4513.0,Ramamma- Kere,"E (Irrigation, industrial cooling and controlled waste)",1.7,6.6,540.0,16.0,2.0,2600.0,9400.0,3.0,136.0,5.0,136.0,104.0,149.0,1.5,0.7,152.0,84.0,68.0,26.0,52.0,366.0,18.0,0.2,0.5,8.0,0.23,41.0,1.8,0.18,2025.0
02/25,4514.0,Sadaramangala Lake,"D (Propagation of wild life,fisheries)",5.9,8.3,636.0,5.0,2.56,26.0,1600.0,16.0,100.0,8.0,108.0,92.0,56.0,1.5,0.4,156.0,84.0,72.0,28.0,56.0,428.0,10.0,0.2,0.5,11.0,0.2,41.0,1.95,0.05,2025.0
02/25,4515.0,Bhattarahalli Lake,"D (Propagation of wild life,fisheries)",6.8,8.0,965.0,5.0,3.7,17.0,1600.0,3.0,156.0,5.0,156.0,176.0,50.0,1.5,0.78,104.0,56.0,48.0,21.0,108.0,656.0,10.0,0.2,0.5,17.0,0.37,65.0,4.6,0.3,2025.0
02/25,4516.0,Kundalahalli Lake,"E (Irrigation, industrial cooling and controlled waste)",3.1,8.5,1419.0,15.0,5.45,680.0,3900.0,48.0,240.0,24.0,264.0,312.0,152.0,3.64,2.8,352.0,184.0,168.0,27.0,113.0,964.0,56.0,0.87,0.5,18.0,0.2,39.0,2.3,2.5,2025.0
02/25,4517.0,Kowdhe-halli Tank,"D (Propagation of wild life,fisheries)",6.4,8.5,762.0,7.0,2.9,1700.0,7000.0,48.0,220.0,24.0,244.0,92.0,83.0,1.5,0.61,196.0,104.0,92.0,8.0,70.0,522.0,78.0,0.7,0.5,16.0,0.2,41.0,2.1,1.8,2025.0
02/25,4518.0,Garudacharpalya Tank,"D (Propagation of wild life,fisheries)",4.4,8.4,651.0,7.0,2.22,1100.0,4600.0,16.0,164.0,8.0,172.0,52.0,76.0,1.5,0.42,140.0,76.0,64.0,7.0,38.0,438.0,98.0,0.24,0.5,10.0,0.2,35.0,1.39,0.67,2025.0
02/25,4519.0,Rampura Lake,"D (Propagation of wild life,fisheries)",4.2,7.0,826.0,20.0,3.2,22.0,70.0,3.0,248.0,5.0,248.0,108.0,165.0,4.4,3.4,216.0,108.0,108.0,12.0,83.0,570.0,10.0,0.2,0.5,5.0,0.28,45.0,2.4,0.21,2025.0
02/25,4520.0,Chin-ppa-halli Lake,"D (Propagation of wild life,fisheries)",6.5,8.3,877.0,4.0,3.4,930.0,13000.0,16.0,128.0,8.0,136.0,116.0,59.0,1.5,0.4,124.0,68.0,56.0,17.0,83.0,604.0,32.0,0.2,0.5,13.0,0.29,56.0,3.2,0.2,2025.0
02/25,4521.0,Devarabeesa-halli Lake,"E (Irrigation, industrial cooling and controlled waste)",3.2,8.0,1575.0,4.0,5.5,140.0,2100.0,3.0,232.0,5.0,232.0,340.0,168.0,1.7,1.2,304.0,160.0,144.0,57.0,180.0,1028.0,14.0,1.5,0.5,24.0,0.21,54.0,5.0,4.5,2025.0
02/25,4522.0,Vibhuthipura Lake,"D (Propagation of wild life,fisheries)",5.2,7.5,750.0,7.0,2.6,32.0,220.0,3.0,188.0,5.0,188.0,76.0,88.0,1.5,0.4,140.0,76.0,64.0,8.0,83.0,488.0,32.0,0.98,0.5,9.0,0.2,54.0,3.0,2.7,2025.0
02/25,4523.0,-llurahalli Lake,"E (Irrigation, industrial cooling and controlled waste)",2.4,8.4,1220.0,18.0,4.7,1400.0,17000.0,24.0,152.0,12.0,164.0,204.0,155.0,2.6,2.01,192.0,104.0,88.0,29.0,104.0,828.0,52.0,0.3,0.5,23.0,0.2,50.0,3.2,0.8,2025.0
02/25,4524.0,Pattandur Agrahara Lake,"E (Irrigation, industrial cooling and controlled waste)",1.1,8.2,1214.0,39.0,4.49,3100.0,8400.0,3.0,204.0,5.0,204.0,236.0,288.0,1.88,1.5,248.0,128.0,120.0,32.0,107.0,818.0,148.0,0.76,0.5,19.0,0.22,46.0,2.96,2.0,2025.0
02/25,4525.0,Seetharampalya Lake,"E (Irrigation, industrial cooling and controlled waste)",1.5,8.3,1384.0,26.0,5.18,3100.0,11000.0,40.0,284.0,20.0,304.0,248.0,184.0,1.5,1.0,352.0,180.0,172.0,48.0,111.0,934.0,38.0,1.24,0.5,27.0,0.2,38.0,2.57,3.47,2025.0
02/25,4526.0,Devasandra Lake,"D (Propagation of wild life,fisheries)",6.9,8.3,566.0,4.0,2.1,23.0,920.0,16.0,124.0,8.0,132.0,72.0,38.0,1.5,0.6,92.0,52.0,40.0,20.0,59.0,386.0,10.0,0.2,0.5,13.0,0.21,54.0,2.8,0.3,2025.0
02/25,4527.0,Sheelavanta-Whitefield Lake,"E (Irrigation, industrial cooling and controlled waste)",0.3,8.3,923.0,90.0,3.1,2100.0,9400.0,3.0,184.0,5.0,184.0,240.0,301.0,8.9,6.9,224.0,120.0,104.0,23.0,110.0,628.0,296.0,1.0,0.5,20.0,0.25,49.0,3.2,2.8,2025.0
02/25,4528.0,Doddakannehalli Lake,"E (Irrigation, industrial cooling and controlled waste)",3.4,8.0,1567.0,16.0,5.5,3100.0,11000.0,3.0,244.0,5.0,244.0,332.0,116.0,1.5,1.0,304.0,160.0,144.0,59.0,174.0,1020.0,10.0,0.73,0.5,24.0,0.24,53.0,4.0,2.0,2025.0
02/25,4529.0,Kasava-halli Lake,"D (Propagation of wild life,fisheries)",5.4,7.6,853.0,6.0,3.0,230.0,2800.0,3.0,120.0,5.0,120.0,132.0,64.0,1.5,0.44,136.0,76.0,60.0,35.0,91.0,568.0,20.0,0.2,0.5,19.0,0.3,55.0,3.0,0.05,2025.0
02/25,4530.0,Kammasandra Lake,"D (Propagation of wild life,fisheries)",6.8,7.3,717.0,4.0,2.7,21.0,1600.0,3.0,156.0,5.0,156.0,88.0,40.0,2.7,2.0,172.0,88.0,84.0,7.8,82.0,494.0,12.0,0.2,0.5,9.0,0.21,49.0,2.7,0.05,2025.0
02/25,4531.0,Rayasandra Lake,"E (Irrigation, industrial cooling and controlled waste)",1.9,7.3,2210.0,35.0,8.5,1200.0,7900.0,3.0,548.0,5.0,548.0,416.0,241.0,50.7,39.0,492.0,248.0,244.0,44.0,231.0,1524.0,28.0,1.0,0.5,34.0,0.2,48.0,4.5,2.4,2025.0
02/25,4532.0,Chandapura Lake,"E (Irrigation, industrial cooling and controlled waste)",0.3,7.7,1368.0,25.0,5.25,1100.0,4900.0,3.0,124.0,5.0,124.0,108.0,274.0,91.5,61.0,640.0,142.0,498.0,47.0,171.0,936.0,22.0,0.61,0.5,42.0,0.53,32.0,2.94,1.55,2025.0
02/25,4533.0,Ullalu Lake,"E (Irrigation, industrial cooling and controlled waste)",2.8,7.2,1414.0,16.0,5.4,1200.0,17000.0,3.0,452.0,5.0,452.0,112.0,118.0,6.9,6.2,276.0,144.0,132.0,26.0,125.0,960.0,36.0,2.8,0.5,20.0,0.21,47.0,3.2,6.7,2025.0
02/25,4534.0,Sompura Lake,"D (Propagation of wild life,fisheries)",5.7,7.5,906.0,5.0,3.48,210.0,3500.0,3.0,248.0,5.0,248.0,52.0,57.0,1.5,0.8,176.0,110.0,66.0,28.0,93.0,604.0,18.0,0.2,0.5,9.0,0.36,52.0,3.07,0.05,2025.0
02/25,4535.0,Gubbalal Lake,"E (Irrigation, industrial cooling and controlled waste)",0.3,6.6,465.0,79.0,1.8,9200000.0,46000000.0,3.0,92.0,5.0,92.0,32.0,531.0,2.08,1.6,88.0,52.0,36.0,31.0,30.0,320.0,110.0,0.2,0.5,12.0,0.2,38.0,1.3,0.5,2025.0
02/25,4536.0,Hosakerehalli Lake,"D (Propagation of wild life,fisheries)",4.1,6.5,797.0,10.0,3.06,17000.0,46000.0,3.0,284.0,5.0,284.0,44.0,72.0,3.36,0.9,232.0,126.0,106.0,5.0,45.0,548.0,64.0,0.2,0.5,5.0,2.36,29.0,1.3,0.05,2025.0
02/25,4537.0,Chin-kurchi Kere,"D (Propagation of wild life,fisheries)",6.3,7.7,473.0,4.0,1.8,1100.0,7900.0,3.0,140.0,5.0,140.0,16.0,40.0,1.5,0.4,108.0,60.0,48.0,25.0,33.0,322.0,126.0,0.2,0.5,5.0,0.2,38.0,1.4,0.3,2025.0
02/25,4538.0,Machohalli Lake,"E (Irrigation, industrial cooling and controlled waste)",0.3,6.6,1992.0,174.0,7.6,370.0,2600.0,3.0,432.0,5.0,432.0,492.0,604.0,62.0,48.0,544.0,276.0,268.0,27.0,212.0,1354.0,30.0,0.51,0.5,30.0,0.27,44.0,4.0,1.2,2025.0
02/25,4539.0,Doddabidarakallu Lake,"E (Irrigation, industrial cooling and controlled waste)",0.3,6.9,1519.0,105.0,5.8,14000.0,84000.0,3.0,436.0,5.0,436.0,244.0,356.0,35.0,27.0,340.0,172.0,168.0,44.0,170.0,1048.0,30.0,2.2,0.5,22.0,0.2,50.0,4.0,5.0,2025.0
02/25,4540.0,Kammagonda-halli Lake,"E (Irrigation, industrial cooling and controlled waste)",2.1,6.5,412.0,12.0,1.4,2600.0,15000.0,3.0,112.0,5.0,112.0,100.0,121.0,2.3,1.8,116.0,64.0,52.0,11.0,52.0,280.0,20.0,0.2,0.5,6.0,0.22,48.0,2.1,0.27,2025.0
02/25,4541.0,Alur Lake,"D (Propagation of wild life,fisheries)",7.6,6.9,272.0,4.0,2.0,140.0,3500.0,3.0,60.0,5.0,60.0,72.0,45.0,1.5,0.6,64.0,44.0,20.0,14.0,30.0,186.0,12.0,0.2,0.5,5.0,0.21,48.0,1.6,0.39,2025.0
02/25,4542.0,Basava-pura Lake,"D (Propagation of wild life,fisheries)",7.0,8.3,851.0,4.0,14.47,210.0,1700.0,40.0,196.0,20.0,216.0,108.0,58.0,1.5,0.4,208.0,112.0,96.0,7.0,86.0,578.0,10.0,0.69,0.5,24.0,0.2,44.0,2.5,1.7,2025.0
02/25,4543.0,Kodi Singasandra Lake,"D (Propagation of wild life,fisheries)",5.6,7.7,945.0,5.0,3.63,210.0,3500.0,3.0,248.0,5.0,248.0,116.0,56.0,1.5,0.4,192.0,110.0,82.0,10.0,99.0,650.0,56.0,0.32,0.5,27.0,0.2,49.0,3.1,0.75,2025.0
02/25,4544.0,Kothanuru Lake,"D (Propagation of wild life,fisheries)",4.4,7.2,825.0,6.0,3.17,220.0,1500.0,3.0,180.0,5.0,180.0,100.0,72.0,1.5,0.4,136.0,86.0,50.0,10.0,89.0,564.0,42.0,0.2,0.5,16.0,0.2,55.0,3.3,0.26,2025.0
02/25,4547.0,Mangama-palya Lake(Swara- Kunte),"D (Propagation of wild life,fisheries)",4.2,7.0,853.0,4.0,3.27,220.0,2800.0,3.0,220.0,5.0,220.0,112.0,53.0,1.5,0.4,160.0,94.0,66.0,8.0,90.0,568.0,18.0,0.22,0.5,15.0,0.2,52.0,3.08,0.52,2025.0
02/25,5558.0,"Kan-halli Lake Kan-halli, Bengaluru","D (Propagation of wild life,fisheries)",6.0,7.1,1479.0,8.0,5.7,170.0,1200.0,3.0,444.0,5.0,444.0,256.0,84.0,3.77,2.9,488.0,248.0,240.0,13.0,118.0,1020.0,10.0,1.2,0.5,24.0,0.2,33.0,2.3,3.0,2025.0
02/25,5559.0,"Shettihalli Lake, Mallasandra Gudde Lake Bengaluru","E (Irrigation, industrial cooling and controlled waste)",1.7,7.3,900.0,23.0,6.9,94.0,540.0,3.0,304.0,5.0,304.0,140.0,153.0,29.9,23.0,288.0,148.0,140.0,17.0,140.0,612.0,18.0,0.2,0.5,15.0,0.28,50.0,3.6,0.4,2025.0
02/25,5560.0,"Hoodi (Rajapalya Lake) Itpl Main Road, Near Hoodi,Bengaluru","D (Propagation of wild life,fisheries)",6.0,8.3,810.0,4.0,2.86,21.0,540.0,24.0,36.0,12.0,48.0,112.0,48.0,1.5,0.4,160.0,88.0,72.0,59.0,66.0,546.0,10.0,0.2,0.5,2.0,0.29,46.0,2.26,0.05,2025.0
02/25,5561.0,"Munekolalu Lake ,Marathahalli, East Taluka ,Bengaluru","E (Irrigation, industrial cooling and controlled waste)",3.1,8.0,712.0,16.0,2.7,1700.0,7900.0,3.0,148.0,5.0,148.0,80.0,122.0,2.0,1.52,148.0,80.0,68.0,12.0,56.0,484.0,158.0,0.5,0.5,11.0,0.2,42.0,2.0,1.1,2025.0
02/25,5562.0,"Mahadevpuraâ  Lake, K. R. Puram , Bangalore East Taluka","D (Propagation of wild life,fisheries)",6.4,8.5,607.0,8.0,2.3,230.0,3500.0,48.0,56.0,14.0,80.0,84.0,96.0,1.5,0.47,56.0,32.0,24.0,11.0,60.0,412.0,64.0,0.2,0.5,15.0,0.2,63.0,3.5,0.2,2025.0
02/25,5563.0,"Segehalli Lake Baava-pura Road Battarahalli , Bangalore East","D (Propagation of wild life,fisheries)",5.7,7.2,1624.0,12.0,6.2,310.0,3500.0,3.0,536.0,5.0,536.0,196.0,143.0,6.63,5.1,316.0,164.0,152.0,30.0,140.0,1104.0,16.0,3.2,0.5,29.0,0.31,46.0,3.5,7.7,2025.0
02/25,5564.0,"Kan-mangala Lake Hoskote Main Road , Bengalore","D (Propagation of wild life,fisheries)",6.4,6.6,1762.0,7.0,6.7,250.0,4300.0,3.0,340.0,5.0,340.0,456.0,88.0,1.82,1.4,248.0,128.0,120.0,30.0,188.0,1196.0,10.0,0.2,0.5,9.0,0.33,49.0,5.4,0.62,2025.0
02/25,5565.0,Kannur Lake Near By Hennur Road Bengalore,"E (Irrigation, industrial cooling and controlled waste)",2.9,8.5,1892.0,22.0,7.26,680.0,17000.0,40.0,304.0,20.0,324.0,416.0,178.0,10.8,8.32,196.0,104.0,92.0,12.0,265.0,1306.0,132.0,0.2,0.5,59.0,0.33,59.0,8.0,0.17,2025.0
02/25,5566.0,"Basava-pura Lake Ayyappa -gr Main Road , K. R. Puram , Bengaluru","D (Propagation of wild life,fisheries)",6.9,8.3,562.0,4.0,2.1,130.0,2400.0,16.0,120.0,8.0,128.0,64.0,39.0,1.5,0.79,64.0,36.0,28.0,18.0,56.0,382.0,10.0,0.2,0.5,14.0,0.22,60.0,3.0,0.05,2025.0
02/25,5567.0,"Doddakallasandra Lake,Bengaluru","D (Propagation of wild life,fisheries)",5.8,7.7,862.0,10.0,3.3,480.0,3500.0,3.0,200.0,5.0,200.0,112.0,114.0,2.73,2.1,168.0,84.0,84.0,6.6,83.0,594.0,10.0,0.41,0.5,21.0,0.2,48.0,2.8,1.0,2025.0
02/25,5568.0,"Ulsoor Lake Near Kalyani,Bengaluru","D (Propagation of wild life,fisheries)",5.8,8.3,441.0,12.0,7.49,680.0,4300.0,8.0,72.0,5.0,76.0,48.0,130.0,1.5,0.4,72.0,44.0,28.0,11.0,46.0,300.0,84.0,0.2,0.5,13.0,0.2,52.0,2.4,0.1,2025.0
02/25,5569.0,"Byrasandra Upper Lake,Bengaluru","D (Propagation of wild life,fisheries)",6.0,6.9,1117.0,9.0,4.3,1200.0,7000.0,3.0,216.0,5.0,216.0,68.0,81.0,1.5,0.4,380.0,196.0,184.0,192.0,71.0,760.0,10.0,0.2,0.5,20.0,0.2,27.0,1.5,0.4,2025.0
02/25,5570.0,"Soulkere, Kaikondrahalli Vill,Bengaluru","D (Propagation of wild life,fisheries)",4.4,8.0,1439.0,8.0,5.0,210.0,4300.0,3.0,224.0,5.0,224.0,340.0,88.0,1.5,0.86,308.0,160.0,148.0,57.0,198.0,960.0,12.0,0.53,0.5,25.0,0.29,56.0,5.0,1.4,2025.0
02/25,5571.0,"Kudlu Doddakere, Kudlu Vill,Bengaluru","D (Propagation of wild life,fisheries)",5.8,7.5,850.0,5.0,3.0,2000.0,9400.0,3.0,116.0,5.0,116.0,132.0,64.0,1.5,0.4,136.0,76.0,60.0,36.0,89.0,568.0,20.0,0.2,0.5,19.0,0.3,55.0,3.0,0.05,2025.0
02/25,5572.0,"Kudlu Chikkakere, Bgp Layout Kudlu Vill ,Bengaluru","D (Propagation of wild life,fisheries)",5.2,7.5,848.0,7.0,3.0,310.0,3500.0,3.0,124.0,5.0,124.0,128.0,68.0,1.5,0.4,132.0,72.0,60.0,34.0,87.0,564.0,16.0,0.2,0.5,19.0,0.25,54.0,3.0,0.44,2025.0
02/25,5573.0,"Doddathogur Lake , Doddathoguru Vill,Bengaluru","D (Propagation of wild life,fisheries)",5.4,6.8,1171.0,6.0,4.5,170.0,3500.0,3.0,288.0,5.0,288.0,196.0,68.0,1.5,0.4,256.0,132.0,124.0,12.0,120.0,798.0,90.0,2.2,0.5,7.0,0.21,49.0,3.2,5.0,2025.0
02/25,5574.0,"Anja-pura Lake ( Avala Halli Lake) Anja-pura,Bengaluru","D (Propagation of wild life,fisheries)",6.0,7.5,651.0,5.0,2.5,140.0,1100.0,3.0,120.0,5.0,120.0,84.0,71.0,1.5,0.4,100.0,68.0,32.0,11.0,81.0,440.0,326.0,0.2,0.5,15.0,0.2,60.0,3.52,0.05,2025.0
03/25,1388.0,Ulsoor Lake Training Centre Of Fish Breeding,"D (Propagation of wild life,fisheries)",5.0,8.5,469.0,13.0,1.8,2600.0,15000.0,32.0,60.0,16.0,76.0,56.0,122.0,1.5,0.47,92.0,48.0,44.0,7.948717948717949,20.0,326.0,94.0,0.2,0.5,18.0,0.21,27.0,0.9,0.12,2025.0
03/25,2778.0,River Arkavathi At Tippagondanahalli Reservoir,"E (Irrigation, industrial cooling and controlled waste)",2.3,8.1,1091.0,17.0,3.8,140.0,1400.0,3.0,292.0,5.0,292.0,252.0,117.0,2.7,2.1,256.0,132.0,124.0,7.923076923076923,106.0,752.0,76.0,1.0,0.5,22.0,0.26,45.0,2.9,2.4,2025.0
03/25,3589.0,Madiwala Tank,"E (Irrigation, industrial cooling and controlled waste)",3.1,7.1,693.0,20.0,2.3,1200.0,7900.0,3.0,188.0,5.0,188.0,124.0,166.0,1.5,0.99,172.0,88.0,84.0,7.897435897435898,95.0,478.0,16.0,0.2,0.5,13.0,0.24,52.0,3.1,0.2,2025.0
03/25,3590.0,Lalbagh Tank,"D (Propagation of wild life,fisheries)",5.6,8.2,633.0,6.0,2.1,2100.0,12000.0,3.0,88.0,5.0,88.0,72.0,64.0,1.5,0.42,92.0,52.0,40.0,7.871794871794872,44.0,428.0,36.0,0.2,0.5,23.0,0.34,44.0,2.01,0.05,2025.0
03/25,3591.0,Kempambudhi Tank,"E (Irrigation, industrial cooling and controlled waste)",1.5,7.5,651.0,41.0,2.2,930.0,4900.0,3.0,188.0,5.0,188.0,44.0,296.0,1.5,0.87,184.0,96.0,88.0,7.846153846153846,46.0,440.0,144.0,0.4,0.5,18.0,0.2,33.0,1.48,1.12,2025.0
03/25,3592.0,Yediyur Tank,"D (Propagation of wild life,fisheries)",5.9,7.8,343.0,5.0,1.0,780.0,4600.0,3.0,64.0,5.0,64.0,28.0,52.0,1.5,0.45,88.0,48.0,40.0,7.82051282051282,17.0,232.0,30.0,0.2,0.5,7.0,0.2,27.0,0.78,0.05,2025.0
03/25,3593.0,Ulsoor Lake Temple,"D (Propagation of wild life,fisheries)",4.9,8.3,490.0,14.0,1.9,4800.0,28000.0,24.0,72.0,12.0,84.0,56.0,129.0,1.5,0.46,80.0,40.0,40.0,7.794871794871795,21.0,336.0,98.0,0.2,0.5,18.0,0.23,30.0,1.0,0.05,2025.0
03/25,3594.0,Sankey Tank,"D (Propagation of wild life,fisheries)",5.6,7.1,454.0,6.0,1.6,140.0,840.0,3.0,148.0,5.0,148.0,68.0,56.0,1.5,0.4,172.0,92.0,80.0,7.769230769230769,65.0,306.0,10.0,0.2,0.5,9.0,0.28,44.0,2.0,0.05,2025.0
03/25,3595.0,Byrasandra Tank,"D (Propagation of wild life,fisheries)",5.5,8.2,348.0,6.0,1.2,5800.0,35000.0,3.0,72.0,5.0,72.0,52.0,52.0,1.5,0.4,72.0,44.0,28.0,7.743589743589744,55.0,232.0,112.0,0.2,0.5,16.0,0.2,56.0,0.89,0.05,2025.0
03/25,3596.0,Nayandanahalli Tank,"D (Propagation of wild life,fisheries)",6.2,7.7,803.0,6.0,3.1,26.0,920.0,3.0,212.0,5.0,212.0,136.0,70.0,1.5,0.81,208.0,104.0,104.0,7.717948717948718,85.0,554.0,10.0,0.26,0.5,24.0,0.38,44.0,2.5,0.62,2025.0
03/25,3597.0,Hesaraghatta Lake,"D (Propagation of wild life,fisheries)",5.8,7.5,323.0,8.0,1.2,680.0,3900.0,3.0,112.0,5.0,112.0,44.0,92.0,1.5,0.86,128.0,64.0,64.0,7.6923076923076925,18.0,226.0,14.0,0.2,0.5,8.0,0.3,22.0,1.0,0.36,2025.0
03/25,3598.0,Herohalli Tank,"E (Irrigation, industrial cooling and controlled waste)",1.7,6.7,499.0,22.0,1.9,2100.0,11000.0,3.0,112.0,5.0,112.0,80.0,200.0,6.8,6.4,132.0,72.0,60.0,7.666666666666667,50.0,340.0,18.0,0.26,0.5,10.0,0.2,42.0,2.0,0.76,2025.0
03/25,3599.0,Anchepalya Lake,"E (Irrigation, industrial cooling and controlled waste)",3.0,6.6,287.0,10.0,1.1,560.0,3900.0,3.0,56.0,5.0,56.0,40.0,108.0,1.6,1.23,124.0,72.0,52.0,7.641025641025641,16.0,196.0,84.0,0.2,0.5,9.0,0.2,21.0,1.0,0.33,2025.0
03/25,3600.0,Shivapura Tank,"E (Irrigation, industrial cooling and controlled waste)",1.7,7.2,757.0,39.0,2.6,1200.0,8400.0,3.0,120.0,5.0,120.0,140.0,256.0,21.2,14.8,196.0,104.0,92.0,7.615384615384615,99.0,512.0,42.0,0.2,0.5,10.0,0.32,51.0,3.0,0.41,2025.0
03/25,3602.0,Bellandur Lake,"D (Propagation of wild life,fisheries)",6.0,7.0,683.0,4.0,2.3,3900.0,21000.0,3.0,188.0,5.0,188.0,108.0,40.0,1.5,0.5,168.0,92.0,76.0,7.589743589743589,106.0,464.0,18.0,0.2,0.5,24.0,0.33,54.0,4.0,0.05,2025.0
03/25,3603.0,Vengaiyyanakere( Kr Puram Lake ),"E (Irrigation, industrial cooling and controlled waste)",2.2,6.8,1153.0,6.0,4.43,330.0,2400.0,3.0,276.0,5.0,276.0,148.0,63.0,1.5,0.8,328.0,174.0,154.0,7.564102564102564,112.0,788.0,14.0,0.86,0.5,32.0,0.29,40.0,2.7,2.02,2025.0
03/25,3604.0,Doddanekkundi Lake,"D (Propagation of wild life,fisheries)",4.6,6.9,602.0,5.0,2.3,120.0,790.0,3.0,132.0,5.0,132.0,96.0,58.0,1.5,0.51,156.0,84.0,72.0,7.538461538461538,58.0,408.0,10.0,0.2,0.5,12.0,0.2,42.0,2.02,0.22,2025.0
03/25,3605.0,Yelemallappa Shetty Lake,"E (Irrigation, industrial cooling and controlled waste)",1.9,6.8,1121.0,16.0,4.3,110000.0,700000.0,3.0,387.0,5.0,387.0,92.0,108.0,27.3,21.0,453.0,283.0,170.0,7.512820512820513,39.0,760.0,46.0,1.41,0.5,35.0,0.3,14.0,1.0,3.59,2025.0
03/25,3606.0,Dasarahalli Tank,"E (Irrigation, industrial cooling and controlled waste)",2.8,6.6,271.0,15.0,1.04,930.0,4800.0,3.0,40.0,5.0,40.0,32.0,165.0,1.71,1.22,132.0,80.0,52.0,7.487179487179487,10.0,180.0,38.0,0.2,0.5,6.0,0.2,13.0,0.38,0.39,2025.0
03/25,3607.0,Kalkere Tank,"E (Irrigation, industrial cooling and controlled waste)",3.3,8.5,1118.0,16.0,3.9,1100.0,6300.0,72.0,216.0,36.0,288.0,284.0,112.0,1.8,1.3,236.0,124.0,112.0,7.461538461538462,99.0,754.0,32.0,0.2,0.5,35.0,0.2,38.0,3.0,0.46,2025.0
03/25,3608.0,Varthur Lake,"D (Propagation of wild life,fisheries)",0.3,7.3,1255.0,36.0,4.1,2700.0,17000.0,3.0,432.0,5.0,432.0,192.0,199.0,5.4,3.8,320.0,168.0,152.0,7.435897435897436,155.0,854.0,14.0,0.2,0.5,5.0,0.42,51.0,3.8,0.5,2025.0
03/25,3609.0,Ibbalur Lake,"D (Propagation of wild life,fisheries)",4.7,8.1,670.0,8.0,2.7,170.0,1300.0,3.0,80.0,5.0,80.0,104.0,84.0,1.5,0.76,100.0,56.0,44.0,7.410256410256411,57.0,454.0,68.0,0.2,0.5,27.0,0.21,48.0,2.47,0.05,2025.0
03/25,3610.0,Tubarahalli Tank,"E (Irrigation, industrial cooling and controlled waste)",2.0,7.0,675.0,31.0,2.6,94.0,675.0,3.0,156.0,5.0,156.0,108.0,200.0,23.8,18.3,132.0,68.0,64.0,7.384615384615385,74.0,466.0,104.0,0.34,0.5,8.0,0.22,2.8,2.8,0.8,2025.0
03/25,3611.0,Kaikondanahalli Lake,"E (Irrigation, industrial cooling and controlled waste)",3.4,8.2,1322.0,10.0,5.07,1700.0,13000.0,3.0,324.0,5.0,324.0,232.0,101.0,1.6,1.2,492.0,88.0,404.0,7.35897435897436,98.0,898.0,102.0,0.76,0.5,39.0,0.28,28.0,1.0,0.78,2025.0
03/25,3612.0,Agaram Lake,"D (Propagation of wild life,fisheries)",4.4,8.1,911.0,18.0,3.0,6.8,240.0,3.0,312.0,5.0,312.0,152.0,121.0,1.57,1.2,284.0,144.0,140.0,7.333333333333333,106.0,632.0,12.0,1.21,0.5,15.0,0.28,48.0,2.7,2.8,2025.0
03/25,3613.0,Gottigere Lake,"D (Propagation of wild life,fisheries)",5.1,7.3,718.0,15.0,2.5,400.0,2100.0,3.0,236.0,5.0,236.0,128.0,152.0,1.56,1.2,232.0,116.0,116.0,7.3076923076923075,84.0,496.0,10.0,1.11,0.5,10.0,0.26,43.0,2.4,2.6,2025.0
03/25,3614.0,Puttenahalli Lake,"D (Propagation of wild life,fisheries)",4.1,8.0,905.0,18.0,3.0,780.0,4300.0,3.0,296.0,5.0,296.0,152.0,128.0,1.71,1.3,268.0,136.0,132.0,7.282051282051282,110.0,620.0,10.0,1.3,0.5,12.0,0.29,46.0,2.9,3.0,2025.0
03/25,3615.0,Arakere Lake,"D (Propagation of wild life,fisheries)",4.7,8.2,732.0,8.0,2.81,480.0,3500.0,3.0,144.0,5.0,144.0,104.0,81.0,1.5,0.4,216.0,140.0,76.0,7.256410256410256,91.0,502.0,66.0,0.2,0.5,22.0,0.35,45.0,2.69,0.05,2025.0
03/25,3616.0,Kalena Agrahara Lake,"D (Propagation of wild life,fisheries)",5.3,7.3,727.0,13.0,2.5,480.0,2800.0,3.0,236.0,5.0,236.0,128.0,122.0,1.5,0.73,232.0,116.0,116.0,7.230769230769231,89.0,502.0,10.0,1.12,0.5,10.0,0.26,44.0,2.5,2.65,2025.0
03/25,3618.0,Singasandra Lake,"D (Propagation of wild life,fisheries)",5.3,8.5,1467.0,10.0,5.6,920.0,4800.0,88.0,384.0,44.0,428.0,236.0,108.0,2.22,1.7,396.0,200.0,196.0,7.205128205128205,144.0,1012.0,22.0,0.23,0.5,39.0,0.26,41.0,3.1,0.55,2025.0
03/25,3619.0,Begur Tank,"D (Propagation of wild life,fisheries)",5.3,7.4,724.0,12.0,2.5,93.0,700.0,3.0,240.0,5.0,240.0,132.0,121.0,1.5,0.74,236.0,120.0,116.0,7.17948717948718,88.0,500.0,10.0,1.1,0.5,10.0,0.27,43.0,2.5,2.6,2025.0
03/25,3620.0,Parappana Agrahara Lake,"D (Propagation of wild life,fisheries)",5.4,8.5,763.0,9.0,3.0,1100.0,9400.0,104.0,120.0,52.0,172.0,156.0,100.0,2.08,1.6,176.0,88.0,88.0,7.153846153846154,102.0,530.0,18.0,0.36,0.5,27.0,0.23,51.0,3.3,0.8,2025.0
03/25,3621.0,Haralur Lake,"D (Propagation of wild life,fisheries)",5.4,8.2,842.0,9.0,3.2,6300.0,35000.0,3.0,160.0,5.0,160.0,152.0,92.0,1.5,0.58,212.0,74.0,138.0,7.128205128205128,100.0,558.0,148.0,0.2,0.5,27.0,0.23,47.0,3.0,0.05,2025.0
03/25,3622.0,Somasundrapalya Lake,"D (Propagation of wild life,fisheries)",5.9,7.4,689.0,5.0,2.3,220.0,1300.0,3.0,176.0,5.0,176.0,112.0,64.0,1.5,0.58,176.0,96.0,80.0,7.102564102564102,105.0,468.0,20.0,0.2,0.5,23.0,0.32,53.0,3.0,0.05,2025.0
03/25,3623.0,Anekal Doddakere Tank,"D (Propagation of wild life,fisheries)",4.4,6.6,1570.0,8.0,5.1,79.0,540.0,3.0,348.0,5.0,348.0,500.0,88.0,1.5,0.61,520.0,268.0,252.0,7.076923076923077,105.0,1064.0,10.0,0.2,0.5,27.0,0.35,29.0,2.0,0.05,2025.0
03/25,3624.0,Puttenahalli Lake,"D (Propagation of wild life,fisheries)",6.2,6.9,787.0,5.0,2.9,2400.0,14000.0,3.0,252.0,5.0,252.0,168.0,58.0,1.5,0.7,156.0,84.0,72.0,7.051282051282051,96.0,536.0,10.0,0.2,0.5,6.0,0.2,55.0,3.4,0.17,2025.0
03/25,3625.0,Hebbal Lake,"D (Propagation of wild life,fisheries)",5.8,7.2,624.0,7.0,2.0,250.0,3500.0,3.0,176.0,5.0,176.0,80.0,71.0,1.6,1.3,164.0,88.0,76.0,7.0256410256410255,70.0,424.0,20.0,0.58,0.5,15.0,0.2,46.0,2.5,1.3,2025.0
03/25,3626.0,Nagavara Lake,"D (Propagation of wild life,fisheries)",4.9,7.5,524.0,4.0,2.0,3100.0,8400.0,3.0,200.0,5.0,200.0,80.0,43.0,1.5,0.8,196.0,104.0,92.0,7.0,49.0,356.0,12.0,0.2,0.5,6.0,0.27,34.0,2.0,0.16,2025.0
03/25,3627.0,Jakkur Lake,"E (Irrigation, industrial cooling and controlled waste)",2.1,7.8,922.0,14.0,3.5,1300.0,12000.0,3.0,340.0,5.0,340.0,208.0,132.0,1.8,1.4,248.0,128.0,120.0,6.9743589743589745,91.0,626.0,20.0,0.22,0.5,11.0,0.29,43.0,2.5,2.97,2025.0
03/25,3628.0,Amruthahalli Lake,"D (Propagation of wild life,fisheries)",4.2,7.4,610.0,8.0,2.4,1300.0,8400.0,3.0,236.0,5.0,236.0,108.0,72.0,1.5,0.4,196.0,104.0,92.0,6.948717948717949,60.0,414.0,10.0,0.2,0.5,8.0,0.23,39.0,2.0,0.18,2025.0
03/25,3629.0,Allalasandra Lake,"D (Propagation of wild life,fisheries)",4.6,7.6,845.0,4.0,3.2,1400.0,4800.0,3.0,376.0,5.0,376.0,160.0,40.0,1.5,0.6,244.0,128.0,116.0,6.923076923076923,79.0,576.0,10.0,0.2,0.5,8.0,0.29,40.0,2.2,0.26,2025.0
03/25,3630.0,Yelahanka Tank,"E (Irrigation, industrial cooling and controlled waste)",1.0,7.8,910.0,20.0,3.5,3300.0,13000.0,3.0,356.0,5.0,356.0,200.0,185.0,2.34,1.8,260.0,136.0,124.0,6.897435897435898,90.0,620.0,18.0,0.22,0.5,12.0,0.3,42.0,2.4,3.12,2025.0
03/25,3632.0,Veerapura Tank,"D (Propagation of wild life,fisheries)",6.3,7.1,1195.0,7.0,4.59,3300.0,17000.0,3.0,140.0,5.0,140.0,292.0,66.0,1.5,0.4,248.0,170.0,78.0,6.871794871794872,193.0,816.0,12.0,0.2,0.5,13.0,0.28,61.0,5.33,0.05,2025.0
03/25,3633.0,Subramanyapura Tank,"E (Irrigation, industrial cooling and controlled waste)",3.1,7.0,688.0,21.0,2.4,230000.0,330000.0,3.0,152.0,5.0,152.0,112.0,152.0,1.7,1.3,132.0,72.0,60.0,6.846153846153847,96.0,460.0,64.0,0.2,0.5,15.0,0.29,58.0,1.0,0.05,2025.0
03/25,3634.0,Devarakere Tank,"D (Propagation of wild life,fisheries)",5.4,7.3,298.0,6.0,0.7,1100.0,4600.0,3.0,116.0,5.0,116.0,40.0,69.0,1.5,0.72,56.0,32.0,24.0,6.82051282051282,31.0,204.0,62.0,0.2,0.5,9.0,0.2,49.0,1.0,0.2,2025.0
03/25,3635.0,Malathahalli Lake,"D (Propagation of wild life,fisheries)",5.4,7.6,621.0,6.0,2.2,2600.0,9400.0,3.0,228.0,5.0,228.0,36.0,56.0,1.5,0.4,156.0,84.0,72.0,6.794871794871795,58.0,408.0,10.0,0.2,0.5,15.0,0.2,75.0,2.0,0.05,2025.0
03/25,3636.0,Hoskere Lake,"E (Irrigation, industrial cooling and controlled waste)",0.3,6.5,466.0,45.0,1.6,14000.0,70000.0,3.0,128.0,5.0,128.0,36.0,264.0,30.0,23.0,116.0,64.0,52.0,6.769230769230769,49.0,314.0,130.0,0.53,0.5,9.0,0.2,45.0,2.0,1.5,2025.0
03/25,3638.0,Yelachenahalli Lake,"D (Propagation of wild life,fisheries)",5.6,7.8,568.0,5.0,1.9,260.0,1500.0,3.0,88.0,5.0,88.0,44.0,60.0,1.5,0.58,132.0,72.0,60.0,6.743589743589744,37.0,384.0,20.0,0.2,0.5,16.0,0.2,34.0,1.4,0.05,2025.0
03/25,3639.0,Kengeri Tank,"D (Propagation of wild life,fisheries)",5.8,7.7,809.0,5.0,2.8,250.0,2800.0,3.0,284.0,5.0,284.0,120.0,64.0,1.5,0.4,236.0,124.0,112.0,6.717948717948718,100.0,548.0,10.0,0.28,0.5,14.0,0.25,40.0,3.0,0.81,2025.0
03/25,3640.0,Uttarahalli Doraikere,"E (Irrigation, industrial cooling and controlled waste)",0.3,6.5,383.0,96.0,1.3,210000.0,700000.0,3.0,92.0,5.0,92.0,36.0,478.0,7.2,6.6,120.0,64.0,56.0,6.6923076923076925,34.0,262.0,266.0,0.2,0.5,12.0,0.2,35.0,1.34,0.3,2025.0
03/25,3641.0,Dhorekere Tank,"D (Propagation of wild life,fisheries)",4.4,8.1,352.0,8.0,1.2,12000.0,79000.0,3.0,92.0,5.0,92.0,24.0,80.0,1.5,0.4,108.0,60.0,48.0,6.666666666666667,34.0,232.0,132.0,0.22,0.5,6.0,0.2,39.0,1.0,0.62,2025.0
03/25,3642.0,Jigani Tank,"D (Propagation of wild life,fisheries)",4.5,7.4,785.0,8.0,2.7,230.0,1400.0,3.0,228.0,5.0,228.0,168.0,80.0,1.5,0.52,204.0,108.0,96.0,6.6410256410256405,77.0,524.0,12.0,0.2,0.5,22.0,0.3,42.0,2.0,0.05,2025.0
03/25,3643.0,Benniganahalli Lake,"E (Irrigation, industrial cooling and controlled waste)",4.1,6.8,745.0,4.0,2.86,1700.0,2100.0,3.0,128.0,5.0,128.0,72.0,44.0,1.5,0.51,184.0,96.0,88.0,6.615384615384615,67.0,494.0,10.0,0.2,0.5,19.0,0.38,41.0,2.16,0.05,2025.0
03/25,3648.0,Mydala Tank,"D (Propagation of wild life,fisheries)",6.5,7.0,206.0,4.0,0.8,240.0,3500.0,3.0,68.0,5.0,68.0,28.0,53.0,1.5,0.62,68.0,36.0,14.0,6.589743589743589,9.0,140.0,24.0,0.2,0.5,4.0,0.21,21.0,0.5,0.15,2025.0
03/25,3655.0,Mathikere Tank,"D (Propagation of wild life,fisheries)",6.4,7.4,525.0,4.0,1.5,1700.0,9400.0,3.0,144.0,5.0,144.0,48.0,43.0,1.5,0.4,140.0,76.0,64.0,6.564102564102564,90.0,400.0,90.0,0.2,0.5,63.0,0.28,47.0,3.5,0.05,2025.0
03/25,4094.0,Gangondanahalli Lake,"D (Propagation of wild life,fisheries)",4.3,7.2,1731.0,4.0,6.6,940.0,5400.0,3.0,404.0,5.0,404.0,292.0,48.0,1.5,0.66,472.0,240.0,232.0,6.538461538461538,158.0,1180.0,10.0,0.2,0.5,35.0,0.42,40.0,3.16,0.4,2025.0
03/25,4095.0,Chikkabanavara Lake,"E (Irrigation, industrial cooling and controlled waste)",3.2,6.9,528.0,22.0,2.0,1700.0,9400.0,3.0,148.0,5.0,148.0,104.0,168.0,3.8,2.9,156.0,80.0,76.0,6.512820512820513,60.0,368.0,42.0,0.2,0.5,10.0,0.24,44.0,2.1,0.05,2025.0
03/25,4097.0,Kachohalli Lake,"E (Irrigation, industrial cooling and controlled waste)",2.2,7.1,1401.0,18.0,5.4,410.0,2100.0,3.0,320.0,5.0,320.0,236.0,170.0,5.9,5.4,380.0,196.0,184.0,6.487179487179487,132.0,960.0,10.0,0.41,0.5,28.0,0.31,41.0,2.94,1.13,2025.0
03/25,4503.0,Madhure Tank,"D (Propagation of wild life,fisheries)",5.7,6.7,402.0,4.0,1.54,2300.0,17000.0,3.0,132.0,5.0,132.0,28.0,42.0,1.5,0.4,212.0,164.0,48.0,6.461538461538462,9.0,274.0,44.0,0.2,0.5,10.0,0.31,8.0,0.27,0.05,2025.0
03/25,4504.0,Sarakki Lake,"D (Propagation of wild life,fisheries)",5.1,7.7,884.0,6.0,3.3,170.0,1200.0,3.0,180.0,5.0,180.0,112.0,68.0,1.5,0.6,188.0,100.0,88.0,6.435897435897436,71.0,598.0,14.0,0.2,0.5,31.0,0.33,40.0,2.24,0.05,2025.0
03/25,4505.0,Nelamangala Lake,"E (Irrigation, industrial cooling and controlled waste)",1.6,6.6,1483.0,29.0,5.7,310.0,1700.0,3.0,392.0,5.0,392.0,268.0,196.0,2.13,1.7,464.0,236.0,228.0,6.410256410256411,131.0,1004.0,10.0,0.45,0.5,31.0,0.43,36.0,2.64,1.28,2025.0
03/25,4506.0,Abbigere Lake,"E (Irrigation, industrial cooling and controlled waste)",3.0,7.0,524.0,26.0,2.0,63.0,540.0,3.0,156.0,5.0,156.0,108.0,182.0,3.51,2.7,156.0,80.0,76.0,6.384615384615385,60.0,368.0,38.0,0.2,0.5,10.0,0.26,44.0,2.1,0.14,2025.0
03/25,4507.0,Chelekere Lake,"D (Propagation of wild life,fisheries)",4.1,7.2,523.0,7.0,2.0,260.0,1700.0,3.0,204.0,5.0,204.0,80.0,62.0,1.5,0.6,168.0,88.0,80.0,6.3589743589743595,50.0,356.0,10.0,0.2,0.5,6.0,0.24,32.0,2.0,0.19,2025.0
03/25,4508.0,Singapura Lake,"D (Propagation of wild life,fisheries)",4.5,7.1,521.0,6.0,1.96,430.0,2800.0,3.0,204.0,5.0,204.0,84.0,54.0,1.5,0.5,156.0,84.0,72.0,6.333333333333334,51.0,354.0,10.0,0.2,0.5,8.0,0.25,40.0,2.0,0.18,2025.0
03/25,4509.0,Narasipura Lake,"D (Propagation of wild life,fisheries)",5.1,6.9,674.0,5.0,2.6,930.0,4900.0,3.0,256.0,5.0,256.0,140.0,46.0,1.5,0.5,228.0,120.0,108.0,6.3076923076923075,64.0,458.0,10.0,0.2,0.5,8.0,0.2,37.0,2.0,0.19,2025.0
03/25,4510.0,Rachenahalli Lake,"E (Irrigation, industrial cooling and controlled waste)",1.2,7.8,1038.0,17.0,4.0,2600.0,14000.0,3.0,388.0,5.0,388.0,232.0,147.0,1.82,1.4,288.0,148.0,140.0,6.282051282051282,100.0,706.0,16.0,0.2,0.5,14.0,0.3,41.0,2.6,2.67,2025.0
03/25,4511.0,Kogilu Kere,"D (Propagation of wild life,fisheries)",4.1,7.6,667.0,8.0,2.6,170.0,1100.0,3.0,260.0,5.0,260.0,128.0,73.0,1.5,0.48,216.0,112.0,104.0,6.256410256410256,65.0,454.0,18.0,0.2,0.5,8.0,0.21,39.0,2.0,0.24,2025.0
03/25,4512.0,Viswaneedam Lake,"E (Irrigation, industrial cooling and controlled waste)",2.6,7.4,1403.0,16.0,5.4,4600.0,28000.0,3.0,324.0,5.0,324.0,236.0,161.0,5.6,5.1,380.0,192.0,188.0,6.230769230769231,132.0,964.0,10.0,0.32,0.5,28.0,0.38,41.0,2.94,0.91,2025.0
03/25,4513.0,Ramammana Kere,"D (Propagation of wild life,fisheries)",6.4,6.7,210.0,9.0,0.81,46.0,350.0,3.0,80.0,5.0,80.0,12.0,90.0,1.5,0.4,112.0,66.0,46.0,6.205128205128205,5.0,146.0,10.0,0.2,0.5,10.0,0.2,4.0,0.1,0.05,2025.0
03/25,4514.0,Sadaramangala Lake,"E (Irrigation, industrial cooling and controlled waste)",2.9,7.2,598.0,21.0,2.0,310.0,2800.0,3.0,140.0,5.0,140.0,108.0,168.0,2.1,1.5,160.0,88.0,72.0,6.17948717948718,80.0,404.0,50.0,0.2,0.5,16.0,0.2,50.0,3.0,0.05,2025.0
03/25,4515.0,Bhattarahalli Lake,"E (Irrigation, industrial cooling and controlled waste)",3.3,7.0,892.0,7.0,3.42,330.0,4300.0,3.0,128.0,5.0,128.0,164.0,70.0,1.5,0.59,172.0,104.0,68.0,6.153846153846154,110.0,592.0,18.0,0.2,0.5,22.0,0.51,54.0,3.65,0.05,2025.0
03/25,4516.0,Kundalahalli Lake,"E (Irrigation, industrial cooling and controlled waste)",2.1,8.1,1220.0,30.0,4.7,26.0,220.0,3.0,228.0,5.0,228.0,336.0,196.0,21.06,16.2,300.0,152.0,148.0,6.128205128205128,135.0,842.0,46.0,0.78,0.5,15.0,0.23,48.0,3.4,1.8,2025.0
03/25,4517.0,Kowdhenahalli Tank,"E (Irrigation, industrial cooling and controlled waste)",2.4,7.6,754.0,8.0,2.89,23000.0,49000.0,3.0,216.0,5.0,216.0,84.0,77.0,1.5,0.7,204.0,124.0,80.0,6.102564102564102,80.0,504.0,22.0,0.52,0.5,23.0,0.24,43.0,2.45,1.32,2025.0
03/25,4518.0,Garudacharpalya Tank,"E (Irrigation, industrial cooling and controlled waste)",1.3,8.4,398.0,16.0,1.5,93.0,2400.0,24.0,92.0,12.0,104.0,60.0,164.0,3.2,2.7,88.0,48.0,40.0,6.076923076923077,37.0,272.0,48.0,0.31,0.5,8.0,0.2,45.0,2.0,0.9,2025.0
03/25,4519.0,Rampura Lake,"D (Propagation of wild life,fisheries)",6.1,6.9,834.0,4.0,2.8,400.0,3400.0,3.0,260.0,5.0,260.0,128.0,52.0,1.5,0.4,136.0,72.0,64.0,6.051282051282051,90.0,576.0,18.0,0.2,0.5,5.0,0.28,57.0,3.5,0.1,2025.0
03/25,4520.0,Chinnappanahalli Lake,"D (Propagation of wild life,fisheries)",6.0,7.5,875.0,8.0,3.3,17.0,220.0,3.0,136.0,5.0,136.0,148.0,95.0,4.7,3.6,144.0,72.0,72.0,6.0256410256410255,96.0,604.0,20.0,0.2,0.5,11.0,0.41,56.0,3.5,0.05,2025.0
03/25,4522.0,Vibhuthipura Lake,"E (Irrigation, industrial cooling and controlled waste)",1.4,6.6,662.0,24.0,2.5,630.0,5400.0,3.0,152.0,5.0,152.0,108.0,208.0,4.9,4.2,176.0,92.0,84.0,6.0,66.0,454.0,32.0,0.2,0.5,13.0,0.23,43.0,2.16,0.05,2025.0
03/25,4523.0,Nallurahalli Lake,"E (Irrigation, industrial cooling and controlled waste)",2.5,6.8,706.0,14.0,2.7,43.0,540.0,3.0,160.0,5.0,160.0,112.0,147.0,2.4,1.9,188.0,100.0,88.0,5.9743589743589745,68.0,478.0,12.0,0.33,0.5,14.0,0.25,42.0,2.15,0.96,2025.0
03/25,4524.0,Pattandur Agrahara Lake,"E (Irrigation, industrial cooling and controlled waste)",3.2,7.2,1649.0,11.0,6.3,170.0,2200.0,3.0,380.0,5.0,380.0,268.0,128.0,3.5,3.0,432.0,220.0,212.0,5.948717948717949,154.0,1136.0,10.0,0.51,0.5,33.0,0.37,41.0,1.0,1.45,2025.0
03/25,4525.0,Seetharampalya Lake,"E (Irrigation, industrial cooling and controlled waste)",1.1,8.1,1130.0,17.0,4.3,910.0,4300.0,3.0,304.0,5.0,304.0,180.0,189.0,4.1,3.7,260.0,136.0,124.0,5.923076923076923,110.0,768.0,12.0,0.34,0.5,23.0,0.42,45.0,2.96,0.95,2025.0
03/25,4526.0,Devasandra Lake,"E (Irrigation, industrial cooling and controlled waste)",2.1,6.7,744.0,14.0,2.86,31000.0,70000.0,3.0,100.0,5.0,100.0,120.0,95.0,1.5,0.9,132.0,88.0,44.0,5.897435897435898,87.0,510.0,28.0,0.2,0.5,22.0,0.35,54.0,3.31,0.41,2025.0
03/25,4527.0,Sheelavanta-Whitefield Lake,"E (Irrigation, industrial cooling and controlled waste)",0.3,7.1,1555.0,57.0,6.0,200.0,2800.0,3.0,360.0,5.0,360.0,252.0,276.0,12.4,11.8,416.0,212.0,204.0,5.871794871794872,146.0,1054.0,32.0,0.42,0.5,31.0,0.44,41.0,3.11,1.18,2025.0
03/25,4528.0,Doddakannehalli Lake,"D (Propagation of wild life,fisheries)",6.1,6.5,188.0,4.0,0.6,210.0,1200.0,3.0,36.0,5.0,36.0,24.0,36.0,1.5,0.4,80.0,48.0,32.0,5.846153846153847,28.0,124.0,22.0,0.2,0.5,5.0,0.2,41.0,1.0,0.05,2025.0
03/25,4530.0,Kammasandra Lake,"E (Irrigation, industrial cooling and controlled waste)",1.8,7.5,1962.0,35.0,6.0,2200.0,35000.0,3.0,576.0,5.0,576.0,412.0,204.0,42.8,36.0,436.0,224.0,212.0,5.820512820512821,189.0,1334.0,28.0,1.8,0.5,33.0,0.25,46.0,3.9,0.05,2025.0
03/25,4531.0,Rayasandra Lake,"E (Irrigation, industrial cooling and controlled waste)",1.8,7.5,1962.0,35.0,6.0,2200.0,35000.0,3.0,576.0,5.0,576.0,412.0,204.0,42.8,36.0,436.0,224.0,212.0,5.794871794871796,189.0,1334.0,28.0,1.8,0.5,33.0,0.25,46.0,3.9,0.05,2025.0
03/25,4532.0,Chandapura Lake,"E (Irrigation, industrial cooling and controlled waste)",2.1,7.6,1847.0,28.0,5.4,21000.0,70000.0,3.0,420.0,5.0,420.0,404.0,201.0,28.2,24.0,468.0,240.0,228.0,5.769230769230769,191.0,1256.0,10.0,1.0,0.5,33.0,0.59,45.0,3.8,0.05,2025.0
03/25,4533.0,Ullalu Lake,"E (Irrigation, industrial cooling and controlled waste)",0.3,6.5,384.0,87.0,1.3,170000.0,460000.0,3.0,144.0,5.0,144.0,32.0,312.0,32.0,27.0,92.0,52.0,40.0,5.743589743589744,42.0,260.0,150.0,0.2,0.5,11.0,0.22,46.0,2.0,0.05,2025.0
03/25,4534.0,Sompura Lake,"D (Propagation of wild life,fisheries)",6.5,7.3,774.0,5.0,3.0,1700.0,7900.0,3.0,284.0,5.0,284.0,84.0,61.0,1.5,0.54,156.0,80.0,76.0,5.717948717948718,92.0,530.0,16.0,0.2,0.5,10.0,0.36,54.0,3.2,0.05,2025.0
03/25,4536.0,Hosakerehalli Lake,"E (Irrigation, industrial cooling and controlled waste)",3.4,6.5,826.0,19.0,3.2,170000.0,840000.0,3.0,364.0,5.0,364.0,68.0,134.0,4.42,3.4,300.0,152.0,148.0,5.6923076923076925,72.0,570.0,12.0,0.37,0.5,9.0,0.24,33.0,1.8,1.45,2025.0
03/25,4537.0,Chinnakurchi Kere,"D (Propagation of wild life,fisheries)",5.2,7.3,417.0,7.0,1.5,78000.0,490000.0,3.0,172.0,5.0,172.0,16.0,72.0,1.5,0.4,112.0,64.0,48.0,5.666666666666667,50.0,280.0,152.0,0.2,0.5,6.0,0.39,47.0,1.0,0.05,2025.0
03/25,4538.0,Machohalli Lake,"E (Irrigation, industrial cooling and controlled waste)",1.8,7.4,1752.0,19.0,6.7,310.0,16000.0,3.0,408.0,5.0,408.0,296.0,173.0,7.2,6.6,476.0,244.0,232.0,5.6410256410256405,160.0,1204.0,10.0,0.38,0.5,35.0,0.45,40.0,3.2,1.04,2025.0
03/25,4541.0,Alur Lake,"D (Propagation of wild life,fisheries)",6.7,6.6,200.0,4.0,0.77,210.0,1700.0,3.0,72.0,5.0,72.0,12.0,41.0,1.5,0.4,132.0,84.0,48.0,5.615384615384615,5.0,134.0,10.0,0.2,0.5,9.0,0.2,4.0,0.11,0.05,2025.0
03/25,4542.0,Basavanapura Lake,"D (Propagation of wild life,fisheries)",5.8,6.7,396.0,5.0,1.3,930.0,4900.0,3.0,88.0,5.0,88.0,68.0,60.0,1.5,0.55,104.0,60.0,44.0,5.589743589743589,61.0,266.0,74.0,0.2,0.5,11.0,0.28,53.0,3.0,0.05,2025.0
03/25,4543.0,Kodi Singasandra Lake,"D (Propagation of wild life,fisheries)",5.4,6.7,572.0,6.0,1.9,270.0,1400.0,3.0,156.0,5.0,156.0,96.0,56.0,1.5,0.45,168.0,92.0,76.0,5.564102564102564,84.0,386.0,10.0,0.2,0.5,18.0,0.47,49.0,3.0,0.05,2025.0
03/25,4544.0,Kothanuru Lake,"D (Propagation of wild life,fisheries)",6.0,7.0,685.0,4.0,2.3,310.0,1700.0,3.0,176.0,5.0,176.0,104.0,48.0,1.5,0.52,160.0,88.0,72.0,5.538461538461538,105.0,464.0,18.0,0.2,0.5,24.0,0.36,49.0,4.0,0.05,2025.0
03/25,4545.0,Jungu Kere (Devarabeesanahalli Lake),"D (Propagation of wild life,fisheries)",6.2,6.6,186.0,4.0,0.7,110.0,790.0,3.0,48.0,5.0,48.0,20.0,40.0,1.5,0.4,80.0,48.0,32.0,5.512820512820513,27.0,126.0,26.0,0.2,0.5,3.0,0.2,41.0,1.0,0.05,2025.0
03/25,4546.0,Jakksandra Lake (Kasavanahalli Lake ),"D (Propagation of wild life,fisheries)",6.4,7.9,772.0,6.0,3.0,400.0,2200.0,3.0,132.0,5.0,132.0,148.0,55.0,1.5,0.75,220.0,80.0,140.0,5.487179487179487,100.0,522.0,10.0,0.2,0.5,23.0,0.29,46.0,2.94,0.05,2025.0
03/25,4547.0,Mangamanapalya Lake(Swarana Kunte),"D (Propagation of wild life,fisheries)",6.1,7.2,688.0,4.0,2.3,92.0,460.0,3.0,184.0,5.0,184.0,112.0,44.0,1.5,0.6,160.0,88.0,72.0,5.461538461538462,104.0,466.0,24.0,0.2,0.5,23.0,0.31,49.0,4.0,0.05,2025.0
03/25,5558.0,"Kannahalli Lake Kannahalli, Bengaluru","E (Irrigation, industrial cooling and controlled waste)",3.3,7.5,1246.0,14.0,4.8,460.0,3500.0,3.0,288.0,5.0,288.0,208.0,157.0,4.2,3.8,336.0,172.0,164.0,5.435897435897436,120.0,834.0,10.0,0.2,0.5,25.0,0.21,41.0,2.85,0.36,2025.0
03/25,5559.0,"Shettihalli Lake, Mallasandra Gudde Lake Bengaluru","E (Irrigation, industrial cooling and controlled waste)",3.6,6.9,1043.0,19.0,0.3,120.0,840.0,3.0,368.0,5.0,368.0,168.0,144.0,3.25,2.5,356.0,180.0,176.0,5.410256410256411,104.0,720.0,10.0,2.4,0.5,18.0,0.36,37.0,2.4,5.6,2025.0
03/25,5560.0,"Hoodi (Rajapalya Lake) Itpl Main Road, Near Hoodi,Bengaluru","D (Propagation of wild life,fisheries)",5.8,8.2,760.0,5.0,2.6,20.0,1600.0,3.0,36.0,5.0,36.0,164.0,60.0,1.5,0.4,196.0,116.0,80.0,5.384615384615385,98.0,500.0,10.0,1.41,0.5,3.0,0.2,54.0,3.0,0.05,2025.0
03/25,5561.0,"Munekolalu Lake ,Marathahalli, East Taluka ,Bengaluru","D (Propagation of wild life,fisheries)",5.9,7.1,744.0,8.0,2.8,23.0,140.0,3.0,168.0,5.0,168.0,108.0,91.0,1.57,1.21,172.0,88.0,84.0,5.3589743589743595,82.0,506.0,22.0,0.42,0.5,9.0,0.23,49.0,2.7,1.0,2025.0
03/25,5562.0,"Mahadevpuraâ  Lake, K. R. Puram , Bangalore East Taluka","D (Propagation of wild life,fisheries)",4.7,7.7,506.0,5.0,1.9,31.0,1600.0,3.0,112.0,5.0,112.0,76.0,55.0,1.5,0.46,136.0,72.0,64.0,5.333333333333334,49.0,338.0,10.0,0.2,0.5,10.0,0.31,41.0,2.0,0.22,2025.0
03/25,5563.0,"Segehalli Lake Baavanapura Road Battarahalli , Bangalore East","E (Irrigation, industrial cooling and controlled waste)",1.2,7.0,1124.0,22.0,4.31,11000.0,46000.0,3.0,268.0,5.0,268.0,140.0,147.0,15.83,11.0,208.0,114.0,94.0,5.307692307692308,105.0,774.0,20.0,2.26,0.5,32.0,0.33,48.0,3.16,5.77,2025.0
03/25,5564.0,"Kannamangala Lake Hoskote Main Road , Bengalore","E (Irrigation, industrial cooling and controlled waste)",3.5,7.4,1945.0,17.0,7.5,26000.0,63000.0,3.0,164.0,5.0,164.0,632.0,125.0,2.73,2.1,488.0,248.0,240.0,5.282051282051282,190.0,1342.0,70.0,0.47,0.5,33.0,0.2,44.0,3.7,1.1,2025.0
03/25,5565.0,Kannur Lake Near By Hennur Road Bengalore,"D (Propagation of wild life,fisheries)",5.8,6.98,1839.0,9.0,5.9,2200.0,12000.0,80.0,264.0,40.0,304.0,456.0,118.0,1.5,0.4,164.0,88.0,76.0,5.256410256410256,202.0,1268.0,66.0,0.2,0.5,184.0,0.23,52.0,7.2,0.05,2025.0
03/25,5566.0,"Basavanapura Lake Ayyappa Nagr Main Road , K. R. Puram , Bengaluru","D (Propagation of wild life,fisheries)",4.0,7.0,625.0,4.0,2.4,320.0,3500.0,3.0,132.0,5.0,132.0,72.0,44.0,1.5,0.7,144.0,82.0,62.0,5.230769230769231,69.0,424.0,28.0,0.2,0.5,18.0,0.32,47.0,2.5,0.24,2025.0
03/25,5567.0,"Doddakallasandra Lake,Bengaluru","D (Propagation of wild life,fisheries)",5.1,8.0,846.0,7.0,2.9,220.0,1300.0,3.0,300.0,5.0,300.0,136.0,84.0,1.5,0.43,204.0,108.0,96.0,5.205128205128205,106.0,574.0,20.0,0.84,0.5,33.0,0.49,48.0,3.0,2.2,2025.0
03/25,5568.0,"Ulsoor Lake Near Kalyani,Bengaluru","D (Propagation of wild life,fisheries)",6.0,6.8,625.0,4.0,2.2,1200.0,9200.0,3.0,152.0,5.0,152.0,96.0,44.0,1.5,0.42,144.0,80.0,64.0,5.17948717948718,88.0,420.0,14.0,0.24,0.5,25.0,0.29,52.0,3.0,0.7,2025.0
03/25,5569.0,"Byrasandra Upper Lake,Bengaluru","D (Propagation of wild life,fisheries)",5.9,6.9,995.0,5.0,3.5,230.0,1300.0,3.0,220.0,5.0,220.0,76.0,64.0,1.5,0.56,516.0,264.0,252.0,5.153846153846153,76.0,672.0,24.0,0.2,0.5,26.0,0.32,23.0,1.5,0.34,2025.0
03/25,5570.0,"Soulkere, Kaikondrahalli Vill,Bengaluru","D (Propagation of wild life,fisheries)",5.8,8.2,682.0,7.0,2.6,260.0,1400.0,3.0,140.0,5.0,140.0,104.0,72.0,1.85,0.9,168.0,84.0,84.0,5.128205128205128,91.0,454.0,70.0,0.2,0.5,22.0,0.34,50.0,3.04,0.35,2025.0
03/25,5571.0,"Kudlu Doddakere, Kudlu Vill,Bengaluru","D (Propagation of wild life,fisheries)",5.2,8.5,1472.0,10.0,5.6,340.0,2400.0,104.0,376.0,52.0,428.0,228.0,110.0,2.21,1.7,408.0,204.0,204.0,5.102564102564102,152.0,1016.0,22.0,0.24,0.5,38.0,0.28,42.0,3.3,0.57,2025.0
03/25,5572.0,"Kudlu Chikkakere, Bgp Layout Kudlu Vill ,Bengaluru","D (Propagation of wild life,fisheries)",5.3,8.5,1514.0,10.0,6.0,460.0,2800.0,80.0,396.0,40.0,436.0,244.0,113.0,2.34,1.8,428.0,212.0,216.0,5.076923076923077,154.0,1046.0,20.0,0.27,0.5,39.0,0.27,41.0,3.2,0.64,2025.0
03/25,5573.0,"Doddathogur Lake , Doddathoguru Vill, Bengaluru","E (Irrigation, industrial cooling and controlled waste)",3.3,7.8,679.0,8.0,2.6,7900.0,54000.0,3.0,124.0,5.0,124.0,148.0,98.0,1.5,0.59,152.0,76.0,76.0,5.051282051282051,99.0,468.0,10.0,0.2,0.5,22.0,0.28,55.0,1.0,0.05,2025.0
03/25,5574.0,"Anjanapura Lake ( Avala Halli Lake) Anjanapura,Bengaluru","E (Irrigation, industrial cooling and controlled waste)",3.2,8.5,661.0,9.0,2.5,2100.0,14000.0,48.0,132.0,24.0,156.0,132.0,102.0,2.35,1.8,156.0,80.0,76.0,5.0256410256410255,94.0,456.0,28.0,0.2,0.5,24.0,0.23,52.0,3.3,0.44,2025.0
04/25,1388.0,Ulsoor Lake Training Centre Of Fish Breeding,"D (Propagation of wild life,fisheries)",5.1,7.0,470.0,4.0,1.8,630.0,3500.0,3.0,320.0,5.0,320.0,80.0,44.0,1.5,0.81,128.0,68.0,60.0,20.0,46.0,320.0,38.0,0.2,0.5,9.0,0.26,41.0,2.0,0.05,2025.0
04/25,2778.0,River Arkavathi At Tippagondanahalli Reservoir,"D (Propagation of wild life,fisheries)",5.5,7.4,988.0,7.0,3.5,200.0,1400.0,3.0,304.0,5.0,304.0,212.0,81.0,10.8,8.3,308.0,160.0,148.0,23.0,105.0,682.0,16.0,1.0,0.5,21.0,0.28,40.0,2.6,2.4,2025.0
04/25,3589.0,Madiwala Tank,"E (Irrigation, industrial cooling and controlled waste)",3.3,7.5,727.0,17.0,2.5,150.0,3500.0,3.0,236.0,5.0,236.0,128.0,121.0,2.95,2.73,232.0,116.0,116.0,10.0,89.0,502.0,10.0,1.1,0.5,10.0,0.3,44.0,2.5,2.6,2025.0
04/25,3590.0,Lalbagh Tank,"D (Propagation of wild life,fisheries)",5.8,8.0,650.0,8.0,2.4,2400.0,4800.0,3.0,100.0,5.0,100.0,92.0,84.0,2.0,1.6,68.0,40.0,28.0,8.0,79.0,442.0,10.0,0.2,0.5,18.0,0.41,65.0,4.2,0.4,2025.0
04/25,3591.0,Kempambudhi Tank,"E (Irrigation, industrial cooling and controlled waste)",1.7,8.3,661.0,30.0,2.5,2600.0,9400.0,3.0,196.0,5.0,196.0,68.0,207.0,10.9,8.4,136.0,72.0,64.0,11.0,71.0,452.0,10.0,0.9,0.5,18.0,0.23,49.0,2.7,2.2,2025.0
04/25,3592.0,Yediyur Tank,"D (Propagation of wild life,fisheries)",5.9,6.7,313.0,6.0,1.2,230.0,3500.0,3.0,76.0,5.0,76.0,36.0,63.0,1.56,1.2,48.0,28.0,20.0,5.0,35.0,214.0,10.0,0.2,0.5,14.0,0.2,53.0,2.5,0.2,2025.0
04/25,3593.0,Ulsoor Lake Temple,"D (Propagation of wild life,fisheries)",6.0,7.1,454.0,4.0,1.7,210.0,1200.0,3.0,96.0,5.0,96.0,68.0,47.0,1.5,0.69,116.0,64.0,52.0,19.0,44.0,306.0,10.0,0.2,0.5,8.0,0.2,43.0,2.0,0.05,2025.0
04/25,3594.0,Sankey Tank,"D (Propagation of wild life,fisheries)",6.9,7.4,494.0,4.0,2.0,63.0,540.0,3.0,164.0,5.0,164.0,76.0,48.0,1.5,0.4,144.0,72.0,72.0,8.5,54.0,340.0,10.0,0.2,0.5,6.0,0.26,43.0,1.0,0.11,2025.0
04/25,3595.0,Byrasandra Tank,"D (Propagation of wild life,fisheries)",5.0,7.0,466.0,5.0,1.2,3100.0,17000.0,3.0,104.0,5.0,104.0,76.0,55.0,1.5,0.84,124.0,64.0,60.0,20.0,46.0,316.0,10.0,0.2,0.5,9.0,0.29,42.0,2.0,0.05,2025.0
04/25,3596.0,Nayandanahalli Tank,"D (Propagation of wild life,fisheries)",5.9,8.3,890.0,7.0,3.4,310.0,3500.0,32.0,200.0,16.0,216.0,152.0,78.0,1.5,0.8,184.0,96.0,88.0,21.0,98.0,614.0,10.0,0.24,0.5,11.0,0.39,52.0,3.1,0.57,2025.0
04/25,3597.0,Hesaraghatta Lake,"D (Propagation of wild life,fisheries)",6.9,6.7,322.0,4.0,1.2,210.0,1100.0,3.0,80.0,5.0,80.0,40.0,38.0,8.3,6.4,116.0,64.0,52.0,18.0,19.0,220.0,10.0,0.2,0.5,16.0,0.2,23.0,0.8,0.05,2025.0
04/25,3598.0,Herohalli Tank,"D (Propagation of wild life,fisheries)",5.2,7.5,556.0,12.0,2.1,1700.0,2200.0,3.0,164.0,5.0,164.0,92.0,128.0,1.82,1.4,156.0,80.0,32.0,14.0,58.0,384.0,10.0,0.32,0.5,10.0,0.2,43.0,2.0,0.8,2025.0
04/25,3599.0,Anchepalya Lake,"E (Irrigation, industrial cooling and controlled waste)",0.3,6.5,456.0,32.0,1.5,4600.0,35000.0,3.0,80.0,5.0,80.0,80.0,202.0,4.5,3.4,80.0,44.0,36.0,55.0,51.0,306.0,10.0,0.3,0.5,10.0,0.28,54.0,2.7,0.7,2025.0
04/25,3600.0,Shivapura Tank,"E (Irrigation, industrial cooling and controlled waste)",2.8,6.7,1184.0,19.0,4.55,1400.0,9400.0,3.0,140.0,5.0,140.0,152.0,156.0,2.1,1.4,160.0,94.0,66.0,51.0,132.0,790.0,10.0,0.2,0.5,23.0,0.3,60.0,4.55,0.05,2025.0
04/25,3602.0,Bellandur Lake,"E (Irrigation, industrial cooling and controlled waste)",2.9,7.8,998.0,9.0,3.83,170.0,2200.0,3.0,128.0,5.0,128.0,164.0,87.0,1.5,0.4,132.0,76.0,56.0,76.0,94.0,684.0,10.0,0.2,0.5,22.0,0.35,56.0,3.55,0.48,2025.0
04/25,3603.0,Vengaiyyanakere( Kr Puram Lake ),"E (Irrigation, industrial cooling and controlled waste)",0.3,7.0,1282.0,120.0,4.5,14000.0,46000.0,3.0,476.0,5.0,476.0,176.0,415.0,41.6,32.0,256.0,132.0,124.0,29.0,110.0,804.0,10.0,1.3,0.5,32.0,0.31,45.0,2.9,3.1,2025.0
04/25,3604.0,Doddanekkundi Lake,"D (Propagation of wild life,fisheries)",5.0,7.0,801.0,6.0,3.07,220.0,2400.0,3.0,216.0,5.0,216.0,92.0,42.0,1.5,0.63,192.0,114.0,78.0,6.0,63.0,534.0,10.0,0.2,0.5,23.0,0.4,38.0,1.96,0.05,2025.0
04/25,3605.0,Yelemallappa Shetty Lake,"E (Irrigation, industrial cooling and controlled waste)",0.3,8.5,952.0,39.0,3.9,14000.0,48000.0,24.0,332.0,12.0,144.0,160.0,296.0,28.0,22.0,236.0,124.0,112.0,11.0,80.0,646.0,10.0,0.32,0.5,24.0,0.31,39.0,2.26,0.93,2025.0
04/25,3606.0,Dasarahalli Tank,"E (Irrigation, industrial cooling and controlled waste)",2.0,6.6,769.0,13.0,2.9,1700.0,9400.0,3.0,156.0,5.0,156.0,92.0,123.0,20.8,16.0,216.0,112.0,104.0,39.0,67.0,522.0,10.0,0.2,0.5,19.0,0.23,38.0,2.0,2.0,2025.0
04/25,3608.0,Varthur Lake,"E (Irrigation, industrial cooling and controlled waste)",0.3,6.6,905.0,63.0,3.47,11000.0,70000.0,3.0,180.0,5.0,180.0,160.0,254.0,3.12,2.4,220.0,128.0,92.0,31.0,74.0,606.0,10.0,0.68,0.5,24.0,0.48,39.0,2.17,1.75,2025.0
04/25,3609.0,Ibbalur Lake,"E (Irrigation, industrial cooling and controlled waste)",2.8,7.0,801.0,10.0,3.07,230.0,2100.0,3.0,112.0,5.0,112.0,16.0,100.0,1.5,0.4,108.0,60.0,48.0,9.0,84.0,552.0,10.0,0.2,0.5,14.0,0.24,59.0,3.51,0.48,2025.0
04/25,3610.0,Tubarahalli Tank,"D (Propagation of wild life,fisheries)",6.1,8.5,678.0,5.0,2.8,230.0,3500.0,48.0,72.0,24.0,96.0,124.0,48.0,1.5,0.4,136.0,72.0,64.0,10.0,58.0,458.0,10.0,0.2,0.5,15.0,0.3,44.0,2.17,0.4,2025.0
04/25,3611.0,Kaikondanahalli Lake,"D (Propagation of wild life,fisheries)",5.8,8.2,1200.0,7.0,3.23,1100.0,7900.0,3.0,324.0,5.0,324.0,232.0,72.0,1.5,0.58,476.0,264.0,212.0,53.0,98.0,828.0,10.0,0.76,0.5,39.0,0.28,28.0,2.0,1.5,2025.0
04/25,3612.0,Agaram Lake,"E (Irrigation, industrial cooling and controlled waste)",3.5,8.1,1355.0,9.0,5.2,310.0,2200.0,3.0,288.0,5.0,288.0,160.0,89.0,1.5,0.4,276.0,148.0,128.0,27.0,144.0,904.0,10.0,1.08,0.5,37.0,0.46,49.0,3.76,2.54,2025.0
04/25,3613.0,Gottigere Lake,"D (Propagation of wild life,fisheries)",6.0,6.8,827.0,4.0,3.33,63.0,540.0,3.0,120.0,5.0,120.0,144.0,40.0,1.5,0.4,152.0,80.0,72.0,25.0,71.0,564.0,10.0,0.2,0.5,6.0,0.23,49.0,2.5,0.18,2025.0
04/25,3614.0,Puttenahalli Lake,"D (Propagation of wild life,fisheries)",5.8,6.5,600.0,5.0,2.42,120.0,920.0,3.0,136.0,5.0,136.0,80.0,56.0,1.5,0.4,100.0,56.0,44.0,10.0,50.0,408.0,10.0,0.49,0.5,4.0,0.2,51.0,2.17,1.41,2025.0
04/25,3615.0,Arakere Lake,"D (Propagation of wild life,fisheries)",5.9,7.5,1448.0,6.0,5.84,220.0,1300.0,3.0,160.0,5.0,160.0,308.0,72.0,1.5,0.43,180.0,96.0,84.0,66.0,33.0,992.0,10.0,0.2,0.5,11.0,0.65,60.0,4.31,0.05,2025.0
04/25,3616.0,Kalena Agrahara Lake,"D (Propagation of wild life,fisheries)",4.6,6.7,652.0,8.0,2.63,400.0,2200.0,3.0,144.0,5.0,144.0,100.0,84.0,1.5,0.75,104.0,56.0,48.0,13.0,54.0,446.0,10.0,0.2,0.5,4.0,0.31,52.0,2.31,0.51,2025.0
04/25,3618.0,Singasandra Lake,"E (Irrigation, industrial cooling and controlled waste)",1.2,7.4,982.0,42.0,3.77,130.0,3500.0,3.0,168.0,5.0,168.0,160.0,286.0,5.12,3.2,140.0,84.0,34.0,28.0,99.0,674.0,10.0,1.15,0.5,26.0,0.23,55.0,3.62,2.71,2025.0
04/25,3619.0,Begur Tank,"D (Propagation of wild life,fisheries)",6.1,7.4,1415.0,5.0,5.71,340.0,3500.0,3.0,132.0,5.0,132.0,312.0,48.0,1.5,0.4,164.0,88.0,76.0,50.0,126.0,968.0,10.0,0.2,0.5,11.0,0.54,61.0,4.27,0.33,2025.0
04/25,3620.0,Parappana Agrahara Lake,"E (Irrigation, industrial cooling and controlled waste)",1.2,8.1,1021.0,32.0,3.92,140.0,4300.0,3.0,152.0,5.0,152.0,164.0,210.0,1.5,0.4,132.0,88.0,44.0,24.0,128.0,696.0,10.0,0.25,0.5,26.0,0.3,63.0,4.85,0.65,2025.0
04/25,3621.0,Haralur Lake,"E (Irrigation, industrial cooling and controlled waste)",2.9,8.1,911.0,18.0,3.0,260.0,4300.0,3.0,312.0,5.0,312.0,152.0,121.0,1.57,1.2,284.0,144.0,140.0,35.0,106.0,632.0,10.0,1.21,0.5,15.0,0.28,48.0,2.7,28.0,2025.0
04/25,3622.0,Somasundrapalya Lake,"E (Irrigation, industrial cooling and controlled waste)",3.1,8.0,994.0,10.0,3.82,170.0,2800.0,3.0,140.0,5.0,140.0,160.0,96.0,1.5,0.4,128.0,70.0,58.0,34.0,129.0,664.0,10.0,0.2,0.5,23.0,0.34,64.0,4.95,0.28,2025.0
04/25,3623.0,Anekal Doddakere Tank,"D (Propagation of wild life,fisheries)",5.4,7.2,998.0,6.0,3.5,490.0,2800.0,3.0,228.0,5.0,228.0,180.0,56.0,1.5,0.4,176.0,92.0,84.0,10.0,110.0,668.0,10.0,0.2,0.5,22.0,0.26,54.0,4.0,0.05,2025.0
04/25,3624.0,Puttenahalli Lake,"D (Propagation of wild life,fisheries)",5.8,7.1,1040.0,7.0,3.9,240.0,2800.0,3.0,276.0,5.0,276.0,160.0,73.0,1.5,0.4,252.0,132.0,120.0,5.0,96.0,708.0,10.0,0.2,0.5,5.0,0.2,45.0,2.7,0.3,2025.0
04/25,3625.0,Hebbal Lake,"D (Propagation of wild life,fisheries)",5.9,7.6,698.0,6.0,2.6,1100.0,7900.0,3.0,124.0,5.0,124.0,104.0,69.0,1.5,0.4,124.0,68.0,56.0,7.0,69.0,476.0,10.0,0.2,0.5,15.0,0.22,51.0,2.7,0.4,2025.0
04/25,3626.0,Nagavara Lake,"D (Propagation of wild life,fisheries)",6.4,7.7,704.0,5.0,2.7,2100.0,12000.0,3.0,116.0,5.0,116.0,104.0,65.0,1.5,0.4,124.0,68.0,56.0,8.0,67.0,478.0,10.0,0.3,0.5,15.0,0.25,50.0,2.6,0.6,2025.0
04/25,3627.0,Jakkur Lake,"E (Irrigation, industrial cooling and controlled waste)",2.2,7.2,976.0,26.0,3.7,1400.0,13000.0,3.0,140.0,5.0,140.0,176.0,174.0,1.5,0.84,148.0,80.0,68.0,23.0,96.0,664.0,10.0,0.4,0.5,32.0,0.3,52.0,3.4,0.8,2025.0
04/25,3628.0,Amruthahalli Lake,"D (Propagation of wild life,fisheries)",5.7,7.9,1084.0,5.0,4.4,9100.0,58000.0,3.0,236.0,5.0,236.0,132.0,52.0,1.5,0.4,260.0,136.0,124.0,29.0,98.0,734.0,10.0,0.2,0.5,9.0,0.45,44.0,2.64,0.5,2025.0
04/25,3629.0,Allalasandra Lake,"E (Irrigation, industrial cooling and controlled waste)",2.8,7.1,938.0,23.0,3.5,21000.0,70000.0,3.0,160.0,5.0,160.0,168.0,153.0,6.5,0.4,136.0,72.0,64.0,12.0,98.0,638.0,10.0,0.6,0.5,34.0,0.3,54.0,3.8,1.3,2025.0
04/25,3630.0,Yelahanka Tank,"D (Propagation of wild life,fisheries)",5.8,7.3,895.0,7.0,3.4,3100.0,11000.0,3.0,180.0,5.0,180.0,140.0,82.0,1.5,0.4,180.0,96.0,84.0,12.0,81.0,610.0,10.0,0.2,0.5,22.0,0.34,46.0,2.6,0.5,2025.0
04/25,3633.0,Subramanyapura Tank,"D (Propagation of wild life,fisheries)",5.4,7.8,715.0,10.0,2.7,2300.0,9400.0,3.0,176.0,5.0,176.0,136.0,114.0,2.6,2.0,124.0,64.0,60.0,13.0,85.0,486.0,10.0,0.26,0.5,10.0,0.47,57.0,3.3,0.62,2025.0
04/25,3634.0,Devarakere Tank,"D (Propagation of wild life,fisheries)",5.9,7.4,334.0,7.0,1.3,1700.0,7000.0,3.0,104.0,5.0,104.0,48.0,76.0,1.5,0.7,72.0,40.0,32.0,6.0,37.0,230.0,10.0,0.2,0.5,4.0,0.23,51.0,1.0,0.32,2025.0
04/25,3635.0,Malathahalli Lake,"D (Propagation of wild life,fisheries)",5.8,7.9,753.0,8.0,3.0,140.0,2400.0,3.0,248.0,5.0,248.0,60.0,98.0,1.5,0.7,212.0,108.0,104.0,36.0,91.0,512.0,10.0,0.2,0.5,10.0,0.28,47.0,2.7,0.3,2025.0
04/25,3636.0,Hoskere Lake,"E (Irrigation, industrial cooling and controlled waste)",0.3,6.6,617.0,48.0,2.4,17.0,240.0,3.0,196.0,5.0,196.0,76.0,233.0,52.0,40.0,152.0,76.0,76.0,54.0,68.0,426.0,10.0,1.5,0.5,7.0,0.31,48.0,2.4,3.7,2025.0
04/25,3638.0,Yelachenahalli Lake,"D (Propagation of wild life,fisheries)",5.8,7.4,602.0,7.0,23.0,260.0,2800.0,3.0,108.0,5.0,108.0,88.0,69.0,1.5,0.4,88.0,48.0,40.0,9.0,63.0,400.0,10.0,0.2,0.5,12.0,0.21,57.0,3.0,0.2,2025.0
04/25,3639.0,Kengeri Tank,"D (Propagation of wild life,fisheries)",5.8,7.6,985.0,8.0,4.0,320.0,2800.0,3.0,320.0,5.0,320.0,140.0,84.0,2.9,2.2,264.0,132.0,132.0,7.0,116.0,680.0,10.0,0.5,0.5,13.0,0.37,47.0,3.1,1.2,2025.0
04/25,3640.0,Uttarahalli Doraikere,"E (Irrigation, industrial cooling and controlled waste)",1.2,6.6,559.0,39.0,2.1,17.0,350.0,3.0,112.0,5.0,116.0,88.0,197.0,36.4,28.0,188.0,96.0,92.0,42.0,64.0,386.0,10.0,0.35,0.5,7.0,0.2,42.0,2.0,0.82,2025.0
04/25,3641.0,Dhorekere Tank,"D (Propagation of wild life,fisheries)",5.4,8.5,472.0,13.0,1.8,21.0,350.0,48.0,128.0,24.0,152.0,40.0,143.0,5.2,4.0,148.0,76.0,72.0,15.0,54.0,326.0,10.0,0.48,0.5,6.0,0.22,43.0,1.0,1.1,2025.0
04/25,3642.0,Jigani Tank,"D (Propagation of wild life,fisheries)",5.9,7.2,992.0,5.0,3.5,330.0,1700.0,3.0,236.0,5.0,236.0,184.0,64.0,1.5,0.4,148.0,80.0,68.0,9.0,110.0,662.0,10.0,0.2,0.5,21.0,0.25,57.0,4.0,0.21,2025.0
04/25,3643.0,Benniganahalli Lake,"D (Propagation of wild life,fisheries)",6.0,7.8,522.0,6.0,2.0,1700.0,4800.0,3.0,120.0,5.0,120.0,76.0,68.0,1.5,0.4,116.0,64.0,52.0,24.0,65.0,356.0,10.0,0.2,0.5,20.0,0.42,49.0,2.8,0.5,2025.0
04/25,4094.0,Gangondanahalli Lake,"D (Propagation of wild life,fisheries)",5.4,7.2,1658.0,12.0,6.4,140.0,3500.0,3.0,320.0,5.0,320.0,504.0,132.0,3.1,2.4,488.0,244.0,244.0,5.0,174.0,1144.0,10.0,0.2,0.5,19.0,0.46,42.0,3.4,0.5,2025.0
04/25,4096.0,Andhrahalli Lake,"E (Irrigation, industrial cooling and controlled waste)",2.3,7.3,1237.0,25.0,4.7,2600.0,16000.0,3.0,196.0,5.0,196.0,104.0,161.0,23.4,18.0,460.0,232.0,228.0,244.0,129.0,854.0,10.0,0.32,0.5,13.0,0.25,37.0,2.6,0.75,2025.0
04/25,4097.0,Kachohalli Lake,"D (Propagation of wild life,fisheries)",5.6,7.6,1724.0,8.0,6.6,210.0,2200.0,3.0,360.0,5.0,360.0,468.0,87.0,1.82,1.4,488.0,248.0,240.0,25.0,181.0,1190.0,10.0,0.2,0.5,19.0,0.42,43.0,3.6,0.3,2025.0
04/25,4504.0,Sarakki Lake,"D (Propagation of wild life,fisheries)",4.2,8.0,1051.0,5.0,4.0,25.0,1600.0,3.0,184.0,5.0,184.0,136.0,56.0,1.5,0.42,204.0,108.0,96.0,50.0,102.0,716.0,10.0,0.2,0.5,21.0,0.31,49.0,3.1,0.41,2025.0
04/25,4505.0,Nelamangala Lake,"D (Propagation of wild life,fisheries)",6.2,7.1,1326.0,5.0,5.35,270.0,1700.0,3.0,372.0,5.0,372.0,304.0,56.0,1.5,0.54,396.0,204.0,192.0,11.0,121.0,908.0,10.0,0.33,0.5,10.0,0.34,39.0,2.65,0.96,2025.0
04/25,4506.0,Abbigere Lake,"D (Propagation of wild life,fisheries)",5.2,7.1,662.0,8.0,2.5,2700.0,14000.0,3.0,184.0,5.0,184.0,136.0,87.0,14.3,11.0,168.0,88.0,80.0,16.0,79.0,452.0,10.0,0.2,0.5,15.0,0.3,48.0,2.8,0.17,2025.0
04/25,4507.0,Chelekere Lake,"D (Propagation of wild life,fisheries)",6.1,7.9,1106.0,4.0,4.5,1400.0,4600.0,3.0,232.0,5.0,232.0,152.0,40.0,1.5,0.4,264.0,136.0,128.0,25.0,97.0,750.0,10.0,0.2,0.5,8.0,0.47,43.0,2.59,0.27,2025.0
04/25,4508.0,Singapura Lake,"D (Propagation of wild life,fisheries)",4.3,7.9,889.0,9.0,3.6,1700.0,17000.0,3.0,176.0,5.0,176.0,116.0,88.0,1.5,0.72,188.0,100.0,88.0,14.0,76.0,598.0,10.0,0.2,0.5,7.0,0.27,46.0,2.4,0.41,2025.0
04/25,4509.0,Narasipura Lake,"D (Propagation of wild life,fisheries)",4.6,7.5,802.0,7.0,3.2,170.0,2400.0,3.0,176.0,5.0,176.0,80.0,80.0,1.5,0.48,176.0,92.0,84.0,8.0,70.0,544.0,10.0,0.2,0.5,5.0,0.2,46.0,2.3,0.36,2025.0
04/25,4510.0,Rachenahalli Lake,"D (Propagation of wild life,fisheries)",4.9,7.8,1026.0,16.0,4.1,4300.0,14000.0,3.0,124.0,5.0,124.0,160.0,132.0,2.63,2.1,164.0,88.0,76.0,27.0,93.0,696.0,10.0,0.32,0.5,6.0,0.23,54.0,3.15,0.92,2025.0
04/25,4511.0,Kogilu Kere,"D (Propagation of wild life,fisheries)",4.9,7.6,801.0,5.0,3.2,230.0,3500.0,3.0,168.0,5.0,168.0,88.0,60.0,1.5,0.52,188.0,100.0,88.0,8.0,70.0,542.0,10.0,0.2,0.5,6.0,0.2,44.0,2.21,0.24,2025.0
04/25,4512.0,Viswaneedam Lake,"E (Irrigation, industrial cooling and controlled waste)",2.6,7.4,1403.0,16.0,5.4,4600.0,28000.0,3.0,324.0,5.0,324.0,236.0,161.0,5.6,5.1,380.0,192.0,188.0,58.0,132.0,964.0,10.0,0.32,0.5,28.0,0.38,41.0,2.94,0.91,2025.0
04/25,4513.0,Ramammana Kere,"D (Propagation of wild life,fisheries)",6.4,6.7,325.0,5.0,1.2,40.0,240.0,3.0,92.0,5.0,92.0,44.0,39.0,5.2,4.0,100.0,56.0,44.0,17.0,18.0,222.0,10.0,0.2,0.5,15.0,0.2,25.0,0.7,0.19,2025.0
04/25,4514.0,Sadaramangala Lake,"E (Irrigation, industrial cooling and controlled waste)",1.6,7.4,682.0,26.0,3.1,3300.0,13000.0,3.0,136.0,5.0,136.0,100.0,180.0,4.9,3.8,160.0,88.0,72.0,24.0,72.0,464.0,10.0,0.4,0.5,22.0,0.21,45.0,2.5,0.8,2025.0
04/25,4515.0,Bhattarahalli Lake,"D (Propagation of wild life,fisheries)",5.8,8.1,806.0,7.0,0.3,170.0,2400.0,3.0,136.0,5.0,136.0,172.0,79.0,1.5,0.4,112.0,64.0,48.0,8.0,114.0,550.0,10.0,0.2,0.5,24.0,0.48,63.0,4.9,0.2,2025.0
04/25,4516.0,Kundalahalli Lake,"D (Propagation of wild life,fisheries)",4.5,8.5,1084.0,7.0,4.4,1400.0,7900.0,72.0,180.0,36.0,176.0,212.0,76.0,1.5,0.9,304.0,156.0,148.0,33.0,70.0,736.0,10.0,0.59,0.5,18.0,0.3,37.0,2.24,1.7,2025.0
04/25,4517.0,Kowdhenahalli Tank,"E (Irrigation, industrial cooling and controlled waste)",2.8,8.3,1182.0,30.0,4.2,1300.0,7900.0,40.0,232.0,20.0,252.0,336.0,159.0,3.6,2.8,324.0,168.0,156.0,27.0,152.0,852.0,10.0,0.7,0.5,22.0,0.23,48.0,3.6,1.6,2025.0
04/25,4518.0,Garudacharpalya Tank,"D (Propagation of wild life,fisheries)",6.6,7.0,501.0,4.0,2.0,1700.0,11000.0,3.0,108.0,5.0,108.0,100.0,46.0,1.5,0.4,76.0,40.0,36.0,5.0,55.0,346.0,10.0,0.2,0.5,6.0,0.2,58.0,2.7,0.3,2025.0
04/25,4519.0,Rampura Lake,"D (Propagation of wild life,fisheries)",5.6,6.9,568.0,5.0,2.2,210.0,4300.0,3.0,132.0,5.0,132.0,92.0,50.0,1.5,0.54,156.0,84.0,72.0,23.0,55.0,390.0,10.0,0.2,0.5,11.0,0.21,41.0,2.0,0.21,2025.0
04/25,4520.0,Chinnappanahalli Lake,"D (Propagation of wild life,fisheries)",4.4,7.8,759.0,7.0,2.9,1400.0,9400.0,3.0,140.0,5.0,140.0,144.0,68.0,1.5,0.67,100.0,56.0,44.0,10.0,104.0,516.0,10.0,0.2,0.5,21.0,0.46,64.0,4.5,0.5,2025.0
04/25,4521.0,Devarabeesanahalli Lake,"D (Propagation of wild life,fisheries)",5.1,7.8,846.0,7.0,2.9,2100.0,3500.0,3.0,300.0,5.0,300.0,136.0,84.0,1.5,0.43,204.0,108.0,43.0,29.0,106.0,584.0,10.0,0.84,0.5,33.0,0.48,48.0,3.0,2.2,2025.0
04/25,4522.0,Vibhuthipura Lake,"E (Irrigation, industrial cooling and controlled waste)",0.3,6.6,856.0,54.0,3.29,140000.0,460000.0,3.0,168.0,5.0,168.0,152.0,220.0,4.2,2.8,132.0,84.0,48.0,23.0,75.0,576.0,10.0,0.71,0.5,33.0,0.45,48.0,2.85,1.8,2025.0
04/25,4523.0,Nallurahalli Lake,"D (Propagation of wild life,fisheries)",5.8,8.2,742.0,7.0,2.8,630.0,3500.0,3.0,108.0,5.0,108.0,180.0,73.0,1.5,0.41,132.0,72.0,60.0,5.0,96.0,506.0,10.0,0.2,0.5,20.0,0.21,57.0,3.7,0.2,2025.0
04/25,4524.0,Pattandur Agrahara Lake,"D (Propagation of wild life,fisheries)",4.4,8.5,957.0,8.0,3.9,1700.0,9400.0,32.0,260.0,16.0,116.0,168.0,88.0,1.5,0.97,292.0,152.0,140.0,30.0,61.0,650.0,10.0,0.97,0.5,32.0,0.31,34.0,2.07,2.71,2025.0
04/25,4525.0,Seetharampalya Lake,"E (Irrigation, industrial cooling and controlled waste)",1.7,8.1,1173.0,15.0,4.4,2600.0,14000.0,3.0,280.0,5.0,280.0,240.0,114.0,1.8,1.4,296.0,152.0,144.0,23.0,161.0,798.0,10.0,1.2,0.5,33.0,0.23,51.0,4.1,2.9,2025.0
04/25,4526.0,Devasandra Lake,"D (Propagation of wild life,fisheries)",4.2,7.3,589.0,9.0,2.3,2300.0,11000.0,3.0,116.0,5.0,116.0,68.0,92.0,1.5,0.72,160.0,84.0,76.0,26.0,74.0,400.0,10.0,0.26,0.5,13.0,0.27,44.0,2.2,0.75,2025.0
04/25,4527.0,Sheelavanta-Whitefield Lake,"D (Propagation of wild life,fisheries)",5.8,7.2,504.0,7.0,2.0,430.0,2200.0,3.0,104.0,5.0,104.0,64.0,68.0,1.5,0.53,116.0,64.0,52.0,25.0,52.0,342.0,10.0,0.41,0.5,11.0,0.32,46.0,2.11,1.21,2025.0
04/25,4528.0,Doddakannehalli Lake,"D (Propagation of wild life,fisheries)",4.3,7.6,898.0,11.0,3.0,310.0,2800.0,3.0,252.0,5.0,252.0,152.0,97.0,1.5,0.88,248.0,128.0,120.0,19.0,94.0,624.0,10.0,0.8,0.5,25.0,0.33,42.0,2.6,1.9,2025.0
04/25,4529.0,Kasavanahalli Lake,"D (Propagation of wild life,fisheries)",6.0,7.3,1033.0,6.0,3.6,230.0,3500.0,3.0,388.0,5.0,388.0,120.0,64.0,1.5,0.4,336.0,172.0,164.0,20.0,74.0,712.0,10.0,0.75,0.5,6.0,0.3,34.0,1.96,2.3,2025.0
04/25,4530.0,Kammasandra Lake,"D (Propagation of wild life,fisheries)",5.5,7.6,633.0,6.0,2.6,920.0,6300.0,3.0,180.0,5.0,180.0,108.0,60.0,1.5,0.51,196.0,104.0,92.0,22.0,53.0,472.0,10.0,0.2,0.5,4.0,0.3,36.0,2.0,0.3,2025.0
04/25,4531.0,Rayasandra Lake,"E (Irrigation, industrial cooling and controlled waste)",0.3,7.2,1597.0,30.0,6.4,1400.0,7900.0,3.0,428.0,5.0,428.0,376.0,240.0,16.0,13.0,356.0,184.0,172.0,43.0,117.0,1088.0,10.0,0.68,0.5,14.0,0.21,46.0,3.35,1.97,2025.0
04/25,4532.0,Chandapura Lake,"D (Propagation of wild life,fisheries)",5.3,6.9,1498.0,5.0,5.8,210.0,1200.0,3.0,360.0,5.0,360.0,344.0,56.0,1.5,0.59,544.0,268.0,276.0,20.0,104.0,1020.0,10.0,0.2,0.5,12.0,0.45,34.0,2.45,0.44,2025.0
04/25,4533.0,Ullalu Lake,"E (Irrigation, industrial cooling and controlled waste)",0.3,6.6,771.0,52.0,3.0,17000.0,49000.0,3.0,260.0,5.0,260.0,116.0,258.0,49.4,38.0,196.0,100.0,96.0,14.0,79.0,532.0,10.0,1.5,0.5,9.0,0.36,45.0,2.4,3.5,2025.0
04/25,4534.0,Sompura Lake,"E (Irrigation, industrial cooling and controlled waste)",2.2,7.7,747.0,29.0,2.8,340.0,2200.0,3.0,288.0,5.0,288.0,84.0,192.0,5.6,4.2,104.0,60.0,44.0,33.0,87.0,504.0,10.0,0.2,0.5,13.0,0.57,61.0,4.0,0.35,2025.0
04/25,4536.0,Hosakerehalli Lake,"E (Irrigation, industrial cooling and controlled waste)",0.3,6.5,789.0,27.0,2.6,450.0,3300.0,3.0,404.0,5.0,404.0,68.0,184.0,9.9,7.5,296.0,156.0,140.0,5.0,73.0,534.0,10.0,0.55,0.5,13.0,0.37,34.0,2.0,1.6,2025.0
04/25,4537.0,Chinnakurchi Kere,"D (Propagation of wild life,fisheries)",6.1,7.8,528.0,5.0,2.0,2100.0,14000.0,3.0,208.0,5.0,208.0,36.0,52.0,1.5,0.4,136.0,72.0,64.0,22.0,58.0,364.0,10.0,0.2,0.5,6.0,0.3,46.0,2.2,0.2,2025.0
04/25,4538.0,Machohalli Lake,"E (Irrigation, industrial cooling and controlled waste)",0.3,7.1,1304.0,40.0,5.0,2600.0,160000.0,3.0,492.0,5.0,492.0,204.0,208.0,44.0,34.0,408.0,208.0,200.0,29.0,137.0,900.0,10.0,3.0,0.5,15.0,0.25,41.0,3.0,7.0,2025.0
04/25,4541.0,Alur Lake,"D (Propagation of wild life,fisheries)",6.9,6.6,328.0,4.0,1.3,94.0,540.0,3.0,84.0,5.0,84.0,36.0,36.0,5.9,4.6,88.0,48.0,40.0,21.0,21.0,224.0,10.0,0.2,0.5,15.0,0.2,30.0,1.0,0.12,2025.0
04/25,4542.0,Basavanapura Lake,"D (Propagation of wild life,fisheries)",5.3,6.8,646.0,5.0,2.6,220.0,1200.0,3.0,140.0,5.0,140.0,92.0,60.0,1.5,0.4,112.0,60.0,52.0,7.0,55.0,442.0,10.0,0.37,0.5,4.0,0.22,50.0,2.27,1.04,2025.0
04/25,4543.0,Kodi Singasandra Lake,"E (Irrigation, industrial cooling and controlled waste)",1.1,8.1,1024.0,38.0,3.93,200.0,2800.0,3.0,160.0,5.0,160.0,164.0,259.0,3.35,2.2,128.0,78.0,50.0,68.0,99.5,702.0,10.0,0.22,0.5,25.0,0.2,57.0,3.84,0.52,2025.0
04/25,4544.0,Kothanuru Lake,"D (Propagation of wild life,fisheries)",5.9,7.0,1314.0,6.0,5.3,120.0,1600.0,3.0,136.0,5.0,136.0,272.0,64.0,1.5,0.4,160.0,84.0,76.0,58.0,119.0,898.0,10.0,0.2,0.5,9.0,0.5,60.0,4.1,0.49,2025.0
04/25,4547.0,Mangamanapalya Lake(Swarana Kunte),"D (Propagation of wild life,fisheries)",4.5,8.4,1245.0,8.0,4.78,250.0,3500.0,40.0,284.0,20.0,304.0,156.0,83.0,1.5,0.4,244.0,132.0,112.0,22.0,131.0,844.0,10.0,1.18,0.5,37.0,0.35,49.0,3.64,2.78,2025.0
04/25,5558.0,"Kannahalli Lake Kannahalli, Bengaluru","D (Propagation of wild life,fisheries)",5.0,7.7,1417.0,13.0,5.4,1500.0,4800.0,3.0,424.0,5.0,424.0,312.0,138.0,2.1,1.6,468.0,236.0,232.0,22.0,148.0,978.0,10.0,0.63,0.5,16.0,0.38,40.0,3.0,1.5,2025.0
04/25,5559.0,"Shettihalli Lake, Mallasandra Gudde Lake Bengaluru","E (Irrigation, industrial cooling and controlled waste)",0.3,6.7,1276.0,50.0,4.5,1100000.0,7900000.0,3.0,484.0,5.0,484.0,220.0,332.0,4.16,3.2,300.0,156.0,144.0,16.0,174.0,868.0,10.0,2.3,0.5,23.0,0.2,53.0,4.4,5.6,2025.0
04/25,5560.0,"Hoodi (Rajapalya Lake) Itpl Main Road, Near Hoodi,Bengaluru","D (Propagation of wild life,fisheries)",4.2,6.7,740.0,8.0,3.0,310.0,4300.0,3.0,144.0,5.0,144.0,132.0,80.0,1.5,0.89,196.0,104.0,92.0,26.0,64.0,502.0,10.0,0.2,0.5,2.0,0.51,41.0,1.98,0.05,2025.0
04/25,5561.0,"Munekolalu Lake ,Marathahalli, East Taluka ,Bengaluru","E (Irrigation, industrial cooling and controlled waste)",2.6,7.5,499.0,25.0,2.0,17000.0,46000.0,3.0,108.0,5.0,108.0,64.0,180.0,3.3,2.6,116.0,64.0,52.0,24.0,31.0,338.0,10.0,0.32,0.5,17.0,0.33,44.0,2.06,0.93,2025.0
04/25,5562.0,"Mahadevpuraâ  Lake, K. R. Puram , Bangalore East Taluka","E (Irrigation, industrial cooling and controlled waste)",2.7,6.9,491.0,20.0,1.9,170.0,3500.0,3.0,108.0,5.0,108.0,80.0,161.0,4.3,3.7,132.0,72.0,60.0,20.0,48.0,336.0,10.0,0.2,0.5,10.0,0.2,41.0,2.0,0.48,2025.0
04/25,5563.0,"Segehalli Lake Baavanapura Road Battarahalli , Bangalore East","E (Irrigation, industrial cooling and controlled waste)",1.7,7.5,831.0,36.0,3.4,170.0,2400.0,3.0,216.0,5.0,216.0,124.0,272.0,26.0,21.0,192.0,100.0,92.0,25.0,73.0,562.0,10.0,1.6,0.5,15.0,0.36,43.0,2.29,4.6,2025.0
04/25,5564.0,"Kannamangala Lake Hoskote Main Road , Bengalore","D (Propagation of wild life,fisheries)",4.6,6.7,749.0,8.0,3.0,2100.0,13000.0,3.0,148.0,5.0,148.0,136.0,84.0,1.5,0.64,188.0,100.0,88.0,27.0,57.0,508.0,10.0,0.27,0.5,2.0,0.51,43.0,2.12,0.77,2025.0
04/25,5565.0,Kannur Lake Near By Hennur Road Bengalore,"E (Irrigation, industrial cooling and controlled waste)",0.3,6.5,720.0,66.0,2.8,23000.0,110000.0,3.0,164.0,5.0,164.0,116.0,288.0,4.8,4.1,192.0,100.0,92.0,30.0,70.0,498.0,10.0,0.38,0.5,14.0,0.28,42.0,2.2,1.13,2025.0
04/25,5566.0,"Basavanapura Lake Ayyappa Nagr Main Road , K. R. Puram , Bengaluru","D (Propagation of wild life,fisheries)",6.5,7.5,503.0,5.0,1.9,310.0,2800.0,3.0,144.0,5.0,144.0,72.0,44.0,1.5,1.0,92.0,52.0,40.0,9.0,69.0,344.0,10.0,0.2,0.5,21.0,0.32,55.0,3.3,0.3,2025.0
04/25,5568.0,"Ulsoor Lake Near Kalyani,Bengaluru","D (Propagation of wild life,fisheries)",4.9,7.2,462.0,6.0,1.8,220.0,1300.0,3.0,100.0,5.0,100.0,72.0,59.0,1.5,0.79,120.0,64.0,56.0,19.0,45.0,310.0,10.0,0.2,0.5,9.0,0.24,42.0,2.0,0.05,2025.0
04/25,5569.0,"Byrasandra Upper Lake,Bengaluru","D (Propagation of wild life,fisheries)",5.6,7.1,447.0,5.0,1.7,94.0,920.0,3.0,92.0,5.0,92.0,64.0,50.0,0.93,0.72,112.0,60.0,52.0,18.0,43.0,298.0,10.0,0.2,0.5,8.0,0.2,43.0,1.0,0.05,2025.0
04/25,5570.0,"Soulkere, Kaikondrahalli Vill,Bengaluru","E (Irrigation, industrial cooling and controlled waste)",3.2,7.9,905.0,7.0,0.3,170.0,4300.0,3.0,296.0,5.0,296.0,152.0,128.0,1.71,1.3,268.0,136.0,132.0,23.0,110.0,620.0,10.0,1.3,0.5,12.0,0.29,46.0,2.9,3.0,2025.0
04/25,5571.0,"Kudlu Doddakere, Kudlu Vill,Bengaluru","E (Irrigation, industrial cooling and controlled waste)",3.2,8.2,1045.0,26.0,4.1,170.0,2800.0,3.0,204.0,5.0,204.0,212.0,192.0,3.3,2.6,160.0,84.0,76.0,16.0,93.0,702.0,10.0,0.2,0.5,5.0,0.3,55.0,3.2,0.05,2025.0
04/25,5572.0,"Kudlu Chikkakere, Bgp Layout Kudlu Vill ,Bengaluru","E (Irrigation, industrial cooling and controlled waste)",2.4,8.0,1108.0,11.0,4.3,430.0,2200.0,3.0,304.0,5.0,304.0,180.0,128.0,4.1,3.7,260.0,136.0,124.0,46.0,110.0,768.0,10.0,0.34,0.5,23.0,0.4,45.0,2.96,0.95,2025.0
04/25,5573.0,"Doddathogur Lake , Doddathoguru Vill,Bengaluru","D (Propagation of wild life,fisheries)",6.0,8.0,760.0,5.0,2.0,220.0,2100.0,3.0,36.0,5.0,36.0,164.0,60.0,1.5,0.4,196.0,116.0,80.0,30.0,98.0,500.0,10.0,0.2,0.5,3.0,0.2,54.0,3.0,0.05,2025.0
04/25,5574.0,"Anjanapura Lake ( Avala Halli Lake) Anjanapura,Bengaluru","D (Propagation of wild life,fisheries)",5.5,6.5,593.0,7.0,2.39,390.0,2100.0,3.0,140.0,5.0,140.0,80.0,76.0,1.5,0.44,108.0,60.0,48.0,18.0,48.0,406.0,10.0,0.43,0.5,2.0,0.21,48.0,2.01,1.23,2025.0
04/25,5822.0,"Doddakammanahalli Lake, Doddakammanahalli Phase2, Tejaswini Nagar","D (Propagation of wild life,fisheries)",5.1,7.3,606.0,7.0,1.9,2200.0,13000.0,3.0,140.0,5.0,140.0,84.0,80.0,1.5,0.76,128.0,72.0,56.0,23.0,84.0,410.0,10.0,0.22,0.5,15.0,0.37,55.0,3.0,0.62,2025.0
04/25,5823.0,"Basspura Lake, Aishwarya Crystal Layout, Begur, Bengaluru","D (Propagation of wild life,fisheries)",4.6,7.2,618.0,8.0,2.2,2300.0,15000.0,3.0,124.0,5.0,124.0,88.0,84.0,1.5,0.81,112.0,64.0,48.0,19.0,64.0,410.0,10.0,0.21,0.5,16.0,0.37,58.0,3.0,0.63,2025.0
04/25,5825.0,"Lower Amblipura Lake, Pwd Quarters,1St Sector, Hsr Layout Bengaluru","D (Propagation of wild life,fisheries)",5.9,7.5,812.0,5.0,2.9,1700.0,11000.0,3.0,204.0,5.0,204.0,104.0,64.0,1.5,0.4,184.0,100.0,84.0,51.0,96.0,544.0,10.0,0.2,0.5,21.0,0.43,50.0,3.0,0.17,2025.0
04/25,5826.0,"Bhoganhalli Lake, Bhoganhalli,, Bengaluru","D (Propagation of wild life,fisheries)",6.5,8.5,417.0,4.0,1.6,140.0,2400.0,32.0,80.0,16.0,96.0,60.0,48.0,1.5,0.4,84.0,44.0,40.0,33.0,48.0,288.0,10.0,0.2,0.5,5.0,0.3,53.0,2.3,0.3,2025.0
04/25,5828.0,"Parappana Agrahara Chikka Kere, Near Central Jail, Sai Sree Layout Parappana Agrahara,","D (Propagation of wild life,fisheries)",5.8,7.4,806.0,5.0,2.8,5800.0,12000.0,3.0,200.0,5.0,200.0,100.0,60.0,1.5,0.4,200.0,108.0,92.0,56.0,95.0,538.0,10.0,0.2,0.5,21.0,0.46,48.0,3.0,0.25,2025.0
04/25,5829.0,"Vittasandra Lake, Vittasandra,","D (Propagation of wild life,fisheries)",6.0,7.6,808.0,4.0,2.8,330.0,3500.0,3.0,204.0,5.0,204.0,104.0,40.0,1.5,0.4,204.0,108.0,96.0,50.0,95.0,540.0,10.0,0.2,0.5,21.0,0.41,47.0,3.0,0.26,2025.0
04/25,5830.0,"Akshyanagara Lake, Akshyanagara West, Bengaluru","D (Propagation of wild life,fisheries)",4.4,7.3,633.0,8.0,2.2,2100.0,24000.0,3.0,164.0,5.0,164.0,92.0,88.0,1.5,0.88,124.0,68.0,56.0,17.0,87.0,428.0,10.0,0.24,0.5,17.0,0.36,56.0,3.0,0.71,2025.0
04/25,5831.0,Yallenahalli Lake,"D (Propagation of wild life,fisheries)",6.5,8.5,417.0,4.0,1.6,140.0,2400.0,32.0,80.0,16.0,96.0,60.0,48.0,1.5,0.4,84.0,44.0,40.0,33.0,48.0,288.0,10.0,0.2,0.5,5.0,0.3,53.0,2.3,0.3,2025.0
04/25,5833.0,Doddagubbi Lake,"E (Irrigation, industrial cooling and controlled waste)",2.4,8.1,1935.0,23.0,7.4,2600.0,9400.0,3.0,528.0,5.0,528.0,328.0,192.0,5.2,4.6,452.0,232.0,220.0,79.0,169.0,1330.0,12.0,0.26,0.5,39.0,0.37,42.0,3.45,0.76,2025.0
04/25,5834.0,Chikkagubi Lake,"E (Irrigation, industrial cooling and controlled waste)",0.3,8.5,6250.0,90.0,24.0,2.0,20.0,48.0,1676.0,24.0,1700.0,1070.0,394.0,26.0,22.0,1470.0,750.0,720.0,256.0,462.0,4306.0,28.0,1.34,0.5,85.0,0.48,39.0,5.24,3.56,2025.0
04/25,5835.0,Vijanapura Lake,"D (Propagation of wild life,fisheries)",4.6,7.4,497.0,6.0,1.9,130.0,4300.0,3.0,100.0,5.0,100.0,52.0,67.0,1.5,0.57,132.0,72.0,60.0,57.0,46.0,338.0,10.0,0.3,0.5,20.0,0.2,38.0,1.7,0.6,2025.0
04/25,5837.0,Leghumenahalli Lake,"E (Irrigation, industrial cooling and controlled waste)",2.5,7.7,1159.0,21.0,4.4,310.0,2800.0,3.0,268.0,5.0,268.0,196.0,181.0,4.9,4.4,316.0,164.0,152.0,48.0,106.0,796.0,10.0,0.41,0.5,23.0,0.39,42.0,2.6,1.2,2025.0
04/25,5838.0,Varanasi Lake,"D (Propagation of wild life,fisheries)",6.2,7.2,394.0,5.0,1.5,210.0,3500.0,3.0,92.0,5.0,92.0,44.0,52.0,1.5,0.78,108.0,60.0,48.0,24.0,36.0,268.0,12.0,0.2,0.5,17.0,0.21,37.0,1.5,0.05,2025.0
04/25,5839.0,Gangashetty Lake,"E (Irrigation, industrial cooling and controlled waste)",2.4,7.7,1155.0,22.0,4.5,2200.0,11000.0,3.0,208.0,5.0,208.0,228.0,122.0,2.4,1.86,144.0,76.0,68.0,45.0,193.0,786.0,38.0,0.2,0.5,29.0,0.68,70.0,7.0,0.5,2025.0
04/25,5840.0,Panathur Lake,"D (Propagation of wild life,fisheries)",4.8,6.8,566.0,5.0,2.2,170.0,2400.0,3.0,128.0,5.0,128.0,92.0,53.0,1.5,0.71,152.0,80.0,72.0,23.0,54.0,382.0,10.0,0.2,0.5,12.0,0.2,40.0,2.0,0.34,2025.0
04/25,5841.0,Garudacharpalya Lake-2,"E (Irrigation, industrial cooling and controlled waste)",2.7,7.1,592.0,18.0,2.3,1100.0,7900.0,3.0,136.0,5.0,136.0,96.0,157.0,4.4,3.9,160.0,88.0,72.0,24.0,57.0,402.0,10.0,0.2,0.5,12.0,0.2,41.0,2.0,0.51,2025.0
04/25,5842.0,Mahadevapura Lake-2,"E (Irrigation, industrial cooling and controlled waste)",0.3,6.5,383.0,77.0,1.4,2600.0,12000.0,3.0,76.0,5.0,76.0,56.0,330.0,20.2,16.0,92.0,52.0,40.0,15.0,33.0,260.0,104.0,0.8,0.5,7.0,0.21,41.0,1.5,2.4,2025.0
04/25,5843.0,B- Narayannapura Lake-2,"E (Irrigation, industrial cooling and controlled waste)",2.2,6.7,501.0,23.0,8.72,2400.0,4800.0,3.0,112.0,5.0,112.0,84.0,195.0,4.7,3.7,136.0,72.0,64.0,21.0,49.0,340.0,16.0,0.2,0.5,11.0,0.2,41.0,2.0,0.55,2025.0
05/25,1388.0,"Ulsoor Lake Training Centre Of Fish
Breeding",D,4.7,7.3,517.0,5.0,2.0,2200.0,7000.0,3.0,116.0,5.0,116.0,84.0,54.0,1.5,0.66,136.0,72.0,64.0,21.0,51.0,352.0,38.0,0.2,0.5,11.0,0.31,42.0,2.0,0.3,2025.0
05/25,2778.0,"River Arkavathi At Tippagondanahalli
Reservoir",D,5.0,7.5,1000.0,6.0,3.2,260.0,4300.0,3.0,300.0,5.0,300.0,220.0,55.0,1.5,0.42,300.0,156.0,144.0,24.0,110.0,682.0,16.0,1.0,0.5,20.0,0.3,67.0,2.73,2.4,2025.0
05/25,3589.0,Madiwala Tank,D,4.2,6.9,579.0,5.0,2.22,140.0,3500.0,3.0,176.0,5.0,176.0,96.0,54.0,1.5,0.8,112.0,78.0,34.0,9.0,78.0,390.0,16.0,0.2,0.5,19.0,0.47,55.0,3.2,0.39,2025.0
05/25,3590.0,Lalbagh Tank,D,5.6,8.1,660.0,6.0,2.5,310.0,3500.0,3.0,196.0,5.0,196.0,68.0,72.0,2.0,1.2,136.0,72.0,64.0,11.0,71.0,452.0,148.0,0.9,0.5,18.0,0.23,49.0,2.7,2.2,2025.0
05/25,3591.0,Kempambudhi Tank,D,5.2,8.0,602.0,7.0,2.3,260.0,2200.0,3.0,108.0,5.0,108.0,88.0,69.0,1.5,0.4,88.0,48.0,40.0,9.0,63.0,400.0,44.0,0.2,0.5,12.0,0.28,57.0,3.0,0.2,2025.0
05/25,3592.0,Yediyur Tank,D,5.2,7.0,320.0,6.0,1.2,140.0,2400.0,3.0,76.0,5.0,76.0,36.0,64.0,1.56,1.2,48.0,32.0,16.0,5.0,35.0,214.0,32.0,0.2,0.5,14.0,0.2,53.0,2.5,0.2,2025.0
05/25,3593.0,Ulsoor Lake Temple,E,3.3,7.4,512.0,18.0,1.9,1200.0,13000.0,3.0,120.0,5.0,120.0,76.0,160.0,3.9,3.4,128.0,68.0,60.0,20.0,49.0,344.0,34.0,0.23,0.5,9.0,0.29,45.0,2.0,0.65,2025.0
05/25,3594.0,Sankey Tank,D,5.0,7.2,570.0,5.0,2.2,170.0,3500.0,3.0,128.0,5.0,128.0,92.0,52.0,1.5,0.42,152.0,80.0,72.0,23.0,56.0,392.0,10.0,0.2,0.5,12.0,0.41,42.0,2.0,0.23,2025.0
05/25,3595.0,Byrasandra Tank,E,1.1,6.6,728.0,42.0,2.8,2600.0,11000.0,3.0,164.0,5.0,164.0,116.0,196.0,4.8,4.2,192.0,100.0,92.0,30.0,70.0,496.0,22.0,0.39,0.5,15.0,0.33,42.0,2.2,1.1,2025.0
05/25,3596.0,Nayandanahalli Tank,D,6.5,8.3,767.0,4.0,2.9,58.0,920.0,48.0,152.0,24.0,176.0,128.0,47.0,1.5,0.4,144.0,76.0,68.0,31.0,102.0,526.0,10.0,0.2,0.5,2.0,0.46,60.0,3.6,0.3,2025.0
05/25,3597.0,Hesaraghatta Lake,D,6.4,6.9,359.0,5.0,1.4,140.0,2400.0,3.0,104.0,5.0,104.0,36.0,56.0,1.5,0.4,96.0,48.0,48.0,20.0,43.0,248.0,10.0,0.2,0.5,5.0,0.25,47.0,1.0,0.22,2025.0
05/25,3598.0,Herohalli Tank,D,5.9,7.0,477.0,5.0,8.5,1700.0,7900.0,3.0,84.0,5.0,84.0,56.0,48.0,1.5,0.4,140.0,76.0,64.0,14.0,36.0,322.0,20.0,0.33,0.5,3.0,0.2,36.0,1.32,0.98,2025.0
05/25,3599.0,Anchepalya Lake,E,0.3,6.6,521.0,12.0,2.0,2600.0,9400.0,3.0,104.0,5.0,104.0,52.0,121.0,1.5,1.15,256.0,134.0,122.0,16.0,41.0,354.0,20.0,0.2,0.5,12.0,0.35,25.0,1.11,0.36,2025.0
05/25,3600.0,Shivapura Tank,E,2.8,6.9,532.0,20.0,2.0,2300.0,7900.0,3.0,88.0,5.0,88.0,56.0,148.0,1.5,0.98,152.0,76.0,76.0,95.0,58.0,362.0,164.0,0.51,0.5,6.0,0.33,44.0,2.0,1.2,2025.0
05/25,3602.0,Bellandur Lake,D,5.5,7.5,876.0,5.0,3.5,43.0,1600.0,3.0,200.0,5.0,200.0,152.0,58.0,1.5,0.4,200.0,104.0,96.0,8.0,97.0,596.0,14.0,0.3,0.5,8.0,0.28,50.0,3.0,1.0,2025.0
05/25,3603.0,Vengaiyyanakere,E,1.5,7.1,1142.0,32.0,4.4,1300.0,6300.0,3.0,336.0,5.0,336.0,160.0,212.0,20.0,15.0,396.0,200.0,196.0,79.0,95.0,786.0,18.0,1.6,0.5,2.0,0.45,34.0,2.1,3.9,2025.0
05/25,3604.0,Doddanekkundi Lake,D,5.6,6.8,536.0,6.0,2.1,2100.0,11000.0,3.0,136.0,5.0,136.0,64.0,56.0,1.5,0.4,124.0,68.0,56.0,10.0,68.0,360.0,128.0,0.2,0.5,5.0,0.36,53.0,3.0,0.12,2025.0
05/25,3605.0,Yelemallappa Shetty Lake,E,2.4,6.8,724.0,25.0,2.8,1400.0,4800.0,3.0,236.0,5.0,236.0,108.0,174.0,8.3,6.4,200.0,104.0,96.0,22.0,68.0,500.0,26.0,0.24,0.5,2.0,0.42,42.0,2.1,0.6,2025.0
05/25,3606.0,Dasarahalli Tank,E,3.5,6.9,467.0,6.0,1.79,430.0,3500.0,3.0,108.0,5.0,108.0,60.0,61.0,1.5,0.65,132.0,88.0,44.0,16.0,50.0,312.0,16.0,0.2,0.5,13.0,0.32,42.0,1.88,0.36,2025.0
05/25,3607.0,Kalkere Tank,D,4.8,7.8,980.0,6.0,3.8,1300.0,4600.0,3.0,268.0,5.0,268.0,252.0,64.0,1.5,0.4,220.0,112.0,108.0,8.0,96.0,666.0,18.0,0.2,0.5,10.0,0.3,47.0,2.8,0.32,2025.0
05/25,3608.0,Varthur Lake,D,4.5,7.6,701.0,6.0,2.7,20.0,920.0,3.0,160.0,5.0,160.0,116.0,61.0,1.5,0.51,188.0,96.0,92.0,29.0,69.0,476.0,10.0,0.2,0.5,14.0,0.31,42.0,2.19,0.29,2025.0
05/25,3609.0,Ibbalur Lake,D,5.0,7.4,902.0,6.0,3.6,210.0,3500.0,3.0,208.0,5.0,208.0,156.0,58.0,1.5,0.79,208.0,112.0,96.0,12.0,95.0,612.0,12.0,0.9,0.5,6.0,0.31,49.0,2.9,2.2,2025.0
05/25,3610.0,Tubarahalli Tank,D,4.4,7.2,689.0,7.0,2.6,21.0,1600.0,3.0,156.0,5.0,156.0,112.0,68.0,1.5,0.88,184.0,96.0,88.0,28.0,67.0,472.0,10.0,0.2,0.5,14.0,0.29,42.0,2.15,0.45,2025.0
05/25,3611.0,Kaikondanahalli Lake,D,6.0,7.1,883.0,6.0,3.5,310.0,1700.0,3.0,204.0,5.0,204.0,148.0,60.0,1.5,0.4,140.0,72.0,68.0,9.0,122.0,600.0,22.0,0.2,0.5,12.0,0.4,63.0,4.6,0.6,2025.0
05/25,3612.0,Agaram Lake,D,4.8,7.7,870.0,5.0,3.4,310.0,4300.0,3.0,200.0,5.0,200.0,148.0,49.0,1.5,0.4,232.0,120.0,112.0,35.0,93.0,592.0,18.0,0.4,0.5,8.0,0.28,45.0,2.7,0.9,2025.0
05/25,3613.0,Gottigere Lake,D,6.3,7.5,685.0,4.0,2.2,300.0,3500.0,3.0,128.0,5.0,128.0,92.0,40.0,1.5,0.74,124.0,68.0,56.0,14.0,72.0,398.0,16.0,0.2,0.5,17.0,0.5,51.0,2.8,0.32,2025.0
05/25,3614.0,Puttenahalli Lake,D,5.0,7.6,674.0,8.0,2.6,260.0,2800.0,3.0,144.0,5.0,144.0,112.0,78.0,1.5,0.4,108.0,56.0,52.0,11.0,90.0,458.0,46.0,0.2,0.5,19.0,0.51,59.0,3.8,0.3,2025.0
05/25,3615.0,Arakere Lake,D,5.9,8.1,524.0,5.0,2.0,240.0,3500.0,3.0,92.0,5.0,92.0,48.0,60.0,1.5,0.91,96.0,56.0,40.0,49.0,68.0,356.0,10.0,0.2,0.5,9.0,0.46,58.0,3.0,0.39,2025.0
05/25,3616.0,Kalena Agrahara Lake,D,4.2,8.0,699.0,10.0,2.7,14.0,920.0,3.0,152.0,5.0,152.0,112.0,97.0,1.5,0.4,84.0,48.0,36.0,12.0,95.0,476.0,56.0,0.2,0.5,19.0,0.5,65.0,4.5,0.31,2025.0
05/25,3618.0,Singasandra Lake,D,6.0,8.2,774.0,5.0,3.1,120.0,1700.0,3.0,108.0,5.0,108.0,128.0,48.0,1.5,0.4,84.0,48.0,36.0,29.0,63.0,528.0,18.0,0.2,0.5,5.0,0.31,60.0,3.0,0.36,2025.0
05/25,3619.0,Begur Tank,D,5.1,7.7,1446.0,9.0,5.6,340.0,2400.0,3.0,180.0,5.0,180.0,304.0,89.0,1.5,0.61,228.0,120.0,108.0,68.0,174.0,984.0,18.0,0.2,0.5,43.0,0.72,57.0,5.0,0.36,2025.0
05/25,3620.0,Parappana Agrahara Lake,D,5.9,7.8,872.0,6.0,3.5,260.0,2200.0,3.0,112.0,5.0,112.0,156.0,52.0,1.5,0.4,108.0,60.0,48.0,20.0,72.0,594.0,24.0,0.2,0.5,6.0,0.37,57.0,3.03,0.39,2025.0
05/25,3621.0,Haralur Lake,D,5.0,7.2,821.0,9.0,3.2,210.0,1400.0,3.0,188.0,5.0,188.0,132.0,88.0,1.5,0.4,140.0,76.0,64.0,9.0,114.0,560.0,10.0,0.4,0.5,12.0,0.2,62.0,4.2,0.9,2025.0
05/25,3622.0,Somasundrapalya Lake,D,4.9,8.1,592.0,8.0,2.4,210.0,1700.0,3.0,104.0,5.0,104.0,76.0,72.0,1.5,0.4,80.0,44.0,36.0,38.0,46.0,404.0,10.0,0.2,0.5,4.0,0.4,53.0,2.24,0.2,2025.0
05/25,3623.0,Anekal Doddakere Tank,D,5.4,7.7,1001.0,6.0,3.5,200.0,2100.0,3.0,252.0,5.0,252.0,200.0,56.0,1.5,0.4,176.0,96.0,80.0,5.0,111.0,664.0,18.0,0.2,0.5,29.0,0.35,53.0,4.0,0.19,2025.0
05/25,3624.0,Puttenahalli Lake,D,5.4,7.0,720.0,7.0,2.8,2600.0,7000.0,3.0,168.0,5.0,168.0,100.0,70.0,1.5,0.4,136.0,76.0,60.0,10.0,80.0,488.0,22.0,0.2,0.5,4.0,0.26,55.0,3.0,0.4,2025.0
05/25,3625.0,Hebbal Lake,D,4.8,8.4,614.0,8.0,2.4,1300.0,7900.0,24.0,132.0,12.0,156.0,76.0,90.0,1.5,0.4,144.0,72.0,72.0,10.0,71.0,418.0,48.0,0.5,0.5,15.0,0.4,48.0,2.6,1.2,2025.0
05/25,3626.0,Nagavara Lake,D,5.1,8.0,370.0,8.0,1.4,2300.0,7000.0,3.0,92.0,5.0,92.0,44.0,75.0,1.5,0.4,80.0,48.0,32.0,10.0,45.0,250.0,48.0,0.2,0.5,9.0,0.43,51.0,2.2,0.5,2025.0
05/25,3627.0,Jakkur Lake,E,2.8,7.3,927.0,18.0,3.6,1500.0,11000.0,3.0,240.0,5.0,240.0,148.0,127.0,8.5,6.5,204.0,108.0,96.0,16.0,102.0,630.0,120.0,1.3,0.5,24.0,0.42,49.0,3.1,3.8,2025.0
05/25,3628.0,Amruthahalli Lake,E,3.7,7.3,624.0,6.0,2.4,2100.0,17000.0,3.0,160.0,5.0,160.0,84.0,61.0,1.5,0.4,148.0,92.0,56.0,11.0,67.0,414.0,16.0,0.2,0.5,13.0,0.38,47.0,2.4,0.39,2025.0
05/25,3629.0,Allalasandra Lake,E,2.5,8.5,487.0,26.0,1.9,2300.0,9400.0,24.0,68.0,12.0,92.0,56.0,175.0,2.7,2.1,100.0,56.0,44.0,28.0,67.0,330.0,232.0,0.2,0.5,14.0,0.2,55.0,2.9,0.6,2025.0
05/25,3630.0,Yelahanka Tank,E,3.2,7.5,859.0,21.0,3.3,14000.0,46000.0,3.0,212.0,5.0,212.0,132.0,118.0,5.9,4.6,188.0,100.0,88.0,20.0,93.0,584.0,162.0,1.5,0.5,22.0,0.41,48.0,3.0,4.5,2025.0
05/25,3633.0,Subramanyapura Tank,E,2.4,8.0,777.0,20.0,2.9,2600.0,11000.0,3.0,180.0,5.0,180.0,144.0,151.0,1.5,0.4,128.0,68.0,60.0,34.0,101.0,538.0,158.0,0.2,0.5,2.0,0.53,60.0,3.9,0.4,2025.0
05/25,3634.0,Devarakere Tank,D,5.1,7.9,350.0,8.0,1.3,1400.0,13000.0,3.0,136.0,5.0,136.0,48.0,84.0,1.5,1.0,100.0,56.0,44.0,15.0,54.0,238.0,80.0,0.2,0.5,4.0,0.36,46.0,2.3,0.3,2025.0
05/25,3635.0,Malathahalli Lake,E,2.1,7.8,562.0,24.0,2.1,140.0,3500.0,3.0,176.0,5.0,176.0,44.0,169.0,1.5,0.4,200.0,104.0,96.0,18.0,55.0,384.0,26.0,0.2,0.5,2.0,0.25,37.0,1.6,0.2,2025.0
05/25,3636.0,Hoskere Lake,D,6.3,6.6,369.0,5.0,1.4,1100.0,7900.0,3.0,128.0,5.0,128.0,36.0,52.0,1.69,1.3,116.0,64.0,52.0,16.0,23.0,254.0,32.0,0.3,0.5,6.0,0.2,28.0,1.0,0.7,2025.0
05/25,3638.0,Yelachenahalli Lake,D,5.0,8.2,801.0,6.0,4.2,260.0,2200.0,3.0,164.0,5.0,164.0,120.0,52.0,1.5,0.5,196.0,96.0,100.0,48.0,98.0,534.0,18.0,0.2,0.5,20.0,0.28,49.0,4.48,0.41,2025.0
05/25,3639.0,Kengeri Tank,D,5.2,7.5,886.0,8.0,3.4,26.0,1600.0,3.0,308.0,5.0,308.0,144.0,93.0,1.5,0.4,232.0,120.0,112.0,18.0,104.0,606.0,10.0,0.4,0.5,7.0,0.44,48.0,3.0,1.0,2025.0
05/25,3640.0,Uttarahalli Doraikere,E,2.0,8.0,351.0,28.0,1.3,1100.0,13000.0,3.0,116.0,5.0,116.0,32.0,186.0,1.5,0.4,104.0,56.0,48.0,14.0,25.0,242.0,910.0,0.2,0.5,2.0,0.24,34.0,1.0,0.6,2025.0
05/25,3641.0,Dhorekere Tank,E,2.2,8.5,409.0,25.0,1.5,1200.0,7000.0,32.0,128.0,16.0,144.0,36.0,174.0,1.5,0.4,132.0,72.0,60.0,17.0,33.0,282.0,300.0,0.4,0.5,1.0,0.27,34.0,1.3,1.1,2025.0
05/25,3642.0,Jigani Tank,D,6.0,7.6,1004.0,4.0,3.5,210.0,3500.0,3.0,252.0,5.0,252.0,196.0,40.0,1.5,0.4,180.0,96.0,84.0,5.0,111.0,668.0,10.0,0.2,0.5,29.0,0.33,53.0,4.0,0.21,2025.0
05/25,3643.0,Benniganahalli Lake,D,4.8,7.5,472.0,15.0,1.8,1200.0,13000.0,3.0,120.0,5.0,120.0,80.0,162.0,1.82,1.4,108.0,56.0,52.0,20.0,58.0,326.0,58.0,1.1,0.5,2.0,0.24,53.0,2.4,2.7,2025.0
05/25,4094.0,Gangondanahalli Lake,D,5.6,6.6,582.0,7.0,10.4,21000.0,46000.0,3.0,92.0,5.0,92.0,84.0,68.0,1.5,0.58,180.0,96.0,84.0,26.0,45.0,396.0,44.0,0.2,0.5,3.0,0.26,34.0,1.45,0.3,2025.0
05/25,4096.0,Andhrahalli Lake,D,5.0,7.1,745.0,9.0,2.9,260.0,920.0,3.0,160.0,5.0,160.0,136.0,95.0,1.6,1.2,160.0,80.0,80.0,40.0,86.0,514.0,22.0,0.56,0.5,10.0,0.52,52.0,3.0,1.3,2025.0
05/25,4097.0,Kachohalli Lake,D,5.5,6.6,1161.0,6.0,20.8,2100.0,4800.0,3.0,104.0,5.0,104.0,40.0,60.0,1.5,0.4,160.0,84.0,76.0,31.0,98.0,786.0,66.0,0.27,0.5,9.0,0.2,32.0,3.38,0.78,2025.0
05/25,4504.0,Sarakki Lake,D,5.0,8.2,801.0,6.0,4.2,260.0,2200.0,3.0,164.0,5.0,164.0,120.0,52.0,1.5,0.4,196.0,96.0,100.0,48.0,98.0,534.0,18.0,0.2,0.5,20.0,0.28,49.0,4.48,0.41,2025.0
05/25,4505.0,Nelamangala Lake,E,0.3,6.9,1228.0,38.0,4.7,1700.0,7900.0,3.0,508.0,5.0,508.0,324.0,250.0,1.5,0.4,484.0,248.0,236.0,10.0,109.0,852.0,16.0,0.3,0.5,3.0,0.71,49.0,4.0,0.9,2025.0
05/25,4506.0,Abbigere Lake,D,6.0,7.5,736.0,7.0,2.8,1100.0,7000.0,3.0,140.0,5.0,140.0,144.0,72.0,1.5,0.56,156.0,80.0,76.0,22.0,85.0,508.0,20.0,0.28,0.5,9.0,0.5,53.0,3.0,0.66,2025.0
05/25,4507.0,Chelekere Lake,E,3.8,7.2,585.0,6.0,2.25,1400.0,13000.0,3.0,148.0,5.0,148.0,92.0,61.0,1.5,0.4,136.0,86.0,50.0,9.0,66.0,392.0,16.0,0.2,0.5,13.0,0.34,48.0,2.66,0.39,2025.0
05/25,4508.0,Singapura Lake,E,3.3,8.4,606.0,7.0,2.33,1200.0,7900.0,3.0,192.0,5.0,192.0,88.0,71.0,1.5,0.4,136.0,90.0,46.0,7.0,71.0,414.0,20.0,0.2,0.5,14.0,0.43,50.0,2.66,0.35,2025.0
05/25,4509.0,Narasipura Lake,E,0.3,7.4,975.0,11.0,3.8,2600.0,12000.0,3.0,240.0,5.0,240.0,136.0,110.0,1.5,0.4,188.0,116.0,72.0,16.0,95.0,662.0,16.0,0.2,0.5,21.0,0.45,49.0,3.02,0.46,2025.0
05/25,4510.0,Rachenahalli Lake,E,0.3,7.6,1151.0,9.0,4.42,1700.0,4600.0,3.0,308.0,5.0,308.0,188.0,97.0,1.5,0.4,252.0,136.0,116.0,14.0,165.0,784.0,18.0,0.2,0.5,27.0,0.44,55.0,4.53,0.35,2025.0
05/25,4511.0,Kogilu Kere,D,4.1,7.6,472.0,5.0,1.81,1400.0,4800.0,3.0,108.0,5.0,108.0,64.0,52.0,1.5,0.4,112.0,74.0,38.0,7.0,43.0,324.0,20.0,0.2,0.5,9.0,0.4,43.0,1.77,0.42,2025.0
05/25,4512.0,Viswaneedam Lake,E,2.8,6.8,588.0,21.0,10.5,200.0,4300.0,3.0,104.0,5.0,104.0,48.0,164.0,3.0,2.4,208.0,108.0,100.0,21.0,47.0,396.0,42.0,0.48,0.5,3.0,0.2,27.0,1.41,1.36,2025.0
05/25,4513.0,Ramammana Kere,D,6.4,6.7,364.0,5.0,1.4,21.0,1600.0,3.0,96.0,5.0,96.0,36.0,52.0,1.5,0.4,88.0,44.0,44.0,19.0,40.0,250.0,10.0,0.2,0.5,5.0,0.26,47.0,1.0,0.32,2025.0
05/25,4514.0,Sadaramangala Lake,D,4.4,8.1,528.0,8.0,2.0,14.0,1600.0,3.0,76.0,5.0,76.0,88.0,80.0,1.5,0.81,96.0,56.0,40.0,28.0,64.0,352.0,10.0,0.2,0.5,14.0,0.24,55.0,3.0,0.4,2025.0
05/25,4515.0,Bhattarahalli Lake,D,4.9,8.5,733.0,15.0,2.8,140.0,2400.0,32.0,124.0,16.0,140.0,168.0,156.0,1.7,1.3,84.0,44.0,40.0,9.8,98.0,506.0,36.0,0.3,0.5,2.0,0.22,70.0,4.6,0.71,2025.0
05/25,4516.0,Kundalahalli Lake,E,3.0,8.1,1208.0,15.0,4.6,2600.0,12000.0,3.0,328.0,5.0,328.0,200.0,155.0,4.4,3.9,280.0,144.0,136.0,50.0,110.0,832.0,14.0,0.34,0.5,24.0,0.34,43.0,2.86,1.01,2025.0
05/25,4517.0,Kowdhenahalli Tank,E,2.1,6.5,318.0,29.0,1.2,2200.0,7900.0,3.0,96.0,5.0,96.0,48.0,198.0,12.8,9.8,112.0,60.0,52.0,13.0,25.0,220.0,24.0,0.42,0.5,2.0,0.21,32.0,1.0,1.0,2025.0
05/25,4518.0,Garudacharpalya Tank,D,4.6,7.0,620.0,8.0,2.2,1700.0,9400.0,3.0,132.0,5.0,132.0,88.0,88.0,1.5,0.94,144.0,80.0,64.0,15.0,68.0,416.0,44.0,0.73,0.5,16.0,0.23,47.0,2.0,2.0,2025.0
05/25,4519.0,Rampura Lake,D,5.5,7.0,618.0,6.0,2.4,1400.0,7900.0,3.0,140.0,5.0,140.0,96.0,55.0,1.5,0.4,164.0,88.0,76.0,16.0,68.0,420.0,10.0,0.2,0.5,12.0,0.21,45.0,2.3,0.33,2025.0
05/25,4520.0,Chinnappanahalli Lake,E,3.1,7.8,705.0,16.0,2.7,2300.0,8400.0,3.0,160.0,5.0,160.0,116.0,160.0,4.2,3.7,188.0,100.0,88.0,29.0,69.0,480.0,12.0,0.26,0.5,14.0,0.22,42.0,2.19,0.77,2025.0
05/25,4521.0,Devarabeesanahalli Lake,D,5.0,7.2,987.0,6.0,3.9,310.0,2800.0,3.0,228.0,5.0,228.0,168.0,60.0,1.5,0.4,108.0,64.0,44.0,8.1,143.0,670.0,16.0,0.4,0.5,16.0,0.3,70.0,5.9,0.9,2025.0
05/25,4522.0,Vibhuthipura Lake,E,0.6,7.0,900.0,27.0,3.4,2200.0,12000.0,3.0,176.0,5.0,176.0,156.0,192.0,4.9,3.8,140.0,88.0,52.0,26.0,78.0,612.0,220.0,0.5,0.5,28.0,0.4,49.0,2.9,1.42,2025.0
05/25,4523.0,Nallurahalli Lake,D,5.8,7.3,481.0,5.0,1.7,260.0,3500.0,3.0,56.0,5.0,56.0,84.0,60.0,1.5,0.4,96.0,56.0,40.0,29.0,57.0,318.0,30.0,0.2,0.5,9.0,0.27,53.0,3.0,0.32,2025.0
05/25,4524.0,Pattandur Agrahara Lake,D,6.0,7.4,483.0,4.0,1.7,23000.0,46000.0,3.0,52.0,5.0,52.0,80.0,48.0,1.5,0.4,96.0,56.0,40.0,31.0,56.0,322.0,24.0,0.2,0.5,10.0,0.26,53.0,3.0,0.35,2025.0
05/25,4525.0,Seetharampalya Lake,D,5.1,7.6,902.0,7.0,3.2,2400.0,4800.0,3.0,184.0,5.0,184.0,168.0,84.0,1.5,0.4,208.0,112.0,96.0,21.0,100.0,602.0,82.0,0.85,0.5,23.0,0.23,48.0,3.0,2.3,2025.0
05/25,4526.0,Devasandra Lake,E,2.3,7.3,548.0,25.0,2.1,11000.0,49000.0,3.0,116.0,5.0,116.0,120.0,176.0,8.5,6.5,80.0,44.0,36.0,9.0,74.0,376.0,102.0,1.6,0.5,3.0,0.31,65.0,3.6,3.8,2025.0
05/25,4527.0,Sheelavanta-Whitefield Lake,E,3.0,6.9,823.0,22.0,2.9,1400.0,7900.0,3.0,120.0,5.0,120.0,140.0,168.0,8.0,6.1,184.0,100.0,84.0,25.0,82.0,548.0,12.0,0.2,0.5,14.0,0.26,47.0,3.0,0.4,2025.0
05/25,4528.0,Doddakannehalli Lake,D,4.8,7.0,690.0,4.0,2.7,150.0,2400.0,3.0,156.0,5.0,156.0,116.0,45.0,1.5,0.4,116.0,60.0,56.0,8.8,90.0,468.0,20.0,0.3,0.5,10.0,0.31,60.0,3.6,0.7,2025.0
05/25,4529.0,Kasavanahalli Lake,D,6.2,7.0,769.0,7.0,3.0,260.0,1500.0,3.0,176.0,5.0,176.0,108.0,66.0,1.5,0.4,136.0,76.0,60.0,8.4,123.0,524.0,14.0,0.3,0.5,14.0,0.22,63.0,4.6,0.9,2025.0
05/25,4530.0,Kammasandra Lake,D,5.4,7.8,968.0,7.0,3.7,1400.0,7000.0,3.0,252.0,5.0,252.0,136.0,62.0,1.5,0.7,200.0,104.0,96.0,16.0,95.0,668.0,34.0,0.8,0.5,4.0,0.3,50.0,2.9,1.9,2025.0
05/25,4531.0,Rayasandra Lake,E,1.2,7.2,1578.0,26.0,6.4,11000.0,79000.0,3.0,380.0,5.0,380.0,216.0,192.0,4.6,3.7,356.0,184.0,172.0,23.0,121.0,1070.0,70.0,1.35,0.5,12.0,0.25,41.0,2.79,3.88,2025.0
05/25,4532.0,Chandapura Lake,E,0.3,7.4,1657.0,39.0,5.9,21000.0,170000.0,3.0,396.0,5.0,396.0,372.0,272.0,26.0,29.0,516.0,264.0,252.0,37.0,131.0,1124.0,38.0,0.9,0.5,11.0,0.64,35.0,2.5,2.5,2025.0
05/25,4533.0,Ullalu Lake,D,6.8,6.5,290.0,4.0,1.1,1500.0,4800.0,3.0,116.0,5.0,116.0,20.0,49.0,1.5,0.68,96.0,52.0,44.0,10.0,11.0,200.0,66.0,0.2,0.5,2.0,0.2,19.0,1.0,0.4,2025.0
05/25,4534.0,Sompura Lake,E,3.0,7.0,620.0,7.0,2.38,1700.0,13000.0,3.0,124.0,5.0,124.0,160.0,71.0,1.5,0.4,124.0,68.0,56.0,11.0,35.0,412.0,18.0,0.21,0.5,14.0,0.2,35.0,1.37,0.53,2025.0
05/25,4536.0,Hosakerehalli Lake,E,2.2,7.4,670.0,8.0,2.57,1400.0,14000.0,3.0,120.0,5.0,120.0,136.0,76.0,1.5,0.4,176.0,106.0,70.0,14.0,74.0,458.0,18.0,0.2,0.5,25.0,0.2,43.0,2.42,0.47,2025.0
05/25,4537.0,Chinnakurchi Kere,D,5.3,7.9,590.0,7.0,2.2,2100.0,9400.0,3.0,236.0,5.0,236.0,40.0,74.0,1.5,0.58,124.0,68.0,56.0,9.0,82.0,402.0,798.0,0.3,0.5,4.0,0.96,58.0,3.2,0.8,2025.0
05/25,4538.0,Machohalli Lake,E,1.8,6.8,1156.0,26.0,20.7,170.0,2800.0,3.0,132.0,5.0,132.0,252.0,180.0,4.5,3.6,396.0,204.0,192.0,32.0,97.0,784.0,18.0,0.3,0.5,9.0,0.29,31.0,2.12,0.88,2025.0
05/25,4540.0,Kammagondanahalli Lake,D,6.7,7.2,519.0,4.0,2.0,2200.0,9400.0,3.0,148.0,5.0,148.0,60.0,46.0,1.5,0.4,136.0,68.0,68.0,18.0,60.0,358.0,14.0,0.6,0.5,7.0,0.24,47.0,2.2,1.4,2025.0
05/25,4541.0,Alur Lake,E,3.6,7.0,327.0,6.0,1.26,24.0,1600.0,3.0,88.0,5.0,88.0,32.0,62.0,1.5,0.4,148.0,96.0,52.0,11.0,19.0,218.0,16.0,0.2,0.5,16.0,0.2,20.0,0.69,0.35,2025.0
05/25,4542.0,Basavanapura Lake,D,5.2,7.2,617.0,5.0,2.4,43.0,1600.0,3.0,128.0,5.0,128.0,84.0,50.0,1.5,0.6,112.0,64.0,48.0,7.0,74.0,420.0,30.0,0.2,0.5,21.0,0.44,53.0,3.0,0.05,2025.0
05/25,4543.0,Kodi Singasandra Lake,E,0.3,7.7,1397.0,11.0,5.36,310.0,4300.0,3.0,240.0,5.0,240.0,352.0,117.0,1.69,1.3,252.0,144.0,108.0,10.0,197.0,960.0,20.0,0.2,0.5,42.0,0.69,48.0,5.38,0.42,2025.0
05/25,4544.0,Kothanuru Lake,D,4.8,7.5,677.0,8.0,2.6,230.0,2200.0,3.0,152.0,5.0,152.0,112.0,82.0,1.5,0.8,80.0,48.0,32.0,17.0,90.0,460.0,48.0,0.2,0.5,20.0,0.5,65.0,4.4,0.39,2025.0
05/25,4547.0,Mangamanapalya Lake(Swarana Kunte),D,5.8,8.5,982.0,6.0,3.8,240.0,2800.0,16.0,276.0,8.0,284.0,148.0,56.0,1.5,0.4,252.0,132.0,120.0,31.0,82.0,666.0,20.0,0.59,0.5,7.0,0.52,41.0,2.25,1.72,2025.0
05/25,5558.0,"Kannahalli Lake Kannahalli, Bengaluru",D,6.1,6.6,501.0,4.0,9.0,2600.0,6300.0,3.0,100.0,5.0,100.0,48.0,40.0,1.5,0.46,140.0,76.0,64.0,18.0,37.0,340.0,96.0,0.29,0.5,2.0,0.2,41.0,1.35,0.86,2025.0
05/25,5559.0,"Shettihalli Lake, Mallasandra Gudde
Lake Bengaluru",D,5.4,7.0,1301.0,9.0,5.0,310.0,3500.0,3.0,456.0,5.0,456.0,228.0,104.0,4.6,3.5,348.0,176.0,172.0,14.0,150.0,898.0,16.0,1.64,0.5,16.0,0.38,47.0,3.5,4.0,2025.0
05/25,5560.0,"Hoodi (Rajapalya Lake) Itpl Main
Road, Near Hoodi,Bengaluru",E,3.2,6.5,357.0,16.0,1.3,17000.0,49000.0,3.0,68.0,5.0,68.0,36.0,120.0,3.4,2.5,76.0,44.0,32.0,26.0,30.0,242.0,206.0,0.44,0.5,8.0,0.2,43.0,1.0,1.7,2025.0
05/25,5561.0,"Munekolalu Lake ,Marathahalli, East
Taluka ,Bengaluru",E,2.6,7.0,585.0,18.0,2.2,1300.0,5800.0,3.0,132.0,5.0,132.0,96.0,164.0,5.7,5.1,156.0,84.0,72.0,24.0,57.0,402.0,28.0,0.57,0.5,12.0,0.2,41.0,2.0,1.66,2025.0
05/25,5562.0,"Mahadevpuraâ  Lake, K. R. Puram ,
Bangalore East Taluka",D,5.9,7.1,501.0,5.0,1.9,2300.0,13000.0,3.0,92.0,5.0,92.0,84.0,64.0,1.5,0.4,92.0,52.0,40.0,13.0,68.0,338.0,20.0,0.2,0.5,18.0,0.23,56.0,3.0,0.53,2025.0
05/25,5563.0,"Segehalli Lake Baavanapura Road Battarahalli , Bangalore East",D,4.3,7.0,755.0,17.0,2.9,3100.0,9400.0,3.0,248.0,5.0,248.0,108.0,148.0,5.7,4.4,196.0,100.0,96.0,27.0,75.0,514.0,58.0,0.51,0.5,2.0,0.42,45.0,2.3,1.2,2025.0
05/25,5564.0,"Kannamangala Lake Hoskote Main
Road , Bengalore",D,5.0,7.2,427.0,13.0,1.6,9100.0,58000.0,3.0,132.0,5.0,132.0,72.0,138.0,1.7,1.3,96.0,48.0,48.0,8.0,55.0,290.0,28.0,0.32,0.5,2.0,0.21,54.0,2.4,0.72,2025.0
05/25,5565.0,"Kannur Lake Near By Hennur Road
Bengalore",E,0.8,6.8,814.0,43.0,3.2,1700.0,13000.0,3.0,168.0,5.0,168.0,128.0,243.0,5.5,2.4,200.0,112.0,88.0,31.0,88.0,554.0,32.0,0.51,0.5,16.0,0.4,46.0,3.6,1.4,2025.0
05/25,5566.0,"Basavanapura Lake Ayyappa Nagr Main Road , K. R. Puram , Bengaluru",D,4.9,7.1,449.0,14.0,1.7,1700.0,11000.0,3.0,128.0,5.0,128.0,80.0,150.0,1.7,1.3,92.0,48.0,44.0,9.0,58.0,310.0,28.0,0.2,0.5,2.0,0.25,57.0,2.6,0.45,2025.0
05/25,5568.0,"Ulsoor Lake Near Kalyani,Bengaluru",D,4.1,7.5,514.0,6.0,2.0,580.0,2800.0,3.0,124.0,5.0,124.0,80.0,60.0,1.5,0.72,132.0,68.0,64.0,21.0,50.0,346.0,32.0,0.2,0.5,10.0,0.3,44.0,2.0,0.35,2025.0
05/25,5569.0,"Byrasandra Upper Lake,Bengaluru",E,1.0,6.7,738.0,39.0,2.8,2300.0,9400.0,3.0,168.0,5.0,168.0,120.0,184.0,4.9,4.4,196.0,104.0,92.0,30.0,71.0,502.0,20.0,0.43,0.5,16.0,0.35,43.0,2.0,1.22,2025.0
05/25,5570.0,"Soulkere, Kaikondrahalli
Vill,Bengaluru",E,3.2,7.2,642.0,25.0,2.5,260.0,2200.0,3.0,144.0,5.0,144.0,148.0,155.0,3.0,2.3,120.0,72.0,48.0,18.0,94.0,440.0,20.0,0.4,0.5,10.0,0.2,60.0,3.7,1.1,2025.0
05/25,5571.0,"Kudlu Doddakere, Kudlu
Vill,Bengaluru",D,6.1,8.5,736.0,4.0,3.0,310.0,3500.0,24.0,108.0,12.0,120.0,132.0,44.0,1.5,0.4,76.0,44.0,32.0,10.0,62.0,502.0,14.0,0.2,0.5,5.0,0.31,62.0,3.09,0.33,2025.0
05/25,5572.0,"Kudlu Chikkakere, Bgp Layout Kudlu
Vill ,Bengaluru",D,5.5,7.0,820.0,5.0,3.2,430.0,1700.0,3.0,188.0,5.0,188.0,140.0,49.0,1.5,0.4,136.0,72.0,64.0,9.8,104.0,558.0,10.0,0.4,0.5,10.0,0.2,59.0,4.2,1.0,2025.0
05/25,5573.0,"Doddathogur Lake , Doddathoguru
Vill,Bengaluru",E,0.3,7.5,1424.0,11.0,5.47,170.0,2400.0,3.0,216.0,5.0,216.0,340.0,124.0,1.56,1.2,232.0,134.0,98.0,7.0,250.0,982.0,20.0,0.2,0.5,41.0,0.75,66.0,7.13,0.35,2025.0
05/25,5574.0,"Anjanapura Lake ( Avala Halli Lake)
Anjanapura,Bengaluru",D,5.4,7.5,681.0,7.0,2.6,260.0,4300.0,3.0,144.0,5.0,144.0,108.0,66.0,1.5,0.4,88.0,52.0,36.0,14.0,90.0,462.0,50.0,0.2,0.5,19.0,0.51,63.0,4.2,0.42,2025.0
05/25,5822.0,"Doddakammanahalli Lake, Doddakammanahalli Phase2, Tejaswini Nagar",E,3.8,7.2,501.0,6.0,1.92,210.0,1700.0,3.0,136.0,5.0,136.0,72.0,64.0,1.5,0.4,112.0,66.0,46.0,11.0,74.0,344.0,16.0,0.2,0.5,10.0,0.58,56.0,3.04,0.39,2025.0
05/25,5823.0,"Basspura Lake, Aishwarya Crystal
Layout, Begur, Bengaluru",D,6.0,8.5,835.0,7.0,3.4,230.0,2100.0,24.0,220.0,12.0,232.0,112.0,68.0,1.5,0.4,208.0,108.0,100.0,23.0,68.0,566.0,20.0,0.3,0.5,5.0,0.51,41.0,2.04,0.89,2025.0
05/25,5825.0,"Lower Amblipura Lake, Pwd Quarters,1St Sector, Hsr Layout Bengaluru",D,5.9,8.2,796.0,6.0,3.2,170.0,3500.0,3.0,164.0,5.0,164.0,116.0,64.0,1.5,0.4,144.0,76.0,68.0,24.0,66.0,538.0,32.0,0.32,0.5,5.0,0.48,49.0,2.38,0.93,2025.0
05/25,5826.0,"Bhoganhalli Lake, Bhoganhalli,,
Bengaluru",D,6.1,8.2,707.0,4.0,2.9,220.0,2200.0,3.0,180.0,5.0,180.0,100.0,40.0,1.5,0.4,164.0,88.0,76.0,29.0,57.0,478.0,16.0,0.31,0.5,5.0,0.47,42.0,2.0,0.92,2025.0
05/25,5828.0,"Parappana Agrahara Chikka Kere, Near Central Jail, Sai Sree Layout Parappana Agrahara,",D,4.6,8.2,690.0,9.0,2.8,310.0,4300.0,3.0,116.0,5.0,116.0,144.0,80.0,1.5,0.4,100.0,56.0,44.0,24.0,55.0,470.0,10.0,0.2,0.5,5.0,0.36,55.0,2.39,0.28,2025.0
05/25,5829.0,"Vittasandra Lake, Vittasandra,",D,5.1,8.4,485.0,4.0,1.86,260.0,2200.0,24.0,120.0,12.0,132.0,72.0,45.0,1.5,0.4,108.0,72.0,36.0,14.0,72.0,324.0,18.0,0.2,0.5,9.0,0.42,57.0,2.99,0.35,2025.0
05/25,5830.0,"Akshyanagara Lake, Akshyanagara
West, Bengaluru",E,0.3,7.5,1346.0,14.0,5.17,260.0,2800.0,3.0,212.0,5.0,212.0,332.0,136.0,1.68,1.2,244.0,136.0,108.0,9.0,225.0,894.0,14.0,0.2,0.5,42.0,0.75,62.0,6.25,0.36,2025.0
05/25,5831.0,"Yallenahalli Lake, Begur-Koppa Rd,
Akshayanagara, Bengaluru",E,3.3,7.7,478.0,7.0,1.83,3300.0,7900.0,3.0,112.0,5.0,112.0,64.0,74.0,1.5,0.4,136.0,82.0,54.0,16.0,72.0,324.0,16.0,0.2,0.5,9.0,0.47,51.0,2.67,0.46,2025.0
05/25,5833.0,Doddagubbi Lake,E,0.4,8.0,1890.0,29.0,7.2,2300.0,6300.0,3.0,532.0,5.0,532.0,336.0,196.0,4.4,3.4,452.0,240.0,212.0,50.0,186.0,1285.0,22.0,0.3,0.5,40.0,0.38,45.0,3.8,0.89,2025.0
05/25,5834.0,Chikkagubi Lake,E,1.2,8.2,1393.0,21.0,5.3,1700.0,7000.0,3.0,532.0,5.0,532.0,208.0,157.0,3.6,3.4,364.0,208.0,156.0,50.0,132.0,1285.0,22.0,0.3,0.5,18.0,0.38,45.0,3.8,0.89,2025.0
05/25,5835.0,Vijanapura Lake,D,5.2,7.7,520.0,5.0,2.0,310.0,2800.0,3.0,104.0,5.0,104.0,56.0,55.0,1.5,0.4,136.0,80.0,56.0,49.0,50.0,354.0,12.0,0.3,0.5,20.0,0.38,40.0,1.9,0.98,2025.0
05/25,5836.0,Cheemasandra,D,5.0,7.0,1200.0,6.0,4.6,1300.0,8400.0,3.0,272.0,5.0,272.0,192.0,60.0,1.5,0.6,316.0,160.0,156.0,34.0,118.0,816.0,16.0,0.2,0.5,23.0,0.4,41.0,2.9,0.35,2025.0
05/25,5837.0,Leghumenahalli Lake,E,2.8,7.8,1000.0,27.0,4.0,2600.0,14000.0,3.0,256.0,5.0,256.0,184.0,180.0,4.9,3.8,292.0,164.0,128.0,43.0,98.0,680.0,16.0,0.41,0.5,18.0,0.4,40.0,2.5,1.0,2025.0
05/25,5838.0,Varanasi Lake,D,5.8,7.0,420.0,5.0,1.6,780.0,4300.0,3.0,100.0,5.0,100.0,48.0,48.0,1.5,0.4,112.0,68.0,44.0,30.0,34.0,286.0,22.0,0.2,0.5,12.0,0.38,36.0,1.4,0.44,2025.0
05/25,5840.0,Panathur Lake,D,5.7,7.4,561.0,4.0,2.2,310.0,2100.0,3.0,124.0,5.0,124.0,88.0,41.0,1.5,0.46,148.0,76.0,72.0,23.0,54.0,384.0,12.0,0.2,0.5,10.0,0.2,42.0,1.93,0.23,2025.0
05/25,5841.0,Garudacharpalya Lake-2,D,5.4,8.1,585.0,6.0,2.0,1200.0,7000.0,3.0,96.0,5.0,96.0,84.0,56.0,1.5,0.4,132.0,72.0,60.0,15.0,72.0,396.0,14.0,0.36,0.5,19.0,0.26,50.0,3.0,1.0,2025.0
05/25,5842.0,Mahadevapura Lake-2,E,0.3,7.2,362.0,70.0,1.4,260.0,4300.0,3.0,80.0,5.0,80.0,56.0,320.0,4.5,4.1,92.0,48.0,44.0,15.0,35.0,248.0,20.0,0.57,0.5,7.0,0.23,43.0,1.58,1.64,2025.0
05/25,5843.0,B- Narayannapura Lake-2,E,3.2,7.0,381.0,14.0,1.5,130.0,2400.0,3.0,84.0,5.0,84.0,60.0,152.0,4.7,4.3,100.0,52.0,48.0,16.0,37.0,260.0,10.0,0.2,0.5,8.0,0.26,42.0,1.61,0.4,2025.0
05/25,5844.0,Halnayakanahalli Lake,D,5.1,7.6,563.0,5.0,2.2,140.0,2800.0,3.0,128.0,5.0,128.0,92.0,49.0,1.5,0.4,152.0,80.0,72.0,24.0,55.0,388.0,14.0,0.2,0.5,11.0,0.21,41.0,1.94,0.37,2025.0
06/25,1388.0,Ulsoor Lake Training Centre Of Fish Breeding,E,2.6,7.7,441.0,21.0,1.7,170.0,2400.0,3.0,152.0,5.0,152.0,48.0,158.0,12.5,9.6,128.0,64.0,64.0,14.0,42.0,300.0,52.0,0.2,0.5,2.0,0.21,40.0,1.6,0.4,2025.0
06/25,3589.0,Madiwala Tank,D,4.2,7.4,590.0,6.0,2.26,1700.0,6300.0,3.0,124.0,5.0,124.0,92.0,60.0,1.5,0.4,108.0,72.0,36.0,14.0,73.0,398.0,22.0,0.43,0.5,2.0,0.36,59.0,3.06,1.01,2025.0
06/25,3590.0,Lalbagh Tank,D,5.2,8.0,440.0,9.0,1.7,170.0,2800.0,3.0,108.0,5.0,108.0,72.0,94.0,2.0,1.5,92.0,48.0,44.0,11.0,58.0,304.0,22.0,0.2,0.5,3.0,0.38,56.0,2.6,0.14,2025.0
06/25,3591.0,Kempambudhi Tank,E,2.2,8.0,397.0,23.0,1.5,260.0,4300.0,3.0,148.0,5.0,148.0,36.0,154.0,11.1,8.4,124.0,64.0,60.0,5.0,33.0,270.0,44.0,0.5,0.5,2.0,0.2,36.0,1.3,1.2,2025.0
06/25,3592.0,Yediyur Tank,D,6.7,7.8,223.0,4.0,0.8,230.0,2200.0,3.0,72.0,5.0,72.0,24.0,49.0,1.5,0.91,60.0,32.0,28.0,5.0,19.0,154.0,28.0,0.2,0.5,2.0,0.2,39.0,1.1,0.14,2025.0
06/25,3593.0,Ulsoor Lake Temple,D,5.9,7.2,452.0,7.0,1.7,20.0,1600.0,3.0,168.0,5.0,168.0,48.0,79.0,1.5,0.43,136.0,68.0,68.0,14.0,43.0,312.0,10.0,0.63,0.5,2.0,0.2,40.0,1.6,1.5,2025.0
06/25,3594.0,Sankey Tank,D,6.5,7.0,496.0,4.0,1.9,17.0,1600.0,3.0,112.0,5.0,112.0,80.0,45.0,1.5,0.4,132.0,72.0,60.0,20.0,48.0,332.0,10.0,0.2,0.5,10.0,0.22,41.0,1.81,0.05,2025.0
06/25,3595.0,Byrasandra Tank,D,5.9,7.1,449.0,7.0,1.7,210.0,3500.0,3.0,160.0,5.0,160.0,48.0,74.0,1.5,0.4,140.0,72.0,68.0,14.0,43.0,310.0,10.0,0.32,0.5,2.0,0.2,39.0,1.6,0.75,2025.0
06/25,3596.0,Nayandanahalli Tank,D,4.7,7.2,931.0,6.0,3.4,200.0,1500.0,3.0,164.0,5.0,164.0,108.0,72.0,1.5,0.52,172.0,92.0,80.0,29.0,68.0,630.0,10.0,0.2,0.5,5.0,0.36,45.0,2.25,0.52,2025.0
06/25,3597.0,Hesaraghatta Lake,D,6.0,7.1,400.0,5.0,1.5,200.0,3500.0,3.0,96.0,5.0,96.0,69.0,53.0,1.5,0.4,112.0,64.0,48.0,10.0,48.0,272.0,20.0,0.2,0.5,5.0,0.28,33.0,2.0,2.2,2025.0
06/25,3598.0,Herohalli Tank,E,3.1,7.1,640.0,16.0,2.5,2100.0,11000.0,3.0,144.0,5.0,144.0,104.0,144.0,1.6,1.2,172.0,92.0,80.0,26.0,63.0,80.0,10.0,0.2,0.5,14.0,0.22,42.0,2.08,0.27,2025.0
06/25,3599.0,Anchepalya Lake,E,2.2,7.8,600.0,9.0,2.3,2000.0,12000.0,3.0,140.0,5.0,140.0,104.0,97.0,1.6,1.2,164.0,84.0,80.0,20.0,48.0,408.0,24.0,0.4,0.5,5.0,0.29,26.0,1.6,0.9,2025.0
06/25,3600.0,Shivapura Tank,D,4.3,7.1,661.0,4.0,2.6,2100.0,5800.0,3.0,148.0,5.0,148.0,108.0,44.0,1.5,0.9,176.0,92.0,84.0,27.0,65.0,452.0,46.0,0.2,0.5,15.0,0.2,42.0,2.13,0.23,2025.0
06/25,3602.0,Bellandur Lake,D,6.0,7.6,814.0,5.0,3.1,310.0,2800.0,3.0,116.0,5.0,116.0,144.0,56.0,1.5,0.4,132.0,68.0,64.0,18.0,90.0,542.0,10.0,0.2,0.5,2.0,0.21,59.0,3.5,0.29,2025.0
06/25,3603.0,Vengaiyyanakere( Kr Puram Lake ),E,2.4,7.4,1065.0,44.0,4.4,2000.0,9400.0,3.0,228.0,5.0,228.0,120.0,248.0,3.2,2.9,172.0,92.0,80.0,29.0,95.0,700.0,38.0,1.4,0.5,24.0,0.37,51.0,3.0,4.0,2025.0
06/25,3604.0,Doddanekkundi Lake,D,5.8,7.5,529.0,5.0,8.9,24.0,920.0,3.0,148.0,5.0,148.0,64.0,56.0,1.5,0.5,160.0,84.0,76.0,11.0,37.0,360.0,10.0,0.2,0.5,3.0,0.4,30.0,1.26,0.15,2025.0
06/25,3605.0,Yelemallappa Shetty Lake,E,1.7,7.2,1361.0,69.0,5.2,170.0,2400.0,3.0,348.0,5.0,348.0,160.0,336.0,30.2,24.0,248.0,132.0,116.0,12.0,100.0,900.0,10.0,0.73,0.5,25.0,0.22,44.0,3.0,4.3,2025.0
06/25,3606.0,Dasarahalli Tank,D,4.2,6.7,364.0,5.0,1.4,3100.0,8400.0,3.0,80.0,5.0,80.0,56.0,56.0,1.5,0.92,96.0,52.0,44.0,15.0,35.0,250.0,36.0,0.2,0.5,7.0,0.2,41.0,1.55,0.05,2025.0
06/25,3607.0,Kalkere Tank,E,2.4,7.4,1594.0,22.0,6.1,260.0,17000.0,3.0,348.0,5.0,348.0,216.0,136.0,2.5,1.9,268.0,140.0,56.0,37.0,116.0,1084.0,46.0,2.4,0.5,3.0,0.2,48.0,3.1,5.6,2025.0
06/25,3608.0,Varthur Lake,D,5.8,7.8,576.0,6.0,2.2,310.0,2800.0,3.0,128.0,5.0,128.0,92.0,64.0,1.5,0.4,152.0,80.0,72.0,24.0,57.0,392.0,10.0,0.2,0.5,12.0,0.22,42.0,2.0,0.24,2025.0
06/25,3609.0,Ibbalur Lake,D,5.9,8.2,852.0,5.0,3.5,200.0,2200.0,3.0,140.0,5.0,140.0,160.0,60.0,1.5,0.4,148.0,80.0,68.0,15.0,97.0,574.0,16.0,0.21,0.5,14.0,0.38,56.0,3.0,0.58,2025.0
06/25,3610.0,Tubarahalli Tank,D,4.3,7.5,546.0,6.0,2.0,140.0,2400.0,3.0,116.0,5.0,116.0,80.0,68.0,1.5,0.93,140.0,72.0,29.0,22.0,53.0,374.0,40.0,0.2,0.5,9.0,0.26,43.0,1.94,0.35,2025.0
06/25,3611.0,Kaikondanahalli Lake,E,3.0,7.8,1027.0,18.0,3.9,210.0,1500.0,3.0,176.0,5.0,176.0,176.0,152.0,1.5,0.4,184.0,96.0,88.0,36.0,99.0,696.0,18.0,1.1,0.5,2.0,0.23,53.0,3.3,2.6,2025.0
06/25,3612.0,Agaram Lake,D,4.5,7.8,732.0,8.0,2.9,240.0,1700.0,3.0,112.0,5.0,112.0,120.0,92.0,1.5,0.4,124.0,68.0,56.0,35.0,85.0,494.0,12.0,0.2,0.5,11.0,0.37,60.0,3.0,0.05,2025.0
06/25,3613.0,Gottigere Lake,D,5.4,7.7,423.0,8.0,1.6,2200.0,7900.0,3.0,112.0,5.0,112.0,64.0,92.0,1.9,1.4,92.0,48.0,44.0,12.0,51.0,292.0,30.0,0.2,0.5,3.0,0.42,53.0,2.3,0.14,2025.0
06/25,3614.0,Puttenahalli Lake,D,5.4,7.1,536.0,8.0,2.0,3100.0,7000.0,3.0,136.0,5.0,136.0,92.0,94.0,2.0,1.5,120.0,60.0,60.0,7.0,73.0,370.0,28.0,0.2,0.5,3.0,0.37,56.0,2.9,0.15,2025.0
06/25,3615.0,Arakere Lake,D,4.5,7.8,732.0,8.0,2.9,240.0,1700.0,3.0,112.0,5.0,112.0,120.0,96.0,1.5,0.4,124.0,68.0,56.0,35.0,85.0,494.0,12.0,0.2,0.5,11.0,0.37,60.0,3.0,0.05,2025.0
06/25,3616.0,Kalena Agrahara Lake,D,5.3,8.0,425.0,4.0,1.63,260.0,2800.0,3.0,120.0,5.0,120.0,48.0,44.0,1.5,0.4,88.0,50.0,38.0,31.0,52.0,288.0,22.0,0.2,0.5,2.0,0.39,55.0,2.41,0.05,2025.0
06/25,3618.0,Singasandra Lake,D,6.2,7.8,1369.0,4.0,5.3,310.0,3500.0,3.0,188.0,5.0,188.0,308.0,48.0,1.5,0.4,228.0,120.0,108.0,94.0,178.0,918.0,32.0,0.2,0.5,43.0,0.56,58.0,5.0,0.16,2025.0
06/25,3619.0,Begur Tank,E,2.1,7.7,1305.0,30.0,5.0,210.0,1700.0,3.0,196.0,5.0,196.0,324.0,210.0,14.1,10.7,204.0,104.0,100.0,55.0,207.0,894.0,30.0,0.2,0.5,4.0,0.63,68.0,6.3,0.2,2025.0
06/25,3620.0,Parappana Agrahara Lake,E,2.1,7.5,876.0,25.0,3.3,240.0,2200.0,3.0,176.0,5.0,176.0,132.0,160.0,1.5,0.4,188.0,100.0,88.0,34.0,101.0,582.0,26.0,1.08,0.5,3.0,0.23,53.0,3.3,2.5,2025.0
06/25,3621.0,Haralur Lake,D,4.9,8.3,870.0,14.0,3.3,260.0,3500.0,32.0,156.0,16.0,172.0,140.0,136.0,1.5,0.4,184.0,96.0,88.0,39.0,85.0,584.0,46.0,1.0,0.5,2.0,0.22,50.0,2.7,2.4,2025.0
06/25,3622.0,Somasundrapalya Lake,D,6.0,7.9,799.0,4.0,12.5,260.0,1700.0,3.0,108.0,5.0,108.0,132.0,44.0,1.5,0.4,148.0,80.0,68.0,35.0,58.0,542.0,10.0,0.2,0.5,3.0,0.34,46.0,2.08,0.13,2025.0
06/25,3623.0,Anekal Doddakere Tank,D,5.4,7.5,956.0,8.0,3.7,140.0,2400.0,3.0,240.0,5.0,240.0,196.0,72.0,1.5,0.42,240.0,120.0,120.0,6.0,103.0,650.0,12.0,0.2,0.5,4.0,0.39,48.0,2.9,0.05,2025.0
06/25,3624.0,Puttenahalli Lake,D,6.6,6.8,616.0,4.0,2.3,21.0,1600.0,3.0,136.0,5.0,136.0,96.0,40.0,1.5,0.56,160.0,84.0,76.0,24.0,60.0,416.0,10.0,0.2,0.5,12.0,0.28,43.0,2.06,0.21,2025.0
06/25,3625.0,Hebbal Lake,D,5.3,7.8,380.0,8.0,1.6,140.0,3500.0,3.0,108.0,5.0,108.0,56.0,98.0,1.5,0.84,108.0,56.0,52.0,7.0,36.0,264.0,10.0,0.2,0.5,5.0,0.28,40.0,1.5,0.05,2025.0
06/25,3626.0,Nagavara Lake,D,5.3,7.6,600.0,8.0,2.3,320.0,2100.0,3.0,156.0,5.0,156.0,84.0,95.0,1.5,0.91,176.0,88.0,88.0,17.0,63.0,414.0,10.0,0.2,0.5,12.0,0.31,42.0,2.1,0.36,2025.0
06/25,3627.0,Jakkur Lake,E,2.4,7.0,858.0,22.0,3.3,330.0,3500.0,3.0,196.0,5.0,196.0,144.0,160.0,11.0,8.5,216.0,108.0,108.0,12.0,97.0,588.0,56.0,1.6,0.5,14.0,0.34,47.0,2.9,3.9,2025.0
06/25,3628.0,Amruthahalli Lake,D,5.9,6.9,583.0,6.0,2.2,14000.0,46000.0,3.0,160.0,5.0,160.0,80.0,71.0,1.5,0.4,176.0,88.0,88.0,7.0,64.0,402.0,10.0,0.2,0.5,10.0,0.27,43.0,2.1,0.21,2025.0
06/25,3629.0,Allalasandra Lake,E,2.4,7.3,733.0,22.0,2.8,430.0,4300.0,3.0,172.0,5.0,172.0,112.0,164.0,11.0,8.4,196.0,100.0,96.0,14.0,84.0,502.0,40.0,0.96,0.5,10.0,0.32,63.0,2.6,2.3,2025.0
06/25,3630.0,Yelahanka Tank,E,2.4,7.1,844.0,22.0,3.2,630.0,2200.0,3.0,188.0,5.0,188.0,132.0,171.0,11.2,8.6,208.0,104.0,104.0,17.0,95.0,574.0,58.0,1.5,0.5,11.0,0.33,48.0,2.9,3.5,2025.0
06/25,3633.0,Subramanyapura Tank,E,2.9,7.9,801.0,28.0,3.1,2500.0,5800.0,3.0,216.0,5.0,216.0,116.0,184.0,11.3,8.6,200.0,108.0,92.0,41.0,92.0,538.0,82.0,1.0,0.5,16.0,0.37,49.0,3.0,2.8,2025.0
06/25,3634.0,Devarakere Tank,D,4.6,8.2,384.0,7.0,1.6,1200.0,6300.0,3.0,108.0,5.0,108.0,36.0,88.0,1.5,0.51,128.0,72.0,56.0,14.0,37.0,260.0,10.0,0.2,0.5,8.0,0.23,36.0,1.0,0.05,2025.0
06/25,3635.0,Malathahalli Lake,D,5.4,7.3,470.0,6.0,2.0,2600.0,14000.0,3.0,160.0,5.0,160.0,20.0,64.0,1.5,0.4,196.0,104.0,92.0,33.0,31.0,318.0,26.0,0.2,0.5,9.0,0.2,24.0,1.0,0.05,2025.0
06/25,3636.0,Hoskere Lake,D,5.1,7.1,276.0,7.0,1.1,2000.0,9400.0,3.0,96.0,5.0,96.0,20.0,68.0,1.5,0.4,88.0,52.0,36.0,14.0,15.0,188.0,10.0,0.29,0.5,6.0,0.2,25.0,0.69,0.83,2025.0
06/25,3638.0,Yelachenahalli Lake,D,6.8,7.4,433.0,4.0,1.7,240.0,3500.0,3.0,136.0,5.0,136.0,56.0,48.0,1.6,1.2,124.0,64.0,60.0,7.0,43.0,296.0,12.0,0.2,0.5,2.0,0.2,42.0,1.7,0.17,2025.0
06/25,3639.0,Kengeri Tank,D,5.6,7.8,652.0,6.0,2.7,1700.0,7900.0,3.0,184.0,5.0,184.0,84.0,60.0,1.5,0.4,168.0,92.0,76.0,11.0,70.0,440.0,28.0,0.2,0.5,7.0,0.29,50.0,3.0,0.42,2025.0
06/25,3640.0,Uttarahalli Doraikere,D,5.8,8.2,194.0,5.0,0.69,2200.0,8400.0,3.0,76.0,5.0,76.0,16.0,64.0,1.5,0.4,84.0,48.0,36.0,8.0,8.0,130.0,42.0,0.2,0.5,3.0,0.2,16.0,0.38,0.34,2025.0
06/25,3641.0,Dhorekere Tank,D,4.9,8.3,870.0,14.0,3.3,260.0,3500.0,32.0,156.0,16.0,172.0,140.0,136.0,1.5,0.4,184.0,96.0,88.0,39.0,85.0,584.0,46.0,1.01,0.5,2.0,0.22,50.0,2.7,2.4,2025.0
06/25,3642.0,Jigani Tank,D,5.5,7.5,949.0,8.0,3.6,310.0,4300.0,3.0,240.0,5.0,240.0,196.0,74.0,1.5,0.41,248.0,124.0,124.0,5.0,103.0,642.0,10.0,0.2,0.5,4.0,0.38,47.0,2.9,0.05,2025.0
06/25,3643.0,Benniganahalli Lake,E,0.3,8.2,504.0,12.0,1.93,310.0,3500.0,3.0,80.0,5.0,80.0,68.0,64.0,1.5,0.4,96.0,66.0,30.0,29.0,56.0,348.0,44.0,0.2,0.5,17.0,0.37,51.0,2.47,0.05,2025.0
06/25,3655.0,Mathikere Tank,D,5.9,7.4,202.0,4.0,1.0,170.0,4300.0,3.0,40.0,5.0,40.0,28.0,40.0,1.5,0.4,48.0,28.0,20.0,8.0,18.0,138.0,12.0,0.2,0.5,4.0,0.2,42.0,1.13,0.05,2025.0
06/25,4094.0,Gangondanahalli Lake,D,5.4,7.2,588.0,6.0,2.3,17000.0,46000.0,3.0,140.0,5.0,140.0,100.0,58.0,1.5,0.6,164.0,84.0,80.0,35.0,62.0,440.0,60.0,0.2,0.5,6.0,0.3,31.0,2.1,0.3,2025.0
06/25,4095.0,Chikkabanavara Lake,E,3.4,7.2,620.0,16.0,2.4,840.0,2100.0,3.0,148.0,5.0,148.0,107.0,116.0,3.2,2.5,172.0,88.0,84.0,20.0,58.0,422.0,54.0,0.4,0.5,6.0,0.3,29.0,1.9,0.9,2025.0
06/25,4096.0,Andhrahalli Lake,E,0.3,7.4,1303.0,73.0,5.0,25000.0,58000.0,3.0,300.0,5.0,300.0,220.0,352.0,28.0,24.0,352.0,180.0,172.0,53.0,128.0,888.0,14.0,0.6,0.5,26.0,0.31,42.0,2.96,1.71,2025.0
06/25,4097.0,Kachohalli Lake,D,4.8,6.8,1180.0,5.0,4.5,2300.0,9400.0,3.0,280.0,5.0,280.0,204.0,48.0,1.5,0.4,324.0,168.0,156.0,30.0,116.0,800.0,38.0,0.2,0.5,10.0,0.28,30.0,2.8,0.2,2025.0
06/25,4504.0,Sarakki Lake,D,6.6,7.9,626.0,5.0,2.4,25.0,920.0,3.0,148.0,5.0,148.0,112.0,52.0,1.8,1.4,132.0,68.0,27.0,22.0,78.0,426.0,16.0,0.2,0.5,2.0,0.28,55.0,3.0,0.18,2025.0
06/25,4505.0,Nelamangala Lake,D,5.5,7.0,895.0,6.0,3.4,12000.0,41000.0,3.0,288.0,5.0,288.0,168.0,71.0,1.5,0.4,276.0,144.0,132.0,9.0,87.0,612.0,20.0,0.2,0.5,2.0,0.41,40.0,2.3,0.48,2025.0
06/25,4506.0,Abbigere Lake,D,6.0,8.2,624.0,4.0,2.5,310.0,2800.0,3.0,140.0,5.0,140.0,80.0,44.0,1.5,0.55,176.0,92.0,84.0,19.0,52.0,422.0,10.0,0.2,0.5,3.0,0.2,39.0,1.71,0.3,2025.0
06/25,4507.0,Chelekere Lake,D,6.0,7.5,380.0,5.0,1.5,310.0,1700.0,3.0,104.0,5.0,104.0,60.0,58.0,1.5,0.51,128.0,64.0,64.0,8.0,38.0,264.0,10.0,0.2,0.5,5.0,0.3,37.0,1.5,0.05,2025.0
06/25,4508.0,Singapura Lake,D,6.0,7.4,385.0,5.0,1.5,340.0,2400.0,3.0,116.0,5.0,116.0,56.0,65.0,1.5,0.4,140.0,72.0,68.0,8.0,39.0,266.0,10.0,0.2,0.5,5.0,0.29,36.0,1.4,0.13,2025.0
06/25,4509.0,Narasipura Lake,E,3.1,7.4,558.0,6.0,2.14,320.0,3500.0,3.0,140.0,5.0,140.0,80.0,64.0,1.5,0.4,140.0,80.0,60.0,18.0,59.0,374.0,30.0,0.2,0.5,14.0,0.24,45.0,2.17,0.42,2025.0
06/25,4510.0,Rachenahalli Lake,E,2.2,7.1,961.0,24.0,3.7,260.0,1500.0,3.0,228.0,5.0,228.0,168.0,178.0,11.8,9.1,228.0,116.0,112.0,20.0,109.0,658.0,88.0,1.3,0.5,15.0,0.36,49.0,3.1,3.0,2025.0
06/25,4511.0,Kogilu Kere,D,5.9,7.5,360.0,6.0,1.4,310.0,2800.0,3.0,108.0,5.0,108.0,56.0,68.0,1.5,0.4,108.0,56.0,52.0,8.0,38.0,248.0,10.0,0.2,0.5,6.0,0.3,41.0,1.6,0.14,2025.0
06/25,4512.0,Viswaneedam Lake,E,2.9,6.9,622.0,18.0,2.4,14000.0,110000.0,3.0,140.0,5.0,140.0,100.0,176.0,2.5,2.1,164.0,84.0,80.0,25.0,61.0,420.0,132.0,0.2,0.5,13.0,0.24,42.0,2.07,0.24,2025.0
06/25,4513.0,Ramammana Kere,D,5.8,7.2,380.0,6.0,1.5,260.0,2200.0,3.0,88.0,5.0,88.0,65.0,58.0,1.5,0.6,104.0,56.0,48.0,20.0,40.0,258.0,16.0,0.2,0.5,5.0,0.31,31.0,1.7,0.3,2025.0
06/25,4514.0,Sadaramangala Lake,D,5.0,7.6,521.0,7.0,2.0,2100.0,13000.0,3.0,124.0,5.0,124.0,88.0,74.0,1.5,0.4,144.0,76.0,68.0,25.0,52.0,354.0,38.0,0.2,0.5,8.0,0.3,41.0,1.9,0.3,2025.0
06/25,4515.0,Bhattarahalli Lake,D,5.9,8.2,811.0,5.0,3.4,310.0,2800.0,3.0,116.0,5.0,116.0,152.0,64.0,1.5,0.4,84.0,48.0,19.0,15.0,100.0,542.0,10.0,0.2,0.5,16.0,0.53,67.0,5.0,0.05,2025.0
06/25,4516.0,Kundalahalli Lake,D,4.6,7.7,708.0,7.0,2.7,480.0,3500.0,3.0,160.0,5.0,160.0,116.0,84.0,1.5,0.84,192.0,100.0,40.0,29.0,69.0,482.0,20.0,0.2,0.5,15.0,0.31,42.0,2.16,0.32,2025.0
06/25,4517.0,Kowdhenahalli Tank,E,3.2,7.1,670.0,22.0,3.0,2600.0,7000.0,3.0,148.0,5.0,148.0,60.0,168.0,2.5,2.0,152.0,84.0,68.0,19.0,64.0,440.0,28.0,0.7,0.5,16.0,0.22,44.0,2.0,1.7,2025.0
06/25,4518.0,Garudacharpalya Tank,D,5.0,7.1,640.0,6.0,2.8,3200.0,9400.0,3.0,120.0,5.0,120.0,84.0,72.0,1.5,0.4,140.0,80.0,60.0,24.0,54.0,430.0,42.0,0.2,0.5,6.0,0.28,43.0,1.8,0.26,2025.0
06/25,4519.0,Rampura Lake,E,2.6,7.2,873.0,19.0,3.3,24.0,220.0,3.0,236.0,5.0,236.0,116.0,126.0,2.9,2.3,216.0,112.0,104.0,7.0,82.0,596.0,12.0,0.27,0.5,2.0,0.33,45.0,2.5,0.65,2025.0
06/25,4520.0,Chinnappanahalli Lake,D,4.5,7.8,702.0,7.0,2.6,310.0,2200.0,3.0,156.0,5.0,156.0,112.0,76.0,1.5,0.8,188.0,96.0,92.0,28.0,68.0,474.0,24.0,0.2,0.5,14.0,0.25,42.0,2.25,0.3,2025.0
06/25,4521.0,Devarabeesanahalli Lake,D,5.2,7.6,1694.0,10.0,6.5,110.0,2400.0,3.0,188.0,5.0,188.0,348.0,112.0,1.5,0.4,288.0,148.0,140.0,26.0,184.0,1134.0,10.0,0.95,0.5,3.0,0.27,58.0,5.0,2.2,2025.0
06/25,4522.0,Vibhuthipura Lake,D,4.2,8.4,589.0,7.0,9.6,1200.0,7900.0,8.0,184.0,5.0,188.0,60.0,84.0,1.5,0.91,184.0,96.0,88.0,14.0,41.0,398.0,38.0,0.51,0.5,3.0,0.28,53.0,1.31,1.48,2025.0
06/25,4523.0,Nallurahalli Lake,D,5.5,7.08,598.0,6.0,2.0,170.0,1500.0,3.0,136.0,5.0,136.0,112.0,61.0,1.5,0.4,124.0,64.0,60.0,26.0,57.0,407.0,44.0,0.2,0.5,10.0,0.32,31.0,2.2,0.29,2025.0
06/25,4524.0,Pattandur Agrahara Lake,E,2.6,7.3,1705.0,16.0,4.6,2100.0,14000.0,3.0,400.0,5.0,400.0,292.0,156.0,1.8,1.5,468.0,236.0,232.0,53.0,116.0,1150.0,42.0,0.6,0.5,20.0,0.28,44.0,2.3,0.13,2025.0
06/25,4525.0,Seetharampalya Lake,D,5.2,7.3,1137.0,8.0,2.6,3100.0,8400.0,3.0,180.0,5.0,180.0,196.0,80.0,1.5,0.4,220.0,112.0,108.0,24.0,110.0,770.0,52.0,0.2,0.5,18.0,0.25,39.0,3.2,0.26,2025.0
06/25,4526.0,Devasandra Lake,D,5.4,8.0,587.0,6.0,2.8,1700.0,7900.0,3.0,92.0,5.0,92.0,96.0,56.0,1.5,0.4,100.0,56.0,44.0,19.0,74.0,396.0,26.0,0.2,0.5,18.0,0.35,57.0,3.0,0.05,2025.0
06/25,4527.0,Sheelavanta-Whitefield Lake,E,2.8,7.06,1719.0,16.0,6.6,1500.0,17000.0,3.0,408.0,5.0,408.0,296.0,163.0,3.1,2.8,404.0,208.0,196.0,47.0,170.0,1160.0,80.0,0.54,0.5,18.0,0.3,54.0,3.7,0.3,2025.0
06/25,4528.0,Doddakannehalli Lake,D,5.2,7.7,1696.0,9.0,6.5,380.0,4300.0,3.0,176.0,5.0,176.0,340.0,96.0,1.5,0.4,256.0,132.0,124.0,36.0,186.0,1136.0,10.0,1.1,0.5,3.0,0.28,61.0,5.0,2.6,2025.0
06/25,4529.0,Kasavanahalli Lake,D,6.0,7.6,812.0,5.0,3.1,110.0,2400.0,3.0,128.0,5.0,128.0,136.0,58.0,1.5,0.4,136.0,72.0,64.0,20.0,89.0,550.0,10.0,0.2,0.5,2.0,0.28,58.0,3.4,0.05,2025.0
06/25,4530.0,Kammasandra Lake,D,6.4,7.5,530.0,5.0,2.0,210.0,3500.0,3.0,172.0,5.0,172.0,96.0,68.0,1.5,0.4,128.0,64.0,64.0,17.0,57.0,366.0,40.0,0.435,0.5,7.0,0.3,47.0,2.2,0.05,2025.0
06/25,4531.0,Rayasandra Lake,E,0.6,7.6,1811.0,67.0,6.9,2400.0,14000.0,3.0,420.0,5.0,420.0,300.0,348.0,27.0,23.0,492.0,248.0,244.0,74.0,145.0,1230.0,26.0,0.67,0.5,36.0,0.2,37.0,2.84,1.93,2025.0
06/25,4532.0,Chandapura Lake,E,0.8,7.7,2200.0,45.0,8.4,2100.0,17000.0,3.0,508.0,5.0,508.0,360.0,256.0,14.0,10.0,600.0,304.0,296.0,90.0,182.0,1490.0,18.0,0.53,0.5,44.0,0.2,37.0,3.23,1.52,2025.0
06/25,4533.0,Ullalu Lake,D,6.0,6.5,178.0,4.0,0.81,2400.0,17000.0,3.0,60.0,5.0,60.0,8.0,44.0,1.5,0.4,60.0,36.0,24.0,7.0,6.0,114.0,14.0,0.2,0.5,4.0,0.2,17.0,0.34,0.05,2025.0
06/25,4534.0,Sompura Lake,D,5.2,6.8,740.0,5.0,3.0,140.0,1700.0,3.0,216.0,5.0,216.0,64.0,52.0,1.5,0.4,156.0,84.0,72.0,38.0,60.0,508.0,14.0,0.2,0.5,3.0,0.43,44.0,2.09,0.05,2025.0
06/25,4535.0,Gubbalal Lake,E,3.1,6.9,418.0,16.0,1.3,260.0,2100.0,3.0,108.0,5.0,108.0,16.0,116.0,2.0,1.6,112.0,60.0,52.0,8.0,22.0,282.0,10.0,0.2,0.5,2.0,0.2,29.0,0.9,0.05,2025.0
06/25,4536.0,Hosakerehalli Lake,E,0.4,6.5,587.0,66.0,2.0,1400.0,7000.0,3.0,216.0,5.0,216.0,28.0,352.0,5.3,4.2,164.0,88.0,76.0,7.0,37.0,398.0,38.0,0.23,0.5,2.0,0.22,33.0,1.25,0.65,2025.0
06/25,4537.0,Chinnakurchi Kere,D,4.8,6.7,163.0,8.0,0.64,1400.0,4800.0,3.0,60.0,5.0,60.0,12.0,88.0,1.5,0.4,56.0,36.0,20.0,5.0,9.0,110.0,202.0,0.2,0.5,6.0,0.2,24.0,0.52,0.05,2025.0
06/25,4538.0,Machohalli Lake,E,2.6,7.0,1200.0,8.0,4.6,260.0,1700.0,3.0,284.0,5.0,284.0,208.0,84.0,5.2,4.0,332.0,168.0,164.0,28.0,124.0,824.0,28.0,0.3,0.5,12.0,0.26,31.0,3.0,1.0,2025.0
06/25,4539.0,Doddabidarakallu Lake,E,0.3,7.4,1400.0,16.0,5.4,4300.0,14000.0,3.0,332.0,5.0,332.0,240.0,126.0,15.6,1.2,388.0,200.0,188.0,50.0,136.0,968.0,46.0,0.3,0.5,20.0,0.32,29.0,3.0,0.9,2025.0
06/25,4540.0,Kammagondanahalli Lake,E,1.5,6.5,498.0,28.0,2.0,48000.0,350000.0,3.0,140.0,5.0,140.0,48.0,196.0,3.4,2.7,136.0,72.0,64.0,19.0,40.0,388.0,10.0,0.57,0.5,3.0,0.2,38.0,1.49,1.66,2025.0
06/25,4541.0,Alur Lake,E,3.2,6.8,420.0,8.0,1.6,1400.0,11000.0,3.0,100.0,5.0,100.0,72.0,89.0,1.6,1.2,116.0,60.0,56.0,12.0,42.0,286.0,12.0,0.4,0.5,4.0,0.28,30.0,1.7,0.9,2025.0
06/25,4542.0,Basavanapura Lake,D,5.2,7.1,556.0,10.0,2.1,2100.0,9400.0,3.0,144.0,5.0,144.0,104.0,108.0,2.0,1.5,100.0,52.0,48.0,9.0,73.0,384.0,22.0,0.2,0.5,4.0,0.36,60.0,3.2,0.18,2025.0
06/25,4543.0,Kodi Singasandra Lake,E,0.3,7.7,1589.0,12.0,6.1,1100.0,13000.0,3.0,188.0,5.0,188.0,336.0,120.0,1.7,0.4,228.0,124.0,104.0,71.0,257.0,1074.0,18.0,0.2,0.5,4.0,0.66,71.0,7.41,0.05,2025.0
06/25,4544.0,Kothanuru Lake,D,5.8,8.2,426.0,5.0,1.64,140.0,2400.0,3.0,100.0,5.0,100.0,44.0,48.0,1.5,0.4,100.0,56.0,44.0,24.0,52.0,284.0,18.0,0.2,0.5,2.0,0.45,52.0,2.28,0.05,2025.0
06/25,4547.0,Mangamanapalya Lake (Swarana Kunte),D,6.0,7.7,791.0,5.0,12.4,200.0,2100.0,3.0,112.0,5.0,112.0,128.0,48.0,1.5,0.4,144.0,76.0,68.0,35.0,58.0,536.0,10.0,0.2,0.5,3.0,0.35,46.0,2.1,0.15,2025.0
06/25,5558.0,"Kannahalli Lake Kannahalli, Bengaluru",D,5.2,6.9,498.0,5.0,1.9,140.0,2400.0,3.0,116.0,5.0,116.0,84.0,52.0,1.5,0.4,136.0,72.0,64.0,22.0,44.0,340.0,44.0,0.2,0.5,4.0,0.3,57.0,1.6,0.3,2025.0
06/25,5559.0,"Shettihalli Lake, Mallasandra Gudde Lake Bengaluru",E,0.9,6.5,828.0,32.0,3.3,14000.0,120000.0,3.0,244.0,5.0,244.0,92.0,232.0,4.7,3.8,212.0,112.0,100.0,8.0,72.0,560.0,20.0,1.1,0.5,5.0,0.2,42.0,2.15,3.14,2025.0
06/25,5560.0,"Hoodi (Rajapalya Lake) Itpl Main Road, Near Hoodi,Bengaluru",E,3.0,7.9,532.0,8.0,2.0,2300.0,7000.0,3.0,116.0,5.0,116.0,112.0,84.0,2.3,1.8,168.0,88.0,80.0,24.0,50.0,362.0,88.0,0.2,0.5,6.0,0.28,35.0,1.7,0.37,2025.0
06/25,5561.0,"Munekolalu Lake ,Marathahalli, East Taluka ,Bengaluru",D,4.5,8.6,482.0,7.0,8.3,260.0,2100.0,8.0,100.0,5.0,104.0,68.0,76.0,1.5,0.88,156.0,84.0,72.0,18.0,33.0,328.0,42.0,0.44,0.5,3.0,0.23,35.0,1.15,1.27,2025.0
06/25,5562.0,"Mahadevpuraâ  Lake, K. R. Puram , Bangalore East Taluka",D,4.8,7.04,511.0,8.0,2.0,580.0,4300.0,3.0,120.0,5.0,120.0,88.0,78.0,1.5,0.4,140.0,72.0,68.0,24.0,48.0,348.0,30.0,0.2,0.5,6.0,0.31,43.0,1.8,0.24,2025.0
06/25,5563.0,"Segehalli Lake Baavanapura Road Battarahalli
, Bangalore East",D,5.0,7.5,485.0,7.0,2.4,140.0,2400.0,3.0,108.0,5.0,108.0,60.0,68.0,1.5,0.68,108.0,60.0,48.0,12.0,60.0,328.0,10.0,0.2,0.5,15.0,0.36,50.0,3.0,0.2,2025.0
06/25,5564.0,"Kannamangala Lake Hoskote Main Road, Bengalore",D,5.6,7.6,383.0,6.0,1.7,230.0,4300.0,3.0,84.0,5.0,84.0,36.0,56.0,1.5,0.4,104.0,60.0,44.0,22.0,32.0,258.0,10.0,0.2,0.5,9.0,0.2,37.0,1.0,0.16,2025.0
06/25,5565.0,Kannur Lake Near By Hennur Road Bengalore,E,0.3,7.9,3560.0,42.0,13.6,170.0,700.0,3.0,1560.0,5.0,1560.0,710.0,280.0,3.3,2.6,400.0,200.0,200.0,31.0,456.0,2400.0,10.0,0.74,0.5,43.0,0.36,68.0,9.9,1.75,2025.0
06/25,5566.0,"Basavanapura Lake Ayyappa Nagr Main Road
, K. R. Puram , Bengaluru",D,4.4,7.5,486.0,8.0,2.1,330.0,2200.0,3.0,108.0,5.0,108.0,52.0,80.0,1.5,0.82,92.0,52.0,40.0,12.0,58.0,326.0,10.0,0.2,0.5,15.0,0.33,53.0,3.0,0.29,2025.0
06/25,5568.0,"Ulsoor Lake Near Kalyani,Bengaluru",D,5.3,6.5,455.0,10.0,1.7,220.0,2200.0,3.0,112.0,5.0,112.0,48.0,98.0,1.5,0.4,136.0,68.0,68.0,50.0,43.0,314.0,10.0,0.28,0.5,2.0,0.2,40.0,1.6,0.65,2025.0
06/25,5569.0,"Byrasandra Upper Lake,Bengaluru",D,5.8,7.1,461.0,7.0,1.8,1100.0,7900.0,3.0,172.0,5.0,172.0,48.0,77.0,1.5,0.98,156.0,80.0,76.0,13.0,43.0,318.0,10.0,0.22,0.5,2.0,0.2,37.0,1.5,0.52,2025.0
06/25,5570.0,"Soulkere, Kaikondrahalli Vill,Bengaluru",D,4.8,7.7,1692.0,11.0,6.4,1700.0,9400.0,3.0,184.0,5.0,184.0,328.0,120.0,1.5,0.4,264.0,136.0,128.0,43.0,190.0,1148.0,10.0,0.95,0.5,3.0,0.29,61.0,5.1,2.2,2025.0
06/25,5571.0,"Kudlu Doddakere, Kudlu Vill,Bengaluru",E,2.0,7.7,941.0,28.0,3.6,210.0,4300.0,3.0,156.0,5.0,156.0,180.0,188.0,1.8,1.4,148.0,80.0,68.0,15.0,103.0,636.0,12.0,0.36,0.5,2.0,0.31,59.0,3.6,0.86,2025.0
06/25,5572.0,"Kudlu Chikkakere, Bgp Layout Kudlu Vill, Bengaluru",D,6.5,7.8,814.0,4.0,3.1,310.0,2800.0,3.0,128.0,5.0,128.0,144.0,48.0,1.5,0.4,144.0,76.0,68.0,22.0,89.0,554.0,10.0,0.2,0.5,2.0,0.3,57.0,3.1,0.28,2025.0
06/25,5573.0,"Doddathogur Lake , Doddathoguru Vill,Bengaluru",D,5.2,7.5,847.0,4.0,3.25,2100.0,3500.0,3.0,200.0,5.0,200.0,120.0,44.0,1.5,0.4,228.0,132.0,96.0,70.0,92.0,582.0,20.0,0.2,0.5,3.0,0.4,46.0,2.66,0.05,2025.0
06/25,5574.0,"Anjanapura Lake ( Avala Halli Lake) Anjanapura,Bengaluru",D,5.9,7.5,589.0,5.0,2.26,210.0,2200.0,3.0,136.0,5.0,136.0,88.0,56.0,1.5,0.4,112.0,62.0,50.0,10.0,74.0,406.0,16.0,0.2,0.5,2.0,0.37,58.0,3.03,0.14,2025.0
06/25,5822.0,"Doddakammanahalli lake, Doddakammanahalli phase2, tejaswini nagar",D,5.2,8.1,528.0,4.0,2.03,260.0,2200.0,3.0,112.0,5.0,112.0,64.0,44.0,1.5,0.4,136.0,90.0,46.0,23.0,51.0,354.0,18.0,0.2,0.5,2.0,0.47,44.0,1.9,0.05,2025.0
06/25,5823.0,"Basspura Lake, Aishwarya crystal layout, begur, Bengaluru",D,5.6,8.5,772.0,5.0,13.8,320.0,2200.0,16.0,128.0,8.0,136.0,172.0,52.0,1.5,0.57,140.0,76.0,64.0,18.0,65.0,530.0,22.0,0.2,0.5,5.0,0.37,61.0,2.38,0.56,2025.0
06/25,5825.0,"Lower Amblipura Lake, PWD Quarters,1st Sector, HSR Layout Bengaluru",D,6.0,7.8,792.0,4.0,12.4,110.0,2400.0,3.0,108.0,5.0,108.0,128.0,44.0,1.5,0.4,136.0,72.0,64.0,38.0,59.0,538.0,12.0,0.2,0.5,4.0,0.33,47.0,2.2,0.12,2025.0
06/25,5826.0,"Bhoganhalli Lake, Bhoganhalli,, Bengaluru",D,5.9,8.4,1196.0,5.0,21.4,220.0,1500.0,32.0,164.0,16.0,180.0,336.0,48.0,1.5,0.4,280.0,144.0,136.0,38.0,108.0,810.0,10.0,0.75,0.5,9.0,0.35,30.0,2.8,2.09,2025.0
06/25,5828.0,"Parappana Agrahara Chikka kere, near central jail, sai sree layout Parappana Agrahara,",D,6.1,7.8,736.0,4.0,12.6,480.0,3500.0,3.0,112.0,5.0,112.0,128.0,40.0,1.5,0.4,156.0,84.0,72.0,32.0,60.0,516.0,10.0,0.2,0.5,4.0,0.32,44.0,2.0,0.11,2025.0
06/25,5829.0,"Vittasandra Lake, vittasandra,",D,5.7,7.5,844.0,5.0,3.24,200.0,1700.0,3.0,204.0,5.0,204.0,116.0,48.0,1.5,0.4,208.0,126.0,82.0,54.0,92.0,582.0,24.0,0.2,0.5,3.0,0.42,48.0,2.78,0.05,2025.0
06/25,5830.0,"Akshyanagara Lake, Akshyanagara West, Bengaluru",D,5.9,8.0,419.0,5.0,1.6,230.0,2800.0,3.0,92.0,5.0,92.0,44.0,60.0,1.5,0.4,112.0,64.0,48.0,28.0,54.0,284.0,10.0,0.2,0.5,15.0,0.32,47.0,2.0,0.05,2025.0
06/25,5831.0,"Yallenahalli Lake, begur-koppa rd, Akshayanagara, Bengaluru",D,5.8,7.8,418.0,5.0,1.6,2100.0,7000.0,3.0,100.0,5.0,100.0,60.0,48.0,1.5,0.4,124.0,80.0,44.0,22.0,51.0,286.0,20.0,0.2,0.5,2.0,0.45,46.0,1.98,0.18,2025.0
06/25,5833.0,Doddagubbi Lake,E,6.0,8.2,2930.0,4.0,10.9,310.0,3500.0,3.0,400.0,5.0,400.0,516.0,40.0,1.5,0.4,200.0,108.0,92.0,19.0,296.0,1932.0,10.0,0.2,0.5,129.0,0.45,64.0,9.0,0.26,2025.0
06/25,5834.0,Chikkagubi Lake,E,0.3,8.4,12780.0,450.0,49.0,22000.0,130000.0,300.0,2590.0,150.0,2740.0,2750.0,1488.0,95.0,73.0,1880.0,950.0,930.0,45.0,1460.0,8690.0,200.0,3.68,0.5,113.0,0.56,61.0,14.7,8.7,2025.0
06/25,5835.0,Vijanapura Lake,D,5.8,8.4,415.0,6.0,1.6,3200.0,12000.0,3.0,132.0,5.0,132.0,52.0,72.0,1.5,0.5,128.0,68.0,60.0,25.0,39.0,284.0,28.0,0.29,0.5,1.0,0.2,39.0,1.4,0.69,2025.0
06/25,5836.0,Cheemasandra,D,5.0,8.5,787.0,8.0,3.0,250.0,1500.0,48.0,116.0,24.0,140.0,148.0,88.0,1.5,0.76,116.0,64.0,52.0,15.0,103.0,534.0,10.0,0.2,0.5,2.0,0.41,65.0,4.4,0.17,2025.0
06/25,5837.0,Leghumenahalli lake,D,5.8,8.2,809.0,5.0,3.3,210.0,1700.0,3.0,120.0,5.0,120.0,144.0,60.0,1.5,0.4,84.0,48.0,19.0,13.0,100.0,532.0,12.0,0.2,0.5,18.0,0.58,67.0,5.0,0.05,2025.0
06/25,5838.0,Varanasi lake,D,6.2,7.5,378.0,4.0,1.4,210.0,2100.0,3.0,100.0,5.0,100.0,56.0,48.0,1.5,0.4,136.0,72.0,29.0,11.0,31.0,260.0,10.0,0.2,0.5,1.0,0.2,32.0,1.1,0.11,2025.0
06/25,5839.0,Gangashetty lake,D,5.3,7.6,961.0,6.0,3.6,170.0,2400.0,3.0,236.0,5.0,236.0,140.0,64.0,1.5,0.63,140.0,76.0,64.0,14.0,99.0,654.0,30.0,0.2,0.5,2.0,0.41,60.0,3.9,0.21,2025.0
06/25,5840.0,Panathur lake,D,5.4,7.6,569.0,4.0,2.1,33.0,1600.0,3.0,124.0,5.0,124.0,88.0,44.0,1.5,0.4,148.0,76.0,72.0,23.0,55.0,386.0,10.0,0.2,0.5,11.0,0.21,42.0,1.96,0.22,2025.0
06/25,5841.0,Garudacharpalya lake-2,D,5.2,7.3,645.0,6.0,2.5,210.0,1400.0,3.0,152.0,5.0,152.0,112.0,61.0,1.5,0.4,176.0,92.0,84.0,25.0,65.0,439.0,40.0,0.2,0.5,8.0,0.32,50.0,2.1,0.24,2025.0
06/25,5842.0,Mahadevapura Lake-2,E,2.0,7.2,275.0,17.0,1.1,240.0,3500.0,3.0,64.0,5.0,64.0,48.0,167.0,3.3,3.0,76.0,40.0,36.0,26.0,28.0,180.0,80.0,0.2,0.5,6.0,0.28,56.0,1.4,0.21,2025.0
06/25,5843.0,B- Narayannapura lake-2,D,5.3,7.1,392.0,5.0,1.5,3300.0,11000.0,3.0,88.0,5.0,88.0,60.0,60.0,1.5,0.4,104.0,56.0,48.0,16.0,38.0,270.0,12.0,0.2,0.5,8.0,0.2,42.0,1.62,0.05,2025.0
06/25,5844.0,Halnayakanahalli lake,D,5.1,7.8,562.0,5.0,2.1,210.0,4300.0,3.0,120.0,5.0,120.0,84.0,56.0,1.5,0.4,144.0,76.0,68.0,22.0,54.0,380.0,10.0,0.2,0.5,10.0,0.29,43.0,1.95,0.19,2025.0
07/25,1388.0,"Ulsoor Lake Training Centre Of Fish
Breeding",E,3.0,8.4,404.0,18.0,1.7,1700.0,13000.0,16.0,52.0,8.0,60.0,48.0,124.0,3.3,2.4,48.0,32.0,16.0,35.0,50.0,272.0,212.0,0.8875,0.5,12.0,0.43,63.0,3.0,0.33,2025.0
07/25,3589.0,Madiwala Tank,E,4.2,7.3,1753.0,10.0,6.7,3100.0,17000.0,17.6,260.0,8.8,260.0,380.0,100.0,4.48,3.2,256.0,180.0,70.0,62.0,280.0,1172.0,44.0,0.815,0.5,40.0,0.66,67.0,7.7,0.275,2025.0
07/25,3590.0,Lalbagh Tank,D,5.4,8.2,489.0,6.0,2.3,260.0,4300.0,19.2,88.0,9.6,88.0,68.0,56.0,3.985,0.4,80.0,48.0,32.0,20.0,63.0,330.0,16.0,0.7425,0.5,15.0,0.47,58.0,3.0,0.22,2025.0
07/25,3591.0,Kempambudhi Tank,D,5.1,8.0,572.0,9.0,1.9,2300.0,9400.0,20.8,196.0,10.4,196.0,68.0,104.0,3.49,0.51,160.0,84.0,76.0,8.0,79.0,390.0,140.0,0.67,0.5,8.0,0.25,50.0,2.8,1.5,2025.0
07/25,3592.0,Yediyur Tank,D,6.0,8.2,257.0,4.0,1.0,240.0,2800.0,22.4,76.0,11.2,76.0,24.0,44.0,2.995,0.4,80.0,48.0,32.0,9.0,22.0,174.0,14.0,0.5900000000000001,0.5,9.0,0.21,34.0,1.0,0.885,2025.0
07/25,3593.0,Ulsoor Lake Temple,E,3.3,8.5,402.0,16.0,1.4,2100.0,7000.0,24.0,48.0,12.0,60.0,52.0,112.0,2.5,1.8,48.0,32.0,16.0,27.0,50.0,268.0,220.0,0.51,0.5,13.0,0.235,62.0,3.0,0.27,2025.0
07/25,3594.0,Sankey Tank,D,6.2,7.7,580.0,5.0,2.2,310.0,4300.0,32.0,132.0,16.0,132.0,92.0,56.0,2.82,0.92,156.0,84.0,72.0,24.0,57.0,394.0,152.0,0.43,0.5,12.0,0.26,41.0,2.0,0.21,2025.0
07/25,3595.0,Byrasandra Tank,D,4.6,8.2,1010.0,7.0,4.0,260.0,3500.0,40.0,136.0,20.0,136.0,164.0,88.0,3.1399999999999997,0.63,136.0,76.0,60.0,32.0,114.0,660.0,84.0,0.35,0.5,24.0,0.48,60.0,4.0,0.85,2025.0
07/25,3596.0,Nayandanahalli Tank,D,6.0,8.5,730.0,5.0,2.8,210.0,3500.0,48.0,160.0,24.0,184.0,124.0,52.0,3.46,0.4,176.0,88.0,88.0,14.0,77.0,504.0,16.0,0.27,0.5,9.0,0.39,47.0,2.5,0.63,2025.0
07/25,3597.0,Hesaraghatta Lake,D,6.0,7.3,382.0,4.0,1.3,26.0,140.0,44.0,64.0,22.0,64.0,12.0,48.0,3.78,0.61,140.0,76.0,64.0,28.0,28.0,260.0,22.0,0.326,0.5,10.0,0.24,30.0,1.02,0.42,2025.0
07/25,3598.0,Herohalli Tank,E,2.9,7.2,530.0,20.0,2.0,170.0,3500.0,40.0,120.0,20.0,120.0,84.0,176.0,4.1,3.6,140.0,76.0,64.0,22.0,52.0,362.0,28.0,0.382,0.5,11.0,0.22,42.0,1.91,0.21,2025.0
07/25,3599.0,Anchepalya Lake,D,6.2,7.6,414.0,4.0,1.6,310.0,2800.0,36.0,92.0,18.0,92.0,64.0,40.0,3.95,0.4,108.0,56.0,52.0,17.0,40.0,280.0,14.0,0.438,0.5,8.0,0.26,1.68,42.0,0.22,2025.0
07/25,3600.0,Shivapura Tank,D,6.4,8.5,683.0,4.0,2.6,260.0,4300.0,32.0,168.0,16.0,184.0,112.0,48.0,3.8,0.4,156.0,84.0,72.0,28.0,67.0,464.0,20.0,0.494,0.5,14.0,0.34,45.0,2.33,0.23,2025.0
07/25,3602.0,Bellandur Lake,D,5.1,7.4,811.0,8.0,3.1,200.0,2200.0,36.0,276.0,18.0,276.0,88.0,92.0,3.65,1.1,264.0,132.0,132.0,13.0,89.0,560.0,21.0,0.55,0.5,9.0,0.33,41.0,2.4,1.3,2025.0
07/25,3603.0,Vengaiyyanakere( Kr Puram Lake ),E,2.2,7.4,1105.0,27.0,4.5,4900.0,28000.0,40.0,240.0,20.0,240.0,224.0,192.0,3.5,2.9,224.0,120.0,104.0,24.0,97.0,728.0,22.0,0.22,0.5,36.0,0.46,44.0,2.8,0.62,2025.0
07/25,3604.0,Doddanekkundi Lake,D,6.8,7.6,682.0,4.0,2.6,12.0,70.0,44.0,120.0,22.0,120.0,76.0,44.0,3.35,0.55,168.0,88.0,80.0,15.0,70.0,460.0,12.0,0.39,0.5,13.0,0.49,45.0,2.15,0.28,2025.0
07/25,3605.0,Yelemallappa Shetty Lake,E,2.8,6.6,720.0,16.0,2.7,940.0,5400.0,48.0,180.0,24.0,180.0,180.0,120.0,3.2,2.6,180.0,96.0,84.0,17.0,60.0,486.0,18.0,0.56,0.5,6.0,0.27,41.0,1.9,1.6,2025.0
07/25,3606.0,Dasarahalli Tank,D,6.1,7.0,468.0,5.0,1.8,110.0,2400.0,52.0,104.0,26.0,104.0,76.0,56.0,3.05,0.4,124.0,68.0,56.0,19.0,45.0,320.0,16.0,1.05,0.5,9.0,0.325,42.0,1.75,3.1399999999999997,2025.0
07/25,3607.0,Kalkere Tank,E,5.75,7.6,1607.0,50.0,6.17,270.0,1700.0,56.0,336.0,28.0,336.0,232.0,244.0,2.9,2.4,464.0,236.0,228.0,15.5,148.0,1072.0,36.0,1.54,0.5,10.0,0.38,49.0,2.99,4.68,2025.0
07/25,3608.0,Varthur Lake,D,5.4,7.8,921.0,6.0,3.8,380.0,2100.0,60.0,276.0,30.0,276.0,80.0,56.0,3.0,0.4,236.0,124.0,112.0,12.0,71.0,612.0,32.5,0.44,0.5,29.0,0.45,36.0,2.0,0.6,2025.0
07/25,3609.0,Ibbalur Lake,D,5.0,8.5,978.0,8.0,3.7,250.0,2100.0,64.0,224.0,32.0,256.0,144.0,88.0,3.1,0.4,204.0,108.0,96.0,14.0,96.0,668.0,29.0,0.68,0.5,9.0,0.39,49.0,2.9,1.6,2025.0
07/25,3610.0,Tubarahalli Tank,D,4.5,7.4,757.0,8.0,2.9,170.0,3500.0,56.0,92.0,28.0,92.0,128.0,92.0,3.2,0.83,136.0,76.0,60.0,15.0,80.0,500.0,25.5,0.6633333333333333,0.5,12.0,0.35,53.0,3.0,0.21,2025.0
07/25,3611.0,Kaikondanahalli Lake,D,5.0,7.5,1597.0,8.0,6.1,200.0,3500.0,48.0,250.0,24.0,250.0,332.0,96.0,3.3,0.91,350.0,170.0,170.0,51.0,232.0,1086.0,22.0,0.6466666666666667,0.5,37.0,0.77,56.0,5.4,0.13,2025.0
07/25,3612.0,Agaram Lake,D,5.8,8.5,980.0,6.0,3.8,210.0,2800.0,40.0,248.0,20.0,268.0,136.0,64.0,3.4,0.4,200.0,104.0,96.0,15.0,98.0,660.0,26.0,0.63,0.5,8.0,0.37,50.0,3.0,1.5,2025.0
07/25,3613.0,Gottigere Lake,E,4.15,7.4,1986.0,10.0,7.62,3100.0,12000.0,45.714285714285715,210.0,22.857142857142858,210.0,500.0,104.0,3.5,2.5,310.0,190.0,120.0,107.0,287.0,1334.0,30.0,0.64,0.5,40.0,0.58,63.0,7.08,1.52,2025.0
07/25,3614.0,Puttenahalli Lake,E,2.5,7.4,689.0,5.0,2.64,170.0,2400.0,51.42857142857143,172.0,25.714285714285715,172.0,72.0,52.0,4.13,0.5,100.0,56.0,44.0,46.0,64.0,466.0,30.0,0.65,0.5,14.0,0.26,54.0,2.79,1.54,2025.0
07/25,3615.0,Arakere Lake,E,3.3333333333333335,7.3,573.0,12.0,2.2,3200.0,14000.0,57.14285714285714,156.0,28.57142857142857,156.0,68.0,116.0,4.76,3.4,128.0,86.0,42.0,19.0,63.0,382.0,48.0,0.66,0.5,14.0,0.28,48.0,2.43,1.57,2025.0
07/25,3616.0,Kalena Agrahara Lake,E,4.166666666666667,7.4,2356.0,12.0,9.04,2700.0,13000.0,62.85714285714286,210.0,31.42857142857143,210.0,620.0,124.0,3.64,2.6,400.0,225.0,175.0,108.0,284.0,1594.0,46.0,0.5766666666666667,0.5,40.0,0.8,58.0,6.18,0.845,2025.0
07/25,3617.0,Hulimavu Lake,D,5.0,7.8,597.0,9.0,2.3,170.0,1400.0,68.57142857142857,132.0,34.285714285714285,132.0,104.0,108.0,1.61,1.2,144.0,72.0,72.0,12.0,62.0,412.0,18.0,0.4933333333333333,0.5,7.0,0.35,46.0,2.2,0.12,2025.0
07/25,3618.0,Singasandra Lake,E,2.8,8.1,897.0,27.0,3.6,3200.0,9400.0,74.28571428571428,160.0,37.14285714285714,160.0,120.0,196.0,1.6075000000000002,1.9,156.0,84.0,72.0,13.0,77.0,606.0,40.0,0.41,0.5,6.0,0.35,50.0,2.69,1.17,2025.0
07/25,3619.0,Begur Tank,D,6.0,8.5,1020.0,5.0,4.1,210.0,1700.0,80.0,184.0,40.0,224.0,112.0,48.0,1.605,0.43,208.0,108.0,100.0,33.0,89.0,690.0,31.0,0.25,0.5,7.0,0.5,47.0,2.68,0.87,2025.0
07/25,3620.0,Parappana Agrahara Lake,D,4.8,8.5,1016.0,7.0,4.1,470.0,2200.0,40.0,204.0,20.0,224.0,116.0,72.0,1.6025,0.66,216.0,112.0,104.0,41.0,89.0,668.0,22.0,0.5,0.5,7.0,0.48,46.0,2.64,1.44,2025.0
07/25,3621.0,Haralur Lake,E,2.6,8.1,943.0,26.0,9.8,93.0,2400.0,39.55555555555556,172.0,19.77777777777778,172.0,124.0,184.0,1.6,1.3,160.0,84.0,76.0,18.0,81.0,636.0,48.0,0.76,0.5,6.0,0.34,51.0,2.79,2.08,2025.0
07/25,3622.0,Somasundrapalya Lake,D,5.0,7.0,794.0,9.0,3.0,260.0,4300.0,39.111111111111114,264.0,19.555555555555557,264.0,80.0,96.0,1.83,1.4,244.0,124.0,120.0,15.0,87.0,548.0,40.0,1.0,0.5,9.0,0.31,42.0,2.4,2.3,2025.0
07/25,3623.0,Anekal Doddakere Tank,D,4.5,7.5,1295.0,7.0,4.96,2100.0,11000.0,38.666666666666664,256.0,19.333333333333332,256.0,208.0,88.0,3.104,0.4,252.0,76.0,176.0,8.0,130.0,856.0,32.0,0.605,0.5,20.0,0.31,51.0,3.59,1.42,2025.0
07/25,3624.0,Puttenahalli Lake,D,4.2,7.0,495.0,6.0,1.9,26.0,1600.0,38.22222222222222,96.0,19.11111111111111,96.0,104.0,60.0,4.378,0.4,120.0,82.0,38.0,10.0,48.0,338.0,18.0,0.21,0.5,10.0,0.21,44.0,1.91,0.54,2025.0
07/25,3625.0,Hebbal Lake,D,6.8,8.1,401.0,5.0,1.5,14.0,94.0,37.77777777777778,116.0,18.88888888888889,116.0,36.0,48.0,5.651999999999999,0.58,104.0,56.0,48.0,9.0,39.0,270.0,22.0,0.6066666666666667,0.5,9.0,0.3,42.0,1.66,0.415,2025.0
07/25,3626.0,Nagavara Lake,D,4.5,7.2,632.0,8.0,2.5,1400.0,13000.0,37.333333333333336,132.0,18.666666666666668,132.0,60.0,76.0,6.925999999999999,0.93,148.0,80.0,68.0,27.0,60.0,420.0,51.0,1.0033333333333334,0.5,15.0,0.37,44.0,2.1,0.29,2025.0
07/25,3627.0,Jakkur Lake,E,2.2,7.3,1075.0,27.0,4.3,200.0,7000.0,36.888888888888886,192.0,18.444444444444443,192.0,136.0,192.0,8.2,6.2,216.0,116.0,100.0,24.0,96.0,720.0,80.0,1.4,0.5,23.0,0.38,46.0,2.8,4.2,2025.0
07/25,3628.0,Amruthahalli Lake,D,5.1,7.3,666.0,7.0,2.7,130.0,2400.0,36.44444444444444,164.0,18.22222222222222,164.0,76.0,68.0,7.550999999999999,0.71,164.0,88.0,76.0,12.0,63.0,446.0,42.0,0.87,0.5,8.0,0.345,44.0,2.1,0.27,2025.0
07/25,3629.0,Allalasandra Lake,D,4.1,7.4,498.0,5.0,1.91,1400.0,7900.0,36.0,88.0,18.0,88.0,84.0,56.0,6.901999999999999,0.4,124.0,80.0,44.0,12.0,50.0,338.0,18.0,0.34,0.5,8.0,0.31,45.0,1.95,0.8,2025.0
07/25,3630.0,Yelahanka Tank,D,4.9,7.0,636.0,7.0,2.8,310.0,2800.0,35.55555555555556,136.0,17.77777777777778,136.0,68.0,72.0,6.253,0.84,168.0,92.0,76.0,23.0,62.0,426.0,66.0,0.24,0.5,18.0,0.28,41.0,2.0,0.68,2025.0
07/25,3633.0,Subramanyapura Tank,E,3.2,8.0,1211.0,17.0,4.6,6800.0,33000.0,35.111111111111114,288.0,17.555555555555557,288.0,148.0,112.0,5.603999999999999,0.85,280.0,144.0,136.0,17.0,108.0,820.0,42.0,1.15,0.5,11.0,0.41,44.0,2.8,2.72,2025.0
07/25,3634.0,Devarakere Tank,D,5.8,7.5,771.0,5.0,2.9,13000.0,58000.0,34.666666666666664,216.0,17.333333333333332,216.0,48.0,52.0,4.955,0.4,180.0,96.0,84.0,8.0,53.0,522.0,31.0,0.22,0.5,5.0,0.3,38.0,1.7,0.53,2025.0
07/25,3635.0,Malathahalli Lake,D,5.9,7.6,628.0,5.0,2.8,260.0,1700.0,34.22222222222222,204.0,17.11111111111111,204.0,32.0,48.0,4.306,0.4,120.0,68.0,52.0,34.0,31.0,420.0,20.0,0.235,0.5,10.0,0.26,33.0,1.1,0.27,2025.0
07/25,3636.0,Hoskere Lake,D,6.0,6.9,346.0,6.0,1.3,3200.0,9400.0,33.77777777777778,124.0,16.88888888888889,124.0,36.0,58.0,3.657,0.45,128.0,68.0,60.0,6.0,16.0,232.0,24.0,0.25,0.5,2.0,0.255,21.0,0.5,0.36,2025.0
07/25,3638.0,Yelachenahalli Lake,D,5.8,8.2,459.0,5.0,2.1,170.0,2400.0,33.333333333333336,108.0,16.666666666666668,108.0,52.0,64.0,3.008,0.4,120.0,68.0,52.0,17.0,51.0,310.0,117.33333333333331,0.265,0.5,8.0,0.25,46.0,2.0,0.34,2025.0
07/25,3639.0,Kengeri Tank,D,5.9,7.6,841.0,6.0,3.2,250.0,2800.0,32.888888888888886,252.0,16.444444444444443,252.0,104.0,65.0,2.359,0.4,212.0,112.0,100.0,15.0,89.0,578.0,210.66666666666663,0.28,0.5,9.0,0.35,46.0,2.7,0.66,2025.0
07/25,3640.0,Uttarahalli Doraikere,E,3.0,7.6,228.0,20.0,0.87,310.0,2100.0,32.44444444444444,104.0,16.22222222222222,104.0,32.0,136.0,1.71,0.9,96.0,52.0,44.0,12.0,32.0,164.0,304.0,0.325,0.5,3.0,0.3433333333333333,41.0,1.4,0.25,2025.0
07/25,3641.0,Dhorekere Tank,E,3.4,8.5,359.0,24.0,1.3,1500.0,4800.0,32.0,116.0,16.0,132.0,36.0,152.0,2.465,0.71,156.0,84.0,72.0,25.0,22.0,252.0,260.0,0.37,0.5,3.0,0.3366666666666666,23.0,0.7,0.87,2025.0
07/25,3642.0,Jigani Tank,E,4.65,7.7,1280.0,31.0,4.91,240.0,4300.0,31.57894736842105,252.0,15.789473684210526,252.0,216.0,170.0,3.22,23.0,248.0,72.0,176.0,6.0,134.0,852.0,38.0,0.3516666666666667,0.5,35.0,0.33,49.0,3.61,0.08,2025.0
07/25,3643.0,Benniganahalli Lake,D,5.9,8.2,505.0,5.0,2.1,430.0,3500.0,31.157894736842103,76.0,15.578947368421051,76.0,108.0,64.0,6.5760000000000005,0.4,108.0,60.0,48.0,38.0,55.0,342.0,33.0,0.3333333333333333,0.5,16.0,0.5,16.0,2.3,0.31,2025.0
07/25,3655.0,Mathikere Tank,D,5.1,7.4,353.0,5.0,1.4,1700.0,4800.0,30.73684210526316,76.0,15.36842105263158,76.0,56.0,52.0,9.932,0.59,92.0,52.0,40.0,15.0,34.0,242.0,28.0,0.315,0.5,7.0,0.495,42.0,1.54,0.2299999999999999,2025.0
07/25,4094.0,Gangondanahalli Lake,D,5.1,7.6,1603.0,8.0,6.2,23.0,280.0,30.315789473684212,210.0,15.157894736842106,210.0,364.0,84.0,13.288000000000002,0.91,470.0,240.0,230.0,9.0,223.0,1090.0,23.0,0.2966666666666667,0.5,16.0,0.49,50.0,4.5,0.15,2025.0
07/25,4095.0,Chikkabanavara Lake,D,6.1,7.6,587.0,4.0,2.4,2100.0,14000.0,29.894736842105264,108.0,14.947368421052632,108.0,48.0,40.0,16.644000000000002,0.64,204.0,108.0,96.0,50.0,51.0,398.0,18.0,0.2783333333333333,0.5,3.0,0.37,35.0,1.55,0.4549999999999999,2025.0
07/25,4096.0,Andhrahalli Lake,E,5.8,7.3,1834.0,83.0,7.0,21000.0,170000.0,29.473684210526315,428.0,14.736842105263158,428.0,308.0,356.0,20.0,17.0,500.0,256.0,244.0,75.0,166.0,1232.0,42.0,0.26,0.5,37.0,38.0,40.0,3.23,0.76,2025.0
07/25,4097.0,Kachohalli Lake,E,5.5,7.1,1329.0,56.0,5.1,260.0,1400.0,29.05263157894737,460.0,14.526315789473683,460.0,180.0,220.0,49.0,38.0,440.0,220.0,220.0,24.0,106.0,904.0,42.0,3.2,0.5,27.0,0.25,33.0,2.2,7.6,2025.0
07/25,4504.0,Sarakki Lake,D,5.2,8.0,764.0,7.0,3.0,240.0,3500.0,28.63157894736842,128.0,14.31578947368421,128.0,96.0,72.0,37.275,0.4,120.0,68.0,52.0,37.0,84.0,510.0,27.0,1.76,0.5,22.0,0.36,55.0,3.0,0.22,2025.0
07/25,4505.0,Nelamangala Lake,D,6.1,6.9,1347.0,4.0,5.1,130.0,2400.0,28.210526315789473,312.0,14.105263157894736,312.0,224.0,40.0,25.55,0.76,364.0,188.0,176.0,55.0,128.0,914.0,12.0,0.32,0.5,27.0,0.41,41.0,2.91,0.94,2025.0
07/25,4506.0,Abbigere Lake,D,5.9,8.0,751.0,5.0,2.6,11.0,79.0,27.789473684210527,128.0,13.894736842105264,128.0,76.0,56.0,13.825000000000005,0.78,176.0,92.0,84.0,28.0,55.0,508.0,14.0,0.5800000000000001,0.5,4.0,0.35,40.0,1.81,0.39,2025.0
07/25,4507.0,Chelekere Lake,E,3.2,7.1,826.0,16.0,3.5,2300.0,11000.0,27.36842105263158,160.0,13.68421052631579,160.0,92.0,112.0,2.1,1.6,228.0,120.0,108.0,25.0,80.0,548.0,36.0,0.84,0.5,19.0,0.4,41.0,2.3,2.4,2025.0
07/25,4508.0,Singapura Lake,D,5.4,7.8,572.0,6.0,2.2,170.0,3500.0,26.94736842105263,132.0,13.473684210526317,132.0,60.0,56.0,2.8,0.57,160.0,88.0,72.0,18.0,59.0,386.0,82.0,0.54,0.5,13.0,0.32,42.0,2.0,0.43,2025.0
07/25,4509.0,Narasipura Lake,E,3.0,6.8,922.0,18.0,3.4,240.0,4300.0,26.526315789473685,188.0,13.263157894736842,188.0,112.0,124.0,3.5,2.6,192.0,104.0,88.0,13.0,81.0,614.0,36.0,0.24,0.5,9.0,0.35,46.0,2.5,0.69,2025.0
07/25,4510.0,Rachenahalli Lake,E,1.7,7.3,1268.0,41.0,5.0,2000.0,12000.0,26.105263157894736,248.0,13.052631578947368,248.0,164.0,216.0,10.9,8.3,216.0,116.0,100.0,17.0,98.0,830.0,92.0,1.3,0.5,28.0,0.4,46.0,2.9,3.8,2025.0
07/25,4511.0,Kogilu Kere,D,4.4,7.2,637.0,8.0,2.6,1100.0,14000.0,25.684210526315788,136.0,12.842105263157894,136.0,68.0,92.0,9.516666666666667,0.9,152.0,84.0,68.0,25.0,63.0,428.0,57.0,1.2033333333333334,0.5,16.0,0.38,44.0,2.2,0.38,2025.0
07/25,4512.0,Viswaneedam Lake,D,4.9,7.8,643.0,6.0,2.5,130.0,2400.0,25.26315789473684,144.0,12.63157894736842,144.0,104.0,60.0,8.133333333333333,0.55,172.0,92.0,80.0,26.0,63.0,438.0,22.0,1.106666666666667,0.5,13.0,0.31,42.0,2.08,0.24,2025.0
07/25,4513.0,Ramammana Kere,D,5.8,7.4,330.0,4.0,1.3,24000.0,350000.0,24.842105263157897,76.0,12.421052631578949,76.0,56.0,44.0,6.75,0.4,88.0,48.0,40.0,14.0,32.0,228.0,21.333333333333332,1.01,0.5,6.0,0.295,42.0,1.48,0.235,2025.0
07/25,4514.0,Sadaramangala Lake,D,6.6,7.9,592.0,4.0,2.27,430.0,2800.0,24.42105263157895,152.0,12.210526315789474,152.0,112.0,44.0,5.366666666666666,0.65,152.0,82.0,70.0,16.0,64.0,398.0,20.666666666666668,0.9133333333333332,0.5,13.0,0.28,45.0,1.28,0.23,2025.0
07/25,4515.0,Bhattarahalli Lake,D,5.7,8.5,906.0,7.0,3.47,260.0,2800.0,24.0,144.0,12.0,156.0,172.0,80.0,3.983333333333333,0.4,116.0,64.0,52.0,9.0,103.0,622.0,20.0,0.8166666666666667,0.5,18.0,0.61,61.0,4.4,0.18,2025.0
07/25,4516.0,Kundalahalli Lake,E,3.0,7.2,742.0,22.0,2.8,1500.0,13000.0,24.0,140.0,12.0,140.0,92.0,168.0,2.6,2.1,156.0,84.0,72.0,20.0,74.0,492.0,80.0,0.72,0.5,16.0,0.33,47.0,2.6,1.9,2025.0
07/25,4517.0,Kowdhenahalli Tank,D,4.5,7.6,762.0,8.0,3.5,3900.0,21000.0,24.0,180.0,12.0,180.0,184.0,92.0,4.633333333333333,0.89,184.0,100.0,84.0,15.0,72.0,514.0,28.0,0.3,0.5,18.0,0.25,43.0,2.3,0.84,2025.0
07/25,4518.0,Garudacharpalya Tank,D,5.4,7.2,717.0,7.0,2.75,450.0,7900.0,24.0,164.0,12.0,164.0,100.0,72.0,6.666666666666666,0.72,184.0,98.0,86.0,12.5,62.0,486.0,26.0,0.5,0.5,16.0,0.24,40.0,1.35,1.48,2025.0
07/25,4519.0,Rampura Lake,E,1.7,7.6,1210.0,54.0,4.6,430.0,3500.0,24.0,244.0,12.0,244.0,224.0,296.0,8.7,6.6,224.0,120.0,104.0,10.0,98.0,800.0,24.0,0.31,0.5,25.0,0.35,45.0,2.7,0.82,2025.0
07/25,4520.0,Chinnappanahalli Lake,E,2.4,7.4,843.0,42.0,3.3,17000.0,46000.0,24.0,132.0,12.0,132.0,124.0,228.0,3.3,2.5,128.0,72.0,56.0,13.0,94.0,558.0,18.0,0.36,0.5,16.0,0.61,58.0,3.6,0.98,2025.0
07/25,4521.0,Devarabeesanahalli Lake,D,5.4,7.6,819.0,6.0,3.3,170.0,2100.0,24.0,124.0,12.0,124.0,108.0,64.0,3.3666666666666667,0.6,152.0,80.0,72.0,26.0,69.0,554.0,12.0,0.36,0.5,5.0,0.36,48.0,2.43,0.44,2025.0
07/25,4522.0,Vibhuthipura Lake,D,6.0,7.8,764.0,5.0,2.9,14.0,70.0,24.0,204.0,12.0,204.0,80.0,56.0,3.433333333333333,0.51,212.0,108.0,104.0,16.0,75.0,522.0,88.0,0.36,0.5,17.0,0.39,41.0,2.24,0.3,2025.0
07/25,4523.0,Nallurahalli Lake,E,3.1,7.3,1939.0,12.0,7.44,7800.0,46000.0,24.0,296.0,12.0,296.0,112.0,116.0,3.5,2.7,392.0,200.0,192.0,45.0,100.0,1294.0,14.0,0.36,0.5,14.0,0.39,34.0,2.2,1.09,2025.0
07/25,4524.0,Pattandur Agrahara Lake,D,5.6,7.5,2100.0,6.0,8.1,2.0,23.0,24.0,484.0,12.0,484.0,268.0,60.0,3.1833333333333336,0.4,564.0,288.0,276.0,86.0,188.0,1418.0,15.0,1.35,0.5,47.0,0.37,39.0,3.44,3.9,2025.0
07/25,4525.0,Seetharampalya Lake,D,4.9,7.2,1289.0,7.0,4.95,1300.0,9400.0,24.0,248.0,12.0,248.0,84.0,75.0,2.8666666666666667,0.92,280.0,144.0,136.0,21.0,110.0,874.0,16.0,1.52,0.5,27.0,0.33,43.0,1.67,4.62,2025.0
07/25,4526.0,Devasandra Lake,D,5.9,6.6,735.0,6.0,2.8,240.0,3500.0,24.0,248.0,12.0,248.0,84.0,68.0,2.55,0.4,228.0,120.0,108.0,9.0,57.0,504.0,12.0,0.83,0.5,8.0,0.22,34.0,1.0,1.96,2025.0
07/25,4527.0,Sheelavanta-Whitefield Lake,D,5.6,7.4,706.0,4.0,2.8,9300.0,49000.0,24.0,124.0,12.0,124.0,88.0,52.0,2.2333333333333334,0.58,152.0,84.0,68.0,21.0,64.0,472.0,40.0,0.762,0.5,10.0,0.46,45.0,2.3,0.21,2025.0
07/25,4528.0,Doddakannehalli Lake,D,5.2,8.1,999.0,9.0,3.8,230.0,2400.0,24.0,100.0,12.0,112.0,188.0,98.0,1.9166666666666667,0.4,160.0,84.0,76.0,20.0,107.0,684.0,32.0,0.694,0.5,11.0,0.41,57.0,3.8,0.24,2025.0
07/25,4529.0,Kasavanahalli Lake,D,5.0,7.8,652.0,9.0,2.5,380.0,1500.0,23.36,140.0,12.0,140.0,116.0,104.0,1.6,1.2,148.0,76.0,72.0,10.0,72.0,450.0,24.0,0.626,0.5,8.0,0.32,49.0,2.6,0.14,2025.0
07/25,4530.0,Kammasandra Lake,D,5.8,7.8,730.0,6.0,2.8,210.0,2200.0,22.72,164.0,12.0,164.0,116.0,60.0,15.3,0.73,192.0,100.0,92.0,30.0,72.0,492.0,23.0,0.558,0.5,15.0,0.28,43.0,2.26,0.32,2025.0
07/25,4531.0,Rayasandra Lake,E,0.8,7.7,2370.0,83.0,9.1,9300.0,49000.0,22.08,548.0,12.0,548.0,388.0,364.0,29.0,24.0,644.0,328.0,316.0,97.0,190.0,1606.0,22.0,0.49,0.5,47.0,0.29,37.0,3.25,1.45,2025.0
07/25,4532.0,Chandapura Lake,E,0.8,8.0,2210.0,34.0,8.9,310.0,2800.0,21.44,384.0,12.0,384.0,340.0,240.0,12.0,9.9,544.0,276.0,268.0,26.0,172.0,1498.0,32.0,0.52,0.5,13.0,0.34,40.0,3.2,1.49,2025.0
07/25,4533.0,Ullalu Lake,D,6.2,7.0,187.0,4.0,0.71,310.0,3500.0,20.8,80.0,12.0,80.0,28.0,48.0,8.533333333333333,0.4,96.0,52.0,44.0,24.5,6.0,148.0,20.0,0.45,0.5,10.0,0.42,12.0,0.2,0.19,2025.0
07/25,4534.0,Sompura Lake,D,4.9,7.6,560.0,10.0,2.1,240.0,4300.0,20.16,212.0,12.0,212.0,68.0,108.0,5.066666666666666,0.79,136.0,68.0,68.0,23.0,59.0,384.0,32.0,0.38,0.5,7.0,0.5,47.0,2.2,0.14,2025.0
07/25,4535.0,Gubbalal Lake,D,4.2,6.5,250.0,14.0,1.0,6800.0,33000.0,19.52,80.0,12.0,80.0,24.0,144.0,1.6,1.2,96.0,48.0,48.0,9.0,26.0,172.0,38.0,0.31,0.5,4.0,0.26,36.0,1.1,0.24,2025.0
07/25,4536.0,Hosakerehalli Lake,D,4.0,6.7,481.0,10.0,1.9,200.0,2800.0,18.88,212.0,12.0,212.0,40.0,108.0,18.066666666666663,0.82,184.0,92.0,92.0,6.0,50.0,332.0,168.0,0.24,0.5,6.0,0.265,36.0,1.6,0.56,2025.0
07/25,4537.0,Chinnakurchi Kere,D,6.1,7.3,299.0,5.0,0.8,3300.0,8400.0,18.24,120.0,12.0,120.0,28.0,56.0,34.53333333333333,0.4,100.0,56.0,44.0,30.0,13.0,198.0,298.0,1.62,0.5,2.0,0.27,21.0,0.5,0.45,2025.0
07/25,4538.0,Machohalli Lake,E,5.8,7.1,1338.0,58.0,5.1,310.0,2200.0,17.6,480.0,12.0,480.0,188.0,228.0,51.0,39.0,430.0,220.0,210.0,16.0,105.0,910.0,32.0,3.0,0.5,25.0,0.27,33.0,2.2,7.1,2025.0
07/25,4539.0,Doddabidarakallu Lake,D,5.5,7.5,1219.0,5.0,4.6,17.0,79.0,16.96,280.0,12.0,280.0,204.0,56.0,28.6,0.4,332.0,172.0,160.0,50.0,118.0,826.0,28.0,1.77,0.5,24.0,0.26,41.0,2.82,0.42,2025.0
07/25,4540.0,Kammagondanahalli Lake,E,1.0,6.7,656.0,20.0,2.2,340.0,2200.0,16.32,144.0,12.0,144.0,52.0,144.0,6.2,4.9,172.0,92.0,80.0,23.0,47.0,442.0,24.0,0.54,0.5,3.0,0.25,37.0,1.55,1.55,2025.0
07/25,4541.0,Alur Lake,D,5.6,7.6,328.0,5.0,1.3,320.0,2200.0,15.68,72.0,12.0,72.0,52.0,52.0,5.1,0.4,84.0,44.0,40.0,13.0,31.0,226.0,20.0,0.6100000000000001,0.5,7.0,0.24,41.0,1.46,1.5750000000000002,2025.0
07/25,4542.0,Basavanapura Lake,D,4.8,7.5,493.0,9.0,1.9,210.0,3500.0,15.04,144.0,12.0,144.0,72.0,98.0,4.0,0.4,124.0,64.0,60.0,6.0,52.0,388.0,16.0,0.68,0.5,6.0,0.23,46.0,2.0,1.6,2025.0
07/25,4543.0,Kodi Singasandra Lake,E,3.2,7.4,957.0,10.0,3.7,240.0,2200.0,14.4,220.0,12.0,220.0,160.0,108.0,2.9,2.3,260.0,136.0,124.0,39.0,94.0,644.0,26.0,0.675,0.5,19.0,0.38,42.0,2.53,0.6,2025.0
07/25,4544.0,Kothanuru Lake,E,3.05,7.2,685.0,11.0,2.63,3300.0,13000.0,13.76,140.0,12.0,140.0,76.0,56.0,5.449999999999999,0.6,124.0,72.0,52.0,60.0,64.0,460.0,48.0,0.67,0.5,14.0,0.24,50.0,2.51,1.59,2025.0
07/25,4547.0,Mangamanapalya Lake(Swarana Kunte),E,2.9,7.1,797.0,22.0,3.0,170.0,1700.0,13.12,264.0,12.0,264.0,92.0,148.0,8.0,6.1,244.0,124.0,120.0,13.0,88.0,550.0,16.0,0.82,0.5,9.0,0.31,43.0,2.4,1.9,2025.0
07/25,5558.0,"Kannahalli Lake Kannahalli, Bengaluru",E,2.2,7.0,1701.0,22.0,6.5,2000.0,17000.0,12.48,396.0,12.0,396.0,288.0,184.0,4.9,4.4,464.0,236.0,228.0,70.0,156.0,1164.0,32.0,0.44,0.5,34.0,0.43,40.0,3.14,1.3,2025.0
07/25,5559.0,"Shettihalli Lake, Mallasandra Gudde
Lake Bengaluru",E,1.2,6.8,665.0,20.0,2.3,1700.0,12000.0,11.84,128.0,12.0,128.0,48.0,148.0,5.4,4.3,156.0,84.0,72.0,21.0,49.0,448.0,20.0,0.21,0.5,3.0,0.435,39.0,1.71,0.61,2025.0
07/25,5560.0,"Hoodi (Rajapalya Lake) Itpl Main Road,
Near Hoodi,Bengaluru",D,6.8,7.9,594.0,4.0,2.28,1700.0,11000.0,11.2,184.0,12.0,184.0,92.0,40.0,8.0,0.46,144.0,76.0,68.0,9.0,67.0,402.0,50.0,0.53,0.5,13.0,0.44,47.0,1.2,0.21,2025.0
07/25,5561.0,"Munekolalu Lake ,Marathahalli, East
Taluka ,Bengaluru",E,3.3,7.1,726.0,16.0,2.7,2600.0,11000.0,10.56,140.0,12.0,140.0,96.0,112.0,10.6,1.5,140.0,76.0,64.0,22.0,75.0,480.0,80.0,0.85,0.5,16.0,0.31,50.0,2.8,2.4,2025.0
07/25,5562.0,"Mahadevpura  Lake, K. R. Puram ,
Bangalore East Taluka",D,4.4,7.0,522.0,8.0,2.1,310.0,4300.0,9.92,84.0,12.0,84.0,80.0,84.0,13.2,0.89,84.0,48.0,36.0,10.0,68.0,352.0,24.0,1.785,0.5,17.0,0.35,58.0,3.2,0.47,2025.0
07/25,5563.0,"Segehalli Lake Baavanapura Road
Battarahalli , Bangalore East",D,5.9,7.3,1175.0,6.0,4.5,170.0,2400.0,9.28,296.0,12.0,296.0,144.0,74.0,15.8,0.4,236.0,124.0,112.0,16.0,94.0,806.0,72.0,2.72,0.5,27.0,0.38,43.0,1.7,6.5,2025.0
07/25,5564.0,"Kannamangala Lake Hoskote Main Road
, Bengalore",D,5.4,8.2,505.0,6.0,2.0,210.0,1200.0,8.64,84.0,12.0,84.0,92.0,56.0,18.4,0.4,92.0,52.0,40.0,38.0,54.0,338.0,42.0,2.1025,0.5,15.0,0.52,51.0,2.4,0.31,2025.0
07/25,5565.0,"Kannur Lake Near By Hennur Road
Bengalore",E,5.5,8.3,4410.0,105.0,18.7,41000.0,240000.0,8.0,984.0,12.0,988.0,844.0,352.0,21.0,16.0,488.0,252.0,236.0,49.0,492.0,2900.0,12.0,1.485,0.5,197.0,0.53,59.0,9.6,0.55,2025.0
07/25,5566.0,"Basavanapura Lake Ayyappa Nagr Main Road , K. R. Puram , Bengaluru",D,5.6,6.5,910.0,7.0,3.4,2200.0,7900.0,8.0,156.0,12.0,156.0,176.0,75.0,11.3,0.4,116.0,64.0,52.0,11.0,101.0,620.0,20.0,0.8675000000000002,0.5,18.0,0.62,61.0,4.3,0.2,2025.0
07/25,5567.0,"Doddakallasandra Lake,Bengaluru",D,5.0,8.0,718.0,9.0,2.8,110.0,2400.0,8.0,184.0,12.0,184.0,116.0,100.0,1.6,1.2,184.0,92.0,92.0,12.0,75.0,492.0,16.0,0.25,0.5,8.0,0.41,46.0,2.4,0.6,2025.0
07/25,5568.0,"Ulsoor Lake Near Kalyani,Bengaluru",E,2.9,8.3,383.0,16.0,1.4,1100.0,7900.0,8.0,60.0,12.0,64.0,48.0,120.0,2.7,2.1,64.0,40.0,24.0,63.0,50.0,258.0,226.0,0.775,0.5,13.0,0.5333333333333333,57.0,3.0,0.13,2025.0
07/25,5569.0,"Byrasandra Upper Lake,Bengaluru",E,2.7,7.7,795.0,22.0,3.0,2400.0,17000.0,10.285714285714285,208.0,12.0,208.0,76.0,152.0,9.1,7.1,184.0,100.0,84.0,67.0,79.0,534.0,159.33333333333331,1.3,0.5,15.0,0.6566666666666667,46.0,3.0,3.4,2025.0
07/25,5570.0,"Soulkere, Kaikondrahalli Vill,Bengaluru",D,4.8,7.4,1526.0,9.0,5.8,170.0,2400.0,12.571428571428571,210.0,12.0,210.0,324.0,100.0,7.1,0.61,370.0,190.0,180.0,53.0,228.0,1038.0,92.66666666666666,1.22,0.5,36.0,0.78,54.0,5.2,3.3,2025.0
07/25,5571.0,"Kudlu Doddakere, Kudlu Vill,Bengaluru",E,3.2,7.7,1447.0,18.0,5.8,2300.0,8400.0,14.857142857142858,204.0,12.0,204.0,204.0,132.0,5.1,4.1,256.0,132.0,124.0,59.0,132.0,978.0,26.0,1.14,0.5,10.0,0.42,51.0,3.58,3.2,2025.0
07/25,5572.0,"Kudlu Chikkakere, Bgp Layout Kudlu
Vill ,Bengaluru",D,5.6,7.5,820.0,6.0,3.3,1400.0,11000.0,17.142857142857142,124.0,12.0,124.0,112.0,68.0,4.733333333333333,0.4,96.0,52.0,44.0,23.0,70.0,554.0,28.0,0.9633333333333332,0.5,4.0,0.35,60.0,3.13,0.51,2025.0
07/25,5573.0,"Doddathogur Lake , Doddathoguru
Vill,Bengaluru",D,4.8,7.4,1500.0,10.0,5.8,310.0,4300.0,19.428571428571427,230.0,12.0,230.0,320.0,102.0,4.366666666666666,0.62,290.0,150.0,140.0,53.0,228.0,1020.0,12.0,0.7866666666666666,0.5,36.0,0.79,59.0,5.8,0.14,2025.0
07/25,5574.0,"Anjanapura Lake ( Avala Halli Lake)
Anjanapura,Bengaluru",E,5.0,7.3,571.0,13.0,2.19,3900.0,22000.0,21.714285714285715,152.0,12.0,152.0,64.0,128.0,4.0,2.5,128.0,74.0,54.0,18.0,63.0,380.0,50.0,0.61,0.5,13.0,0.28,48.0,2.41,1.57,2025.0
07/25,5822.0,"Doddakammanahalli Lake, Doddakammanahalli Phase2, Tejaswini Nagar",D,5.2,8.2,998.0,9.0,3.8,310.0,3500.0,24.0,92.0,12.0,104.0,196.0,96.0,3.2033333333333336,0.4,156.0,84.0,72.0,24.0,105.0,680.0,34.0,0.6225,0.5,10.0,0.39,57.0,3.7,0.33,2025.0
07/25,5823.0,"Basspura Lake, Aishwarya Crystal
Layout, Begur, Bengaluru",D,4.8,7.6,818.0,5.0,3.2,430.0,2800.0,64.0,132.0,32.0,136.0,108.0,52.0,2.406666666666667,0.4,148.0,80.0,68.0,23.0,70.0,552.0,18.0,0.635,0.5,3.0,0.36,50.0,2.51,0.47,2025.0
07/25,5825.0,"Lower Amblipura Lake, Pwd Quarters,1St Sector, Hsr Layout Bengaluru",D,5.0,7.8,594.0,9.0,2.3,320.0,3500.0,104.0,132.0,52.0,132.0,104.0,104.0,1.61,1.2,132.0,68.0,64.0,11.0,62.0,410.0,18.0,0.6475,0.5,7.0,0.33,49.0,2.3,0.15,2025.0
07/25,5826.0,"Bhoganhalli Lake, Bhoganhalli,,
Bengaluru",D,5.8,8.5,981.0,7.0,3.7,1700.0,6300.0,144.0,260.0,72.0,332.0,116.0,72.0,1.93,0.4,208.0,108.0,100.0,16.0,99.0,672.0,12.0,0.66,0.5,6.0,0.38,50.0,3.0,1.5,2025.0
07/25,5828.0,"Parappana Agrahara Chikka Kere, Near Central Jail, Sai Sree Layout Parappana Agrahara,",D,5.8,7.7,1036.0,6.0,4.2,240.0,3500.0,120.0,88.0,60.0,88.0,180.0,56.0,2.25,0.4,140.0,76.0,64.0,35.0,90.0,700.0,14.0,0.55,0.5,7.0,0.51,57.0,3.31,0.995,2025.0
07/25,5829.0,"Vittasandra Lake, Vittasandra,",D,6.1,7.5,826.0,4.0,3.3,270.0,3500.0,96.0,132.0,48.0,132.0,108.0,44.0,2.5700000000000003,0.4,144.0,76.0,68.0,21.0,71.0,558.0,22.0,0.44,0.5,5.0,0.34,50.0,2.56,0.49,2025.0
07/25,5830.0,"Akshyanagara Lake, Akshyanagara West,
Bengaluru",E,5.75,7.3,1807.0,34.0,6.9,150.0,1700.0,72.0,192.0,36.0,192.0,324.0,168.0,2.89,2.23,228.0,120.0,108.0,55.0,174.0,1220.0,148.0,0.3299999999999999,0.5,18.0,0.59,60.0,5.0,0.37,2025.0
07/25,5831.0,"Yallenahalli Lake, Begur-Koppa Rd,
Akshayanagara, Bengaluru",D,5.4,7.9,789.0,7.0,3.0,310.0,4300.0,48.0,156.0,24.0,156.0,132.0,72.0,3.46,0.4,140.0,76.0,64.0,19.0,88.0,542.0,16.0,0.22,0.5,9.0,0.31,56.0,3.4,0.52,2025.0
07/25,5833.0,Doddagubbi Lake,E,5.5,8.5,3530.0,6.0,13.2,340.0,2800.0,24.0,480.0,12.0,492.0,632.0,72.0,4.029999999999999,0.4,240.0,128.0,112.0,25.0,360.0,2328.0,26.0,0.715,0.5,195.0,0.62,62.0,10.0,0.23,2025.0
07/25,5834.0,Chikkagubi Lake,E,5.65,8.2,3045.0,66.0,11.69,790.0,4300.0,44.0,1128.0,22.0,1128.0,160.0,312.0,4.6,4.1,380.0,192.0,188.0,12.0,232.0,2054.0,36.0,1.21,0.5,58.0,0.46,50.0,5.19,3.68,2025.0
07/25,5835.0,Vijanapura Lake,D,5.8,8.5,478.0,6.0,1.8,390.0,4300.0,64.0,112.0,32.0,144.0,56.0,72.0,4.35,0.4,112.0,60.0,52.0,18.0,58.0,328.0,46.0,0.76,0.5,14.0,0.26,49.0,25.0,0.48,2025.0
07/25,5836.0,Cheemasandra,D,5.7,8.5,476.0,8.0,1.82,2000.0,9400.0,64.0,108.0,32.0,140.0,72.0,80.0,4.1,0.4,148.0,80.0,68.0,14.0,45.0,328.0,46.0,0.31,0.5,13.0,0.24,37.0,1.5,0.74,2025.0
07/25,5837.0,Leghumenahalli Lake,D,5.0,7.7,764.0,9.0,2.93,1700.0,7000.0,52.0,228.0,26.0,228.0,108.0,104.0,3.85,0.49,212.0,112.0,100.0,12.0,64.0,524.0,184.0,1.55,0.5,17.0,0.26,37.0,1.9,3.67,2025.0
07/25,5838.0,Varanasi Lake,D,6.5,8.4,402.0,4.0,1.54,2100.0,3500.0,40.0,40.0,20.0,60.0,60.0,46.0,3.6,0.4,124.0,68.0,56.0,13.0,35.0,282.0,28.0,1.275,0.5,9.0,0.22,36.0,1.2,0.26,2025.0
07/25,5839.0,Gangashetty Lake,D,5.0,8.0,496.0,7.0,1.8,110.0,790.0,34.714285714285715,88.0,17.857142857142858,88.0,92.0,68.0,3.35,0.4,92.0,52.0,40.0,25.0,33.0,330.0,28.5,1.0,0.5,10.0,0.29,40.0,1.5,0.23,2025.0
07/25,5840.0,Panathur Lake,E,2.7,7.4,842.0,28.0,3.0,11000.0,79000.0,29.42857142857143,132.0,15.714285714285715,132.0,120.0,184.0,3.1,2.4,116.0,64.0,52.0,14.0,96.0,556.0,29.0,1.185,0.5,17.0,0.62,60.0,3.9,0.1,2025.0
07/25,5841.0,Garudacharpalya Lake-2,D,4.3,7.1,736.0,8.0,2.82,780.0,7000.0,24.142857142857142,200.0,13.571428571428571,200.0,112.0,96.0,2.6333333333333333,0.91,164.0,88.0,76.0,12.0,71.0,498.0,29.5,1.37,0.5,15.0,0.25,46.0,1.28,4.19,2025.0
07/25,5842.0,Mahadevapura Lake-2,D,4.6,6.8,523.0,8.0,1.9,3100.0,7000.0,18.857142857142858,80.0,11.428571428571429,80.0,76.0,76.0,2.1666666666666665,0.76,72.0,44.0,28.0,10.0,66.0,354.0,30.0,0.805,0.5,17.0,0.36,60.0,3.4,0.52,2025.0
07/25,5843.0,B- Narayannapura Lake-2,E,3.2,7.2,419.0,16.0,1.7,2600.0,8400.0,13.571428571428571,84.0,9.285714285714286,84.0,48.0,120.0,1.7,1.3,76.0,44.0,32.0,7.0,52.0,284.0,14.0,0.24,0.5,10.0,0.38,55.0,2.6,0.68,2025.0
07/25,5844.0,Halnayakanahalli Lake,D,5.9,7.2,758.0,5.0,3.0,200.0,4300.0,8.285714285714285,96.0,7.142857142857142,96.0,128.0,64.0,1.6,0.4,132.0,72.0,60.0,13.0,82.0,506.0,81.0,0.22,0.5,12.0,0.33,54.0,3.1,0.25,2025.0
08/25,1388.0,Ulsoor Lake Training Centre Of Fish Breeding,E,2.2,7.9,926.0,22.0,3.8,2600.0,9400.0,3.0,252.0,6.666666666666667,252.0,84.0,160.0,11.0,8.6,188.0,100.0,88.0,17.0,81.0,632.0,36.0,1.08,0.5,6.0,0.23,47.0,2.56,3.06,2025.0
08/25,3589.0,Madiwala Tank,D,5.8,7.4,484.0,7.0,1.8,200.0,3500.0,3.0,148.0,8.333333333333334,148.0,100.0,80.0,7.385,0.4,68.0,36.0,32.0,11.0,79.0,336.0,24.0,0.765,0.5,8.0,0.43,68.0,4.2,0.26,2025.0
08/25,3590.0,Lalbagh Tank,E,2.4,7.3,570.0,56.0,2.2,140.0,2400.0,3.0,136.0,10.0,136.0,100.0,364.0,3.77,2.9,156.0,80.0,76.0,15.8,58.0,560.0,25.0,0.45,0.5,6.0,0.4,39.0,1.1,1.32,2025.0
08/25,3591.0,Kempambudhi Tank,D,5.2,7.3,434.0,5.0,1.8,200.0,2800.0,3.0,96.0,11.666666666666668,96.0,23.0,56.0,1.87,1.5,116.0,56.0,60.0,8.0,43.0,296.0,26.0,0.6666666666666667,0.5,5.0,0.4,37.0,0.9,1.9266666666666667,2025.0
08/25,3592.0,Yediyur Tank,D,5.8,8.0,270.0,6.0,1.0,260.0,4300.0,3.0,72.0,13.333333333333334,72.0,28.0,76.0,6.435,0.96,68.0,36.0,32.0,12.0,27.0,180.0,27.0,0.8833333333333334,0.5,3.0,0.3,26.0,0.7,2.533333333333333,2025.0
08/25,3593.0,Ulsoor Lake Temple,E,2.4,8.0,923.0,16.0,3.7,2200.0,7900.0,3.0,256.0,15.0,256.0,88.0,120.0,11.0,8.9,208.0,108.0,100.0,16.0,78.0,628.0,28.0,1.1,0.5,4.0,0.29,44.0,2.35,3.14,2025.0
08/25,3594.0,Sankey Tank,D,4.9,7.4,626.0,12.0,2.4,310.0,4300.0,3.0,160.0,16.666666666666668,160.0,108.0,136.0,19.0,0.4,172.0,88.0,84.0,32.5,65.0,420.0,30.0,0.32,0.5,8.0,0.38,52.0,1.2,0.92,2025.0
08/25,3595.0,Byrasandra Tank,E,4.95,7.2,1204.0,57.0,4.6,210.0,4300.0,3.0,280.0,18.333333333333336,280.0,204.0,272.0,27.0,24.0,328.0,168.0,160.0,49.0,116.0,824.0,32.0,1.06,0.5,24.0,0.28,41.0,2.78,3.12,2025.0
08/25,3596.0,Nayandanahalli Tank,D,5.0,8.5,812.0,8.0,3.1,23.0,1600.0,3.0,152.0,20.0,172.0,128.0,92.0,24.4,0.4,144.0,76.0,68.0,10.0,112.0,558.0,33.333333333333336,0.9466666666666668,0.5,10.0,0.2866666666666667,61.0,4.0,0.19,2025.0
08/25,3597.0,Hesaraghatta Lake,D,7.1,7.2,305.0,4.0,1.2,400.0,2200.0,3.0,72.0,20.0,72.0,52.0,40.0,21.8,0.4,84.0,40.0,44.0,13.0,30.0,206.0,34.666666666666664,0.8333333333333334,0.5,3.0,0.2933333333333333,21.0,0.7,1.015,2025.0
08/25,3598.0,Herohalli Tank,E,3.3,6.9,649.0,16.0,2.49,310.0,4300.0,3.0,128.0,20.0,128.0,68.0,112.0,19.2,12.8,188.0,116.0,72.0,34.0,48.0,446.0,36.0,0.72,0.5,7.5,0.3,36.0,1.53,1.84,2025.0
08/25,3599.0,Anchepalya Lake,D,4.5,7.7,1178.0,8.0,4.5,170.0,3500.0,3.0,280.0,20.0,280.0,204.0,81.0,1.69,1.3,232.0,160.0,72.0,49.0,120.0,800.0,24.0,0.66,0.5,12.0,0.41,55.0,3.4,0.26,2025.0
08/25,3600.0,Shivapura Tank,D,5.2,7.1,659.0,6.0,2.5,170.0,2400.0,3.0,156.0,20.0,156.0,112.0,64.0,3.495,1.0,180.0,92.0,88.0,27.0,68.0,450.0,12.0,0.6,0.5,8.0,0.4,47.0,2.2,0.88,2025.0
08/25,3601.0,Karihobanahalli Lake,E,2.9,7.5,1454.0,16.0,4.6,210.0,1400.0,3.0,272.0,20.0,272.0,184.0,120.0,5.3,4.2,360.0,188.0,172.0,19.0,94.0,952.0,15.0,0.54,0.5,24.0,0.52,34.0,2.2,1.5,2025.0
08/25,3602.0,Bellandur Lake,D,6.0,8.4,924.0,7.0,3.49,210.0,1500.0,3.0,236.0,20.0,256.0,142.0,72.0,6.05,0.4,250.0,123.0,127.0,38.0,92.0,600.0,18.0,0.3,0.5,9.0,0.4,36.0,1.3,1.0,2025.0
08/25,3603.0,Vengaiyyanakere( Kr Puram Lake ),E,1.2,7.0,861.0,26.0,3.3,390.0,2800.0,3.0,196.0,20.571428571428573,196.0,144.0,204.0,6.8,6.2,232.0,120.0,112.0,35.0,84.0,584.0,12.0,0.35,0.5,17.0,0.46,42.0,2.4,1.02,2025.0
08/25,3604.0,Doddanekkundi Lake,D,5.6,7.8,626.0,6.0,2.4,2100.0,13000.0,3.0,136.0,21.142857142857142,136.0,68.0,72.0,8.2,0.4,144.0,80.0,64.0,15.0,66.0,412.0,118.0,0.64,0.5,15.0,0.3,46.0,2.4,0.23,2025.0
08/25,3605.0,Yelemallappa Shetty Lake,E,0.7,6.5,380.0,36.0,1.4,2100.0,11000.0,3.0,84.0,21.714285714285715,84.0,60.0,212.0,9.6,9.2,100.0,52.0,48.0,16.0,37.0,260.0,16.0,0.93,0.5,8.0,0.22,42.0,1.6,2.75,2025.0
08/25,3606.0,Dasarahalli Tank,D,4.5,6.8,513.0,7.0,2.0,260.0,4300.0,3.0,120.0,22.285714285714285,120.0,88.0,78.0,13.9,0.65,140.0,72.0,68.0,21.0,54.0,346.0,19.0,0.8400000000000001,0.5,6.0,0.255,41.0,2.0,2.395,2025.0
08/25,3607.0,Kalkere Tank,E,3.0,7.4,1024.0,23.0,3.9,210.0,3500.0,3.0,240.0,22.857142857142858,240.0,176.0,166.0,18.2,14.0,284.0,152.0,132.0,43.0,100.0,680.0,22.0,0.75,0.5,12.0,0.29,43.0,2.6,2.04,2025.0
08/25,3608.0,Varthur Lake,D,6.0,7.5,990.0,4.0,5.1,110.0,920.0,3.0,296.0,23.428571428571427,296.0,120.0,56.0,15.45,0.4,272.0,140.0,132.0,32.5,109.0,674.0,22.0,0.58,0.5,11.0,0.41,45.0,2.9,1.37,2025.0
08/25,3609.0,Ibbalur Lake,D,5.0,8.5,888.0,6.0,3.32,320.0,2100.0,3.0,248.0,24.0,272.0,141.0,66.0,12.7,0.58,241.0,118.0,122.0,22.0,89.0,630.0,22.0,0.48,0.5,9.0,0.3,37.0,1.3,0.9,2025.0
08/25,3610.0,Tubarahalli Tank,D,6.2,7.4,993.0,5.0,4.0,32.0,1600.0,3.0,284.0,24.0,284.0,84.0,48.0,9.95,0.4,256.0,132.0,124.0,10.0,88.0,666.0,22.0,0.32,0.5,7.0,0.29,42.0,2.38,0.93,2025.0
08/25,3611.0,Kaikondanahalli Lake,D,4.8,7.8,886.0,6.0,3.31,31.0,920.0,3.0,232.0,24.0,232.0,96.0,68.0,7.199999999999999,0.6,240.0,118.0,122.0,38.0,89.0,576.0,22.0,0.4,0.5,9.0,0.28,43.0,1.3,0.6,2025.0
08/25,3612.0,Agaram Lake,D,6.0,8.4,970.0,6.0,3.6,230.0,240.0,3.0,248.0,24.0,272.0,23.0,60.0,4.449999999999999,0.96,263.0,129.0,134.0,40.0,97.0,630.0,22.0,0.48,0.5,10.0,0.3,38.0,1.3,0.9,2025.0
08/25,3613.0,Gottigere Lake,E,2.7,6.8,814.0,23.0,3.1,2300.0,7000.0,3.0,200.0,24.0,200.0,140.0,136.0,1.7,1.3,224.0,120.0,104.0,21.0,84.0,550.0,22.0,0.84,0.5,8.0,0.53,47.0,1.4,2.4,2025.0
08/25,3614.0,Puttenahalli Lake,E,2.9,6.7,613.0,22.0,2.4,240.0,1700.0,3.0,152.0,24.0,152.0,96.0,144.0,3.23,1.1,168.0,88.0,80.0,18.0,60.0,400.0,22.0,0.41,0.5,6.0,0.41,42.0,1.2,1.23,2025.0
08/25,3615.0,Arakere Lake,D,6.4,7.5,482.0,4.0,1.8,170.0,2400.0,3.0,92.0,24.0,92.0,56.0,36.0,4.76,0.4,100.0,52.0,48.0,28.0,60.0,332.0,22.0,0.6266666666666667,0.5,7.0,0.42,54.0,2.6,0.26,2025.0
08/25,3616.0,Kalena Agrahara Lake,D,6.0,7.3,607.0,6.0,2.3,220.0,2800.0,3.0,144.0,24.0,144.0,104.0,72.0,6.29,0.4,96.0,48.0,48.0,6.0,78.0,416.0,22.0,0.8433333333333334,0.5,9.0,0.43,61.0,3.6,0.22,2025.0
08/25,3617.0,Hulimavu Lake,D,6.2,8.1,999.0,4.0,3.8,240.0,2200.0,3.0,252.0,24.0,276.0,156.0,48.0,7.82,0.4,192.0,100.0,92.0,13.0,115.0,686.0,16.0,1.06,0.5,13.0,0.46,55.0,3.8,2.51,2025.0
08/25,3618.0,Singasandra Lake,D,5.2,7.5,889.0,7.0,2.9,140.0,2400.0,3.0,116.0,22.0,116.0,116.0,68.0,9.35,0.58,120.0,68.0,52.0,38.0,92.0,598.0,20.0,1.085,0.5,20.0,0.44,58.0,3.7,0.22,2025.0
08/25,3619.0,Begur Tank,D,5.4,8.3,1003.0,6.0,3.8,170.0,2400.0,3.0,224.0,20.0,244.0,124.0,64.0,10.88,0.4,220.0,116.0,104.0,21.0,93.0,688.0,24.0,1.11,0.5,13.0,0.45,46.0,2.8,2.62,2025.0
08/25,3620.0,Parappana Agrahara Lake,D,5.0,7.7,1671.0,8.0,5.5,320.0,2800.0,3.0,260.0,19.333333333333332,260.0,184.0,80.0,12.41,0.74,312.0,164.0,148.0,69.0,141.0,1110.0,21.0,1.2,0.5,38.0,0.4,46.0,3.5,3.5,2025.0
08/25,3621.0,Haralur Lake,D,5.4,8.0,1672.0,6.0,6.3,330.0,2800.0,3.0,260.0,18.666666666666668,260.0,188.0,72.0,13.94,0.4,300.0,156.0,144.0,54.0,148.0,1110.0,18.0,1.4,0.5,36.0,0.34,48.0,3.7,4.1,2025.0
08/25,3622.0,Somasundrapalya Lake,D,6.0,7.5,1045.0,4.0,3.6,260.0,3500.0,3.0,164.0,18.0,164.0,148.0,44.0,15.47,0.4,176.0,96.0,80.0,11.0,96.0,706.0,28.0,0.21,0.5,22.0,0.49,51.0,3.1,0.56,2025.0
08/25,3623.0,Anekal Doddakere Tank,E,2.3,7.7,1352.0,21.0,5.2,260.0,3500.0,3.0,224.0,17.333333333333332,224.0,360.0,148.0,17.0,14.0,352.0,176.0,176.0,9.0,142.0,926.0,21.0,0.24625,0.5,15.0,0.38,45.0,3.2,0.24,2025.0
08/25,3625.0,Hebbal Lake,D,5.3,7.1,342.0,5.0,1.2,210.0,3500.0,3.0,68.0,16.666666666666668,68.0,84.0,56.0,13.49,0.48,84.0,48.0,36.0,13.0,31.0,236.0,14.0,0.2825,0.5,6.0,0.35,42.0,1.35,0.2333333333333333,2025.0
08/25,3629.0,Allalasandra Lake,D,4.1,8.5,387.0,7.0,1.4,260.0,2800.0,3.0,84.0,16.0,100.0,92.0,76.0,9.98,0.82,92.0,52.0,40.0,15.0,34.0,264.0,46.0,0.31875,0.5,7.0,0.22,42.0,1.54,0.2266666666666666,2025.0
08/25,3630.0,Yelahanka Tank,D,4.9,7.7,657.0,6.0,2.4,140.0,1700.0,3.0,140.0,16.0,140.0,168.0,64.0,6.470000000000001,0.74,168.0,88.0,80.0,26.0,61.0,446.0,18.0,0.355,0.5,13.0,0.38,42.0,2.04,0.22,2025.0
08/25,3633.0,Subramanyapura Tank,E,0.6,6.5,1161.0,49.0,4.4,2000.0,14000.0,3.0,252.0,16.0,252.0,152.0,220.0,2.96,2.28,236.0,124.0,112.0,13.0,148.0,790.0,420.0,0.39125,0.5,16.0,0.55,56.0,4.2,0.32,2025.0
08/25,3634.0,Devarakere Tank,D,4.2,7.0,468.0,8.0,1.6,1400.0,9400.0,3.0,124.0,16.0,124.0,32.0,80.0,7.973333333333333,0.4,128.0,68.0,60.0,8.0,34.0,316.0,74.0,0.4275,0.5,8.0,0.3,34.0,1.3,0.54,2025.0
08/25,3635.0,Malathahalli Lake,D,4.8,7.5,571.0,9.0,2.2,240.0,2200.0,3.0,244.0,16.0,244.0,32.0,100.0,12.986666666666665,0.4,212.0,108.0,104.0,13.0,63.0,394.0,12.0,0.46375,0.5,7.0,0.27,38.0,1.9,0.8200000000000001,2025.0
08/25,3636.0,Hoskere Lake,E,2.3,8.0,344.0,22.0,1.3,310.0,4300.0,3.0,156.0,16.0,156.0,32.0,156.0,18.0,15.0,140.0,72.0,68.0,13.5,38.0,234.0,28.0,0.5,0.5,4.0,0.22,36.0,1.4,1.1,2025.0
08/25,3638.0,Yelachenahalli Lake,D,4.1,7.0,505.0,9.0,1.94,170.0,3500.0,3.0,112.0,16.0,112.0,64.0,88.0,9.91,0.6,112.0,74.0,38.0,14.0,48.0,342.0,44.0,0.4533333333333333,0.5,5.0,0.23,48.0,1.95,0.635,2025.0
08/25,3639.0,Kengeri Tank,E,3.2,7.6,789.0,23.0,3.03,240.0,4300.0,3.0,200.0,16.0,200.0,100.0,156.0,1.82,1.3,168.0,102.0,66.0,11.0,89.0,534.0,38.0,0.4066666666666667,0.5,6.0,0.31,53.0,3.0,0.17,2025.0
08/25,3640.0,Uttarahalli Doraikere,D,4.3,8.1,356.0,7.0,1.4,220.0,5400.0,3.0,104.0,16.0,104.0,20.0,72.0,2.02,0.61,152.0,80.0,72.0,19.0,20.0,240.0,102.0,0.36,0.5,7.0,0.23,21.0,0.69,1.03,2025.0
08/25,3641.0,Dhorekere Tank,E,4.6,6.6,325.0,38.0,0.8,2200.0,13000.0,3.0,108.0,16.0,108.0,48.0,192.0,2.22,2.17,96.0,52.0,44.0,13.5,21.0,220.0,120.0,0.5342857142857143,0.5,3.0,0.36,31.0,1.0,0.14,2025.0
08/25,3642.0,Jigani Tank,D,4.9,7.7,935.0,8.0,3.6,220.0,2800.0,3.0,236.0,16.0,236.0,188.0,96.0,3.0166666666666666,0.4,252.0,128.0,124.0,8.0,98.0,638.0,66.0,0.7085714285714286,0.5,11.0,0.43,44.0,2.7,0.15,2025.0
08/25,3643.0,Benniganahalli Lake,E,6.0,7.6,504.0,4.0,9.0,320.0,2800.0,3.0,52.0,16.0,52.0,48.0,44.0,3.8133333333333335,0.4,116.0,64.0,52.0,23.0,38.0,342.0,12.0,0.8828571428571429,0.5,2.0,0.43,40.0,1.54,0.44,2025.0
08/25,3655.0,Mathikere Tank,D,5.2,6.8,311.0,12.0,1.2,2600.0,9400.0,3.0,72.0,16.0,72.0,52.0,124.0,4.609999999999999,0.4,84.0,52.0,32.0,16.5,32.0,200.0,22.0,1.0571428571428574,0.5,4.0,0.24,22.0,1.0,1.26,2025.0
08/25,4094.0,Gangondanahalli Lake,D,6.5,7.7,1179.0,5.0,4.53,210.0,2200.0,3.0,144.0,16.0,144.0,204.0,56.0,5.406666666666666,0.8,244.0,128.0,116.0,10.0,90.0,798.0,32.0,1.2314285714285718,0.5,4.15,0.46,44.0,2.51,2.08,2025.0
08/25,4095.0,Chikkabanavara Lake,D,7.1,7.3,429.0,4.0,1.6,270.0,1700.0,3.0,104.0,16.0,104.0,76.0,44.0,6.203333333333333,0.4,116.0,60.0,56.0,18.0,43.0,290.0,22.0,1.4057142857142857,0.5,4.3,0.22,41.0,0.9,2.9,2025.0
08/25,4096.0,Andhrahalli Lake,E,3.2,7.2,1220.0,18.0,4.68,14000.0,46000.0,3.0,284.0,16.0,284.0,124.0,116.0,7.0,5.0,228.0,124.0,104.0,27.0,79.0,820.0,176.0,1.58,0.5,2.0,0.86,42.0,2.26,3.72,2025.0
08/25,4097.0,Kachohalli Lake,E,1.9,7.5,1527.0,21.0,5.86,22000.0,49000.0,3.0,352.0,16.0,352.0,152.0,144.0,32.28,26.9,384.0,214.0,170.0,45.0,82.0,1022.0,186.0,2.93,0.5,2.0,0.4,31.0,1.82,6.9,2025.0
08/25,4504.0,Sarakki Lake,D,5.5,7.4,861.0,4.0,3.31,110.0,2400.0,3.0,152.0,16.0,152.0,92.0,48.0,18.79,0.8,148.0,80.0,68.0,28.0,81.0,572.0,32.0,1.6800000000000002,0.5,3.0,0.21,53.0,2.89,4.09,2025.0
08/25,4505.0,Nelamangala Lake,E,2.7,6.5,1642.0,20.0,6.3,240.0,2200.0,3.0,380.0,16.0,380.0,276.0,164.0,5.3,4.8,448.0,228.0,220.0,27.0,151.0,1114.0,30.666666666666668,0.43,0.5,33.0,0.38,40.0,3.11,1.28,2025.0
08/25,4506.0,Abbigere Lake,D,7.0,7.7,583.0,5.0,2.3,210.0,1500.0,3.0,136.0,16.0,136.0,100.0,48.0,9.25,0.4,160.0,80.0,80.0,25.0,58.0,396.0,29.333333333333332,1.215,0.5,5.8,0.445,40.0,1.0,0.25,2025.0
08/25,4512.0,Viswaneedam Lake,E,3.2,7.0,1775.0,18.0,6.81,2100.0,9400.0,3.0,412.0,16.0,412.0,200.0,120.0,13.2,11.0,460.0,236.0,224.0,27.0,110.0,1202.0,28.0,2.0,0.5,3.0,0.51,34.0,2.23,4.71,2025.0
08/25,4513.0,Ramammana Kere,E,3.2,7.5,1465.0,14.0,4.9,460.0,3500.0,3.0,276.0,16.0,276.0,184.0,112.0,4.5,3.4,340.0,176.0,164.0,17.0,98.0,960.0,12.0,0.37,0.5,23.0,0.56,37.0,2.3,1.5,2025.0
08/25,4514.0,Sadaramangala Lake,D,5.9,8.2,528.0,5.0,2.1,2600.0,14000.0,3.0,104.0,16.0,104.0,56.0,60.0,7.333333333333334,0.4,100.0,56.0,44.0,10.0,64.0,350.0,38.0,0.25,0.5,14.0,0.42,54.0,2.8,0.7,2025.0
08/25,4515.0,Bhattarahalli Lake,D,4.1,7.5,814.0,7.0,3.1,220.0,2400.0,3.0,188.0,16.0,188.0,136.0,76.0,10.166666666666668,0.88,220.0,116.0,104.0,33.0,80.0,552.0,29.0,0.91,0.5,16.0,0.35,42.0,2.34,0.4,2025.0
08/25,4516.0,Kundalahalli Lake,E,3.15,8.1,1815.0,48.0,7.3,260.0,2200.0,3.0,284.0,16.0,284.0,292.0,248.0,13.0,10.0,328.0,168.0,160.0,30.0,161.0,1200.0,20.0,1.57,0.5,12.0,0.28,50.0,3.86,4.58,2025.0
08/25,4517.0,Kowdhenahalli Tank,E,2.2,7.1,648.0,21.0,2.5,2000.0,9400.0,3.0,148.0,16.0,148.0,104.0,192.0,6.1,5.6,172.0,92.0,80.0,27.0,62.0,436.0,55.0,0.32,0.5,13.0,0.34,42.0,2.05,0.94,2025.0
08/25,4518.0,Garudacharpalya Tank,D,6.2,8.2,283.0,4.0,1.6,1200.0,8400.0,3.0,76.0,16.0,76.0,28.0,40.0,10.2,0.4,88.0,52.0,36.0,11.0,25.0,190.0,90.0,0.56,0.5,10.0,0.305,35.0,1.2,1.58,2025.0
08/25,4519.0,Rampura Lake,E,2.8,7.3,858.0,17.0,3.3,230.0,5400.0,3.0,208.0,16.0,208.0,148.0,131.0,14.3,11.0,236.0,120.0,116.0,36.0,88.0,580.0,26.0,0.8,0.5,8.0,0.27,31.0,2.5,2.22,2025.0
08/25,4520.0,Chinnappanahalli Lake,E,2.0,7.4,845.0,27.0,3.4,2400.0,17000.0,3.0,152.0,16.0,152.0,116.0,196.0,2.4,1.9,104.0,56.0,48.0,39.0,73.0,568.0,24.0,0.6000000000000001,0.5,6.0,0.285,58.0,3.13,0.33,2025.0
08/25,4521.0,Devarabeesanahalli Lake,D,6.0,7.9,1001.0,5.0,3.74,270.0,1600.0,3.0,232.0,16.0,232.0,73.0,52.0,3.07,0.44,272.0,134.0,138.0,42.0,100.0,650.0,12.0,0.4,0.5,10.0,0.3,29.0,1.4,0.9,2025.0
08/25,4522.0,Vibhuthipura Lake,D,4.8,8.2,519.0,8.0,2.2,1400.0,9400.0,3.0,108.0,16.0,108.0,64.0,92.0,3.74,0.68,92.0,52.0,40.0,13.0,61.0,342.0,64.0,0.25,0.5,14.0,0.3299999999999999,54.0,2.8,0.7,2025.0
08/25,4523.0,Nallurahalli Lake,E,3.0,8.5,495.0,20.0,2.4,3300.0,17000.0,3.0,132.0,16.0,148.0,108.0,128.0,4.41,0.99,124.0,68.0,56.0,13.0,47.0,336.0,144.0,0.49,0.5,5.0,0.36,44.0,1.8,1.16,2025.0
08/25,4524.0,Pattandur Agrahara Lake,D,5.5,7.4,637.0,6.0,3.2,1700.0,12000.0,3.0,236.0,16.0,236.0,92.0,72.0,5.08,0.81,136.0,72.0,64.0,11.0,67.0,434.0,156.0,1.33,0.5,6.0,0.23,50.0,3.5,0.31,2025.0
08/25,4525.0,Seetharampalya Lake,E,2.5,7.4,1177.0,22.0,6.0,14000.0,79000.0,3.0,164.0,16.0,164.0,196.0,144.0,5.75,4.4,256.0,132.0,124.0,18.0,130.0,800.0,180.0,2.17,0.5,13.0,0.45,51.0,3.5,5.12,2025.0
08/25,4526.0,Devasandra Lake,D,4.8,7.2,586.0,6.0,2.2,630.0,4500.0,3.0,132.0,16.0,132.0,96.0,68.0,6.425,0.76,156.0,84.0,72.0,24.0,57.0,400.0,28.0,1.21,0.5,12.0,0.43,41.0,2.0,2.86,2025.0
08/25,4527.0,Sheelavanta-Whitefield Lake,D,5.2,8.2,506.0,9.0,2.6,390.0,2100.0,3.0,108.0,16.0,108.0,104.0,96.0,7.1000000000000005,0.56,96.0,52.0,44.0,10.0,52.0,346.0,112.0,0.25,0.5,6.0,0.42,52.0,2.4,0.6,2025.0
08/25,4528.0,Doddakannehalli Lake,D,5.9,7.8,1669.0,8.0,6.24,240.0,1700.0,3.0,388.0,16.0,388.0,43.0,88.0,7.775,0.7,456.0,226.0,230.0,68.0,167.0,1080.0,90.5,0.3,0.5,17.0,0.4,49.0,1.8,0.7,2025.0
08/25,4529.0,Kasavanahalli Lake,D,6.6,7.8,1044.0,4.0,3.9,20.0,540.0,3.0,240.0,16.0,240.0,48.0,40.0,8.450000000000001,0.8,284.0,140.0,144.0,43.0,104.0,680.0,69.0,0.3,0.5,10.0,0.4,22.0,1.4,0.9,2025.0
08/25,4530.0,Kammasandra Lake,D,4.8,7.5,667.0,6.0,2.5,240.0,4300.0,3.0,152.0,16.0,152.0,108.0,72.0,9.125,0.86,180.0,96.0,84.0,27.0,65.0,452.0,47.5,0.38,0.5,13.0,0.385,43.0,2.1,0.22,2025.0
08/25,4531.0,Rayasandra Lake,E,1.0,7.6,2140.0,26.0,8.2,2100.0,11000.0,3.0,500.0,16.0,500.0,364.0,196.0,9.8,9.3,580.0,296.0,284.0,109.0,172.0,1438.0,26.0,0.46,0.5,43.0,0.37,43.0,3.1,1.35,2025.0
08/25,4532.0,Chandapura Lake,E,0.7,7.4,1264.0,29.0,4.9,2000.0,22000.0,3.0,292.0,16.0,292.0,212.0,216.0,19.0,16.0,344.0,176.0,168.0,52.0,121.0,872.0,18.0,1.0,0.5,25.0,0.48,41.0,2.84,2.89,2025.0
08/25,4533.0,Ullalu Lake,D,4.9,8.0,207.0,8.0,0.8,140.0,2400.0,3.0,100.0,16.0,100.0,16.0,96.0,14.73,0.4,68.0,36.0,32.0,45.0,23.0,142.0,18.0,0.8033333333333333,0.5,3.0,0.26,41.0,1.2,0.26,2025.0
08/25,4534.0,Sompura Lake,D,4.2,7.8,768.0,7.0,2.95,220.0,2800.0,3.0,188.0,16.0,188.0,72.0,92.0,10.46,0.4,104.0,66.0,38.0,38.0,52.0,514.0,12.0,0.6066666666666667,0.5,3.0,0.48,52.0,2.21,0.17,2025.0
08/25,4535.0,Gubbalal Lake,D,5.8,6.5,337.0,5.0,1.2,310.0,4300.0,3.0,120.0,16.0,120.0,44.0,62.0,6.190000000000001,0.74,100.0,56.0,44.0,8.0,27.0,236.0,24.0,0.41,0.5,3.0,0.33,36.0,1.1,0.98,2025.0
08/25,4536.0,Hosakerehalli Lake,E,5.15,6.5,465.0,34.0,1.7,1700.0,11000.0,3.0,220.0,16.0,220.0,44.0,168.0,1.92,1.71,176.0,92.0,84.0,8.0,36.0,320.0,20.0,0.4814285714285714,0.5,2.0,0.36,30.0,1.1,0.3,2025.0
08/25,4537.0,Chinnakurchi Kere,D,4.5,7.6,360.0,5.0,1.38,260.0,3500.0,3.0,112.0,16.0,112.0,24.0,80.0,16.22,0.4,108.0,60.0,48.0,16.0,11.0,244.0,14.0,0.5528571428571428,0.5,2.0,0.38,17.0,0.44,0.21,2025.0
08/25,4538.0,Machohalli Lake,E,2.1,7.4,1787.0,23.0,6.86,260.0,3500.0,3.0,192.0,16.0,192.0,272.0,144.0,30.52,21.8,320.0,182.0,138.0,45.0,113.0,1196.0,174.0,0.6242857142857142,0.5,2.0,0.42,43.0,2.74,0.12,2025.0
08/25,4539.0,Doddabidarakallu Lake,D,5.0,6.7,334.0,5.0,1.3,310.0,2800.0,3.0,80.0,16.0,80.0,56.0,58.0,23.44,0.57,92.0,48.0,44.0,14.0,36.0,230.0,96.0,0.6957142857142857,0.5,6.0,0.42,39.0,1.6,0.7274999999999999,2025.0
08/25,4540.0,Kammagondanahalli Lake,D,6.6,7.0,273.0,5.0,1.0,330.0,2100.0,3.0,68.0,16.0,68.0,48.0,52.0,16.36,0.4,72.0,36.0,36.0,11.0,27.0,186.0,18.0,0.7671428571428571,0.5,2.8,0.42,25.0,0.7,1.335,2025.0
08/25,4541.0,Alur Lake,D,5.9,7.3,201.0,5.0,0.73,490.0,3500.0,3.0,60.0,16.0,60.0,20.0,64.0,9.279999999999998,0.4,92.0,52.0,40.0,16.35,14.0,136.0,17.333333333333332,0.8385714285714285,0.5,7.0,0.42,22.0,0.68,1.9425,2025.0
08/25,4542.0,Basavanapura Lake,E,2.3,6.8,819.0,20.0,3.1,320.0,2200.0,3.0,136.0,16.0,136.0,140.0,156.0,2.2,1.7,228.0,120.0,108.0,21.7,82.0,560.0,16.666666666666668,0.91,0.5,8.0,0.38,43.0,1.4,2.55,2025.0
08/25,4543.0,Kodi Singasandra Lake,D,5.4,7.1,681.0,6.0,2.6,310.0,2800.0,3.0,128.0,16.0,128.0,120.0,72.0,2.14,0.4,104.0,56.0,48.0,6.0,108.0,454.0,16.0,0.67,0.5,15.0,0.3,65.0,4.6,0.36,2025.0
08/25,4544.0,Kothanuru Lake,E,2.5,6.8,616.0,20.0,2.4,330.0,2800.0,3.0,144.0,16.0,144.0,104.0,132.0,2.08,1.6,172.0,88.0,84.0,18.5,62.0,420.0,26.666666666666664,0.43,0.5,6.0,0.4,15.0,1.2,1.27,2025.0
08/25,4547.0,Mangamanapalya Lake(Swarana Kunte),D,5.0,7.1,688.0,7.0,2.8,200.0,1500.0,3.0,100.0,16.0,100.0,104.0,68.0,10.53,0.51,76.0,44.0,32.0,9.0,83.0,464.0,37.33333333333333,1.0,0.5,15.0,0.38,65.0,4.1,0.38,2025.0
08/25,5558.0,"Kannahalli Lake Kannahalli, Bengaluru",E,2.8,7.2,1816.0,20.0,6.97,1700.0,7900.0,3.0,408.0,16.0,408.0,204.0,124.0,18.98,14.6,452.0,248.0,204.0,15.0,103.0,1220.0,48.0,1.57,0.5,3.0,0.51,33.0,2.11,4.0,2025.0
08/25,5559.0,"Shettihalli Lake, Mallasandra Gudde Lake Bengaluru",D,4.6,7.0,515.0,5.0,2.0,260.0,2200.0,3.0,120.0,16.0,120.0,88.0,52.0,4.16,3.2,144.0,80.0,64.0,20.0,50.0,350.0,18.0,1.065,0.5,6.0,0.505,33.0,1.8,2.75,2025.0
08/25,5560.0,"Hoodi (Rajapalya Lake) Itpl Main Road, Near Hoodi,Bengaluru",D,5.4,7.2,988.0,6.0,3.9,410.0,2800.0,3.0,284.0,16.0,284.0,88.0,72.0,5.095000000000001,0.4,252.0,132.0,120.0,8.0,73.0,646.0,42.0,0.56,0.5,29.0,0.5,35.0,2.25,1.5,2025.0
08/25,5561.0,"Munekolalu Lake ,Marathahalli, East Taluka ,Bengaluru",D,5.2,8.2,682.0,7.0,2.5,1300.0,8400.0,3.0,112.0,16.0,112.0,96.0,68.0,6.03,0.4,136.0,76.0,60.0,19.0,73.0,450.0,66.0,0.3,0.5,14.0,0.4,51.0,2.7,0.85,2025.0
08/25,5562.0,"Mahadevpuraâ  Lake, K. R. Puram , Bangalore East Taluka",D,6.0,8.2,500.0,4.0,1.9,1300.0,9400.0,3.0,72.0,16.0,72.0,72.0,44.0,6.965,0.4,88.0,52.0,36.0,11.0,63.0,332.0,44.0,0.32,0.5,16.0,0.25,55.0,2.9,0.51,2025.0
08/25,5563.0,"Segehalli Lake Baavanapura Road Battarahalli , Bangalore East",E,2.6,7.1,1175.0,16.0,4.7,26000.0,70000.0,3.0,272.0,16.0,272.0,196.0,168.0,7.9,7.4,320.0,164.0,156.0,48.0,108.0,788.0,14.0,0.34,0.5,24.0,0.26,40.0,3.98,0.98,2025.0
08/25,5564.0,"Kannamangala Lake Hoskote Main Road , Bengalore",E,0.6,6.7,942.0,38.0,3.6,2300.0,7900.0,3.0,216.0,16.0,216.0,160.0,224.0,10.1,9.6,256.0,132.0,124.0,38.0,93.0,636.0,27.0,0.41,0.5,20.0,0.38,42.0,2.52,1.2,2025.0
08/25,5565.0,Kannur Lake Near By Hennur Road Bengalore,E,1.2,7.7,2170.0,23.0,8.3,2200.0,11000.0,3.0,512.0,16.0,512.0,372.0,164.0,16.9,13.0,600.0,304.0,296.0,90.0,220.0,1460.0,40.0,0.92,0.5,26.0,0.3,32.0,3.9,2.58,2025.0
08/25,5566.0,"Basavanapura Lake Ayyappa Nagr Main Road , K. R. Puram , Bengaluru",D,5.6,6.9,463.0,4.0,1.8,320.0,3500.0,3.0,104.0,16.0,104.0,72.0,48.0,14.6,0.68,120.0,64.0,56.0,19.0,45.0,314.0,12.0,0.9766666666666668,0.5,9.0,0.39,42.0,1.78,1.445,2025.0
08/25,5567.0,"Doddakallasandra Lake,Bengaluru",D,6.4,7.4,717.0,4.0,2.7,140.0,210.0,3.0,156.0,16.0,156.0,108.0,48.0,12.3,0.4,116.0,60.0,56.0,11.0,80.0,492.0,22.0,1.0333333333333334,0.5,8.0,0.48,57.0,3.4,0.31,2025.0
08/25,5568.0,"Ulsoor Lake Near Kalyani,Bengaluru",E,2.3,7.9,930.0,20.0,3.7,430.0,3500.0,3.0,248.0,16.0,248.0,84.0,152.0,10.0,8.5,188.0,100.0,88.0,15.0,82.0,630.0,34.0,1.09,0.5,7.0,0.28,48.0,2.59,3.12,2025.0
08/25,5569.0,"Byrasandra Upper Lake,Bengaluru",E,2.6,7.7,932.0,18.0,3.0,170.0,2800.0,3.0,212.0,16.0,212.0,156.0,156.0,13.0,10.0,252.0,128.0,124.0,38.0,92.0,632.0,58.0,0.67,0.5,19.0,0.39,42.0,2.53,1.96,2025.0
08/25,5570.0,"Soulkere, Kaikondrahalli Vill,Bengaluru",D,4.1,7.6,894.0,8.0,3.4,380.0,3500.0,3.0,236.0,16.0,236.0,70.0,92.0,14.114285714285714,0.7,242.0,119.0,123.0,37.0,89.0,580.0,46.666666666666664,0.3,0.5,9.0,0.4,41.0,1.3,0.9,2025.0
08/25,5571.0,"Kudlu Doddakere, Kudlu Vill,Bengaluru",D,4.6,7.9,1668.0,8.0,5.2,330.0,2800.0,3.0,276.0,16.0,276.0,184.0,92.0,15.228571428571428,0.4,320.0,168.0,152.0,59.0,144.0,1100.0,35.33333333333333,2.5,0.5,36.0,0.39,46.0,3.5,7.0,2025.0
08/25,5572.0,"Kudlu Chikkakere, Bgp Layout Kudlu Vill ,Bengaluru",D,5.9,7.6,1044.0,5.0,4.1,260.0,3500.0,3.0,164.0,16.0,164.0,156.0,64.0,16.34285714285714,0.4,184.0,96.0,88.0,10.0,95.0,694.0,24.0,0.23,0.5,22.0,0.42,50.0,3.0,0.65,2025.0
08/25,5573.0,"Doddathogur Lake , Doddathoguru Vill,Bengaluru",D,6.0,8.3,994.0,5.0,3.8,320.0,2100.0,3.0,212.0,16.0,228.0,132.0,58.0,17.457142857142856,0.4,208.0,108.0,100.0,11.0,119.0,676.0,20.0,1.15,0.5,18.0,0.46,53.0,3.6,2.72,2025.0
08/25,5574.0,"Anjanapura Lake ( Avala Halli Lake) Anjanapura,Bengaluru",D,5.2,7.4,726.0,8.0,2.7,260.0,3500.0,3.0,152.0,15.764705882352942,152.0,108.0,88.0,18.57142857142857,0.4,120.0,60.0,60.0,10.0,78.0,498.0,18.0,1.088,0.5,8.0,0.34,56.0,3.3,0.47,2025.0
08/25,5822.0,"Doddakammanahalli Lake, Doddakammanahalli Phase2, Tejaswini Nagar",D,5.4,7.4,479.0,8.0,1.8,380.0,4300.0,3.0,96.0,15.529411764705882,96.0,68.0,88.0,19.685714285714287,0.4,100.0,52.0,48.0,40.0,56.0,320.0,20.0,1.026,0.5,6.0,0.47,52.0,2.4,0.15,2025.0
08/25,5823.0,"Basspura Lake, Aishwarya Crystal Layout, Begur, Bengaluru",D,5.2,7.2,694.0,7.0,2.6,210.0,3500.0,3.0,116.0,15.294117647058824,116.0,128.0,78.0,20.8,0.4,96.0,52.0,44.0,7.0,78.0,476.0,22.0,0.964,0.5,8.0,0.22,61.0,3.6,0.31,2025.0
08/25,5825.0,"Lower Amblipura Lake, Pwd Quarters,1St Sector, Hsr Layout Bengaluru",D,5.6,7.1,685.0,6.0,2.5,210.0,1700.0,3.0,96.0,15.058823529411764,96.0,100.0,72.0,21.914285714285715,0.4,76.0,40.0,36.0,9.0,82.0,460.0,16.0,0.902,0.5,15.0,0.38,65.0,4.1,0.36,2025.0
08/25,5826.0,"Bhoganhalli Lake, Bhoganhalli,, Bengaluru",D,6.1,8.2,1007.0,4.0,3.8,390.0,2200.0,3.0,208.0,14.823529411764708,208.0,104.0,40.0,23.02857142857143,0.4,184.0,100.0,84.0,28.0,94.0,672.0,20.0,0.84,0.5,34.0,0.59,47.0,3.0,2.3,2025.0
08/25,5828.0,"Parappana Agrahara Chikka Kere, Near Central Jail, Sai Sree Layout Parappana Agrahara,",D,5.9,7.6,1042.0,5.0,3.4,330.0,4300.0,3.0,156.0,14.588235294117649,156.0,144.0,60.0,24.142857142857142,0.4,192.0,104.0,88.0,12.0,96.0,704.0,26.0,0.24,0.5,21.0,0.47,49.0,3.0,0.69,2025.0
08/25,5829.0,"Vittasandra Lake, Vittasandra,",D,6.2,7.4,486.0,4.0,1.8,240.0,1700.0,3.0,96.0,14.352941176470589,96.0,52.0,42.0,25.25714285714286,0.4,84.0,44.0,40.0,28.0,53.0,330.0,25.0,0.445,0.5,7.0,0.47,55.0,2.5,0.25,2025.0
08/25,5830.0,"Akshyanagara Lake, Akshyanagara West, Bengaluru",D,6.4,7.3,482.0,4.0,1.9,22.0,1600.0,3.0,104.0,14.117647058823527,104.0,60.0,36.0,26.371428571428577,0.4,92.0,48.0,44.0,39.0,54.0,328.0,24.0,0.65,0.5,5.0,0.47,54.0,2.5,0.17,2025.0
08/25,5831.0,"Yallenahalli Lake, Begur-Koppa Rd, Akshayanagara, Bengaluru",D,5.4,7.4,479.0,8.0,1.9,380.0,4300.0,3.0,104.0,13.882352941176473,104.0,56.0,88.0,27.485714285714288,0.4,96.0,48.0,48.0,30.0,53.0,342.0,23.0,0.855,0.5,6.0,0.46,52.0,2.5,0.17,2025.0
08/25,5833.0,Doddagubbi Lake,E,3.0,8.1,2180.0,30.0,8.4,2600.0,9400.0,3.0,516.0,13.647058823529411,516.0,376.0,178.0,28.6,22.0,600.0,304.0,296.0,90.0,220.0,1468.0,22.0,1.06,0.5,24.0,0.3,59.0,3.9,2.99,2025.0
08/25,5834.0,Chikkagubi Lake,E,1.6,8.5,4820.0,23.0,18.5,1100.0,13000.0,3.0,113.0,13.411764705882351,1136.0,826.0,136.0,61.1,47.0,1332.0,672.0,660.0,200.0,480.0,3260.0,18.0,1.69,0.5,44.0,0.5,50.0,5.9,3.64,2025.0
08/25,5835.0,Vijanapura Lake,D,4.2,7.1,522.0,6.0,2.0,3100.0,12000.0,3.0,116.0,13.176470588235292,116.0,84.0,60.0,34.25,0.72,140.0,76.0,64.0,21.0,51.0,360.0,20.0,1.495,0.5,10.0,0.29,42.0,1.87,3.3200000000000003,2025.0
08/25,5836.0,Cheemasandra,E,3.1,6.7,736.0,19.0,2.8,1100.0,4900.0,3.0,172.0,12.941176470588236,172.0,140.0,136.0,7.4,5.8,208.0,104.0,104.0,8.0,75.0,508.0,26.0,1.3,0.5,8.0,0.31,43.0,2.3,3.0,2025.0
08/25,5837.0,Leghumenahalli Lake,E,0.9,6.8,941.0,36.0,3.5,260.0,2200.0,3.0,220.0,12.705882352941178,220.0,156.0,216.0,9.1,8.6,252.0,128.0,124.0,39.0,91.0,634.0,24.666666666666668,1.045,0.5,19.0,0.33,42.0,2.48,0.36,2025.0
08/25,5838.0,Varanasi Lake,D,6.2,7.1,272.0,5.0,1.0,260.0,4300.0,3.0,88.0,12.470588235294118,88.0,36.0,56.0,8.495,0.4,84.0,44.0,40.0,7.0,28.0,188.0,23.333333333333332,0.79,0.5,3.0,0.51,43.0,1.3,0.4633333333333333,2025.0
08/25,5839.0,Gangashetty Lake,D,5.8,7.5,1232.0,8.0,4.5,240.0,3500.0,3.0,348.0,12.235294117647058,348.0,200.0,68.0,7.89,0.52,320.0,160.0,160.0,20.0,128.0,850.0,22.0,0.535,0.5,11.0,0.69,45.0,3.1,0.5666666666666667,2025.0
08/25,5840.0,Panathur Lake,D,5.8,8.5,673.0,6.0,3.4,260.0,3500.0,3.0,136.0,12.0,148.0,136.0,72.0,7.285,0.4,132.0,72.0,60.0,21.0,71.0,458.0,154.0,0.28,0.5,6.0,0.42,52.0,2.7,0.67,2025.0
08/25,5841.0,Garudacharpalya Lake-2,E,3.2,7.4,1170.0,19.0,6.0,2600.0,15000.0,3.0,204.0,14.0,204.0,176.0,128.0,6.68,5.03,228.0,120.0,108.0,22.0,129.0,796.0,86.0,1.9,0.5,15.0,0.46,53.0,3.7,4.49,2025.0
08/25,5842.0,Mahadevapura Lake-2,E,3.0,8.5,295.0,20.0,1.3,2200.0,13000.0,3.0,76.0,16.0,92.0,56.0,132.0,5.385,0.65,68.0,40.0,28.0,18.5,26.0,200.0,250.0,1.22,0.5,3.0,0.41,44.0,1.3,0.25,2025.0
08/25,5843.0,B- Narayannapura Lake-2,E,3.0,8.5,475.0,20.0,2.4,3300.0,24000.0,3.0,144.0,16.0,160.0,76.0,128.0,4.09,0.89,124.0,68.0,56.0,15.0,50.0,324.0,230.0,0.54,0.5,3.0,0.36,46.0,1.9,1.28,2025.0
08/25,5844.0,Halnayakanahalli Lake,D,6.0,8.5,675.0,5.0,3.5,240.0,2800.0,3.0,136.0,8.0,144.0,124.0,64.0,2.795,0.4,144.0,76.0,68.0,12.0,71.0,460.0,164.0,0.36,0.5,7.0,0.43,50.0,2.5,0.85,2025.0
09/25,1388.0,Ulsoor Lake Training Centre Of Fish Breeding,E,1.5,7.8,512.0,22.0,1.97,1200.0,7000.0,4.48,88.0,5.6,88.0,56.0,152.0,2.752941176470588,1.9,112.0,72.0,40.0,25.0,45.0,340.0,256.0,1.355,0.5,4.0,0.405,45.0,1.85,0.22,2025.0
09/25,2778.0,River Arkavathi At Tippagondanahalli Reservoir,D,6.0,7.9,1067.0,4.0,4.0,140.0,2400.0,5.96,288.0,6.2,288.0,200.0,48.0,3.7058823529411766,0.4,344.0,176.0,168.0,12.0,105.0,728.0,16.0,1.31,0.5,18.0,0.38,38.0,2.5,3.1,2025.0
09/25,3589.0,Madiwala Tank,D,5.4,7.2,478.0,6.0,1.8,390.0,4300.0,7.44,104.0,6.8,104.0,72.0,60.0,4.658823529411764,0.61,124.0,64.0,60.0,19.0,46.0,322.0,22.0,1.0066666666666668,0.5,10.0,0.44,42.0,1.8,2.3733333333333335,2025.0
09/25,3590.0,Lalbagh Tank,D,5.2,8.1,351.0,7.0,1.3,210.0,3500.0,8.92,100.0,7.4,100.0,76.0,80.0,5.6117647058823525,0.4,76.0,40.0,36.0,6.0,37.0,242.0,28.0,0.7033333333333334,0.5,4.0,0.46,49.0,1.8,1.6466666666666667,2025.0
09/25,3591.0,Kempambudhi Tank,D,4.9,7.4,342.0,11.0,1.3,1100.0,8400.0,10.4,144.0,8.0,144.0,36.0,116.0,6.564705882352941,0.5,120.0,60.0,60.0,10.666666666666668,35.0,236.0,248.0,0.4,0.5,4.0,0.43,37.0,1.4,0.92,2025.0
09/25,3592.0,Yediyur Tank,D,5.3,7.6,232.0,9.0,0.9,170.0,2400.0,11.88,84.0,8.6,84.0,36.0,84.0,7.517647058823528,0.4,76.0,40.0,36.0,15.333333333333334,24.0,160.0,32.0,0.39,0.5,3.0,0.4,39.0,1.2,0.945,2025.0
09/25,3593.0,Ulsoor Lake Temple,E,1.2,7.6,413.0,28.0,1.59,1700.0,13000.0,13.36,88.0,9.2,88.0,48.0,168.0,8.470588235294118,2.5,116.0,80.0,36.0,20.0,44.0,280.0,184.0,0.38,0.5,5.0,0.37,44.0,1.76,0.97,2025.0
09/25,3594.0,Sankey Tank,D,6.2,7.8,486.0,4.0,1.9,220.0,2400.0,14.84,108.0,9.8,108.0,76.0,48.0,9.423529411764706,0.4,128.0,68.0,60.0,20.0,47.0,326.0,102.0,0.47,0.5,9.0,0.3399999999999999,42.0,1.8,0.955,2025.0
09/25,3595.0,Byrasandra Tank,D,4.8,7.7,932.0,9.0,3.58,310.0,1700.0,16.32,164.0,10.4,164.0,164.0,96.0,10.376470588235296,0.9,180.0,102.0,78.0,21.0,106.0,638.0,20.0,0.56,0.5,5.0,0.31,55.0,3.44,0.94,2025.0
09/25,3596.0,Nayandanahalli Tank,D,4.2,8.2,633.0,8.0,2.43,320.0,2800.0,17.8,92.0,11.0,92.0,120.0,96.0,11.329411764705885,0.4,100.0,75.0,25.0,23.0,81.0,436.0,12.0,0.48,0.5,3.0,0.32,63.0,3.51,0.575,2025.0
09/25,3597.0,Hesaraghatta Lake,D,6.1,7.7,397.0,4.0,1.13,170.0,1500.0,19.28,144.0,11.6,144.0,72.0,48.0,12.282352941176471,0.4,96.0,52.0,44.0,30.5,31.0,272.0,12.0,0.4,0.5,3.0,0.31,40.0,1.4,0.21,2025.0
09/25,3598.0,Herohalli Tank,D,4.0,8.1,403.0,6.0,1.2,3100.0,7000.0,20.76,56.0,12.2,56.0,64.0,48.0,13.235294117647058,0.62,108.0,60.0,48.0,38.0,53.0,272.0,26.0,0.32,0.5,6.0,0.23,49.0,2.2,0.25,2025.0
09/25,3599.0,Anchepalya Lake,E,3.2,6.9,477.0,21.0,1.57,31000.0,110000.0,22.24,152.0,12.8,152.0,100.0,136.0,14.188235294117646,0.53,188.0,100.0,88.0,13.0,43.0,328.0,40.0,0.24,0.5,5.0,0.28,33.0,1.3,0.57,2025.0
09/25,3600.0,Shivapura Tank,D,7.0,7.0,454.0,4.0,1.96,280.0,310.0,23.72,88.0,13.4,88.0,76.0,45.0,15.141176470588237,0.4,152.0,88.0,64.0,19.0,76.0,308.0,14.0,0.4933333333333333,0.5,9.0,0.33,37.0,1.6,1.1466666666666665,2025.0
09/25,3601.0,Karihobanahalli Lake,D,7.0,7.0,454.0,4.0,1.96,280.0,310.0,25.2,88.0,14.0,88.0,76.0,45.0,16.094117647058823,0.4,152.0,88.0,64.0,37.0,44.0,308.0,14.0,0.7466666666666667,0.5,9.0,0.33,37.0,1.6,1.7233333333333332,2025.0
09/25,3602.0,Bellandur Lake,D,6.0,7.8,735.0,5.0,2.8,200.0,2800.0,26.68,232.0,14.6,232.0,120.0,56.0,17.04705882352941,0.4,184.0,92.0,22.0,10.0,84.0,508.0,18.0,1.0,0.5,9.0,0.35,49.0,2.7,2.3,2025.0
09/25,3603.0,Vengaiyyanakere( Kr Puram Lake ),E,1.9,6.9,762.0,54.0,2.6,210.0,2400.0,28.16,156.0,15.2,156.0,88.0,296.0,18.0,14.0,172.0,92.0,80.0,19.0,78.0,500.0,26.0,1.2,0.5,17.0,0.42,47.0,2.6,3.3,2025.0
09/25,3604.0,Doddanekkundi Lake,D,5.2,6.9,500.0,10.0,1.9,1700.0,9400.0,29.64,152.0,15.8,152.0,92.0,104.0,10.15,0.84,124.0,64.0,60.0,35.0,53.0,346.0,18.0,0.9166666666666666,0.5,6.0,0.49,46.0,2.1,0.2,2025.0
09/25,3605.0,Yelemallappa Shetty Lake,E,2.0,7.6,1208.0,23.0,5.3,31.0,920.0,31.12,290.0,16.4,290.0,211.0,166.0,2.3,1.8,336.0,170.0,166.0,51.0,120.0,820.0,20.0,0.6333333333333333,0.5,24.0,0.24,48.0,2.8,0.52,2025.0
09/25,3606.0,Dasarahalli Tank,E,3.0,6.7,377.0,19.0,1.06,400.0,2200.0,32.6,108.0,17.0,108.0,80.0,128.0,12.65,0.82,144.0,76.0,68.0,8.0,28.0,256.0,38.0,0.35,0.5,3.0,0.23,29.0,1.0,0.84,2025.0
09/25,3607.0,Kalkere Tank,E,3.1,7.2,1059.0,14.0,3.7,2600.0,9400.0,34.08,204.0,17.6,204.0,152.0,112.0,23.0,18.0,252.0,132.0,120.0,28.0,93.0,698.0,31.333333333333332,1.4,0.5,18.0,0.325,42.0,2.5,4.0,2025.0
09/25,3608.0,Varthur Lake,E,4.65,6.8,904.0,62.0,3.5,260.0,1500.0,35.56,356.0,18.2,356.0,120.0,232.0,35.0,27.0,232.0,120.0,112.0,7.0,104.0,624.0,24.666666666666664,0.63,0.5,12.0,0.42,48.0,3.0,1.5,2025.0
09/25,3609.0,Ibbalur Lake,D,6.2,7.9,734.0,4.0,2.8,260.0,3500.0,37.04,236.0,18.799999999999997,236.0,116.0,52.0,32.821333333333335,0.4,184.0,92.0,88.0,10.0,84.0,506.0,18.0,1.0,0.5,9.0,0.35,49.0,2.7,2.3,2025.0
09/25,3610.0,Tubarahalli Tank,D,5.3,7.4,657.0,7.0,2.5,31.0,1600.0,38.52,244.0,19.4,244.0,80.0,80.0,30.642666666666667,0.4,192.0,100.0,92.0,14.5,75.0,450.0,119.0,0.35,0.5,9.0,0.35,45.0,2.3,0.8,2025.0
09/25,3611.0,Kaikondanahalli Lake,D,5.7,8.5,826.0,7.0,3.2,310.0,2100.0,40.0,140.0,20.0,160.0,188.0,80.0,28.464,0.4,144.0,72.0,72.0,19.0,91.0,570.0,220.0,0.42,0.5,10.0,0.31,55.0,3.3,1.0,2025.0
09/25,3612.0,Agaram Lake,D,6.2,7.9,736.0,4.0,2.8,110.0,2400.0,39.2,232.0,19.6,232.0,120.0,48.0,26.285333333333337,0.4,180.0,92.0,88.0,10.0,84.0,506.0,18.0,1.0,0.5,9.0,0.34,49.0,2.7,2.3,2025.0
09/25,3613.0,Gottigere Lake,D,6.2,7.2,432.0,5.0,1.3,320.0,2200.0,38.4,104.0,19.2,104.0,40.0,48.0,24.10666666666667,0.4,96.0,52.0,44.0,9.5,23.0,290.0,16.0,0.892,0.5,6.0,0.35,34.0,1.03,1.3199999999999998,2025.0
09/25,3614.0,Puttenahalli Lake,D,4.1,7.0,478.0,7.0,1.9,310.0,3500.0,37.6,108.0,18.8,108.0,68.0,72.0,21.928,0.89,136.0,72.0,64.0,9.0,38.0,324.0,14.0,0.784,0.5,3.0,0.36,37.0,1.42,0.34,2025.0
09/25,3615.0,Arakere Lake,D,4.8,7.2,481.0,6.0,1.8,260.0,1700.0,36.8,108.0,18.4,108.0,76.0,68.0,19.749333333333333,0.58,128.0,68.0,60.0,20.0,47.0,326.0,16.666666666666668,0.6759999999999999,0.5,10.0,0.37,42.0,1.81,0.5866666666666667,2025.0
09/25,3616.0,Kalena Agrahara Lake,D,5.6,7.3,344.0,5.0,1.3,330.0,3500.0,36.0,76.0,18.0,76.0,56.0,56.0,17.570666666666668,0.46,92.0,52.0,40.0,14.0,34.0,236.0,19.333333333333332,0.568,0.5,7.0,0.22,42.0,1.53,0.8333333333333334,2025.0
09/25,3617.0,Hulimavu Lake,D,5.8,7.0,732.0,6.0,2.4,310.0,3500.0,35.2,268.0,17.6,268.0,84.0,72.0,15.392000000000005,0.4,188.0,100.0,88.0,8.0,70.0,498.0,22.0,0.46,0.5,34.0,0.64,40.0,2.3,1.08,2025.0
09/25,3618.0,Singasandra Lake,D,6.7,7.3,335.0,4.0,1.2,240.0,3500.0,34.4,72.0,17.2,72.0,52.0,40.0,13.213333333333336,0.4,80.0,48.0,32.0,13.0,35.0,230.0,16.0,0.62,0.5,6.0,0.21,43.0,1.7,1.5166666666666668,2025.0
09/25,3619.0,Begur Tank,D,5.3,7.1,342.0,6.0,1.3,310.0,2100.0,33.6,80.0,16.8,80.0,52.0,64.0,11.034666666666666,0.66,88.0,48.0,40.0,14.0,33.0,234.0,26.0,0.78,0.5,7.0,0.24,42.0,1.53,1.9533333333333336,2025.0
09/25,3620.0,Parappana Agrahara Lake,D,6.2,8.1,778.0,5.0,2.99,390.0,5400.0,32.8,240.0,16.4,240.0,116.0,48.0,8.856000000000002,0.4,220.0,145.0,75.0,17.7,94.0,524.0,36.0,0.94,0.5,27.0,0.42,44.0,2.76,2.39,2025.0
09/25,3621.0,Haralur Lake,D,5.8,8.5,582.0,6.0,2.2,310.0,2800.0,32.0,108.0,16.0,124.0,144.0,76.0,6.677333333333337,0.4,120.0,60.0,60.0,9.0,64.0,396.0,240.0,0.845,0.5,7.0,0.42,51.0,2.5,0.42,2025.0
09/25,3622.0,Somasundrapalya Lake,D,5.6,8.0,492.0,6.0,1.8,26.0,350.0,32.0,160.0,16.0,160.0,92.0,72.0,4.498666666666669,0.87,148.0,80.0,68.0,40.0,63.0,324.0,70.0,0.75,0.5,14.0,0.26,45.0,2.2,1.77,2025.0
09/25,3623.0,Anekal Doddakere Tank,E,3.0,7.7,1564.0,33.0,6.0,330.0,1700.0,32.0,284.0,16.0,284.0,396.0,168.0,2.32,1.82,388.0,200.0,188.0,37.0,150.0,1064.0,28.0,2.39,0.5,12.0,0.42,44.0,3.4,5.63,2025.0
09/25,3624.0,Puttenahalli Lake,E,3.5,7.0,567.0,15.0,2.4,240.0,3500.0,32.0,136.0,16.0,136.0,96.0,98.0,2.0,1.6,156.0,84.0,72.0,23.0,55.0,386.0,22.0,1.8675,0.5,11.0,0.38,41.0,1.92,2.965,2025.0
09/25,3625.0,Hebbal Lake,D,5.3,8.0,438.0,7.0,1.7,270.0,3500.0,32.0,124.0,16.0,124.0,76.0,76.0,2.0125,0.4,144.0,72.0,72.0,6.5,48.0,302.0,25.0,1.345,0.5,5.0,0.26,41.0,1.7,0.3,2025.0
09/25,3626.0,Nagavara Lake,D,5.9,7.0,449.0,5.0,1.72,250.0,1500.0,32.0,136.0,16.0,136.0,72.0,52.0,2.025,0.4,164.0,92.0,72.0,11.0,49.0,304.0,28.0,0.8224999999999998,0.5,9.0,0.25,37.0,1.65,0.4,2025.0
09/25,3627.0,Jakkur Lake,D,6.3,6.7,608.0,4.0,2.33,320.0,2200.0,32.0,152.0,16.0,152.0,100.0,48.0,2.0375,0.4,168.0,90.0,78.0,18.0,71.0,416.0,30.0,0.3,0.5,15.0,0.34,45.0,2.37,0.7,2025.0
09/25,3628.0,Amruthahalli Lake,D,5.8,8.0,423.0,5.0,1.62,220.0,2400.0,32.0,124.0,16.0,124.0,76.0,56.0,2.05,0.4,128.0,70.0,58.0,11.0,55.0,286.0,44.0,0.27,0.5,9.0,0.22,46.0,2.1,0.68,2025.0
09/25,3629.0,Allalasandra Lake,D,5.1,8.2,512.0,4.0,1.97,330.0,5400.0,32.0,112.0,16.0,112.0,68.0,48.0,2.0625,0.4,128.0,70.0,58.0,19.0,61.0,344.0,94.0,0.31,0.5,9.0,0.255,48.0,2.34,0.73,2025.0
09/25,3630.0,Yelahanka Tank,D,4.5,6.8,502.0,8.0,1.93,230.0,1700.0,32.0,132.0,16.0,132.0,88.0,80.0,2.075,0.74,152.0,82.0,70.0,12.0,65.0,338.0,32.0,0.28,0.5,14.0,0.29,45.0,2.3,0.71,2025.0
09/25,3633.0,Subramanyapura Tank,E,3.0,7.7,746.0,17.0,2.6,2600.0,9400.0,32.0,164.0,16.0,164.0,80.0,120.0,2.0875,0.82,172.0,92.0,80.0,24.0,53.0,500.0,29.333333333333332,0.26,0.5,4.0,0.21,3.0,1.75,0.51,2025.0
09/25,3634.0,Devarakere Tank,E,2.2,6.8,284.0,41.0,0.95,260.0,1400.0,32.0,84.0,16.0,84.0,28.0,216.0,2.1,1.6,96.0,56.0,40.0,9.0,25.0,190.0,26.666666666666668,0.24,0.5,7.0,0.265,34.0,0.35,0.67,2025.0
09/25,3635.0,Malathahalli Lake,D,4.6,6.9,542.0,7.0,1.8,210.0,1100.0,32.0,176.0,16.0,176.0,28.0,76.0,2.8,0.78,172.0,92.0,80.0,27.0,36.0,368.0,24.0,0.315,0.5,2.0,0.32,31.0,1.19,0.4,2025.0
09/25,3636.0,Hoskere Lake,E,2.2,6.8,342.0,13.0,1.3,260.0,1500.0,32.0,76.0,16.0,76.0,52.0,124.0,3.5,3.2,88.0,48.0,40.0,14.0,32.0,232.0,18.0,0.39,0.5,7.0,0.26,41.0,1.48,1.12,2025.0
09/25,3638.0,Yelachenahalli Lake,D,5.4,7.3,326.0,8.0,1.2,310.0,2800.0,32.0,112.0,16.0,112.0,52.0,92.0,3.3666666666666667,0.4,88.0,44.0,44.0,12.5,34.0,222.0,12.0,0.3366666666666666,0.5,4.0,0.305,44.0,1.6,0.6300000000000001,2025.0
09/25,3639.0,Kengeri Tank,D,7.3,8.2,550.0,5.0,2.11,320.0,1500.0,32.0,192.0,16.0,192.0,72.0,48.0,3.2333333333333334,0.4,140.0,95.0,45.0,11.0,70.0,338.0,49.0,0.2833333333333333,0.5,2.0,0.35,52.0,2.57,0.14,2025.0
09/25,3640.0,Uttarahalli Doraikere,E,2.6,7.8,212.0,27.0,0.67,380.0,4300.0,32.0,72.0,16.0,72.0,16.0,192.0,3.1,2.4,76.0,44.0,32.0,10.0,12.0,142.0,86.0,0.23,0.5,6.0,0.3833333333333333,23.0,0.18,0.64,2025.0
09/25,3641.0,Dhorekere Tank,E,2.4,7.5,250.0,42.0,0.9,210.0,2200.0,32.0,88.0,16.0,88.0,16.0,228.0,2.86,1.4,88.0,52.0,36.0,155.0,16.0,168.0,68.0,0.42,0.5,6.0,0.4166666666666667,26.0,0.23,1.1,2025.0
09/25,3642.0,Jigani Tank,D,5.2,7.4,923.0,8.0,3.54,210.0,1200.0,32.0,248.0,16.0,248.0,200.0,80.0,2.62,0.4,236.0,124.0,112.0,23.0,105.0,632.0,42.0,1.0,0.5,21.0,0.45,46.0,3.0,2.38,2025.0
09/25,3643.0,Benniganahalli Lake,D,4.6,7.4,394.0,5.0,1.5,260.0,3500.0,32.0,83.0,16.0,83.0,60.0,58.0,2.38,0.42,92.0,48.0,44.0,15.0,34.0,240.0,16.0,0.8966666666666666,0.5,7.0,0.44,18.0,1.5,2.2466666666666666,2025.0
09/25,3655.0,Mathikere Tank,D,5.4,7.1,204.0,5.0,1.0,320.0,3500.0,32.0,44.0,16.0,44.0,28.0,64.0,2.1399999999999997,0.51,52.0,32.0,20.0,8.0,19.0,114.0,114.0,0.7933333333333333,0.5,4.0,0.43,41.0,1.14,2.1133333333333333,2025.0
09/25,4094.0,Gangondanahalli Lake,E,2.6,7.6,1650.0,14.0,7.1,1100000000.0,3300000000.0,32.0,592.0,16.0,592.0,276.0,94.0,1.9,1.5,424.0,216.0,208.0,70.0,144.0,1120.0,26.0,0.69,0.5,34.0,0.42,40.0,3.0,1.98,2025.0
09/25,4095.0,Chikkabanavara Lake,D,6.5,7.0,438.0,4.0,1.9,3100.0,12000.0,32.0,156.0,16.0,156.0,72.0,41.0,26.95,0.4,188.0,104.0,84.0,18.0,42.0,298.0,14.0,0.6839999999999999,0.5,5.0,0.36,32.0,1.3,1.15,2025.0
09/25,4096.0,Andhrahalli Lake,E,6.5,6.8,1509.0,69.0,5.7,17000.0,220000.0,32.0,332.0,16.0,332.0,200.0,336.0,52.0,42.0,356.0,184.0,172.0,61.0,99.0,1008.0,24.0,0.6779999999999999,0.5,20.0,0.25,36.0,2.3,0.32,2025.0
09/25,4097.0,Kachohalli Lake,D,6.5,7.9,1315.0,4.0,5.6,270000.0,1100000.0,32.0,268.0,16.0,268.0,216.0,43.0,36.2,0.4,392.0,200.0,192.0,54.0,128.0,894.0,16.0,0.672,0.5,22.0,0.47,40.0,2.8,0.41,2025.0
09/25,4504.0,Sarakki Lake,D,4.9,7.7,473.0,9.0,1.8,310.0,4300.0,32.0,152.0,16.0,152.0,92.0,96.0,20.4,0.87,124.0,64.0,60.0,11.0,50.0,326.0,78.0,0.666,0.5,6.0,0.345,45.0,2.0,1.155,2025.0
09/25,4505.0,Nelamangala Lake,E,1.9,6.5,892.0,16.0,3.4,480.0,2800.0,32.0,204.0,16.0,204.0,148.0,176.0,4.6,4.1,240.0,124.0,116.0,37.0,87.0,596.0,12.0,0.66,0.5,18.0,0.22,42.0,2.44,1.9,2025.0
09/25,4506.0,Abbigere Lake,D,6.2,7.4,580.0,5.0,2.5,210.0,2200.0,32.0,152.0,16.0,152.0,96.0,48.0,10.657142857142857,0.4,160.0,88.0,72.0,24.0,57.0,394.0,18.0,0.49,0.5,11.0,0.33,42.0,2.0,1.335,2025.0
09/25,4507.0,Chelekere Lake,D,5.8,8.4,502.0,5.0,1.93,260.0,2800.0,32.0,120.0,16.0,120.0,64.0,48.0,16.714285714285715,0.4,136.0,74.0,62.0,15.0,59.0,344.0,86.0,0.32,0.5,9.0,0.31,46.0,2.21,0.77,2025.0
09/25,4508.0,Singapura Lake,D,6.2,7.0,448.0,4.0,1.72,310.0,3500.0,32.0,120.0,16.0,120.0,88.0,44.0,22.771428571428572,0.4,136.0,90.0,46.0,9.0,48.0,306.0,28.0,0.3349999999999999,0.5,9.0,0.26,42.0,1.8,0.32,2025.0
09/25,4509.0,Narasipura Lake,D,4.5,6.6,391.0,8.0,1.5,210.0,4300.0,32.0,128.0,16.0,128.0,68.0,88.0,28.82857142857143,0.44,144.0,78.0,66.0,16.0,62.0,258.0,90.0,0.35,0.5,10.0,0.23,46.0,2.23,0.9,2025.0
09/25,4510.0,Rachenahalli Lake,D,5.9,7.5,928.0,5.0,3.56,260.0,1500.0,32.0,128.0,16.0,128.0,108.0,44.0,34.885714285714286,0.4,172.0,108.0,64.0,15.0,300.0,638.0,24.0,0.3,0.5,17.0,0.32,77.0,9.94,0.77,2025.0
09/25,4511.0,Kogilu Kere,D,5.8,6.9,534.0,5.0,2.05,310.0,3500.0,32.0,152.0,16.0,152.0,72.0,48.0,40.94285714285714,0.4,164.0,92.0,72.0,9.0,48.0,366.0,26.0,0.34,0.5,9.0,0.29,37.0,1.64,0.88,2025.0
09/25,4512.0,Viswaneedam Lake,E,4.45,6.7,1593.0,45.0,6.5,1400000.0,4600000.0,32.0,356.0,16.0,356.0,196.0,264.0,47.0,37.0,380.0,196.0,184.0,49.0,110.0,1052.0,12.0,0.356,0.5,36.0,0.28,36.0,2.5,0.32,2025.0
09/25,4513.0,Ramammana Kere,E,3.1,6.9,472.0,24.0,1.58,1400.0,7000.0,32.0,156.0,16.0,156.0,104.0,160.0,39.666666666666664,0.69,156.0,84.0,72.0,14.0,43.0,324.0,42.0,0.372,0.5,5.0,0.27,36.0,1.5,0.39,2025.0
09/25,4514.0,Sadaramangala Lake,D,6.2,7.9,754.0,4.0,2.9,310.0,2800.0,32.0,172.0,16.0,172.0,124.0,44.0,32.333333333333336,0.64,204.0,108.0,96.0,31.0,74.0,512.0,28.0,0.388,0.5,15.0,0.29,42.0,2.25,0.22,2025.0
09/25,4515.0,Bhattarahalli Lake,D,5.1,7.0,597.0,6.0,2.6,150.0,2100.0,32.0,141.0,16.0,141.0,103.0,64.0,25.0,0.4,160.0,82.0,78.0,25.0,58.0,406.0,14.0,0.404,0.5,12.0,0.3349999999999999,37.0,2.0,0.6,2025.0
09/25,4516.0,Kundalahalli Lake,D,5.3,7.4,753.0,7.0,2.9,310.0,4300.0,32.0,264.0,16.0,264.0,92.0,84.0,17.666666666666668,0.4,248.0,128.0,120.0,25.0,90.0,516.0,16.0,0.42,0.5,11.0,0.38,43.0,2.5,0.98,2025.0
09/25,4517.0,Kowdhenahalli Tank,D,5.9,7.3,348.0,5.0,1.2,320.0,3500.0,32.0,68.0,16.0,68.0,44.0,64.0,10.333333333333336,0.44,104.0,60.0,44.0,25.0,38.0,232.0,18.0,0.415,0.5,11.0,0.25,41.0,1.6,0.35,2025.0
09/25,4518.0,Garudacharpalya Tank,E,3.0,8.5,394.0,17.0,1.4,210.0,2100.0,32.0,112.0,16.0,128.0,76.0,128.0,3.0,2.3,104.0,52.0,52.0,31.5,41.0,272.0,118.0,0.41,0.5,4.0,0.28,44.0,1.7,0.5,2025.0
09/25,4519.0,Rampura Lake,E,1.2,6.9,900.0,23.0,3.9,17.0,1600.0,32.25806451612903,212.0,16.129032258064516,212.0,155.0,136.0,2.5,1.9,244.0,124.0,120.0,38.0,89.0,612.0,30.0,0.405,0.5,18.0,0.33,40.0,2.5,0.35,2025.0
09/25,4520.0,Chinnappanahalli Lake,D,5.4,7.4,742.0,7.0,2.8,140.0,2400.0,32.516129032258064,264.0,16.258064516129032,264.0,96.0,80.0,3.3666666666666667,0.4,224.0,116.0,108.0,49.5,89.0,512.0,26.0,0.4,0.5,11.0,0.38,45.0,2.6,0.9,2025.0
09/25,4521.0,Devarabeesanahalli Lake,D,5.8,7.5,1716.0,6.0,6.6,260.0,4300.0,32.774193548387096,308.0,16.387096774193548,308.0,344.0,68.0,4.233333333333333,0.4,500.0,252.0,248.0,61.0,180.0,1186.0,22.0,3.2,0.5,19.0,0.28,43.0,3.5,7.5,2025.0
09/25,4522.0,Vibhuthipura Lake,E,2.3,7.4,1286.0,11.0,4.9,240.0,4300.0,33.03225806451613,296.0,16.516129032258064,296.0,216.0,120.0,5.1,4.6,348.0,180.0,168.0,53.0,118.0,872.0,18.0,0.48,0.5,26.0,0.46,40.0,2.75,1.4,2025.0
09/25,4523.0,Nallurahalli Lake,E,2.25,7.0,910.0,64.0,3.5,230.0,2200.0,33.29032258064516,344.0,16.64516129032258,344.0,124.0,228.0,36.0,28.0,248.0,128.0,120.0,7.0,100.0,628.0,14.0,0.9,0.5,11.0,0.4,45.0,2.8,2.1,2025.0
09/25,4524.0,Pattandur Agrahara Lake,E,2.2,7.5,1470.0,14.0,5.8,310.0,1700.0,33.54838709677419,340.0,16.774193548387096,340.0,248.0,136.0,5.3,4.8,400.0,208.0,192.0,60.0,136.0,978.0,16.0,0.51,0.5,30.0,0.51,40.0,2.95,1.48,2025.0
09/25,4525.0,Seetharampalya Lake,E,2.5,7.6,1257.0,13.0,4.8,250.0,2100.0,33.806451612903224,292.0,16.903225806451612,292.0,212.0,132.0,5.1,4.5,340.0,172.0,168.0,51.0,115.0,836.0,20.0,0.48,0.5,25.0,0.45,40.0,2.71,1.42,2025.0
09/25,4526.0,Devasandra Lake,E,2.6,7.0,455.0,23.0,2.0,230.0,4300.0,34.064516129032256,107.0,17.032258064516128,107.0,78.0,164.0,2.3,1.8,120.0,62.0,58.0,19.0,42.0,310.0,30.0,0.51,0.5,9.0,0.395,24.0,1.7,1.36,2025.0
09/25,4527.0,Sheelavanta-Whitefield Lake,D,5.8,7.5,776.0,6.0,3.0,330.0,5400.0,34.32258064516129,292.0,17.161290322580644,292.0,96.0,68.0,3.4749999999999996,0.4,236.0,120.0,16.0,27.75,89.0,532.0,32.0,0.54,0.5,10.0,0.34,44.0,2.5,1.3,2025.0
09/25,4528.0,Doddakannehalli Lake,D,5.8,8.0,496.0,7.0,1.9,240.0,3500.0,34.58064516129032,116.0,17.29032258064516,116.0,120.0,76.0,4.65,0.4,100.0,52.0,48.0,36.5,52.0,340.0,34.0,0.9266666666666667,0.5,5.0,0.29,51.0,2.3,0.16,2025.0
09/25,4529.0,Kasavanahalli Lake,D,5.8,7.8,511.0,6.0,2.0,260.0,2200.0,34.83870967741935,124.0,17.419354838709676,124.0,112.0,68.0,5.825,0.4,124.0,64.0,60.0,45.25,54.0,350.0,34.0,1.3133333333333337,0.5,6.0,0.33,46.0,2.1,0.11,2025.0
09/25,4531.0,Rayasandra Lake,E,3.0,7.2,1473.0,21.0,5.6,430.0,4300.0,35.096774193548384,380.0,17.548387096774192,380.0,268.0,144.0,7.0,5.5,332.0,168.0,164.0,54.0,162.0,1016.0,62.0,1.7,0.5,18.0,0.36,50.0,3.9,4.0,2025.0
09/25,4532.0,Chandapura Lake,D,4.8,7.2,1760.0,9.0,6.8,310.0,3500.0,35.354838709677416,368.0,17.677419354838708,368.0,404.0,100.0,9.2,0.89,480.0,240.0,240.0,6.0,194.0,1214.0,14.0,1.6,0.5,21.0,0.88,45.0,3.8,4.0,2025.0
09/25,4533.0,Ullalu Lake,D,5.1,6.7,211.0,5.0,1.0,210.0,1300.0,35.61290322580645,44.0,17.806451612903224,44.0,36.0,52.0,11.4,0.43,52.0,28.0,24.0,10.0,20.0,144.0,31.0,1.3783333333333334,0.5,4.0,0.71,43.0,1.2,3.1174999999999997,2025.0
09/25,4534.0,Sompura Lake,D,5.8,8.2,527.0,6.0,2.02,330.0,2400.0,35.87096774193549,196.0,17.935483870967744,196.0,68.0,56.0,13.6,0.4,150.0,100.0,50.0,38.0,87.0,378.0,48.0,1.1566666666666667,0.5,2.0,0.54,55.0,3.07,2.235,2025.0
09/25,4535.0,Gubbalal Lake,D,5.9,6.7,220.0,5.0,0.82,200.0,1700.0,36.12903225806451,84.0,18.064516129032256,84.0,12.0,64.0,15.8,0.4,76.0,44.0,32.0,9.0,18.0,150.0,41.0,0.935,0.5,6.0,0.4533333333333333,31.0,0.28,1.3525,2025.0
09/25,4536.0,Hosakerehalli Lake,E,5.95,6.5,635.0,69.0,2.2,110000.0,490000.0,36.38709677419355,216.0,18.193548387096776,216.0,32.0,356.0,18.0,15.0,220.0,116.0,104.0,26.0,44.0,426.0,34.0,0.7133333333333334,0.5,3.0,0.3666666666666667,30.0,1.29,0.47,2025.0
09/25,4537.0,Chinnakurchi Kere,D,6.0,7.3,176.0,5.0,0.68,330.0,3500.0,36.64516129032258,72.0,18.32258064516129,72.0,20.0,52.0,16.43,0.4,80.0,75.0,5.0,41.0,8.0,118.0,332.0,0.4916666666666667,0.5,2.0,0.28,17.0,0.38,0.625,2025.0
09/25,4538.0,Machohalli Lake,D,6.2,7.5,1918.0,5.0,8.3,1700000.0,4800000.0,36.903225806451616,200.0,18.451612903225808,200.0,324.0,46.0,14.86,0.8,284.0,152.0,132.0,78.0,187.0,1300.0,181.0,0.27,0.5,38.0,0.39,55.0,4.8,0.78,2025.0
09/25,4539.0,Doddabidarakallu Lake,D,5.8,7.2,359.0,5.0,1.37,320.0,17000.0,37.16129032258065,140.0,18.580645161290324,140.0,60.0,56.0,13.29,0.4,160.0,84.0,76.0,15.0,38.0,270.0,30.0,0.2985714285714286,0.5,4.0,0.36,33.0,1.3,0.21,2025.0
09/25,4540.0,Kammagondanahalli Lake,D,5.2,7.0,321.0,4.0,1.38,17.0,46.0,37.41935483870968,164.0,18.70967741935484,164.0,56.0,45.0,11.72,0.4,124.0,72.0,52.0,13.0,37.0,248.0,36.0,0.3271428571428571,0.5,6.0,0.3299999999999999,37.0,1.4,0.16,2025.0
09/25,4541.0,Alur Lake,D,6.0,7.1,346.0,4.0,0.56,150.0,1700.0,37.67741935483871,124.0,18.838709677419356,124.0,52.0,40.0,10.15,0.4,116.0,64.0,52.0,13.333333333333334,15.0,236.0,30.0,0.3557142857142857,0.5,2.0,0.3,21.0,0.6,0.11,2025.0
09/25,4542.0,Basavanapura Lake,D,6.0,7.3,436.0,4.0,1.4,26.0,1600.0,37.935483870967744,116.0,18.967741935483872,116.0,40.0,44.0,8.580000000000002,0.42,120.0,64.0,56.0,13.666666666666666,24.0,292.0,24.0,0.3842857142857143,0.5,4.5,0.285,30.0,0.95,0.1866666666666666,2025.0
09/25,4543.0,Kodi Singasandra Lake,D,5.8,7.2,346.0,5.0,1.3,380.0,1200.0,38.193548387096776,84.0,19.096774193548388,84.0,56.0,52.0,7.010000000000002,0.43,92.0,52.0,40.0,14.0,34.0,238.0,18.0,0.4128571428571428,0.5,7.0,0.27,42.0,1.5,0.2633333333333333,2025.0
09/25,4544.0,Kothanuru Lake,D,4.1,7.1,495.0,8.0,8.4,220.0,2400.0,38.45161290322581,120.0,19.225806451612904,120.0,76.0,80.0,5.440000000000001,0.84,176.0,92.0,84.0,10.0,38.0,336.0,12.0,0.4414285714285714,0.5,3.0,0.37,32.0,1.25,0.34,2025.0
09/25,4547.0,Mangamanapalya Lake(Swarana Kunte),D,5.0,8.2,488.0,7.0,1.4,24.0,220.0,38.70967741935484,164.0,19.35483870967742,164.0,76.0,80.0,3.870000000000001,0.4,140.0,76.0,64.0,12.0,51.0,336.0,24.0,0.47,0.5,11.0,0.23,42.0,2.0,1.12,2025.0
09/25,5558.0,"Kannahalli Lake Kannahalli, Bengaluru",E,2.7,8.1,1614.0,16.0,6.9,14000000.0,49000000.0,38.96774193548387,472.0,19.483870967741936,472.0,268.0,112.0,2.3,1.8,400.0,212.0,188.0,66.0,140.0,1096.0,36.0,0.62,0.5,32.0,0.36,41.0,3.0,1.78,2025.0
09/25,5559.0,"Shettihalli Lake, Mallasandra Gudde Lake Bengaluru",D,5.0,6.6,444.0,5.0,1.9,2600.0,17000.0,39.225806451612904,148.0,19.612903225806452,148.0,72.0,42.0,3.4,0.4,132.0,72.0,60.0,18.0,43.0,300.0,24.0,0.565,0.5,8.0,0.21,39.0,1.6,1.64,2025.0
09/25,5560.0,"Hoodi (Rajapalya Lake) Itpl Main Road, Near Hoodi,Bengaluru",E,2.4,7.5,1464.0,12.0,5.6,13000.0,46000.0,39.483870967741936,336.0,19.741935483870968,336.0,244.0,124.0,4.5,4.1,396.0,204.0,192.0,59.0,133.0,982.0,26.0,0.51,0.5,29.0,0.48,40.0,2.91,1.5,2025.0
09/25,5561.0,"Munekolalu Lake ,Marathahalli, East Taluka ,Bengaluru",E,2.5,7.3,1227.0,11.0,4.6,110.0,2400.0,39.74193548387097,272.0,19.870967741935484,272.0,208.0,116.0,4.6,4.2,332.0,172.0,160.0,50.0,112.0,824.0,106.0,0.44,0.5,25.0,0.43,40.0,2.66,1.28,2025.0
09/25,5562.0,"Mahadevpuraâ  Lake, K. R. Puram , Bangalore East Taluka",D,5.3,8.5,377.0,9.0,1.4,250.0,2200.0,40.0,88.0,20.0,108.0,88.0,96.0,3.75,0.78,76.0,40.0,36.0,44.5,39.0,260.0,186.0,0.675,0.5,4.0,0.32,51.0,2.0,0.3,2025.0
09/25,5563.0,"Segehalli Lake Baavanapura Road Battarahalli , Bangalore East",E,0.9,7.4,934.0,30.0,4.1,14000.0,46000.0,126.66666666666669,221.0,63.333333333333336,221.0,161.0,178.0,2.9,2.2,256.0,130.0,126.0,39.0,92.0,640.0,34.0,0.91,0.5,18.0,0.26,46.0,2.5,0.32,2025.0
09/25,5564.0,"Kannamangala Lake Hoskote Main Road , Bengalore",D,5.6,7.2,644.0,6.0,2.3,310.0,4300.0,213.33333333333337,164.0,106.66666666666669,164.0,96.0,72.0,12.6,0.42,124.0,68.0,56.0,12.0,85.0,434.0,12.0,1.145,0.5,12.0,0.3,57.0,3.3,0.42,2025.0
09/25,5565.0,Kannur Lake Near By Hennur Road Bengalore,E,0.8,8.5,5830.0,204.0,22.3,11.0,240.0,300.0,1290.0,150.0,1440.0,1190.0,680.0,22.3,17.1,890.0,460.0,430.0,472.0,720.0,3966.0,190.0,1.38,0.5,136.0,0.4,59.0,10.7,3.25,2025.0
09/25,5566.0,"Basavanapura Lake Ayyappa Nagr Main Road , K. R. Puram , Bengaluru",D,4.2,7.2,352.0,7.0,1.5,240.0,2200.0,290.2,83.0,145.1,83.0,61.0,78.0,19.108333333333334,0.6,92.0,48.0,44.0,15.0,33.0,240.0,15.0,1.4549999999999998,0.5,7.0,0.27,31.0,1.5,3.4275,2025.0
09/25,5567.0,"Doddakallasandra Lake,Bengaluru",D,6.8,7.5,336.0,4.0,1.2,330.0,2400.0,280.4,72.0,140.2,72.0,52.0,40.0,15.916666666666668,0.42,80.0,48.0,32.0,14.0,33.0,230.0,97.5,1.5299999999999998,0.5,6.0,0.28,45.0,1.6,3.605,2025.0
09/25,5568.0,"Ulsoor Lake Near Kalyani,Bengaluru",E,1.3,7.7,423.0,23.0,1.62,920.0,6300.0,270.6,84.0,135.3,84.0,52.0,152.0,12.725,1.8,108.0,72.0,36.0,23.0,41.0,292.0,180.0,1.605,0.5,4.0,0.2933333333333333,44.0,1.69,3.7825,2025.0
09/25,5569.0,"Byrasandra Upper Lake,Bengaluru",D,6.2,7.3,650.0,4.0,2.5,430.0,2200.0,260.8,208.0,130.4,208.0,72.0,48.0,9.533333333333331,0.4,164.0,50.0,114.0,15.0,57.0,438.0,66.0,1.68,0.5,6.0,0.3066666666666667,42.0,1.94,3.96,2025.0
09/25,5570.0,"Soulkere, Kaikondrahalli Vill,Bengaluru",D,6.0,7.9,491.0,5.0,1.9,140.0,1700.0,251.0,124.0,125.5,124.0,108.0,64.0,6.341666666666667,0.4,92.0,48.0,44.0,24.7,51.0,338.0,38.0,1.385,0.5,6.0,0.32,52.0,2.3,0.11,2025.0
09/25,5571.0,"Kudlu Doddakere, Kudlu Vill,Bengaluru",E,3.2,8.2,848.0,16.0,3.26,310.0,3500.0,241.2,200.0,120.6,200.0,160.0,152.0,3.15,2.1,210.0,150.0,60.0,34.4,106.0,582.0,90.0,1.09,0.5,23.0,0.39,49.0,3.18,2.78,2025.0
09/25,5572.0,"Kudlu Chikkakere, Bgp Layout Kudlu Vill ,Bengaluru",D,5.6,8.1,754.0,7.0,2.9,1700.0,7000.0,231.4,196.0,115.7,196.0,152.0,80.0,3.1607142857142856,0.4,164.0,84.0,80.0,15.0,83.0,520.0,250.0,0.67,0.5,9.0,0.41,51.0,2.8,1.6,2025.0
09/25,5573.0,"Doddathogur Lake , Doddathoguru Vill,Bengaluru",D,5.2,7.2,722.0,8.0,2.7,110.0,2400.0,221.6,132.0,110.8,132.0,172.0,88.0,3.1714285714285713,0.4,156.0,84.0,72.0,18.0,96.0,492.0,131.0,0.44,0.5,22.0,0.45,53.0,3.4,1.06,2025.0
09/25,5574.0,"Anjanapura Lake ( Avala Halli Lake) Anjanapura,Bengaluru",D,6.6,7.4,338.0,4.0,1.3,240.0,2800.0,211.8,76.0,105.9,76.0,52.0,40.0,3.182142857142857,0.41,84.0,48.0,36.0,14.0,33.0,232.0,12.0,0.4183333333333333,0.5,7.0,0.26,43.0,1.56,0.745,2025.0
09/25,5820.0,"Chunchaghatta Lake, Chunchaghatta Phase 7, J P Nagar, Bengaluru",D,5.7,6.6,782.0,6.0,2.9,330.0,2100.0,202.0,84.0,101.0,84.0,140.0,64.0,3.1928571428571426,0.4,136.0,72.0,64.0,48.0,61.0,530.0,14.0,0.3966666666666666,0.5,4.0,0.3,48.0,2.28,0.43,2025.0
09/25,5821.0,"Kembhatahali Lake-66, Kothannur, 1St Phase , Bengaluru",D,5.0,6.9,332.0,7.0,1.3,140.0,1100.0,192.2,108.0,96.1,108.0,56.0,76.0,3.2035714285714283,0.4,88.0,44.0,44.0,35.5,35.0,230.0,12.0,0.375,0.5,4.0,0.27,44.0,1.6,0.41,2025.0
09/25,5822.0,"Doddakammanahalli Lake, Doddakammanahalli Phase2, Tejaswini Nagar",D,5.3,6.6,783.0,6.0,2.9,260.0,1700.0,182.4,84.0,91.2,84.0,144.0,56.0,3.214285714285714,0.4,132.0,72.0,60.0,23.0,61.0,532.0,14.0,0.3533333333333333,0.5,4.0,0.28,42.0,2.32,0.39,2025.0
09/25,5823.0,"Basspura Lake, Aishwarya Crystal Layout, Begur, Bengaluru",D,5.7,7.1,345.0,5.0,1.3,260.0,2800.0,172.6,80.0,86.3,80.0,56.0,56.0,3.2249999999999996,0.48,92.0,52.0,40.0,14.0,34.0,236.0,12.0,0.3316666666666666,0.5,7.0,0.32,42.0,1.53,0.655,2025.0
09/25,5825.0,"Lower Amblipura Lake, Pwd Quarters,1St Sector, Hsr Layout Bengaluru",D,5.6,6.6,483.0,7.0,1.5,250.0,4300.0,162.79999999999998,116.0,81.39999999999999,116.0,40.0,68.0,3.2357142857142858,0.4,92.0,52.0,40.0,10.0,27.0,326.0,36.0,0.31,0.5,2.0,0.31,38.0,1.23,0.92,2025.0
09/25,5826.0,"Bhoganhalli Lake, Bhoganhalli,, Bengaluru",D,5.6,8.0,528.0,5.0,2.03,210.0,1700.0,153.0,116.0,76.5,116.0,112.0,48.0,3.246428571428571,0.42,110.0,80.0,30.0,7.1,86.0,356.0,60.0,0.29,0.5,10.0,0.3,60.0,3.56,0.41,2025.0
09/25,5828.0,"Parappana Agrahara Chikka Kere, Near Central Jail, Sai Sree Layout Parappana Agrahara,",D,5.9,8.2,560.0,4.0,2.15,1700.0,9400.0,143.2,136.0,71.6,136.0,120.0,44.0,3.257142857142857,0.4,150.0,90.0,60.0,6.9,88.0,382.0,114.0,0.27,0.5,12.0,0.29,53.0,3.11,0.68,2025.0
09/25,5829.0,"Vittasandra Lake, Vittasandra,",D,5.0,7.4,728.0,9.0,2.7,310.0,2800.0,133.39999999999998,144.0,66.69999999999999,144.0,156.0,96.0,3.267857142857143,0.4,164.0,88.0,76.0,20.0,96.0,496.0,34.0,0.37,0.5,20.0,0.49,53.0,3.4,0.87,2025.0
09/25,5830.0,"Akshyanagara Lake, Akshyanagara West, Bengaluru",D,6.1,8.0,580.0,4.0,1.4,23.0,150.0,123.6,172.0,61.8,172.0,80.0,48.0,3.2785714285714285,0.4,144.0,76.0,68.0,29.0,53.0,398.0,16.0,0.57,0.5,10.0,0.25,42.0,1.9,1.35,2025.0
09/25,5831.0,"Yallenahalli Lake, Begur-Koppa Rd, Akshayanagara, Bengaluru",D,6.0,8.0,600.0,4.0,1.5,43.0,540.0,113.79999999999998,176.0,56.89999999999999,176.0,76.0,48.0,3.289285714285714,0.4,156.0,84.0,72.0,38.0,55.0,408.0,24.0,0.67,0.5,11.0,0.28,41.0,1.9,1.59,2025.0
09/25,5833.0,Doddagubbi Lake,E,3.6,8.5,3030.0,72.0,11.6,21.0,280.0,104.0,520.0,52.0,572.0,700.0,240.0,3.3,2.54,370.0,200.0,170.0,106.0,495.0,2060.0,22.0,0.28,0.5,142.0,0.47,66.0,15.3,0.67,2025.0
09/25,5834.0,Chikkagubi Lake,E,0.7,8.5,7110.0,216.0,27.2,21.0,350.0,400.0,1790.0,200.0,1990.0,1670.0,752.0,33.9,26.1,740.0,380.0,360.0,444.0,824.0,4836.0,118.0,1.47,0.5,182.0,0.43,65.0,13.2,3.46,2025.0
09/25,5835.0,Vijanapura Lake,D,5.2,7.4,348.0,7.0,1.2,230.0,3500.0,347.42857142857144,76.0,173.71428571428572,76.0,44.0,68.0,21.15,0.56,88.0,52.0,36.0,24.0,36.0,232.0,18.0,1.13,0.5,11.0,0.25,43.0,1.7,0.46,2025.0
09/25,5836.0,Cheemasandra,E,1.4,6.5,1101.0,54.0,3.8,2600.0,7000.0,294.8571428571429,188.0,147.42857142857144,188.0,208.0,296.0,8.4,6.6,264.0,140.0,124.0,18.0,100.0,726.0,26.0,0.79,0.5,21.0,0.22,43.0,2.7,2.2,2025.0
09/25,5837.0,Leghumenahalli Lake,D,4.9,7.4,344.0,8.0,1.2,430.0,2800.0,242.28571428571428,80.0,121.14285714285714,80.0,48.0,92.0,12.3,0.47,72.0,44.0,28.0,24.0,37.0,230.0,14.0,1.2425000000000002,0.5,11.0,0.24,48.0,1.9,0.4,2025.0
09/25,5838.0,Varanasi Lake,D,6.0,7.4,268.0,4.0,0.94,240.0,2200.0,189.71428571428572,68.0,94.85714285714286,68.0,32.0,44.0,16.2,0.4,80.0,48.0,32.0,18.0,20.0,182.0,18.0,1.695,0.5,7.0,0.285,33.0,1.0,0.31,2025.0
09/25,5839.0,Gangashetty Lake,D,5.2,7.0,729.0,7.0,2.5,210.0,5400.0,137.14285714285717,184.0,68.57142857142858,184.0,108.0,68.0,20.1,0.4,160.0,88.0,72.0,16.0,83.0,486.0,18.0,2.1475,0.5,12.0,0.33,50.0,2.9,0.49,2025.0
09/25,5840.0,Panathur Lake,E,0.5,7.0,1358.0,37.0,5.2,1700.0,9400.0,84.57142857142856,320.0,42.28571428571428,320.0,292.0,192.0,24.0,16.0,352.0,180.0,172.0,15.0,163.0,930.0,16.0,2.6,0.5,19.0,0.61,48.0,3.8,6.0,2025.0
09/25,5841.0,Garudacharpalya Lake-2,D,5.0,8.5,435.0,10.0,1.6,1700.0,7900.0,32.0,116.0,16.0,132.0,92.0,96.0,17.166666666666668,0.81,108.0,56.0,52.0,12.75,46.0,300.0,50.0,0.23,0.5,5.0,0.35,46.0,1.9,0.54,2025.0
09/25,5842.0,Mahadevapura Lake-2,D,5.1,7.2,238.0,9.0,0.9,230.0,2800.0,36.0,96.0,18.0,96.0,36.0,84.0,10.333333333333334,0.77,84.0,44.0,40.0,10.5,25.0,164.0,26.0,0.265,0.5,3.0,0.21,38.0,1.2,0.63,2025.0
09/25,5843.0,B- Narayannapura Lake-2,E,3.0,8.5,356.0,22.0,1.3,310.0,3500.0,40.0,112.0,20.0,132.0,56.0,156.0,3.5,2.8,104.0,52.0,52.0,8.25,37.0,246.0,150.0,0.3,0.5,4.0,0.29,42.0,1.6,0.72,2025.0
09/25,5844.0,Halnayakanahalli lake,D,5.4,7.3,684.0,6.0,2.6,260.0,2100.0,40.0,260.0,20.0,260.0,80.0,72.0,3.5,0.4,232.0,120.0,112.0,6.0,79.0,476.0,150.0,0.38,0.5,9.0,0.39,41.0,2.2,0.9,2025.0
10/25,1388.0,Ulsoor Lake Training Centre Of Fish Breeding,D,4.4,8.2,386.0,8.0,1.2,1400.0,17000.0,104.1818181818182,80.0,5.890909090909091,80.0,48.0,92.0,3.0670258620689648,0.4,108.0,60.0,48.0,24.0,43.0,260.0,206.0,1.6,0.5,13.0,0.27,42.0,1.8,4.5,2025.0
10/25,3589.0,Madiwala Tank,D,5.2,8.1,792.0,5.0,3.0,220.0,2400.0,100.36363636363636,212.0,6.181818181818182,212.0,124.0,56.0,3.0280172413793096,0.4,180.0,92.0,88.0,32.0,77.0,544.0,109.0,1.4014285714285717,0.5,15.0,0.27,46.0,2.5,0.23,2025.0
10/25,3590.0,Lalbagh Tank,D,5.4,8.2,468.0,5.0,1.4,140.0,3500.0,96.54545454545456,92.0,6.472727272727273,92.0,80.0,56.0,2.9890086206896544,0.4,96.0,52.0,44.0,15.0,57.0,320.0,12.0,1.2028571428571428,0.5,12.0,0.26,52.0,2.6,0.21,2025.0
10/25,3591.0,Kempambudhi Tank,E,1.6,6.5,391.0,24.0,1.23,2000.0,9400.0,92.72727272727272,152.0,6.763636363636364,152.0,48.0,152.0,2.95,2.27,144.0,76.0,68.0,11.0,28.0,258.0,14.0,1.0042857142857144,0.5,7.0,0.25,28.0,1.0,0.98,2025.0
10/25,3592.0,Yediyur Tank,D,6.0,6.6,300.0,4.0,0.76,260.0,1700.0,88.9090909090909,120.0,7.054545454545455,120.0,36.0,40.0,2.8375000000000004,0.4,68.0,40.0,28.0,9.0,18.0,210.0,26.0,0.8057142857142857,0.5,8.0,0.24,33.0,0.8,0.3,2025.0
10/25,3593.0,Ulsoor Lake Temple,D,5.0,8.2,336.0,7.0,1.0,2100.0,13000.0,85.0909090909091,76.0,7.345454545454546,76.0,40.0,64.0,2.725,0.4,88.0,52.0,36.0,17.0,41.0,228.0,214.0,0.6071428571428571,0.5,13.0,0.23,46.0,1.9,0.17,2025.0
10/25,3594.0,Sankey Tank,D,6.1,7.2,582.0,4.0,8.6,140.0,2400.0,81.27272727272728,152.0,7.636363636363637,152.0,64.0,40.0,2.6125,0.48,132.0,72.0,60.0,17.0,38.0,394.0,14.0,0.4085714285714286,0.5,2.0,0.22,38.0,1.44,0.37,2025.0
10/25,3595.0,Byrasandra Tank,E,3.2,7.0,424.0,18.0,1.2,400.0,4300.0,77.45454545454545,104.0,7.927272727272728,104.0,36.0,124.0,2.5,2.0,140.0,76.0,64.0,42.0,32.0,286.0,66.0,0.21,0.5,12.0,0.2316666666666666,31.0,1.2,0.57,2025.0
10/25,3596.0,Nayandanahalli Tank,D,4.2,7.6,620.0,15.0,2.4,260.0,9200.0,73.63636363636363,136.0,8.218181818181819,136.0,112.0,108.0,3.2,2.5,140.0,72.0,68.0,16.0,65.0,428.0,36.0,0.2566666666666666,0.5,7.0,0.2433333333333333,48.0,2.4,0.7066666666666667,2025.0
10/25,3597.0,Hesaraghatta Lake,D,6.1,7.0,390.0,4.0,1.16,38.0,1600.0,69.81818181818181,104.0,8.50909090909091,104.0,36.0,40.0,2.7,0.4,116.0,64.0,52.0,64.5,17.0,264.0,30.0,0.3033333333333333,0.5,11.5,0.255,23.0,0.68,0.8433333333333333,2025.0
10/25,3598.0,Herohalli Tank,E,2.1,6.5,692.0,22.0,2.4,460.0,2100.0,66.0,116.0,8.8,116.0,56.0,168.0,2.2,1.1,264.0,140.0,124.0,113.0,46.0,468.0,24.0,0.35,0.5,16.0,0.2666666666666666,26.0,1.2,0.98,2025.0
10/25,3599.0,Anchepalya Lake,E,2.6,6.5,473.0,18.0,1.66,340.0,5400.0,62.18181818181818,60.0,9.09090909090909,60.0,60.0,136.0,1.7,1.4,112.0,60.0,52.0,31.0,29.0,320.0,18.0,0.6,0.5,2.0,0.2783333333333333,35.0,1.2,0.56,2025.0
10/25,3600.0,Shivapura Tank,D,5.2,6.8,506.0,8.0,1.9,1700.0,7000.0,58.36363636363636,104.0,9.381818181818184,104.0,96.0,88.0,2.325,0.4,124.0,68.0,56.0,50.0,67.0,390.0,19.5,0.7,0.5,7.0,0.29,52.0,2.6,0.29,2025.0
10/25,3601.0,Karihobanahalli Lake,D,5.6,6.7,755.0,7.0,2.8,480.0,3500.0,54.54545454545455,136.0,9.672727272727272,136.0,136.0,80.0,2.95,0.4,204.0,108.0,96.0,93.0,89.0,524.0,21.0,0.8,0.5,7.0,0.61,48.0,2.7,0.26,2025.0
10/25,3602.0,Bellandur Lake,D,5.7,7.9,507.0,8.0,2.0,210.0,2800.0,50.72727272727273,120.0,9.963636363636365,120.0,112.0,96.0,3.575,0.4,68.0,36.0,32.0,6.5,53.0,350.0,22.5,0.9,0.5,6.0,0.435,60.0,2.8,0.32,2025.0
10/25,3603.0,Vengaiyyanakere( Kr Puram Lake ),E,2.8,6.8,848.0,18.0,3.02,330.0,4300.0,46.90909090909091,200.0,10.254545454545454,200.0,108.0,124.0,4.2,3.2,200.0,108.0,92.0,24.0,94.0,572.0,24.0,1.0,0.5,23.0,0.26,47.0,2.9,2.9,2025.0
10/25,3604.0,Doddanekkundi Lake,D,6.0,6.5,206.0,4.0,0.79,3100.0,15000.0,43.09090909090909,56.0,10.545454545454549,56.0,16.0,44.0,5.25,0.4,72.0,58.0,14.0,20.5,35.0,140.0,302.0,0.75,0.5,49.0,0.25,49.0,1.8,1.91,2025.0
10/25,3605.0,Yelemallappa Shetty Lake,D,4.5,6.6,712.0,6.0,2.73,320.0,9200.0,39.272727272727266,272.0,10.836363636363636,272.0,128.0,76.0,6.300000000000001,0.5,220.0,116.0,104.0,17.0,92.0,476.0,166.0,3.03,0.5,21.0,0.24,44.0,2.68,7.15,2025.0
10/25,3606.0,Dasarahalli Tank,D,4.5,6.5,454.0,7.0,1.42,330.0,2100.0,35.45454545454545,80.0,11.127272727272729,80.0,44.0,72.0,7.35,0.4,96.0,52.0,44.0,12.0,25.0,306.0,14.0,0.44,0.5,2.0,0.3,35.0,1.11,1.27,2025.0
10/25,3607.0,Kalkere Tank,E,1.4,7.2,1001.0,39.0,3.8,460.0,1700.0,31.636363636363622,232.0,11.418181818181818,232.0,168.0,216.0,8.4,7.9,268.0,140.0,128.0,40.0,98.0,682.0,52.0,0.59,0.5,20.0,0.36,42.0,2.61,1.7,2025.0
10/25,3608.0,Varthur Lake,D,5.5,7.0,478.0,6.0,1.8,380.0,1700.0,27.818181818181813,156.0,11.70909090909091,156.0,88.0,68.0,6.466666666666667,0.4,108.0,56.0,52.0,7.0,51.0,330.0,90.0,0.435,0.5,6.0,0.305,49.0,2.1,0.16,2025.0
10/25,3609.0,Ibbalur Lake,D,5.7,8.3,781.0,8.0,3.0,260.0,3500.0,24.0,192.0,12.0,204.0,144.0,92.0,4.533333333333333,0.4,180.0,92.0,88.0,7.5,85.0,538.0,12.0,0.28,0.5,9.0,0.25,49.0,2.7,0.67,2025.0
10/25,3610.0,Tubarahalli Tank,E,3.3,7.3,1200.0,40.0,4.3,260.0,3500.0,24.0,276.0,12.0,276.0,196.0,136.0,2.6,2.1,320.0,168.0,152.0,48.0,116.0,818.0,14.0,0.41,0.5,22.0,0.24,42.0,2.82,1.18,2025.0
10/25,3611.0,Kaikondanahalli Lake,D,5.6,8.3,774.0,8.0,3.0,140.0,2400.0,24.0,196.0,12.0,208.0,144.0,92.0,2.6454545454545455,0.4,168.0,88.0,80.0,7.7,85.0,534.0,12.0,0.27,0.5,9.0,0.26,51.0,2.8,0.65,2025.0
10/25,3612.0,Agaram Lake,D,4.5,7.9,794.0,6.0,3.1,630.0,2200.0,24.5,184.0,12.25,184.0,132.0,64.0,2.690909090909091,0.62,208.0,108.0,100.0,33.0,78.0,546.0,14.0,0.26,0.5,16.0,0.26,43.0,2.35,0.27,2025.0
10/25,3613.0,Gottigere Lake,D,5.4,7.2,388.0,6.0,1.5,320.0,2200.0,25.0,92.0,12.5,92.0,48.0,56.0,2.7363636363636363,0.4,116.0,64.0,52.0,9.0,49.0,262.0,16.0,0.25,0.5,9.0,0.38,45.0,2.0,0.32,2025.0
10/25,3614.0,Puttenahalli Lake,D,4.8,6.9,302.0,8.0,1.3,150.0,3500.0,25.5,40.0,12.75,40.0,36.0,76.0,2.7818181818181817,0.4,108.0,60.0,48.0,11.0,34.0,204.0,18.0,0.24,0.5,12.0,0.24,37.0,1.4,0.45,2025.0
10/25,3615.0,Arakere Lake,D,5.3,7.1,1054.0,7.0,4.2,200.0,5400.0,26.0,196.0,13.0,196.0,184.0,72.0,2.827272727272727,0.4,212.0,112.0,100.0,34.0,95.0,714.0,12.0,0.23,0.5,7.0,0.24,48.0,2.84,0.66,2025.0
10/25,3616.0,Kalena Agrahara Lake,D,6.1,7.0,441.0,4.0,1.7,1400.0,7000.0,26.5,124.0,13.25,124.0,64.0,40.0,2.872727272727273,0.4,116.0,64.0,52.0,25.0,46.0,298.0,13.0,0.226,0.5,9.0,0.235,43.0,2.0,0.31,2025.0
10/25,3617.0,Hulimavu Lake,D,5.2,7.2,1053.0,6.0,4.2,320.0,2800.0,27.0,204.0,13.5,204.0,184.0,64.0,2.9181818181818184,0.4,212.0,112.0,100.0,33.0,95.0,712.0,14.0,0.222,0.5,7.0,0.23,48.0,2.84,0.54,2025.0
10/25,3618.0,Singasandra Lake,D,6.0,6.7,678.0,4.0,2.2,110.0,2400.0,27.5,204.0,13.75,204.0,108.0,44.0,2.963636363636364,0.4,164.0,88.0,76.0,49.0,71.0,466.0,16.0,0.218,0.5,17.0,0.22,45.0,2.5,0.24,2025.0
10/25,3619.0,Begur Tank,D,5.7,7.1,694.0,5.0,2.5,270.0,3500.0,28.0,156.0,14.0,156.0,80.0,48.0,3.0090909090909093,0.4,148.0,80.0,68.0,28.0,51.0,468.0,18.0,0.214,0.5,4.0,0.5,42.0,1.82,0.31,2025.0
10/25,3620.0,Parappana Agrahara Lake,D,5.6,7.0,1030.0,5.0,3.9,21000.0,170000.0,28.5,220.0,14.25,220.0,204.0,56.0,3.0545454545454547,0.4,212.0,112.0,100.0,59.0,107.0,694.0,20.0,0.21,0.5,29.0,0.27,48.0,3.2,0.49,2025.0
10/25,3621.0,Haralur Lake,E,3.1,7.1,758.0,14.0,2.9,390.0,4300.0,29.0,176.0,14.5,176.0,124.0,116.0,3.1,2.6,204.0,108.0,96.0,32.0,74.0,514.0,17.0,0.27,0.5,15.0,0.26,42.0,2.26,0.8,2025.0
10/25,3622.0,Somasundrapalya Lake,D,5.5,7.6,914.0,5.0,3.5,240.0,1700.0,29.5,248.0,14.75,248.0,152.0,52.0,3.466666666666667,0.41,248.0,128.0,120.0,37.0,91.0,622.0,14.0,0.2766666666666666,0.5,18.0,0.39,42.0,2.52,0.32,2025.0
10/25,3623.0,Anekal Doddakere Tank,D,5.0,6.9,1424.0,7.0,5.1,5800.0,12000.0,30.0,240.0,15.0,240.0,296.0,68.0,3.8333333333333335,0.72,236.0,124.0,112.0,14.0,161.0,938.0,14.0,0.2833333333333333,0.5,17.0,0.26,57.0,5.0,0.26,2025.0
10/25,3624.0,Puttenahalli Lake,E,2.1,6.5,785.0,29.0,3.0,460.0,5400.0,30.5,184.0,15.25,184.0,96.0,208.0,4.2,3.4,248.0,128.0,120.0,14.0,64.0,532.0,14.0,0.29,0.5,4.0,0.21,35.0,1.77,0.28,2025.0
10/25,3625.0,Hebbal Lake,D,5.3,8.0,438.0,7.0,1.7,270.0,3500.0,31.0,124.0,15.5,124.0,76.0,76.0,4.08,0.4,144.0,72.0,72.0,6.5,48.0,302.0,17.333333333333332,0.2966666666666667,0.5,5.0,0.26,41.0,1.7,0.3,2025.0
10/25,3626.0,Nagavara Lake,D,5.4,6.8,399.0,6.0,1.2,330.0,2400.0,31.5,116.0,15.75,116.0,28.0,56.0,3.96,0.4,108.0,60.0,48.0,8.0,18.0,270.0,20.666666666666668,0.3033333333333333,0.5,4.0,0.22,26.0,0.75,0.21,2025.0
10/25,3627.0,Jakkur Lake,D,6.0,8.5,502.0,4.0,1.6,390.0,2800.0,32.0,104.0,16.0,120.0,64.0,44.0,3.84,0.4,120.0,64.0,56.0,19.0,29.0,338.0,24.0,0.31,0.5,3.0,0.2342857142857143,33.0,1.15,0.91,2025.0
10/25,3628.0,Amruthahalli Lake,D,6.0,7.3,356.0,4.0,1.4,490.0,5400.0,28.0,80.0,14.0,80.0,76.0,48.0,3.72,0.46,92.0,52.0,40.0,15.0,34.0,242.0,16.0,0.27,0.5,7.0,0.2485714285714285,42.0,1.56,0.795,2025.0
10/25,3629.0,Allalasandra Lake,D,6.0,8.5,501.0,5.0,1.6,240.0,2200.0,24.0,108.0,12.0,120.0,56.0,48.0,3.6,0.4,124.0,68.0,56.0,24.0,30.0,340.0,28.0,0.23,0.5,3.0,0.2628571428571428,34.0,1.17,0.68,2025.0
10/25,3630.0,Yelahanka Tank,D,6.0,8.5,502.0,5.0,1.6,430.0,4300.0,32.0,104.0,16.0,120.0,60.0,48.0,3.48,0.4,108.0,60.0,48.0,20.0,29.0,338.0,22.0,0.24,0.5,3.0,0.2771428571428571,36.0,1.22,0.7,2025.0
10/25,3633.0,Subramanyapura Tank,D,6.2,6.7,505.0,4.0,1.94,150.0,2200.0,31.75,108.0,15.875,108.0,68.0,48.0,3.36,0.4,176.0,102.0,74.0,18.0,61.0,338.0,34.0,0.96,0.5,9.0,0.2914285714285714,41.0,2.01,2.27,2025.0
10/25,3634.0,Devarakere Tank,D,5.1,6.5,303.0,7.0,1.19,2100.0,9400.0,31.5,124.0,15.75,124.0,28.0,84.0,3.24,0.49,172.0,104.0,68.0,7.0,26.0,240.0,66.0,0.31,0.5,6.0,0.3057142857142857,24.0,0.82,0.8,2025.0
10/25,3635.0,Malathahalli Lake,D,5.9,7.1,512.0,5.0,1.86,240.0,4300.0,31.25,180.0,15.625,180.0,28.0,60.0,3.12,0.4,220.0,116.0,104.0,34.0,37.0,346.0,12.0,0.325,0.5,7.0,0.32,26.0,1.1,0.9,2025.0
10/25,3636.0,Hoskere Lake,E,3.2,6.5,330.0,16.0,1.5,260.0,2200.0,31.0,92.0,15.5,92.0,24.0,120.0,3.0,2.3,104.0,60.0,44.0,8.0,26.0,222.0,21.0,0.34,0.5,7.0,0.31,33.0,1.1,1.0,2025.0
10/25,3638.0,Yelachenahalli Lake,D,6.1,7.9,342.0,4.0,1.3,330.0,2200.0,30.75,128.0,15.375,128.0,60.0,48.0,3.9375,0.42,68.0,40.0,28.0,11.0,37.0,238.0,30.0,0.21,0.5,7.0,0.305,51.0,2.0,0.51,2025.0
10/25,3639.0,Kengeri Tank,D,6.0,7.4,566.0,4.0,8.3,26.0,1600.0,30.5,148.0,15.25,148.0,64.0,40.0,4.875,0.4,128.0,68.0,60.0,11.0,35.0,384.0,166.0,0.505,0.5,3.0,0.3,36.0,1.34,1.205,2025.0
10/25,3640.0,Uttarahalli Doraikere,D,6.0,6.5,206.0,4.0,0.79,3100.0,15000.0,30.25,56.0,15.125,56.0,16.0,44.0,5.8125,0.4,72.0,58.0,14.0,15.5,35.0,140.0,302.0,0.8,0.5,6.0,0.295,49.0,1.8,1.9,2025.0
10/25,3641.0,Dhorekere Tank,E,5.7,6.5,366.0,96.0,1.4,22000.0,70000.0,30.0,100.0,15.0,100.0,28.0,436.0,6.75,4.5,164.0,100.0,64.0,20.0,22.0,242.0,164.0,0.37,0.5,12.0,0.29,21.0,0.75,0.95,2025.0
10/25,3642.0,Jigani Tank,D,5.4,6.6,211.0,6.0,1.1,400.0,1700.0,29.75,56.0,14.875,56.0,32.0,56.0,6.225,0.4,52.0,32.0,20.0,11.0,16.0,140.0,26.0,0.3516666666666667,0.5,6.0,0.285,36.0,0.96,0.7266666666666667,2025.0
10/25,3643.0,Benniganahalli Lake,D,4.6,7.0,498.0,7.0,1.91,310.0,5400.0,29.5,92.0,14.75,92.0,104.0,76.0,5.7,0.4,112.0,74.0,38.0,18.0,58.0,330.0,24.0,0.3333333333333333,0.5,11.0,0.28,50.0,2.39,0.5033333333333334,2025.0
10/25,3655.0,Mathikere Tank,D,5.4,6.7,198.0,5.0,3.5,340.0,3500.0,29.25,96.0,14.625,96.0,8.0,48.0,5.175,0.4,76.0,44.0,32.0,9.0,10.0,134.0,22.0,0.315,0.5,13.0,0.275,21.0,0.49,0.28,2025.0
10/25,4094.0,Gangondanahalli Lake,D,6.0,7.5,691.0,4.0,3.8,110.0,2400.0,29.0,176.0,14.5,176.0,228.0,48.0,4.65,0.4,256.0,132.0,124.0,14.0,95.0,458.0,20.0,0.2966666666666667,0.5,15.0,0.27,43.0,2.5,0.22,2025.0
10/25,4095.0,Chikkabanavara Lake,D,6.1,7.2,549.0,5.0,1.81,260.0,2200.0,28.75,124.0,14.375,124.0,48.0,48.0,4.125,0.4,160.0,84.0,76.0,28.0,32.0,370.0,19.5,0.2783333333333333,0.5,2.0,0.23,30.0,1.5,0.47,2025.0
10/25,4096.0,Andhrahalli Lake,E,3.2,6.6,554.0,16.0,2.07,330.0,2800.0,28.5,112.0,14.25,112.0,64.0,112.0,3.6,2.8,168.0,92.0,76.0,38.0,51.0,374.0,19.0,0.26,0.5,16.0,0.3,38.0,1.7,0.72,2025.0
10/25,4097.0,Kachohalli Lake,E,1.4,6.7,1339.0,26.0,4.96,33000.0,79000.0,28.25,412.0,14.125,412.0,168.0,184.0,29.0,22.0,368.0,192.0,176.0,22.0,99.0,884.0,18.5,1.7,0.5,26.0,0.32,35.0,2.2,4.8,2025.0
10/25,4504.0,Sarakki Lake,D,5.3,7.1,551.0,5.0,2.1,310.0,2800.0,28.0,152.0,14.0,152.0,104.0,56.0,17.2,0.4,156.0,84.0,72.0,28.0,73.0,386.0,18.0,1.81,0.5,17.0,0.21,47.0,2.5,0.33,2025.0
10/25,4505.0,Nelamangala Lake,E,1.4,6.5,1072.0,25.0,19.2,2000.0,14000.0,27.75,256.0,13.875,256.0,164.0,192.0,5.4,4.3,308.0,160.0,148.0,11.0,96.0,726.0,20.0,1.92,0.5,8.0,0.27,39.0,2.38,1.8,2025.0
10/25,4506.0,Abbigere Lake,D,5.3,6.9,626.0,6.0,2.52,210.0,3500.0,27.5,140.0,13.75,140.0,100.0,64.0,5.1000000000000005,0.4,172.0,84.0,88.0,23.0,51.0,422.0,20.0,1.3566666666666665,0.5,4.0,0.25,38.0,1.68,0.2,2025.0
10/25,4507.0,Chelekere Lake,D,6.0,7.9,434.0,4.0,1.3,320.0,2100.0,27.25,112.0,13.625,112.0,40.0,40.0,4.8,0.4,92.0,52.0,40.0,11.0,21.0,292.0,20.0,0.7933333333333332,0.5,2.0,0.23,32.0,0.95,0.46,2025.0
10/25,4508.0,Singapura Lake,E,2.8,6.6,623.0,18.0,2.4,210.0,3500.0,27.0,140.0,13.5,140.0,100.0,176.0,4.5,4.1,164.0,88.0,76.0,26.0,61.0,426.0,20.0,0.23,0.5,12.0,0.235,43.0,2.07,0.67,2025.0
10/25,4509.0,Narasipura Lake,D,5.9,6.8,305.0,6.0,1.2,380.0,3500.0,26.75,64.0,13.375,64.0,48.0,60.0,6.625,0.52,80.0,44.0,36.0,13.0,29.0,210.0,20.0,0.3175,0.5,6.0,0.24,41.0,1.41,0.9275,2025.0
10/25,4510.0,Rachenahalli Lake,D,5.9,8.1,410.0,6.0,1.6,310.0,9200.0,26.5,108.0,13.25,108.0,64.0,64.0,8.75,0.72,92.0,48.0,44.0,17.0,40.0,282.0,20.0,0.405,0.5,8.0,0.22,46.0,1.8,1.185,2025.0
10/25,4511.0,Kogilu Kere,D,4.4,6.7,518.0,7.0,2.0,170.0,1700.0,26.25,116.0,13.125,116.0,84.0,72.0,10.875,0.86,136.0,72.0,64.0,21.0,50.0,352.0,12.0,0.4924999999999999,0.5,10.0,0.31,42.0,1.87,1.4425,2025.0
10/25,4512.0,Viswaneedam Lake,E,3.0,6.7,607.0,20.0,2.22,320.0,1500.0,26.0,168.0,13.0,168.0,48.0,148.0,13.0,10.0,192.0,104.0,88.0,19.0,46.0,410.0,17.0,0.58,0.5,12.0,0.29,32.0,1.4,1.7,2025.0
10/25,4513.0,Ramammana Kere,D,4.4,6.6,1252.0,6.0,4.64,310.0,4300.0,25.75,288.0,12.875,288.0,180.0,60.0,11.325,0.66,376.0,192.0,184.0,23.0,102.0,846.0,22.0,0.61,0.5,9.0,0.27,36.0,2.29,1.79,2025.0
10/25,4514.0,Sadaramangala Lake,D,7.1,7.4,470.0,5.0,1.8,210.0,2200.0,25.5,120.0,12.75,120.0,92.0,48.0,9.65,0.4,84.0,48.0,36.0,10.0,58.0,322.0,18.0,0.5766666666666667,0.5,12.0,0.275,56.0,2.75,1.1,2025.0
10/25,4515.0,Bhattarahalli Lake,D,5.1,6.9,464.0,7.0,1.71,430.0,9200.0,25.25,120.0,12.625,120.0,68.0,68.0,7.975,0.4,120.0,68.0,52.0,16.0,64.0,314.0,52.0,0.5433333333333333,0.5,9.0,0.28,51.0,2.5,0.41,2025.0
10/25,4516.0,Kundalahalli Lake,E,2.3,7.4,1223.0,24.0,4.7,2100.0,11000.0,25.0,284.0,12.5,284.0,204.0,196.0,6.3,5.8,328.0,172.0,156.0,50.0,120.0,842.0,86.0,0.51,0.5,24.0,0.42,42.0,2.88,1.5,2025.0
10/25,4517.0,Kowdhenahalli Tank,E,2.3,7.4,971.0,22.0,3.7,14000.0,110000.0,24.75,324.0,12.375,324.0,148.0,144.0,12.0,9.2,248.0,128.0,120.0,22.0,103.0,670.0,120.0,0.81,0.5,11.0,0.52,46.0,2.9,2.0,2025.0
10/25,4518.0,Garudacharpalya Tank,E,3.5,7.1,495.0,18.0,1.9,490.0,2400.0,24.5,184.0,12.25,184.0,72.0,128.0,11.0,8.4,132.0,68.0,64.0,8.0,53.0,342.0,92.0,0.5,0.5,6.0,0.4666666666666667,45.0,2.0,1.1,2025.0
10/25,4519.0,Rampura Lake,E,1.5,7.1,810.0,32.0,3.1,1400.0,7000.0,24.25,184.0,12.125,184.0,132.0,204.0,7.6,7.1,212.0,112.0,100.0,33.0,79.0,550.0,18.0,0.43,0.5,16.0,0.4133333333333333,42.0,2.36,1.27,2025.0
10/25,4520.0,Chinnappanahalli Lake,D,4.5,8.5,1177.0,6.0,4.7,230.0,2200.0,24.0,184.0,12.0,196.0,240.0,60.0,8.666666666666666,0.78,296.0,148.0,148.0,32.0,106.0,792.0,20.0,0.79,0.5,9.0,0.36,43.0,2.67,2.19,2025.0
10/25,4521.0,Devarabeesanahalli Lake,D,5.6,7.9,506.0,8.0,2.0,240.0,2200.0,24.82758620689655,120.0,12.413793103448276,120.0,112.0,96.0,9.733333333333333,0.4,68.0,36.0,32.0,6.6,53.0,348.0,40.0,0.845,0.5,6.0,0.315,60.0,2.8,0.31,2025.0
10/25,4522.0,Vibhuthipura Lake,D,4.4,8.0,518.0,8.0,1.84,170.0,2400.0,25.655172413793103,152.0,12.827586206896552,152.0,68.0,76.0,10.8,0.4,164.0,88.0,76.0,9.0,65.0,348.0,60.0,0.9,0.5,17.0,0.27,43.0,2.2,2.4,2025.0
10/25,4523.0,Nallurahalli Lake,D,6.1,6.8,865.0,4.0,3.32,220.0,2400.0,26.482758620689655,260.0,13.241379310344827,260.0,216.0,44.0,11.866666666666667,0.4,212.0,112.0,100.0,10.0,91.0,584.0,170.0,0.96,0.5,21.0,0.2933333333333333,45.0,2.72,2.45,2025.0
10/25,4524.0,Pattandur Agrahara Lake,D,6.3,7.0,468.0,5.0,1.8,1400.0,7000.0,27.310344827586206,176.0,13.655172413793103,176.0,72.0,52.0,12.933333333333334,0.4,100.0,68.0,32.0,18.0,53.0,320.0,68.0,0.38,0.5,12.0,0.3166666666666667,50.0,2.3,0.97,2025.0
10/25,4525.0,Seetharampalya Lake,E,1.9,6.6,846.0,28.0,3.3,3100.0,21000.0,28.13793103448276,272.0,14.06896551724138,272.0,128.0,164.0,14.0,11.0,208.0,104.0,104.0,10.0,93.0,584.0,140.0,1.0,0.5,10.0,0.34,48.0,2.8,2.4,2025.0
10/25,4526.0,Devasandra Lake,D,4.5,8.0,569.0,8.0,1.99,380.0,3500.0,28.96551724137931,164.0,14.482758620689657,164.0,68.0,92.0,15.6,0.4,164.0,88.0,76.0,15.0,64.0,386.0,24.0,0.775,0.5,17.0,0.26,43.0,2.2,0.3,2025.0
10/25,4527.0,Sheelavanta-Whitefield Lake,D,6.2,6.8,391.0,4.0,1.5,330.0,2800.0,29.79310344827586,160.0,14.89655172413793,160.0,68.0,44.0,17.2,0.4,104.0,58.0,46.0,10.0,51.0,266.0,110.0,0.55,0.5,11.0,0.26,48.0,2.18,1.4,2025.0
10/25,4528.0,Doddakannehalli Lake,D,5.2,7.2,1007.0,8.0,3.8,320.0,4300.0,30.620689655172413,224.0,15.310344827586206,224.0,208.0,88.0,18.8,0.4,204.0,108.0,96.0,58.0,107.0,692.0,22.0,0.22,0.5,30.0,0.26,49.0,3.2,0.53,2025.0
10/25,4529.0,Kasavanahalli Lake,D,4.4,7.8,793.0,7.0,3.1,310.0,3500.0,31.448275862068964,180.0,15.724137931034482,180.0,128.0,72.0,20.4,0.74,212.0,112.0,100.0,33.0,78.0,542.0,12.0,0.91,0.5,16.0,0.28,42.0,2.34,0.35,2025.0
10/25,4531.0,Rayasandra Lake,E,2.0,7.0,1382.0,29.0,5.3,210.0,2200.0,32.275862068965516,368.0,16.137931034482758,368.0,268.0,172.0,22.0,17.0,336.0,172.0,164.0,30.0,155.0,940.0,34.0,1.6,0.5,16.0,0.74,48.0,3.7,3.8,2025.0
10/25,4532.0,Chandapura Lake,D,5.0,7.8,1400.0,9.0,5.4,320.0,4300.0,33.10344827586207,160.0,16.551724137931036,160.0,372.0,88.0,18.32,0.9,360.0,184.0,176.0,35.0,157.0,970.0,26.0,0.5,0.5,16.0,1.2,47.0,3.6,1.1,2025.0
10/25,4533.0,Ullalu Lake,D,5.4,7.2,220.0,6.0,0.68,150.0,3500.0,33.93103448275862,68.0,16.96551724137931,68.0,12.0,64.0,14.64,0.4,108.0,60.0,48.0,7.0,13.0,148.0,70.0,0.405,0.5,7.0,0.705,19.0,0.54,0.95,2025.0
10/25,4534.0,Sompura Lake,D,6.1,7.3,427.0,4.0,1.64,320.0,3500.0,34.758620689655174,96.0,17.379310344827587,96.0,48.0,44.0,10.96,0.4,152.0,82.0,70.0,16.0,69.0,286.0,18.0,0.31,0.5,5.0,0.21,49.0,2.45,0.8,2025.0
10/25,4535.0,Gubbalal Lake,D,5.8,6.5,225.0,5.0,0.86,310.0,5400.0,35.58620689655172,112.0,17.79310344827586,112.0,16.0,48.0,7.280000000000001,0.4,124.0,76.0,48.0,16.5,12.0,154.0,18.0,0.4766666666666667,0.5,8.0,0.235,17.0,0.48,0.42,2025.0
10/25,4536.0,Hosakerehalli Lake,E,2.6,6.5,413.0,19.0,1.6,170.0,2800.0,36.41379310344828,92.0,18.20689655172414,92.0,64.0,180.0,3.6,3.1,108.0,56.0,52.0,17.0,40.0,284.0,18.0,0.6433333333333333,0.5,8.0,0.26,42.0,1.68,1.165,2025.0
10/25,4537.0,Chinnakurchi Kere,D,5.4,6.9,280.0,5.0,0.79,390.0,4300.0,37.241379310344826,104.0,18.620689655172413,104.0,12.0,48.0,14.8,0.4,144.0,86.0,58.0,12.0,10.0,180.0,68.0,0.81,0.5,3.0,0.28,12.0,0.35,1.91,2025.0
10/25,4538.0,Machohalli Lake,E,2.0,6.9,1872.0,50.0,7.1,2400.0,17000.0,38.06896551724138,312.0,19.03448275862069,312.0,428.0,248.0,26.0,20.0,476.0,244.0,232.0,40.0,158.0,1266.0,12.0,0.6333333333333334,0.5,26.0,0.3,40.0,3.2,0.45,2025.0
10/25,4539.0,Doddabidarakallu Lake,D,5.0,6.5,486.0,6.0,1.55,320.0,3500.0,38.89655172413793,128.0,19.448275862068964,128.0,32.0,56.0,14.1,0.4,152.0,80.0,72.0,22.0,27.0,330.0,12.0,0.4566666666666667,0.5,2.0,0.2799999999999999,27.0,0.95,0.32,2025.0
10/25,4540.0,Kammagondanahalli Lake,E,2.7,6.7,380.0,19.0,1.41,3300.0,9400.0,39.72413793103448,96.0,19.86206896551724,96.0,40.0,140.0,2.2,1.8,96.0,52.0,44.0,12.0,23.0,258.0,14.0,0.28,0.5,2.0,0.26,33.0,0.97,0.82,2025.0
10/25,4541.0,Alur Lake,D,6.1,6.8,239.0,4.0,0.56,230.0,2400.0,40.55172413793103,76.0,20.275862068965516,76.0,8.0,40.0,3.583333333333334,0.4,56.0,32.0,24.0,10.5,6.0,162.0,13.333333333333334,0.33,0.5,6.5,0.24,18.0,0.35,0.61,2025.0
10/25,4542.0,Basavanapura Lake,D,4.6,6.9,300.0,8.0,1.3,220.0,2400.0,41.37931034482759,40.0,20.689655172413794,40.0,40.0,92.0,4.966666666666667,0.62,84.0,48.0,36.0,9.0,37.0,202.0,12.666666666666666,0.38,0.5,11.0,0.22,45.0,1.8,0.4,2025.0
10/25,4543.0,Kodi Singasandra Lake,D,5.6,7.1,692.0,6.0,2.5,430.0,4300.0,42.20689655172414,160.0,21.10344827586207,160.0,76.0,56.0,6.3500000000000005,0.4,136.0,72.0,64.0,27.0,50.0,466.0,12.0,0.43,0.5,3.0,0.48,43.0,1.87,0.32,2025.0
10/25,4544.0,Kothanuru Lake,D,6.0,7.0,443.0,4.0,1.7,1700.0,7900.0,43.03448275862069,128.0,21.517241379310345,128.0,64.0,48.0,7.733333333333334,0.4,132.0,72.0,60.0,29.0,45.0,308.0,67.5,0.48,0.5,9.0,0.47,40.0,1.7,0.35,2025.0
10/25,4547.0,Mangamanapalya Lake(Swarana Kunte),D,5.9,7.0,691.0,4.0,2.5,140.0,2400.0,43.86206896551724,156.0,21.93103448275862,156.0,80.0,40.0,9.116666666666667,0.4,140.0,76.0,64.0,26.0,51.0,466.0,123.0,0.53,0.5,3.0,0.46,43.0,1.87,0.3,2025.0
10/25,5558.0,"Kannahalli Lake Kannahalli, Bengaluru",E,1.3,6.6,1233.0,28.0,4.57,220.0,2400.0,44.689655172413794,332.0,22.344827586206897,332.0,172.0,200.0,10.5,7.9,380.0,196.0,184.0,25.0,110.0,812.0,178.5,0.58,0.5,25.0,0.3,37.0,2.5,1.6,2025.0
10/25,5559.0,"Shettihalli Lake, Mallasandra Gudde Lake Bengaluru",E,1.3,6.7,569.0,66.0,2.18,3800.0,15000.0,45.51724137931035,220.0,22.758620689655174,220.0,88.0,224.0,6.63,5.1,176.0,92.0,84.0,9.0,54.0,388.0,234.0,2.62,0.5,13.0,0.29,38.0,1.7,6.19,2025.0
10/25,5560.0,"Hoodi (Rajapalya Lake) Itpl Main Road, Near Hoodi,Bengaluru",D,4.7,7.3,773.0,7.0,3.1,3100.0,9400.0,46.3448275862069,176.0,23.17241379310345,176.0,116.0,72.0,5.215,0.85,216.0,112.0,104.0,28.0,69.0,522.0,24.0,0.72,0.5,5.0,0.28,40.0,2.05,1.95,2025.0
10/25,5561.0,"Munekolalu Lake ,Marathahalli, East Taluka
,Bengaluru",E,3.1,7.2,1203.0,13.0,4.5,270.0,2400.0,47.172413793103445,280.0,23.58620689655172,280.0,200.0,124.0,3.8,3.4,324.0,172.0,152.0,49.0,118.0,822.0,12.0,0.45,0.5,23.0,0.29,42.0,2.85,1.34,2025.0
10/25,5562.0,"Mahadevpuraâ  Lake, K. R. Puram , Bangalore East Taluka",D,6.1,8.5,397.0,4.0,1.5,210.0,3500.0,48.0,104.0,24.0,128.0,80.0,48.0,3.9666666666666663,0.4,80.0,40.0,40.0,6.0,42.0,275.0,54.0,0.4,0.5,5.0,0.25,51.0,2.0,0.92,2025.0
10/25,5563.0,"Segehalli Lake Baavanapura Road Battarahalli , Bangalore East",D,5.6,8.4,463.0,6.0,1.41,490.0,2800.0,48.0,100.0,24.0,100.0,64.0,56.0,4.133333333333333,0.4,124.0,68.0,56.0,12.0,55.0,314.0,26.0,0.27,0.5,15.0,0.24,45.0,2.1,0.77,2025.0
10/25,5564.0,"Kannamangala Lake Hoskote Main Road , Bengalore",E,2.4,7.8,3090.0,18.0,11.4,210.0,2800.0,48.0,716.0,24.0,716.0,524.0,152.0,4.3,3.9,804.0,408.0,396.0,124.0,202.0,2068.0,14.0,0.69,0.5,60.0,0.32,33.0,3.1,1.97,2025.0
10/25,5565.0,Kannur Lake Near By Hennur Road Bengalore,E,1.1,8.0,5540.0,44.0,21.2,1700.0,7900.0,48.0,1290.0,24.0,1290.0,940.0,232.0,6.8,6.3,1510.0,770.0,740.0,211.0,398.0,3704.0,14.0,0.8,0.5,97.0,0.26,34.0,4.46,2.34,2025.0
10/25,5566.0,"Basavanapura Lake Ayyappa Nagr Main Road , K. R. Puram , Bengaluru",D,6.1,8.2,387.0,4.0,1.49,310.0,2100.0,48.0,132.0,24.0,132.0,72.0,48.0,6.266666666666667,0.4,76.0,56.0,20.0,10.0,55.0,260.0,128.0,0.89,0.5,13.0,0.295,57.0,2.76,2.27,2025.0
10/25,5567.0,"Doddakallasandra Lake,Bengaluru",D,5.2,7.7,667.0,5.4,2.6,240.0,5400.0,48.0,148.0,24.0,148.0,100.0,63.0,5.733333333333333,0.47,188.0,100.0,88.0,27.0,65.0,454.0,20.0,0.7975,0.5,5.0,0.33,35.0,2.1,1.205,2025.0
10/25,5568.0,"Ulsoor Lake Near Kalyani,Bengaluru",D,4.9,8.2,399.0,7.0,1.1,2600.0,14000.0,48.0,84.0,24.0,84.0,44.0,88.0,5.199999999999999,0.4,136.0,76.0,60.0,19.0,42.0,262.0,208.0,0.7050000000000001,0.5,13.0,0.3,37.0,1.6,0.14,2025.0
10/25,5569.0,"Byrasandra Upper Lake,Bengaluru",E,2.2,6.8,510.0,27.0,2.1,310.0,3500.0,48.0,108.0,24.0,108.0,36.0,192.0,4.666666666666666,0.4,172.0,92.0,80.0,52.0,34.0,334.0,12.0,0.6125,0.5,12.0,0.27,28.0,1.1,0.5,2025.0
10/25,5570.0,"Soulkere, Kaikondrahalli Vill,Bengaluru",D,6.1,7.0,742.0,4.0,2.8,230.0,2800.0,48.0,208.0,24.0,208.0,112.0,48.0,4.133333333333333,0.4,156.0,84.0,72.0,57.0,76.0,512.0,24.0,0.52,0.5,21.0,0.24,47.0,2.7,1.24,2025.0
10/25,5571.0,"Kudlu Doddakere, Kudlu Vill,Bengaluru",E,2.9,7.1,758.0,15.0,2.9,320.0,5400.0,48.0,176.0,24.0,176.0,124.0,124.0,3.6,3.1,204.0,108.0,96.0,31.0,74.0,516.0,20.0,0.36,0.5,16.0,0.33,42.0,2.26,1.05,2025.0
10/25,5572.0,"Kudlu Chikkakere, Bgp Layout Kudlu Vill
,Bengaluru",E,2.8,7.0,756.0,16.0,2.8,23.0,920.0,48.0,172.0,24.0,172.0,120.0,132.0,4.2,3.7,200.0,104.0,96.0,30.0,72.0,512.0,16.0,0.38,0.5,14.0,0.22,42.0,2.22,1.13,2025.0
10/25,5573.0,"Doddathogur Lake , Doddathoguru Vill,Bengaluru",D,5.6,7.4,529.0,6.0,2.0,320.0,1500.0,48.0,120.0,24.0,120.0,80.0,80.0,4.2555555555555555,0.43,140.0,72.0,68.0,21.0,52.0,360.0,12.0,0.4022222222222222,0.5,6.0,0.3,32.0,1.9,0.7999999999999999,2025.0
10/25,5574.0,"Anjanapura Lake ( Avala Halli Lake) Anjanapura,Bengaluru",D,6.0,6.9,440.0,4.0,1.8,210.0,350.0,48.0,120.0,24.0,120.0,64.0,48.0,4.311111111111111,0.4,116.0,64.0,52.0,30.0,45.0,306.0,14.0,0.4244444444444444,0.5,9.0,0.29,43.0,1.9,0.47,2025.0
10/25,5820.0,"Chunchaghatta Lake, Chunchaghatta Phase 7, J P Nagar, Bengaluru",D,5.4,7.7,669.0,5.0,2.6,330.0,1700.0,48.0,152.0,24.0,152.0,104.0,48.0,4.366666666666667,0.41,180.0,96.0,84.0,27.0,68.0,454.0,16.0,0.4466666666666666,0.5,7.0,0.28,35.0,2.2,0.355,2025.0
10/25,5821.0,"Kembhatahali Lake-66, Kothannur, 1St Phase , Bengaluru",D,5.3,7.6,670.0,6.0,2.6,340.0,3500.0,48.0,152.0,24.0,152.0,104.0,68.0,4.4222222222222225,0.4,176.0,92.0,84.0,27.0,66.0,456.0,18.0,0.4688888888888888,0.5,6.0,0.4,59.0,2.2,0.24,2025.0
10/25,5822.0,"Doddakammanahalli Lake, Doddakammanahalli Phase2, Tejaswini",D,6.0,7.0,1052.0,4.0,4.0,170.0,3500.0,48.0,252.0,24.0,252.0,212.0,40.0,4.477777777777778,0.4,236.0,124.0,112.0,65.0,109.0,720.0,18.0,0.491111111111111,0.5,31.0,0.23,46.0,3.1,0.47,2025.0
10/25,5823.0,"Basspura Lake, Aishwarya Crystal Layout, Begur, Bengaluru",D,4.1,7.0,706.0,7.0,2.7,210.0,2100.0,48.0,160.0,24.0,160.0,116.0,76.0,4.533333333333333,0.82,184.0,96.0,88.0,29.0,68.0,472.0,18.0,0.5133333333333333,0.5,13.0,0.24,43.0,2.18,0.21,2025.0
10/25,5825.0,"Lower Amblipura Lake, Pwd Quarters,1St Sector, Hsr Layout Bengaluru",D,6.0,7.6,537.0,5.0,2.0,480.0,4300.0,48.0,124.0,24.0,124.0,84.0,47.0,4.588888888888889,0.4,144.0,76.0,68.0,22.0,55.0,366.0,18.0,0.5355555555555556,0.5,6.0,0.38,31.0,2.0,0.69,2025.0
10/25,5826.0,"Bhoganhalli Lake, Bhoganhalli,, Bengaluru",D,6.2,7.5,797.0,4.0,3.0,460.0,3500.0,48.0,184.0,24.0,184.0,128.0,40.0,4.644444444444445,0.49,216.0,112.0,104.0,33.0,78.0,542.0,18.0,0.5577777777777777,0.5,8.0,0.4,35.0,2.3,1.17,2025.0
10/25,5828.0,"Parappana Agrahara Chikka Kere, Near Central Jail, Sai Sree Layout Parappana",E,1.8,6.7,788.0,18.0,3.0,320.0,2800.0,48.0,180.0,24.0,180.0,132.0,152.0,4.7,4.2,212.0,108.0,104.0,32.0,77.0,532.0,18.0,0.58,0.5,16.0,0.34,42.0,2.3,1.65,2025.0
10/25,5829.0,"Vittasandra Lake, Vittasandra,",D,4.4,7.2,707.0,6.0,2.8,310.0,2800.0,48.0,164.0,24.0,164.0,112.0,64.0,4.85,0.76,188.0,100.0,88.0,30.0,70.0,474.0,16.0,0.6174999999999999,0.5,14.0,0.21,43.0,2.22,0.35,2025.0
10/25,5830.0,"Akshyanagara Lake, Akshyanagara West, Bengaluru",D,7.0,7.5,788.0,5.0,3.0,230.0,2800.0,48.0,180.0,24.0,180.0,124.0,49.0,5.0,0.48,212.0,116.0,96.0,33.0,72.0,536.0,14.0,0.655,0.5,7.0,0.32,39.0,2.1,0.9366666666666664,2025.0
10/25,5831.0,"Yallenahalli Lake, Begur-Koppa Rd, Akshayanagara, Bengaluru",D,5.8,7.5,532.0,5.0,2.0,330.0,2100.0,48.0,124.0,24.0,124.0,84.0,53.0,5.15,0.45,144.0,76.0,68.0,22.0,50.0,362.0,12.0,0.6925,0.5,5.0,0.33,35.0,1.8,1.523333333333333,2025.0
10/25,5833.0,Doddagubbi Lake,E,1.8,7.8,3100.0,40.0,11.9,2600.0,21000.0,48.0,720.0,24.0,720.0,524.0,224.0,5.3,4.9,808.0,408.0,400.0,129.0,218.0,2096.0,12.0,0.73,0.5,62.0,0.34,35.0,3.33,2.11,2025.0
10/25,5834.0,Chikkagubi Lake,E,0.8,8.1,5620.0,57.0,21.5,210.0,3500.0,48.0,1310.0,24.0,1310.0,950.0,256.0,7.9,7.4,1540.0,780.0,760.0,222.0,402.0,3798.0,16.0,0.89,0.5,98.0,0.305,34.0,4.45,2.62,2025.0
10/25,5835.0,Vijanapura Lake,D,5.9,8.0,510.0,4.0,1.96,170.0,3500.0,48.0,232.0,24.0,232.0,76.0,52.0,7.133333333333334,0.4,128.0,74.0,54.0,17.0,66.0,344.0,234.0,1.685,0.5,14.0,0.27,50.0,2.54,0.2,2025.0
10/25,5836.0,Cheemasandra,D,4.5,6.6,1159.0,6.0,2.06,260.0,5400.0,48.0,312.0,24.0,312.0,116.0,72.0,6.366666666666666,0.4,248.0,134.0,114.0,20.0,88.0,788.0,166.0,2.48,0.5,21.0,0.23,41.0,2.43,5.86,2025.0
10/25,5837.0,Leghumenahalli Lake,E,2.3,6.9,768.0,20.0,2.9,1700.0,13000.0,48.0,176.0,24.0,176.0,128.0,184.0,5.6,5.2,204.0,108.0,96.0,31.0,74.0,520.0,14.0,0.54,0.5,15.0,0.26,48.0,2.26,1.5,2025.0
10/25,5838.0,Varanasi Lake,D,6.3,6.9,450.0,5.0,1.73,460.0,1700.0,48.0,176.0,24.0,176.0,72.0,56.0,4.55,0.4,132.0,88.0,44.0,18.0,59.0,306.0,68.0,0.35,0.5,8.0,0.26,47.0,2.24,0.9,2025.0
10/25,5839.0,Gangashetty Lake,E,2.5,6.8,856.0,27.0,3.3,260.0,3500.0,48.0,196.0,24.0,196.0,104.0,192.0,3.5,2.7,204.0,108.0,96.0,25.0,97.0,576.0,26.0,0.75,0.5,23.0,0.22,48.0,2.9,1.9,2025.0
10/25,5840.0,Panathur Lake,D,5.2,7.2,464.0,7.0,1.69,210.0,2100.0,48.0,96.0,24.0,96.0,80.0,68.0,8.25,0.4,128.0,72.0,56.0,20.0,54.0,314.0,61.0,0.625,0.5,13.0,0.23,44.0,2.4,0.17,2025.0
10/25,5841.0,Garudacharpalya Lake-2,E,1.8,6.5,504.0,29.0,1.9,4300.0,15000.0,48.0,188.0,24.0,188.0,72.0,168.0,13.0,10.0,160.0,80.0,80.0,8.0,55.0,348.0,96.0,0.5,0.5,6.0,0.21,42.0,1.9,1.3,2025.0
10/25,5842.0,Mahadevapura Lake-2,D,6.1,8.3,400.0,4.0,1.5,210.0,1400.0,48.0,100.0,24.0,124.0,84.0,48.0,12.887254901960784,0.4,76.0,40.0,36.0,6.0,42.0,276.0,52.0,0.4,0.5,5.0,0.365,52.0,2.1,0.92,2025.0
10/25,5843.0,B- Narayannapura Lake-2,E,5.9,8.1,3090.0,6.0,12.5,260.0,2100.0,33.0,590.0,17.666666666666668,590.0,700.0,56.0,12.77450980392157,0.66,270.0,150.0,120.0,112.0,278.0,2080.0,54.0,1.12,0.5,15.0,0.52,68.0,7.36,3.23,2025.0
10/25,5844.0,Halnayakanahalli Lake,D,6.0,7.1,508.0,4.0,1.76,400.0,1700.0,18.0,104.0,11.333333333333334,104.0,84.0,44.0,12.661764705882351,0.4,120.0,68.0,52.0,41.0,58.0,344.0,54.62,0.805,0.5,13.0,0.415,48.0,2.3,0.18,2025.0
11/25,1388.0,Ulsoor Lake Training Centre Of Fish Breeding,D,5.2,8.5,413.0,8.0,1.2,172.31884057971016,49.0,64.0,60.0,32.0,92.0,60.0,88.0,1.995,0.4,96.0,52.0,44.0,20.0,39.0,296.0,236.0,0.2475,0.5,11.0,0.27,43.0,1.7,0.14,2025.0
11/25,3589.0,Madiwala Tank,D,5.9,6.5,381.0,6.0,1.53,204.6376811594203,2800.0,59.2,116.0,29.6,116.0,56.0,56.0,2.49,0.4,96.0,52.0,44.0,19.5,29.0,258.0,130.0,0.295,0.5,3.0,0.33,38.0,1.29,0.215,2025.0
11/25,3590.0,Lalbagh Tank,D,6.4,7.7,492.0,4.0,1.49,236.95652173913044,1700.0,54.4,132.0,27.2,132.0,88.0,40.0,2.985,0.4,80.0,44.0,36.0,19.0,55.0,338.0,24.0,0.3425,0.5,13.0,0.27,55.0,2.8,0.29,2025.0
11/25,3591.0,Kempambudhi Tank,E,2.3,7.2,476.0,30.0,1.59,269.2753623188406,7000.0,49.6,212.0,24.8,212.0,48.0,144.0,3.48,2.68,148.0,80.0,68.0,21.0,36.0,334.0,256.0,0.39,0.5,8.0,0.2825,33.0,1.2,0.93,2025.0
11/25,3592.0,Yediyur Tank,D,6.4,7.2,278.0,4.0,0.81,301.59420289855075,2400.0,44.8,112.0,22.4,112.0,44.0,48.0,4.76,0.4,80.0,44.0,36.0,10.0,16.0,192.0,26.0,0.4790909090909091,0.5,8.0,0.295,27.0,0.7,15.0,2025.0
11/25,3593.0,Ulsoor Lake Temple,D,5.4,8.5,406.0,8.0,1.1,333.9130434782609,1300.0,40.0,64.0,20.0,84.0,56.0,96.0,6.04,0.4,88.0,48.0,40.0,26.0,38.0,288.0,232.0,0.5681818181818182,0.5,10.0,0.3075,45.0,1.7,0.26,2025.0
11/25,3594.0,Sankey Tank,D,6.2,7.4,705.0,5.0,2.71,366.231884057971,79000.0,39.54929577464789,176.0,20.0,176.0,72.0,52.0,7.32,0.4,184.0,68.0,116.0,8.28,59.0,484.0,174.0,0.6572727272727272,0.5,8.0,0.32,39.0,1.88,0.275,2025.0
11/25,3595.0,Byrasandra Tank,D,5.6,7.8,454.0,7.0,1.3,398.5507246376812,3500.0,39.098591549295776,116.0,20.0,116.0,56.0,80.0,8.6,0.43,128.0,68.0,60.0,30.0,39.0,326.0,116.0,0.7463636363636363,0.5,11.0,0.315,37.0,1.4,0.29,2025.0
11/25,3596.0,Nayandanahalli Tank,D,6.0,7.8,699.0,4.0,2.6,430.8695652173913,2800.0,38.647887323943664,144.0,20.0,144.0,108.0,44.0,9.88,0.42,136.0,76.0,60.0,28.0,73.0,462.0,73.0,0.8354545454545454,0.5,9.0,0.31,52.0,2.7,0.18,2025.0
11/25,3597.0,Hesaraghatta Lake,D,6.1,8.2,612.0,4.0,2.35,463.1884057971015,2200.0,38.19718309859155,132.0,20.0,132.0,72.0,48.0,11.16,0.4,200.0,152.0,48.0,23.0,62.0,406.0,30.0,0.9245454545454546,0.5,7.0,0.3225,39.0,1.91,0.2666666666666666,2025.0
11/25,3598.0,Herohalli Tank,D,4.6,6.5,438.0,5.0,1.7,495.5072463768116,3500.0,37.74647887323944,96.0,20.0,96.0,68.0,60.0,12.44,0.73,116.0,60.0,56.0,18.0,42.0,302.0,30.0,1.0136363636363637,0.5,9.0,0.3349999999999999,41.0,1.7,0.3533333333333333,2025.0
11/25,3599.0,Anchepalya Lake,D,6.4,6.7,845.0,4.0,3.24,527.8260869565217,9400.0,37.29577464788733,180.0,20.0,180.0,96.0,44.0,13.72,0.4,124.0,68.0,56.0,34.3,96.0,566.0,30.0,1.1027272727272728,0.5,8.0,0.3475,61.0,3.75,0.44,2025.0
11/25,3600.0,Shivapura Tank,E,2.9,6.7,536.0,17.0,2.0,560.144927536232,3500.0,36.84507042253521,88.0,20.0,88.0,92.0,128.0,15.0,12.0,164.0,84.0,80.0,43.0,57.0,370.0,106.0,1.191818181818182,0.5,6.0,0.36,42.0,1.9,0.36,2025.0
11/25,3601.0,Karihobanahalli Lake,E,2.7,6.8,898.0,19.0,3.4,592.463768115942,11000.0,36.394366197183096,92.0,20.0,92.0,148.0,136.0,17.0,13.0,220.0,112.0,108.0,136.0,94.0,620.0,130.0,1.280909090909091,0.5,9.0,0.93,47.0,2.7,0.19,2025.0
11/25,3602.0,Bellandur Lake,E,2.4,7.4,922.0,30.0,3.71,624.7826086956522,1500.0,35.943661971830984,208.0,20.0,208.0,124.0,232.0,10.0,8.0,212.0,112.0,100.0,34.0,80.0,634.0,92.66666666666666,1.37,0.5,7.0,0.56,44.0,2.39,3.95,2025.0
11/25,3603.0,Vengaiyyanakere( Kr Puram Lake ),E,2.5,7.5,1154.0,23.0,4.4,657.1014492753624,1700.0,35.49295774647887,396.0,20.0,396.0,148.0,156.0,18.0,14.0,236.0,120.0,116.0,24.0,127.0,796.0,55.33333333333333,0.54,0.5,14.0,0.45,52.0,3.6,1.3,2025.0
11/25,3604.0,Doddanekkundi Lake,E,4.4,7.2,429.0,6.0,1.6,689.4202898550725,170.0,35.04225352112676,108.0,20.0,108.0,72.0,56.0,12.3,0.4,116.0,64.0,52.0,11.0,64.0,292.0,18.0,0.405,0.5,8.0,0.25,52.0,2.6,0.3,2025.0
11/25,3605.0,Yelemallappa Shetty Lake,E,3.2,7.0,1339.0,17.0,5.1,721.7391304347826,3500.0,34.59154929577465,228.0,20.0,228.0,276.0,128.0,6.6,5.1,324.0,164.0,160.0,38.0,147.0,924.0,140.0,0.27,0.5,16.0,0.48,48.0,3.5,0.64,2025.0
11/25,3606.0,Dasarahalli Tank,E,2.3,7.0,406.0,21.0,1.5,754.0579710144929,2800.0,34.140845070422536,116.0,20.0,116.0,64.0,132.0,19.0,15.0,116.0,60.0,56.0,10.0,43.0,280.0,48.0,0.43,0.5,5.0,0.22,43.0,1.7,1.0,2025.0
11/25,3607.0,Kalkere Tank,D,4.4,8.2,827.0,8.0,3.4,786.376811594203,11000.0,33.690140845070424,236.0,20.0,236.0,116.0,96.0,17.25,0.58,216.0,116.0,100.0,12.0,85.0,544.0,18.0,3.0,0.5,12.0,0.31,45.0,2.5,8.5,2025.0
11/25,3608.0,Varthur Lake,D,5.8,7.3,681.0,4.0,2.6,818.6956521739131,4300.0,33.23943661971831,156.0,20.0,156.0,112.0,44.0,15.5,0.51,180.0,96.0,84.0,28.0,66.0,462.0,17.0,2.3333333333333335,0.5,14.0,0.36,42.0,2.13,0.25,2025.0
11/25,3609.0,Ibbalur Lake,D,6.0,7.4,586.0,4.0,2.1,851.0144927536232,9400.0,32.7887323943662,156.0,20.0,156.0,124.0,48.0,13.75,0.67,96.0,52.0,44.0,14.0,84.0,408.0,16.0,1.6666666666666667,0.5,12.0,0.41,62.0,4.0,0.46,2025.0
11/25,3610.0,Tubarahalli Tank,E,1.9,7.1,1017.0,28.0,3.9,883.3333333333334,5400.0,32.33802816901408,356.0,20.0,356.0,160.0,180.0,12.0,9.1,248.0,128.0,120.0,19.0,112.0,702.0,24.0,1.0,0.5,12.0,0.46,48.0,3.1,2.3,2025.0
11/25,3611.0,Kaikondanahalli Lake,D,4.8,8.1,938.0,8.0,3.78,915.6521739130436,1700.0,31.887323943661972,204.0,20.0,204.0,148.0,80.0,11.60909090909091,0.72,228.0,120.0,108.0,27.0,82.0,644.0,16.0,0.54,0.5,8.0,0.52,43.0,2.37,1.57,2025.0
11/25,3612.0,Agaram Lake,D,6.2,7.9,893.0,4.0,3.0,947.9710144927536,5400.0,31.436619718309856,268.0,20.0,268.0,136.0,56.0,11.21818181818182,0.61,208.0,108.0,100.0,33.0,91.0,612.0,18.0,1.1,0.5,29.0,0.32,45.0,2.7,2.8,2025.0
11/25,3613.0,Gottigere Lake,D,6.0,6.7,356.0,4.0,1.43,980.289855072464,2800.0,30.985915492957744,116.0,20.0,116.0,48.0,44.0,10.827272727272728,0.4,116.0,64.0,52.0,23.0,25.0,240.0,12.0,0.665,0.5,15.5,0.28,31.0,1.0,1.74,2025.0
11/25,3614.0,Puttenahalli Lake,D,5.0,6.9,373.0,5.0,1.5,1012.608695652174,9200.0,30.535211267605632,124.0,20.0,124.0,36.0,48.0,10.436363636363636,0.4,108.0,60.0,48.0,13.0,28.0,254.0,13.0,0.23,0.5,2.0,0.31,35.0,1.17,0.68,2025.0
11/25,3615.0,Arakere Lake,D,5.8,6.8,326.0,5.0,1.3,1044.927536231884,9400.0,30.08450704225352,56.0,20.0,56.0,48.0,56.0,10.045454545454543,0.48,88.0,48.0,40.0,13.0,30.0,220.0,14.0,0.37,0.5,6.0,0.31,40.0,1.38,0.485,2025.0
11/25,3616.0,Kalena Agrahara Lake,D,6.1,6.9,372.0,4.0,1.49,1077.2463768115942,2400.0,29.633802816901408,112.0,20.0,112.0,40.0,40.0,9.654545454545454,0.4,96.0,52.0,44.0,10.0,28.0,252.0,15.0,0.51,0.5,10.0,0.31,38.0,1.24,0.29,2025.0
11/25,3617.0,Hulimavu Lake,D,5.2,7.6,712.0,6.0,2.8,1109.5652173913045,2800.0,29.183098591549296,164.0,20.0,164.0,116.0,64.0,9.263636363636364,0.71,192.0,100.0,92.0,29.0,70.0,484.0,16.0,0.65,0.5,14.0,0.26,42.0,2.19,0.23,2025.0
11/25,3618.0,Singasandra Lake,D,4.6,8.0,852.0,8.0,3.43,1141.8840579710145,4300.0,28.732394366197184,176.0,20.0,176.0,144.0,84.0,8.872727272727273,0.72,180.0,96.0,84.0,26.0,73.0,586.0,22.0,0.79,0.5,6.0,0.41,46.0,2.36,2.19,2025.0
11/25,3619.0,Begur Tank,D,5.7,7.1,329.0,6.0,1.2,1174.2028985507247,3500.0,28.281690140845072,64.0,20.0,64.0,52.0,60.0,8.481818181818182,0.4,92.0,52.0,40.0,12.0,32.0,224.0,28.0,0.9766666666666668,0.5,7.0,0.4333333333333333,40.0,1.45,1.205,2025.0
11/25,3620.0,Parappana Agrahara Lake,D,6.9,7.9,675.0,4.0,2.6,1206.521739130435,9200.0,27.83098591549296,152.0,20.0,152.0,108.0,48.0,8.090909090909092,0.4,180.0,92.0,88.0,28.0,67.0,462.0,34.0,1.163333333333333,0.5,14.0,0.4566666666666666,42.0,2.17,0.22,2025.0
11/25,3621.0,Haralur Lake,E,2.6,7.3,918.0,26.0,3.7,1238.840579710145,110000.0,27.380281690140844,208.0,20.0,208.0,120.0,188.0,7.7,6.2,212.0,112.0,100.0,36.0,78.0,632.0,40.0,1.35,0.5,6.0,0.48,44.0,2.33,3.9,2025.0
11/25,3622.0,Somasundrapalya Lake,D,6.5,8.0,675.0,5.0,2.6,1271.1594202898552,3500.0,26.929577464788732,156.0,20.0,156.0,108.0,56.0,5.15,0.4,180.0,92.0,88.0,27.0,66.0,460.0,12.0,1.425,0.5,13.0,0.55,42.0,2.14,0.19,2025.0
11/25,3623.0,Anekal Doddakere Tank,E,1.5,6.8,1497.0,28.0,6.04,1303.4782608695652,13000.0,26.47887323943662,268.0,20.0,268.0,312.0,196.0,2.6,2.1,396.0,204.0,192.0,18.0,138.0,1012.0,30.0,1.5,0.5,11.0,0.62,42.0,3.03,0.41,2025.0
11/25,3624.0,Puttenahalli Lake,D,5.3,6.6,901.0,7.0,3.5,1335.7971014492755,4300.0,26.028169014084504,332.0,20.0,332.0,132.0,88.0,7.300000000000001,0.53,256.0,132.0,124.0,8.0,99.0,622.0,22.0,1.5750000000000002,0.5,11.0,0.42,44.0,2.7,0.3,2025.0
11/25,3625.0,Hebbal Lake,E,2.9,6.8,480.0,19.0,1.9,1368.1159420289855,12000.0,25.577464788732392,180.0,20.0,180.0,68.0,128.0,12.0,8.9,128.0,64.0,64.0,7.0,50.0,330.0,18.0,1.65,0.5,6.0,0.24,44.0,1.9,0.19,2025.0
11/25,3626.0,Nagavara Lake,D,5.5,7.0,445.0,5.0,1.71,1400.4347826086955,9400.0,25.12676056338028,96.0,20.0,96.0,44.0,48.0,14.0,0.4,132.0,80.0,52.0,13.0,45.0,302.0,34.0,1.725,0.5,5.0,0.35,41.0,1.7,0.46,2025.0
11/25,3627.0,Jakkur Lake,E,1.8,7.0,998.0,25.0,3.8,1432.753623188406,17000.0,24.676056338028168,332.0,20.0,332.0,168.0,168.0,16.0,12.0,232.0,120.0,112.0,19.0,110.0,686.0,66.0,1.8,0.5,12.0,0.53,49.0,3.1,4.2,2025.0
11/25,3628.0,Amruthahalli Lake,E,3.5,6.6,1250.0,12.0,4.8,1465.072463768116,11000.0,24.225352112676056,272.0,20.0,272.0,128.0,152.0,7.8,5.2,192.0,128.0,64.0,18.61,124.0,832.0,42.0,0.34,0.5,6.0,0.36,57.0,3.89,0.88,2025.0
11/25,3629.0,Allalasandra Lake,E,1.9,7.0,997.0,25.0,3.8,1497.3913043478262,13000.0,23.774647887323944,332.0,20.0,332.0,164.0,168.0,16.0,12.0,232.0,120.0,112.0,19.0,110.0,688.0,68.0,1.8,0.5,12.0,0.53,49.0,3.1,4.2,2025.0
11/25,3630.0,Yelahanka Tank,E,1.6,7.0,992.0,23.0,3.8,1529.7101449275365,11000.0,23.323943661971832,332.0,20.0,332.0,168.0,164.0,14.0,11.0,232.0,120.0,112.0,20.0,109.0,684.0,68.0,1.8,0.5,12.0,0.52,49.0,3.1,4.2,2025.0
11/25,3633.0,Subramanyapura Tank,D,5.4,6.8,536.0,5.0,2.06,1562.0289855072465,7900.0,22.873239436619716,100.0,20.0,100.0,20.0,52.0,12.3,0.8,204.0,148.0,56.0,16.56,52.0,358.0,34.0,0.26,0.5,5.0,0.35,35.0,1.58,0.58,2025.0
11/25,3634.0,Devarakere Tank,D,5.5,6.5,410.0,5.0,1.57,1594.3478260869567,9400.0,22.422535211267604,96.0,20.0,96.0,32.0,52.0,10.6,0.7,164.0,80.0,84.0,5.25,31.0,272.0,28.0,0.26,0.5,2.0,0.295,29.0,1.05,0.62,2025.0
11/25,3635.0,Malathahalli Lake,D,6.2,7.7,616.0,4.0,2.0,1626.6666666666667,2800.0,21.971830985915492,236.0,20.0,236.0,28.0,48.0,8.9,0.4,228.0,120.0,108.0,18.0,60.0,406.0,14.0,0.365,0.5,5.0,0.24,36.0,1.7,0.33,2025.0
11/25,3636.0,Hoskere Lake,E,3.2,7.2,391.0,16.0,1.4,1658.985507246377,9400.0,21.52112676056338,116.0,20.0,116.0,32.0,120.0,7.2,5.5,116.0,64.0,52.0,7.0,36.0,264.0,14.0,0.47,0.5,5.0,0.29,38.0,1.5,1.3,2025.0
11/25,3638.0,Yelachenahalli Lake,D,6.0,7.4,594.0,6.0,2.0,1691.304347826087,2800.0,21.070422535211268,184.0,20.0,184.0,96.0,72.0,7.970000000000001,0.7,180.0,96.0,84.0,21.0,54.0,382.0,38.0,0.26,0.5,9.0,0.295,37.0,1.7,0.62,2025.0
11/25,3639.0,Kengeri Tank,D,5.5,7.0,507.0,5.0,1.95,1723.6231884057972,4300.0,20.619718309859156,100.0,20.0,100.0,44.0,56.0,8.74,0.4,204.0,128.0,76.0,20.203333333333333,51.0,342.0,40.0,0.38,0.5,5.0,0.3,34.0,1.55,1.0,2025.0
11/25,3640.0,Uttarahalli Doraikere,D,4.9,6.6,406.0,8.0,1.56,1755.9420289855077,5400.0,20.16901408450704,88.0,20.0,88.0,32.0,96.0,9.51,0.4,164.0,124.0,40.0,19.406666666666663,22.0,278.0,20.0,0.35,0.5,2.0,0.305,22.0,0.75,0.91,2025.0
11/25,3641.0,Dhorekere Tank,D,4.8,6.7,455.0,6.0,1.75,1788.2608695652175,9200.0,19.718309859154928,108.0,20.0,108.0,16.0,60.0,10.28,0.6,216.0,168.0,48.0,18.61,36.0,312.0,30.0,0.32,0.5,4.0,0.31,26.0,1.06,0.82,2025.0
11/25,3642.0,Jigani Tank,D,5.9,6.8,780.0,6.0,3.14,1820.5797101449275,5400.0,19.267605633802816,188.0,20.0,188.0,140.0,64.0,11.05,0.4,180.0,96.0,84.0,6.0,65.0,528.0,81.0,0.3783333333333333,0.5,6.0,0.32,43.0,2.1,0.54,2025.0
11/25,3643.0,Benniganahalli Lake,D,6.1,7.1,400.0,4.0,1.7,1852.8985507246375,1700.0,18.816901408450704,80.0,20.0,80.0,56.0,48.0,11.82,0.4,104.0,52.0,52.0,38.0,42.0,276.0,132.0,0.4366666666666667,0.5,5.0,0.24,45.0,1.8,0.26,2025.0
11/25,3655.0,Mathikere Tank,D,5.1,7.4,294.0,7.0,1.6,1885.217391304348,13000.0,18.366197183098592,120.0,20.0,120.0,12.0,68.0,12.59,0.4,112.0,64.0,48.0,10.0,16.0,198.0,52.0,0.495,0.5,8.0,0.3299999999999999,22.0,0.65,0.13,2025.0
11/25,4094.0,Gangondanahalli Lake,D,5.0,7.2,965.0,9.0,3.7,1917.5362318840585,13000.0,17.91549295774648,172.0,20.0,172.0,244.0,96.0,13.36,0.4,260.0,132.0,128.0,13.0,101.0,664.0,88.0,0.5533333333333333,0.5,11.0,0.42,44.0,2.7,0.24,2025.0
11/25,4095.0,Chikkabanavara Lake,D,4.9,6.6,1012.0,5.0,3.88,1949.855072463768,3500.0,17.464788732394364,272.0,20.0,272.0,128.0,60.0,14.13,0.5,192.0,128.0,64.0,18.6,104.0,670.0,28.0,0.6116666666666667,0.5,6.0,0.24,53.0,3.26,1.1,2025.0
11/25,4096.0,Andhrahalli Lake,E,0.7,6.8,548.0,63.0,2.1,1982.1739130434785,7900.0,17.014084507042252,124.0,20.0,124.0,88.0,312.0,14.9,14.1,144.0,76.0,68.0,22.0,52.0,376.0,24.0,0.67,0.5,11.0,0.22,41.0,1.88,1.96,2025.0
11/25,4097.0,Kachohalli Lake,E,0.5,6.7,1620.0,58.0,6.2,2014.4927536231885,2400.0,16.56338028169014,544.0,20.0,544.0,204.0,216.0,54.0,42.0,464.0,236.0,228.0,39.0,170.0,1118.0,28.0,3.5,0.5,19.0,0.23,43.0,3.4,8.4,2025.0
11/25,4504.0,Sarakki Lake,D,6.5,7.6,680.0,4.0,2.2,2046.8115942028987,4300.0,16.112676056338028,180.0,20.0,180.0,116.0,56.0,29.4,0.91,136.0,72.0,64.0,34.0,69.0,468.0,21.0,1.97,0.5,18.0,0.29,48.0,2.7,0.17,2025.0
11/25,4505.0,Nelamangala Lake,E,3.1,7.0,1229.0,14.0,4.7,2079.130434782609,1700.0,15.661971830985916,284.0,20.0,284.0,204.0,128.0,4.8,4.3,332.0,172.0,160.0,50.0,108.0,824.0,14.0,0.44,0.5,25.0,0.35,39.0,2.57,1.28,2025.0
11/25,4506.0,Abbigere Lake,D,4.6,7.0,621.0,6.0,2.38,2111.449275362319,4300.0,15.211267605633804,92.0,20.0,92.0,104.0,76.0,7.219999999999999,0.4,140.0,64.0,76.0,13.0,63.0,428.0,24.0,0.4075,0.5,7.0,0.41,48.0,2.31,0.855,2025.0
11/25,4507.0,Chelekere Lake,D,6.1,6.9,502.0,4.0,1.93,2143.768115942029,7900.0,14.760563380281688,68.0,20.0,68.0,56.0,44.0,9.64,0.4,176.0,168.0,8.0,17.63,50.0,346.0,28.0,0.375,0.5,6.0,0.47,37.0,1.64,0.43,2025.0
11/25,4508.0,Singapura Lake,D,6.2,7.0,612.0,4.0,2.35,2176.086956521739,4600.0,14.309859154929576,120.0,20.0,120.0,84.0,44.0,12.06,0.4,200.0,148.0,52.0,9.92,52.0,418.0,34.0,0.3425,0.5,7.0,0.45,35.0,1.6,0.46,2025.0
11/25,4509.0,Narasipura Lake,D,6.2,7.2,533.0,4.0,2.05,2208.4057971014495,2800.0,13.859154929577464,72.0,20.0,72.0,72.0,48.0,14.479999999999997,0.8,200.0,152.0,48.0,20.08,55.0,360.0,30.0,0.31,0.5,7.0,0.32,36.0,1.69,0.73,2025.0
11/25,4510.0,Rachenahalli Lake,E,2.5,6.8,1076.0,40.0,4.13,2240.7246376811595,7000.0,13.408450704225352,136.0,20.0,136.0,164.0,272.0,16.9,13.0,308.0,124.0,184.0,34.35,106.0,730.0,46.0,0.38,0.5,6.0,0.48,42.0,2.63,0.96,2025.0
11/25,4511.0,Kogilu Kere,D,4.8,7.0,573.0,6.0,2.2,2273.04347826087,3500.0,12.95774647887324,92.0,20.0,92.0,104.0,76.0,12.6,0.6,140.0,64.0,76.0,13.03,60.0,390.0,24.0,0.28,0.5,7.0,0.38,47.0,2.2,0.7,2025.0
11/25,4512.0,Viswaneedam Lake,E,1.2,7.2,977.0,26.0,4.2,2305.36231884058,5400.0,12.507042253521128,224.0,20.0,224.0,164.0,176.0,8.3,7.9,264.0,136.0,128.0,40.0,96.0,664.0,18.0,0.66,0.5,20.0,0.31,42.0,2.57,1.89,2025.0
11/25,4513.0,Ramammana Kere,D,6.3,6.9,700.0,5.0,2.69,2337.68115942029,7000.0,12.056338028169012,176.0,20.0,176.0,72.0,56.0,15.15,0.4,164.0,120.0,44.0,33.1,62.0,474.0,20.0,0.7150000000000001,0.5,7.0,0.26,45.0,2.21,1.395,2025.0
11/25,4514.0,Sadaramangala Lake,E,0.7,7.0,1069.0,38.0,4.1,2370.0,3500.0,11.6056338028169,244.0,20.0,244.0,176.0,200.0,22.0,18.0,288.0,148.0,140.0,44.0,106.0,726.0,46.0,0.77,0.5,21.0,0.25,42.0,2.71,0.9,2025.0
11/25,4515.0,Bhattarahalli Lake,E,2.7,7.3,754.0,21.0,2.9,2402.3188405797105,2400.0,11.154929577464788,240.0,20.0,240.0,100.0,140.0,14.0,11.0,188.0,96.0,92.0,19.0,87.0,520.0,14.0,1.2,0.5,10.0,0.38,49.0,2.8,2.9,2025.0
11/25,4516.0,Kundalahalli Lake,E,1.6,7.3,1155.0,15.0,4.4,2434.6376811594205,2400.0,10.704225352112676,268.0,20.0,268.0,192.0,156.0,19.0,15.0,312.0,160.0,152.0,47.0,120.0,784.0,22.0,0.44,0.5,23.0,0.39,43.0,2.96,1.31,2025.0
11/25,4517.0,Kowdhenahalli Tank,E,2.7,7.5,730.0,22.0,2.8,2466.9565217391305,5400.0,10.253521126760564,264.0,20.0,264.0,92.0,140.0,14.0,11.0,184.0,92.0,92.0,19.0,84.0,504.0,24.0,0.4,0.5,10.0,0.38,53.0,2.7,0.94,2025.0
11/25,4518.0,Garudacharpalya Tank,E,0.8,7.2,1077.0,36.0,4.1,2499.275362318841,12000.0,9.802816901408448,248.0,20.0,248.0,180.0,196.0,23.0,19.0,292.0,152.0,140.0,44.0,108.0,732.0,42.0,0.67,0.5,22.0,0.27,42.0,2.74,1.96,2025.0
11/25,4519.0,Rampura Lake,E,1.5,7.2,1268.0,26.0,4.6,2531.594202898551,9400.0,9.352112676056336,264.0,20.0,264.0,200.0,184.0,14.0,10.0,276.0,144.0,132.0,23.0,120.0,842.0,14.0,3.2,0.5,15.0,0.29,47.0,3.1,9.1,2025.0
11/25,4520.0,Chinnappanahalli Lake,E,1.2,7.3,1220.0,18.0,4.7,2563.913043478261,11000.0,8.901408450704224,280.0,20.0,280.0,204.0,168.0,21.0,17.0,332.0,172.0,160.0,50.0,116.0,834.0,26.0,0.46,0.5,24.0,0.42,41.0,2.77,1.35,2025.0
11/25,4521.0,Devarabeesanahalli Lake,D,5.1,7.2,584.0,7.0,2.31,2596.2318840579715,2400.0,8.450704225352112,104.0,20.0,104.0,108.0,76.0,12.25,0.9,80.0,44.0,36.0,10.0,48.0,402.0,12.0,0.48,0.5,3.0,0.26,55.0,2.33,1.225,2025.0
11/25,4522.0,Vibhuthipura Lake,E,2.5,8.4,515.0,16.0,7.93,2628.5507246376815,170.0,8.0,172.0,20.0,176.0,72.0,112.0,3.5,2.8,144.0,80.0,64.0,8.0,67.0,348.0,114.0,0.5,0.5,15.0,0.26,47.0,2.41,1.1,2025.0
11/25,4523.0,Nallurahalli Lake,E,2.3,7.3,501.0,22.0,2.0,2660.8695652173915,2200.0,9.0,132.0,20.0,132.0,92.0,160.0,11.0,8.1,116.0,60.0,56.0,6.0,52.0,346.0,120.0,0.3,0.5,6.0,0.265,47.0,2.1,0.71,2025.0
11/25,4524.0,Pattandur Agrahara Lake,E,3.3,7.1,523.0,10.0,2.0,2693.1884057971015,5400.0,10.0,120.0,20.0,120.0,84.0,104.0,2.9,2.4,140.0,76.0,64.0,21.0,52.0,360.0,30.0,0.25,0.5,11.0,0.27,42.0,1.94,0.76,2025.0
11/25,4525.0,Seetharampalya Lake,E,3.2,7.3,520.0,11.0,1.9,2725.507246376812,4300.0,11.0,116.0,20.0,116.0,80.0,116.0,2.4,2.0,136.0,72.0,64.0,21.0,51.0,356.0,32.0,0.24,0.5,10.0,0.275,42.0,1.9,0.73,2025.0
11/25,4526.0,Devasandra Lake,D,5.2,7.3,435.0,8.0,1.7,2757.826086956522,3500.0,12.0,112.0,20.0,112.0,100.0,88.0,6.199999999999999,0.98,96.0,48.0,48.0,8.0,46.0,300.0,16.0,0.21,0.5,6.0,0.28,49.0,2.0,0.5,2025.0
11/25,4527.0,Sheelavanta-Whitefield Lake,E,3.0,7.0,513.0,18.0,2.0,2790.144927536232,7900.0,13.0,144.0,20.0,144.0,92.0,132.0,10.0,7.5,136.0,68.0,68.0,8.0,54.0,354.0,116.0,0.22,0.5,6.0,0.295,45.0,2.0,0.5,2025.0
11/25,4528.0,Doddakannehalli Lake,D,6.1,8.0,834.0,5.0,3.32,2822.4637681159425,3500.0,14.0,228.0,20.0,228.0,108.0,48.0,16.333333333333332,0.4,220.0,116.0,104.0,29.0,71.0,564.0,90.5,0.92,0.5,5.0,0.31,41.0,2.08,2.58,2025.0
11/25,4529.0,Kasavanahalli Lake,D,6.1,7.9,671.0,4.0,2.7,2854.7826086956525,2100.0,15.0,148.0,20.0,148.0,116.0,40.0,22.666666666666664,0.4,152.0,80.0,72.0,24.0,51.0,470.0,65.0,0.755,0.5,4.0,0.28,41.0,1.79,2.04,2025.0
11/25,4531.0,Rayasandra Lake,E,0.9,7.4,1619.0,32.0,5.8,2887.1014492753625,9400.0,16.0,332.0,20.0,332.0,268.0,168.0,29.0,23.0,352.0,184.0,168.0,43.0,81.0,1080.0,39.5,0.59,0.5,26.0,0.32,31.0,1.9,1.5,2025.0
11/25,4532.0,Chandapura Lake,E,1.9,6.9,1254.0,27.0,5.0,2919.420289855073,4300.0,17.0,228.0,20.0,228.0,244.0,192.0,8.0,6.0,316.0,164.0,152.0,15.0,116.0,842.0,14.0,0.55,0.5,23.0,0.41,42.0,2.8,1.4,2025.0
11/25,4533.0,Ullalu Lake,D,5.8,7.2,248.0,5.0,1.0,2951.739130434783,46000.0,18.0,92.0,20.0,92.0,16.0,64.0,14.833333333333332,0.4,80.0,48.0,32.0,12.05,25.0,168.0,26.0,0.5275000000000001,0.5,4.0,0.26,39.0,1.2,0.25,2025.0
11/25,4534.0,Sompura Lake,D,5.4,7.3,444.0,5.0,1.7,2984.057971014493,2400.0,19.0,88.0,20.0,88.0,20.0,52.0,21.666666666666664,0.4,164.0,64.0,100.0,9.1,45.0,304.0,19.0,0.505,0.5,4.0,0.39,36.0,1.53,0.28,2025.0
11/25,4535.0,Gubbalal Lake,D,5.3,6.6,333.0,5.0,1.28,3016.376811594203,3500.0,20.0,64.0,20.0,64.0,16.0,48.0,28.5,0.4,160.0,124.0,36.0,18.075,25.0,228.0,12.0,0.4825,0.5,3.0,0.3633333333333333,25.0,0.86,0.31,2025.0
11/25,4536.0,Hosakerehalli Lake,D,4.6,6.5,515.0,6.0,1.98,3048.6956521739135,9200.0,21.0,124.0,20.0,124.0,40.0,60.0,35.33333333333333,0.7,240.0,120.0,120.0,27.049999999999997,53.0,342.0,34.0,0.46,0.5,5.0,0.3366666666666666,32.0,1.49,2.38,2025.0
11/25,4537.0,Chinnakurchi Kere,D,6.3,7.0,489.0,4.0,1.88,3081.0144927536235,2800.0,22.0,104.0,20.0,104.0,32.0,52.0,42.166666666666664,0.4,228.0,152.0,76.0,36.025,26.0,330.0,12.0,0.464,0.5,3.0,0.31,20.0,0.75,1.275,2025.0
11/25,4538.0,Machohalli Lake,E,0.8,7.0,2058.0,42.0,8.0,3113.3333333333335,70000.0,23.0,368.0,20.0,368.0,484.0,192.0,49.0,38.0,528.0,268.0,260.0,45.0,226.0,1420.0,16.0,0.468,0.5,26.0,0.53,47.0,4.3,0.17,2025.0
11/25,4539.0,Doddabidarakallu Lake,D,4.5,6.6,1025.0,5.0,3.93,3145.652173913044,2800.0,24.0,312.0,20.0,312.0,116.0,56.0,26.225,0.6,136.0,68.0,68.0,9.9,106.0,696.0,26.0,0.472,0.5,6.0,0.23,61.0,3.95,0.15,2025.0
11/25,4540.0,Kammagondanahalli Lake,E,2.5,7.0,605.0,40.0,2.32,3177.971014492754,7900.0,25.0,112.0,20.0,112.0,72.0,272.0,3.45,2.3,220.0,124.0,96.0,20.3,53.0,408.0,46.0,0.476,0.5,6.0,0.46,33.0,1.55,0.31,2025.0
11/25,4541.0,Alur Lake,D,5.9,8.0,768.0,4.0,2.75,3210.289855072464,2400.0,26.0,232.0,20.0,232.0,76.0,52.0,4.025,0.4,192.0,124.0,68.0,14.65,78.0,528.0,30.0,0.48,0.5,8.0,0.27,45.0,2.45,0.306,2025.0
11/25,4542.0,Basavanapura Lake,D,5.9,6.8,330.0,6.0,1.33,3242.608695652174,4300.0,27.0,100.0,20.0,100.0,44.0,60.0,4.6000000000000005,0.4,112.0,60.0,52.0,9.0,26.0,224.0,29.0,0.484,0.5,2.0,0.26,33.0,1.07,0.302,2025.0
11/25,4543.0,Kodi Singasandra Lake,D,6.4,7.0,328.0,5.0,1.3,3274.9275362318845,4300.0,28.0,60.0,20.0,60.0,44.0,52.0,5.175000000000001,0.4,88.0,48.0,40.0,13.0,31.0,222.0,28.0,0.488,0.5,6.0,0.24,41.0,1.43,0.298,2025.0
11/25,4544.0,Kothanuru Lake,D,6.0,7.3,328.0,5.0,1.32,3307.2463768115945,3500.0,29.0,92.0,20.0,92.0,44.0,48.0,5.75,0.4,64.0,36.0,28.0,9.0,26.0,222.0,27.0,0.492,0.5,9.0,0.22,47.0,1.41,0.294,2025.0
11/25,4547.0,Mangamanapalya Lake(Swarana Kunte),D,6.6,7.9,676.0,6.0,2.5,3339.5652173913045,1700.0,30.0,152.0,20.0,152.0,104.0,60.0,6.325000000000001,0.42,184.0,96.0,88.0,28.0,67.0,464.0,26.0,0.496,0.5,12.0,0.245,42.0,2.13,0.29,2025.0
11/25,5558.0,"Kannahalli Lake Kannahalli, Bengaluru",E,1.6,7.2,1623.0,21.0,6.2,3371.884057971015,4300.0,31.0,376.0,20.0,376.0,272.0,152.0,6.9,6.4,436.0,224.0,212.0,66.0,150.0,1098.0,25.0,0.5,0.5,32.0,0.27,40.0,3.13,1.43,2025.0
11/25,5560.0,"Hoodi (Rajapalya Lake) Itpl Main Road, Near",E,0.8,7.1,1140.0,34.0,4.4,3404.202898550725,9400.0,32.0,264.0,20.0,264.0,192.0,192.0,21.0,17.0,308.0,156.0,152.0,47.0,111.0,768.0,24.0,0.72,0.5,23.0,0.29,42.0,2.75,2.12,2025.0
11/25,5561.0,"Munekolalu Lake
,Marathahalli, East Taluka",E,1.5,7.2,1249.0,20.0,4.8,3436.521739130435,13000.0,33.0,288.0,20.0,288.0,208.0,176.0,24.0,19.0,340.0,176.0,164.0,51.0,118.0,846.0,28.0,0.47,0.5,25.0,0.46,41.0,2.79,1.41,2025.0
11/25,5562.0,"Mahadevpuraâ  Lake, K. R. Puram , Bangalore East Taluka",E,2.1,7.1,1171.0,12.0,4.5,3468.8405797101454,2100.0,34.0,272.0,20.0,272.0,196.0,136.0,9.6,8.9,316.0,164.0,152.0,48.0,112.0,798.0,18.0,0.37,0.5,24.0,0.33,41.0,2.74,1.1,2025.0
11/25,5563.0,"Segehalli Lake Baavanapura Road Battarahalli , Bangalore",E,3.0,7.4,846.0,18.0,3.2,3501.1594202898555,2800.0,35.0,232.0,20.0,232.0,96.0,120.0,9.3,7.2,252.0,128.0,124.0,67.0,93.0,584.0,156.0,1.0,0.5,10.0,0.39,43.0,2.5,2.3,2025.0
11/25,5564.0,"Kannamangala Lake Hoskote Main Road , Bengalore",D,5.5,8.1,452.0,5.0,1.74,3533.4782608695655,54000.0,36.0,96.0,20.0,96.0,32.0,52.0,6.3500000000000005,0.7,164.0,80.0,84.0,21.9,51.0,304.0,12.0,1.4,0.5,6.0,0.375,39.0,1.73,3.6,2025.0
11/25,5565.0,Kannur Lake Near By Hennur Road Bengalore,E,3.1,8.2,1421.0,20.0,4.7,3565.7971014492755,8400.0,37.0,324.0,20.0,324.0,268.0,148.0,3.4,2.6,232.0,124.0,108.0,17.0,138.0,936.0,18.0,1.8,0.5,17.0,0.36,54.0,3.9,4.9,2025.0
11/25,5566.0,"Basavanapura Lake Ayyappa Nagr Main Road , K. R. Puram",E,2.4,7.2,887.0,26.0,3.4,3598.115942028986,13000.0,38.0,284.0,20.0,284.0,128.0,152.0,12.0,9.5,224.0,112.0,112.0,21.0,98.0,612.0,148.0,0.8,0.5,11.0,0.41,47.0,2.8,1.9,2025.0
11/25,5567.0,"Doddakallasandra Lake,Bengaluru",D,5.8,7.0,374.0,6.0,1.5,3630.434782608696,5400.0,39.0,116.0,20.0,116.0,36.0,60.0,11.0,0.4,124.0,68.0,56.0,14.0,29.0,254.0,194.0,0.27,0.5,2.0,0.28,33.0,1.13,0.8,2025.0
11/25,5568.0,"Ulsoor Lake Near Kalyani,Bengaluru",D,5.4,8.5,415.0,8.0,1.2,3662.753623188406,140.0,40.0,76.0,20.0,96.0,56.0,96.0,10.0,0.4,68.0,40.0,28.0,30.0,41.0,292.0,240.0,0.3875,0.5,11.0,0.27,52.0,2.1,0.27,2025.0
11/25,5569.0,"Byrasandra Upper Lake,Bengaluru",D,6.0,7.5,488.0,5.0,1.5,3695.072463768117,1100.0,38.72413793103448,144.0,19.482758620689655,144.0,44.0,64.0,9.0,0.4,168.0,84.0,76.0,39.0,39.0,312.0,80.0,0.505,0.5,10.0,0.26,33.0,1.3,0.3,2025.0
11/25,5570.0,"Soulkere, Kaikondrahalli Vill,Bengaluru",D,5.3,7.3,584.0,5.0,2.31,3727.3913043478265,2400.0,37.44827586206897,104.0,18.96551724137931,104.0,108.0,64.0,8.0,0.4,92.0,52.0,40.0,9.0,49.0,402.0,48.0,0.6225,0.5,3.0,0.25,52.0,2.24,1.17,2025.0
11/25,5571.0,"Kudlu Doddakere, Kudlu Vill,Bengaluru",E,2.9,7.3,790.0,25.0,3.18,3759.710144927537,9200.0,36.172413793103445,152.0,18.448275862068964,152.0,112.0,180.0,7.0,5.6,164.0,88.0,76.0,38.0,68.0,544.0,16.0,0.74,0.5,4.0,0.28,53.0,2.3,2.04,2025.0
11/25,5572.0,"Kudlu Chikkakere, Bgp Layout Kudlu Vill ,Bengaluru",E,3.2,7.4,917.0,21.0,3.7,3792.028985507247,3500.0,34.89655172413793,148.0,17.93103448275862,148.0,112.0,168.0,2.8,2.3,176.0,92.0,84.0,33.0,78.0,630.0,12.0,0.75,0.5,6.0,0.47,48.0,2.56,2.06,2025.0
11/25,5573.0,"Doddathogur Lake , Doddathoguru Vill,Bengaluru",D,6.4,7.8,674.0,4.0,2.6,3824.347826086957,5400.0,33.62068965517241,152.0,17.413793103448278,152.0,108.0,48.0,2.9555555555555553,0.4,176.0,92.0,84.0,27.0,66.0,452.0,12.0,0.69,0.5,13.0,0.4133333333333333,43.0,2.16,0.26,2025.0
11/25,5574.0,"Anjanapura Lake ( Avala Halli Lake) Anjanapura,Bengaluru",D,5.8,6.7,313.0,6.0,1.26,3856.666666666667,2400.0,32.3448275862069,88.0,16.89655172413793,88.0,40.0,60.0,3.111111111111111,0.4,108.0,60.0,48.0,11.0,25.0,212.0,12.0,0.63,0.5,2.0,0.3566666666666666,27.0,1.04,0.3,2025.0
11/25,5820.0,"Chunchaghatta Lake, Chunchaghatta Phase 7, J P",D,5.5,6.9,377.0,6.0,1.51,3888.985507246377,3500.0,31.06896551724138,120.0,16.379310344827587,120.0,52.0,64.0,3.2666666666666666,0.4,124.0,68.0,56.0,13.0,28.0,256.0,12.0,0.57,0.5,2.0,0.3,32.0,1.09,0.34,2025.0
11/25,5821.0,"Kembhatahali Lake-66, Kothannur, 1St Phase ,",D,6.0,7.0,334.0,4.0,1.3,3921.304347826087,3500.0,29.79310344827586,72.0,15.862068965517242,72.0,52.0,48.0,3.422222222222222,0.58,84.0,48.0,36.0,14.0,32.0,228.0,12.0,0.51,0.5,7.0,0.3033333333333333,43.0,1.52,0.3133333333333333,2025.0
11/25,5822.0,"Doddakammanahalli Lake, Doddakammanahalli Phase2,",D,5.7,6.6,312.0,5.0,1.25,3953.6231884057975,4300.0,28.51724137931034,92.0,15.344827586206897,92.0,40.0,52.0,3.5777777777777775,0.4,96.0,52.0,44.0,11.0,29.0,212.0,12.0,0.4499999999999999,0.5,2.0,0.3066666666666666,39.0,1.29,0.2866666666666667,2025.0
11/25,5823.0,"Basspura Lake, Aishwarya Crystal Layout, Begur,",D,6.3,8.2,826.0,5.0,3.2,3985.942028985507,1500.0,27.241379310344826,188.0,14.827586206896552,188.0,220.0,56.0,3.7333333333333334,0.66,188.0,96.0,92.0,34.0,81.0,562.0,12.0,0.3899999999999999,0.5,17.0,0.31,46.0,2.57,0.26,2025.0
11/25,5825.0,"Lower Amblipura Lake, Pwd Quarters,1St Sector, Hsr",D,6.1,7.8,673.0,5.0,2.4,4018.260869565218,2400.0,25.96551724137931,148.0,14.310344827586206,148.0,100.0,52.0,3.888888888888889,0.4,172.0,88.0,84.0,27.0,66.0,458.0,13.0,0.3299999999999999,0.5,11.0,0.275,44.0,2.19,0.24,2025.0
11/25,5826.0,"Bhoganhalli Lake, Bhoganhalli,, Bengaluru",D,4.5,7.6,682.0,6.0,2.7,4050.579710144928,2200.0,24.689655172413794,156.0,13.79310344827586,156.0,112.0,68.0,4.044444444444444,0.82,184.0,96.0,88.0,28.0,68.0,466.0,14.0,0.2699999999999999,0.5,14.0,0.24,42.0,2.17,0.33,2025.0
11/25,5828.0,"Parappana Agrahara Chikka Kere, Near Central Jail, Sai",E,3.0,7.8,946.0,15.0,3.6,4082.898550724638,4300.0,23.41379310344827,216.0,13.275862068965516,216.0,156.0,144.0,4.2,3.8,256.0,132.0,124.0,39.0,93.0,640.0,14.0,0.21,0.5,19.0,0.22,42.0,2.53,0.6,2025.0
11/25,5829.0,"Vittasandra Lake, Vittasandra,",D,6.6,8.0,609.0,4.0,2.3,4115.217391304348,1400.0,22.13793103448276,84.0,12.75862068965517,84.0,124.0,44.0,3.775,0.4,164.0,84.0,80.0,22.0,64.0,420.0,13.0,0.9575,0.5,7.0,0.31,45.0,2.2,0.15,2025.0
11/25,5830.0,"Akshyanagara Lake, Akshyanagara West, Bengaluru",D,5.9,6.8,311.0,6.0,1.2,4147.536231884058,2200.0,20.86206896551724,64.0,12.241379310344827,64.0,44.0,60.0,3.35,0.66,80.0,44.0,36.0,12.0,30.0,214.0,12.0,1.705,0.5,6.0,0.3866666666666666,42.0,1.45,3.0666666666666664,2025.0
11/25,5831.0,"Yallenahalli Lake, Begur- Koppa Rd, Akshayanagara,",D,5.6,6.9,373.0,6.0,1.4,4179.855072463768,2800.0,19.58620689655172,80.0,11.724137931034482,80.0,60.0,64.0,2.925,0.54,100.0,52.0,48.0,15.0,35.0,254.0,16.0,2.4525,0.5,8.0,0.4633333333333334,40.0,1.52,5.983333333333333,2025.0
11/25,5833.0,Doddagubbi Lake,E,3.2,8.2,3340.0,16.0,10.9,4212.173913043478,6300.0,18.310344827586206,616.0,11.206896551724135,616.0,71.0,120.0,2.5,1.9,288.0,152.0,136.0,22.0,324.0,2172.0,20.0,3.2,0.5,40.0,0.54,67.0,8.3,8.9,2025.0
11/25,5834.0,Chikkagubi Lake,D,4.2,8.2,2200.0,8.0,7.4,4244.492753623189,5800.0,17.034482758620687,440.0,10.689655172413792,440.0,444.0,92.0,4.416666666666667,0.65,256.0,136.0,120.0,19.0,228.0,1490.0,22.0,1.8,0.5,29.0,0.42,63.0,6.2,4.9,2025.0
11/25,5835.0,Vijanapura Lake,D,5.4,7.1,715.0,5.0,2.74,4276.811594202899,2200.0,15.75862068965517,100.0,10.172413793103448,100.0,20.0,52.0,6.333333333333334,0.8,204.0,148.0,56.0,126.7,72.0,484.0,16.0,0.33,0.5,6.0,0.35,42.0,2.19,0.84,2025.0
11/25,5836.0,Cheemasandra,D,5.3,8.1,402.0,5.0,1.54,4309.130434782609,3500.0,14.482758620689651,64.0,9.655172413793103,64.0,16.0,48.0,8.25,0.4,160.0,124.0,36.0,23.4,41.0,266.0,18.0,0.36,0.5,6.0,0.3299999999999999,35.0,1.41,0.08,2025.0
11/25,5837.0,Leghumenahalli Lake,D,4.8,8.2,459.0,6.0,1.76,4341.449275362319,92000.0,13.206896551724135,108.0,9.137931034482758,108.0,16.0,60.0,10.166666666666668,0.6,216.0,168.0,48.0,10.5,42.0,304.0,16.0,0.31,0.5,5.0,0.31,29.0,1.24,0.375,2025.0
11/25,5838.0,Varanasi Lake,D,5.4,7.7,453.0,5.0,1.74,4373.768115942029,2100.0,11.93103448275862,88.0,8.620689655172413,88.0,20.0,52.0,12.083333333333334,0.4,164.0,64.0,100.0,29.1,46.0,306.0,12.0,0.26,0.5,7.0,0.39,36.0,1.56,0.67,2025.0
11/25,5839.0,Gangashetty Lake,E,2.7,7.1,734.0,22.0,2.8,4406.08695652174,4300.0,10.6551724137931,252.0,8.103448275862068,252.0,104.0,144.0,14.0,11.0,184.0,92.0,92.0,17.0,77.0,506.0,18.0,2.2,0.5,9.0,0.38,51.0,2.5,5.1,2025.0
11/25,5840.0,Panathur Lake,E,3.1,7.0,484.0,19.0,1.9,4438.40579710145,4300.0,9.379310344827584,128.0,7.586206896551722,128.0,88.0,128.0,10.0,7.6,144.0,72.0,72.0,8.0,52.0,334.0,112.0,0.36,0.5,5.0,0.495,42.0,1.9,0.85,2025.0
11/25,5841.0,Garudacharpalya Lake-2,E,2.2,7.1,1029.0,25.0,4.0,4470.72463768116,2400.0,8.103448275862068,336.0,7.068965517241379,336.0,152.0,168.0,11.0,8.8,228.0,116.0,112.0,20.0,113.0,710.0,16.0,0.38,0.5,13.0,0.61,50.0,3.2,0.9,2025.0
11/25,5842.0,Mahadevapura Lake-2,E,1.9,7.0,977.0,29.0,3.7,4503.04347826087,2800.0,6.827586206896548,308.0,6.551724137931034,308.0,152.0,188.0,12.0,9.3,240.0,120.0,120.0,19.0,107.0,674.0,74.0,0.65,0.5,12.0,0.58,48.0,3.0,1.5,2025.0
11/25,5843.0,B- Narayannapura Lake-2,E,2.0,6.9,959.0,27.0,3.7,4535.36231884058,9400.0,5.551724137931032,300.0,6.034482758620689,300.0,144.0,184.0,12.0,9.2,240.0,120.0,120.0,23.0,105.0,660.0,62.0,0.67,0.5,12.0,0.59,47.0,2.9,1.6,2025.0
11/25,5844.0,Halnayakanahalli Lake,E,1.8,6.5,962.0,29.0,3.7,4567.68115942029,2200.0,4.275862068965516,348.0,5.517241379310343,348.0,132.0,188.0,12.0,9.3,264.0,136.0,128.0,19.0,106.0,664.0,42.0,3.1,0.5,12.0,0.55,45.0,2.8,7.3,2025.0
