LAKE_NAME,DATE,NDCI_Chla,NDTI,NDWI,NDSSI,STN_CODE,USEBASEDCLASS,DO,PH,CONDUCTIVITY,BOD,NITRATE_N,FECAL_COLI,TOTAL_COLI,CARBONATE,BICARBONATE,PHENOLPHTHALEINALKALINITY,TOTALALKALINITY,CHLORIDES,COD,TOTALKJELDAHLNITROGEN,AMMONICALN,TOTALHARDNESS,CAASCACO3,MGASCACO3,SULPHATE,SODIUM,TOTALDISSOLVEDSOLIDS,TOTALSUSPENDEDSOLIDS,PHOSPHATE,BORON,POTASSIUM,FLUORIDE,SODIUMPERCENTAGE,SAR,ORTHOPHOSPHATE,YEAR
Herohalli,08/23,0.1907397165,-0.008170809636,-0.4783137918,-0.5890474032,3598.0,"D (Propagation of wild life,fisheries)",4.2,7.6,1613.0,7.0,7.0,49000.0,350000.0,10.923809523809524,392.0,5.0,392.0,248.0,76.0,2.7495238095238097,0.91,348.0,180.0,168.0,28.0,159.0,1128.0,26.97142857142857,1.0,0.5,26.0,0.2,41.0,1.5794285714285714,0.2452380952380952,2023.0
Kempambudhi,08/23,0.2347821548,-0.08666908452,-0.485971818,-0.5643237677,3591.0,"E (Irrigation, industrial cooling and controlled waste)",3.1,6.8,538.0,12.0,1.6,4800.0,35000.0,6.342857142857143,156.0,5.0,156.0,80.0,110.0,3.877142857142857,2.6,144.0,80.0,64.0,8.0,53.0,366.0,20.62857142857143,0.22,0.5,7.0,0.23,41.0,1.8225714285714285,0.4214285714285715,2023.0
Sankey,08/23,0.1002584898,-0.1198900968,0.03101216687,-0.110608926,3594.0,"D (Propagation of wild life,fisheries)",4.9,7.6,549.0,7.0,1.6,460.0,16000.0,8.81904761904762,156.0,5.0,156.0,84.0,69.0,3.267619047619048,0.57,148.0,80.0,68.0,9.0,54.0,374.0,24.057142857142857,0.23,0.5,7.0,0.23,41.0,1.6911428571428573,0.3261904761904762,2023.0
Yediyur,08/23,0.277154184,-0.2213517738,-0.07059361871,-0.2569526298,3592.0,"D (Propagation of wild life,fisheries)",4.2,7.4,251.0,11.0,0.73,11000.0,54000.0,6.219047619047619,72.0,5.0,72.0,36.0,109.0,3.907619047619048,0.94,64.0,40.0,24.0,5.0,26.0,174.0,20.457142857142856,0.2,0.5,3.0,0.2,41.0,1.8291428571428567,0.4261904761904762,2023.0
Sompura,08/23,0.119616809,-0.001710829795,-0.2672053445,-0.3371357516,4534.0,"D (Propagation of
wild life,fisheries)",4.5,7.6,855.0,8.0,3.0,4100.0,54000.0,15.62857142857143,228.0,5.0,228.0,128.0,80.0,1.5914285714285716,0.48,212.0,112.0,100.0,42.0,118.0,558.0,33.48571428571429,0.35,0.5,17.0,0.37,41.0,1.3297142857142856,0.0642857142857142,2023.0
Begur,08/23,0.2059601792,-0.0793259431,-0.1645737576,-0.291380854,3619.0,"D (Propagation of wild life,fisheries)",5.4,7.7,825.0,6.0,3.0,4300.0,92000.0,5.476190476190476,140.0,5.0,140.0,152.0,56.0,4.09047619047619,0.4,164.0,88.0,76.0,35.0,98.0,554.0,19.42857142857143,0.29,0.5,25.0,0.35,41.0,1.8685714285714283,0.4547619047619048,2023.0
Yelahanka,08/23,0.1772913772,-0.1399694191,0.06838874894,-0.06003103389,3630.0,"E (Irrigation, industrial cooling and controlled
waste)",3.0,6.9,1207.0,13.0,3.5,3900.0,160000.0,9.314285714285717,336.0,5.0,336.0,188.0,131.0,3.145714285714286,2.1,324.0,168.0,156.0,18.0,117.0,822.0,24.742857142857144,0.51,0.5,15.0,0.57,41.0,1.6648571428571428,0.3071428571428571,2023.0
Singapura,08/23,0.123039015,0.08952365051,-0.3409467577,-0.5233169307,4508.0,"D (Propagation of wild life,fisheries)",5.4,7.2,758.0,4.0,2.91,4100.0,35000.0,9.80952380952381,172.0,5.0,172.0,124.0,45.0,3.023809523809524,0.4,204.0,108.0,96.0,31.0,70.0,530.0,25.42857142857143,0.2,0.5,15.0,0.2,41.0,1.6385714285714286,0.2880952380952381,2023.0
Bellandur,08/23,0.2492204987,-0.1338608672,-0.2741857551,-0.3658325111,3602.0,"E (Irrigation, industrial cooling and controlled waste)",0.3,6.9,1186.0,18.0,2.8,3300.0,35000.0,7.952380952380952,328.0,5.0,328.0,208.0,192.0,3.480952380952381,2.16,256.0,136.0,120.0,16.0,132.0,810.0,22.857142857142858,0.56,0.5,12.0,0.21,41.0,1.737142857142857,0.3595238095238096,2023.0
Kammagondanahalli,08/23,0.2547013386,-0.06089895422,-0.5564657052,-0.6844809332,4540.0,"E (Irrigation, industrial cooling and controlled waste)",0.8,7.0,874.0,18.0,4.2,2200000.0,24000000.0,13.771428571428572,316.0,5.0,316.0,56.0,116.0,2.048571428571429,2.5,340.0,176.0,164.0,26.0,127.0,602.0,30.914285714285715,0.23,0.5,29.0,0.2,41.0,1.4282857142857144,0.1357142857142857,2023.0
Chikkabanavara,08/23,0.3597869378,-0.2125158885,-0.1049466163,-0.2564888798,4095.0,"D (Propagation of wild life,fisheries)",5.3,6.7,405.0,7.3,1.5,330.0,5400.0,14.39047619047619,92.0,5.0,92.0,28.0,68.0,1.896190476190476,0.7,128.0,64.0,64.0,29.0,51.0,278.0,31.77142857142857,0.2,0.5,15.0,0.2,41.0,1.3954285714285717,0.1119047619047619,2023.0
Lalbagh,08/23,0.3031727179,-0.2012357014,-0.1094615565,-0.2962401484,3590.0,"D (Propagation of wild life,fisheries)",4.1,6.7,495.0,12.0,1.4,3900.0,92000.0,5.847619047619048,140.0,5.0,140.0,76.0,116.0,3.9990476190476194,0.95,132.0,72.0,60.0,8.0,49.0,340.0,19.942857142857143,0.2,0.5,6.0,0.21,41.0,1.8488571428571428,0.4404761904761905,2023.0
Soulkere,08/23,0.1545552475,-0.1054249429,0.001612405323,-0.07292570493,5570.0,"D (Propagation of wild life,fisheries)",4.5,7.5,1265.0,8.0,5.9,4000.0,92000.0,4.857142857142858,168.0,5.0,168.0,340.0,73.0,4.242857142857143,0.76,316.0,164.0,152.0,23.0,185.0,864.0,18.571428571428573,1.9,0.5,31.0,0.48,41.0,1.901428571428572,0.4785714285714286,2023.0
Devarabeesanahalli,08/23,0.1330758089,-0.1505120056,-0.0886729449,-0.2129005144,4521.0,"D (Propagation of wild life,fisheries)",5.2,7.7,1272.0,7.0,5.9,4600.0,54000.0,4.733333333333333,148.0,5.0,148.0,368.0,69.0,4.273333333333333,0.82,276.0,144.0,132.0,30.0,176.0,868.0,18.4,1.8,0.5,37.0,0.44,41.0,1.908,0.4833333333333334,2023.0
Kaikondanahalli,08/23,0.2878414655,-0.1127364462,-0.3884303435,-0.4941399812,3611.0,"D (Propagation of wild life,fisheries)",4.4,8.5,762.0,9.0,3.3,4600.0,35000.0,4.238095238095238,136.0,16.0,152.0,148.0,88.0,4.395238095238096,0.8,204.0,108.0,96.0,34.0,101.0,522.0,17.714285714285715,2.4,0.5,26.0,0.3,41.0,1.9342857142857144,0.5023809523809524,2023.0
Kasavanahalli,08/23,0.0666394648,-0.1551787731,0.2087541985,0.08253574234,4529.0,"D (Propagation of wild life,fisheries)",4.6,7.5,630.0,8.0,2.9,4800.0,92000.0,4.361904761904762,156.0,5.0,156.0,128.0,74.0,4.364761904761905,0.79,156.0,84.0,72.0,5.0,92.0,432.0,17.885714285714286,0.2,0.5,16.0,0.25,41.0,1.9277142857142853,0.4976190476190476,2023.0
Agaram,08/23,0.2668794608,-0.09691730428,-0.4828348779,-0.5798133477,3612.0,"D (Propagation of wild life,fisheries)",4.4,7.3,795.0,6.0,2.0,2200.0,24000.0,8.571428571428571,180.0,5.0,180.0,116.0,75.0,3.3285714285714287,0.4,168.0,100.0,68.0,11.0,89.0,540.0,23.714285714285715,0.28,0.5,12.0,0.23,41.0,1.7042857142857142,0.3357142857142857,2023.0
Somasundrapalya,08/23,0.1364937048,-0.004557482549,-0.1364975139,-0.2761479832,3622.0,"D (Propagation of wild life,fisheries)",4.5,7.4,796.0,8.0,2.0,4800.0,54000.0,8.323809523809524,184.0,5.0,184.0,116.0,90.0,3.3895238095238094,0.4,196.0,112.0,84.0,10.0,82.0,546.0,23.371428571428574,0.24,0.5,12.0,0.21,41.0,1.7174285714285715,0.3452380952380952,2023.0
Singasandra,08/23,0.1073968949,-0.05452905352,-0.05508260844,-0.1679086592,3618.0,"D (Propagation of wild life,fisheries)",4.7,8.0,898.0,7.0,3.0,2200.0,24000.0,5.723809523809524,192.0,5.0,192.0,128.0,88.0,4.02952380952381,0.48,240.0,128.0,112.0,28.0,94.0,604.0,19.77142857142857,2.0,0.5,28.0,0.28,41.0,1.855428571428572,0.4452380952380952,2023.0
Parappana Agrahara,08/23,0.1901147948,-0.009166900557,-0.4294047596,-0.5382780098,3620.0,"E (Irrigation, industrial cooling and controlled waste)",3.4,8.0,904.0,12.0,3.7,4700.0,160000.0,4.485714285714286,236.0,5.0,236.0,148.0,119.0,4.3342857142857145,1.3,268.0,140.0,128.0,35.0,111.0,620.0,18.057142857142857,0.4,0.5,35.0,0.35,41.0,1.9211428571428573,0.4928571428571429,2023.0
Basavanapura,08/23,0.1232731483,0.001976781303,-0.2995736016,-0.4057746523,4542.0,"D (Propagation of wild life,fisheries)",5.7,7.8,310.0,5.0,1.0,4000.0,54000.0,4.980952380952381,92.0,5.0,92.0,40.0,64.0,4.212380952380952,0.4,96.0,56.0,40.0,11.0,34.0,208.0,18.742857142857144,0.3,0.5,10.0,0.2,41.0,1.8948571428571428,0.4738095238095238,2023.0
Basavanapura,08/23,0.1232731483,0.001976781303,-0.2995736016,-0.4057746523,5566.0,"D (Propagation of wild life,fisheries)",4.8,6.5,1059.0,6.0,1.0,5800.0,92000.0,6.466666666666667,116.0,5.0,116.0,52.0,56.0,3.846666666666666,0.4,124.0,68.0,14.0,15.0,44.0,720.0,20.8,0.22,0.5,12.0,0.21,41.0,1.816,0.4166666666666667,2023.0
Arakere,08/23,0.1706452739,-0.006060384029,-0.3307391637,-0.4694355943,3615.0,"D (Propagation of wild life,fisheries)",5.7,7.8,332.0,5.0,1.0,470.0,16000.0,5.352380952380953,96.0,5.0,96.0,40.0,48.0,4.120952380952382,0.4,100.0,56.0,44.0,12.0,19.0,224.0,19.257142857142856,0.3,0.5,10.0,0.22,41.0,1.8751428571428568,0.4595238095238095,2023.0
Gottigere,08/23,0.3105565133,-0.07681400467,-0.6597858703,-0.7611139593,3613.0,"D (Propagation of wild life,fisheries)",5.8,7.7,833.0,5.0,3.0,3100.0,35000.0,5.228571428571429,148.0,5.0,148.0,140.0,68.0,4.151428571428571,0.4,168.0,92.0,76.0,36.0,97.0,556.0,19.085714285714285,0.28,0.5,24.0,0.35,41.0,1.8817142857142857,0.4642857142857143,2023.0
Doddakallasandra,08/23,0.1804718689,-0.05373018105,-0.2242374771,-0.3509635737,5567.0,"D (Propagation of wild life,fisheries)",4.3,6.9,410.0,4.0,2.0,630.0,16000.0,7.580952380952381,100.0,5.0,100.0,84.0,44.0,3.5723809523809527,0.72,108.0,60.0,48.0,5.0,42.0,286.0,22.34285714285714,0.54,0.5,11.0,0.3,41.0,1.756857142857143,0.3738095238095238,2023.0
Puttenahalli,08/23,0.3057449952,-0.102826526,-0.5701387564,-0.6925376811,3614.0,"D (Propagation of wild life,fisheries)",4.2,7.2,390.0,4.0,2.0,4800.0,54000.0,7.457142857142857,96.0,5.0,96.0,48.0,40.0,3.602857142857143,0.62,120.0,64.0,56.0,13.0,36.0,268.0,22.17142857142857,0.55,0.5,12.0,0.2,41.0,1.7634285714285711,0.3785714285714286,2023.0
Puttenahalli,08/23,0.3057449952,-0.102826526,-0.5701387564,-0.6925376811,3624.0,"D (Propagation of wild life,fisheries)",4.1,7.1,754.0,11.0,2.2,3300.0,35000.0,8.942857142857143,216.0,5.0,216.0,116.0,112.0,3.237142857142857,0.95,204.0,108.0,96.0,12.0,74.0,514.0,24.228571428571428,0.32,0.5,9.0,0.32,41.0,1.6845714285714286,0.3214285714285714,2023.0
Chelekere,08/23,0.2126540527,-0.02167334385,-0.4318274752,-0.5755690567,4507.0,"D (Propagation of wild life,fisheries)",6.6,6.7,559.0,4.0,2.14,6300.0,54000.0,9.685714285714289,124.0,5.0,124.0,92.0,40.0,3.0542857142857143,0.42,148.0,80.0,68.0,23.0,47.0,390.0,25.25714285714286,0.2,0.5,11.0,0.2,41.0,1.6451428571428572,0.2928571428571428,2023.0
Agaram,08/23,0.2665388393,-0.1087061378,0.02193202623,-0.1587242266,3612.0,"D (Propagation of wild life,fisheries)",4.4,7.3,795.0,6.0,2.0,2200.0,24000.0,8.571428571428571,180.0,5.0,180.0,116.0,75.0,3.3285714285714287,0.4,168.0,100.0,68.0,11.0,89.0,540.0,23.714285714285715,0.28,0.5,12.0,0.23,41.0,1.7042857142857142,0.3357142857142857,2023.0
Kalkere,08/23,0.311272048,-0.1322545248,-0.4271057743,-0.5218140421,3607.0,"D (Propagation of wild life,fisheries)",4.1,7.3,590.0,12.0,1.7,41000.0,350000.0,15.00952380952381,168.0,5.0,168.0,88.0,116.0,1.743809523809524,0.94,156.0,84.0,72.0,9.0,58.0,404.0,32.62857142857143,0.25,0.5,7.0,0.27,41.0,1.3625714285714283,0.0880952380952381,2023.0
Rampura,08/23,0.2157018325,-0.03742865406,-0.4783437603,-0.60655777,4519.0,"E (Irrigation, industrial cooling and controlled waste)",0.3,7.2,2231.0,23.0,6.8,34000.0,240000.0,15.133333333333333,632.0,5.0,632.0,348.0,189.0,1.7133333333333334,4.2,616.0,316.0,300.0,36.0,215.0,1520.0,32.8,0.93,0.5,28.0,0.62,41.0,1.356,0.0833333333333333,2023.0
Doddabidarakallu,08/23,0.2422259766,-0.06674810314,-0.5427296891,-0.6502653225,4539.0,"E (Irrigation, industrial cooling and controlled waste)",0.5,7.0,1096.0,18.0,5.2,1700.0,35000.0,14.01904761904762,356.0,5.0,169.33333333333334,37.33333333333333,122.0,1.987619047619048,2.8,356.0,184.0,172.0,50.0,153.0,748.0,31.25714285714286,3.1,0.5,32.0,0.2,41.0,1.415142857142857,0.1261904761904762,2023.0
Allalasandra,08/23,0.08057403427,0.069715713,-0.2476230005,-0.369180375,3629.0,"E (Irrigation, industrial cooling and controlled waste)",3.2,6.9,1119.0,13.0,3.2,2700.0,24000.0,9.19047619047619,312.0,5.0,312.0,172.0,129.0,3.1761904761904765,1.9,300.0,156.0,144.0,17.0,109.0,762.0,24.57142857142857,0.47,0.5,14.0,0.47,41.0,1.6714285714285717,0.3119047619047619,2023.0
Andhrahalli,08/23,0.1374939347,-0.009978819336,-0.3236165229,-0.3781693714,4096.0,"E (Irrigation, industrial cooling and controlled waste)",0.8,7.3,1258.0,18.0,4.9,4600.0,92000.0,13.647619047619049,408.0,5.0,408.0,176.0,120.0,2.079047619047619,3.4,408.0,208.0,200.0,47.0,145.0,858.0,30.742857142857144,2.5,0.5,31.0,0.2,41.0,1.434857142857143,0.1404761904761904,2023.0
Shivapura,08/23,0.1529595737,0.02333992322,-0.3554403587,-0.5058058599,3600.0,"E (Irrigation, industrial cooling and controlled waste)",0.3,7.0,2620.0,70.0,8.8,46000.0,540000.0,10.428571428571429,612.0,5.0,612.0,444.0,317.0,2.871428571428572,12.9,660.0,336.0,324.0,48.0,177.0,1836.0,26.285714285714285,0.63,0.5,52.0,0.26,41.0,1.605714285714286,0.2642857142857143,2023.0
Kogilu,08/23,0.2906211504,-0.09795262009,-0.422817667,-0.5280681534,4511.0,"D (Propagation of wild life,fisheries)",6.4,7.0,522.0,4.0,2.0,3100.0,35000.0,10.18095238095238,116.0,5.0,116.0,84.0,40.0,2.9323809523809525,0.64,140.0,76.0,64.0,21.0,45.0,364.0,25.942857142857143,0.2,0.5,10.0,0.24,41.0,1.6188571428571428,0.2738095238095238,2023.0
Basavanapura,08/23,0.2074281722,-0.04395604506,-0.510212183,-0.6053962708,4542.0,"D (Propagation of wild life,fisheries)",5.7,7.8,310.0,5.0,1.0,4000.0,54000.0,4.980952380952381,92.0,5.0,92.0,40.0,64.0,4.212380952380952,0.4,96.0,56.0,40.0,11.0,34.0,208.0,18.742857142857144,0.3,0.5,10.0,0.2,41.0,1.8948571428571428,0.4738095238095238,2023.0
Basavanapura,08/23,0.2074281722,-0.04395604506,-0.510212183,-0.6053962708,5566.0,"D (Propagation of wild life,fisheries)",4.8,6.5,1059.0,6.0,1.0,5800.0,92000.0,6.466666666666667,116.0,5.0,116.0,52.0,56.0,3.846666666666666,0.4,124.0,68.0,14.0,15.0,44.0,720.0,20.8,0.22,0.5,12.0,0.21,41.0,1.816,0.4166666666666667,2023.0
Mangamanapalya,08/23,0.1523121921,-0.04296609139,-0.06245299582,-0.1844640325,4547.0,"D (Propagation of
wild life,fisheries)",4.3,7.3,1168.0,7.0,3.0,3100.0,92000.0,8.2,208.0,5.0,208.0,124.0,89.0,3.42,0.4,220.0,116.0,104.0,11.0,144.0,790.0,23.2,0.63,0.5,12.0,0.21,41.0,1.724,0.35,2023.0
Hoodi,08/23,0.1011409775,0.002633988501,-0.1473356427,-0.260486994,5560.0,"D (Propagation of wild life,fisheries)",5.3,7.1,1620.0,5.0,4.0,3300.0,35000.0,13.4,328.0,5.0,328.0,276.0,44.0,2.14,0.4,128.0,68.0,60.0,121.0,99.0,1102.0,30.4,0.49,0.5,7.0,0.25,41.0,1.448,0.15,2023.0
Rachenahalli,08/23,0.3165180021,-0.1455435973,-0.1006323572,-0.2192741304,4510.0,"E (Irrigation, industrial cooling and controlled waste)",3.1,7.1,1209.0,17.0,4.73,4600.0,92000.0,10.057142857142855,280.0,5.0,280.0,200.0,136.0,2.962857142857143,2.7,328.0,168.0,160.0,50.0,108.0,840.0,25.77142857142857,0.58,0.5,24.0,0.28,41.0,1.6254285714285714,0.2785714285714286,2023.0
Nagavara,08/23,0.3921970339,-0.1922286447,-0.6502916617,-0.7774619406,3626.0,"D (Propagation of wild life,fisheries)",6.1,7.1,640.0,4.0,2.45,2200.0,24000.0,9.561904761904762,144.0,5.0,144.0,104.0,41.0,3.084761904761905,0.4,172.0,92.0,80.0,26.0,60.0,446.0,25.085714285714285,0.2,0.5,13.0,0.2,41.0,1.6517142857142857,0.2976190476190476,2023.0
Herohalli,08/23,0.3336722587,-0.2256061046,-0.1401126377,-0.299945607,3598.0,"D (Propagation of wild life,fisheries)",4.2,7.6,1613.0,7.0,7.0,49000.0,350000.0,10.923809523809524,392.0,5.0,392.0,248.0,76.0,2.7495238095238097,0.91,348.0,180.0,168.0,28.0,159.0,1128.0,26.97142857142857,1.0,0.5,26.0,0.2,41.0,1.5794285714285714,0.2452380952380952,2023.0
Hebbal,08/23,0.2118351508,-0.1363121957,-0.04492958637,-0.1856606759,3625.0,"D (Propagation of wild life,fisheries)",4.2,7.0,750.0,11.0,2.2,4800.0,92000.0,9.066666666666666,212.0,5.0,212.0,116.0,107.0,3.206666666666667,0.93,200.0,108.0,92.0,12.0,74.0,510.0,24.4,0.31,0.5,9.0,0.34,41.0,1.678,0.3166666666666666,2023.0
Vibhuthipura,08/23,0.3139166092,-0.1645181597,-0.1576071927,-0.3347471527,4522.0,"E (Irrigation, industrial cooling and controlled waste)",1.8,7.7,767.0,15.0,2.0,4600.0,54000.0,12.780952380952382,180.0,5.0,180.0,104.0,128.0,2.2923809523809524,1.2,172.0,92.0,80.0,12.0,69.0,520.0,29.542857142857144,1.0,0.5,23.0,0.23,41.0,1.4808571428571429,0.1738095238095238,2023.0
Nallurahalli,08/23,0.1431568534,-0.05555719205,-0.0103567141,-0.171719426,4523.0,"D (Propagation of wild life,fisheries)",5.2,6.8,1571.0,6.0,4.0,310.0,16000.0,13.276190476190475,276.0,5.0,276.0,320.0,52.0,2.1704761904761907,0.4,344.0,176.0,168.0,28.0,116.0,1068.0,30.228571428571428,0.81,0.5,35.0,0.23,41.0,1.4545714285714286,0.1547619047619047,2023.0
Tubarahalli,08/23,0.1276852245,-0.1308626034,0.04916369424,-0.1571234838,3610.0,"D (Propagation of wild life,fisheries)",4.4,6.9,784.0,9.0,1.4,580.0,16000.0,12.038095238095238,236.0,5.0,236.0,212.0,104.0,2.4752380952380952,0.4,264.0,140.0,124.0,8.0,42.0,540.0,28.514285714285712,0.22,0.5,11.0,0.24,41.0,1.5202857142857142,0.2023809523809523,2023.0
Kundalahalli,08/23,0.1933499921,-0.1000437438,-0.0731153732,-0.1651617352,4516.0,"D (Propagation of wild life,fisheries)",4.8,7.0,1465.0,9.0,3.8,480.0,16000.0,12.16190476190476,280.0,5.0,280.0,268.0,116.0,2.444761904761905,0.4,412.0,212.0,200.0,18.0,143.0,998.0,28.685714285714283,1.45,0.5,19.0,0.25,41.0,1.5137142857142858,0.1976190476190476,2023.0
Varthur,08/23,0.2106745817,-0.07588478914,-0.4128790901,-0.5473111547,3608.0,"E (Irrigation, industrial cooling and controlled waste)",0.3,6.5,1157.0,52.0,3.0,17000000.0,24000000.0,12.904761904761903,320.0,5.0,320.0,164.0,340.0,2.261904761904762,20.0,232.0,120.0,112.0,31.0,82.0,786.0,29.714285714285715,0.35,0.5,24.0,0.23,41.0,1.4742857142857142,0.169047619047619,2023.0
Narasipura,08/23,0.3027530514,-0.1571112031,-0.3571246952,-0.5323934537,4509.0,"D (Propagation of wild life,fisheries)",6.5,6.9,589.0,4.0,2.26,7000.0,160000.0,9.933333333333334,132.0,5.0,132.0,96.0,44.0,2.9933333333333336,0.71,160.0,84.0,76.0,24.0,49.0,412.0,25.6,0.2,0.5,12.0,0.2,41.0,1.632,0.2833333333333333,2023.0
Narasipura,08/23,0.349903331,-0.145406217,-0.6406707959,-0.7475199786,4509.0,"D (Propagation of wild life,fisheries)",6.5,6.9,589.0,4.0,2.26,7000.0,160000.0,9.933333333333334,132.0,5.0,132.0,96.0,44.0,2.9933333333333336,0.71,160.0,84.0,76.0,24.0,49.0,412.0,25.6,0.2,0.5,12.0,0.2,41.0,1.632,0.2833333333333333,2023.0
Devarakere,09/23,0.3729781581,-0.2272195057,-0.08854916251,-0.4077800132,3634.0,"D (Propagation of wild life,fisheries)",6.4,6.5,280.0,4.0,1.284848484848485,16900.0,199800.0,3.0,96.0,5.0,96.0,16.0,42.0,3.1911764705882355,0.4,104.0,56.0,48.0,11.0,23.0,194.0,106.7,0.2,0.5,6.0,0.2,46.30303030303031,2.0454545454545454,0.0696969696969696,2023.0
Uttarahalli Doraikere,09/23,0.4322235104,-0.2301565552,-0.2870319021,-0.4857476003,3640.0,"D (Propagation of wild life,fisheries)",6.6,8.2,226.0,4.0,1.2678787878787878,29800.0,345600.0,3.0,72.0,5.0,72.0,24.0,40.0,2.8529411764705888,0.4,96.0,52.0,44.0,9.0,19.0,158.0,108.56,0.2,0.5,5.0,0.2,46.24242424242424,2.036363636363636,0.0657575757575757,2023.0
Hosakerehalli,09/23,0.3519684533,-0.2002237831,-0.491050968,-0.6416435066,4536.0,"D (Propagation of wild life,fisheries)",4.8,8.5,845.0,5.0,1.2735353535353535,25500.0,297000.0,3.0,184.0,12.0,196.0,120.0,52.0,2.965686274509803,0.4,248.0,128.0,120.0,34.0,78.0,592.0,107.94,0.26,0.5,17.0,0.3,46.26262626262626,2.0393939393939395,0.067070707070707,2023.0
Kempambudhi,09/23,0.372387511,-0.2108554062,-0.1724125359,-0.3733802462,3591.0,"D (Propagation of wild life,fisheries)",4.1,6.5,512.0,9.0,1.709090909090909,580.0,16000.0,3.0,136.0,5.0,136.0,28.0,84.0,11.647058823529411,0.96,136.0,72.0,64.0,10.0,49.0,348.0,60.2,1.0,0.5,6.0,0.31,47.81818181818182,2.2727272727272725,0.1681818181818181,2023.0
Nayandanahalli,09/23,0.2065013253,-0.2247448297,0.3988390026,0.2501904622,3596.0,"D (Propagation of wild life,fisheries)",5.8,7.9,648.0,4.0,1.2056565656565654,335.0,6350.0,3.0,168.0,3.0,168.0,80.0,44.0,1.6127450980392162,0.42,180.0,96.0,84.0,26.0,59.0,456.0,115.38,0.2,0.5,13.0,0.35,46.02020202020202,2.003030303030303,0.0513131313131313,2023.0
Sankey,09/23,0.2367115303,-0.184601199,0.5385607238,0.4299585869,3594.0,"D (Propagation of wild life,fisheries)",5.6,6.7,498.0,4.0,1.5054545454545454,630.0,5400.0,3.0,112.0,5.0,112.0,80.0,40.0,7.588235294117647,0.4,132.0,72.0,60.0,20.0,40.0,348.0,82.52,0.2,0.5,10.0,0.2,47.09090909090909,2.163636363636364,0.1209090909090909,2023.0
Ullalu,09/23,0.3442125239,-0.1336299481,-0.6116994529,-0.7682399147,4533.0,"E (Irrigation, industrial cooling and controlled waste)",3.1,6.9,708.0,16.0,1.4206060606060604,4000.0,35000.0,3.0,160.0,5.0,160.0,116.0,118.0,5.897058823529411,3.6,188.0,96.0,92.0,29.0,57.0,492.0,91.82,0.3,0.5,14.0,0.39,46.78787878787879,2.118181818181818,0.1012121212121212,2023.0
Yediyur,09/23,0.3396961477,-0.2751123802,0.1029334568,-0.177535479,3592.0,"D (Propagation of wild life,fisheries)",4.5,6.7,328.0,7.0,1.714747474747475,1700.0,24000.0,3.0,76.0,5.0,76.0,32.0,64.0,11.759803921568627,0.69,48.0,28.0,20.0,5.0,28.0,222.0,59.58,0.2,0.5,2.0,0.28,47.83838383838384,2.2757575757575754,0.1694949494949494,2023.0
Sompura,09/23,0.3270421405,-0.1111173994,-0.5144419326,-0.698409513,4534.0,"D (Propagation of wild life,fisheries)",4.6,8.4,1457.0,4.0,1.2565656565656569,38400.0,442800.0,3.0,308.0,5.0,324.0,180.0,48.0,2.6274509803921564,0.4,256.0,132.0,124.0,59.0,127.0,1030.0,109.8,0.29,0.5,29.0,0.66,46.2020202020202,2.0303030303030303,0.0631313131313131,2023.0
Bhattarahalli,09/23,0.229076093,-0.09040011855,0.1664002497,0.02076360693,4515.0,"D (Propagation of wild life,fisheries)",4.4,7.6,756.0,9.0,1.675151515151515,9400.0,160000.0,3.0,124.0,5.0,124.0,160.0,88.0,10.970588235294118,0.45,120.0,64.0,56.0,5.0,102.0,520.0,63.92,0.2,0.5,21.0,0.42,47.696969696969695,2.2545454545454544,0.1603030303030303,2023.0
Begur,09/23,0.454083839,-0.2390943867,0.03076577208,-0.1568104416,3619.0,"D (Propagation of wild life,fisheries)",4.2,7.1,522.0,12.0,1.6072727272727272,470.0,16000.0,3.0,148.0,5.0,148.0,80.0,119.0,9.617647058823527,0.9,140.0,76.0,64.0,8.0,52.0,356.0,71.36,0.22,0.5,7.0,0.26,47.45454545454545,2.2181818181818183,0.1445454545454545,2023.0
Yelahanka,09/23,0.261687238,-0.1882981164,0.3555619298,0.2863307144,3630.0,"D (Propagation of wild life,fisheries)",4.4,7.3,611.0,5.0,1.2282828282828282,480.0,3500.0,3.0,120.0,3.0,120.0,108.0,56.0,2.063725490196079,1.65,128.0,68.0,60.0,16.0,71.0,514.0,112.9,0.1,0.5,20.0,0.3,46.1010101010101,2.015151515151515,0.0565656565656565,2023.0
Singapura,09/23,0.2129242348,-0.07606425989,-0.1377418325,-0.3392566497,4508.0,"D (Propagation of wild life,fisheries)",4.1,7.0,538.0,5.0,1.448888888888889,4600.0,35000.0,3.0,116.0,5.0,116.0,76.0,64.0,6.46078431372549,0.4,160.0,88.0,72.0,8.0,51.0,370.0,88.72,0.2,0.5,5.0,0.2,46.888888888888886,2.1333333333333333,0.1077777777777777,2023.0
Bellandur,09/23,0.3078176077,-0.1548880688,-0.1669930557,-0.2995020533,3602.0,"E (Irrigation, industrial cooling and controlled waste)",0.3,6.8,1030.0,129.0,1.3583838383838382,3300000.0,24000000.0,3.0,400.0,5.0,400.0,124.0,434.0,4.656862745098039,9.9,372.0,192.0,180.0,14.0,93.0,704.0,98.64,2.0,0.5,22.0,0.31,46.56565656565657,2.084848484848485,0.0867676767676767,2023.0
Chikkabanavara,09/23,0.3393098328,-0.2270260201,0.1187898646,0.01981451127,4095.0,"D (Propagation of wild life,fisheries)",4.1,7.2,1597.0,9.0,1.692121212121212,460.0,16000.0,3.0,320.0,5.0,320.0,400.0,100.0,11.308823529411764,0.98,400.0,204.0,196.0,36.0,160.0,1086.0,62.06,0.49,0.5,21.0,0.28,47.75757575757576,2.263636363636364,0.1642424242424242,2023.0
Lalbagh,09/23,0.4954051885,-0.3369431095,0.2084487612,-0.1958673864,3590.0,"D (Propagation of wild life,fisheries)",4.1,6.8,545.0,10.0,1.7034343434343435,4600.0,35000.0,3.0,104.0,5.0,104.0,28.0,88.0,11.534313725490197,0.98,92.0,52.0,40.0,12.0,53.0,368.0,60.82,0.2,0.5,6.0,0.21,47.7979797979798,2.269696969696969,0.1668686868686868,2023.0
Soulkere,09/23,0.4250215628,-0.287153201,-0.2425345514,-0.501343073,5570.0,"D (Propagation of wild life,fisheries)",5.9,6.7,1200.0,5.0,1.3696969696969696,400.0,16000.0,3.0,44.0,5.0,44.0,40.0,40.0,4.882352941176471,0.45,76.0,44.0,32.0,5.0,30.0,152.0,97.4,2.7,0.5,5.0,0.2,46.60606060606061,2.090909090909091,0.0893939393939393,2023.0
Devarabeesanahalli,09/23,0.1395707477,-0.1899115747,0.3313072331,0.1549794486,4521.0,"D (Propagation of wild life,fisheries)",5.8,6.7,219.0,5.0,1.2113131313131311,410.0,9200.0,3.0,48.0,3.0,48.0,36.0,43.0,1.7254901960784306,0.44,80.0,44.0,36.0,8.0,31.0,160.0,114.76,0.23,0.5,8.0,0.2,46.04040404040404,2.006060606060606,0.0526262626262626,2023.0
Kaikondanahalli,09/23,0.2722312206,-0.1409048435,-0.03606140941,-0.1651972077,3611.0,"D (Propagation of wild life,fisheries)",5.8,7.2,1280.0,5.0,1.375353535353535,3100.0,92000.0,3.0,432.0,5.0,432.0,264.0,46.0,4.995098039215685,0.48,260.0,136.0,124.0,43.0,113.0,874.0,96.78,3.3,0.5,30.0,0.3,46.62626262626262,2.0939393939393938,0.0907070707070707,2023.0
Kasavanahalli,09/23,0.1523827412,-0.2074469614,0.4039796421,0.3340403511,4529.0,"D (Propagation of wild life,fisheries)",5.3,7.5,745.0,4.0,1.511111111111111,4600.0,54000.0,3.0,168.0,5.0,168.0,124.0,46.0,7.700980392156863,0.53,200.0,104.0,96.0,30.0,60.0,522.0,81.9,0.2,0.5,15.0,0.2,47.11111111111112,2.1666666666666665,0.1222222222222222,2023.0
Byrasandra,09/23,0.2539028583,-0.1468952106,-0.02704391699,-0.2138993734,3595.0,"D (Propagation of wild life,fisheries)",5.4,6.5,467.0,6.0,1.7373737373737377,4900.0,92000.0,3.0,72.0,5.0,72.0,68.0,56.0,12.21078431372549,0.98,88.0,48.0,40.0,18.0,46.0,316.0,57.1,0.43,0.5,4.0,0.26,47.91919191919192,2.287878787878788,0.1747474747474747,2023.0
Agaram,09/23,0.3518047631,-0.2504920558,0.3421199691,0.2306565031,3612.0,"D (Propagation of wild life,fisheries)",6.7,7.1,483.0,4.0,1.5563636363636364,330.0,16000.0,3.0,108.0,5.0,108.0,80.0,40.0,8.602941176470587,0.56,128.0,68.0,60.0,20.0,39.0,338.0,76.94,0.2,0.5,10.0,0.2,47.27272727272727,2.190909090909091,0.1327272727272727,2023.0
Ibbalur,09/23,0.2318715921,-0.1730928684,0.1685551113,0.01019367994,3609.0,"D (Propagation of wild life,fisheries)",6.6,7.0,485.0,4.0,1.5676767676767676,7000.0,92000.0,3.0,104.0,5.0,104.0,80.0,40.0,8.82843137254902,0.4,124.0,68.0,56.0,19.0,40.0,340.0,75.7,0.2,0.5,10.0,0.2,47.31313131313132,2.196969696969697,0.1353535353535353,2023.0
Puttenahalli,09/23,0.3892099605,-0.2306305223,0.02337734871,-0.2765287276,3614.0,"D (Propagation of wild life,fisheries)",4.3,7.1,510.0,11.0,1.5903030303030303,480.0,9200.0,3.0,144.0,5.0,144.0,76.0,115.0,9.279411764705882,0.87,136.0,76.0,60.0,8.0,51.0,348.0,73.22,0.21,0.5,6.0,0.24,47.39393939393939,2.209090909090909,0.1406060606060606,2023.0
Puttenahalli,09/23,0.3892099605,-0.2306305223,0.02337734871,-0.2765287276,3624.0,"D (Propagation of wild life,fisheries)",4.4,7.5,629.0,7.0,1.4715151515151514,490.0,5400.0,3.0,108.0,5.0,108.0,112.0,76.0,6.911764705882353,0.9,148.0,80.0,16.0,10.0,68.0,434.0,86.24000000000001,0.2,0.5,23.0,0.3,46.96969696969697,2.145454545454545,0.113030303030303,2023.0
Somasundrapalya,09/23,0.2896426272,-0.1650320598,0.2272606993,-0.01156326228,3622.0,"D (Propagation of wild life,fisheries)",4.1,7.2,1084.0,13.0,1.562020202020202,4000.0,35000.0,3.0,308.0,5.0,308.0,172.0,130.0,8.715686274509803,0.95,292.0,156.0,136.0,17.0,106.0,740.0,76.32,0.47,0.5,14.0,0.55,47.292929292929294,2.193939393939394,0.134040404040404,2023.0
Singasandra,09/23,0.3638682444,-0.1864065539,-0.1597678824,-0.405659944,3618.0,"D (Propagation of wild life,fisheries)",4.1,7.5,859.0,13.0,1.2395959595959596,2700.0,24000.0,3.0,244.0,3.0,244.0,132.0,125.0,2.2892156862745097,0.91,232.0,124.0,108.0,13.0,84.0,586.0,111.66,0.36,0.5,11.0,0.44,46.14141414141414,2.021212121212121,0.0591919191919191,2023.0
Singasandra,09/23,0.1968469472,-0.1160017318,0.008960300929,-0.194713087,3618.0,"D (Propagation of wild life,fisheries)",4.1,7.5,859.0,13.0,1.2395959595959596,2700.0,24000.0,3.0,244.0,3.0,244.0,132.0,125.0,2.2892156862745097,0.91,232.0,124.0,108.0,13.0,84.0,586.0,111.66,0.36,0.5,11.0,0.44,46.14141414141414,2.021212121212121,0.0591919191919191,2023.0
Parappana Agrahara,09/23,0.3046430354,-0.1279005829,0.03752077314,-0.2679072471,3620.0,"D (Propagation of wild life,fisheries)",4.1,7.5,862.0,13.0,1.6185858585858586,4800.0,160000.0,3.0,248.0,5.0,248.0,136.0,126.0,9.84313725490196,0.93,232.0,124.0,108.0,13.0,84.0,588.0,70.12,0.36,0.5,11.0,0.45,47.494949494949495,2.224242424242424,0.1471717171717171,2023.0
Basavanapura,09/23,0.1928094344,-0.08096895739,0.02706238716,-0.2006718093,4542.0,"D (Propagation of wild life,fisheries)",5.0,7.2,426.0,7.0,1.539393939393939,7000.0,92000.0,3.0,108.0,5.0,108.0,72.0,68.0,8.264705882352942,0.4,108.0,60.0,48.0,11.0,55.0,292.0,78.8,0.2,0.5,15.0,0.24,47.21212121212121,2.1818181818181817,0.1287878787878787,2023.0
Basavanapura,09/23,0.1928094344,-0.08096895739,0.02706238716,-0.2006718093,5566.0,"D (Propagation of wild life,fisheries)",5.4,6.5,434.0,4.0,1.6694949494949496,4800.0,92000.0,3.0,96.0,5.0,96.0,68.0,41.0,10.857843137254902,0.44,112.0,60.0,52.0,18.0,35.0,302.0,64.53999999999999,0.2,0.5,9.0,0.2,47.67676767676768,2.2515151515151515,0.158989898989899,2023.0
Arakere,09/23,0.4429187321,-0.2699528761,-0.124267586,-0.3551697101,3615.0,"D (Propagation of wild life,fisheries)",4.2,7.4,859.0,11.0,1.595959595959596,7900.0,160000.0,3.0,244.0,5.0,244.0,132.0,113.0,9.392156862745098,0.9,232.0,124.0,108.0,13.0,84.0,584.0,72.6,0.36,0.5,11.0,0.44,47.41414141414141,2.212121212121212,0.1419191919191919,2023.0
Gottigere,09/23,0.6393936133,-0.3660424929,-0.7592035133,-0.8743702246,3613.0,"D (Propagation of wild life,fisheries)",4.2,7.4,666.0,9.0,1.5337373737373736,3300.0,160000.0,3.0,164.0,5.0,164.0,148.0,88.0,8.151960784313726,0.97,108.0,60.0,48.0,5.0,75.0,458.0,79.42,0.2,0.5,52.0,0.2,47.19191919191919,2.1787878787878787,0.1274747474747474,2023.0
Doddakallasandra,09/23,0.1760674109,-0.09606672572,-0.2145475944,-0.3026693211,5567.0,"D (Propagation of wild life,fisheries)",4.3,7.6,791.0,11.0,1.578989898989899,2200.0,24000.0,3.0,224.0,5.0,224.0,120.0,110.0,9.053921568627452,0.85,212.0,112.0,100.0,12.0,78.0,538.0,74.46000000000001,0.33,0.5,10.0,0.4,47.35353535353536,2.203030303030303,0.1379797979797979,2023.0
Puttenahalli,09/23,0.3375582731,-0.1636952055,-0.391008509,-0.5414765411,3614.0,"D (Propagation of wild life,fisheries)",4.3,7.1,510.0,11.0,1.5903030303030303,480.0,9200.0,3.0,144.0,5.0,144.0,76.0,115.0,9.279411764705882,0.87,136.0,76.0,60.0,8.0,51.0,348.0,73.22,0.21,0.5,6.0,0.24,47.39393939393939,2.209090909090909,0.1406060606060606,2023.0
Puttenahalli,09/23,0.3375582731,-0.1636952055,-0.391008509,-0.5414765411,3624.0,"D (Propagation of wild life,fisheries)",4.4,7.5,629.0,7.0,1.4715151515151514,490.0,5400.0,3.0,108.0,5.0,108.0,112.0,76.0,6.911764705882353,0.9,148.0,80.0,16.0,10.0,68.0,434.0,86.24000000000001,0.2,0.5,23.0,0.3,46.96969696969697,2.145454545454545,0.113030303030303,2023.0
Chelekere,09/23,0.2259476823,-0.102916948,-0.3044550766,-0.4071871933,4507.0,"D (Propagation of wild life,fisheries)",4.3,7.3,533.0,7.0,1.4545454545454546,4000.0,54000.0,3.0,120.0,5.0,120.0,72.0,80.0,6.573529411764706,0.41,156.0,84.0,72.0,8.0,54.0,370.0,88.1,0.2,0.5,6.0,0.2,46.90909090909091,2.136363636363636,0.109090909090909,2023.0
Agaram,09/23,0.2795692726,-0.1457826395,0.08444084115,-0.06940044455,3612.0,"D (Propagation of wild life,fisheries)",6.7,7.1,483.0,4.0,1.5563636363636364,330.0,16000.0,3.0,108.0,5.0,108.0,80.0,40.0,8.602941176470587,0.56,128.0,68.0,60.0,20.0,39.0,338.0,76.94,0.2,0.5,10.0,0.2,47.27272727272727,2.190909090909091,0.1327272727272727,2023.0
Kalkere,09/23,0.3043386499,-0.1468236979,-0.1727510816,-0.272465787,3607.0,"D (Propagation of wild life,fisheries)",4.1,7.8,840.0,11.0,1.5507070707070707,1700.0,24000.0,3.0,212.0,5.0,212.0,188.0,110.0,8.490196078431373,0.88,228.0,120.0,108.0,8.0,91.0,570.0,77.56,1.3,0.5,23.0,0.43,47.25252525252525,2.187878787878788,0.1314141414141414,2023.0
Rampura,09/23,0.2769172261,-0.09559906719,-0.4467682065,-0.5865196855,4519.0,"E (Irrigation, industrial cooling and controlled waste)",0.3,6.5,1645.0,30.0,1.545050505050505,27000.0,240000.0,3.0,452.0,5.0,452.0,200.0,200.0,8.377450980392156,40.7,280.0,144.0,136.0,10.0,98.0,1122.0,78.18,3.8,0.5,31.0,0.39,47.23232323232323,2.1848484848484846,0.1301010101010101,2023.0
Allalasandra,09/23,0.3718338889,-0.2443261147,-0.03233959521,-0.2670017791,3629.0,"E (Irrigation, industrial cooling and controlled waste)",3.2,8.0,498.0,12.0,1.414949494949495,23000.0,240000.0,3.0,80.0,5.0,142.0,88.0,112.0,5.784313725490196,2.9,100.0,56.0,44.0,17.0,61.0,342.0,92.44,0.3,0.5,18.0,0.2,46.76767676767677,2.1151515151515152,0.0998989898989898,2023.0
Shivapura,09/23,0.2805986151,-0.1376338414,-0.3428368326,-0.531871629,3600.0,"E (Irrigation, industrial cooling and controlled waste)",1.4,6.8,2040.0,30.0,1.6864646464646464,3400.0,54000.0,3.0,192.0,5.0,192.0,400.0,196.0,11.196078431372548,15.28,388.0,200.0,188.0,78.0,156.0,1386.0,62.68,0.27,0.5,21.0,0.31,47.73737373737374,2.2606060606060603,0.1629292929292929,2023.0
Kogilu,09/23,0.215467072,-0.1051847572,-0.2042444478,-0.2606509634,4511.0,"D (Propagation of wild life,fisheries)",4.7,7.2,504.0,5.0,1.4319191919191918,490.0,16000.0,3.0,132.0,5.0,132.0,84.0,63.0,6.122549019607843,0.4,180.0,92.0,88.0,8.0,49.0,350.0,90.58,0.2,0.5,5.0,0.2,46.82828282828283,2.124242424242424,0.1038383838383838,2023.0
Basavanapura,09/23,0.2458371058,-0.156487174,0.1945732015,-0.06326693657,4542.0,"D (Propagation of wild life,fisheries)",5.0,7.2,426.0,7.0,1.539393939393939,7000.0,92000.0,3.0,108.0,5.0,108.0,72.0,68.0,8.264705882352942,0.4,108.0,60.0,48.0,11.0,55.0,292.0,78.8,0.2,0.5,15.0,0.24,47.21212121212121,2.1818181818181817,0.1287878787878787,2023.0
Basavanapura,09/23,0.2458371058,-0.156487174,0.1945732015,-0.06326693657,5566.0,"D (Propagation of wild life,fisheries)",5.4,6.5,434.0,4.0,1.6694949494949496,4800.0,92000.0,3.0,96.0,5.0,96.0,68.0,41.0,10.857843137254902,0.44,112.0,60.0,52.0,18.0,35.0,302.0,64.53999999999999,0.2,0.5,9.0,0.2,47.67676767676768,2.2515151515151515,0.158989898989899,2023.0
Mangamanapalya,09/23,0.1861191095,-0.1106133832,-0.06357929401,-0.1616460179,4547.0,"D (Propagation of wild life,fisheries)",4.1,7.2,1080.0,13.0,1.5733333333333333,4300.0,54000.0,3.0,304.0,5.0,304.0,168.0,129.0,8.941176470588236,0.94,292.0,152.0,140.0,17.0,106.0,734.0,75.08,0.46,0.5,13.0,0.55,47.333333333333336,2.2,0.1366666666666666,2023.0
Hoodi,09/23,0.1760938375,-0.06540611124,-0.1286041053,-0.2981373869,5560.0,"D (Propagation of wild life,fisheries)",4.5,7.2,627.0,8.0,1.3414141414141414,490.0,16000.0,3.0,108.0,5.0,108.0,100.0,96.0,4.318627450980392,0.4,136.0,76.0,60.0,26.0,78.0,426.0,100.5,1.0,0.5,20.0,0.23,46.505050505050505,2.075757575757576,0.0828282828282828,2023.0
Rachenahalli,09/23,0.3343267493,-0.1813472452,-0.01810493054,-0.144010354,4510.0,"D (Propagation of wild life,fisheries)",4.5,8.1,429.0,6.0,1.4375757575757575,2200.0,24000.0,3.0,128.0,5.0,128.0,80.0,74.0,6.235294117647059,0.4,172.0,88.0,84.0,8.0,40.0,296.0,89.96000000000001,0.2,0.5,4.0,0.2,46.84848484848485,2.127272727272727,0.1051515151515151,2023.0
Nagavara,09/23,0.3166811401,-0.1977768147,-0.1215125208,-0.2758270174,3626.0,"D (Propagation of wild life,fisheries)",4.4,7.2,491.0,6.0,1.4602020202020205,480.0,9200.0,3.0,108.0,5.0,108.0,76.0,76.0,6.686274509803922,0.4,148.0,76.0,72.0,7.0,49.0,338.0,87.47999999999999,0.2,0.5,6.0,0.2,46.92929292929293,2.139393939393939,0.1104040404040404,2023.0
Hebbal,09/23,0.2842721389,-0.1887172173,-0.03091527477,-0.134614653,3625.0,"D (Propagation of wild life,fisheries)",4.3,7.4,609.0,8.0,1.4658585858585855,1200.0,16000.0,3.0,112.0,5.0,108.0,96.0,80.0,6.799019607843137,0.89,104.0,56.0,48.0,10.0,67.0,414.0,86.86,0.2,0.5,20.0,0.3,46.94949494949495,2.1424242424242426,0.1117171717171717,2023.0
Vibhuthipura,09/23,0.3431455323,-0.2088717215,0.02253134697,-0.2609954798,4522.0,"D (Propagation of wild life,fisheries)",5.2,7.2,639.0,7.0,1.3866666666666667,310.0,9200.0,3.0,100.0,5.0,100.0,60.0,60.0,5.220588235294118,0.4,108.0,60.0,48.0,20.0,49.0,434.0,95.54,1.15,0.5,8.0,0.2,46.66666666666666,2.1,0.0933333333333333,2023.0
Nallurahalli,09/23,0.182522159,-0.08781660886,-0.0336361426,-0.2075059949,4523.0,"D (Propagation of wild life,fisheries)",5.4,7.8,520.0,6.0,1.347070707070707,7000.0,92000.0,3.0,92.0,5.0,92.0,80.0,72.0,4.431372549019608,0.4,116.0,64.0,52.0,12.0,49.0,352.0,99.88,0.42,0.5,14.0,0.24,46.525252525252526,2.078787878787878,0.0841414141414141,2023.0
Tubarahalli,09/23,0.1464169214,-0.1225512899,0.03903172119,-0.08983226695,3610.0,"D (Propagation of wild life,fisheries)",4.6,7.5,1025.0,8.0,1.3187878787878788,7000.0,92000.0,3.0,152.0,5.0,152.0,188.0,96.0,3.867647058823529,0.4,224.0,120.0,104.0,25.0,115.0,682.0,102.98,2.0,0.5,16.0,0.22,46.42424242424242,2.0636363636363635,0.0775757575757575,2023.0
Chinnappanahalli,09/23,0.06062469787,-0.03331314194,-0.0520961935,-0.05652097996,4520.0,"D (Propagation of wild life,fisheries)",5.7,8.1,547.0,5.0,1.4036363636363636,2700.0,24000.0,3.0,116.0,5.0,116.0,104.0,46.0,5.5588235294117645,0.44,124.0,68.0,56.0,6.0,102.0,370.0,93.68,0.29,0.5,13.0,0.34,46.72727272727273,2.109090909090909,0.0972727272727272,2023.0
Kundalahalli,09/23,0.180722723,-0.1761951089,0.2232726333,0.1008549658,4516.0,"E (Irrigation, industrial cooling and controlled waste)",2.9,7.3,1556.0,17.0,1.62989898989899,470.0,16000.0,3.0,356.0,5.0,356.0,260.0,160.0,10.068627450980392,4.8,416.0,212.0,204.0,63.0,124.0,1090.0,68.88,0.58,0.5,31.0,0.24,47.535353535353536,2.23030303030303,0.1497979797979798,2023.0
Varthur,09/23,0.2140687468,-0.1384265548,-0.2810136514,-0.4213344242,3608.0,"D (Propagation of wild life,fisheries)",5.6,6.8,769.0,7.0,1.397979797979798,2300.0,350000.0,3.0,204.0,5.0,204.0,84.0,68.0,5.446078431372549,0.45,236.0,124.0,112.0,59.0,81.0,524.0,94.3,1.33,0.5,11.0,0.21,46.70707070707071,2.106060606060606,0.0959595959595959,2023.0
Narasipura,09/23,0.2788996317,-0.1720182849,-0.2947572877,-0.4234885718,4509.0,"D (Propagation of wild life,fisheries)",4.6,7.1,518.0,7.0,1.4432323232323232,4300.0,92000.0,3.0,124.0,5.0,124.0,68.0,80.0,6.348039215686274,0.4,168.0,92.0,76.0,8.0,50.0,360.0,89.34,0.2,0.5,5.0,0.2,46.86868686868687,2.1303030303030304,0.1064646464646464,2023.0
Narasipura,09/23,0.4070879729,-0.2011585446,-0.6478310738,-0.7684595693,4509.0,"D (Propagation of wild life,fisheries)",4.6,7.1,518.0,7.0,1.4432323232323232,4300.0,92000.0,3.0,124.0,5.0,124.0,68.0,80.0,6.348039215686274,0.4,168.0,92.0,76.0,8.0,50.0,360.0,89.34,0.2,0.5,5.0,0.2,46.86868686868687,2.1303030303030304,0.1064646464646464,2023.0
Devarakere,10/23,0.2860978346,-0.173449144,-0.1483496561,-0.3155895473,3634.0,"D (Propagation of wild life,fisheries)",5.8,6.5,376.0,5.0,1.1,5800.0,92000.0,3.0,84.0,5.0,84.0,20.0,48.0,8.567241379310344,0.51,104.0,56.0,48.0,7.0,20.0,254.0,105.02183406113537,0.29,0.5,3.0,0.2,28.0,1.5,0.91,2023.0
Uttarahalli Doraikere,10/23,0.4442043434,-0.2389350794,-0.2831927269,-0.4836789334,3640.0,"E (Irrigation, industrial cooling and controlled waste)",1.2,7.3,321.0,15.0,1.29,22000.0,240000.0,3.0,76.0,5.0,76.0,24.0,120.0,8.645258620689654,3.1,88.0,48.0,40.0,10.0,15.0,218.0,103.58951965065502,0.2,0.5,2.0,0.2,26.0,1.4,0.05,2023.0
Herohalli,10/23,0.2269540406,-0.1265581188,-0.3471737805,-0.4740500526,3598.0,"D (Propagation of wild life,fisheries)",6.0,7.0,423.0,5.0,2.0,4700.0,92000.0,3.0,92.0,5.0,92.0,48.0,48.0,7.592025862068965,0.48,140.0,76.0,64.0,12.0,37.0,290.0,122.92576419213974,0.4,0.5,12.0,0.2,22.0,1.0,0.92,2023.0
Hosakerehalli,10/23,0.3256347123,-0.1616545528,-0.5255940172,-0.6593617339,4536.0,"D (Propagation of wild life,fisheries)",5.3,7.6,698.0,6.0,2.0,4900.0,160000.0,3.0,196.0,5.0,80.0,72.0,56.0,8.60625,0.44,176.0,92.0,84.0,28.0,53.0,476.0,104.3056768558952,0.63,0.5,4.0,0.34,38.0,1.5,1.93,2023.0
Kempambudhi,10/23,0.3708419415,-0.1950263416,-0.181884305,-0.352323355,3591.0,"E (Irrigation, industrial cooling and controlled waste)",2.1,7.9,362.0,22.0,1.38,7900.0,35000.0,3.0,80.0,5.0,60.0,56.0,160.0,10.127586206896552,3.8,96.0,52.0,44.0,15.0,33.0,252.0,76.37554585152839,0.41,0.5,7.0,0.2,41.0,1.5,0.98,2023.0
Nayandanahalli,10/23,0.1839916653,-0.1819531194,0.07680942477,-0.02376346411,3596.0,"D (Propagation of wild life,fisheries)",5.2,7.9,872.0,6.0,4.0,4600.0,35000.0,3.0,204.0,5.0,204.0,132.0,52.0,8.723275862068965,0.4,220.0,116.0,104.0,14.0,78.0,594.0,102.15720524017468,1.1,0.5,5.0,0.3,42.0,2.29,3.39,2023.0
Sankey,10/23,0.1543081694,-0.1606145595,0.1968171587,0.1026850256,3594.0,"D (Propagation of wild life,fisheries)",5.1,7.7,562.0,4.0,2.0,49.0,1600.0,3.0,132.0,5.0,132.0,72.0,44.0,7.6700431034482754,0.48,140.0,76.0,64.0,28.0,51.0,386.0,121.4934497816594,0.15,0.5,8.0,0.3,42.0,2.0,0.35,2023.0
Ullalu,10/23,0.2872089672,-0.1057002864,-0.5910212922,-0.7038809763,4533.0,"E (Irrigation, industrial cooling and controlled waste)",3.2,6.6,972.0,17.0,3.0,4100.0,35000.0,3.0,116.0,5.0,116.0,48.0,116.0,10.71271551724138,5.8,396.0,204.0,192.0,64.0,401.0,662.0,65.63318777292577,1.0,0.5,16.0,0.22,17.0,1.2,4.0,2023.0
Yediyur,10/23,0.3386433614,-0.2692325562,0.05192186523,-0.1926316997,3592.0,"D (Propagation of wild life,fisheries)",6.8,8.4,261.0,4.0,0.9,840.0,16000.0,24.0,48.0,12.0,60.0,36.0,43.0,10.166594827586207,0.61,52.0,28.0,24.0,9.0,20.0,162.0,75.6593886462882,0.2,0.5,5.0,0.2,43.0,1.4,0.05,2023.0
Sompura,10/23,0.3074377117,-0.1095675979,-0.5288808073,-0.6790100178,4534.0,"E (Irrigation, industrial cooling and controlled waste)",3.5,7.0,462.0,17.0,2.0,4800.0,35000.0,3.0,136.0,5.0,136.0,28.0,120.0,11.141810344827586,4.7,100.0,56.0,44.0,16.0,44.0,318.0,57.75545851528384,0.48,0.5,13.0,0.2,45.0,2.0,0.58,2023.0
Bhattarahalli,10/23,0.2267692976,-0.1301124097,0.2197018325,0.03090495999,4515.0,"D (Propagation of wild life,fisheries)",6.1,8.0,758.0,4.0,3.0,460.0,5400.0,3.0,120.0,5.0,120.0,148.0,44.0,10.79073275862069,0.4,144.0,80.0,64.0,20.0,92.0,516.0,64.2008733624454,0.2,0.5,17.0,0.51,55.0,3.0,0.49,2023.0
Begur,10/23,0.3317891721,-0.1836723286,-0.1948053522,-0.3199868093,3619.0,"D (Propagation of wild life,fisheries)",4.1,7.7,791.0,9.0,3.0,9400.0,92000.0,3.0,144.0,5.0,144.0,132.0,84.0,10.361637931034483,0.99,100.0,56.0,44.0,6.0,71.0,538.0,72.07860262008734,0.2,0.5,6.0,0.35,58.0,3.0,0.05,2023.0
Yelahanka,10/23,0.2774498654,-0.192352723,0.1007270119,0.005554754219,3630.0,"D (Propagation of wild life,fisheries)",6.1,7.5,407.0,4.0,1.0,430.0,5400.0,3.0,88.0,5.0,88.0,52.0,40.0,11.609913793103448,0.4,136.0,72.0,64.0,15.0,36.0,274.0,49.16157205240175,0.31,0.5,11.0,0.2,34.0,2.15,0.95,2023.0
Singapura,10/23,0.2107257362,-0.07634287492,-0.1855013346,-0.3467552094,4508.0,"D (Propagation of wild life,fisheries)",5.8,7.6,408.0,5.0,1.0,3400.0,35000.0,3.0,80.0,5.0,80.0,56.0,60.0,11.375862068965516,0.4,140.0,76.0,64.0,19.0,37.0,278.0,53.45851528384279,0.31,0.5,11.0,0.2,34.0,2.0,0.96,2023.0
Bellandur,10/23,0.3139702803,-0.1642132359,-0.2882723333,-0.4138347673,3602.0,"E (Irrigation, industrial cooling and controlled waste)",1.9,7.1,997.0,51.0,4.0,340000.0,2400000.0,3.0,344.0,5.0,344.0,92.0,212.0,9.50344827586207,14.6,320.0,164.0,156.0,31.0,66.0,686.0,87.83406113537117,0.6,0.5,26.0,0.3,29.0,2.0,1.27,2023.0
Abbigere,10/23,0.2950105889,-0.1018107279,-0.5070717737,-0.6543184802,4506.0,"D (Propagation of wild life,fisheries)",4.6,7.0,840.0,8.0,3.0,580.0,9200.0,3.0,256.0,5.0,256.0,148.0,77.0,8.957327586206898,0.95,220.0,116.0,104.0,19.0,85.0,574.0,97.86026200873364,0.2,0.5,35.0,0.2,41.0,2.5,0.5,2023.0
Kammagondanahalli,10/23,0.2907179278,-0.1016409183,-0.4967854308,-0.6264177145,4540.0,"E (Irrigation, industrial cooling and controlled waste)",2.5,7.8,550.0,18.0,1.8,40000.0,540000.0,3.0,180.0,5.0,180.0,72.0,120.0,9.035344827586208,2.2,168.0,88.0,35.0,17.0,55.0,378.0,96.42794759825328,0.5,0.5,32.0,0.2,40.0,1.85,1.4,2023.0
Chikkabanavara,10/23,0.3248856673,-0.2274841546,0.0310386888,-0.05942738625,4095.0,"D (Propagation of wild life,fisheries)",4.7,6.8,785.0,8.0,3.0,330.0,16000.0,3.0,216.0,5.0,216.0,156.0,72.0,8.91831896551724,0.83,196.0,104.0,92.0,18.0,84.0,544.0,98.5764192139738,0.2,0.5,35.0,0.22,43.0,18.0,0.4,2023.0
Lalbagh,10/23,0.3246693448,-0.227639934,-0.01299196348,-0.1873720882,3590.0,"D (Propagation of wild life,fisheries)",4.2,8.6,403.0,8.0,1.6,2200.0,24000.0,3.0,96.0,5.0,96.0,68.0,76.0,10.63469827586207,0.65,104.0,56.0,48.0,12.0,35.0,274.0,67.06550218340611,0.2,0.5,4.0,0.26,40.0,1.3,0.05,2023.0
Soulkere,10/23,0.3777091048,-0.2494426277,-0.384589899,-0.5223403485,5570.0,"D (Propagation of wild life,fisheries)",6.0,7.8,641.0,5.0,3.0,1300.0,24000.0,3.0,144.0,5.0,144.0,92.0,48.0,9.698491379310344,0.4,112.0,60.0,52.0,18.0,81.0,442.0,84.2532751091703,0.2,0.5,25.0,0.39,55.0,3.0,0.11,2023.0
Devarabeesanahalli,10/23,0.1391319764,-0.1993540553,0.1901738283,0.001268373079,4521.0,"D (Propagation of wild life,fisheries)",4.4,7.9,679.0,6.0,3.0,7000.0,92000.0,3.0,136.0,5.0,136.0,100.0,56.0,9.7375,0.4,124.0,68.0,56.0,19.0,82.0,468.0,83.53711790393012,0.2,0.5,34.0,0.31,51.0,3.0,0.07,2023.0
Kaikondanahalli,10/23,0.2643677306,-0.1477201118,-0.08266943035,-0.1903953142,3611.0,"E (Irrigation, industrial cooling and controlled waste)",3.3,8.0,840.0,12.0,3.0,9400.0,160000.0,3.0,152.0,5.0,152.0,140.0,108.0,10.283620689655171,2.1,184.0,96.0,88.0,29.0,71.0,570.0,73.51091703056768,0.72,0.5,6.0,0.2,44.0,2.3,2.23,2023.0
Kasavanahalli,10/23,0.1390142476,-0.2267991609,0.29205854,0.1394552336,4529.0,"D (Propagation of wild life,fisheries)",5.8,8.0,728.0,5.0,3.0,4900.0,24000.0,3.0,144.0,5.0,144.0,128.0,60.0,10.088577586206895,0.4,108.0,60.0,48.0,6.0,86.0,492.0,77.09170305676855,0.2,0.5,56.0,0.32,51.0,4.0,0.38,2023.0
Byrasandra,10/23,0.3113791422,-0.1668737551,-0.129996037,-0.2927641618,3595.0,"D (Propagation of wild life,fisheries)",5.1,6.9,500.0,7.0,2.0,4300.0,92000.0,3.0,116.0,5.0,116.0,36.0,88.0,11.804956896551724,0.4,132.0,72.0,60.0,25.0,39.0,338.0,45.58078602620088,0.52,0.5,13.0,0.2,36.0,1.4,1.42,2023.0
Agaram,10/23,0.2541565808,-0.2492440597,0.1490920537,-0.004215402408,3612.0,"D (Propagation of wild life,fisheries)",4.1,7.2,620.0,9.0,3.0,2200.0,24000.0,3.0,100.0,5.0,100.0,112.0,80.0,10.400646551724138,0.85,124.0,68.0,56.0,14.0,53.0,422.0,71.36244541484716,0.48,0.5,6.0,0.31,46.0,2.0,1.48,2023.0
Ibbalur,10/23,0.2033187231,-0.1550477837,-0.01611394242,-0.1193678781,3609.0,"D (Propagation of wild life,fisheries)",6.1,7.6,595.0,4.0,2.0,410.0,16000.0,3.0,100.0,5.0,100.0,100.0,40.0,9.854525862068964,0.4,124.0,68.0,56.0,12.0,75.0,402.0,81.3886462882096,0.6,0.5,10.0,0.24,54.0,3.2,2.0,2023.0
Puttenahalli,10/23,0.286943633,-0.1958920121,-0.1083807799,-0.262242894,3614.0,"D (Propagation of wild life,fisheries)",5.7,7.0,346.0,5.0,1.0,3100.0,35000.0,3.0,88.0,5.0,88.0,88.0,52.0,9.776508620689654,0.4,104.0,60.0,44.0,18.0,71.0,302.0,82.82096069868996,0.28,0.5,20.0,0.27,54.0,3.0,0.78,2023.0
Puttenahalli,10/23,0.286943633,-0.1958920121,-0.1083807799,-0.262242894,3624.0,"D (Propagation of wild life,fisheries)",5.2,7.5,497.0,6.0,2.0,700.0,16000.0,3.0,112.0,5.0,112.0,56.0,56.0,11.726939655172414,0.41,124.0,68.0,56.0,14.0,33.0,338.0,47.01310043668122,0.34,0.5,2.0,0.2,35.0,1.0,0.77,2023.0
Somasundrapalya,10/23,0.2166862207,-0.1309394014,0.07771742587,-0.07351810877,3622.0,"D (Propagation of wild life,fisheries)",5.2,7.7,794.0,6.0,3.0,4800.0,35000.0,3.0,144.0,5.0,105.33333333333331,97.33333333333331,56.0,10.439655172413794,0.72,96.0,52.0,44.0,5.0,69.0,540.0,70.64628820960698,0.2,0.5,6.0,0.36,58.0,3.0,0.05,2023.0
Singasandra,10/23,0.358943473,-0.1974944194,-0.1533784145,-0.3477671558,3618.0,"D (Propagation of wild life,fisheries)",4.1,7.5,859.0,13.0,2.5,2700.0,24000.0,3.0,244.0,5.0,244.0,132.0,125.0,10.673706896551725,0.91,232.0,124.0,108.0,13.0,84.0,586.0,66.34934497816593,0.36,0.5,11.0,0.44,28.5,1.25,2.025,2023.0
Singasandra,10/23,0.1813061656,-0.1049448918,-0.03044966821,-0.2131960645,3618.0,"D (Propagation of wild life,fisheries)",4.1,7.5,859.0,13.0,2.5,2700.0,24000.0,3.0,244.0,5.0,244.0,132.0,125.0,10.673706896551725,0.91,232.0,124.0,108.0,13.0,84.0,586.0,66.34934497816593,0.36,0.5,11.0,0.44,28.5,1.25,2.025,2023.0
Parappana Agrahara,10/23,0.3070510448,-0.2058977268,0.02870795231,-0.2198702119,3620.0,"D (Propagation of wild life,fisheries)",5.5,8.2,800.0,6.0,3.0,3100.0,35000.0,3.0,136.0,5.0,136.0,120.0,72.0,9.932543103448277,0.4,176.0,96.0,80.0,31.0,84.0,540.0,79.95633187772926,0.31,0.5,22.0,0.25,47.0,3.0,0.89,2023.0
Basavanapura,10/23,0.2049726176,-0.1135576207,-0.03356045992,-0.213916696,4542.0,"D (Propagation of wild life,fisheries)",5.7,6.5,540.0,5.0,2.0,4300.0,92000.0,3.0,124.0,5.0,124.0,68.0,64.0,10.010560344827589,0.49,132.0,72.0,60.0,12.0,52.0,372.0,78.52401746724891,0.91,0.5,13.0,0.2,43.0,2.0,3.0,2023.0
Basavanapura,10/23,0.2049726176,-0.1135576207,-0.03356045992,-0.213916696,5566.0,"D (Propagation of wild life,fisheries)",5.4,7.0,406.0,6.0,1.0,230.0,16000.0,3.0,104.0,5.0,104.0,52.0,56.0,10.86875,0.4,88.0,52.0,36.0,18.0,48.0,274.0,62.76855895196506,0.57,0.5,10.0,0.3,51.0,2.0,2.0,2023.0
Arakere,10/23,0.377085637,-0.2480690603,-0.008705110937,-0.2044304828,3615.0,"D (Propagation of wild life,fisheries)",4.2,7.6,786.0,8.0,3.0,6300.0,54000.0,3.0,176.0,5.0,110.66666666666669,82.66666666666667,88.0,10.478663793103449,0.89,180.0,96.0,84.0,9.333333333333334,69.0,534.0,69.93013100436681,0.56,0.5,5.0,0.39,44.0,2.0,1.72,2023.0
Gottigere,10/23,0.3695305066,-0.1547320076,-0.6925299666,-0.7878761433,3613.0,"E (Irrigation, industrial cooling and controlled waste)",2.8,6.5,480.0,14.0,2.0,1700.0,24000.0,3.0,136.0,5.0,136.0,68.0,124.0,10.595689655172414,6.8,116.0,64.0,52.0,10.0,35.0,326.0,67.78165938864629,0.45,0.5,4.0,0.31,38.0,136.0,1.39,2023.0
Doddakallasandra,10/23,0.2376669959,-0.1604027436,-0.1989787369,-0.3688981726,5567.0,"D (Propagation of wild life,fisheries)",6.0,7.4,572.0,4.0,2.0,460.0,5400.0,3.0,112.0,5.0,112.0,68.0,40.0,9.65948275862069,0.4,84.0,48.0,36.0,18.0,51.0,388.0,84.96943231441048,0.2,0.5,18.0,0.26,51.0,2.0,0.05,2023.0
Puttenahalli,10/23,0.3196561405,-0.1770361239,-0.4228048176,-0.5418953731,3614.0,"D (Propagation of wild life,fisheries)",5.7,7.0,346.0,5.0,1.0,3100.0,35000.0,3.0,88.0,5.0,88.0,88.0,52.0,9.776508620689654,0.4,104.0,60.0,44.0,18.0,71.0,302.0,82.82096069868996,0.28,0.5,20.0,0.27,54.0,3.0,0.78,2023.0
Puttenahalli,10/23,0.3196561405,-0.1770361239,-0.4228048176,-0.5418953731,3624.0,"D (Propagation of wild life,fisheries)",5.2,7.5,497.0,6.0,2.0,700.0,16000.0,3.0,112.0,5.0,112.0,56.0,56.0,11.726939655172414,0.41,124.0,68.0,56.0,14.0,33.0,338.0,47.01310043668122,0.34,0.5,2.0,0.2,35.0,1.0,0.77,2023.0
Chelekere,10/23,0.2513221356,-0.1358089589,-0.364664886,-0.4746473489,4507.0,"D (Propagation of wild life,fisheries)",6.0,7.5,412.0,4.0,1.0,4900.0,54000.0,3.0,88.0,5.0,88.0,56.0,40.0,11.492887931034485,0.4,120.0,68.0,52.0,16.0,35.0,282.0,51.31004366812227,0.29,0.5,10.0,0.2,36.0,1.5,0.74,2023.0
Agaram,10/23,0.304843759,-0.1788492516,0.1376601115,-0.05225639497,3612.0,"D (Propagation of wild life,fisheries)",4.1,7.2,620.0,9.0,3.0,2200.0,24000.0,3.0,100.0,5.0,100.0,112.0,80.0,10.400646551724138,0.85,124.0,68.0,56.0,14.0,53.0,422.0,71.36244541484716,0.48,0.5,6.0,0.31,46.0,2.0,1.48,2023.0
Kalkere,10/23,0.3206015559,-0.1539571983,-0.1950704433,-0.3014881371,3607.0,"E (Irrigation, industrial cooling and controlled waste)",2.8,6.7,866.0,15.0,3.32,4600.0,35000.0,3.0,200.0,5.0,200.0,144.0,139.0,9.386422413793102,2.6,232.0,120.0,112.0,35.0,79.0,604.0,89.9825327510917,0.42,0.5,17.0,0.2,40.0,2.2,0.96,2023.0
Rampura,10/23,0.3156821479,-0.1353595082,-0.5001207516,-0.6309430976,4519.0,"E (Irrigation, industrial cooling and controlled waste)",0.3,7.3,1457.0,77.0,5.59,170000.0,2400000.0,3.0,336.0,5.0,336.0,244.0,320.0,9.347413793103447,18.1,400.0,204.0,196.0,59.0,117.0,1022.0,90.69868995633188,1.4,0.5,29.0,0.24,37.0,2.5,3.6,2023.0
Dasarahalli,10/23,0.3245374375,-0.1914865487,0.03104269092,-0.1475472284,3606.0,"E (Irrigation, industrial cooling and controlled waste)",2.6,6.7,602.0,18.0,1.5,4900.0,160000.0,3.0,164.0,5.0,164.0,120.0,118.0,9.07435344827586,2.05,176.0,92.0,84.0,19.0,48.0,410.0,95.7117903930131,0.5,0.5,31.0,0.2,33.0,1.57,1.32,2023.0
Doddabidarakallu,10/23,0.3886587435,-0.1877192699,-0.6489056604,-0.78370584,4539.0,"E (Irrigation, industrial cooling and controlled waste)",2.4,6.7,2191.0,17.0,12.0,2300.0,24000.0,3.0,508.0,5.0,508.0,268.0,116.0,9.113362068965518,1.9,996.0,504.0,492.0,92.0,340.0,1492.0,94.99563318777292,0.5,0.5,32.0,0.2,41.0,4.7,1.1,2023.0
Allalasandra,10/23,0.3436830499,-0.2371643967,-0.00289163629,-0.2442302972,3629.0,"E (Irrigation, industrial cooling and controlled waste)",3.2,6.6,592.0,20.0,2.0,4700.0,54000.0,3.0,88.0,5.0,88.0,108.0,152.0,11.648922413793104,2.2,136.0,76.0,60.0,14.0,66.0,400.0,48.44541484716157,0.8,0.5,27.0,0.2,0.53,1.3,2.47,2023.0
Andhrahalli,10/23,0.1190585437,-0.05111435345,-0.01644034289,-0.1473470656,4096.0,"E (Irrigation, industrial cooling and controlled waste)",0.5,6.7,1185.0,39.0,5.0,46000.0,350000.0,3.0,228.0,5.0,228.0,252.0,200.0,7.63103448275862,14.3,248.0,128.0,120.0,23.0,96.0,816.0,122.20960698689956,2.0,0.5,35.0,0.41,42.0,3.0,5.0,2023.0
Shivapura,10/23,0.2508159594,-0.1135582335,-0.3871322743,-0.5339422303,3600.0,"E (Irrigation, industrial cooling and controlled waste)",1.8,7.3,2320.0,27.0,8.89,8400.0,92000.0,3.0,540.0,5.0,540.0,392.0,170.0,9.464439655172413,3.9,620.0,316.0,304.0,94.0,166.0,1630.0,88.55021834061135,0.8,0.5,46.0,0.49,35.0,540.0,1.78,2023.0
Kogilu,10/23,0.2818080207,-0.1374683005,-0.281949363,-0.3683023071,4511.0,"D (Propagation of wild life,fisheries)",4.2,7.5,489.0,4.0,2.0,6300.0,54000.0,3.0,96.0,5.0,96.0,72.0,40.0,11.414870689655173,0.58,104.0,56.0,48.0,10.0,39.0,332.0,52.74235807860262,0.2,0.5,18.0,0.2,40.0,2.0,0.35,2023.0
Basavanapura,10/23,0.224019602,-0.1446115653,0.02960615566,-0.127667192,4542.0,"D (Propagation of wild life,fisheries)",5.7,6.5,540.0,5.0,2.0,4300.0,92000.0,3.0,124.0,5.0,124.0,68.0,64.0,10.010560344827589,0.49,132.0,72.0,60.0,12.0,52.0,372.0,78.52401746724891,0.91,0.5,13.0,0.2,43.0,2.0,3.0,2023.0
Basavanapura,10/23,0.224019602,-0.1446115653,0.02960615566,-0.127667192,5566.0,"D (Propagation of wild life,fisheries)",5.4,7.0,406.0,6.0,1.0,230.0,16000.0,3.0,104.0,5.0,104.0,52.0,56.0,10.86875,0.4,88.0,52.0,36.0,18.0,48.0,274.0,62.76855895196506,0.57,0.5,10.0,0.3,51.0,2.0,2.0,2023.0
Mangamanapalya,10/23,0.1903456883,-0.1194643495,-0.0808463181,-0.1834538002,4547.0,"D (Propagation of wild life,fisheries)",6.0,7.5,719.0,4.0,3.0,470.0,9200.0,3.0,128.0,5.0,128.0,128.0,48.0,9.89353448275862,0.4,112.0,64.0,48.0,5.0,83.0,502.0,80.67248908296943,0.2,0.5,51.0,0.29,50.0,3.4,0.55,2023.0
Hoodi,10/23,0.2309409329,-0.1053049496,-0.07906717499,-0.3019981136,5560.0,"D (Propagation of wild life,fisheries)",5.0,6.7,1562.0,7.0,5.0,460.0,9200.0,3.0,248.0,5.0,248.0,312.0,88.0,8.216163793103448,0.4,324.0,168.0,156.0,33.0,165.0,1052.0,111.46724890829694,0.58,0.5,22.0,0.22,50.0,4.0,2.0,2023.0
Rachenahalli,10/23,0.3442337216,-0.1970890377,-0.01795902386,-0.168283816,4510.0,"D (Propagation of wild life,fisheries)",4.2,7.6,509.0,5.0,2.0,700.0,9200.0,3.0,100.0,5.0,100.0,52.0,40.0,11.453879310344828,0.56,120.0,64.0,56.0,46.0,39.0,346.0,52.02620087336244,0.25,0.5,18.0,0.2,37.0,2.0,0.62,2023.0
Nagavara,10/23,0.334824864,-0.2210934399,-0.07024600232,-0.277437548,3626.0,"D (Propagation of wild life,fisheries)",6.1,6.9,666.0,4.0,2.0,460.0,16000.0,3.0,148.0,5.0,148.0,100.0,40.0,11.531896551724138,0.4,172.0,92.0,80.0,9.0,64.0,444.0,50.5938864628821,0.28,0.5,25.0,0.2,40.0,0.28,0.83,2023.0
Herohalli,10/23,0.3841971963,-0.2351955086,-0.1380802174,-0.3147012414,3598.0,"D (Propagation of wild life,fisheries)",6.0,7.0,423.0,5.0,2.0,4700.0,92000.0,3.0,92.0,5.0,92.0,48.0,48.0,7.592025862068965,0.48,140.0,76.0,64.0,12.0,37.0,290.0,122.92576419213974,0.4,0.5,12.0,0.2,22.0,1.0,0.92,2023.0
Hebbal,10/23,0.3120112483,-0.2091314599,-0.04011484053,-0.1762292781,3625.0,"D (Propagation of wild life,fisheries)",6.1,7.6,412.0,4.0,1.0,4100.0,24000.0,3.0,88.0,5.0,88.0,56.0,40.0,11.68793103448276,0.4,144.0,80.0,64.0,16.0,38.0,282.0,47.7292576419214,0.31,0.5,10.0,0.2,34.0,16.0,0.97,2023.0
Vibhuthipura,10/23,0.360424059,-0.2176560684,-0.06054651439,-0.3147597784,4522.0,"D (Propagation of wild life,fisheries)",4.6,6.6,624.0,8.0,3.0,4900.0,54000.0,3.0,144.0,5.0,144.0,84.0,84.0,7.748060344827586,0.62,116.0,64.0,52.0,39.0,54.0,424.0,120.06113537117903,0.33,0.5,4.0,0.24,48.0,2.18,1.01,2023.0
Nallurahalli,10/23,0.2029760228,-0.1106655979,0.01238310268,-0.2028951583,4523.0,"D (Propagation of wild life,fisheries)",5.7,6.8,616.0,5.0,2.0,2300.0,24000.0,3.0,88.0,5.0,88.0,96.0,48.0,8.255172413793103,0.4,164.0,88.0,76.0,44.0,64.0,412.0,110.75109170305676,0.2,0.5,18.0,0.23,43.0,2.0,0.53,2023.0
Tubarahalli,10/23,0.1880740285,-0.1482765824,0.03459250177,-0.1238418034,3610.0,"D (Propagation of wild life,fisheries)",5.4,7.2,575.0,6.0,2.0,5800.0,92000.0,3.0,84.0,5.0,84.0,88.0,72.0,8.060129310344827,0.4,124.0,58.0,56.0,20.0,63.0,388.0,114.33187772925764,0.21,0.5,16.0,0.25,49.0,2.0,0.53,2023.0
Chinnappanahalli,10/23,0.1627488437,-0.1104255188,-0.09781154807,-0.1787241715,4520.0,"D (Propagation of wild life,fisheries)",6.0,7.7,614.0,5.0,2.0,3300.0,24000.0,3.0,120.0,5.0,120.0,76.0,48.0,7.943103448275862,0.49,116.0,64.0,52.0,15.0,61.0,416.0,116.48034934497817,0.2,0.5,10.0,0.31,51.0,2.0,0.29,2023.0
Kundalahalli,10/23,0.2006826975,-0.1706869038,-0.008073082491,-0.1034828026,4516.0,"D (Propagation of wild life,fisheries)",4.9,7.8,1256.0,8.0,5.0,7000.0,160000.0,3.0,232.0,5.0,232.0,276.0,84.0,7.982112068965517,0.91,312.0,160.0,152.0,21.0,107.0,866.0,115.764192139738,0.41,0.5,15.0,0.2,41.0,3.0,0.98,2023.0
Varthur,10/23,0.2204041609,-0.1084331481,-0.3613846092,-0.473528973,3608.0,"E (Irrigation, industrial cooling and controlled waste)",0.3,6.9,1303.0,30.0,5.0,700000.0,5400000.0,3.0,420.0,5.0,420.0,164.0,212.0,7.826077586206896,21.56,416.0,212.0,204.0,20.0,125.0,886.0,118.62882096069868,2.0,0.5,15.0,0.37,38.0,2.67,7.0,2023.0
Narasipura,10/23,0.2563245845,-0.1755384842,-0.317270533,-0.4378538266,4509.0,"D (Propagation of wild life,fisheries)",6.1,7.4,498.0,4.0,1.0,2200.0,24000.0,3.0,92.0,5.0,92.0,48.0,40.0,11.336853448275862,0.4,148.0,80.0,68.0,15.0,77.0,340.0,54.174672489082965,0.31,0.5,20.0,0.2,49.0,3.0,0.89,2023.0
Narasipura,10/23,0.3570471553,-0.1679893011,-0.6319869795,-0.7316872938,4509.0,"D (Propagation of wild life,fisheries)",6.1,7.4,498.0,4.0,1.0,2200.0,24000.0,3.0,92.0,5.0,92.0,48.0,40.0,11.336853448275862,0.4,148.0,80.0,68.0,15.0,77.0,340.0,54.174672489082965,0.31,0.5,20.0,0.2,49.0,3.0,0.89,2023.0
Devarakere,12/23,0.3670277763,-0.1827110704,-0.2745139594,-0.4460991817,3634.0,"E (Irrigation, industrial cooling and controlled waste)",2.2,7.2,279.0,16.0,0.86,4900.0,35000.0,3.0,84.0,5.0,84.0,28.0,124.0,6.8,5.2,116.0,64.0,52.0,7.0,28.0,188.0,10.0,0.2,0.5,9.0,0.21,32.0,1.0,0.16,2023.0
Uttarahalli Doraikere,12/23,0.3067665828,-0.1615288421,-0.2105214402,-0.3530484611,3640.0,"D (Propagation of wild life,fisheries)",5.4,8.6,268.0,6.0,0.75,6300.0,54000.0,8.0,44.0,5.0,48.0,28.0,56.0,1.5,0.4,128.0,72.0,56.0,24.0,29.0,174.0,110.0,0.2,0.5,9.0,0.26,31.0,1.0,0.22,2023.0
Herohalli,12/23,0.1841539869,-0.04161051347,-0.3114545485,-0.4126981308,3598.0,"D (Propagation of wild life,fisheries)",4.3,7.5,390.0,5.0,0.85,7000.0,92000.0,3.0,124.0,5.0,124.0,72.0,67.0,1.5,0.4,136.0,68.0,68.0,5.0,41.0,268.0,10.0,0.2,0.5,3.0,0.2,39.0,1.0,0.05,2023.0
Hosakerehalli,12/23,0.2309203712,-0.05398201831,-0.4816410839,-0.5952712387,4536.0,"D (Propagation of wild life,fisheries)",5.8,7.2,755.0,4.0,2.6,6300.0,92000.0,3.0,272.0,5.0,272.0,24.0,44.0,1.5,0.4,212.0,112.0,100.0,111.0,45.0,510.0,22.0,0.2,0.5,9.0,0.25,44.0,1.0,0.44,2023.0
Kempambudhi,12/23,0.4709319835,-0.2377085841,-0.3153725066,-0.5078513487,3591.0,"E (Irrigation, industrial cooling and controlled waste)",3.2,7.3,462.0,15.0,1.77,2700.0,24000.0,3.0,172.0,5.0,172.0,72.0,121.0,4.7,3.8,120.0,64.0,56.0,19.0,37.0,320.0,48.0,0.34,0.5,9.0,0.26,37.0,1.5,0.94,2023.0
Nayandanahalli,12/23,0.1331554593,-0.07789149362,-0.07234326512,-0.1469677801,3596.0,"E (Irrigation, industrial cooling and controlled waste)",1.2,7.2,902.0,40.0,3.1,940.0,16000.0,3.0,208.0,5.0,208.0,140.0,192.0,9.0,6.9,260.0,136.0,124.0,32.0,107.0,608.0,10.0,1.08,0.5,27.0,0.21,44.0,4.0,2.9,2023.0
Sankey,12/23,0.1481159517,-0.1777397443,0.1753363464,0.07120349017,3594.0,"D (Propagation of wild life,fisheries)",4.4,7.76,491.0,8.0,1.1,480.0,16000.0,3.0,168.0,5.0,168.0,76.0,96.0,1.5,0.4,192.0,100.0,92.0,21.0,38.0,336.0,10.0,0.2,0.5,4.0,0.26,30.0,1.1,0.05,2023.0
Ullalu,12/23,0.2002946452,0.02093082902,-0.5024842511,-0.6220522479,4533.0,"D (Propagation of wild life,fisheries)",4.4,6.58,770.0,6.0,1.3,70000.0,350000.0,3.0,236.0,5.0,236.0,188.0,74.0,1.5,0.4,252.0,136.0,116.0,27.0,66.0,540.0,10.0,0.2,0.5,12.0,0.22,35.0,2.0,0.05,2023.0
Yediyur,12/23,0.3085512253,-0.1953525922,-0.07489191989,-0.3031361514,3592.0,"D (Propagation of wild life,fisheries)",4.7,6.8,271.0,5.0,1.04,2700.0,24000.0,3.0,60.0,5.0,60.0,40.0,121.0,1.5,0.76,68.0,40.0,28.0,11.0,22.0,186.0,16.0,0.2,0.5,5.0,0.2,39.0,1.2,0.05,2023.0
Sompura,12/23,0.1468742237,-0.07382516489,-0.1583410771,-0.3102141831,4534.0,"D (Propagation of wild life,fisheries)",6.1,8.2,1090.0,4.0,3.7,9400.0,92000.0,3.0,392.0,5.0,392.0,112.0,36.0,1.5,0.4,200.0,108.0,92.0,42.0,195.0,738.0,10.0,0.2,0.5,14.0,0.27,66.0,6.0,0.32,2023.0
Bhattarahalli,12/23,0.1375040049,-0.1409505554,0.1342910166,-0.03539250917,4515.0,"D (Propagation of wild life,fisheries)",4.6,7.7,816.0,7.0,3.0,4000.0,35000.0,3.0,116.0,5.0,116.0,136.0,64.0,1.5,0.41,128.0,68.0,60.0,52.0,71.0,554.0,10.0,0.2,0.5,8.0,0.32,52.0,25.0,0.05,2023.0
Begur,12/23,0.2974477125,-0.1484477194,-0.2112696931,-0.3633195479,3619.0,"E (Irrigation, industrial cooling and controlled waste)",2.5,6.9,540.0,35.0,2.0,790.0,9200.0,3.0,120.0,5.0,120.0,92.0,184.0,3.9,3.0,124.0,68.0,56.0,32.0,43.0,372.0,50.0,0.2,0.5,20.0,0.25,38.0,2.0,0.31,2023.0
Yelahanka,12/23,0.2237567841,-0.1773537936,0.1600314245,-0.0339825773,3630.0,"D (Propagation of wild life,fisheries)",5.4,7.0,560.0,4.0,2.11,17000.0,240000.0,3.0,124.0,5.0,124.0,88.0,40.0,1.5,0.49,148.0,76.0,72.0,23.0,46.0,388.0,10.0,0.2,0.5,10.0,0.28,38.0,1.6,0.55,2023.0
Singapura,12/23,0.2668475346,-0.08730047797,-0.3543067031,-0.5473833037,4508.0,"D (Propagation of wild life,fisheries)",5.2,7.9,561.0,7.0,1.9,46000.0,350000.0,3.0,132.0,5.0,132.0,60.0,65.0,1.5,0.8,152.0,80.0,72.0,21.0,63.0,392.0,10.0,0.2,0.5,15.0,0.2,41.0,2.2,0.05,2023.0
Bellandur,12/23,0.3056302692,-0.1401851306,-0.3825522493,-0.5183194279,3602.0,"D (Propagation of wild life,fisheries)",4.2,7.5,1061.0,7.0,4.1,2200.0,24000.0,3.0,348.0,5.0,348.0,116.0,68.0,1.5,0.9,428.0,220.0,208.0,10.0,112.0,734.0,10.0,1.6,0.5,31.0,0.44,34.0,2.4,2.6,2023.0
Abbigere,12/23,0.2732817929,-0.05354341297,-0.5622204804,-0.7031224346,4506.0,"E (Irrigation, industrial cooling and controlled waste)",3.2,6.8,1140.0,11.0,3.3,4000.0,35000.0,3.0,320.0,5.0,320.0,176.0,110.0,3.1,2.4,308.0,160.0,148.0,18.0,111.0,778.0,12.0,0.3,0.5,14.0,0.3,42.0,2.8,0.98,2023.0
Kammagondanahalli,12/23,0.2576563691,-0.05593368672,-0.5122300246,-0.6614583907,4540.0,"D (Propagation of wild life,fisheries)",4.2,7.5,972.0,6.0,2.1,2300.0,24000.0,3.0,272.0,5.0,272.0,252.0,70.0,1.5,0.52,288.0,152.0,136.0,9.0,91.0,662.0,10.0,0.29,0.5,12.0,0.24,39.0,2.3,0.9,2023.0
Chikkabanavara,12/23,0.2895429799,-0.1823043456,0.1112971849,-0.05591910286,4095.0,"E (Irrigation, industrial cooling and controlled waste)",3.4,7.3,1353.0,12.0,3.9,5800.0,92000.0,3.0,380.0,5.0,380.0,212.0,122.0,2.34,1.8,364.0,188.0,176.0,21.0,131.0,920.0,10.0,0.34,0.5,17.0,0.27,42.0,3.0,1.56,2023.0
Lalbagh,12/23,0.3699921376,-0.2932657828,0.0639083614,-0.1993319143,3590.0,"D (Propagation of wild life,fisheries)",6.6,8.4,448.0,6.0,2.0,4600.0,54000.0,24.0,112.0,5.0,124.0,68.0,56.0,1.5,0.41,236.0,124.0,112.0,8.0,37.0,304.0,12.0,0.2,0.5,2.0,0.4,25.0,1.04,0.05,2023.0
Soulkere,12/23,0.3292415283,-0.2158432492,-0.3526144835,-0.4578564658,5570.0,"E (Irrigation, industrial cooling and controlled waste)",3.2,6.6,800.0,14.0,3.0,4300.0,54000.0,3.0,184.0,5.0,184.0,132.0,120.0,3.3,2.7,216.0,112.0,104.0,33.0,16.0,556.0,10.0,0.51,0.5,16.0,0.27,40.0,2.0,1.46,2023.0
Devarabeesanahalli,12/23,0.1258590849,-0.2097796822,0.198083366,-0.00123557284,4521.0,"D (Propagation of wild life,fisheries)",4.8,7.6,549.0,6.0,1.9,4800.0,92000.0,3.0,120.0,5.0,120.0,72.0,59.0,1.5,0.86,156.0,84.0,72.0,42.0,63.0,386.0,10.0,0.2,0.5,24.0,0.27,41.0,2.2,0.4,2023.0
Kaikondanahalli,12/23,0.299015584,-0.146375495,-0.01574373049,-0.1748588421,3611.0,"E (Irrigation, industrial cooling and controlled waste)",2.9,7.2,1886.0,18.0,7.2,79000.0,350000.0,3.0,436.0,5.0,436.0,320.0,133.0,6.4,4.9,516.0,264.0,252.0,76.0,151.0,1314.0,10.0,0.59,0.5,38.0,0.48,37.0,3.0,1.69,2023.0
Byrasandra,12/23,0.230291018,-0.1454517923,-0.0423370962,-0.2586307478,3595.0,"E (Irrigation, industrial cooling and controlled waste)",3.1,6.9,459.0,16.0,2.0,7000.0,92000.0,3.0,100.0,5.0,100.0,40.0,112.0,2.26,1.7,112.0,64.0,48.0,19.0,49.0,312.0,24.0,0.5,0.5,13.0,0.2,45.0,2.0,1.2,2023.0
Agaram,12/23,0.1893999707,-0.1697732048,0.01216539307,-0.06126334679,3612.0,"D (Propagation of wild life,fisheries)",5.3,7.3,802.0,5.0,2.8,700.0,16000.0,3.0,72.0,5.0,72.0,156.0,49.0,1.5,0.78,128.0,68.0,60.0,41.0,85.0,420.0,10.0,0.2,0.5,26.0,0.22,53.0,3.3,0.6,2023.0
Ibbalur,12/23,0.1706432314,-0.1296542206,-0.0800658806,-0.1624370596,3609.0,"D (Propagation of wild life,fisheries)",4.2,7.3,588.0,8.0,3.4,9400.0,54000.0,3.0,88.0,5.0,88.0,52.0,72.0,1.5,0.9,148.0,80.0,68.0,10.0,48.0,432.0,10.0,0.21,0.5,22.0,0.2,49.0,1.7,0.6,2023.0
Puttenahalli,12/23,0.1801213775,-0.148908279,-0.1135627927,-0.2388402485,3614.0,"D (Propagation of wild life,fisheries)",5.6,7.7,534.0,6.0,2.15,480.0,16000.0,3.0,120.0,5.0,120.0,76.0,60.0,1.5,0.4,112.0,48.0,64.0,25.0,55.0,368.0,10.0,0.2,0.5,27.0,0.24,45.0,2.0,0.05,2023.0
Puttenahalli,12/23,0.1801213775,-0.148908279,-0.1135627927,-0.2388402485,3624.0,"D (Propagation of wild life,fisheries)",5.1,7.0,459.0,5.0,1.76,79000.0,350000.0,3.0,104.0,5.0,104.0,72.0,49.0,1.5,0.81,120.0,64.0,56.0,12.0,39.0,316.0,24.0,0.2,0.5,9.0,0.43,39.0,1.5,0.05,2023.0
Somasundrapalya,12/23,0.3211571035,-0.1607549269,0.01149453085,-0.2169593411,3622.0,"D (Propagation of wild life,fisheries)",4.8,7.8,748.0,6.0,3.2,430.0,5400.0,3.0,172.0,5.0,172.0,160.0,55.0,1.5,0.76,116.0,64.0,51.0,9.0,91.0,518.0,12.0,0.2,0.5,30.0,0.31,50.0,3.7,0.4,2023.0
Singasandra,12/23,0.2811240088,-0.1717876413,-0.1788267583,-0.3050145381,3618.0,"E (Irrigation, industrial cooling and controlled waste)",2.6,6.9,625.0,8.0,2.2,480.0,5400.0,3.0,144.0,5.0,144.0,96.0,76.0,2.6,2.4,124.0,68.0,56.0,20.0,69.0,450.0,14.0,0.3,0.5,22.0,0.26,46.0,22.0,0.7,2023.0
Singasandra,12/23,0.1879402133,-0.05807293226,-0.1385713689,-0.3106318986,3618.0,"E (Irrigation, industrial cooling and controlled waste)",2.6,6.9,625.0,8.0,2.2,480.0,5400.0,3.0,144.0,5.0,144.0,96.0,76.0,2.6,2.4,124.0,68.0,56.0,20.0,69.0,450.0,14.0,0.3,0.5,22.0,0.26,46.0,22.0,0.7,2023.0
Parappana Agrahara,12/23,0.3309216177,-0.2414194888,-0.05580028001,-0.2628913048,3620.0,"E (Irrigation, industrial cooling and controlled waste)",2.6,7.5,863.0,8.0,3.6,23000.0,240000.0,3.0,200.0,5.0,200.0,136.0,83.0,2.2,1.7,196.0,104.0,92.0,33.0,104.0,596.0,16.0,2.2,0.5,29.0,0.38,49.0,3.2,4.0,2023.0
Basavanapura,12/23,0.3264416383,-0.1469951719,-0.1562481312,-0.4757010441,4542.0,"D (Propagation of wild life,fisheries)",5.7,7.8,409.0,5.0,1.0,580.0,9200.0,3.0,80.0,5.0,80.0,56.0,60.0,1.5,0.4,88.0,52.0,36.0,25.0,65.0,276.0,22.0,0.2,0.5,16.0,0.22,57.0,3.0,0.35,2023.0
Basavanapura,12/23,0.3264416383,-0.1469951719,-0.1562481312,-0.4757010441,5566.0,"D (Propagation of wild life,fisheries)",4.7,7.2,467.0,7.0,2.0,700.0,5400.0,3.0,116.0,5.0,116.0,52.0,60.0,1.5,0.4,136.0,72.0,64.0,22.0,39.0,316.0,10.0,0.2,0.5,3.0,0.25,37.0,1.0,0.42,2023.0
Arakere,12/23,0.3671715288,-0.172519894,-0.1398804519,-0.3002265221,3615.0,"E (Irrigation, industrial cooling and controlled waste)",3.0,7.0,448.0,29.0,2.0,4600.0,35000.0,3.0,84.0,5.0,84.0,56.0,172.0,3.7,2.9,104.0,56.0,48.0,17.0,43.0,308.0,34.0,0.2,0.5,20.0,0.27,42.0,2.0,0.15,2023.0
Hulimavu,12/23,0.2936108089,-0.08987263102,-0.5580266966,-0.6879484098,3617.0,"E (Irrigation, industrial cooling and controlled waste)",2.4,6.8,610.0,29.0,2.0,700.0,16000.0,3.0,128.0,5.0,128.0,80.0,176.0,3.9,3.0,132.0,72.0,60.0,8.0,58.0,420.0,40.0,0.29,0.5,28.0,0.26,44.0,2.0,0.58,2023.0
Gottigere,12/23,0.342160031,-0.02399658829,-0.6773721941,-0.7699199966,3613.0,"D (Propagation of wild life,fisheries)",6.1,7.8,788.0,4.0,3.0,340.0,5400.0,3.0,148.0,5.0,148.0,156.0,48.0,1.5,0.4,108.0,60.0,48.0,8.0,107.0,530.0,10.0,0.2,0.5,59.0,0.2,56.0,4.0,0.23,2023.0
Doddakallasandra,12/23,0.1817243926,-0.09766165799,-0.2343554048,-0.3662919897,5567.0,"D (Propagation of wild life,fisheries)",5.2,7.1,402.0,7.0,2.0,3300.0,35000.0,3.0,100.0,5.0,100.0,48.0,72.0,1.5,0.58,80.0,44.0,36.0,5.0,41.0,276.0,12.0,0.2,0.5,21.0,0.29,46.0,2.0,0.05,2023.0
Puttenahalli,12/23,0.2982703477,-0.1398029262,-0.4758431304,-0.6009176634,3614.0,"D (Propagation of wild life,fisheries)",5.6,7.7,534.0,6.0,2.15,480.0,16000.0,3.0,120.0,5.0,120.0,76.0,60.0,1.5,0.4,112.0,48.0,64.0,25.0,55.0,368.0,10.0,0.2,0.5,27.0,0.24,45.0,2.0,0.05,2023.0
Puttenahalli,12/23,0.2982703477,-0.1398029262,-0.4758431304,-0.6009176634,3624.0,"D (Propagation of wild life,fisheries)",5.1,7.0,459.0,5.0,1.76,79000.0,350000.0,3.0,104.0,5.0,104.0,72.0,49.0,1.5,0.81,120.0,64.0,56.0,12.0,39.0,316.0,24.0,0.2,0.5,9.0,0.43,39.0,1.5,0.05,2023.0
Chelekere,12/23,0.1952446481,-0.08793317672,-0.383940523,-0.4623386962,4507.0,"D (Propagation of wild life,fisheries)",4.8,7.9,572.0,7.8,1.9,2300.0,24000.0,3.0,140.0,5.0,140.0,56.0,71.0,1.5,0.82,160.0,84.0,76.0,22.0,64.0,398.0,10.0,0.43,0.5,15.0,0.2,44.0,2.2,1.0,2023.0
Agaram,12/23,0.2944659447,-0.1549669021,0.01014216053,-0.2292940369,3612.0,"D (Propagation of wild life,fisheries)",5.3,7.3,802.0,5.0,2.8,700.0,16000.0,3.0,72.0,5.0,72.0,156.0,49.0,1.5,0.78,128.0,68.0,60.0,41.0,85.0,420.0,10.0,0.2,0.5,26.0,0.22,53.0,3.3,0.6,2023.0
Kalkere,12/23,0.3599729299,-0.144515179,-0.4458280173,-0.5829605209,3607.0,"E (Irrigation, industrial cooling and controlled waste)",2.3,7.9,926.0,17.0,3.0,70000.0,350000.0,3.0,256.0,5.0,256.0,188.0,119.0,3.1,2.4,76.0,44.0,32.0,36.0,95.0,640.0,10.0,1.0,0.5,17.0,0.26,67.0,4.7,2.5,2023.0
Rampura,12/23,0.2850756291,-0.1139352494,-0.5104065974,-0.6416164491,4519.0,"E (Irrigation, industrial cooling and controlled waste)",2.0,7.0,602.0,17.0,1.4,27000.0,240000.0,3.0,124.0,5.0,124.0,168.0,116.0,2.9,2.3,84.0,48.0,36.0,37.0,49.0,420.0,10.0,0.8,0.5,14.0,0.28,51.0,2.3,1.8,2023.0
Dasarahalli,12/23,0.2101953126,-0.08878196786,-0.04590999191,-0.2148803923,3606.0,"D (Propagation of wild life,fisheries)",4.4,7.5,424.0,6.0,0.92,58000.0,160000.0,3.0,116.0,5.0,116.0,108.0,74.0,1.5,0.6,124.0,72.0,52.0,7.0,39.0,286.0,10.0,0.2,0.5,4.2,0.2,39.0,2.0,0.05,2023.0
Doddabidarakallu,12/23,0.304614642,-0.08661685613,-0.6209619892,-0.7532782428,4539.0,"E (Irrigation, industrial cooling and controlled waste)",0.3,7.14,1485.0,20.0,3.2,4900.0,92000.0,3.0,448.0,5.0,448.0,404.0,227.0,10.4,8.3,512.0,260.0,252.0,38.0,106.0,1022.0,24.0,0.56,0.5,11.0,0.3,30.0,2.0,1.7,2023.0
Allalasandra,12/23,0.3568523821,-0.2183169269,-0.1298271701,-0.4050473497,3629.0,"D (Propagation of wild life,fisheries)",5.7,7.1,456.0,4.0,1.59,40000.0,350000.0,3.0,100.0,5.0,100.0,68.0,40.0,1.5,0.56,116.0,64.0,52.0,18.0,38.0,314.0,26.0,0.2,0.5,9.0,0.39,39.0,1.5,0.05,2023.0
Andhrahalli,12/23,0.1147585839,0.03012076798,-0.2449937895,-0.3524205073,4096.0,"E (Irrigation, industrial cooling and controlled waste)",3.6,7.3,2166.0,45.0,9.0,27000000.0,240000000.0,3.0,568.0,5.0,568.0,316.0,236.0,11.2,8.6,572.0,292.0,280.0,14.0,196.0,1472.0,52.0,2.4,0.5,20.0,0.4,41.0,4.0,7.38,2023.0
Shivapura,12/23,0.2967347557,-0.1148980073,-0.6507882686,-0.7683836432,3600.0,"D (Propagation of wild life,fisheries)",4.1,8.2,589.0,10.0,2.0,4300.0,54000.0,3.0,144.0,5.0,144.0,88.0,120.0,1.5,0.92,120.0,64.0,56.0,19.0,49.0,400.0,40.0,0.46,0.5,4.0,0.21,45.0,1.9,1.4,2023.0
Kogilu,12/23,0.3313846003,-0.1356386653,-0.3224518953,-0.4696160597,4511.0,"D (Propagation of wild life,fisheries)",5.0,7.9,568.0,7.3,1.9,840.0,92000.0,3.0,128.0,5.0,128.0,64.0,68.0,1.5,0.88,172.0,92.0,80.0,20.0,65.0,396.0,10.0,0.31,0.5,14.0,0.2,44.0,2.2,0.7,2023.0
Basavanapura,12/23,0.2467016836,-0.1600570039,-0.02689916558,-0.2058354749,4542.0,"D (Propagation of wild life,fisheries)",5.7,7.8,409.0,5.0,1.0,580.0,9200.0,3.0,80.0,5.0,80.0,56.0,60.0,1.5,0.4,88.0,52.0,36.0,25.0,65.0,276.0,22.0,0.2,0.5,16.0,0.22,57.0,3.0,0.35,2023.0
Basavanapura,12/23,0.2467016836,-0.1600570039,-0.02689916558,-0.2058354749,5566.0,"D (Propagation of wild life,fisheries)",4.7,7.2,467.0,7.0,2.0,700.0,5400.0,3.0,116.0,5.0,116.0,52.0,60.0,1.5,0.4,136.0,72.0,64.0,22.0,39.0,316.0,10.0,0.2,0.5,3.0,0.25,37.0,1.0,0.42,2023.0
Mangamanapalya,12/23,0.2473796974,-0.1258086599,-0.1420030277,-0.2907288488,4547.0,"D (Propagation of wild life,fisheries)",4.9,7.3,607.0,6.0,2.8,840.0,9200.0,3.0,76.0,5.0,76.0,136.0,50.0,1.5,0.72,116.0,64.0,51.0,39.0,85.0,432.0,10.0,0.2,0.5,27.0,0.2,55.0,3.7,0.2,2023.0
Hoodi,12/23,0.2584335515,-0.1086738512,-0.2142461818,-0.410980818,5560.0,"D (Propagation of wild life,fisheries)",5.9,7.1,1049.0,4.0,4.0,940.0,16000.0,3.0,236.0,5.0,236.0,172.0,43.0,1.5,0.4,280.0,144.0,136.0,43.0,99.0,720.0,10.0,0.25,0.5,21.0,0.41,41.0,2.6,0.69,2023.0
Rachenahalli,12/23,0.1737664743,-0.07069063275,-0.3606465059,-0.4593802771,4510.0,"D (Propagation of wild life,fisheries)",4.6,8.2,498.0,8.1,1.6,43000.0,540000.0,3.0,88.0,5.0,88.0,36.0,74.0,1.5,0.88,180.0,96.0,84.0,17.0,52.0,348.0,10.0,0.54,0.5,13.0,0.2,36.0,2.2,1.6,2023.0
Amruthahalli,12/23,0.3084723762,-0.09094243064,-0.6042881658,-0.7391497121,3628.0,"D (Propagation of wild life,fisheries)",5.1,7.9,565.0,7.3,1.9,4700.0,54000.0,3.0,128.0,5.0,128.0,60.0,68.0,1.5,0.87,172.0,92.0,80.0,17.0,65.0,394.0,10.0,0.31,0.5,15.0,0.2,42.0,2.2,0.7,2023.0
Nagavara,12/23,0.1920401982,-0.09050962195,-0.3467460999,-0.4283390351,3626.0,"D (Propagation of wild life,fisheries)",5.0,8.1,547.0,7.2,1.9,7000.0,92000.0,3.0,128.0,5.0,128.0,48.0,68.0,1.5,0.86,176.0,92.0,84.0,19.0,63.0,382.0,10.0,0.43,0.5,15.0,0.2,41.0,2.06,1.0,2023.0
Herohalli,12/23,0.4045758959,-0.2442283666,-0.1726366431,-0.4118495607,3598.0,"D (Propagation of wild life,fisheries)",4.3,7.5,390.0,5.0,0.85,7000.0,92000.0,3.0,124.0,5.0,124.0,72.0,67.0,1.5,0.4,136.0,68.0,68.0,5.0,41.0,268.0,10.0,0.2,0.5,3.0,0.2,39.0,1.0,0.05,2023.0
Hebbal,12/23,0.3448004636,-0.2389592492,0.05342521308,-0.1329978329,3625.0,"D (Propagation of wild life,fisheries)",5.3,6.9,462.0,4.0,1.79,4300.0,54000.0,3.0,108.0,5.0,108.0,76.0,44.0,1.5,0.64,124.0,68.0,56.0,19.0,40.0,318.0,22.0,0.2,0.5,10.0,0.41,39.0,1.6,0.05,2023.0
Vibhuthipura,12/23,0.330622571,-0.2020090981,-0.07993622153,-0.3265242027,4522.0,"D (Propagation of wild life,fisheries)",5.1,7.5,396.0,7.0,1.5,840.0,16000.0,3.0,80.0,5.0,80.0,52.0,67.0,1.5,0.8,128.0,68.0,60.0,24.0,54.0,270.0,10.0,0.2,0.5,16.0,0.2,44.0,2.7,0.05,2023.0
Nallurahalli,12/23,0.2000318459,-0.0791163938,-0.01239734508,-0.2262173403,4523.0,"D (Propagation of wild life,fisheries)",6.2,6.8,588.0,4.0,2.25,6300.0,54000.0,3.0,128.0,5.0,128.0,92.0,40.0,1.5,0.42,152.0,80.0,72.0,24.0,53.0,406.0,10.0,0.2,0.5,12.0,0.27,40.0,1.86,0.47,2023.0
Tubarahalli,12/23,0.2160780362,-0.2047858949,0.1440787187,-0.09215581063,3610.0,"D (Propagation of wild life,fisheries)",6.2,7.8,571.0,4.0,2.0,6300.0,92000.0,3.0,88.0,5.0,88.0,104.0,40.0,1.5,0.61,92.0,52.0,40.0,23.0,47.0,388.0,10.0,0.2,0.5,4.0,0.26,50.0,1.8,0.05,2023.0
Chinnappanahalli,12/23,0.3139786087,-0.1693912376,-0.2057795251,-0.3612513136,4520.0,"D (Propagation of wild life,fisheries)",4.6,7.5,972.0,6.0,2.1,2300.0,24000.0,3.0,272.0,5.0,272.0,252.0,70.0,1.5,0.52,288.0,152.0,136.0,9.0,91.0,662.0,10.0,0.2,0.5,12.0,0.24,39.0,2.3,0.9,2023.0
Kundalahalli,12/23,0.2938048779,-0.2398688521,0.04333375053,-0.1485923691,4516.0,"D (Propagation of wild life,fisheries)",5.6,8.2,537.0,6.0,2.0,470.0,16000.0,3.0,116.0,5.0,116.0,44.0,52.0,1.5,0.68,112.0,60.0,52.0,21.0,44.0,364.0,10.0,0.2,0.5,3.0,0.2,44.0,1.8,0.05,2023.0
Varthur,12/23,0.3652247938,-0.2081210755,-0.5997341272,-0.715086751,3608.0,"E (Irrigation, industrial cooling and controlled waste)",1.2,6.8,1248.0,21.0,4.8,40000.0,350000.0,3.0,284.0,5.0,284.0,208.0,164.0,8.3,6.4,336.0,172.0,164.0,51.0,112.0,860.0,10.0,1.07,0.5,25.0,0.42,41.0,2.7,2.67,2023.0
Narasipura,12/23,0.2905778894,-0.1827012103,-0.3970454022,-0.5693418262,4509.0,"D (Propagation of wild life,fisheries)",5.1,7.7,482.0,7.4,2.0,4800.0,160000.0,3.0,128.0,5.0,128.0,68.0,69.0,1.5,0.84,96.0,52.0,44.0,21.0,63.0,338.0,10.0,0.2,0.5,15.0,0.2,53.0,2.8,0.5,2023.0
Narasipura,12/23,0.3196270828,-0.1082557192,-0.5613402358,-0.7051351894,4509.0,"D (Propagation of wild life,fisheries)",5.1,7.7,482.0,7.4,2.0,4800.0,160000.0,3.0,128.0,5.0,128.0,68.0,69.0,1.5,0.84,96.0,52.0,44.0,21.0,63.0,338.0,10.0,0.2,0.5,15.0,0.2,53.0,2.8,0.5,2023.0
Devarakere,03/24,0.2925179153,-0.17854147,-0.0814646795,-0.3279568362,3634.0,"D (Propagation of wild life,fisheries)",4.4,7.9,292.0,11.0,1.0,2100.0,9400.0,3.0,100.0,5.0,100.0,32.0,104.0,1.5,0.9,68.0,40.0,28.0,6.0,30.0,202.0,16.0,0.2,0.5,12.0,0.2,44.0,1.6,0.6,2024.0
Uttarahalli Doraikere,03/24,0.3675398128,-0.1606430956,-0.3519704309,-0.5130842695,3640.0,"E (Irrigation, industrial cooling and controlled waste)",0.9,6.9,1893.0,40.0,6.9,78000.0,330000.0,3.0,692.0,5.0,692.0,228.0,273.0,37.2,28.6,560.0,300.0,260.0,23.0,203.0,1296.0,62.0,4.5,0.5,36.0,0.2,42.0,3.7,10.5,2024.0
Herohalli,03/24,0.09231818432,0.1078786021,-0.3384302997,-0.4389693155,3598.0,"D (Propagation of wild life,fisheries)",4.4,7.1,529.0,4.0,2.0,2200.0,9400.0,3.0,120.0,5.0,120.0,84.0,44.0,1.5,0.79,140.0,72.0,68.0,22.0,49.0,364.0,26.0,0.2,0.5,11.0,0.2,40.0,1.8,0.44,2024.0
Hosakerehalli,03/24,0.2347553952,-0.003927313311,-0.5388702302,-0.6617015963,4536.0,"E (Irrigation, industrial cooling and controlled waste)",1.5,6.7,1038.0,17.0,4.3,240.0,3500.0,3.0,500.0,5.0,500.0,104.0,114.0,3.6,2.8,316.0,164.0,152.0,9.0,136.0,724.0,24.0,6.0,0.5,30.0,0.2,45.0,3.3,13.4,2024.0
Kempambudhi,03/24,0.3617517801,-0.1998229089,-0.226984036,-0.4320928637,3591.0,"E (Irrigation, industrial cooling and controlled waste)",2.9,7.0,553.0,20.0,2.14,4500.0,23000.0,3.0,124.0,5.0,124.0,88.0,163.0,5.4,4.7,144.0,76.0,68.0,22.0,52.0,384.0,28.0,0.34,0.5,11.0,0.22,41.0,1.88,0.91,2024.0
Nayandanahalli,03/24,0.1372406689,-0.0988719949,0.05670131715,-0.03666051653,3596.0,"D (Propagation of wild life,fisheries)",4.3,7.8,913.0,11.0,3.4,320.0,3500.0,3.0,224.0,5.0,224.0,148.0,104.0,1.5,0.82,208.0,108.0,100.0,27.0,98.0,640.0,12.0,0.5,0.5,34.0,0.2,46.0,2.9,0.9,2024.0
Sankey,03/24,0.0877864932,-0.1491994632,0.2496154909,0.1380614303,3594.0,"D (Propagation of wild life,fisheries)",5.8,7.9,576.0,7.0,2.2,320.0,3500.0,3.0,136.0,5.0,136.0,76.0,66.0,1.5,0.8,132.0,72.0,60.0,16.0,62.0,408.0,10.0,0.2,0.5,17.0,0.2,47.0,2.4,0.4,2024.0
Yediyur,03/24,0.3743907257,-0.2426109766,-0.01816380636,-0.2961559519,3592.0,"E (Irrigation, industrial cooling and controlled waste)",3.3,6.9,313.0,19.0,1.2,11000.0,33000.0,3.0,68.0,5.0,68.0,48.0,160.0,5.1,4.4,80.0,44.0,36.0,13.0,29.0,216.0,14.0,0.31,0.5,6.0,0.2,41.0,1.4,0.91,2024.0
Sompura,03/24,0.1262961842,0.05284279663,-0.287066693,-0.4129501268,4534.0,"D (Propagation of wild life,fisheries)",4.8,8.7,1284.0,9.0,5.5,170.0,2400.0,96.0,632.0,48.0,528.0,164.0,80.0,1.5,0.78,188.0,96.0,92.0,47.0,164.0,894.0,12.0,0.2,0.5,32.0,0.21,61.0,5.2,0.05,2024.0
Bhattarahalli,03/24,0.1092533435,-0.1966355693,0.3213673328,0.08064429066,4515.0,"D (Propagation of wild life,fisheries)",5.9,8.5,907.0,7.0,3.6,3300.0,7900.0,40.0,84.0,20.0,124.0,176.0,60.0,1.5,0.51,80.0,44.0,36.0,34.0,73.0,616.0,20.0,0.2,0.5,6.0,0.48,64.0,4.0,0.05,2024.0
Begur,03/24,0.2527758938,-0.08919009077,-0.1494981847,-0.3214549513,3619.0,"E (Irrigation, industrial cooling and controlled waste)",3.5,7.28,998.0,11.0,2.3,1700.0,7900.0,3.0,200.0,5.0,200.0,156.0,103.0,1.5,0.61,244.0,128.0,116.0,31.0,92.0,680.0,18.0,0.2,0.5,8.0,0.42,44.0,3.0,0.05,2024.0
Yelahanka,03/24,0.1581883919,-0.134048713,0.1753821614,0.05889246005,3630.0,"E (Irrigation, industrial cooling and controlled waste)",3.5,8.1,1255.0,31.0,4.0,2100.0,9400.0,3.0,320.0,5.0,320.0,240.0,184.0,5.7,4.4,300.0,156.0,144.0,12.0,125.0,853.0,82.0,1.23,0.5,39.0,0.2,44.0,3.0,2.23,2024.0
Singapura,03/24,0.2135373447,0.0106382686,-0.5126847694,-0.6506924296,4508.0,"E (Irrigation, industrial cooling and controlled waste)",2.2,7.9,755.0,19.0,3.0,2200.0,9400.0,3.0,200.0,5.0,200.0,104.0,168.0,3.12,2.4,192.0,100.0,92.0,10.0,49.0,513.0,60.0,0.52,0.5,22.0,0.21,33.0,2.0,0.81,2024.0
Bellandur,03/24,0.1833078299,0.007973180906,-0.3542641673,-0.5028072132,3602.0,"D (Propagation of wild life,fisheries)",4.4,7.1,646.0,8.0,2.3,2200.0,13000.0,3.0,84.0,5.0,84.0,100.0,96.0,1.5,0.4,96.0,56.0,40.0,38.0,78.0,432.0,40.0,0.26,0.5,21.0,0.34,58.0,3.0,0.66,2024.0
Abbigere,03/24,0.1424915455,0.09328998909,-0.4209354158,-0.5541580657,4506.0,"E (Irrigation, industrial cooling and controlled waste)",0.5,7.8,1392.0,20.0,6.4,3100.0,9400.0,3.0,672.0,5.0,672.0,220.0,133.0,5.2,4.0,456.0,232.0,224.0,28.0,190.0,966.0,24.0,1.5,0.5,34.0,0.24,45.0,3.8,5.5,2024.0
Kammagondanahalli,03/24,0.1079512226,0.1337777069,-0.3865910446,-0.5058477125,4540.0,"E (Irrigation, industrial cooling and controlled waste)",0.7,7.8,1360.0,18.0,6.6,1700.0,4800.0,3.0,652.0,5.0,652.0,216.0,120.0,2.9,2.2,428.0,220.0,208.0,23.0,191.0,944.0,24.0,6.0,0.5,35.0,0.22,34.0,4.0,14.7,2024.0
Chikkabanavara,03/24,0.3534769084,-0.2506192392,-0.3481981845,-0.4718320995,4095.0,"E (Irrigation, industrial cooling and controlled waste)",0.9,7.6,1268.0,17.0,6.7,1100.0,7900.0,3.0,476.0,5.0,476.0,296.0,116.0,1.7,1.3,536.0,272.0,264.0,40.0,195.0,882.0,18.0,1.4,0.5,34.0,0.2,42.0,3.7,2.6,2024.0
Lalbagh,03/24,0.3211623907,-0.2274133849,0.06866772653,-0.1585979492,3590.0,"D (Propagation of wild life,fisheries)",4.4,7.4,598.0,4.0,2.31,14000.0,49000.0,3.0,136.0,5.0,136.0,96.0,43.0,1.5,0.61,160.0,84.0,76.0,24.0,57.0,418.0,12.0,0.2,0.5,12.0,0.39,41.0,2.0,0.51,2024.0
Soulkere,03/24,0.2877594023,-0.1446412022,-0.2966851777,-0.4592923904,5570.0,"E (Irrigation, industrial cooling and controlled waste)",3.4,7.9,2084.0,9.0,7.0,2700.0,11000.0,3.0,560.0,5.0,560.0,316.0,92.0,1.5,0.87,300.0,156.0,144.0,84.0,286.0,1436.0,120.0,1.28,0.5,41.0,0.28,42.0,4.0,1.63,2024.0
Devarabeesanahalli,03/24,0.106091889,-0.1429311326,0.2057617027,0.02234995355,4521.0,"E (Irrigation, industrial cooling and controlled waste)",1.2,7.5,998.0,18.0,4.0,2600.0,9400.0,3.0,120.0,5.0,120.0,188.0,156.0,4.16,3.2,136.0,72.0,64.0,28.0,120.0,678.0,104.0,0.2,0.5,28.0,0.36,60.0,4.0,0.05,2024.0
Kaikondanahalli,03/24,0.3053811582,-0.1707403642,-0.1134511039,-0.2562973068,3611.0,"E (Irrigation, industrial cooling and controlled waste)",1.3,7.9,2015.0,17.0,7.0,2300.0,7900.0,3.0,564.0,5.0,564.0,332.0,132.0,2.86,2.2,340.0,176.0,164.0,108.0,252.0,1370.0,158.0,1.64,0.5,40.0,0.36,58.0,6.0,3.49,2024.0
Kasavanahalli,03/24,0.05534426648,-0.2087773829,0.3921627497,0.2460796021,4529.0,"D (Propagation of wild life,fisheries)",6.0,7.7,986.0,5.0,4.0,220.0,2400.0,3.0,120.0,5.0,120.0,184.0,48.0,1.5,0.46,148.0,80.0,68.0,34.0,118.0,680.0,10.0,0.2,0.5,30.0,0.27,58.0,4.0,0.21,2024.0
Byrasandra,03/24,0.1684106333,-0.003563539182,-0.221601536,-0.3786720843,3595.0,"D (Propagation of wild life,fisheries)",5.4,8.5,385.0,6.0,1.4,3100.0,17000.0,8.0,72.0,5.0,80.0,52.0,56.0,1.5,0.4,64.0,40.0,24.0,22.0,53.0,270.0,194.0,0.2,0.5,15.0,0.2,58.0,3.0,0.05,2024.0
Agaram,03/24,0.2102169646,-0.149872379,0.09143452032,-0.01954409894,3612.0,"E (Irrigation, industrial cooling and controlled waste)",3.4,7.4,966.0,14.0,3.1,230.0,2400.0,3.0,272.0,5.0,272.0,148.0,145.0,9.9,7.6,260.0,136.0,124.0,15.0,94.0,658.0,164.0,0.2,0.5,12.0,0.39,43.0,2.5,0.05,2024.0
Ibbalur,03/24,0.1330406227,-0.1097108127,0.02497968765,-0.1067978803,3609.0,"D (Propagation of wild life,fisheries)",4.6,7.0,619.0,8.0,2.2,630.0,3500.0,3.0,40.0,5.0,40.0,92.0,92.0,1.5,0.4,88.0,52.0,36.0,41.0,75.0,418.0,50.0,0.29,0.5,20.0,0.34,59.0,3.0,0.78,2024.0
Puttenahalli,03/24,0.2757222047,-0.1724266419,-0.03004835688,-0.2407488825,3614.0,"E (Irrigation, industrial cooling and controlled waste)",3.1,8.0,667.0,12.0,2.5,1400.0,4900.0,3.0,128.0,5.0,128.0,100.0,116.0,1.5,0.98,128.0,72.0,56.0,11.0,66.0,456.0,22.0,0.2,0.5,8.0,0.22,50.0,2.5,0.05,2024.0
Puttenahalli,03/24,0.2757222047,-0.1724266419,-0.03004835688,-0.2407488825,3624.0,"E (Irrigation, industrial cooling and controlled waste)",2.4,7.4,770.0,38.0,2.6,1700.0,7900.0,3.0,188.0,5.0,188.0,96.0,176.0,2.9,2.1,188.0,100.0,88.0,28.0,92.0,512.0,72.0,0.93,0.5,21.0,0.25,48.0,3.0,2.5,2024.0
Somasundrapalya,03/24,0.2018079798,-0.1405019626,0.1602915583,-0.08779277248,3622.0,"D (Propagation of wild life,fisheries)",4.4,8.0,694.0,7.0,2.0,2100.0,7000.0,3.0,100.0,5.0,100.0,108.0,60.0,1.5,0.4,112.0,60.0,52.0,25.0,80.0,470.0,50.0,0.2,0.5,22.0,0.35,54.0,3.0,0.1,2024.0
Singasandra,03/24,0.2282951197,-0.142565212,-0.07617689695,-0.2528255869,3618.0,"D (Propagation of wild life,fisheries)",4.5,8.5,634.0,6.0,1.6,2200.0,4900.0,64.0,112.0,32.0,176.0,132.0,55.0,1.5,0.4,212.0,112.0,100.0,31.0,65.0,538.0,25.0,0.2,0.5,7.0,0.31,39.0,3.0,0.05,2024.0
Singasandra,03/24,0.1101479531,0.06322599405,-0.257555695,-0.4127096486,3618.0,"D (Propagation of wild life,fisheries)",4.5,8.5,634.0,6.0,1.6,2200.0,4900.0,64.0,112.0,32.0,176.0,132.0,55.0,1.5,0.4,212.0,112.0,100.0,31.0,65.0,538.0,25.0,0.2,0.5,7.0,0.31,39.0,3.0,0.05,2024.0
Parappana Agrahara,03/24,0.215965802,-0.1712599784,0.07428986245,-0.1104799752,3620.0,"E (Irrigation, industrial cooling and controlled waste)",2.3,8.5,1088.0,17.0,4.0,13000.0,33000.0,24.0,112.0,12.0,136.0,212.0,168.0,4.84,3.8,152.0,80.0,72.0,42.0,169.0,750.0,86.0,0.2,0.5,40.0,0.27,70.0,6.0,0.3,2024.0
Basavanapura,03/24,0.104269032,0.05204225139,-0.2257877819,-0.356004366,4542.0,"D (Propagation of wild life,fisheries)",4.4,7.4,641.0,8.0,1.1,11000.0,33000.0,3.0,148.0,5.0,148.0,100.0,83.0,1.5,0.4,192.0,104.0,88.0,23.0,60.0,370.0,68.0,0.2,0.5,8.0,0.32,39.0,2.0,0.05,2024.0
Basavanapura,03/24,0.104269032,0.05204225139,-0.2257877819,-0.356004366,5566.0,"D (Propagation of wild life,fisheries)",4.7,7.9,541.0,9.0,1.77,2200.0,24000.0,3.0,100.0,5.0,100.0,64.0,80.0,1.5,0.72,68.0,40.0,28.0,27.0,32.0,368.0,20.0,0.2,0.5,2.0,0.28,49.0,2.0,0.31,2024.0
Arakere,03/24,0.3946384058,-0.2169881747,-0.1215045542,-0.3903974718,3615.0,"E (Irrigation, industrial cooling and controlled waste)",3.4,8.2,669.0,12.0,1.6,3300.0,11000.0,3.0,192.0,5.0,192.0,132.0,147.0,1.5,0.9,172.0,92.0,80.0,20.0,70.0,456.0,66.0,1.01,0.5,7.0,0.27,46.0,2.0,3.12,2024.0
Gottigere,03/24,0.22660104,-0.1586326324,0.07112637871,-0.0417693194,3613.0,"D (Propagation of wild life,fisheries)",4.6,7.6,1042.0,8.0,2.5,430.0,3500.0,3.0,340.0,5.0,340.0,184.0,79.0,1.5,0.4,344.0,180.0,164.0,20.0,98.0,710.0,16.0,1.04,0.5,11.0,0.25,37.0,3.0,3.19,2024.0
Doddakallasandra,03/24,0.09642748526,0.09109181973,-0.2986947586,-0.4588613937,5567.0,"E (Irrigation, industrial cooling and controlled waste)",3.2,7.1,879.0,15.0,3.2,2700.0,11000.0,3.0,112.0,5.0,112.0,148.0,149.0,3.89,2.99,188.0,100.0,88.0,14.0,86.0,600.0,240.0,0.2,0.5,11.0,0.34,48.0,2.7,0.05,2024.0
Puttenahalli,03/24,0.2321315116,-0.03230779339,-0.3714855322,-0.5016194264,3614.0,"E (Irrigation, industrial cooling and controlled waste)",3.1,8.0,667.0,12.0,2.5,1400.0,4900.0,3.0,128.0,5.0,128.0,100.0,116.0,1.5,0.98,128.0,72.0,56.0,11.0,66.0,456.0,22.0,0.2,0.5,8.0,0.22,50.0,2.5,0.05,2024.0
Puttenahalli,03/24,0.2321315116,-0.03230779339,-0.3714855322,-0.5016194264,3624.0,"E (Irrigation, industrial cooling and controlled waste)",2.4,7.4,770.0,38.0,2.6,1700.0,7900.0,3.0,188.0,5.0,188.0,96.0,176.0,2.9,2.1,188.0,100.0,88.0,28.0,92.0,512.0,72.0,0.93,0.5,21.0,0.25,48.0,3.0,2.5,2024.0
Chelekere,03/24,0.2440990403,-0.05201844668,-0.3391214248,-0.4709678221,4507.0,"E (Irrigation, industrial cooling and controlled waste)",2.3,7.9,754.0,27.0,3.0,2100.0,13000.0,3.0,192.0,5.0,192.0,92.0,172.0,3.6,2.8,176.0,92.0,84.0,11.0,47.0,510.0,49.0,0.44,0.5,23.0,0.2,37.0,2.0,0.63,2024.0
Agaram,03/24,0.3464368954,-0.2249191898,0.1566702452,-0.1307938427,3612.0,"E (Irrigation, industrial cooling and controlled waste)",3.4,7.4,966.0,14.0,3.1,230.0,2400.0,3.0,272.0,5.0,272.0,148.0,145.0,9.9,7.6,260.0,136.0,124.0,15.0,94.0,658.0,164.0,0.2,0.5,12.0,0.39,43.0,2.5,0.05,2024.0
Kalkere,03/24,0.433477906,-0.1878100561,-0.4228803713,-0.5685341631,3607.0,"E (Irrigation, industrial cooling and controlled waste)",0.3,7.7,1253.0,148.0,4.0,2300.0,9400.0,3.0,500.0,5.0,500.0,200.0,992.0,23.92,18.4,280.0,150.0,130.0,9.0,118.0,864.0,256.0,0.59,0.5,26.0,0.2,45.0,3.0,2.08,2024.0
Rampura,03/24,0.1096259937,0.1432995377,-0.3998997227,-0.5417127379,4519.0,"E (Irrigation, industrial cooling and controlled waste)",0.3,6.7,1636.0,74.0,6.0,2600.0,11000.0,3.0,484.0,5.0,484.0,216.0,488.0,26.3,20.2,328.0,168.0,160.0,23.0,250.0,1112.0,60.0,1.64,0.5,37.0,0.34,59.0,6.0,3.49,2024.0
Dasarahalli,03/24,0.1997212336,-0.06353264118,-0.1651897842,-0.2930977929,3606.0,"E (Irrigation, industrial cooling and controlled waste)",0.5,6.7,383.0,18.0,1.7,1400.0,24000.0,3.0,80.0,5.0,80.0,64.0,120.0,2.6,2.0,136.0,72.0,64.0,55.0,56.0,280.0,16.0,1.0,0.5,20.0,0.2,42.0,2.0,3.0,2024.0
Doddabidarakallu,03/24,0.1050325275,0.1674870438,-0.4063478049,-0.5382642465,4539.0,"E (Irrigation, industrial cooling and controlled waste)",0.8,7.6,1185.0,18.0,6.0,1100000.0,4900000.0,3.0,456.0,5.0,456.0,152.0,120.0,3.3,2.0,436.0,224.0,212.0,53.0,174.0,525.0,28.0,2.0,0.5,35.0,0.28,44.0,3.6,5.9,2024.0
Allalasandra,03/24,0.273093533,-0.1789664385,0.09802622157,-0.1727203429,3629.0,"E (Irrigation, industrial cooling and controlled waste)",3.6,8.1,1248.0,32.0,4.0,2600.0,17000.0,3.0,336.0,5.0,336.0,224.0,188.0,5.8,4.5,296.0,152.0,144.0,10.0,137.0,857.0,98.0,1.67,0.5,35.0,0.2,46.0,3.0,3.57,2024.0
Andhrahalli,03/24,0.1138874737,0.04821461611,-0.2524926007,-0.367436767,4096.0,"E (Irrigation, industrial cooling and controlled waste)",3.3,8.0,2290.0,16.0,9.24,1850.0,7450.0,3.0,360.0,5.0,360.0,380.0,120.0,1.56,1.2,496.0,252.0,244.0,70.0,228.0,1556.0,10.0,1.02,0.5,57.0,0.46,40.0,4.0,2.07,2024.0
Kogilu,03/24,0.2225700567,-0.08623169094,-0.2257770028,-0.3091430623,4511.0,"E (Irrigation, industrial cooling and controlled waste)",2.8,8.0,758.0,29.0,3.0,1700.0,4800.0,3.0,196.0,5.0,196.0,96.0,172.0,3.6,2.8,176.0,92.0,84.0,10.0,110.0,515.0,62.0,0.41,0.5,21.0,0.22,55.0,3.0,0.52,2024.0
Basavanapura,03/24,0.1879199138,-0.1486758174,0.07367836984,-0.1258553689,4542.0,"D (Propagation of wild life,fisheries)",4.4,7.4,641.0,8.0,1.1,11000.0,33000.0,3.0,148.0,5.0,148.0,100.0,83.0,1.5,0.4,192.0,104.0,88.0,23.0,60.0,370.0,68.0,0.2,0.5,8.0,0.32,39.0,2.0,0.05,2024.0
Basavanapura,03/24,0.1879199138,-0.1486758174,0.07367836984,-0.1258553689,5566.0,"D (Propagation of wild life,fisheries)",4.7,7.9,541.0,9.0,1.77,2200.0,24000.0,3.0,100.0,5.0,100.0,64.0,80.0,1.5,0.72,68.0,40.0,28.0,27.0,32.0,368.0,20.0,0.2,0.5,2.0,0.28,49.0,2.0,0.31,2024.0
Mangamanapalya,03/24,0.1807733941,-0.090499316,-0.07010575791,-0.1835767662,4547.0,"E (Irrigation, industrial cooling and controlled waste)",3.0,7.6,1135.0,15.0,3.6,13000.0,46000.0,3.0,320.0,5.0,320.0,176.0,149.0,13.0,10.0,308.0,160.0,148.0,17.0,110.0,774.0,170.0,1.2,0.5,14.0,0.36,42.0,2.7,3.2,2024.0
Hoodi,03/24,0.106005205,0.07564251011,-0.2669187039,-0.4116674688,5560.0,"D (Propagation of wild life,fisheries)",4.8,8.5,990.0,10.0,5.6,2100.0,11000.0,64.0,136.0,32.0,220.0,168.0,94.0,1.5,0.84,268.0,140.0,128.0,29.0,163.0,678.0,10.0,1.5,0.5,23.0,0.23,54.0,4.3,5.5,2024.0
Rachenahalli,03/24,0.4440844738,-0.2467067808,-0.1135831995,-0.290461007,4510.0,"E (Irrigation, industrial cooling and controlled waste)",3.0,8.0,931.0,17.0,3.0,1200.0,7900.0,3.0,272.0,5.0,272.0,160.0,168.0,2.9,2.3,248.0,128.0,120.0,6.0,76.0,642.0,57.0,0.8,0.5,25.0,0.2,37.0,2.0,0.96,2024.0
Nagavara,03/24,0.3346427678,-0.1710821651,-0.17674735,-0.3160830123,3626.0,"E (Irrigation, industrial cooling and controlled waste)",2.6,8.2,751.0,25.0,3.0,2100.0,11000.0,3.0,192.0,5.0,192.0,108.0,172.0,3.77,2.9,192.0,100.0,92.0,10.0,47.0,518.0,48.0,0.41,0.5,21.0,0.22,32.0,1.4,0.52,2024.0
Herohalli,03/24,0.3053601046,-0.1839315143,-0.1279661798,-0.33022065,3598.0,"D (Propagation of wild life,fisheries)",4.4,7.1,529.0,4.0,2.0,2200.0,9400.0,3.0,120.0,5.0,120.0,84.0,44.0,1.5,0.79,140.0,72.0,68.0,22.0,49.0,364.0,26.0,0.2,0.5,11.0,0.2,40.0,1.8,0.44,2024.0
Hebbal,03/24,0.2334191375,-0.1600103331,0.03350311187,-0.1042931983,3625.0,"E (Irrigation, industrial cooling and controlled waste)",2.2,7.6,745.0,28.0,2.5,2200.0,9400.0,3.0,196.0,5.0,196.0,96.0,172.0,1.8,1.2,168.0,92.0,76.0,26.0,94.0,496.0,60.0,0.88,0.5,21.0,0.27,51.0,3.0,2.3,2024.0
Vibhuthipura,03/24,0.1319170884,0.0504063601,-0.2816827343,-0.4372788702,4522.0,"D (Propagation of wild life,fisheries)",5.9,7.8,646.0,7.0,2.1,210.0,3500.0,3.0,104.0,5.0,104.0,60.0,60.0,1.5,0.4,136.0,72.0,64.0,29.0,55.0,438.0,50.0,0.2,0.5,14.0,0.2,43.0,2.0,0.05,2024.0
Nallurahalli,03/24,0.09370924558,0.09705832712,-0.2375833293,-0.4057366397,4523.0,"D (Propagation of wild life,fisheries)",4.9,6.6,750.0,9.0,4.7,1700.0,13000.0,3.0,76.0,5.0,76.0,240.0,86.0,1.5,0.79,260.0,136.0,124.0,118.0,140.0,520.0,20.0,0.3,0.5,16.0,0.4,52.0,3.8,0.8,2024.0
Tubarahalli,03/24,0.1543363428,-0.1155157821,0.1444787289,-0.08264323465,3610.0,"D (Propagation of wild life,fisheries)",4.4,7.0,702.0,8.0,2.4,1300.0,7000.0,3.0,80.0,5.0,80.0,128.0,76.0,1.5,0.4,112.0,64.0,48.0,31.0,95.0,466.0,52.0,0.2,0.5,14.0,0.23,61.0,4.0,0.05,2024.0
Chinnappanahalli,03/24,0.2882125032,-0.1780608397,-0.05527531143,-0.2836241702,4520.0,"D (Propagation of wild life,fisheries)",4.9,8.5,615.0,9.0,2.4,580.0,3500.0,24.0,104.0,12.0,128.0,108.0,84.0,1.5,0.77,96.0,52.0,44.0,16.0,76.0,430.0,10.0,0.2,0.5,13.0,0.3,59.0,3.4,0.05,2024.0
Kundalahalli,03/24,0.4194143923,-0.2845341816,0.0108975921,-0.254478243,4516.0,"D (Propagation of wild life,fisheries)",4.6,8.5,1581.0,8.0,5.5,320.0,3500.0,48.0,156.0,24.0,204.0,364.0,92.0,1.5,0.4,296.0,156.0,140.0,44.0,201.0,1046.0,98.0,0.95,0.5,22.0,0.2,57.0,5.0,2.8,2024.0
Varthur,03/24,0.2993224172,-0.06767999524,-0.5767090116,-0.7026705766,3608.0,"E (Irrigation, industrial cooling and controlled waste)",1.2,7.4,1405.0,81.0,4.8,1400.0,4800.0,3.0,412.0,5.0,412.0,164.0,228.0,52.0,39.0,256.0,136.0,120.0,19.0,151.0,922.0,26.0,2.5,0.5,30.0,0.25,53.0,4.0,7.2,2024.0
Narasipura,03/24,0.2217920279,-0.06037743864,-0.3111962472,-0.4670214384,4509.0,"E (Irrigation, industrial cooling and controlled waste)",2.4,8.0,758.0,17.0,3.0,6800.0,33000.0,3.0,192.0,5.0,192.0,108.0,168.0,3.25,2.5,188.0,100.0,88.0,11.0,58.0,520.0,50.0,0.55,0.5,23.0,0.21,37.0,2.0,0.66,2024.0
Narasipura,03/24,0.3364935174,-0.1222403992,-0.6295530377,-0.7434309822,4509.0,"E (Irrigation, industrial cooling and controlled waste)",2.4,8.0,758.0,17.0,3.0,6800.0,33000.0,3.0,192.0,5.0,192.0,108.0,168.0,3.25,2.5,188.0,100.0,88.0,11.0,58.0,520.0,50.0,0.55,0.5,23.0,0.21,37.0,2.0,0.66,2024.0
Kengeri,04/24,0.1322628112,0.1111126461,-0.412080897,-0.550553063,3639.0,"D (Propagation of wild life,fisheries)",4.1,7.2,1165.0,8.0,4.7,320.0,1700.0,3.0,308.0,5.0,308.0,140.0,92.0,1.5,0.46,268.0,140.0,128.0,30.0,124.0,792.0,22.0,1.9,0.5,27.0,0.48,47.0,3.0,4.9,2024.0
Kengeri,04/24,0.4555136177,-0.2240171196,-0.4148495981,-0.7020365579,3639.0,"D (Propagation of wild life,fisheries)",4.1,7.2,1165.0,8.0,4.7,320.0,1700.0,3.0,308.0,5.0,308.0,140.0,92.0,1.5,0.46,268.0,140.0,128.0,30.0,124.0,792.0,22.0,1.9,0.5,27.0,0.48,47.0,3.0,4.9,2024.0
Devarakere,04/24,0.423218035,-0.226708076,-0.1768267309,-0.6282046372,3634.0,"D (Propagation of wild life,fisheries)",4.2,8.1,307.0,5.0,1.2,210.0,3500.0,3.0,80.0,5.0,80.0,48.0,52.0,1.5,0.4,68.0,40.0,28.0,12.0,25.0,515.0,20.0,0.2,0.5,6.0,0.2,41.0,1.3,0.05,2024.0
Uttarahalli Doraikere,04/24,0.3798067025,-0.1652810574,-0.3995949685,-0.5773635149,3640.0,"E (Irrigation, industrial cooling and controlled waste)",0.3,6.5,1124.0,60.0,4.32,3200.0,17000.0,3.0,260.0,5.0,260.0,188.0,277.0,12.8,10.1,300.0,156.0,144.0,46.0,108.0,756.0,76.0,1.29,0.5,22.0,0.21,41.0,2.7,3.65,2024.0
Herohalli,04/24,0.08840099527,0.1173408186,-0.3324986933,-0.4284071802,3598.0,"E (Irrigation, industrial cooling and controlled waste)",0.3,7.2,675.0,23.0,2.4,780.0,4900.0,3.0,184.0,5.0,184.0,96.0,156.0,3.1,2.4,168.0,88.0,80.0,35.0,76.0,462.0,24.0,1.6,0.5,18.0,0.2,47.0,2.6,3.7,2024.0
Hosakerehalli,04/24,0.2173975065,0.05906725398,-0.5380057093,-0.6870477623,4536.0,"D (Propagation of wild life,fisheries)",4.2,8.3,1000.0,9.0,4.0,1400.0,13000.0,56.0,104.0,28.0,160.0,156.0,80.0,1.5,0.4,148.0,80.0,68.0,23.0,96.0,680.0,28.0,0.55,0.5,24.0,0.41,54.0,3.0,1.4,2024.0
Kempambudhi,04/24,0.4019218364,-0.2308484265,-0.2733968007,-0.5438249505,3591.0,"E (Irrigation, industrial cooling and controlled waste)",2.6,8.0,697.0,12.0,2.0,2000.0,9400.0,3.0,188.0,5.0,188.0,64.0,128.0,2.67,2.06,168.0,88.0,80.0,25.0,93.0,386.0,61.0,94.0,1.0,25.0,0.25,51.0,3.0,0.42,2024.0
Nayandanahalli,04/24,0.2141293207,-0.1649921885,0.03356081977,-0.1518224127,3596.0,"D (Propagation of wild life,fisheries)",5.1,7.9,934.0,4.0,3.6,220.0,1400.0,3.0,216.0,5.0,216.0,160.0,45.0,1.5,0.84,252.0,132.0,120.0,38.0,89.0,636.0,10.0,0.22,0.5,19.0,0.2,41.0,2.4,0.62,2024.0
Sankey,04/24,0.1220167764,-0.1723799631,0.3589687074,0.2238629571,3594.0,"D (Propagation of wild life,fisheries)",4.8,8.0,612.0,7.0,2.3,170.0,2400.0,3.0,144.0,5.0,144.0,80.0,83.0,1.5,0.7,132.0,72.0,60.0,10.0,67.0,398.0,16.0,0.2,0.5,9.0,0.2,50.0,2.55,0.2,2024.0
Yediyur,04/24,0.444701849,-0.2811659107,-0.1407091925,-0.5095987388,3592.0,"E (Irrigation, industrial cooling and controlled waste)",3.1,8.1,482.0,13.0,2.0,1400.0,4800.0,3.0,92.0,5.0,92.0,52.0,124.0,1.5,1.05,40.0,24.0,16.0,10.0,67.0,332.0,64.0,0.26,0.5,16.0,0.25,71.0,5.0,0.63,2024.0
Sompura,04/24,0.1400218383,0.06147003784,-0.2635998914,-0.4329089277,4534.0,"E (Irrigation, industrial cooling and controlled waste)",0.3,6.5,696.0,30.0,2.8,680.0,4600.0,3.0,152.0,5.0,152.0,92.0,168.0,28.6,22.0,156.0,84.0,72.0,13.0,75.0,466.0,126.0,0.86,0.5,15.0,0.36,48.0,3.0,0.71,2024.0
Bhattarahalli,04/24,0.1372647814,-0.2381691305,0.3858097749,0.04147447717,4515.0,"D (Propagation of wild life,fisheries)",4.1,8.5,1151.0,12.0,3.7,320.0,3500.0,16.0,308.0,8.0,324.0,196.0,121.0,1.5,0.99,312.0,164.0,148.0,18.0,112.0,784.0,30.0,2.1,0.5,14.0,0.9,42.0,2.8,0.76,2024.0
Begur,04/24,0.3063167259,-0.1089890988,-0.1957064765,-0.3636787843,3619.0,"D (Propagation of wild life,fisheries)",5.4,7.2,1274.0,7.0,2.95,930.0,4900.0,3.0,172.0,5.0,172.0,164.0,75.0,1.5,3.06,192.0,100.0,92.0,19.0,102.0,860.0,12.0,0.98,0.5,15.0,0.3,51.0,3.2,3.0,2024.0
Bellandur,04/24,0.1909157979,0.02155245792,-0.3721647889,-0.5434870516,3602.0,"E (Irrigation, industrial cooling and controlled waste)",0.3,7.7,1322.0,27.0,5.8,7800.0,23000.0,3.0,300.0,5.0,300.0,184.0,182.0,2.6,2.0,356.0,184.0,172.0,73.0,175.0,902.0,28.0,2.2,0.5,33.0,0.23,49.0,5.6,7.6,2024.0
Abbigere,04/24,0.1220723947,0.1261437101,-0.4032423392,-0.5648198451,4506.0,"D (Propagation of wild life,fisheries)",4.2,8.3,1858.0,8.0,6.9,170.0,2400.0,24.0,420.0,12.0,444.0,276.0,92.0,1.5,0.48,564.0,288.0,276.0,56.0,161.0,1240.0,10.0,0.43,0.5,28.0,0.2,37.0,3.0,1.0,2024.0
Kammagondanahalli,04/24,0.1048716695,0.1529882513,-0.3915783207,-0.5231166592,4540.0,"E (Irrigation, industrial cooling and controlled waste)",1.5,7.0,1667.0,24.0,6.5,1500.0,4100.0,3.0,656.0,5.0,656.0,196.0,160.0,3.9,3.0,396.0,204.0,192.0,32.0,194.0,1136.0,28.0,4.7,0.5,28.0,0.22,49.0,4.3,10.0,2024.0
Chikkabanavara,04/24,0.2278529866,-0.03466726901,-0.4791794342,-0.6253725902,4095.0,"E (Irrigation, industrial cooling and controlled waste)",2.0,7.1,1700.0,22.0,6.7,270.0,2800.0,3.0,492.0,5.0,492.0,296.0,149.0,3.0,2.3,548.0,280.0,268.0,35.0,198.0,1156.0,18.0,5.1,0.5,28.0,0.24,42.0,3.7,11.8,2024.0
Lalbagh,04/24,0.4280691468,-0.294530461,0.07683045622,-0.3392106074,3590.0,"D (Propagation of wild life,fisheries)",5.1,8.2,649.0,5.0,2.0,1700.0,13000.0,3.0,96.0,5.0,96.0,96.0,48.0,1.5,0.6,112.0,60.0,52.0,7.0,74.0,440.0,58.0,0.2,0.5,19.0,0.36,54.0,3.0,0.32,2024.0
Soulkere,04/24,0.319814171,-0.1220004094,-0.3994568897,-0.6528318457,5570.0,"D (Propagation of wild life,fisheries)",5.9,7.7,803.0,5.0,3.0,26.0,1600.0,3.0,112.0,5.0,112.0,144.0,60.0,1.5,0.4,96.0,56.0,40.0,15.0,105.0,534.0,14.0,0.24,0.5,15.0,0.23,66.0,4.6,0.62,2024.0
Kaikondanahalli,04/24,0.3946505424,-0.2413590963,-0.1625701322,-0.3480946927,3611.0,"E (Irrigation, industrial cooling and controlled waste)",2.6,7.9,1851.0,23.0,8.5,340.0,2800.0,3.0,484.0,5.0,484.0,356.0,152.0,26.0,20.0,320.0,172.0,148.0,38.0,244.0,1260.0,28.0,1.3,0.5,39.0,0.2,59.0,8.0,4.6,2024.0
Byrasandra,04/24,0.1597515042,0.0365305893,-0.3011624588,-0.4738417042,3595.0,"D (Propagation of wild life,fisheries)",4.7,8.6,456.0,7.0,1.5,320.0,3500.0,24.0,56.0,12.0,80.0,60.0,64.0,1.5,0.43,64.0,36.0,28.0,26.0,51.0,312.0,12.0,0.3,0.5,16.0,0.2,57.0,2.8,0.7,2024.0
Agaram,04/24,0.414960245,-0.2515486522,0.17546404,-0.1522403268,3612.0,"D (Propagation of wild life,fisheries)",5.3,7.3,1067.0,7.0,3.0,1500.0,4800.0,3.0,120.0,5.0,120.0,124.0,87.0,1.5,0.4,116.0,68.0,48.0,19.0,102.0,730.0,10.0,1.0,0.5,13.0,0.3,62.0,4.0,3.1,2024.0
Ibbalur,04/24,0.1493106083,-0.1308423857,0.04409487579,-0.2128358867,3609.0,"D (Propagation of wild life,fisheries)",4.7,7.8,736.0,6.0,3.0,170.0,1300.0,3.0,124.0,5.0,124.0,144.0,52.0,1.5,0.4,108.0,60.0,48.0,22.0,97.0,504.0,10.0,0.2,0.5,24.0,0.2,60.0,5.5,0.5,2024.0
Puttenahalli,04/24,0.2906597555,-0.1794166625,-0.03985659133,-0.3142053029,3614.0,"D (Propagation of wild life,fisheries)",4.6,7.5,640.0,5.0,1.5,340.0,2800.0,3.0,140.0,5.0,140.0,132.0,46.0,1.5,0.4,160.0,84.0,76.0,9.0,61.0,438.0,10.0,0.39,0.5,8.0,0.22,44.0,2.1,1.21,2024.0
Somasundrapalya,04/24,0.2647244374,-0.1795084508,0.1919835605,-0.2294452989,3622.0,"E (Irrigation, industrial cooling and controlled waste)",1.2,7.9,1318.0,29.0,5.06,390.0,3500.0,3.0,360.0,5.0,360.0,188.0,199.0,5.6,4.8,288.0,148.0,140.0,12.0,111.0,886.0,22.0,0.31,0.5,32.0,0.32,42.0,2.8,0.91,2024.0
Singasandra,04/24,0.2470549777,-0.1125232495,-0.2491866087,-0.4565359475,3618.0,"D (Propagation of wild life,fisheries)",5.2,7.1,1280.0,6.0,2.9,2100.0,17000.0,3.0,176.0,5.0,176.0,196.0,69.0,1.5,0.4,212.0,116.0,96.0,18.8,107.0,870.0,10.0,1.1,0.5,20.0,0.2,50.0,3.2,3.3,2024.0
Singasandra,04/24,0.07493917433,0.1084086876,-0.275237646,-0.4178799417,3618.0,"D (Propagation of wild life,fisheries)",5.2,7.1,1280.0,6.0,2.9,2100.0,17000.0,3.0,176.0,5.0,176.0,196.0,69.0,1.5,0.4,212.0,116.0,96.0,18.8,107.0,870.0,10.0,1.1,0.5,20.0,0.2,50.0,3.2,3.3,2024.0
Parappana Agrahara,04/24,0.3004394214,-0.2050118631,-0.001633319869,-0.2950834693,3620.0,"E (Irrigation, industrial cooling and controlled waste)",0.3,8.2,882.0,66.0,4.0,14000.0,46000.0,3.0,172.0,5.0,172.0,160.0,292.0,17.4,13.8,120.0,64.0,56.0,19.0,98.0,580.0,138.0,1.04,0.5,33.0,0.26,56.0,4.0,2.8,2024.0
Basavanapura,04/24,0.09256280712,0.07045051783,-0.2538197268,-0.3812579365,5566.0,"E (Irrigation, industrial cooling and controlled waste)",3.4,7.1,1173.0,15.0,3.8,1700.0,9400.0,3.0,328.0,5.0,328.0,184.0,151.0,5.2,4.0,316.0,164.0,152.0,18.0,114.0,800.0,320.0,0.77,0.5,15.0,0.9,42.0,2.8,2.1,2024.0
Arakere,04/24,0.4023304809,-0.218131819,-0.1833571439,-0.4146699282,3615.0,"D (Propagation of wild life,fisheries)",4.9,7.5,389.0,6.0,0.8,2100.0,9400.0,3.0,164.0,5.0,164.0,68.0,75.0,1.5,0.42,136.0,72.0,64.0,11.666666666666666,43.0,288.0,10.0,0.2,0.5,5.0,0.38,39.0,1.4,0.05,2024.0
Gottigere,04/24,0.3932661269,-0.259725246,-0.02657896033,-0.2277714815,3613.0,"E (Irrigation, industrial cooling and controlled waste)",3.6,7.3,1128.0,10.0,2.8,11000.0,46000.0,3.0,296.0,5.0,296.0,196.0,117.0,4.4,3.6,304.0,156.0,148.0,17.0,99.0,770.0,22.0,0.29,0.5,10.0,0.6,40.0,2.4,0.89,2024.0
Puttenahalli,04/24,0.2388588755,-0.002420887462,-0.4037803042,-0.5576600745,3614.0,"D (Propagation of wild life,fisheries)",4.6,7.5,640.0,5.0,1.5,340.0,2800.0,3.0,140.0,5.0,140.0,132.0,46.0,1.5,0.4,160.0,84.0,76.0,9.0,61.0,438.0,10.0,0.39,0.5,8.0,0.22,44.0,2.1,1.21,2024.0
Agaram,04/24,0.3887863339,-0.2447531407,0.08739218389,-0.2556619763,3612.0,"D (Propagation of wild life,fisheries)",5.3,7.3,1067.0,7.0,3.0,1500.0,4800.0,3.0,120.0,5.0,120.0,124.0,87.0,1.5,0.4,116.0,68.0,48.0,19.0,102.0,730.0,10.0,1.0,0.5,13.0,0.3,62.0,4.0,3.1,2024.0
Kalkere,04/24,0.4445714535,-0.2009167474,-0.4137963224,-0.5537325643,3607.0,"E (Irrigation, industrial cooling and controlled waste)",0.9,7.8,1477.0,21.0,4.8,6800.0,49000.0,3.0,416.0,5.0,416.0,232.0,175.0,13.4,10.3,400.0,208.0,192.0,23.0,143.0,1006.0,1040.0,2.7,0.5,18.0,0.93,42.0,3.1,0.98,2024.0
Rampura,04/24,0.09490162459,0.1587411846,-0.3767888202,-0.509429903,4519.0,"E (Irrigation, industrial cooling and controlled waste)",0.3,7.4,1755.0,24.0,5.7,17000.0,48000.0,3.0,496.0,5.0,496.0,276.0,196.0,24.4,18.8,476.0,244.0,232.0,27.0,169.0,1196.0,394.0,3.2,0.5,22.0,0.94,42.0,3.4,9.2,2024.0
Dasarahalli,04/24,0.2088271118,-0.01803819292,-0.2700022329,-0.5059515582,3606.0,"E (Irrigation, industrial cooling and controlled waste)",1.2,7.5,702.0,18.0,2.5,170.0,3300.0,3.0,76.0,5.0,76.0,112.0,118.0,2.0,1.6,204.0,108.0,96.0,93.0,80.0,480.0,28.0,1.3,0.5,22.0,0.2,43.0,2.4,2.7,2024.0
Doddabidarakallu,04/24,0.08266488112,0.1865199416,-0.3678491225,-0.5164077045,4539.0,"E (Irrigation, industrial cooling and controlled waste)",0.8,7.6,1888.0,58.0,6.6,450000.0,2300000.0,3.0,532.0,5.0,532.0,232.0,296.0,29.0,21.0,404.0,208.0,196.0,34.0,189.0,1242.0,20.0,1.4,0.5,34.0,0.2,48.0,4.0,3.8,2024.0
Andhrahalli,04/24,0.1025807199,0.1289203052,-0.3383158498,-0.4904921656,4096.0,"E (Irrigation, industrial cooling and controlled waste)",0.3,8.1,2820.0,25.0,11.2,1100.0,11000.0,3.0,228.0,5.0,228.0,816.0,168.0,5.6,4.3,676.0,344.0,332.0,156.0,327.0,1920.0,26.0,3.0,0.5,40.0,0.39,49.0,5.5,8.0,2024.0
Basavanapura,04/24,0.2171992185,-0.1614201885,0.05944055036,-0.2362867919,5566.0,"E (Irrigation, industrial cooling and controlled waste)",3.4,7.1,1173.0,15.0,3.8,1700.0,9400.0,3.0,328.0,5.0,328.0,184.0,151.0,5.2,4.0,316.0,164.0,152.0,18.0,114.0,800.0,320.0,0.77,0.5,15.0,0.9,42.0,2.8,2.1,2024.0
Mangamanapalya,04/24,0.3093456434,-0.1328186081,-0.1632346402,-0.4583956233,4547.0,"D (Propagation of wild life,fisheries)",4.5,7.8,1106.0,6.0,4.3,220.0,940.0,3.0,124.0,5.0,124.0,232.0,54.0,1.5,0.4,156.0,84.0,72.0,51.0,126.0,756.0,10.0,0.2,0.5,30.0,0.29,58.0,6.0,0.6,2024.0
Hoodi,04/24,0.0912772876,0.1016747201,-0.2658388211,-0.4069784475,5560.0,"E (Irrigation, industrial cooling and controlled waste)",1.2,8.3,1610.0,58.0,5.6,2000.0,9400.0,48.0,248.0,24.0,272.0,340.0,292.0,25.0,18.0,304.0,160.0,144.0,43.0,260.0,1076.0,114.0,1.5,0.5,36.0,0.2,62.0,6.0,4.6,2024.0
Herohalli,04/24,0.3397113668,-0.1943225077,-0.1772888685,-0.4239131378,3598.0,"E (Irrigation, industrial cooling and controlled waste)",0.3,7.2,675.0,23.0,2.4,780.0,4900.0,3.0,184.0,5.0,184.0,96.0,156.0,3.1,2.4,168.0,88.0,80.0,35.0,76.0,462.0,24.0,1.6,0.5,18.0,0.2,47.0,2.6,3.7,2024.0
Tubarahalli,04/24,0.1854860997,-0.1142750534,0.123603911,-0.1657063868,3610.0,"D (Propagation of wild life,fisheries)",4.4,7.7,845.0,7.0,2.9,210.0,3500.0,3.0,76.0,5.0,76.0,156.0,88.0,1.5,0.47,160.0,88.0,72.0,56.0,95.0,572.0,20.0,0.75,0.5,15.0,0.23,53.0,3.0,1.9,2024.0
Chinnappanahalli,04/24,0.3334046589,-0.1917410225,-0.1198245831,-0.4090477528,4520.0,"E (Irrigation, industrial cooling and controlled waste)",2.3,8.5,2027.0,17.0,7.0,680.0,4600.0,32.0,164.0,16.0,196.0,420.0,156.0,4.68,3.6,364.0,188.0,176.0,49.0,243.0,1398.0,56.0,0.48,0.5,38.0,0.2,56.0,6.0,1.02,2024.0
Kundalahalli,04/24,0.4452253944,-0.3621584014,0.01661056854,-0.3354920393,4516.0,"E (Irrigation, industrial cooling and controlled waste)",1.4,8.2,1822.0,27.0,6.3,210.0,3500.0,3.0,216.0,5.0,216.0,464.0,184.0,19.0,12.0,364.0,188.0,176.0,56.0,255.0,1206.0,108.0,1.0,0.5,22.0,0.2,58.0,6.0,2.8,2024.0
Varthur,04/24,0.2923446098,-0.05429016999,-0.552018415,-0.6951029905,3608.0,"E (Irrigation, industrial cooling and controlled waste)",1.2,7.2,1477.0,26.0,5.1,170000.0,1700000.0,3.0,432.0,5.0,432.0,172.0,184.0,36.0,26.0,248.0,132.0,116.0,25.0,154.0,978.0,42.0,1.2,0.5,31.0,0.2,48.0,4.0,3.5,2024.0
Kengeri,05/24,0.1810082771,0.03257769567,-0.4638143864,-0.6090726078,3639.0,"E (Irrigation, industrial cooling and controlled waste)",2.3,7.7,964.0,20.0,3.3,260.0,3500.0,3.0,272.0,5.0,272.0,124.0,167.0,8.7,6.7,260.0,136.0,124.0,15.0,94.0,654.0,84.0,2.3,0.5,12.0,0.38,43.0,2.5,6.5,2024.0
Kengeri,05/24,0.5159030917,-0.2655529487,-0.4407755776,-0.7791400144,3639.0,"E (Irrigation, industrial cooling and controlled waste)",2.3,7.7,964.0,20.0,3.3,260.0,3500.0,3.0,272.0,5.0,272.0,124.0,167.0,8.7,6.7,260.0,136.0,124.0,15.0,94.0,654.0,84.0,2.3,0.5,12.0,0.38,43.0,2.5,6.5,2024.0
Devarakere,05/24,0.3481785941,-0.1536718255,-0.3255214215,-0.5944934204,3634.0,"E (Irrigation, industrial cooling and controlled waste)",0.3,7.0,498.0,78.0,1.3,200.0,2800.0,3.0,124.0,5.0,124.0,56.0,253.0,11.8,9.4,88.0,48.0,40.0,15.0,43.0,340.0,364.0,0.2,0.5,14.0,0.36,47.0,2.0,0.05,2024.0
Uttarahalli Doraikere,05/24,0.3504850404,-0.1543149771,-0.3151402918,-0.5148605275,3640.0,"E (Irrigation, industrial cooling and controlled waste)",2.2,7.2,1655.0,81.0,5.8,3100.0,17000.0,3.0,128.0,5.0,128.0,212.0,340.0,6.7,5.0,356.0,184.0,172.0,220.0,185.0,1090.0,136.0,0.41,0.5,37.0,0.2,50.0,4.0,1.0,2024.0
Herohalli,05/24,0.1542183028,0.05185542327,-0.3442314319,-0.4542827891,3598.0,"D (Propagation of wild life,fisheries)",4.3,6.6,614.0,6.0,2.5,2500.0,14000.0,3.0,116.0,5.0,116.0,60.0,56.0,1.5,0.91,168.0,88.0,80.0,22.0,50.0,410.0,20.0,1.43,0.5,3.0,0.2,39.0,2.0,3.8,2024.0
Hosakerehalli,05/24,0.2687099218,0.02058141969,-0.5600781091,-0.7220861453,4536.0,"E (Irrigation, industrial cooling and controlled waste)",1.7,7.8,1342.0,10.0,3.9,1100.0,4600.0,3.0,240.0,5.0,240.0,436.0,97.0,2.9,2.2,188.0,100.0,88.0,29.0,116.0,918.0,18.0,0.2,0.5,28.0,0.5,53.0,3.7,0.05,2024.0
Kempambudhi,05/24,0.3185759909,-0.1420214087,-0.3507649948,-0.4787722355,3591.0,"E (Irrigation, industrial cooling and controlled waste)",2.9,8.1,740.0,14.0,2.5,1700.0,7900.0,3.0,108.0,5.0,108.0,112.0,120.0,1.6,1.1,124.0,68.0,56.0,36.0,93.0,498.0,44.0,0.29,0.5,17.0,0.21,58.0,4.0,0.84,2024.0
Nayandanahalli,05/24,0.2442928057,-0.1312085006,-0.05349525947,-0.2290442344,3596.0,"E (Irrigation, industrial cooling and controlled waste)",2.9,8.5,826.0,14.0,2.8,1700.0,11000.0,16.0,32.0,8.0,48.0,124.0,142.0,2.5,1.9,216.0,116.0,100.0,13.0,81.0,560.0,76.0,1.1,0.5,10.0,0.33,44.0,2.4,2.9,2024.0
Sankey,05/24,0.1233784572,-0.1057817712,0.06676213363,-0.04733913989,3594.0,"D (Propagation of wild life,fisheries)",6.1,7.9,568.0,6.0,9.6,400.0,16000.0,3.0,148.0,5.0,148.0,76.0,56.0,1.5,0.72,128.0,68.0,60.0,5.0,72.0,388.0,10.0,0.2,0.5,12.0,0.2,52.0,0.36,0.05,2024.0
Ullalu,05/24,0.136376135,0.1433082257,-0.4277816594,-0.5623506335,4533.0,"E (Irrigation, industrial cooling and controlled waste)",0.3,6.5,307.0,23.0,1.0,14000.0,48000.0,3.0,88.0,5.0,88.0,16.0,190.0,11.6,8.9,80.0,48.0,32.0,5.0,31.0,212.0,90.0,1.9,0.5,4.0,0.2,44.0,1.5,5.2,2024.0
Yediyur,05/24,0.3248134783,-0.1813428103,-0.1666631799,-0.3790652622,3592.0,"E (Irrigation, industrial cooling and controlled waste)",0.9,8.9,650.0,42.0,2.2,2400.0,4800.0,40.0,156.0,20.0,196.0,60.0,228.0,5.0,3.7,184.0,100.0,84.0,18.0,73.0,438.0,196.0,0.57,0.5,22.0,0.24,43.0,2.0,1.4,2024.0
Sompura,05/24,0.1746004421,-0.03298519292,-0.3068126376,-0.4297918399,4534.0,"E (Irrigation, industrial cooling and controlled waste)",0.3,9.7,2046.0,29.0,10.0,2100.0,9400.0,400.0,504.0,200.0,704.0,316.0,192.0,8.8,6.7,176.0,92.0,84.0,100.0,291.0,1394.0,46.0,1.1,0.5,30.0,1.14,75.0,9.6,3.3,2024.0
Bhattarahalli,05/24,0.1382561093,-0.1661645259,0.2437834004,-0.1235204937,4515.0,"D (Propagation of wild life,fisheries)",5.3,8.3,1152.0,4.0,4.4,230.0,1700.0,32.0,248.0,16.0,264.0,192.0,46.0,1.5,0.4,312.0,160.0,152.0,47.0,106.0,760.0,10.0,0.25,0.5,23.0,0.2,40.0,2.6,0.71,2024.0
Begur,05/24,0.210639548,-0.05239899018,-0.2519031477,-0.3651164208,3619.0,"E (Irrigation, industrial cooling and controlled waste)",1.6,7.4,1832.0,17.0,6.4,2100.0,11000.0,3.0,148.0,5.0,148.0,328.0,144.0,2.5,1.8,164.0,88.0,76.0,34.0,204.0,1208.0,44.0,0.42,0.5,41.0,0.48,67.0,7.0,1.0,2024.0
Yelahanka,05/24,0.1965426531,-0.1396957166,0.191461321,0.05426653859,3630.0,"E (Irrigation, industrial cooling and controlled waste)",0.3,6.6,1099.0,26.0,3.8,1400.0,14000.0,3.0,248.0,5.0,248.0,136.0,174.0,6.2,4.8,244.0,128.0,116.0,14.0,108.0,748.0,22.0,1.3,0.5,22.0,0.32,46.0,3.0,3.8,2024.0
Singapura,05/24,0.09557324996,0.1805480946,-0.3900577303,-0.5826844471,4508.0,"E (Irrigation, industrial cooling and controlled waste)",1.0,7.4,1024.0,39.0,3.5,1700.0,13000.0,3.0,268.0,5.0,268.0,148.0,216.0,6.7,4.4,216.0,116.0,100.0,15.0,97.0,688.0,52.0,0.97,0.5,29.0,0.28,46.0,3.0,2.5,2024.0
Bellandur,05/24,0.1807987961,0.02397340005,-0.3756008106,-0.5328419237,3602.0,"D (Propagation of wild life,fisheries)",4.1,7.2,1655.0,6.0,6.7,17000.0,49000.0,3.0,420.0,5.0,420.0,232.0,56.0,1.5,0.4,348.0,180.0,168.0,35.0,151.0,1108.0,10.0,0.22,0.5,13.0,0.2,47.0,2.0,0.52,2024.0
Abbigere,05/24,0.1141998709,0.1469558549,-0.3883327434,-0.5681080175,4506.0,"E (Irrigation, industrial cooling and controlled waste)",2.1,6.5,1191.0,27.0,4.6,430.0,2800.0,3.0,276.0,5.0,276.0,200.0,176.0,14.1,12.0,324.0,168.0,156.0,48.0,110.0,782.0,20.0,0.2,0.5,24.0,0.2,40.0,2.6,0.51,2024.0
Kammagondanahalli,05/24,0.113283192,0.141409947,-0.4160044145,-0.5772703414,4540.0,"E (Irrigation, industrial cooling and controlled waste)",3.1,6.6,744.0,24.0,2.9,2100.0,14000.0,3.0,172.0,5.0,172.0,124.0,171.0,7.8,6.2,200.0,104.0,96.0,30.0,68.0,492.0,16.0,0.28,0.5,15.0,0.25,40.0,2.09,0.76,2024.0
Lalbagh,05/24,0.2800274839,-0.1794116013,-0.05383351643,-0.3082183978,3590.0,"D (Propagation of wild life,fisheries)",4.4,9.0,693.0,8.0,2.4,310.0,3500.0,32.0,68.0,16.0,100.0,96.0,228.0,1.5,0.48,88.0,52.0,36.0,22.0,91.0,468.0,24.0,0.26,0.5,25.0,0.38,62.0,4.0,0.71,2024.0
Soulkere,05/24,0.2721753712,-0.08330012653,-0.4826957937,-0.6313208362,5570.0,"D (Propagation of wild life,fisheries)",4.2,8.1,1305.0,12.0,4.4,240.0,1700.0,3.0,132.0,5.0,132.0,264.0,120.0,1.5,0.99,168.0,92.0,76.0,20.0,127.0,886.0,98.0,0.9,0.5,16.0,0.5,59.0,4.3,2.3,2024.0
Devarabeesanahalli,05/24,0.1058411459,-0.1109974242,0.02197069662,-0.1315304054,4521.0,"E (Irrigation, industrial cooling and controlled waste)",3.4,7.5,1664.0,18.0,6.7,1100.0,7900.0,3.0,384.0,5.0,384.0,280.0,124.0,2.34,1.8,328.0,168.0,160.0,36.0,153.0,1114.0,32.0,1.07,0.5,14.0,0.21,49.0,4.0,2.8,2024.0
Kaikondanahalli,05/24,0.3082117958,-0.1397980291,-0.188278378,-0.4145949826,3611.0,"D (Propagation of wild life,fisheries)",4.1,7.4,2106.0,12.0,7.3,17.0,350.0,3.0,524.0,5.0,524.0,336.0,124.0,1.5,0.9,512.0,264.0,248.0,32.0,203.0,1430.0,18.0,1.4,0.5,26.0,0.8,45.0,3.9,3.8,2024.0
Byrasandra,05/24,0.1528871037,0.04557504227,-0.3470686906,-0.5355777711,3595.0,"D (Propagation of wild life,fisheries)",6.2,7.8,735.0,6.3,3.6,3200.0,9400.0,3.0,256.0,5.0,256.0,116.0,54.0,1.5,0.86,252.0,132.0,120.0,19.0,111.0,434.0,12.0,0.6,0.5,30.0,0.2,45.0,0.32,1.3,2024.0
Agaram,05/24,0.2676388664,-0.1218749362,-0.1283630494,-0.2886339852,3612.0,"D (Propagation of wild life,fisheries)",6.2,8.3,1228.0,4.0,4.3,6.8,240.0,48.0,212.0,24.0,260.0,168.0,48.0,1.5,0.4,244.0,128.0,116.0,33.0,175.0,820.0,10.0,0.31,0.5,42.0,0.2,56.0,5.0,0.9,2024.0
Ibbalur,05/24,0.1391611719,-0.05392099024,-0.1075726833,-0.2556272246,3609.0,"D (Propagation of wild life,fisheries)",4.3,7.4,535.0,7.0,1.9,310.0,3500.0,3.0,132.0,5.0,132.0,52.0,88.0,1.5,0.4,124.0,68.0,56.0,22.0,56.0,362.0,20.0,0.2,0.5,17.0,0.25,42.0,2.0,0.05,2024.0
Puttenahalli,05/24,0.1931052712,-0.1037530415,-0.1366291033,-0.2528778513,3614.0,"D (Propagation of wild life,fisheries)",4.2,7.4,546.0,8.0,2.1,285.0,3500.0,3.0,104.0,5.0,104.0,76.0,77.0,1.5,0.83,116.0,64.0,52.0,19.0,65.0,372.0,10.0,0.2,0.5,16.0,0.2,50.0,0.37,0.3,2024.0
Puttenahalli,05/24,0.1931052712,-0.1037530415,-0.1366291033,-0.2528778513,3624.0,"E (Irrigation, industrial cooling and controlled waste)",0.3,6.6,1098.0,26.0,3.9,3300.0,14000.0,3.0,228.0,5.0,228.0,124.0,173.0,6.0,4.6,252.0,132.0,120.0,13.0,105.0,748.0,28.0,1.2,0.5,23.0,0.38,45.0,2.9,3.6,2024.0
Somasundrapalya,05/24,0.2137201871,-0.1391419507,0.1123696446,-0.3059210307,3622.0,"E (Irrigation, industrial cooling and controlled waste)",1.6,7.4,1821.0,16.0,6.3,2400.0,14000.0,3.0,148.0,5.0,148.0,340.0,140.0,3.0,2.1,168.0,92.0,76.0,84.0,202.0,1200.0,28.0,0.31,0.5,41.0,0.48,67.0,9.0,0.92,2024.0
Singasandra,05/24,0.1657385741,-0.03370193303,-0.2291392661,-0.341250376,3618.0,"E (Irrigation, industrial cooling and controlled waste)",3.4,8.1,1390.0,30.0,4.8,140.0,2400.0,3.0,328.0,5.0,328.0,188.0,160.0,2.3,1.6,296.0,156.0,140.0,19.0,132.0,928.0,84.0,0.48,0.5,33.0,0.22,46.0,3.0,1.0,2024.0
Singasandra,05/24,0.1156663226,0.04789361016,-0.318413933,-0.4448772532,3618.0,"E (Irrigation, industrial cooling and controlled waste)",3.4,8.1,1390.0,30.0,4.8,140.0,2400.0,3.0,328.0,5.0,328.0,188.0,160.0,2.3,1.6,296.0,156.0,140.0,19.0,132.0,928.0,84.0,0.48,0.5,33.0,0.22,46.0,3.0,1.0,2024.0
Parappana Agrahara,05/24,0.1658569692,-0.08660503121,-0.06495399395,-0.2459926055,3620.0,"E (Irrigation, industrial cooling and controlled waste)",3.2,8.5,1521.0,19.0,5.3,140.0,2800.0,40.0,164.0,20.0,204.0,328.0,158.0,2.9,2.3,180.0,96.0,84.0,23.0,147.0,1032.0,16.0,0.95,0.5,19.0,0.59,61.0,4.8,2.7,2024.0
Basavanapura,05/24,0.1311567544,0.005232517059,-0.295623443,-0.3995918422,5566.0,"E (Irrigation, industrial cooling and controlled waste)",3.0,6.5,614.0,20.0,2.3,32.0,350.0,3.0,140.0,5.0,140.0,100.0,164.0,5.6,4.8,164.0,92.0,72.0,25.0,58.0,406.0,12.0,0.59,0.5,12.0,0.32,41.0,2.0,1.69,2024.0
Arakere,05/24,0.285749504,-0.118041066,-0.2226773225,-0.3677653182,3615.0,"E (Irrigation, industrial cooling and controlled waste)",3.2,7.7,509.0,25.0,1.8,260.0,3500.0,3.0,96.0,5.0,96.0,64.0,168.0,1.5,1.0,84.0,48.0,36.0,16.0,62.0,340.0,88.0,0.41,0.5,17.0,0.28,56.0,3.0,1.0,2024.0
Gottigere,05/24,0.3391747692,-0.1906989239,-0.4285074346,-0.5457372999,3613.0,"E (Irrigation, industrial cooling and controlled waste)",2.5,8.0,1188.0,19.0,5.0,310.0,3500.0,3.0,348.0,5.0,348.0,216.0,125.0,3.6,2.77,356.0,184.0,172.0,16.0,153.0,810.0,10.0,2.7,0.5,30.0,0.2,46.0,0.28,6.7,2024.0
Puttenahalli,05/24,0.2487119084,0.01074033911,-0.4168892114,-0.6198636338,3614.0,"D (Propagation of wild life,fisheries)",4.2,7.4,546.0,8.0,2.1,285.0,3500.0,3.0,104.0,5.0,104.0,76.0,77.0,1.5,0.83,116.0,64.0,52.0,19.0,65.0,372.0,10.0,0.2,0.5,16.0,0.2,50.0,0.37,0.3,2024.0
Puttenahalli,05/24,0.2487119084,0.01074033911,-0.4168892114,-0.6198636338,3624.0,"E (Irrigation, industrial cooling and controlled waste)",0.3,6.6,1098.0,26.0,3.9,3300.0,14000.0,3.0,228.0,5.0,228.0,124.0,173.0,6.0,4.6,252.0,132.0,120.0,13.0,105.0,748.0,28.0,1.2,0.5,23.0,0.38,45.0,2.9,3.6,2024.0
Chelekere,05/24,0.3379916822,-0.06348248394,-0.4707485199,-0.7150039679,4507.0,"E (Irrigation, industrial cooling and controlled waste)",1.0,8.2,490.0,30.0,2.0,1700.0,7900.0,3.0,84.0,5.0,84.0,44.0,168.0,3.25,2.5,112.0,60.0,52.0,9.0,34.0,328.0,44.0,0.2,0.5,2.0,0.2,39.0,1.4,0.05,2024.0
Agaram,05/24,0.406021445,-0.225664618,0.04600568652,-0.4488135454,3612.0,"D (Propagation of wild life,fisheries)",6.2,8.3,1228.0,4.0,4.3,6.8,240.0,48.0,212.0,24.0,260.0,168.0,48.0,1.5,0.4,244.0,128.0,116.0,33.0,175.0,820.0,10.0,0.31,0.5,42.0,0.2,56.0,5.0,0.9,2024.0
Kalkere,05/24,0.5012860455,-0.2436183525,-0.4555824269,-0.6302060689,3607.0,"E (Irrigation, industrial cooling and controlled waste)",1.6,8.2,1580.0,42.0,5.5,1100.0,7900.0,3.0,188.0,5.0,188.0,292.0,236.0,3.6,2.6,176.0,96.0,80.0,31.0,173.0,1040.0,130.0,1.1,0.5,43.0,0.2,62.0,6.0,2.8,2024.0
Rampura,05/24,0.1016981931,0.1787214464,-0.389773464,-0.5681508532,4519.0,"E (Irrigation, industrial cooling and controlled waste)",0.5,7.2,1720.0,60.0,5.9,140000.0,480000.0,3.0,432.0,5.0,432.0,216.0,304.0,43.0,30.0,304.0,160.0,144.0,26.0,160.0,1134.0,66.0,3.2,0.5,37.0,0.25,50.0,4.0,9.4,2024.0
Dasarahalli,05/24,0.1450839659,0.01945747332,-0.2245295446,-0.3469516737,3606.0,"D (Propagation of wild life,fisheries)",5.8,6.6,472.0,4.0,1.8,170.0,2400.0,3.0,108.0,5.0,108.0,76.0,40.0,1.5,0.44,124.0,68.0,56.0,19.0,38.0,310.0,12.0,0.2,0.5,9.0,0.31,38.0,1.4,0.05,2024.0
Doddabidarakallu,05/24,0.08118177465,0.1715430009,-0.3708203761,-0.540564445,4539.0,"E (Irrigation, industrial cooling and controlled waste)",0.3,6.7,2042.0,80.0,7.8,17000.0,48000.0,3.0,476.0,5.0,476.0,348.0,325.0,36.0,30.0,560.0,284.0,276.0,83.0,173.0,1376.0,22.0,0.89,0.5,41.0,0.52,38.0,3.2,2.45,2024.0
Allalasandra,05/24,0.2143958729,-0.1348718829,0.165863973,-0.1414761288,3629.0,"E (Irrigation, industrial cooling and controlled waste)",0.3,6.8,1477.0,26.0,5.2,2400.0,17000.0,3.0,332.0,5.0,332.0,204.0,176.0,6.8,5.2,316.0,164.0,152.0,34.0,156.0,1006.0,26.0,1.8,0.5,24.0,0.42,49.0,3.8,3.7,2024.0
Andhrahalli,05/24,0.1380008624,0.105068786,-0.3420030612,-0.4733959039,4096.0,"E (Irrigation, industrial cooling and controlled waste)",0.3,6.7,1271.0,58.0,5.1,210.0,5400.0,3.0,268.0,5.0,268.0,116.0,288.0,31.0,24.0,304.0,156.0,148.0,77.0,117.0,852.0,18.0,0.45,0.5,11.0,0.2,44.0,3.0,1.1,2024.0
Shivapura,05/24,0.08696892041,0.1431957944,-0.3236291551,-0.4580108533,3600.0,"E (Irrigation, industrial cooling and controlled waste)",3.2,6.6,1032.0,18.0,4.2,140.0,2400.0,3.0,64.0,5.0,64.0,92.0,136.0,4.7,3.6,304.0,156.0,148.0,134.0,92.0,690.0,10.0,3.5,0.5,8.0,0.22,39.0,2.0,9.15,2024.0
Kogilu,05/24,0.3189219773,-0.08487794062,-0.239377469,-0.4483531372,4511.0,"E (Irrigation, industrial cooling and controlled waste)",1.6,7.4,1025.0,15.0,3.5,3100.0,9400.0,3.0,248.0,5.0,248.0,144.0,120.0,6.8,4.9,236.0,124.0,112.0,14.0,100.0,680.0,52.0,1.06,0.5,30.0,0.32,44.0,3.0,2.9,2024.0
Basavanapura,05/24,0.1418689084,-0.09718623349,-0.00349120684,-0.1982062438,5566.0,"E (Irrigation, industrial cooling and controlled waste)",3.0,6.5,614.0,20.0,2.3,32.0,350.0,3.0,140.0,5.0,140.0,100.0,164.0,5.6,4.8,164.0,92.0,72.0,25.0,58.0,406.0,12.0,0.59,0.5,12.0,0.32,41.0,2.0,1.69,2024.0
Mangamanapalya,05/24,0.366858713,-0.1781828488,-0.1946790998,-0.5981210938,4547.0,"D (Propagation of wild life,fisheries)",4.6,7.7,530.0,6.0,1.8,330.0,2800.0,3.0,132.0,5.0,132.0,48.0,76.0,1.5,0.4,120.0,68.0,52.0,18.0,56.0,356.0,14.0,0.21,0.5,17.0,0.26,46.0,2.0,0.53,2024.0
Hoodi,05/24,0.09369311615,0.1014479236,-0.2516358331,-0.3781597973,5560.0,"E (Irrigation, industrial cooling and controlled waste)",2.2,7.3,2393.0,52.0,8.3,2600.0,11000.0,3.0,320.0,5.0,320.0,488.0,252.0,1.8,1.3,488.0,252.0,236.0,12.0,282.0,1578.0,52.0,1.4,0.5,58.0,0.2,46.0,6.0,3.3,2024.0
Rachenahalli,05/24,0.4767500812,-0.2545479963,-0.1659137758,-0.3806330961,4510.0,"E (Irrigation, industrial cooling and controlled waste)",0.4,7.4,1392.0,29.0,4.8,2400.0,14000.0,3.0,324.0,5.0,324.0,228.0,180.0,9.0,6.8,288.0,152.0,136.0,22.0,169.0,920.0,22.0,1.6,0.5,37.0,0.23,52.0,4.0,4.4,2024.0
Amruthahalli,05/24,0.09339344401,0.1588080418,-0.3589086856,-0.5312672007,3628.0,"E (Irrigation, industrial cooling and controlled waste)",0.7,7.3,1019.0,21.0,3.5,3100.0,17000.0,3.0,252.0,5.0,252.0,152.0,148.0,5.6,4.2,244.0,128.0,116.0,17.0,95.0,680.0,52.0,1.06,0.5,29.0,0.32,42.0,3.0,2.9,2024.0
Nagavara,05/24,0.4366214255,-0.2184290977,-0.3085892334,-0.6409218761,3626.0,"E (Irrigation, industrial cooling and controlled waste)",1.2,7.1,1403.0,42.0,4.8,2000.0,17000.0,3.0,328.0,5.0,328.0,224.0,216.0,9.12,6.7,288.0,152.0,136.0,19.0,167.0,922.0,40.0,2.3,0.5,37.0,0.2,52.0,4.0,6.5,2024.0
Herohalli,05/24,0.3987019737,-0.2071796268,-0.2486425927,-0.5117291073,3598.0,"D (Propagation of wild life,fisheries)",4.3,6.6,614.0,6.0,2.5,2500.0,14000.0,3.0,116.0,5.0,116.0,60.0,56.0,1.5,0.91,168.0,88.0,80.0,22.0,50.0,410.0,20.0,1.43,0.5,3.0,0.2,39.0,2.0,3.8,2024.0
Hebbal,05/24,0.3138132452,-0.1754966186,-0.04237703203,-0.3076549301,3625.0,"E (Irrigation, industrial cooling and controlled waste)",0.3,6.7,1095.0,26.0,3.9,3100.0,9400.0,3.0,236.0,5.0,236.0,128.0,176.0,6.3,4.8,244.0,128.0,116.0,11.0,108.0,742.0,24.0,1.1,0.5,22.0,0.3,46.0,3.0,1.7,2024.0
Nallurahalli,05/24,0.06716745975,0.1426057578,-0.2626200685,-0.4810004587,4523.0,"D (Propagation of wild life,fisheries)",5.0,7.3,654.0,10.0,2.2,170.0,2400.0,3.0,184.0,5.0,184.0,76.0,104.0,1.5,0.99,176.0,96.0,80.0,10.0,64.0,442.0,22.0,0.41,0.5,8.0,0.26,43.0,2.1,1.1,2024.0
Tubarahalli,05/24,0.1495169717,-0.03092051799,-0.08100131614,-0.3521189448,3610.0,"E (Irrigation, industrial cooling and controlled waste)",1.2,6.8,1073.0,29.0,3.76,93000.0,490000.0,3.0,136.0,5.0,136.0,148.0,204.0,3.0,2.1,248.0,132.0,116.0,45.0,92.0,710.0,14.0,0.55,0.5,18.0,0.2,37.0,3.0,1.45,2024.0
Chinnappanahalli,05/24,0.3604216185,-0.2037482837,-0.1748063567,-0.5524572907,4520.0,"D (Propagation of wild life,fisheries)",4.5,6.9,776.0,8.0,2.7,1700.0,13000.0,3.0,116.0,5.0,116.0,112.0,84.0,1.5,0.42,136.0,76.0,60.0,21.0,97.0,524.0,26.0,0.2,0.5,18.0,0.29,57.0,4.0,0.05,2024.0
Kundalahalli,05/24,0.5332109548,-0.3647836139,-0.05047486631,-0.5821296339,4516.0,"E (Irrigation, industrial cooling and controlled waste)",3.2,8.7,1968.0,41.0,6.8,200.0,2800.0,16.0,220.0,8.0,236.0,420.0,248.0,2.6,1.9,384.0,200.0,184.0,19.0,244.0,1300.0,12.0,0.57,0.5,25.0,0.2,50.0,5.0,1.53,2024.0
Narasipura,05/24,0.167227811,0.0678483519,-0.4220292084,-0.5951256195,4509.0,"E (Irrigation, industrial cooling and controlled waste)",0.9,7.3,1022.0,28.0,3.5,2100.0,9400.0,3.0,252.0,5.0,252.0,136.0,170.0,6.1,4.3,204.0,108.0,96.0,16.0,98.0,682.0,42.0,0.74,0.5,30.0,0.29,47.0,3.0,1.9,2024.0
Narasipura,05/24,0.3016596407,-0.0955763846,-0.5970532535,-0.7100639234,4509.0,"E (Irrigation, industrial cooling and controlled waste)",0.9,7.3,1022.0,28.0,3.5,2100.0,9400.0,3.0,252.0,5.0,252.0,136.0,170.0,6.1,4.3,204.0,108.0,96.0,16.0,98.0,682.0,42.0,0.74,0.5,30.0,0.29,47.0,3.0,1.9,2024.0
Kengeri,06/24,0.206921703,-0.04795413133,-0.4835463451,-0.5928843888,3639.0,"D (Propagation of wild life,fisheries)",5.0,6.8,876.0,8.0,0.9,240.0,3500.0,3.0,384.0,5.0,384.0,100.0,77.0,1.5,0.9,244.0,128.0,116.0,16.0,32.0,398.0,12.0,1.9,0.5,16.0,0.36,21.0,0.9,4.6,2024.0
Kengeri,06/24,0.2401646889,-0.09563704649,-0.4973328169,-0.55106458,3639.0,"D (Propagation of wild life,fisheries)",5.0,6.8,876.0,8.0,0.9,240.0,3500.0,3.0,384.0,5.0,384.0,100.0,77.0,1.5,0.9,244.0,128.0,116.0,16.0,32.0,398.0,12.0,1.9,0.5,16.0,0.36,21.0,0.9,4.6,2024.0
Devarakere,06/24,0.2656918069,-0.1046639517,-0.3220096058,-0.450416818,3634.0,"D (Propagation of wild life,fisheries)",5.2,7.6,856.0,8.0,3.4,1300.0,13000.0,3.0,376.0,5.0,376.0,44.0,76.0,1.5,0.88,148.0,80.0,68.0,8.0,102.0,582.0,272.0,0.6,0.5,28.0,0.22,54.0,3.7,1.0,2024.0
Uttarahalli Doraikere,06/24,0.3342218957,-0.1587326353,-0.2298010282,-0.3506338564,3640.0,"E (Irrigation, industrial cooling and controlled waste)",1.9,8.0,295.0,29.0,1.0,5800.0,17000.0,3.0,96.0,5.0,96.0,20.0,164.0,3.1,2.3,116.0,64.0,52.0,20.0,16.0,198.0,46.0,0.9,0.5,8.0,0.2,21.0,0.64,2.3,2024.0
Herohalli,06/24,0.1789727597,-0.1089548314,-0.306796831,-0.3950121582,3598.0,"D (Propagation of wild life,fisheries)",5.8,7.7,445.0,4.0,1.55,17000.0,70000.0,3.0,96.0,5.0,96.0,52.0,48.0,1.5,0.4,200.0,108.0,92.0,22.0,39.0,300.0,28.0,0.53,0.5,11.0,0.2,28.0,1.0,1.3,2024.0
Hosakerehalli,06/24,0.222610226,-0.05074895393,-0.4834769976,-0.5861477676,4536.0,"E (Irrigation, industrial cooling and controlled waste)",0.8,6.5,746.0,16.0,2.6,3300.0,11000.0,3.0,212.0,5.0,212.0,56.0,108.0,7.6,5.6,220.0,116.0,104.0,10.0,58.0,490.0,34.0,0.41,0.5,24.0,0.3,34.0,2.0,1.0,2024.0
Kempambudhi,06/24,0.321918273,-0.1496710198,-0.346876005,-0.4751884079,3591.0,"E (Irrigation, industrial cooling and controlled waste)",3.6,7.6,399.0,12.0,1.61,2200.0,13000.0,3.0,116.0,5.0,116.0,32.0,120.0,1.56,1.2,128.0,68.0,60.0,18.0,30.0,270.0,136.0,0.88,0.5,3.0,0.2,33.0,1.2,2.27,2024.0
Nayandanahalli,06/24,0.2476678835,-0.1469914383,-0.0408408451,-0.2288421058,3596.0,"D (Propagation of wild life,fisheries)",4.4,8.9,842.0,8.0,2.9,260.0,3500.0,8.0,156.0,5.0,164.0,120.0,72.0,1.5,0.4,184.0,100.0,84.0,20.0,95.0,558.0,10.0,0.56,0.5,23.0,0.38,43.0,3.0,1.3,2024.0
Sankey,06/24,0.1272601225,-0.07678707573,-0.04389301067,-0.1343935346,3594.0,"D (Propagation of wild life,fisheries)",5.7,7.3,627.0,5.0,2.52,17.0,1600.0,3.0,136.0,5.0,136.0,72.0,48.0,1.5,0.4,188.0,100.0,88.0,16.75,50.0,420.0,16.0,0.2,0.5,3.0,0.22,38.0,2.0,0.05,2024.0
Ullalu,06/24,0.1801335107,-0.0719452562,-0.2579784367,-0.3803733079,4533.0,"E (Irrigation, industrial cooling and controlled waste)",0.3,6.3,372.0,18.0,1.1,170.0,5400.0,3.0,108.0,5.0,108.0,28.0,119.0,2.0,1.6,128.0,68.0,60.0,16.0,39.0,254.0,14.0,0.9,0.5,16.0,0.2,37.0,1.5,1.2,2024.0
Yediyur,06/24,0.2817532322,-0.1537071925,-0.1610082858,-0.335025713,3592.0,"D (Propagation of wild life,fisheries)",4.9,8.3,337.0,8.0,1.35,1700.0,4800.0,3.0,64.0,5.0,64.0,40.0,88.0,1.5,0.58,68.0,40.0,28.0,16.9,24.0,226.0,42.0,0.2,0.5,2.0,0.2,42.0,1.26,0.05,2024.0
Sompura,06/24,0.1746004421,-0.03298519292,-0.3068126376,-0.4297918399,4534.0,"D (Propagation of wild life,fisheries)",6.2,8.0,1784.0,4.0,6.2,43.0,1600.0,3.0,100.0,5.0,100.0,84.0,44.0,1.5,0.4,568.0,292.0,276.0,283.0,191.0,1190.0,10.0,0.2,0.5,14.0,0.35,41.0,3.0,0.33,2024.0
Bhattarahalli,06/24,0.04922353956,-0.02285390345,-0.08165245317,-0.08370589038,4515.0,"E (Irrigation, industrial cooling and controlled waste)",2.7,7.0,802.0,16.0,2.8,310.0,3500.0,3.0,228.0,5.0,228.0,124.0,147.0,2.99,2.3,216.0,116.0,100.0,13.0,79.0,542.0,106.0,0.32,0.5,10.0,0.35,43.0,2.3,0.9,2024.0
Begur,06/24,0.2455407851,-0.1021156951,-0.3013585944,-0.4120969268,3619.0,"E (Irrigation, industrial cooling and controlled waste)",2.6,7.5,1616.0,39.0,5.6,2600.0,17000.0,3.0,84.0,5.0,84.0,304.0,208.0,6.1,4.6,172.0,92.0,80.0,75.0,199.0,1068.0,52.0,0.28,0.5,35.0,0.44,68.0,7.0,0.78,2024.0
Yelahanka,06/24,0.1014881716,-0.100121369,0.1947050944,0.1599188472,3630.0,"D (Propagation of wild life,fisheries)",8.0,8.2,911.0,22.0,3.2,3100.0,17000.0,3.0,244.0,5.0,244.0,188.0,144.0,1.5,1.1,236.0,124.0,112.0,20.0,95.0,620.0,60.0,1.2,0.5,29.0,0.22,43.0,2.7,2.4,2024.0
Singapura,06/24,0.1455665279,0.08504596486,-0.3734938446,-0.5419617229,4508.0,"D (Propagation of wild life,fisheries)",7.9,6.8,666.0,4.0,2.3,4300.0,14000.0,3.0,188.0,5.0,188.0,100.0,44.0,1.5,0.71,204.0,108.0,96.0,24.0,80.0,452.0,144.0,1.1,0.5,18.0,0.36,43.0,2.0,3.1,2024.0
Bellandur,06/24,0.1895044592,-0.04265329322,-0.3786908241,-0.4828702528,3602.0,"E (Irrigation, industrial cooling and controlled waste)",6.2,7.6,2960.0,5.0,10.31,15.0,540.0,3.0,230.0,5.0,230.0,250.0,64.0,1.5,0.4,1490.0,760.0,730.0,49.0,137.0,1928.0,10.0,0.8,0.5,152.0,0.2,15.0,2.0,2.1,2024.0
Abbigere,06/24,0.2754499218,-0.1010383315,-0.4483247388,-0.5881357547,4506.0,"E (Irrigation, industrial cooling and controlled waste)",3.4,7.2,1094.0,14.0,3.81,140.0,2400.0,3.0,244.0,5.0,244.0,124.0,108.0,3.1,2.2,296.0,156.0,140.0,36.0,89.0,720.0,10.0,0.82,0.5,16.0,0.2,38.0,2.0,2.1,2024.0
Kammagondanahalli,06/24,0.2084062762,-0.0700179216,-0.4414128033,-0.5512468352,4540.0,"D (Propagation of wild life,fisheries)",4.8,7.5,689.0,8.2,2.5,320.0,3500.0,3.0,192.0,5.0,192.0,765.0,77.0,1.5,0.98,192.0,100.0,92.0,40.0,73.0,470.0,10.0,2.0,0.5,18.0,0.2,43.0,2.3,4.3,2024.0
Chikkabanavara,06/24,0.1033446204,0.063168581,-0.2716405264,-0.3970344878,4095.0,"E (Irrigation, industrial cooling and controlled waste)",1.9,7.6,1594.0,17.0,5.5,17.0,240.0,3.0,356.0,5.0,356.0,192.0,128.0,22.6,17.0,420.0,216.0,204.0,51.0,146.0,1052.0,16.0,0.2,0.5,31.0,0.2,35.0,3.0,0.37,2024.0
Lalbagh,06/24,0.2455004427,-0.1512625109,-0.1001112381,-0.2427206794,3590.0,"D (Propagation of wild life,fisheries)",5.8,8.8,631.0,7.0,2.5,1700.0,7900.0,24.0,80.0,12.0,92.0,92.0,60.0,1.5,0.4,96.0,52.0,44.0,21.9,50.0,422.0,32.0,0.2,0.5,4.0,0.2,51.0,2.0,0.05,2024.0
Soulkere,06/24,0.2796944493,-0.1276880503,-0.4875812471,-0.5943831542,5570.0,"D (Propagation of wild life,fisheries)",6.2,8.5,1065.0,5.0,3.71,3500.0,460.0,36.0,140.0,12.0,164.0,176.0,64.0,1.5,0.4,184.0,100.0,84.0,42.0,115.0,704.0,32.0,0.42,0.5,32.0,0.52,47.0,4.0,1.0,2024.0
Devarabeesanahalli,06/24,0.1199837461,-0.130728519,-0.003269196013,-0.1476232767,4521.0,"E (Irrigation, industrial cooling and controlled waste)",2.2,7.6,1591.0,20.0,5.54,430.0,5400.0,3.0,324.0,5.0,324.0,232.0,152.0,20.0,15.0,304.0,160.0,144.0,36.0,162.0,1048.0,10.0,0.36,0.5,34.0,0.46,44.0,4.0,0.95,2024.0
Kaikondanahalli,06/24,0.2859277928,-0.1255093486,-0.2946974959,-0.4024599367,3611.0,"E (Irrigation, industrial cooling and controlled waste)",1.9,7.5,1783.0,44.0,6.21,140.0,2400.0,3.0,380.0,5.0,380.0,256.0,216.0,28.0,21.0,352.0,184.0,168.0,32.0,167.0,1174.0,10.0,0.24,0.5,32.0,0.44,42.0,4.0,0.65,2024.0
Kasavanahalli,06/24,0.09625182975,-0.1194165059,0.07242059606,-0.06118845914,4529.0,"D (Propagation of wild life,fisheries)",6.1,7.3,1102.0,5.0,3.83,21.0,1600.0,3.0,84.0,5.0,84.0,204.0,52.0,1.5,0.4,120.0,68.0,52.0,10.0,144.0,724.0,44.0,0.21,0.5,28.0,0.54,67.0,6.0,0.58,2024.0
Byrasandra,06/24,0.2835994606,-0.108658508,-0.3438152252,-0.5105231668,3595.0,"E (Irrigation, industrial cooling and controlled waste)",2.9,6.9,687.0,18.0,2.4,210.0,3500.0,3.0,168.0,5.0,168.0,56.0,120.0,2.4,1.8,188.0,96.0,92.0,30.0,56.0,468.0,22.0,0.3,0.5,20.0,0.2,36.0,1.8,0.7,2024.0
Agaram,06/24,0.1628846061,-0.0841483077,-0.1365579733,-0.1982236608,3612.0,"D (Propagation of wild life,fisheries)",4.8,8.1,1170.0,5.0,4.0,140.0,2400.0,3.0,240.0,5.0,240.0,144.0,52.0,1.5,0.4,228.0,120.0,108.0,36.0,145.0,770.0,14.0,0.6,0.5,39.0,0.6,53.0,4.0,2.3,2024.0
Ibbalur,06/24,0.1400723649,-0.04567010127,-0.2054083293,-0.2573336207,3609.0,"E (Irrigation, industrial cooling and controlled waste)",2.0,7.4,932.0,38.0,3.24,210.0,3500.0,3.0,144.0,5.0,144.0,144.0,192.0,3.0,2.2,128.0,72.0,56.0,17.0,100.0,612.0,10.0,1.2,0.5,16.0,0.43,59.0,3.8,3.2,2024.0
Puttenahalli,06/24,0.1996444662,-0.09947719468,-0.1648974868,-0.2712397208,3614.0,"E (Irrigation, industrial cooling and controlled waste)",3.7,6.7,580.0,16.0,2.0,3100.0,11000.0,3.0,112.0,5.0,112.0,84.0,109.0,1.5,4.1,104.0,56.0,48.0,22.0,64.0,396.0,36.0,0.3,0.5,15.0,0.2,53.0,2.8,0.7,2024.0
Puttenahalli,06/24,0.1996444662,-0.09947719468,-0.1648974868,-0.2712397208,3624.0,"D (Propagation of wild life,fisheries)",7.1,7.1,689.0,7.3,2.4,260.0,9200.0,3.0,180.0,5.0,180.0,108.0,66.0,1.5,0.84,184.0,96.0,88.0,19.0,76.0,470.0,12.0,0.9,0.5,21.0,0.2,64.0,2.4,1.7,2024.0
Somasundrapalya,06/24,0.164654407,-0.06880758323,-0.08302260123,-0.2035527958,3622.0,"D (Propagation of wild life,fisheries)",4.4,8.0,890.0,12.0,3.1,110.0,2400.0,3.0,248.0,5.0,248.0,136.0,124.0,1.5,0.99,240.0,128.0,112.0,14.0,87.0,602.0,40.0,0.2,0.5,11.0,0.33,43.0,2.4,0.05,2024.0
Singasandra,06/24,0.1350190562,-0.06749892285,-0.1713530603,-0.2283607643,3618.0,"D (Propagation of wild life,fisheries)",5.4,8.0,533.0,6.0,1.85,240.0,3500.0,3.0,68.0,5.0,68.0,52.0,56.0,1.5,0.4,132.0,72.0,60.0,68.0,47.0,362.0,28.0,0.37,0.5,13.0,0.2,44.0,2.0,0.92,2024.0
Singasandra,06/24,0.1876539015,-0.01698666306,-0.370860508,-0.5179574299,3618.0,"D (Propagation of wild life,fisheries)",5.4,8.0,533.0,6.0,1.85,240.0,3500.0,3.0,68.0,5.0,68.0,52.0,56.0,1.5,0.4,132.0,72.0,60.0,68.0,47.0,362.0,28.0,0.37,0.5,13.0,0.2,44.0,2.0,0.92,2024.0
Parappana Agrahara,06/24,0.1392191209,-0.05045779176,-0.1686064154,-0.2439580937,3620.0,"D (Propagation of wild life,fisheries)",4.1,8.5,712.0,14.0,2.4,1400.0,4800.0,32.0,128.0,16.0,160.0,152.0,143.0,1.5,0.99,148.0,80.0,68.0,11.0,70.0,310.0,482.0,0.52,0.5,9.0,0.2,48.0,2.5,1.4,2024.0
Basavanapura,06/24,0.1798069188,-0.05793894219,-0.3443533449,-0.4398516738,4542.0,"D (Propagation of wild life,fisheries)",4.2,7.4,591.0,9.0,2.0,1300.0,4900.0,3.0,104.0,5.0,104.0,96.0,84.0,1.5,0.89,100.0,56.0,44.0,18.0,66.0,402.0,48.0,0.2,0.5,18.0,0.24,54.0,2.9,0.4,2024.0
Basavanapura,06/24,0.1798069188,-0.05793894219,-0.3443533449,-0.4398516738,5566.0,"E (Irrigation, industrial cooling and controlled waste)",0.3,6.5,840.0,25.0,2.9,230000.0,460000.0,3.0,236.0,5.0,236.0,128.0,202.0,26.1,20.1,224.0,120.0,104.0,13.0,82.0,568.0,76.0,1.9,0.5,10.0,0.3,43.0,2.4,5.5,2024.0
Arakere,06/24,0.2842526076,-0.1078709971,-0.269081111,-0.3862129409,3615.0,"E (Irrigation, industrial cooling and controlled waste)",3.8,7.7,634.0,16.0,2.3,1700.0,13000.0,3.0,116.0,5.0,116.0,76.0,108.0,1.5,4.1,152.0,80.0,72.0,22.0,73.0,432.0,36.0,0.3,0.5,14.0,0.23,48.0,2.6,0.7,2024.0
Gottigere,06/24,0.3625639571,-0.2262374675,-0.6379957383,-0.7530914174,3613.0,"E (Irrigation, industrial cooling and controlled waste)",3.6,7.1,1210.0,17.0,4.3,1200.0,7900.0,3.0,128.0,5.0,128.0,224.0,114.0,1.7,1.3,140.0,72.0,68.0,45.0,135.0,824.0,42.0,0.2,0.5,25.0,0.37,63.0,4.9,0.3,2024.0
Chelekere,06/24,0.1374045574,-0.03294295094,-0.334164525,-0.3938455069,4507.0,"D (Propagation of wild life,fisheries)",7.9,7.1,656.0,4.0,2.2,480.0,3500.0,3.0,192.0,5.0,192.0,100.0,48.0,1.5,0.69,196.0,104.0,92.0,21.0,76.0,450.0,36.0,0.77,0.5,15.0,0.35,43.0,2.0,2.0,2024.0
Agaram,06/24,0.2615916474,-0.1083963816,0.01028586929,-0.1273197609,3612.0,"D (Propagation of wild life,fisheries)",4.8,8.1,1170.0,5.0,4.0,140.0,2400.0,3.0,240.0,5.0,240.0,144.0,52.0,1.5,0.4,228.0,120.0,108.0,36.0,145.0,770.0,14.0,0.6,0.5,39.0,0.6,53.0,4.0,2.3,2024.0
Dasarahalli,06/24,0.1901087352,-0.04850527752,-0.1447294172,-0.2237673052,3606.0,"D (Propagation of wild life,fisheries)",4.8,6.5,347.0,4.0,0.9,2600.0,9400.0,3.0,76.0,5.0,76.0,16.0,40.0,1.5,0.4,96.0,52.0,44.0,14.0,16.0,232.0,40.0,0.57,0.5,5.0,0.2,25.0,0.71,1.45,2024.0
Allalasandra,06/24,0.2127244769,-0.1063423258,-0.1241519372,-0.238291545,3629.0,"D (Propagation of wild life,fisheries)",7.9,7.9,921.0,25.0,3.3,2500.0,21000.0,3.0,236.0,5.0,236.0,176.0,167.0,1.6,1.2,252.0,128.0,124.0,16.0,96.0,628.0,66.0,2.0,0.5,29.0,0.23,42.0,2.6,5.0,2024.0
Andhrahalli,06/24,0.1550463406,-0.02423140726,-0.3039207426,-0.3443762679,4096.0,"E (Irrigation, industrial cooling and controlled waste)",3.4,6.7,659.0,16.0,2.3,11000.0,79000.0,3.0,96.0,5.0,96.0,60.0,120.0,9.4,7.1,156.0,84.0,72.0,39.0,44.0,438.0,12.0,0.75,0.5,14.0,0.2,35.0,2.0,1.9,2024.0
Shivapura,06/24,0.1577099624,-0.015497118,-0.2410184697,-0.3517485909,3600.0,"E (Irrigation, industrial cooling and controlled waste)",3.4,6.5,702.0,16.0,2.44,11000.0,46000.0,3.0,44.0,5.0,44.0,64.0,112.0,2.4,1.7,284.0,112.0,172.0,124.0,57.0,474.0,10.0,0.27,0.5,9.0,0.21,51.0,1.0,0.72,2024.0
Kogilu,06/24,0.2529701202,-0.1309409958,-0.2702100022,-0.3355523079,4511.0,"D (Propagation of wild life,fisheries)",7.8,7.1,661.0,6.0,2.3,1700.0,12000.0,3.0,176.0,5.0,176.0,104.0,52.0,1.5,0.57,184.0,100.0,84.0,24.0,66.0,450.0,22.0,0.73,0.5,16.0,0.33,41.0,2.0,1.9,2024.0
Basavanapura,06/24,0.06956264254,-0.02755711495,-0.1328534519,-0.1625230367,4542.0,"D (Propagation of wild life,fisheries)",4.2,7.4,591.0,9.0,2.0,1300.0,4900.0,3.0,104.0,5.0,104.0,96.0,84.0,1.5,0.89,100.0,56.0,44.0,18.0,66.0,402.0,48.0,0.2,0.5,18.0,0.24,54.0,2.9,0.4,2024.0
Basavanapura,06/24,0.06956264254,-0.02755711495,-0.1328534519,-0.1625230367,5566.0,"E (Irrigation, industrial cooling and controlled waste)",0.3,6.5,840.0,25.0,2.9,230000.0,460000.0,3.0,236.0,5.0,236.0,128.0,202.0,26.1,20.1,224.0,120.0,104.0,13.0,82.0,568.0,76.0,1.9,0.5,10.0,0.3,43.0,2.4,5.5,2024.0
Mangamanapalya,06/24,0.03370786458,0.01566110365,-0.2093215138,-0.2599914074,4547.0,"D (Propagation of wild life,fisheries)",4.6,7.1,836.0,11.0,2.9,260.0,5400.0,3.0,132.0,5.0,132.0,128.0,113.0,1.5,0.99,224.0,120.0,104.0,13.0,82.0,566.0,14.0,0.24,0.5,10.0,0.27,43.0,2.4,0.7,2024.0
Hoodi,06/24,0.09583958658,-0.01158231246,-0.2035264721,-0.2708835158,5560.0,"D (Propagation of wild life,fisheries)",4.4,7.3,1788.0,11.0,6.1,7800.0,49000.0,3.0,440.0,5.0,440.0,372.0,108.0,1.5,0.97,428.0,220.0,208.0,28.0,173.0,1212.0,10.0,0.77,0.5,22.0,0.2,45.0,3.6,1.93,2024.0
Rachenahalli,06/24,0.3736981413,-0.1852801359,-0.1391869384,-0.2429197113,4510.0,"D (Propagation of wild life,fisheries)",8.0,7.6,897.0,4.0,3.1,3900.0,14000.0,3.0,224.0,5.0,224.0,164.0,44.0,1.5,0.4,228.0,120.0,108.0,32.8,85.0,602.0,176.0,1.5,0.5,24.0,0.28,42.0,2.0,4.2,2024.0
Amruthahalli,06/24,0.1432018649,0.03050878297,-0.3961602607,-0.5205242863,3628.0,"D (Propagation of wild life,fisheries)",7.7,7.0,658.0,4.0,2.3,580.0,9200.0,3.0,184.0,5.0,184.0,96.0,48.0,1.5,0.62,184.0,100.0,84.0,22.0,68.0,446.0,32.0,0.63,0.5,17.0,0.37,42.0,2.0,1.8,2024.0
Nagavara,06/24,0.1043062966,0.08362188306,-0.1646740464,-0.2942877581,3626.0,"D (Propagation of wild life,fisheries)",7.8,7.0,666.0,6.0,2.3,630.0,5400.0,3.0,184.0,5.0,184.0,96.0,52.0,1.5,0.67,172.0,92.0,80.0,20.0,71.0,452.0,34.0,0.63,0.5,17.0,0.34,44.0,2.0,1.8,2024.0
Herohalli,06/24,0.2816132232,-0.135885294,-0.1920449761,-0.3091107507,3598.0,"D (Propagation of wild life,fisheries)",5.8,7.7,445.0,4.0,1.55,17000.0,70000.0,3.0,96.0,5.0,96.0,52.0,48.0,1.5,0.4,200.0,108.0,92.0,22.0,39.0,300.0,28.0,0.53,0.5,11.0,0.2,28.0,1.0,1.3,2024.0
Hebbal,06/24,0.2924119437,-0.1921658097,-0.02868296763,-0.1448395374,3625.0,"D (Propagation of wild life,fisheries)",6.9,7.1,669.0,6.3,2.4,170.0,2400.0,3.0,176.0,5.0,176.0,112.0,57.0,1.5,0.82,176.0,92.0,84.0,19.0,75.0,456.0,10.0,1.0,0.5,22.0,0.2,48.0,2.8,1.8,2024.0
Nallurahalli,06/24,0.1500663657,-0.0659821423,-0.2217446774,-0.3304651787,4523.0,"D (Propagation of wild life,fisheries)",4.2,7.4,749.0,15.0,2.5,32.0,1600.0,3.0,256.0,5.0,256.0,88.0,146.0,1.5,0.98,244.0,128.0,116.0,12.0,74.0,506.0,118.0,0.2,0.5,9.0,0.26,39.0,2.1,0.05,2024.0
Tubarahalli,06/24,0.124350636,-0.0692117356,-0.0282005889,-0.1396464481,3610.0,"E (Irrigation, industrial cooling and controlled waste)",2.1,7.6,1170.0,19.0,4.0,680000.0,3100000.0,3.0,312.0,5.0,312.0,208.0,171.0,7.8,6.0,296.0,156.0,140.0,18.0,114.0,792.0,66.0,1.73,0.5,15.0,0.2,44.0,2.9,4.8,2024.0
Chinnappanahalli,06/24,0.1090794542,-0.02067864369,-0.238882774,-0.3007456193,4520.0,"D (Propagation of wild life,fisheries)",5.5,7.6,641.0,4.0,2.46,13.0,1600.0,3.0,144.0,5.0,144.0,104.0,42.0,1.5,0.61,172.0,92.0,80.0,26.0,56.0,428.0,10.0,0.2,0.5,13.0,0.2,39.0,1.85,0.4,2024.0
Kundalahalli,06/24,0.3776647796,-0.1806977926,-0.322208533,-0.4909664363,4516.0,"D (Propagation of wild life,fisheries)",4.1,8.0,1612.0,15.0,5.5,92000.0,460000.0,3.0,200.0,5.0,200.0,348.0,147.0,1.5,0.99,364.0,188.0,176.0,25.0,156.0,1092.0,52.0,0.71,0.5,20.0,0.2,46.0,3.6,1.94,2024.0
Narasipura,06/24,0.3912567913,-0.2198628714,-0.5922961649,-0.7049945752,4509.0,"D (Propagation of wild life,fisheries)",8.0,7.0,660.0,4.0,2.3,240.0,9200.0,3.0,188.0,5.0,188.0,100.0,40.0,1.5,0.59,180.0,96.0,84.0,23.0,74.0,448.0,32.0,1.9,0.5,17.0,0.35,44.0,2.0,5.3,2024.0
Kengeri,09/24,0.1102523923,0.02623463416,-0.2787759939,-0.363145501,3639.0,"E (Irrigation, industrial cooling and controlled waste)",6.3,8.7,621.0,4.0,2.2,33.0,920.0,8.0,124.0,5.0,132.0,96.0,36.0,1.5,0.4,108.0,60.0,48.0,5.0,95.0,418.0,10.0,0.2,0.5,12.0,0.35,62.0,4.0,0.47,2024.0
Kengeri,09/24,0.240938047,-0.108589882,-0.5397761631,-0.6130665833,3639.0,"E (Irrigation, industrial cooling and controlled waste)",6.3,8.7,621.0,4.0,2.2,33.0,920.0,8.0,124.0,5.0,132.0,96.0,36.0,1.5,0.4,108.0,60.0,48.0,5.0,95.0,418.0,10.0,0.2,0.5,12.0,0.35,62.0,4.0,0.47,2024.0
Devarakere,09/24,0.3188942169,-0.1613711093,-0.1708897538,-0.4095147563,3634.0,"D (Propagation of wild life,fisheries)",5.9,8.2,362.0,5.0,1.3,2100.0,4800.0,3.0,116.0,5.0,116.0,32.0,64.0,1.5,0.4,112.0,64.0,48.0,6.0,33.0,244.0,12.0,0.53,0.5,10.0,0.23,36.0,1.0,1.4,2024.0
Uttarahalli Doraikere,09/24,0.4942263232,-0.2549135196,-0.3848331321,-0.5794105278,3640.0,"E (Irrigation, industrial cooling and controlled waste)",0.3,6.5,285.0,5.0,0.86,2200.0,7900.0,3.0,80.0,5.0,80.0,20.0,448.0,1.5,0.4,96.0,52.0,44.0,13.0,23.0,192.0,220.0,0.35,0.5,5.0,0.2,32.0,2.285,0.95,2024.0
Herohalli,09/24,0.2709626917,-0.1403977697,-0.4227014084,-0.5370678751,3598.0,"E (Irrigation, industrial cooling and controlled waste)",0.9,6.8,616.0,5.0,4.4,1700.0,7900.0,3.0,92.0,5.0,92.0,100.0,48.0,3.0,2.2,168.0,88.0,80.0,46.0,64.0,400.0,14.0,0.2,0.5,18.0,0.28,42.0,2.1,0.5,2024.0
Hosakerehalli,09/24,0.3821975934,-0.1913398107,-0.6244148177,-0.7463517958,4536.0,"D (Propagation of wild life,fisheries)",5.4,6.6,503.0,6.0,1.8,260.0,4300.0,3.0,168.0,5.0,168.0,28.0,56.0,1.5,0.4,160.0,88.0,72.0,5.0,39.0,340.0,10.0,2.2,0.5,5.0,0.2,33.0,1.0,5.6,2024.0
Nayandanahalli,09/24,0.1449886411,-0.010138941,-0.4559061527,-0.584764421,3596.0,"D (Propagation of wild life,fisheries)",6.2,8.2,739.0,6.0,2.6,480.0,5400.0,3.0,156.0,5.0,156.0,112.0,56.0,1.5,0.4,144.0,80.0,64.0,25.0,95.0,498.0,10.0,0.61,0.5,22.0,0.29,54.0,3.0,1.7,2024.0
Sankey,09/24,0.1496854554,-0.1368736728,0.01715289639,-0.1081410142,3594.0,"D (Propagation of wild life,fisheries)",6.2,7.5,507.0,4.0,2.0,220.0,2400.0,3.0,100.0,5.0,100.0,76.0,36.0,1.5,0.6,108.0,56.0,52.0,17.0,51.0,352.0,14.0,0.2,0.5,9.0,0.29,48.0,2.0,0.5,2024.0
Ullalu,09/24,0.2793426528,-0.07266437876,-0.4951728068,-0.6424691412,4533.0,"E (Irrigation, industrial cooling and controlled waste)",1.8,7.0,606.0,20.0,2.1,1400.0,7000.0,3.0,164.0,5.0,164.0,68.0,156.0,7.6,5.6,152.0,84.0,68.0,20.0,74.0,410.0,94.0,0.25,0.5,17.0,0.28,48.0,3.0,0.6,2024.0
Yediyur,09/24,0.3987267101,-0.3327421168,0.05391972795,-0.3084567725,3592.0,"E (Irrigation, industrial cooling and controlled waste)",2.2,6.6,366.0,12.0,1.0,260.0,3500.0,3.0,104.0,5.0,104.0,28.0,114.0,2.4,1.8,112.0,60.0,52.0,13.0,38.0,248.0,16.0,0.5,0.5,14.0,0.2,38.0,1.6,1.0,2024.0
Sompura,09/24,0.246012982,-0.03974717074,-0.526495632,-0.6631941383,4534.0,"D (Propagation of wild life,fisheries)",5.6,7.5,960.0,6.0,3.3,1700.0,13000.0,3.0,256.0,5.0,256.0,80.0,52.0,1.5,0.4,124.0,68.0,56.0,76.0,156.0,636.0,38.0,0.2,0.5,12.0,0.43,67.0,6.0,0.05,2024.0
Bhattarahalli,09/24,0.2478831509,-0.1483812076,0.0474542997,-0.1583680161,4515.0,"D (Propagation of wild life,fisheries)",5.7,7.5,970.0,8.0,3.9,1700.0,7900.0,3.0,152.0,5.0,152.0,176.0,88.0,1.5,0.75,124.0,68.0,56.0,33.0,69.0,650.0,26.0,0.32,0.5,20.0,0.54,50.0,3.0,0.85,2024.0
Begur,09/24,0.2804193867,-0.1015340256,-0.2642986493,-0.4402100799,3619.0,"D (Propagation of wild life,fisheries)",6.0,7.5,880.0,4.0,3.0,210.0,3500.0,3.0,96.0,5.0,96.0,172.0,44.0,1.5,0.4,108.0,60.0,48.0,46.0,118.0,592.0,24.0,0.2,0.5,26.0,0.39,60.0,5.0,0.32,2024.0
Yelahanka,09/24,0.07527691738,-0.1797790806,0.2898421687,0.1631395353,3630.0,"D (Propagation of wild life,fisheries)",7.0,7.0,998.0,5.0,4.02,2100.0,9400.0,3.0,248.0,5.0,248.0,176.0,48.0,1.5,0.65,208.0,108.0,100.0,24.0,98.0,678.0,80.0,2.71,0.5,26.0,0.29,51.0,3.0,7.25,2024.0
Singapura,09/24,0.1239963343,0.03594354846,-0.3358024525,-0.4520930437,4508.0,"D (Propagation of wild life,fisheries)",7.0,6.7,628.0,5.0,2.12,400.0,3500.0,3.0,168.0,5.0,168.0,64.0,48.0,1.5,0.4,160.0,84.0,76.0,17.0,63.0,426.0,28.0,0.71,0.5,14.0,0.28,43.0,2.0,0.95,2024.0
Bellandur,09/24,0.2944202784,-0.1715916041,-0.3717702405,-0.4942113511,3602.0,"D (Propagation of wild life,fisheries)",5.0,7.2,827.0,4.0,2.8,210.0,5400.0,3.0,156.0,5.0,156.0,132.0,44.0,1.5,0.86,188.0,100.0,88.0,31.0,81.8,540.0,20.0,1.16,0.5,14.7,0.24,46.0,2.6,3.2,2024.0
Abbigere,09/24,0.294174349,-0.05971564662,-0.4978265672,-0.6431562341,4506.0,"D (Propagation of wild life,fisheries)",5.7,6.5,486.0,5.0,2.0,310.0,3500.0,3.0,68.0,5.0,68.0,80.0,64.0,1.5,0.7,112.0,60.0,52.0,21.0,45.0,332.0,10.0,0.2,0.5,17.0,0.39,42.0,1.9,0.6,2024.0
Kammagondanahalli,09/24,0.3325678431,-0.1483341142,-0.4533881784,-0.6128902991,4540.0,"E (Irrigation, industrial cooling and controlled waste)",3.0,6.7,433.0,9.0,8.0,2300.0,7900.0,3.0,76.0,5.0,76.0,72.0,88.0,11.0,8.1,107.0,56.0,48.0,44.0,40.0,300.0,114.0,0.3,0.5,25.0,0.35,39.0,1.7,0.8,2024.0
Chikkabanavara,09/24,0.1582617418,0.03447427956,-0.3380499396,-0.5117898027,4095.0,"D (Propagation of wild life,fisheries)",6.0,7.3,1026.0,4.0,9.0,130.0,5400.0,3.0,204.0,5.0,204.0,140.0,48.0,1.5,0.9,228.0,116.0,112.0,32.0,61.0,712.0,38.0,0.2,0.5,25.0,0.42,34.0,1.8,0.7,2024.0
Lalbagh,09/24,0.3816157581,-0.2912583602,-0.00268483559,-0.2537906529,3590.0,"D (Propagation of wild life,fisheries)",4.6,8.2,472.0,9.0,1.7,210.0,2800.0,3.0,92.0,5.0,92.0,84.0,80.0,1.5,0.84,96.0,52.0,42.0,19.0,55.0,322.0,36.0,2.0,0.5,22.0,0.2,49.0,2.5,4.2,2024.0
Soulkere,09/24,0.2825556778,-0.1415518257,-0.5238642661,-0.6128865863,5570.0,"D (Propagation of wild life,fisheries)",6.1,7.9,475.0,4.0,1.8,320.0,3500.0,3.0,108.0,5.0,108.0,76.0,43.0,1.5,0.51,128.0,68.0,60.0,19.0,44.0,324.0,32.0,0.2,0.5,10.0,0.23,40.0,2.0,0.05,2024.0
Devarabeesanahalli,09/24,0.1302805689,-0.2184634447,0.08324177324,-0.1079187552,4521.0,"D (Propagation of wild life,fisheries)",5.0,8.0,334.0,5.0,1.2,24.0,1600.0,3.0,104.0,5.0,104.0,92.0,52.0,1.5,0.4,108.0,60.0,48.0,18.0,19.7,218.0,10.0,0.25,0.5,2.7,0.27,28.0,0.8,0.74,2024.0
Kaikondanahalli,09/24,0.2851302298,-0.08968351685,-0.3346245293,-0.4504820132,3611.0,"E (Irrigation, industrial cooling and controlled waste)",2.0,7.4,1600.0,20.0,2.1,310.0,3500.0,3.0,240.0,5.0,240.0,404.0,156.0,20.3,15.6,424.0,220.0,204.0,37.0,207.0,1126.0,10.0,3.6,0.5,48.0,0.3,48.0,4.5,9.0,2024.0
Kasavanahalli,09/24,0.1059835434,-0.2068704625,0.2944541968,0.122621871,4529.0,"D (Propagation of wild life,fisheries)",5.0,7.2,900.0,4.0,2.2,1500.0,4800.0,3.0,156.0,5.0,156.0,176.0,36.0,1.5,0.85,236.0,124.0,112.0,31.0,92.0,624.0,38.0,2.3,0.5,21.0,0.33,43.0,2.6,0.5,2024.0
Byrasandra,09/24,0.3998177778,-0.2065300633,-0.3677199804,-0.5538076397,3595.0,"D (Propagation of wild life,fisheries)",4.8,6.6,403.0,4.0,1.5,1400.0,4600.0,3.0,88.0,5.0,88.0,64.0,45.0,1.5,0.66,104.0,56.0,48.0,16.0,39.0,272.0,96.0,0.2,0.5,8.0,0.24,42.0,2.0,0.05,2024.0
Agaram,09/24,0.2372682845,-0.1907489729,-0.06334318821,-0.2149921364,3612.0,"D (Propagation of wild life,fisheries)",4.8,7.4,973.0,5.0,4.0,2400.0,170.0,3.0,248.0,5.0,248.0,176.0,44.0,1.5,0.65,208.0,108.0,100.0,24.0,98.0,678.0,80.0,2.7,0.5,26.0,0.29,51.0,3.0,7.2,2024.0
Ibbalur,09/24,0.1961668581,-0.05687830597,-0.5502392054,-0.6615384817,3609.0,"D (Propagation of wild life,fisheries)",4.8,7.5,985.0,6.0,4.0,260.0,3500.0,3.0,232.0,5.0,232.0,172.0,56.0,1.5,0.6,216.0,112.0,104.0,23.0,98.0,674.0,80.0,2.7,0.5,26.0,0.27,46.0,3.0,7.6,2024.0
Puttenahalli,09/24,0.3417417352,-0.2380741638,-0.1248236482,-0.3615076048,3614.0,"D (Propagation of wild life,fisheries)",5.1,7.4,444.0,7.0,1.5,390.0,9200.0,3.0,100.0,5.0,100.0,60.0,84.0,1.5,0.4,104.0,60.0,44.0,12.0,55.0,300.0,28.0,0.43,0.5,14.0,0.32,49.0,2.0,1.1,2024.0
Puttenahalli,09/24,0.3417417352,-0.2380741638,-0.1248236482,-0.3615076048,3624.0,"D (Propagation of wild life,fisheries)",7.1,6.8,626.0,5.0,2.12,200.0,5400.0,3.0,144.0,5.0,144.0,76.0,44.0,1.5,0.52,132.0,72.0,60.0,8.0,62.0,426.0,18.0,0.71,0.5,14.0,0.2,47.0,2.0,1.93,2024.0
Somasundrapalya,09/24,0.3020662114,-0.1792901265,0.04546997172,-0.2472220567,3622.0,"D (Propagation of wild life,fisheries)",5.4,7.7,890.0,5.0,3.4,260.0,5400.0,3.0,208.0,5.0,208.0,148.0,48.0,1.5,0.66,240.0,124.0,116.0,36.0,87.0,614.0,20.0,0.25,0.5,18.0,0.38,42.0,2.4,0.71,2024.0
Singasandra,09/24,0.2687952815,-0.2053982258,-0.03689591622,-0.248613966,3618.0,"E (Irrigation, industrial cooling and controlled waste)",2.8,7.4,700.0,9.0,2.6,260.0,3500.0,3.0,120.0,5.0,120.0,128.0,88.0,1.5,3.6,140.0,72.0,68.0,17.0,85.0,488.0,10.0,0.2,0.5,20.0,0.41,53.0,3.1,0.3,2024.0
Singasandra,09/24,0.2215693369,0.004990944685,-0.4850190393,-0.6284554268,3618.0,"E (Irrigation, industrial cooling and controlled waste)",2.8,7.4,700.0,9.0,2.6,260.0,3500.0,3.0,120.0,5.0,120.0,128.0,88.0,1.5,3.6,140.0,72.0,68.0,17.0,85.0,488.0,10.0,0.2,0.5,20.0,0.41,53.0,3.1,0.3,2024.0
Parappana Agrahara,09/24,0.3486909201,-0.200981291,-0.1215634826,-0.319484971,3620.0,"E (Irrigation, industrial cooling and controlled waste)",3.1,8.4,826.0,17.0,3.2,140.0,2400.0,24.0,212.0,12.0,224.0,136.0,161.0,1.5,0.66,240.0,124.0,116.0,34.0,76.0,568.0,78.0,0.46,0.5,15.0,0.31,44.0,2.3,1.31,2024.0
Basavanapura,09/24,0.2097365316,-0.04765880756,-0.4735946921,-0.5782723872,4542.0,"E (Irrigation, industrial cooling and controlled waste)",1.5,7.1,1140.0,20.0,8.6,260.0,9200.0,3.0,356.0,5.0,356.0,204.0,156.0,19.0,14.0,392.0,200.0,192.0,48.0,114.0,782.0,30.0,0.2,0.5,19.3,0.29,37.0,2.5,0.7,2024.0
Basavanapura,09/24,0.2097365316,-0.04765880756,-0.4735946921,-0.5782723872,5566.0,"E (Irrigation, industrial cooling and controlled waste)",3.6,6.9,524.0,18.0,1.9,250.0,3500.0,3.0,136.0,5.0,136.0,96.0,120.0,1.8,1.4,136.0,72.0,64.0,5.0,60.0,356.0,10.0,0.8,0.5,22.0,0.3,44.0,2.2,1.8,2024.0
Arakere,09/24,0.4180995813,-0.2177258347,-0.276289889,-0.5023190842,3615.0,"D (Propagation of wild life,fisheries)",4.8,7.4,973.0,5.0,4.0,170.0,2400.0,3.0,248.0,5.0,248.0,176.0,44.0,1.5,0.65,208.0,108.0,24.0,100.0,98.0,678.0,80.0,2.7,0.5,26.0,0.29,51.0,3.0,7.2,2024.0
Gottigere,09/24,0.1721440584,-0.07366219003,-0.05402921501,-0.1193736128,3613.0,"E (Irrigation, industrial cooling and controlled waste)",2.1,7.1,1141.0,20.0,8.5,3100.0,17000.0,3.0,376.0,5.0,376.0,200.0,152.0,14.0,10.0,384.0,196.0,188.0,45.0,113.0,778.0,20.0,0.2,0.5,19.0,0.31,38.0,2.5,0.7,2024.0
Puttenahalli,09/24,0.3997355785,-0.2329905634,-0.470285161,-0.6393211154,3614.0,"D (Propagation of wild life,fisheries)",5.1,7.4,444.0,7.0,1.5,390.0,9200.0,3.0,100.0,5.0,100.0,60.0,84.0,1.5,0.4,104.0,60.0,44.0,12.0,55.0,300.0,28.0,0.43,0.5,14.0,0.32,49.0,2.0,1.1,2024.0
Puttenahalli,09/24,0.3997355785,-0.2329905634,-0.470285161,-0.6393211154,3624.0,"D (Propagation of wild life,fisheries)",7.1,6.8,626.0,5.0,2.12,200.0,5400.0,3.0,144.0,5.0,144.0,76.0,44.0,1.5,0.52,132.0,72.0,60.0,8.0,62.0,426.0,18.0,0.71,0.5,14.0,0.2,47.0,2.0,1.93,2024.0
Chelekere,09/24,0.3160946924,-0.1428771966,-0.4051635332,-0.5999521572,4507.0,"D (Propagation of wild life,fisheries)",7.1,6.8,625.0,6.0,2.11,250.0,2400.0,3.0,160.0,5.0,160.0,76.0,56.0,1.5,0.4,164.0,88.0,76.0,17.0,63.0,424.0,24.0,0.7,0.5,14.0,0.26,43.0,1.95,1.88,2024.0
Agaram,09/24,0.3757191732,-0.2340218207,0.02816455295,-0.2105766513,3612.0,"D (Propagation of wild life,fisheries)",4.8,7.4,973.0,5.0,4.0,2400.0,170.0,3.0,248.0,5.0,248.0,176.0,44.0,1.5,0.65,208.0,108.0,100.0,24.0,98.0,678.0,80.0,2.7,0.5,26.0,0.29,51.0,3.0,7.2,2024.0
Kalkere,09/24,0.3845554813,-0.1664315726,-0.4542435408,-0.6194277721,3607.0,"D (Propagation of wild life,fisheries)",4.2,9.0,695.0,9.0,2.8,1100.0,1300.0,80.0,88.0,40.0,128.0,116.0,96.0,1.5,0.4,156.0,84.0,72.0,23.0,77.0,472.0,102.0,0.8,0.5,19.0,0.2,48.0,3.0,2.0,2024.0
Rampura,09/24,0.3567470522,-0.1927944112,-0.4968902464,-0.6432771809,4519.0,"E (Irrigation, industrial cooling and controlled waste)",2.4,7.3,1992.0,27.0,8.0,17000.0,70000.0,3.0,604.0,5.0,604.0,308.0,176.0,3.4,2.6,300.0,156.0,144.0,38.0,156.0,1356.0,20.0,0.35,0.5,25.0,0.37,51.0,4.0,0.78,2024.0
Dasarahalli,09/24,0.3404657233,-0.2054351775,0.03147542319,-0.198196453,3606.0,"E (Irrigation, industrial cooling and controlled waste)",2.6,7.8,600.0,5.0,1.4,140.0,2400.0,3.0,216.0,5.0,216.0,128.0,52.0,3.0,2.2,260.0,132.0,128.0,14.0,26.0,390.0,20.0,0.2,0.5,8.0,0.28,17.0,0.7,0.23,2024.0
Allalasandra,09/24,0.3924872151,-0.254965191,-0.08280195739,-0.3207572846,3629.0,"D (Propagation of wild life,fisheries)",6.9,7.0,991.0,7.0,3.99,1500.0,4800.0,3.0,232.0,5.0,232.0,172.0,60.0,1.5,0.62,216.0,112.0,104.0,23.0,98.0,674.0,80.0,2.75,0.5,26.0,0.27,46.0,3.0,7.6,2024.0
Andhrahalli,09/24,0.3885011092,-0.1806408006,-0.3962419155,-0.5416021734,4096.0,"E (Irrigation, industrial cooling and controlled waste)",3.3,6.9,509.0,15.0,1.9,210.0,3500.0,3.0,116.0,5.0,116.0,80.0,132.0,3.3,2.9,136.0,72.0,64.0,20.0,45.0,348.0,14.0,0.5,0.5,9.0,0.52,39.0,2.0,1.46,2024.0
Shivapura,09/24,0.375622446,-0.1634736519,-0.2952286955,-0.4976864171,3600.0,"E (Irrigation, industrial cooling and controlled waste)",0.3,6.5,1126.0,20.0,3.6,1700.0,2800.0,3.0,148.0,5.0,148.0,168.0,138.0,3.6,2.6,256.0,132.0,124.0,28.0,124.0,766.0,22.0,0.2,0.5,33.0,0.22,47.0,3.4,0.5,2024.0
Kogilu,09/24,0.3488691529,-0.1618329987,-0.3656574852,-0.4901345503,4511.0,"D (Propagation of wild life,fisheries)",7.0,7.0,524.0,6.0,1.8,260.0,5400.0,3.0,156.0,5.0,156.0,64.0,56.0,1.5,0.4,156.0,84.0,72.0,16.0,65.0,354.0,10.0,0.62,0.5,14.0,0.26,44.0,2.0,1.7,2024.0
Basavanapura,09/24,0.2296738794,-0.157051061,-0.058599143,-0.2988725953,4542.0,"E (Irrigation, industrial cooling and controlled waste)",1.5,7.1,1140.0,20.0,8.6,260.0,9200.0,3.0,356.0,5.0,356.0,204.0,156.0,19.0,14.0,392.0,200.0,192.0,48.0,114.0,782.0,30.0,0.2,0.5,19.3,0.29,37.0,2.5,0.7,2024.0
Basavanapura,09/24,0.2296738794,-0.157051061,-0.058599143,-0.2988725953,5566.0,"E (Irrigation, industrial cooling and controlled waste)",3.6,6.9,524.0,18.0,1.9,250.0,3500.0,3.0,136.0,5.0,136.0,96.0,120.0,1.8,1.4,136.0,72.0,64.0,5.0,60.0,356.0,10.0,0.8,0.5,22.0,0.3,44.0,2.2,1.8,2024.0
Mangamanapalya,09/24,0.2636842135,-0.089012184,-0.2880087259,-0.4351319605,4547.0,"D (Propagation of wild life,fisheries)",6.2,8.2,834.0,4.0,3.2,24.0,920.0,3.0,228.0,5.0,228.0,140.0,40.0,1.5,0.49,188.0,100.0,88.0,35.0,79.0,572.0,80.0,0.21,0.5,17.0,0.34,45.0,2.5,0.6,2024.0
Hoodi,09/24,0.1883429724,-0.01281561265,-0.2992433161,-0.4544279772,5560.0,"D (Propagation of wild life,fisheries)",6.7,7.6,808.0,4.0,1.6,48.0,540.0,3.0,92.0,5.0,92.0,104.0,36.0,1.5,0.4,300.0,152.0,148.0,120.0,81.0,558.0,10.0,0.2,0.5,6.0,0.33,36.0,2.0,0.12,2024.0
Rachenahalli,09/24,0.5241601858,-0.2667398425,-0.3299181418,-0.4925214128,4510.0,"D (Propagation of wild life,fisheries)",7.2,7.1,1001.0,5.0,3.5,210.0,3500.0,3.0,196.0,5.0,196.0,160.0,64.0,1.5,0.42,200.0,108.0,92.0,20.0,111.0,668.0,66.0,3.2,0.5,30.0,0.28,50.0,3.0,8.9,2024.0
Amruthahalli,09/24,0.2075456658,0.01253454241,-0.4921297819,-0.6403207146,3628.0,"D (Propagation of wild life,fisheries)",7.0,6.9,525.0,4.0,1.8,200.0,9200.0,3.0,144.0,5.0,144.0,64.0,44.0,1.5,0.45,144.0,80.0,64.0,17.0,65.0,356.0,22.0,0.63,0.5,15.0,0.27,41.0,2.0,1.8,2024.0
Nagavara,09/24,0.3529501779,-0.2414342551,-0.09857383236,-0.3051389304,3626.0,"D (Propagation of wild life,fisheries)",6.9,6.8,628.0,6.0,2.12,210.0,3500.0,3.0,152.0,5.0,152.0,80.0,52.0,1.5,0.46,156.0,84.0,72.0,17.0,62.0,426.0,19.0,0.7,0.5,14.0,0.28,43.0,2.0,1.85,2024.0
Herohalli,09/24,0.4007572752,-0.1988839035,-0.1993878543,-0.3949754645,3598.0,"E (Irrigation, industrial cooling and controlled waste)",0.9,6.8,616.0,5.0,4.4,1700.0,7900.0,3.0,92.0,5.0,92.0,100.0,48.0,3.0,2.2,168.0,88.0,80.0,46.0,64.0,400.0,14.0,0.2,0.5,18.0,0.28,42.0,2.1,0.5,2024.0
Hebbal,09/24,0.3429561295,-0.2325609314,-0.08080657987,-0.2559256628,3625.0,"D (Propagation of wild life,fisheries)",6.8,6.7,628.0,6.0,2.12,310.0,3500.0,3.0,148.0,5.0,148.0,76.0,56.0,1.5,0.4,148.0,80.0,68.0,14.0,65.0,428.0,12.0,0.7,0.5,14.0,0.26,46.0,2.0,1.91,2024.0
Vibhuthipura,09/24,0.2526501537,-0.06832501933,-0.5298680446,-0.6340340503,4522.0,"E (Irrigation, industrial cooling and controlled waste)",3.2,6.5,522.0,22.0,1.9,1400.0,11000.0,3.0,112.0,5.0,112.0,56.0,168.0,1.6,1.1,140.0,76.0,64.0,27.0,116.0,352.0,200.0,0.49,0.5,10.0,0.34,61.0,4.0,1.3,2024.0
Nallurahalli,09/24,0.1861978925,-0.06324522372,-0.1647707374,-0.3703454153,4523.0,"D (Propagation of wild life,fisheries)",6.6,7.6,596.0,4.0,1.8,8400.0,92000.0,3.0,140.0,5.0,140.0,84.0,34.0,1.5,0.4,200.0,104.0,96.0,27.0,61.0,414.0,50.0,0.2,0.5,13.0,0.43,38.0,2.0,0.05,2024.0
Tubarahalli,09/24,0.240218201,-0.1423807461,0.01028657345,-0.1913163057,3610.0,"D (Propagation of wild life,fisheries)",5.6,7.6,903.0,8.0,1.8,3900.0,22000.0,3.0,156.0,5.0,156.0,176.0,62.0,1.5,0.4,236.0,124.0,112.0,31.0,92.0,624.0,38.0,2.3,0.5,21.0,0.33,43.0,2.6,0.5,2024.0
Chinnappanahalli,09/24,0.245660656,-0.1284973165,-0.2262415177,-0.3761268758,4520.0,"D (Propagation of wild life,fisheries)",5.5,8.1,697.0,6.0,2.0,330.0,1700.0,3.0,120.0,5.0,120.0,128.0,52.0,1.5,0.4,140.0,72.0,68.0,17.0,85.0,488.0,10.0,0.2,0.5,20.0,0.41,53.0,3.1,0.3,2024.0
Kundalahalli,09/24,0.4676108186,-0.2870872863,-0.144188192,-0.4082468821,4516.0,"D (Propagation of wild life,fisheries)",4.8,8.5,1452.0,17.0,7.0,940.0,16000.0,32.0,108.0,16.0,124.0,376.0,128.0,2.34,1.8,412.0,212.0,200.0,38.0,192.0,988.0,106.0,2.2,0.5,28.0,0.3,80.0,4.1,4.6,2024.0
Varthur,09/24,0.2620677435,-0.08831886802,-0.44650019,-0.5656971112,3608.0,"D (Propagation of wild life,fisheries)",6.3,8.0,1264.0,5.0,2.5,330.0,3500.0,3.0,340.0,5.0,340.0,228.0,44.0,1.5,0.4,320.0,168.0,152.0,11.0,169.0,872.0,10.0,0.69,0.5,29.0,0.55,51.0,4.1,1.6,2024.0
Narasipura,09/24,0.3685516841,-0.2152657745,-0.5907127708,-0.7146696197,4509.0,"D (Propagation of wild life,fisheries)",6.9,6.7,630.0,7.0,2.13,240.0,5400.0,3.0,156.0,5.0,156.0,76.0,64.0,1.5,0.4,164.0,88.0,76.0,17.0,62.0,428.0,18.0,0.72,0.5,14.0,0.29,43.0,2.0,1.93,2024.0
Narasipura,09/24,0.4033703898,-0.1967880545,-0.6848563486,-0.787830043,4509.0,"D (Propagation of wild life,fisheries)",6.9,6.7,630.0,7.0,2.13,240.0,5400.0,3.0,156.0,5.0,156.0,76.0,64.0,1.5,0.4,164.0,88.0,76.0,17.0,62.0,428.0,18.0,0.72,0.5,14.0,0.29,43.0,2.0,1.93,2024.0
Kengeri,12/24,0.1773663232,-0.04434217411,-0.3380787317,-0.4602175905,3639.0,"D (Propagation of wild life,fisheries)",5.7,6.5,350.0,5.0,1.41,140.0,4300.0,3.0,104.0,5.0,104.0,24.0,56.0,1.5,0.4,88.0,48.0,40.0,6.0,28.0,240.0,10.0,0.21,0.5,3.0,0.2,40.0,1.3,0.55,2024.0
Kengeri,12/24,0.3912179992,-0.1887912813,-0.5292642293,-0.6522373253,3639.0,"D (Propagation of wild life,fisheries)",5.7,6.5,350.0,5.0,1.41,140.0,4300.0,3.0,104.0,5.0,104.0,24.0,56.0,1.5,0.4,88.0,48.0,40.0,6.0,28.0,240.0,10.0,0.21,0.5,3.0,0.2,40.0,1.3,0.55,2024.0
Devarakere,12/24,0.3526781683,-0.1916794763,-0.2603770129,-0.4615738868,3634.0,"D (Propagation of wild life,fisheries)",4.8,6.5,333.0,8.0,1.34,1700.0,13000.0,3.0,96.0,5.0,96.0,20.0,88.0,1.5,0.92,76.0,44.0,32.0,7.0,19.0,228.0,14.0,0.2,0.5,7.0,0.2,32.0,0.94,0.05,2024.0
Uttarahalli Doraikere,12/24,0.4129570052,-0.2052287693,-0.2985410329,-0.4796643936,3640.0,"E (Irrigation, industrial cooling and controlled waste)",2.6,6.5,264.0,20.0,1.06,4300.0,9400.0,3.0,80.0,5.0,80.0,16.0,144.0,3.77,3.0,72.0,40.0,32.0,11.0,13.0,180.0,10.0,0.54,0.5,5.0,0.2,26.0,0.66,1.44,2024.0
Herohalli,12/24,0.1720414217,-0.03228234665,-0.3864458509,-0.4602059085,3598.0,"D (Propagation of wild life,fisheries)",5.5,7.2,387.0,13.0,1.4,200.0,2000.0,3.0,136.0,5.0,136.0,40.0,128.0,1.5,0.7,96.0,52.0,44.0,6.0,30.0,266.0,112.0,0.3,0.5,8.0,0.2,37.0,2.0,0.8,2024.0
Hosakerehalli,12/24,0.3212845842,-0.08072226141,-0.5977356245,-0.7187050451,4536.0,"D (Propagation of wild life,fisheries)",4.0,7.8,810.0,20.0,3.2,1700.0,14000.0,3.0,212.0,5.0,212.0,84.0,171.0,1.5,0.68,164.0,88.0,76.0,24.0,74.0,550.0,138.0,0.36,0.5,22.0,0.38,48.0,2.5,0.86,2024.0
Kempambudhi,12/24,0.4597728758,-0.2425382046,-0.2835108717,-0.490269447,3591.0,"D (Propagation of wild life,fisheries)",4.6,7.0,474.0,5.0,1.8,3800.0,21000.0,3.0,104.0,5.0,104.0,76.0,55.0,1.5,0.72,124.0,68.0,56.0,19.0,46.0,326.0,62.0,0.2,0.5,9.0,0.21,42.0,2.0,0.05,2024.0
Nayandanahalli,12/24,0.1275090134,-0.1463550453,0.05594352692,-0.1026850187,3596.0,"D (Propagation of wild life,fisheries)",6.1,8.3,544.0,7.0,2.0,110.0,2400.0,16.0,164.0,8.0,172.0,112.0,69.0,1.5,0.4,156.0,84.0,72.0,17.0,85.0,370.0,10.0,1.7,0.5,17.0,0.34,50.0,2.9,4.0,2024.0
Sankey,12/24,0.1256613092,-0.1698251762,0.1171450505,0.001020485957,3594.0,"D (Propagation of wild life,fisheries)",5.8,7.4,524.0,5.0,1.8,680.0,4100.0,3.0,124.0,5.0,124.0,56.0,64.0,1.5,0.49,152.0,84.0,68.0,16.0,53.0,350.0,10.0,0.2,0.5,8.0,0.2,41.0,1.9,0.05,2024.0
Ullalu,12/24,0.2269323006,-0.1080258534,-0.1850349361,-0.3509363073,4533.0,"D (Propagation of wild life,fisheries)",4.2,6.5,343.0,8.0,1.38,140.0,3500.0,3.0,100.0,5.0,100.0,20.0,92.0,1.5,0.95,80.0,44.0,36.0,8.0,20.0,234.0,10.0,0.23,0.5,8.0,0.2,32.0,0.96,0.61,2024.0
Yediyur,12/24,0.3046706551,-0.2350959831,-0.001918452552,-0.2520786036,3592.0,"D (Propagation of wild life,fisheries)",6.2,7.1,318.0,4.0,1.2,340.0,2400.0,3.0,68.0,5.0,68.0,48.0,44.0,1.5,0.4,84.0,48.0,36.0,13.0,31.0,216.0,20.0,0.2,0.5,6.0,0.2,42.0,1.46,0.05,2024.0
Sompura,12/24,0.1977981724,-0.1058563966,-0.2139582844,-0.3807505875,4534.0,"D (Propagation of wild life,fisheries)",6.8,7.4,468.0,5.0,1.7,1700.0,13000.0,3.0,204.0,5.0,204.0,52.0,46.0,1.5,0.4,116.0,64.0,52.0,17.0,88.0,318.0,10.0,0.2,0.5,8.0,0.37,60.0,3.5,0.8,2024.0
Bhattarahalli,12/24,0.228463627,-0.1757360991,0.104277617,-0.1210112768,4515.0,"D (Propagation of wild life,fisheries)",5.6,7.4,620.0,9.0,2.9,63.0,920.0,3.0,216.0,5.0,216.0,104.0,80.0,1.6,1.2,176.0,96.0,80.0,21.0,68.0,422.0,16.0,0.2,0.5,6.0,0.2,44.0,2.2,0.5,2024.0
Begur,12/24,0.3343537941,-0.2146755826,-0.2323118096,-0.4151360211,3619.0,"D (Propagation of wild life,fisheries)",6.4,7.3,1148.0,4.0,4.4,33.0,1600.0,3.0,264.0,5.0,264.0,192.0,40.0,1.5,0.4,312.0,160.0,152.0,47.0,106.0,784.0,10.0,0.2,0.5,23.0,0.38,40.0,2.62,0.54,2024.0
Yelahanka,12/24,0.1204573237,-0.1993593689,0.381862875,0.2068846781,3630.0,"D (Propagation of wild life,fisheries)",6.0,8.1,423.0,5.0,1.7,170.0,2200.0,3.0,104.0,5.0,104.0,48.0,52.0,1.5,0.4,112.0,60.0,52.0,11.0,32.0,288.0,10.0,0.31,0.5,7.0,0.2,45.0,1.32,0.85,2024.0
Singapura,12/24,0.07292382592,-0.08170952731,0.1163746776,-0.09731022223,4508.0,"D (Propagation of wild life,fisheries)",6.0,7.6,420.0,7.0,1.9,310.0,3500.0,3.0,112.0,5.0,112.0,44.0,53.0,1.5,0.4,92.0,48.0,44.0,9.0,36.0,288.0,18.0,0.2,0.5,9.0,0.2,43.0,1.6,0.22,2024.0
Bellandur,12/24,0.3705642813,-0.2224307419,-0.471106992,-0.5920788831,3602.0,"D (Propagation of wild life,fisheries)",5.7,6.7,435.0,4.0,1.7,1700.0,12000.0,3.0,96.0,5.0,96.0,68.0,41.0,1.5,0.4,116.0,60.0,56.0,18.0,35.0,298.0,10.0,0.2,0.5,8.0,0.26,37.0,1.42,0.05,2024.0
Abbigere,12/24,0.2988798315,-0.1512294785,-0.07163954041,-0.2653737012,4506.0,"D (Propagation of wild life,fisheries)",6.9,6.9,514.0,5.0,2.3,1700.0,13000.0,3.0,132.0,5.0,132.0,52.0,41.0,1.5,0.6,132.0,68.0,64.0,8.0,38.0,350.0,12.0,0.2,0.5,8.0,0.22,36.0,1.0,0.32,2024.0
Kammagondanahalli,12/24,0.2457052381,-0.1213940303,-0.1454629187,-0.3221081753,4540.0,"D (Propagation of wild life,fisheries)",6.8,6.7,376.0,7.0,2.0,780.0,2300.0,3.0,112.0,5.0,112.0,32.0,62.0,1.5,0.4,92.0,48.0,44.0,5.0,26.0,256.0,22.0,0.2,0.5,9.0,0.2,35.0,1.0,0.33,2024.0
Chikkabanavara,12/24,0.173228812,0.04462488765,-0.3921592669,-0.5677627042,4095.0,"D (Propagation of wild life,fisheries)",5.0,7.0,1026.0,13.0,6.0,260.0,5400.0,3.0,336.0,5.0,336.0,176.0,120.0,5.1,3.9,352.0,180.0,172.0,35.0,105.0,700.0,16.0,0.7,0.5,17.0,0.34,38.0,2.4,1.6,2024.0
Lalbagh,12/24,0.3743288441,-0.3350117406,0.1325525449,-0.2108485466,3590.0,"D (Propagation of wild life,fisheries)",6.9,7.8,535.0,4.0,2.1,2600.0,15000.0,3.0,124.0,5.0,124.0,88.0,40.0,1.5,0.4,144.0,76.0,68.0,22.0,53.0,368.0,14.0,0.2,0.5,11.0,0.35,42.0,2.0,0.39,2024.0
Soulkere,12/24,0.4562553704,-0.2811075162,-0.7119413875,-0.8238101487,5570.0,"D (Propagation of wild life,fisheries)",4.8,8.0,455.0,5.0,1.7,210.0,3500.0,3.0,120.0,5.0,120.0,76.0,58.0,1.5,0.4,104.0,56.0,48.0,19.0,36.0,308.0,46.0,0.2,0.5,9.0,0.2,40.0,2.0,0.05,2024.0
Kaikondanahalli,12/24,0.4068299271,-0.1876262498,-0.2995369886,-0.4492752626,3611.0,"E (Irrigation, industrial cooling and controlled waste)",3.0,8.4,583.0,25.0,2.2,1700.0,7900.0,24.0,148.0,12.0,160.0,96.0,164.0,4.6,4.1,140.0,72.0,68.0,24.0,47.0,400.0,48.0,0.29,0.5,12.0,0.33,39.0,2.0,0.81,2024.0
Byrasandra,12/24,0.3991371288,-0.2005862606,-0.2627981289,-0.5029939838,3595.0,"D (Propagation of wild life,fisheries)",6.3,7.6,423.0,4.0,1.6,3200.0,17000.0,3.0,92.0,5.0,92.0,64.0,44.0,1.5,0.4,112.0,60.0,52.0,17.0,41.0,288.0,110.0,0.2,0.5,8.0,0.21,42.0,2.0,0.05,2024.0
Agaram,12/24,0.2606750011,-0.1663730881,0.009193968871,-0.09270601259,3612.0,"D (Propagation of wild life,fisheries)",7.3,7.7,416.0,4.0,1.6,260.0,2800.0,3.0,92.0,5.0,92.0,64.0,40.0,1.5,0.4,108.0,56.0,52.0,17.0,33.0,280.0,10.0,0.2,0.5,8.0,0.2,38.0,1.38,0.05,2024.0
Ibbalur,12/24,0.3357111976,-0.1858232906,-0.07277432069,-0.253748693,3609.0,"D (Propagation of wild life,fisheries)",5.2,6.8,446.0,4.0,1.7,330.0,4300.0,3.0,104.0,5.0,104.0,72.0,44.0,1.5,0.4,120.0,80.0,40.0,18.0,36.0,304.0,10.0,0.2,0.5,9.0,0.2,37.0,1.43,0.05,2024.0
Puttenahalli,12/24,0.2900857766,-0.2035177174,-0.06401462736,-0.2607013139,3614.0,"D (Propagation of wild life,fisheries)",5.8,8.0,685.0,4.0,2.6,32.0,920.0,3.0,156.0,5.0,156.0,112.0,52.0,1.5,0.4,184.0,96.0,88.0,28.0,67.0,462.0,10.0,0.2,0.5,14.0,0.32,42.0,2.15,0.49,2024.0
Puttenahalli,12/24,0.2900857766,-0.2035177174,-0.06401462736,-0.2607013139,3624.0,"D (Propagation of wild life,fisheries)",5.8,7.7,427.0,5.0,1.68,260.0,4300.0,3.0,108.0,5.0,108.0,36.0,52.0,1.5,0.4,100.0,56.0,44.0,13.0,35.0,292.0,16.0,0.27,0.5,8.0,0.2,41.0,1.52,0.72,2024.0
Somasundrapalya,12/24,0.3283675375,-0.1825905145,0.05865834158,-0.2112036776,3622.0,"D (Propagation of wild life,fisheries)",6.6,8.1,608.0,9.0,2.3,250.0,2100.0,3.0,148.0,5.0,148.0,136.0,81.0,1.5,0.4,148.0,80.0,68.0,18.0,99.0,414.0,20.0,1.2,0.5,17.0,0.35,55.0,3.5,2.9,2024.0
Singasandra,12/24,0.2847684628,-0.1397803164,-0.1426880324,-0.2426305692,3618.0,"D (Propagation of wild life,fisheries)",5.8,8.3,605.0,8.0,2.3,2100.0,7000.0,24.0,168.0,12.0,180.0,128.0,78.0,1.5,0.4,160.0,84.0,76.0,28.0,99.0,412.0,68.0,1.1,0.5,19.0,0.33,53.0,3.4,2.7,2024.0
Singasandra,12/24,0.2515649753,-0.05803150484,-0.4547278171,-0.5545373527,3618.0,"D (Propagation of wild life,fisheries)",5.8,8.3,605.0,8.0,2.3,2100.0,7000.0,24.0,168.0,12.0,180.0,128.0,78.0,1.5,0.4,160.0,84.0,76.0,28.0,99.0,412.0,68.0,1.1,0.5,19.0,0.33,53.0,3.4,2.7,2024.0
Parappana Agrahara,12/24,0.3364478354,-0.2255346893,-0.324997542,-0.4750256868,3620.0,"E (Irrigation, industrial cooling and controlled waste)",3.2,8.4,632.0,15.0,2.4,2100.0,11000.0,32.0,156.0,16.0,172.0,140.0,159.0,2.7,2.1,196.0,104.0,92.0,28.0,99.0,430.0,126.0,0.9,0.5,21.0,0.29,49.0,3.0,2.2,2024.0
Basavanapura,12/24,0.3345439898,-0.1661615593,-0.3777022926,-0.537640966,4542.0,"D (Propagation of wild life,fisheries)",4.4,7.0,908.0,5.0,3.5,170.0,3500.0,3.0,208.0,5.0,208.0,152.0,58.0,1.5,0.56,248.0,128.0,120.0,37.0,89.0,618.0,10.0,0.22,0.5,18.0,0.2,42.0,2.46,0.62,2024.0
Basavanapura,12/24,0.3345439898,-0.1661615593,-0.3777022926,-0.537640966,5566.0,"D (Propagation of wild life,fisheries)",6.6,7.6,462.0,6.0,1.6,43.0,540.0,3.0,140.0,5.0,140.0,48.0,59.0,1.5,0.4,116.0,60.0,56.0,7.0,46.0,314.0,20.0,0.2,0.5,6.0,0.2,45.0,1.9,0.22,2024.0
Arakere,12/24,0.3683562973,-0.2247690228,-0.02381745443,-0.2818661198,3615.0,"D (Propagation of wild life,fisheries)",6.3,7.5,598.0,6.0,3.4,310.0,3500.0,3.0,140.0,5.0,140.0,108.0,63.0,1.5,0.4,160.0,84.0,76.0,20.0,58.0,408.0,14.0,0.2,0.5,8.0,0.2,42.0,2.0,0.05,2024.0
Gottigere,12/24,0.5083403399,-0.3685110031,-0.5164125319,-0.6909555379,3613.0,"D (Propagation of wild life,fisheries)",4.5,7.0,894.0,5.0,3.4,430.0,2200.0,3.0,204.0,5.0,204.0,148.0,56.0,1.5,0.4,244.0,128.0,116.0,36.0,88.0,606.0,10.0,0.24,0.5,18.0,0.26,43.0,2.45,0.7,2024.0
Doddakallasandra,12/24,0.3777913074,-0.1734101189,-0.5845366484,-0.707384791,5567.0,"D (Propagation of wild life,fisheries)",5.7,6.8,202.0,5.0,0.7,1400.0,9400.0,3.0,64.0,5.0,64.0,16.0,60.0,1.5,0.4,84.0,48.0,36.0,7.0,14.0,134.0,10.0,0.48,0.5,4.0,0.2,25.0,0.66,1.2,2024.0
Puttenahalli,12/24,0.3947458064,-0.1886472708,-0.5407212645,-0.6443746074,3614.0,"D (Propagation of wild life,fisheries)",5.8,8.0,685.0,4.0,2.6,32.0,920.0,3.0,156.0,5.0,156.0,112.0,52.0,1.5,0.4,184.0,96.0,88.0,28.0,67.0,462.0,10.0,0.2,0.5,14.0,0.32,42.0,2.15,0.49,2024.0
Puttenahalli,12/24,0.3947458064,-0.1886472708,-0.5407212645,-0.6443746074,3624.0,"D (Propagation of wild life,fisheries)",5.8,7.7,427.0,5.0,1.68,260.0,4300.0,3.0,108.0,5.0,108.0,36.0,52.0,1.5,0.4,100.0,56.0,44.0,13.0,35.0,292.0,16.0,0.27,0.5,8.0,0.2,41.0,1.52,0.72,2024.0
Chelekere,12/24,0.325386063,-0.1463825101,-0.4371069531,-0.5691797503,4507.0,"D (Propagation of wild life,fisheries)",6.0,7.8,427.0,6.0,1.6,210.0,2800.0,3.0,120.0,5.0,120.0,36.0,46.0,1.5,0.4,96.0,52.0,44.0,9.0,36.0,294.0,18.0,0.2,0.5,8.0,0.2,43.0,1.6,0.1,2024.0
Agaram,12/24,0.3555265987,-0.1987872897,0.06082698575,-0.129938362,3612.0,"D (Propagation of wild life,fisheries)",7.3,7.7,416.0,4.0,1.6,260.0,2800.0,3.0,92.0,5.0,92.0,64.0,40.0,1.5,0.4,108.0,56.0,52.0,17.0,33.0,280.0,10.0,0.2,0.5,8.0,0.2,38.0,1.38,0.05,2024.0
Kalkere,12/24,0.2493553212,-0.08637546788,-0.3097079932,-0.4740407753,3607.0,"E (Irrigation, industrial cooling and controlled waste)",3.2,7.5,1297.0,11.0,4.9,170.0,3500.0,3.0,288.0,5.0,288.0,184.0,101.0,11.9,9.2,256.0,136.0,120.0,25.0,169.0,880.0,44.0,1.6,0.5,26.0,0.2,59.0,4.6,3.7,2024.0
Rampura,12/24,0.4207136831,-0.2317252561,-0.6048923229,-0.7606531368,4519.0,"D (Propagation of wild life,fisheries)",4.8,6.9,795.0,7.0,4.9,210.0,2800.0,3.0,180.0,5.0,180.0,92.0,59.0,1.5,0.4,188.0,100.0,88.0,14.0,77.0,540.0,24.0,1.2,0.5,16.0,0.28,43.0,2.4,2.8,2024.0
Dasarahalli,12/24,0.2409590742,-0.1321947781,0.05029240852,-0.1391626818,3606.0,"D (Propagation of wild life,fisheries)",5.8,6.5,248.0,9.0,1.1,820.0,4700.0,3.0,84.0,5.0,84.0,24.0,80.0,1.5,0.9,88.0,48.0,40.0,8.0,17.0,168.0,26.0,0.2,0.5,5.0,0.2,28.0,0.7,0.5,2024.0
Doddabidarakallu,12/24,0.1396382774,0.08786401594,-0.3936091398,-0.548123227,4539.0,"E (Irrigation, industrial cooling and controlled waste)",0.3,7.3,1360.0,93.0,4.7,2600.0,28000.0,3.0,400.0,5.0,400.0,164.0,296.0,51.0,40.0,304.0,160.0,144.0,66.0,100.0,892.0,20.0,1.6,0.5,23.0,0.3,39.0,2.5,4.3,2024.0
Allalasandra,12/24,0.3408695801,-0.2397639141,0.05538454044,-0.1612034426,3629.0,"D (Propagation of wild life,fisheries)",6.5,8.1,425.0,5.0,1.71,150.0,2800.0,3.0,112.0,5.0,112.0,40.0,48.0,1.5,0.4,112.0,60.0,52.0,10.0,32.0,290.0,10.0,0.31,0.5,6.0,0.2,45.0,1.32,0.86,2024.0
Andhrahalli,12/24,0.2558026524,-0.07299370779,-0.3237361321,-0.472731368,4096.0,"D (Propagation of wild life,fisheries)",5.4,7.1,477.0,10.0,1.8,780.0,3900.0,3.0,156.0,5.0,156.0,48.0,93.0,12.0,8.9,144.0,76.0,68.0,8.0,34.0,328.0,36.0,0.2,0.5,9.0,0.2,33.0,2.0,0.5,2024.0
Shivapura,12/24,0.3597164914,-0.1911236554,-0.1364273784,-0.4027731145,3600.0,"D (Propagation of wild life,fisheries)",5.8,7.2,700.0,9.0,2.7,170.0,1300.0,3.0,136.0,5.0,136.0,104.0,86.0,1.5,0.9,156.0,84.0,72.0,39.0,78.0,476.0,20.0,0.3,0.5,9.0,0.2,50.0,3.0,0.8,2024.0
Kogilu,12/24,0.3395143558,-0.1649075355,-0.1787687316,-0.3060283591,4511.0,"D (Propagation of wild life,fisheries)",6.1,7.7,433.0,6.0,1.7,230.0,2200.0,3.0,112.0,5.0,112.0,32.0,53.0,1.5,0.4,96.0,48.0,48.0,9.0,36.0,294.0,20.0,0.2,0.5,8.0,0.2,42.0,1.6,0.12,2024.0
Basavanapura,12/24,0.2450247457,-0.1765410618,-0.01038793566,-0.220314468,4542.0,"D (Propagation of wild life,fisheries)",4.4,7.0,908.0,5.0,3.5,170.0,3500.0,3.0,208.0,5.0,208.0,152.0,58.0,1.5,0.56,248.0,128.0,120.0,37.0,89.0,618.0,10.0,0.22,0.5,18.0,0.2,42.0,2.46,0.62,2024.0
Basavanapura,12/24,0.2450247457,-0.1765410618,-0.01038793566,-0.220314468,5566.0,"D (Propagation of wild life,fisheries)",6.6,7.6,462.0,6.0,1.6,43.0,540.0,3.0,140.0,5.0,140.0,48.0,59.0,1.5,0.4,116.0,60.0,56.0,7.0,46.0,314.0,20.0,0.2,0.5,6.0,0.2,45.0,1.9,0.22,2024.0
Mangamanapalya,12/24,0.2584078751,-0.1138628472,-0.1749875895,-0.2970655804,4547.0,"D (Propagation of wild life,fisheries)",6.6,7.8,433.0,4.0,1.7,230.0,3500.0,3.0,100.0,5.0,100.0,68.0,40.0,1.5,0.4,112.0,60.0,52.0,18.0,35.0,290.0,10.0,0.2,0.5,9.0,0.2,38.0,1.44,0.05,2024.0
Hoodi,12/24,0.2794095645,-0.1813757548,-0.01215314107,-0.2631412806,5560.0,"E (Irrigation, industrial cooling and controlled waste)",3.2,7.4,1436.0,17.0,5.0,78.0,790.0,3.0,180.0,5.0,180.0,324.0,128.0,2.5,2.1,308.0,160.0,148.0,33.0,157.0,940.0,14.0,2.1,0.5,28.0,0.2,50.0,3.9,5.6,2024.0
Rachenahalli,12/24,0.48415997,-0.2491913554,-0.189516389,-0.3667486003,4510.0,"D (Propagation of wild life,fisheries)",6.0,7.7,420.0,7.0,1.6,210.0,4300.0,3.0,116.0,5.0,116.0,36.0,59.0,1.5,0.4,96.0,52.0,44.0,10.0,36.0,286.0,16.0,0.2,0.5,8.0,0.2,42.0,1.6,0.24,2024.0
Amruthahalli,12/24,0.236905384,-0.1088636445,-0.281514096,-0.4452719985,3628.0,"D (Propagation of wild life,fisheries)",5.6,6.5,489.0,9.0,2.2,17.0,1600.0,3.0,156.0,5.0,156.0,36.0,87.0,1.5,0.4,128.0,68.0,60.0,5.0,39.0,334.0,10.0,0.2,0.5,5.0,0.2,38.0,1.5,0.26,2024.0
Nagavara,12/24,0.3377879478,-0.2204137669,-0.07699238359,-0.2505608482,3626.0,"D (Propagation of wild life,fisheries)",6.1,6.5,484.0,6.0,2.2,26.0,1600.0,3.0,136.0,5.0,136.0,44.0,46.0,1.5,0.4,112.0,60.0,52.0,5.0,37.0,330.0,10.0,0.2,0.5,5.0,0.2,39.0,1.5,0.2,2024.0
Herohalli,12/24,0.3949519497,-0.2228388714,-0.0350159351,-0.2193612855,3598.0,"D (Propagation of wild life,fisheries)",5.5,7.2,387.0,13.0,1.4,200.0,2000.0,3.0,136.0,5.0,136.0,40.0,128.0,1.5,0.7,96.0,52.0,44.0,6.0,30.0,266.0,112.0,0.3,0.5,8.0,0.2,37.0,2.0,0.8,2024.0
Hebbal,12/24,0.3400868071,-0.2242765221,-0.0418029668,-0.20552086,3625.0,"D (Propagation of wild life,fisheries)",4.9,7.9,674.0,7.0,2.71,310.0,3500.0,3.0,216.0,5.0,216.0,40.0,84.0,1.5,0.82,124.0,68.0,56.0,7.0,73.0,432.0,12.0,0.28,0.5,5.0,0.2,64.0,3.6,0.76,2024.0
Vibhuthipura,12/24,0.3987735714,-0.2252119635,-0.4076355381,-0.6076388859,4522.0,"D (Propagation of wild life,fisheries)",6.3,7.0,664.0,5.0,2.7,310.0,2800.0,3.0,148.0,5.0,148.0,68.0,59.0,1.5,0.4,144.0,80.0,64.0,5.0,65.0,450.0,36.0,0.36,0.5,14.0,0.24,46.0,2.4,0.85,2024.0
Nallurahalli,12/24,0.1669885558,-0.1121331271,0.1058374909,-0.1549123183,4523.0,"E (Irrigation, industrial cooling and controlled waste)",2.9,7.4,1437.0,21.0,5.0,170.0,940.0,3.0,180.0,5.0,180.0,328.0,156.0,2.9,2.2,328.0,172.0,156.0,35.0,159.0,936.0,10.0,2.9,0.5,29.0,0.2,48.0,3.8,8.1,2024.0
Tubarahalli,12/24,0.3826142472,-0.2347173011,0.05953772882,-0.1831907514,3610.0,"D (Propagation of wild life,fisheries)",5.9,6.7,904.0,7.0,3.75,330.0,3500.0,3.0,140.0,5.0,140.0,136.0,76.0,1.5,0.4,180.0,96.0,84.0,21.0,89.0,618.0,10.0,1.45,0.5,12.0,0.29,50.0,2.88,3.42,2024.0
Chinnappanahalli,12/24,0.3031835881,-0.1824079633,-0.1525022361,-0.3932006469,4520.0,"D (Propagation of wild life,fisheries)",6.2,6.6,681.0,4.0,2.74,240.0,1600.0,3.0,112.0,5.0,112.0,92.0,48.0,1.5,0.4,100.0,56.0,44.0,20.0,67.0,466.0,10.0,0.2,0.5,11.0,0.36,56.0,2.91,0.05,2024.0
Kundalahalli,12/24,0.2300544975,-0.236187537,0.1570289879,-0.030449196,4516.0,"E (Irrigation, industrial cooling and controlled waste)",3.0,7.5,1463.0,20.0,5.1,45.0,230.0,3.0,192.0,5.0,192.0,308.0,148.0,2.7,2.1,320.0,168.0,152.0,31.0,155.0,962.0,10.0,2.3,0.5,30.0,0.2,48.0,3.8,6.7,2024.0
Varthur,12/24,0.4036677477,-0.1932751607,-0.5425715819,-0.6993043618,3608.0,"E (Irrigation, industrial cooling and controlled waste)",2.4,7.4,1454.0,28.0,5.0,930.0,2200.0,3.0,184.0,5.0,184.0,324.0,192.0,3.1,2.3,332.0,172.0,160.0,31.0,158.0,958.0,92.0,2.9,0.5,29.0,0.2,48.0,3.7,8.0,2024.0
Narasipura,12/24,0.285732295,-0.1635643025,-0.4880383886,-0.6074976406,4509.0,"D (Propagation of wild life,fisheries)",5.7,6.5,479.0,9.0,2.2,150.0,2400.0,3.0,132.0,5.0,132.0,36.0,80.0,1.5,0.4,128.0,64.0,64.0,5.0,35.0,326.0,10.0,0.2,0.5,5.0,0.2,36.0,1.4,0.31,2024.0
Narasipura,12/24,0.3400052936,-0.1443012345,-0.5678956179,-0.6708522492,4509.0,"D (Propagation of wild life,fisheries)",5.7,6.5,479.0,9.0,2.2,150.0,2400.0,3.0,132.0,5.0,132.0,36.0,80.0,1.5,0.4,128.0,64.0,64.0,5.0,35.0,326.0,10.0,0.2,0.5,5.0,0.2,36.0,1.4,0.31,2024.0
Kengeri,01/25,0.1658572435,-0.01465657183,-0.3453340968,-0.4733960468,3639.0,"D (Propagation of wild life,fisheries)",4.2,6.7,597.0,7.0,2.4,230.0,2400.0,3.0,184.0,5.0,184.0,56.0,76.0,1.5,0.87,164.0,88.0,76.0,5.0,35.0,406.0,24.0,0.2,0.5,6.0,0.2,31.0,1.18,0.265,2025.0
Kengeri,01/25,0.4621770247,-0.2706182323,-0.1788966244,-0.4370923429,3639.0,"D (Propagation of wild life,fisheries)",4.2,6.7,597.0,7.0,2.4,230.0,2400.0,3.0,184.0,5.0,184.0,56.0,76.0,1.5,0.87,164.0,88.0,76.0,5.0,35.0,406.0,24.0,0.2,0.5,6.0,0.2,31.0,1.18,0.265,2025.0
Devarakere,01/25,0.3166908912,-0.1691358384,-0.2017325721,-0.4254953575,3634.0,"D (Propagation of wild life,fisheries)",5.0,7.6,347.0,5.0,1.4,2300.0,7900.0,3.0,104.0,5.0,104.0,24.0,56.0,1.5,0.42,120.0,64.0,56.0,7.0,24.0,234.0,70.0,0.31,0.5,8.0,0.2,28.0,0.95,0.86,2025.0
Uttarahalli Doraikere,01/25,0.4449341106,-0.2262896742,-0.312435095,-0.5515777942,3640.0,"E (Irrigation, industrial cooling and controlled waste)",2.4,7.0,228.0,72.0,0.8,6800.0,49000.0,3.0,60.0,5.0,60.0,12.0,352.0,13.56,10.8,88.0,48.0,40.0,14.0,12.0,156.0,96.0,0.2,0.5,6.0,0.2,21.0,0.55,0.36,2025.0
Herohalli,01/25,0.1544552996,-0.001729682232,-0.3695151325,-0.4600908191,3598.0,"D (Propagation of wild life,fisheries)",5.6,7.8,565.0,10.0,2.0,1700.0,11000.0,3.0,152.0,5.0,152.0,64.0,106.0,3.25,2.5,132.0,72.0,60.0,9.0,46.0,384.0,74.0,0.2,0.5,10.0,0.2,40.0,2.0,0.5,2025.0
Hosakerehalli,01/25,0.2971390427,-0.04414304603,-0.5696358277,-0.6998203099,4536.0,"E (Irrigation, industrial cooling and controlled waste)",0.3,6.5,645.0,60.0,2.5,1700.0,7900.0,3.0,256.0,5.0,256.0,36.0,270.0,19.1,14.9,212.0,112.0,100.0,5.0,39.0,440.0,40.0,0.2,0.5,7.0,0.2,28.0,1.2,0.2,2025.0
Kempambudhi,01/25,0.461087545,-0.2366834161,-0.295792197,-0.5173624077,3591.0,"D (Propagation of wild life,fisheries)",4.5,6.9,544.0,5.0,3.2,2100.0,9400.0,3.0,136.0,5.0,136.0,104.0,48.0,1.5,0.4,152.0,84.0,68.0,26.0,60.0,370.0,14.0,0.2,0.5,8.0,0.22,44.0,2.1,0.26,2025.0
Sankey,01/25,0.09860540435,-0.1736193935,0.2068732085,0.0178085401,3594.0,"D (Propagation of wild life,fisheries)",7.0,7.5,576.0,4.0,2.2,120.0,2400.0,3.0,148.0,5.0,148.0,72.0,47.0,1.5,0.4,136.0,76.0,60.0,15.0,56.0,392.0,10.0,0.2,0.5,8.0,0.24,45.0,2.1,0.05,2025.0
Ullalu,01/25,0.1957337272,-0.07108156635,-0.216623356,-0.374656737,4533.0,"D (Propagation of wild life,fisheries)",5.9,7.2,355.0,7.0,1.43,1400.0,7000.0,3.0,116.0,5.0,116.0,12.0,68.0,1.5,0.4,112.0,60.0,52.0,5.0,25.0,240.0,10.0,0.2,0.5,9.0,0.2,30.0,1.02,0.4,2025.0
Yediyur,01/25,0.3300272325,-0.2488724711,0.02829654642,-0.2580715638,3592.0,"D (Propagation of wild life,fisheries)",5.4,6.8,340.0,6.0,3.16,260.0,2800.0,3.0,80.0,5.0,80.0,120.0,56.0,1.5,0.4,100.0,56.0,44.0,20.0,22.0,230.0,10.0,0.2,0.5,4.0,0.38,31.0,1.0,0.25,2025.0
Sompura,01/25,0.1805809421,-0.07647351849,-0.1478627209,-0.3519199044,4534.0,"D (Propagation of wild life,fisheries)",6.5,7.7,709.0,4.0,2.9,140.0,2400.0,3.0,224.0,5.0,224.0,52.0,40.0,1.5,0.4,128.0,68.0,60.0,28.0,66.0,482.0,16.0,0.2,0.5,8.0,0.2,51.0,2.53,0.05,2025.0
Bhattarahalli,01/25,0.2193982402,-0.1905878314,0.1428700381,-0.131855159,4515.0,"D (Propagation of wild life,fisheries)",6.1,7.5,921.0,5.0,3.5,310.0,3500.0,3.0,212.0,5.0,212.0,152.0,52.0,1.5,0.4,248.0,128.0,120.0,38.0,91.0,626.0,10.0,0.2,0.5,18.0,0.2,42.0,2.52,0.24,2025.0
Begur,01/25,0.2536333465,-0.1795865338,-0.1581376547,-0.3479164568,3619.0,"D (Propagation of wild life,fisheries)",5.9,7.3,1118.0,10.0,4.0,260.0,5400.0,3.0,196.0,5.0,196.0,220.0,111.0,1.5,0.4,212.0,108.0,104.0,47.0,151.0,772.0,10.0,0.2,0.5,30.0,0.23,57.0,4.5,0.23,2025.0
Yelahanka,01/25,0.1084183519,-0.1911483819,0.3463613792,0.1984654737,3630.0,"E (Irrigation, industrial cooling and controlled waste)",3.2,7.0,1274.0,11.0,4.9,1300.0,13000.0,3.0,264.0,5.0,264.0,176.0,120.0,3.9,3.0,248.0,132.0,116.0,18.0,113.0,866.0,74.0,0.2,0.5,24.0,0.2,54.0,3.1,0.2,2025.0
Singapura,01/25,0.05478654532,-0.05607698856,0.1147472699,-0.1212074978,4508.0,"D (Propagation of wild life,fisheries)",4.9,7.8,849.0,7.0,3.3,260.0,2200.0,3.0,172.0,5.0,172.0,108.0,68.0,1.5,0.4,156.0,88.0,68.0,23.0,83.0,578.0,16.0,0.2,0.5,19.0,0.2,50.0,3.0,0.5,2025.0
Bellandur,01/25,0.3581595067,-0.1858587014,-0.4710038849,-0.6002699234,3602.0,"D (Propagation of wild life,fisheries)",6.5,7.4,506.0,4.0,1.94,1200.0,7900.0,3.0,144.0,5.0,144.0,52.0,37.0,1.5,0.4,148.0,88.0,60.0,5.0,50.0,342.0,18.0,0.2,0.5,12.0,0.2,40.0,1.8,0.35,2025.0
Abbigere,01/25,0.3238784359,-0.1553235404,-0.06337858128,-0.3326253926,4506.0,"D (Propagation of wild life,fisheries)",6.4,7.0,617.0,6.0,2.4,2100.0,9400.0,3.0,156.0,5.0,156.0,64.0,65.0,1.5,0.95,148.0,72.0,76.0,10.0,46.0,422.0,28.0,0.2,0.5,9.0,0.2,39.0,1.65,0.23,2025.0
Kammagondanahalli,01/25,0.2247724561,-0.05794167433,-0.280697076,-0.4616520959,4540.0,"D (Propagation of wild life,fisheries)",7.0,6.5,419.0,5.0,1.6,1700.0,7000.0,3.0,116.0,5.0,116.0,44.0,56.0,2.73,2.1,96.0,44.0,52.0,10.0,25.0,288.0,14.0,0.2,0.5,11.0,0.2,32.0,1.485,0.32,2025.0
Chikkabanavara,01/25,0.1162851773,0.1069732423,-0.3445527101,-0.5243785002,4095.0,"E (Irrigation, industrial cooling and controlled waste)",0.3,7.1,1202.0,22.0,4.6,2300.0,7900.0,3.0,136.0,5.0,136.0,204.0,204.0,1.91,1.5,184.0,88.0,96.0,37.0,108.0,818.0,134.0,0.78,0.5,11.0,0.23,54.0,3.4,1.84,2025.0
Lalbagh,01/25,0.3648841086,-0.3263582804,0.1636543619,-0.1983355895,3590.0,"D (Propagation of wild life,fisheries)",5.2,7.1,584.0,4.0,2.9,1700.0,7900.0,3.0,176.0,5.0,176.0,112.0,52.0,1.5,0.4,160.0,104.0,56.0,16.0,59.0,396.0,10.0,0.2,0.5,8.0,0.32,43.0,2.0,0.36,2025.0
Soulkere,01/25,0.4667733804,-0.2433166705,-0.6793464648,-0.8074355998,5570.0,"D (Propagation of wild life,fisheries)",6.5,8.0,668.0,5.0,2.6,260.0,2800.0,3.0,188.0,5.0,188.0,92.0,57.0,1.5,0.4,172.0,92.0,80.0,8.0,79.0,450.0,26.0,0.53,0.5,15.0,0.2,47.0,2.61,1.36,2025.0
Devarabeesanahalli,01/25,0.1018137148,-0.1934916674,0.1570394435,-0.032188828,4521.0,"D (Propagation of wild life,fisheries)",6.7,8.0,673.0,5.0,2.6,170.0,2400.0,3.0,176.0,5.0,176.0,104.0,87.0,1.5,0.4,188.0,100.0,88.0,11.0,80.0,460.0,28.0,0.77,0.5,15.0,0.2,46.0,2.53,1.8,2025.0
Kaikondanahalli,01/25,0.3856462841,-0.1825492814,-0.2291187304,-0.4382361394,3611.0,"E (Irrigation, industrial cooling and controlled waste)",3.3,7.2,1071.0,10.0,4.1,3100.0,7000.0,3.0,188.0,5.0,188.0,216.0,113.0,4.3,3.3,248.0,128.0,120.0,53.0,161.0,730.0,20.0,0.2,0.5,29.0,0.25,55.0,4.45,0.14,2025.0
Kasavanahalli,01/25,0.1199427542,-0.2651413418,0.3969024455,0.1991308116,4529.0,"D (Propagation of wild life,fisheries)",7.3,7.9,947.0,7.0,3.63,930.0,7900.0,3.0,260.0,5.0,260.0,140.0,63.0,1.5,0.4,252.0,132.0,120.0,25.0,125.0,650.0,10.0,0.78,0.5,31.0,0.28,48.0,3.43,2.0,2025.0
Byrasandra,01/25,0.3681498521,-0.1962636331,-0.1701228095,-0.4360802737,3595.0,"D (Propagation of wild life,fisheries)",5.4,8.5,405.0,10.0,1.5,210.0,3500.0,40.0,52.0,20.0,72.0,44.0,109.0,1.5,0.4,52.0,32.0,20.0,16.0,43.0,276.0,38.0,0.2,0.5,13.0,0.2,57.0,2.6,0.1,2025.0
Agaram,01/25,0.2579958554,-0.1784705772,0.05354507754,-0.1056972032,3612.0,"D (Propagation of wild life,fisheries)",5.3,7.9,963.0,9.0,3.7,140.0,2200.0,3.0,308.0,5.0,308.0,136.0,81.0,1.5,0.4,244.0,128.0,116.0,31.0,100.0,654.0,10.0,1.9,0.5,32.0,0.28,43.0,2.8,4.6,2025.0
Ibbalur,01/25,0.3082141403,-0.1846299625,-0.05056488093,-0.2749017127,3609.0,"D (Propagation of wild life,fisheries)",7.8,7.8,924.0,5.0,3.54,170.0,5400.0,3.0,268.0,5.0,268.0,132.0,58.0,1.5,0.4,244.0,128.0,116.0,31.0,113.0,630.0,10.0,1.11,0.5,33.0,0.25,46.0,3.14,2.62,2025.0
Puttenahalli,01/25,0.2867704196,-0.1961816973,-0.03754675003,-0.2740060371,3614.0,"D (Propagation of wild life,fisheries)",5.3,8.0,677.0,10.0,2.6,170.0,3500.0,3.0,228.0,5.0,228.0,88.0,96.0,1.5,0.4,148.0,80.0,68.0,9.0,82.0,460.0,24.0,1.1,0.5,16.0,0.2,51.0,2.9,2.6,2025.0
Puttenahalli,01/25,0.2867704196,-0.1961816973,-0.03754675003,-0.2740060371,3624.0,"D (Propagation of wild life,fisheries)",7.0,7.8,1056.0,8.0,4.1,310.0,3500.0,3.0,184.0,5.0,184.0,144.0,67.0,1.5,0.4,172.0,92.0,80.0,33.0,98.0,718.0,12.0,0.2,0.5,25.0,0.2,51.0,3.2,0.3,2025.0
Somasundrapalya,01/25,0.3150456733,-0.1796543107,0.07610373548,-0.2269438808,3622.0,"D (Propagation of wild life,fisheries)",7.1,8.0,978.0,4.0,4.0,310.0,2800.0,3.0,284.0,5.0,284.0,140.0,51.0,1.5,0.4,240.0,124.0,116.0,21.0,103.0,674.0,10.0,0.8,0.5,33.0,0.27,42.0,3.0,2.0,2025.0
Singasandra,01/25,0.3399899546,-0.196265494,-0.0958461568,-0.3047541885,3618.0,"D (Propagation of wild life,fisheries)",4.8,8.2,680.0,6.0,2.61,230.0,4300.0,3.0,168.0,5.0,168.0,92.0,51.0,1.5,0.9,172.0,92.0,80.0,32.0,74.0,460.0,74.0,7.73,0.5,10.0,0.2,47.0,2.45,18.23,2025.0
Singasandra,01/25,0.2388570064,-0.03061179365,-0.4567183519,-0.5773144368,3618.0,"D (Propagation of wild life,fisheries)",4.8,8.2,680.0,6.0,2.61,230.0,4300.0,3.0,168.0,5.0,168.0,92.0,51.0,1.5,0.9,172.0,92.0,80.0,32.0,74.0,460.0,74.0,7.73,0.5,10.0,0.2,47.0,2.45,18.23,2025.0
Parappana Agrahara,01/25,0.3618908958,-0.1989035544,-0.4268199021,-0.6098648658,3620.0,"D (Propagation of wild life,fisheries)",5.9,8.5,856.0,12.0,3.0,2300.0,9400.0,64.0,184.0,32.0,216.0,144.0,128.0,1.5,0.46,212.0,108.0,104.0,21.0,93.0,598.0,80.0,0.6,0.5,20.0,0.2,46.0,2.8,1.4,2025.0
Basavanapura,01/25,0.3306689211,-0.1537236271,-0.3139586993,-0.4957001649,4542.0,"E (Irrigation, industrial cooling and controlled waste)",0.3,7.0,1090.0,25.0,4.2,170.0,5400.0,3.0,216.0,5.0,216.0,212.0,185.0,1.5,0.4,216.0,116.0,100.0,48.0,149.0,750.0,26.0,0.2,0.5,30.0,0.23,56.0,4.4,0.34,2025.0
Basavanapura,01/25,0.3306689211,-0.1537236271,-0.3139586993,-0.4957001649,5566.0,"D (Propagation of wild life,fisheries)",4.8,7.2,552.0,4.0,2.1,260.0,5400.0,3.0,124.0,5.0,124.0,88.0,46.0,1.5,0.76,148.0,80.0,68.0,23.0,54.0,378.0,10.0,0.2,0.5,11.0,0.2,42.0,2.0,0.19,2025.0
Arakere,01/25,0.3690070898,-0.2160501895,-0.04157751822,-0.3446442409,3615.0,"D (Propagation of wild life,fisheries)",5.2,7.2,1105.0,12.0,4.2,310.0,2800.0,3.0,212.0,5.0,212.0,228.0,130.0,1.5,0.4,196.0,104.0,92.0,48.0,150.0,752.0,22.0,0.3,0.5,29.0,0.25,58.0,4.7,0.7,2025.0
Gottigere,01/25,0.4433352948,-0.2895592707,-0.5180827375,-0.6986966863,3613.0,"D (Propagation of wild life,fisheries)",6.6,7.5,524.0,4.0,2.01,170.0,2100.0,3.0,128.0,5.0,128.0,124.0,42.0,1.5,0.4,140.0,80.0,60.0,6.0,49.0,360.0,12.0,0.2,0.5,12.0,0.2,40.0,1.79,0.35,2025.0
Doddakallasandra,01/25,0.3983352739,-0.1608243759,-0.5911505376,-0.7327380725,5567.0,"D (Propagation of wild life,fisheries)",5.4,6.5,393.0,9.0,1.5,23.0,1600.0,3.0,132.0,5.0,132.0,52.0,89.0,1.5,0.4,100.0,56.0,44.0,5.0,48.0,268.0,10.0,0.3,0.5,1.0,0.2,51.0,2.1,0.7,2025.0
Puttenahalli,01/25,0.4244031318,-0.1931991699,-0.5703705172,-0.6994758545,3614.0,"D (Propagation of wild life,fisheries)",5.3,8.0,677.0,10.0,2.6,170.0,3500.0,3.0,228.0,5.0,228.0,88.0,96.0,1.5,0.4,148.0,80.0,68.0,9.0,82.0,460.0,24.0,1.1,0.5,16.0,0.2,51.0,2.9,2.6,2025.0
Puttenahalli,01/25,0.4244031318,-0.1931991699,-0.5703705172,-0.6994758545,3624.0,"D (Propagation of wild life,fisheries)",7.0,7.8,1056.0,8.0,4.1,310.0,3500.0,3.0,184.0,5.0,184.0,144.0,67.0,1.5,0.4,172.0,92.0,80.0,33.0,98.0,718.0,12.0,0.2,0.5,25.0,0.2,51.0,3.2,0.3,2025.0
Chelekere,01/25,0.3256774596,-0.1416133479,-0.3847552307,-0.5558201543,4507.0,"D (Propagation of wild life,fisheries)",6.8,7.8,1042.0,8.0,4.0,110.0,2400.0,3.0,196.0,5.0,196.0,144.0,68.0,1.5,0.46,188.0,104.0,84.0,29.0,99.0,710.0,14.0,0.2,0.5,24.0,0.2,50.0,3.1,0.6,2025.0
Agaram,01/25,0.3271469345,-0.1981258056,0.08970135524,-0.1602766948,3612.0,"D (Propagation of wild life,fisheries)",5.3,7.9,963.0,9.0,3.7,140.0,2200.0,3.0,308.0,5.0,308.0,136.0,81.0,1.5,0.4,244.0,128.0,116.0,31.0,100.0,654.0,10.0,1.9,0.5,32.0,0.28,43.0,2.8,4.6,2025.0
Kalkere,01/25,0.2814928476,-0.1556475237,-0.1605669283,-0.3595022939,3607.0,"E (Irrigation, industrial cooling and controlled waste)",3.1,8.2,1476.0,20.0,5.1,1400.0,9400.0,3.0,324.0,5.0,324.0,240.0,136.0,20.0,16.0,344.0,180.0,164.0,51.0,174.0,968.0,44.0,0.78,0.5,33.0,0.2,49.0,4.0,2.2,2025.0
Rampura,01/25,0.4001932221,-0.2024328951,-0.5750999319,-0.7316957195,4519.0,"D (Propagation of wild life,fisheries)",5.9,7.2,818.0,6.0,2.9,25.0,1600.0,3.0,220.0,5.0,220.0,92.0,52.0,1.5,0.42,200.0,108.0,92.0,13.0,78.0,534.0,12.0,0.2,0.5,10.0,0.2,44.0,2.4,0.44,2025.0
Dasarahalli,01/25,0.2240302601,-0.1236945925,0.04923762527,-0.1499840151,3606.0,"D (Propagation of wild life,fisheries)",6.2,6.5,284.0,6.0,1.1,2100.0,9400.0,3.0,84.0,5.0,84.0,28.0,68.0,1.5,1.1,68.0,52.0,16.0,17.0,16.0,192.0,18.0,0.2,0.5,5.0,0.2,32.0,0.85,0.45,2025.0
Doddabidarakallu,01/25,0.113986897,0.1255898262,-0.3832364538,-0.544863083,4539.0,"E (Irrigation, industrial cooling and controlled waste)",0.3,6.7,1622.0,81.0,6.2,11000.0,46000.0,3.0,436.0,5.0,436.0,168.0,272.0,44.0,34.0,300.0,148.0,152.0,29.0,111.0,1102.0,32.0,4.1,0.5,23.0,0.29,42.0,2.8,9.6,2025.0
Allalasandra,01/25,0.3384913174,-0.2514259829,0.1012242055,-0.1754301905,3629.0,"E (Irrigation, industrial cooling and controlled waste)",3.3,7.0,1281.0,17.0,4.9,3300.0,9400.0,3.0,272.0,5.0,272.0,176.0,130.0,2.7,2.1,252.0,132.0,120.0,18.0,114.0,872.0,80.0,1.8,0.5,25.0,0.2,46.0,3.1,4.2,2025.0
Andhrahalli,01/25,0.2422550111,-0.05791635996,-0.3427537558,-0.526334197,4096.0,"D (Propagation of wild life,fisheries)",5.7,8.0,497.0,10.0,1.0,1100.0,13000.0,3.0,112.0,5.0,112.0,48.0,102.0,4.8,3.2,96.0,52.0,44.0,8.0,137.0,338.0,86.0,0.2,0.5,9.0,0.2,57.0,3.1,0.1,2025.0
Shivapura,01/25,0.2915964539,-0.1235386294,-0.1103795112,-0.3726186423,3600.0,"E (Irrigation, industrial cooling and controlled waste)",2.3,8.5,766.0,22.0,1.6,920.0,9400.0,16.0,68.0,8.0,76.0,104.0,141.0,1.5,0.6,128.0,68.0,60.0,31.0,162.0,520.0,98.0,0.2,0.5,8.0,0.2,31.0,3.1,0.3,2025.0
Kogilu,01/25,0.3314788016,-0.1541121646,-0.2064010657,-0.3531105817,4511.0,"D (Propagation of wild life,fisheries)",5.8,7.4,554.0,4.0,2.13,260.0,2200.0,3.0,152.0,5.0,152.0,60.0,70.0,1.5,0.49,120.0,74.0,46.0,12.0,58.0,378.0,20.0,0.2,0.5,11.0,0.2,48.0,2.29,0.43,2025.0
Basavanapura,01/25,0.2259149156,-0.1745606418,0.008342569146,-0.2195340993,4542.0,"E (Irrigation, industrial cooling and controlled waste)",0.3,7.0,1090.0,25.0,4.2,170.0,5400.0,3.0,216.0,5.0,216.0,212.0,185.0,1.5,0.4,216.0,116.0,100.0,48.0,149.0,750.0,26.0,0.2,0.5,30.0,0.23,56.0,4.4,0.34,2025.0
Basavanapura,01/25,0.2259149156,-0.1745606418,0.008342569146,-0.2195340993,5566.0,"D (Propagation of wild life,fisheries)",4.8,7.2,552.0,4.0,2.1,260.0,5400.0,3.0,124.0,5.0,124.0,88.0,46.0,1.5,0.76,148.0,80.0,68.0,23.0,54.0,378.0,10.0,0.2,0.5,11.0,0.2,42.0,2.0,0.19,2025.0
Mangamanapalya,01/25,0.267327659,-0.1129679487,-0.1674650838,-0.3429113427,4547.0,"D (Propagation of wild life,fisheries)",6.9,8.1,694.0,6.0,2.6,110.0,2400.0,3.0,224.0,5.0,224.0,100.0,73.0,1.5,0.4,156.0,80.0,76.0,7.0,80.0,486.0,12.0,0.51,0.5,17.0,0.2,50.0,2.8,1.2,2025.0
Hoodi,01/25,0.2413581508,-0.1728875228,0.04935984911,-0.2301349078,5560.0,"D (Propagation of wild life,fisheries)",5.0,8.5,861.0,13.0,3.3,170.0,2200.0,64.0,180.0,32.0,212.0,116.0,138.0,1.5,0.4,180.0,96.0,84.0,9.0,75.0,586.0,42.0,0.8,0.5,19.0,0.2,44.0,2.4,1.9,2025.0
Rachenahalli,01/25,0.5216526012,-0.2749102332,-0.2366460351,-0.475060544,4510.0,"E (Irrigation, industrial cooling and controlled waste)",1.5,7.3,1225.0,19.0,4.7,780.0,4900.0,3.0,296.0,5.0,296.0,184.0,145.0,2.6,2.0,244.0,128.0,116.0,21.0,148.0,844.0,70.0,0.58,0.5,27.0,0.2,53.0,4.12,1.36,2025.0
Amruthahalli,01/25,0.2102773469,-0.08230530037,-0.2810545078,-0.4679168954,3628.0,"D (Propagation of wild life,fisheries)",4.9,7.0,756.0,5.0,2.9,310.0,3500.0,3.0,164.0,5.0,164.0,100.0,74.0,1.5,0.64,144.0,78.0,66.0,24.0,79.0,502.0,10.0,0.2,0.5,17.0,0.2,51.0,2.85,0.45,2025.0
Herohalli,01/25,0.3908556876,-0.2327331218,-0.04655847976,-0.2663205799,3598.0,"D (Propagation of wild life,fisheries)",5.6,7.8,565.0,10.0,2.0,1700.0,11000.0,3.0,152.0,5.0,152.0,64.0,106.0,3.25,2.5,132.0,72.0,60.0,9.0,46.0,384.0,74.0,0.2,0.5,10.0,0.2,40.0,2.0,0.5,2025.0
Hebbal,01/25,0.3184486619,-0.2185852279,0.007553569555,-0.2166405965,3625.0,"D (Propagation of wild life,fisheries)",6.0,8.2,595.0,8.0,2.3,240.0,2800.0,3.0,160.0,5.0,160.0,64.0,61.0,1.5,0.4,124.0,68.0,56.0,13.0,54.0,404.0,24.0,0.2,0.5,10.0,0.2,46.0,2.1,0.5,2025.0
Vibhuthipura,01/25,0.3809315762,-0.2011479679,-0.3755114378,-0.595017168,4522.0,"D (Propagation of wild life,fisheries)",6.8,7.7,871.0,5.0,2.8,260.0,3500.0,3.0,224.0,5.0,224.0,100.0,51.0,3.9,3.0,168.0,88.0,80.0,10.0,80.0,594.0,14.0,0.7,0.5,16.0,0.2,48.0,2.8,1.7,2025.0
Tubarahalli,01/25,0.3559638812,-0.2440770483,0.1104912396,-0.1528915946,3610.0,"D (Propagation of wild life,fisheries)",5.8,8.2,625.0,10.0,2.4,1700.0,7900.0,3.0,136.0,5.0,136.0,84.0,115.0,1.5,0.4,140.0,76.0,64.0,9.0,63.0,426.0,84.0,0.4,0.5,13.0,0.2,46.0,2.3,0.9,2025.0
Chinnappanahalli,01/25,0.3047116809,-0.1502613719,-0.1543814604,-0.3825009825,4520.0,"D (Propagation of wild life,fisheries)",6.0,7.9,795.0,7.0,3.1,170.0,2800.0,3.0,132.0,5.0,132.0,116.0,81.0,1.5,1.0,152.0,84.0,68.0,18.0,83.0,540.0,10.0,0.2,0.5,14.0,0.2,51.0,2.9,0.1,2025.0
Kundalahalli,01/25,0.2188117047,-0.2364624647,0.1373344172,-0.07736217406,4516.0,"D (Propagation of wild life,fisheries)",5.9,7.4,1314.0,8.0,5.0,310.0,3500.0,3.0,252.0,5.0,252.0,228.0,86.0,7.5,5.8,280.0,148.0,132.0,19.0,139.0,894.0,10.0,1.5,0.5,12.0,0.2,51.0,3.6,3.5,2025.0
Varthur,01/25,0.3589781275,-0.1346387969,-0.5428152083,-0.6921746592,3608.0,"D (Propagation of wild life,fisheries)",6.4,6.9,990.0,4.0,13.4,170.0,2200.0,3.0,332.0,5.0,332.0,140.0,51.0,1.5,0.4,280.0,144.0,136.0,23.0,98.0,712.0,10.0,0.63,0.5,14.0,0.2,41.0,2.5,1.6,2025.0
Kengeri,02/25,0.1524991839,0.03050400442,-0.3521919599,-0.4834972506,3639.0,"D (Propagation of wild life,fisheries)",5.1,7.3,747.0,5.0,2.7,2400.0,4800.0,3.0,188.0,5.0,188.0,64.0,56.0,1.5,0.44,160.0,88.0,72.0,5.0,62.0,508.0,18.0,0.2,0.5,8.0,0.2,44.0,2.1,0.3,2025.0
Kengeri,02/25,0.4516479513,-0.2562852568,-0.1815777959,-0.4346984195,3639.0,"D (Propagation of wild life,fisheries)",5.1,7.3,747.0,5.0,2.7,2400.0,4800.0,3.0,188.0,5.0,188.0,64.0,56.0,1.5,0.44,160.0,88.0,72.0,5.0,62.0,508.0,18.0,0.2,0.5,8.0,0.2,44.0,2.1,0.3,2025.0
Devarakere,02/25,0.4001415435,-0.2480171082,-0.1191527882,-0.5078195456,3634.0,"D (Propagation of wild life,fisheries)",5.3,8.0,351.0,4.0,1.35,170.0,2400.0,3.0,92.0,5.0,92.0,28.0,33.0,1.5,0.49,92.0,56.0,36.0,5.0,26.0,238.0,60.0,0.2,0.5,7.0,0.2,35.0,1.17,0.05,2025.0
Uttarahalli Doraikere,02/25,0.4481096619,-0.2431727543,-0.2399862674,-0.56960986,3640.0,"E (Irrigation, industrial cooling and controlled waste)",1.4,8.0,353.0,84.0,1.36,31000.0,70000.0,3.0,68.0,5.0,68.0,24.0,610.0,3.74,2.34,172.0,108.0,64.0,24.0,15.0,234.0,128.0,0.2,0.5,6.0,0.2,15.0,0.5,0.05,2025.0
Herohalli,02/25,0.1464285176,0.05025698191,-0.3329741408,-0.4568768717,3598.0,"E (Irrigation, industrial cooling and controlled waste)",0.3,6.7,582.0,40.0,2.2,2500.0,15000.0,3.0,140.0,5.0,140.0,68.0,297.0,8.84,6.8,140.0,72.0,68.0,7.0,46.0,400.0,230.0,0.2,0.5,9.0,0.2,40.0,1.7,0.05,2025.0
Hosakerehalli,02/25,0.2786381374,-0.02937082295,-0.5751273363,-0.7027219374,4536.0,"D (Propagation of wild life,fisheries)",4.1,6.5,797.0,10.0,3.06,17000.0,46000.0,3.0,284.0,5.0,284.0,44.0,72.0,3.36,0.9,232.0,126.0,106.0,5.0,45.0,548.0,64.0,0.2,0.5,5.0,2.36,29.0,1.3,0.05,2025.0
Kempambudhi,02/25,0.4438121576,-0.2419463031,-0.2815192447,-0.5356491874,3591.0,"E (Irrigation, industrial cooling and controlled waste)",1.4,8.2,540.0,22.0,2.0,2600.0,35000.0,3.0,176.0,5.0,176.0,44.0,162.0,5.72,4.4,144.0,76.0,68.0,5.0,42.0,372.0,190.0,0.4,0.5,8.0,0.2,38.0,1.5,1.0,2025.0
Sankey,02/25,0.07716539089,-0.2022428551,0.3516276306,0.1910858315,3594.0,"D (Propagation of wild life,fisheries)",6.5,7.2,652.0,4.0,2.5,170.0,1300.0,3.0,164.0,5.0,164.0,64.0,44.0,1.5,0.4,136.0,76.0,60.0,20.0,49.0,442.0,10.0,0.2,0.5,8.0,0.2,42.0,1.8,0.2,2025.0
Ullalu,02/25,0.2508604225,-0.05070692689,-0.2814737449,-0.5008946803,4533.0,"E (Irrigation, industrial cooling and controlled waste)",2.8,7.2,1414.0,16.0,5.4,1200.0,17000.0,3.0,452.0,5.0,452.0,112.0,118.0,6.9,6.2,276.0,144.0,132.0,26.0,125.0,960.0,36.0,2.8,0.5,20.0,0.21,47.0,3.2,6.7,2025.0
Yediyur,02/25,0.3615526241,-0.2966833125,0.1431710313,-0.2401717422,3592.0,"D (Propagation of wild life,fisheries)",6.6,8.1,320.0,4.0,1.23,1100.0,7900.0,3.0,88.0,5.0,88.0,28.0,24.0,1.5,0.4,84.0,56.0,28.0,5.0,44.0,216.0,44.0,0.2,0.5,9.0,0.2,50.0,2.06,0.05,2025.0
Sompura,02/25,0.1747821206,-0.04653897166,-0.1469959005,-0.3681993941,4534.0,"D (Propagation of wild life,fisheries)",5.7,7.5,906.0,5.0,3.48,210.0,3500.0,3.0,248.0,5.0,248.0,52.0,57.0,1.5,0.8,176.0,110.0,66.0,28.0,93.0,604.0,18.0,0.2,0.5,9.0,0.36,52.0,3.07,0.05,2025.0
Bhattarahalli,02/25,0.2340365485,-0.2191843093,0.2457300332,-0.1366428454,4515.0,"D (Propagation of wild life,fisheries)",6.8,8.0,965.0,5.0,3.7,17.0,1600.0,3.0,156.0,5.0,156.0,176.0,50.0,1.5,0.78,104.0,56.0,48.0,21.0,108.0,656.0,10.0,0.2,0.5,17.0,0.37,65.0,4.6,0.3,2025.0
Begur,02/25,0.2476102155,-0.1660636053,-0.046625613,-0.253079636,3619.0,"D (Propagation of wild life,fisheries)",7.0,7.3,1273.0,4.0,4.9,460.0,2800.0,3.0,176.0,5.0,176.0,224.0,41.0,1.5,0.4,244.0,128.0,116.0,64.0,159.0,866.0,18.0,0.2,0.5,32.0,0.22,55.0,4.4,0.3,2025.0
Yelahanka,02/25,0.1323770996,-0.1691058441,0.4089599878,0.2753523017,3630.0,"E (Irrigation, industrial cooling and controlled waste)",1.1,7.9,1322.0,30.0,5.0,1700.0,9400.0,3.0,324.0,5.0,324.0,196.0,201.0,6.3,4.9,216.0,116.0,100.0,23.0,58.0,904.0,94.0,1.0,0.5,30.0,0.28,33.0,1.7,2.3,2025.0
Singapura,02/25,0.03920441092,-0.01423187736,0.1791640971,-0.06420579775,4508.0,"E (Irrigation, industrial cooling and controlled waste)",3.1,7.3,1015.0,11.0,3.9,2100.0,11000.0,3.0,168.0,5.0,168.0,152.0,109.0,2.04,1.7,208.0,122.0,86.0,35.0,98.0,682.0,16.0,0.2,0.5,33.0,0.2,46.0,2.95,0.46,2025.0
Bellandur,02/25,0.3332882864,-0.1357337115,-0.4455142829,-0.5906954665,3602.0,"E (Irrigation, industrial cooling and controlled waste)",3.2,6.9,1120.0,20.0,3.9,210.0,2200.0,3.0,360.0,5.0,360.0,92.0,144.0,2.0,1.3,324.0,168.0,156.0,31.0,85.0,738.0,150.0,0.2,0.5,9.0,0.21,35.0,2.0,0.58,2025.0
Abbigere,02/25,0.310455232,-0.1333250208,-0.03013287239,-0.3256690625,4506.0,"E (Irrigation, industrial cooling and controlled waste)",1.8,6.7,580.0,13.0,1.4,4800.0,28000.0,3.0,160.0,5.0,160.0,88.0,125.0,1.8,1.4,168.0,112.0,56.0,20.0,80.0,394.0,16.0,0.2,0.5,10.0,0.25,49.0,2.7,0.18,2025.0
Kammagondanahalli,02/25,0.1923333904,0.02029345957,-0.4552999016,-0.6144255397,4540.0,"E (Irrigation, industrial cooling and controlled waste)",2.1,6.5,412.0,12.0,1.4,2600.0,15000.0,3.0,112.0,5.0,112.0,100.0,121.0,2.3,1.8,116.0,64.0,52.0,11.0,52.0,280.0,20.0,0.2,0.5,6.0,0.22,48.0,2.1,0.27,2025.0
Chikkabanavara,02/25,0.08624824493,0.1579259156,-0.3352660577,-0.5171871054,4095.0,"D (Propagation of wild life,fisheries)",4.9,7.0,760.0,5.0,1.4,2300.0,17000.0,3.0,216.0,5.0,216.0,148.0,49.0,1.5,0.9,232.0,128.0,104.0,24.0,80.0,518.0,12.0,0.2,0.5,10.0,0.21,41.0,2.3,0.25,2025.0
Lalbagh,02/25,0.3656491828,-0.2991395834,0.1817280144,-0.2072511955,3590.0,"D (Propagation of wild life,fisheries)",5.8,8.2,577.0,9.0,2.2,110.0,2400.0,3.0,96.0,5.0,96.0,72.0,78.0,1.5,0.58,80.0,40.0,40.0,8.0,69.0,392.0,30.0,0.2,0.5,15.0,0.2,60.0,3.4,0.13,2025.0
Soulkere,02/25,0.471050401,-0.2377276816,-0.6604811424,-0.8327533975,5570.0,"D (Propagation of wild life,fisheries)",4.4,8.0,1439.0,8.0,5.0,210.0,4300.0,3.0,224.0,5.0,224.0,340.0,88.0,1.5,0.86,308.0,160.0,148.0,57.0,198.0,960.0,12.0,0.53,0.5,25.0,0.29,56.0,5.0,1.4,2025.0
Devarabeesanahalli,02/25,0.103260944,-0.2082106224,0.2501022015,0.03962486967,4521.0,"E (Irrigation, industrial cooling and controlled waste)",3.2,8.0,1575.0,4.0,5.5,140.0,2100.0,3.0,232.0,5.0,232.0,340.0,168.0,1.7,1.2,304.0,160.0,144.0,57.0,180.0,1028.0,14.0,1.5,0.5,24.0,0.21,54.0,5.0,4.5,2025.0
Kaikondanahalli,02/25,0.3942000606,-0.1909522419,-0.1872479274,-0.4855869798,3611.0,"D (Propagation of wild life,fisheries)",4.6,8.5,1202.0,8.0,4.2,170.0,3500.0,24.0,160.0,12.0,184.0,224.0,76.0,1.5,0.58,180.0,96.0,84.0,48.0,158.0,786.0,98.0,0.37,0.5,23.0,0.29,62.0,5.0,0.91,2025.0
Kasavanahalli,02/25,0.07524973216,-0.2720922753,0.521529108,0.3351407617,4529.0,"D (Propagation of wild life,fisheries)",5.4,7.6,853.0,6.0,3.0,230.0,2800.0,3.0,120.0,5.0,120.0,132.0,64.0,1.5,0.44,136.0,76.0,60.0,35.0,91.0,568.0,20.0,0.2,0.5,19.0,0.3,55.0,3.0,0.05,2025.0
Byrasandra,02/25,0.3182592687,-0.185335246,-0.05395907433,-0.3766888697,3595.0,"D (Propagation of wild life,fisheries)",6.8,7.1,1419.0,5.0,5.5,400.0,2400.0,3.0,292.0,5.0,292.0,44.0,57.0,1.5,0.4,856.0,432.0,424.0,247.0,49.0,964.0,14.0,0.2,0.5,25.0,0.2,11.0,0.7,0.1,2025.0
Agaram,02/25,0.3223634509,-0.2455855621,0.204306477,-0.06128919061,3612.0,"D (Propagation of wild life,fisheries)",5.8,7.9,1143.0,7.0,4.39,20.0,110.0,3.0,288.0,5.0,288.0,136.0,75.0,1.5,0.4,236.0,128.0,108.0,11.0,99.0,774.0,16.0,0.53,0.5,34.0,0.23,43.0,2.79,1.35,2025.0
Ibbalur,02/25,0.3276342752,-0.2285549227,0.07736645452,-0.2285266086,3609.0,"D (Propagation of wild life,fisheries)",5.7,7.5,823.0,5.0,3.2,120.0,2400.0,3.0,164.0,5.0,164.0,124.0,52.0,1.5,0.4,220.0,116.0,104.0,34.0,80.0,562.0,10.0,0.2,0.5,16.0,0.39,42.0,2.34,0.28,2025.0
Puttenahalli,02/25,0.3119853775,-0.2447149618,0.01209454879,-0.3170482516,3614.0,"D (Propagation of wild life,fisheries)",6.5,7.8,635.0,7.0,2.4,170.0,1400.0,3.0,116.0,5.0,116.0,84.0,82.0,1.5,0.4,112.0,64.0,48.0,13.0,74.0,432.0,32.0,0.2,0.5,14.0,0.2,55.0,3.0,0.2,2025.0
Puttenahalli,02/25,0.3119853775,-0.2447149618,0.01209454879,-0.3170482516,3624.0,"D (Propagation of wild life,fisheries)",4.6,7.4,1067.0,10.0,4.1,780.0,4900.0,3.0,176.0,5.0,176.0,164.0,114.0,1.5,0.42,160.0,88.0,72.0,36.0,99.0,724.0,10.0,0.3,0.5,27.0,0.21,52.0,3.4,0.7,2025.0
Somasundrapalya,02/25,0.314617271,-0.2101336931,0.1963332971,-0.2468562737,3622.0,"D (Propagation of wild life,fisheries)",6.0,8.0,1174.0,8.0,4.51,170.0,3500.0,3.0,192.0,5.0,192.0,188.0,81.0,1.5,0.4,112.0,62.0,50.0,5.0,135.0,808.0,46.0,0.22,0.5,65.0,0.25,60.0,5.54,0.57,2025.0
Singasandra,02/25,0.416868607,-0.2451744515,-0.09176286403,-0.4415404932,3618.0,"D (Propagation of wild life,fisheries)",5.4,8.0,955.0,8.0,3.67,140.0,4300.0,3.0,172.0,5.0,172.0,140.0,84.0,1.5,0.4,112.0,66.0,46.0,8.0,128.0,648.0,52.0,0.2,0.5,47.0,0.21,62.0,5.24,0.05,2025.0
Singasandra,02/25,0.2337606292,0.01280354452,-0.4396037065,-0.6081788447,3618.0,"D (Propagation of wild life,fisheries)",5.4,8.0,955.0,8.0,3.67,140.0,4300.0,3.0,172.0,5.0,172.0,140.0,84.0,1.5,0.4,112.0,66.0,46.0,8.0,128.0,648.0,52.0,0.2,0.5,47.0,0.21,62.0,5.24,0.05,2025.0
Parappana Agrahara,02/25,0.4146779875,-0.2176480277,-0.5936736246,-0.7607155573,3620.0,"E (Irrigation, industrial cooling and controlled waste)",2.5,7.0,1139.0,29.0,4.0,12000.0,70000.0,3.0,264.0,5.0,264.0,208.0,172.0,1.6,1.1,256.0,136.0,120.0,19.0,150.0,766.0,32.0,0.58,0.5,8.0,0.24,55.0,4.0,1.6,2025.0
Basavanapura,02/25,0.2575049271,-0.1270665164,-0.1574629911,-0.3981095662,4542.0,"D (Propagation of wild life,fisheries)",7.0,8.3,851.0,4.0,14.47,210.0,1700.0,40.0,196.0,20.0,216.0,108.0,58.0,1.5,0.4,208.0,112.0,96.0,7.0,86.0,578.0,10.0,0.69,0.5,24.0,0.2,44.0,2.5,1.7,2025.0
Basavanapura,02/25,0.2575049271,-0.1270665164,-0.1574629911,-0.3981095662,5566.0,"D (Propagation of wild life,fisheries)",6.9,8.3,562.0,4.0,2.1,130.0,2400.0,16.0,120.0,8.0,128.0,64.0,39.0,1.5,0.79,64.0,36.0,28.0,18.0,56.0,382.0,10.0,0.2,0.5,14.0,0.22,60.0,3.0,0.05,2025.0
Arakere,02/25,0.3589991523,-0.2299479888,0.0550012365,-0.3104289206,3615.0,"D (Propagation of wild life,fisheries)",4.6,8.0,766.0,5.0,2.94,110.0,2400.0,3.0,136.0,5.0,136.0,100.0,62.0,1.5,0.4,104.0,66.0,38.0,6.0,84.0,522.0,10.0,0.2,0.5,17.0,0.2,59.0,3.58,0.32,2025.0
Gottigere,02/25,0.213244805,-0.2317333779,0.3133250548,-0.0870643784,3613.0,"D (Propagation of wild life,fisheries)",7.0,7.5,648.0,4.0,2.5,170.0,920.0,3.0,120.0,5.0,120.0,84.0,42.0,1.5,0.4,88.0,52.0,36.0,13.0,77.0,440.0,36.0,0.2,0.5,13.0,0.2,61.0,3.6,0.2,2025.0
Doddakallasandra,02/25,0.3803177236,-0.1083568791,-0.6019919013,-0.7564372851,5567.0,"D (Propagation of wild life,fisheries)",5.8,7.7,862.0,10.0,3.3,480.0,3500.0,3.0,200.0,5.0,200.0,112.0,114.0,2.73,2.1,168.0,84.0,84.0,6.6,83.0,594.0,10.0,0.41,0.5,21.0,0.2,48.0,2.8,1.0,2025.0
Puttenahalli,02/25,0.4709369765,-0.2256550365,-0.6117845995,-0.7481087851,3614.0,"D (Propagation of wild life,fisheries)",6.5,7.8,635.0,7.0,2.4,170.0,1400.0,3.0,116.0,5.0,116.0,84.0,82.0,1.5,0.4,112.0,64.0,48.0,13.0,74.0,432.0,32.0,0.2,0.5,14.0,0.2,55.0,3.0,0.2,2025.0
Puttenahalli,02/25,0.4709369765,-0.2256550365,-0.6117845995,-0.7481087851,3624.0,"D (Propagation of wild life,fisheries)",4.6,7.4,1067.0,10.0,4.1,780.0,4900.0,3.0,176.0,5.0,176.0,164.0,114.0,1.5,0.42,160.0,88.0,72.0,36.0,99.0,724.0,10.0,0.3,0.5,27.0,0.21,52.0,3.4,0.7,2025.0
Chelekere,02/25,0.3343150317,-0.1200148275,-0.3477406641,-0.5943450724,4507.0,"D (Propagation of wild life,fisheries)",5.5,7.3,999.0,6.0,3.83,260.0,2800.0,3.0,164.0,5.0,164.0,164.0,53.0,1.5,0.7,212.0,112.0,100.0,34.0,98.0,670.0,16.0,0.2,0.5,33.0,0.2,45.0,2.91,0.28,2025.0
Agaram,02/25,0.2889651178,-0.2280383301,0.2333729234,-0.07916031804,3612.0,"D (Propagation of wild life,fisheries)",5.8,7.9,1143.0,7.0,4.39,20.0,110.0,3.0,288.0,5.0,288.0,136.0,75.0,1.5,0.4,236.0,128.0,108.0,11.0,99.0,774.0,16.0,0.53,0.5,34.0,0.23,43.0,2.79,1.35,2025.0
Kalkere,02/25,0.2617543827,-0.125844678,-0.1447820427,-0.3515115698,3607.0,"E (Irrigation, industrial cooling and controlled waste)",0.3,8.4,1481.0,35.0,5.7,170.0,22000.0,32.0,332.0,16.0,348.0,292.0,285.0,23.4,18.0,356.0,180.0,176.0,40.0,182.0,1022.0,48.0,1.7,0.5,34.0,0.2,50.0,4.2,4.0,2025.0
Rampura,02/25,0.3916681413,-0.1801471649,-0.5647396367,-0.7248733026,4519.0,"D (Propagation of wild life,fisheries)",4.2,7.0,826.0,20.0,3.2,22.0,70.0,3.0,248.0,5.0,248.0,108.0,165.0,4.4,3.4,216.0,108.0,108.0,12.0,83.0,570.0,10.0,0.2,0.5,5.0,0.28,45.0,2.4,0.21,2025.0
Dasarahalli,02/25,0.282881602,-0.1655990415,0.02663814855,-0.2941456168,3606.0,"D (Propagation of wild life,fisheries)",6.8,7.6,340.0,5.0,1.3,610.0,4900.0,3.0,76.0,5.0,76.0,32.0,58.0,1.56,1.2,76.0,40.0,36.0,9.0,21.0,230.0,28.0,0.2,0.5,6.0,0.2,35.0,1.0,0.12,2025.0
Doddabidarakallu,02/25,0.09327371116,0.1727790914,-0.369254786,-0.5557721215,4539.0,"E (Irrigation, industrial cooling and controlled waste)",0.3,6.9,1519.0,105.0,5.8,14000.0,84000.0,3.0,436.0,5.0,436.0,244.0,356.0,35.0,27.0,340.0,172.0,168.0,44.0,170.0,1048.0,30.0,2.2,0.5,22.0,0.2,50.0,4.0,5.0,2025.0
Allalasandra,02/25,0.284874702,-0.2430594909,0.2016680208,-0.1061277073,3629.0,"E (Irrigation, industrial cooling and controlled waste)",1.2,7.9,1337.0,28.0,5.1,1300.0,8400.0,3.0,348.0,5.0,348.0,196.0,184.0,9.1,7.0,208.0,112.0,96.0,24.0,57.0,908.0,90.0,1.0,0.5,30.0,0.31,33.0,1.7,2.3,2025.0
Andhrahalli,02/25,0.1153731417,0.1048427779,-0.3287465475,-0.5000155821,4096.0,"E (Irrigation, industrial cooling and controlled waste)",2.6,7.3,493.0,20.0,2.0,2100.0,14000.0,3.0,76.0,5.0,76.0,56.0,134.0,11.31,8.7,88.0,44.0,44.0,18.0,46.0,330.0,120.0,0.2,0.5,8.0,0.2,49.0,2.1,0.2,2025.0
Shivapura,02/25,0.2109297779,-0.05631267082,-0.0840771745,-0.3381874047,3600.0,"D (Propagation of wild life,fisheries)",4.2,7.4,610.0,6.0,1.7,930.0,13000.0,3.0,168.0,5.0,168.0,96.0,61.0,1.5,0.4,188.0,104.0,84.0,20.0,72.0,456.0,14.0,0.2,0.5,10.0,0.22,44.0,2.3,0.28,2025.0
Kogilu,02/25,0.4143695515,-0.1972215759,-0.2018591785,-0.4511542475,4511.0,"D (Propagation of wild life,fisheries)",4.9,7.2,1018.0,8.0,3.91,1300.0,7900.0,3.0,160.0,5.0,160.0,148.0,74.0,1.5,0.5,248.0,134.0,114.0,36.0,97.0,684.0,16.0,0.2,0.5,33.0,0.21,42.0,2.69,0.36,2025.0
Basavanapura,02/25,0.2770461542,-0.1844671771,0.0369394608,-0.261919316,4542.0,"D (Propagation of wild life,fisheries)",7.0,8.3,851.0,4.0,14.47,210.0,1700.0,40.0,196.0,20.0,216.0,108.0,58.0,1.5,0.4,208.0,112.0,96.0,7.0,86.0,578.0,10.0,0.69,0.5,24.0,0.2,44.0,2.5,1.7,2025.0
Basavanapura,02/25,0.2770461542,-0.1844671771,0.0369394608,-0.261919316,5566.0,"D (Propagation of wild life,fisheries)",6.9,8.3,562.0,4.0,2.1,130.0,2400.0,16.0,120.0,8.0,128.0,64.0,39.0,1.5,0.79,64.0,36.0,28.0,18.0,56.0,382.0,10.0,0.2,0.5,14.0,0.22,60.0,3.0,0.05,2025.0
Mangamanapalya,02/25,0.3204653227,-0.1297720852,-0.1950700827,-0.4330843779,4547.0,"D (Propagation of wild life,fisheries)",4.2,7.0,853.0,4.0,3.27,220.0,2800.0,3.0,220.0,5.0,220.0,112.0,53.0,1.5,0.4,160.0,94.0,66.0,8.0,90.0,568.0,18.0,0.22,0.5,15.0,0.2,52.0,3.08,0.52,2025.0
Hoodi,02/25,0.2181067239,-0.1374196856,0.07976744131,-0.2725550532,5560.0,"D (Propagation of wild life,fisheries)",6.0,8.3,810.0,4.0,2.86,21.0,540.0,24.0,36.0,12.0,48.0,112.0,48.0,1.5,0.4,160.0,88.0,72.0,59.0,66.0,546.0,10.0,0.2,0.5,2.0,0.29,46.0,2.26,0.05,2025.0
Rachenahalli,02/25,0.5680386727,-0.3201622126,-0.2109369618,-0.4967050554,4510.0,"E (Irrigation, industrial cooling and controlled waste)",1.2,7.6,1261.0,22.0,4.84,1700.0,13000.0,3.0,348.0,5.0,348.0,188.0,208.0,10.08,6.3,324.0,172.0,152.0,19.0,110.0,838.0,132.0,1.23,0.5,34.0,0.29,39.0,2.66,2.9,2025.0
Amruthahalli,02/25,0.1882123264,-0.05464355941,-0.2656426063,-0.4746018218,3628.0,"E (Irrigation, industrial cooling and controlled waste)",2.3,7.3,894.0,11.0,3.43,3100.0,7000.0,3.0,212.0,5.0,212.0,140.0,107.0,3.45,2.3,252.0,148.0,104.0,16.0,83.0,594.0,74.0,0.32,0.5,23.0,0.25,39.0,2.26,0.82,2025.0
Herohalli,02/25,0.4245963574,-0.2923046941,0.03260035497,-0.2762910692,3598.0,"E (Irrigation, industrial cooling and controlled waste)",0.3,6.7,582.0,40.0,2.2,2500.0,15000.0,3.0,140.0,5.0,140.0,68.0,297.0,8.84,6.8,140.0,72.0,68.0,7.0,46.0,400.0,230.0,0.2,0.5,9.0,0.2,40.0,1.7,0.05,2025.0
Hebbal,02/25,0.361227302,-0.2435327096,0.06638589697,-0.2237862478,3625.0,"D (Propagation of wild life,fisheries)",4.8,7.7,662.0,8.0,2.5,1700.0,11000.0,3.0,160.0,5.0,160.0,64.0,71.0,1.5,0.47,156.0,84.0,72.0,14.0,52.0,450.0,20.0,0.5,0.5,12.0,0.25,39.0,1.8,1.1,2025.0
Vibhuthipura,02/25,0.2777471348,-0.0700035211,-0.3067569473,-0.5525193692,4522.0,"D (Propagation of wild life,fisheries)",5.2,7.5,750.0,7.0,2.6,32.0,220.0,3.0,188.0,5.0,188.0,76.0,88.0,1.5,0.4,140.0,76.0,64.0,8.0,83.0,488.0,32.0,0.98,0.5,9.0,0.2,54.0,3.0,2.7,2025.0
Tubarahalli,02/25,0.263962142,-0.2720988853,0.3411129198,0.03662736805,3610.0,"D (Propagation of wild life,fisheries)",5.2,8.3,799.0,6.0,3.22,11000.0,2950.0,24.0,128.0,12.0,140.0,116.0,64.0,1.5,0.4,176.0,92.0,84.0,25.0,84.0,538.0,16.0,0.2,0.5,13.0,0.33,49.0,2.76,0.05,2025.0
Chinnappanahalli,02/25,0.3646377551,-0.1797420235,-0.1070644885,-0.4072983201,4520.0,"D (Propagation of wild life,fisheries)",6.5,8.3,877.0,4.0,3.4,930.0,13000.0,16.0,128.0,8.0,136.0,116.0,59.0,1.5,0.4,124.0,68.0,56.0,17.0,83.0,604.0,32.0,0.2,0.5,13.0,0.29,56.0,3.2,0.2,2025.0
Kundalahalli,02/25,0.3736004251,-0.30983634,0.1029293839,-0.1985997879,4516.0,"E (Irrigation, industrial cooling and controlled waste)",3.1,8.5,1419.0,15.0,5.45,680.0,3900.0,48.0,240.0,24.0,264.0,312.0,152.0,3.64,2.8,352.0,184.0,168.0,27.0,113.0,964.0,56.0,0.87,0.5,18.0,0.2,39.0,2.3,2.5,2025.0
Varthur,02/25,0.2773184236,-0.03017767394,-0.509507767,-0.6568593437,3608.0,"D (Propagation of wild life,fisheries)",4.2,6.9,1172.0,8.0,4.54,820.0,4800.0,3.0,368.0,5.0,368.0,156.0,93.0,2.21,0.7,344.0,180.0,164.0,15.0,101.0,796.0,10.0,0.2,0.5,7.0,0.2,38.0,2.4,0.2,2025.0
Kengeri,03/25,0.1722129085,0.03008684292,-0.4023173409,-0.5331229913,3639.0,"D (Propagation of wild life,fisheries)",5.8,7.7,809.0,5.0,2.8,250.0,2800.0,3.0,284.0,5.0,284.0,120.0,64.0,1.5,0.4,236.0,124.0,112.0,6.717948717948718,100.0,548.0,10.0,0.28,0.5,14.0,0.25,40.0,3.0,0.81,2025.0
Kengeri,03/25,0.3805408297,-0.1816993244,-0.4833809826,-0.6410025136,3639.0,"D (Propagation of wild life,fisheries)",5.8,7.7,809.0,5.0,2.8,250.0,2800.0,3.0,284.0,5.0,284.0,120.0,64.0,1.5,0.4,236.0,124.0,112.0,6.717948717948718,100.0,548.0,10.0,0.28,0.5,14.0,0.25,40.0,3.0,0.81,2025.0
Devarakere,03/25,0.4084647296,-0.2517177165,-0.1386386516,-0.4721753459,3634.0,"D (Propagation of wild life,fisheries)",5.4,7.3,298.0,6.0,0.7,1100.0,4600.0,3.0,116.0,5.0,116.0,40.0,69.0,1.5,0.72,56.0,32.0,24.0,6.82051282051282,31.0,204.0,62.0,0.2,0.5,9.0,0.2,49.0,1.0,0.2,2025.0
Uttarahalli Doraikere,03/25,0.4324968215,-0.2529389454,-0.2138343596,-0.5301401321,3640.0,"E (Irrigation, industrial cooling and controlled waste)",0.3,6.5,383.0,96.0,1.3,210000.0,700000.0,3.0,92.0,5.0,92.0,36.0,478.0,7.2,6.6,120.0,64.0,56.0,6.6923076923076925,34.0,262.0,266.0,0.2,0.5,12.0,0.2,35.0,1.34,0.3,2025.0
Herohalli,03/25,0.2072538506,-0.000193,-0.312989308,-0.467308239,3598.0,"E (Irrigation, industrial cooling and controlled waste)",1.7,6.7,499.0,22.0,1.9,2100.0,11000.0,3.0,112.0,5.0,112.0,80.0,200.0,6.8,6.4,132.0,72.0,60.0,7.666666666666667,50.0,340.0,18.0,0.26,0.5,10.0,0.2,42.0,2.0,0.76,2025.0
Hosakerehalli,03/25,0.2712187189,-0.03921452775,-0.5708552987,-0.697941181,4536.0,"E (Irrigation, industrial cooling and controlled waste)",3.4,6.5,826.0,19.0,3.2,170000.0,840000.0,3.0,364.0,5.0,364.0,68.0,134.0,4.42,3.4,300.0,152.0,148.0,5.6923076923076925,72.0,570.0,12.0,0.37,0.5,9.0,0.24,33.0,1.8,1.45,2025.0
Kempambudhi,03/25,0.4173738205,-0.2505271766,-0.2395215274,-0.4945234693,3591.0,"E (Irrigation, industrial cooling and controlled waste)",1.5,7.5,651.0,41.0,2.2,930.0,4900.0,3.0,188.0,5.0,188.0,44.0,296.0,1.5,0.87,184.0,96.0,88.0,7.846153846153846,46.0,440.0,144.0,0.4,0.5,18.0,0.2,33.0,1.48,1.12,2025.0
Nayandanahalli,03/25,0.1857677855,-0.1686750794,0.1167600653,-0.05151560775,3596.0,"D (Propagation of wild life,fisheries)",6.2,7.7,803.0,6.0,3.1,26.0,920.0,3.0,212.0,5.0,212.0,136.0,70.0,1.5,0.81,208.0,104.0,104.0,7.717948717948718,85.0,554.0,10.0,0.26,0.5,24.0,0.38,44.0,2.5,0.62,2025.0
Sankey,03/25,0.09456190292,-0.2090170199,0.3660226766,0.2461297551,3594.0,"D (Propagation of wild life,fisheries)",5.6,7.1,454.0,6.0,1.6,140.0,840.0,3.0,148.0,5.0,148.0,68.0,56.0,1.5,0.4,172.0,92.0,80.0,7.769230769230769,65.0,306.0,10.0,0.2,0.5,9.0,0.28,44.0,2.0,0.05,2025.0
Ullalu,03/25,0.1878745819,0.01230565085,-0.3696537533,-0.54381848,4533.0,"E (Irrigation, industrial cooling and controlled waste)",0.3,6.5,384.0,87.0,1.3,170000.0,460000.0,3.0,144.0,5.0,144.0,32.0,312.0,32.0,27.0,92.0,52.0,40.0,5.743589743589744,42.0,260.0,150.0,0.2,0.5,11.0,0.22,46.0,2.0,0.05,2025.0
Yediyur,03/25,0.3038906116,-0.2730164154,0.1131189409,-0.2010068309,3592.0,"D (Propagation of wild life,fisheries)",5.9,7.8,343.0,5.0,1.0,780.0,4600.0,3.0,64.0,5.0,64.0,28.0,52.0,1.5,0.45,88.0,48.0,40.0,7.82051282051282,17.0,232.0,30.0,0.2,0.5,7.0,0.2,27.0,0.78,0.05,2025.0
Sompura,03/25,0.208185986,-0.03384076464,-0.1605107663,-0.366595737,4534.0,"D (Propagation of wild life,fisheries)",6.5,7.3,774.0,5.0,3.0,1700.0,7900.0,3.0,284.0,5.0,284.0,84.0,61.0,1.5,0.54,156.0,80.0,76.0,5.717948717948718,92.0,530.0,16.0,0.2,0.5,10.0,0.36,54.0,3.2,0.05,2025.0
Bhattarahalli,03/25,0.2276792285,-0.2021997362,0.2269068839,-0.06928769226,4515.0,"E (Irrigation, industrial cooling and controlled waste)",3.3,7.0,892.0,7.0,3.42,330.0,4300.0,3.0,128.0,5.0,128.0,164.0,70.0,1.5,0.59,172.0,104.0,68.0,6.153846153846154,110.0,592.0,18.0,0.2,0.5,22.0,0.51,54.0,3.65,0.05,2025.0
Begur,03/25,0.2613185781,-0.1550914562,-0.04528486903,-0.2426655349,3619.0,"D (Propagation of wild life,fisheries)",5.3,7.4,724.0,12.0,2.5,93.0,700.0,3.0,240.0,5.0,240.0,132.0,121.0,1.5,0.74,236.0,120.0,116.0,7.17948717948718,88.0,500.0,10.0,1.1,0.5,10.0,0.27,43.0,2.5,2.6,2025.0
Yelahanka,03/25,0.1948790536,-0.1570476254,0.3439697085,0.2249513992,3630.0,"E (Irrigation, industrial cooling and controlled waste)",1.0,7.8,910.0,20.0,3.5,3300.0,13000.0,3.0,356.0,5.0,356.0,200.0,185.0,2.34,1.8,260.0,136.0,124.0,6.897435897435898,90.0,620.0,18.0,0.22,0.5,12.0,0.3,42.0,2.4,3.12,2025.0
Singapura,03/25,0.0630506558,0.004858251225,0.158596171,-0.0683426294,4508.0,"D (Propagation of wild life,fisheries)",4.5,7.1,521.0,6.0,1.96,430.0,2800.0,3.0,204.0,5.0,204.0,84.0,54.0,1.5,0.5,156.0,84.0,72.0,6.333333333333334,51.0,354.0,10.0,0.2,0.5,8.0,0.25,40.0,2.0,0.18,2025.0
Bellandur,03/25,0.3309955903,-0.1182426432,-0.5006549225,-0.6358174819,3602.0,"D (Propagation of wild life,fisheries)",6.0,7.0,683.0,4.0,2.3,3900.0,21000.0,3.0,188.0,5.0,188.0,108.0,40.0,1.5,0.5,168.0,92.0,76.0,7.589743589743589,106.0,464.0,18.0,0.2,0.5,24.0,0.33,54.0,4.0,0.05,2025.0
Abbigere,03/25,0.2291906715,-0.08264930584,-0.01526938053,-0.2373687877,4506.0,"E (Irrigation, industrial cooling and controlled waste)",3.0,7.0,524.0,26.0,2.0,63.0,540.0,3.0,156.0,5.0,156.0,108.0,182.0,3.51,2.7,156.0,80.0,76.0,6.384615384615385,60.0,368.0,38.0,0.2,0.5,10.0,0.26,44.0,2.1,0.14,2025.0
Chikkabanavara,03/25,0.07601740622,0.1653446369,-0.3200714408,-0.4956657252,4095.0,"E (Irrigation, industrial cooling and controlled waste)",3.2,6.9,528.0,22.0,2.0,1700.0,9400.0,3.0,148.0,5.0,148.0,104.0,168.0,3.8,2.9,156.0,80.0,76.0,6.512820512820513,60.0,368.0,42.0,0.2,0.5,10.0,0.24,44.0,2.1,0.05,2025.0
Lalbagh,03/25,0.3684789254,-0.2846598064,0.1151291245,-0.2096732821,3590.0,"D (Propagation of wild life,fisheries)",5.6,8.2,633.0,6.0,2.1,2100.0,12000.0,3.0,88.0,5.0,88.0,72.0,64.0,1.5,0.42,92.0,52.0,40.0,7.871794871794872,44.0,428.0,36.0,0.2,0.5,23.0,0.34,44.0,2.01,0.05,2025.0
Soulkere,03/25,0.3913368448,-0.2068532767,-0.4775882534,-0.6602524599,5570.0,"D (Propagation of wild life,fisheries)",5.8,8.2,682.0,7.0,2.6,260.0,1400.0,3.0,140.0,5.0,140.0,104.0,72.0,1.85,0.9,168.0,84.0,84.0,5.128205128205128,91.0,454.0,70.0,0.2,0.5,22.0,0.34,50.0,3.04,0.35,2025.0
Kaikondanahalli,03/25,0.4022754212,-0.2029340411,-0.215768114,-0.4975259316,3611.0,"E (Irrigation, industrial cooling and controlled waste)",3.4,8.2,1322.0,10.0,5.07,1700.0,13000.0,3.0,324.0,5.0,324.0,232.0,101.0,1.6,1.2,492.0,88.0,404.0,7.358974358974359,98.0,898.0,102.0,0.76,0.5,39.0,0.28,28.0,1.0,0.78,2025.0
Byrasandra,03/25,0.2929290861,-0.1682279641,-0.05265570011,-0.3329832728,3595.0,"D (Propagation of wild life,fisheries)",5.5,8.2,348.0,6.0,1.2,5800.0,35000.0,3.0,72.0,5.0,72.0,52.0,52.0,1.5,0.4,72.0,44.0,28.0,7.743589743589744,55.0,232.0,112.0,0.2,0.5,16.0,0.2,56.0,0.89,0.05,2025.0
Agaram,03/25,0.310968848,-0.2155364072,0.210614403,0.064337851,3612.0,"D (Propagation of wild life,fisheries)",4.4,8.1,911.0,18.0,3.0,6.8,240.0,3.0,312.0,5.0,312.0,152.0,121.0,1.57,1.2,284.0,144.0,140.0,7.333333333333333,106.0,632.0,12.0,1.21,0.5,15.0,0.28,48.0,2.7,2.8,2025.0
Ibbalur,03/25,0.2838278655,-0.2130186081,0.102498724,-0.1646385721,3609.0,"D (Propagation of wild life,fisheries)",4.7,8.1,670.0,8.0,2.7,170.0,1300.0,3.0,80.0,5.0,80.0,104.0,84.0,1.5,0.76,100.0,56.0,44.0,7.410256410256411,57.0,454.0,68.0,0.2,0.5,27.0,0.21,48.0,2.47,0.05,2025.0
Puttenahalli,03/25,0.301071673,-0.2780013972,-0.01951197789,-0.3413147423,3614.0,"D (Propagation of wild life,fisheries)",4.1,8.0,905.0,18.0,3.0,780.0,4300.0,3.0,296.0,5.0,296.0,152.0,128.0,1.71,1.3,268.0,136.0,132.0,7.282051282051282,110.0,620.0,10.0,1.3,0.5,12.0,0.29,46.0,2.9,3.0,2025.0
Puttenahalli,03/25,0.301071673,-0.2780013972,-0.01951197789,-0.3413147423,3624.0,"D (Propagation of wild life,fisheries)",6.2,6.9,787.0,5.0,2.9,2400.0,14000.0,3.0,252.0,5.0,252.0,168.0,58.0,1.5,0.7,156.0,84.0,72.0,7.051282051282051,96.0,536.0,10.0,0.2,0.5,6.0,0.2,55.0,3.4,0.17,2025.0
Somasundrapalya,03/25,0.2636958031,-0.205201363,0.2335887305,-0.187404223,3622.0,"D (Propagation of wild life,fisheries)",5.9,7.4,689.0,5.0,2.3,220.0,1300.0,3.0,176.0,5.0,176.0,112.0,64.0,1.5,0.58,176.0,96.0,80.0,7.102564102564102,105.0,468.0,20.0,0.2,0.5,23.0,0.32,53.0,3.0,0.05,2025.0
Singasandra,03/25,0.3768264774,-0.2256378501,-0.1329760087,-0.3895284241,3618.0,"D (Propagation of wild life,fisheries)",5.3,8.5,1467.0,10.0,5.6,920.0,4800.0,88.0,384.0,44.0,428.0,236.0,108.0,2.22,1.7,396.0,200.0,196.0,7.205128205128205,144.0,1012.0,22.0,0.23,0.5,39.0,0.26,41.0,3.1,0.55,2025.0
Singasandra,03/25,0.2091860267,0.01919588223,-0.4109233843,-0.5556224183,3618.0,"D (Propagation of wild life,fisheries)",5.3,8.5,1467.0,10.0,5.6,920.0,4800.0,88.0,384.0,44.0,428.0,236.0,108.0,2.22,1.7,396.0,200.0,196.0,7.205128205128205,144.0,1012.0,22.0,0.23,0.5,39.0,0.26,41.0,3.1,0.55,2025.0
Parappana Agrahara,03/25,0.4024864237,-0.1949972018,-0.6027462724,-0.7596614255,3620.0,"D (Propagation of wild life,fisheries)",5.4,8.5,763.0,9.0,3.0,1100.0,9400.0,104.0,120.0,52.0,172.0,156.0,100.0,2.08,1.6,176.0,88.0,88.0,7.153846153846154,102.0,530.0,18.0,0.36,0.5,27.0,0.23,51.0,3.3,0.8,2025.0
Basavanapura,03/25,0.2264858835,-0.118866179,-0.1347224948,-0.3315173284,4542.0,"D (Propagation of wild life,fisheries)",5.8,6.7,396.0,5.0,1.3,930.0,4900.0,3.0,88.0,5.0,88.0,68.0,60.0,1.5,0.55,104.0,60.0,44.0,5.589743589743589,61.0,266.0,74.0,0.2,0.5,11.0,0.28,53.0,3.0,0.05,2025.0
Basavanapura,03/25,0.2264858835,-0.118866179,-0.1347224948,-0.3315173284,5566.0,"D (Propagation of wild life,fisheries)",4.0,7.0,625.0,4.0,2.4,320.0,3500.0,3.0,132.0,5.0,132.0,72.0,44.0,1.5,0.7,144.0,82.0,62.0,5.230769230769231,69.0,424.0,28.0,0.2,0.5,18.0,0.32,47.0,2.5,0.24,2025.0
Arakere,03/25,0.3096284846,-0.20927249,0.1468694433,-0.2099869839,3615.0,"D (Propagation of wild life,fisheries)",4.7,8.2,732.0,8.0,2.81,480.0,3500.0,3.0,144.0,5.0,144.0,104.0,81.0,1.5,0.4,216.0,140.0,76.0,7.256410256410256,91.0,502.0,66.0,0.2,0.5,22.0,0.35,45.0,2.69,0.05,2025.0
Gottigere,03/25,0.1254751764,-0.2111355907,0.3956277755,0.1258090066,3613.0,"D (Propagation of wild life,fisheries)",5.1,7.3,718.0,15.0,2.5,400.0,2100.0,3.0,236.0,5.0,236.0,128.0,152.0,1.56,1.2,232.0,116.0,116.0,7.3076923076923075,84.0,496.0,10.0,1.11,0.5,10.0,0.26,43.0,2.4,2.6,2025.0
Doddakallasandra,03/25,0.2896792686,-0.03252904951,-0.5622030716,-0.6951114163,5567.0,"D (Propagation of wild life,fisheries)",5.1,8.0,846.0,7.0,2.9,220.0,1300.0,3.0,300.0,5.0,300.0,136.0,84.0,1.5,0.43,204.0,108.0,96.0,5.205128205128205,106.0,574.0,20.0,0.84,0.5,33.0,0.49,48.0,3.0,2.2,2025.0
Puttenahalli,03/25,0.4283093782,-0.2331389765,-0.6063133875,-0.7311958656,3614.0,"D (Propagation of wild life,fisheries)",4.1,8.0,905.0,18.0,3.0,780.0,4300.0,3.0,296.0,5.0,296.0,152.0,128.0,1.71,1.3,268.0,136.0,132.0,7.282051282051282,110.0,620.0,10.0,1.3,0.5,12.0,0.29,46.0,2.9,3.0,2025.0
Puttenahalli,03/25,0.4283093782,-0.2331389765,-0.6063133875,-0.7311958656,3624.0,"D (Propagation of wild life,fisheries)",6.2,6.9,787.0,5.0,2.9,2400.0,14000.0,3.0,252.0,5.0,252.0,168.0,58.0,1.5,0.7,156.0,84.0,72.0,7.051282051282051,96.0,536.0,10.0,0.2,0.5,6.0,0.2,55.0,3.4,0.17,2025.0
Chelekere,03/25,0.3224819684,-0.115599066,-0.3939481391,-0.5668000382,4507.0,"D (Propagation of wild life,fisheries)",4.1,7.2,523.0,7.0,2.0,260.0,1700.0,3.0,204.0,5.0,204.0,80.0,62.0,1.5,0.6,168.0,88.0,80.0,6.35897435897436,50.0,356.0,10.0,0.2,0.5,6.0,0.24,32.0,2.0,0.19,2025.0
Agaram,03/25,0.2718680624,-0.21103597,0.2220603287,-0.009424723108,3612.0,"D (Propagation of wild life,fisheries)",4.4,8.1,911.0,18.0,3.0,6.8,240.0,3.0,312.0,5.0,312.0,152.0,121.0,1.57,1.2,284.0,144.0,140.0,7.333333333333333,106.0,632.0,12.0,1.21,0.5,15.0,0.28,48.0,2.7,2.8,2025.0
Kalkere,03/25,0.2183857628,-0.09370762914,-0.1084142351,-0.2833531203,3607.0,"E (Irrigation, industrial cooling and controlled waste)",3.3,8.5,1118.0,16.0,3.9,1100.0,6300.0,72.0,216.0,36.0,288.0,284.0,112.0,1.8,1.3,236.0,124.0,112.0,7.461538461538462,99.0,754.0,32.0,0.2,0.5,35.0,0.2,38.0,3.0,0.46,2025.0
Rampura,03/25,0.3341316134,-0.1510420572,-0.4931463346,-0.6409613151,4519.0,"D (Propagation of wild life,fisheries)",6.1,6.9,834.0,4.0,2.8,400.0,3400.0,3.0,260.0,5.0,260.0,128.0,52.0,1.5,0.4,136.0,72.0,64.0,6.051282051282051,90.0,576.0,18.0,0.2,0.5,5.0,0.28,57.0,3.5,0.1,2025.0
Dasarahalli,03/25,0.285481115,-0.1630152084,-0.06973865874,-0.3067847787,3606.0,"E (Irrigation, industrial cooling and controlled waste)",2.8,6.6,271.0,15.0,1.04,930.0,4800.0,3.0,40.0,5.0,40.0,32.0,165.0,1.71,1.22,132.0,80.0,52.0,7.487179487179487,10.0,180.0,38.0,0.2,0.5,6.0,0.2,13.0,0.38,0.39,2025.0
Allalasandra,03/25,0.3154226453,-0.2365739204,0.1511979584,-0.1527221742,3629.0,"D (Propagation of wild life,fisheries)",4.6,7.6,845.0,4.0,3.2,1400.0,4800.0,3.0,376.0,5.0,376.0,160.0,40.0,1.5,0.6,244.0,128.0,116.0,6.923076923076923,79.0,576.0,10.0,0.2,0.5,8.0,0.29,40.0,2.2,0.26,2025.0
Shivapura,03/25,0.1800637302,-0.008269483752,-0.1973802261,-0.3635917284,3600.0,"E (Irrigation, industrial cooling and controlled waste)",1.7,7.2,757.0,39.0,2.6,1200.0,8400.0,3.0,120.0,5.0,120.0,140.0,256.0,21.2,14.8,196.0,104.0,92.0,7.615384615384615,99.0,512.0,42.0,0.2,0.5,10.0,0.32,51.0,3.0,0.41,2025.0
Kogilu,03/25,0.3293316419,-0.1907227434,-0.1925953734,-0.3809178338,4511.0,"D (Propagation of wild life,fisheries)",4.1,7.6,667.0,8.0,2.6,170.0,1100.0,3.0,260.0,5.0,260.0,128.0,73.0,1.5,0.48,216.0,112.0,104.0,6.256410256410256,65.0,454.0,18.0,0.2,0.5,8.0,0.21,39.0,2.0,0.24,2025.0
Basavanapura,03/25,0.2568488085,-0.1394492538,0.02263659655,-0.2509893449,4542.0,"D (Propagation of wild life,fisheries)",5.8,6.7,396.0,5.0,1.3,930.0,4900.0,3.0,88.0,5.0,88.0,68.0,60.0,1.5,0.55,104.0,60.0,44.0,5.589743589743589,61.0,266.0,74.0,0.2,0.5,11.0,0.28,53.0,3.0,0.05,2025.0
Basavanapura,03/25,0.2568488085,-0.1394492538,0.02263659655,-0.2509893449,5566.0,"D (Propagation of wild life,fisheries)",4.0,7.0,625.0,4.0,2.4,320.0,3500.0,3.0,132.0,5.0,132.0,72.0,44.0,1.5,0.7,144.0,82.0,62.0,5.230769230769231,69.0,424.0,28.0,0.2,0.5,18.0,0.32,47.0,2.5,0.24,2025.0
Mangamanapalya,03/25,0.265587441,-0.139766201,-0.1815810553,-0.3324217079,4547.0,"D (Propagation of wild life,fisheries)",6.1,7.2,688.0,4.0,2.3,92.0,460.0,3.0,184.0,5.0,184.0,112.0,44.0,1.5,0.6,160.0,88.0,72.0,5.461538461538462,104.0,466.0,24.0,0.2,0.5,23.0,0.31,49.0,4.0,0.05,2025.0
Hoodi,03/25,0.2002605171,-0.08359043287,-0.02594953189,-0.3085210108,5560.0,"D (Propagation of wild life,fisheries)",5.8,8.2,760.0,5.0,2.6,20.0,1600.0,3.0,36.0,5.0,36.0,164.0,60.0,1.5,0.4,196.0,116.0,80.0,5.384615384615385,98.0,500.0,10.0,1.41,0.5,3.0,0.2,54.0,3.0,0.05,2025.0
Rachenahalli,03/25,0.5236116769,-0.319297621,-0.1837371029,-0.4116963587,4510.0,"E (Irrigation, industrial cooling and controlled waste)",1.2,7.8,1038.0,17.0,4.0,2600.0,14000.0,3.0,388.0,5.0,388.0,232.0,147.0,1.82,1.4,288.0,148.0,140.0,6.282051282051282,100.0,706.0,16.0,0.2,0.5,14.0,0.3,41.0,2.6,2.67,2025.0
Amruthahalli,03/25,0.2165597188,-0.06711423098,-0.2954579733,-0.470602315,3628.0,"D (Propagation of wild life,fisheries)",4.2,7.4,610.0,8.0,2.4,1300.0,8400.0,3.0,236.0,5.0,236.0,108.0,72.0,1.5,0.4,196.0,104.0,92.0,6.948717948717949,60.0,414.0,10.0,0.2,0.5,8.0,0.23,39.0,2.0,0.18,2025.0
Nagavara,03/25,0.3974722178,-0.2391123321,-0.05628643167,-0.3572606699,3626.0,"D (Propagation of wild life,fisheries)",4.9,7.5,524.0,4.0,2.0,3100.0,8400.0,3.0,200.0,5.0,200.0,80.0,43.0,1.5,0.8,196.0,104.0,92.0,7.0,49.0,356.0,12.0,0.2,0.5,6.0,0.27,34.0,2.0,0.16,2025.0
Herohalli,03/25,0.3643075967,-0.257910878,0.06504511143,-0.2186874458,3598.0,"E (Irrigation, industrial cooling and controlled waste)",1.7,6.7,499.0,22.0,1.9,2100.0,11000.0,3.0,112.0,5.0,112.0,80.0,200.0,6.8,6.4,132.0,72.0,60.0,7.666666666666667,50.0,340.0,18.0,0.26,0.5,10.0,0.2,42.0,2.0,0.76,2025.0
Hebbal,03/25,0.3363435349,-0.2179095677,0.03997357712,-0.1795749974,3625.0,"D (Propagation of wild life,fisheries)",5.8,7.2,624.0,7.0,2.0,250.0,3500.0,3.0,176.0,5.0,176.0,80.0,71.0,1.6,1.3,164.0,88.0,76.0,7.0256410256410255,70.0,424.0,20.0,0.58,0.5,15.0,0.2,46.0,2.5,1.3,2025.0
Vibhuthipura,03/25,0.2175040122,-0.006034470339,-0.3172915002,-0.5173386391,4522.0,"E (Irrigation, industrial cooling and controlled waste)",1.4,6.6,662.0,24.0,2.5,630.0,5400.0,3.0,152.0,5.0,152.0,108.0,208.0,4.9,4.2,176.0,92.0,84.0,6.0,66.0,454.0,32.0,0.2,0.5,13.0,0.23,43.0,2.16,0.05,2025.0
Nallurahalli,03/25,0.1334778269,-0.05090680646,0.06228563687,-0.1510196619,4523.0,"E (Irrigation, industrial cooling and controlled waste)",2.5,6.8,706.0,14.0,2.7,43.0,540.0,3.0,160.0,5.0,160.0,112.0,147.0,2.4,1.9,188.0,100.0,88.0,5.974358974358975,68.0,478.0,12.0,0.33,0.5,14.0,0.25,42.0,2.15,0.96,2025.0
Tubarahalli,03/25,0.2236975305,-0.2431001811,0.3358241165,0.09294349872,3610.0,"E (Irrigation, industrial cooling and controlled waste)",2.0,7.0,675.0,31.0,2.6,94.0,675.0,3.0,156.0,5.0,156.0,108.0,200.0,23.8,18.3,132.0,68.0,64.0,7.384615384615385,74.0,466.0,104.0,0.34,0.5,8.0,0.22,2.8,2.8,0.8,2025.0
Chinnappanahalli,03/25,0.3522438619,-0.2064227787,-0.08848366343,-0.2900919277,4520.0,"D (Propagation of wild life,fisheries)",6.0,7.5,875.0,8.0,3.3,17.0,220.0,3.0,136.0,5.0,136.0,148.0,95.0,4.7,3.6,144.0,72.0,72.0,6.0256410256410255,96.0,604.0,20.0,0.2,0.5,11.0,0.41,56.0,3.5,0.05,2025.0
Kundalahalli,03/25,0.4369845749,-0.3086451166,-0.02062571958,-0.2723935178,4516.0,"E (Irrigation, industrial cooling and controlled waste)",2.1,8.1,1220.0,30.0,4.7,26.0,220.0,3.0,228.0,5.0,228.0,336.0,196.0,21.06,16.2,300.0,152.0,148.0,6.128205128205128,135.0,842.0,46.0,0.78,0.5,15.0,0.23,48.0,3.4,1.8,2025.0
Varthur,03/25,0.2243077597,0.01567850674,-0.4952718697,-0.6322533797,3608.0,"D (Propagation of wild life,fisheries)",0.3,7.3,1255.0,36.0,4.1,2700.0,17000.0,3.0,432.0,5.0,432.0,192.0,199.0,5.4,3.8,320.0,168.0,152.0,7.435897435897436,155.0,854.0,14.0,0.2,0.5,5.0,0.42,51.0,3.8,0.5,2025.0
Narasipura,03/25,0.2620868421,-0.1323464609,-0.4100493895,-0.5395332877,4509.0,"D (Propagation of wild life,fisheries)",5.1,6.9,674.0,5.0,2.6,930.0,4900.0,3.0,256.0,5.0,256.0,140.0,46.0,1.5,0.5,228.0,120.0,108.0,6.307692307692308,64.0,458.0,10.0,0.2,0.5,8.0,0.2,37.0,2.0,0.19,2025.0
Narasipura,03/25,0.360496854,-0.1391514093,-0.6227875366,-0.7368657576,4509.0,"D (Propagation of wild life,fisheries)",5.1,6.9,674.0,5.0,2.6,930.0,4900.0,3.0,256.0,5.0,256.0,140.0,46.0,1.5,0.5,228.0,120.0,108.0,6.307692307692308,64.0,458.0,10.0,0.2,0.5,8.0,0.2,37.0,2.0,0.19,2025.0
Kengeri,04/25,0.2301376604,0.004916773111,-0.4756287966,-0.6234229443,3639.0,"D (Propagation of wild life,fisheries)",5.8,7.6,985.0,8.0,4.0,320.0,2800.0,3.0,320.0,5.0,320.0,140.0,84.0,2.9,2.2,264.0,132.0,132.0,7.0,116.0,680.0,10.0,0.5,0.5,13.0,0.37,47.0,3.1,1.2,2025.0
Kengeri,04/25,0.259976742,-0.1301295572,-0.1623105402,-0.2877734966,3639.0,"D (Propagation of wild life,fisheries)",5.8,7.6,985.0,8.0,4.0,320.0,2800.0,3.0,320.0,5.0,320.0,140.0,84.0,2.9,2.2,264.0,132.0,132.0,7.0,116.0,680.0,10.0,0.5,0.5,13.0,0.37,47.0,3.1,1.2,2025.0
Devarakere,04/25,0.3803725961,-0.213743408,-0.1807794798,-0.5063709794,3634.0,"D (Propagation of wild life,fisheries)",5.9,7.4,334.0,7.0,1.3,1700.0,7000.0,3.0,104.0,5.0,104.0,48.0,76.0,1.5,0.7,72.0,40.0,32.0,6.0,37.0,230.0,10.0,0.2,0.5,4.0,0.23,51.0,1.0,0.32,2025.0
Uttarahalli Doraikere,04/25,0.4663417895,-0.2604148424,-0.2878622634,-0.5786521824,3640.0,"E (Irrigation, industrial cooling and controlled waste)",1.2,6.6,559.0,39.0,2.1,17.0,350.0,3.0,112.0,5.0,116.0,88.0,197.0,36.4,28.0,188.0,96.0,92.0,42.0,64.0,386.0,10.0,0.35,0.5,7.0,0.2,42.0,2.0,0.82,2025.0
Herohalli,04/25,0.2294364637,-0.03333454398,-0.3569356255,-0.5443694323,3598.0,"D (Propagation of wild life,fisheries)",5.2,7.5,556.0,12.0,2.1,1700.0,2200.0,3.0,164.0,5.0,164.0,92.0,128.0,1.82,1.4,156.0,80.0,32.0,14.0,58.0,384.0,10.0,0.32,0.5,10.0,0.2,43.0,2.0,0.8,2025.0
Hosakerehalli,04/25,0.3160882279,-0.08819407607,-0.5716295898,-0.7082533022,4536.0,"E (Irrigation, industrial cooling and controlled waste)",0.3,6.5,789.0,27.0,2.6,450.0,3300.0,3.0,404.0,5.0,404.0,68.0,184.0,9.9,7.5,296.0,156.0,140.0,5.0,73.0,534.0,10.0,0.55,0.5,13.0,0.37,34.0,2.0,1.6,2025.0
Kempambudhi,04/25,0.4440510745,-0.2475740355,-0.2501135169,-0.5371066113,3591.0,"E (Irrigation, industrial cooling and controlled waste)",1.7,8.3,661.0,30.0,2.5,2600.0,9400.0,3.0,196.0,5.0,196.0,68.0,207.0,10.9,8.4,136.0,72.0,64.0,11.0,71.0,452.0,10.0,0.9,0.5,18.0,0.23,49.0,2.7,2.2,2025.0
Nayandanahalli,04/25,0.1596049371,-0.1741557529,0.1249510534,-0.0748351558,3596.0,"D (Propagation of wild life,fisheries)",5.9,8.3,890.0,7.0,3.4,310.0,3500.0,32.0,200.0,16.0,216.0,152.0,78.0,1.5,0.8,184.0,96.0,88.0,21.0,98.0,614.0,10.0,0.24,0.5,11.0,0.39,52.0,3.1,0.57,2025.0
Sankey,04/25,0.09260218186,-0.1633615529,0.2974969652,0.1301579745,3594.0,"D (Propagation of wild life,fisheries)",6.9,7.4,494.0,4.0,2.0,63.0,540.0,3.0,164.0,5.0,164.0,76.0,48.0,1.5,0.4,144.0,72.0,72.0,8.5,54.0,340.0,10.0,0.2,0.5,6.0,0.26,43.0,1.0,0.11,2025.0
Ullalu,04/25,0.1959513797,0.05072048736,-0.4675282471,-0.6227008534,4533.0,"E (Irrigation, industrial cooling and controlled waste)",0.3,6.6,771.0,52.0,3.0,17000.0,49000.0,3.0,260.0,5.0,260.0,116.0,258.0,49.4,38.0,196.0,100.0,96.0,14.0,79.0,532.0,10.0,1.5,0.5,9.0,0.36,45.0,2.4,3.5,2025.0
Yediyur,04/25,0.43070353,-0.3174606568,0.04021575465,-0.3513321917,3592.0,"D (Propagation of wild life,fisheries)",5.9,6.7,313.0,6.0,1.2,230.0,3500.0,3.0,76.0,5.0,76.0,36.0,63.0,1.56,1.2,48.0,28.0,20.0,5.0,35.0,214.0,10.0,0.2,0.5,14.0,0.2,53.0,2.5,0.2,2025.0
Sompura,04/25,0.227915526,-0.003035047199,-0.4301671929,-0.6101537284,4534.0,"E (Irrigation, industrial cooling and controlled waste)",2.2,7.7,747.0,29.0,2.8,340.0,2200.0,3.0,288.0,5.0,288.0,84.0,192.0,5.6,4.2,104.0,60.0,44.0,33.0,87.0,504.0,10.0,0.2,0.5,13.0,0.57,61.0,4.0,0.35,2025.0
Bhattarahalli,04/25,0.2610616573,-0.1839860541,0.1016054347,-0.2105231037,4515.0,"D (Propagation of wild life,fisheries)",5.8,8.1,806.0,7.0,0.3,170.0,2400.0,3.0,136.0,5.0,136.0,172.0,79.0,1.5,0.4,112.0,64.0,48.0,8.0,114.0,550.0,10.0,0.2,0.5,24.0,0.48,63.0,4.9,0.2,2025.0
Begur,04/25,0.2756317669,-0.1333027317,-0.08863909383,-0.3141188867,3619.0,"D (Propagation of wild life,fisheries)",6.1,7.4,1415.0,5.0,5.71,340.0,3500.0,3.0,132.0,5.0,132.0,312.0,48.0,1.5,0.4,164.0,88.0,76.0,50.0,126.0,968.0,10.0,0.2,0.5,11.0,0.54,61.0,4.27,0.33,2025.0
Doddagubbi,04/25,0.2663671573,-0.1490670028,0.3725015533,0.1596311308,5833.0,"E (Irrigation, industrial cooling and controlled waste)",2.4,8.1,1935.0,23.0,7.4,2600.0,9400.0,3.0,528.0,5.0,528.0,328.0,192.0,5.2,4.6,452.0,232.0,220.0,79.0,169.0,1330.0,12.0,0.26,0.5,39.0,0.37,42.0,3.45,0.76,2025.0
Yelahanka,04/25,0.3006004959,-0.1819290663,0.2099948301,0.014132464,3630.0,"D (Propagation of wild life,fisheries)",5.8,7.3,895.0,7.0,3.4,3100.0,11000.0,3.0,180.0,5.0,180.0,140.0,82.0,1.5,0.4,180.0,96.0,84.0,12.0,81.0,610.0,10.0,0.2,0.5,22.0,0.34,46.0,2.6,0.5,2025.0
Singapura,04/25,0.1195976481,0.000836,0.02059921908,-0.2284569002,4508.0,"D (Propagation of wild life,fisheries)",4.3,7.9,889.0,9.0,3.6,1700.0,17000.0,3.0,176.0,5.0,176.0,116.0,88.0,1.5,0.72,188.0,100.0,88.0,14.0,76.0,598.0,10.0,0.2,0.5,7.0,0.27,46.0,2.4,0.41,2025.0
Bellandur,04/25,0.3601268693,-0.132526406,-0.5739687459,-0.7072167518,3602.0,"E (Irrigation, industrial cooling and controlled waste)",2.9,7.8,998.0,9.0,3.83,170.0,2200.0,3.0,128.0,5.0,128.0,164.0,87.0,1.5,0.4,132.0,76.0,56.0,76.0,94.0,684.0,10.0,0.2,0.5,22.0,0.35,56.0,3.55,0.48,2025.0
Abbigere,04/25,0.2107116136,-0.04917033527,-0.1111015075,-0.3361268278,4506.0,"D (Propagation of wild life,fisheries)",5.2,7.1,662.0,8.0,2.5,2700.0,14000.0,3.0,184.0,5.0,184.0,136.0,87.0,14.3,11.0,168.0,88.0,80.0,16.0,79.0,452.0,10.0,0.2,0.5,15.0,0.3,48.0,2.8,0.17,2025.0
Lalbagh,04/25,0.3685622825,-0.2744660095,0.0587903776,-0.2529461899,3590.0,"D (Propagation of wild life,fisheries)",5.8,8.0,650.0,8.0,2.4,2400.0,4800.0,3.0,100.0,5.0,100.0,92.0,84.0,2.0,1.6,68.0,40.0,28.0,8.0,79.0,442.0,10.0,0.2,0.5,18.0,0.41,65.0,4.2,0.4,2025.0
Panathur,04/25,0.1746622968,-0.1690702496,0.1125952084,-0.11617467,5840.0,"D (Propagation of wild life,fisheries)",4.8,6.8,566.0,5.0,2.2,170.0,2400.0,3.0,128.0,5.0,128.0,92.0,53.0,1.5,0.71,152.0,80.0,72.0,23.0,54.0,382.0,10.0,0.2,0.5,12.0,0.2,40.0,2.0,0.34,2025.0
Soulkere,04/25,0.3337224478,-0.1844428934,-0.3534435117,-0.5408689229,5570.0,"E (Irrigation, industrial cooling and controlled waste)",3.2,7.9,905.0,7.0,0.3,170.0,4300.0,3.0,296.0,5.0,296.0,152.0,128.0,1.71,1.3,268.0,136.0,132.0,23.0,110.0,620.0,10.0,1.3,0.5,12.0,0.29,46.0,2.9,3.0,2025.0
Bhoganhalli,04/25,0.1522765716,-0.006094961944,-0.1265965389,-0.239803374,5826.0,"D (Propagation of wild life,fisheries)",6.5,8.5,417.0,4.0,1.6,140.0,2400.0,32.0,80.0,16.0,96.0,60.0,48.0,1.5,0.4,84.0,44.0,40.0,33.0,48.0,288.0,10.0,0.2,0.5,5.0,0.3,53.0,2.3,0.3,2025.0
Devarabeesanahalli,04/25,0.1294191218,-0.1821211717,0.1710067859,-0.0392446568,4521.0,"D (Propagation of wild life,fisheries)",5.1,7.8,846.0,7.0,2.9,2100.0,3500.0,3.0,300.0,5.0,300.0,136.0,84.0,1.5,0.43,204.0,108.0,43.0,29.0,106.0,584.0,10.0,0.84,0.5,33.0,0.48,48.0,3.0,2.2,2025.0
Kaikondanahalli,04/25,0.3954105856,-0.1844634398,-0.3095318931,-0.517451312,3611.0,"D (Propagation of wild life,fisheries)",5.8,8.2,1200.0,7.0,3.23,1100.0,7900.0,3.0,324.0,5.0,324.0,232.0,72.0,1.5,0.58,476.0,264.0,212.0,53.0,98.0,828.0,10.0,0.76,0.5,39.0,0.28,28.0,2.0,1.5,2025.0
Kasavanahalli,04/25,0.0949948819,-0.2466382799,0.4017340148,0.2285484281,4529.0,"D (Propagation of wild life,fisheries)",6.0,7.3,1033.0,6.0,3.6,230.0,3500.0,3.0,388.0,5.0,388.0,120.0,64.0,1.5,0.4,336.0,172.0,164.0,20.0,74.0,712.0,10.0,0.75,0.5,6.0,0.3,34.0,1.96,2.3,2025.0
Byrasandra,04/25,0.3257572615,-0.1911717876,-0.11748671,-0.4043792708,3595.0,"D (Propagation of wild life,fisheries)",5.0,7.0,466.0,5.0,1.2,3100.0,17000.0,3.0,104.0,5.0,104.0,76.0,55.0,1.5,0.84,124.0,64.0,60.0,20.0,46.0,316.0,10.0,0.2,0.5,9.0,0.29,42.0,2.0,0.05,2025.0
Agaram,04/25,0.2883296861,-0.2005927225,0.1469222757,-0.07722025398,3612.0,"E (Irrigation, industrial cooling and controlled waste)",3.5,8.1,1355.0,9.0,5.2,310.0,2200.0,3.0,288.0,5.0,288.0,160.0,89.0,1.5,0.4,276.0,148.0,128.0,27.0,144.0,904.0,10.0,1.08,0.5,37.0,0.46,49.0,3.76,2.54,2025.0
Ibbalur,04/25,0.3077092434,-0.1618531542,-0.02505635136,-0.2693374876,3609.0,"E (Irrigation, industrial cooling and controlled waste)",2.8,7.0,801.0,10.0,3.07,230.0,2100.0,3.0,112.0,5.0,112.0,16.0,100.0,1.5,0.4,108.0,60.0,48.0,9.0,84.0,552.0,10.0,0.2,0.5,14.0,0.24,59.0,3.51,0.48,2025.0
Puttenahalli,04/25,0.2978438772,-0.2438076073,-0.1139739519,-0.3800351612,3614.0,"D (Propagation of wild life,fisheries)",5.8,6.5,600.0,5.0,2.42,120.0,920.0,3.0,136.0,5.0,136.0,80.0,56.0,1.5,0.4,100.0,56.0,44.0,10.0,50.0,408.0,10.0,0.49,0.5,4.0,0.2,51.0,2.17,1.41,2025.0
Puttenahalli,04/25,0.2978438772,-0.2438076073,-0.1139739519,-0.3800351612,3624.0,"D (Propagation of wild life,fisheries)",5.8,7.1,1040.0,7.0,3.9,240.0,2800.0,3.0,276.0,5.0,276.0,160.0,73.0,1.5,0.4,252.0,132.0,120.0,5.0,96.0,708.0,10.0,0.2,0.5,5.0,0.2,45.0,2.7,0.3,2025.0
Somasundrapalya,04/25,0.2744582211,-0.1973788147,0.1954096827,-0.2228962114,3622.0,"E (Irrigation, industrial cooling and controlled waste)",3.1,8.0,994.0,10.0,3.82,170.0,2800.0,3.0,140.0,5.0,140.0,160.0,96.0,1.5,0.4,128.0,70.0,58.0,34.0,129.0,664.0,10.0,0.2,0.5,23.0,0.34,64.0,4.95,0.28,2025.0
Singasandra,04/25,0.3940034905,-0.2192111607,-0.1775725833,-0.4509200578,3618.0,"E (Irrigation, industrial cooling and controlled waste)",1.2,7.4,982.0,42.0,3.77,130.0,3500.0,3.0,168.0,5.0,168.0,160.0,286.0,5.12,3.2,140.0,84.0,34.0,28.0,99.0,674.0,10.0,1.15,0.5,26.0,0.23,55.0,3.62,2.71,2025.0
Singasandra,04/25,0.2141343613,0.01240459595,-0.4340547083,-0.5836896641,3618.0,"E (Irrigation, industrial cooling and controlled waste)",1.2,7.4,982.0,42.0,3.77,130.0,3500.0,3.0,168.0,5.0,168.0,160.0,286.0,5.12,3.2,140.0,84.0,34.0,28.0,99.0,674.0,10.0,1.15,0.5,26.0,0.23,55.0,3.62,2.71,2025.0
Parappana Agrahara,04/25,0.3964183614,-0.1572417555,-0.5889418913,-0.7445370701,3620.0,"E (Irrigation, industrial cooling and controlled waste)",1.2,8.1,1021.0,32.0,3.92,140.0,4300.0,3.0,152.0,5.0,152.0,164.0,210.0,1.5,0.4,132.0,88.0,44.0,24.0,128.0,696.0,10.0,0.25,0.5,26.0,0.3,63.0,4.85,0.65,2025.0
Basavanapura,04/25,0.2805769798,-0.1379052248,-0.2402835402,-0.4779134988,4542.0,"D (Propagation of wild life,fisheries)",5.3,6.8,646.0,5.0,2.6,220.0,1200.0,3.0,140.0,5.0,140.0,92.0,60.0,1.5,0.4,112.0,60.0,52.0,7.0,55.0,442.0,10.0,0.37,0.5,4.0,0.22,50.0,2.27,1.04,2025.0
Basavanapura,04/25,0.2805769798,-0.1379052248,-0.2402835402,-0.4779134988,5566.0,"D (Propagation of wild life,fisheries)",6.5,7.5,503.0,5.0,1.9,310.0,2800.0,3.0,144.0,5.0,144.0,72.0,44.0,1.5,1.0,92.0,52.0,40.0,9.0,69.0,344.0,10.0,0.2,0.5,21.0,0.32,55.0,3.3,0.3,2025.0
Arakere,04/25,0.3140948029,-0.2011869107,0.07126674205,-0.2161593119,3615.0,"D (Propagation of wild life,fisheries)",5.9,7.5,1448.0,6.0,5.84,220.0,1300.0,3.0,160.0,5.0,160.0,308.0,72.0,1.5,0.43,180.0,96.0,84.0,66.0,33.0,992.0,10.0,0.2,0.5,11.0,0.65,60.0,4.31,0.05,2025.0
Gottigere,04/25,0.212790163,-0.1752361169,0.2801206867,0.0390109928,3613.0,"D (Propagation of wild life,fisheries)",6.0,6.8,827.0,4.0,3.33,63.0,540.0,3.0,120.0,5.0,120.0,144.0,40.0,1.5,0.4,152.0,80.0,72.0,25.0,71.0,564.0,10.0,0.2,0.5,6.0,0.23,49.0,2.5,0.18,2025.0
Puttenahalli,04/25,0.4956653038,-0.2901144618,-0.6562747533,-0.8086305095,3614.0,"D (Propagation of wild life,fisheries)",5.8,6.5,600.0,5.0,2.42,120.0,920.0,3.0,136.0,5.0,136.0,80.0,56.0,1.5,0.4,100.0,56.0,44.0,10.0,50.0,408.0,10.0,0.49,0.5,4.0,0.2,51.0,2.17,1.41,2025.0
Puttenahalli,04/25,0.4956653038,-0.2901144618,-0.6562747533,-0.8086305095,3624.0,"D (Propagation of wild life,fisheries)",5.8,7.1,1040.0,7.0,3.9,240.0,2800.0,3.0,276.0,5.0,276.0,160.0,73.0,1.5,0.4,252.0,132.0,120.0,5.0,96.0,708.0,10.0,0.2,0.5,5.0,0.2,45.0,2.7,0.3,2025.0
Chelekere,04/25,0.3590452773,-0.141434197,-0.482273346,-0.6379848298,4507.0,"D (Propagation of wild life,fisheries)",6.1,7.9,1106.0,4.0,4.5,1400.0,4600.0,3.0,232.0,5.0,232.0,152.0,40.0,1.5,0.4,264.0,136.0,128.0,25.0,97.0,750.0,10.0,0.2,0.5,8.0,0.47,43.0,2.59,0.27,2025.0
Agaram,04/25,0.288742405,-0.1908225478,0.09286320931,-0.1665551373,3612.0,"E (Irrigation, industrial cooling and controlled waste)",3.5,8.1,1355.0,9.0,5.2,310.0,2200.0,3.0,288.0,5.0,288.0,160.0,89.0,1.5,0.4,276.0,148.0,128.0,27.0,144.0,904.0,10.0,1.08,0.5,37.0,0.46,49.0,3.76,2.54,2025.0
Rampura,04/25,0.32761774,-0.163331167,-0.4092368691,-0.5870547662,4519.0,"D (Propagation of wild life,fisheries)",5.6,6.9,568.0,5.0,2.2,210.0,4300.0,3.0,132.0,5.0,132.0,92.0,50.0,1.5,0.54,156.0,84.0,72.0,23.0,55.0,390.0,10.0,0.2,0.5,11.0,0.21,41.0,2.0,0.21,2025.0
Dasarahalli,04/25,0.306434197,-0.1451723952,-0.1333425496,-0.3240382201,3606.0,"E (Irrigation, industrial cooling and controlled waste)",2.0,6.6,769.0,13.0,2.9,1700.0,9400.0,3.0,156.0,5.0,156.0,92.0,123.0,20.8,16.0,216.0,112.0,104.0,39.0,67.0,522.0,10.0,0.2,0.5,19.0,0.23,38.0,2.0,2.0,2025.0
Allalasandra,04/25,0.4254784788,-0.2685201597,-0.06955755024,-0.3493856458,3629.0,"E (Irrigation, industrial cooling and controlled waste)",2.8,7.1,938.0,23.0,3.5,21000.0,70000.0,3.0,160.0,5.0,160.0,168.0,153.0,6.5,0.4,136.0,72.0,64.0,12.0,98.0,638.0,10.0,0.6,0.5,34.0,0.3,54.0,3.8,1.3,2025.0
Andhrahalli,04/25,0.1476986113,0.06885846421,-0.2754457972,-0.4577667329,4096.0,"E (Irrigation, industrial cooling and controlled waste)",2.3,7.3,1237.0,25.0,4.7,2600.0,16000.0,3.0,196.0,5.0,196.0,104.0,161.0,23.4,18.0,460.0,232.0,228.0,244.0,129.0,854.0,10.0,0.32,0.5,13.0,0.25,37.0,2.6,0.75,2025.0
Shivapura,04/25,0.1820604564,0.008383288936,-0.278702321,-0.4764999349,3600.0,"E (Irrigation, industrial cooling and controlled waste)",2.8,6.7,1184.0,19.0,4.55,1400.0,9400.0,3.0,140.0,5.0,140.0,152.0,156.0,2.1,1.4,160.0,94.0,66.0,51.0,132.0,790.0,10.0,0.2,0.5,23.0,0.3,60.0,4.55,0.05,2025.0
Kogilu,04/25,0.3752298006,-0.1742501615,-0.283273924,-0.4576249338,4511.0,"D (Propagation of wild life,fisheries)",4.9,7.6,801.0,5.0,3.2,230.0,3500.0,3.0,168.0,5.0,168.0,88.0,60.0,1.5,0.52,188.0,100.0,88.0,8.0,70.0,542.0,10.0,0.2,0.5,6.0,0.2,44.0,2.21,0.24,2025.0
Basavanapura,04/25,0.2634529811,-0.1193382733,-0.0924880848,-0.3562733326,4542.0,"D (Propagation of wild life,fisheries)",5.3,6.8,646.0,5.0,2.6,220.0,1200.0,3.0,140.0,5.0,140.0,92.0,60.0,1.5,0.4,112.0,60.0,52.0,7.0,55.0,442.0,10.0,0.37,0.5,4.0,0.22,50.0,2.27,1.04,2025.0
Basavanapura,04/25,0.2634529811,-0.1193382733,-0.0924880848,-0.3562733326,5566.0,"D (Propagation of wild life,fisheries)",6.5,7.5,503.0,5.0,1.9,310.0,2800.0,3.0,144.0,5.0,144.0,72.0,44.0,1.5,1.0,92.0,52.0,40.0,9.0,69.0,344.0,10.0,0.2,0.5,21.0,0.32,55.0,3.3,0.3,2025.0
Mangamanapalya,04/25,0.2723784495,-0.1198967517,-0.2427815847,-0.4194638038,4547.0,"D (Propagation of wild life,fisheries)",4.5,8.4,1245.0,8.0,4.78,250.0,3500.0,40.0,284.0,20.0,304.0,156.0,83.0,1.5,0.4,244.0,132.0,112.0,22.0,131.0,844.0,10.0,1.18,0.5,37.0,0.35,49.0,3.64,2.78,2025.0
Hoodi,04/25,0.190503445,-0.04685894258,-0.1390137744,-0.3938130383,5560.0,"D (Propagation of wild life,fisheries)",4.2,6.7,740.0,8.0,3.0,310.0,4300.0,3.0,144.0,5.0,144.0,132.0,80.0,1.5,0.89,196.0,104.0,92.0,26.0,64.0,502.0,10.0,0.2,0.5,2.0,0.51,41.0,1.98,0.05,2025.0
Gangashetty,04/25,0.2508459752,-0.06703736815,-0.3353982733,-0.5257740994,5839.0,"E (Irrigation, industrial cooling and controlled waste)",2.4,7.7,1155.0,22.0,4.5,2200.0,11000.0,3.0,208.0,5.0,208.0,228.0,122.0,2.4,1.86,144.0,76.0,68.0,45.0,193.0,786.0,38.0,0.2,0.5,29.0,0.68,70.0,7.0,0.5,2025.0
Vijanapura,04/25,0.2621680888,-0.1498537168,-0.2069502953,-0.3912773197,5835.0,"D (Propagation of wild life,fisheries)",4.6,7.4,497.0,6.0,1.9,130.0,4300.0,3.0,100.0,5.0,100.0,52.0,67.0,1.5,0.57,132.0,72.0,60.0,57.0,46.0,338.0,10.0,0.3,0.5,20.0,0.2,38.0,1.7,0.6,2025.0
Rachenahalli,04/25,0.5385888044,-0.3232475682,-0.1675126268,-0.4213057673,4510.0,"D (Propagation of wild life,fisheries)",4.9,7.8,1026.0,16.0,4.1,4300.0,14000.0,3.0,124.0,5.0,124.0,160.0,132.0,2.63,2.1,164.0,88.0,76.0,27.0,93.0,696.0,10.0,0.32,0.5,6.0,0.23,54.0,3.15,0.92,2025.0
Amruthahalli,04/25,0.2853480939,-0.1108020626,-0.3662190206,-0.5702369799,3628.0,"D (Propagation of wild life,fisheries)",5.7,7.9,1084.0,5.0,4.4,9100.0,58000.0,3.0,236.0,5.0,236.0,132.0,52.0,1.5,0.4,260.0,136.0,124.0,29.0,98.0,734.0,10.0,0.2,0.5,9.0,0.45,44.0,2.64,0.5,2025.0
Nagavara,04/25,0.3850441494,-0.2358012278,-0.1193240895,-0.3799494126,3626.0,"D (Propagation of wild life,fisheries)",6.4,7.7,704.0,5.0,2.7,2100.0,12000.0,3.0,116.0,5.0,116.0,104.0,65.0,1.5,0.4,124.0,68.0,56.0,8.0,67.0,478.0,10.0,0.3,0.5,15.0,0.25,50.0,2.6,0.6,2025.0
Herohalli,04/25,0.3908304107,-0.2247768901,-0.08705064261,-0.323169363,3598.0,"D (Propagation of wild life,fisheries)",5.2,7.5,556.0,12.0,2.1,1700.0,2200.0,3.0,164.0,5.0,164.0,92.0,128.0,1.82,1.4,156.0,80.0,32.0,14.0,58.0,384.0,10.0,0.32,0.5,10.0,0.2,43.0,2.0,0.8,2025.0
Hebbal,04/25,0.3786273881,-0.2193721243,-0.05144948897,-0.2840538155,3625.0,"D (Propagation of wild life,fisheries)",5.9,7.6,698.0,6.0,2.6,1100.0,7900.0,3.0,124.0,5.0,124.0,104.0,69.0,1.5,0.4,124.0,68.0,56.0,7.0,69.0,476.0,10.0,0.2,0.5,15.0,0.22,51.0,2.7,0.4,2025.0
Vibhuthipura,04/25,0.2302771174,-0.02186168601,-0.3779579542,-0.5507928084,4522.0,"E (Irrigation, industrial cooling and controlled waste)",0.3,6.6,856.0,54.0,3.29,140000.0,460000.0,3.0,168.0,5.0,168.0,152.0,220.0,4.2,2.8,132.0,84.0,48.0,23.0,75.0,576.0,10.0,0.71,0.5,33.0,0.45,48.0,2.85,1.8,2025.0
Nallurahalli,04/25,0.1589587554,-0.03936942414,-0.03843559343,-0.2513411575,4523.0,"D (Propagation of wild life,fisheries)",5.8,8.2,742.0,7.0,2.8,630.0,3500.0,3.0,108.0,5.0,108.0,180.0,73.0,1.5,0.41,132.0,72.0,60.0,5.0,96.0,506.0,10.0,0.2,0.5,20.0,0.21,57.0,3.7,0.2,2025.0
Tubarahalli,04/25,0.2308853969,-0.2080329761,0.2340773273,-0.04378344243,3610.0,"D (Propagation of wild life,fisheries)",6.1,8.5,678.0,5.0,2.8,230.0,3500.0,48.0,72.0,24.0,96.0,124.0,48.0,1.5,0.4,136.0,72.0,64.0,10.0,58.0,458.0,10.0,0.2,0.5,15.0,0.3,44.0,2.17,0.4,2025.0
Chinnappanahalli,04/25,0.3363458268,-0.189874548,-0.1275972626,-0.3493172765,4520.0,"D (Propagation of wild life,fisheries)",4.4,7.8,759.0,7.0,2.9,1400.0,9400.0,3.0,140.0,5.0,140.0,144.0,68.0,1.5,0.67,100.0,56.0,44.0,10.0,104.0,516.0,10.0,0.2,0.5,21.0,0.46,64.0,4.5,0.5,2025.0
Kundalahalli,04/25,0.4276928587,-0.2850984148,-0.0519364698,-0.3074536839,4516.0,"D (Propagation of wild life,fisheries)",4.5,8.5,1084.0,7.0,4.4,1400.0,7900.0,72.0,180.0,36.0,176.0,212.0,76.0,1.5,0.9,304.0,156.0,148.0,33.0,70.0,736.0,10.0,0.59,0.5,18.0,0.3,37.0,2.24,1.7,2025.0
Varthur,04/25,0.242783056,-0.01076179326,-0.5312215902,-0.6597367226,3608.0,"E (Irrigation, industrial cooling and controlled waste)",0.3,6.6,905.0,63.0,3.47,11000.0,70000.0,3.0,180.0,5.0,180.0,160.0,254.0,3.12,2.4,220.0,128.0,92.0,31.0,74.0,606.0,10.0,0.68,0.5,24.0,0.48,39.0,2.17,1.75,2025.0
Narasipura,04/25,0.137363259,0.02965594503,-0.2808990259,-0.4709218739,4509.0,"D (Propagation of wild life,fisheries)",4.6,7.5,802.0,7.0,3.2,170.0,2400.0,3.0,176.0,5.0,176.0,80.0,80.0,1.5,0.48,176.0,92.0,84.0,8.0,70.0,544.0,10.0,0.2,0.5,5.0,0.2,46.0,2.3,0.36,2025.0
Narasipura,04/25,0.2118560277,0.006461267599,-0.4869691077,-0.6341102609,4509.0,"D (Propagation of wild life,fisheries)",4.6,7.5,802.0,7.0,3.2,170.0,2400.0,3.0,176.0,5.0,176.0,80.0,80.0,1.5,0.48,176.0,92.0,84.0,8.0,70.0,544.0,10.0,0.2,0.5,5.0,0.2,46.0,2.3,0.36,2025.0
Kengeri,05/25,0.2513698134,-0.01820623162,-0.4946331232,-0.6545854545,3639.0,D,5.2,7.5,886.0,8.0,3.4,26.0,1600.0,3.0,308.0,5.0,308.0,144.0,93.0,1.5,0.4,232.0,120.0,112.0,18.0,104.0,606.0,10.0,0.4,0.5,7.0,0.44,48.0,3.0,1.0,2025.0
Kengeri,05/25,0.2737315898,-0.1215006737,-0.1796226754,-0.3177244673,3639.0,D,5.2,7.5,886.0,8.0,3.4,26.0,1600.0,3.0,308.0,5.0,308.0,144.0,93.0,1.5,0.4,232.0,120.0,112.0,18.0,104.0,606.0,10.0,0.4,0.5,7.0,0.44,48.0,3.0,1.0,2025.0
Devarakere,05/25,0.3375529994,-0.1537008233,-0.268868328,-0.4559340754,3634.0,D,5.1,7.9,350.0,8.0,1.3,1400.0,13000.0,3.0,136.0,5.0,136.0,48.0,84.0,1.5,1.0,100.0,56.0,44.0,15.0,54.0,238.0,80.0,0.2,0.5,4.0,0.36,46.0,2.3,0.3,2025.0
Uttarahalli Doraikere,05/25,0.4618617755,-0.2279616822,-0.2822138529,-0.5670489264,3640.0,E,2.0,8.0,351.0,28.0,1.3,1100.0,13000.0,3.0,116.0,5.0,116.0,32.0,186.0,1.5,0.4,104.0,56.0,48.0,14.0,25.0,242.0,910.0,0.2,0.5,2.0,0.24,34.0,1.0,0.6,2025.0
Herohalli,05/25,0.2440951862,-0.03216927037,-0.3823799592,-0.5683717982,3598.0,D,5.9,7.0,477.0,5.0,8.5,1700.0,7900.0,3.0,84.0,5.0,84.0,56.0,48.0,1.5,0.4,140.0,76.0,64.0,14.0,36.0,322.0,20.0,0.33,0.5,3.0,0.2,36.0,1.32,0.98,2025.0
Hosakerehalli,05/25,0.3614105582,-0.1428060561,-0.5860023502,-0.7319772736,4536.0,E,2.2,7.4,670.0,8.0,2.57,1400.0,14000.0,3.0,120.0,5.0,120.0,136.0,76.0,1.5,0.4,176.0,106.0,70.0,14.0,74.0,458.0,18.0,0.2,0.5,25.0,0.2,43.0,2.42,0.47,2025.0
Kempambudhi,05/25,0.4186218367,-0.1918042394,-0.2927596838,-0.5173623144,3591.0,D,5.2,8.0,602.0,7.0,2.3,260.0,2200.0,3.0,108.0,5.0,108.0,88.0,69.0,1.5,0.4,88.0,48.0,40.0,9.0,63.0,400.0,44.0,0.2,0.5,12.0,0.28,57.0,3.0,0.2,2025.0
Nayandanahalli,05/25,0.1158663271,-0.1602193997,0.09384856549,-0.09425507148,3596.0,D,6.5,8.3,767.0,4.0,2.9,58.0,920.0,48.0,152.0,24.0,176.0,128.0,47.0,1.5,0.4,144.0,76.0,68.0,31.0,102.0,526.0,10.0,0.2,0.5,2.0,0.46,60.0,3.6,0.3,2025.0
Sankey,05/25,0.09117205214,-0.1224910342,0.138114022,-0.03293831211,3594.0,D,5.0,7.2,570.0,5.0,2.2,170.0,3500.0,3.0,128.0,5.0,128.0,92.0,52.0,1.5,0.42,152.0,80.0,72.0,23.0,56.0,392.0,10.0,0.2,0.5,12.0,0.41,42.0,2.0,0.23,2025.0
Ullalu,05/25,0.219222218,-0.06879695259,-0.3014373976,-0.509788811,4533.0,D,6.8,6.5,290.0,4.0,1.1,1500.0,4800.0,3.0,116.0,5.0,116.0,20.0,49.0,1.5,0.68,96.0,52.0,44.0,10.0,11.0,200.0,66.0,0.2,0.5,2.0,0.2,19.0,1.0,0.4,2025.0
Yediyur,05/25,0.3623068404,-0.2597287974,-0.0362136794,-0.3323247385,3592.0,D,5.2,7.0,320.0,6.0,1.2,140.0,2400.0,3.0,76.0,5.0,76.0,36.0,64.0,1.56,1.2,48.0,32.0,16.0,5.0,35.0,214.0,32.0,0.2,0.5,14.0,0.2,53.0,2.5,0.2,2025.0
Sompura,05/25,0.21656074,-0.01433122772,-0.4199438636,-0.592771433,4534.0,E,3.0,7.0,620.0,7.0,2.38,1700.0,13000.0,3.0,124.0,5.0,124.0,160.0,71.0,1.5,0.4,124.0,68.0,56.0,11.0,35.0,412.0,18.0,0.21,0.5,14.0,0.2,35.0,1.37,0.53,2025.0
Bhattarahalli,05/25,0.2472516419,-0.08422325356,-0.04565024642,-0.2417129573,4515.0,D,4.9,8.5,733.0,15.0,2.8,140.0,2400.0,32.0,124.0,16.0,140.0,168.0,156.0,1.7,1.3,84.0,44.0,40.0,9.8,98.0,506.0,36.0,0.3,0.5,2.0,0.22,70.0,4.6,0.71,2025.0
Begur,05/25,0.2262929599,-0.1068342715,-0.159496387,-0.3188888166,3619.0,D,5.1,7.7,1446.0,9.0,5.6,340.0,2400.0,3.0,180.0,5.0,180.0,304.0,89.0,1.5,0.61,228.0,120.0,108.0,68.0,174.0,984.0,18.0,0.2,0.5,43.0,0.72,57.0,5.0,0.36,2025.0
Doddagubbi,05/25,0.2678067874,-0.1098537102,0.1786903597,0.002328605223,5833.0,E,0.4,8.0,1890.0,29.0,7.2,2300.0,6300.0,3.0,532.0,5.0,532.0,336.0,196.0,4.4,3.4,452.0,240.0,212.0,50.0,186.0,1285.0,22.0,0.3,0.5,40.0,0.38,45.0,3.8,0.89,2025.0
Yelahanka,05/25,0.2770801997,-0.1503803404,0.001426590014,-0.1620975563,3630.0,E,3.2,7.5,859.0,21.0,3.3,14000.0,46000.0,3.0,212.0,5.0,212.0,132.0,118.0,5.9,4.6,188.0,100.0,88.0,20.0,93.0,584.0,162.0,1.5,0.5,22.0,0.41,48.0,3.0,4.5,2025.0
Singapura,05/25,0.1330359626,0.001645823728,-0.04574723124,-0.2953602322,4508.0,E,3.3,8.4,606.0,7.0,2.33,1200.0,7900.0,3.0,192.0,5.0,192.0,88.0,71.0,1.5,0.4,136.0,90.0,46.0,7.0,71.0,414.0,20.0,0.2,0.5,14.0,0.43,50.0,2.66,0.35,2025.0
Bellandur,05/25,0.3199292845,-0.1110154953,-0.5593664753,-0.6784448246,3602.0,D,5.5,7.5,876.0,5.0,3.5,43.0,1600.0,3.0,200.0,5.0,200.0,152.0,58.0,1.5,0.4,200.0,104.0,96.0,8.0,97.0,596.0,14.0,0.3,0.5,8.0,0.28,50.0,3.0,1.0,2025.0
Abbigere,05/25,0.2108898532,-0.03908354876,-0.1961586103,-0.4326851822,4506.0,D,6.0,7.5,736.0,7.0,2.8,1100.0,7000.0,3.0,140.0,5.0,140.0,144.0,72.0,1.5,0.56,156.0,80.0,76.0,22.0,85.0,508.0,20.0,0.28,0.5,9.0,0.5,53.0,3.0,0.66,2025.0
Kammagondanahalli,05/25,0.2508516765,-0.03623542693,-0.5063520227,-0.6528064755,4540.0,D,6.7,7.2,519.0,4.0,2.0,2200.0,9400.0,3.0,148.0,5.0,148.0,60.0,46.0,1.5,0.4,136.0,68.0,68.0,18.0,60.0,358.0,14.0,0.6,0.5,7.0,0.24,47.0,2.2,1.4,2025.0
Lalbagh,05/25,0.3273140139,-0.2409268673,0.001664720295,-0.2568388055,3590.0,D,5.6,8.1,660.0,6.0,2.5,310.0,3500.0,3.0,196.0,5.0,196.0,68.0,72.0,2.0,1.2,136.0,72.0,64.0,11.0,71.0,452.0,148.0,0.9,0.5,18.0,0.23,49.0,2.7,2.2,2025.0
Panathur,05/25,0.1603829512,-0.1624712402,0.05772646453,-0.1523339639,5840.0,D,5.7,7.4,561.0,4.0,2.2,310.0,2100.0,3.0,124.0,5.0,124.0,88.0,41.0,1.5,0.46,148.0,76.0,72.0,23.0,54.0,384.0,12.0,0.2,0.5,10.0,0.2,42.0,1.93,0.23,2025.0
Soulkere,05/25,0.2240131487,-0.1174646079,-0.1959790505,-0.3465962669,5570.0,E,3.2,7.2,642.0,25.0,2.5,260.0,2200.0,3.0,144.0,5.0,144.0,148.0,155.0,3.0,2.3,120.0,72.0,48.0,18.0,94.0,440.0,20.0,0.4,0.5,10.0,0.2,60.0,3.7,1.1,2025.0
Bhoganhalli,05/25,0.1366092505,-0.00819293739,-0.111930978,-0.2011231416,5826.0,D,6.1,8.2,707.0,4.0,2.9,220.0,2200.0,3.0,180.0,5.0,180.0,100.0,40.0,1.5,0.4,164.0,88.0,76.0,29.0,57.0,478.0,16.0,0.31,0.5,5.0,0.47,42.0,2.0,0.92,2025.0
Devarabeesanahalli,05/25,0.1172732431,-0.09746020424,0.09775783107,-0.1009941919,4521.0,D,5.0,7.2,987.0,6.0,3.9,310.0,2800.0,3.0,228.0,5.0,228.0,168.0,60.0,1.5,0.4,108.0,64.0,44.0,8.1,143.0,670.0,16.0,0.4,0.5,16.0,0.3,70.0,5.9,0.9,2025.0
Kaikondanahalli,05/25,0.3694393095,-0.1564138278,-0.2949096694,-0.4910439743,3611.0,D,6.0,7.1,883.0,6.0,3.5,310.0,1700.0,3.0,204.0,5.0,204.0,148.0,60.0,1.5,0.4,140.0,72.0,68.0,9.0,122.0,600.0,22.0,0.2,0.5,12.0,0.4,63.0,4.6,0.6,2025.0
Kasavanahalli,05/25,0.08715801696,-0.1703394108,0.2214762464,0.05387380986,4529.0,D,6.2,7.0,769.0,7.0,3.0,260.0,1500.0,3.0,176.0,5.0,176.0,108.0,66.0,1.5,0.4,136.0,76.0,60.0,8.4,123.0,524.0,14.0,0.3,0.5,14.0,0.22,63.0,4.6,0.9,2025.0
Byrasandra,05/25,0.2720402663,-0.1594265292,-0.108816093,-0.3665460888,3595.0,E,1.1,6.6,728.0,42.0,2.8,2600.0,11000.0,3.0,164.0,5.0,164.0,116.0,196.0,4.8,4.2,192.0,100.0,92.0,30.0,70.0,496.0,22.0,0.39,0.5,15.0,0.33,42.0,2.2,1.1,2025.0
Agaram,05/25,0.2227382315,-0.1370170935,-0.01011890288,-0.1342480607,3612.0,D,4.8,7.7,870.0,5.0,3.4,310.0,4300.0,3.0,200.0,5.0,200.0,148.0,49.0,1.5,0.4,232.0,120.0,112.0,35.0,93.0,592.0,18.0,0.4,0.5,8.0,0.28,45.0,2.7,0.9,2025.0
Ibbalur,05/25,0.3002683921,-0.1444524091,-0.1073087048,-0.2929530072,3609.0,D,5.0,7.4,902.0,6.0,3.6,210.0,3500.0,3.0,208.0,5.0,208.0,156.0,58.0,1.5,0.79,208.0,112.0,96.0,12.0,95.0,612.0,12.0,0.9,0.5,6.0,0.31,49.0,2.9,2.2,2025.0
Puttenahalli,05/25,0.2417958683,-0.1831767522,-0.1538142897,-0.3435269107,3614.0,D,5.0,7.6,674.0,8.0,2.6,260.0,2800.0,3.0,144.0,5.0,144.0,112.0,78.0,1.5,0.4,108.0,56.0,52.0,11.0,90.0,458.0,46.0,0.2,0.5,19.0,0.51,59.0,3.8,0.3,2025.0
Puttenahalli,05/25,0.2417958683,-0.1831767522,-0.1538142897,-0.3435269107,3624.0,D,5.4,7.0,720.0,7.0,2.8,2600.0,7000.0,3.0,168.0,5.0,168.0,100.0,70.0,1.5,0.4,136.0,76.0,60.0,10.0,80.0,488.0,22.0,0.2,0.5,4.0,0.26,55.0,3.0,0.4,2025.0
Somasundrapalya,05/25,0.263336481,-0.1782101246,0.1346455689,-0.2139332795,3622.0,D,4.9,8.1,592.0,8.0,2.4,210.0,1700.0,3.0,104.0,5.0,104.0,76.0,72.0,1.5,0.4,80.0,44.0,36.0,38.0,46.0,404.0,10.0,0.2,0.5,4.0,0.4,53.0,2.24,0.2,2025.0
Singasandra,05/25,0.3407367634,-0.1824239354,-0.1934857986,-0.4005549808,3618.0,D,6.0,8.2,774.0,5.0,3.1,120.0,1700.0,3.0,108.0,5.0,108.0,128.0,48.0,1.5,0.4,84.0,48.0,36.0,29.0,63.0,528.0,18.0,0.2,0.5,5.0,0.31,60.0,3.0,0.36,2025.0
Singasandra,05/25,0.1859393651,-0.006261495533,-0.4109363193,-0.5303009285,3618.0,D,6.0,8.2,774.0,5.0,3.1,120.0,1700.0,3.0,108.0,5.0,108.0,128.0,48.0,1.5,0.4,84.0,48.0,36.0,29.0,63.0,528.0,18.0,0.2,0.5,5.0,0.31,60.0,3.0,0.36,2025.0
Parappana Agrahara,05/25,0.2617771785,-0.09804275899,-0.516735247,-0.6278608427,3620.0,D,5.9,7.8,872.0,6.0,3.5,260.0,2200.0,3.0,112.0,5.0,112.0,156.0,52.0,1.5,0.4,108.0,60.0,48.0,20.0,72.0,594.0,24.0,0.2,0.5,6.0,0.37,57.0,3.03,0.39,2025.0
Basavanapura,05/25,0.2652302816,-0.09576438011,-0.2956697729,-0.4912709343,4542.0,D,5.2,7.2,617.0,5.0,2.4,43.0,1600.0,3.0,128.0,5.0,128.0,84.0,50.0,1.5,0.6,112.0,64.0,48.0,7.0,74.0,420.0,30.0,0.2,0.5,21.0,0.44,53.0,3.0,0.05,2025.0
Basavanapura,05/25,0.2652302816,-0.09576438011,-0.2956697729,-0.4912709343,5566.0,D,4.9,7.1,449.0,14.0,1.7,1700.0,11000.0,3.0,128.0,5.0,128.0,80.0,150.0,1.7,1.3,92.0,48.0,44.0,9.0,58.0,310.0,28.0,0.2,0.5,2.0,0.25,57.0,2.6,0.45,2025.0
Arakere,05/25,0.2900254981,-0.1806468787,0.03179345703,-0.218142015,3615.0,D,5.9,8.1,524.0,5.0,2.0,240.0,3500.0,3.0,92.0,5.0,92.0,48.0,60.0,1.5,0.91,96.0,56.0,40.0,49.0,68.0,356.0,10.0,0.2,0.5,9.0,0.46,58.0,3.0,0.39,2025.0
Gottigere,05/25,0.2358361486,-0.1487011941,0.1475101463,-0.06762297599,3613.0,D,6.3,7.5,685.0,4.0,2.2,300.0,3500.0,3.0,128.0,5.0,128.0,92.0,40.0,1.5,0.74,124.0,68.0,56.0,14.0,72.0,398.0,16.0,0.2,0.5,17.0,0.5,51.0,2.8,0.32,2025.0
Puttenahalli,05/25,0.4100165917,-0.1999108116,-0.6398654347,-0.7743259466,3614.0,D,5.0,7.6,674.0,8.0,2.6,260.0,2800.0,3.0,144.0,5.0,144.0,112.0,78.0,1.5,0.4,108.0,56.0,52.0,11.0,90.0,458.0,46.0,0.2,0.5,19.0,0.51,59.0,3.8,0.3,2025.0
Puttenahalli,05/25,0.4100165917,-0.1999108116,-0.6398654347,-0.7743259466,3624.0,D,5.4,7.0,720.0,7.0,2.8,2600.0,7000.0,3.0,168.0,5.0,168.0,100.0,70.0,1.5,0.4,136.0,76.0,60.0,10.0,80.0,488.0,22.0,0.2,0.5,4.0,0.26,55.0,3.0,0.4,2025.0
Chelekere,05/25,0.3599358852,-0.1198011746,-0.4848639395,-0.6433919252,4507.0,E,3.8,7.2,585.0,6.0,2.25,1400.0,13000.0,3.0,148.0,5.0,148.0,92.0,61.0,1.5,0.4,136.0,86.0,50.0,9.0,66.0,392.0,16.0,0.2,0.5,13.0,0.34,48.0,2.66,0.39,2025.0
Agaram,05/25,0.2686548053,-0.1487234242,-0.01780521816,-0.1948817091,3612.0,D,4.8,7.7,870.0,5.0,3.4,310.0,4300.0,3.0,200.0,5.0,200.0,148.0,49.0,1.5,0.4,232.0,120.0,112.0,35.0,93.0,592.0,18.0,0.4,0.5,8.0,0.28,45.0,2.7,0.9,2025.0
Kalkere,05/25,0.1967340759,-0.04969885173,-0.2515089106,-0.4074442845,3607.0,D,4.8,7.8,980.0,6.0,3.8,1300.0,4600.0,3.0,268.0,5.0,268.0,252.0,64.0,1.5,0.4,220.0,112.0,108.0,8.0,96.0,666.0,18.0,0.2,0.5,10.0,0.3,47.0,2.8,0.32,2025.0
Rampura,05/25,0.3155535713,-0.1431250223,-0.4260208597,-0.5984833314,4519.0,D,5.5,7.0,618.0,6.0,2.4,1400.0,7900.0,3.0,140.0,5.0,140.0,96.0,55.0,1.5,0.4,164.0,88.0,76.0,16.0,68.0,420.0,10.0,0.2,0.5,12.0,0.21,45.0,2.3,0.33,2025.0
Dasarahalli,05/25,0.3440460371,-0.116864628,-0.1232710247,-0.366490561,3606.0,E,3.5,6.9,467.0,6.0,1.79,430.0,3500.0,3.0,108.0,5.0,108.0,60.0,61.0,1.5,0.65,132.0,88.0,44.0,16.0,50.0,312.0,16.0,0.2,0.5,13.0,0.32,42.0,1.88,0.36,2025.0
Allalasandra,05/25,0.3458667715,-0.2077350037,-0.05928826643,-0.3221219749,3629.0,E,2.5,8.5,487.0,26.0,1.9,2300.0,9400.0,24.0,68.0,12.0,92.0,56.0,175.0,2.7,2.1,100.0,56.0,44.0,28.0,67.0,330.0,232.0,0.2,0.5,14.0,0.2,55.0,2.9,0.6,2025.0
Andhrahalli,05/25,0.2371515241,-0.1221277683,-0.07960272098,-0.3231162623,4096.0,D,5.0,7.1,745.0,9.0,2.9,260.0,920.0,3.0,160.0,5.0,160.0,136.0,95.0,1.6,1.2,160.0,80.0,80.0,40.0,86.0,514.0,22.0,0.56,0.5,10.0,0.52,52.0,3.0,1.3,2025.0
Shivapura,05/25,0.2282915558,-0.04726708378,-0.3040674916,-0.5055040688,3600.0,E,2.8,6.9,532.0,20.0,2.0,2300.0,7900.0,3.0,88.0,5.0,88.0,56.0,148.0,1.5,0.98,152.0,76.0,76.0,95.0,58.0,362.0,164.0,0.51,0.5,6.0,0.33,44.0,2.0,1.2,2025.0
Kogilu,05/25,0.2955282609,-0.08853704174,-0.2928808433,-0.4521912469,4511.0,D,4.1,7.6,472.0,5.0,1.81,1400.0,4800.0,3.0,108.0,5.0,108.0,64.0,52.0,1.5,0.4,112.0,74.0,38.0,7.0,43.0,324.0,20.0,0.2,0.5,9.0,0.4,43.0,1.77,0.42,2025.0
Basavanapura,05/25,0.2011863604,-0.08342200591,-0.1307825995,-0.3027529481,4542.0,D,5.2,7.2,617.0,5.0,2.4,43.0,1600.0,3.0,128.0,5.0,128.0,84.0,50.0,1.5,0.6,112.0,64.0,48.0,7.0,74.0,420.0,30.0,0.2,0.5,21.0,0.44,53.0,3.0,0.05,2025.0
Basavanapura,05/25,0.2011863604,-0.08342200591,-0.1307825995,-0.3027529481,5566.0,D,4.9,7.1,449.0,14.0,1.7,1700.0,11000.0,3.0,128.0,5.0,128.0,80.0,150.0,1.7,1.3,92.0,48.0,44.0,9.0,58.0,310.0,28.0,0.2,0.5,2.0,0.25,57.0,2.6,0.45,2025.0
Mangamanapalya,05/25,0.2110231631,-0.0889790065,-0.2212818156,-0.3593952768,4547.0,D,5.8,8.5,982.0,6.0,3.8,240.0,2800.0,16.0,276.0,8.0,284.0,148.0,56.0,1.5,0.4,252.0,132.0,120.0,31.0,82.0,666.0,20.0,0.59,0.5,7.0,0.52,41.0,2.25,1.72,2025.0
Hoodi,05/25,0.1437409608,0.01140771715,-0.2114350875,-0.3931001253,5560.0,E,3.2,6.5,357.0,16.0,1.3,17000.0,49000.0,3.0,68.0,5.0,68.0,36.0,120.0,3.4,2.5,76.0,44.0,32.0,26.0,30.0,242.0,206.0,0.44,0.5,8.0,0.2,43.0,1.0,1.7,2025.0
Vijanapura,05/25,0.2522881,-0.106581689,-0.2362853763,-0.397520892,5835.0,D,5.2,7.7,520.0,5.0,2.0,310.0,2800.0,3.0,104.0,5.0,104.0,56.0,55.0,1.5,0.4,136.0,80.0,56.0,49.0,50.0,354.0,12.0,0.3,0.5,20.0,0.38,40.0,1.9,0.98,2025.0
Rachenahalli,05/25,0.4981384388,-0.2617275138,-0.1208293148,-0.3648943514,4510.0,E,0.3,7.6,1151.0,9.0,4.42,1700.0,4600.0,3.0,308.0,5.0,308.0,188.0,97.0,1.5,0.4,252.0,136.0,116.0,14.0,165.0,784.0,18.0,0.2,0.5,27.0,0.44,55.0,4.53,0.35,2025.0
Amruthahalli,05/25,0.2664905702,-0.07958747572,-0.3881170299,-0.5590701165,3628.0,E,3.7,7.3,624.0,6.0,2.4,2100.0,17000.0,3.0,160.0,5.0,160.0,84.0,61.0,1.5,0.4,148.0,92.0,56.0,11.0,67.0,414.0,16.0,0.2,0.5,13.0,0.38,47.0,2.4,0.39,2025.0
Nagavara,05/25,0.3653192312,-0.204337139,-0.1383507697,-0.383600613,3626.0,D,5.1,8.0,370.0,8.0,1.4,2300.0,7000.0,3.0,92.0,5.0,92.0,44.0,75.0,1.5,0.4,80.0,48.0,32.0,10.0,45.0,250.0,48.0,0.2,0.5,9.0,0.43,51.0,2.2,0.5,2025.0
Herohalli,05/25,0.431834318,-0.1739840441,-0.2062201773,-0.3996948172,3598.0,D,5.9,7.0,477.0,5.0,8.5,1700.0,7900.0,3.0,84.0,5.0,84.0,56.0,48.0,1.5,0.4,140.0,76.0,64.0,14.0,36.0,322.0,20.0,0.33,0.5,3.0,0.2,36.0,1.32,0.98,2025.0
Hebbal,05/25,0.3607362795,-0.1685179137,-0.1401190739,-0.333057727,3625.0,D,4.8,8.4,614.0,8.0,2.4,1300.0,7900.0,24.0,132.0,12.0,156.0,76.0,90.0,1.5,0.4,144.0,72.0,72.0,10.0,71.0,418.0,48.0,0.5,0.5,15.0,0.4,48.0,2.6,1.2,2025.0
Vibhuthipura,05/25,0.1803824809,0.02740576428,-0.375044818,-0.5435627173,4522.0,E,0.6,7.0,900.0,27.0,3.4,2200.0,12000.0,3.0,176.0,5.0,176.0,156.0,192.0,4.9,3.8,140.0,88.0,52.0,26.0,78.0,612.0,220.0,0.5,0.5,28.0,0.4,49.0,2.9,1.42,2025.0
Nallurahalli,05/25,0.1536172734,-0.01813789648,-0.1051082842,-0.3078005351,4523.0,D,5.8,7.3,481.0,5.0,1.7,260.0,3500.0,3.0,56.0,5.0,56.0,84.0,60.0,1.5,0.4,96.0,56.0,40.0,29.0,57.0,318.0,30.0,0.2,0.5,9.0,0.27,53.0,3.0,0.32,2025.0
Tubarahalli,05/25,0.1893180989,-0.1544093725,0.1481415046,-0.07007696799,3610.0,D,4.4,7.2,689.0,7.0,2.6,21.0,1600.0,3.0,156.0,5.0,156.0,112.0,68.0,1.5,0.88,184.0,96.0,88.0,28.0,67.0,472.0,10.0,0.2,0.5,14.0,0.29,42.0,2.15,0.45,2025.0
Chinnappanahalli,05/25,0.2850344139,-0.1465446232,-0.1478610628,-0.3278708146,4520.0,E,3.1,7.8,705.0,16.0,2.7,2300.0,8400.0,3.0,160.0,5.0,160.0,116.0,160.0,4.2,3.7,188.0,100.0,88.0,29.0,69.0,480.0,12.0,0.26,0.5,14.0,0.22,42.0,2.19,0.77,2025.0
Kundalahalli,05/25,0.4018424115,-0.2346052667,-0.1023340726,-0.326953824,4516.0,E,3.0,8.1,1208.0,15.0,4.6,2600.0,12000.0,3.0,328.0,5.0,328.0,200.0,155.0,4.4,3.9,280.0,144.0,136.0,50.0,110.0,832.0,14.0,0.34,0.5,24.0,0.34,43.0,2.86,1.01,2025.0
Varthur,05/25,0.2046772264,0.0118788075,-0.4982081797,-0.6198828689,3608.0,D,4.5,7.6,701.0,6.0,2.7,20.0,920.0,3.0,160.0,5.0,160.0,116.0,61.0,1.5,0.51,188.0,96.0,92.0,29.0,69.0,476.0,10.0,0.2,0.5,14.0,0.31,42.0,2.19,0.29,2025.0
Narasipura,05/25,0.1140226918,0.03993437774,-0.2128018872,-0.408383038,4509.0,E,0.3,7.4,975.0,11.0,3.8,2600.0,12000.0,3.0,240.0,5.0,240.0,136.0,110.0,1.5,0.4,188.0,116.0,72.0,16.0,95.0,662.0,16.0,0.2,0.5,21.0,0.45,49.0,3.02,0.46,2025.0
Narasipura,05/25,0.2025173681,-0.01744521502,-0.4254811481,-0.5824499552,4509.0,E,0.3,7.4,975.0,11.0,3.8,2600.0,12000.0,3.0,240.0,5.0,240.0,136.0,110.0,1.5,0.4,188.0,116.0,72.0,16.0,95.0,662.0,16.0,0.2,0.5,21.0,0.45,49.0,3.02,0.46,2025.0
Kengeri,06/25,0.3129886179,-0.1156792705,-0.5545941748,-0.7206382768,3639.0,D,5.6,7.8,652.0,6.0,2.7,1700.0,7900.0,3.0,184.0,5.0,184.0,84.0,60.0,1.5,0.4,168.0,92.0,76.0,11.0,70.0,440.0,28.0,0.2,0.5,7.0,0.29,50.0,3.0,0.42,2025.0
Kengeri,06/25,0.4292633683,-0.1390420299,-0.5968037587,-0.8025115775,3639.0,D,5.6,7.8,652.0,6.0,2.7,1700.0,7900.0,3.0,184.0,5.0,184.0,84.0,60.0,1.5,0.4,168.0,92.0,76.0,11.0,70.0,440.0,28.0,0.2,0.5,7.0,0.29,50.0,3.0,0.42,2025.0
Devarakere,06/25,0.3330709736,-0.111102309,-0.5732306853,-0.7004449902,3634.0,D,4.6,8.2,384.0,7.0,1.6,1200.0,6300.0,3.0,108.0,5.0,108.0,36.0,88.0,1.5,0.51,128.0,72.0,56.0,14.0,37.0,260.0,10.0,0.2,0.5,8.0,0.23,36.0,1.0,0.05,2025.0
Uttarahalli Doraikere,06/25,0.4991366814,-0.2261945916,-0.4054290369,-0.6703481276,3640.0,D,5.8,8.2,194.0,5.0,0.69,2200.0,8400.0,3.0,76.0,5.0,76.0,16.0,64.0,1.5,0.4,84.0,48.0,36.0,8.0,8.0,130.0,42.0,0.2,0.5,3.0,0.2,16.0,0.38,0.34,2025.0
Herohalli,06/25,0.3728112118,-0.04693781501,-0.562202953,-0.7463889796,3598.0,E,3.1,7.1,640.0,16.0,2.5,2100.0,11000.0,3.0,144.0,5.0,144.0,104.0,144.0,1.6,1.2,172.0,92.0,80.0,26.0,63.0,80.0,10.0,0.2,0.5,14.0,0.22,42.0,2.08,0.27,2025.0
Hosakerehalli,06/25,0.4360942388,-0.1929735871,-0.6533698237,-0.8302795754,4536.0,E,0.4,6.5,587.0,66.0,2.0,1400.0,7000.0,3.0,216.0,5.0,216.0,28.0,352.0,5.3,4.2,164.0,88.0,76.0,7.0,37.0,398.0,38.0,0.23,0.5,2.0,0.22,33.0,1.25,0.65,2025.0
Sankey,06/25,0.1009957173,-0.1273404559,0.1277784001,-0.1649314659,3594.0,D,6.5,7.0,496.0,4.0,1.9,17.0,1600.0,3.0,112.0,5.0,112.0,80.0,45.0,1.5,0.4,132.0,72.0,60.0,20.0,48.0,332.0,10.0,0.2,0.5,10.0,0.22,41.0,1.81,0.05,2025.0
Ullalu,06/25,0.2262033632,-0.109886784,-0.2151958976,-0.4525424815,4533.0,D,6.0,6.5,178.0,4.0,0.81,2400.0,17000.0,3.0,60.0,5.0,60.0,8.0,44.0,1.5,0.4,60.0,36.0,24.0,7.0,6.0,114.0,14.0,0.2,0.5,4.0,0.2,17.0,0.34,0.05,2025.0
Sompura,06/25,0.2483742751,-0.03970320841,-0.562919651,-0.7245853618,4534.0,D,5.2,6.8,740.0,5.0,3.0,140.0,1700.0,3.0,216.0,5.0,216.0,64.0,52.0,1.5,0.4,156.0,84.0,72.0,38.0,60.0,508.0,14.0,0.2,0.5,3.0,0.43,44.0,2.09,0.05,2025.0
Bhattarahalli,06/25,0.2869976935,0.01831836222,-0.2675895331,-0.5607117953,4515.0,D,5.9,8.2,811.0,5.0,3.4,310.0,2800.0,3.0,116.0,5.0,116.0,152.0,64.0,1.5,0.4,84.0,48.0,19.0,15.0,100.0,542.0,10.0,0.2,0.5,16.0,0.53,67.0,5.0,0.05,2025.0
Begur,06/25,0.1727425881,-0.07505753108,-0.2391228854,-0.3518536537,3619.0,E,2.1,7.7,1305.0,30.0,5.0,210.0,1700.0,3.0,196.0,5.0,196.0,324.0,210.0,14.1,10.7,204.0,104.0,100.0,55.0,207.0,894.0,30.0,0.2,0.5,4.0,0.63,68.0,6.3,0.2,2025.0
Doddagubbi,06/25,0.3004106795,-0.001800772811,0.01530534684,-0.225658774,5833.0,E,6.0,8.2,2930.0,4.0,10.9,310.0,3500.0,3.0,400.0,5.0,400.0,516.0,40.0,1.5,0.4,200.0,108.0,92.0,19.0,296.0,1932.0,10.0,0.2,0.5,129.0,0.45,64.0,9.0,0.26,2025.0
Yelahanka,06/25,0.2591419263,-0.1052542308,-0.1256433679,-0.307775427,3630.0,E,2.4,7.1,844.0,22.0,3.2,630.0,2200.0,3.0,188.0,5.0,188.0,132.0,171.0,11.2,8.6,208.0,104.0,104.0,17.0,95.0,574.0,58.0,1.5,0.5,11.0,0.33,48.0,2.9,3.5,2025.0
Singapura,06/25,0.1558997971,-0.01675256922,-0.1145761559,-0.4090014433,4508.0,D,6.0,7.4,385.0,5.0,1.5,340.0,2400.0,3.0,116.0,5.0,116.0,56.0,65.0,1.5,0.4,140.0,72.0,68.0,8.0,39.0,266.0,10.0,0.2,0.5,5.0,0.29,36.0,1.4,0.13,2025.0
Bellandur,06/25,0.2836480684,-0.1147316785,-0.4708146381,-0.5461917602,3602.0,D,6.0,7.6,814.0,5.0,3.1,310.0,2800.0,3.0,116.0,5.0,116.0,144.0,56.0,1.5,0.4,132.0,68.0,64.0,18.0,90.0,542.0,10.0,0.2,0.5,2.0,0.21,59.0,3.5,0.29,2025.0
Abbigere,06/25,0.3000651959,-0.1078105704,-0.256654159,-0.5118941879,4506.0,D,6.0,8.2,624.0,4.0,2.5,310.0,2800.0,3.0,140.0,5.0,140.0,80.0,44.0,1.5,0.55,176.0,92.0,84.0,19.0,52.0,422.0,10.0,0.2,0.5,3.0,0.2,39.0,1.71,0.3,2025.0
Kammagondanahalli,06/25,0.2619222344,-0.01740714289,-0.460619011,-0.6482059612,4540.0,E,1.5,6.5,498.0,28.0,2.0,48000.0,350000.0,3.0,140.0,5.0,140.0,48.0,196.0,3.4,2.7,136.0,72.0,64.0,19.0,40.0,388.0,10.0,0.57,0.5,3.0,0.2,38.0,1.49,1.66,2025.0
Chikkabanavara,06/25,0.1261334085,-0.07282624706,0.1026725339,-0.1577952974,4095.0,E,3.4,7.2,620.0,16.0,2.4,840.0,2100.0,3.0,148.0,5.0,148.0,107.0,116.0,3.2,2.5,172.0,88.0,84.0,20.0,58.0,422.0,54.0,0.4,0.5,6.0,0.3,29.0,1.9,0.9,2025.0
Lalbagh,06/25,0.2259450625,-0.09116839719,-0.2297658824,-0.2453081792,3590.0,D,5.2,8.0,440.0,9.0,1.7,170.0,2800.0,3.0,108.0,5.0,108.0,72.0,94.0,2.0,1.5,92.0,48.0,44.0,11.0,58.0,304.0,22.0,0.2,0.5,3.0,0.38,56.0,2.6,0.14,2025.0
Soulkere,06/25,0.110143434,-0.08696018675,0.1741915415,0.2164012217,5570.0,D,4.8,7.7,1692.0,11.0,6.4,1700.0,9400.0,3.0,184.0,5.0,184.0,328.0,120.0,1.5,0.4,264.0,136.0,128.0,43.0,190.0,1148.0,10.0,0.95,0.5,3.0,0.29,61.0,5.1,2.2,2025.0
Bhoganhalli,06/25,0.08549389243,0.02325581387,-0.1335601807,-0.2058823556,5826.0,D,5.9,8.4,1196.0,5.0,21.4,220.0,1500.0,32.0,164.0,16.0,180.0,336.0,48.0,1.5,0.4,280.0,144.0,136.0,38.0,108.0,810.0,10.0,0.75,0.5,9.0,0.35,30.0,2.8,2.09,2025.0
Kasavanahalli,06/25,0.09201071751,-0.1301930041,0.1550172935,0.06357536609,4529.0,D,6.0,7.6,812.0,5.0,3.1,110.0,2400.0,3.0,128.0,5.0,128.0,136.0,58.0,1.5,0.4,136.0,72.0,64.0,20.0,89.0,550.0,10.0,0.2,0.5,2.0,0.28,58.0,3.4,0.05,2025.0
Byrasandra,06/25,0.1598807726,-0.042086795,-0.2109031609,-0.3206136942,3595.0,D,5.9,7.1,449.0,7.0,1.7,210.0,3500.0,3.0,160.0,5.0,160.0,48.0,74.0,1.5,0.4,140.0,72.0,68.0,14.0,43.0,310.0,10.0,0.32,0.5,2.0,0.2,39.0,1.6,0.75,2025.0
Ibbalur,06/25,0.2267795336,-0.06566061484,-0.5137602283,-0.596715913,3609.0,D,5.9,8.2,852.0,5.0,3.5,200.0,2200.0,3.0,140.0,5.0,140.0,160.0,60.0,1.5,0.4,148.0,80.0,68.0,15.0,97.0,574.0,16.0,0.21,0.5,14.0,0.38,56.0,3.0,0.58,2025.0
Puttenahalli,06/25,0.1163793132,-0.006060605869,-0.3589083552,-0.4393236935,3614.0,D,5.4,7.1,536.0,8.0,2.0,3100.0,7000.0,3.0,136.0,5.0,136.0,92.0,94.0,2.0,1.5,120.0,60.0,60.0,7.0,73.0,370.0,28.0,0.2,0.5,3.0,0.37,56.0,2.9,0.15,2025.0
Puttenahalli,06/25,0.1163793132,-0.006060605869,-0.3589083552,-0.4393236935,3624.0,D,6.6,6.8,616.0,4.0,2.3,21.0,1600.0,3.0,136.0,5.0,136.0,96.0,40.0,1.5,0.56,160.0,84.0,76.0,24.0,60.0,416.0,10.0,0.2,0.5,12.0,0.28,43.0,2.06,0.21,2025.0
Singasandra,06/25,0.2126739551,-0.0692552932,-0.4949090251,-0.5872093936,3618.0,D,6.2,7.8,1369.0,4.0,5.3,310.0,3500.0,3.0,188.0,5.0,188.0,308.0,48.0,1.5,0.4,228.0,120.0,108.0,94.0,178.0,918.0,32.0,0.2,0.5,43.0,0.56,58.0,5.0,0.16,2025.0
Parappana Agrahara,06/25,0.1283426401,-0.03060623199,-0.3558754377,-0.4023230298,3620.0,E,2.1,7.5,876.0,25.0,3.3,240.0,2200.0,3.0,176.0,5.0,176.0,132.0,160.0,1.5,0.4,188.0,100.0,88.0,34.0,101.0,582.0,26.0,1.08,0.5,3.0,0.23,53.0,3.3,2.5,2025.0
Basavanapura,06/25,0.2650048077,-0.05982822167,-0.3967032914,-0.5809048152,4542.0,D,5.2,7.1,556.0,10.0,2.1,2100.0,9400.0,3.0,144.0,5.0,144.0,104.0,108.0,2.0,1.5,100.0,52.0,48.0,9.0,73.0,384.0,22.0,0.2,0.5,4.0,0.36,60.0,3.2,0.18,2025.0
Basavanapura,06/25,0.2650048077,-0.05982822167,-0.3967032914,-0.5809048152,5566.0,D,4.4,7.5,486.0,8.0,2.1,330.0,2200.0,3.0,108.0,5.0,108.0,52.0,80.0,1.5,0.82,92.0,52.0,40.0,12.0,58.0,326.0,10.0,0.2,0.5,15.0,0.33,53.0,3.0,0.29,2025.0
Arakere,06/25,0.1835935295,-0.02957137833,-0.2658051092,-0.4500128989,3615.0,D,4.5,7.8,732.0,8.0,2.9,240.0,1700.0,3.0,112.0,5.0,112.0,120.0,96.0,1.5,0.4,124.0,68.0,56.0,35.0,85.0,494.0,12.0,0.2,0.5,11.0,0.37,60.0,3.0,0.05,2025.0
Gottigere,06/25,0.299757367,-0.1835370636,0.1484076378,-0.2730677867,3613.0,D,5.4,7.7,423.0,8.0,1.6,2200.0,7900.0,3.0,112.0,5.0,112.0,64.0,92.0,1.9,1.4,92.0,48.0,44.0,12.0,51.0,292.0,30.0,0.2,0.5,3.0,0.42,53.0,2.3,0.14,2025.0
Puttenahalli,06/25,0.1860645061,-0.03968982716,-0.4512648156,-0.5281775246,3614.0,D,5.4,7.1,536.0,8.0,2.0,3100.0,7000.0,3.0,136.0,5.0,136.0,92.0,94.0,2.0,1.5,120.0,60.0,60.0,7.0,73.0,370.0,28.0,0.2,0.5,3.0,0.37,56.0,2.9,0.15,2025.0
Puttenahalli,06/25,0.1860645061,-0.03968982716,-0.4512648156,-0.5281775246,3624.0,D,6.6,6.8,616.0,4.0,2.3,21.0,1600.0,3.0,136.0,5.0,136.0,96.0,40.0,1.5,0.56,160.0,84.0,76.0,24.0,60.0,416.0,10.0,0.2,0.5,12.0,0.28,43.0,2.06,0.21,2025.0
Chelekere,06/25,0.4098025814,-0.07158779054,-0.6325214344,-0.8800693128,4507.0,D,6.0,7.5,380.0,5.0,1.5,310.0,1700.0,3.0,104.0,5.0,104.0,60.0,58.0,1.5,0.51,128.0,64.0,64.0,8.0,38.0,264.0,10.0,0.2,0.5,5.0,0.3,37.0,1.5,0.05,2025.0
Agaram,06/25,0.4267575314,-0.1343132523,-0.2221147734,-0.5572797362,3612.0,D,4.5,7.8,732.0,8.0,2.9,240.0,1700.0,3.0,112.0,5.0,112.0,120.0,92.0,1.5,0.4,124.0,68.0,56.0,35.0,85.0,494.0,12.0,0.2,0.5,11.0,0.37,60.0,3.0,0.05,2025.0
Kalkere,06/25,0.2032401305,-0.01879163181,-0.3211742681,-0.4906314338,3607.0,E,2.4,7.4,1594.0,22.0,6.1,260.0,17000.0,3.0,348.0,5.0,348.0,216.0,136.0,2.5,1.9,268.0,140.0,56.0,37.0,116.0,1084.0,46.0,2.4,0.5,3.0,0.2,48.0,3.1,5.6,2025.0
Rampura,06/25,0.3764073506,-0.1666974927,-0.2701483638,-0.5326420834,4519.0,E,2.6,7.2,873.0,19.0,3.3,24.0,220.0,3.0,236.0,5.0,236.0,116.0,126.0,2.9,2.3,216.0,112.0,104.0,7.0,82.0,596.0,12.0,0.27,0.5,2.0,0.33,45.0,2.5,0.65,2025.0
Dasarahalli,06/25,0.4207864117,-0.05840578816,-0.3388909025,-0.7773676252,3606.0,D,4.2,6.7,364.0,5.0,1.4,3100.0,8400.0,3.0,80.0,5.0,80.0,56.0,56.0,1.5,0.92,96.0,52.0,44.0,15.0,35.0,250.0,36.0,0.2,0.5,7.0,0.2,41.0,1.55,0.05,2025.0
Doddabidarakallu,06/25,0.191487494,0.02749006134,-0.3677308937,-0.6033074419,4539.0,E,0.3,7.4,1400.0,16.0,5.4,4300.0,14000.0,3.0,332.0,5.0,332.0,240.0,126.0,15.6,1.2,388.0,200.0,188.0,50.0,136.0,968.0,46.0,0.3,0.5,20.0,0.32,29.0,3.0,0.9,2025.0
Allalasandra,06/25,0.3408449903,-0.1820495385,-0.1546714146,-0.3985346417,3629.0,E,2.4,7.3,733.0,22.0,2.8,430.0,4300.0,3.0,172.0,5.0,172.0,112.0,164.0,11.0,8.4,196.0,100.0,96.0,14.0,84.0,502.0,40.0,0.96,0.5,10.0,0.32,63.0,2.6,2.3,2025.0
Andhrahalli,06/25,0.2929532989,-0.1242317936,-0.2867529048,-0.6471130128,4096.0,E,0.3,7.4,1303.0,73.0,5.0,25000.0,58000.0,3.0,300.0,5.0,300.0,220.0,352.0,28.0,24.0,352.0,180.0,172.0,53.0,128.0,888.0,14.0,0.6,0.5,26.0,0.31,42.0,2.96,1.71,2025.0
Shivapura,06/25,0.2935485947,-0.05821135098,-0.3661607793,-0.7421857414,3600.0,D,4.3,7.1,661.0,4.0,2.6,2100.0,5800.0,3.0,148.0,5.0,148.0,108.0,44.0,1.5,0.9,176.0,92.0,84.0,27.0,65.0,452.0,46.0,0.2,0.5,15.0,0.2,42.0,2.13,0.23,2025.0
Kogilu,06/25,0.3117765397,-0.03047889036,-0.3117088812,-0.5624719369,4511.0,D,5.9,7.5,360.0,6.0,1.4,310.0,2800.0,3.0,108.0,5.0,108.0,56.0,68.0,1.5,0.4,108.0,56.0,52.0,8.0,38.0,248.0,10.0,0.2,0.5,6.0,0.3,41.0,1.6,0.14,2025.0
Basavanapura,06/25,0.06762652844,0.028640192,-0.2557624876,-0.3647294641,4542.0,D,5.2,7.1,556.0,10.0,2.1,2100.0,9400.0,3.0,144.0,5.0,144.0,104.0,108.0,2.0,1.5,100.0,52.0,48.0,9.0,73.0,384.0,22.0,0.2,0.5,4.0,0.36,60.0,3.2,0.18,2025.0
Basavanapura,06/25,0.06762652844,0.028640192,-0.2557624876,-0.3647294641,5566.0,D,4.4,7.5,486.0,8.0,2.1,330.0,2200.0,3.0,108.0,5.0,108.0,52.0,80.0,1.5,0.82,92.0,52.0,40.0,12.0,58.0,326.0,10.0,0.2,0.5,15.0,0.33,53.0,3.0,0.29,2025.0
Hoodi,06/25,0.1700961314,-0.06361355805,-0.2209617783,-0.3888409451,5560.0,E,3.0,7.9,532.0,8.0,2.0,2300.0,7000.0,3.0,116.0,5.0,116.0,112.0,84.0,2.3,1.8,168.0,88.0,80.0,24.0,50.0,362.0,88.0,0.2,0.5,6.0,0.28,35.0,1.7,0.37,2025.0
Gangashetty,06/25,0.2073064384,-0.09684838145,-0.2201292845,-0.4112064129,5839.0,D,5.3,7.6,961.0,6.0,3.6,170.0,2400.0,3.0,236.0,5.0,236.0,140.0,64.0,1.5,0.63,140.0,76.0,64.0,14.0,99.0,654.0,30.0,0.2,0.5,2.0,0.41,60.0,3.9,0.21,2025.0
Vijanapura,06/25,0.3173863356,-0.1002109823,-0.3166689295,-0.5811778004,5835.0,D,5.8,8.4,415.0,6.0,1.6,3200.0,12000.0,3.0,132.0,5.0,132.0,52.0,72.0,1.5,0.5,128.0,68.0,60.0,25.0,39.0,284.0,28.0,0.29,0.5,1.0,0.2,39.0,1.4,0.69,2025.0
Rachenahalli,06/25,0.5351515541,-0.2501426875,-0.2502374969,-0.5822794504,4510.0,E,2.2,7.1,961.0,24.0,3.7,260.0,1500.0,3.0,228.0,5.0,228.0,168.0,178.0,11.8,9.1,228.0,116.0,112.0,20.0,109.0,658.0,88.0,1.3,0.5,15.0,0.36,49.0,3.1,3.0,2025.0
Amruthahalli,06/25,0.3110206188,0.008895023074,-0.5403849823,-0.8412369242,3628.0,D,5.9,6.9,583.0,6.0,2.2,14000.0,46000.0,3.0,160.0,5.0,160.0,80.0,71.0,1.5,0.4,176.0,88.0,88.0,7.0,64.0,402.0,10.0,0.2,0.5,10.0,0.27,43.0,2.1,0.21,2025.0
Nagavara,06/25,0.4339603628,-0.239272285,-0.1954352326,-0.5812898497,3626.0,D,5.3,7.6,600.0,8.0,2.3,320.0,2100.0,3.0,156.0,5.0,156.0,84.0,95.0,1.5,0.91,176.0,88.0,88.0,17.0,63.0,414.0,10.0,0.2,0.5,12.0,0.31,42.0,2.1,0.36,2025.0
Herohalli,06/25,0.5660756383,-0.2299110677,-0.3358337285,-0.6701793935,3598.0,E,3.1,7.1,640.0,16.0,2.5,2100.0,11000.0,3.0,144.0,5.0,144.0,104.0,144.0,1.6,1.2,172.0,92.0,80.0,26.0,63.0,80.0,10.0,0.2,0.5,14.0,0.22,42.0,2.08,0.27,2025.0
Hebbal,06/25,0.4012728942,-0.1514646978,-0.2267589546,-0.5156354296,3625.0,D,5.3,7.8,380.0,8.0,1.6,140.0,3500.0,3.0,108.0,5.0,108.0,56.0,98.0,1.5,0.84,108.0,56.0,52.0,7.0,36.0,264.0,10.0,0.2,0.5,5.0,0.28,40.0,1.5,0.05,2025.0
Vibhuthipura,06/25,0.2248635997,-0.06243969888,-0.426434165,-0.5497907491,4522.0,D,4.2,8.4,589.0,7.0,9.6,1200.0,7900.0,8.0,184.0,5.0,188.0,60.0,84.0,1.5,0.91,184.0,96.0,88.0,14.0,41.0,398.0,38.0,0.51,0.5,3.0,0.28,53.0,1.31,1.48,2025.0
Chinnappanahalli,06/25,0.1063161806,-0.04164196626,-0.1733990279,-0.2119971209,4520.0,D,4.5,7.8,702.0,7.0,2.6,310.0,2200.0,3.0,156.0,5.0,156.0,112.0,76.0,1.5,0.8,188.0,96.0,92.0,28.0,68.0,474.0,24.0,0.2,0.5,14.0,0.25,42.0,2.25,0.3,2025.0
Varthur,06/25,0.0578197869,0.002080542553,0.1064912739,0.138887847,3608.0,D,5.8,7.8,576.0,6.0,2.2,310.0,2800.0,3.0,128.0,5.0,128.0,92.0,64.0,1.5,0.4,152.0,80.0,72.0,24.0,57.0,392.0,10.0,0.2,0.5,12.0,0.22,42.0,2.0,0.24,2025.0
Narasipura,06/25,0.1073244064,0.009999027067,-0.2708355667,-0.360882175,4509.0,E,3.1,7.4,558.0,6.0,2.14,320.0,3500.0,3.0,140.0,5.0,140.0,80.0,64.0,1.5,0.4,140.0,80.0,60.0,18.0,59.0,374.0,30.0,0.2,0.5,14.0,0.24,45.0,2.17,0.42,2025.0
Narasipura,06/25,0.1932820698,-0.02477527796,-0.4486730129,-0.606529836,4509.0,E,3.1,7.4,558.0,6.0,2.14,320.0,3500.0,3.0,140.0,5.0,140.0,80.0,64.0,1.5,0.4,140.0,80.0,60.0,18.0,59.0,374.0,30.0,0.2,0.5,14.0,0.24,45.0,2.17,0.42,2025.0
Kengeri,09/25,0.2692455158,-0.115889176,-0.505535704,-0.5960637806,3639.0,D,7.3,8.2,550.0,5.0,2.11,320.0,1500.0,32.0,192.0,16.0,192.0,72.0,48.0,3.2333333333333334,0.4,140.0,95.0,45.0,11.0,70.0,338.0,49.0,0.2833333333333333,0.5,2.0,0.35,52.0,2.57,0.14,2025.0
Kengeri,09/25,0.4242570823,-0.2486921357,-0.4655958897,-0.6301970526,3639.0,D,7.3,8.2,550.0,5.0,2.11,320.0,1500.0,32.0,192.0,16.0,192.0,72.0,48.0,3.2333333333333334,0.4,140.0,95.0,45.0,11.0,70.0,338.0,49.0,0.2833333333333333,0.5,2.0,0.35,52.0,2.57,0.14,2025.0
Devarakere,09/25,0.06339023297,-0.02447088641,-0.1229079898,-0.09882766144,3634.0,E,2.2,6.8,284.0,41.0,0.95,260.0,1400.0,32.0,84.0,16.0,84.0,28.0,216.0,2.1,1.6,96.0,56.0,40.0,9.0,25.0,190.0,26.666666666666668,0.24,0.5,7.0,0.265,34.0,0.35,0.67,2025.0
Uttarahalli Doraikere,09/25,0.4118564478,-0.1794893546,-0.2869476678,-0.4675666852,3640.0,E,2.6,7.8,212.0,27.0,0.67,380.0,4300.0,32.0,72.0,16.0,72.0,16.0,192.0,3.1,2.4,76.0,44.0,32.0,10.0,12.0,142.0,86.0,0.23,0.5,6.0,0.3833333333333333,23.0,0.18,0.64,2025.0
Herohalli,09/25,0.258645019,-0.1317908877,-0.3458812029,-0.4370400156,3598.0,D,4.0,8.1,403.0,6.0,1.2,3100.0,7000.0,20.76,56.0,12.2,56.0,64.0,48.0,13.235294117647058,0.62,108.0,60.0,48.0,38.0,53.0,272.0,26.0,0.32,0.5,6.0,0.23,49.0,2.2,0.25,2025.0
Hosakerehalli,09/25,0.411836457,-0.2002395592,-0.667475934,-0.7875429218,4536.0,E,5.95,6.5,635.0,69.0,2.2,110000.0,490000.0,36.38709677419355,216.0,18.193548387096776,216.0,32.0,356.0,18.0,15.0,220.0,116.0,104.0,26.0,44.0,426.0,34.0,0.7133333333333334,0.5,3.0,0.3666666666666667,30.0,1.29,0.47,2025.0
Kempambudhi,09/25,0.3963037416,-0.1798685866,-0.3689540887,-0.5406223651,3591.0,D,4.9,7.4,342.0,11.0,1.3,1100.0,8400.0,10.4,144.0,8.0,144.0,36.0,116.0,6.564705882352941,0.5,120.0,60.0,60.0,10.666666666666668,35.0,236.0,248.0,0.4,0.5,4.0,0.43,37.0,1.4,0.92,2025.0
Sankey,09/25,0.09374162617,-0.1355710145,0.1109165308,-0.02921030939,3594.0,D,6.2,7.8,486.0,4.0,1.9,220.0,2400.0,14.84,108.0,9.8,108.0,76.0,48.0,9.423529411764706,0.4,128.0,68.0,60.0,20.0,47.0,326.0,102.0,0.47,0.5,9.0,0.3399999999999999,42.0,1.8,0.955,2025.0
Ullalu,09/25,0.2892595302,-0.1295510392,-0.3094340741,-0.4693166318,4533.0,D,5.1,6.7,211.0,5.0,1.0,210.0,1300.0,35.61290322580645,44.0,17.806451612903224,44.0,36.0,52.0,11.4,0.43,52.0,28.0,24.0,10.0,20.0,144.0,31.0,1.3783333333333334,0.5,4.0,0.71,43.0,1.2,3.1175,2025.0
Sompura,09/25,0.2726902052,-0.1192903127,-0.4788135377,-0.575213253,4534.0,D,5.8,8.2,527.0,6.0,2.02,330.0,2400.0,35.87096774193549,196.0,17.935483870967744,196.0,68.0,56.0,13.6,0.4,150.0,100.0,50.0,38.0,87.0,378.0,48.0,1.1566666666666667,0.5,2.0,0.54,55.0,3.07,2.235,2025.0
Begur,09/25,0.3198361219,-0.1692721942,-0.2184821791,-0.3474311439,3619.0,D,5.3,7.1,342.0,6.0,1.3,310.0,2100.0,33.6,80.0,16.8,80.0,52.0,64.0,11.034666666666666,0.66,88.0,48.0,40.0,14.0,33.0,234.0,26.0,0.78,0.5,7.0,0.24,42.0,1.53,1.9533333333333336,2025.0
Doddagubbi,09/25,0.05306704252,-0.1003722634,0.2841673242,0.375361214,5833.0,E,3.6,8.5,3030.0,72.0,11.6,21.0,280.0,104.0,520.0,52.0,572.0,700.0,240.0,3.3,2.54,370.0,200.0,170.0,106.0,495.0,2060.0,22.0,0.28,0.5,142.0,0.47,66.0,15.3,0.67,2025.0
Yelahanka,09/25,0.2752044064,-0.2429195267,0.2663508978,0.2168579864,3630.0,D,4.5,6.8,502.0,8.0,1.93,230.0,1700.0,32.0,132.0,16.0,132.0,88.0,80.0,2.075,0.74,152.0,82.0,70.0,12.0,65.0,338.0,32.0,0.28,0.5,14.0,0.29,45.0,2.3,0.71,2025.0
Singapura,09/25,0.1723771185,-0.08955417076,-0.1331387627,-0.266803871,4508.0,D,6.2,7.0,448.0,4.0,1.72,310.0,3500.0,32.0,120.0,16.0,120.0,88.0,44.0,22.77142857142857,0.4,136.0,90.0,46.0,9.0,48.0,306.0,28.0,0.3349999999999999,0.5,9.0,0.26,42.0,1.8,0.32,2025.0
Bellandur,09/25,0.2493174555,-0.1305185697,-0.4247024647,-0.4577208596,3602.0,D,6.0,7.8,735.0,5.0,2.8,200.0,2800.0,26.68,232.0,14.6,232.0,120.0,56.0,17.04705882352941,0.4,184.0,92.0,22.0,10.0,84.0,508.0,18.0,1.0,0.5,9.0,0.35,49.0,2.7,2.3,2025.0
Abbigere,09/25,0.2116878725,-0.1544667071,0.03996409139,-0.03781944866,4506.0,D,6.2,7.4,580.0,5.0,2.5,210.0,2200.0,32.0,152.0,16.0,152.0,96.0,48.0,10.657142857142857,0.4,160.0,88.0,72.0,24.0,57.0,394.0,18.0,0.49,0.5,11.0,0.33,42.0,2.0,1.335,2025.0
Kammagondanahalli,09/25,0.273765883,-0.1443906075,-0.3112763839,-0.4204216179,4540.0,D,5.2,7.0,321.0,4.0,1.38,17.0,46.0,37.41935483870968,164.0,18.70967741935484,164.0,56.0,45.0,11.72,0.4,124.0,72.0,52.0,13.0,37.0,248.0,36.0,0.3271428571428571,0.5,6.0,0.3299999999999999,37.0,1.4,0.16,2025.0
Chikkabanavara,09/25,0.07918231051,-0.1413958644,0.2846064124,0.2456434684,4095.0,D,6.5,7.0,438.0,4.0,1.9,3100.0,12000.0,32.0,156.0,16.0,156.0,72.0,41.0,26.95,0.4,188.0,104.0,84.0,18.0,42.0,298.0,14.0,0.6839999999999999,0.5,5.0,0.36,32.0,1.3,1.15,2025.0
Lalbagh,09/25,0.3331193427,-0.252398924,-0.04405060814,-0.261688519,3590.0,D,5.2,8.1,351.0,7.0,1.3,210.0,3500.0,8.92,100.0,7.4,100.0,76.0,80.0,5.6117647058823525,0.4,76.0,40.0,36.0,6.0,37.0,242.0,28.0,0.7033333333333334,0.5,4.0,0.46,49.0,1.8,1.6466666666666667,2025.0
Panathur,09/25,0.1118051385,-0.1186551424,0.007517226797,-0.04733675859,5840.0,E,0.5,7.0,1358.0,37.0,5.2,1700.0,9400.0,84.57142857142856,320.0,42.28571428571428,320.0,292.0,192.0,24.0,16.0,352.0,180.0,172.0,15.0,163.0,930.0,16.0,2.6,0.5,19.0,0.61,48.0,3.8,6.0,2025.0
Soulkere,09/25,0.3202730975,-0.125672786,-0.2439866929,-0.3971334916,5570.0,D,6.0,7.9,491.0,5.0,1.9,140.0,1700.0,251.0,124.0,125.5,124.0,108.0,64.0,6.341666666666667,0.4,92.0,48.0,44.0,24.7,51.0,338.0,38.0,1.385,0.5,6.0,0.32,52.0,2.3,0.11,2025.0
Bhoganhalli,09/25,0.09527506307,0.07443112426,-0.2920012419,-0.411446619,5826.0,D,5.6,8.0,528.0,5.0,2.03,210.0,1700.0,153.0,116.0,76.5,116.0,112.0,48.0,3.2464285714285714,0.42,110.0,80.0,30.0,7.1,86.0,356.0,60.0,0.29,0.5,10.0,0.3,60.0,3.56,0.41,2025.0
Devarabeesanahalli,09/25,0.2421340644,-0.1302982718,-0.5059469342,-0.5361642838,4521.0,D,5.8,7.5,1716.0,6.0,6.6,260.0,4300.0,32.774193548387096,308.0,16.387096774193548,308.0,344.0,68.0,4.233333333333333,0.4,500.0,252.0,248.0,61.0,180.0,1186.0,22.0,3.2,0.5,19.0,0.28,43.0,3.5,7.5,2025.0
Kaikondanahalli,09/25,0.3450151714,-0.1474566973,-0.3537152294,-0.4949607012,3611.0,D,5.7,8.5,826.0,7.0,3.2,310.0,2100.0,40.0,140.0,20.0,160.0,188.0,80.0,28.464,0.4,144.0,72.0,72.0,19.0,91.0,570.0,220.0,0.42,0.5,10.0,0.31,55.0,3.3,1.0,2025.0
Kasavanahalli,09/25,0.2896394157,-0.1440807066,-0.4908638337,-0.6458447709,4529.0,D,5.8,7.8,511.0,6.0,2.0,260.0,2200.0,34.83870967741935,124.0,17.419354838709676,124.0,112.0,68.0,5.825,0.4,124.0,64.0,60.0,45.25,54.0,350.0,34.0,1.3133333333333337,0.5,6.0,0.33,46.0,2.1,0.11,2025.0
Byrasandra,09/25,0.1465437088,-0.04877511453,-0.4006007022,-0.4894622649,3595.0,D,4.8,7.7,932.0,9.0,3.58,310.0,1700.0,16.32,164.0,10.4,164.0,164.0,96.0,10.376470588235296,0.9,180.0,102.0,78.0,21.0,106.0,638.0,20.0,0.56,0.5,5.0,0.31,55.0,3.44,0.94,2025.0
Agaram,09/25,0.2520352077,-0.2133953996,0.05791378818,-0.1404107107,3612.0,D,6.2,7.9,736.0,4.0,2.8,110.0,2400.0,39.2,232.0,19.6,232.0,120.0,48.0,26.28533333333333,0.4,180.0,92.0,88.0,10.0,84.0,506.0,18.0,1.0,0.5,9.0,0.34,49.0,2.7,2.3,2025.0
Ibbalur,09/25,0.2339085163,-0.1151164773,-0.5047122654,-0.498082566,3609.0,D,6.2,7.9,734.0,4.0,2.8,260.0,3500.0,37.04,236.0,18.8,236.0,116.0,52.0,32.821333333333335,0.4,184.0,92.0,88.0,10.0,84.0,506.0,18.0,1.0,0.5,9.0,0.35,49.0,2.7,2.3,2025.0
Puttenahalli,09/25,0.1249837381,-0.05881885093,-0.3138123844,-0.3046045908,3614.0,D,4.1,7.0,478.0,7.0,1.9,310.0,3500.0,37.6,108.0,18.8,108.0,68.0,72.0,21.928,0.89,136.0,72.0,64.0,9.0,38.0,324.0,14.0,0.784,0.5,3.0,0.36,37.0,1.42,0.34,2025.0
Puttenahalli,09/25,0.1249837381,-0.05881885093,-0.3138123844,-0.3046045908,3624.0,E,3.5,7.0,567.0,15.0,2.4,240.0,3500.0,32.0,136.0,16.0,136.0,96.0,98.0,2.0,1.6,156.0,84.0,72.0,23.0,55.0,386.0,22.0,1.8675,0.5,11.0,0.38,41.0,1.92,2.965,2025.0
Singasandra,09/25,0.1084933967,-0.02327622786,-0.2578797478,-0.2999597502,3618.0,D,6.7,7.3,335.0,4.0,1.2,240.0,3500.0,34.4,72.0,17.2,72.0,52.0,40.0,13.213333333333336,0.4,80.0,48.0,32.0,13.0,35.0,230.0,16.0,0.62,0.5,6.0,0.21,43.0,1.7,1.5166666666666668,2025.0
Parappana Agrahara,09/25,0.410543689,-0.1261478651,-0.7151852983,-0.8419879937,3620.0,D,6.2,8.1,778.0,5.0,2.99,390.0,5400.0,32.8,240.0,16.4,240.0,116.0,48.0,8.856000000000002,0.4,220.0,145.0,75.0,17.7,94.0,524.0,36.0,0.94,0.5,27.0,0.42,44.0,2.76,2.39,2025.0
Basavanapura,09/25,0.3016131533,-0.1150343749,-0.2836142691,-0.433864806,4542.0,D,6.0,7.3,436.0,4.0,1.4,26.0,1600.0,37.935483870967744,116.0,18.967741935483872,116.0,40.0,44.0,8.580000000000002,0.42,120.0,64.0,56.0,13.666666666666666,24.0,292.0,24.0,0.3842857142857143,0.5,4.5,0.285,30.0,0.95,0.1866666666666666,2025.0
Basavanapura,09/25,0.3016131533,-0.1150343749,-0.2836142691,-0.433864806,5566.0,D,4.2,7.2,352.0,7.0,1.5,240.0,2200.0,290.2,83.0,145.1,83.0,61.0,78.0,19.10833333333333,0.6,92.0,48.0,44.0,15.0,33.0,240.0,15.0,1.4549999999999998,0.5,7.0,0.27,31.0,1.5,3.4275,2025.0
Arakere,09/25,0.211669888,-0.07732879706,-0.05243664824,-0.1953501941,3615.0,D,4.8,7.2,481.0,6.0,1.8,260.0,1700.0,36.8,108.0,18.4,108.0,76.0,68.0,19.749333333333333,0.58,128.0,68.0,60.0,20.0,47.0,326.0,16.666666666666668,0.6759999999999999,0.5,10.0,0.37,42.0,1.81,0.5866666666666667,2025.0
Hulimavu,09/25,0.36522233,-0.2126477879,-0.4763424425,-0.5910869948,3617.0,D,5.8,7.0,732.0,6.0,2.4,310.0,3500.0,35.2,268.0,17.6,268.0,84.0,72.0,15.392000000000005,0.4,188.0,100.0,88.0,8.0,70.0,498.0,22.0,0.46,0.5,34.0,0.64,40.0,2.3,1.08,2025.0
Gottigere,09/25,0.1280504659,-0.07828332148,-0.08113924611,-0.1223399901,3613.0,D,6.2,7.2,432.0,5.0,1.3,320.0,2200.0,38.4,104.0,19.2,104.0,40.0,48.0,24.10666666666667,0.4,96.0,52.0,44.0,9.5,23.0,290.0,16.0,0.892,0.5,6.0,0.35,34.0,1.03,1.3199999999999998,2025.0
Doddakallasandra,09/25,0.3893685291,-0.1924196289,-0.6194830322,-0.748424534,5567.0,D,6.8,7.5,336.0,4.0,1.2,330.0,2400.0,280.4,72.0,140.2,72.0,52.0,40.0,15.916666666666668,0.42,80.0,48.0,32.0,14.0,33.0,230.0,97.5,1.5299999999999998,0.5,6.0,0.28,45.0,1.6,3.605,2025.0
Puttenahalli,09/25,0.418170009,-0.1873169359,-0.6426208653,-0.7155672618,3614.0,D,4.1,7.0,478.0,7.0,1.9,310.0,3500.0,37.6,108.0,18.8,108.0,68.0,72.0,21.928,0.89,136.0,72.0,64.0,9.0,38.0,324.0,14.0,0.784,0.5,3.0,0.36,37.0,1.42,0.34,2025.0
Puttenahalli,09/25,0.418170009,-0.1873169359,-0.6426208653,-0.7155672618,3624.0,E,3.5,7.0,567.0,15.0,2.4,240.0,3500.0,32.0,136.0,16.0,136.0,96.0,98.0,2.0,1.6,156.0,84.0,72.0,23.0,55.0,386.0,22.0,1.8675,0.5,11.0,0.38,41.0,1.92,2.965,2025.0
Chelekere,09/25,0.2649343428,-0.08860492119,-0.6064652882,-0.6907652808,4507.0,D,5.8,8.4,502.0,5.0,1.93,260.0,2800.0,32.0,120.0,16.0,120.0,64.0,48.0,16.714285714285715,0.4,136.0,74.0,62.0,15.0,59.0,344.0,86.0,0.32,0.5,9.0,0.31,46.0,2.21,0.77,2025.0
Agaram,09/25,0.1741588684,-0.1289487949,0.1870044933,0.1984459239,3612.0,D,6.2,7.9,736.0,4.0,2.8,110.0,2400.0,39.2,232.0,19.6,232.0,120.0,48.0,26.28533333333333,0.4,180.0,92.0,88.0,10.0,84.0,506.0,18.0,1.0,0.5,9.0,0.34,49.0,2.7,2.3,2025.0
Rampura,09/25,0.1843612189,-0.1193740714,-0.1495831313,-0.1375842856,4519.0,E,1.2,6.9,900.0,23.0,3.9,17.0,1600.0,32.25806451612903,212.0,16.129032258064516,212.0,155.0,136.0,2.5,1.9,244.0,124.0,120.0,38.0,89.0,612.0,30.0,0.405,0.5,18.0,0.33,40.0,2.5,0.35,2025.0
Doddabidarakallu,09/25,0.1725979303,-0.07878117337,-0.2374615825,-0.3351304494,4539.0,D,5.8,7.2,359.0,5.0,1.37,320.0,17000.0,37.16129032258065,140.0,18.580645161290324,140.0,60.0,56.0,13.29,0.4,160.0,84.0,76.0,15.0,38.0,270.0,30.0,0.2985714285714286,0.5,4.0,0.36,33.0,1.3,0.21,2025.0
Allalasandra,09/25,0.3326591151,-0.1956771332,-0.02529286424,-0.1208551673,3629.0,D,5.1,8.2,512.0,4.0,1.97,330.0,5400.0,32.0,112.0,16.0,112.0,68.0,48.0,2.0625,0.4,128.0,70.0,58.0,19.0,61.0,344.0,94.0,0.31,0.5,9.0,0.255,48.0,2.34,0.73,2025.0
Andhrahalli,09/25,0.2399610876,-0.204655933,-0.08371004019,-0.275587453,4096.0,E,6.5,6.8,1509.0,69.0,5.7,17000.0,220000.0,32.0,332.0,16.0,332.0,200.0,336.0,52.0,42.0,356.0,184.0,172.0,61.0,99.0,1008.0,24.0,0.6779999999999999,0.5,20.0,0.25,36.0,2.3,0.32,2025.0
Shivapura,09/25,0.2252539209,-0.08225768817,-0.2236312899,-0.3657605113,3600.0,D,7.0,7.0,454.0,4.0,1.96,280.0,310.0,23.72,88.0,13.4,88.0,76.0,45.0,15.141176470588237,0.4,152.0,88.0,64.0,19.0,76.0,308.0,14.0,0.4933333333333333,0.5,9.0,0.33,37.0,1.6,1.1466666666666665,2025.0
Kogilu,09/25,0.03280500226,-0.08891034966,0.281051046,0.3537195791,4511.0,D,5.8,6.9,534.0,5.0,2.05,310.0,3500.0,32.0,152.0,16.0,152.0,72.0,48.0,40.94285714285714,0.4,164.0,92.0,72.0,9.0,48.0,366.0,26.0,0.34,0.5,9.0,0.29,37.0,1.64,0.88,2025.0
Basavanapura,09/25,0.0951731652,0.02375809848,-0.2350096703,-0.2941474617,4542.0,D,6.0,7.3,436.0,4.0,1.4,26.0,1600.0,37.935483870967744,116.0,18.967741935483872,116.0,40.0,44.0,8.580000000000002,0.42,120.0,64.0,56.0,13.666666666666666,24.0,292.0,24.0,0.3842857142857143,0.5,4.5,0.285,30.0,0.95,0.1866666666666666,2025.0
Basavanapura,09/25,0.0951731652,0.02375809848,-0.2350096703,-0.2941474617,5566.0,D,4.2,7.2,352.0,7.0,1.5,240.0,2200.0,290.2,83.0,145.1,83.0,61.0,78.0,19.10833333333333,0.6,92.0,48.0,44.0,15.0,33.0,240.0,15.0,1.4549999999999998,0.5,7.0,0.27,31.0,1.5,3.4275,2025.0
Gangashetty,09/25,0.2558569717,-0.08371078256,-0.485847466,-0.5509139008,5839.0,D,5.2,7.0,729.0,7.0,2.5,210.0,5400.0,137.14285714285717,184.0,68.57142857142858,184.0,108.0,68.0,20.1,0.4,160.0,88.0,72.0,16.0,83.0,486.0,18.0,2.1475,0.5,12.0,0.33,50.0,2.9,0.49,2025.0
Vijanapura,09/25,0.1611500775,-0.004769130011,-0.3031898428,-0.3943968466,5835.0,D,5.2,7.4,348.0,7.0,1.2,230.0,3500.0,347.42857142857144,76.0,173.71428571428572,76.0,44.0,68.0,21.15,0.56,88.0,52.0,36.0,24.0,36.0,232.0,18.0,1.13,0.5,11.0,0.25,43.0,1.7,0.46,2025.0
Rachenahalli,09/25,0.2697405253,-0.163023491,0.05833490064,0.01883753581,4510.0,D,5.9,7.5,928.0,5.0,3.56,260.0,1500.0,32.0,128.0,16.0,128.0,108.0,44.0,34.885714285714286,0.4,172.0,108.0,64.0,15.0,300.0,638.0,24.0,0.3,0.5,17.0,0.32,77.0,9.94,0.77,2025.0
Amruthahalli,09/25,0.1062576281,-0.05931213356,-0.1029690187,-0.1135723759,3628.0,D,5.8,8.0,423.0,5.0,1.62,220.0,2400.0,32.0,124.0,16.0,124.0,76.0,56.0,2.05,0.4,128.0,70.0,58.0,11.0,55.0,286.0,44.0,0.27,0.5,9.0,0.22,46.0,2.1,0.68,2025.0
Nagavara,09/25,0.4255170309,-0.2253168635,-0.6285663887,-0.7298627656,3626.0,D,5.9,7.0,449.0,5.0,1.72,250.0,1500.0,32.0,136.0,16.0,136.0,72.0,52.0,2.025,0.4,164.0,92.0,72.0,11.0,49.0,304.0,28.0,0.8224999999999998,0.5,9.0,0.25,37.0,1.65,0.4,2025.0
Herohalli,09/25,0.2407860403,-0.2172469734,0.137148439,0.0289457577,3598.0,D,4.0,8.1,403.0,6.0,1.2,3100.0,7000.0,20.76,56.0,12.2,56.0,64.0,48.0,13.235294117647058,0.62,108.0,60.0,48.0,38.0,53.0,272.0,26.0,0.32,0.5,6.0,0.23,49.0,2.2,0.25,2025.0
Hebbal,09/25,0.1942193555,-0.1278617403,-0.03082053235,-0.05162475088,3625.0,D,5.3,8.0,438.0,7.0,1.7,270.0,3500.0,32.0,124.0,16.0,124.0,76.0,76.0,2.0125,0.4,144.0,72.0,72.0,6.5,48.0,302.0,25.0,1.345,0.5,5.0,0.26,41.0,1.7,0.3,2025.0
Vibhuthipura,09/25,0.1190294187,0.03690599097,-0.2853855116,-0.3820029482,4522.0,E,2.3,7.4,1286.0,11.0,4.9,240.0,4300.0,33.03225806451613,296.0,16.516129032258064,296.0,216.0,120.0,5.1,4.6,348.0,180.0,168.0,53.0,118.0,872.0,18.0,0.48,0.5,26.0,0.46,40.0,2.75,1.4,2025.0
Nallurahalli,09/25,0.1190846741,-0.09939033322,0.01911679018,-0.03446636304,4523.0,E,2.25,7.0,910.0,64.0,3.5,230.0,2200.0,33.29032258064516,344.0,16.64516129032258,344.0,124.0,228.0,36.0,28.0,248.0,128.0,120.0,7.0,100.0,628.0,14.0,0.9,0.5,11.0,0.4,45.0,2.8,2.1,2025.0
Tubarahalli,09/25,0.1012077187,-0.1204738152,0.2157677677,0.1888884032,3610.0,D,5.3,7.4,657.0,7.0,2.5,31.0,1600.0,38.52,244.0,19.4,244.0,80.0,80.0,30.642666666666667,0.4,192.0,100.0,92.0,14.5,75.0,450.0,119.0,0.35,0.5,9.0,0.35,45.0,2.3,0.8,2025.0
Kundalahalli,09/25,0.2433987958,-0.1200920629,-0.2719266272,-0.3213890241,4516.0,D,5.3,7.4,753.0,7.0,2.9,310.0,4300.0,32.0,264.0,16.0,264.0,92.0,84.0,17.666666666666668,0.4,248.0,128.0,120.0,25.0,90.0,516.0,16.0,0.42,0.5,11.0,0.38,43.0,2.5,0.98,2025.0
Varthur,09/25,0.240592658,-0.1592880453,-0.1842352323,-0.2385093646,3608.0,E,4.65,6.8,904.0,62.0,3.5,260.0,1500.0,35.56,356.0,18.2,356.0,120.0,232.0,35.0,27.0,232.0,120.0,112.0,7.0,104.0,624.0,24.666666666666664,0.63,0.5,12.0,0.42,48.0,3.0,1.5,2025.0
Kengeri,10/25,0.26538427,-0.1113641331,-0.5149596641,-0.6112334344,3639.0,D,6.0,7.4,566.0,4.0,8.3,26.0,1600.0,30.5,148.0,15.25,148.0,64.0,40.0,4.875,0.4,128.0,68.0,60.0,11.0,35.0,384.0,166.0,0.505,0.5,3.0,0.3,36.0,1.34,1.205,2025.0
Kengeri,10/25,0.4242570823,-0.2486921357,-0.4655958897,-0.6301970526,3639.0,D,6.0,7.4,566.0,4.0,8.3,26.0,1600.0,30.5,148.0,15.25,148.0,64.0,40.0,4.875,0.4,128.0,68.0,60.0,11.0,35.0,384.0,166.0,0.505,0.5,3.0,0.3,36.0,1.34,1.205,2025.0
Devarakere,10/25,0.06339023297,-0.02447088641,-0.1229079898,-0.09882766144,3634.0,D,5.1,6.5,303.0,7.0,1.19,2100.0,9400.0,31.5,124.0,15.75,124.0,28.0,84.0,3.24,0.49,172.0,104.0,68.0,7.0,26.0,240.0,66.0,0.31,0.5,6.0,0.3057142857142857,24.0,0.82,0.8,2025.0
Uttarahalli Doraikere,10/25,0.4118564478,-0.1794893546,-0.2869476678,-0.4675666852,3640.0,D,6.0,6.5,206.0,4.0,0.79,3100.0,15000.0,30.25,56.0,15.125,56.0,16.0,44.0,5.8125,0.4,72.0,58.0,14.0,15.5,35.0,140.0,302.0,0.8,0.5,6.0,0.295,49.0,1.8,1.9,2025.0
Herohalli,10/25,0.258645019,-0.1317908877,-0.3458812029,-0.4370400156,3598.0,E,2.1,6.5,692.0,22.0,2.4,460.0,2100.0,66.0,116.0,8.8,116.0,56.0,168.0,2.2,1.1,264.0,140.0,124.0,113.0,46.0,468.0,24.0,0.35,0.5,16.0,0.2666666666666666,26.0,1.2,0.98,2025.0
Hosakerehalli,10/25,0.3283089117,-0.1556218001,-0.5966669684,-0.6855164144,4536.0,E,2.6,6.5,413.0,19.0,1.6,170.0,2800.0,36.41379310344828,92.0,18.20689655172414,92.0,64.0,180.0,3.6,3.1,108.0,56.0,52.0,17.0,40.0,284.0,18.0,0.6433333333333333,0.5,8.0,0.26,42.0,1.68,1.165,2025.0
Kempambudhi,10/25,0.3963037416,-0.1798685866,-0.3689540887,-0.5406223651,3591.0,E,1.6,6.5,391.0,24.0,1.23,2000.0,9400.0,92.72727272727272,152.0,6.763636363636364,152.0,48.0,152.0,2.95,2.27,144.0,76.0,68.0,11.0,28.0,258.0,14.0,1.0042857142857144,0.5,7.0,0.25,28.0,1.0,0.98,2025.0
Sankey,10/25,0.09408187028,-0.1348397696,0.110658901,-0.02937549898,3594.0,D,6.1,7.2,582.0,4.0,8.6,140.0,2400.0,81.27272727272728,152.0,7.636363636363637,152.0,64.0,40.0,2.6125,0.48,132.0,72.0,60.0,17.0,38.0,394.0,14.0,0.4085714285714286,0.5,2.0,0.22,38.0,1.44,0.37,2025.0
Ullalu,10/25,0.2374621527,-0.09787866836,-0.3431461787,-0.4616376209,4533.0,D,5.4,7.2,220.0,6.0,0.68,150.0,3500.0,33.93103448275862,68.0,16.96551724137931,68.0,12.0,64.0,14.64,0.4,108.0,60.0,48.0,7.0,13.0,148.0,70.0,0.405,0.5,7.0,0.705,19.0,0.54,0.95,2025.0
Sompura,10/25,0.2720242308,-0.1190124635,-0.4779634971,-0.5741186523,4534.0,D,6.1,7.3,427.0,4.0,1.64,320.0,3500.0,34.758620689655174,96.0,17.379310344827587,96.0,48.0,44.0,10.96,0.4,152.0,82.0,70.0,16.0,69.0,286.0,18.0,0.31,0.5,5.0,0.21,49.0,2.45,0.8,2025.0
Bhattarahalli,10/25,0.2085622251,-0.02956894484,-0.4132515732,-0.5491863728,4515.0,D,5.1,6.9,464.0,7.0,1.71,430.0,9200.0,25.25,120.0,12.625,120.0,68.0,68.0,7.975,0.4,120.0,68.0,52.0,16.0,64.0,314.0,52.0,0.5433333333333333,0.5,9.0,0.28,51.0,2.5,0.41,2025.0
Begur,10/25,0.2113242078,-0.1327559558,-0.1895905614,-0.2577420894,3619.0,D,5.7,7.1,694.0,5.0,2.5,270.0,3500.0,28.0,156.0,14.0,156.0,80.0,48.0,3.0090909090909093,0.4,148.0,80.0,68.0,28.0,51.0,468.0,18.0,0.214,0.5,4.0,0.5,42.0,1.82,0.31,2025.0
Doddagubbi,10/25,0.2291913489,-0.1003201521,0.1420554641,0.0839434808,5833.0,E,1.8,7.8,3100.0,40.0,11.9,2600.0,21000.0,48.0,720.0,24.0,720.0,524.0,224.0,5.3,4.9,808.0,408.0,400.0,129.0,218.0,2096.0,12.0,0.73,0.5,62.0,0.34,35.0,3.33,2.11,2025.0
Yelahanka,10/25,0.3486341884,-0.2354498209,0.0204975183,-0.1344239334,3630.0,D,6.0,8.5,502.0,5.0,1.6,430.0,4300.0,32.0,104.0,16.0,120.0,60.0,48.0,3.48,0.4,108.0,60.0,48.0,20.0,29.0,338.0,22.0,0.24,0.5,3.0,0.2771428571428571,36.0,1.22,0.7,2025.0
Singapura,10/25,0.1637232751,-0.08451243381,-0.130310753,-0.258989638,4508.0,E,2.8,6.6,623.0,18.0,2.4,210.0,3500.0,27.0,140.0,13.5,140.0,100.0,176.0,4.5,4.1,164.0,88.0,76.0,26.0,61.0,426.0,20.0,0.23,0.5,12.0,0.235,43.0,2.07,0.67,2025.0
Bellandur,10/25,0.2763666658,-0.1327620837,-0.5148087515,-0.574584695,3602.0,D,5.7,7.9,507.0,8.0,2.0,210.0,2800.0,50.72727272727273,120.0,9.963636363636365,120.0,112.0,96.0,3.575,0.4,68.0,36.0,32.0,6.5,53.0,350.0,22.5,0.9,0.5,6.0,0.435,60.0,2.8,0.32,2025.0
Abbigere,10/25,0.1958112605,-0.1098531316,-0.1524686554,-0.2393823157,4506.0,D,5.3,6.9,626.0,6.0,2.52,210.0,3500.0,27.5,140.0,13.75,140.0,100.0,64.0,5.1000000000000005,0.4,172.0,84.0,88.0,23.0,51.0,422.0,20.0,1.3566666666666665,0.5,4.0,0.25,38.0,1.68,0.2,2025.0
Kammagondanahalli,10/25,0.2748429458,-0.1235597106,-0.3989990283,-0.512974851,4540.0,E,2.7,6.7,380.0,19.0,1.41,3300.0,9400.0,39.72413793103448,96.0,19.86206896551724,96.0,40.0,140.0,2.2,1.8,96.0,52.0,44.0,12.0,23.0,258.0,14.0,0.28,0.5,2.0,0.26,33.0,0.97,0.82,2025.0
Chikkabanavara,10/25,0.09641174075,-0.1205560124,0.1050296241,0.0257188526,4095.0,D,6.1,7.2,549.0,5.0,1.81,260.0,2200.0,28.75,124.0,14.375,124.0,48.0,48.0,4.125,0.4,160.0,84.0,76.0,28.0,32.0,370.0,19.5,0.2783333333333333,0.5,2.0,0.23,30.0,1.5,0.47,2025.0
Lalbagh,10/25,0.3331193427,-0.252398924,-0.04405060814,-0.261688519,3590.0,D,5.4,8.2,468.0,5.0,1.4,140.0,3500.0,96.54545454545456,92.0,6.472727272727273,92.0,80.0,56.0,2.9890086206896544,0.4,96.0,52.0,44.0,15.0,57.0,320.0,12.0,1.2028571428571428,0.5,12.0,0.26,52.0,2.6,0.21,2025.0
Panathur,10/25,0.1175988347,-0.1158189737,-0.02918352675,-0.1084549198,5840.0,D,5.2,7.2,464.0,7.0,1.69,210.0,2100.0,48.0,96.0,24.0,96.0,80.0,68.0,8.25,0.4,128.0,72.0,56.0,20.0,54.0,314.0,61.0,0.625,0.5,13.0,0.23,44.0,2.4,0.17,2025.0
Soulkere,10/25,0.2680673548,-0.1353835403,-0.1774888751,-0.2912520522,5570.0,D,6.1,7.0,742.0,4.0,2.8,230.0,2800.0,48.0,208.0,24.0,208.0,112.0,48.0,4.133333333333333,0.4,156.0,84.0,72.0,57.0,76.0,512.0,24.0,0.52,0.5,21.0,0.24,47.0,2.7,1.24,2025.0
Bhoganhalli,10/25,0.0819290966,0.0606801247,-0.2744418872,-0.3726622403,5826.0,D,6.2,7.5,797.0,4.0,3.0,460.0,3500.0,48.0,184.0,24.0,184.0,128.0,40.0,4.644444444444445,0.49,216.0,112.0,104.0,33.0,78.0,542.0,18.0,0.5577777777777777,0.5,8.0,0.4,35.0,2.3,1.17,2025.0
Devarabeesanahalli,10/25,0.148345936,-0.1441189657,-0.04809631204,-0.1393561567,4521.0,D,5.6,7.9,506.0,8.0,2.0,240.0,2200.0,24.82758620689655,120.0,12.413793103448276,120.0,112.0,96.0,9.733333333333333,0.4,68.0,36.0,32.0,6.6,53.0,348.0,40.0,0.845,0.5,6.0,0.315,60.0,2.8,0.31,2025.0
Kaikondanahalli,10/25,0.3450151714,-0.1474566973,-0.3537152294,-0.4949607012,3611.0,D,5.6,8.3,774.0,8.0,3.0,140.0,2400.0,24.0,196.0,12.0,208.0,144.0,92.0,2.645454545454545,0.4,168.0,88.0,80.0,7.7,85.0,534.0,12.0,0.27,0.5,9.0,0.26,51.0,2.8,0.65,2025.0
Kasavanahalli,10/25,0.2896394157,-0.1440807066,-0.4908638337,-0.6458447709,4529.0,D,4.4,7.8,793.0,7.0,3.1,310.0,3500.0,31.448275862068964,180.0,15.724137931034482,180.0,128.0,72.0,20.4,0.74,212.0,112.0,100.0,33.0,78.0,542.0,12.0,0.91,0.5,16.0,0.28,42.0,2.34,0.35,2025.0
Byrasandra,10/25,0.1382224065,-0.119735451,-0.096592688,-0.146560849,3595.0,E,3.2,7.0,424.0,18.0,1.2,400.0,4300.0,77.45454545454545,104.0,7.927272727272728,104.0,36.0,124.0,2.5,2.0,140.0,76.0,64.0,42.0,32.0,286.0,66.0,0.21,0.5,12.0,0.2316666666666666,31.0,1.2,0.57,2025.0
Agaram,10/25,0.251122498,-0.2131075178,0.05847754543,-0.1393596776,3612.0,D,4.5,7.9,794.0,6.0,3.1,630.0,2200.0,24.5,184.0,12.25,184.0,132.0,64.0,2.690909090909091,0.62,208.0,108.0,100.0,33.0,78.0,546.0,14.0,0.26,0.5,16.0,0.26,43.0,2.35,0.27,2025.0
Ibbalur,10/25,0.2371432823,-0.1162946389,-0.5200952476,-0.5201873715,3609.0,D,5.7,8.3,781.0,8.0,3.0,260.0,3500.0,24.0,192.0,12.0,204.0,144.0,92.0,4.533333333333333,0.4,180.0,92.0,88.0,7.5,85.0,538.0,12.0,0.28,0.5,9.0,0.25,49.0,2.7,0.67,2025.0
Puttenahalli,10/25,0.1249837381,-0.05881885093,-0.3138123844,-0.3046045908,3614.0,D,4.8,6.9,302.0,8.0,1.3,150.0,3500.0,25.5,40.0,12.75,40.0,36.0,76.0,2.7818181818181817,0.4,108.0,60.0,48.0,11.0,34.0,204.0,18.0,0.24,0.5,12.0,0.24,37.0,1.4,0.45,2025.0
Puttenahalli,10/25,0.1249837381,-0.05881885093,-0.3138123844,-0.3046045908,3624.0,E,2.1,6.5,785.0,29.0,3.0,460.0,5400.0,30.5,184.0,15.25,184.0,96.0,208.0,4.2,3.4,248.0,128.0,120.0,14.0,64.0,532.0,14.0,0.29,0.5,4.0,0.21,35.0,1.77,0.28,2025.0
Singasandra,10/25,0.1207421809,-0.1216651211,-0.02801866457,-0.03515425496,3618.0,D,6.0,6.7,678.0,4.0,2.2,110.0,2400.0,27.5,204.0,13.75,204.0,108.0,44.0,2.963636363636364,0.4,164.0,88.0,76.0,49.0,71.0,466.0,16.0,0.218,0.5,17.0,0.22,45.0,2.5,0.24,2025.0
Singasandra,10/25,0.141945905,-0.09208805501,-0.2678292337,-0.28172729,3618.0,D,6.0,6.7,678.0,4.0,2.2,110.0,2400.0,27.5,204.0,13.75,204.0,108.0,44.0,2.963636363636364,0.4,164.0,88.0,76.0,49.0,71.0,466.0,16.0,0.218,0.5,17.0,0.22,45.0,2.5,0.24,2025.0
Parappana Agrahara,10/25,0.2337924968,-0.1169647616,-0.4741674541,-0.5398934964,3620.0,D,5.6,7.0,1030.0,5.0,3.9,21000.0,170000.0,28.5,220.0,14.25,220.0,204.0,56.0,3.0545454545454547,0.4,212.0,112.0,100.0,59.0,107.0,694.0,20.0,0.21,0.5,29.0,0.27,48.0,3.2,0.49,2025.0
Basavanapura,10/25,0.3013627185,-0.1149913401,-0.2833065054,-0.4333141098,4542.0,D,4.6,6.9,300.0,8.0,1.3,220.0,2400.0,41.37931034482759,40.0,20.6896551724138,40.0,40.0,92.0,4.966666666666667,0.62,84.0,48.0,36.0,9.0,37.0,202.0,12.666666666666666,0.38,0.5,11.0,0.22,45.0,1.8,0.4,2025.0
Basavanapura,10/25,0.3013627185,-0.1149913401,-0.2833065054,-0.4333141098,5566.0,D,6.1,8.2,387.0,4.0,1.49,310.0,2100.0,48.0,132.0,24.0,132.0,72.0,48.0,6.266666666666667,0.4,76.0,56.0,20.0,10.0,55.0,260.0,128.0,0.89,0.5,13.0,0.295,57.0,2.76,2.27,2025.0
Arakere,10/25,0.2097765757,-0.07607459662,-0.06022555385,-0.2007358472,3615.0,D,5.3,7.1,1054.0,7.0,4.2,200.0,5400.0,26.0,196.0,13.0,196.0,184.0,72.0,2.827272727272727,0.4,212.0,112.0,100.0,34.0,95.0,714.0,12.0,0.23,0.5,7.0,0.24,48.0,2.84,0.66,2025.0
Hulimavu,10/25,0.312093031,-0.1695265693,-0.4852461395,-0.5862347947,3617.0,D,5.2,7.2,1053.0,6.0,4.2,320.0,2800.0,27.0,204.0,13.5,204.0,184.0,64.0,2.9181818181818184,0.4,212.0,112.0,100.0,33.0,95.0,712.0,14.0,0.222,0.5,7.0,0.23,48.0,2.84,0.54,2025.0
Gottigere,10/25,0.1254021626,-0.1066690957,0.07054788944,0.02953665201,3613.0,D,5.4,7.2,388.0,6.0,1.5,320.0,2200.0,25.0,92.0,12.5,92.0,48.0,56.0,2.7363636363636363,0.4,116.0,64.0,52.0,9.0,49.0,262.0,16.0,0.25,0.5,9.0,0.38,45.0,2.0,0.32,2025.0
Doddakallasandra,10/25,0.3893685291,-0.1924196289,-0.6194830322,-0.748424534,5567.0,D,5.2,7.7,667.0,5.4,2.6,240.0,5400.0,48.0,148.0,24.0,148.0,100.0,63.0,5.733333333333333,0.47,188.0,100.0,88.0,27.0,65.0,454.0,20.0,0.7975,0.5,5.0,0.33,35.0,2.1,1.205,2025.0
Puttenahalli,10/25,0.3930918731,-0.1582768467,-0.6847064896,-0.7725765992,3614.0,D,4.8,6.9,302.0,8.0,1.3,150.0,3500.0,25.5,40.0,12.75,40.0,36.0,76.0,2.7818181818181817,0.4,108.0,60.0,48.0,11.0,34.0,204.0,18.0,0.24,0.5,12.0,0.24,37.0,1.4,0.45,2025.0
Puttenahalli,10/25,0.3930918731,-0.1582768467,-0.6847064896,-0.7725765992,3624.0,E,2.1,6.5,785.0,29.0,3.0,460.0,5400.0,30.5,184.0,15.25,184.0,96.0,208.0,4.2,3.4,248.0,128.0,120.0,14.0,64.0,532.0,14.0,0.29,0.5,4.0,0.21,35.0,1.77,0.28,2025.0
Chelekere,10/25,0.2073197812,-0.09816023589,-0.4335001763,-0.51209445,4507.0,D,6.0,7.9,434.0,4.0,1.3,320.0,2100.0,27.25,112.0,13.625,112.0,40.0,40.0,4.8,0.4,92.0,52.0,40.0,11.0,21.0,292.0,20.0,0.7933333333333332,0.5,2.0,0.23,32.0,0.95,0.46,2025.0
Agaram,10/25,0.2728377478,-0.1732421908,0.02301552406,-0.1212297188,3612.0,D,4.5,7.9,794.0,6.0,3.1,630.0,2200.0,24.5,184.0,12.25,184.0,132.0,64.0,2.690909090909091,0.62,208.0,108.0,100.0,33.0,78.0,546.0,14.0,0.26,0.5,16.0,0.26,43.0,2.35,0.27,2025.0
Kalkere,10/25,0.2332865481,-0.08933575839,-0.4224502742,-0.5304799691,3607.0,E,1.4,7.2,1001.0,39.0,3.8,460.0,1700.0,31.636363636363622,232.0,11.418181818181818,232.0,168.0,216.0,8.4,7.9,268.0,140.0,128.0,40.0,98.0,682.0,52.0,0.59,0.5,20.0,0.36,42.0,2.61,1.7,2025.0
Rampura,10/25,0.3064019063,-0.1750427989,-0.2110447017,-0.3153182011,4519.0,E,1.5,7.1,810.0,32.0,3.1,1400.0,7000.0,24.25,184.0,12.125,184.0,132.0,204.0,7.6,7.1,212.0,112.0,100.0,33.0,79.0,550.0,18.0,0.43,0.5,16.0,0.4133333333333333,42.0,2.36,1.27,2025.0
Doddabidarakallu,10/25,0.1721241686,-0.07846376673,-0.3210907057,-0.3996345031,4539.0,D,5.0,6.5,486.0,6.0,1.55,320.0,3500.0,38.89655172413793,128.0,19.448275862068964,128.0,32.0,56.0,14.1,0.4,152.0,80.0,72.0,22.0,27.0,330.0,12.0,0.4566666666666667,0.5,2.0,0.2799999999999999,27.0,0.95,0.32,2025.0
Allalasandra,10/25,0.400953688,-0.2390147252,-0.1411894366,-0.3198356225,3629.0,D,6.0,8.5,501.0,5.0,1.6,240.0,2200.0,24.0,108.0,12.0,120.0,56.0,48.0,3.6,0.4,124.0,68.0,56.0,24.0,30.0,340.0,28.0,0.23,0.5,3.0,0.2628571428571428,34.0,1.17,0.68,2025.0
Andhrahalli,10/25,0.2214069377,-0.1814409075,-0.08952228405,-0.2650497313,4096.0,E,3.2,6.6,554.0,16.0,2.07,330.0,2800.0,28.5,112.0,14.25,112.0,64.0,112.0,3.6,2.8,168.0,92.0,76.0,38.0,51.0,374.0,19.0,0.26,0.5,16.0,0.3,38.0,1.7,0.72,2025.0
Shivapura,10/25,0.2252539209,-0.08225768817,-0.2236312899,-0.3657605113,3600.0,D,5.2,6.8,506.0,8.0,1.9,1700.0,7000.0,58.36363636363636,104.0,9.381818181818184,104.0,96.0,88.0,2.325,0.4,124.0,68.0,56.0,50.0,67.0,390.0,19.5,0.7,0.5,7.0,0.29,52.0,2.6,0.29,2025.0
Kogilu,10/25,0.2303849938,-0.09565085868,-0.1363239415,-0.2678122489,4511.0,D,4.4,6.7,518.0,7.0,2.0,170.0,1700.0,26.25,116.0,13.125,116.0,84.0,72.0,10.875,0.86,136.0,72.0,64.0,21.0,50.0,352.0,12.0,0.4924999999999999,0.5,10.0,0.31,42.0,1.87,1.4425,2025.0
Basavanapura,10/25,0.1733428111,-0.03313821674,-0.3566307909,-0.4751024827,4542.0,D,4.6,6.9,300.0,8.0,1.3,220.0,2400.0,41.37931034482759,40.0,20.6896551724138,40.0,40.0,92.0,4.966666666666667,0.62,84.0,48.0,36.0,9.0,37.0,202.0,12.666666666666666,0.38,0.5,11.0,0.22,45.0,1.8,0.4,2025.0
Basavanapura,10/25,0.1733428111,-0.03313821674,-0.3566307909,-0.4751024827,5566.0,D,6.1,8.2,387.0,4.0,1.49,310.0,2100.0,48.0,132.0,24.0,132.0,72.0,48.0,6.266666666666667,0.4,76.0,56.0,20.0,10.0,55.0,260.0,128.0,0.89,0.5,13.0,0.295,57.0,2.76,2.27,2025.0
Hoodi,10/25,0.1520273857,-0.008633647787,-0.356824028,-0.4659789641,5560.0,D,4.7,7.3,773.0,7.0,3.1,3100.0,9400.0,46.3448275862069,176.0,23.17241379310345,176.0,116.0,72.0,5.215,0.85,216.0,112.0,104.0,28.0,69.0,522.0,24.0,0.72,0.5,5.0,0.28,40.0,2.05,1.95,2025.0
Gangashetty,10/25,0.2360263399,-0.06890435853,-0.483278487,-0.5584225723,5839.0,E,2.5,6.8,856.0,27.0,3.3,260.0,3500.0,48.0,196.0,24.0,196.0,104.0,192.0,3.5,2.7,204.0,108.0,96.0,25.0,97.0,576.0,26.0,0.75,0.5,23.0,0.22,48.0,2.9,1.9,2025.0
Vijanapura,10/25,0.2012424636,-0.04178059173,-0.3820266067,-0.4733806381,5835.0,D,5.9,8.0,510.0,4.0,1.96,170.0,3500.0,48.0,232.0,24.0,232.0,76.0,52.0,7.133333333333334,0.4,128.0,74.0,54.0,17.0,66.0,344.0,234.0,1.685,0.5,14.0,0.27,50.0,2.54,0.2,2025.0
Rachenahalli,10/25,0.3198563384,-0.1844771705,-0.03057390162,-0.1394719872,4510.0,D,5.9,8.1,410.0,6.0,1.6,310.0,9200.0,26.5,108.0,13.25,108.0,64.0,64.0,8.75,0.72,92.0,48.0,44.0,17.0,40.0,282.0,20.0,0.405,0.5,8.0,0.22,46.0,1.8,1.185,2025.0
Amruthahalli,10/25,0.1123761333,-0.05763287398,-0.1312499279,-0.1457272691,3628.0,D,6.0,7.3,356.0,4.0,1.4,490.0,5400.0,28.0,80.0,14.0,80.0,76.0,48.0,3.72,0.46,92.0,52.0,40.0,15.0,34.0,242.0,16.0,0.27,0.5,7.0,0.2485714285714285,42.0,1.56,0.795,2025.0
Nagavara,10/25,0.3487613645,-0.1873929971,-0.5905122835,-0.6830336659,3626.0,D,5.4,6.8,399.0,6.0,1.2,330.0,2400.0,31.5,116.0,15.75,116.0,28.0,56.0,3.96,0.4,108.0,60.0,48.0,8.0,18.0,270.0,20.666666666666668,0.3033333333333333,0.5,4.0,0.22,26.0,0.75,0.21,2025.0
Herohalli,10/25,0.2091667414,-0.1904585018,0.1062198492,0.03353525354,3598.0,E,2.1,6.5,692.0,22.0,2.4,460.0,2100.0,66.0,116.0,8.8,116.0,56.0,168.0,2.2,1.1,264.0,140.0,124.0,113.0,46.0,468.0,24.0,0.35,0.5,16.0,0.2666666666666666,26.0,1.2,0.98,2025.0
Hebbal,10/25,0.1808630611,-0.1167067801,-0.1046342709,-0.113972386,3625.0,D,5.3,8.0,438.0,7.0,1.7,270.0,3500.0,31.0,124.0,15.5,124.0,76.0,76.0,4.08,0.4,144.0,72.0,72.0,6.5,48.0,302.0,17.333333333333332,0.2966666666666667,0.5,5.0,0.26,41.0,1.7,0.3,2025.0
Vibhuthipura,10/25,0.2418159418,-0.1318651576,-0.09839364344,-0.2127405443,4522.0,D,4.4,8.0,518.0,8.0,1.84,170.0,2400.0,25.655172413793103,152.0,12.827586206896552,152.0,68.0,76.0,10.8,0.4,164.0,88.0,76.0,9.0,65.0,348.0,60.0,0.9,0.5,17.0,0.27,43.0,2.2,2.4,2025.0
Nallurahalli,10/25,0.1351556152,-0.1080673672,0.03815290098,-0.1150098605,4523.0,D,6.1,6.8,865.0,4.0,3.32,220.0,2400.0,26.48275862068965,260.0,13.241379310344827,260.0,216.0,44.0,11.866666666666667,0.4,212.0,112.0,100.0,10.0,91.0,584.0,170.0,0.96,0.5,21.0,0.2933333333333333,45.0,2.72,2.45,2025.0
Tubarahalli,10/25,0.1125198959,-0.1242975432,0.1090831856,0.03333189127,3610.0,E,3.3,7.3,1200.0,40.0,4.3,260.0,3500.0,24.0,276.0,12.0,276.0,196.0,136.0,2.6,2.1,320.0,168.0,152.0,48.0,116.0,818.0,14.0,0.41,0.5,22.0,0.24,42.0,2.82,1.18,2025.0
Chinnappanahalli,10/25,0.2111767823,-0.09333757814,-0.285769615,-0.3803036894,4520.0,D,4.5,8.5,1177.0,6.0,4.7,230.0,2200.0,24.0,184.0,12.0,196.0,240.0,60.0,8.666666666666666,0.78,296.0,148.0,148.0,32.0,106.0,792.0,20.0,0.79,0.5,9.0,0.36,43.0,2.67,2.19,2025.0
Kundalahalli,10/25,0.2136376505,-0.1812025523,0.1205067998,-0.05180580439,4516.0,E,2.3,7.4,1223.0,24.0,4.7,2100.0,11000.0,25.0,284.0,12.5,284.0,204.0,196.0,6.3,5.8,328.0,172.0,156.0,50.0,120.0,842.0,86.0,0.51,0.5,24.0,0.42,42.0,2.88,1.5,2025.0
Varthur,10/25,0.2492549514,-0.1635446621,-0.1538021234,-0.2461301231,3608.0,D,5.5,7.0,478.0,6.0,1.8,380.0,1700.0,27.818181818181813,156.0,11.70909090909091,156.0,88.0,68.0,6.466666666666667,0.4,108.0,56.0,52.0,7.0,51.0,330.0,90.0,0.435,0.5,6.0,0.305,49.0,2.1,0.16,2025.0
Narasipura,10/25,0.2266159937,-0.1158595391,-0.3590653655,-0.4809869173,4509.0,D,5.9,6.8,305.0,6.0,1.2,380.0,3500.0,26.75,64.0,13.375,64.0,48.0,60.0,6.625,0.52,80.0,44.0,36.0,13.0,29.0,210.0,20.0,0.3175,0.5,6.0,0.24,41.0,1.41,0.9275,2025.0
Kengeri,11/25,0.2814053216,-0.04512149407,-0.5705931766,-0.6839242403,3639.0,D,5.5,7.0,507.0,5.0,1.95,1723.6231884057972,4300.0,20.61971830985916,100.0,20.0,100.0,44.0,56.0,8.74,0.4,204.0,128.0,76.0,20.203333333333333,51.0,342.0,40.0,0.38,0.5,5.0,0.3,34.0,1.55,1.0,2025.0
Kengeri,11/25,0.4633739943,-0.2239585219,-0.5867126947,-0.7459722509,3639.0,D,5.5,7.0,507.0,5.0,1.95,1723.6231884057972,4300.0,20.61971830985916,100.0,20.0,100.0,44.0,56.0,8.74,0.4,204.0,128.0,76.0,20.203333333333333,51.0,342.0,40.0,0.38,0.5,5.0,0.3,34.0,1.55,1.0,2025.0
Devarakere,11/25,0.3910022252,-0.190544433,-0.3158312926,-0.501460442,3634.0,D,5.5,6.5,410.0,5.0,1.57,1594.3478260869567,9400.0,22.422535211267604,96.0,20.0,96.0,32.0,52.0,10.6,0.7,164.0,80.0,84.0,5.25,31.0,272.0,28.0,0.26,0.5,2.0,0.295,29.0,1.05,0.62,2025.0
Uttarahalli Doraikere,11/25,0.5325584503,-0.2783957379,-0.4568386774,-0.6749899395,3640.0,D,4.9,6.6,406.0,8.0,1.56,1755.9420289855077,5400.0,20.16901408450704,88.0,20.0,88.0,32.0,96.0,9.51,0.4,164.0,124.0,40.0,19.406666666666663,22.0,278.0,20.0,0.35,0.5,2.0,0.305,22.0,0.75,0.91,2025.0
Herohalli,11/25,0.3134497738,-0.1275633903,-0.4232751667,-0.6203742723,3598.0,D,4.6,6.5,438.0,5.0,1.7,495.5072463768116,3500.0,37.74647887323944,96.0,20.0,96.0,68.0,60.0,12.44,0.73,116.0,60.0,56.0,18.0,42.0,302.0,30.0,1.0136363636363637,0.5,9.0,0.3349999999999999,41.0,1.7,0.3533333333333333,2025.0
Hosakerehalli,11/25,0.3507523739,-0.1077985915,-0.6281337275,-0.74438087,4536.0,D,4.6,6.5,515.0,6.0,1.98,3048.695652173913,9200.0,21.0,124.0,20.0,124.0,40.0,60.0,35.33333333333333,0.7,240.0,120.0,120.0,27.05,53.0,342.0,34.0,0.46,0.5,5.0,0.3366666666666666,32.0,1.49,2.38,2025.0
Kempambudhi,11/25,0.4998446391,-0.2512115647,-0.3472517901,-0.5704461516,3591.0,E,2.3,7.2,476.0,30.0,1.59,269.2753623188406,7000.0,49.6,212.0,24.8,212.0,48.0,144.0,3.48,2.68,148.0,80.0,68.0,21.0,36.0,334.0,256.0,0.39,0.5,8.0,0.2825,33.0,1.2,0.93,2025.0
Nayandanahalli,11/25,0.1646213397,-0.1312060797,0.01010145125,-0.1406406641,3596.0,D,6.0,7.8,699.0,4.0,2.6,430.8695652173913,2800.0,38.647887323943664,144.0,20.0,144.0,108.0,44.0,9.88,0.42,136.0,76.0,60.0,28.0,73.0,462.0,73.0,0.8354545454545454,0.5,9.0,0.31,52.0,2.7,0.18,2025.0
Sankey,11/25,0.09672896737,-0.2034878856,0.3094084428,0.1145993775,3594.0,D,6.2,7.4,705.0,5.0,2.71,366.231884057971,79000.0,39.54929577464789,176.0,20.0,176.0,72.0,52.0,7.32,0.4,184.0,68.0,116.0,8.28,59.0,484.0,174.0,0.6572727272727272,0.5,8.0,0.32,39.0,1.88,0.275,2025.0
Ullalu,11/25,0.2732272114,-0.1030839807,-0.2567215248,-0.4468880789,4533.0,D,5.8,7.2,248.0,5.0,1.0,2951.739130434783,46000.0,18.0,92.0,20.0,92.0,16.0,64.0,14.833333333333332,0.4,80.0,48.0,32.0,12.05,25.0,168.0,26.0,0.5275000000000001,0.5,4.0,0.26,39.0,1.2,0.25,2025.0
Yediyur,11/25,0.3956183728,-0.239399725,-0.0522503029,-0.320341389,3592.0,D,6.4,7.2,278.0,4.0,0.81,301.59420289855075,2400.0,44.8,112.0,22.4,112.0,44.0,48.0,4.76,0.4,80.0,44.0,36.0,10.0,16.0,192.0,26.0,0.4790909090909091,0.5,8.0,0.295,27.0,0.7,15.0,2025.0
Sompura,11/25,0.2133633251,-0.103324349,-0.2071594228,-0.3848424428,4534.0,D,5.4,7.3,444.0,5.0,1.7,2984.057971014493,2400.0,19.0,88.0,20.0,88.0,20.0,52.0,21.666666666666664,0.4,164.0,64.0,100.0,9.1,45.0,304.0,19.0,0.505,0.5,4.0,0.39,36.0,1.53,0.28,2025.0
Bhattarahalli,11/25,0.3653905238,-0.2123878766,0.07153214602,-0.2642080792,4515.0,E,2.7,7.3,754.0,21.0,2.9,2402.3188405797105,2400.0,11.154929577464788,240.0,20.0,240.0,100.0,140.0,14.0,11.0,188.0,96.0,92.0,19.0,87.0,520.0,14.0,1.2,0.5,10.0,0.38,49.0,2.8,2.9,2025.0
Begur,11/25,0.2839177317,-0.1678406059,-0.1744045808,-0.2939898285,3619.0,D,5.7,7.1,329.0,6.0,1.2,1174.2028985507247,3500.0,28.281690140845072,64.0,20.0,64.0,52.0,60.0,8.481818181818182,0.4,92.0,52.0,40.0,12.0,32.0,224.0,28.0,0.9766666666666668,0.5,7.0,0.4333333333333333,40.0,1.45,1.205,2025.0
Doddagubbi,11/25,0.406572132,-0.1152296572,0.05218852949,-0.1117607691,5833.0,E,3.2,8.2,3340.0,16.0,10.9,4212.173913043478,6300.0,18.310344827586206,616.0,11.206896551724135,616.0,71.0,120.0,2.5,1.9,288.0,152.0,136.0,22.0,324.0,2172.0,20.0,3.2,0.5,40.0,0.54,67.0,8.3,8.9,2025.0
Yelahanka,11/25,0.4140538533,-0.2839052341,0.0200519547,-0.221530686,3630.0,E,1.6,7.0,992.0,23.0,3.8,1529.7101449275365,11000.0,23.323943661971832,332.0,20.0,332.0,168.0,164.0,14.0,11.0,232.0,120.0,112.0,20.0,109.0,684.0,68.0,1.8,0.5,12.0,0.52,49.0,3.1,4.2,2025.0
Singapura,11/25,0.103945439,-0.05521076672,0.09365480994,-0.17656302,4508.0,D,6.2,7.0,612.0,4.0,2.35,2176.086956521739,4600.0,14.309859154929576,120.0,20.0,120.0,84.0,44.0,12.06,0.4,200.0,148.0,52.0,9.92,52.0,418.0,34.0,0.3425,0.5,7.0,0.45,35.0,1.6,0.46,2025.0
Bellandur,11/25,0.3738142858,-0.1553132928,-0.4986504437,-0.636072475,3602.0,E,2.4,7.4,922.0,30.0,3.71,624.7826086956522,1500.0,35.943661971830984,208.0,20.0,208.0,124.0,232.0,10.0,8.0,212.0,112.0,100.0,34.0,80.0,634.0,92.66666666666666,1.37,0.5,7.0,0.56,44.0,2.39,3.95,2025.0
Abbigere,11/25,0.2695883634,-0.1201778161,-0.1280879152,-0.3409741066,4506.0,D,4.6,7.0,621.0,6.0,2.38,2111.449275362319,4300.0,15.211267605633804,92.0,20.0,92.0,104.0,76.0,7.219999999999999,0.4,140.0,64.0,76.0,13.0,63.0,428.0,24.0,0.4075,0.5,7.0,0.41,48.0,2.31,0.855,2025.0
Kammagondanahalli,11/25,0.3343857797,-0.1326430469,-0.563345532,-0.7305863378,4540.0,E,2.5,7.0,605.0,40.0,2.32,3177.971014492754,7900.0,25.0,112.0,20.0,112.0,72.0,272.0,3.45,2.3,220.0,124.0,96.0,20.3,53.0,408.0,46.0,0.476,0.5,6.0,0.46,33.0,1.55,0.31,2025.0
Chikkabanavara,11/25,0.1149680437,-0.1086358098,0.1943211538,-0.03852496512,4095.0,D,4.9,6.6,1012.0,5.0,3.88,1949.855072463768,3500.0,17.464788732394364,272.0,20.0,272.0,128.0,60.0,14.13,0.5,192.0,128.0,64.0,18.6,104.0,670.0,28.0,0.6116666666666667,0.5,6.0,0.24,53.0,3.26,1.1,2025.0
Lalbagh,11/25,0.3734087807,-0.321474708,0.1273901993,-0.1732624691,3590.0,D,6.4,7.7,492.0,4.0,1.49,236.95652173913044,1700.0,54.4,132.0,27.2,132.0,88.0,40.0,2.985,0.4,80.0,44.0,36.0,19.0,55.0,338.0,24.0,0.3425,0.5,13.0,0.27,55.0,2.8,0.29,2025.0
Panathur,11/25,0.1118684585,-0.1588582747,0.05287659181,-0.1216839121,5840.0,E,3.1,7.0,484.0,19.0,1.9,4438.40579710145,4300.0,9.379310344827584,128.0,7.586206896551722,128.0,88.0,128.0,10.0,7.6,144.0,72.0,72.0,8.0,52.0,334.0,112.0,0.36,0.5,5.0,0.495,42.0,1.9,0.85,2025.0
Soulkere,11/25,0.4422884182,-0.2851121235,-0.1852651683,-0.4891623988,5570.0,D,5.3,7.3,584.0,5.0,2.31,3727.3913043478265,2400.0,37.44827586206897,104.0,18.96551724137931,104.0,108.0,64.0,8.0,0.4,92.0,52.0,40.0,9.0,49.0,402.0,48.0,0.6225,0.5,3.0,0.25,52.0,2.24,1.17,2025.0
Bhoganhalli,11/25,0.3543742901,-0.1428257123,-0.09199318965,-0.3042647535,5826.0,D,4.5,7.6,682.0,6.0,2.7,4050.579710144928,2200.0,24.6896551724138,156.0,13.79310344827586,156.0,112.0,68.0,4.044444444444444,0.82,184.0,96.0,88.0,28.0,68.0,466.0,14.0,0.2699999999999999,0.5,14.0,0.24,42.0,2.17,0.33,2025.0
Devarabeesanahalli,11/25,0.1394817697,-0.2468025294,0.1476754284,-0.05974218349,4521.0,D,5.1,7.2,584.0,7.0,2.31,2596.2318840579715,2400.0,8.450704225352112,104.0,20.0,104.0,108.0,76.0,12.25,0.9,80.0,44.0,36.0,10.0,48.0,402.0,12.0,0.48,0.5,3.0,0.26,55.0,2.33,1.225,2025.0
Kaikondanahalli,11/25,0.5258871887,-0.2728459368,-0.2860968482,-0.5367736788,3611.0,D,4.8,8.1,938.0,8.0,3.78,915.6521739130436,1700.0,31.88732394366197,204.0,20.0,204.0,148.0,80.0,11.60909090909091,0.72,228.0,120.0,108.0,27.0,82.0,644.0,16.0,0.54,0.5,8.0,0.52,43.0,2.37,1.57,2025.0
Kasavanahalli,11/25,0.2247838784,-0.2937415133,0.3394419081,0.0977451466,4529.0,D,6.1,7.9,671.0,4.0,2.7,2854.7826086956525,2100.0,15.0,148.0,20.0,148.0,116.0,40.0,22.666666666666664,0.4,152.0,80.0,72.0,24.0,51.0,470.0,65.0,0.755,0.5,4.0,0.28,41.0,1.79,2.04,2025.0
Byrasandra,11/25,0.2792761109,-0.2560294432,0.03841368345,-0.260720432,3595.0,D,5.6,7.8,454.0,7.0,1.3,398.5507246376812,3500.0,39.098591549295776,116.0,20.0,116.0,56.0,80.0,8.6,0.43,128.0,68.0,60.0,30.0,39.0,326.0,116.0,0.7463636363636363,0.5,11.0,0.315,37.0,1.4,0.29,2025.0
Agaram,11/25,0.3072292524,-0.265068342,0.1461108318,-0.07944094377,3612.0,D,6.2,7.9,893.0,4.0,3.0,947.9710144927536,5400.0,31.436619718309856,268.0,20.0,268.0,136.0,56.0,11.21818181818182,0.61,208.0,108.0,100.0,33.0,91.0,612.0,18.0,1.1,0.5,29.0,0.32,45.0,2.7,2.8,2025.0
Ibbalur,11/25,0.3392671516,-0.1753715311,-0.1426250184,-0.3266410774,3609.0,D,6.0,7.4,586.0,4.0,2.1,851.0144927536232,9400.0,32.7887323943662,156.0,20.0,156.0,124.0,48.0,13.75,0.67,96.0,52.0,44.0,14.0,84.0,408.0,16.0,1.6666666666666667,0.5,12.0,0.41,62.0,4.0,0.46,2025.0
Puttenahalli,11/25,0.3276341916,-0.2312039656,-0.1419329673,-0.3800847388,3614.0,D,5.0,6.9,373.0,5.0,1.5,1012.608695652174,9200.0,30.535211267605632,124.0,20.0,124.0,36.0,48.0,10.436363636363636,0.4,108.0,60.0,48.0,13.0,28.0,254.0,13.0,0.23,0.5,2.0,0.31,35.0,1.17,0.68,2025.0
Puttenahalli,11/25,0.3276341916,-0.2312039656,-0.1419329673,-0.3800847388,3624.0,D,5.3,6.6,901.0,7.0,3.5,1335.7971014492755,4300.0,26.028169014084504,332.0,20.0,332.0,132.0,88.0,7.300000000000001,0.53,256.0,132.0,124.0,8.0,99.0,622.0,22.0,1.5750000000000002,0.5,11.0,0.42,44.0,2.7,0.3,2025.0
Somasundrapalya,11/25,0.2342596456,-0.154946255,0.03568272562,-0.2246178793,3622.0,D,6.5,8.0,675.0,5.0,2.6,1271.1594202898552,3500.0,26.92957746478873,156.0,20.0,156.0,108.0,56.0,5.15,0.4,180.0,92.0,88.0,27.0,66.0,460.0,12.0,1.425,0.5,13.0,0.55,42.0,2.14,0.19,2025.0
Singasandra,11/25,0.2732640478,-0.2295278328,-0.03475567893,-0.2577910499,3618.0,D,4.6,8.0,852.0,8.0,3.43,1141.8840579710145,4300.0,28.732394366197184,176.0,20.0,176.0,144.0,84.0,8.872727272727273,0.72,180.0,96.0,84.0,26.0,73.0,586.0,22.0,0.79,0.5,6.0,0.41,46.0,2.36,2.19,2025.0
Singasandra,11/25,0.273227323,-0.1283439902,-0.452755405,-0.549821378,3618.0,D,4.6,8.0,852.0,8.0,3.43,1141.8840579710145,4300.0,28.732394366197184,176.0,20.0,176.0,144.0,84.0,8.872727272727273,0.72,180.0,96.0,84.0,26.0,73.0,586.0,22.0,0.79,0.5,6.0,0.41,46.0,2.36,2.19,2025.0
Parappana Agrahara,11/25,0.3398300108,-0.1422676214,-0.6327080011,-0.7300284599,3620.0,D,6.9,7.9,675.0,4.0,2.6,1206.521739130435,9200.0,27.83098591549296,152.0,20.0,152.0,108.0,48.0,8.090909090909092,0.4,180.0,92.0,88.0,28.0,67.0,462.0,34.0,1.163333333333333,0.5,14.0,0.4566666666666666,42.0,2.17,0.22,2025.0
Basavanapura,11/25,0.265960474,-0.1505255373,-0.05906324394,-0.3101880514,4542.0,D,5.9,6.8,330.0,6.0,1.33,3242.608695652174,4300.0,27.0,100.0,20.0,100.0,44.0,60.0,4.6000000000000005,0.4,112.0,60.0,52.0,9.0,26.0,224.0,29.0,0.484,0.5,2.0,0.26,33.0,1.07,0.302,2025.0
Basavanapura,11/25,0.265960474,-0.1505255373,-0.05906324394,-0.3101880514,5566.0,E,2.4,7.2,887.0,26.0,3.4,3598.115942028986,13000.0,38.0,284.0,20.0,284.0,128.0,152.0,12.0,9.5,224.0,112.0,112.0,21.0,98.0,612.0,148.0,0.8,0.5,11.0,0.41,47.0,2.8,1.9,2025.0
Arakere,11/25,0.3851649104,-0.2441785342,0.04547673787,-0.2852178474,3615.0,D,5.8,6.8,326.0,5.0,1.3,1044.927536231884,9400.0,30.08450704225352,56.0,20.0,56.0,48.0,56.0,10.045454545454543,0.48,88.0,48.0,40.0,13.0,30.0,220.0,14.0,0.37,0.5,6.0,0.31,40.0,1.38,0.485,2025.0
Hulimavu,11/25,0.3612943769,-0.1324437576,-0.5528234378,-0.6963134292,3617.0,D,5.2,7.6,712.0,6.0,2.8,1109.5652173913045,2800.0,29.183098591549296,164.0,20.0,164.0,116.0,64.0,9.263636363636364,0.71,192.0,100.0,92.0,29.0,70.0,484.0,16.0,0.65,0.5,14.0,0.26,42.0,2.19,0.23,2025.0
Gottigere,11/25,0.3355699282,-0.2467487621,0.2066328318,-0.1023900121,3613.0,D,6.0,6.7,356.0,4.0,1.43,980.289855072464,2800.0,30.985915492957744,116.0,20.0,116.0,48.0,44.0,10.827272727272728,0.4,116.0,64.0,52.0,23.0,25.0,240.0,12.0,0.665,0.5,15.5,0.28,31.0,1.0,1.74,2025.0
Doddakallasandra,11/25,0.4014452423,-0.1757888163,-0.6361557935,-0.7602264875,5567.0,D,5.8,7.0,374.0,6.0,1.5,3630.434782608696,5400.0,39.0,116.0,20.0,116.0,36.0,60.0,11.0,0.4,124.0,68.0,56.0,14.0,29.0,254.0,194.0,0.27,0.5,2.0,0.28,33.0,1.13,0.8,2025.0
Puttenahalli,11/25,0.4445888775,-0.1811190588,-0.7523753472,-0.8520856872,3614.0,D,5.0,6.9,373.0,5.0,1.5,1012.608695652174,9200.0,30.535211267605632,124.0,20.0,124.0,36.0,48.0,10.436363636363636,0.4,108.0,60.0,48.0,13.0,28.0,254.0,13.0,0.23,0.5,2.0,0.31,35.0,1.17,0.68,2025.0
Puttenahalli,11/25,0.4445888775,-0.1811190588,-0.7523753472,-0.8520856872,3624.0,D,5.3,6.6,901.0,7.0,3.5,1335.7971014492755,4300.0,26.028169014084504,332.0,20.0,332.0,132.0,88.0,7.300000000000001,0.53,256.0,132.0,124.0,8.0,99.0,622.0,22.0,1.5750000000000002,0.5,11.0,0.42,44.0,2.7,0.3,2025.0
Chelekere,11/25,0.3933385906,-0.208077924,-0.4217086288,-0.6496035583,4507.0,D,6.1,6.9,502.0,4.0,1.93,2143.768115942029,7900.0,14.760563380281688,68.0,20.0,68.0,56.0,44.0,9.64,0.4,176.0,168.0,8.0,17.63,50.0,346.0,28.0,0.375,0.5,6.0,0.47,37.0,1.64,0.43,2025.0
Agaram,11/25,0.4135050076,-0.2892307107,0.09975038958,-0.2017044719,3612.0,D,6.2,7.9,893.0,4.0,3.0,947.9710144927536,5400.0,31.436619718309856,268.0,20.0,268.0,136.0,56.0,11.21818181818182,0.61,208.0,108.0,100.0,33.0,91.0,612.0,18.0,1.1,0.5,29.0,0.32,45.0,2.7,2.8,2025.0
Kalkere,11/25,0.3117943977,-0.1809662242,-0.2958558473,-0.4777802109,3607.0,D,4.4,8.2,827.0,8.0,3.4,786.376811594203,11000.0,33.690140845070424,236.0,20.0,236.0,116.0,96.0,17.25,0.58,216.0,116.0,100.0,12.0,85.0,544.0,18.0,3.0,0.5,12.0,0.31,45.0,2.5,8.5,2025.0
Rampura,11/25,0.4286542308,-0.2141314326,-0.2681681639,-0.4958734747,4519.0,E,1.5,7.2,1268.0,26.0,4.6,2531.594202898551,9400.0,9.352112676056336,264.0,20.0,264.0,200.0,184.0,14.0,10.0,276.0,144.0,132.0,23.0,120.0,842.0,14.0,3.2,0.5,15.0,0.29,47.0,3.1,9.1,2025.0
Dasarahalli,11/25,0.5042849906,-0.2971944467,-0.1283284985,-0.4349593617,3606.0,E,2.3,7.0,406.0,21.0,1.5,754.0579710144929,2800.0,34.140845070422536,116.0,20.0,116.0,64.0,132.0,19.0,15.0,116.0,60.0,56.0,10.0,43.0,280.0,48.0,0.43,0.5,5.0,0.22,43.0,1.7,1.0,2025.0
Doddabidarakallu,11/25,0.2584554384,-0.1085122713,-0.3052659049,-0.5167185346,4539.0,D,4.5,6.6,1025.0,5.0,3.93,3145.652173913044,2800.0,24.0,312.0,20.0,312.0,116.0,56.0,26.225,0.6,136.0,68.0,68.0,9.9,106.0,696.0,26.0,0.472,0.5,6.0,0.23,61.0,3.95,0.15,2025.0
Allalasandra,11/25,0.5233458187,-0.3455070613,-0.2325803123,-0.5211303533,3629.0,E,1.9,7.0,997.0,25.0,3.8,1497.3913043478262,13000.0,23.774647887323944,332.0,20.0,332.0,164.0,168.0,16.0,12.0,232.0,120.0,112.0,19.0,110.0,688.0,68.0,1.8,0.5,12.0,0.53,49.0,3.1,4.2,2025.0
Andhrahalli,11/25,0.2337926177,-0.02830314233,-0.3649188204,-0.5393412727,4096.0,E,0.7,6.8,548.0,63.0,2.1,1982.1739130434785,7900.0,17.014084507042252,124.0,20.0,124.0,88.0,312.0,14.9,14.1,144.0,76.0,68.0,22.0,52.0,376.0,24.0,0.67,0.5,11.0,0.22,41.0,1.88,1.96,2025.0
Shivapura,11/25,0.369019835,-0.1652736108,-0.1751062583,-0.4759255474,3600.0,E,2.9,6.7,536.0,17.0,2.0,560.144927536232,3500.0,36.84507042253521,88.0,20.0,88.0,92.0,128.0,15.0,12.0,164.0,84.0,80.0,43.0,57.0,370.0,106.0,1.191818181818182,0.5,6.0,0.36,42.0,1.9,0.36,2025.0
Kogilu,11/25,0.3235041064,-0.1455679127,-0.1641997868,-0.3423373233,4511.0,D,4.8,7.0,573.0,6.0,2.2,2273.04347826087,3500.0,12.95774647887324,92.0,20.0,92.0,104.0,76.0,12.6,0.6,140.0,64.0,76.0,13.03,60.0,390.0,24.0,0.28,0.5,7.0,0.38,47.0,2.2,0.7,2025.0
Basavanapura,11/25,0.2962768154,-0.1526089573,-0.08597014194,-0.3300703546,4542.0,D,5.9,6.8,330.0,6.0,1.33,3242.608695652174,4300.0,27.0,100.0,20.0,100.0,44.0,60.0,4.6000000000000005,0.4,112.0,60.0,52.0,9.0,26.0,224.0,29.0,0.484,0.5,2.0,0.26,33.0,1.07,0.302,2025.0
Basavanapura,11/25,0.2962768154,-0.1526089573,-0.08597014194,-0.3300703546,5566.0,E,2.4,7.2,887.0,26.0,3.4,3598.115942028986,13000.0,38.0,284.0,20.0,284.0,128.0,152.0,12.0,9.5,224.0,112.0,112.0,21.0,98.0,612.0,148.0,0.8,0.5,11.0,0.41,47.0,2.8,1.9,2025.0
Mangamanapalya,11/25,0.3372167786,-0.1287222826,-0.2822549304,-0.467201771,4547.0,D,6.6,7.9,676.0,6.0,2.5,3339.5652173913045,1700.0,30.0,152.0,20.0,152.0,104.0,60.0,6.325000000000001,0.42,184.0,96.0,88.0,28.0,67.0,464.0,26.0,0.496,0.5,12.0,0.245,42.0,2.13,0.29,2025.0
Hoodi,11/25,0.4123826488,-0.2146866166,-0.2026961744,-0.4666032156,5560.0,E,0.8,7.1,1140.0,34.0,4.4,3404.202898550725,9400.0,32.0,264.0,20.0,264.0,192.0,192.0,21.0,17.0,308.0,156.0,152.0,47.0,111.0,768.0,24.0,0.72,0.5,23.0,0.29,42.0,2.75,2.12,2025.0
Gangashetty,11/25,0.3103854073,-0.1769109843,-0.2466156488,-0.4847712537,5839.0,E,2.7,7.1,734.0,22.0,2.8,4406.08695652174,4300.0,10.6551724137931,252.0,8.103448275862068,252.0,104.0,144.0,14.0,11.0,184.0,92.0,92.0,17.0,77.0,506.0,18.0,2.2,0.5,9.0,0.38,51.0,2.5,5.1,2025.0
Vijanapura,11/25,0.4882167262,-0.224916908,-0.3647087537,-0.5795377416,5835.0,D,5.4,7.1,715.0,5.0,2.74,4276.811594202899,2200.0,15.75862068965517,100.0,10.172413793103448,100.0,20.0,52.0,6.333333333333334,0.8,204.0,148.0,56.0,126.7,72.0,484.0,16.0,0.33,0.5,6.0,0.35,42.0,2.19,0.84,2025.0
Rachenahalli,11/25,0.536425387,-0.3182728744,-0.1217996156,-0.4143554169,4510.0,E,2.5,6.8,1076.0,40.0,4.13,2240.7246376811595,7000.0,13.408450704225352,136.0,20.0,136.0,164.0,272.0,16.9,13.0,308.0,124.0,184.0,34.35,106.0,730.0,46.0,0.38,0.5,6.0,0.48,42.0,2.63,0.96,2025.0
Amruthahalli,11/25,0.3614641046,-0.161414743,-0.3260684265,-0.5413536685,3628.0,E,3.5,6.6,1250.0,12.0,4.8,1465.072463768116,11000.0,24.225352112676056,272.0,20.0,272.0,128.0,152.0,7.8,5.2,192.0,128.0,64.0,18.61,124.0,832.0,42.0,0.34,0.5,6.0,0.36,57.0,3.89,0.88,2025.0
Nagavara,11/25,0.3157514284,-0.2711193618,0.06499241007,-0.2038777544,3626.0,D,5.5,7.0,445.0,5.0,1.71,1400.4347826086955,9400.0,25.12676056338028,96.0,20.0,96.0,44.0,48.0,14.0,0.4,132.0,80.0,52.0,13.0,45.0,302.0,34.0,1.725,0.5,5.0,0.35,41.0,1.7,0.46,2025.0
Herohalli,11/25,0.4364772928,-0.2834783934,0.02138261103,-0.2140553364,3598.0,D,4.6,6.5,438.0,5.0,1.7,495.5072463768116,3500.0,37.74647887323944,96.0,20.0,96.0,68.0,60.0,12.44,0.73,116.0,60.0,56.0,18.0,42.0,302.0,30.0,1.0136363636363637,0.5,9.0,0.3349999999999999,41.0,1.7,0.3533333333333333,2025.0
Hebbal,11/25,0.3821969314,-0.209724775,-0.1845396572,-0.3153517981,3625.0,E,2.9,6.8,480.0,19.0,1.9,1368.1159420289855,12000.0,25.577464788732392,180.0,20.0,180.0,68.0,128.0,12.0,8.9,128.0,64.0,64.0,7.0,50.0,330.0,18.0,1.65,0.5,6.0,0.24,44.0,1.9,0.19,2025.0
Vibhuthipura,11/25,0.3286794402,-0.1835050622,-0.1023195411,-0.3248172036,4522.0,E,2.5,8.4,515.0,16.0,7.93,2628.550724637681,170.0,8.0,172.0,20.0,176.0,72.0,112.0,3.5,2.8,144.0,80.0,64.0,8.0,67.0,348.0,114.0,0.5,0.5,15.0,0.26,47.0,2.41,1.1,2025.0
Nallurahalli,11/25,0.1384680337,-0.1218426154,0.1075667973,-0.1222420019,4523.0,E,2.3,7.3,501.0,22.0,2.0,2660.8695652173915,2200.0,9.0,132.0,20.0,132.0,92.0,160.0,11.0,8.1,116.0,60.0,56.0,6.0,52.0,346.0,120.0,0.3,0.5,6.0,0.265,47.0,2.1,0.71,2025.0
Tubarahalli,11/25,0.1380581882,-0.1683366298,0.1174924075,-0.06564285732,3610.0,E,1.9,7.1,1017.0,28.0,3.9,883.3333333333334,5400.0,32.33802816901408,356.0,20.0,356.0,160.0,180.0,12.0,9.1,248.0,128.0,120.0,19.0,112.0,702.0,24.0,1.0,0.5,12.0,0.46,48.0,3.1,2.3,2025.0
Chinnappanahalli,11/25,0.4132901469,-0.1876933667,-0.2274825138,-0.4551751987,4520.0,E,1.2,7.3,1220.0,18.0,4.7,2563.913043478261,11000.0,8.901408450704224,280.0,20.0,280.0,204.0,168.0,21.0,17.0,332.0,172.0,160.0,50.0,116.0,834.0,26.0,0.46,0.5,24.0,0.42,41.0,2.77,1.35,2025.0
Kundalahalli,11/25,0.2699421409,-0.1677319901,-0.0248634208,-0.1431251319,4516.0,E,1.6,7.3,1155.0,15.0,4.4,2434.6376811594205,2400.0,10.704225352112676,268.0,20.0,268.0,192.0,156.0,19.0,15.0,312.0,160.0,152.0,47.0,120.0,784.0,22.0,0.44,0.5,23.0,0.39,43.0,2.96,1.31,2025.0
Varthur,11/25,0.2243999136,-0.1726161076,-0.02507417312,-0.2033704664,3608.0,D,5.8,7.3,681.0,4.0,2.6,818.6956521739131,4300.0,33.23943661971831,156.0,20.0,156.0,112.0,44.0,15.5,0.51,180.0,96.0,84.0,28.0,66.0,462.0,17.0,2.333333333333333,0.5,14.0,0.36,42.0,2.13,0.25,2025.0
Narasipura,11/25,0.1623611051,-0.1882062958,0.1005892384,-0.1402849234,4509.0,D,6.2,7.2,533.0,4.0,2.05,2208.405797101449,2800.0,13.859154929577464,72.0,20.0,72.0,72.0,48.0,14.479999999999997,0.8,200.0,152.0,48.0,20.08,55.0,360.0,30.0,0.31,0.5,7.0,0.32,36.0,1.69,0.73,2025.0
Narasipura,11/25,0.2493010836,-0.1352392222,-0.3049860959,-0.5048324202,4509.0,D,6.2,7.2,533.0,4.0,2.05,2208.405797101449,2800.0,13.859154929577464,72.0,20.0,72.0,72.0,48.0,14.479999999999997,0.8,200.0,152.0,48.0,20.08,55.0,360.0,30.0,0.31,0.5,7.0,0.32,36.0,1.69,0.73,2025.0
