LAKE_NAME,DATE,IMAGE_COUNT,B2_mean,B3_mean,B4_mean,B5_mean,B6_mean,B7_mean,B8_mean,B8A_mean,B11_mean,B12_mean,B2_stdDev,B3_stdDev,B4_stdDev,B5_stdDev,B6_stdDev,B7_stdDev,B8_stdDev,B8A_stdDev,B11_stdDev,B12_stdDev,B2_count
Gunduru Lake,07/23,0,,,,,,,,,,,,,,,,,,,,,
Doddebele,07/23,0,,,,,,,,,,,,,,,,,,,,,
Somapura,07/23,0,,,,,,,,,,,,,,,,,,,,,
Mailasandra,07/23,0,,,,,,,,,,,,,,,,,,,,,
Kengeri 1,07/23,0,,,,,,,,,,,,,,,,,,,,,
Kengeri 2,07/23,0,,,,,,,,,,,,,,,,,,,,,
Chenvinayanahalli,07/23,0,,,,,,,,,,,,,,,,,,,,,
Annamma kere,07/23,0,,,,,,,,,,,,,,,,,,,,,
Deevatigeramnahalli kere,07/23,0,,,,,,,,,,,,,,,,,,,,,
Devarakere,07/23,0,,,,,,,,,,,,,,,,,,,,,
Doraikere,07/23,0,,,,,,,,,,,,,,,,,,,,,
Goudanakere,07/23,0,,,,,,,,,,,,,,,,,,,,,
Gubbalal kere,07/23,0,,,,,,,,,,,,,,,,,,,,,
Halagevaderahalli kere-2,07/23,0,,,,,,,,,,,,,,,,,,,,,
Herohalli Thotadakere,07/23,0,,,,,,,,,,,,,,,,,,,,,
Hosakerehalli Kere,07/23,0,,,,,,,,,,,,,,,,,,,,,
Kempambudhi lake,07/23,0,,,,,,,,,,,,,,,,,,,,,
Laggeri Lake,07/23,0,,,,,,,,,,,,,,,,,,,,,
Mallathahalli Lake,07/23,0,,,,,,,,,,,,,,,,,,,,,
Moge kere,07/23,0,,,,,,,,,,,,,,,,,,,,,
Muppatu Kavalu Hosa Kere,07/23,0,,,,,,,,,,,,,,,,,,,,,
Nayandanahalli kere,07/23,0,,,,,,,,,,,,,,,,,,,,,
Sankey Tank,07/23,0,,,,,,,,,,,,,,,,,,,,,
Subramhanyapura kere,07/23,0,,,,,,,,,,,,,,,,,,,,,
Ullalu lake-2,07/23,0,,,,,,,,,,,,,,,,,,,,,
Valagerehalli kere,07/23,0,,,,,,,,,,,,,,,,,,,,,
Yediyur kere,07/23,0,,,,,,,,,,,,,,,,,,,,,
Bhimmanakuppe Govt lake,07/23,0,,,,,,,,,,,,,,,,,,,,,
Srigandhakavalu Karabu Katte,07/23,0,,,,,,,,,,,,,,,,,,,,,
Janaradhan kere,07/23,0,,,,,,,,,,,,,,,,,,,,,
Konashetty kere,07/23,0,,,,,,,,,,,,,,,,,,,,,
Nagarabhavi (Un-named Lake on map),07/23,0,,,,,,,,,,,,,,,,,,,,,
Sompura Govt.lake,07/23,0,,,,,,,,,,,,,,,,,,,,,
Lakshmipura Lake,07/23,0,,,,,,,,,,,,,,,,,,,,,
Amrutnagar Lake,07/23,0,,,,,,,,,,,,,,,,,,,,,
Hoysalanagara Lake,07/23,0,,,,,,,,,,,,,,,,,,,,,
Basavanagar Lake,07/23,0,,,,,,,,,,,,,,,,,,,,,
Ajjegowdana katte,07/23,0,,,,,,,,,,,,,,,,,,,,,
Kodigehalli kere,07/23,0,,,,,,,,,,,,,,,,,,,,,
Kommaghatta Govt. Lake,07/23,0,,,,,,,,,,,,,,,,,,,,,
Manganahalli Lake,07/23,0,,,,,,,,,,,,,,,,,,,,,
Bhattarahalli kere,07/23,0,,,,,,,,,,,,,,,,,,,,,
Thirumenahalli lake,07/23,0,,,,,,,,,,,,,,,,,,,,,
Avalahali kere,07/23,0,,,,,,,,,,,,,,,,,,,,,
Begur Lake,07/23,0,,,,,,,,,,,,,,,,,,,,,
meenakshi lake,07/23,0,,,,,,,,,,,,,,,,,,,,,
Kannuru kere,07/23,0,,,,,,,,,,,,,,,,,,,,,
Kannuru kere,07/23,0,,,,,,,,,,,,,,,,,,,,,
Doddagubbi kere,07/23,0,,,,,,,,,,,,,,,,,,,,,
Suggata kere,07/23,0,,,,,,,,,,,,,,,,,,,,,
Yelahanka Lake,07/23,0,,,,,,,,,,,,,,,,,,,,,
Dodda Bommasandra Lake,07/23,0,,,,,,,,,,,,,,,,,,,,,
Singapura lake,07/23,0,,,,,,,,,,,,,,,,,,,,,
Chellaghatta kere,07/23,0,,,,,,,,,,,,,,,,,,,,,
Bellandur Amanikere,07/23,0,,,,,,,,,,,,,,,,,,,,,
Abbigere Kere,07/23,0,,,,,,,,,,,,,,,,,,,,,
Kammagondanahalli lake,07/23,0,,,,,,,,,,,,,,,,,,,,,
Mallasandra Lake-2,07/23,0,,,,,,,,,,,,,,,,,,,,,
Chikkabanavara kere,07/23,0,,,,,,,,,,,,,,,,,,,,,
Mallasandra Gudde lake,07/23,0,,,,,,,,,,,,,,,,,,,,,
Bagalagunte Govt.Lake,07/23,0,,,,,,,,,,,,,,,,,,,,,
Lalbagh kere,07/23,0,,,,,,,,,,,,,,,,,,,,,
Chikkabellanduru kere,07/23,0,,,,,,,,,,,,,,,,,,,,,
Carmelarm,07/23,0,,,,,,,,,,,,,,,,,,,,,
Gunjuruplaya kere,07/23,0,,,,,,,,,,,,,,,,,,,,,
Govt. Dinnekere,07/23,0,,,,,,,,,,,,,,,,,,,,,
Panattur Govt.kere,07/23,0,,,,,,,,,,,,,,,,,,,,,
Gramadakere,07/23,0,,,,,,,,,,,,,,,,,,,,,
Ambalipura Kelagina kere,07/23,0,,,,,,,,,,,,,,,,,,,,,
Melinakere,07/23,0,,,,,,,,,,,,,,,,,,,,,
Sowl kere,07/23,0,,,,,,,,,,,,,,,,,,,,,
Bhoganahalli kere,07/23,0,,,,,,,,,,,,,,,,,,,,,
Devarabisanahalli kere,07/23,0,,,,,,,,,,,,,,,,,,,,,
Doddakanneli Gramadakere,07/23,0,,,,,,,,,,,,,,,,,,,,,
Lakedew Appartment lake,07/23,0,,,,,,,,,,,,,,,,,,,,,
Kaikondanahalli kere,07/23,0,,,,,,,,,,,,,,,,,,,,,
Kasavanahalli kere,07/23,0,,,,,,,,,,,,,,,,,,,,,
Mestripalya lake,07/23,0,,,,,,,,,,,,,,,,,,,,,
Tavarekere lake,07/23,0,,,,,,,,,,,,,,,,,,,,,
Byrasandra Kere,07/23,0,,,,,,,,,,,,,,,,,,,,,
J P Park Kere,07/23,0,,,,,,,,,,,,,,,,,,,,,
Agara kere,07/23,0,,,,,,,,,,,,,,,,,,,,,
Ibbalur Govt. Lake,07/23,0,,,,,,,,,,,,,,,,,,,,,
sarraki kere,07/23,0,,,,,,,,,,,,,,,,,,,,,
Puttenahalli Kere,07/23,0,,,,,,,,,,,,,,,,,,,,,
Madivala Kere,07/23,0,,,,,,,,,,,,,,,,,,,,,
Somasundrapalya lake,07/23,0,,,,,,,,,,,,,,,,,,,,,
singasandra,07/23,0,,,,,,,,,,,,,,,,,,,,,
Kodagi Singasandra kere,07/23,0,,,,,,,,,,,,,,,,,,,,,
doddakodlu,07/23,0,,,,,,,,,,,,,,,,,,,,,
Karabu Kere/Konappana agrahara lake,07/23,0,,,,,,,,,,,,,,,,,,,,,
Parapana Agahara Lake,07/23,0,,,,,,,,,,,,,,,,,,,,,
Kudlu Chikere,07/23,0,,,,,,,,,,,,,,,,,,,,,
Kelaginakere,07/23,0,,,,,,,,,,,,,,,,,,,,,
Melinakere,07/23,0,,,,,,,,,,,,,,,,,,,,,
Basavanapura Kere,07/23,0,,,,,,,,,,,,,,,,,,,,,
Swarna Kunte Gudde Lake,07/23,0,,,,,,,,,,,,,,,,,,,,,
Chikkabegur kere,07/23,0,,,,,,,,,,,,,,,,,,,,,
Elenahalli Lake,07/23,0,,,,,,,,,,,,,,,,,,,,,
Kalena Agrahara Govt. Lake,07/23,0,,,,,,,,,,,,,,,,,,,,,
Infrastructure Corridor,07/23,0,,,,,,,,,,,,,,,,,,,,,
Beratena Agrahara Lake,07/23,0,,,,,,,,,,,,,,,,,,,,,
Mylasandra Dodda Agrahara kere,07/23,0,,,,,,,,,,,,,,,,,,,,,
Arekere Govt. lake,07/23,0,,,,,,,,,,,,,,,,,,,,,
Hulimavu Kere,07/23,0,,,,,,,,,,,,,,,,,,,,,
Akashaya nagar Kere,07/23,0,,,,,,,,,,,,,,,,,,,,,
Gottigere Kere,07/23,0,,,,,,,,,,,,,,,,,,,,,
Kothanaru Kere,07/23,0,,,,,,,,,,,,,,,,,,,,,
RBI layout kere,07/23,0,,,,,,,,,,,,,,,,,,,,,
Chunchanaghatta Kere,07/23,0,,,,,,,,,,,,,,,,,,,,,
Alahalli Kere,07/23,0,,,,,,,,,,,,,,,,,,,,,
Kembathahali kere,07/23,0,,,,,,,,,,,,,,,,,,,,,
Doddakallasandra  kere,07/23,0,,,,,,,,,,,,,,,,,,,,,
Konanakunte  kere,07/23,0,,,,,,,,,,,,,,,,,,,,,
Thalagattapura lake,07/23,0,,,,,,,,,,,,,,,,,,,,,
Vajarahalli Govt.Katte,07/23,0,,,,,,,,,,,,,,,,,,,,,
Harohalli kere,07/23,0,,,,,,,,,,,,,,,,,,,,,
Puttenahalli Lake,07/23,0,,,,,,,,,,,,,,,,,,,,,
Chellakere kere,07/23,0,,,,,,,,,,,,,,,,,,,,,
Horamavu Agara,07/23,0,,,,,,,,,,,,,,,,,,,,,
Horamavu kere,07/23,0,,,,,,,,,,,,,,,,,,,,,
Kalkere Kere,07/23,0,,,,,,,,,,,,,,,,,,,,,
Nagareshvara Nagenahalli Kere,07/23,0,,,,,,,,,,,,,,,,,,,,,
Rampura Kere,07/23,0,,,,,,,,,,,,,,,,,,,,,
Atturu kere,07/23,0,,,,,,,,,,,,,,,,,,,,,
Veerasagara kere,07/23,0,,,,,,,,,,,,,,,,,,,,,
Dodda bettahalli,07/23,0,,,,,,,,,,,,,,,,,,,,,
Dasarahalli kere,07/23,0,,,,,,,,,,,,,,,,,,,,,
Doddabidarakallu lake,07/23,0,,,,,,,,,,,,,,,,,,,,,
Allasandra Lake,07/23,0,,,,,,,,,,,,,,,,,,,,,
Andhrahalli Lake,07/23,0,,,,,,,,,,,,,,,,,,,,,
Handrahalli kere,07/23,0,,,,,,,,,,,,,,,,,,,,,
Narasappanahalli kere,07/23,0,,,,,,,,,,,,,,,,,,,,,
Valagere,07/23,0,,,,,,,,,,,,,,,,,,,,,
Shivapura New tank,07/23,0,,,,,,,,,,,,,,,,,,,,,
Agrahara Lake,07/23,0,,,,,,,,,,,,,,,,,,,,,
Chokkanahalli lake,07/23,0,,,,,,,,,,,,,,,,,,,,,
Jakkuru lake,07/23,0,,,,,,,,,,,,,,,,,,,,,
palanahalli,07/23,0,,,,,,,,,,,,,,,,,,,,,
Kattigenahalli lake,07/23,0,,,,,,,,,,,,,,,,,,,,,
Kogilu kere,07/23,0,,,,,,,,,,,,,,,,,,,,,
Venkateshapura lake,07/23,0,,,,,,,,,,,,,,,,,,,,,
Bellihalli kere,07/23,0,,,,,,,,,,,,,,,,,,,,,
B. Channasandra lake,07/23,0,,,,,,,,,,,,,,,,,,,,,
Byappanahalli kere,07/23,0,,,,,,,,,,,,,,,,,,,,,
Kowdenahalli Kere,07/23,0,,,,,,,,,,,,,,,,,,,,,
Krishnarajapuram kere,07/23,0,,,,,,,,,,,,,,,,,,,,,
Basavanapura kere,07/23,0,,,,,,,,,,,,,,,,,,,,,
Shegehalli kere,07/23,0,,,,,,,,,,,,,,,,,,,,,
Mangamanapalya Kere,07/23,0,,,,,,,,,,,,,,,,,,,,,
Hoodi kere-2,07/23,0,,,,,,,,,,,,,,,,,,,,,
Jimkenahalli Kere,07/23,0,,,,,,,,,,,,,,,,,,,,,
Kodigehalli lake,07/23,0,,,,,,,,,,,,,,,,,,,,,
Gangashetti kere/ Devasandra kere,07/23,0,,,,,,,,,,,,,,,,,,,,,
Vijinapura kere2,07/23,0,,,,,,,,,,,,,,,,,,,,,
B.Narayanapura kere,07/23,0,,,,,,,,,,,,,,,,,,,,,
Melinakere,07/23,0,,,,,,,,,,,,,,,,,,,,,
Kelaginakere,07/23,0,,,,,,,,,,,,,,,,,,,,,
Rachenahalli kere,07/23,0,,,,,,,,,,,,,,,,,,,,,
Amruthahalli Lake,07/23,0,,,,,,,,,,,,,,,,,,,,,
Nagawara Lake,07/23,0,,,,,,,,,,,,,,,,,,,,,
Herohalli Lake,07/23,0,,,,,,,,,,,,,,,,,,,,,
Hebbal  kere,07/23,0,,,,,,,,,,,,,,,,,,,,,
Mahadevapura kere,07/23,0,,,,,,,,,,,,,,,,,,,,,
Vibhutipura kere,07/23,0,,,,,,,,,,,,,,,,,,,,,
Rajapalya Hoodikere,07/23,0,,,,,,,,,,,,,,,,,,,,,
Achanakere,07/23,0,,,,,,,,,,,,,,,,,,,,,
"Yekkalagatta kere,Mahadevepura Kere",07/23,0,,,,,,,,,,,,,,,,,,,,,
Pattaduru Agrahara kere-2,07/23,0,,,,,,,,,,,,,,,,,,,,,
Nallurahallikere,07/23,0,,,,,,,,,,,,,,,,,,,,,
Thubarahalli lake,07/23,0,,,,,,,,,,,,,,,,,,,,,
Sheelavantana kere,07/23,0,,,,,,,,,,,,,,,,,,,,,
Doddanekundi Kunte,07/23,0,,,,,,,,,,,,,,,,,,,,,
Chinnappanahalli  kere1,07/23,0,,,,,,,,,,,,,,,,,,,,,
Doddanekundi kere,07/23,0,,,,,,,,,,,,,,,,,,,,,
Kundalahalli kere,07/23,0,,,,,,,,,,,,,,,,,,,,,
Acchanakere,07/23,0,,,,,,,,,,,,,,,,,,,,,
Varthur lake,07/23,0,,,,,,,,,,,,,,,,,,,,,
Narasipura Lake-1,07/23,0,,,,,,,,,,,,,,,,,,,,,
Narasipura Lake-2,07/23,0,,,,,,,,,,,,,,,,,,,,,
Ulsoor Lake,07/23,0,,,,,,,,,,,,,,,,,,,,,
Gunduru Lake,08/23,1,,,,,,,,,,,,,,,,,,,,,0
Doddebele,08/23,1,,,,,,,,,,,,,,,,,,,,,0
Somapura,08/23,1,,,,,,,,,,,,,,,,,,,,,0
Mailasandra,08/23,1,,,,,,,,,,,,,,,,,,,,,0
Kengeri 1,08/23,1,,,,,,,,,,,,,,,,,,,,,0
Kengeri 2,08/23,1,,,,,,,,,,,,,,,,,,,,,0
Chenvinayanahalli,08/23,1,,,,,,,,,,,,,,,,,,,,,0
Annamma kere,08/23,1,,,,,,,,,,,,,,,,,,,,,0
Deevatigeramnahalli kere,08/23,1,,,,,,,,,,,,,,,,,,,,,0
Devarakere,08/23,1,,,,,,,,,,,,,,,,,,,,,0
Doraikere,08/23,1,,,,,,,,,,,,,,,,,,,,,0
Goudanakere,08/23,1,,,,,,,,,,,,,,,,,,,,,0
Gubbalal kere,08/23,1,,,,,,,,,,,,,,,,,,,,,0
Halagevaderahalli kere-2,08/23,1,,,,,,,,,,,,,,,,,,,,,0
Herohalli Thotadakere,08/23,1,,,,,,,,,,,,,,,,,,,,,0
Hosakerehalli Kere,08/23,1,,,,,,,,,,,,,,,,,,,,,0
Kempambudhi lake,08/23,1,,,,,,,,,,,,,,,,,,,,,0
Laggeri Lake,08/23,1,,,,,,,,,,,,,,,,,,,,,0
Mallathahalli Lake,08/23,1,,,,,,,,,,,,,,,,,,,,,0
Moge kere,08/23,1,,,,,,,,,,,,,,,,,,,,,0
Muppatu Kavalu Hosa Kere,08/23,1,0.04943969574111391,0.06357629997735136,0.044940063693457453,0.07697055013870567,0.05406043815877791,0.05875666077651448,0.05005176353296189,0.04760239061734637,0.048530586093126195,0.038428631158660485,0.0012938691724825814,0.0016350281637080052,0.0012875945150966736,0.001901749055143877,0.0022074646727760472,0.0033569480139530317,0.0014613004402509254,0.003351799838978529,0.002411762035946968,0.0018442425714539697,24
Nayandanahalli kere,08/23,1,,,,,,,,,,,,,,,,,,,,,0
Sankey Tank,08/23,1,0.034285814198670675,0.04709267539019045,0.03403130873599574,0.039293561749062345,0.02899703121810023,0.03426752722271799,0.03146328272383364,0.03385933377312044,0.042319966259239075,0.03374676689700275,0.004368763043236866,0.0047318571071980784,0.004830259186300682,0.005716024194212122,0.005809328285684557,0.006443435326094309,0.005618233046607743,0.006845445351547452,0.00792257704329135,0.0069269656508099235,222
Subramhanyapura kere,08/23,1,0.08955999910831451,0.11929999887943268,0.08417999893426895,0.11878000050783158,0.0876599982380867,0.09317999929189683,0.07847999930381774,0.08181999921798706,0.08337999880313873,0.06953999996185303,0.0026985933344062223,0.0024413110655284306,0.003315056651338329,0.003897385257197735,0.01033297648670691,0.015010582429875078,0.005302225984330596,0.0109855171754045,0.013150421011422258,0.01321810898235635,5
Ullalu lake-2,08/23,1,,,,,,,,,,,,,,,,,,,,,0
Valagerehalli kere,08/23,1,,,,,,,,,,,,,,,,,,,,,0
Yediyur kere,08/23,1,0.07747777965333727,0.12474444342984094,0.07445555594232348,0.1282888882690006,0.08531111147668627,0.08945555571052763,0.07673333254125383,0.07290000013179249,0.058855555951595306,0.04654444464378887,0.0015540463161972458,0.0025113561573369887,0.0011196330094837028,0.0023562890441811814,0.010215178645612942,0.010058617334912432,0.005634418098705665,0.012537588273287503,0.008212336832484724,0.0034512839532572755,9
Bhimmanakuppe Govt lake,08/23,1,,,,,,,,,,,,,,,,,,,,,0
Srigandhakavalu Karabu Katte,08/23,1,,,,,,,,,,,,,,,,,,,,,0
Janaradhan kere,08/23,1,,,,,,,,,,,,,,,,,,,,,0
Konashetty kere,08/23,1,,,,,,,,,,,,,,,,,,,,,0
Nagarabhavi (Un-named Lake on map),08/23,1,,,,,,,,,,,,,,,,,,,,,0
Sompura Govt.lake,08/23,1,,,,,,,,,,,,,,,,,,,,,0
Lakshmipura Lake,08/23,1,,,,,,,,,,,,,,,,,,,,,0
Amrutnagar Lake,08/23,1,0.08958799988031388,0.11902000099420547,0.08837199985980987,0.11530799895524979,0.08310000002384185,0.08944400042295456,0.08437999993562699,0.08215200006961823,0.07720399975776672,0.05929200023412704,0.007094410723808803,0.005788265155528715,0.004407767741313315,0.004723889690580697,0.006600787664655682,0.007731652224091221,0.009885787248921937,0.00816823612641106,0.009813153708688868,0.005772273438061853,25
Hoysalanagara Lake,08/23,1,,,,,,,,,,,,,,,,,,,,,0
Basavanagar Lake,08/23,1,,,,,,,,,,,,,,,,,,,,,0
Ajjegowdana katte,08/23,1,,,,,,,,,,,,,,,,,,,,,0
Kodigehalli kere,08/23,1,,,,,,,,,,,,,,,,,,,,,0
Kommaghatta Govt. Lake,08/23,1,,,,,,,,,,,,,,,,,,,,,0
Manganahalli Lake,08/23,1,0.06071204014346751,0.07731939811122457,0.05659197315723202,0.06406688963041257,0.05077458214151819,0.05656086967441948,0.04877458195074346,0.054989966573224816,0.06207458210180834,0.05108294328269751,0.006623904357794909,0.008990360285011476,0.008008954121516632,0.010384971538626967,0.014377016962146725,0.01662797667641285,0.00862633183315665,0.019545582347784127,0.01660044211154468,0.017319042523810578,299
Bhattarahalli kere,08/23,1,,,,,,,,,,,,,,,,,,,,,0
Thirumenahalli lake,08/23,1,,,,,,,,,,,,,,,,,,,,,0
Avalahali kere,08/23,1,0.05226955487021202,0.06297782193188257,0.045139904706983196,0.07613529426316673,0.05493569163833589,0.05517893490220149,0.04365914154335833,0.042223132071818194,0.03774880775693206,0.03138179656278064,0.014981758426074555,0.02044347371847384,0.014060279627269454,0.02477882670793138,0.01874328508627568,0.01827277875118667,0.01461862874657554,0.013832860430705645,0.0059902931164372295,0.004820024277529679,1258
Begur Lake,08/23,1,0.10391666616002719,0.11105833264688651,0.0917083341628313,0.12015833271046479,0.09445833290616672,0.09797499887645245,0.08942500067253907,0.09080833320816357,0.08624166684846084,0.07384166680276394,0.004358292986781826,0.004289222891535492,0.003436436467230802,0.0032177777558789742,0.005749849845517296,0.0067900811745681446,0.0037760478884181045,0.008437856249566838,0.007511930610397954,0.006689725143130769,12
meenakshi lake,08/23,1,,,,,,,,,,,,,,,,,,,,,0
Kannuru kere,08/23,1,0.058703596884612554,0.07167410126907363,0.061324460525735675,0.07757122329563546,0.055017266127703,0.05935323736864886,0.05478345334744282,0.05391223037200008,0.05673021616802799,0.046710791481699016,0.004815419008978999,0.005632936540836183,0.00521842100336588,0.006340497177377329,0.005385778318389976,0.005734877640071429,0.005273069937376045,0.005723603238487786,0.004033397707753473,0.0036806843208497986,139
Kannuru kere,08/23,1,0.058703596884612554,0.07167410126907363,0.061324460525735675,0.07757122329563546,0.055017266127703,0.05935323736864886,0.05478345334744282,0.05391223037200008,0.05673021616802799,0.046710791481699016,0.004815419008978999,0.005632936540836183,0.00521842100336588,0.006340497177377329,0.005385778318389976,0.005734877640071429,0.005273069937376045,0.005723603238487786,0.004033397707753473,0.0036806843208497986,139
Doddagubbi kere,08/23,1,0.07748229169131567,0.10507604107260704,0.09016874948671709,0.11778645822778344,0.08432083328564961,0.09105312502166878,0.07917291651635121,0.07628541629916678,0.06103958348588397,0.047080208586218454,0.009525929313363659,0.016281992388373998,0.014687141929157998,0.019263608275442844,0.014587579341218503,0.014348097831643735,0.0124650632423621,0.014307296687958647,0.011435184525534934,0.00841098770349836,96
Suggata kere,08/23,1,,,,,,,,,,,,,,,,,,,,,0
Yelahanka Lake,08/23,1,0.06065909302265619,0.08017449530629318,0.05749527448856157,0.07725514106364163,0.047762605708315725,0.05093402937771168,0.04503956670144353,0.04455706531961506,0.0443420871917491,0.0361807734581528,0.006165302875188621,0.007208021179323136,0.006360341874311708,0.007357381833690418,0.008541592592445808,0.009767065109724225,0.008230285113105846,0.010383660237951677,0.007150275223200595,0.00508777259143757,1899
Dodda Bommasandra Lake,08/23,1,0.051055652302676356,0.08240144928728325,0.05519739134588103,0.08111681177996206,0.050911014586471126,0.05686463768715444,0.049063188458482426,0.04720724638065566,0.04207130434072536,0.033191304524307665,0.00984040076405547,0.017163546668095032,0.011922635586906266,0.018347085381898155,0.012522008226936198,0.01255599943357453,0.009639778988526684,0.012724445391704971,0.007896678179689573,0.004557730989051318,345
Singapura lake,08/23,1,0.09678571351936885,0.17221428453922272,0.191771428499903,0.209099999495915,0.13614285843712942,0.14577142894268036,0.12364285758563451,0.11274285720927375,0.0939714280622346,0.06864285894802638,0.0011344330216138028,0.0011192218087542206,0.0016824397357122847,0.0015528752866653974,0.006941357561736699,0.010355221452163872,0.00661143178740977,0.01192798176482776,0.01691395997258258,0.011084849613909582,7
Chellaghatta kere,08/23,1,,,,,,,,,,,,,,,,,,,,,0
Bellandur Amanikere,08/23,1,0.06148577857104515,0.06736938634463502,0.054689221572086305,0.07606878746189401,0.053187200661559034,0.05496025462160835,0.049747979117858554,0.04591691618210854,0.044877021024170925,0.037391841399042815,0.007439416513724441,0.007891502206441404,0.006858889100536548,0.008406680746373085,0.00697186126081783,0.0074709377324126336,0.006704721369323857,0.007323284157654381,0.005281608896351811,0.005322869066087566,1336
Abbigere Kere,08/23,1,,,,,,,,,,,,,,,,,,,,,0
Kammagondanahalli lake,08/23,1,,,,,,,,,,,,,,,,,,,,,0
Mallasandra Lake-2,08/23,1,,,,,,,,,,,,,,,,,,,,,0
Chikkabanavara kere,08/23,1,0.043187951556889405,0.05949879509497838,0.03561445810349591,0.07898554161011455,0.05591445793229413,0.05850602408130485,0.04751927742218397,0.039672289088547946,0.03766747007527983,0.030302409553922802,0.0018024345912848805,0.0018453127776092428,0.00228067491030997,0.002084141375856664,0.0025101305349131174,0.0022600965797978647,0.0016334203032137501,0.002604459473097205,0.002785552706076669,0.0020352302873182944,83
Mallasandra Gudde lake,08/23,1,,,,,,,,,,,,,,,,,,,,,0
Bagalagunte Govt.Lake,08/23,1,,,,,,,,,,,,,,,,,,,,,0
Lalbagh kere,08/23,1,0.04228955223711569,0.06494029867115306,0.04074626866338858,0.07355820882453848,0.04710298515300253,0.051722387991734405,0.04688507457500073,0.045253731393769606,0.04606119409870746,0.03665970151882563,0.006672154891217355,0.007309859446435469,0.007020743876685431,0.008027083343372947,0.009031833923123676,0.009809009042649372,0.007471722679327148,0.008707850710272877,0.006961127848421258,0.006532354991605306,67
Chikkabellanduru kere,08/23,1,,,,,,,,,,,,,,,,,,,,,0
Carmelarm,08/23,1,,,,,,,,,,,,,,,,,,,,,0
Gunjuruplaya kere,08/23,1,0.07578928502542633,0.10832857127700533,0.10181071422994137,0.11908928517784391,0.08533928649766105,0.09300357183175427,0.08256428582327706,0.08001428603061608,0.07280714357537883,0.05404285740639482,0.004735529825618071,0.00494092703058521,0.005800944700564614,0.005929366115545614,0.006228295677966224,0.006457413975397998,0.005595100187611179,0.006162427408187936,0.007106532582857213,0.005510213252729619,28
Govt. Dinnekere,08/23,1,,,,,,,,,,,,,,,,,,,,,0
Panattur Govt.kere,08/23,1,0.07936060063883246,0.11263257795677074,0.08204240321126256,0.09274976940833232,0.06647173401892942,0.07459841497927075,0.06509442369619027,0.06789140134798344,0.07395204723295344,0.05795681482521354,0.00641950471717081,0.00758331624796975,0.008680478751910133,0.01321168055480133,0.016000471427269774,0.017867195125254334,0.010592810696399464,0.017949104590110593,0.017739809930806424,0.01374990606658908,62
Gramadakere,08/23,1,,,,,,,,,,,,,,,,,,,,,0
Ambalipura Kelagina kere,08/23,1,,,,,,,,,,,,,,,,,,,,,0
Melinakere,08/23,1,,,,,,,,,,,,,,,,,,,,,0
Sowl kere,08/23,1,0.07059629661617456,0.08616666633773733,0.06878518547724795,0.09690370327896541,0.0787074078840238,0.0857814809790364,0.06487777801575484,0.07812592621754717,0.06320370361208916,0.058774074332581625,0.005025304834210343,0.010905859605783533,0.009818338843838563,0.015724019471898946,0.017328160470987133,0.01932036030567486,0.007806565775614115,0.02146369159883964,0.013715670154362048,0.016952102515319263,27
Bhoganahalli kere,08/23,1,,,,,,,,,,,,,,,,,,,,,0
Devarabisanahalli kere,08/23,1,0.09113612276670437,0.12075969288383573,0.08430789469899888,0.100568767722628,0.09742398526240743,0.09214466667098022,0.0807390668652798,0.1008071305870167,0.08125409353074425,0.058609899317842405,0.017477649324172555,0.024477069379238374,0.011747756191268834,0.0034731032665207134,0.023469050567605808,0.021401046230839247,0.013866594680854188,0.028236649567932738,0.011447877141329893,0.00609536478087358,7
Doddakanneli Gramadakere,08/23,1,,,,,,,,,,,,,,,,,,,,,0
Lakedew Appartment lake,08/23,1,,,,,,,,,,,,,,,,,,,,,0
Kaikondanahalli kere,08/23,1,,,,,,,,,,,,,,,,,,,,,0
Kasavanahalli kere,08/23,1,0.08852131378459163,0.11699091794267841,0.08441361738374482,0.09247280643598463,0.0614863120471786,0.06685996270152068,0.06060279824362893,0.05909442624185933,0.05562014548598185,0.04366927245787276,0.003750708966439189,0.00402551550823449,0.003662912044707881,0.0050869493081750605,0.008226885503609836,0.008045541039954963,0.007337690373347867,0.01016272610305199,0.006897621129432586,0.004788453297373629,262
Mestripalya lake,08/23,1,,,,,,,,,,,,,,,,,,,,,0
Tavarekere lake,08/23,1,,,,,,,,,,,,,,,,,,,,,0
Byrasandra Kere,08/23,1,,,,,,,,,,,,,,,,,,,,,0
J P Park Kere,08/23,1,0.12246249988675117,0.2025500014424324,0.16993749886751175,0.1877875030040741,0.12373750191181898,0.13714999798685312,0.11619999818503857,0.11496249958872795,0.0951999993994832,0.07041249983012676,0.006522447097188616,0.014663049376156648,0.016923945084306384,0.02874180373410317,0.020854672101093836,0.029011806471188648,0.022530702021472053,0.02637484255838927,0.0192488318313261,0.01867601735753723,8
Agara kere,08/23,1,,,,,,,,,,,,,,,,,,,,,0
Ibbalur Govt. Lake,08/23,1,,,,,,,,,,,,,,,,,,,,,0
sarraki kere,08/23,1,0.09066669607389376,0.10796903912647816,0.0744791782445478,0.07073682260369492,0.04683687656255879,0.049108611259114816,0.046858456385077116,0.04564868148019294,0.05656523901014754,0.050369623444779105,0.017990970789106532,0.01976498674004458,0.016862894702910435,0.017590321079811493,0.017724376421260988,0.0183504525181683,0.02229302944260438,0.018455785589091386,0.019423096110469145,0.016978891001576082,102
Puttenahalli Kere,08/23,1,,,,,,,,,,,,,,,,,,,,,0
Madivala Kere,08/23,1,0.051639716422304194,0.050064822635117995,0.04328354617171254,0.05521985821901484,0.03316496462422482,0.03423049644111319,0.03029758873666432,0.029153617050049575,0.039148652611683446,0.03484638306635914,0.006111058233772069,0.005887564414501377,0.005884492008280341,0.006964078303285557,0.006855218640182111,0.007182482053751745,0.006452570766127186,0.007452416675600266,0.006563792947467045,0.005857956216068604,705
Somasundrapalya lake,08/23,1,,,,,,,,,,,,,,,,,,,,,0
singasandra,08/23,1,,,,,,,,,,,,,,,,,,,,,0
Kodagi Singasandra kere,08/23,1,0.09390167660148684,0.12983810897348688,0.10090963877522864,0.12737506408109722,0.0925398116834723,0.1007957310323599,0.08772902117311299,0.0886044004544686,0.0857402571794592,0.07029753851700883,0.006294957150655707,0.009726448848719533,0.009004255964373719,0.010843853764302823,0.012701582254123576,0.015671127730528162,0.01083243276757172,0.015606538070899432,0.013601802416067234,0.014867390023569597,15
doddakodlu,08/23,1,0.09870000183582306,0.15325000137090683,0.09049999713897705,0.17845000326633453,0.13944999873638153,0.1449500024318695,0.12480000033974648,0.10500000044703484,0.06495000049471855,0.053599998354911804,5.000010132789612E-4,2.5000423192977905E-4,9.000003337860107E-4,6.500035524368286E-4,6.500035524368286E-4,5.50001859664917E-4,3.000013530254364E-4,0.002399999648332596,0.0013499967753887177,0.0010999999940395355,2
Karabu Kere/Konappana agrahara lake,08/23,1,,,,,,,,,,,,,,,,,,,,,0
Parapana Agahara Lake,08/23,1,,,,,,,,,,,,,,,,,,,,,0
Kudlu Chikere,08/23,1,,,,,,,,,,,,,,,,,,,,,0
Kelaginakere,08/23,1,0.10840989429414884,0.1496566127925108,0.11881754577873087,0.11955231787919482,0.08755789925296718,0.09576069862510259,0.08558603895830244,0.08775970467052314,0.08562436686688489,0.0656382327876785,0.006470144437422927,0.007548192401144198,0.007237146327607002,0.014331089501805349,0.01947399991155751,0.02152727941847912,0.015442397805696966,0.02230041745183499,0.02067708072095668,0.015397962780263404,42
Melinakere,08/23,1,,,,,,,,,,,,,,,,,,,,,0
Basavanapura Kere,08/23,1,,,,,,,,,,,,,,,,,,,,,0
Swarna Kunte Gudde Lake,08/23,1,,,,,,,,,,,,,,,,,,,,,0
Chikkabegur kere,08/23,1,,,,,,,,,,,,,,,,,,,,,0
Elenahalli Lake,08/23,1,,,,,,,,,,,,,,,,,,,,,0
Kalena Agrahara Govt. Lake,08/23,1,,,,,,,,,,,,,,,,,,,,,0
Infrastructure Corridor,08/23,1,,,,,,,,,,,,,,,,,,,,,0
Beratena Agrahara Lake,08/23,1,0.1397000029683113,0.21724999696016312,0.2013999968767166,0.23435000330209732,0.17639999836683273,0.19340000301599503,0.15690000355243683,0.16110000014305115,0.1745999976992607,0.1298000030219555,0.002199999988079071,9.500011801719666E-4,0.009700000286102295,0.012550003826618195,0.019499994814395905,0.017099998891353607,0.01940000057220459,0.016499996185302734,0.021399997174739838,0.011400002986192703,2
Mylasandra Dodda Agrahara kere,08/23,1,,,,,,,,,,,,,,,,,,,,,0
Arekere Govt. lake,08/23,1,,,,,,,,,,,,,,,,,,,,,0
Hulimavu Kere,08/23,1,0.13619999835888544,0.18360000352064768,0.14603333671887717,0.1679999977350235,0.12866666664679846,0.14366666227579117,0.12226666510105133,0.1220333327849706,0.08976666629314423,0.06580000122388203,0.028370524085778084,0.03080010993239167,0.024102608063141736,0.01736259839227181,0.0072522813069905104,0.0230090309200638,0.007564977152176835,0.008439719673869795,0.014479718482903112,0.00796868960289112,3
Akashaya nagar Kere,08/23,1,,,,,,,,,,,,,,,,,,,,,0
Gottigere Kere,08/23,1,,,,,,,,,,,,,,,,,,,,,0
Kothanaru Kere,08/23,1,0.053987426793089315,0.0693547141560754,0.052207366678651515,0.05977740660968488,0.04657298667184379,0.04750432245330867,0.04126424516948244,0.04513448039124663,0.05526149324516533,0.04530559998730194,0.004428883302339604,0.009978320135321139,0.006478956797750081,0.008055743030573152,0.015467930733021669,0.013718690988309495,0.010855643620628524,0.012128970089399022,0.011778795101412871,0.006273106591647002,4
RBI layout kere,08/23,1,,,,,,,,,,,,,,,,,,,,,0
Chunchanaghatta Kere,08/23,1,,,,,,,,,,,,,,,,,,,,,0
Alahalli Kere,08/23,1,0.04459565230037855,0.05740434789787168,0.04328695668474487,0.059817391893138054,0.04324347817379495,0.0518173910677433,0.04540434819848641,0.04619565217391304,0.05056086976243102,0.040013043452864105,0.0037340360479197992,0.0038834630510194263,0.003520289605648639,0.003954705607267549,0.004884298055745768,0.003295933238681044,0.003352931960169167,0.005476866442668717,0.003785755912117761,0.0030341969387719173,23
Kembathahali kere,08/23,1,,,,,,,,,,,,,,,,,,,,,0
Doddakallasandra  kere,08/23,1,0.08579999953508377,0.12240000069141388,0.10989999771118164,0.15060000121593475,0.14749999344348907,0.16859999299049377,0.09399999678134918,0.18940000236034393,0.12309999763965607,0.12770000100135803,0.0,0.0,0.0,0.0,0.0,0.0,0.0,0.0,0.0,0.0,1
Konanakunte  kere,08/23,1,0.1339000016450882,0.18970000743865967,0.1777999997138977,0.18799999356269836,0.15559999644756317,0.1657000035047531,0.12860000133514404,0.13609999418258667,0.13920000195503235,0.10019999742507935,0.0,0.0,0.0,0.0,0.0,0.0,0.0,0.0,0.0,0.0,1
Thalagattapura lake,08/23,1,0.060418518743029344,0.07127777735392253,0.05485555570986536,0.0659555552734269,0.055777777952176553,0.06132592578177099,0.05645555547542042,0.06000370352908417,0.06423703774257943,0.051637037484734145,0.003523470880990459,0.0036681142140018346,0.0032735001950569263,0.0037925207092027154,0.004740318862875902,0.003808041361649001,0.0032341158687350566,0.004244864144293041,0.0030565226649637007,0.0026304693779267293,27
Vajarahalli Govt.Katte,08/23,1,,,,,,,,,,,,,,,,,,,,,0
Harohalli kere,08/23,1,0.08524144158975498,0.13153153214905713,0.09097657627887554,0.14267027136441823,0.08764955025535447,0.0949423421207849,0.0812387388233129,0.0707945950195059,0.052836036158574594,0.04132792794959502,0.007112145169099017,0.007409769600240862,0.007587507052615,0.009087637180430649,0.00829428194704789,0.008894421682583753,0.007497509513920373,0.008270002840822976,0.006313888243219462,0.004731344049761156,111
Puttenahalli Lake,08/23,1,,,,,,,,,,,,,,,,,,,,,0
Chellakere kere,08/23,1,,,,,,,,,,,,,,,,,,,,,0
Horamavu Agara,08/23,1,,,,,,,,,,,,,,,,,,,,,0
Horamavu kere,08/23,1,,,,,,,,,,,,,,,,,,,,,0
Kalkere Kere,08/23,1,,,,,,,,,,,,,,,,,,,,,0
Nagareshvara Nagenahalli Kere,08/23,1,,,,,,,,,,,,,,,,,,,,,0
Rampura Kere,08/23,1,,,,,,,,,,,,,,,,,,,,,0
Atturu kere,08/23,1,,,,,,,,,,,,,,,,,,,,,0
Veerasagara kere,08/23,1,,,,,,,,,,,,,,,,,,,,,0
Dodda bettahalli,08/23,1,,,,,,,,,,,,,,,,,,,,,0
Dasarahalli kere,08/23,1,,,,,,,,,,,,,,,,,,,,,0
Doddabidarakallu lake,08/23,1,,,,,,,,,,,,,,,,,,,,,0
Allasandra Lake,08/23,1,,,,,,,,,,,,,,,,,,,,,0
Andhrahalli Lake,08/23,1,,,,,,,,,,,,,,,,,,,,,0
Handrahalli kere,08/23,1,,,,,,,,,,,,,,,,,,,,,0
Narasappanahalli kere,08/23,1,,,,,,,,,,,,,,,,,,,,,0
Valagere,08/23,1,,,,,,,,,,,,,,,,,,,,,0
Shivapura New tank,08/23,1,,,,,,,,,,,,,,,,,,,,,0
Agrahara Lake,08/23,1,,,,,,,,,,,,,,,,,,,,,0
Chokkanahalli lake,08/23,1,,,,,,,,,,,,,,,,,,,,,0
Jakkuru lake,08/23,1,,,,,,,,,,,,,,,,,,,,,0
palanahalli,08/23,1,,,,,,,,,,,,,,,,,,,,,0
Kattigenahalli lake,08/23,1,,,,,,,,,,,,,,,,,,,,,0
Kogilu kere,08/23,1,,,,,,,,,,,,,,,,,,,,,0
Venkateshapura lake,08/23,1,,,,,,,,,,,,,,,,,,,,,0
Bellihalli kere,08/23,1,,,,,,,,,,,,,,,,,,,,,0
B. Channasandra lake,08/23,1,0.06241297293893147,0.08276506907690175,0.058462562447986824,0.08108911575745527,0.05524479817442176,0.06010083943608082,0.05387427729569763,0.05315723616216361,0.05886674729035602,0.04984176481045586,0.006889702070292134,0.008160017283975935,0.007053392995720927,0.006380045831683464,0.007725265137323586,0.008801280814054615,0.006778719413249026,0.009534766017917076,0.008780102070882034,0.007504572865610781,44
Byappanahalli kere,08/23,1,,,,,,,,,,,,,,,,,,,,,0
Kowdenahalli Kere,08/23,1,,,,,,,,,,,,,,,,,,,,,0
Krishnarajapuram kere,08/23,1,,,,,,,,,,,,,,,,,,,,,0
Basavanapura kere,08/23,1,,,,,,,,,,,,,,,,,,,,,0
Shegehalli kere,08/23,1,,,,,,,,,,,,,,,,,,,,,0
Mangamanapalya Kere,08/23,1,,,,,,,,,,,,,,,,,,,,,0
Hoodi kere-2,08/23,1,,,,,,,,,,,,,,,,,,,,,0
Jimkenahalli Kere,08/23,1,,,,,,,,,,,,,,,,,,,,,0
Kodigehalli lake,08/23,1,0.07527349754074425,0.10264589795089124,0.0717113002024685,0.09228347190684766,0.06543289565259149,0.06969408325873448,0.06231828455983306,0.06148524445219537,0.06492125196251625,0.05212349514010294,0.005635348060738348,0.006933006819768254,0.007061750110195373,0.0087125619988768,0.009579951689713467,0.010472626019968847,0.008202471679088802,0.010555568565763868,0.009225672601699873,0.007093017776549265,226
Gangashetti kere/ Devasandra kere,08/23,1,,,,,,,,,,,,,,,,,,,,,0
Vijinapura kere2,08/23,1,,,,,,,,,,,,,,,,,,,,,0
B.Narayanapura kere,08/23,1,,,,,,,,,,,,,,,,,,,,,0
Melinakere,08/23,1,,,,,,,,,,,,,,,,,,,,,0
Kelaginakere,08/23,1,,,,,,,,,,,,,,,,,,,,,0
Rachenahalli kere,08/23,1,,,,,,,,,,,,,,,,,,,,,0
Amruthahalli Lake,08/23,1,,,,,,,,,,,,,,,,,,,,,0
Nagawara Lake,08/23,1,,,,,,,,,,,,,,,,,,,,,0
Herohalli Lake,08/23,1,,,,,,,,,,,,,,,,,,,,,0
Hebbal  kere,08/23,1,,,,,,,,,,,,,,,,,,,,,0
Mahadevapura kere,08/23,1,,,,,,,,,,,,,,,,,,,,,0
Vibhutipura kere,08/23,1,,,,,,,,,,,,,,,,,,,,,0
Rajapalya Hoodikere,08/23,1,,,,,,,,,,,,,,,,,,,,,0
Achanakere,08/23,1,,,,,,,,,,,,,,,,,,,,,0
"Yekkalagatta kere,Mahadevepura Kere",08/23,1,,,,,,,,,,,,,,,,,,,,,0
Pattaduru Agrahara kere-2,08/23,1,,,,,,,,,,,,,,,,,,,,,0
Nallurahallikere,08/23,1,0.09888571465299242,0.1469964294561318,0.12128571420907974,0.16871666642171995,0.1193142861482643,0.12513571418821812,0.10675952370677676,0.09412738122045994,0.0638047619944527,0.05192738115077927,0.00622971288046052,0.007838207017115883,0.007560676953923745,0.008453765323539968,0.006999628402906084,0.007138153704578896,0.0061974479859815915,0.006768772063822605,0.007687093379151568,0.006250587509693212,84
Thubarahalli lake,08/23,1,0.05254727711676971,0.08913171923108294,0.05573341444976667,0.07355414511036187,0.05400873857717716,0.0602540089076052,0.05446267908323816,0.05682455922372157,0.06704856310306498,0.05216808581731114,0.008610753345414996,0.009482910514988573,0.009760963750031498,0.011448220738334361,0.012389705089979709,0.013377849458890357,0.01029024939077412,0.013145836466389631,0.016678381313931998,0.012323812295017054,121
Sheelavantana kere,08/23,1,,,,,,,,,,,,,,,,,,,,,0
Doddanekundi Kunte,08/23,1,,,,,,,,,,,,,,,,,,,,,0
Chinnappanahalli  kere1,08/23,1,,,,,,,,,,,,,,,,,,,,,0
Doddanekundi kere,08/23,1,,,,,,,,,,,,,,,,,,,,,0
Kundalahalli kere,08/23,1,,,,,,,,,,,,,,,,,,,,,0
Acchanakere,08/23,1,,,,,,,,,,,,,,,,,,,,,0
Varthur lake,08/23,1,0.07526390055094022,0.10978464720407462,0.08536016608731381,0.09922033186646417,0.0724576763901473,0.08136638995893763,0.07148174278407177,0.07406804976497942,0.05639668056331729,0.04071742754537782,0.008817291339634423,0.012369533973628135,0.01271932849819825,0.015334558130818339,0.015236000687418516,0.01764993363641358,0.012696942981827936,0.01715019856768744,0.008312905003814491,0.0060066376321464806,241
Narasipura Lake-1,08/23,1,,,,,,,,,,,,,,,,,,,,,0
Narasipura Lake-2,08/23,1,,,,,,,,,,,,,,,,,,,,,0
Ulsoor Lake,08/23,1,0.09142500068992376,0.11053750105202198,0.09549999795854092,0.11684999987483025,0.10666250111535192,0.1217750022187829,0.07643749983981252,0.13047500094398856,0.11711249966174364,0.12046249862760305,0.010878275430128224,0.016888231879335344,0.02989431208494937,0.03643898881586894,0.05107514156466648,0.05868783626595465,0.019402766599533133,0.06923602198449048,0.05135035290817472,0.058202337446295924,8
Gunduru Lake,09/23,1,0.04419571427362306,0.08931714264409883,0.053542857351047655,0.1184614289019789,0.0718214285160814,0.07191142865589686,0.04995000032441957,0.043644285574555394,0.02813857157847711,0.02035999996587634,0.0047759645476517995,0.005142205411367589,0.004466017064996707,0.0055770524069937875,0.011141888772244365,0.011589694743750002,0.007659686044616293,0.014197953780830875,0.01040214668984783,0.006041461582626513,70
Doddebele,09/23,1,0.02836463418675632,0.0527256095736492,0.031076829426172303,0.06886707314449113,0.03130853669036452,0.02872926840649509,0.013491463472657814,0.010325609771648377,0.01675731711453054,0.012847561037122476,0.0022989060131302455,0.002754987115462123,0.0020062888606041515,0.0036441417174275723,0.011113891727368765,0.011672716903166392,0.00747839506039387,0.013384308293813114,0.007876362168569805,0.004118110666184517,82
Somapura,09/23,1,,,,,,,,,,,,,,,,,,,,,0
Mailasandra,09/23,1,,,,,,,,,,,,,,,,,,,,,0
Kengeri 1,09/23,1,,,,,,,,,,,,,,,,,,,,,0
Kengeri 2,09/23,1,,,,,,,,,,,,,,,,,,,,,0
Chenvinayanahalli,09/23,1,0.05995614100924055,0.10050488529376554,0.08372943364393641,0.10904332744310972,0.06718271855007178,0.06830157846273607,0.05064650841191832,0.04718058041179186,0.03333267600181669,0.020280612695740746,0.0046232468377480004,0.0045118913190003536,0.011353688213913313,0.01136499498413138,0.01464849524703394,0.020847727447347066,0.01185186492922584,0.01950848734710507,0.01299810648299151,0.0061207215425499424,97
Annamma kere,09/23,1,0.04293448012009663,0.08356103159162222,0.05167955118653383,0.10368055798700891,0.07867588063048811,0.08054412830771014,0.05619811242518184,0.05512491650035566,0.042822504179761585,0.031085298463058398,0.006353314218781566,0.0043916570847115765,0.00709873086785749,0.006522179619203776,0.013024588361705194,0.014642448734334772,0.009248304785512421,0.01800014797240468,0.00878212800233486,0.006325554256307056,19
Deevatigeramnahalli kere,09/23,1,0.03859999869018793,0.057799999602138996,0.03505000099539757,0.06732499971985817,0.05500000063329935,0.06087500136345625,0.04380000103265047,0.04574999958276749,0.03142499923706055,0.02295000059530139,6.928207592092548E-4,0.0012668865873159498,0.0013883450314755427,0.0015105858308738403,0.0022649495669539873,0.004426272156291324,0.0020420583757851203,0.004669314661503044,0.0015352114925200808,0.0012990383186055963,4
Devarakere,09/23,1,0.02682644977951734,0.06100308130161043,0.035468765755304305,0.07856451656544608,0.05444076526892242,0.05757799079115881,0.03737410518291749,0.034564688847752274,0.03274137828980336,0.021077129259063868,0.002109195756722834,0.0018579607783818092,0.002848820725217073,0.0030241211259270993,0.009817596860030786,0.011339163945630441,0.005141454776067585,0.01404375756117067,0.009158528297203976,0.0042243757663332744,21
Doraikere,09/23,1,,,,,,,,,,,,,,,,,,,,,0
Goudanakere,09/23,1,,,,,,,,,,,,,,,,,,,,,0
Gubbalal kere,09/23,1,,,,,,,,,,,,,,,,,,,,,0
Halagevaderahalli kere-2,09/23,1,0.06870000064373016,0.11553333202997844,0.1291333312789599,0.1420500005284945,0.09656666715939839,0.1016500008602937,0.07666666805744171,0.07681666811307271,0.04311666699747244,0.024866666955252487,6.3770644267738E-4,0.0018098491046476771,0.002383042538405608,0.00522773115248505,0.0023084360850087146,0.008057035581571132,0.0036035473656045253,0.007721704464167635,0.0052894290687386545,0.002358436002591491,6
Herohalli Thotadakere,09/23,1,0.03363991933432047,0.063739044253921,0.0475390424935583,0.06673587293728975,0.05025455124791779,0.056345919321717564,0.039433378321812596,0.03621004737627241,0.037901618879034725,0.01874430227612754,0.002524325707088731,0.0033765954990446303,0.003975934253079953,0.004682027359399441,0.01273904808510265,0.013718205454043684,0.005054508542020032,0.012515945109624595,0.007829574260496765,0.0030775622318561366,6
Hosakerehalli Kere,09/23,1,0.013405882369946031,0.030052941182956976,0.017588235383086345,0.034341176423956364,0.03093529404962764,0.03355882371611455,0.019676470526439303,0.026500000440351227,0.030252940952777863,0.01819411780246917,0.004004625432473362,0.007714548497102071,0.004796185149018536,0.009525510859136575,0.010371224054724806,0.010188982417063713,0.007975811066101974,0.013698862564858708,0.007480493302986575,0.003921655091717814,17
Kempambudhi lake,09/23,1,0.035797674468783444,0.0723744185511456,0.04346511660273685,0.10547674395317255,0.07655348793365234,0.07748372090417285,0.05484186052236446,0.04414883723785711,0.017988372247579487,0.013723255828196225,0.005528971629466451,0.006188703097602442,0.012276578203216213,0.003933980105190565,0.0059829349372888365,0.00585288354963015,0.005545886050837062,0.005394586835921291,0.007808290555073128,0.005662230475670389,43
Laggeri Lake,09/23,1,,,,,,,,,,,,,,,,,,,,,0
Mallathahalli Lake,09/23,1,0.013174358991165765,0.05084551292925309,0.029428846226670802,0.07370256396153799,0.03351666683701273,0.0318410258131245,0.016716666707697395,0.013987820548488973,0.02009423084867497,0.01596346160229773,0.0037931089976873883,0.0037958535737567085,0.005618901414026301,0.007942912999113405,0.014393004151268093,0.016345657162627446,0.012714361178532129,0.01759375384290499,0.016511694599380577,0.012047646446763842,156
Moge kere,09/23,1,,,,,,,,,,,,,,,,,,,,,0
Muppatu Kavalu Hosa Kere,09/23,1,0.026805099230015644,0.05591750512530379,0.026038269801554322,0.06327660849892208,0.03092933329554235,0.02917486863550946,0.015957611014082954,0.01101136747539831,0.01576273768663871,0.01225572674726167,0.002471221292405204,0.0024032187395714765,0.0017761535673965407,0.0034639400609581547,0.007380338028624388,0.008891920684265031,0.006725585036085794,0.010750498899758482,0.008281446562050947,0.004545430872712679,126
Nayandanahalli kere,09/23,1,0.03047000902487506,0.050922212428730504,0.027802740289016054,0.04332840289464751,0.026063924658807722,0.026157158071327506,0.011224885385142706,0.015794094714682346,0.03322919140192899,0.02516739176609811,0.0047814679294825085,0.004684457966124861,0.0061249730974283325,0.00974748488966023,0.013373398694192159,0.016353286738364853,0.011759986756159005,0.01739778031021972,0.018124405282595145,0.013045256688951455,71
Sankey Tank,09/23,1,0.020742828602112726,0.03678636269032619,0.0239263122997179,0.03860788568749221,0.017966478144573146,0.01607837415860112,0.004957159669795136,0.007468303279208052,0.020237261985542827,0.015666300277813086,0.0038573973574097544,0.004040438792878007,0.0048924439012417555,0.007258158886577114,0.01014188690756204,0.01152330983024504,0.007882198391073052,0.01192179819506723,0.014682877675627166,0.011824351261459837,268
Subramhanyapura kere,09/23,1,0.03670475943621596,0.07168880281687513,0.048502132036647605,0.09262257247387358,0.052027112264728115,0.05138482686628518,0.0319857152508626,0.03149197535255601,0.035947013939823524,0.026713390566785157,0.009555922648098568,0.01285833527650759,0.014939695757598133,0.015951382774226582,0.021563601851410697,0.023379897517621134,0.016895040160386673,0.025693314685457675,0.022164268829882157,0.015811525156031375,65
Ullalu lake-2,09/23,1,0.05935000069439411,0.12939999997615814,0.15110000222921371,0.1839499995112419,0.11885000020265579,0.10590000078082085,0.09410000219941139,0.06434999778866768,0.036200000904500484,0.017500000074505806,0.0021500010043382645,0.0010000020265579224,0.007199995219707489,0.0020500048995018005,2.4999678134918213E-4,0.0027999989688396454,7.00000673532486E-4,0.0010499991476535797,0.005500000901520252,0.0022999998182058334,2
Valagerehalli kere,09/23,1,,,,,,,,,,,,,,,,,,,,,0
Yediyur kere,09/23,1,0.03226794964833495,0.08484845693262112,0.039648855547528825,0.09538890154539115,0.05103757483829072,0.05289489062664895,0.03353656289138656,0.030366987659421012,0.025139764614413137,0.01797072003010287,0.004053392858078024,0.0036387107555342804,0.003782012114405954,0.004701712318094864,0.010393155859871129,0.01392130407270306,0.009026294494712025,0.016671887485507148,0.010771388329586623,0.00564802231370135,71
Bhimmanakuppe Govt lake,09/23,1,0.03790000081062317,0.0786999985575676,0.053300000727176666,0.09799999743700027,0.06549999862909317,0.06129999831318855,0.05310000106692314,0.04749999940395355,0.05990000069141388,0.03350000083446503,0.0,0.0,0.0,0.0,0.0,0.0,0.0,0.0,0.0,0.0,1
Srigandhakavalu Karabu Katte,09/23,1,,,,,,,,,,,,,,,,,,,,,0
Janaradhan kere,09/23,1,,,,,,,,,,,,,,,,,,,,,0
Konashetty kere,09/23,1,,,,,,,,,,,,,,,,,,,,,0
Nagarabhavi (Un-named Lake on map),09/23,1,,,,,,,,,,,,,,,,,,,,,0
Sompura Govt.lake,09/23,1,0.05559999868273735,0.09830000251531601,0.10980000346899033,0.12620000541210175,0.10239999741315842,0.11969999969005585,0.08009999990463257,0.08250000327825546,0.05860000103712082,0.032600000500679016,0.0,0.0,0.0,0.0,0.0,0.0,0.0,0.0,0.0,0.0,1
Lakshmipura Lake,09/23,1,0.04415000043809414,0.0873000007122755,0.08765000104904175,0.11629999801516533,0.08527499996125698,0.08667500130832195,0.0592249995097518,0.07307500019669533,0.058200000785291195,0.03565000090748072,0.012529464595858495,0.02099404642352092,0.0396546676140951,0.02690836121646667,0.011475271199792548,0.016971943156052556,0.013811657902760899,0.01992779073808006,0.006614001247105448,0.003482456291807441,4
Amrutnagar Lake,09/23,1,0.027701785688155463,0.058226785622537136,0.04360000004193613,0.07184642885944673,0.035471428518316576,0.03545000014959702,0.018600000126753002,0.022983928622644662,0.031119642978800193,0.021287500043399632,0.002554022825676091,0.00260168174532251,0.002402676969942555,0.004672294968328916,0.014025419452403315,0.016051635543616608,0.010484733967430078,0.018924320815950992,0.014495349179789637,0.00823288397634764,56
Hoysalanagara Lake,09/23,1,0.061324999667704105,0.11424999870359898,0.10584999993443489,0.14664999768137932,0.10259999893605709,0.10927500016987324,0.0887250006198883,0.07492500077933073,0.034700000658631325,0.020149999763816595,0.0023498663994774146,0.0024233246392099564,0.0018337109224776742,0.0011884875871502852,0.007270831739066695,0.013173717514857727,0.0011627013324414278,0.009821245459761168,0.0038418735431728275,0.0012216794792621437,4
Basavanagar Lake,09/23,1,0.029687499976716936,0.05199375003576279,0.03330000024288893,0.06544374953955412,0.05040000006556511,0.05054999981075525,0.03676250029820949,0.035343750030733645,0.0300062500173226,0.019487500132527202,0.005261163502527272,0.0061559387696510925,0.004148644450996572,0.003856806566989474,0.00568847593239074,0.006734148251324056,0.00535418933829229,0.007333226360018528,0.00941212465126537,0.0052295884655547955,16
Ajjegowdana katte,09/23,1,0.04635000042617321,0.0888499990105629,0.06720000132918358,0.11100000143051147,0.08880000188946724,0.09085000306367874,0.07135000079870224,0.08579999953508377,0.07084999978542328,0.038850000128149986,0.0019500013440847397,0.007849998772144318,0.0030000023543834686,0.015000000596046448,0.01029999926686287,0.018449999392032623,0.006049998104572296,0.016199998557567596,0.006350003182888031,0.004849998280405998,2
Kodigehalli kere,09/23,1,0.04124999977648258,0.06964999809861183,0.05360000021755695,0.08810000121593475,0.05224999971687794,0.06200000084936619,0.039499999955296516,0.051649998873472214,0.04039999842643738,0.02285000029951334,0.0019500013440847397,0.0019499994814395905,0.005099998787045479,0.001400001347064972,0.0013499986380338669,0.002699999138712883,0.0035000015050172806,0.01954999938607216,0.0032999999821186066,9.500002488493919E-4,2
Kommaghatta Govt. Lake,09/23,1,0.024447953306704934,0.03733216386223048,0.023787719322836888,0.04323450321255372,0.020055555624135753,0.017476608185642208,0.004709941514113126,0.004482456153273659,0.01509122806465068,0.011273684255147015,0.002583921088485373,0.0030111809406918382,0.0018503740416397111,0.003135447601397269,0.007520724760117231,0.00843416424093219,0.005371145027073133,0.008626339187424007,0.0064545630822911365,0.0029310712474016716,171
Manganahalli Lake,09/23,1,0.013979644787246,0.03216686442628749,0.018519922370104646,0.029397710018714208,0.004370433039182817,0.003391968094575356,0.0011025869476154206,0.0020364978916015495,0.010073109664046365,0.008420032463622133,0.003999893438769327,0.004631407297181706,0.0038614044404547735,0.005294219116580766,0.008886339515915017,0.009438026309164727,0.004577967158916594,0.008580894657416715,0.009285778222332378,0.004580885104678366,950
Bhattarahalli kere,09/23,1,0.03196738318967813,0.04694589599361089,0.03637418525962681,0.06366538463802558,0.03729480144806097,0.037940005532750176,0.022042311971664712,0.02521515563665964,0.033395352926956785,0.022991954659404207,0.004076242928060586,0.00490066212125987,0.006146344610958802,0.007302463485685389,0.010503177114962407,0.012402448611739529,0.008180839758896906,0.01435956081119484,0.017804425241813568,0.010179348809957457,70
Thirumenahalli lake,09/23,1,0.049051851862006716,0.08630987624695272,0.05950740770793256,0.09476913557744321,0.05459135828286777,0.054955555539992124,0.03710864198014692,0.03458024712026487,0.030644444449816222,0.01969382709559099,0.00573238828773859,0.008636237698580908,0.008139444883196659,0.009211675726865294,0.015096497628498391,0.017241931049734576,0.014691958006111103,0.018950086756856346,0.015164912430603049,0.009305173698817308,81
Avalahali kere,09/23,1,0.048553662912427215,0.07386301464025741,0.05107992892453009,0.08984865218939588,0.05111863566671167,0.04892618277262913,0.029779264639847862,0.02516634398044675,0.012556013206539198,0.009322276699213126,0.007180443019993793,0.00841491898304953,0.0055184728833854325,0.0103808191747076,0.011362028036263057,0.012867662731880388,0.01124177730116372,0.01470184501234981,0.006693171294280956,0.0033160855191378892,1686
Begur Lake,09/23,1,0.010692906583247768,0.031192906668158344,0.017170415230894583,0.056566090029777125,0.023283391046921068,0.020779757842640665,0.00611384083143984,0.004535121120482073,0.013068685138108254,0.011217820116521783,0.011555593042033114,0.01677324856480722,0.016527856380652035,0.015488960831857627,0.014053245450798274,0.015583613929971398,0.013221873424826074,0.013719924522178847,0.00963986296067207,0.005895894193383938,578
meenakshi lake,09/23,1,0.06466041965320864,0.12915516015842476,0.08821808912022647,0.1522742982542917,0.0787594704998344,0.07988420744334922,0.0545342785971958,0.0463178340445434,0.033759611604224575,0.022983442197958084,0.006969657823164778,0.004907487266064042,0.006631695630246494,0.007756882607124081,0.021508445057719018,0.024331632216358746,0.019600693111374506,0.02882727664190259,0.023833829571363308,0.01433601733178737,83
Kannuru kere,09/23,1,0.03957566581732909,0.07502441931292385,0.0600126388819245,0.09203516760465755,0.04569618414479702,0.04377067978539525,0.02641625725109946,0.02398780477236951,0.021120092200156683,0.015128260818452376,0.015490102218953946,0.027497098341664597,0.035449493090594905,0.03695508220767671,0.02738454679613322,0.028688466504410707,0.02405305735528353,0.024563148937128097,0.015224643038486427,0.008795168526142672,415
Kannuru kere,09/23,1,0.03957566581732909,0.07502441931292385,0.0600126388819245,0.09203516760465755,0.04569618414479702,0.04377067978539525,0.02641625725109946,0.02398780477236951,0.021120092200156683,0.015128260818452376,0.015490102218953946,0.027497098341664597,0.035449493090594905,0.03695508220767671,0.02738454679613322,0.028688466504410707,0.02405305735528353,0.024563148937128097,0.015224643038486427,0.008795168526142672,415
Doddagubbi kere,09/23,1,0.060743154620218884,0.09863793314098561,0.07927064450612714,0.1116237788459058,0.06440377667590479,0.06395106465396526,0.045882516937474346,0.044260788179810516,0.031743092563677154,0.01987651145983487,0.016424207483429806,0.022733081563671865,0.024152571918691395,0.023736502316159192,0.020737560336210072,0.023838880915736084,0.020882392970966657,0.025066690284221354,0.017187802289759416,0.009193805247230498,197
Suggata kere,09/23,1,0.04786666648255454,0.08852222147915098,0.07252222382360035,0.09205555667479833,0.05255555527077781,0.05547777811686198,0.03580000044571029,0.03454444453948074,0.042000000468558736,0.026355555488003626,0.00397883249421391,0.005940216157554126,0.006879079054385486,0.006915540063523306,0.00916116311516996,0.011652732476695358,0.006471990813604656,0.01135851255233052,0.009146340732232637,0.004776589195579519,9
Yelahanka Lake,09/23,1,0.024789410461774217,0.04478361031317617,0.028056282956177295,0.050275411116555944,0.01596265917442065,0.012967358959790504,0.0038331594359732133,0.00455682910625918,0.013396562101962231,0.011277909199701092,0.004993221276097418,0.005060000767864841,0.004534957507265421,0.005442098606243083,0.009291302185687654,0.010466955542845796,0.006760646525006364,0.009435759166531249,0.006927206521527579,0.004211684689142427,2115
Dodda Bommasandra Lake,09/23,1,0.036739766185098346,0.07352178960802941,0.042885610291978675,0.08391099841719603,0.03721965806786036,0.03678904691471694,0.01936381826591974,0.01735973852587051,0.015217462166145867,0.011056501903931669,0.009392732521125406,0.010168567211167498,0.010651389485563142,0.011302022447154048,0.014530722271668099,0.016045109001840852,0.013074714786116635,0.017607874831715102,0.008964383639100945,0.0041099679996496165,494
Singapura lake,09/23,1,0.05374540978884593,0.11496161838448271,0.09727908332406533,0.1514368123747471,0.08023156630197471,0.079230680340155,0.0542788587280078,0.0429379218965251,0.026350790385452103,0.018748503518743378,0.004807634959908438,0.007762005310412871,0.011150366609352492,0.010855056898837454,0.014468568047914698,0.015838831392666584,0.012702056638228147,0.019430996973807558,0.018990812266779022,0.01257073514106798,105
Chellaghatta kere,09/23,1,0.037287500221282244,0.07401249930262566,0.0513625000603497,0.08372499980032444,0.06515000062063336,0.07027499936521053,0.04923750041052699,0.055300000589340925,0.054250000044703484,0.029824999859556556,0.005774175222805078,0.006365617794546795,0.005574481621826439,0.0069663029176859955,0.014371238237177278,0.014480655653590978,0.010748132120573796,0.017734923268968215,0.01641493206893676,0.00786507275754322,8
Bellandur Amanikere,09/23,1,0.037758204259280066,0.06456830999223699,0.048529366237885306,0.08096510573145999,0.03568302823269976,0.03275570429916474,0.0165148592031163,0.013087640862892878,0.013246056365675595,0.009606866209528369,0.014489931775009086,0.021133693349126556,0.02029623364684318,0.014623987759889531,0.012179150424924649,0.01429694577549298,0.012036122522136287,0.014945545531876674,0.007334457471449083,0.0036008154515932756,2840
Abbigere Kere,09/23,1,0.06953749991953373,0.13228750135749578,0.1364500019699335,0.1621375009417534,0.09528750088065863,0.10558749968186021,0.07698750030249357,0.07471249997615814,0.046262500109151006,0.027712499722838402,0.004725447130248152,0.0147131260563355,0.03316624942270554,0.0318999586084574,0.025464213652236847,0.031052714705467117,0.023599545659593584,0.02782222347253119,0.010299021869821005,0.005726786933745035,8
Kammagondanahalli lake,09/23,1,0.03270909122445367,0.07540909167040478,0.045690909028053284,0.10584545270963149,0.06350000101056966,0.06609999998049303,0.04980909113179554,0.03658181805671616,0.04151818173175508,0.02658181832256642,0.008282671856792918,0.012133458993410392,0.010143645852998952,0.01947722964348371,0.0133430959460801,0.01810579940789957,0.008214229091107783,0.021656609716813255,0.014540151902491636,0.011960983722021984,11
Mallasandra Lake-2,09/23,1,,,,,,,,,,,,,,,,,,,,,0
Chikkabanavara kere,09/23,1,0.03420499738923389,0.05063824825913425,0.03119415449426896,0.056539565766330915,0.026923273189118177,0.024901938632768815,0.011964318617271881,0.009789761368732136,0.011888939099266766,0.010033456671793249,0.011925473849731461,0.010467602704849735,0.009549326953626121,0.009295358726723777,0.01442700454982751,0.0156781427842816,0.01389009018832248,0.014700159472088678,0.009224782804909255,0.004905080908116157,605
Mallasandra Gudde lake,09/23,1,,,,,,,,,,,,,,,,,,,,,0
Bagalagunte Govt.Lake,09/23,1,0.04308727156101306,0.08744062737617789,0.08389891062415779,0.0960629021532918,0.05436599860170819,0.057917088645314696,0.03887218815122699,0.03596791630138261,0.03520884921282218,0.022202484989693058,0.002173187335802288,0.0029073531608073936,0.0033934012408865124,0.0033745226548562188,0.011372980371879629,0.012065310674664079,0.01007659657098716,0.016186254942758174,0.0140692885802074,0.0078197440157057,27
Lalbagh kere,09/23,1,0.015491658625534165,0.04114427910909182,0.020256435014718688,0.05648661211358849,0.027051100999420895,0.026323419051945237,0.012450584867274708,0.012652160949231425,0.018933724490653423,0.012722855171775863,0.0067385566557680585,0.005859727323868224,0.00588339732616865,0.0064112554573823805,0.009114762695622279,0.011107280611692968,0.006391792103065723,0.012711356196273787,0.008370729349971528,0.004452934076010867,217
Chikkabellanduru kere,09/23,1,0.06128181788054379,0.11107272790236906,0.09613636406985196,0.1393636390566826,0.10539090904322537,0.10780908980152824,0.08068181777542288,0.08214545419270342,0.05517272752794353,0.031718181784857406,0.005310507296699796,0.009956550856273767,0.011552431886309555,0.012357058179666277,0.014561995715413141,0.013539467048755105,0.008049484846458298,0.01476219762576502,0.007017393240507833,0.006208764583565213,11
Carmelarm,09/23,1,,,,,,,,,,,,,,,,,,,,,0
Gunjuruplaya kere,09/23,1,0.07602088092273904,0.13422815225865295,0.1323264280331402,0.16999526634519346,0.1103466294140955,0.1121822498284484,0.08717457117682538,0.07857433294518386,0.03520093477521165,0.02069751997890536,0.008302650389446591,0.02047486210409078,0.025871324157600434,0.03374692812400885,0.02197036326997373,0.022109293375106344,0.01861753761229729,0.01759682311161623,0.014630615068379666,0.006727213195815512,97
Govt. Dinnekere,09/23,1,0.0994535702325049,0.16903630848087015,0.18475297261916457,0.19418928568207083,0.1398827361741236,0.1371446473612672,0.11544166806907881,0.1057321439896311,0.05109583304840184,0.02587500070443465,0.004500001668930054,0.007250003516674042,0.008649997413158417,0.007500000298023224,0.002750001847743988,4.5000016689300537E-4,0.0034999996423721313,0.0027000010013580322,0.00455000065267086,0.0021000001579523087,2
Panattur Govt.kere,09/23,1,0.08683424862634719,0.14999604289640384,0.13656913442749924,0.1535695237336808,0.07812848408171959,0.07667051985979197,0.055469955219624494,0.05237726999508801,0.040545229029353466,0.027810728360193302,0.007901670986265805,0.01151059081224234,0.018398785044417425,0.023072363085764616,0.028733586530866988,0.02920613296990529,0.027177849993274602,0.033510481204287144,0.022031341872586315,0.013770704954782277,79
Gramadakere,09/23,1,,,,,,,,,,,,,,,,,,,,,0
Ambalipura Kelagina kere,09/23,1,0.02289279650549515,0.05027923748781116,0.029474576343229766,0.054891101479277775,0.033743220420901554,0.035899153014771264,0.020111017146195145,0.026320762496236397,0.03320466094034708,0.01979067788648782,0.0023097533893784534,0.004519709586897443,0.002655654511115856,0.004666465002944448,0.01442830930469734,0.015600195456482852,0.007442267410047378,0.01943778425457787,0.006502568683299268,0.0034312668913322464,16
Melinakere,09/23,1,0.020025600838626118,0.039485483062638556,0.027158263509854667,0.05008808229083871,0.02690514963112914,0.026441491140457362,0.012336978977811872,0.01531314364397627,0.02414153993052996,0.015787984411240852,0.003204976804670156,0.003957552605274103,0.002606229156752116,0.006688192630034312,0.010751762675844836,0.010891124806423525,0.008467039900138671,0.012807311282225772,0.007901792220448045,0.0046634140888829325,24
Sowl kere,09/23,1,0.01952830188374662,0.048233962471380176,0.0262660377149312,0.06427358500893761,0.04018993715538918,0.04016729572541871,0.025187421426083306,0.024459119566932978,0.01938427677202337,0.01270566042805524,0.009186236174544858,0.014255445040253698,0.011966997598813782,0.01379394390517052,0.012693301058847563,0.014299164164628191,0.010778272773376498,0.014069192001487579,0.007914730665864315,0.003819418224119892,159
Bhoganahalli kere,09/23,1,0.03300020424769478,0.05349696610072749,0.03398662752726138,0.06953006355164651,0.048525887500297585,0.04790072132384935,0.03162490837645927,0.03240077528449333,0.028852373803747198,0.017980397373707484,0.004140507954747977,0.0059876244663450255,0.005039253522592226,0.007256227348261801,0.008629576133324249,0.008596731277066626,0.008005044394809008,0.013181279544443873,0.014415951633835883,0.008530532956786128,29
Devarabisanahalli kere,09/23,1,0.05059359275571652,0.09605743908213452,0.06407643406869695,0.07943664370171567,0.03786571102312192,0.03875233138751729,0.019688872520599175,0.02199660246996571,0.027265842251688596,0.019953386243895713,0.007235622273871797,0.011414648049166464,0.01685698341688081,0.01736977135731448,0.023086411317164934,0.029225032381555514,0.017251295746801457,0.025169312208152477,0.012307502585542578,0.005646810076951483,71
Doddakanneli Gramadakere,09/23,1,0.028265946314407788,0.05832561532366102,0.03519739182226717,0.07872987780268964,0.03925435266644309,0.038281429087833,0.019807237677966223,0.01645420590806896,0.020152791795307698,0.014851164033737218,0.0043199809371486445,0.010771695179681092,0.008228187589187324,0.015496464997521879,0.015589461288890568,0.018758688878676422,0.015526444159216654,0.018099673154116577,0.013033856313685858,0.006480124071461872,59
Lakedew Appartment lake,09/23,1,0.039914892287386906,0.07905930324853194,0.045724939807145086,0.11841239021042509,0.06698967695870031,0.06620842742710818,0.04241258665086669,0.030702260910530618,0.021098377621911305,0.015263941955026731,0.0030953492600800615,0.0029238972821444644,0.003114198913897825,0.0039348140985574365,0.009042404877733412,0.01093064192681999,0.00790337452483253,0.012409191095221516,0.011576519621695588,0.006327026092065365,158
Kaikondanahalli kere,09/23,1,0.050085252768697915,0.07815571589702484,0.0555625643465791,0.09639198787121828,0.054173383276122145,0.05338602071777317,0.03402414776586834,0.028802154873284806,0.019801044835304288,0.01460979582142136,0.0035961305744190365,0.00487873520438811,0.0054522220867140566,0.006053994243955095,0.007339482191476175,0.008920695858454121,0.006828198968199249,0.011037366226018627,0.008988501106741108,0.004695650745529031,271
Kasavanahalli kere,09/23,1,0.038612837791355006,0.0743870893786114,0.04262267147917111,0.058791405605518786,0.01763320988927277,0.015845908492904917,0.004917448503136129,0.0074591699280016355,0.016326007806443117,0.011522413137161583,0.009062590228888112,0.0111897058361376,0.009508921739102947,0.005521267374721966,0.013784577783631484,0.015524589731069379,0.01037454868047713,0.01707594781311745,0.011311902736336008,0.00527720415901724,287
Mestripalya lake,09/23,1,,,,,,,,,,,,,,,,,,,,,0
Tavarekere lake,09/23,1,,,,,,,,,,,,,,,,,,,,,0
Byrasandra Kere,09/23,1,0.04532500002533198,0.08886249996721744,0.05275500016286969,0.1132625002413988,0.06928249998018146,0.07197500029578804,0.049147499818354846,0.045247500156983735,0.0321475001052022,0.02177999997511506,0.0020768667625302786,0.0015426738858793148,0.001646048148782179,0.003685491228766562,0.008632116649050718,0.012795091743979541,0.006167494966309736,0.014887998282848175,0.010644528739725174,0.00504084328153763,40
J P Park Kere,09/23,1,0.09228684243402983,0.1705973685572022,0.13231315836310387,0.18672105179805504,0.12122894725517223,0.1274789481570846,0.09725263224620569,0.08888421041008673,0.042502631433308125,0.026123684340793835,0.013975903472400186,0.027029179318152064,0.021454961090762347,0.03230843292971209,0.017903659322684836,0.021946779487691623,0.015379288430221575,0.01987569996492926,0.01775336136475143,0.011170718897091585,38
Agara kere,09/23,1,0.012294116840649589,0.03010122464228333,0.015993273207953147,0.03618792940738792,0.01174812895669252,0.009847483540510526,0.0022996375000917733,0.003920501027265299,0.014394457195345968,0.010505220877542902,0.0045002527556425595,0.005545371943536322,0.003811864350373522,0.0041866459206040835,0.00899401799812518,0.01045204318650952,0.005021240423924774,0.009741684815090659,0.007284895181824501,0.003625951502022775,535
Ibbalur Govt. Lake,09/23,1,0.03507432186226126,0.05204168489198782,0.03522735232307986,0.053609245417219814,0.03443699130111862,0.03365454070679681,0.020771630144936874,0.024648260359430216,0.033309124649606274,0.022468960756757986,0.006397068547936064,0.00599059557059126,0.005839491637086288,0.007405931107210389,0.013117950662285972,0.016389843092377503,0.011667404540827988,0.02006145954693768,0.01209452566682991,0.0059722430438097504,37
sarraki kere,09/23,1,0.045853938114003887,0.07426843684107838,0.04253518657710217,0.05005258241818796,0.02708764446808133,0.025359840887046386,0.012938535492135708,0.015249172486401764,0.022666160875721483,0.017008288472696403,0.007297439396265441,0.012258608012696709,0.005824008950583578,0.013113517344660777,0.015507248995209465,0.01691839331057723,0.013317572638862506,0.01772511936992058,0.015366186176474714,0.00916277417337501,482
Puttenahalli Kere,09/23,1,0.01973023259102605,0.04222558126893154,0.02475581409106421,0.056095348974299984,0.03169069768384446,0.03344883726433266,0.018346511520618617,0.020102325748370658,0.02652093040388684,0.019513953498802906,0.0032205397514757763,0.003453282389949633,0.003086452031959905,0.0036642178469868,0.009081794070256288,0.011519152527750704,0.0073894440211906085,0.013076581168589056,0.007867021568284418,0.00443420000517206,43
Madivala Kere,09/23,1,0.009702519117423637,0.027053577954436976,0.021668232890212524,0.047991966432779656,0.01918925708672344,0.017010216175978962,0.006580715138437894,0.006023954988422015,0.01006756633606834,0.008241038619198717,0.007465217056661816,0.010167878261827627,0.007486431142822021,0.009539699173386429,0.00973033355127488,0.010748369999124726,0.0076745069638056804,0.00907131140357449,0.006412874882100802,0.003637214075183747,1631
Somasundrapalya lake,09/23,1,0.010603669175100718,0.040976962229961396,0.022277674056409014,0.06159126109031272,0.02606857921149476,0.02621283081086998,0.009134978953234715,0.01275999566168587,0.031576940313698995,0.024805314867465875,0.0049130836558666175,0.005344785621146032,0.005955870785684821,0.0072511916866790874,0.014940957968776033,0.01752886107958979,0.01027532735689084,0.01905569237398023,0.019297339487374228,0.01347308943811658,53
singasandra,09/23,1,0.05986459099005589,0.11273169315326612,0.11511068854162462,0.1251115215990734,0.09368429638334587,0.10508224802250979,0.07056970310615562,0.08215213761592222,0.06218066937584417,0.03976263941289878,0.00271691150957587,0.0026603747043008794,0.0038101959692504843,0.008143069897467594,0.00891143011551363,0.014651635694963937,0.003631860079652429,0.012146012438329188,0.007972554467375208,0.0037565933740863985,5
Kodagi Singasandra kere,09/23,1,0.04738030219286546,0.09636627015646944,0.06411214880551536,0.1010879005612473,0.051409089163688186,0.05387192785919884,0.03424731762428259,0.03435295423280465,0.03925142412678075,0.02633986912253414,0.0034662608404259017,0.0038692304435749445,0.006313012095542051,0.007303597543983072,0.019158086525944397,0.021064083975608043,0.01658756862533367,0.02559825092635941,0.020574095612209478,0.013762879298101476,39
doddakodlu,09/23,1,0.03226285720510142,0.08095428603036063,0.032560000089662415,0.12753428646496365,0.09012857185942787,0.08988571379865919,0.06345428547688893,0.04787999987602234,0.013348571370754923,0.01029428570930447,0.0040634317763347284,0.0028303800145776568,0.0027059936649207876,0.002089693878098684,0.003693822338712918,0.0037718615476652994,0.003200030803708763,0.0044418658093720274,0.001984996794781549,0.0017957000550441365,35
Karabu Kere/Konappana agrahara lake,09/23,1,0.0064814166923514325,0.037908114859493185,0.016614346677089616,0.04595453992262199,0.026261533168139308,0.025812911651247765,0.015119636770587511,0.01457094850101711,0.03341824699396164,0.0233292086066616,0.0020328551521232217,0.003169745246803902,0.0022124784856934745,0.004532665628958551,0.0073973154891047894,0.009795591229658496,0.004991572976169043,0.014015595698371549,0.013175018028748983,0.0075803944043673615,18
Parapana Agahara Lake,09/23,1,0.04815688946558655,0.09699699623863689,0.07126507559914806,0.13676133629259882,0.09099105948723236,0.08399498905791392,0.05670296173191459,0.04984841005219638,0.02494308742355204,0.018155008146411394,0.007040557432218104,0.006934261611943207,0.00779760395653474,0.007675814985977873,0.011041925201313993,0.011476489919260348,0.009083225781671825,0.015115984523928172,0.01542992595414304,0.009140543281201452,85
Kudlu Chikere,09/23,1,0.024075000174343587,0.05750500001013279,0.033530000038444994,0.0738249996677041,0.04557500006631017,0.051449999865144494,0.03042999990284443,0.029885000246576966,0.04134500036016107,0.027620000205934046,0.0034509239838673724,0.0048742671044684875,0.004666915722418153,0.008731831480346109,0.010948510173246774,0.013019120419641837,0.008066480219792,0.015620828555461232,0.012037544707862656,0.0073219942435650415,20
Kelaginakere,09/23,1,0.05849554668311404,0.1037316983351442,0.0653092839000682,0.07132057326583165,0.041592656492552595,0.042217822451139884,0.025527720050859595,0.032004903808748486,0.03769650467950889,0.024333262477623626,0.005417974276463583,0.006806752931394806,0.00754249362169202,0.012362923574193,0.021934226585473886,0.025140943851750135,0.01993419535885768,0.028724563617557427,0.024927398469020513,0.014415192238726632,51
Melinakere,09/23,1,0.010921204802780441,0.031669502102951476,0.017778998882936957,0.04471849181640425,0.027041934711221575,0.02799999998575889,0.013968972964880687,0.01494874505375049,0.027806037225146588,0.019417270427091387,0.002332538795149709,0.003326562328813545,0.00174607423082146,0.004027185018571272,0.010576973415007119,0.009235615754521559,0.005140004100367554,0.013141472095954712,0.010743881340049164,0.006436869927384189,29
Basavanapura Kere,09/23,1,0.07567756834136538,0.1364526103814127,0.11215126299205215,0.16765996013111545,0.10309865148938878,0.10442413495923313,0.07401633093495104,0.0663947209617531,0.03926851600804973,0.025764259256694195,0.0017487605882514866,0.003516083765962435,0.0035470673258018934,0.005015934126031424,0.013508842639075891,0.013454151570274311,0.009599752122820408,0.022709387778333475,0.021978476930932158,0.013893910535478197,28
Swarna Kunte Gudde Lake,09/23,1,,,,,,,,,,,,,,,,,,,,,0
Chikkabegur kere,09/23,1,,,,,,,,,,,,,,,,,,,,,0
Elenahalli Lake,09/23,1,0.06968592015524745,0.10035875628025508,0.07731788426143363,0.08237531959899919,0.05680593855357576,0.05851825582724633,0.03616309458594247,0.047195522749342404,0.058151009593464,0.036817907567655114,0.003987003178762755,0.00746361899437341,0.005216370785964297,0.01377230808018225,0.023835639496737816,0.023581617609877408,0.017224129701507954,0.02714248888201604,0.02526411206880399,0.013185957552710882,17
Kalena Agrahara Govt. Lake,09/23,1,0.03199508250010684,0.06563844794561245,0.041285406244654314,0.06766014719007496,0.042893549747397466,0.04207151568682548,0.02614960885194354,0.03550146911979529,0.04316899283135849,0.028757001547392382,0.008485937538675993,0.00982413389366447,0.012607377658378141,0.015336150118191377,0.020795307499838503,0.021776569613626725,0.015336101296044255,0.025404157201598502,0.01899496828173415,0.012418680175189845,25
Infrastructure Corridor,09/23,1,0.03668571423207011,0.07295714318752289,0.038428571607385366,0.11458571361643928,0.07627142752919878,0.07752857037952968,0.053942857044083733,0.03830000013113022,0.01969999953040055,0.013771428726613522,7.989790293302736E-4,9.795885054010144E-4,9.527619337026943E-4,0.003712693278540931,0.007238529986598265,0.00777591727224664,0.00545471113479925,0.006728192997438853,0.0037393658625783934,0.0016679453779575653,7
Beratena Agrahara Lake,09/23,1,0.13693976608242875,0.2082310816289975,0.19677865981290346,0.19924954713808982,0.1447487512035042,0.15027092256248448,0.1162712246635394,0.11707503889093676,0.07635260574530889,0.054325603476227495,0.012782750896723132,0.026068311757192892,0.0334522985053965,0.033314533673366446,0.023088975922673352,0.020154777320968396,0.023142319657205743,0.024119894590522495,0.018707868093278852,0.014049674908650858,11
Mylasandra Dodda Agrahara kere,09/23,1,0.038682692268331854,0.06375049876476957,0.04091867413243832,0.08933256236117011,0.04498828186883864,0.04337774334195674,0.02453985565131221,0.020202942310492602,0.01883169272573638,0.013029740333160353,0.0045378169470623,0.008626004535886665,0.00608639282752949,0.005591488191764078,0.009170459666782685,0.010949453696271557,0.007542436331802021,0.012984813638231292,0.007322051956964885,0.003748632031052124,103
Arekere Govt. lake,09/23,1,,,,,,,,,,,,,,,,,,,,,0
Hulimavu Kere,09/23,1,0.08899000003933906,0.14701800048351288,0.1290940000116825,0.15028000071644784,0.11661800011992454,0.12516799986362456,0.09645600013434887,0.09751399986445904,0.044008000157773494,0.024390000086277723,0.02358901683306545,0.03773150234671375,0.04276437523417554,0.04111714107428387,0.03379594482355974,0.0372204700923184,0.03126980089828997,0.03373671548471182,0.01663797858034696,0.009903317712795491,50
Akashaya nagar Kere,09/23,1,0.04315557423948418,0.07058270299113216,0.05904327540124611,0.07814764878744751,0.0443127258389512,0.05222081527510821,0.031410753115061,0.03100887909029335,0.03836501131568622,0.022765471847144173,0.002359893802033669,0.0036656805204175378,0.0029693232663871444,0.004272416012087638,0.0089500771867221,0.01061422927030173,0.006650918894643225,0.012524565109838926,0.009053912609785102,0.004321096241415282,12
Gottigere Kere,09/23,1,0.0442500002682209,0.07719999924302101,0.08889999985694885,0.09735000133514404,0.06949999928474426,0.07440000027418137,0.05835000053048134,0.05079999938607216,0.037949999794363976,0.022699999623000622,0.0014499984681606293,5.999989807605743E-4,3.9999932050704956E-4,0.0014500021934509277,0.0012999996542930603,0.0064999982714653015,8.499994874000549E-4,0.00989999994635582,0.007749998942017555,0.005199999548494816,2
Kothanaru Kere,09/23,1,0.033233859847411965,0.06430723976749893,0.040011139947811816,0.0669140997428396,0.03704062716873126,0.03720481291096153,0.023260104777879403,0.024396299097445947,0.03004954829487647,0.01995933586687121,0.004855902231715219,0.005179241035123576,0.006580710512099997,0.008297063663455305,0.013773785765775134,0.014912176200050973,0.010903419556975878,0.01673489630144497,0.014939006578771825,0.00857791409575856,85
RBI layout kere,09/23,1,0.019899999722838402,0.03620000183582306,0.023099999874830246,0.0333000011742115,0.04430000111460686,0.03480000048875809,0.019300000742077827,0.026900000870227814,0.03830000013113022,0.020400000736117363,0.0,0.0,0.0,0.0,0.0,0.0,0.0,0.0,0.0,0.0,1
Chunchanaghatta Kere,09/23,1,0.040818579496055024,0.07840317163635406,0.04762544156559704,0.09330961949788348,0.054803635833091974,0.054302006888294535,0.035722492828142695,0.034221141307614236,0.033172479188173114,0.023752844037741028,0.0061549314701386275,0.008248884345338535,0.007557577426151474,0.008104730019426444,0.01554493004157573,0.01797610696159249,0.011940793028504367,0.02202471918767943,0.019623873979536625,0.013647368926406132,87
Alahalli Kere,09/23,1,0.03179523810034707,0.051496428481879686,0.03607738088993799,0.06908690490360771,0.0456642860413662,0.044609523843973875,0.029742857064342217,0.029991666822405977,0.02624642862273114,0.017240476262356554,0.005148460282494132,0.0036070846500143535,0.00385438386711824,0.004850767796869042,0.009861923569061648,0.011941270875306978,0.0077090745508703725,0.013197575852678159,0.00893323720790053,0.0050621875357310985,84
Kembathahali kere,09/23,1,0.046657339768966924,0.09262125053905466,0.05923174356594563,0.09456163265351965,0.06283842050680168,0.05699523055267574,0.03978070982440193,0.04348595660213415,0.05202718547268494,0.035162692214399334,0.00203396770152615,0.0023826165195161126,0.00496028928841911,0.0072437377615139145,0.018555237572748833,0.018012118192711694,0.017840139012739266,0.02482362609866186,0.016627762209079498,0.011146737096857373,11
Doddakallasandra  kere,09/23,1,0.05169999971985817,0.0846249982714653,0.059875001199543476,0.10747499763965607,0.08375000022351742,0.08682500012218952,0.06642500124871731,0.05972500052303076,0.0423999996855855,0.028149999678134918,0.0017930418666153593,0.0016253860130701246,0.0025907295319421413,0.003030986452542228,0.00182277398765508,0.0028916918527982192,0.002151015490176362,0.003179131764590184,0.005271148274842082,0.0017051394798714796,4
Konanakunte  kere,09/23,1,0.05799616027988085,0.09578485332180409,0.07617629855751114,0.10061649629737167,0.07196826269595395,0.07670367318138206,0.056642474119670015,0.05981194606113981,0.044838137134404564,0.03216985044557213,0.009216736874662491,0.010671175566276196,0.010938700207444425,0.010880097323069143,0.020648737425811383,0.012473639069834943,0.013428987566404973,0.01391000284245351,0.016201558242426747,0.01115068210459022,17
Thalagattapura lake,09/23,1,0.024936841898842863,0.0430052629426906,0.030078947446063944,0.04265263186473595,0.03058421072599135,0.03231578957485525,0.015010526330259285,0.024499999788148624,0.029342105121989,0.0205842106554069,0.00498779674377321,0.007486160371678358,0.008239352273278397,0.010474950762806329,0.017649787823009303,0.02179928257557748,0.009834145341278354,0.026288339782084717,0.013818991863260396,0.012692487188041014,19
Vajarahalli Govt.Katte,09/23,1,,,,,,,,,,,,,,,,,,,,,0
Harohalli kere,09/23,1,0.035895158374882,0.07663884791050243,0.045042507331429976,0.08441854142868456,0.028581906466408003,0.02769341500920071,0.010762110604464295,0.009394999304543721,0.014478810157997925,0.010478935357540284,0.006674136751116383,0.010431306871632259,0.009268922709486078,0.012895189313893366,0.014365182769077934,0.01715722317974761,0.014288598219521217,0.019797117814984447,0.01176564229544226,0.006241357255815274,163
Puttenahalli Lake,09/23,1,0.01465714294906883,0.029645238249074845,0.018116666735815152,0.045421428623653594,0.02752380935652625,0.028328571516924837,0.012471428573397654,0.014911904803565926,0.025161904948098317,0.016395238117270526,0.0028903075293588154,0.003882328850186781,0.003045208336191833,0.005043502916359636,0.009853856019948726,0.011934270062014475,0.0058063711357750035,0.012991612887898931,0.006685198791681327,0.0035246716957360287,42
Chellakere kere,09/23,1,0.06259090978313576,0.07912727242166345,0.06306818195364693,0.08614090897820213,0.07262272760272026,0.07475454563444311,0.057586363262750885,0.05901363661343401,0.04070909084244208,0.02420909118584611,0.004945789013982208,0.004310998891305246,0.004253168454943163,0.005849526494148847,0.00669517694383655,0.006971678097960055,0.004056341148537443,0.008327572327037595,0.006513127170600915,0.0034822812145106543,22
Horamavu Agara,09/23,1,0.043075888534699486,0.0675868899385747,0.04720044174045415,0.08903621249017223,0.055248366536420374,0.05323905852238011,0.03563465496049558,0.03231340475590781,0.023482797089021432,0.017667081276734657,0.011229740161970763,0.01814821076603085,0.013416904057752062,0.020331222521285927,0.01696043260538566,0.018503717908925618,0.015249494622091922,0.016164437410733038,0.011624972434112353,0.007868862383664804,286
Horamavu kere,09/23,1,0.13585384648579818,0.2235307670556582,0.1980307698249817,0.26240769257912266,0.1939846139687758,0.20286153715390426,0.1683923086294761,0.15230769262864038,0.04893846150774222,0.03087692320919954,0.004096454838523824,0.0052876322393758555,0.005433428388391516,0.0071104945359959405,0.005237561715364108,0.008438240921054834,0.006609720271127454,0.013350047481029968,0.012892009390383706,0.0076428101841429,13
Kalkere Kere,09/23,1,0.06464117403640045,0.09419591806601348,0.06778202032300706,0.11978371297667317,0.07415422325113055,0.07089766391074376,0.04985927256591479,0.04068090245092267,0.017255719344871794,0.011721634121306935,0.009105845970525689,0.011117304904869365,0.015041168328328107,0.008048226136481353,0.014177026493227602,0.014631071485430717,0.014102454792041289,0.01567744362284423,0.007848602178192896,0.004146853407575615,380
Nagareshvara Nagenahalli Kere,09/23,1,0.10001284192171025,0.15644429663702436,0.15012189388632588,0.1915903942169283,0.13500227483082583,0.1373898385151206,0.11163918351201106,0.10546723243188846,0.054894489700467404,0.03617044592886981,0.004827272833198862,0.004633515411366544,0.006981025676674178,0.005007451993290601,0.009253254955478836,0.009292465765461853,0.009326198942688688,0.012502536799915682,0.014189096377049397,0.010643011134103422,35
Rampura Kere,09/23,1,0.06183783803974186,0.09446666651480906,0.06464594595872604,0.12369549576495145,0.08390810823923833,0.08309999980905035,0.062309009031401026,0.05544954941079423,0.03531441459986004,0.02228108108849139,0.008512133159645574,0.009367437484088725,0.008089853123423517,0.008592060239303562,0.011362940901839823,0.011451661058393379,0.007440533742444542,0.014716607467178618,0.012341783179000537,0.007317885104203166,111
Atturu kere,09/23,1,0.015540000051259995,0.04034571424126625,0.022668571450880595,0.05440285738025393,0.023557142886732305,0.025228571046942046,0.012771428536091532,0.01691714284741985,0.016331428475677968,0.011814285655106817,0.015535106965270143,0.03306507263444364,0.026890367630922476,0.038495278907124314,0.03127537845844824,0.03707671136703574,0.026113428917943587,0.030117583608428356,0.009814268557400163,0.004877361258965208,35
Veerasagara kere,09/23,1,0.058636075257365486,0.121560241873225,0.0977908828111412,0.16588524534211851,0.09319308142479703,0.09209437409542649,0.06598871352546866,0.050457865092355565,0.0221834080936225,0.016140690771605234,0.008818320846561426,0.019451461976090562,0.026385955879076176,0.028356350390006776,0.01959807095301351,0.019760994993712297,0.016338930673009698,0.017487353748690163,0.011775533391936457,0.006031562142976987,138
Dodda bettahalli,09/23,1,0.030730625664811766,0.05632680796793921,0.04285953848708694,0.058527497929582055,0.03463717861680117,0.03431015704538263,0.01799161529716115,0.025228508237568264,0.04141295188306862,0.03283038747618303,0.00944561061340657,0.013212546030838258,0.013636871292809206,0.017842586356466853,0.01881478994239955,0.020384992036524694,0.015000734625648467,0.02384755409203016,0.017024544687636776,0.014330006990281481,33
Dasarahalli kere,09/23,1,0.020338368620077173,0.04849216474004881,0.02828852946863792,0.06710764843669571,0.037331989932154454,0.0371460825226231,0.02209609103940556,0.016447817173985944,0.019604578721751295,0.015958700748520894,0.003450258903491989,0.003446930342714647,0.004638740817473926,0.0034125953287102383,0.008758814668045591,0.009738919204679279,0.006657217546346752,0.0134429650355274,0.010789236489353532,0.005982899807017405,92
Doddabidarakallu lake,09/23,1,,,,,,,,,,,,,,,,,,,,,0
Allasandra Lake,09/23,1,0.0504161702667145,0.10493361693113408,0.055137021395754306,0.1471880852224979,0.09520808529663594,0.09433872338305128,0.06780851080696633,0.05058893624772417,0.015911489451660755,0.012586382994467907,0.0038131009224597213,0.0034341617115572,0.0037840695778788465,0.005347031599508985,0.00614590484806883,0.007110105801918101,0.005361764751661357,0.008258347353152933,0.006308359573871767,0.0032726047993861277,235
Andhrahalli Lake,09/23,1,0.035054463067582975,0.05215810367321848,0.04781104938589818,0.05815944402053594,0.044541795376579915,0.044541239310362093,0.03096776244697996,0.027233223727870116,0.020733653617417615,0.015338103625777397,0.003166638014087025,0.004283994635143685,0.00547644352925991,0.0067589568048006836,0.008309627124645665,0.011683134997073928,0.006164210704232479,0.012090736855723405,0.009175404507605138,0.005987876563404813,47
Handrahalli kere,09/23,1,,,,,,,,,,,,,,,,,,,,,0
Narasappanahalli kere,09/23,1,,,,,,,,,,,,,,,,,,,,,0
Valagere,09/23,1,0.03214210536527006,0.0498947365895698,0.05677368413460882,0.07863157869953859,0.054321052604600004,0.05365263180513131,0.038384210710462774,0.03317368432487312,0.0176578947882119,0.014500000023920285,0.002556583955283038,0.003574099266619876,0.0019234952362741297,0.002498010269899779,0.0029976445334902488,0.0038400065047843315,0.002549770721706247,0.004548549960665682,0.004057133610275203,0.002073644182117314,19
Shivapura New tank,09/23,1,0.03797142846243722,0.07394285819360188,0.05321428605488369,0.08352857083082199,0.06892857115183558,0.0648714288004807,0.047371428459882736,0.04012857164655413,0.0393142859850611,0.023157142900994847,0.0025716668516077745,0.0019696676580900517,0.0026653484010366007,0.0027075121323076783,0.013088240360793564,0.01514187469553859,0.004032268139685983,0.013819832101066756,0.007293917110299509,0.004281807451232013,7
Agrahara Lake,09/23,1,0.04839115109055794,0.07692561521918495,0.05045016327585799,0.1000854640593808,0.06666779738588667,0.06616258073356322,0.04882804446503941,0.04693361240042629,0.034842540822665045,0.023580756797208606,0.0064126439046236165,0.007103041909600768,0.006905605944125031,0.006704466017023966,0.012298487309384732,0.014604817048397443,0.010389287013309045,0.01923539285743503,0.015212148496061978,0.00993247187890917,50
Chokkanahalli lake,09/23,1,,,,,,,,,,,,,,,,,,,,,0
Jakkuru lake,09/23,1,0.03712194752615152,0.06361820073305464,0.03789911355245385,0.09176306592710934,0.047805403509456834,0.04592689157812801,0.02745392638634413,0.020141486684977835,0.014894449280082761,0.0110751715554729,0.006572197489016196,0.006317648014502452,0.005787934317307032,0.007349756918520957,0.008911851829654278,0.009665653696053022,0.008610541233711752,0.011632823834816005,0.0075559073701828685,0.004165994057183906,924
palanahalli,09/23,1,,,,,,,,,,,,,,,,,,,,,0
Kattigenahalli lake,09/23,1,0.027733333201871976,0.058555555840333305,0.030255555485685665,0.0860888883471489,0.05405555582708783,0.053188888976971306,0.03252222202718258,0.026155555620789528,0.02643333375453949,0.01686666678223345,0.0018595102857805594,0.001600077444188497,0.0010740487147444537,0.004522398650745838,0.007640697053521865,0.00657967391199016,0.006741872144133155,0.008962652707128267,0.009012460971804527,0.0042405450595864305,9
Kogilu kere,09/23,1,0.020561607161133515,0.02821250006257157,0.021644642913348174,0.04615714297895985,0.02921428587121357,0.024997321543716162,0.012000000025312017,0.014688392847801879,0.02115357152485688,0.016152678656258752,0.010183935564233148,0.01090565157655014,0.010069772986388757,0.013120204469191203,0.01239170866446234,0.013029365604693378,0.009567999172211555,0.013323393311184456,0.008951984414206152,0.006535384034292418,112
Venkateshapura lake,09/23,1,0.05535757552945253,0.09993636359771092,0.06354545429348946,0.13714242455634204,0.08985151598850886,0.09086666685162169,0.06365454524303928,0.053454545636971794,0.029593939469619232,0.019748484800485046,0.004073568244736982,0.004393922937107382,0.006763139207838546,0.0048622244449465475,0.00798886058695225,0.008455719414452306,0.006147287539005139,0.010732705036529476,0.013246610268175552,0.008062788237624062,33
Bellihalli kere,09/23,1,,,,,,,,,,,,,,,,,,,,,0
B. Channasandra lake,09/23,1,0.128423134322019,0.13073228862482245,0.10187703071488548,0.11962635106954375,0.10453509225980522,0.10556218529484936,0.08419864084302764,0.096718021032122,0.07826296862253208,0.0545409902392589,0.01385925340633038,0.01173057382892312,0.01066431376860132,0.009075000113464005,0.01307902357370148,0.015079419071024126,0.01412159973159561,0.015806263205370957,0.014178084683041403,0.009726746559320924,10
Byappanahalli kere,09/23,1,,,,,,,,,,,,,,,,,,,,,0
Kowdenahalli Kere,09/23,1,,,,,,,,,,,,,,,,,,,,,0
Krishnarajapuram kere,09/23,1,,,,,,,,,,,,,,,,,,,,,0
Basavanapura kere,09/23,1,0.03237464192740862,0.059685643945776364,0.03976765438708421,0.06781659661695846,0.04280606102412712,0.04128210139758453,0.026437053752481458,0.028711297448751196,0.032892921632369704,0.023080657312740976,0.00442566327706894,0.004334891147669512,0.004299447331925663,0.007664578356713001,0.012588384558359192,0.01407542968695916,0.009187270269545612,0.016211430286209468,0.016593150031948646,0.009811246012067022,69
Shegehalli kere,09/23,1,0.0446688451381652,0.07135252357030678,0.05497108848135557,0.09533240289264895,0.06579683115000697,0.06888707237400687,0.047119868573990184,0.042398065395979186,0.026220864125862258,0.018059534507146,0.004512380712704559,0.0025352507312635443,0.008329603540874158,0.01131775002302216,0.009303184169352862,0.012011748368453076,0.006686640187201209,0.010169560213024011,0.013022476922830005,0.005989467769226769,28
Mangamanapalya Kere,09/23,1,0.03840833465776477,0.05558767550476461,0.03862979984262235,0.06476735325481678,0.047951470645352864,0.0476115567975638,0.034499812902267626,0.03593764789011744,0.03356246534217931,0.024380520581333887,0.005354596245078877,0.004884953072364032,0.004916306349805084,0.005275864383773406,0.009770971804335797,0.009786985903538945,0.00693868518105529,0.011961624337106834,0.006330622175890698,0.0031196764123651243,21
Hoodi kere-2,09/23,1,0.06486000024846622,0.11646285695689065,0.09309999964066915,0.1407914278762681,0.09074571451970509,0.09406285690409796,0.06821714267134667,0.06199714349848884,0.042365714056151256,0.028951428617749894,0.00329330092415295,0.004906735224080878,0.005504698938920041,0.008359882751156653,0.011742532261858231,0.012445471130956322,0.009045108356280515,0.018608623479685067,0.017840738427808214,0.011103780040648504,35
Jimkenahalli Kere,09/23,1,0.049752678923296184,0.08248900941360844,0.05280831221096712,0.09155805655010679,0.061720237931787825,0.06174783189788931,0.04396867549259115,0.043616592120236664,0.04599372881403681,0.031516826286916724,0.0039833126044565145,0.0032947947007592343,0.00510896621388641,0.005867017383549347,0.010478245072014414,0.01202615149355945,0.008095056041109602,0.01300214394164932,0.01999335675893072,0.012030134690823008,37
Kodigehalli lake,09/23,1,0.048053207529370236,0.0845224666673074,0.055496797581295096,0.08226906492644807,0.045065220257914526,0.04328977855977574,0.027162602634747554,0.02631147799907364,0.022585770453066006,0.016102697167138986,0.015542595937999481,0.023035205937202083,0.026217695534456485,0.0317708778297645,0.027608838461456106,0.029476938876000804,0.02502384212870761,0.024476559126899396,0.013314219010072622,0.007740269475457452,269
Gangashetti kere/ Devasandra kere,09/23,1,,,,,,,,,,,,,,,,,,,,,0
Vijinapura kere2,09/23,1,,,,,,,,,,,,,,,,,,,,,0
B.Narayanapura kere,09/23,1,0.04818750033155084,0.07927499990910292,0.05551250046119094,0.1037374995648861,0.07561250124126673,0.07958749961107969,0.060375000815838575,0.05271250056102872,0.03473749989643693,0.023187499959021807,0.0015599981097765394,0.0026003599713032175,0.002700202428042932,0.0035088938626771414,0.004385040764037531,0.006045543884947541,0.0025331560371911355,0.006855005663844505,0.0037509785956035594,0.003309998878408015,8
Melinakere,09/23,1,,,,,,,,,,,,,,,,,,,,,0
Kelaginakere,09/23,1,0.04134902099526991,0.06765489627629453,0.041549818610544215,0.0709650472098282,0.05997237149272126,0.05759463478973847,0.040186801769968555,0.04521080434992315,0.04297781047871183,0.029665917066277758,0.002335713330984185,0.0034494764569043294,0.004060958850266079,0.00799722125981781,0.013839365394154944,0.014345693025633228,0.008788566487329197,0.02022526539522463,0.012817229836198837,0.009246621002573374,6
Rachenahalli kere,09/23,1,0.05776452707328104,0.08160929064694289,0.05270878383197595,0.1083751688333782,0.07323952708896753,0.07143750009945014,0.05120033788104617,0.044895439284438315,0.023517060815671308,0.016242736503733573,0.013485367151469549,0.01465955995993511,0.013472698564513034,0.017561259593337656,0.016961336003087163,0.01837398324902479,0.015703726554538187,0.01972209097329826,0.011859925572419964,0.007714761744032425,592
Amruthahalli Lake,09/23,1,0.023000000044703484,0.038100000470876694,0.026200000196695328,0.04089999943971634,0.031599998474121094,0.03999999910593033,0.03009999915957451,0.031700000166893005,0.027400000020861626,0.01769999973475933,0.0,0.0,0.0,0.0,0.0,0.0,0.0,0.0,0.0,0.0,1
Nagawara Lake,09/23,1,,,,,,,,,,,,,,,,,,,,,0
Herohalli Lake,09/23,1,0.049618523169982116,0.08418140963086256,0.05014897706276913,0.11008915122174838,0.06965443162074424,0.06879144761523441,0.04865773112326911,0.03667330912712914,0.020357353521303488,0.016141293447523488,0.002969889042330654,0.0024673239235211515,0.0023145093361924985,0.0028834586006720644,0.007286265736543372,0.009195208916590187,0.006640234264062846,0.013569509797052645,0.009461495705540375,0.005091007121796196,170
Hebbal  kere,09/23,1,0.04331814435493086,0.05648082487822808,0.03710969080092366,0.0632303092974363,0.03708350513053616,0.034209690807560054,0.02126845368988255,0.020333402029889126,0.018887835095838173,0.013214226847648928,0.018584523939075913,0.015202984677706232,0.013329886190060706,0.015194140415685686,0.01877980738122818,0.019642550432123432,0.01981918725846242,0.021237458474897445,0.012592936865063525,0.008421978104163824,485
Mahadevapura kere,09/23,1,0.04420000004271666,0.09537500080962975,0.04631666683902343,0.15021666511893272,0.1034333339581887,0.10348333418369293,0.07568333422144254,0.05679166689515114,0.020808333531022072,0.01649999983298282,0.0018293899332443464,0.0010955405118840934,0.0015836843368246167,0.004682916963252236,0.0028784633986348,0.0044039440068448345,0.001777561721664709,0.003252807808821814,0.005952655038156776,0.002898850249590016,12
Vibhutipura kere,09/23,1,0.035876929898047714,0.07473288419105159,0.043906725925100455,0.09571408660734257,0.05895602718252432,0.05859342897802326,0.0392693285582783,0.033372305240616,0.022010316145446743,0.015807356731049747,0.005769383936537316,0.007621810065397865,0.006607991515718183,0.013024585961203212,0.011869735247346596,0.013940031973591008,0.011547771981607518,0.014656249550004155,0.011156120584773537,0.006632657842069823,184
Rajapalya Hoodikere,09/23,1,0.044495999813079834,0.07375600010156631,0.05197199985384941,0.0837120008468628,0.06372400030493736,0.06355200052261352,0.04638399988412857,0.04792400047183037,0.028307999819517135,0.018467999808490277,0.00403430104831222,0.004097226378949371,0.005019443597690366,0.00454095324685691,0.0078504665178049,0.011347919940305175,0.006540866888689133,0.012768251573969944,0.007125667297371543,0.004687747167448931,25
Achanakere,09/23,1,0.04990418356995421,0.08721573638592464,0.0563478084852496,0.09344818387217672,0.05766411822203888,0.05774051326083991,0.04020119537052094,0.03753680261770315,0.04305356052988004,0.031007246166723686,0.0024205420968452353,0.0025234444344103993,0.004346581334617796,0.0035003349330876127,0.012891446233569638,0.014965636797646512,0.009141996530571763,0.018202193077128136,0.015983579906057845,0.009451752726749479,16
"Yekkalagatta kere,Mahadevepura Kere",09/23,1,0.048752416161261636,0.0915714379882676,0.06895180748683602,0.10173312578758302,0.058364799641520734,0.058364137447837125,0.03940268423016275,0.03850712226510432,0.04635692564950577,0.03192963514113019,0.005242365276113582,0.004217349589285025,0.011204563470784076,0.01004238542713613,0.017150401785133128,0.017707057903167896,0.013439263209037289,0.020817263254375093,0.020663862596829535,0.011864162233570601,22
Pattaduru Agrahara kere-2,09/23,1,0.04448571428656578,0.0676142858075244,0.05183571444026062,0.06373571365007333,0.05908571449773652,0.06269999939416136,0.046442857544337,0.04751428575920207,0.034857142716646194,0.019092857305492674,0.002570674261708399,0.004578187242887559,0.0037162977355805205,0.004192102332815439,0.011049359909442844,0.009428300783120984,0.005193913404642787,0.010617967189791203,0.007147997812298649,0.0023316039206459343,14
Nallurahallikere,09/23,1,0.07682711230529074,0.1186949447372162,0.0911642146576706,0.13597630209983774,0.09734317956410037,0.09879055167785501,0.07613369051808556,0.07040097335084981,0.033515097378148485,0.02148872515168868,0.012206640801552806,0.012680860292558622,0.015506755828583022,0.01450576803558375,0.014831605906829769,0.015059764499385916,0.013913348048875465,0.01452589090147616,0.015615929133609027,0.008769576926472528,135
Thubarahalli lake,09/23,1,0.07190697488304064,0.10441568378794693,0.07247117907622236,0.10512985177934604,0.0813953179666345,0.08174244338381731,0.06739364430391488,0.06674502680664687,0.041770475586918744,0.026650521673771837,0.011165242625015984,0.011141862859995107,0.009770953589379613,0.00974568607430596,0.013761206902135987,0.015687955969617685,0.014439696019658797,0.01574588871053644,0.010781147580120784,0.006982778630290547,97
Sheelavantana kere,09/23,1,,,,,,,,,,,,,,,,,,,,,0
Doddanekundi Kunte,09/23,1,0.01908993466518068,0.04275175986745961,0.023697628192840374,0.07127198605270633,0.050934095161130906,0.04795263280153569,0.030921971424177155,0.025620377554513424,0.02262667684709183,0.01775800218204344,0.0034143296300166463,0.004583990456164889,0.0023675443448814954,0.002479805031575905,0.007024290664834437,0.005787505036513498,0.004351992637659253,0.00752605206693811,0.009778170292585727,0.006796841752945265,42
Chinnappanahalli  kere1,09/23,1,,,,,,,,,,,,,,,,,,,,,0
Doddanekundi kere,09/23,1,0.058341322328187215,0.09660330587182163,0.07224876054924381,0.10380495813759891,0.07642644622232303,0.07869752111636903,0.05997768580174643,0.05769008268748433,0.026047933892893397,0.015123966981248915,0.008784383851176926,0.011798423648568567,0.013162601159627968,0.012840192679826706,0.012278225910973004,0.014240928439428261,0.01041980370221908,0.015106560376696571,0.00750818941285677,0.0030619505540048077,121
Kundalahalli kere,09/23,1,0.04194508547345198,0.06887971263912519,0.04309264332981689,0.06453029442415811,0.035429762275648924,0.03409750263581193,0.019219065348875682,0.020118530356246316,0.02477824050140172,0.017840004467735513,0.004655036227870739,0.006319427874529914,0.005061489996991952,0.008578343285527798,0.012244876312196076,0.013175216596095477,0.010573605974335307,0.015626627782646393,0.011295086098715922,0.005260279395658034,142
Acchanakere,09/23,1,0.06504375021904707,0.10997500037774444,0.07159375073388219,0.13269374892115593,0.08766250032931566,0.0874812500551343,0.0679312499705702,0.05501875001937151,0.02636875002644956,0.018949999823234975,0.0035610691134509986,0.003977043236446917,0.002840217125485341,0.0030978776751979637,0.00544918247101134,0.008118207296050999,0.005093710957599289,0.00817650789610522,0.007197110597282422,0.004429164556761534,16
Varthur lake,09/23,1,0.06734018127271826,0.10013144383634126,0.09044307333555025,0.10189907314926401,0.06772483209912532,0.06890253628785974,0.05002126491820087,0.04842247425426802,0.022734381533578044,0.013731801479169699,0.013343909199463634,0.021288332297469934,0.024382220978998437,0.02512018646906148,0.01852251650043314,0.02071209009050858,0.01777871568010042,0.019843129088992658,0.007911734923688012,0.0037367983000892602,1498
Narasipura Lake-1,09/23,1,0.03303333358080299,0.054403703245851726,0.03915555554407614,0.05538518519865142,0.03727037018096006,0.03807037027069816,0.02581111100260858,0.02751481478723387,0.028244444341571244,0.017800000013300666,0.002614914637859974,0.0040631570300145225,0.0031933190471899256,0.006516230706131221,0.013426337185829666,0.01486927794579748,0.009138981677408807,0.020546761389188206,0.007154036958364026,0.0036223586627038462,27
Narasipura Lake-2,09/23,1,,,,,,,,,,,,,,,,,,,,,0
Ulsoor Lake,09/23,1,0.063031842672194,0.09846842822991879,0.05977824137836627,0.10221188599580015,0.06296438195937158,0.06188983310908574,0.04438452974401504,0.042944553714502114,0.02564358665846727,0.017478037226576443,0.013543789103857368,0.012639087301942426,0.012495627688838409,0.01528585209565325,0.020619539900218805,0.022438002954538492,0.01981691860578984,0.02543548067449195,0.01691166557014311,0.012453177087897154,719
Gunduru Lake,10/23,3,0.03502785707158702,0.05829785716320787,0.03857214288519961,0.0764650001589741,0.05095857158303261,0.05196857170334884,0.03849785716405937,0.035054999962449075,0.02790500002780131,0.020477142890116998,0.005388232189801555,0.014558881172426331,0.00820268983937817,0.01955601953909188,0.01722088223783333,0.01698119185398164,0.01098709479708166,0.015519382082662101,0.010511521449114162,0.005979660125295041,70
Doddebele,10/23,3,0.03152526903056329,0.05095537627736727,0.03061182808972174,0.05737956985831261,0.03519032280691849,0.034780645242301365,0.026046236576412314,0.02217365577266181,0.01970860219850976,0.014221505402156743,0.003769705392623536,0.0028010891234824336,0.0017730722613436502,0.005279078513473908,0.009186717013931622,0.009597378962875599,0.005530741223403832,0.010818998545035152,0.0071597688586849595,0.003729498807946852,93
Somapura,10/23,3,,,,,,,,,,,,,,,,,,,,,0
Mailasandra,10/23,3,,,,,,,,,,,,,,,,,,,,,0
Kengeri 1,10/23,3,0.0360300000756979,0.04719999954104424,0.03479999974370003,0.03780999965965748,0.027840000204741956,0.030970000103116034,0.029209999740123747,0.026970000006258488,0.02758999988436699,0.021220000088214876,0.0016799109882700359,0.0016006253707528061,0.0017303180077128987,0.0035772756121816864,0.004076322098063443,0.005198471087770084,0.003236185660566266,0.003923531486322161,0.00544471309858266,0.0031012257328145577,10
Kengeri 2,10/23,3,,,,,,,,,,,,,,,,,,,,,0
Chenvinayanahalli,10/23,3,0.059775587171618474,0.10010859801304173,0.0833057270067704,0.10845458738930597,0.06700992484585126,0.06799944818679673,0.05054872992160742,0.04700933877279694,0.033317155638650335,0.02029975450588823,0.004581810830350913,0.0052097840554708565,0.011760734436186913,0.01173479411257525,0.01476072252708352,0.020830720321070917,0.011841418062016211,0.019535593884601573,0.012988677325157214,0.006127224788337477,97
Annamma kere,10/23,3,0.04680137403681249,0.08549867859172741,0.05414945518538581,0.10613041088741346,0.08200354423630207,0.08527771618542256,0.06273865345990497,0.060111766109155536,0.04366816278826757,0.03165385982837377,0.0063589776245053155,0.004147136322445212,0.006080244248549021,0.0062715594483376165,0.010942039181978776,0.012837467422193358,0.005970194194530056,0.015609743992448777,0.008499199605489857,0.006080963687426151,19
Deevatigeramnahalli kere,10/23,3,0.03859999869018793,0.057799999602138996,0.03505000099539757,0.06732499971985817,0.05500000063329935,0.06087500136345625,0.04380000103265047,0.04574999958276749,0.03142499923706055,0.02295000059530139,6.928207592092548E-4,0.0012668865873159498,0.0013883450314755427,0.0015105858308738403,0.0022649495669539873,0.004426272156291324,0.0020420583757851203,0.004669314661503044,0.0015352114925200808,0.0012990383186055963,4
Devarakere,10/23,3,0.03138233497204107,0.05952599996585024,0.03596670813395075,0.07483571337170578,0.053336746264159955,0.05640703351018531,0.04025774161211041,0.03857961741182507,0.03207271788821836,0.0214728708499285,0.004339437342636627,0.0020858632764774935,0.0020943016039962127,0.0044955952438871585,0.010674734966252954,0.011720190295108283,0.0035234972787250964,0.0117737357508274,0.009531022388683572,0.004130033475211853,21
Doraikere,10/23,3,,,,,,,,,,,,,,,,,,,,,0
Goudanakere,10/23,3,,,,,,,,,,,,,,,,,,,,,0
Gubbalal kere,10/23,3,0.040366665770610176,0.05340000117818514,0.03641666720310847,0.04783333341280619,0.048683332900206246,0.05224999971687794,0.04066666712363561,0.04193333319077889,0.03681666621317466,0.02343333326280117,8.47872985110164E-4,0.0011874334987626934,8.493466663934234E-4,0.002976948597181627,0.008443817221394962,0.007422880712083201,0.002692375491075736,0.011373018468762113,0.005580148805899051,0.0031589374384921104,6
Halagevaderahalli kere-2,10/23,3,0.0743250000069227,0.10821294835079545,0.09080599891147138,0.09754125689127119,0.07544445169195867,0.08467556131510857,0.06414579622230322,0.07069736603029372,0.04820050468309177,0.02919686140885134,0.0030286541874300385,0.0046889246939101955,0.004444579739525787,0.007128449063651367,0.008669198423697146,0.010248269499770342,0.006935467019404814,0.014033033659600734,0.008492704194934544,0.005207412314035497,7
Herohalli Thotadakere,10/23,3,0.03363991933432047,0.063739044253921,0.0475390424935583,0.06673587293728975,0.05025455124791779,0.056345919321717564,0.039433378321812596,0.03621004737627241,0.037901618879034725,0.01874430227612754,0.002524325707088731,0.0033765954990446303,0.003975934253079953,0.004682027359399441,0.01273904808510265,0.013718205454043684,0.005054508542020032,0.012515945109624595,0.007829574260496765,0.0030775622318561366,6
Hosakerehalli Kere,10/23,3,0.013405882369946031,0.030052941182956976,0.017588235383086345,0.034341176423956364,0.03093529404962764,0.03355882371611455,0.019676470526439303,0.026500000440351227,0.030252940952777863,0.01819411780246917,0.004004625432473362,0.007714548497102071,0.004796185149018536,0.009525510859136575,0.010371224054724806,0.010188982417063713,0.007975811066101974,0.013698862564858708,0.007480493302986575,0.003921655091717814,17
Kempambudhi lake,10/23,3,0.035797674468783444,0.0723744185511456,0.04346511660273685,0.10547674395317255,0.07655348793365234,0.07748372090417285,0.05484186052236446,0.04414883723785711,0.017988372247579487,0.013723255828196225,0.005528971629466451,0.006188703097602442,0.012276578203216213,0.003933980105190565,0.0059829349372888365,0.00585288354963015,0.005545886050837062,0.005394586835921291,0.007808290555073128,0.005662230475670389,43
Laggeri Lake,10/23,3,,,,,,,,,,,,,,,,,,,,,0
Mallathahalli Lake,10/23,3,0.03732692322526605,0.06708589759774697,0.04464230785528437,0.07482660251359145,0.043680128223525405,0.046853525862575345,0.03698269244378958,0.03352179488716408,0.02706025650080007,0.021047435945664078,0.008791490239225444,0.006289739883313776,0.005541724540387798,0.007778558750099952,0.012352669836262856,0.0118603548608482,0.007209719358460523,0.01173537304346644,0.015595238559085341,0.012197384233961921,156
Moge kere,10/23,3,,,,,,,,,,,,,,,,,,,,,0
Muppatu Kavalu Hosa Kere,10/23,3,0.030161418667706663,0.05518157251492416,0.026470448800944905,0.06152250222890466,0.033915932053767785,0.03413847598799848,0.02453267126174289,0.02002759002276771,0.01879540120552975,0.014083672773197173,0.003629140229715455,0.0034311725847313295,0.002724337582754832,0.005058171295725092,0.007460633480642896,0.008462560348587543,0.007347579789975143,0.010299077623847632,0.007299769619257244,0.004042232919865979,133
Nayandanahalli kere,10/23,3,0.04395749084647304,0.05886257157882158,0.03551303870993054,0.0555756488639331,0.040235932778699156,0.04430698472843993,0.03554462330956868,0.035677508259696886,0.035286232011934156,0.027339830605244225,0.0038176595615878836,0.0031715057124756933,0.0042589846599908185,0.006355865592054532,0.00974204741664842,0.011201118673881877,0.005371573347785127,0.011752058579689159,0.018495212575703544,0.013022880615764499,71
Sankey Tank,10/23,3,0.025586527905004503,0.036831131071220595,0.024091625049705457,0.03876597261452221,0.019499315258745972,0.020273498166431893,0.01483032937764258,0.016508559468253754,0.020682932686503223,0.0169093390163874,0.0025002720700830995,0.004098810735302841,0.004910316739792222,0.007202959016838993,0.009960463467864557,0.010108389985626163,0.005999657523281314,0.010495786118609957,0.014737742722165069,0.012102094986292472,268
Subramhanyapura kere,10/23,3,0.041237934102810944,0.07545399256050586,0.05095136017573434,0.09942555745526592,0.0631264240503428,0.06259014188661381,0.04397616406500484,0.04023253907476505,0.0366353137113055,0.027359143688441206,0.009175821429446236,0.012297293221080297,0.014086121965686196,0.014600937211878849,0.018448799677624618,0.02057604681913164,0.0157651683428895,0.022116496278867807,0.021502522799462735,0.015365896205834334,66
Ullalu lake-2,10/23,3,0.05935000069439411,0.12939999997615814,0.15110000222921371,0.1839499995112419,0.11885000020265579,0.10590000078082085,0.09410000219941139,0.06434999778866768,0.036200000904500484,0.017500000074505806,0.0021500010043382645,0.0010000020265579224,0.007199995219707489,0.0020500048995018005,2.4999678134918213E-4,0.0027999989688396454,7.00000673532486E-4,0.0010499991476535797,0.005500000901520252,0.0022999998182058334,2
Valagerehalli kere,10/23,3,,,,,,,,,,,,,,,,,,,,,0
Yediyur kere,10/23,3,0.04861352868951664,0.09169904577688578,0.048576410272725384,0.10121290653810527,0.06511724498258889,0.06780980414307386,0.05360490206676006,0.045810086511115046,0.02633218325374187,0.019107009041325174,0.003820166681579756,0.0038525249562469228,0.0031330401684771074,0.004592883397720225,0.006372022441036437,0.009660294685487203,0.005622153879641228,0.012619220083592071,0.01039327025137855,0.0056396661996482465,71
Bhimmanakuppe Govt lake,10/23,3,0.03790000081062317,0.0786999985575676,0.053300000727176666,0.09799999743700027,0.06549999862909317,0.06129999831318855,0.05310000106692314,0.04749999940395355,0.05990000069141388,0.03350000083446503,0.0,0.0,0.0,0.0,0.0,0.0,0.0,0.0,0.0,0.0,1
Srigandhakavalu Karabu Katte,10/23,3,,,,,,,,,,,,,,,,,,,,,0
Janaradhan kere,10/23,3,,,,,,,,,,,,,,,,,,,,,0
Konashetty kere,10/23,3,,,,,,,,,,,,,,,,,,,,,0
Nagarabhavi (Un-named Lake on map),10/23,3,,,,,,,,,,,,,,,,,,,,,0
Sompura Govt.lake,10/23,3,0.04464999958872795,0.06970000080764294,0.07110000215470791,0.08050000295042992,0.06409999914467335,0.07354999985545874,0.05245000030845404,0.05420000199228525,0.03920000046491623,0.022750000469386578,0.0109499990940094,0.028600001707673073,0.03870000131428242,0.04570000246167183,0.03829999826848507,0.04614999983459711,0.02764999959617853,0.02830000128597021,0.01940000057220459,0.009850000031292439,2
Lakshmipura Lake,10/23,3,0.04415000043809414,0.0873000007122755,0.08765000104904175,0.11629999801516533,0.08527499996125698,0.08667500130832195,0.0592249995097518,0.07307500019669533,0.058200000785291195,0.03565000090748072,0.012529464595858495,0.02099404642352092,0.0396546676140951,0.02690836121646667,0.011475271199792548,0.016971943156052556,0.013811657902760899,0.01992779073808006,0.006614001247105448,0.003482456291807441,4
Amrutnagar Lake,10/23,3,0.0407017856902842,0.05920535718489971,0.044077678716608455,0.07129196490028075,0.04310982148828251,0.04686875016029392,0.037026785813005905,0.039485714032447765,0.03393303566346211,0.02412946429103613,0.004937013666624768,0.002596815853171883,0.002446314922635482,0.004702874851632112,0.011345792146637682,0.011701535971739712,0.004171576522853415,0.012292701210547383,0.013009554343858497,0.007242272745324901,56
Hoysalanagara Lake,10/23,3,0.049462500028312206,0.08493124879896641,0.07333125034347177,0.09501875005662441,0.06515000015497208,0.07317500002682209,0.0628937492147088,0.055456249974668026,0.03396249981597066,0.020056250039488077,0.004118991460866955,0.010167900467098364,0.011173376728048873,0.016558739361455802,0.009899052936928745,0.008585270832783716,0.006667009999247487,0.005755455616912706,0.006807979509152481,0.004266470973489939,8
Basavanagar Lake,10/23,3,0.02551590905270793,0.038922727361998775,0.025968181985345753,0.04219318164343184,0.03022272732447494,0.033204545520923355,0.026675000024790115,0.0247863634404811,0.029299999587237835,0.019402272745289585,0.003043674163590486,0.0054088043129464245,0.003830871749135257,0.006431090848328472,0.006801783227487832,0.007675831679064529,0.005082652103661859,0.008064698221800115,0.010971077698290019,0.007146383131101508,22
Ajjegowdana katte,10/23,3,0.04635000042617321,0.0888499990105629,0.06720000132918358,0.11100000143051147,0.08880000188946724,0.09085000306367874,0.07135000079870224,0.08579999953508377,0.07084999978542328,0.038850000128149986,0.0019500013440847397,0.007849998772144318,0.0030000023543834686,0.015000000596046448,0.01029999926686287,0.018449999392032623,0.006049998104572296,0.016199998557567596,0.006350003182888031,0.004849998280405998,2
Kodigehalli kere,10/23,3,0.04124999977648258,0.06964999809861183,0.05360000021755695,0.08810000121593475,0.05224999971687794,0.06200000084936619,0.039499999955296516,0.051649998873472214,0.04039999842643738,0.02285000029951334,0.0019500013440847397,0.0019499994814395905,0.005099998787045479,0.001400001347064972,0.0013499986380338669,0.002699999138712883,0.0035000015050172806,0.01954999938607216,0.0032999999821186066,9.500002488493919E-4,2
Kommaghatta Govt. Lake,10/23,3,0.03269744317301295,0.043611931847408414,0.02624772733543068,0.04722073892216114,0.02968238638078963,0.029322443265383216,0.020300568256061524,0.017239204607903957,0.016462784133512865,0.01224119323623282,0.004804895968954545,0.006981700808419618,0.0027717672429544296,0.0056130790602251625,0.006256260710264476,0.006968494018405412,0.005483826848182288,0.007557091281251289,0.006051414998981906,0.002973824079041175,176
Manganahalli Lake,10/23,3,0.030241847179000317,0.03521963133658476,0.026184662924606743,0.030506916369428934,0.017169568435198786,0.018489055254078443,0.014436171103535402,0.013624208567925528,0.015599834177699319,0.011637287462143441,0.0034685023434206435,0.003684614771141189,0.0025415986704367924,0.005000541378403444,0.006834601578170723,0.007663628834085364,0.00546934009974711,0.008060390979189213,0.008371931405149425,0.004717598094786352,978
Bhattarahalli kere,10/23,3,0.03079313097352332,0.04626733668250225,0.031837089860829684,0.054121585808328654,0.031196357936398474,0.033861492875332654,0.022769337835511497,0.02391885284960894,0.031984644022023924,0.023138652335405525,0.004047874093583752,0.004885778181665122,0.006998155833634466,0.009775968045192315,0.012365660311157637,0.013837113320283196,0.007709098208723149,0.01454641490064445,0.018208027036641535,0.011065045962166056,70
Thirumenahalli lake,10/23,3,0.048664197601653914,0.08381481464078397,0.05845061763201231,0.09271790105619548,0.05514814833432068,0.0559327160410675,0.03883395061172821,0.03669197549238617,0.031418518542691516,0.020122839436854844,0.0057778325809842825,0.01036704641845756,0.00898036433277734,0.011965003552179877,0.014518547918048562,0.016255097920709376,0.013142201453925027,0.017304578270891102,0.014707022434642092,0.00914534232892101,81
Avalahali kere,10/23,3,0.047518361310072414,0.0691062008629745,0.0468677872422969,0.08218220978966732,0.049316408830546776,0.04679038003434614,0.030539820357242804,0.025840889058838697,0.01106590296066175,0.00856357699393827,0.0072690198443363455,0.009750545864298986,0.007452925210999762,0.012046948083677966,0.009215820511496381,0.009847730537802846,0.00897040687875859,0.010223933340533075,0.005482670739694397,0.0028202789728929674,2280
Begur Lake,10/23,3,0.028816098852632043,0.04060545155629389,0.027042419088011197,0.05646124365382544,0.0344607326181469,0.03455877348184078,0.02643671214621787,0.021993356144644344,0.01708594547962259,0.01345851790521681,0.011462325148714637,0.015424901079720275,0.015461236956388485,0.015201808605511645,0.011706668249429127,0.012670526742766893,0.011290651698255463,0.011492259800369832,0.008539299393851818,0.005255403235551403,587
meenakshi lake,10/23,3,0.06466041965320864,0.12915516015842476,0.08821808912022647,0.1522742982542917,0.0787594704998344,0.07988420744334922,0.0545342785971958,0.0463178340445434,0.033759611604224575,0.022983442197958084,0.006969657823164778,0.004907487266064042,0.006631695630246494,0.007756882607124081,0.021508445057719018,0.024331632216358746,0.019600693111374506,0.02882727664190259,0.023833829571363308,0.01433601733178737,83
Kannuru kere,10/23,3,0.03922300255544133,0.06966626541772544,0.055865099936127906,0.08216536693269402,0.04484046748275898,0.043331460049709655,0.028253842244564904,0.026148675958099346,0.021658474985554097,0.0156922664429075,0.014606935114150107,0.025426834391555055,0.03325863037393681,0.03605179450591962,0.026681460900021638,0.027719635767809128,0.022405472377551756,0.02313420394919672,0.015180896314143672,0.00905140634786031,418
Kannuru kere,10/23,3,0.03922300255544133,0.06966626541772544,0.055865099936127906,0.08216536693269402,0.04484046748275898,0.043331460049709655,0.028253842244564904,0.026148675958099346,0.021658474985554097,0.0156922664429075,0.014606935114150107,0.025426834391555055,0.03325863037393681,0.03605179450591962,0.026681460900021638,0.027719635767809128,0.022405472377551756,0.02313420394919672,0.015180896314143672,0.00905140634786031,418
Doddagubbi kere,10/23,3,0.05953711509552855,0.09569400177779892,0.07698606502224714,0.10793008786756692,0.06396316973168571,0.06401470221298006,0.049458383920540076,0.04628185540264233,0.03241729279315846,0.02107665470291725,0.014160477125625463,0.019750226775447393,0.020892808777029523,0.02232768227395569,0.020242387871104304,0.023209726866459134,0.018720952473993167,0.02412688437370903,0.017314294046501564,0.009255058059427364,197
Suggata kere,10/23,3,0.051764999702572825,0.08643500059843064,0.07108000069856643,0.08950499966740608,0.05617499984800815,0.06092500016093254,0.046914999932050706,0.04586000069975853,0.04421999976038933,0.02912499997764826,0.005189366346645791,0.005961880865809327,0.006720275419800516,0.007231198837588377,0.006011249966406841,0.006732282252963093,0.007007426019920157,0.005344520838239581,0.00744362822876019,0.004130813936390383,10
Yelahanka Lake,10/23,3,0.030692911603937494,0.04352153289325869,0.027372877139058196,0.04892566176665748,0.023401800546281534,0.023286382391507817,0.0168360614032633,0.014823632680216903,0.013233733143648669,0.011008236397327575,0.005378041567405254,0.005071383477833483,0.004403023184132291,0.004847615661975967,0.007778443049160072,0.008851821983324784,0.007261243761738275,0.008773197270594394,0.006832439272339636,0.004198967780199515,2173
Dodda Bommasandra Lake,10/23,3,0.04670667886518972,0.08261130909746779,0.052107439791347396,0.08785223662522379,0.04425157891720135,0.045969042823866595,0.033855975731481316,0.02810644979205615,0.016552172716493323,0.011974865985315861,0.004431697363894005,0.005856969507074514,0.006053065748854875,0.007652216680893555,0.01138837256381785,0.01240657158013213,0.009225839672279633,0.014444395412828383,0.009196247208293472,0.004376503019627457,609
Singapura lake,10/23,3,0.05481064914796815,0.10851396724002108,0.08669862717226368,0.1356206758365598,0.07926351344030196,0.07941457248281276,0.058898548194828516,0.050008233480857846,0.031869454243783193,0.022629290351366675,0.005189498857491182,0.00845846375773815,0.010855049330493066,0.012513613424567046,0.01601478944754144,0.016777735054921552,0.011468016259769946,0.017194031892492995,0.01737553429279801,0.011820212704282327,105
Chellaghatta kere,10/23,3,0.04115357143538339,0.07268571374671799,0.04691428637930325,0.07673214296145099,0.057553572048033984,0.061024999778185575,0.04946785739489964,0.05086428578943014,0.050196429049330096,0.028182142680244788,0.0068229253736270526,0.009880435400896124,0.007873631555452032,0.012771614528693947,0.019821457061110357,0.01721806279349859,0.01168872433168755,0.021673860354005467,0.019645742106786938,0.008762982317768233,14
Bellandur Amanikere,10/23,3,0.04293066961848829,0.06500310098608127,0.04435504479543528,0.07981291271812825,0.047024606660684296,0.046248287610354495,0.03348387850308977,0.026103332350903567,0.014001604476072921,0.01009888924459735,0.009107662660220502,0.013061101428724934,0.01519407194884254,0.013237792453306913,0.012529358472813824,0.013921485481911806,0.012718842864707789,0.01246526248498003,0.006751942194899716,0.003284164474623533,3241
Abbigere Kere,10/23,3,0.06953749991953373,0.13228750135749578,0.1364500019699335,0.1621375009417534,0.09528750088065863,0.10558749968186021,0.07698750030249357,0.07471249997615814,0.046262500109151006,0.027712499722838402,0.004725447130248152,0.0147131260563355,0.03316624942270554,0.0318999586084574,0.025464213652236847,0.031052714705467117,0.023599545659593584,0.02782222347253119,0.010299021869821005,0.005726786933745035,8
Kammagondanahalli lake,10/23,3,0.03270909122445367,0.07540909167040478,0.045690909028053284,0.10584545270963149,0.06350000101056966,0.06609999998049303,0.04980909113179554,0.03658181805671616,0.04151818173175508,0.02658181832256642,0.008282671856792918,0.012133458993410392,0.010143645852998952,0.01947722964348371,0.0133430959460801,0.01810579940789957,0.008214229091107783,0.021656609716813255,0.014540151902491636,0.011960983722021984,11
Mallasandra Lake-2,10/23,3,,,,,,,,,,,,,,,,,,,,,0
Chikkabanavara kere,10/23,3,0.03708283271211105,0.04840568383388577,0.028908780499435915,0.05257440174096141,0.030366604571656866,0.03086338926804556,0.022524122555561178,0.017652580421612142,0.013389650861576426,0.010658345368309072,0.006056088171367813,0.006261165055282845,0.005336282847725215,0.006297132279705028,0.008190531220535893,0.008672365730997073,0.007138944672667029,0.008852195247308273,0.0067755108919475586,0.0035733418028526813,670
Mallasandra Gudde lake,10/23,3,,,,,,,,,,,,,,,,,,,,,0
Bagalagunte Govt.Lake,10/23,3,0.04308727156101306,0.07907031344634716,0.06982981742610594,0.0826681772443452,0.05436599860170819,0.05788744614989787,0.040754489715957284,0.039087794465357935,0.03763583245903981,0.023755013206267262,0.002173187335802288,0.009870938145887244,0.01664389568062713,0.017754964122767298,0.011372980371879629,0.012086938412901874,0.008905892353909844,0.01466661629436301,0.012509947843552792,0.007075474062150606,27
Lalbagh kere,10/23,3,0.031823235121291205,0.04983764122992668,0.02980764774655142,0.059022366444548204,0.040582303660285604,0.04188734330485901,0.0328086648062833,0.030947180609536336,0.02154427594018555,0.014205703507801684,0.010079021259075147,0.005859762524475118,0.005655293719784217,0.004674463077797455,0.006367269103241215,0.007215254371962339,0.006051061007417171,0.007846211865251421,0.006905008174684485,0.003686901397113618,231
Chikkabellanduru kere,10/23,3,0.04453793090992961,0.06753448345537844,0.0545517244087211,0.0813206906976371,0.05908620691504972,0.059668965123850726,0.04644827563957921,0.044455172365595555,0.031055172519951033,0.019720689682611103,0.013506841396318529,0.03458999533515089,0.033284195642941876,0.046018216514814574,0.03730973534508372,0.038567612207041926,0.02725201169936266,0.03086077261359413,0.01938071555490094,0.010201905729788203,29
Carmelarm,10/23,3,,,,,,,,,,,,,,,,,,,,,0
Gunjuruplaya kere,10/23,3,0.06644829575842144,0.11727586112427436,0.11092603558762663,0.1438880798713426,0.09210048657027779,0.09444422435730791,0.07334379494186107,0.06698116199909283,0.03610641020906046,0.021606481123691276,0.008334906360136774,0.018072473957599516,0.021698763817655113,0.02582836434376395,0.021361885423769062,0.022346137492433006,0.018004901322896266,0.01981527014972286,0.016124000688773142,0.007921240305486103,100
Govt. Dinnekere,10/23,3,0.10373596738096283,0.1739292461645933,0.1914371594256563,0.19779051210098114,0.14114268707192462,0.14971818159455838,0.12647825723933606,0.11021264987029576,0.05673992018336835,0.03777865659106861,0.006209849957508033,0.009683777627338951,0.010736955161822308,0.012047776957852082,0.0039420782248728685,0.008109803826164835,0.008083316107384341,0.010302858820258966,0.008634169620788583,0.008607876534257623,3
Panattur Govt.kere,10/23,3,0.06852109232231592,0.10614308811168478,0.08038739036214307,0.09288765153151615,0.05734055745985484,0.059665430194152935,0.04679189477624341,0.046260918169853414,0.041950369837665806,0.02950089054050129,0.008321352296671133,0.016153639180382245,0.022060878960281485,0.025123154613415875,0.02642326396070567,0.02743432308459383,0.021829251193924117,0.028416647505128623,0.022393470982711043,0.014229676440824596,79
Gramadakere,10/23,3,0.08103999942541122,0.13045999854803086,0.1503800004720688,0.14675999879837037,0.09570000022649765,0.10685999989509583,0.0851600006222725,0.08048000037670136,0.048039999604225156,0.029520000144839287,0.0019855476525235086,0.003220931280044144,0.004064681774088189,0.005015015304882064,0.00464370386616813,0.016793760329623576,0.004676152940715638,0.011924664165154489,0.011304619050387765,0.006510730321229523,5
Ambalipura Kelagina kere,10/23,3,0.023750847316015573,0.045788771141383605,0.027914194974227476,0.04878940627420858,0.03389576294901386,0.037176695052471204,0.023365254233733326,0.03001038129520366,0.03303622884549579,0.01980656786758642,0.0019047638906853537,0.005966514054585188,0.003325926546033163,0.010141804835207444,0.014775143275603206,0.013414589436795668,0.006027035307654424,0.017311538581440765,0.006835219432064654,0.0034181941536314264,16
Melinakere,10/23,3,0.03156200531614057,0.04390414357851847,0.029601082796837763,0.04949227876245638,0.03282773059314001,0.035087900195032246,0.028359039844909995,0.028907014915575808,0.02456807930078603,0.016352730777760064,0.009765944064430645,0.006131296744908308,0.003391990831195842,0.007009017669489167,0.007438294386977316,0.006746476648435087,0.005941655197179762,0.010030492808123972,0.007586594734290566,0.004431891680735561,25
Sowl kere,10/23,3,0.01952830188374662,0.048233962471380176,0.0262660377149312,0.06427358500893761,0.04018993715538918,0.04016729572541871,0.025187421426083306,0.024459119566932978,0.01938427677202337,0.01270566042805524,0.009186236174544858,0.014255445040253698,0.011966997598813782,0.01379394390517052,0.012693301058847563,0.014299164164628191,0.010778272773376498,0.014069192001487579,0.007914730665864315,0.003819418224119892,159
Bhoganahalli kere,10/23,3,0.03311988186542719,0.05335647495897542,0.033977955220202055,0.0692230644761916,0.04835764507933744,0.04780012274287928,0.03172030356027102,0.03241291650145366,0.028800340090618458,0.01801335208238067,0.0040276069902847305,0.006119756631901137,0.005048753762201765,0.007618168975690853,0.008763594192921711,0.008655892700843602,0.00795048954788736,0.01317435694097882,0.014456019439466115,0.008509239828621224,29
Devarabisanahalli kere,10/23,3,0.04882469816161534,0.08998235047781222,0.05804378577378411,0.07229549351646546,0.03959527172115993,0.04159358035524575,0.029363052998002497,0.032290307548837584,0.028601820521371057,0.021072183477575564,0.005648851823852434,0.011300210499960548,0.01122262756394687,0.010811384177436005,0.019260532293792345,0.025557864988824504,0.01351013140528746,0.022499637044280714,0.01171368607965345,0.005281315364768351,72
Doddakanneli Gramadakere,10/23,3,0.031826182269740315,0.05388595139966003,0.0348061568588744,0.06635750462713899,0.042585801532114685,0.04255949594796133,0.029069294996776313,0.027496381156152987,0.023821893249264443,0.017027619932912682,0.004107757011519122,0.012631161347444218,0.00842858199517315,0.021243212623930762,0.014125788521380175,0.016902891597419145,0.012145083751808906,0.01363339240022089,0.01127160860998595,0.005383633058601943,59
Lakedew Appartment lake,10/23,3,0.04089817145127161,0.07782038434991546,0.04575344984281249,0.11597414967970757,0.06789281123929736,0.06712233203712532,0.044188761141289744,0.032903551597807834,0.02175189072821141,0.015623485052144517,0.0034494840892299043,0.003316892777252145,0.003086198320494406,0.0056261221199947085,0.008801372485048024,0.01061092417733616,0.00763526356559455,0.011795088595365016,0.011268020211536589,0.006158811495836159,158
Kaikondanahalli kere,10/23,3,0.051476438674017654,0.07433285342763457,0.053748794439083945,0.09024030098232162,0.05799839091384054,0.05720035361395736,0.04094526881192036,0.035876116886213276,0.021332453823379678,0.015570109700231977,0.0033364391071653357,0.005633523981239858,0.005805021476094125,0.0070917866370845,0.006816670752506666,0.008196629618101442,0.007157049903577239,0.00984169998481915,0.008516178848632528,0.004539399557981436,271
Kasavanahalli kere,10/23,3,0.044815864510711644,0.06947633717548977,0.04280182618218412,0.05539656817428019,0.03031262570109888,0.03271367768412198,0.026530639165552775,0.02597922215824217,0.019644069752733983,0.013563905066212512,0.006060050365365273,0.006560257118957774,0.005136197044346211,0.004598138473738634,0.010212477355084874,0.011389071328827136,0.007101044092210319,0.012828510348894491,0.010124769186255102,0.004965140270851603,287
Mestripalya lake,10/23,3,,,,,,,,,,,,,,,,,,,,,0
Tavarekere lake,10/23,3,,,,,,,,,,,,,,,,,,,,,0
Byrasandra Kere,10/23,3,0.04735874999314547,0.08793374970555305,0.052746249921619894,0.11221000030636788,0.07102000014856458,0.0748950001783669,0.05359374992549419,0.04834250025451183,0.031963750068098304,0.022013750090263785,0.003379217537009888,0.002123775800368485,0.0016987634688840972,0.0034993069012302144,0.008578488734816106,0.01161568860758235,0.006810948780774855,0.012902904441195032,0.010594733218370912,0.004927435763018192,40
J P Park Kere,10/23,3,0.09132375000044704,0.1699200000613928,0.1317950002849102,0.18557749986648558,0.11840374991297722,0.1250600006431341,0.09856125023216009,0.08637124979868531,0.0408974998164922,0.025963750202208757,0.015036754933154468,0.027378871073710242,0.02316666515052843,0.03324807717276825,0.022446956205473968,0.023526196694391297,0.01697160327485436,0.02113307198383539,0.019140261341355803,0.012413420267246957,40
Agara kere,10/23,3,0.029226734807590252,0.039869362435688185,0.022139683385232194,0.037274404745056555,0.02017826102650511,0.021419205531953516,0.017945661677435887,0.01633806505782015,0.015622866293934739,0.011500251214308217,0.003459615191083069,0.0033331693145676536,0.0024525261502955815,0.003759767260965569,0.007595403860279315,0.00869348323319707,0.004620568966635658,0.00934477314838904,0.007300167558844836,0.0035227360147363704,539
Ibbalur Govt. Lake,10/23,3,0.03459032783488574,0.04633271335634349,0.03258593547600169,0.0465533971961759,0.034438862419876745,0.03484809086321807,0.024862368743565077,0.02789852305007712,0.032759239540702347,0.02282143329337435,0.0032676145902554754,0.0055174912383173045,0.004194184804934958,0.008378214198568138,0.01088042192904004,0.013683971760764923,0.007438126562429564,0.016210185374017576,0.01198029925508104,0.0058631448011580815,37
sarraki kere,10/23,3,0.048670218149156126,0.07489548881299024,0.042834314147189786,0.04683660449928583,0.026222617153076028,0.026063734838103116,0.019650293188634215,0.019748510802292774,0.02297774744383934,0.01770421561899187,0.005947826037749271,0.01008607076680187,0.004730680620447418,0.012388832291783036,0.015681030065506908,0.016381367385153184,0.01179365203092167,0.01631960773038822,0.016849084699186823,0.010326049655736603,484
Puttenahalli Kere,10/23,3,0.0301127907235262,0.044586046490558355,0.027879069754204084,0.0559755815842817,0.03612790702907152,0.039381395245707315,0.030544186010956764,0.030461627903372743,0.02784883742069089,0.020419767516296962,0.005091375462055651,0.002770469522508425,0.002835289144040267,0.003270416712210119,0.007944958328836084,0.008985945568712204,0.00456464174578695,0.009299379992497098,0.007777034586292396,0.004163198991179297,43
Madivala Kere,10/23,3,0.023973934320168217,0.03320387286137144,0.0255488677137712,0.046545183220249364,0.02263127361378204,0.022506268381396622,0.017310681790529293,0.014324220681390219,0.011804543094045149,0.009821565017970296,0.003355723088694835,0.004129952598819374,0.003432250661951163,0.007712730510199836,0.00662982545899245,0.006936064724222046,0.004028962798029471,0.006302723107125448,0.005719740849351978,0.003245175117859309,1635
Somasundrapalya lake,10/23,3,0.03653114291188805,0.05614903286987472,0.037474505422309234,0.06890325839963653,0.044111941484844173,0.04702283773626756,0.03614876593807114,0.036566388922312114,0.03642338234330644,0.028505003558169848,0.009526598314850874,0.007814819949303126,0.0062747530575974885,0.009292337280755876,0.011715533046597927,0.014393036854239292,0.007393861090456538,0.015253428688789749,0.018056560529134763,0.013732809633032793,53
singasandra,10/23,3,0.05986459099005589,0.11273169315326612,0.11511068854162462,0.1251115215990734,0.09368429638334587,0.10508224802250979,0.07056970310615562,0.08215213761592222,0.06218066937584417,0.03976263941289878,0.00271691150957587,0.0026603747043008794,0.0038101959692504843,0.008143069897467594,0.00891143011551363,0.014651635694963937,0.003631860079652429,0.012146012438329188,0.007972554467375208,0.0037565933740863985,5
Kodagi Singasandra kere,10/23,3,0.062188113210455656,0.1012319280744859,0.074592384893989,0.10766111150811414,0.07191387007756335,0.07365522400617121,0.058560649604055236,0.055579919626005475,0.04425172117966681,0.030461137684996732,0.005613162044558685,0.004017296138661395,0.004069057711183066,0.0044441915681994425,0.013861563908856579,0.015787985944061375,0.010162227448820912,0.01790097240785453,0.0186046853819626,0.012796608628674936,39
doddakodlu,10/23,3,0.031811445996344806,0.06861867463911872,0.030748192826846998,0.10795120517891574,0.07337530163756337,0.07321867449994547,0.05268614442951708,0.040424698604697204,0.015313252986195576,0.011983132595757404,0.0029336778299317127,0.008735569161630256,0.0025673746795498798,0.014249278062408105,0.012676608763339009,0.012693823958069039,0.008230582271710677,0.006579144449598611,0.0027514518202658173,0.0024555847140993,83
Karabu Kere/Konappana agrahara lake,10/23,3,0.011621273399608967,0.03852993677787999,0.019496088193233067,0.04423136074355674,0.029433277245411373,0.029531136527887157,0.01992240521265163,0.02037909668819122,0.036316487310185774,0.02563387156326163,0.004967065266617786,0.002736679435974937,0.002468087952211236,0.00469950468253744,0.006998655586120439,0.009015858730305169,0.004670501060185391,0.011866750534032439,0.011367133835085821,0.007085544966088109,18
Parapana Agahara Lake,10/23,3,0.04786015802849949,0.08301699981713559,0.05008446560975605,0.0983306589325467,0.07027390544414575,0.07077881808702863,0.055311368091799845,0.04663309308718886,0.02940295621453449,0.021512232049259884,0.00574176260620027,0.007218442867841485,0.010656640534289183,0.01660503915634976,0.015295382037829966,0.014468782211375762,0.00831316781022886,0.015167342026216684,0.01837712186336812,0.011509726199165753,88
Kudlu Chikere,10/23,3,0.02544250003993511,0.057552500255405904,0.03422750001773238,0.07366749960929156,0.046712500415742396,0.05239249989390373,0.03218249995261431,0.032502500293776396,0.0418225004337728,0.02738500013947487,0.004751664807584322,0.004828444283894046,0.004343888897843486,0.008761796307369212,0.010218339648112775,0.01225158413172856,0.007174055412746673,0.014145675291828804,0.011495156653921817,0.0074320942616199195,20
Kelaginakere,10/23,3,0.06038284084644906,0.10211351219987069,0.06453180529003352,0.06740016378904533,0.048211874672857126,0.04895713490510616,0.036757900128221103,0.0418493163139482,0.04187884178413654,0.02839881309708013,0.00517960132284596,0.005688584956325221,0.006805457647946134,0.014189319421971654,0.02065207417247521,0.023318597412397904,0.017279351356498704,0.026017755094305164,0.025854450529961517,0.016299699855969935,51
Melinakere,10/23,3,0.01312317871939067,0.03178539549750699,0.018166463417681463,0.04066049412808673,0.027301397416556183,0.02731847780207158,0.016779819535392988,0.018406518791848847,0.028055121308856453,0.019479541512457125,0.002700116604844682,0.0023287734791361584,0.0017812522455707433,0.004972419320550459,0.009863788782043708,0.009081792490845527,0.004100911125568642,0.01206142079342817,0.010584382301208383,0.006436929904632499,29
Basavanapura Kere,10/23,3,0.051154909380072056,0.07469906448095902,0.0563916001214131,0.08581049199756256,0.06175651962876269,0.0645635925523015,0.05239281360119176,0.05203775538762695,0.04098347058967939,0.0269256524401257,0.010543692619565921,0.02747570603781653,0.026687659054152414,0.03808115483259845,0.031826194495983354,0.030594401251544584,0.018721020811380187,0.028003665910279706,0.02143381977583556,0.013417418261294733,28
Swarna Kunte Gudde Lake,10/23,3,,,,,,,,,,,,,,,,,,,,,0
Chikkabegur kere,10/23,3,,,,,,,,,,,,,,,,,,,,,0
Elenahalli Lake,10/23,3,0.06738914487651428,0.08898862247206002,0.06542262824166266,0.07261079822165097,0.05854445546986442,0.061878751933132234,0.04822326612442117,0.05602508678909618,0.059148063837386175,0.03843989774387747,0.002551945118132124,0.00480529326817852,0.005588537021258253,0.015680138042676862,0.02261033722273445,0.022340532546323354,0.012083595949068951,0.022274483482087406,0.025205916324712932,0.013643692892015408,17
Kalena Agrahara Govt. Lake,10/23,3,0.04439547117407537,0.07072876846927362,0.04604678885925587,0.0659435700709385,0.047451200745331996,0.050146383654532355,0.041247973502239764,0.04557422437354493,0.04415209686713162,0.031031722651209483,0.005698993167580925,0.0070526720786365585,0.010101325616645907,0.014484369338597916,0.018461654991985973,0.017703453490102633,0.010217791620361672,0.019571597996885532,0.018010769222185124,0.011887663524820218,26
Infrastructure Corridor,10/23,3,0.03668571423207011,0.07295714318752289,0.038428571607385366,0.11458571361643928,0.07627142752919878,0.07752857037952968,0.053942857044083733,0.03830000013113022,0.01969999953040055,0.013771428726613522,7.989790293302736E-4,9.795885054010144E-4,9.527619337026943E-4,0.003712693278540931,0.007238529986598265,0.00777591727224664,0.00545471113479925,0.006728192997438853,0.0037393658625783934,0.0016679453779575653,7
Beratena Agrahara Lake,10/23,3,0.15119203212713186,0.23180509701911414,0.21672702254868165,0.21969865641790212,0.16116293334033555,0.16981482512832496,0.13606068690017628,0.1342403501711133,0.10163111919312093,0.07418247621951012,0.021484830929712314,0.04193303851980167,0.0464299912733017,0.04514791727161505,0.03217769184275646,0.029353566033572774,0.031187329864445598,0.02900367841639212,0.03171340017846733,0.021142178690164323,11
Mylasandra Dodda Agrahara kere,10/23,3,0.03796614339070752,0.05891404170624404,0.03844304525013115,0.07752633837023043,0.045533885101819195,0.0442922081779638,0.029349298848471726,0.026465129349792192,0.021091539151715206,0.014337709210036475,0.0034984786291934232,0.00855773232958006,0.0056080076228045735,0.012607372330107905,0.008348598171446408,0.01012628490778971,0.005739789761288622,0.010709477963428407,0.006201826006079185,0.0032387244224146125,106
Arekere Govt. lake,10/23,3,0.04612310373125795,0.07184655645754404,0.041550898128849066,0.0913993511980998,0.05918058884439771,0.060067166115144295,0.047895958232591136,0.03842966557069572,0.02282609790005905,0.018929491056121902,0.0013294058138850135,0.002665567636611356,0.0023512881945038097,0.0031121339990710663,0.004938442828306691,0.006002591197286376,0.003964704411856968,0.00671553355285488,0.008515518383822071,0.005188991555051873,118
Hulimavu Kere,10/23,3,0.09003199994564057,0.14867600053548813,0.13058700010180474,0.1522420008480549,0.11876900017261505,0.12791400000452996,0.0985580001026392,0.09965800002217293,0.044983000196516514,0.02513000013306737,0.024521422979195247,0.03915030295957536,0.04349438699412252,0.041736853285810185,0.03337487211082886,0.03689872115005092,0.03158084245375935,0.0334482468350238,0.017430041740995373,0.010605890054165191,50
Akashaya nagar Kere,10/23,3,0.04231703446045473,0.06781132838730748,0.05626770802667878,0.07393817849694918,0.04471103218713311,0.05253526777033937,0.032685333866575794,0.03290817206152781,0.03899810923308144,0.023235054204619587,0.002444168667284342,0.007447933229936271,0.006347517715135866,0.008265662291729285,0.008616387042660292,0.01047242599564473,0.0058206886513278615,0.011740323529545422,0.008616637339965231,0.00424489061057686,12
Gottigere Kere,10/23,3,0.0442500002682209,0.07719999924302101,0.08889999985694885,0.09735000133514404,0.06949999928474426,0.07440000027418137,0.05835000053048134,0.05079999938607216,0.037949999794363976,0.022699999623000622,0.0014499984681606293,5.999989807605743E-4,3.9999932050704956E-4,0.0014500021934509277,0.0012999996542930603,0.0064999982714653015,8.499994874000549E-4,0.00989999994635582,0.007749998942017555,0.005199999548494816,2
Kothanaru Kere,10/23,3,0.03310380758571589,0.06211381267806783,0.03815601255484656,0.059174658498971015,0.03578713002506702,0.036228797139631945,0.023493598693216232,0.02463172679407818,0.029342989591761976,0.020417508951885825,0.0038855101184079237,0.00291436447789008,0.004141224117004859,0.007058563222268034,0.012154954976231546,0.013508968006773035,0.009925975305639207,0.016005106746055008,0.015206048125638909,0.008627324534679992,85
RBI layout kere,10/23,3,0.019899999722838402,0.03620000183582306,0.023099999874830246,0.0333000011742115,0.04430000111460686,0.03480000048875809,0.019300000742077827,0.026900000870227814,0.03830000013113022,0.020400000736117363,0.0,0.0,0.0,0.0,0.0,0.0,0.0,0.0,0.0,0.0,1
Chunchanaghatta Kere,10/23,3,0.04703032477013088,0.077862196743735,0.05051734724820752,0.0899649321222551,0.05808811589098885,0.05828338596651625,0.04451445303798677,0.041504019343628386,0.03460245164321811,0.025518861069990777,0.004504075682813934,0.007334583502015037,0.00659078645061322,0.009714570158898326,0.015050064475009194,0.017171621929626252,0.009659220622134715,0.020551282261163033,0.0201085063650049,0.013960806011097147,88
Alahalli Kere,10/23,3,0.03128988098441845,0.04816547617138851,0.03426309521975262,0.06177500014503797,0.04431607175086226,0.0433559524604962,0.030756547736624878,0.031127976242541558,0.02658392863702916,0.01787023810625431,0.004756629237661306,0.003917368290812843,0.0034511825641817154,0.006074994881962051,0.008907070652118395,0.010697742169382905,0.005658036856118047,0.011615492658584654,0.008637715566068124,0.0047701521995510724,84
Kembathahali kere,10/23,3,0.05811797716088739,0.09308888538496828,0.0605816500045467,0.08337821836685737,0.05801238254576488,0.05762661959839397,0.04724912608053474,0.0447248508105688,0.04209214616892422,0.030130893126993935,0.007897996142719712,0.002671777407108753,0.004038966973825182,0.011018264608771006,0.014246572332918497,0.013980809284746362,0.012103085513101812,0.017712619182777015,0.01666052560019322,0.009997415946964903,22
Doddakallasandra  kere,10/23,3,0.044567708391696215,0.07014374970458448,0.04866979154758155,0.06704895819226901,0.05032812532347938,0.05289791656347612,0.04289375012740493,0.043811458512209356,0.02998541664176931,0.019834374931330483,0.0026048930852839774,0.00534511605574971,0.004176630994707709,0.012791596109737817,0.014375959728319922,0.015507729544429754,0.009652739580446386,0.013754810902529143,0.008471016495191356,0.004150704664240405,48
Konanakunte  kere,10/23,3,0.056435514952011406,0.0880349018443813,0.07034596143659462,0.0904224455840279,0.06971137644831372,0.0740143891922589,0.058238284737596444,0.061994522743023174,0.047171568886378294,0.03363133835367784,0.007770698945714558,0.011388680848945534,0.01172703736419978,0.017652316536082364,0.022294484540961706,0.015394806262371418,0.012056873871124514,0.013505011464073617,0.01545342210924862,0.010678931036015464,19
Thalagattapura lake,10/23,3,0.02578809502578917,0.0418642856890247,0.028947618923016956,0.04086428596859887,0.03085952385195664,0.03183809543649355,0.017721428491529963,0.023421428776124402,0.027007143057527997,0.018571428777206512,0.005099857770370236,0.005285607863518156,0.005272332900511711,0.0060982846970075695,0.013288534138937873,0.015800768347546058,0.00950040804834431,0.01792061593013684,0.008608126141702666,0.006892397247475058,21
Vajarahalli Govt.Katte,10/23,3,,,,,,,,,,,,,,,,,,,,,0
Harohalli kere,10/23,3,0.05304047570987638,0.08521464633778686,0.056000646909418195,0.08939517562806526,0.05066283772868531,0.05385554344328814,0.04401247317161073,0.03852784204469799,0.01968459795809803,0.013666269772625915,0.007808558339442746,0.009517512537275355,0.009344188438652394,0.01133524692834148,0.013268405160688373,0.014317566808060024,0.011299551824055376,0.014190822075039205,0.009959320577606427,0.005096661905806949,326
Puttenahalli Lake,10/23,3,0.02124555560035838,0.03468333350287543,0.021222222306662136,0.04581888880994585,0.030391111100713412,0.033868888810684436,0.02227555565122101,0.02245444448457824,0.024264444679849676,0.01613555558853679,0.007327496321317215,0.006123416043784106,0.0042048721295471795,0.005088541650048978,0.008666431256752236,0.009493209783945734,0.006074954334307747,0.009708580675780822,0.006938496699628371,0.003633740347470793,45
Chellakere kere,10/23,3,0.04316818206147714,0.05504090880805796,0.03971818182617426,0.05557045425203713,0.046361363577571785,0.04937045513228937,0.042336364022710106,0.03904318157583475,0.034165909005837006,0.021297727499834516,0.007731746735806401,0.010312995356380403,0.011255791828619825,0.014672103274973545,0.015257255840400576,0.012937478073904494,0.008353838963236422,0.012028397118714175,0.01102517135696842,0.005063471820092165,22
Horamavu Agara,10/23,3,0.040367611299397275,0.05840483121921917,0.036895041891698864,0.07175152680949812,0.04747188723429538,0.04776719794783261,0.035291604614087944,0.029701624941619764,0.022422193674654867,0.01767942080608444,0.009718825310207879,0.01746932966851193,0.011215555263905632,0.02304265027066745,0.01813380158453848,0.01860696790233351,0.014982626410900323,0.014907208390468173,0.01269196647129627,0.008909344826713041,299
Horamavu kere,10/23,3,0.1341700002551079,0.2197599987188975,0.1957800010840098,0.254489999016126,0.19216999808947247,0.20053333342075347,0.16649000147978466,0.15300333400567373,0.06731333335240682,0.04339000011483828,0.012630964709959018,0.018368152164976125,0.023152884575185387,0.030749064322491932,0.022656048515653466,0.021530207632274177,0.017791909622768685,0.019653553066701395,0.03723650658419111,0.024937163228886082,15
Kalkere Kere,10/23,3,0.06464117403640045,0.09419591806601348,0.06778202032300706,0.11978371297667317,0.07415422325113055,0.07089766391074376,0.04985927256591479,0.04068090245092267,0.017255719344871794,0.011721634121306935,0.009105845970525689,0.011117304904869365,0.015041168328328107,0.008048226136481353,0.014177026493227602,0.014631071485430717,0.014102454792041289,0.01567744362284423,0.007848602178192896,0.004146853407575615,380
Nagareshvara Nagenahalli Kere,10/23,3,0.07414739813270088,0.11165327548871408,0.09839092431003549,0.13020300474549626,0.09087703765490338,0.09476018535611379,0.07677064335725546,0.0735910343374425,0.04891997459584598,0.035031007182940214,0.011597883173528455,0.021360109414542246,0.025675033092222684,0.029226568880876328,0.021896746020894173,0.022764713629149766,0.017034145071192625,0.019406051056388922,0.017656011706506738,0.013812132070077593,40
Rampura Kere,10/23,3,0.061086725839207656,0.0931323007309595,0.06376415931215856,0.1216964604811067,0.08285840719410803,0.08211902634496182,0.06154292035617132,0.0548327432335478,0.035199115250622276,0.02226592920127168,0.009685410369994329,0.012603958527082895,0.009878754803153316,0.015330840961815693,0.013115233050086394,0.01318723961852723,0.008971826417960469,0.015151941006145576,0.012297517519152312,0.0072682246804399425,113
Atturu kere,10/23,3,0.024568695696475712,0.03521521737718064,0.021223913173636665,0.038348260878220845,0.02275260874758596,0.025226521690416594,0.01897043487785951,0.018487826128409286,0.014942608684625314,0.011550869610484528,0.00861979896824138,0.018436510326131084,0.014547727069074569,0.02382559779152343,0.01668102121620765,0.0196266131519221,0.013574515437651142,0.01572495184646538,0.005684621573634433,0.0029757935384658696,115
Veerasagara kere,10/23,3,0.053844566345405756,0.08478077000527612,0.05956469495943968,0.10621713048818988,0.07127321531542591,0.07220312455686075,0.054860584832592096,0.04677795708623359,0.02530401414670851,0.018607889810909727,0.006783023011636467,0.015555681631563597,0.019579541119630894,0.02684450012540726,0.018802746293079098,0.018921025554625555,0.014445268164304756,0.016724799208988207,0.010463830315999475,0.005396347214835577,138
Dodda bettahalli,10/23,3,0.031265919455429,0.051080019182687744,0.03914432705058358,0.051526219387326946,0.0345492267874393,0.036111655749635804,0.022832005285723517,0.029392578194862042,0.041306803157583206,0.0335097406750685,0.007949290307532901,0.013892226309260665,0.014002804577994053,0.019950448577951436,0.01710625910369114,0.01821929181649862,0.011406944738878728,0.01942903947529791,0.01587833798861968,0.013482390078342291,33
Dasarahalli kere,10/23,3,0.023219075614959197,0.04675698104307298,0.028530615736396786,0.0601989608141381,0.03799790639999818,0.03790250701838052,0.026551706844304024,0.022029215540439347,0.021832261483854552,0.017631302730192717,0.0032171910826204,0.0038256237505615346,0.00484745625594487,0.005941013464224307,0.008473159486174194,0.009885333092352276,0.005213300613954943,0.011659220727431864,0.01010495069407044,0.005892030651635563,92
Doddabidarakallu lake,10/23,3,,,,,,,,,,,,,,,,,,,,,0
Allasandra Lake,10/23,3,0.05760442946760381,0.10889318618639846,0.06080264114595457,0.14246465439930248,0.09399289175680482,0.0947196540988128,0.07380296483857456,0.05502777123646848,0.017153148171082287,0.013654662106849345,0.002122814131257808,0.005691400335574796,0.0027366709792921297,0.01178457067058919,0.006405367813971571,0.007298844312607664,0.004539582243047313,0.007793819477930499,0.007053727808630401,0.0039803302905320175,260
Andhrahalli Lake,10/23,3,0.035054463067582975,0.05215810367321848,0.04781104938589818,0.05815944402053594,0.044541795376579915,0.044541239310362093,0.03096776244697996,0.027233223727870116,0.020733653617417615,0.015338103625777397,0.003166638014087025,0.004283994635143685,0.00547644352925991,0.0067589568048006836,0.008309627124645665,0.011683134997073928,0.006164210704232479,0.012090736855723405,0.009175404507605138,0.005987876563404813,47
Handrahalli kere,10/23,3,,,,,,,,,,,,,,,,,,,,,0
Narasappanahalli kere,10/23,3,,,,,,,,,,,,,,,,,,,,,0
Valagere,10/23,3,0.03214210536527006,0.0498947365895698,0.05677368413460882,0.07863157869953859,0.054321052604600004,0.05365263180513131,0.038384210710462774,0.03317368432487312,0.0176578947882119,0.014500000023920285,0.002556583955283038,0.003574099266619876,0.0019234952362741297,0.002498010269899779,0.0029976445334902488,0.0038400065047843315,0.002549770721706247,0.004548549960665682,0.004057133610275203,0.002073644182117314,19
Shivapura New tank,10/23,3,0.03855714255145618,0.07212142965623311,0.051814286304371696,0.08022142787064825,0.06757857118334089,0.0645857144679342,0.04717857124550002,0.04078571445175579,0.03977142859782491,0.024028571588652476,0.0023292287870371993,0.0039908702846594354,0.002565946963593408,0.00811585115834547,0.014184998207495608,0.015639916392738002,0.004374100917718838,0.013023871542423923,0.00689155091368058,0.004353886131486009,7
Agrahara Lake,10/23,3,0.04617136460786328,0.067942596762826,0.04457906828613783,0.08069308689242016,0.059782187980388354,0.06007000031030892,0.04577296955938145,0.04446581015981978,0.03203070930283385,0.02291482723941441,0.005783569712612817,0.011257991207493214,0.008812007586721146,0.017202891536580268,0.013515696531440914,0.015190429433090149,0.009157804752803369,0.016675986049013037,0.01392912481696917,0.008480245351856335,66
Chokkanahalli lake,10/23,3,,,,,,,,,,,,,,,,,,,,,0
Jakkuru lake,10/23,3,0.03906923258845546,0.06237503511215491,0.03782038955494771,0.08460198924169146,0.048651463690307775,0.04726017812591802,0.031460883613741504,0.02401479146177972,0.015012070334809552,0.011139519456700145,0.005228314744458646,0.004827809302529404,0.004243674524947583,0.007814777962530736,0.007297330376918542,0.007827067993808444,0.006777924572948683,0.008296375541081055,0.006640969979170998,0.0034787725290587245,937
palanahalli,10/23,3,0.027225862160838884,0.03152068954860342,0.019865517247596692,0.03846379337382728,0.027232758508160197,0.028489655172773475,0.02320172412899034,0.01936206902409422,0.01563965509934672,0.013475862058714545,0.00788636039500637,0.007629406329960198,0.0073028941433145615,0.007604981968127109,0.006199370908867959,0.004335725188636663,0.006528676644589993,0.004506846311694641,0.0054625982671732305,0.0038458356724117506,58
Kattigenahalli lake,10/23,3,0.03880408181979948,0.05837346932717732,0.032848979555526556,0.07672448973266446,0.04973877563464398,0.05043469384616735,0.039726530676897694,0.02941020403285416,0.018124489892958378,0.013406122464458553,0.005357389086520775,0.001438079033258762,0.0015878521265952049,0.005628517829199854,0.005019261569330655,0.0041622970995318165,0.005514203449925038,0.004965565141969977,0.005829045410912268,0.0028753284880078662,49
Kogilu kere,10/23,3,0.02248407649224814,0.028678662547023052,0.02164235674096924,0.038690764421395435,0.02751974527765611,0.024002547901209776,0.015007324868243686,0.015878662423254437,0.018910509658751972,0.01447547778226198,0.007316032615387784,0.007704399918207263,0.006712399784521557,0.008218700087092468,0.008382780632665121,0.008458651488392976,0.006600629264424742,0.007775832644738777,0.005651120341448272,0.0033356672742161915,157
Venkateshapura lake,10/23,3,0.0562930554151535,0.09830833329922622,0.06419861089024279,0.13280972300304306,0.08829444522658984,0.08936111132303874,0.06403472181409597,0.05453194439825085,0.03317916662328773,0.02230833323361973,0.004136745171615511,0.005418595864474917,0.006556829292400099,0.008771060155167064,0.008099509654207323,0.007955083118934706,0.005788863673915123,0.01076198384116998,0.01611846032208722,0.010864502972957511,36
Bellihalli kere,10/23,3,,,,,,,,,,,,,,,,,,,,,0
B. Channasandra lake,10/23,3,0.03423319610826295,0.04842809096171719,0.03031621436405189,0.047992347621059916,0.03267915224072325,0.033712052320684076,0.026826109637152176,0.026071015262147255,0.025649982908243565,0.020677061613457906,0.015942908506602283,0.014256979716246348,0.012611127207218025,0.012873931980525374,0.01582442261077621,0.01678254719963263,0.01251612083893951,0.017499635801325703,0.015603098405579685,0.010407945919518607,92
Byappanahalli kere,10/23,3,0.03229999914765358,0.05849999934434891,0.03139999881386757,0.053199999034404755,0.027400000020861626,0.045499999076128006,0.03530000150203705,0.0284000001847744,0.031199999153614044,0.01889999955892563,0.0,0.0,0.0,0.0,0.0,0.0,0.0,0.0,0.0,0.0,1
Kowdenahalli Kere,10/23,3,,,,,,,,,,,,,,,,,,,,,0
Krishnarajapuram kere,10/23,3,,,,,,,,,,,,,,,,,,,,,0
Basavanapura kere,10/23,3,0.03125245636223151,0.05554704080838418,0.036951316533809744,0.06207373227851246,0.04047252401514269,0.03946688632121361,0.02668860312258964,0.02873956958559118,0.03257105442984862,0.02353301123212468,0.005451866732168976,0.008609465625777746,0.006894424135106113,0.011549812448797117,0.013712912088140393,0.014761246232808582,0.009183251734489408,0.015534043756312458,0.016837879332839055,0.009931006026052269,69
Shegehalli kere,10/23,3,0.0446688451381652,0.07135252357030678,0.05497108848135557,0.09533240289264895,0.06579683115000697,0.06888707237400687,0.047119868573990184,0.042398065395979186,0.026220864125862258,0.018059534507146,0.004512380712704559,0.0025352507312635443,0.008329603540874158,0.01131775002302216,0.009303184169352862,0.012011748368453076,0.006686640187201209,0.010169560213024011,0.013022476922830005,0.005989467769226769,28
Mangamanapalya Kere,10/23,3,0.04344276887620075,0.05814325183957634,0.04115154678191794,0.06571244147549922,0.049922935165861784,0.049828718387424246,0.039406998497212534,0.03948013051747636,0.03406560621938569,0.024283401936447145,0.005639498972773101,0.005688711426237268,0.005986296732770287,0.004609653914775401,0.009075524654620408,0.01004105586157267,0.006138458300173472,0.010772179787337004,0.0063770102325577446,0.0032050201504985306,22
Hoodi kere-2,10/23,3,0.04216428590672357,0.07676142879894801,0.04679142843399729,0.0884357145854405,0.06220142862626484,0.06446142835276468,0.04925571382045746,0.0470500006207398,0.04061142871422427,0.02930857166647911,0.009240868218715453,0.015778366882169916,0.01941587539224947,0.023801757964724415,0.020699725904954253,0.021055124521370792,0.014932886182710879,0.021044276979746573,0.01808648670823182,0.01087041543128814,35
Jimkenahalli Kere,10/23,3,0.0519626104501998,0.08276530059443292,0.053839268501912375,0.09151419832212244,0.062419590430838674,0.06344324731020581,0.04634053084791528,0.046671002682074435,0.047415424659917604,0.034264984999315025,0.0032751277052038954,0.0033561532458199917,0.005373442461343263,0.005707118413132034,0.0109743102194336,0.012798247050515164,0.008671577225596031,0.013686603354728013,0.020932321513575044,0.01335836796213254,38
Kodigehalli lake,10/23,3,0.03582338058869312,0.05429499453914481,0.03401784485035008,0.049917822157830055,0.028955451439457977,0.028611170181494987,0.021545820358867186,0.020406737867440735,0.022519881743309076,0.0169823854521578,0.009150869964213612,0.015809205834163217,0.016217345094212694,0.021280079073231685,0.019706460337417735,0.02130697581562121,0.016097504738960967,0.018695749585282175,0.013829497441550622,0.008219874530032948,336
Gangashetti kere/ Devasandra kere,10/23,3,0.07019999985479647,0.11530972168677384,0.0819749998756581,0.10801944426364368,0.07263472241659959,0.07789722240219514,0.06486250035878685,0.06060833287321859,0.04700972227793601,0.03018472211745878,0.005776196666450639,0.009404879969470948,0.009252661341074124,0.013556842250388713,0.01984507679301009,0.02157695847550283,0.01519726025810387,0.022522221876659566,0.020444371645180856,0.012432058205016406,36
Vijinapura kere2,10/23,3,0.03939285767929895,0.052178570734603066,0.03627142868936062,0.06075714315686907,0.04792857116886547,0.053099999470370154,0.04149285703897476,0.03527142905763218,0.03060000017285347,0.02102142891713551,0.005496520470481539,0.0056379993768402225,0.006162957237232477,0.0048437320361392555,0.007604127098239061,0.004206033892435651,0.004248228744139433,0.00890151935772852,0.0016327017062465986,0.0032166814536360123,7
B.Narayanapura kere,10/23,3,0.0446166665189796,0.0718666666911708,0.04892777858508958,0.08578888906372918,0.06533888934387101,0.06895555721388923,0.05553333378500409,0.047855555597278804,0.03257777810924583,0.02200555532342858,0.002866279419032383,0.007191469261361346,0.005907109957637572,0.009249768823949706,0.008942028585731988,0.010711351679263358,0.005165322433390392,0.0057218609128156135,0.002112806183871107,0.0020991328525509414,9
Melinakere,10/23,3,,,,,,,,,,,,,,,,,,,,,0
Kelaginakere,10/23,3,0.03562036771639728,0.054791740370513056,0.02981898876062593,0.0631865886285507,0.045543791990154854,0.0473096248810367,0.03673982073414943,0.03360779547899518,0.03068060379162178,0.023351004769835478,0.002856342158083602,0.004931151038185652,0.00468968812819985,0.006910870157842489,0.009520741874441279,0.010797404224004431,0.005152265728084127,0.011916623957508506,0.013719891106611063,0.009915524044294043,42
Rachenahalli kere,10/23,3,0.05034213720179934,0.07300409930507823,0.04616975813092644,0.09534415317278716,0.06468716407475132,0.06312701615544977,0.04655510758210014,0.039085215144109745,0.02007318549834552,0.0141698924883429,0.010814663742732593,0.011708396764066124,0.011072834731107088,0.01422912121977617,0.014285509216218833,0.015159607480621343,0.013069955746750241,0.015204966167192375,0.00904075918963443,0.005384065310920558,744
Amruthahalli Lake,10/23,3,0.02194999996572733,0.031150000169873238,0.021800000220537186,0.030949999578297138,0.02954999916255474,0.03319999948143959,0.02484999969601631,0.027250000275671482,0.025799999944865704,0.01855000015348196,0.0010500000789761543,0.006950000301003456,0.004399999976158142,0.009949999861419201,0.002049999311566353,0.006799999624490738,0.005249999463558197,0.004449999891221523,0.001600000075995922,8.500004187226295E-4,2
Nagawara Lake,10/23,3,0.042872525372222636,0.0743621499537155,0.04527805269987251,0.0855029773205712,0.05286822260603672,0.05391309082281563,0.04153230812687808,0.03312145133653425,0.016536108604522932,0.01363792545143582,0.0019149526111443484,0.0023031388069617775,0.0022794249969943204,0.003202229500093587,0.006177318349057656,0.0074808493791149655,0.005521153772550782,0.008656089470476637,0.007172137553669736,0.004442549675279612,445
Herohalli Lake,10/23,3,0.049618523169982116,0.08418140963086256,0.05014897706276913,0.11008915122174838,0.06965443162074424,0.06879144761523441,0.04865773112326911,0.03667330912712914,0.020357353521303488,0.016141293447523488,0.002969889042330654,0.0024673239235211515,0.0023145093361924985,0.0028834586006720644,0.007286265736543372,0.009195208916590187,0.006640234264062846,0.013569509797052645,0.009461495705540375,0.005091007121796196,170
Hebbal  kere,10/23,3,0.033834984406171636,0.047729400698955426,0.03013048931310419,0.05368841494615178,0.03201984014217539,0.030790226611151553,0.02267057933261979,0.020047871011841394,0.014904125521772523,0.010347742446735437,0.005053449738329847,0.004761345768184135,0.0046297463732720414,0.005786904400725193,0.008619512173921005,0.009596095828614457,0.00805856515076949,0.009951052261203444,0.005586583567443542,0.003026311071605819,830
Mahadevapura kere,10/23,3,0.04340859747920984,0.09486452517385487,0.04437638284716162,0.12578143259077784,0.08018730813939788,0.0826516175115421,0.06513023224961347,0.04747163657944006,0.020893676929154524,0.016747566158777153,0.003357549308717679,0.0022530244614278696,0.0025528735383760124,0.00353418626957543,0.005859787285439591,0.005634059036208704,0.004065915408951213,0.008258030993457004,0.009524496155213029,0.005514413064083856,133
Vibhutipura kere,10/23,3,0.04139866648198418,0.08372361153510635,0.04515729574418745,0.10614871908380046,0.06798508433680217,0.07038578662118421,0.05589931443127711,0.04206390171669034,0.022188959967839518,0.016563357643817986,0.0038528459934738467,0.004280708577625992,0.004662128412452609,0.005731966084227676,0.006440002579167683,0.007238087890075938,0.0038438378369855704,0.010443428538212488,0.01076125058853904,0.006944226394975739,188
Rajapalya Hoodikere,10/23,3,0.03678800009191036,0.05957200020551681,0.04182200014591217,0.06616000071167946,0.053196000084280964,0.0528020004183054,0.0395219998806715,0.04193200059235096,0.027235999777913092,0.018293999806046485,0.008772243434705248,0.01468607541348746,0.011277455903387983,0.017635186633427023,0.014685700256440982,0.016906155376088954,0.010857651845523168,0.015739275952851104,0.007778181335412798,0.0048557658164236454,25
Achanakere,10/23,3,0.03844696195310063,0.06175933778378741,0.03780930045717563,0.06369585469569193,0.04655612573172318,0.05026830149725435,0.038714330455574,0.036284237946532065,0.04205032340826028,0.031010209316985154,0.006810273997793637,0.014594442673146572,0.013107598327814808,0.019397542991214694,0.01764875647060541,0.01735893055471612,0.009265624248392276,0.017601472915842686,0.01626440655541686,0.00984763644565194,16
"Yekkalagatta kere,Mahadevepura Kere",10/23,3,0.04248693603395605,0.07246737699001046,0.05313586228731793,0.07664829982296645,0.05016199883264232,0.052291660675940314,0.037947512185434386,0.03910442929996248,0.048038922658932795,0.033764951904394325,0.007150967966640092,0.0131973537876235,0.017334710363263263,0.023430921036271264,0.021473635431083455,0.021558803675260585,0.013906340268315205,0.021568486553114156,0.021149767159147896,0.01357551421599949,22
Pattaduru Agrahara kere-2,10/23,3,0.04042142869106361,0.06084285756306989,0.0447357145271131,0.05718571400003774,0.0526357146778277,0.05596785633159535,0.04293214316879,0.0430607142459069,0.03282500005194119,0.01848214285980378,0.00487994094172084,0.009024468464153192,0.008504336026418584,0.009327406439623707,0.015749256051234353,0.014604116129332526,0.008050878635622857,0.013027816081820397,0.008652656968885774,0.0028739971817927125,14
Nallurahallikere,10/23,3,0.06274408009057585,0.10787451050943342,0.07608086316458196,0.11859078572132464,0.07996107751085765,0.08315919665262865,0.0638514227570824,0.05555156128785427,0.031308137476170325,0.021598248531825473,0.003990668686854812,0.005132444675156555,0.00576922942426101,0.007586297227665795,0.010409645439034611,0.011378324821003918,0.008122414793382386,0.013063960637947887,0.01671766561127377,0.010459120762714243,152
Thubarahalli lake,10/23,3,0.04925838655823671,0.07219593707742034,0.04817472940877728,0.07323501904697523,0.05814569573399525,0.05958416444379926,0.04799642513411632,0.04749296125915387,0.03311708216757878,0.022450917988547665,0.0074879775601460275,0.010909907998847121,0.009320281051623577,0.011865326495175492,0.013122425118721555,0.014883659105999697,0.009995422487249895,0.013183186388085718,0.01101792676878427,0.007064501413599738,122
Sheelavantana kere,10/23,3,,,,,,,,,,,,,,,,,,,,,0
Doddanekundi Kunte,10/23,3,0.022542214776945197,0.043790992209636066,0.02496607076009531,0.06758440693784484,0.05091793731126897,0.04817459681638968,0.032753172789835944,0.02720715075038738,0.023225991221430507,0.017728288367507263,0.0031213598922771816,0.003843742551506058,0.0018512482373435157,0.004977639606972378,0.0067900876165567494,0.0053914569025485005,0.0032262315961115178,0.006723334458252512,0.009432710593652204,0.0067314369929090375,43
Chinnappanahalli  kere1,10/23,3,0.02691666694978873,0.036880000432332354,0.023496666674812636,0.048843333621819814,0.03162666670978069,0.034526666377981505,0.028700000047683714,0.02473000002404054,0.018853333468238514,0.015086666742960612,0.006165053828081411,0.0067482538189455364,0.006177767988337582,0.005725116611906741,0.007312406595750485,0.00731823889243532,0.005677792840842769,0.006082483196806014,0.003467154003080683,0.0027577446849106325,15
Doddanekundi kere,10/23,3,0.04121375848982958,0.06731510072346501,0.044246979807847295,0.06511476495922011,0.050736241736418046,0.05267516791120472,0.041231879251915335,0.04117818785856334,0.023064093958061412,0.014412416145205498,0.011446516742027835,0.020028624376011446,0.018549877673830067,0.02648078076943514,0.022823088039546725,0.02465512865705581,0.017495038593350783,0.021038688636712655,0.00818888598258375,0.0031462927610414917,149
Kundalahalli kere,10/23,3,0.043890312204059166,0.06658459934872213,0.043726679797745166,0.06330463177772232,0.04112124690150529,0.041096643285287025,0.030088514538517148,0.03014931262048233,0.026872257178409534,0.01936147992694029,0.004759970759213418,0.005670596103783723,0.004422399542198129,0.007091510973905922,0.011145835027410306,0.011284088289040657,0.006860643740613022,0.012158363391660218,0.010738417569487199,0.0047447736220612696,142
Acchanakere,10/23,3,0.043700581091491046,0.0705939795575138,0.03914416432718866,0.0893858564142004,0.059227082468435485,0.06112706010190491,0.049569124034631935,0.0377538957506164,0.02034897247471691,0.01652512461250757,0.005649926753568997,0.010201094745970514,0.008379495764504342,0.011354346634433242,0.00914814315432128,0.009539427871977948,0.006468433200680257,0.00869230523721905,0.0054525766699268854,0.0038333932926085178,79
Varthur lake,10/23,3,0.06244151896471809,0.09164218508382889,0.08287494013668398,0.09379189969339427,0.0638607734823053,0.06493973015428321,0.04753182015056458,0.04616766236899838,0.022249383191574247,0.0135700047015416,0.01734612093224963,0.029045758085977758,0.02975660094620425,0.0319493435671139,0.022029380613379973,0.02404568027438264,0.01956090159364707,0.02081881234732754,0.007916984905315222,0.0037586933556009437,1539
Narasipura Lake-1,10/23,3,0.03404629651319097,0.0540833329712903,0.0390481481121646,0.05453518502138279,0.03789999998278088,0.04031296336540469,0.031020370070581085,0.033968518660576257,0.028035185058359748,0.018133333470258448,0.0027139873735651772,0.0037028515603105103,0.003103954749890079,0.006267402645509977,0.012749698695356164,0.013785450054570094,0.006110983584749407,0.01745861814409183,0.007180771802534556,0.0033698280688296382,27
Narasipura Lake-2,10/23,3,,,,,,,,,,,,,,,,,,,,,0
Ulsoor Lake,10/23,3,0.05764071667037576,0.0998842934966633,0.05376993387656494,0.11259495277224918,0.06779170590914048,0.06878503918665886,0.053500446267834456,0.04106435147900429,0.018623166986751153,0.013118810367421376,0.003920666054561198,0.006663536579169377,0.0048278514833002715,0.007897565491088263,0.008957528777394388,0.009976189284233387,0.008035105901902907,0.011802951596828261,0.009785609670935136,0.005606209173258123,798
Gunduru Lake,12/23,1,0.03404229444071153,0.06172778799124232,0.034522136061496095,0.0651864147495373,0.04054961967910608,0.043124866195648766,0.037188984333040874,0.031018197317114492,0.023565182959795546,0.01860116892236658,0.0033203760884480166,0.003607915153513751,0.0033751351127170965,0.004814476492065376,0.007634991779676419,0.007226142901493959,0.005782021135377517,0.007986347379071968,0.007937439005262158,0.006401242018147387,49
Doddebele,12/23,1,0.017432941233410555,0.03068941176375922,0.016074117744231925,0.04394235299790607,0.023887058917213887,0.02570823544965071,0.022507058807155665,0.016865882436361383,0.01854470604482819,0.017154117717462426,0.0026936696955882694,0.0020610689944221996,0.0021453728018727505,0.0026728428968913957,0.0034756899599158687,0.004102057224222723,0.0021942592200653813,0.0034995312608464644,0.003088517854256662,0.0025520719597290306,85
Somapura,12/23,1,0.040507692557114824,0.05139230764829195,0.03712307719083933,0.0433615380181716,0.029776922785318814,0.032453846759521045,0.040861538682992644,0.03238461553477324,0.03378461587887544,0.02657692306316816,0.0017067563287202169,0.002176610194064607,0.0017559371363704353,0.0022943202532130043,0.0018448069021713346,0.0016937060159942904,0.0019285464106368105,0.001959923897405819,0.0017960838373682314,0.0019498138961480838,13
Mailasandra,12/23,1,,,,,,,,,,,,,,,,,,,,,0
Kengeri 1,12/23,1,0.024666666984558105,0.04278333423038324,0.03278333321213722,0.038200000301003456,0.02933333379526933,0.039816667015353836,0.02484999969601631,0.036766666918992996,0.0367833332469066,0.0325999998797973,6.54896273337221E-4,4.946940133957507E-4,0.0014599276191599865,0.002486630890844651,0.004773771215744616,0.0059569049583208635,0.00252240001227314,0.0029032556921637165,0.004962665741547896,0.0025935815096519953,6
Kengeri 2,12/23,1,,,,,,,,,,,,,,,,,,,,,0
Chenvinayanahalli,12/23,1,0.03369230786577249,0.06307179528551224,0.043492307934241414,0.0549128206494527,0.03603076958694519,0.04096410280236831,0.033871794979159646,0.03858205155493357,0.04162564128637314,0.03195128250771608,0.004159227513943025,0.00370972050282981,0.002164679486164605,0.0032799456204384877,0.006549776116915437,0.005697344698151534,0.007140564825675456,0.005487836307080511,0.005738923128955002,0.0032240979819893123,39
Annamma kere,12/23,1,0.04420324909058225,0.0912496255619617,0.04961817227210883,0.11240863947411257,0.08154073575167774,0.08841924138715632,0.06849086003345449,0.0554986081429568,0.03516708336496557,0.02905912162860412,0.0016822364912514106,0.0012368320620567553,0.0023549144116245145,0.002343197978588979,0.009809945881738754,0.014343852138132083,0.00391152196738649,0.01131291213177702,0.009307749849643856,0.007413144254640043,11
Deevatigeramnahalli kere,12/23,1,,,,,,,,,,,,,,,,,,,,,0
Devarakere,12/23,1,,,,,,,,,,,,,,,,,,,,,0
Doraikere,12/23,1,,,,,,,,,,,,,,,,,,,,,0
Goudanakere,12/23,1,,,,,,,,,,,,,,,,,,,,,0
Gubbalal kere,12/23,1,,,,,,,,,,,,,,,,,,,,,0
Halagevaderahalli kere-2,12/23,1,0.08924999833106995,0.1375500001013279,0.12425000034272671,0.14762500301003456,0.10639999806880951,0.11370000056922436,0.09487499855458736,0.08982500061392784,0.05317499861121178,0.03662500064820051,0.01027046753783621,0.0172763563114847,0.02313855204012414,0.015116111647448164,0.009346389753479975,0.00979208727435789,0.006794255318960252,0.016607885913406787,0.019667659255235923,0.012847835361398434,4
Herohalli Thotadakere,12/23,1,,,,,,,,,,,,,,,,,,,,,0
Hosakerehalli Kere,12/23,1,,,,,,,,,,,,,,,,,,,,,0
Kempambudhi lake,12/23,1,,,,,,,,,,,,,,,,,,,,,0
Laggeri Lake,12/23,1,,,,,,,,,,,,,,,,,,,,,0
Mallathahalli Lake,12/23,1,0.02698909091678533,0.04765181829306212,0.033670000037686394,0.0455990905450149,0.022874545551497826,0.024580000146207485,0.021393636351620608,0.018061818183526736,0.020898181724954733,0.01800818176601421,0.002580146104135982,0.004721242722472399,0.005229262981536117,0.007723252859653752,0.009307547806132934,0.009444303737882378,0.006942808800329419,0.01064927644547573,0.015084308107158214,0.013232000463290204,110
Moge kere,12/23,1,,,,,,,,,,,,,,,,,,,,,0
Muppatu Kavalu Hosa Kere,12/23,1,0.016144193961855863,0.027522968194417415,0.01161309693489344,0.023609548618476233,0.018394903365762962,0.02158780621665139,0.021029290069014796,0.016919870958813733,0.01405974185995517,0.011457161271884555,8.466017889208538E-4,0.001256818288423473,6.797358795297363E-4,0.002084246459293973,0.0032119040242072523,0.002398128460182884,9.804206897468665E-4,0.0046390975644532975,0.002450572708626599,0.0022909759404410395,7
Nayandanahalli kere,12/23,1,0.023256756919058593,0.02606216208958948,0.019251351521627325,0.023981081070126715,0.01969189184239587,0.02199999995630335,0.019556756911648286,0.01972162172298979,0.019027026974268862,0.01595945955833068,0.0025423484509044902,0.002796459939214547,0.0025469243161921756,0.0026636530554369257,0.00409821164241089,0.004243214052285955,0.0025379859956332876,0.004343689866977637,0.0034422375754126445,0.0022272830081281458,37
Sankey Tank,12/23,1,0.019063543149363836,0.02432507907225492,0.015051219960285625,0.01997033876257228,0.010133872406453451,0.012199287421681434,0.010483854315101482,0.00989415142938249,0.011326532564833777,0.009913032674963362,0.0021191611548717717,0.002347688585189314,0.0019376104873343354,0.004205926905186085,0.004856599377827544,0.005155679456674979,0.0034257217428543102,0.005577557958841102,0.007215967037617552,0.006776919939314364,250
Subramhanyapura kere,12/23,1,0.05220000073313713,0.06629999727010727,0.05090000107884407,0.059700001031160355,0.0494999997317791,0.05480000004172325,0.04910000041127205,0.04270000010728836,0.053300000727176666,0.0414000004529953,0.0,0.0,0.0,0.0,0.0,0.0,0.0,0.0,0.0,0.0,1
Ullalu lake-2,12/23,1,,,,,,,,,,,,,,,,,,,,,0
Valagerehalli kere,12/23,1,,,,,,,,,,,,,,,,,,,,,0
Yediyur kere,12/23,1,0.04337500017136335,0.08254749979823828,0.04330749996006489,0.10424249991774559,0.07316250028088689,0.07515499945729971,0.06268499977886677,0.047715000621974465,0.02041250017937273,0.01679249999579042,0.002576019381590386,0.0021878059048387848,0.002538738566943751,0.0034775627804733028,0.004143289354026977,0.004931274823174717,0.002637380171604194,0.005075211980148941,0.005537968634659285,0.0050442237492149275,40
Bhimmanakuppe Govt lake,12/23,1,,,,,,,,,,,,,,,,,,,,,0
Srigandhakavalu Karabu Katte,12/23,1,,,,,,,,,,,,,,,,,,,,,0
Janaradhan kere,12/23,1,,,,,,,,,,,,,,,,,,,,,0
Konashetty kere,12/23,1,,,,,,,,,,,,,,,,,,,,,0
Nagarabhavi (Un-named Lake on map),12/23,1,,,,,,,,,,,,,,,,,,,,,0
Sompura Govt.lake,12/23,1,0.027483636377887293,0.04236000004139814,0.029843636365099388,0.03210363638671962,0.020720000057057902,0.02546000016683882,0.02040909105403857,0.025321818346327,0.025623636489564724,0.019734545390714297,0.0012866818084208585,0.0020853254402460114,0.002518857092682845,0.00421822710968583,0.007398584877351076,0.006667713307798395,0.0046195345501914885,0.006220222065785368,0.008242924442925712,0.004580084069345879,55
Lakshmipura Lake,12/23,1,,,,,,,,,,,,,,,,,,,,,0
Amrutnagar Lake,12/23,1,0.011155000049620866,0.015340000041760504,0.010522499994840473,0.01770500000566244,0.007609999988926574,0.009457499976269901,0.008775000041350723,0.007312499987892807,0.009924999973736703,0.009225000033620746,0.0029208689115635894,0.0031433899717556854,0.002010657510119185,0.00304573064921809,0.0033180415742651895,0.003270159576327976,0.002812538987206743,0.003652819939949767,0.0031429086552708686,0.0020442297486527867,40
Hoysalanagara Lake,12/23,1,,,,,,,,,,,,,,,,,,,,,0
Basavanagar Lake,12/23,1,0.030737500172108412,0.042037499602884054,0.027200000127777457,0.0463875001296401,0.0338624999858439,0.0386374993249774,0.03196249972097576,0.029162499820813537,0.026624999940395355,0.018937500077299774,0.0015434841502329486,0.002929990816408138,0.0026972208800392834,0.003455950659274769,0.0031575060062623934,0.0038190107258478413,0.0026678350716878587,0.006684484878515883,0.01088838249684858,0.0046392181450772355,8
Ajjegowdana katte,12/23,1,,,,,,,,,,,,,,,,,,,,,0
Kodigehalli kere,12/23,1,,,,,,,,,,,,,,,,,,,,,0
Kommaghatta Govt. Lake,12/23,1,0.041956784138250304,0.07145515522490722,0.03604084412778332,0.07311767295363203,0.038601009704005984,0.04030124094820423,0.030566616315509113,0.02454994322736431,0.017128108241532172,0.014210692460953654,0.0020462752783588947,0.0031846004917555374,0.0022013944009794265,0.004502255658384507,0.00863005856868302,0.010546278390152073,0.0066273672620640635,0.010373512647631486,0.007083804723093677,0.004593776016391554,197
Manganahalli Lake,12/23,1,0.03688502546189709,0.045994990234608915,0.02847540321817272,0.03421558232423348,0.022851734060468958,0.025152389869817823,0.021391940910986607,0.020083114406338236,0.014966985765339367,0.011420562973056346,0.004028848753884888,0.006240717231227848,0.003936561664134167,0.007430045104729018,0.007304172887402681,0.007959288994010622,0.007043545915484283,0.007167649654168927,0.005630890521749838,0.004244338112921234,911
Bhattarahalli kere,12/23,1,0.037669415972672836,0.05435154276206486,0.0374319881500521,0.04993020656613154,0.03766281823788305,0.04276557547070538,0.03391093572482535,0.037176775241102265,0.03449444091946611,0.027701655858121503,0.002277897755652619,0.002551776323638861,0.00349832565078142,0.006626036748634469,0.00849037538561558,0.010149198735200165,0.004513101613194533,0.00924119873942206,0.012485810083411077,0.009581902058617175,64
Thirumenahalli lake,12/23,1,,,,,,,,,,,,,,,,,,,,,0
Avalahali kere,12/23,1,0.031116388408029508,0.04658784042217346,0.024755717104006796,0.06146305867303827,0.04290060450896398,0.04163163828869503,0.029693608481095618,0.024275849241023873,0.008023130161139582,0.0066347316757150695,0.005428314506229801,0.005934331730373526,0.004518569787864788,0.005504376226464953,0.00606167417888897,0.006827788453627932,0.006328483851401805,0.005683495222036158,0.002728084075449309,0.0019306090806985867,1583
Begur Lake,12/23,1,0.02171863477017277,0.035564391286115805,0.0214413284801799,0.044858671759162444,0.02304225097791845,0.024727306354488506,0.02057915136932887,0.015569372727222933,0.010784686364773042,0.009102398553705083,0.002541022051844659,0.0028527654373506524,0.002638263087671877,0.0032590476652796553,0.004844207998526738,0.005380235083930873,0.0042674591369587095,0.00521228179978524,0.005860894048211541,0.004002344101554778,542
meenakshi lake,12/23,1,,,,,,,,,,,,,,,,,,,,,0
Kannuru kere,12/23,1,0.03415811989997697,0.04822393159708406,0.03622991464331619,0.0727786323071545,0.04060940180196721,0.04325641029410892,0.037049572628278,0.032892307648674034,0.024517948826790877,0.021905128278920792,0.0016419833135354561,0.0016515545001486017,0.0020419642152290736,0.0021150993625170342,0.002988781865770933,0.0036814244702416225,0.001995320275725362,0.00517376940656111,0.002913001074961519,0.003842138097802862,117
Kannuru kere,12/23,1,0.03415811989997697,0.04822393159708406,0.03622991464331619,0.0727786323071545,0.04060940180196721,0.04325641029410892,0.037049572628278,0.032892307648674034,0.024517948826790877,0.021905128278920792,0.0016419833135354561,0.0016515545001486017,0.0020419642152290736,0.0021150993625170342,0.002988781865770933,0.0036814244702416225,0.001995320275725362,0.00517376940656111,0.002913001074961519,0.003842138097802862,117
Doddagubbi kere,12/23,1,0.03700723568294986,0.0551853764295236,0.04357260495638572,0.055108842072836645,0.03175297195438956,0.03513855906283436,0.03067557448259919,0.028934997468873812,0.023855526297338392,0.019564002675909607,0.003494949447788199,0.006274289789909238,0.005297003387167533,0.007721602859703581,0.006140836793008572,0.007326117993795409,0.0067322776541119496,0.007141953496705633,0.0071411537537909965,0.004458627700113787,324
Suggata kere,12/23,1,0.04260000048412217,0.07422222197055817,0.061977778457933,0.07077777716848585,0.04013333345452944,0.04625555562476317,0.041177778194348015,0.037377778026792735,0.033888888648814626,0.02344444456199805,0.001579732684797294,0.0025542033944350177,0.0018795847728959529,0.0028133716466291975,0.003107338939566965,0.00851836035954891,0.0063763056403675486,0.007850941362494292,0.007891971552878678,0.005182901758709816,9
Yelahanka Lake,12/23,1,0.019710344730325124,0.035279150578286324,0.023153055575905936,0.03526190085474558,0.01565729622983592,0.017909568375626034,0.014926175699384528,0.014348240698268226,0.012859946131345943,0.011943764877748514,0.0037476137201701404,0.004198233005422719,0.003369320145594266,0.003988266279729863,0.005856625985970437,0.006760439490811849,0.005206514495618786,0.007054016131304906,0.004958439424809607,0.003695668619086901,2115
Dodda Bommasandra Lake,12/23,1,0.05920517242288795,0.09872672385696707,0.06489224147436948,0.10779741374326163,0.06699827589608472,0.0709431039747493,0.05789137952800455,0.05191465531443727,0.032319827695730434,0.029893103521317244,0.0027193065194463426,0.004042689652211518,0.0034910760589313794,0.00476852939013866,0.003829310407436147,0.0037093365278895413,0.0032528386670043793,0.005408553965009925,0.003532929532843435,0.0027086300489082174,116
Singapura lake,12/23,1,0.03961666685839494,0.07240666672587395,0.04938999998072783,0.09077666650215785,0.05609000002344449,0.05962000029782454,0.051639999945958456,0.04120666695137819,0.028440000241001448,0.02274333331733942,0.0011564552902176227,0.0025774577002870332,0.002218760980372296,0.0021331801328052184,0.005397366785772109,0.005566351479771116,0.0035152616771469505,0.006114460213853278,0.003445151628600273,0.0021640522893838833,30
Chellaghatta kere,12/23,1,0.06729999929666519,0.10289999842643738,0.0697999969124794,0.10289999842643738,0.07649999856948853,0.08529999852180481,0.08089999854564667,0.07559999823570251,0.046799998730421066,0.0272000003606081,0.0,0.0,0.0,0.0,0.0,0.0,0.0,0.0,0.0,0.0,1
Bellandur Amanikere,12/23,1,0.03878031725432279,0.05949813447920466,0.03634095151123327,0.06765690297513867,0.04249934703910918,0.044378358273898987,0.03643451502143558,0.027428824638291053,0.009651212696309216,0.006981156740785896,0.005517311167538264,0.009362373959366363,0.0075080237959714215,0.014220713215334817,0.014033840609726666,0.013487068724438668,0.010116588269499203,0.007520947052966921,0.004617873530618698,0.0026084069444230803,1072
Abbigere Kere,12/23,1,,,,,,,,,,,,,,,,,,,,,0
Kammagondanahalli lake,12/23,1,,,,,,,,,,,,,,,,,,,,,0
Mallasandra Lake-2,12/23,1,,,,,,,,,,,,,,,,,,,,,0
Chikkabanavara kere,12/23,1,0.05899607416169034,0.09125926041255801,0.05404030900862281,0.11342988412465572,0.07303361303835572,0.06454648393893758,0.042402421381303464,0.03948695746117847,0.013809233552836003,0.01257563211842745,0.010659901060847778,0.013271672412793416,0.011397499464675675,0.014231057157728065,0.012534727638944232,0.012378994966224828,0.010049913190712844,0.010489862135698786,0.006082577453414688,0.003951264668237198,650
Mallasandra Gudde lake,12/23,1,,,,,,,,,,,,,,,,,,,,,0
Bagalagunte Govt.Lake,12/23,1,,,,,,,,,,,,,,,,,,,,,0
Lalbagh kere,12/23,1,0.026255847264452774,0.04684371053092935,0.02321356807548444,0.05068115530124044,0.02921878751843141,0.03117937860271052,0.026493698648765125,0.02361472873420932,0.016950983076090283,0.013353663960330407,0.001576996102959581,0.002083670355580419,0.0015126496429160965,0.003235604652025452,0.006101962792971975,0.006212422168146871,0.0035292236940605622,0.007197778856034945,0.006830488792924181,0.004514819150969448,199
Chikkabellanduru kere,12/23,1,0.03060526332180751,0.03887368438013813,0.026612280818976854,0.048478947331508,0.03199824566642443,0.03358771933013933,0.028229824512412672,0.023840350932196566,0.01620701752733766,0.01187894742511082,0.001560861422294478,0.002152234703056868,0.0014869101536976242,0.001986686770098849,0.0028075395982328022,0.0026373212932537748,0.002136644659084924,0.0026928664113484205,0.0022880973129714177,0.0022625662386648476,57
Carmelarm,12/23,1,,,,,,,,,,,,,,,,,,,,,0
Gunjuruplaya kere,12/23,1,0.06000800946256757,0.09642435834882535,0.08604145696815234,0.10451890410325287,0.06767699328530202,0.07386066888144087,0.062342390404324786,0.05564498208703887,0.042506412317993056,0.026709581285206258,0.004539669274114543,0.008035554677217605,0.01076330407880932,0.009467039502314131,0.010554001416008972,0.011378818423845442,0.009189659314101676,0.012023075038175597,0.0159743140669071,0.010154063232903323,32
Govt. Dinnekere,12/23,1,0.11160357017070054,0.18331011996737548,0.20589166924002625,0.2163892798125744,0.15125178705368722,0.1675089302339724,0.14868868683420475,0.12794583144464663,0.048267857060723354,0.03126428563458224,0.008700001984834671,0.013450004160404205,0.016099996864795685,0.01590000092983246,0.01694999635219574,0.013350002467632294,0.011650003492832184,0.016449999064207077,0.002699999138712883,0.0029999995604157448,2
Panattur Govt.kere,12/23,1,0.06801421000089093,0.09801077477275766,0.06507063399757845,0.06560728591770706,0.0407315838897115,0.04623708281851472,0.03954220905351628,0.03847748366719632,0.035297404978809836,0.026715868911742557,0.003505450644486583,0.004966666888233389,0.006101499016048526,0.011044637374075897,0.016960745763754136,0.01850639378143961,0.015292353784404364,0.021385035145351526,0.02203609185432473,0.014042299487190634,75
Gramadakere,12/23,1,0.07110000029206276,0.11947499960660934,0.11449999921023846,0.12800000049173832,0.08660000003874302,0.0903249979019165,0.07974999956786633,0.08102499879896641,0.06492500100284815,0.038025000132620335,0.0014265334706116321,0.003739234306877464,0.003919820064103408,0.004115212910095649,0.009833109277726383,0.007523421748492475,0.0070517725027833674,0.016638866493380193,0.010891825835136147,0.004215669817886126,4
Ambalipura Kelagina kere,12/23,1,0.02290000021457672,0.030400000512599945,0.019500000402331352,0.023099999874830246,0.019999999552965164,0.02250000089406967,0.02280000038444996,0.020400000736117363,0.012900000438094139,0.010900000110268593,0.0,0.0,0.0,0.0,0.0,0.0,0.0,0.0,0.0,0.0,1
Melinakere,12/23,1,0.022065000236034395,0.03004499999806285,0.02006499986164272,0.025154999829828738,0.018425000132992864,0.021189999859780075,0.018820000160485507,0.019054999900981785,0.014360000099986791,0.009919999912381173,0.0024222457301260616,0.0031699329574169078,0.002389408833870307,0.002654331322235574,0.0039511866296930475,0.004167241242218138,0.003129632421861186,0.004351146422369802,0.004507482840900561,0.0028666355673240417,20
Sowl kere,12/23,1,,,,,,,,,,,,,,,,,,,,,0
Bhoganahalli kere,12/23,1,0.028616666483382385,0.03263333377738794,0.022583333154519398,0.03681666652361552,0.02986666653305292,0.03215000033378601,0.02621666683504979,0.02459999981025855,0.01625000002483527,0.011016666578749815,7.690182799129924E-4,0.001043497390375865,3.2871838749672365E-4,0.001558221654919495,0.0015638276213003478,0.0015649817891658423,9.316949073248979E-4,0.0012247448186690803,0.002099007464138384,0.002183587971779968,6
Devarabisanahalli kere,12/23,1,0.0594434236995796,0.09648840206464201,0.06104712908315762,0.07379006453955529,0.04247717420182889,0.04584444287835074,0.03931280701029101,0.037962592279235395,0.022888843410663714,0.017126953804588986,0.006383031309875037,0.011550296327852157,0.006707793033603466,0.003656722597429347,0.013414071599504175,0.015442256591605795,0.010546662543597205,0.022311394923110902,0.010128059639604484,0.005221779467599779,67
Doddakanneli Gramadakere,12/23,1,0.026160610915505412,0.03608385694088102,0.0218962564213943,0.03743051567006752,0.02622237059555985,0.028737507557532363,0.024812759941271356,0.022286499330722076,0.016699223594227718,0.012751994687704214,0.004048658477112663,0.009348298851840214,0.005241645483994263,0.01300284014430798,0.009753422759140174,0.00969925668470713,0.008280170197520711,0.007564396778324305,0.005384639239458067,0.003022151102540311,99
Lakedew Appartment lake,12/23,1,,,,,,,,,,,,,,,,,,,,,0
Kaikondanahalli kere,12/23,1,0.07330199497678333,0.10742098493236915,0.07853152187552086,0.1444804780847372,0.10395103100920883,0.09285563903727034,0.06411596745068886,0.06104468821070781,0.01467416134766037,0.011152273448769807,0.009559638829255068,0.012698262372912305,0.011646503457031951,0.015157008940827625,0.01163009673159677,0.010772990386604123,0.007540076707613475,0.009122749933806027,0.006501412143773958,0.004233633743602172,251
Kasavanahalli kere,12/23,1,0.039219348138734914,0.05916537222231673,0.03175810107178485,0.031132225752000146,0.01622670130191811,0.01914664801038165,0.016287250309931584,0.015312275969619695,0.011873191340612987,0.008823078376346768,0.005280781419574857,0.00818281745426598,0.004571487306861516,0.004320719234173843,0.009098671849746205,0.00959222216873462,0.0074706338924627035,0.010198256971435418,0.006635820032109498,0.0034830373334532776,250
Mestripalya lake,12/23,1,,,,,,,,,,,,,,,,,,,,,0
Tavarekere lake,12/23,1,,,,,,,,,,,,,,,,,,,,,0
Byrasandra Kere,12/23,1,0.05677500015331639,0.10003055570026238,0.06589722188396586,0.10878888931539324,0.06924166644199027,0.07339999959286717,0.06351111125614908,0.0562638889791237,0.03642222212834491,0.03003888898011711,0.0025574918604398564,0.003742905422435445,0.002628422047630832,0.005272821751750185,0.010732281484540892,0.012738523754048775,0.006236130606324411,0.014706841927301064,0.009926958334779986,0.0059534433834288044,36
J P Park Kere,12/23,1,0.10138846246095803,0.1886307683128577,0.17710000075972998,0.2241269235427563,0.149792307557968,0.15514615493325087,0.13300769288952535,0.10798076855448577,0.04360384623018595,0.031907692121771664,0.010986086502621225,0.012439601854512268,0.031325856477818895,0.019039403212318826,0.01240067999920723,0.011641281144765802,0.0077069367679081695,0.00972016246260841,0.015696704081185696,0.010568746120479717,26
Agara kere,12/23,1,0.027434464459242955,0.032680859202489136,0.021230774721119616,0.030599154656707636,0.019545729328173427,0.021406660001244554,0.01930884907881209,0.018199692586750586,0.01401891051735618,0.01182275449168561,0.0022031525178365812,0.002695420146537235,0.002231130765021142,0.0020500079813414464,0.0038486037715841836,0.004340572375628535,0.0034391686177354195,0.004402233025093631,0.0030378213433436985,0.0023930139471795685,430
Ibbalur Govt. Lake,12/23,1,0.030386684262543383,0.03523697052379491,0.025631424904956804,0.03337251794147117,0.025297202630300344,0.02759752999524984,0.025831195700876497,0.023433763954624515,0.019630819710839034,0.015237461125458951,0.0015449682507727269,0.00145052067882682,0.0016019952494415197,0.0029022234702916648,0.002549914876434932,0.003410703702840608,0.0018955357013699379,0.004077459528181753,0.004433584218103219,0.003215198285756712,24
sarraki kere,12/23,1,0.061198044371594366,0.08786119809329074,0.05161984773217455,0.048345182786845964,0.02578310472377392,0.028417596475401076,0.025712679042749778,0.02438602972384635,0.025068408648055294,0.02164756094393168,0.004655225642576272,0.007629794261766991,0.0039374424056901015,0.006459808891493832,0.01105045762505584,0.011647433637752716,0.009261542777111189,0.012899690017489852,0.01552720324386907,0.011189482699173636,468
Puttenahalli Kere,12/23,1,0.038819230949649446,0.056584615260362625,0.035165384984933414,0.055400000168726996,0.03918461573238556,0.04210000012356501,0.04223076913219232,0.03605384601709934,0.03171923104673624,0.025534615493737735,0.0011549289245979223,0.0013908193592614916,0.0013005744340125786,0.001912308539194941,0.005984254593321093,0.004708747975727144,0.0030155710731472845,0.005050379354849852,0.004159883654189989,0.0026812658405693853,26
Madivala Kere,12/23,1,0.025345364573783,0.030095139624002707,0.02487164722214026,0.03390036009312427,0.018692169265954024,0.021145274582244356,0.01692097213347279,0.01716057611709003,0.014196849728638557,0.013595949602753434,0.0047109667434510945,0.005128023890326939,0.004005578571985761,0.00448140471341269,0.005425676723689717,0.0057127876409285685,0.004947910603066023,0.005795700776247906,0.0036888719220454073,0.003348373307140187,1111
Somasundrapalya lake,12/23,1,0.023236111375606723,0.04066666691667504,0.024852777727776103,0.057236111205485135,0.03271388914436102,0.03406666669373711,0.028916666594644386,0.021883333412309487,0.01801388891827729,0.016361111024808552,0.001638622815873628,0.0016311211001940038,0.0015140977840459905,0.002979294926526609,0.004206156459260354,0.004432581728655074,0.0018889296683713838,0.003210962097375958,0.005671329288554464,0.00525051735829195,36
singasandra,12/23,1,,,,,,,,,,,,,,,,,,,,,0
Kodagi Singasandra kere,12/23,1,0.05398000050336123,0.10086000002920628,0.06862000077962875,0.1268750000745058,0.08440000042319298,0.08854999989271164,0.0746700007468462,0.05730499997735024,0.029595000296831132,0.02075000014156103,0.001501865510216373,0.0018290429352832908,0.0025564815930527052,0.0033905570628015133,0.004875243768417684,0.005841617946801726,0.0029577181466581407,0.009117975369631295,0.008789509458595428,0.00689597723001464,20
doddakodlu,12/23,1,,,,,,,,,,,,,,,,,,,,,0
Karabu Kere/Konappana agrahara lake,12/23,1,,,,,,,,,,,,,,,,,,,,,0
Parapana Agahara Lake,12/23,1,0.038220000267028806,0.0625557143241167,0.032344285718032294,0.0697185717523098,0.05165285723549979,0.05333714282938412,0.04479428598923343,0.033811428930078234,0.020024285838007926,0.01552000009853925,0.0016589669779617465,0.002177392715871629,0.0017607336227947776,0.003517519014802865,0.003817318321896059,0.004597706489693531,0.0026830092983441503,0.004614590250645941,0.006444520069985294,0.00453143315866077,70
Kudlu Chikere,12/23,1,,,,,,,,,,,,,,,,,,,,,0
Kelaginakere,12/23,1,0.08370000123977661,0.120899997651577,0.08449999988079071,0.09030000120401382,0.10580000281333923,0.11949999630451202,0.0812000036239624,0.13510000705718994,0.12150000035762787,0.09000000357627869,0.0,0.0,0.0,0.0,0.0,0.0,0.0,0.0,0.0,0.0,1
Melinakere,12/23,1,,,,,,,,,,,,,,,,,,,,,0
Basavanapura Kere,12/23,1,0.013250000076368451,0.034775000996887684,0.018925000447779894,0.04695000033825636,0.028075000271201134,0.03150000004097819,0.02715000044554472,0.0186750004068017,0.010999999707564712,0.008500000112690032,7.921489969796615E-4,0.0018925837343879684,0.0012437342615635467,0.0028464895304383037,0.0024055925712483965,0.002324866405233091,0.0018874588811892668,0.001259712134208925,0.0017277152167777538,9.354145249105207E-4,4
Swarna Kunte Gudde Lake,12/23,1,,,,,,,,,,,,,,,,,,,,,0
Chikkabegur kere,12/23,1,,,,,,,,,,,,,,,,,,,,,0
Elenahalli Lake,12/23,1,0.04777857129062925,0.06353571425591197,0.04311428564999785,0.04687857122293541,0.03745714282350881,0.04292857167976243,0.03339285696191447,0.04028571503502982,0.04293571465781757,0.03186428600123951,0.0035617365277145463,0.00643734749748228,0.0032363679381370546,0.015269772747593174,0.01725326936550795,0.015291848191376467,0.007949075917752561,0.018330492512479216,0.017160903272680668,0.014049636789728438,14
Kalena Agrahara Govt. Lake,12/23,1,0.027525105533288352,0.0455858294493589,0.02956337673056066,0.04018938689300763,0.02572693498327804,0.028238673452007115,0.023629085689258936,0.025213406868840587,0.02201829162730494,0.017082231116467086,0.0022808934347416723,0.0022469702706979146,0.003661980091353287,0.004366677676907462,0.008359693947517371,0.010690018579218346,0.006597037304537143,0.011209650681136909,0.010348733205578976,0.008421785947099603,20
Infrastructure Corridor,12/23,1,,,,,,,,,,,,,,,,,,,,,0
Beratena Agrahara Lake,12/23,1,0.15706666807333627,0.22263333201408386,0.17306666572888693,0.18023333450158438,0.13293332854906717,0.1378666708866755,0.11183333396911621,0.11663333574930827,0.11749999970197678,0.09790000071128209,0.0055222732517411725,0.008875557249302403,0.010448709478347673,0.009623004355963392,0.017853538654622633,0.02573575131366968,0.018263505893417964,0.02875753373691917,0.014905929702634168,0.015512790493341897,3
Mylasandra Dodda Agrahara kere,12/23,1,0.017500000074505806,0.022700000554323196,0.013899999670684338,0.031099999323487282,0.018799999728798866,0.020400000736117363,0.017799999564886093,0.015799999237060547,0.01119999960064888,0.010400000028312206,0.0,0.0,0.0,0.0,0.0,0.0,0.0,0.0,0.0,0.0,1
Arekere Govt. lake,12/23,1,,,,,,,,,,,,,,,,,,,,,0
Hulimavu Kere,12/23,1,,,,,,,,,,,,,,,,,,,,,0
Akashaya nagar Kere,12/23,1,0.02711250027641654,0.04811249999329448,0.028350000036880374,0.04453750001266599,0.0291125001385808,0.03573749971110374,0.031112500466406345,0.03001249977387488,0.026474999962374568,0.018375000217929482,9.130134344130275E-4,8.795419345685759E-4,6.284902056279227E-4,0.0034546839381396407,0.007519215251765444,0.013182748009926243,0.0021996806534298904,0.009556468387967545,0.005546564410035119,0.00391271964702671,8
Gottigere Kere,12/23,1,,,,,,,,,,,,,,,,,,,,,0
Kothanaru Kere,12/23,1,0.028487500094342977,0.035809375054668635,0.0252093750750646,0.03194374978193082,0.021642187391989864,0.024785937668639235,0.026257812598487362,0.022187500027939677,0.022029687592294067,0.018459375045495108,0.002184641088122878,0.0032864168003110842,0.0028471872187978637,0.0041959008320915465,0.004948667830514534,0.0058325290335671486,0.0035272956849942455,0.006120393679060998,0.0054821780245923645,0.004213657771620573,64
RBI layout kere,12/23,1,,,,,,,,,,,,,,,,,,,,,0
Chunchanaghatta Kere,12/23,1,0.06357500003650784,0.10225416719913483,0.07207083360602458,0.10838333393136661,0.07773749995976686,0.0822916670391957,0.07291249961902697,0.06416250051309665,0.0498458337970078,0.040233333595097065,0.0014697650328646453,0.0024728491891917804,0.0027189884293262407,0.0041858562017921975,0.007281357969371843,0.00921728027034235,0.005004773100116909,0.009749522352395887,0.013200788436731963,0.010621859797907455,24
Alahalli Kere,12/23,1,0.042057133927133304,0.06630166854699203,0.047215745321625945,0.06280543468915374,0.03785647309456565,0.04162337907249005,0.03369955113448324,0.03493438750898207,0.026662368849526333,0.021425366255413414,0.0018842570040827904,0.0019650222035703865,0.003059215115699284,0.0060666570193204945,0.01104319439875075,0.01306277652479606,0.008385740489830935,0.016852907938494262,0.015124943653828464,0.011054583892277392,97
Kembathahali kere,12/23,1,0.023562398296213004,0.042665650790100804,0.02749605110546836,0.03795993019708808,0.017118960480788738,0.01910429736913012,0.016448461366806538,0.014038327550266747,0.015079094058348345,0.012793466835753272,0.0019285185670136948,0.004191080096916629,0.00254634606237134,0.0038257982988122445,0.004634498124776408,0.0031500970599314397,0.002254666668144268,0.003772003402991198,0.006770991526976642,0.004580309419230805,14
Doddakallasandra  kere,12/23,1,0.06129333327213923,0.0965799997250239,0.07625999947388967,0.08807999938726425,0.06766666720310847,0.07553999995191892,0.06016000012556712,0.06657333349188169,0.04651333317160607,0.03347999999920527,0.0013081626157952784,0.0025987687716441496,0.0026829843621851306,0.0038924203011465107,0.014386598712636036,0.0163681716440016,0.008691590080758418,0.020105470479475442,0.007809299825541605,0.004005030419451129,15
Konanakunte  kere,12/23,1,,,,,,,,,,,,,,,,,,,,,0
Thalagattapura lake,12/23,1,0.024800000091393787,0.02906666633983453,0.02113333282371362,0.03243333349625269,0.025966666638851166,0.031000000114242237,0.02283333366115888,0.028199999903639156,0.025333333139618237,0.020933333784341812,6.164411588905664E-4,8.993827252722408E-4,2.3570186000050608E-4,3.858614327942029E-4,0.002094967117467573,8.640993038026324E-4,9.392667783751564E-4,0.0020928445134841944,0.001481741217935873,0.0018080069595512338,3
Vajarahalli Govt.Katte,12/23,1,,,,,,,,,,,,,,,,,,,,,0
Harohalli kere,12/23,1,0.012545525875617457,0.0337213428188527,0.02042858900501476,0.03556144382684992,0.012034822988292523,0.01471314396800141,0.015268532251726837,0.008896326143689895,0.009216835350783246,0.0077325815408639436,0.0019069688552065126,0.003968438379503657,0.0033431158428942408,0.0046891029856568865,0.00616799768531562,0.006582442609391996,0.00448424540554442,0.007047815021849747,0.005822785309151293,0.0035662057216248565,336
Puttenahalli Lake,12/23,1,,,,,,,,,,,,,,,,,,,,,0
Chellakere kere,12/23,1,,,,,,,,,,,,,,,,,,,,,0
Horamavu Agara,12/23,1,0.040836538618000656,0.053823076833326086,0.038550000064648114,0.06781346178971805,0.04712500022007869,0.049728845890897974,0.04121346169939408,0.03958846148676597,0.032944230864254326,0.029150000164428584,0.004215266855428601,0.006177085654383238,0.004441435053784846,0.010226963639466432,0.00845155620660574,0.009060445086616051,0.005345595911640492,0.006858898132266688,0.007008056059809819,0.004622832266867724,52
Horamavu kere,12/23,1,0.07755714122738157,0.10368571324007851,0.06701428656067167,0.08841428692851748,0.05747142859867641,0.06062857221279826,0.07811428606510162,0.05107142882687705,0.050800000450440815,0.03867142860378538,0.001946320397970422,0.0015412685465089602,0.0010133782457652082,0.0049596743925330936,0.007383130387246329,0.01235113857284315,0.004042075526216934,0.011034712138806694,0.005511546190091793,0.0037273951328100105,7
Kalkere Kere,12/23,1,,,,,,,,,,,,,,,,,,,,,0
Nagareshvara Nagenahalli Kere,12/23,1,0.07471315618712986,0.10619204778295573,0.08276896413685529,0.11171940090189023,0.07070493273015174,0.07609290210724026,0.06984275656532835,0.06071213579005394,0.058326769997051706,0.04748513740095791,0.003339430951077523,0.007740553634476807,0.008380256693885245,0.010187032772604984,0.01094257705377977,0.014499091903945775,0.00738460989277557,0.01296355434398907,0.017874423386468115,0.014077804687319142,19
Rampura Kere,12/23,1,,,,,,,,,,,,,,,,,,,,,0
Atturu kere,12/23,1,,,,,,,,,,,,,,,,,,,,,0
Veerasagara kere,12/23,1,0.037455257437725084,0.0611044258106239,0.034175363228315804,0.08331744733599265,0.052287804914142075,0.05437861980821533,0.04535177697390904,0.03559135384012004,0.02461101215598523,0.02224010229714755,0.0013278463812874417,0.0015479763911938704,0.001821902628744994,0.0024009452422282056,0.003338890376720665,0.004712604561384154,0.0022173001387092816,0.005966056282324866,0.006922156345342142,0.004837248961834755,86
Dodda bettahalli,12/23,1,,,,,,,,,,,,,,,,,,,,,0
Dasarahalli kere,12/23,1,,,,,,,,,,,,,,,,,,,,,0
Doddabidarakallu lake,12/23,1,,,,,,,,,,,,,,,,,,,,,0
Allasandra Lake,12/23,1,,,,,,,,,,,,,,,,,,,,,0
Andhrahalli Lake,12/23,1,,,,,,,,,,,,,,,,,,,,,0
Handrahalli kere,12/23,1,,,,,,,,,,,,,,,,,,,,,0
Narasappanahalli kere,12/23,1,,,,,,,,,,,,,,,,,,,,,0
Valagere,12/23,1,,,,,,,,,,,,,,,,,,,,,0
Shivapura New tank,12/23,1,,,,,,,,,,,,,,,,,,,,,0
Agrahara Lake,12/23,1,,,,,,,,,,,,,,,,,,,,,0
Chokkanahalli lake,12/23,1,,,,,,,,,,,,,,,,,,,,,0
Jakkuru lake,12/23,1,,,,,,,,,,,,,,,,,,,,,0
palanahalli,12/23,1,0.014318181850919218,0.02200303040444851,0.012945454652336512,0.029051515019752762,0.019209090958942066,0.020584848568294987,0.016948484759213345,0.014796969734809616,0.013154545516678781,0.011942424275206797,0.001095294276086933,0.0016788314812073621,0.0011457671799607228,0.0015237752755782646,0.0015580412530117537,0.0018869762384811487,0.0013211844080693407,0.0020738610542709777,0.0016627998384544723,0.0012000076140851975,33
Kattigenahalli lake,12/23,1,0.023818518552515242,0.04338888906770282,0.019303703749621356,0.05418148126315187,0.038081481914829324,0.038762963066498436,0.03346666693687439,0.021807407546374533,0.014807407399294552,0.012200000040509083,8.645431188083245E-4,0.0011757844977754546,0.0010983088335061685,0.0018200605741397439,0.002257339767494584,0.0014679664077817758,0.0014717085182402564,0.0014961496164158875,0.00140894669175849,0.0015016040818407674,27
Kogilu kere,12/23,1,0.01305454537611116,0.015100000002844767,0.011445454575798729,0.019272727383808655,0.013436363586647944,0.015490909361026504,0.011999999934976751,0.013890909200364893,0.01271818188781088,0.011854545382613485,0.0014612344754047113,0.0010090501823496938,4.292988212661209E-4,0.001373840504113259,0.0013040306497184766,0.0011032634732482797,8.355728389382312E-4,0.0015054172137541448,7.33383413966713E-4,8.45698881695864E-4,11
Venkateshapura lake,12/23,1,,,,,,,,,,,,,,,,,,,,,0
Bellihalli kere,12/23,1,,,,,,,,,,,,,,,,,,,,,0
B. Channasandra lake,12/23,1,0.03488358615281115,0.052013982712711807,0.03123426786360692,0.0439788130430009,0.028883424608019157,0.03132564598811757,0.027063758300910453,0.026406109785999006,0.022107343414770636,0.018362749000511918,0.0024780748982217056,0.0023897638783051075,0.002929776686866307,0.003673533998866275,0.007033587703340195,0.007680256089886249,0.004866970541796455,0.008813052030974199,0.008700663998991243,0.00710124391950501,89
Byappanahalli kere,12/23,1,,,,,,,,,,,,,,,,,,,,,0
Kowdenahalli Kere,12/23,1,,,,,,,,,,,,,,,,,,,,,0
Krishnarajapuram kere,12/23,1,,,,,,,,,,,,,,,,,,,,,0
Basavanapura kere,12/23,1,0.021180487851180683,0.03191707319602734,0.019478048856665448,0.03389512202361735,0.02306585375037862,0.025743902320178542,0.022387804736087962,0.020219512215656477,0.020258536585038754,0.01775365854363616,0.001825459535710049,0.0016473041269179482,0.0019275299838837977,0.0029162245850128925,0.00445276635717918,0.005718905325198819,0.0024642016678014973,0.004768607557225363,0.005231843139748559,0.004304115656370299,41
Shegehalli kere,12/23,1,,,,,,,,,,,,,,,,,,,,,0
Mangamanapalya Kere,12/23,1,0.02885384614077898,0.04013846212854752,0.027446153645332042,0.04714615385119732,0.03192307714086313,0.03526923003105017,0.029746153893379066,0.027623076994831745,0.02176153860413111,0.017999999941541597,0.0015940345454471996,0.0014291141263198571,0.001571190483071636,0.0019301716348253666,0.004258954819602462,0.0048230828823699525,0.002028874464198353,0.005633028146309051,0.0030878270435729274,0.002475106564285303,13
Hoodi kere-2,12/23,1,0.04406923055648804,0.0857615379186777,0.047361538387261905,0.0901307687163353,0.05853076966909262,0.06217692276606193,0.053200000180647924,0.04335384672650924,0.027230769395828247,0.02002307686668176,8.956173200892818E-4,0.0021563987833744503,0.00120928308744826,0.0041597686192725945,0.006634106942012742,0.007460268951050703,0.005686556013807758,0.007225979963797891,0.004968885451572341,0.004148429468256172,13
Jimkenahalli Kere,12/23,1,0.06470961485673565,0.1120666909670512,0.07889605441209703,0.11993364693278964,0.07263475809161975,0.07586370834023523,0.06093908386844419,0.05071491463851047,0.042276158442030004,0.03348192303136671,0.003262223833581286,0.003838622520625631,0.007263630457402274,0.010034156330228732,0.01882852821771854,0.021368613663123197,0.012760991740307728,0.021453044582283018,0.027200441306719572,0.02082532517705332,38
Kodigehalli lake,12/23,1,0.040156193891792626,0.06476621821957186,0.033806846510699366,0.04655092488822085,0.02448512265092628,0.027431052832206263,0.022485503282014416,0.02030452978045109,0.019683373242356927,0.014075732627256159,0.004359374703234969,0.0062906657727829374,0.004488507417833848,0.005722747905485164,0.009966717991900109,0.010511613143685369,0.007974236109938122,0.012090476750726338,0.012438977224835526,0.008702850061742045,323
Gangashetti kere/ Devasandra kere,12/23,1,0.04500000067055225,0.0633799996227026,0.042269999906420705,0.06517999954521655,0.04482000097632408,0.05105000026524067,0.04893999993801117,0.041779999807477,0.033200000412762165,0.02303999997675419,0.002361354986550997,0.0038721565587750612,0.0032511690749882686,0.005252198583814236,0.005441837659343932,0.00559486385814235,0.002934349149255087,0.004718220144450368,0.009498525855853146,0.006222089574097007,10
Vijinapura kere2,12/23,1,,,,,,,,,,,,,,,,,,,,,0
B.Narayanapura kere,12/23,1,,,,,,,,,,,,,,,,,,,,,0
Melinakere,12/23,1,,,,,,,,,,,,,,,,,,,,,0
Kelaginakere,12/23,1,0.03174242433724982,0.05342121207804391,0.02426666681739417,0.05821515145626935,0.04492121201121446,0.04624242414579247,0.03899999990156203,0.031493939346436295,0.022833333491827503,0.0182333333756436,0.0017699567840306165,0.002287880939707796,0.001857118514022154,0.0048483745692997435,0.005246052327887254,0.006222443716864297,0.0027937160556926904,0.006764790465143107,0.009483499806279137,0.007448720198025433,33
Rachenahalli kere,12/23,1,,,,,,,,,,,,,,,,,,,,,0
Amruthahalli Lake,12/23,1,,,,,,,,,,,,,,,,,,,,,0
Nagawara Lake,12/23,1,,,,,,,,,,,,,,,,,,,,,0
Herohalli Lake,12/23,1,,,,,,,,,,,,,,,,,,,,,0
Hebbal  kere,12/23,1,0.03447500026474396,0.046949999406933784,0.03458333356926838,0.04920833340535561,0.03930833345899979,0.04625833313912153,0.03324166685342789,0.04001666698604822,0.03703333344310522,0.03176666687553128,0.0012302606750342294,0.001105667180201863,0.0021376907693983578,0.002010994562735508,0.00565279532788246,0.007470659943568774,0.0032722210436521276,0.0063217653269751475,0.005804500301962794,0.0034040009742751193,12
Mahadevapura kere,12/23,1,0.05052852572011629,0.09758204357943212,0.04998913561160207,0.10121923115763727,0.06214825716003283,0.06499609247711043,0.0532326833865978,0.0436162490133703,0.02290677697070193,0.01767984372559599,0.00159030927402462,0.003390753311798115,0.0017585665768954934,0.00405978874577966,0.008623082631389412,0.009626158350865418,0.006191019811372001,0.011381267650119821,0.011164036610410674,0.007382774206721397,140
Vibhutipura kere,12/23,1,0.03203379320430345,0.06243448303691272,0.03279586223692729,0.0773627590516518,0.04777034495411248,0.04996206896572278,0.041895862180611185,0.030197241401364063,0.015657931123057318,0.012540000038028791,0.0017051330726319583,0.001974016885330975,0.002077162562395247,0.002504945465136823,0.004109973078003276,0.0047667824970611,0.0033019509079178235,0.0054537168819596875,0.006768463230498544,0.005513049144458373,145
Rajapalya Hoodikere,12/23,1,,,,,,,,,,,,,,,,,,,,,0
Achanakere,12/23,1,0.03969999961555004,0.05340000055730343,0.03595000132918358,0.05544999986886978,0.04805000126361847,0.04774999991059303,0.04195000045001507,0.035350000485777855,0.02930000051856041,0.023400000296533108,4.000011831521988E-4,9.999983012676239E-5,2.500005066394806E-4,7.500015199184418E-4,0.001550000160932541,4.5000016689300537E-4,1.500006765127182E-4,1.500006765127182E-4,0.005499999970197678,0.0024000005796551704,2
"Yekkalagatta kere,Mahadevepura Kere",12/23,1,0.05554383871680778,0.07788800542428684,0.050511559404457146,0.07075485251153309,0.05263544214460816,0.05682584523520917,0.046596728663408124,0.04852082924013439,0.04540043649433289,0.034111450823387506,0.0025133529822222713,0.002800490706957519,0.003592469191227846,0.009802444631612315,0.010387986946933775,0.011574839584724435,0.004902093848786169,0.014051643759430346,0.01906821718413251,0.015163671146468365,18
Pattaduru Agrahara kere-2,12/23,1,,,,,,,,,,,,,,,,,,,,,0
Nallurahallikere,12/23,1,0.06815824912836208,0.11254040895607928,0.08382746365964336,0.1299424783421346,0.08503398123673932,0.08828006553299288,0.07217849393246033,0.05792425664390616,0.02471133663328873,0.016607661114201068,0.003076420392130422,0.005304452889388224,0.005869994139384188,0.007255312709963915,0.007464222026095824,0.008704562428919711,0.005701400626497543,0.010661450747684315,0.015294086173023679,0.009479662653643832,137
Thubarahalli lake,12/23,1,0.03433669374038414,0.06045973599444075,0.03378392800697554,0.05422611687674526,0.03118578050447834,0.034012432865719665,0.028902414301710113,0.02715561380327818,0.024604736663283167,0.017208681516547548,0.002773962283878742,0.00446264995153598,0.004302083604274414,0.007979072119198035,0.008717268282784331,0.009799342338425722,0.006959375273433456,0.011398219137081245,0.015689768458064916,0.010336035327262781,121
Sheelavantana kere,12/23,1,,,,,,,,,,,,,,,,,,,,,0
Doddanekundi Kunte,12/23,1,,,,,,,,,,,,,,,,,,,,,0
Chinnappanahalli  kere1,12/23,1,0.020349999889731407,0.029350000123182934,0.018766666762530804,0.038799999902645745,0.025950000000496704,0.029366666761537392,0.02278333343565464,0.020849999971687794,0.01566666706154744,0.012966666681071123,7.112197329039138E-4,5.024934525840858E-4,5.734884776178284E-4,9.899499444322242E-4,0.0023400501138884982,9.08601304851449E-4,8.153047762876769E-4,0.0019414342537567876,0.0012391755152274806,9.620580929042208E-4,6
Doddanekundi kere,12/23,1,0.03898200027644634,0.06237399987876415,0.038598000258207324,0.048246000111103055,0.03398999992758036,0.039174000062048436,0.03656600032001734,0.03073000006377697,0.0166499999538064,0.012122000120580196,0.0017081792690932839,0.0031348881319708593,0.0023819731365018206,0.005195968071244752,0.006232920496064083,0.005189790234092014,0.003844247941265068,0.0056345098727508276,0.003068436108171329,0.0022958476453898806,50
Kundalahalli kere,12/23,1,0.03657777790748884,0.055314285769349054,0.0325738096994067,0.05871190488456734,0.040173015941584865,0.04329841264656612,0.03617142869662198,0.03133095239126493,0.020289682657531803,0.014229365095998796,0.0048906275247031766,0.005708997592078768,0.004484491411260238,0.00446219765111278,0.006414930666939486,0.00659353916098117,0.0045077156339249635,0.007117187807593988,0.006281906977307389,0.003806178504908149,126
Acchanakere,12/23,1,,,,,,,,,,,,,,,,,,,,,0
Varthur lake,12/23,1,0.023117391433080902,0.027708695594059383,0.017560869617306667,0.02514782612738402,0.020917391283032688,0.024663043532358563,0.02126956516471894,0.02052173929531937,0.01248695648720731,0.008286956464871764,0.0016661990962279747,0.0015359214214520054,0.0014028664046091684,0.0020191193645213742,0.001939890621457351,0.001990887749122773,0.0014816076051564126,0.0019574730754830455,0.0018357096404179563,0.0014986383502449915,46
Narasipura Lake-1,12/23,1,,,,,,,,,,,,,,,,,,,,,0
Narasipura Lake-2,12/23,1,,,,,,,,,,,,,,,,,,,,,0
Ulsoor Lake,12/23,1,0.04744016195199,0.1021212957016687,0.04548879258985036,0.12482765569998937,0.08594200017458845,0.0877243237746714,0.06921590132504334,0.051509559199269965,0.012852751721359645,0.011814949188140614,0.00494633669146847,0.006663640227266937,0.004464325444810176,0.0073745438630495545,0.0063289183804090135,0.0065788343520393755,0.006259698537545295,0.0075604431213051465,0.0069132725997771444,0.006270072225393664,727
Gunduru Lake,03/24,8,0.05099512209616056,0.07728292629486178,0.054358536786422496,0.08539146366642743,0.0652573172275613,0.06750609734799803,0.05742926841101995,0.05135731712528845,0.04433902443909064,0.034567073350999414,0.015769508971292496,0.0152196015155994,0.01373024973834101,0.016100707921239337,0.015880785332353944,0.016928606031908516,0.014041441039005039,0.012356135291095353,0.011361828920335805,0.008239721140899945,41
Doddebele,03/24,8,0.029308610743823245,0.05298719677320692,0.024086197261403954,0.06680526961223583,0.039219327784990064,0.04043040047442235,0.030774208752702398,0.02205234684504256,0.02380405738454905,0.02086675065939295,0.0029091891417401777,0.0029587804516665855,0.0036815156975416948,0.004036811823491013,0.0077591443274123185,0.007717742143696071,0.005221458162498068,0.008628805769063474,0.01118947441510384,0.007838228157493384,155
Somapura,03/24,8,0.06123333345308448,0.07796363600275734,0.06523030318997124,0.07964848433480118,0.057687878382928444,0.060437878650246246,0.051740908938826935,0.047207576081608284,0.03246363647507899,0.02408030301784024,0.002854520195305746,0.0010137892684127842,0.0017943910725656009,0.003126584125069699,0.0038929820020570166,0.004359003244039419,0.003924118372562376,0.005771141655420484,0.005964151349439514,0.003925363068710211,33
Mailasandra,03/24,8,0.011597435873670455,0.02274615379671256,0.020033333307275407,0.029948718081682157,0.011361538599698972,0.011894871813591378,0.010287179587743221,0.00785128212793587,0.03025897444249728,0.02528461541693944,0.0015254233859406192,0.002259775946763946,0.0035388200884893663,0.00703277602426177,0.007678562314438776,0.007892805803464133,0.005136504992135354,0.007984692825574988,0.01185135965273017,0.00783861371062709,39
Kengeri 1,03/24,8,,,,,,,,,,,,,,,,,,,,,0
Kengeri 2,03/24,8,,,,,,,,,,,,,,,,,,,,,0
Chenvinayanahalli,03/24,8,0.05603496736097659,0.08468475687721841,0.05875483687512155,0.08268857356936231,0.05412716096425008,0.05877501729609454,0.0483867200962141,0.04738063914020013,0.04814304379997985,0.0381558394709185,0.009533393369906046,0.006726492722205666,0.007152335635049657,0.011789773453575713,0.015053529179094924,0.017426909895292105,0.011251322277996374,0.018132998765773452,0.022146944411146605,0.01469656845681738,57
Annamma kere,03/24,8,0.05163170849229919,0.0945670945291214,0.06363961875481415,0.09875159441474757,0.06525802024137332,0.07176820718306154,0.05952642121578291,0.06427094781465625,0.06196106383462322,0.04686360293080401,0.005136771329637364,0.003952106891899499,0.006416789867941712,0.009923949482669038,0.01388453123816593,0.01594752711656148,0.013035401460326886,0.020666507842428735,0.018337324495125238,0.01415391361473493,24
Deevatigeramnahalli kere,03/24,8,,,,,,,,,,,,,,,,,,,,,0
Devarakere,03/24,8,0.05046555295031669,0.0970143489580426,0.055145728170284174,0.11687119424277825,0.07615339552406283,0.08110744783579324,0.06729227883449519,0.05669660442728072,0.03713888259602533,0.02921418419672913,0.009109205152139112,0.009651270128232744,0.007222288576349464,0.01272467349979931,0.014478133053591597,0.013542456312337116,0.011534599942656962,0.012006165832679558,0.010691032799390036,0.007203435808075408,18
Doraikere,03/24,8,,,,,,,,,,,,,,,,,,,,,0
Goudanakere,03/24,8,,,,,,,,,,,,,,,,,,,,,0
Gubbalal kere,03/24,8,,,,,,,,,,,,,,,,,,,,,0
Halagevaderahalli kere-2,03/24,8,,,,,,,,,,,,,,,,,,,,,0
Herohalli Thotadakere,03/24,8,,,,,,,,,,,,,,,,,,,,,0
Hosakerehalli Kere,03/24,8,,,,,,,,,,,,,,,,,,,,,0
Kempambudhi lake,03/24,8,0.08190000057220459,0.10109999775886536,0.0786999985575676,0.10729999840259552,0.10350000113248825,0.10689999908208847,0.07959999889135361,0.07660000026226044,0.07670000195503235,0.059700001031160355,0.0,0.0,0.0,0.0,0.0,0.0,0.0,0.0,0.0,0.0,2
Laggeri Lake,03/24,8,,,,,,,,,,,,,,,,,,,,,0
Mallathahalli Lake,03/24,8,0.047887755063723544,0.07599387774053885,0.06037142872810364,0.08892040836567781,0.06030306128823027,0.06306020368118676,0.051615306309291294,0.0449112245090762,0.04078877572806514,0.035484694020480524,0.004816897804142982,0.0063169810334123225,0.006283018935176031,0.007914845292729795,0.008699650657004164,0.008803408052316457,0.007483534600700771,0.009069630058051257,0.015239139196662073,0.01292814986960624,49
Moge kere,03/24,8,,,,,,,,,,,,,,,,,,,,,0
Muppatu Kavalu Hosa Kere,03/24,8,0.037987499963492155,0.05990000022575259,0.053962500765919685,0.05621250020340085,0.03304999985266477,0.037499999860301614,0.03560000006109476,0.03498750017024577,0.04398749954998493,0.03536249976605177,8.237681923596816E-4,0.00745067065386774,0.012139391836649574,0.00587929352373618,0.01029222996049956,0.006671206972059594,0.0027522723923096622,0.010017913758398837,0.004492337383647458,0.00412217728811524,8
Nayandanahalli kere,03/24,8,0.030606502651509764,0.03894414582627125,0.024130488816771486,0.035453449607296704,0.021006650121981163,0.023805290504550245,0.020023691353836554,0.020900851790874087,0.03262685254947926,0.027212461549892444,0.0066948518352802685,0.006009882128295803,0.00565576758209548,0.006666961156192385,0.009976876885719852,0.011100868824632296,0.007053836543414441,0.011168950453048285,0.011890781080759133,0.008754085608982729,60
Sankey Tank,03/24,8,0.03552826262351407,0.04616220815424011,0.030988516418509887,0.03618671519184694,0.0222255762794861,0.023562776722093566,0.018997687444052863,0.0203222871626809,0.025678738353105194,0.021500331422146923,0.0022575281334978933,0.002917180593660856,0.003841724438482219,0.006877902277045476,0.009159128123651418,0.009572846834382916,0.007368899612181513,0.011487882587053279,0.014090283177957305,0.011543213891312278,265
Subramhanyapura kere,03/24,8,0.04886112269752985,0.081902528140624,0.05396683358135444,0.09692787093613163,0.06151342393703521,0.06505823602198338,0.053145397148164145,0.04662907706577593,0.04369678247265894,0.03692507559752348,0.0021620090855405468,0.0029283531895324248,0.003726691801527208,0.007899036217950033,0.008945511733910567,0.011242019105713407,0.005595729495388202,0.013402030935213735,0.020274033503044242,0.01669927490077648,63
Ullalu lake-2,03/24,8,,,,,,,,,,,,,,,,,,,,,0
Valagerehalli kere,03/24,8,,,,,,,,,,,,,,,,,,,,,0
Yediyur kere,03/24,8,0.04270877847758742,0.08954278451244145,0.048222811190737055,0.11536526442358783,0.07360925588756581,0.07630097641706439,0.06203243399162009,0.04929888039416217,0.028444065722058903,0.023488052058824066,0.006854433001841889,0.005056571186281315,0.005688133719876395,0.005070136680191145,0.0067296494992547225,0.008204299623619172,0.006273482272934264,0.010318829158467038,0.009020177619698031,0.005875751354556282,67
Bhimmanakuppe Govt lake,03/24,8,0.037300001829862595,0.06729999929666519,0.04259999841451645,0.07559999823570251,0.07450000196695328,0.07959999889135361,0.05169999971985817,0.06530000269412994,0.09210000187158585,0.07150000333786011,0.0,0.0,0.0,0.0,0.0,0.0,0.0,0.0,0.0,0.0,1
Srigandhakavalu Karabu Katte,03/24,8,,,,,,,,,,,,,,,,,,,,,0
Janaradhan kere,03/24,8,,,,,,,,,,,,,,,,,,,,,0
Konashetty kere,03/24,8,,,,,,,,,,,,,,,,,,,,,0
Nagarabhavi (Un-named Lake on map),03/24,8,,,,,,,,,,,,,,,,,,,,,0
Sompura Govt.lake,03/24,8,0.06244411801590639,0.08211470548720921,0.07178235185496948,0.08176764714367249,0.0638676469816881,0.0666411760098794,0.057779411840088224,0.056461764389977735,0.04773235288174713,0.03355882360654719,0.010509252151085094,0.008307116126569987,0.00801802972830256,0.008079656376331647,0.009797387971057846,0.008861520721070696,0.008271372597853481,0.011462490758436741,0.012431766120487249,0.009450042721830887,17
Lakshmipura Lake,03/24,8,0.06102812339241605,0.0841679362180083,0.061370783338232836,0.09540443272042998,0.07368665341787302,0.07747208027384822,0.06558553599705495,0.056246492112165515,0.03861488485758062,0.029598630612545123,0.0044727519361266194,0.0018024365731375135,0.001900954328677979,0.003730134026585011,0.003996411046912929,0.005798481668382317,0.002480236360026587,0.004665988722973637,0.011956449138136874,0.00888780902299573,49
Amrutnagar Lake,03/24,8,0.03903431365010785,0.06325098032168314,0.046493137437923285,0.06510882393694391,0.03752156880264189,0.04034803906346068,0.0332205883574252,0.03378039236892672,0.040357843150987345,0.03525490193244289,0.0021505926501831077,0.002082430970420012,0.00279907215388055,0.003819861685504231,0.008494440121695174,0.010373410406274979,0.006005546313001171,0.011197553614158142,0.01344611017738069,0.009451456368062536,51
Hoysalanagara Lake,03/24,8,0.05501080232975048,0.0994927081176347,0.08026920482703154,0.1073896469516978,0.07235540959894636,0.08014648886205944,0.06597703309821125,0.06673978861062299,0.06456956221441434,0.043377875615030106,0.0015318386704941598,0.0024475740251406262,0.003754259085525958,0.004490867325464157,0.009056676249128502,0.011727204349779582,0.007902785810889924,0.015278740620313298,0.02034666378775291,0.01429247098495391,11
Basavanagar Lake,03/24,8,,,,,,,,,,,,,,,,,,,,,0
Ajjegowdana katte,03/24,8,,,,,,,,,,,,,,,,,,,,,0
Kodigehalli kere,03/24,8,0.06985609893707186,0.09333408537783495,0.08037836684962543,0.10861918675740459,0.08623103505850141,0.08308090831909277,0.06508557764006237,0.06300486015271883,0.04861734467860325,0.03517283981351189,0.0023196950590828797,0.0029926757824977487,0.004120874548494434,0.005098623166342385,0.00768426286909453,0.009408562920908036,0.005068668544365912,0.010379654820943919,0.012909018196451287,0.008411626234957356,31
Kommaghatta Govt. Lake,03/24,8,0.04081573783414499,0.06251215981063786,0.028510912424317848,0.06497765346842924,0.0425322292122258,0.04311416971034152,0.03480281860431505,0.026254457294901227,0.022603177886593776,0.019063190866391754,0.003952641043907281,0.005127133593143119,0.00492228766668004,0.006550711973072199,0.008843120871453513,0.007985686405421655,0.006672278040409423,0.008787657593264627,0.008695390693699108,0.005340008887390103,195
Manganahalli Lake,03/24,8,0.03344889333688484,0.04079130775108017,0.02742578941310528,0.029664695100366,0.019036876878502158,0.019904661173953207,0.01635460942917795,0.015617160209540553,0.020500994755400133,0.01724692645285522,0.00377443051968847,0.003933349777492548,0.003994013786270099,0.0051220345362671055,0.006440998893388294,0.006943382534177439,0.005721757493049325,0.007289518592457849,0.011052582386050029,0.007887562621970158,938
Bhattarahalli kere,03/24,8,0.05005078647964764,0.08712220294230662,0.05462422476817939,0.06942559709059329,0.042349961086661315,0.04501783535622529,0.038178753880563666,0.0395029478345693,0.05240084253185475,0.04193622291506597,0.004967882249624838,0.005816726350126755,0.00929071001206833,0.01544313751913576,0.02041527449512304,0.019857611484820608,0.013632880225475258,0.02097030456361813,0.029671042969925846,0.022268936611275512,74
Thirumenahalli lake,03/24,8,0.034567857427256446,0.05786428600549698,0.03650714310684374,0.06339642911085061,0.044053571564810615,0.04675000054495675,0.04057857101517064,0.03864999980266605,0.04482857124613864,0.03221071458288601,0.007148791453799137,0.005619018356427761,0.004929715214322436,0.005070413907051057,0.008708523201188327,0.008201480775055937,0.005306051433439993,0.007525005552522855,0.01088778330140183,0.005377904136485032,14
Avalahali kere,03/24,8,0.029291934589385445,0.033879596011661815,0.02140269792836825,0.03606156307739626,0.021240884471656184,0.022382751107141604,0.017040081245912962,0.013104875713477451,0.01504677315637161,0.01377639688060255,0.005705358756442164,0.005017462592585298,0.005619100550096881,0.004243542330224422,0.006671926094762019,0.007305306144230281,0.006755773099065958,0.007215546761978108,0.004923482717963366,0.003143060379664522,1797
Begur Lake,03/24,8,0.03520449741400213,0.05423721342595587,0.03373500890537071,0.06764232817334262,0.04391040576447781,0.04481437393649756,0.03620000007830074,0.028648412667339702,0.023681040624948302,0.020386419791196073,0.005256647189190577,0.0051656559913288635,0.005347773551168803,0.005319599403115761,0.006508242432910633,0.006731442547483348,0.005631352726546271,0.007209476995874169,0.009543079616477764,0.007176271412645735,567
meenakshi lake,03/24,8,0.06540619474143747,0.1306562603175281,0.0741533658345301,0.14583720703141756,0.09020311422017685,0.09291544187679349,0.07522533528955587,0.06668637734071078,0.0627187592447193,0.049790626162191834,0.004992158094057957,0.005704235168413822,0.009847979877181697,0.012604648902895043,0.01829235530454406,0.019149511484303203,0.015547412377628399,0.024808208957078467,0.0427090825136665,0.03294670350697772,98
Kannuru kere,03/24,8,0.037068522241669906,0.07207974865780906,0.0475781418834507,0.079105171948629,0.0424847561898033,0.043475192065936814,0.03503489735558917,0.03172391093555619,0.03260962219942617,0.027099563951080378,0.005151457286873339,0.0061838320211670406,0.006716171545923377,0.00936077768402613,0.010899025038320872,0.01195625673590097,0.008997803288339764,0.012756173461360544,0.02093562212552539,0.015032486908398791,405
Kannuru kere,03/24,8,0.037068522241669906,0.07207974865780906,0.0475781418834507,0.079105171948629,0.0424847561898033,0.043475192065936814,0.03503489735558917,0.03172391093555619,0.03260962219942617,0.027099563951080378,0.005151457286873339,0.0061838320211670406,0.006716171545923377,0.00936077768402613,0.010899025038320872,0.01195625673590097,0.008997803288339764,0.012756173461360544,0.02093562212552539,0.015032486908398791,405
Doddagubbi kere,03/24,8,0.0494924507360404,0.07594327711499911,0.06306705501264376,0.0794982256668396,0.04587098830241858,0.04794396601118387,0.04020305241290254,0.03729044350121144,0.037286916529788036,0.029332263908251173,0.004874364685618783,0.00839767741072883,0.008355419047067271,0.012125388504154334,0.011560278588900215,0.01267453531345899,0.010181981270728894,0.013591709310326541,0.01752351656159813,0.011497287481197053,277
Suggata kere,03/24,8,0.04433571494051388,0.07307142870766777,0.0652285713170256,0.08699999962534223,0.05689285695552826,0.06039285819445338,0.052371429545538764,0.04718571422355516,0.058992856315204074,0.04281428562743323,0.003758107422562695,0.0034220777257069276,0.0038129338256769145,0.0027434332925190736,0.009926387613346754,0.008712570702755749,0.005582553239652559,0.011198109076712247,0.010634963660707597,0.007075244964235968,7
Yelahanka Lake,03/24,8,0.041589480838279715,0.054363832720629356,0.03966618827313323,0.051927095284419106,0.029842489819888497,0.029954331938634077,0.024918153473377787,0.023086758279836698,0.0197527686728084,0.016416709410690674,0.0039053549533436768,0.004235419131976903,0.003401640158217825,0.0036020626988697768,0.0051028460235530764,0.005933815344252417,0.004315617439148931,0.006566980896930879,0.007620471244185573,0.004926195799355373,2261
Dodda Bommasandra Lake,03/24,8,0.054434206970686266,0.09260141216421933,0.05828237497207279,0.11999072161421895,0.08279303049297682,0.08536873265551566,0.06745589565615345,0.050595795869577416,0.018943925286384205,0.01621461260366883,0.006006909712291752,0.006700418793357203,0.006372958086006813,0.009366353158168235,0.008804777736988576,0.008765512365518285,0.007533407963266454,0.008198391296194466,0.0068136582655249,0.004071000530868321,594
Singapura lake,03/24,8,,,,,,,,,,,,,,,,,,,,,0
Chellaghatta kere,03/24,8,0.04584166676633888,0.08485000104539925,0.05063055517772833,0.08831944461497995,0.06613055595921145,0.07158333332174355,0.059319444414642125,0.061708333591620125,0.07535833327306642,0.04643333310054408,0.012673816356836945,0.01887346778360972,0.017960567467543542,0.015865390206760276,0.022108609189933945,0.026531349149978768,0.017010749532442512,0.033131209474422066,0.0393195637403884,0.020982273754484686,18
Bellandur Amanikere,03/24,8,0.03240212683118039,0.057773958367761225,0.03313424483995833,0.07312873273622245,0.044221310812038915,0.046020876805818664,0.03586575526828205,0.026054557366579603,0.01654053823828387,0.014785850718100037,0.009596566418720153,0.009756591805878316,0.0113395126849673,0.010012174754235085,0.009838188389994278,0.01067801098057558,0.009110132039395792,0.012135564136756342,0.012484354015150616,0.008401534668378981,1152
Abbigere Kere,03/24,8,0.04969999939203262,0.060600001364946365,0.04809999838471413,0.060600001364946365,0.05339999869465828,0.055799998342990875,0.04899999871850014,0.05260000005364418,0.06069999933242798,0.04320000112056732,0.0,0.0,0.0,0.0,0.0,0.0,0.0,0.0,0.0,0.0,1
Kammagondanahalli lake,03/24,8,,,,,,,,,,,,,,,,,,,,,0
Mallasandra Lake-2,03/24,8,,,,,,,,,,,,,,,,,,,,,0
Chikkabanavara kere,03/24,8,0.04854071634806564,0.060900368315246596,0.03805784663018905,0.06499028035973807,0.05057607534317058,0.05017872180356286,0.04150233903552739,0.0346780357519627,0.021178483947001142,0.017631710399915523,0.009427923355168228,0.011711661262955043,0.010619889307516438,0.013021649429048574,0.012603524736106712,0.012547641570443517,0.010796432971374458,0.01036241329700411,0.005670311518484289,0.003670320675873505,655
Mallasandra Gudde lake,03/24,8,,,,,,,,,,,,,,,,,,,,,0
Bagalagunte Govt.Lake,03/24,8,,,,,,,,,,,,,,,,,,,,,0
Lalbagh kere,03/24,8,0.036304972331541424,0.060290534098449075,0.03371964396959784,0.0685656455134098,0.040299303500167,0.04264878081948795,0.035156522313322246,0.031291285904847574,0.026965229934987785,0.020355859413977526,0.004727487500016113,0.005709182587632884,0.004858694463519274,0.006564083256734465,0.008265846997215753,0.009169862235570495,0.005703962058418586,0.010926387466142442,0.013793747148071448,0.008804629802337129,217
Chikkabellanduru kere,03/24,8,0.05898999944329262,0.07524999976158142,0.060989999771118165,0.08569999933242797,0.0669999998062849,0.0689800001680851,0.05823000036180019,0.05738999992609024,0.05990999964997172,0.04670000020414591,0.0023244142392258404,0.002199203685160995,0.002150093132924238,0.005100196058978779,0.006041688169716712,0.005329691056527055,0.0023134604582241316,0.00835074310087607,0.018314935968180044,0.009177690656289615,10
Carmelarm,03/24,8,,,,,,,,,,,,,,,,,,,,,0
Gunjuruplaya kere,03/24,8,,,,,,,,,,,,,,,,,,,,,0
Govt. Dinnekere,03/24,8,,,,,,,,,,,,,,,,,,,,,0
Panattur Govt.kere,03/24,8,0.07452517652586106,0.11277345891766778,0.07996590710565107,0.08647777491927186,0.05341663302006622,0.057625872006291996,0.04689251052704665,0.049899011902111316,0.06010585501171842,0.049061739063215266,0.005304125496497554,0.00592322627435239,0.010709858000010689,0.01801003754957631,0.024324141374304834,0.027551803744376005,0.020086596140437882,0.028997933643675235,0.032220905043611574,0.023141304741242708,74
Gramadakere,03/24,8,,,,,,,,,,,,,,,,,,,,,0
Ambalipura Kelagina kere,03/24,8,0.025192857620173266,0.04107857149626527,0.023649999871850014,0.04217857175639698,0.02937857128147568,0.03172857181302139,0.029214285713221346,0.029564285783895423,0.03594285702066762,0.02576428571982043,0.012917774018435411,0.007944173944821845,0.009652201692731498,0.0036382739761299733,0.014534536509070675,0.015996291332347916,0.00788677537168171,0.009651969664622895,0.005407628121696509,0.003068819119396767,7
Melinakere,03/24,8,0.03773999996483326,0.052606666833162306,0.03996333343287309,0.055340000241994855,0.03988666633764903,0.04462666685382525,0.03778666667640209,0.036026666934291525,0.03390666668613752,0.024806666622559228,0.006781425750375254,0.005365969436697774,0.005191867689526344,0.005088522561048622,0.006270923778415964,0.006284554080797815,0.0035135195185788766,0.005711563316093544,0.0045071744271095405,0.0033518088504578534,15
Sowl kere,03/24,8,0.029229411917949925,0.04729747922480607,0.028266386575057728,0.05565546208820423,0.039744958081947904,0.04229033622155044,0.035349159963241145,0.029638655475896447,0.025486974906520684,0.020419748030415102,0.00898774950011864,0.008247854122959275,0.008242371311928464,0.007830868985962624,0.009133159223248486,0.009964802115729825,0.006698077630440154,0.008052536088112749,0.006004740855636027,0.003490895897209651,119
Bhoganahalli kere,03/24,8,0.06034210539962116,0.06737368436236131,0.05268684196236886,0.07178421063642752,0.06217105265118574,0.06295263159431909,0.05314210537624987,0.04863157887992106,0.03358947377847998,0.025718421087061103,0.001145846079083219,0.0013384368851774096,0.001477759895056168,0.0023325532392986037,0.002512485320579087,0.004113311354384096,0.0018991175350230546,0.003358187337602858,0.0031028671044904367,0.0029651355546814707,38
Devarabisanahalli kere,03/24,8,0.07771734350538738,0.12588610977701897,0.087570135058971,0.1041138206685533,0.05992708562914404,0.06350551026251229,0.05128937089299157,0.04945820931039183,0.0419756509303559,0.032445673687444276,0.008380621026943777,0.014710382157149721,0.009364230574564864,0.006048999775643571,0.018225563315226137,0.02092120688017085,0.013478270437136059,0.024175187475991945,0.01615057162758819,0.009441907605375366,70
Doddakanneli Gramadakere,03/24,8,0.02923342183217583,0.05008860244008108,0.026639260149674143,0.05370895511480599,0.03092270026273053,0.03370948632567553,0.027381238794519123,0.025262578946977445,0.03326573785507617,0.027483209020976077,0.004463398920654934,0.004354219546884469,0.004547883197192102,0.008442520750539827,0.01155152714149095,0.011752118694016152,0.007328334140445266,0.012930848685375085,0.015193610247373498,0.009895922109503548,130
Lakedew Appartment lake,03/24,8,0.06770593028324712,0.13278848392617743,0.07015279779560145,0.14974394210010392,0.094948504095057,0.09770714571919338,0.07871347606212721,0.06437569719626905,0.03739337722880614,0.02887037736467451,0.0025671821771089485,0.0029342594722392753,0.004752653734188267,0.0055095960439145745,0.009757897779353307,0.011027820176931253,0.008296472439400205,0.0158932330991837,0.020085698858475734,0.012706101478764055,169
Kaikondanahalli kere,03/24,8,0.0387201524610707,0.052728768328975044,0.03307920937317939,0.06470507683537476,0.04037130713714911,0.04208898074371552,0.03387425282650716,0.02628967009599403,0.023009508498227468,0.019912581319836243,0.005474423787886663,0.005347204073676067,0.005265115109409742,0.006677461994449146,0.005919410885095842,0.006828633265013159,0.0056890226384422775,0.007386283646650522,0.006783101161932754,0.004262296370668157,227
Kasavanahalli kere,03/24,8,0.05550066552026604,0.08104774550638713,0.05176066433547479,0.05639785008232507,0.030269311712681865,0.0328333686008071,0.027089577513909956,0.025378623746419516,0.02753780868794642,0.021822492538907584,0.0070921047776114484,0.0063743779692361285,0.010269249470242728,0.014252424214742095,0.016146806765155466,0.017660419764386454,0.01431500650604216,0.017290914992353818,0.012540388582685833,0.007208230191360324,281
Mestripalya lake,03/24,8,,,,,,,,,,,,,,,,,,,,,0
Tavarekere lake,03/24,8,,,,,,,,,,,,,,,,,,,,,0
Byrasandra Kere,03/24,8,0.04684210549059667,0.07838947443585646,0.059492105520085284,0.09727631548517629,0.06427894767962004,0.06770526382483934,0.056715789398080425,0.049289473577549585,0.04039736827345271,0.03287631567371519,0.0020714389937912647,0.003517347304022632,0.0019500517780424748,0.009651116762665132,0.006006582585845335,0.00844282463454644,0.003953414732573922,0.008702564311598162,0.010183157755196444,0.005987253237476652,19
J P Park Kere,03/24,8,,,,,,,,,,,,,,,,,,,,,0
Agara kere,03/24,8,0.03286348164233492,0.04197980097103069,0.029684035008659675,0.043767244878815136,0.02543833952618016,0.02587391498800438,0.022342964592147914,0.02083091334742664,0.022939483651462325,0.018568341693236463,0.005245416280638883,0.005470639018805181,0.0052406658886515285,0.004112898065909399,0.0053725111625387715,0.006449717687523021,0.004989930255394021,0.007109951841570286,0.006635044318708618,0.004287140250949528,521
Ibbalur Govt. Lake,03/24,8,0.03799258513233298,0.04911885856391576,0.034477940010163195,0.043275841987671586,0.03157888275123332,0.03411710519223278,0.029235636127241414,0.030269950437498156,0.03795542031443487,0.0315426025466407,0.006324611010880948,0.004509263588194827,0.003966069321464192,0.004532655624904996,0.009043216165737661,0.0088039827263898,0.0052549945123150435,0.00988366557398028,0.013271493571451274,0.009236637321932794,35
sarraki kere,03/24,8,0.060225666427464575,0.09556654024778419,0.0581175444110331,0.06635699024646265,0.0324835280289804,0.03397564848279319,0.028229249000806925,0.026429357670823304,0.030835068929382557,0.025124783258799018,0.008224527664392994,0.014200848934149902,0.010737156391019003,0.012037733861575757,0.017011964162176613,0.01807923477430444,0.013624001741501761,0.019077042583924387,0.02549436175506622,0.018399652307554148,480
Puttenahalli Kere,03/24,8,0.047885227186436,0.08080681819807399,0.04787500033324415,0.09365795468064872,0.06188749996098605,0.06612613720988686,0.053930682045492256,0.047943181696940555,0.039559091314334764,0.03122500004246831,0.004844685156953293,0.002923836061266084,0.0036875637758527883,0.005296385657475443,0.007286913473239377,0.008656963286725987,0.004539288601675113,0.009851260732102823,0.013680827455018444,0.009078004913057556,44
Madivala Kere,03/24,8,0.03561867936016441,0.04627716985044989,0.03537663532620144,0.06167537735646251,0.036027044070732296,0.035997830227064265,0.02946792459759697,0.02381138371760553,0.017759968589335304,0.015144496883775265,0.004217945752149906,0.005260123557879741,0.004476571800334076,0.006643057281992007,0.0075352921012447035,0.00788561482840622,0.006379187862559996,0.007044459414730967,0.006406066531860685,0.0044427896968261,1590
Somasundrapalya lake,03/24,8,0.043098231789171486,0.08139564294083057,0.05356737910437341,0.08644432636756585,0.05124217700725454,0.05432848420415116,0.04432929260688523,0.043268257377982164,0.04743787803931878,0.038658100181834534,0.009089221660244269,0.011244912686692105,0.008914997539418023,0.011621341951706264,0.014776019185373091,0.015352069408882596,0.010566782860809776,0.017717460657148066,0.022915567993295687,0.017113055680110026,51
singasandra,03/24,8,0.04712084105335945,0.07214305127306672,0.045148776281821304,0.07380143108776027,0.05482118695360251,0.05792327470590077,0.04917153897792484,0.04431674023388232,0.04115746121005082,0.03281485272617553,0.007962544290466231,0.005281315175064889,0.006145562978767025,0.005658651399262329,0.00807669451118942,0.008645209823979346,0.00528048912526178,0.00914290355771666,0.013061670643921929,0.00874472915114484,30
Kodagi Singasandra kere,03/24,8,,,,,,,,,,,,,,,,,,,,,0
doddakodlu,03/24,8,0.058451084843812076,0.11671952218531363,0.06088534096520975,0.13097067571276205,0.07719155223016304,0.07925846883480231,0.06525590821588602,0.05368027284204369,0.03564751712606734,0.02894608826393352,0.0039543163835244815,0.00353563328301053,0.005481332535127931,0.0069732076759152235,0.010697763627240259,0.011696421762263765,0.009192110215470242,0.014605059421252365,0.02038192143510297,0.013864753449472574,255
Karabu Kere/Konappana agrahara lake,03/24,8,,,,,,,,,,,,,,,,,,,,,0
Parapana Agahara Lake,03/24,8,0.061519408368952415,0.09192203704385471,0.05374837603906267,0.0870600784639182,0.05936463496526376,0.061791576223829005,0.049183542076486876,0.04766493915691666,0.046651405070747026,0.036867204399938104,0.005365388707844166,0.004193901181480562,0.005736341854315766,0.01147046719945699,0.015296522389292865,0.019207971236539043,0.009909287211402357,0.019902219289616108,0.028163935945773797,0.02002406284756237,91
Kudlu Chikere,03/24,8,0.015400000382214785,0.036574999801814556,0.021625000052154064,0.036650000140070915,0.01855000015348196,0.019500000402331352,0.02474999986588955,0.017750000115484,0.051099998876452446,0.040974998846650124,0.003900000359863043,0.006724999286234379,0.003674999810755253,5.499999970197678E-4,0.001950000412762165,0.008700000122189522,0.00494999997317791,0.004149999935179949,0.009800000116229057,0.0031749997287988663,2
Kelaginakere,03/24,8,0.07755081948897008,0.11377105461727824,0.0933679972164431,0.096505469824909,0.061877177688911336,0.06535488325429202,0.05580341535026049,0.05534839737807217,0.061298769190820765,0.04747734316845213,0.0023205285044324885,0.0028992258509894283,0.008579499216729316,0.018161772905193378,0.022453082680855527,0.024439650487841552,0.01945183704005847,0.025037544817729608,0.03288085986333261,0.023941447978504483,46
Melinakere,03/24,8,,,,,,,,,,,,,,,,,,,,,0
Basavanapura Kere,03/24,8,0.03995000012218952,0.07182500138878822,0.045775000005960464,0.08139999955892563,0.04515000060200691,0.0509249996393919,0.050700001418590546,0.03734999988228083,0.06847500056028366,0.0521249994635582,0.005749998614192009,0.0053750015795230865,0.004524998366832733,0.0037000030279159546,0.002250000834465027,0.010374998673796654,0.005499999970197678,0.014349999837577343,0.004225000739097595,0.0014749988913536072,2
Swarna Kunte Gudde Lake,03/24,8,,,,,,,,,,,,,,,,,,,,,0
Chikkabegur kere,03/24,8,,,,,,,,,,,,,,,,,,,,,0
Elenahalli Lake,03/24,8,0.05804230759923275,0.07699999958276749,0.06171153800991865,0.06800769212154242,0.0507576922671153,0.056907692207739904,0.04768461547791958,0.052811538943877585,0.06942307719817528,0.05109230787135088,0.0052326214637634875,0.008603911506745198,0.005035609518172703,0.012954785619114262,0.015325881793168256,0.017064986745414693,0.01079975820865393,0.018790865276764334,0.021934225257286076,0.01616450112200963,13
Kalena Agrahara Govt. Lake,03/24,8,0.05695633908745821,0.09749005641546343,0.0699292127684049,0.0942337422159972,0.058987361960742,0.06607011324701856,0.05603169623472087,0.054471412742837004,0.062481672216702686,0.04850956963060738,0.0041489543742656565,0.004040280780582534,0.007817573917024718,0.012050860037462805,0.01844064329761439,0.02128456539040053,0.014619664526341824,0.02217355693396441,0.029086460271961843,0.02156445390491553,25
Infrastructure Corridor,03/24,8,,,,,,,,,,,,,,,,,,,,,0
Beratena Agrahara Lake,03/24,8,,,,,,,,,,,,,,,,,,,,,0
Mylasandra Dodda Agrahara kere,03/24,8,0.029348749906057493,0.04035062508191913,0.02768687501666136,0.052548125060275196,0.03475812491960824,0.03518437517341226,0.028864999971119687,0.024850625067483634,0.029672500072047116,0.025863125151954592,0.011970181593811514,0.011358200559042957,0.010347988119386364,0.008344509481793733,0.009338543843205446,0.009297353750983138,0.008591388891385946,0.008853270970829137,0.005646464030344979,0.0036476598016352054,80
Arekere Govt. lake,03/24,8,,,,,,,,,,,,,,,,,,,,,0
Hulimavu Kere,03/24,8,,,,,,,,,,,,,,,,,,,,,0
Akashaya nagar Kere,03/24,8,,,,,,,,,,,,,,,,,,,,,0
Gottigere Kere,03/24,8,0.02664838175227689,0.03152688348237581,0.021816915611321427,0.03356172284585717,0.02523193147816235,0.025093888198794143,0.021170759132514573,0.01955909104373662,0.02615434136173996,0.02255626833604056,0.00528502388281557,0.00478536122253832,0.0045448355539330736,0.005425649282263127,0.006230685047724648,0.0064074176395337665,0.004475139938894411,0.0072765505849276355,0.011714519930623021,0.008309225758909529,187
Kothanaru Kere,03/24,8,0.034915865083631904,0.05132024180148686,0.03629182235466225,0.04494501960011619,0.028077639928589405,0.030914298701311543,0.02690913762101668,0.027627704408537734,0.039685595578254095,0.031537179741027904,0.0037994217875462533,0.0047063529266452376,0.006061124887987374,0.010802445669183522,0.01115725491580677,0.012066095510852911,0.008445113431526418,0.01307764986505272,0.0199042246248068,0.013772435940629931,76
RBI layout kere,03/24,8,0.024541667041679222,0.05153333333631357,0.030050000175833702,0.05660833418369293,0.03990000020712614,0.04236666609843572,0.03714166674762964,0.041125000144044556,0.06684999975065391,0.0480166661242644,0.005067660426861395,0.005203177758640934,0.0035672114455274607,0.01252049816383704,0.016251744239087325,0.011719558179080339,0.006735133049540926,0.01471566032885041,0.018114496105889773,0.014165382999282347,6
Chunchanaghatta Kere,03/24,8,,,,,,,,,,,,,,,,,,,,,0
Alahalli Kere,03/24,8,0.03736598245500423,0.06281624689472341,0.042163334756887744,0.06536800011313591,0.03989702209191426,0.041966480233784895,0.03392559994469258,0.03499867217064786,0.04168383805283969,0.03418781947021266,0.0037337791945803336,0.0029658962234425947,0.004270025965581037,0.007223303598057086,0.011960425013382856,0.012955382676847042,0.007972286026897644,0.015820964261089678,0.023902225360660903,0.01741865373197958,96
Kembathahali kere,03/24,8,0.05460031422950465,0.1018003152603727,0.07269299623369002,0.11108254140302123,0.07819350769691441,0.08570562999018878,0.0713876037123672,0.06183050170529118,0.05612104812986994,0.04724962748777123,0.003988295967538409,0.0031597465509470824,0.005653603188023331,0.007678957657880711,0.008618076126351836,0.009708297280363697,0.006488559131528832,0.009432603102052645,0.014804595928092407,0.013948634884615141,10
Doddakallasandra  kere,03/24,8,,,,,,,,,,,,,,,,,,,,,0
Konanakunte  kere,03/24,8,,,,,,,,,,,,,,,,,,,,,0
Thalagattapura lake,03/24,8,0.033449999056756496,0.04012500122189522,0.03212500084191561,0.043174998834729195,0.0367249995470047,0.03772499971091747,0.03162499889731407,0.02832499984651804,0.03645000047981739,0.029625000432133675,0.00344999972730875,0.0033250004053115845,0.004725000821053982,0.0029750000685453415,4.2499974370002747E-4,7.249992340803146E-4,0.003724999725818634,3.7499982863664627E-4,0.004449998959898949,0.0028250012546777725,2
Vajarahalli Govt.Katte,03/24,8,,,,,,,,,,,,,,,,,,,,,0
Harohalli kere,03/24,8,0.05775802138256517,0.09241604259148001,0.06900909092815165,0.11192941167615952,0.06976684467757449,0.07428048144687306,0.060964973533854765,0.05136684503625421,0.034206684604087934,0.025797326197439338,0.0035684169240262067,0.00752608366986107,0.008170072200090887,0.011642949049972115,0.01026553972820491,0.01155649489938058,0.009599076314158518,0.011218382615520033,0.012099437359476217,0.007227575881806832,187
Puttenahalli Lake,03/24,8,0.038998648876676686,0.058645945948523445,0.03746486490441335,0.06803783764307564,0.047078378397870706,0.05106216256280203,0.04105270271365707,0.035193243391207746,0.026924324196738167,0.020709459443350096,0.0033805982658545383,0.00393156617431581,0.0037883864379995207,0.0050626397724924275,0.0066662884511703956,0.006824472867792591,0.004206188071993574,0.00799084930312502,0.005194794920400672,0.0035006917507255505,37
Chellakere kere,03/24,8,0.04265789491565604,0.060510526558286266,0.038926315935034504,0.06877631517617326,0.05247894694146357,0.05527105300050033,0.04703421047643611,0.04111842105263158,0.032957894825621656,0.024794736582981914,0.0026496409299034676,0.0024420432892788856,0.0028384284624473582,0.004919947681034663,0.008181851681084904,0.00682013919649463,0.0017262714984320909,0.009156766506780135,0.006676554733044904,0.005142390836580554,19
Horamavu Agara,03/24,8,0.03887429031960626,0.07561983261583609,0.042701413535451975,0.09867406026201948,0.056056746936369764,0.056887606467524485,0.044871072307492134,0.03538947746941156,0.031045684698922184,0.026883225116066268,0.0067049305535464,0.01427809665229108,0.008011689679112175,0.020417222788389047,0.01854695145152318,0.019414775050437816,0.01452242197051533,0.015388221052416854,0.01859379114499099,0.014426367960116641,301
Horamavu kere,03/24,8,0.09750000139077504,0.15823333462079367,0.13513333102067313,0.1843333293994268,0.14493333299954733,0.14596666395664215,0.12793333331743875,0.12933333218097687,0.12349999944368999,0.08943333476781845,0.004280965515579043,0.007993463854143854,0.0057736952886755285,0.019967364552167605,0.015309331184119939,0.013974343458269948,0.0060576863502458545,0.013454202632633916,0.0011518111237905524,0.0016131399250915435,3
Kalkere Kere,03/24,8,,,,,,,,,,,,,,,,,,,,,0
Nagareshvara Nagenahalli Kere,03/24,8,0.08035474034885141,0.12994567656379274,0.1089892728352896,0.15623010154876527,0.10114547931993426,0.10574527154125384,0.08606040500600012,0.07454549638132368,0.06189961181544061,0.050465485093256275,0.002856405858878017,0.004803694580806742,0.009326011614803419,0.008948422246605593,0.012261042857516712,0.013687506627809575,0.009210927857805341,0.015624697545967235,0.02907305221959677,0.023428317476488873,35
Rampura Kere,03/24,8,,,,,,,,,,,,,,,,,,,,,0
Atturu kere,03/24,8,0.03823203595723221,0.05208622760133829,0.03220718570365877,0.045329042069033945,0.027401197718422927,0.031615868523092325,0.025248802490086257,0.02406497006890124,0.020529940105350076,0.017023353324366546,0.005473658379243194,0.008296001571811505,0.007692145985836928,0.010219390423772323,0.010071555363142099,0.012862009992648511,0.009008174808718008,0.011746062440576844,0.006900117290567009,0.003999643657345666,167
Veerasagara kere,03/24,8,0.045424754837255235,0.07760667391873229,0.045298651944908286,0.09914391853238792,0.06357010215597467,0.06604038994715919,0.053328106982785624,0.04302605525641768,0.03556978902186289,0.029601720535759237,0.005909985940547525,0.006070634247976056,0.0061285329235990435,0.010312971275886861,0.006966714178117363,0.006631766521481947,0.005490252708412786,0.006261263622240023,0.0117697594617227,0.007631843837950892,126
Dodda bettahalli,03/24,8,0.032369047669427733,0.036709523892828395,0.03149761915916488,0.03212619036258686,0.028873809879379615,0.03196428583136627,0.026388095203964484,0.03279999958439952,0.053961904985564094,0.04537380903604485,0.008389924472259893,0.007969594246459417,0.008554106087990253,0.011496558726551224,0.010332906765926854,0.011196302020601366,0.007779657298610789,0.011571927940667534,0.016520888178187258,0.013895053361233587,21
Dasarahalli kere,03/24,8,0.06290000180403392,0.07810000081857045,0.05280000095566114,0.09276666740576427,0.07436666637659073,0.07209999859333038,0.06260000045100848,0.04649999986092249,0.02666666607062022,0.02496666709582011,0.0023423643769400933,0.0032259363500706747,0.0018457157866835416,0.001855323470504181,3.3993454384542764E-4,0.0011430963131727602,0.0015577764161948515,0.0038479427683568088,0.0051181591644034,0.002493101915826073,3
Doddabidarakallu lake,03/24,8,,,,,,,,,,,,,,,,,,,,,0
Allasandra Lake,03/24,8,0.06544891081884667,0.12449301016778706,0.08096877302436464,0.14521203293310972,0.08629851088222647,0.08897860074430135,0.07038760104602937,0.05721612115234452,0.030987446537110216,0.02454546826387396,0.0037088995983751154,0.005154094903767379,0.004452154697667967,0.007947235969638112,0.0070940081814471895,0.009206515004846118,0.006764126190554278,0.011263216538729774,0.012546452605515743,0.008415873841158278,277
Andhrahalli Lake,03/24,8,0.06324999986423387,0.0722055555217796,0.05588888873656591,0.0693777778910266,0.061905555013153285,0.0654388889670372,0.05648888895908991,0.051483333524730474,0.04464444352520837,0.03579999982482857,0.006529080070867295,0.007622279879477683,0.007756316155999267,0.009212133512972676,0.009231120522293834,0.009192139933790068,0.00826346728547948,0.007185557051686457,0.01001231022561802,0.005906258430688051,9
Handrahalli kere,03/24,8,,,,,,,,,,,,,,,,,,,,,0
Narasappanahalli kere,03/24,8,,,,,,,,,,,,,,,,,,,,,0
Valagere,03/24,8,,,,,,,,,,,,,,,,,,,,,0
Shivapura New tank,03/24,8,,,,,,,,,,,,,,,,,,,,,0
Agrahara Lake,03/24,8,0.028443105312909105,0.03969418442685474,0.02266613919187015,0.046859949183021714,0.033130083402529285,0.03398942475583299,0.02675193599884648,0.024275763625566073,0.03651312666666988,0.030355464655371377,0.006881350411005809,0.006514729839380718,0.006698749874682516,0.007435071758161247,0.008478843037161626,0.008605418227781787,0.00632103176229898,0.008785244678079413,0.01119492881591342,0.007754366351453291,75
Chokkanahalli lake,03/24,8,0.03230000014106433,0.038300000006953876,0.02696333353718122,0.04297333372135957,0.0323933333158493,0.03442333359271288,0.02888333344211181,0.024163332923005026,0.03710999997953574,0.031223333378632864,0.0076029599748640405,0.006793158122904532,0.006909111595407981,0.008348709721627667,0.010518663902028718,0.009396593143689354,0.006509522953920763,0.010313073380725705,0.009471169714822841,0.006645019776599309,15
Jakkuru lake,03/24,8,0.031191566442868794,0.053095180833016536,0.02605662663209151,0.08687951774841332,0.05350722889808646,0.05343012053923434,0.0402951809207359,0.025219277057976247,0.01972048191061939,0.01790120496403381,0.004746062590874098,0.009883269289795667,0.004674338951409029,0.01969259967253859,0.012023198241949206,0.012004986237812447,0.009134561852695369,0.006576985338911586,0.0043747015880056675,0.0029802359526617532,83
palanahalli,03/24,8,,,,,,,,,,,,,,,,,,,,,0
Kattigenahalli lake,03/24,8,,,,,,,,,,,,,,,,,,,,,0
Kogilu kere,03/24,8,0.02913994711907531,0.032605820128487215,0.024858730192242003,0.0389833334813673,0.028014285881047644,0.028062698588997282,0.023006878357144104,0.022064285785225884,0.025783068736985562,0.02118703711127478,0.010103976881325928,0.009193210817789715,0.009505737045063477,0.009369166043943703,0.00998160259582858,0.009279189552091184,0.0081057253318313,0.008272556592243028,0.006908035563730556,0.004685452937744688,189
Venkateshapura lake,03/24,8,0.04574999958276749,0.06720000132918358,0.06104999966919422,0.06909999996423721,0.060599999502301216,0.0568000003695488,0.05339999869465828,0.0466499999165535,0.09029999747872353,0.0689999982714653,0.003949999809265137,0.011700000613927841,0.016450000926852226,0.01810000091791153,0.01629999838769436,0.008400000631809235,0.009399998933076859,0.007849998772144318,0.01599999889731407,0.016699999570846558,2
Bellihalli kere,03/24,8,,,,,,,,,,,,,,,,,,,,,0
B. Channasandra lake,03/24,8,0.054028057653369106,0.07644346404670121,0.05137869936680418,0.0668796347239853,0.043512759620371884,0.04549363964173756,0.03837194253653686,0.037742111715912886,0.040307023596863355,0.033997700257692616,0.0051914073704700785,0.005122700768265416,0.00803595282240121,0.009557414688170313,0.012590473823013773,0.014497894498128475,0.01172479730790063,0.016915775249399467,0.02121689816613582,0.016991795318696472,116
Byappanahalli kere,03/24,8,0.02547999992966652,0.04153999984264374,0.030000000074505807,0.042989999800920484,0.028019999712705614,0.031599999591708186,0.029930000007152558,0.032779999822378156,0.04871000051498413,0.029399999976158143,0.0014675148807368986,8.73155609173885E-4,0.0029698487043619427,0.0022548614966126906,0.006190766963844563,0.005415902155692145,0.0018280044461205728,0.007886038087552921,0.0049536245175755365,0.0026548068993825307,5
Kowdenahalli Kere,03/24,8,,,,,,,,,,,,,,,,,,,,,0
Krishnarajapuram kere,03/24,8,,,,,,,,,,,,,,,,,,,,,0
Basavanapura kere,03/24,8,0.031246574523890853,0.048783271285452505,0.030165831299166643,0.04731407584520347,0.03105467853311964,0.03623700910523224,0.029097536617467796,0.02969606296191343,0.043309516279773676,0.0350104845476794,0.00644756326921908,0.005691428873965838,0.0054593948657321294,0.0067586330863059355,0.010140124005520054,0.011357695227467726,0.005158877676813364,0.011485457458937379,0.016659531632663198,0.010814320746159503,64
Shegehalli kere,03/24,8,0.01968999970704317,0.04505000114440918,0.02190999984741211,0.05164999961853027,0.03754999972879887,0.0386000007390976,0.02955000028014183,0.03150999993085861,0.05887999981641769,0.04786000102758407,0.008448455294447295,0.0012149070878768797,0.007506423594977529,0.005446282653410932,0.00864765820515882,0.006661832286090538,0.0039035880085397517,0.010387896429729161,0.01375054810371894,0.014031336609854743,5
Mangamanapalya Kere,03/24,8,0.06112380982154891,0.07345476214374815,0.05467619143781208,0.0770333336577529,0.05895476220619111,0.059973809868097305,0.053290476224252155,0.05034047640150502,0.04392142877692268,0.03523095262547334,0.011835897955015209,0.010826290223816539,0.009521699972346472,0.009902383745174232,0.011455960069142655,0.010280200588769562,0.009400336837041057,0.011439370063620304,0.009392937382943216,0.006360527054507396,21
Hoodi kere-2,03/24,8,,,,,,,,,,,,,,,,,,,,,0
Jimkenahalli Kere,03/24,8,0.07677398979947342,0.13198272902496364,0.10181325705507137,0.14067351371581432,0.08581242592524688,0.09276004699939211,0.07525083155556184,0.06728912030394309,0.07107181922620102,0.05673998190083415,0.003547023686338713,0.0039615707435943235,0.009091091250295408,0.014316811105630234,0.017562237129461637,0.020500649803442992,0.016079410759919244,0.021072777040920476,0.03724206598596012,0.028261118965552876,33
Kodigehalli lake,03/24,8,0.05487502715368731,0.08535698244295241,0.053347689738933675,0.06429968150357668,0.03600465115387395,0.037303007559715266,0.03071760674711353,0.029590096196780043,0.03948484476047022,0.032604421743534215,0.008159866471693668,0.009395478623230988,0.00959528610406982,0.010356451591674955,0.01514856656339484,0.01673883396637114,0.01240583371958468,0.0183003481935034,0.024326289842700112,0.016910113060883355,336
Gangashetti kere/ Devasandra kere,03/24,8,0.08301860405955204,0.13887441903352737,0.11316046551909557,0.13937325567700143,0.09158720907776854,0.09771627898133078,0.0829127905673759,0.07843372104472893,0.0698220931253461,0.04874999994455382,0.00717856172940638,0.012879293572693943,0.013965812557178152,0.015221008926959422,0.018010477995243652,0.01961807009062758,0.012942430873370001,0.025288885986614135,0.03490784491790327,0.02368691082991977,43
Vijinapura kere2,03/24,8,0.03772000037133694,0.051990000531077385,0.03181000035256147,0.05183999985456467,0.04150999970734119,0.04417000003159046,0.038920000195503235,0.029460000060498714,0.031530000269412994,0.026799999736249448,0.002076920630906635,0.002326563870352226,0.002982431922242322,0.00379926285495226,0.0038939567677002563,0.005468281363824117,0.0037867664061567298,0.009005687290737776,0.006437709785832006,0.004033856867702136,10
B.Narayanapura kere,03/24,8,,,,,,,,,,,,,,,,,,,,,0
Melinakere,03/24,8,0.013235121209464677,0.019751976661169547,0.011240118489780042,0.019238819841995946,0.012025296514672934,0.012956380507819889,0.013581394665427023,0.012201411818390273,0.02446547148508382,0.01914889885313527,0.0061717590137737215,0.005511611401303437,0.003946879179062082,0.004357295036147978,0.005422176689494807,0.0068575220189758535,0.0057958552877484795,0.007344080232406902,0.006226548155408533,0.002235337859956353,7
Kelaginakere,03/24,8,0.04778607173873116,0.0744423694430581,0.04100546387970367,0.07590024606584092,0.05571659459095982,0.05790778760807262,0.04789228892937335,0.04468242783747097,0.04446951951327053,0.03511228211399402,0.005127998517368972,0.002802484483912344,0.00298772830049601,0.009440189505078536,0.01020847234758123,0.010121384199780543,0.005862223272432203,0.012832476056296428,0.020909723080540975,0.016350708403220424,47
Rachenahalli kere,03/24,8,0.05141249993308024,0.08036136390133337,0.04657159098000689,0.113995454528115,0.08166477295824072,0.08161477304317734,0.06395909164778212,0.04699545484882864,0.023211363597180356,0.01953977276571095,0.014069741691090184,0.01120377785015321,0.012748874641658517,0.008697857194076283,0.010757383851028179,0.009915384502958008,0.009306335545797115,0.012297412194565373,0.009652536451711186,0.005696795106706664,44
Amruthahalli Lake,03/24,8,0.04197000041604042,0.05915999934077263,0.04593000039458275,0.0624499998986721,0.046890000253915785,0.05877000018954277,0.04375000074505806,0.047189998999238016,0.039350000023841855,0.02785999998450279,0.0030188743376389385,0.003007059067742081,0.003389926534024943,0.0052773104575552215,0.00518443874561155,0.010168165585197122,0.003520227317507576,0.009843494695833205,0.006118659374123172,0.004088325210483678,5
Nagawara Lake,03/24,8,0.0430472748882203,0.06732143490006777,0.04334054500581672,0.08058071584498902,0.05381486409153367,0.05416101791164464,0.04343771932803318,0.03597917088818702,0.022221776822670004,0.01853932910974782,0.003614887036879223,0.003000631005608192,0.003871617901927893,0.004091273291595796,0.004960953077036849,0.005569758704135661,0.0036940679679395845,0.00621346471629575,0.00763182563998328,0.005984849430074235,446
Herohalli Lake,03/24,8,,,,,,,,,,,,,,,,,,,,,0
Hebbal  kere,03/24,8,0.042316182102667174,0.058480525943185174,0.03851609236255548,0.059051438975880687,0.035552397279143645,0.035870787656547984,0.029215476263268654,0.026070036595066758,0.020540018677677255,0.016185336050875593,0.0028455967250815718,0.003038358486776497,0.002831579135911707,0.0033692920183124573,0.006259334266792093,0.007149983845940319,0.00513277149325064,0.008527991481417753,0.007768362444223302,0.004487982188680073,867
Mahadevapura kere,03/24,8,0.05638136735440845,0.10244394092740973,0.060237588777023746,0.09994992807138424,0.052674660061675586,0.055312004212403926,0.04392557017752748,0.039432873178918554,0.036871861445522236,0.029983256191295132,0.0029568813129284698,0.004032581395911242,0.003924188059331466,0.004115861231415178,0.01283124416035128,0.01382983004206527,0.010654258190547437,0.01646206074425878,0.017538735891990943,0.011119174579658128,148
Vibhutipura kere,03/24,8,,,,,,,,,,,,,,,,,,,,,0
Rajapalya Hoodikere,03/24,8,,,,,,,,,,,,,,,,,,,,,0
Achanakere,03/24,8,0.05658033131862319,0.0968619867725088,0.06161406615317262,0.10191500659217897,0.07337470183111973,0.07792064882765543,0.06485688772027856,0.05664211901213159,0.05272854355984176,0.043030305120427874,0.008716223799911634,0.006894573233327194,0.008047792922892651,0.007672275063575961,0.014010917352201308,0.014731461127006176,0.010977013973716986,0.01598876531160689,0.01691005404763839,0.012446216202307028,15
"Yekkalagatta kere,Mahadevepura Kere",03/24,8,0.06738052006821871,0.10255088350051052,0.07393459263563859,0.10739062874193164,0.0663782632247096,0.06989435787596927,0.05650554470886075,0.05624268889441809,0.06486344431418198,0.05181099154545,0.0035032934436934294,0.0056135878926988165,0.007999497947072583,0.014423530794360158,0.017943184238823177,0.0183715231510348,0.011538243513581367,0.020548774237822722,0.026006721404184734,0.0219145597259494,20
Pattaduru Agrahara kere-2,03/24,8,0.01626923091064852,0.02703846124215768,0.01713846151967748,0.021815384415766366,0.01775000003936629,0.021834615635900542,0.019919230817602232,0.02157307731417509,0.02852307689877657,0.022515384766917963,0.012253720639438746,0.0109873028830462,0.010023552153247052,0.011359397390556978,0.011759317225827891,0.010787428758567242,0.00995400070652619,0.011358572475333725,0.006345974055974909,0.006033572783726475,13
Nallurahallikere,03/24,8,,,,,,,,,,,,,,,,,,,,,0
Thubarahalli lake,03/24,8,0.04962995855138373,0.08451890467611088,0.05477475177368891,0.07982814272312241,0.04884599507218572,0.05130943352292056,0.04187628756144962,0.042325443851069317,0.053510159832665716,0.04120957043638734,0.0041450899630111095,0.0074902864714530976,0.009744399903729955,0.015218344424533382,0.01564039378428637,0.018203587703296414,0.012969910696226281,0.01864731971011064,0.030816646663080063,0.022624328572704175,122
Sheelavantana kere,03/24,8,,,,,,,,,,,,,,,,,,,,,0
Doddanekundi Kunte,03/24,8,,,,,,,,,,,,,,,,,,,,,0
Chinnappanahalli  kere1,03/24,8,0.03593566341832469,0.06711557878944673,0.03955695319031711,0.07893576169771035,0.0513302781460533,0.055236093830475286,0.04631308859612,0.03923208549157011,0.037421609654877876,0.029453872995821882,0.011558467064736776,0.007067350133952339,0.008001678891131209,0.006713686526618257,0.007195402881841204,0.00899603240829684,0.004769042518075768,0.005806515278553832,0.007736885048458113,0.0049334861719224545,32
Doddanekundi kere,03/24,8,0.052458035560058694,0.09046428570789951,0.05653482163324952,0.08768482133746147,0.05704642878845334,0.06020089292100498,0.05017946467601827,0.0443133930010455,0.032343750087810416,0.024879464314186146,0.0033947672625847768,0.003034735201383634,0.003028509157719352,0.005466521311769201,0.008555261205002499,0.011317557405654552,0.007069664729942599,0.017416086023852903,0.010812620938344477,0.006906581913848737,56
Kundalahalli kere,03/24,8,0.046897003457256864,0.0885259055603912,0.04330626657153968,0.11292562994048422,0.07617118531561119,0.07869065133891656,0.06303423019787296,0.04892879190307704,0.03144977628610385,0.025991267943127297,0.006528096826609509,0.0037502422246167167,0.003836549846991868,0.0068090087130205056,0.006253433367967854,0.007247637351321628,0.004141324559796896,0.007532961329146403,0.0116382728793004,0.006603159090199093,139
Acchanakere,03/24,8,0.05456865976061135,0.1110960680212108,0.056133743802455664,0.12751657644909162,0.09845086669955815,0.10082128894444341,0.08103580377530449,0.06271158300498406,0.03474844327163801,0.02781397874126058,0.01350293312788221,0.0048486372866394884,0.010131301450833194,0.00595979826887477,0.006341676231640436,0.006083024671306593,0.005853726984715536,0.010081052145461575,0.013605604006076962,0.007780231776728639,77
Varthur lake,03/24,8,0.014191566354942968,0.01965301208680563,0.013319277114018164,0.019357831402491015,0.012005421775533447,0.014316867560103357,0.011691566328069263,0.012772891574037116,0.020685542240200274,0.0154108434623803,0.011108459919083357,0.0127686654983853,0.011195771318861243,0.011645415300826955,0.010796186975181156,0.010697517803584234,0.00962281679759691,0.010396171378247929,0.0059861413458844265,0.003803391490550774,83
Narasipura Lake-1,03/24,8,0.03983604472429819,0.06923070333372057,0.046330359322542404,0.07555664485696818,0.05025911500556633,0.05482974376400887,0.045082049069014696,0.042689281352132145,0.03406903918629285,0.023344185934714802,0.0073966715503004,0.007961249216155382,0.008107347641772298,0.010462266515879105,0.008457212693720443,0.00893529186650692,0.006121114959385162,0.009802004637452844,0.008364662428219762,0.0048721338750783135,28
Narasipura Lake-2,03/24,8,,,,,,,,,,,,,,,,,,,,,0
Ulsoor Lake,03/24,8,0.06006699992487746,0.11868683094856299,0.06239222489539379,0.13459267696796826,0.08478946826090032,0.08687935569775804,0.06824445861216727,0.05054676280668419,0.020430889506799416,0.016387584482694215,0.004964753672051578,0.010718696608683817,0.00523763184553839,0.01161657574054539,0.008676425966504598,0.010057783033577081,0.007903330175854756,0.010956631945227105,0.012117711155031718,0.00839513953206306,792
Gunduru Lake,04/24,6,,,,,,,,,,,,,,,,,,,,,0
Doddebele,04/24,6,0.027853389556403405,0.05344683912012958,0.022608856955197102,0.06634211595896877,0.035720138611180396,0.03711198682477273,0.02896340353898836,0.020189301518283406,0.02441151276423748,0.02182226052203405,0.003889302907065211,0.0043093331762143324,0.00371039972345568,0.005100048586505227,0.007195592246576181,0.006692491367340323,0.005149199044864626,0.00803866638211301,0.01138430764794248,0.008444552008486384,151
Somapura,04/24,6,0.039720000326633455,0.0657999999821186,0.05377999991178513,0.07959999889135361,0.057119999825954434,0.05520000085234642,0.05094000026583671,0.04533999934792519,0.04619999974966049,0.03783999979496002,0.0034701012979037054,0.005723985237636901,0.006128424037047134,0.009702576444418855,0.008722934390283729,0.008809767868751591,0.005207148591339074,0.007968587950557042,0.003840833488405082,0.004102973818478721,5
Mailasandra,04/24,6,0.022134648544561226,0.03058056054985812,0.02416084454569697,0.034666976446798406,0.020726389066978664,0.021017484582119265,0.018220919324840514,0.017295308805699718,0.03302131133238483,0.02766084159874995,0.01390570877448924,0.010842264414631894,0.00808116159838505,0.00958475017300434,0.012635328703121599,0.014211797320328626,0.011364791366237014,0.013861534357981877,0.011711349182322006,0.008843866815337931,66
Kengeri 1,04/24,6,,,,,,,,,,,,,,,,,,,,,0
Kengeri 2,04/24,6,,,,,,,,,,,,,,,,,,,,,0
Chenvinayanahalli,04/24,6,0.0443741789932391,0.08868609239246025,0.05667967270309113,0.08910269412822819,0.05095876833380859,0.055557231995453496,0.04648604007039607,0.04184411764342576,0.04928352364975439,0.03964122686008456,0.020881162500224107,0.019685922572699046,0.01909186303060838,0.025682040346482984,0.028222713530859627,0.029565538953925476,0.02465659778716131,0.026260750577880503,0.024342034880832072,0.01601828846802041,41
Annamma kere,04/24,6,0.03298331507359687,0.08614315228678407,0.052547658608111586,0.09250908969882181,0.05093297964415258,0.05636879374210174,0.04474770249692943,0.05061592652225385,0.05867079000221202,0.04555642444573088,0.00803277666992178,0.005185316206320111,0.009919069263970254,0.010352951089577194,0.01682643584823419,0.016790746015057048,0.014562983527351948,0.02175016040913554,0.016412691617580556,0.01349545224258188,18
Deevatigeramnahalli kere,04/24,6,,,,,,,,,,,,,,,,,,,,,0
Devarakere,04/24,6,0.0365466666718324,0.08543333311875662,0.04943666631976763,0.11124999970197677,0.06987333272894224,0.07689666698376338,0.06090999990701675,0.052710000425577164,0.036439999689658484,0.0281700000166893,0.007816594714485536,0.006701806984031504,0.006794519142335064,0.0048049288131535185,0.009932485843715741,0.010204990335884307,0.006556935079800823,0.013123798128325646,0.011024566229079559,0.0067555362610196516,15
Doraikere,04/24,6,,,,,,,,,,,,,,,,,,,,,0
Goudanakere,04/24,6,,,,,,,,,,,,,,,,,,,,,0
Gubbalal kere,04/24,6,,,,,,,,,,,,,,,,,,,,,0
Halagevaderahalli kere-2,04/24,6,,,,,,,,,,,,,,,,,,,,,0
Herohalli Thotadakere,04/24,6,,,,,,,,,,,,,,,,,,,,,0
Hosakerehalli Kere,04/24,6,,,,,,,,,,,,,,,,,,,,,0
Kempambudhi lake,04/24,6,,,,,,,,,,,,,,,,,,,,,0
Laggeri Lake,04/24,6,,,,,,,,,,,,,,,,,,,,,0
Mallathahalli Lake,04/24,6,,,,,,,,,,,,,,,,,,,,,0
Moge kere,04/24,6,,,,,,,,,,,,,,,,,,,,,0
Muppatu Kavalu Hosa Kere,04/24,6,,,,,,,,,,,,,,,,,,,,,0
Nayandanahalli kere,04/24,6,0.02106461698819715,0.03632989415695741,0.021408439668426017,0.04275925179977838,0.02251290066290754,0.025780788659496283,0.02119544395113528,0.020904651370347003,0.033328529687254284,0.02846430606919748,0.007584972187403639,0.007194869176904442,0.006330032243120914,0.005761505200156551,0.010836365223849525,0.010273786086534918,0.007187093526618369,0.011643608194010181,0.014225728304850539,0.010605627698954234,62
Sankey Tank,04/24,6,0.024874844655134346,0.03898800642645965,0.024923457858570097,0.03207332827613882,0.01386958648194637,0.015417596179344625,0.011873574671699201,0.013954134923617877,0.02666148741645188,0.022926981055815695,0.004200267664136791,0.00375262332112969,0.005084837230905687,0.008845358819400245,0.010501423382002413,0.011462526795169459,0.007197110150053945,0.01312505613212183,0.017343900836939135,0.014461389946972067,263
Subramhanyapura kere,04/24,6,0.018078159328710222,0.06103711673344061,0.026621424950082948,0.08856571340649527,0.048320089210990895,0.05219729499066255,0.03913732634105631,0.026614087027164255,0.03769371821138935,0.032182623162238314,0.0023990539111720067,0.004939845948323335,0.0032175103471155852,0.008717557019369394,0.009896627335743362,0.012388003479360072,0.0055619380362253905,0.013521758745730235,0.01734192740989616,0.013647212354126172,54
Ullalu lake-2,04/24,6,,,,,,,,,,,,,,,,,,,,,0
Valagerehalli kere,04/24,6,,,,,,,,,,,,,,,,,,,,,0
Yediyur kere,04/24,6,0.026932352916428856,0.07763137259319716,0.03782941189174559,0.10967843146885142,0.06550392150586727,0.07051568712089576,0.055128431568543114,0.03831568637899324,0.023831372824954053,0.020207843213689094,0.005828494969655252,0.0033851454205330238,0.004148826684623762,0.0043977963904315055,0.005161023939565001,0.004944084176215368,0.004239731258290182,0.006377876122832919,0.008049753069104063,0.004795794601107272,51
Bhimmanakuppe Govt lake,04/24,6,,,,,,,,,,,,,,,,,,,,,0
Srigandhakavalu Karabu Katte,04/24,6,,,,,,,,,,,,,,,,,,,,,0
Janaradhan kere,04/24,6,,,,,,,,,,,,,,,,,,,,,0
Konashetty kere,04/24,6,,,,,,,,,,,,,,,,,,,,,0
Nagarabhavi (Un-named Lake on map),04/24,6,,,,,,,,,,,,,,,,,,,,,0
Sompura Govt.lake,04/24,6,0.04760869624822036,0.07881521806120872,0.06773695608843928,0.09291086961393771,0.061584782989128777,0.06511521695748619,0.05509565252324809,0.04611521764941837,0.04182608692866305,0.03297826088964939,0.005893172969967342,0.008132909563734369,0.0084531986438285,0.01135306862149916,0.006857928181028891,0.008119614731243105,0.007873647781313307,0.007767539084714793,0.008877093834948908,0.0051922144460687545,23
Lakshmipura Lake,04/24,6,,,,,,,,,,,,,,,,,,,,,0
Amrutnagar Lake,04/24,6,0.03896764738886964,0.06017254906542161,0.04511176487978767,0.06151862727368579,0.03625490224244548,0.038859804033064375,0.03221274506958092,0.032014705898130644,0.04438431360119698,0.0386323528546913,0.002537596479241907,0.0019306939161935401,0.0024702858830603137,0.003838401925035758,0.008756422235446917,0.009739081462983662,0.005903296217358119,0.011847537686940229,0.014699184378958128,0.010217170159753989,51
Hoysalanagara Lake,04/24,6,0.0575642857168402,0.103400000504085,0.08562142934117999,0.11587142944335938,0.07816428531493459,0.08639285660215787,0.07376428533877645,0.06907142911638532,0.06845714205077716,0.04677142947912216,0.0041381257418532085,0.00470797080098127,0.004084538792036718,0.005233534436393842,0.008065079393484706,0.012702880439686617,0.006156514381639886,0.015561211733835595,0.019250480673254786,0.014227535804389402,7
Basavanagar Lake,04/24,6,,,,,,,,,,,,,,,,,,,,,0
Ajjegowdana katte,04/24,6,0.0,0.008449999615550041,0.00494999997317791,0.024650000035762787,0.007250000024214387,0.0038499999791383743,0.006600000197067857,0.005800000159069896,0.05895000137388706,0.04945000074803829,0.0,5.499999970197678E-4,4.9999915063381195E-5,0.002749999985098839,0.00534999999217689,0.0038499999791383743,6.99999975040555E-4,9.999999310821295E-4,0.00494999997317791,0.0032500009983778,2
Kodigehalli kere,04/24,6,,,,,,,,,,,,,,,,,,,,,0
Kommaghatta Govt. Lake,04/24,6,0.036624006956589905,0.06339462050159148,0.027640855333245496,0.07601206488991501,0.04431577334411926,0.046509385531236784,0.03663313122913784,0.026501759565886143,0.022514014929798834,0.019554944805910645,0.006602792918181784,0.005994252182942459,0.006181646926363547,0.008083657814846724,0.011221609153729035,0.01186531270839833,0.009332469178633342,0.011622786735761056,0.010539734234382417,0.007632420745102308,184
Manganahalli Lake,04/24,6,0.013026526440366974,0.024706861312073614,0.01124682533741254,0.01139085989224251,0.003667813981823216,0.004056206626008774,0.003187296300293159,0.003934735343204617,0.019615012297110924,0.017783377814132393,0.007135196840905135,0.006455126932367802,0.006958094653699955,0.00884924184404376,0.007490366341203258,0.0081689185418242,0.006350538225290737,0.007997184168215422,0.010709413283722116,0.00787965298782584,918
Bhattarahalli kere,04/24,6,0.03770107393381999,0.08934838242042563,0.049681266923948295,0.06993987608704315,0.034071265765908805,0.03748829509766415,0.029573321235611367,0.03171457507484873,0.06078742705013342,0.04872369495015185,0.010063186704977292,0.010415528841640018,0.013730428141097274,0.019664559795921882,0.0255668734370126,0.026499536485444813,0.01934363217405987,0.02666154209923845,0.033250694611499376,0.02506734934603287,74
Thirumenahalli lake,04/24,6,0.026479999907314776,0.057705000042915344,0.03501000013202429,0.06932500042021275,0.040445000119507316,0.04876500032842159,0.03980000019073486,0.04056000020354986,0.05626500025391579,0.04175500050187111,0.0011640877474128376,0.0034529297835323765,0.0026501694753062245,0.004723306336214784,0.008277543296866623,0.009337025649216046,0.004544062298644347,0.012007618805772214,0.013145475721822095,0.007823983656157768,10
Avalahali kere,04/24,6,0.022808717914078753,0.033921906549298185,0.020340795518970573,0.05281130043480392,0.025218119881583255,0.02667992668407035,0.01900986000622804,0.012546692284950263,0.01523714614889039,0.01432998029817974,0.009836839477761096,0.005413195127556941,0.006512703531279609,0.008923791201338429,0.005293211658975824,0.005737690744567867,0.004868658187738656,0.0060155087929306275,0.00615846632514494,0.004790983565633821,1680
Begur Lake,04/24,6,0.015531291070262264,0.03430382941627398,0.013606564574673694,0.054348468299572,0.03067603944525677,0.0322981400443832,0.023988512073617012,0.013936433272565668,0.01710043765840893,0.016550765896554326,0.010347457417364292,0.007379720554433179,0.0074237016713195976,0.006568965673421439,0.007103384012203743,0.007389704824901998,0.006931647726997778,0.007140533805229249,0.005991480987895965,0.004485603576828311,457
meenakshi lake,04/24,6,0.06006415391165489,0.12162826004563702,0.07242215349654131,0.155234415591256,0.10181785940782716,0.10735866628615684,0.08537821302133548,0.07924279552332242,0.08391506050455055,0.06837752901441857,0.011661618899604239,0.006959774503441028,0.007542738104067327,0.013031629480018151,0.015528655484822363,0.014115892952588199,0.009654697529987684,0.017315899777766947,0.0400804197511354,0.03253927912067153,37
Kannuru kere,04/24,6,0.019991606955144316,0.05835881218308295,0.036659032437244686,0.07283566927135818,0.03229200135898659,0.034724633975885766,0.026903782271969996,0.025907235676246892,0.03936775138060597,0.03165809285482722,0.008265360325378942,0.008494329859854434,0.009238398622485988,0.010551495832857298,0.012714303470982666,0.013803413700399688,0.010673874150710047,0.01438965753268477,0.021071874783934356,0.015045056982071254,398
Kannuru kere,04/24,6,0.019991606955144316,0.05835881218308295,0.036659032437244686,0.07283566927135818,0.03229200135898659,0.034724633975885766,0.026903782271969996,0.025907235676246892,0.03936775138060597,0.03165809285482722,0.008265360325378942,0.008494329859854434,0.009238398622485988,0.010551495832857298,0.012714303470982666,0.013803413700399688,0.010673874150710047,0.01438965753268477,0.021071874783934356,0.015045056982071254,398
Doddagubbi kere,04/24,6,0.05111569247857486,0.0847558591346596,0.06992862760308405,0.09307221638498313,0.05187734989395823,0.055340072604397966,0.045561464273891385,0.04255482707914741,0.0504292919826171,0.039503191406964594,0.009861203345430409,0.01178842302848345,0.010800253323395587,0.013410307067866474,0.012166940399706732,0.013709253662883726,0.010133881711425926,0.013357396684819634,0.021029705942441048,0.014262155603645046,208
Suggata kere,04/24,6,0.025299999862909317,0.06121250055730343,0.051962499506771564,0.08275000005960464,0.04592500068247318,0.05337500013411045,0.04385000001639128,0.03717500017955899,0.057600000873208046,0.04406249988824129,0.0034210742639761045,0.002165170881812353,0.004073907730574323,0.007340045781951476,0.013416897781620824,0.010787116325503287,0.005751847849907495,0.01438199842731621,0.01326951441168879,0.010285510084262747,4
Yelahanka Lake,04/24,6,0.03224313367385089,0.04496635035850936,0.03113391781821632,0.044516459983853854,0.021683254818434104,0.021953278015732856,0.017527100695353084,0.015647490910508793,0.021554753506878667,0.019022786894176854,0.004841361630159176,0.0037505402235938523,0.0037166598865893572,0.004408837360531912,0.0060436534881542995,0.006813764876150088,0.005419103797562624,0.007570916825082777,0.008034489752030752,0.005478407618604796,2245
Dodda Bommasandra Lake,04/24,6,0.0560539720022929,0.11058434596824869,0.07299719625544325,0.1533053737377452,0.10638294388131003,0.11030747668347626,0.0876485982683496,0.06630303756830012,0.030052803752717572,0.027700467339812594,0.01652713629668198,0.020009167223678893,0.018958788089452634,0.022596197485224987,0.017794148744171047,0.020999631548329418,0.01622761992405184,0.015109335228609315,0.009211646420508651,0.006761309315782574,214
Singapura lake,04/24,6,,,,,,,,,,,,,,,,,,,,,0
Chellaghatta kere,04/24,6,0.03073500036261976,0.06843499988317489,0.0354749996215105,0.07631999924778939,0.04425999950617552,0.05414999984204769,0.04372499976307154,0.03840000052005053,0.06097999904304743,0.04046500027179718,0.013452547442715075,0.019709109615767797,0.016196191250554246,0.017107661127231086,0.019002943939676664,0.024945950946429644,0.016817003495216698,0.029729043971032865,0.029474863821614204,0.012727137062375021,10
Bellandur Amanikere,04/24,6,0.03232491646418355,0.05847603947281378,0.04228889778378645,0.07268832274612982,0.03913153844965819,0.04177747382863254,0.03253034649441632,0.02405753150911712,0.023812420876267497,0.020792660375617864,0.013470876632622959,0.013597856383906586,0.026782153084132693,0.011395223658962278,0.009388533962465563,0.010232765291208232,0.008370962471712283,0.013122996289077427,0.02054492551241907,0.015452446895158789,1168
Abbigere Kere,04/24,6,,,,,,,,,,,,,,,,,,,,,0
Kammagondanahalli lake,04/24,6,,,,,,,,,,,,,,,,,,,,,0
Mallasandra Lake-2,04/24,6,,,,,,,,,,,,,,,,,,,,,0
Chikkabanavara kere,04/24,6,,,,,,,,,,,,,,,,,,,,,0
Mallasandra Gudde lake,04/24,6,,,,,,,,,,,,,,,,,,,,,0
Bagalagunte Govt.Lake,04/24,6,,,,,,,,,,,,,,,,,,,,,0
Lalbagh kere,04/24,6,0.015071589129951712,0.050676177660541576,0.021951882902394717,0.06288054236620429,0.026594659291413643,0.030533578121517017,0.023359216040356633,0.020172211965225468,0.028980401713484143,0.022991426300832295,0.008136666178224287,0.010308392251832783,0.007854742985057086,0.011167694670228115,0.012591639190493536,0.014286397446580461,0.00999738778562547,0.014875336557493873,0.015837248828366363,0.010700173068703411,224
Chikkabellanduru kere,04/24,6,0.060140964092619445,0.08076024073434163,0.062402409692126584,0.09226506023880947,0.06700963881540012,0.07161084320171769,0.05851325329886862,0.055337349334395075,0.056949397616357686,0.04521445808819977,0.003863079504183258,0.0030435769122992193,0.003148722513489321,0.0037818026796386807,0.004737433912730373,0.005261430246004852,0.005880758662016001,0.005480209717610711,0.00948610110273079,0.006869508742502627,83
Carmelarm,04/24,6,,,,,,,,,,,,,,,,,,,,,0
Gunjuruplaya kere,04/24,6,,,,,,,,,,,,,,,,,,,,,0
Govt. Dinnekere,04/24,6,,,,,,,,,,,,,,,,,,,,,0
Panattur Govt.kere,04/24,6,0.05826168695172504,0.1035433832109925,0.07131866793716647,0.07476135075514205,0.03707111789899311,0.04177314286822866,0.03107146528479247,0.0370503389492762,0.06607806504832134,0.05307639016003398,0.00454686670629944,0.00537712159440812,0.011017695315057766,0.02101821995647242,0.03073770091682014,0.0350881699608288,0.02540391296803731,0.03529206953225,0.03477170124069005,0.02314347835558346,71
Gramadakere,04/24,6,,,,,,,,,,,,,,,,,,,,,0
Ambalipura Kelagina kere,04/24,6,0.014458333297322193,0.03634999940792719,0.01840833326180776,0.04031666678686937,0.02762500010430813,0.033241666542987026,0.026133333332836628,0.02705833377937476,0.0375833340610067,0.026650000053147476,0.005192816824992488,0.003396444221450926,0.0033129060453014805,0.006771365263670499,0.007922634083299648,0.01098030131670309,0.004697043631366239,0.01093779474728212,0.004947193452334046,0.002734197232862113,6
Melinakere,04/24,6,0.027764999493956565,0.04711499959230423,0.034915000200271606,0.050235000997781755,0.037280000373721124,0.043449999392032625,0.03473000004887581,0.03437999933958054,0.039355000108480455,0.027965000458061696,0.0051704469388711375,0.004520732855429925,0.003084075721857893,0.004908821642153577,0.005082528659931731,0.006743811970983809,0.0028794273287647003,0.007193371497105063,0.009407163196460512,0.005294952964645621,10
Sowl kere,04/24,6,0.016045370501093136,0.03878518531995791,0.0205435186141619,0.05391018485857381,0.03322592615667316,0.03650555556157121,0.029274074119274265,0.022055555470244684,0.02297222221063243,0.019532407375259533,0.01111272742573746,0.011086092598351154,0.008253736783900718,0.010281871639504225,0.009952334409937678,0.010418576106560688,0.008941381789441113,0.008900388223576977,0.004807764384868526,0.0031813134077725664,54
Bhoganahalli kere,04/24,6,,,,,,,,,,,,,,,,,,,,,0
Devarabisanahalli kere,04/24,6,0.08935158207725846,0.13891081178678055,0.09884347006992628,0.11368951461867874,0.06210885156303299,0.06809379697647047,0.05616305128591012,0.052327128955110165,0.045179407420882785,0.035272358128745226,0.016904616755787496,0.0188638052748923,0.015353004605398722,0.010347345534356867,0.01838228330610437,0.021494237151616618,0.013628866255013979,0.02257009951367407,0.01574073193264445,0.009795421127939668,66
Doddakanneli Gramadakere,04/24,6,0.014395662635276052,0.046194940514552627,0.018675611292988892,0.05726539299600651,0.02635597777433401,0.03197829305861264,0.022935557091367145,0.019627909794814203,0.033224475614312424,0.027463625031311587,0.007172421451403518,0.0045266694924744584,0.0056464852580211215,0.007216321070843106,0.011305730771542078,0.012433125082051728,0.007824771274728562,0.014913636401332898,0.01655503064063506,0.011004871083660554,129
Lakedew Appartment lake,04/24,6,0.05410542491522082,0.13428268883905292,0.0627568330545563,0.171746185514557,0.11619723940377792,0.12101003820973469,0.09568335115117042,0.07157746429413876,0.04136732218215506,0.034708873180572704,0.006826101170074223,0.0028998260620260643,0.004065569063018635,0.005353289151437168,0.007478070274169812,0.007663273172826536,0.005162278863777893,0.012049357920599035,0.016168250205440916,0.010182857541473996,155
Kaikondanahalli kere,04/24,6,0.02535425958318148,0.042121390136954796,0.021077112113176602,0.051936461604890974,0.03147115859073328,0.03409773140603521,0.02553266793248699,0.017608156844791854,0.022966182878000185,0.019745400168806812,0.012608451871135535,0.010305244324429206,0.0087207659357538,0.0111827043929865,0.012022309593760386,0.011992329970828167,0.010261182630716261,0.010358459733203824,0.007330151033139678,0.004975421741912824,216
Kasavanahalli kere,04/24,6,0.04855389414767212,0.08174579196492829,0.049150877957276136,0.05615569901068338,0.0235388492405569,0.02615970957509804,0.02160811539576556,0.02052193721306243,0.02990750840089074,0.024663276388150922,0.0072085672008298275,0.007215432979236875,0.010759329097984131,0.016047635302082263,0.018173437964153206,0.020173939963956597,0.017054857476003247,0.02012341701991473,0.015036246266335561,0.009450048810512852,268
Mestripalya lake,04/24,6,,,,,,,,,,,,,,,,,,,,,0
Tavarekere lake,04/24,6,,,,,,,,,,,,,,,,,,,,,0
Byrasandra Kere,04/24,6,,,,,,,,,,,,,,,,,,,,,0
J P Park Kere,04/24,6,,,,,,,,,,,,,,,,,,,,,0
Agara kere,04/24,6,0.010761785310282535,0.024464489250577405,0.013125862176783085,0.028880910222996898,0.007053247708042432,0.0077187110219949645,0.006058081908668459,0.005223939335115718,0.018662765793329598,0.01653320699270149,0.00572334276351153,0.006119649929156412,0.0053718143269943005,0.004750307530977265,0.006943900519753762,0.00850849166188349,0.006401278810879409,0.008401177219599962,0.007627397505087741,0.0048488096870202375,529
Ibbalur Govt. Lake,04/24,6,0.013574279375730369,0.030302141458865554,0.01908942127726604,0.027840022064857587,0.013701948802365005,0.01753566923937854,0.014172003767689522,0.016564214059397144,0.040702059755225915,0.03449991242893797,0.007810447964623327,0.007318476825223359,0.0072383514394042964,0.010139928748346244,0.014014076245419409,0.015647852913814778,0.009594589368642803,0.01463384211736778,0.014917228817190972,0.01028914668730399,34
sarraki kere,04/24,6,0.05306890759458687,0.0923542717018561,0.0550219455007505,0.062199573776159756,0.024501676680578562,0.025931217680644086,0.021217372823157114,0.019209413057122683,0.0332375419772177,0.02772000866374194,0.011146274167710519,0.014838390918125513,0.01169918145030181,0.013881758640517498,0.01838526211801923,0.019813362340710197,0.01495735957996008,0.020303320321249683,0.02542046199312068,0.01737119367486991,469
Puttenahalli Kere,04/24,6,0.03425384618532963,0.0729743595688771,0.03812051268342214,0.08823461563159259,0.05182820510787842,0.05678589756672199,0.044297436061195836,0.03815256426922786,0.038314102456355706,0.030411538357536,0.006055378943899164,0.006526395443684037,0.004421287438192602,0.008925138590327682,0.00783276971737347,0.00823138107198055,0.0065383381915025416,0.01042666669587318,0.013208155529880118,0.008839672100357522,39
Madivala Kere,04/24,6,0.01811044720671468,0.032102313136815476,0.02087093296811938,0.05542771785348401,0.029789360118031776,0.03031989213929396,0.022516692442131576,0.015096646134799318,0.013072012369316315,0.012804163478059247,0.007790765695299732,0.005057899042743098,0.005168057655836446,0.0066652675666900515,0.0068936688202867824,0.007552676694498011,0.005006285678392838,0.007722331982025249,0.0058215759479598944,0.006300812170869529,1297
Somasundrapalya lake,04/24,6,0.027718916078218005,0.07328077195621623,0.0432856020162294,0.08472202417445232,0.042228541963933684,0.04705825032632318,0.035939033879541844,0.035533949647977806,0.04973288648121485,0.04112163173460522,0.0055970231553880995,0.008542867888363215,0.007506147760779257,0.01025778627144304,0.015832547304086515,0.018156174846814848,0.010924810434434792,0.01969012027529032,0.024263044303732106,0.01944699432868149,51
singasandra,04/24,6,0.027266742788836274,0.05265012589691567,0.027216422218834507,0.04911378883183739,0.03329063219325877,0.03798479156204308,0.033529477870578986,0.02882092310443343,0.03726964046051482,0.028772663824649315,0.008588604904026466,0.005290872512045447,0.005676334912076084,0.0037083565359645122,0.00569842122408962,0.006806367371956358,0.005513228446791488,0.007464587867132508,0.010725528696484184,0.006989805316825768,18
Kodagi Singasandra kere,04/24,6,,,,,,,,,,,,,,,,,,,,,0
doddakodlu,04/24,6,0.057746890076755646,0.1234230782262725,0.057086156585101175,0.1263716635275341,0.0669538879895586,0.07023216725963281,0.05684234032182227,0.043425942733086455,0.03437602885615962,0.02847908408848312,0.008905006536183414,0.005403655493047902,0.007202062955470963,0.007990758585477186,0.01382892937410489,0.014763946792386098,0.011327069910931974,0.01846020742285773,0.02245029488739813,0.014999155991138664,255
Karabu Kere/Konappana agrahara lake,04/24,6,,,,,,,,,,,,,,,,,,,,,0
Parapana Agahara Lake,04/24,6,0.02612651628282492,0.05537534812038663,0.028792762159911472,0.06026033502948048,0.03694167205830714,0.03946584002222566,0.03084392334227333,0.02885688084934131,0.04522078074494263,0.03625528380391177,0.015926945815535956,0.010250321904498119,0.012391276493338793,0.009974417950622828,0.014583953248285285,0.014232732648646362,0.009660978068521366,0.017138339410067743,0.020999297025010084,0.01564608069434102,86
Kudlu Chikere,04/24,6,0.019133333737651508,0.048633333295583725,0.035283333311478295,0.058849999060233436,0.029383332779010136,0.041716666892170906,0.036283332854509354,0.030133333057165146,0.06706666573882103,0.05041666701436043,0.011282902904830767,0.004288227841620195,0.00218110487062557,0.011046341063659204,0.0020913842005757513,0.012491618162288875,0.004337113399328785,0.0066378130693971775,0.016008141282782825,0.009757589022705121,3
Kelaginakere,04/24,6,0.06162373654570926,0.10377902425152101,0.09287720375553794,0.10096763694561975,0.057255559800074275,0.06581215712957358,0.051976325174342544,0.053457440707849524,0.06551633898753872,0.051447331024554434,0.010172024981614554,0.008407309828575026,0.007746559167790083,0.018449432952805326,0.024914902621148812,0.026327620649453126,0.0171064758415692,0.026198937887211057,0.03097059620218302,0.02242648698227709,32
Melinakere,04/24,6,0.007499999832361937,0.04129999876022339,0.01489999983459711,0.04899999871850014,0.01720000058412552,0.02930000051856041,0.025599999353289604,0.007499999832361937,0.05079999938607216,0.05209999904036522,0.0,0.0,0.0,0.0,0.0,0.0,0.0,0.0,0.0,0.0,1
Basavanapura Kere,04/24,6,0.02560000028461218,0.05780000053346157,0.035599999129772186,0.06610000133514404,0.042100001126527786,0.033449999056756496,0.03880000114440918,0.03189999936148524,0.08025000244379044,0.053849998861551285,5.99999912083149E-4,4.99999150633812E-4,0.0,0.0011999979615211487,9.000003337860107E-4,0.011349999345839024,0.0012999996542930603,0.020199999678879976,0.010049998760223389,2.500005066394806E-4,2
Swarna Kunte Gudde Lake,04/24,6,0.17496666643354628,0.25325556099414825,0.25141111347410416,0.24516666597790188,0.15316666662693024,0.16171111166477203,0.1360888886782858,0.1375444440378083,0.13798888855510288,0.10334444459941652,0.020951425975891665,0.02870788478118208,0.02461663830085578,0.018274752518322925,0.01111215569413753,0.02088122341582121,0.014850324520573128,0.02404223688185489,0.02632499589022528,0.021244508804121393,9
Chikkabegur kere,04/24,6,,,,,,,,,,,,,,,,,,,,,0
Elenahalli Lake,04/24,6,0.045710000209510326,0.06825500018894673,0.05283999852836132,0.05825500041246414,0.03746500052511692,0.04356500022113323,0.038359999842941764,0.03947000037878752,0.07111000157892704,0.052504999563097954,0.017204865316778947,0.01670542494794473,0.012613084069797094,0.007548855150049246,0.007915429769609567,0.009996651040952811,0.008315822051950921,0.010591345461320166,0.01804880711099604,0.012537991119729601,10
Kalena Agrahara Govt. Lake,04/24,6,0.052942725995604976,0.09930955806400923,0.0664198938875863,0.09880789424993297,0.056785442653087395,0.06493239816377122,0.05318914190000665,0.050807893721601084,0.06208390209593077,0.04760025649273818,0.004751262098344801,0.0037266303084973135,0.0070625372025408546,0.010075238466479536,0.01965258612577123,0.019984805526417283,0.014505679446005308,0.024156297138085703,0.030067784162101808,0.02228512590546623,23
Infrastructure Corridor,04/24,6,,,,,,,,,,,,,,,,,,,,,0
Beratena Agrahara Lake,04/24,6,0.17999999970197678,0.3118000030517578,0.35819999873638153,0.3483000099658966,0.2626499980688095,0.26935000717639923,0.22709999978542328,0.23224999755620956,0.2172500044107437,0.15765000134706497,0.005499996244907379,0.006999999284744263,0.0012000054121017456,0.003600001335144043,0.013950005173683167,0.004950001835823059,0.008900001645088196,0.01224999874830246,0.0014500021934509277,0.0011500045657157898,2
Mylasandra Dodda Agrahara kere,04/24,6,0.0021849999917321838,0.016544999964535238,0.004863000001350883,0.03328100010752678,0.015272999899461865,0.01656600000336766,0.010426000095903873,0.006312000008765608,0.02889200009405613,0.02630599997937679,0.005817071799012001,0.005659224692517994,0.004948947430917749,0.004672738865926697,0.005501310819064262,0.00527944555736526,0.004886586168863743,0.00533471237081785,0.006049019473793469,0.004390690483430192,50
Arekere Govt. lake,04/24,6,,,,,,,,,,,,,,,,,,,,,0
Hulimavu Kere,04/24,6,,,,,,,,,,,,,,,,,,,,,0
Akashaya nagar Kere,04/24,6,,,,,,,,,,,,,,,,,,,,,0
Gottigere Kere,04/24,6,0.020604568108329304,0.03337339724904572,0.016041360914169297,0.038647780788961396,0.022997056069534904,0.02397671175232296,0.019225419093342196,0.014653041008652947,0.02394850247453722,0.021685932857366665,0.01168275357545064,0.007997186179267084,0.008282165279715863,0.007638500621650936,0.008023248390825096,0.00854506555555124,0.006196056470991877,0.00811315191714147,0.011423792127975054,0.008273944466307859,180
Kothanaru Kere,04/24,6,0.031089706134105867,0.04954485304872779,0.032498529536978286,0.04224338267436799,0.02210661766174085,0.024669852984302184,0.022104411796831033,0.021309558850000885,0.03804999984362546,0.031584558898911756,0.00503508691414192,0.004080721641232156,0.00403070911507978,0.008378504190237132,0.00894463319870676,0.01004372463766694,0.005759134261830193,0.010916502137001306,0.01900307398822337,0.013253773852254461,68
RBI layout kere,04/24,6,0.016912500141188502,0.04298750031739473,0.025237499736249447,0.04993750061839819,0.03148750029504299,0.03677499992772937,0.03148750029504299,0.030000000726431608,0.0630499990656972,0.04672499932348728,0.006874261697338616,0.005812956060151296,0.0037164122316552146,0.005203529524439219,0.005360313918505738,0.008805715871781012,0.003541252541304345,0.004910702505263554,0.011953712803879918,0.009954553611481027,4
Chunchanaghatta Kere,04/24,6,,,,,,,,,,,,,,,,,,,,,0
Alahalli Kere,04/24,6,0.03529889648687509,0.07577942380382964,0.044191410985444476,0.08345981752328312,0.04757547562097978,0.05029481696894085,0.04159745190460673,0.04089525109214176,0.05123262880198394,0.0419116967181531,0.006759936602627523,0.00786050661304022,0.007977530739831607,0.009702331009585808,0.012949059743756732,0.013824402635900832,0.009780948751573345,0.01551123525891252,0.019805471485049676,0.015008807915751592,93
Kembathahali kere,04/24,6,0.0804954599296766,0.1397486554517206,0.16433043691074903,0.16177034864177087,0.10821569641642774,0.11975633285338301,0.09983189557699879,0.09318363255583118,0.1009854273954114,0.08134685928887382,0.0036978763492833615,0.010224179696665569,0.01709626769583867,0.019924886162812953,0.017528974678282294,0.014199365584398034,0.010216213607503718,0.015076945235647404,0.01790482787667582,0.014137878202238377,7
Doddakallasandra  kere,04/24,6,,,,,,,,,,,,,,,,,,,,,0
Konanakunte  kere,04/24,6,,,,,,,,,,,,,,,,,,,,,0
Thalagattapura lake,04/24,6,,,,,,,,,,,,,,,,,,,,,0
Vajarahalli Govt.Katte,04/24,6,,,,,,,,,,,,,,,,,,,,,0
Harohalli kere,04/24,6,0.050761052652409204,0.09284052613534426,0.06387315800315456,0.11565684142865633,0.07532105222344398,0.08011421110284955,0.06599052603307523,0.053893684007619555,0.03646526313141773,0.02777368428283616,0.005226441619622072,0.00830117385170992,0.006995817820355099,0.011558315011554476,0.010556071955915809,0.011344650066405684,0.009444776276045173,0.010309038054285272,0.012433672629463483,0.007781160899606432,95
Puttenahalli Lake,04/24,6,0.01723750028759241,0.04335833371927341,0.020587500417605042,0.05665416643023491,0.0385500006377697,0.04161666675160328,0.032824999963243805,0.02175416665462156,0.023900000223269064,0.01941666705533862,0.0037923235909450704,0.0026810936994611447,0.004177176467031007,0.0016615071742385004,0.003444379737135027,0.0063693382830226795,0.002257348721097995,0.006227675486710113,0.004148293005722186,0.002113383113921423,12
Chellakere kere,04/24,6,,,,,,,,,,,,,,,,,,,,,0
Horamavu Agara,04/24,6,0.03940715802728666,0.0775795507114289,0.044231296842846594,0.1046862759015638,0.0594944394719468,0.06167665553290687,0.048359861735015004,0.03697674018940537,0.03444045834092511,0.0302971956731022,0.014894420845773885,0.018171436539468063,0.013761784827651995,0.019899463590307268,0.017929525462177118,0.019012191732551986,0.015352324462452317,0.017334243829889438,0.018070455975196433,0.014360932519863236,293
Horamavu kere,04/24,6,0.022114285667027746,0.09509999943631035,0.044742856972983906,0.12533571464674814,0.0819428563117981,0.08845714320029531,0.07001428598804134,0.0564785719450031,0.06707857123443059,0.05503571379397597,0.00930774341006212,0.018084562795109956,0.012780101719544282,0.01869685458960085,0.014529166836565004,0.01550933911360988,0.015373114388796832,0.013278671150370888,0.01750229331562545,0.010276158865153972,14
Kalkere Kere,04/24,6,,,,,,,,,,,,,,,,,,,,,0
Nagareshvara Nagenahalli Kere,04/24,6,0.07650184380289328,0.12888333649254916,0.1048101724630629,0.15818264428077847,0.10413680605407241,0.11085112733813156,0.08928491163848773,0.07546071714903543,0.06314231091338697,0.050705175017661946,0.005244661108199761,0.006109252463347813,0.01091141939911074,0.008515543054904342,0.013150358213229657,0.014748038139327112,0.009903589868810769,0.015681908129971438,0.02865205316460281,0.02212385263602646,31
Rampura Kere,04/24,6,,,,,,,,,,,,,,,,,,,,,0
Atturu kere,04/24,6,0.0424795732947021,0.05906829269739186,0.03928018306813589,0.05401951209755569,0.034162499998673435,0.03932621953554633,0.03208749994022272,0.031063109664700744,0.02772896352973653,0.023241768358275294,0.0071224585463133564,0.00798763164039396,0.007693370297961245,0.010910910685227242,0.01000631560405907,0.012088840976085662,0.008812166426558792,0.011275853429501916,0.008898143215001583,0.0071500602719153,164
Veerasagara kere,04/24,6,0.032468168503945224,0.08096166963721647,0.03479049974549504,0.1053862730409381,0.06427440398245289,0.06803389127189914,0.05323686794367725,0.0376020681092788,0.03681807899976022,0.03180226025892634,0.006356054142313266,0.00758650073660966,0.007119627506938287,0.00756292269379884,0.006793980732669091,0.007307588126604708,0.005841613476800453,0.007691035446142342,0.012140250832896974,0.007615586547603345,117
Dodda bettahalli,04/24,6,0.010863888918215202,0.0184583333062215,0.014066666752720872,0.014044444542378187,0.010094444422672192,0.01333333336838728,0.010361111192550097,0.01745833343658079,0.0505888888405429,0.04330833380421003,0.004495856291237791,0.005124078402537439,0.005074199427505163,0.008210408296516057,0.007637969655997744,0.009969341951615099,0.00578581978164055,0.01174400854751503,0.014194566092755986,0.0110181072400764,18
Dasarahalli kere,04/24,6,,,,,,,,,,,,,,,,,,,,,0
Doddabidarakallu lake,04/24,6,,,,,,,,,,,,,,,,,,,,,0
Allasandra Lake,04/24,6,0.06064421038402906,0.13441664182129057,0.09130634870417596,0.14371535036027897,0.0707138912390462,0.0753426033628287,0.059176387219372864,0.04662889497901435,0.044848835599197674,0.0367518007592848,0.008735374044478567,0.008171366719255134,0.009610318085143612,0.008798871370057972,0.011923080344823155,0.014242758930862262,0.011125937886678969,0.018865745693642313,0.02016268178749961,0.013183498365184792,270
Andhrahalli Lake,04/24,6,,,,,,,,,,,,,,,,,,,,,0
Handrahalli kere,04/24,6,,,,,,,,,,,,,,,,,,,,,0
Narasappanahalli kere,04/24,6,,,,,,,,,,,,,,,,,,,,,0
Valagere,04/24,6,,,,,,,,,,,,,,,,,,,,,0
Shivapura New tank,04/24,6,,,,,,,,,,,,,,,,,,,,,0
Agrahara Lake,04/24,6,0.01516120694577694,0.03269224148243666,0.01471551726090497,0.04526465514610554,0.024883620778162932,0.027157758699794268,0.02140258628361184,0.015698275958380567,0.034136207035646356,0.03038017259075724,0.0044798979787005365,0.0043325431989012925,0.003756789245725439,0.006727587295304825,0.007270366060393483,0.008056426825243046,0.004708772187729256,0.009070361934339665,0.010745234863522003,0.007040449464242456,58
Chokkanahalli lake,04/24,6,0.007549999980255961,0.019000000320374966,0.010350000113248825,0.026625000406056643,0.011000000173225999,0.015174999600276351,0.014125000219792128,0.00962500018067658,0.03392499918118119,0.028975000139325857,0.0023521267403154083,0.003592352979299022,0.0026119915080642614,0.004867430117818765,0.004060788363963473,0.003355126611396667,0.0027095892661487798,0.0034585942835874206,0.0025272264922930844,0.002545952396816038,4
Jakkuru lake,04/24,6,0.026961052780480763,0.047598421054058954,0.023691578954458236,0.07689842067560868,0.046173684281836214,0.04679684216573246,0.03521578964213595,0.02268368416913099,0.023892105282529403,0.021732631659037188,0.00939391515613911,0.015436887473753108,0.00792685198762478,0.02889682847226462,0.018823544696673262,0.018464775592888314,0.01423551220122166,0.009096035624279537,0.008264573522738435,0.007220244740994009,95
palanahalli,04/24,6,,,,,,,,,,,,,,,,,,,,,0
Kattigenahalli lake,04/24,6,0.026936363513496788,0.07891818169843066,0.03786363672803749,0.1340954557738521,0.07108181816610423,0.08079090951518579,0.059254545379768715,0.043104545382613484,0.04837727275761691,0.04006818224760619,0.0017405708345518734,0.001610656806337061,0.0017584975497938313,0.005228371666420112,0.005898662347216933,0.006589103253265837,0.0028104877639195253,0.007037979741648501,0.00943787955986214,0.004426817809423812,22
Kogilu kere,04/24,6,0.006495979891554101,0.012357035232941859,0.006867839193413848,0.020901256322804557,0.007235175895740994,0.007086180908415039,0.005024623137400175,0.004915577888704635,0.026636432149639382,0.022434422170659107,0.00524955455327989,0.005318555738883149,0.004519529986426192,0.005176858094041752,0.005756939793994388,0.006800620523524135,0.005165472642035192,0.006144817111361175,0.007411212542204553,0.005093582295904674,199
Venkateshapura lake,04/24,6,0.057265321372021144,0.10797311739146655,0.07189982008874579,0.13660652827427588,0.09667674405458075,0.1015004530238327,0.08386641002495723,0.06907207543808876,0.0685795104690065,0.05660770621052787,0.02031241361280939,0.02094605433482193,0.019241473076950205,0.007700309001533824,0.010312307337599752,0.01452016368974392,0.01055595270222104,0.017712220397842735,0.019426612579007702,0.01563985946952273,13
Bellihalli kere,04/24,6,,,,,,,,,,,,,,,,,,,,,0
B. Channasandra lake,04/24,6,0.03007101528507928,0.06393727429307973,0.03695930696920018,0.05839745337162837,0.02633659080008421,0.029123933179829215,0.0219194161669711,0.02250017719578372,0.040070450398842924,0.03439663783239261,0.0064796394164048955,0.004700898112690963,0.00741312430924166,0.00864460284033496,0.01416861461255433,0.016043776947290655,0.012413812299440137,0.018641134379748032,0.018923159186332708,0.01412243623170779,105
Byappanahalli kere,04/24,6,0.015420000068843365,0.04164000004529953,0.02850000001490116,0.05497999936342239,0.027039999887347222,0.031599999964237215,0.029159999638795852,0.026339999958872796,0.050780000537633894,0.03376000002026558,0.0015484189226478554,4.5431320788378535E-4,0.003157213837333405,0.0028038545470830483,0.005302678249480007,0.009335309574229041,0.002053874341174937,0.01018579462867741,0.006119933834941622,0.0043310961725296785,5
Kowdenahalli Kere,04/24,6,,,,,,,,,,,,,,,,,,,,,0
Krishnarajapuram kere,04/24,6,,,,,,,,,,,,,,,,,,,,,0
Basavanapura kere,04/24,6,0.022928915274887173,0.047419474149663875,0.02877171792727506,0.047781911809981766,0.028009820463342053,0.03275217000849883,0.028279509993289917,0.027874865183119105,0.052240687530112705,0.043584271223699005,0.010290304413178603,0.008324299229954157,0.008223385094448697,0.010030416736150736,0.010960824753784213,0.012447736282879289,0.008936961634370561,0.01241570823058581,0.0160532682781481,0.01090587959728331,61
Shegehalli kere,04/24,6,0.024050000434120495,0.05178333322207133,0.043183332309126854,0.07179999972383182,0.04156666652609905,0.05306666654845079,0.04044999989370505,0.03203333324442307,0.046416666358709335,0.03930000029504299,0.008690752091496418,0.005926048157962758,0.004858812257023261,0.009884500352613668,0.012877844856244922,0.007396996499191767,0.004813435260824965,0.014515585378206814,0.005216772719371534,0.004332820745589484,6
Mangamanapalya Kere,04/24,6,0.02968611136182315,0.04502222210996681,0.028013889212161303,0.05500277773373657,0.035244444630936615,0.0378611107977728,0.03363333357911971,0.029091666504326794,0.04000277796553241,0.033055555489328176,0.017351111503312543,0.013383512228555801,0.012303712453449203,0.010443956983175448,0.014076121109441918,0.011071642341136818,0.009977460564500917,0.012935182735490398,0.00692566618175903,0.006127735338004583,18
Hoodi kere-2,04/24,6,,,,,,,,,,,,,,,,,,,,,0
Jimkenahalli Kere,04/24,6,0.05447499998486959,0.1195749992934557,0.08526730738007106,0.13639230796924004,0.07926538457664159,0.0864230775489257,0.0698019228875637,0.05831730759774263,0.07080769180678405,0.05571730778767513,0.009768141555395933,0.00791804550804429,0.01321349823902775,0.013338691519041873,0.01975086562982833,0.019973021407954077,0.017120823972572627,0.02348485574736306,0.02855088464381687,0.020473880797748846,26
Kodigehalli lake,04/24,6,0.05405431827504016,0.08719948943968382,0.053418695905104265,0.06405069131083638,0.03487225024762021,0.03694662028346239,0.029548691166930395,0.030106111076079543,0.04439683032033432,0.037379888860454,0.0118289237901058,0.00888565372241729,0.010503613643213552,0.016827263772427107,0.020713278550479976,0.022110475346456045,0.01673789769272325,0.021220517560961254,0.024485961708153724,0.01792307624465846,327
Gangashetti kere/ Devasandra kere,04/24,6,0.09119821419673306,0.15643750024693354,0.12986607157758304,0.16936785568084037,0.10736428520509175,0.11528928577899933,0.09525000011282307,0.08312142813312155,0.06574464323265213,0.04745178583211133,0.0063818299580276445,0.009070701365056142,0.010859443450915128,0.01454189327139498,0.017813952754941045,0.019855741065290845,0.014387257771233354,0.02394175768427357,0.03345223240754808,0.023371424803743872,28
Vijinapura kere2,04/24,6,,,,,,,,,,,,,,,,,,,,,0
B.Narayanapura kere,04/24,6,,,,,,,,,,,,,,,,,,,,,0
Melinakere,04/24,6,0.0,0.010783222345226056,8.432756330149519E-4,0.028073103339491926,0.0097556591738318,0.011425033052973994,0.007032489963991941,0.007574700414340758,0.02943022602973146,0.02139067874549232,0.0,6.377040086263708E-4,4.988876545235487E-4,0.003597530532906492,0.00370435199728495,0.0019258477333772154,0.0017556258453490367,0.0054950482855982054,0.006002406620346978,3.559028760813176E-4,3
Kelaginakere,04/24,6,0.025220982809756567,0.06909701028454754,0.02583593684186516,0.07150620393966585,0.041462734055830175,0.04362890963136574,0.033847614500357164,0.03015128920434513,0.04765055495063442,0.0373691568700856,0.0029409626215190945,0.0035756427290465354,0.0062897120096472,0.011203990613256769,0.015686920378341768,0.018404941335592395,0.00932808639149951,0.019618151721386996,0.022661557340514383,0.017234914800978596,44
Rachenahalli kere,04/24,6,0.0331723403502652,0.07248510658106905,0.03669574488192163,0.11701276533781214,0.07280851060405691,0.07714042558949044,0.05666595729107552,0.040059574463583054,0.03769787238474856,0.033729787222406965,0.003970192434869986,0.003703705548159309,0.013881488852278245,0.008675414519989304,0.005535219027773634,0.004645274767412541,0.00265804869917661,0.011107724720856648,0.020773095221768113,0.014840469446399378,47
Amruthahalli Lake,04/24,6,,,,,,,,,,,,,,,,,,,,,0
Nagawara Lake,04/24,6,,,,,,,,,,,,,,,,,,,,,0
Herohalli Lake,04/24,6,0.06426818228580734,0.10645454580133612,0.05460909076712348,0.12660000066865573,0.105022728104483,0.10823636400428685,0.08588181842457164,0.06455454585904424,0.02322272736240517,0.022409090856936844,0.0029371270663753786,0.002986138106427859,0.003211897071557435,0.005602516376376513,0.00393665021533278,0.00338976391677088,0.0026816947132618394,0.003922398440295537,0.009530617572008009,0.004858535887436059,22
Hebbal  kere,04/24,6,0.02974939667729391,0.04993464884867311,0.029433384239267456,0.05712685791427844,0.028487548441768876,0.029617447905087423,0.023187161768205466,0.01928280825543423,0.022055863649902807,0.01879406040785031,0.0076759143127094155,0.007452337581036249,0.0059757971112412295,0.004983666452200479,0.007256413078285728,0.008248358822918155,0.006361638842201709,0.008933693119195127,0.00901241961909416,0.006130496288520532,852
Mahadevapura kere,04/24,6,0.03641057878327445,0.08420538129724983,0.04152799975578822,0.10564462025708364,0.060524524892724925,0.06493925189971334,0.051764584432141,0.03989839319307305,0.03482908993033233,0.029373646713661772,0.010426967428785464,0.009547179307925945,0.008615170720859624,0.009587323196858944,0.010265601831481732,0.011773041144717339,0.007890543691044355,0.013645765757474266,0.014888981377571558,0.009638345634297362,139
Vibhutipura kere,04/24,6,,,,,,,,,,,,,,,,,,,,,0
Rajapalya Hoodikere,04/24,6,,,,,,,,,,,,,,,,,,,,,0
Achanakere,04/24,6,0.039320827148295656,0.07599317041692105,0.05030202153744961,0.07787445601743359,0.05121217476714625,0.057980244846338506,0.04814277221241917,0.04399320126481206,0.05178431795644722,0.04230349174890364,0.010694984879459149,0.00920393263592662,0.009318332745864485,0.009696651958014897,0.014463626651923503,0.013982556100247616,0.011620834610013422,0.014641030617163608,0.0173349779553411,0.012549785360823249,13
"Yekkalagatta kere,Mahadevepura Kere",04/24,6,0.0346001034106074,0.08741188013141067,0.05355170550024953,0.09820914287735855,0.052357541222109893,0.05980924658538882,0.043046849529636055,0.04505692125482808,0.07218522697009824,0.056773191879788215,0.008012019299950568,0.005736112620605733,0.009817509384759903,0.01677696275641248,0.021693541226034434,0.020131559902924617,0.01308358147312575,0.022830132501864917,0.03155995225250501,0.02427804410363622,19
Pattaduru Agrahara kere-2,04/24,6,0.02246666658255789,0.03161111153248283,0.020377778137723606,0.02853888925164938,0.024944444600906637,0.0271555557847023,0.024155555706885126,0.026861110844442412,0.030772222205996513,0.023727777517504163,0.014023313655620095,0.014011499411187862,0.012202893972244081,0.010173543810333682,0.015207042363688014,0.01562848956430299,0.01099619738609073,0.015648300810070598,0.007594958014918876,0.00621074866412799,9
Nallurahallikere,04/24,6,,,,,,,,,,,,,,,,,,,,,0
Thubarahalli lake,04/24,6,0.03652874861864978,0.0778682913394632,0.04844596465883206,0.08318725417991844,0.04680421091258364,0.05082285506222259,0.040063232769337896,0.03879224488434517,0.05248886880832255,0.04044151361810082,0.009353778764306575,0.009937510544149356,0.012675880794031803,0.013855454486797264,0.018417006729640622,0.02029690480787432,0.015934022071522246,0.022434366167665268,0.029063497279627787,0.020957675568327935,110
Sheelavantana kere,04/24,6,,,,,,,,,,,,,,,,,,,,,0
Doddanekundi Kunte,04/24,6,0.003433333399395148,0.03536666681369146,0.005166666582226753,0.05920000125964483,0.0354000007112821,0.03876666724681854,0.027333333467443783,0.013366666622459888,0.014600000033775965,0.01770000035564105,0.0012256517658361863,9.392660071758624E-4,6.599663055754539E-4,0.001392838779646828,0.001042433424782714,0.0017211108830561758,2.0548011770919376E-4,0.0013274873683015974,0.0021416506425898877,7.874003171905999E-4,3
Chinnappanahalli  kere1,04/24,6,0.026563293200109136,0.058456250326944334,0.034532582441694694,0.07469828656832049,0.04450586927359744,0.04986161144620498,0.03980577422476132,0.03320637717015738,0.03603118633482662,0.029638356418079378,0.007034181522344969,0.006865282130546818,0.005954565783149147,0.006992052833286289,0.007744156029543479,0.012102593121323257,0.007512097434388574,0.009574175829789026,0.00995699761208873,0.006680143097443793,31
Doddanekundi kere,04/24,6,0.05246153867875154,0.09393173040678868,0.06129134618318998,0.10359903854819444,0.06274807668076111,0.06786057646744527,0.05665673093440441,0.04623076935800222,0.03688461548433854,0.027994230783616122,0.0071244204541144026,0.005938361785969745,0.004564923708187593,0.007218248719521632,0.007880092226373881,0.010679263062079693,0.006383866413303335,0.010874207255801713,0.0181803590468348,0.012794851845498728,52
Kundalahalli kere,04/24,6,0.03570089750299839,0.0908009408991191,0.038185063994167635,0.111796216676443,0.07642076075886572,0.08038352638963525,0.061765214857213875,0.04603317873749654,0.031776363115973684,0.0258283009326043,0.0068277436899387145,0.0048001602616945475,0.004314180072814175,0.007058127166044661,0.00653474281762363,0.008056744588230247,0.00492174715384151,0.008691598968902809,0.012181450074003935,0.007017864482097642,139
Acchanakere,04/24,6,0.03867408085761225,0.11175833654884694,0.04774632590308352,0.12921306586816902,0.09321578428168062,0.09637604043942637,0.0754900073292722,0.05443900926478185,0.032540781846528206,0.027282948767118,0.006112744809657636,0.005697126620700416,0.006449142539859932,0.006543460114616642,0.009191084524446926,0.00898433464900605,0.007045294655810018,0.01152119499283965,0.013889068803713477,0.007813971619090877,75
Varthur lake,04/24,6,0.006141666698871025,0.0115104167307436,0.007515104140869274,0.012136458321265309,0.0043578125034855475,0.006017708334184135,0.0045395833330985624,0.005829166683724907,0.01861666680391257,0.015522916752767438,0.008406962309363811,0.01193542086628319,0.01029785096141624,0.011338964223802738,0.0083440732479798,0.009960317113201118,0.0077366481162216795,0.009772366699844694,0.007232819745798303,0.00425456812895319,96
Narasipura Lake-1,04/24,6,,,,,,,,,,,,,,,,,,,,,0
Narasipura Lake-2,04/24,6,,,,,,,,,,,,,,,,,,,,,0
Ulsoor Lake,04/24,6,0.06010791929690687,0.11904598071315114,0.06486652049127764,0.12120919813337516,0.062270530373410495,0.06476889655161666,0.05054993103364494,0.0374843878001882,0.025426644223534994,0.021393100252117818,0.006822282920126731,0.01035739932017295,0.005906136686049612,0.00898710703464329,0.010872662414744534,0.012931546370860367,0.009942162523598669,0.014838489519612258,0.014727506502213541,0.010513393257973467,799
Gunduru Lake,05/24,3,,,,,,,,,,,,,,,,,,,,,0
Doddebele,05/24,3,,,,,,,,,,,,,,,,,,,,,0
Somapura,05/24,3,,,,,,,,,,,,,,,,,,,,,0
Mailasandra,05/24,3,0.04595618835542432,0.07068565641557303,0.05400196375043547,0.07703182669191791,0.06764223889131209,0.07209450091383547,0.05450333814431268,0.06924911613314465,0.08280707402465853,0.06401159109324508,0.015874999575316906,0.018149999901652336,0.013724999502301216,0.016199998557567596,0.008774997666478157,0.009925000369548798,0.014424998313188553,0.012275001034140587,0.0091249980032444,0.006825000047683716,2
Kengeri 1,05/24,3,,,,,,,,,,,,,,,,,,,,,0
Kengeri 2,05/24,3,,,,,,,,,,,,,,,,,,,,,0
Chenvinayanahalli,05/24,3,,,,,,,,,,,,,,,,,,,,,0
Annamma kere,05/24,3,0.0017500000540167093,0.047599999234080315,0.0170499999076128,0.08424999937415123,0.03974999859929085,0.047050001099705696,0.03454999998211861,0.022849999368190765,0.06324999965727329,0.06180000118911266,6.500000599771738E-4,6.000008434057236E-4,0.0016499999910593033,0.0014499984681606293,0.0070500001311302185,0.0029499996453523636,5.000084638595581E-5,0.005049999803304672,0.009749999269843102,0.004000002518296242,2
Deevatigeramnahalli kere,05/24,3,,,,,,,,,,,,,,,,,,,,,0
Devarakere,05/24,3,,,,,,,,,,,,,,,,,,,,,0
Doraikere,05/24,3,,,,,,,,,,,,,,,,,,,,,0
Goudanakere,05/24,3,,,,,,,,,,,,,,,,,,,,,0
Gubbalal kere,05/24,3,,,,,,,,,,,,,,,,,,,,,0
Halagevaderahalli kere-2,05/24,3,,,,,,,,,,,,,,,,,,,,,0
Herohalli Thotadakere,05/24,3,,,,,,,,,,,,,,,,,,,,,0
Hosakerehalli Kere,05/24,3,,,,,,,,,,,,,,,,,,,,,0
Kempambudhi lake,05/24,3,,,,,,,,,,,,,,,,,,,,,0
Laggeri Lake,05/24,3,,,,,,,,,,,,,,,,,,,,,0
Mallathahalli Lake,05/24,3,,,,,,,,,,,,,,,,,,,,,0
Moge kere,05/24,3,,,,,,,,,,,,,,,,,,,,,0
Muppatu Kavalu Hosa Kere,05/24,3,,,,,,,,,,,,,,,,,,,,,0
Nayandanahalli kere,05/24,3,0.017379958070339773,0.043414159034655175,0.02231154727118171,0.06450140409251938,0.03426068302436371,0.03790947916150545,0.03293636252152119,0.030078295716055116,0.0558432438829619,0.048706060997814354,0.02328703145515327,0.029629981372463397,0.0223744157868596,0.03160305467844227,0.028743342078573642,0.031240898071547372,0.024252356230878,0.02356755401225662,0.007375244195112715,0.004387981649984086,44
Sankey Tank,05/24,3,0.03143388989776371,0.04914393561640252,0.03558287762465445,0.04397590082363939,0.025896182275777457,0.02878596548354544,0.024462955921966227,0.026951099234214022,0.048394442438583145,0.04121743480948594,0.010295544030247891,0.00768360753116288,0.006926763352471662,0.009368610576925411,0.010024854025930443,0.010365589156949637,0.007189104880996937,0.01045392985539046,0.01383626963668306,0.011509062652063983,251
Subramhanyapura kere,05/24,3,0.005166666601629307,0.050250000630815826,0.017716666993995506,0.07661666596929233,0.029999999639888603,0.03493333328515291,0.030249999836087227,0.00809999997727573,0.055849999810258545,0.052350000167886414,0.0029141416647624095,0.002296918438849069,0.0018924555150442645,0.006408435748429989,0.005566566544198006,0.007044067731389118,0.0022596085901630267,0.004717343826508221,0.009770320828228544,0.009322866235893222,6
Ullalu lake-2,05/24,3,0.07640000113419124,0.09938571495669228,0.08641428660069193,0.10930714277284485,0.08659999977265086,0.09221428632736206,0.07992142864636012,0.08083571387188775,0.07017142804605621,0.054178571328520775,0.001042661674693155,8.927144568064445E-4,0.0010077250214977325,0.0020341597423706014,0.0026191601103713207,0.0026930738691285433,0.0011027099469130173,0.0030134476097831136,0.002430587817609918,0.0022223474510552786,14
Valagerehalli kere,05/24,3,0.07965888181604237,0.10387573174398268,0.09258295907385679,0.10420391837842749,0.08568748570737751,0.09355599037274157,0.08238246517462075,0.08426093511331575,0.07611848617708696,0.05908341577844096,0.0011688914476875622,9.774780409810442E-4,0.0012767757472160247,0.0015249505607853,0.002275690977836535,0.002543879049091898,0.0014891214239330203,0.0026548524779999973,0.002217004790899802,0.002313179875962162,31
Yediyur kere,05/24,3,,,,,,,,,,,,,,,,,,,,,0
Bhimmanakuppe Govt lake,05/24,3,,,,,,,,,,,,,,,,,,,,,0
Srigandhakavalu Karabu Katte,05/24,3,,,,,,,,,,,,,,,,,,,,,0
Janaradhan kere,05/24,3,,,,,,,,,,,,,,,,,,,,,0
Konashetty kere,05/24,3,,,,,,,,,,,,,,,,,,,,,0
Nagarabhavi (Un-named Lake on map),05/24,3,,,,,,,,,,,,,,,,,,,,,0
Sompura Govt.lake,05/24,3,,,,,,,,,,,,,,,,,,,,,0
Lakshmipura Lake,05/24,3,,,,,,,,,,,,,,,,,,,,,0
Amrutnagar Lake,05/24,3,0.058039130319071854,0.08597608720478804,0.06776956549805144,0.08962608711875003,0.06175217404961586,0.06704130436739196,0.059989130448388016,0.06046956502225088,0.07180217402460783,0.062856521781372,0.0020927905508967785,0.0017813266934056766,0.0023759546322198472,0.0033232658264745482,0.0065112862285648075,0.008144632106103765,0.004186221250175373,0.008584968279313177,0.011017150403949419,0.007941926242122383,46
Hoysalanagara Lake,05/24,3,,,,,,,,,,,,,,,,,,,,,0
Basavanagar Lake,05/24,3,,,,,,,,,,,,,,,,,,,,,0
Ajjegowdana katte,05/24,3,0.0,0.008449999615550041,0.00494999997317791,0.024650000035762787,0.007250000024214387,0.0038499999791383743,0.006600000197067857,0.005800000159069896,0.05895000137388706,0.04945000074803829,0.0,5.499999970197678E-4,4.9999915063381195E-5,0.002749999985098839,0.00534999999217689,0.0038499999791383743,6.99999975040555E-4,9.999999310821295E-4,0.00494999997317791,0.0032500009983778,2
Kodigehalli kere,05/24,3,,,,,,,,,,,,,,,,,,,,,0
Kommaghatta Govt. Lake,05/24,3,0.021819354913708185,0.05601612899091936,0.0220403223478746,0.07951774177772383,0.04457258042548933,0.04932419327838767,0.03843548395220311,0.028104839125467886,0.04907903231440052,0.047237096714877316,0.021624193804451727,0.018141435467809264,0.020125192070157547,0.015490584736297844,0.019753343322905695,0.019842546825463745,0.016995246570474097,0.021679963464668755,0.014480901474534588,0.008493246334596078,62
Manganahalli Lake,05/24,3,0.003139712157007728,0.016106520716393537,0.005197277958500308,0.00781237828685267,0.0025838049645576042,0.002936059772802586,0.002384361484210156,0.00338306257353743,0.04283430229555942,0.04377166451891098,0.009549853821172157,0.01120378325917316,0.010122522573925232,0.011313506169277985,0.008485265120581075,0.009180136140458057,0.00814486987781138,0.009740064895655673,0.010552036596554931,0.00758860860572092,791
Bhattarahalli kere,05/24,3,0.0448852890273832,0.09455854453682398,0.059301813655074476,0.08582975172777944,0.04731692234513959,0.05462504634347302,0.04495703784131534,0.04612724685860201,0.07202994876061743,0.05970229338418446,0.007489111242760901,0.006719123304806774,0.010576153987844061,0.01477005405190472,0.018557074475034973,0.021842056631584873,0.014454212810735565,0.021272334405517904,0.026611258454445362,0.02010147519007101,72
Thirumenahalli lake,05/24,3,0.026733333037959203,0.061855555408530764,0.03923333312074343,0.07631110896666844,0.0488888890379005,0.05571111167470614,0.04607777794202169,0.04870555570556058,0.06905555642313427,0.05148888876040777,0.008181992331295402,0.006190200997256689,0.0061897313218523655,0.004911538331376919,0.0069280742455753224,0.008243711544967012,0.005879347245024735,0.009969967215664769,0.009212655323296955,0.005668077076667818,9
Avalahali kere,05/24,3,0.020407167999945068,0.04323235151412569,0.026338914817688963,0.07441299991429658,0.03437935067029865,0.03675264065756631,0.025623158382105177,0.017743878334724798,0.030475904733970292,0.028651158429691192,0.014929746625183236,0.012012092155378679,0.010913683012180589,0.011484618192380315,0.013754263267761859,0.013972223861249352,0.012295233854816928,0.012345254396721952,0.007811901473805764,0.006080989686281709,985
Begur Lake,05/24,3,,,,,,,,,,,,,,,,,,,,,0
meenakshi lake,05/24,3,,,,,,,,,,,,,,,,,,,,,0
Kannuru kere,05/24,3,0.02722630122156717,0.06375418012859942,0.04239959575880502,0.07700211871559913,0.03852589636115273,0.04148414141260529,0.03326259389851226,0.03154769779556632,0.049790058935296234,0.04391084155286565,0.005868685159846193,0.005808202264782042,0.006342643080161017,0.007217489967119701,0.008758679730314741,0.009403087789808622,0.007588407072082314,0.011205662563292956,0.015313065801428436,0.010206269326983958,373
Kannuru kere,05/24,3,0.02722630122156717,0.06375418012859942,0.04239959575880502,0.07700211871559913,0.03852589636115273,0.04148414141260529,0.03326259389851226,0.03154769779556632,0.049790058935296234,0.04391084155286565,0.005868685159846193,0.005808202264782042,0.006342643080161017,0.007217489967119701,0.008758679730314741,0.009403087789808622,0.007588407072082314,0.011205662563292956,0.015313065801428436,0.010206269326983958,373
Doddagubbi kere,05/24,3,0.05459989364937221,0.09116382175606522,0.0741098583637964,0.1018960484837683,0.05696709991905265,0.06101413485228276,0.04993747182683309,0.04746204969367014,0.06536135838861587,0.05440967517073734,0.007227951231899776,0.011205914281078684,0.010000263711936214,0.014385104368361332,0.011595088761536324,0.0131740438784169,0.009423982657921966,0.01437632389174569,0.01932000634051852,0.011994665928805923,166
Suggata kere,05/24,3,,,,,,,,,,,,,,,,,,,,,0
Yelahanka Lake,05/24,3,0.03636154790825274,0.048089634551108706,0.03491627876931417,0.048366010967939806,0.02723107561543683,0.028471063006863168,0.0230122441055322,0.022879875574960105,0.03461257186404821,0.03167701515728089,0.009191374117895786,0.00782216716357349,0.006736959368718177,0.006539260023584465,0.008137701113581114,0.008552840561423976,0.007434967752820284,0.007992006435948584,0.0067781197504869104,0.004387099192574287,2199
Dodda Bommasandra Lake,05/24,3,0.06123607592727942,0.11940981018580968,0.08043765804812877,0.16236582280525677,0.11416487327387816,0.11870000006843216,0.09481708863396433,0.07349145583384022,0.034606645567507685,0.03236202538437859,0.018314354979656444,0.01868560021993934,0.019106023202675675,0.02154706369165975,0.01633102259240126,0.020498400034791277,0.01497785038952766,0.013261474780405886,0.007376491639235669,0.0028040061856845376,158
Singapura lake,05/24,3,,,,,,,,,,,,,,,,,,,,,0
Chellaghatta kere,05/24,3,0.003000000026077032,0.05050000175833702,0.020600000396370888,0.08320000022649765,0.04569999873638153,0.03229999914765358,0.03880000114440918,0.015799999237060547,0.0697999969124794,0.052000001072883606,0.0,0.0,0.0,0.0,0.0,0.0,0.0,0.0,0.0,0.0,1
Bellandur Amanikere,05/24,3,0.05246359135659983,0.07766411771623943,0.08130976907772768,0.08269847726238014,0.04248254869770096,0.04793236638519499,0.03926230204005848,0.03611002712824307,0.05182105106316999,0.04259702599681034,0.009124564109432865,0.011979135207710764,0.012515910621948855,0.017813008420560276,0.01923759109164056,0.02036330567038906,0.01802962076735385,0.02294043428102176,0.018899233089468517,0.011462215095939204,406
Abbigere Kere,05/24,3,,,,,,,,,,,,,,,,,,,,,0
Kammagondanahalli lake,05/24,3,,,,,,,,,,,,,,,,,,,,,0
Mallasandra Lake-2,05/24,3,,,,,,,,,,,,,,,,,,,,,0
Chikkabanavara kere,05/24,3,,,,,,,,,,,,,,,,,,,,,0
Mallasandra Gudde lake,05/24,3,,,,,,,,,,,,,,,,,,,,,0
Bagalagunte Govt.Lake,05/24,3,,,,,,,,,,,,,,,,,,,,,0
Lalbagh kere,05/24,3,0.02111915518224792,0.054990805634111115,0.029104256512662918,0.0713103375391286,0.03667825112461789,0.04232668891043809,0.0358566802602707,0.03234291474000638,0.052121549451724605,0.044502121009380384,0.021817050353624558,0.021283381858976828,0.017966197688172113,0.01847026073773944,0.02097739319011605,0.021675329439563122,0.018995713008021324,0.01998921598073823,0.009939902398237978,0.006353267389915765,195
Chikkabellanduru kere,05/24,3,0.060140964092619445,0.08076024073434163,0.062402409692126584,0.09226506023880947,0.06700963881540012,0.07161084320171769,0.05851325329886862,0.055337349334395075,0.056949397616357686,0.04521445808819977,0.003863079504183258,0.0030435769122992193,0.003148722513489321,0.0037818026796386807,0.004737433912730373,0.005261430246004852,0.005880758662016001,0.005480209717610711,0.00948610110273079,0.006869508742502627,83
Carmelarm,05/24,3,0.14350000023841858,0.21369999647140503,0.21539999544620514,0.21539999544620514,0.17880000174045563,0.19740000367164612,0.16120000183582306,0.17649999260902405,0.23309999704360962,0.16979999840259552,0.0,0.0,0.0,0.0,0.0,0.0,0.0,0.0,0.0,0.0,1
Gunjuruplaya kere,05/24,3,,,,,,,,,,,,,,,,,,,,,0
Govt. Dinnekere,05/24,3,,,,,,,,,,,,,,,,,,,,,0
Panattur Govt.kere,05/24,3,0.08172369859492999,0.12295468337566573,0.09448788690721568,0.10808539488787208,0.0760317125581861,0.08516728646399553,0.06917826531337062,0.07741783111291194,0.09418620063892313,0.07917101487216027,0.023734291775497667,0.016639320593208374,0.020229456706319086,0.015218585331838464,0.019223235659538828,0.022464317217011226,0.017284357479712572,0.0216255087086148,0.021335127521611173,0.013873173388349567,61
Gramadakere,05/24,3,,,,,,,,,,,,,,,,,,,,,0
Ambalipura Kelagina kere,05/24,3,,,,,,,,,,,,,,,,,,,,,0
Melinakere,05/24,3,,,,,,,,,,,,,,,,,,,,,0
Sowl kere,05/24,3,,,,,,,,,,,,,,,,,,,,,0
Bhoganahalli kere,05/24,3,,,,,,,,,,,,,,,,,,,,,0
Devarabisanahalli kere,05/24,3,0.10751586997999162,0.1552265790232441,0.11808021661884291,0.1342982704762981,0.1023307404160642,0.11128526298584361,0.0989411702113845,0.09884300566165526,0.08998786384730663,0.07245217346296294,0.012358295204163951,0.007074722876738691,0.011289602668252793,0.011764720350421233,0.013444217570207478,0.013847593429863017,0.009739407665986414,0.014977134232600641,0.009840754224359585,0.007596853344848374,60
Doddakanneli Gramadakere,05/24,3,0.0179257895993559,0.04865736861370112,0.01988736850777825,0.07250684237009601,0.03755210508641444,0.04388684214730012,0.03190842102232732,0.028425789345055817,0.055709473671097506,0.04951789481075187,0.017689836454804733,0.015785556417457984,0.01688231708488294,0.012488644371796908,0.017282301345757575,0.017363943610600004,0.013972223460778673,0.018080186544238125,0.01097879100032809,0.006938731393275121,95
Lakedew Appartment lake,05/24,3,0.055609270350762414,0.14617243068278316,0.07339857594953243,0.18017613146510825,0.1210384620435237,0.12792812165369322,0.10244156320905072,0.08149566352142007,0.053512170183655845,0.045239342795572714,0.005850605750418737,0.004941720477705173,0.00451897219392757,0.006108500807782891,0.005388292352783054,0.007444572771785116,0.004192448351099977,0.008517356933338565,0.01305525507694694,0.007816819979680402,153
Kaikondanahalli kere,05/24,3,0.00627967176308646,0.020691592125120842,0.010325612344402001,0.030588754055860347,0.007302236085089546,0.011091991204124357,0.007971267369256867,0.0077995527458521955,0.04438547208803719,0.040580662680210294,0.015544638284168985,0.015776454947371434,0.014127625577464015,0.014009683643169988,0.015262504878830963,0.016042452537135737,0.013562390910467617,0.014620530427874315,0.008003350978562578,0.006113653364865672,171
Kasavanahalli kere,05/24,3,0.07808344435014673,0.10720512101235478,0.07902000394452367,0.09076904679211283,0.06540341627957814,0.07111822242460707,0.059629299095706315,0.06291488010186272,0.061739601969521725,0.050271521040510234,0.009525452081867274,0.007032436098370881,0.006946366104965709,0.007060813382238572,0.008752135978744477,0.010359908537655907,0.009666540163773673,0.011025356149846403,0.011456017718525209,0.006346299453795261,238
Mestripalya lake,05/24,3,,,,,,,,,,,,,,,,,,,,,0
Tavarekere lake,05/24,3,,,,,,,,,,,,,,,,,,,,,0
Byrasandra Kere,05/24,3,,,,,,,,,,,,,,,,,,,,,0
J P Park Kere,05/24,3,0.14997692176928887,0.2459153808080233,0.2594076910844216,0.2658307666961963,0.19082307815551758,0.20680769246358138,0.17715384639226472,0.16532307748611158,0.09776923060417175,0.07272307746685468,0.006004251253276886,0.012507216301741592,0.013731798178727729,0.01704854638523911,0.012744841425714545,0.014423350219738578,0.009607178849651675,0.017005617082136926,0.017774413652639393,0.013969150776745364,13
Agara kere,05/24,3,0.006369966929974552,0.012830922229828925,0.007664979750468022,0.02893271240622524,0.007189143073243585,0.008314824404886678,0.007115470779311714,0.0074585224448007,0.042533032627280976,0.03863201090677581,0.016566406332052946,0.01806090505798975,0.01572315134472499,0.015633033464914146,0.01631731900774615,0.017391672248147166,0.014978862128038948,0.01549491625569068,0.008034242826442967,0.005832458718450371,216
Ibbalur Govt. Lake,05/24,3,0.0059899088431256756,0.02507659423242688,0.014418710570080177,0.025650700662590526,0.009096916546257371,0.012656341940827,0.01183013316993122,0.013928311081298385,0.05736384000929402,0.04762263507559405,0.012845731912463071,0.011258040793991213,0.011237057780837082,0.011753011065054594,0.014064861489555982,0.014363796273219537,0.010852889882773692,0.01341555600448985,0.010204554176876787,0.006657463906877375,28
sarraki kere,05/24,3,0.09142996003098049,0.11882160957268458,0.0895627543159299,0.10078722273855768,0.07684788891787248,0.08332844220086856,0.0738960734205407,0.07536026750508393,0.07372070249315027,0.06135932114525143,0.009321981247058663,0.007887348746396147,0.009669551119035079,0.011152327606191033,0.013470989429775274,0.015249003521156691,0.013307163447988827,0.014258072524528698,0.010799840425047292,0.007821927340490802,378
Puttenahalli Kere,05/24,3,0.07610666702191035,0.10442666709423065,0.0750133325656255,0.1089666669567426,0.08810666650533676,0.09950000047683716,0.08236000041166941,0.08204666674137115,0.08017999976873398,0.0696600005030632,0.0014387330898749321,0.0012315118327511172,0.0021058226473417672,0.002894054466720604,0.004634862437943235,0.004317251856542329,0.0019468964018903158,0.005224413423574388,0.007321856402580278,0.005138326505641697,15
Madivala Kere,05/24,3,0.0,0.019300000742077827,0.004800000227987766,0.03620000183582306,0.015599999576807022,0.020400000736117363,0.013299999758601189,0.0024999999441206455,0.03060000017285347,0.03550000116229057,0.0,0.0,0.0,0.0,0.0,0.0,0.0,0.0,0.0,0.0,2
Somasundrapalya lake,05/24,3,0.030883008856918266,0.0830817140489893,0.05173763481643278,0.09523284237455674,0.048245322691522034,0.05586273703095945,0.04491694029926612,0.0443743465822486,0.06710366494113484,0.05638413623964432,0.0077334789121244665,0.005251893143132971,0.005669714326108587,0.00770198803877971,0.011982228622524425,0.01432394207518373,0.007632898564958762,0.01572519442410767,0.018432827401735987,0.013963580153629626,46
singasandra,05/24,3,,,,,,,,,,,,,,,,,,,,,0
Kodagi Singasandra kere,05/24,3,,,,,,,,,,,,,,,,,,,,,0
doddakodlu,05/24,3,0.08422653028341351,0.1485410852833222,0.0865860985112578,0.15235104105669098,0.09367212407506678,0.09940895284827098,0.08465497701725745,0.074507563095721,0.06816900344131721,0.057065467846190515,0.007443572022079451,0.006487979148942881,0.007169251099962418,0.007357869253356306,0.011294059619889378,0.01210163302084615,0.009792134814189956,0.013927909345435124,0.013704502955892836,0.00926519243283821,244
Karabu Kere/Konappana agrahara lake,05/24,3,,,,,,,,,,,,,,,,,,,,,0
Parapana Agahara Lake,05/24,3,0.018234567970902206,0.053304796613054824,0.026126139966962784,0.05806115927579997,0.02898639873869101,0.033700905322406376,0.027181949108916338,0.026442514821577317,0.05879816191779583,0.05064214048174032,0.014215517731059888,0.010159471536284263,0.013152835176257122,0.009187906411679058,0.01402147172964081,0.013779113352551147,0.010132397305280098,0.017047085886099878,0.015178764067442807,0.010182982719298435,79
Kudlu Chikere,05/24,3,0.007950000232085586,0.04609999991953373,0.038349999114871025,0.06984999775886536,0.029999999329447746,0.04969999939203262,0.036549998447299004,0.0343000004068017,0.07939999923110008,0.058800000697374344,0.002250000135973096,0.002699999138712883,0.0014500003308057785,0.003949999809265137,0.0022999998182058334,0.009399998933076859,0.002749999985098839,0.003800000064074993,0.004300002008676529,0.0034999996423721313,2
Kelaginakere,05/24,3,0.09714615345001221,0.13253846306067246,0.12420000021274273,0.1340692312671588,0.09788461545338997,0.10825384522859867,0.09213076933072163,0.0934384625691634,0.10313846170902252,0.08786923037125514,0.006053938180885801,0.005688658666541781,0.008010763121904683,0.011729081552300083,0.015879974048909944,0.017220541599703307,0.011120209325891613,0.017673472119767306,0.01499972012503425,0.012238927274988763,13
Melinakere,05/24,3,0.007499999832361937,0.04129999876022339,0.01489999983459711,0.04899999871850014,0.01720000058412552,0.02930000051856041,0.025599999353289604,0.007499999832361937,0.05079999938607216,0.05209999904036522,0.0,0.0,0.0,0.0,0.0,0.0,0.0,0.0,0.0,0.0,1
Basavanapura Kere,05/24,3,,,,,,,,,,,,,,,,,,,,,0
Swarna Kunte Gudde Lake,05/24,3,0.17496666643354628,0.25325556099414825,0.25141111347410416,0.24516666597790188,0.15316666662693024,0.16171111166477203,0.1360888886782858,0.1375444440378083,0.13798888855510288,0.10334444459941652,0.020951425975891665,0.02870788478118208,0.02461663830085578,0.018274752518322925,0.01111215569413753,0.02088122341582121,0.014850324520573128,0.02404223688185489,0.02632499589022528,0.021244508804121393,9
Chikkabegur kere,05/24,3,,,,,,,,,,,,,,,,,,,,,0
Elenahalli Lake,05/24,3,0.09064999967813492,0.11162500083446503,0.099049998447299,0.10374999977648258,0.08170000091195107,0.09520000033080578,0.08320000022649765,0.08372500166296959,0.10487500205636024,0.08419999852776527,0.0013647358072685122,0.003030984363126135,0.0028587584859105755,0.006022665675768676,0.008232558051235628,0.008132651316486876,0.0040663236885600295,0.009499045539470312,0.014857215427254671,0.009573401411476603,4
Kalena Agrahara Govt. Lake,05/24,3,0.06622499972581863,0.10142500015596549,0.07682499972482522,0.11704166543980439,0.07929166716833909,0.08875833389659722,0.07294166646897793,0.07004166735957067,0.07025833365817864,0.058383334117631115,0.0022635243995965883,0.0021672269129897315,0.0025765378831818734,0.004456915622948281,0.0053541982801985685,0.008122853867821512,0.004615817617436464,0.007795774072688569,0.010331623228951734,0.0070855300461309,12
Infrastructure Corridor,05/24,3,,,,,,,,,,,,,,,,,,,,,0
Beratena Agrahara Lake,05/24,3,0.1750833342472712,0.2888833284378052,0.3206999997297923,0.31761667132377625,0.24141666293144226,0.25581666827201843,0.21080000201861063,0.21088332931200662,0.18756666779518127,0.14163333177566528,0.0023833914881959436,0.014618164911188346,0.02878274883276275,0.022292462684798783,0.01417546840331534,0.010255756321557183,0.011469380438278925,0.016969304117717913,0.024063438318648895,0.010793926936568872,3
Mylasandra Dodda Agrahara kere,05/24,3,,,,,,,,,,,,,,,,,,,,,0
Arekere Govt. lake,05/24,3,,,,,,,,,,,,,,,,,,,,,0
Hulimavu Kere,05/24,3,,,,,,,,,,,,,,,,,,,,,0
Akashaya nagar Kere,05/24,3,,,,,,,,,,,,,,,,,,,,,0
Gottigere Kere,05/24,3,,,,,,,,,,,,,,,,,,,,,0
Kothanaru Kere,05/24,3,0.04956949148642815,0.07075932255740892,0.05389491531808498,0.06727457633715565,0.048386440628160866,0.053711864213317126,0.04684406809382519,0.04909830502534317,0.06259491540870424,0.05400000020103939,0.002622410011297134,0.0022723927890490278,0.003330619366270484,0.00589019850112961,0.006140459535802749,0.0067636634913517705,0.004713351922252403,0.007727882351399403,0.013100671519044581,0.010052304068241286,59
RBI layout kere,05/24,3,,,,,,,,,,,,,,,,,,,,,0
Chunchanaghatta Kere,05/24,3,0.07750000059604645,0.10009999945759773,0.08460000157356262,0.09769999980926514,0.07049999758601189,0.09009999781847,0.08070000261068344,0.0750500001013279,0.07559999823570251,0.06400000303983688,0.0015000030398368835,9.99998301267624E-4,0.0011999979615211487,6.000027060508728E-4,0.0010999999940395355,7.999986410140991E-4,3.9999932050704956E-4,0.0017500035464763641,0.0027000010013580322,3.9999932050704956E-4,2
Alahalli Kere,05/24,3,0.05912788428289736,0.09039019204325621,0.06363390716139036,0.09597434220481174,0.07185799589885068,0.07788848410773364,0.06702603169408555,0.06772211267580444,0.07017607527599268,0.05863402725638893,0.0029799184542696256,0.0026765573600333204,0.0035496246463270226,0.004852333167233635,0.0055078983214597735,0.00825988990540868,0.0038100329652922126,0.008237505425973226,0.01135493775428247,0.00963237326008698,72
Kembathahali kere,05/24,3,0.0804954599296766,0.1397486554517206,0.16433043691074903,0.16177034864177087,0.10821569641642774,0.11975633285338301,0.09983189557699879,0.09318363255583118,0.1009854273954114,0.08134685928887382,0.0036978763492833615,0.010224179696665569,0.01709626769583867,0.019924886162812953,0.017528974678282294,0.014199365584398034,0.010216213607503718,0.015076945235647404,0.01790482787667582,0.014137878202238377,7
Doddakallasandra  kere,05/24,3,,,,,,,,,,,,,,,,,,,,,0
Konanakunte  kere,05/24,3,,,,,,,,,,,,,,,,,,,,,0
Thalagattapura lake,05/24,3,,,,,,,,,,,,,,,,,,,,,0
Vajarahalli Govt.Katte,05/24,3,,,,,,,,,,,,,,,,,,,,,0
Harohalli kere,05/24,3,,,,,,,,,,,,,,,,,,,,,0
Puttenahalli Lake,05/24,3,0.011300000362098217,0.04410000145435333,0.01810000091791153,0.0575999990105629,0.03959999978542328,0.053199999034404755,0.035599999129772186,0.03180000185966492,0.03689999878406525,0.03150000050663948,0.0,0.0,0.0,0.0,0.0,0.0,0.0,0.0,0.0,0.0,1
Chellakere kere,05/24,3,,,,,,,,,,,,,,,,,,,,,0
Horamavu Agara,05/24,3,0.029341911834290288,0.06032426454419015,0.03611250009899046,0.08932867657174082,0.04996789217579598,0.05280784304783333,0.04262352932938466,0.03332352948343089,0.04649877436824289,0.04264926481261557,0.01032307511934877,0.008330443361932838,0.008540227855967324,0.006637321879852279,0.008599831063954401,0.008506118854098957,0.007287104728130745,0.00919902424101511,0.007957319223146866,0.005446026445823891,204
Horamavu kere,05/24,3,0.022114285667027746,0.09509999943631035,0.044742856972983906,0.12533571464674814,0.0819428563117981,0.08845714320029531,0.07001428598804134,0.0564785719450031,0.06707857123443059,0.05503571379397597,0.00930774341006212,0.018084562795109956,0.012780101719544282,0.01869685458960085,0.014529166836565004,0.01550933911360988,0.015373114388796832,0.013278671150370888,0.01750229331562545,0.010276158865153972,14
Kalkere Kere,05/24,3,,,,,,,,,,,,,,,,,,,,,0
Nagareshvara Nagenahalli Kere,05/24,3,0.06345416667560737,0.10957916763921578,0.07985208245615165,0.1412187498062849,0.09487499948590994,0.10212083347141743,0.08040416644265254,0.06933541689068079,0.06758333276957273,0.055402083632846676,0.009626817277141408,0.009303403562280994,0.009319529757493934,0.007471832166420773,0.007428394508924289,0.008964640666068585,0.007188111446827728,0.009520498905874347,0.01649830536635652,0.011301322728149956,24
Rampura Kere,05/24,3,,,,,,,,,,,,,,,,,,,,,0
Atturu kere,05/24,3,0.04336760552521323,0.06650633842382632,0.04513098609069703,0.06794647846213529,0.042764788572217376,0.04921408459334306,0.04042887320400963,0.04040563389868804,0.04487746486991224,0.03883239451113721,0.007243934233554205,0.005894942657145195,0.0051554725557576,0.005989129274563764,0.007824385411087513,0.007365197612987068,0.006922033807459846,0.00840635917322613,0.007208864829884877,0.005618393422755972,71
Veerasagara kere,05/24,3,0.03582932082457776,0.07603410860421322,0.032466351131817985,0.1029519275124353,0.06726733127402484,0.07222724697000146,0.05608070532503254,0.04332016955554843,0.0505049732878135,0.044632304289349556,0.008437607631591234,0.008195789559645344,0.007096731345466873,0.008230908639804097,0.009311685177271451,0.009773296326842157,0.007348731190946038,0.008302345432896948,0.01048666640751975,0.0069100092888248,89
Dodda bettahalli,05/24,3,0.006460714320253048,0.015257142850064806,0.012335714302025735,0.011478571370909256,0.008114285650663078,0.013014285791931408,0.008903571512616639,0.015828571681465422,0.0626178572752646,0.054292856848665645,0.009222278557766259,0.007766269942855517,0.007133908713068264,0.008440076862291472,0.007382010599027873,0.009388260756235714,0.006984663451981846,0.011182778814785148,0.009018367304013257,0.008609231286894906,14
Dasarahalli kere,05/24,3,,,,,,,,,,,,,,,,,,,,,0
Doddabidarakallu lake,05/24,3,,,,,,,,,,,,,,,,,,,,,0
Allasandra Lake,05/24,3,0.06433268373016555,0.13532647755313426,0.09477922235828508,0.141915781662007,0.06879757325521436,0.07465604250551112,0.057985126915694324,0.049183134075563205,0.049933993329138206,0.04156044644385163,0.005748603937983282,0.007016478069936765,0.006430176693510965,0.007996651764246637,0.013745129853476565,0.015884501435587277,0.013232753381011835,0.020169418606012863,0.021382615282768157,0.014250492703912187,261
Andhrahalli Lake,05/24,3,,,,,,,,,,,,,,,,,,,,,0
Handrahalli kere,05/24,3,,,,,,,,,,,,,,,,,,,,,0
Narasappanahalli kere,05/24,3,,,,,,,,,,,,,,,,,,,,,0
Valagere,05/24,3,0.06611754451143115,0.08335964930684943,0.07993333381518983,0.0858859653797066,0.06521578936984665,0.07344736890834674,0.06313684203645639,0.06523684190030683,0.07123333359496635,0.059656140312813875,0.0020311710119479296,0.0025390876803670975,0.0030255830059484788,0.0038433095099152555,0.004266630710289554,0.0037205503264280174,0.0030112438879046012,0.004343401079796368,0.004481475724630665,0.00370087809344989,57
Shivapura New tank,05/24,3,,,,,,,,,,,,,,,,,,,,,0
Agrahara Lake,05/24,3,0.04028000012040138,0.06069999933242798,0.03618000019341707,0.07545999959111213,0.055780000239610675,0.05817999988794327,0.049380000308156015,0.04050000049173832,0.05091999918222427,0.04560000076889992,0.017998155575772112,0.014686183645744828,0.014776927884030285,0.009772942421336158,0.011061536871095397,0.011966519227860082,0.012260734252976736,0.012675015051783915,0.00637758539545295,0.0038899870314052067,5
Chokkanahalli lake,05/24,3,,,,,,,,,,,,,,,,,,,,,0
Jakkuru lake,05/24,3,0.023791999891400337,0.0451919998973608,0.02478400006890297,0.07049600020051003,0.04299200028181076,0.04561600007116794,0.033952000439167025,0.02601600006222725,0.039635999947786334,0.036311999782919886,0.020060306939061988,0.02664660473121598,0.01937296413703601,0.03331438770265276,0.02441715718217026,0.026117743107666378,0.022472902236045866,0.02249977254729051,0.01335526442174053,0.008932964121690014,25
palanahalli,05/24,3,,,,,,,,,,,,,,,,,,,,,0
Kattigenahalli lake,05/24,3,0.026936363513496788,0.07891818169843066,0.03786363672803749,0.1340954557738521,0.07108181816610423,0.08079090951518579,0.059254545379768715,0.043104545382613484,0.04837727275761691,0.04006818224760619,0.0017405708345518734,0.001610656806337061,0.0017584975497938313,0.005228371666420112,0.005898662347216933,0.006589103253265837,0.0028104877639195253,0.007037979741648501,0.00943787955986214,0.004426817809423812,22
Kogilu kere,05/24,3,0.008145045069558127,0.012329729787296372,0.00898243245902851,0.025015315317825693,0.009898648697328082,0.009468468474494273,0.007777027014723186,0.007746396456118296,0.03942612625725635,0.03691486490739358,0.012408270581456441,0.011646140305772698,0.009752044490273785,0.009969222370794013,0.011129010964895504,0.011626300034138384,0.010282287679827883,0.0099010140542223,0.005651428230429696,0.0034545150199736256,111
Venkateshapura lake,05/24,3,0.05789700346268816,0.10921497915986714,0.06988752601862189,0.1381601184928581,0.0974012266529801,0.10453143379191752,0.08497411591569895,0.07086493036835977,0.0654299610563369,0.05264223993834555,0.021016763085077387,0.02133308558917331,0.01867940967016216,0.005740365921890886,0.010408178284106732,0.010444781221470864,0.01023312590377938,0.01725966939255299,0.01675533339376634,0.007842042737079233,12
Bellihalli kere,05/24,3,,,,,,,,,,,,,,,,,,,,,0
B. Channasandra lake,05/24,3,0.034570510978047204,0.06362267416955367,0.03870395804500783,0.06416036122527245,0.034913534622668566,0.038875201849971515,0.031585587637663004,0.03205232901962698,0.052153148600267964,0.04644673739293542,0.011828562474502181,0.010031074722204983,0.009797692511450835,0.010641706696264578,0.014035977510225943,0.015215651886682226,0.01102210924261196,0.015875123980071303,0.0151393261156208,0.011253221201635051,95
Byappanahalli kere,05/24,3,,,,,,,,,,,,,,,,,,,,,0
Kowdenahalli Kere,05/24,3,,,,,,,,,,,,,,,,,,,,,0
Krishnarajapuram kere,05/24,3,,,,,,,,,,,,,,,,,,,,,0
Basavanapura kere,05/24,3,0.028532456116456734,0.05196315749434002,0.03207543879551323,0.05383771893225218,0.03427631571366076,0.039960526452775584,0.03522631579912022,0.0347298247037096,0.06155789467064958,0.05151140356534406,0.012801886128562182,0.010526518396585445,0.009744445746517984,0.009345574338212858,0.011283542821010807,0.010713820273585849,0.00820603179523882,0.009251035373803661,0.011743500455453845,0.007125620760833097,57
Shegehalli kere,05/24,3,0.02022000029683113,0.04992000013589859,0.0450999990105629,0.07342000007629394,0.03770000003278255,0.050919999927282335,0.03900000005960465,0.026999999955296516,0.048039999604225156,0.04082000032067299,0.0016191355685055723,0.0046162316866072296,0.0025075885612350574,0.01007460221612343,0.010454664372738032,0.006165192872589952,0.0038971776581054685,0.010041712934048475,0.004104436157465861,0.0029437395042023876,5
Mangamanapalya Kere,05/24,3,0.0,0.025366667037208874,0.006533333255598943,0.05196666717529297,0.017333333380520344,0.025400000313917797,0.018933333456516266,0.016000000139077503,0.051300001641114555,0.04553333421548208,0.0,0.0010370899401207015,0.0013816252655183736,0.0017782639672834937,0.0038378234035913207,0.004243426103315128,0.001102522777808553,0.004508510303799256,9.93311024522978E-4,4.496913166152278E-4,3
Hoodi kere-2,05/24,3,,,,,,,,,,,,,,,,,,,,,0
Jimkenahalli Kere,05/24,3,0.03533695652352079,0.08565869506286539,0.05476304329931736,0.10586956499711327,0.06657391268274059,0.07365869601135669,0.06061521658430929,0.05098043459103159,0.0736152176623759,0.05905869635550872,0.014883520309050787,0.014938683386923494,0.012433310980474288,0.01565327189711668,0.016513049930319653,0.015761384016526808,0.012088265210191391,0.013538999692375762,0.011845009531261552,0.007702634251927326,23
Kodigehalli lake,05/24,3,0.05572993136707856,0.09279197741765263,0.05825775860644544,0.06651140372241296,0.03911262363206947,0.042189910864062395,0.03506497780539977,0.03708363302730311,0.06039916439984002,0.05205222680121232,0.014699607697077689,0.011849129923476887,0.014745389852149692,0.020150111682253013,0.01936283871385984,0.021272628521936128,0.016761000467670397,0.01983198695806254,0.021755013768417795,0.015240816832363661,322
Gangashetti kere/ Devasandra kere,05/24,3,0.10856666664282481,0.19896666705608368,0.1596666673819224,0.24556667109330496,0.18490000069141388,0.1915666659673055,0.1590666671593984,0.13453333576520285,0.06459999829530716,0.055066666255394615,0.004008604128964347,0.003229378166495751,0.005647618521234799,0.005694643613789562,0.005276995695370495,0.0036444788636238326,0.0032765150370853134,0.003308911700584365,0.012111426304439437,0.0080735503248531,3
Vijinapura kere2,05/24,3,,,,,,,,,,,,,,,,,,,,,0
B.Narayanapura kere,05/24,3,,,,,,,,,,,,,,,,,,,,,0
Melinakere,05/24,3,,,,,,,,,,,,,,,,,,,,,0
Kelaginakere,05/24,3,0.03365022144569494,0.07238571277187177,0.0355995131093317,0.07421995996094638,0.043698317617724865,0.04967107160454377,0.04036679130564768,0.03754459312536622,0.0586035472114443,0.04759723512421182,0.004303465755118288,0.003249076575195242,0.004395127825217172,0.0070945826825290804,0.010308503754037118,0.011505945701264907,0.0065176056586571515,0.012857957213218484,0.016568250442620665,0.01195415695097327,40
Rachenahalli kere,05/24,3,0.032462499861139804,0.07405312499031425,0.038753125350922346,0.12112812441773713,0.07328124961350113,0.07899375027045608,0.05762499978300184,0.043078124755993485,0.046506250044330955,0.04116875003091991,0.004393372340665057,0.00297867202237973,0.0163444179190508,0.007341969842705848,0.005488478488201707,0.004049531719725208,0.0024092268383612836,0.012200146545730822,0.01916220132973681,0.011757748039691353,32
Amruthahalli Lake,05/24,3,,,,,,,,,,,,,,,,,,,,,0
Nagawara Lake,05/24,3,,,,,,,,,,,,,,,,,,,,,0
Herohalli Lake,05/24,3,,,,,,,,,,,,,,,,,,,,,0
Hebbal  kere,05/24,3,0.03202785891087743,0.054360967866384745,0.034097056863965226,0.06638709724014395,0.03803901566829594,0.04018136419441588,0.03272321442688507,0.028395837166755096,0.03831388888758786,0.034108292346961215,0.007695700697027132,0.0053517380553553505,0.005567213935130117,0.004779296102482531,0.006263732662229499,0.00714382336558634,0.005826617182640446,0.007039916052319234,0.006066263691535467,0.0036990927613154575,803
Mahadevapura kere,05/24,3,0.03141048387061023,0.08475725749327291,0.037925000092194926,0.11618145206762899,0.07131854841305364,0.07660564503842784,0.061076613173129096,0.04712580677662646,0.04840483870958128,0.043893548329511,0.02649073508393422,0.01664479447819761,0.019563893781089324,0.011005985424439863,0.020123664591971364,0.01990448547306036,0.01660947478168295,0.01870773698228013,0.0072282249688934725,0.005129220992616438,62
Vibhutipura kere,05/24,3,,,,,,,,,,,,,,,,,,,,,0
Rajapalya Hoodikere,05/24,3,,,,,,,,,,,,,,,,,,,,,0
Achanakere,05/24,3,0.04841666647957431,0.0803111121058464,0.05951111184226142,0.09049999962250392,0.06457222211692068,0.07143333347307311,0.06193888849682278,0.05747777803076638,0.06420555586616199,0.05353888827893469,0.015620854588069565,0.011281617258507383,0.011894881528837935,0.006860393174709942,0.009698972734249498,0.009593488281618394,0.009283999413762978,0.009417009001318982,0.008353424697947363,0.006741446485675655,9
"Yekkalagatta kere,Mahadevepura Kere",05/24,3,0.03907873519902466,0.08182502662277534,0.055373227493908564,0.0985466178868173,0.058716302906186395,0.06605076321858747,0.05196166776258787,0.05196057792627044,0.08354498374488127,0.0679220286814441,0.009129880388764312,0.007242534141997879,0.009139646032792959,0.012030658271795266,0.018009235251098127,0.014372415236244378,0.009338305513101403,0.018524849129448816,0.024460513716409202,0.019444630850891886,18
Pattaduru Agrahara kere-2,05/24,3,,,,,,,,,,,,,,,,,,,,,0
Nallurahallikere,05/24,3,,,,,,,,,,,,,,,,,,,,,0
Thubarahalli lake,05/24,3,0.018152312773708303,0.07604447104462914,0.04012945759767327,0.08530157679555621,0.044532863597704385,0.0538496007712807,0.04077409596407209,0.04420370109264933,0.10450870469463185,0.07738540774325647,0.006490828869271955,0.0072672905668016725,0.0112034991901805,0.01595313408174322,0.021374998985201274,0.02281654546520915,0.015984705428541888,0.025489673142525527,0.0315711455774042,0.021598615432455986,19
Sheelavantana kere,05/24,3,,,,,,,,,,,,,,,,,,,,,0
Doddanekundi Kunte,05/24,3,,,,,,,,,,,,,,,,,,,,,0
Chinnappanahalli  kere1,05/24,3,,,,,,,,,,,,,,,,,,,,,0
Doddanekundi kere,05/24,3,0.0819947370573094,0.12520526349544525,0.09005789419538096,0.14099473623852982,0.10639473756677226,0.11318421010908328,0.09726842061469429,0.08355263189265602,0.06068947342665572,0.05008947417924279,0.00286805866210813,0.0024230206021408286,0.0031317248258971924,0.005176819014556888,0.005050114409778928,0.0037637144508771035,0.0032131399833211904,0.005711334280096483,0.01010835420141536,0.008903512341831479,19
Kundalahalli kere,05/24,3,0.021397142950445414,0.08062857144645282,0.03197714292577335,0.11961285738008363,0.07571428545883724,0.08166571365935461,0.06110142868544374,0.0463442857244185,0.05479857149933066,0.04928714271102633,0.00595108567521641,0.005233876534886706,0.00456803071754288,0.005389140595705772,0.006100802470718782,0.0057952411807817026,0.00441350164150108,0.007541856944295809,0.007172735731281092,0.0035431190437515627,70
Acchanakere,05/24,3,0.03223333259423574,0.1038333351413409,0.03453333303332329,0.12826666484276453,0.09883333245913188,0.10533333321412404,0.07996666679779689,0.055599999924500786,0.05263333395123482,0.049266666173934937,9.672408493059746E-4,5.312458696428432E-4,5.249347012906352E-4,0.003759725071616108,0.002182249507695884,3.091188862783175E-4,8.219204708374786E-4,6.164411588903906E-4,0.0011440679519356897,0.00104029821044939,3
Varthur lake,05/24,3,,,,,,,,,,,,,,,,,,,,,0
Narasipura Lake-1,05/24,3,,,,,,,,,,,,,,,,,,,,,0
Narasipura Lake-2,05/24,3,,,,,,,,,,,,,,,,,,,,,0
Ulsoor Lake,05/24,3,0.0679653332256775,0.12152144267352356,0.07120704329732169,0.12018217757862952,0.06548752427350092,0.06893697500259742,0.05557090602767972,0.047525690292990044,0.043869378265304085,0.03852143426306147,0.01185539901995052,0.009550842565030679,0.00851974129001349,0.007140595089514768,0.00989970722718575,0.011990961242831057,0.008748725201195873,0.013212674823823283,0.012015590127652583,0.007918370304904693,792
Gunduru Lake,06/24,1,,,,,,,,,,,,,,,,,,,,,0
Doddebele,06/24,1,,,,,,,,,,,,,,,,,,,,,0
Somapura,06/24,1,,,,,,,,,,,,,,,,,,,,,0
Mailasandra,06/24,1,0.06095166977912129,0.09014734640454028,0.07039469509789892,0.09903850718190955,0.07924439747815984,0.09312809532424088,0.06929921376388995,0.0941750492849378,0.08123516774423464,0.06209037395849209,8.499994874000549E-4,0.0013500005006790161,0.0027000010013580322,0.00585000216960907,0.002849999815225601,0.011149998754262924,4.00003045797348E-4,0.012699998915195465,0.007549997419118881,0.004900000989437103,2
Kengeri 1,06/24,1,,,,,,,,,,,,,,,,,,,,,0
Kengeri 2,06/24,1,,,,,,,,,,,,,,,,,,,,,0
Chenvinayanahalli,06/24,1,,,,,,,,,,,,,,,,,,,,,0
Annamma kere,06/24,1,,,,,,,,,,,,,,,,,,,,,0
Deevatigeramnahalli kere,06/24,1,,,,,,,,,,,,,,,,,,,,,0
Devarakere,06/24,1,,,,,,,,,,,,,,,,,,,,,0
Doraikere,06/24,1,,,,,,,,,,,,,,,,,,,,,0
Goudanakere,06/24,1,,,,,,,,,,,,,,,,,,,,,0
Gubbalal kere,06/24,1,,,,,,,,,,,,,,,,,,,,,0
Halagevaderahalli kere-2,06/24,1,,,,,,,,,,,,,,,,,,,,,0
Herohalli Thotadakere,06/24,1,,,,,,,,,,,,,,,,,,,,,0
Hosakerehalli Kere,06/24,1,,,,,,,,,,,,,,,,,,,,,0
Kempambudhi lake,06/24,1,,,,,,,,,,,,,,,,,,,,,0
Laggeri Lake,06/24,1,,,,,,,,,,,,,,,,,,,,,0
Mallathahalli Lake,06/24,1,,,,,,,,,,,,,,,,,,,,,0
Moge kere,06/24,1,,,,,,,,,,,,,,,,,,,,,0
Muppatu Kavalu Hosa Kere,06/24,1,,,,,,,,,,,,,,,,,,,,,0
Nayandanahalli kere,06/24,1,0.0805705882170621,0.12562941233901417,0.08489411674878176,0.15040000046000762,0.11122941138113246,0.12117647072848152,0.10065294144784703,0.09445294080411687,0.07392352907096639,0.05952352964702774,0.0013261030308273204,0.001658761491636143,0.0013566699852026467,0.0030780038323085786,0.00304433167773028,0.003019647642158738,0.0021116254681345396,0.0038573265865773647,0.002269627333509257,0.002183233317380159,17
Sankey Tank,06/24,1,0.0551171430519649,0.06616571417876653,0.05373428538441658,0.07033142915793827,0.05699999981692859,0.062485714576074054,0.05314000036035265,0.058214285331112996,0.05687428595764296,0.045497142736400875,0.0018911044615709182,0.001690468469698822,0.0015591101942140318,0.0015257360917045948,0.002427461846134744,0.00276758209627431,0.0017391622293558638,0.002665777074913136,0.001915551477680857,0.0014049884152342465,35
Subramhanyapura kere,06/24,1,,,,,,,,,,,,,,,,,,,,,0
Ullalu lake-2,06/24,1,0.07640000113419124,0.09938571495669228,0.08641428660069193,0.10930714277284485,0.08659999977265086,0.09221428632736206,0.07992142864636012,0.08083571387188775,0.07017142804605621,0.054178571328520775,0.001042661674693155,8.927144568064445E-4,0.0010077250214977325,0.0020341597423706014,0.0026191601103713207,0.0026930738691285433,0.0011027099469130173,0.0030134476097831136,0.002430587817609918,0.0022223474510552786,14
Valagerehalli kere,06/24,1,0.07965888181604237,0.10387573174398268,0.09258295907385679,0.10420391837842749,0.08568748570737751,0.09355599037274157,0.08238246517462075,0.08426093511331575,0.07611848617708696,0.05908341577844096,0.0011688914476875622,9.774780409810442E-4,0.0012767757472160247,0.0015249505607853,0.002275690977836535,0.002543879049091898,0.0014891214239330203,0.0026548524779999973,0.002217004790899802,0.002313179875962162,31
Yediyur kere,06/24,1,,,,,,,,,,,,,,,,,,,,,0
Bhimmanakuppe Govt lake,06/24,1,,,,,,,,,,,,,,,,,,,,,0
Srigandhakavalu Karabu Katte,06/24,1,,,,,,,,,,,,,,,,,,,,,0
Janaradhan kere,06/24,1,,,,,,,,,,,,,,,,,,,,,0
Konashetty kere,06/24,1,,,,,,,,,,,,,,,,,,,,,0
Nagarabhavi (Un-named Lake on map),06/24,1,,,,,,,,,,,,,,,,,,,,,0
Sompura Govt.lake,06/24,1,,,,,,,,,,,,,,,,,,,,,0
Lakshmipura Lake,06/24,1,,,,,,,,,,,,,,,,,,,,,0
Amrutnagar Lake,06/24,1,,,,,,,,,,,,,,,,,,,,,0
Hoysalanagara Lake,06/24,1,,,,,,,,,,,,,,,,,,,,,0
Basavanagar Lake,06/24,1,,,,,,,,,,,,,,,,,,,,,0
Ajjegowdana katte,06/24,1,,,,,,,,,,,,,,,,,,,,,0
Kodigehalli kere,06/24,1,,,,,,,,,,,,,,,,,,,,,0
Kommaghatta Govt. Lake,06/24,1,,,,,,,,,,,,,,,,,,,,,0
Manganahalli Lake,06/24,1,,,,,,,,,,,,,,,,,,,,,0
Bhattarahalli kere,06/24,1,,,,,,,,,,,,,,,,,,,,,0
Thirumenahalli lake,06/24,1,,,,,,,,,,,,,,,,,,,,,0
Avalahali kere,06/24,1,,,,,,,,,,,,,,,,,,,,,0
Begur Lake,06/24,1,,,,,,,,,,,,,,,,,,,,,0
meenakshi lake,06/24,1,,,,,,,,,,,,,,,,,,,,,0
Kannuru kere,06/24,1,,,,,,,,,,,,,,,,,,,,,0
Kannuru kere,06/24,1,,,,,,,,,,,,,,,,,,,,,0
Doddagubbi kere,06/24,1,,,,,,,,,,,,,,,,,,,,,0
Suggata kere,06/24,1,,,,,,,,,,,,,,,,,,,,,0
Yelahanka Lake,06/24,1,0.0820377147058844,0.08960277746652535,0.07463552503773854,0.09136662630095922,0.07056160602897855,0.07498468987369603,0.062388429992360446,0.06889391601379179,0.06440313740072294,0.05477311883154086,0.008877643021803579,0.009247058616990954,0.01098853099673123,0.013506187921747721,0.018634981371627817,0.022113088496797214,0.00943670440408374,0.025693049956103036,0.01583089034935203,0.017505874203827047,987
Dodda Bommasandra Lake,06/24,1,,,,,,,,,,,,,,,,,,,,,0
Singapura lake,06/24,1,,,,,,,,,,,,,,,,,,,,,0
Chellaghatta kere,06/24,1,,,,,,,,,,,,,,,,,,,,,0
Bellandur Amanikere,06/24,1,0.06931200057268143,0.09727400034666062,0.08778000056743622,0.1117280001938343,0.07851600006222725,0.08594800010323525,0.07536200031638146,0.07426999986171723,0.07331800043582916,0.05581000030040741,0.00457399788271037,0.006972024020903891,0.00735790742880261,0.01056568159943729,0.00797715176603273,0.007864533771051776,0.006659366281917917,0.006233690226517083,0.003302707500714956,0.002476630954467996,50
Abbigere Kere,06/24,1,,,,,,,,,,,,,,,,,,,,,0
Kammagondanahalli lake,06/24,1,,,,,,,,,,,,,,,,,,,,,0
Mallasandra Lake-2,06/24,1,,,,,,,,,,,,,,,,,,,,,0
Chikkabanavara kere,06/24,1,,,,,,,,,,,,,,,,,,,,,0
Mallasandra Gudde lake,06/24,1,,,,,,,,,,,,,,,,,,,,,0
Bagalagunte Govt.Lake,06/24,1,,,,,,,,,,,,,,,,,,,,,0
Lalbagh kere,06/24,1,,,,,,,,,,,,,,,,,,,,,0
Chikkabellanduru kere,06/24,1,,,,,,,,,,,,,,,,,,,,,0
Carmelarm,06/24,1,0.14350000023841858,0.21369999647140503,0.21539999544620514,0.21539999544620514,0.17880000174045563,0.19740000367164612,0.16120000183582306,0.17649999260902405,0.23309999704360962,0.16979999840259552,0.0,0.0,0.0,0.0,0.0,0.0,0.0,0.0,0.0,0.0,1
Gunjuruplaya kere,06/24,1,,,,,,,,,,,,,,,,,,,,,0
Govt. Dinnekere,06/24,1,,,,,,,,,,,,,,,,,,,,,0
Panattur Govt.kere,06/24,1,0.10410558008917263,0.14235332574438853,0.11631813719039641,0.13970794714410703,0.10909380908504766,0.11714694225807064,0.10309399308422205,0.10479043757981321,0.09961248955711266,0.08018752652053143,0.0020854344553093377,0.0023730589063272215,0.0033504090135098082,0.00415107954251675,0.008913742037434481,0.011079607828638795,0.005575360391122219,0.011247881847829082,0.01132879635564966,0.008772943868877699,47
Gramadakere,06/24,1,,,,,,,,,,,,,,,,,,,,,0
Ambalipura Kelagina kere,06/24,1,,,,,,,,,,,,,,,,,,,,,0
Melinakere,06/24,1,,,,,,,,,,,,,,,,,,,,,0
Sowl kere,06/24,1,,,,,,,,,,,,,,,,,,,,,0
Bhoganahalli kere,06/24,1,,,,,,,,,,,,,,,,,,,,,0
Devarabisanahalli kere,06/24,1,0.10377465271239616,0.14184572047377822,0.1066791790178258,0.12450532851274251,0.09682977134054838,0.10838139054466184,0.09431659930184735,0.0966500003696643,0.0866052778507758,0.06892296841756983,0.00485891746007284,0.006814860707394278,0.006399632228971478,0.0064157207541228525,0.00921231884648362,0.013252340449398858,0.006119027575446013,0.012691661281709284,0.008077530561274087,0.004936641441350277,55
Doddakanneli Gramadakere,06/24,1,,,,,,,,,,,,,,,,,,,,,0
Lakedew Appartment lake,06/24,1,,,,,,,,,,,,,,,,,,,,,0
Kaikondanahalli kere,06/24,1,,,,,,,,,,,,,,,,,,,,,0
Kasavanahalli kere,06/24,1,0.08253772747229152,0.1101439613528216,0.08238943197452171,0.09456888216290742,0.07301159702628872,0.07985651874643822,0.07073652597704151,0.0726284079711122,0.06937136388149388,0.053595814271817824,0.0028750140198943587,0.0027230746640888063,0.004730645720760775,0.006606289460075776,0.00707277039523718,0.009274835841041995,0.007289304703611184,0.008013797521427748,0.005724636455182668,0.003155413247763268,225
Mestripalya lake,06/24,1,,,,,,,,,,,,,,,,,,,,,0
Tavarekere lake,06/24,1,,,,,,,,,,,,,,,,,,,,,0
Byrasandra Kere,06/24,1,,,,,,,,,,,,,,,,,,,,,0
J P Park Kere,06/24,1,0.14997692176928887,0.2459153808080233,0.2594076910844216,0.2658307666961963,0.19082307815551758,0.20680769246358138,0.17715384639226472,0.16532307748611158,0.09776923060417175,0.07272307746685468,0.006004251253276886,0.012507216301741592,0.013731798178727729,0.01704854638523911,0.012744841425714545,0.014423350219738578,0.009607178849651675,0.017005617082136926,0.017774413652639393,0.013969150776745364,13
Agara kere,06/24,1,,,,,,,,,,,,,,,,,,,,,0
Ibbalur Govt. Lake,06/24,1,,,,,,,,,,,,,,,,,,,,,0
sarraki kere,06/24,1,0.09364115894149466,0.12032680712684211,0.09185626713935281,0.10300742452839033,0.0798854168813747,0.08661458126006658,0.07695184878167176,0.07829056026298976,0.07429339572496022,0.06161399491777547,0.005389667651192295,0.0064822280137865965,0.005882141592157574,0.0068117261433421755,0.008454065722634229,0.009854586321898307,0.008001341749870541,0.010505431003421732,0.008865180372836656,0.006729600355244251,373
Puttenahalli Kere,06/24,1,,,,,,,,,,,,,,,,,,,,,0
Madivala Kere,06/24,1,,,,,,,,,,,,,,,,,,,,,0
Somasundrapalya lake,06/24,1,,,,,,,,,,,,,,,,,,,,,0
singasandra,06/24,1,,,,,,,,,,,,,,,,,,,,,0
Kodagi Singasandra kere,06/24,1,,,,,,,,,,,,,,,,,,,,,0
doddakodlu,06/24,1,,,,,,,,,,,,,,,,,,,,,0
Karabu Kere/Konappana agrahara lake,06/24,1,,,,,,,,,,,,,,,,,,,,,0
Parapana Agahara Lake,06/24,1,,,,,,,,,,,,,,,,,,,,,0
Kudlu Chikere,06/24,1,,,,,,,,,,,,,,,,,,,,,0
Kelaginakere,06/24,1,,,,,,,,,,,,,,,,,,,,,0
Melinakere,06/24,1,,,,,,,,,,,,,,,,,,,,,0
Basavanapura Kere,06/24,1,,,,,,,,,,,,,,,,,,,,,0
Swarna Kunte Gudde Lake,06/24,1,,,,,,,,,,,,,,,,,,,,,0
Chikkabegur kere,06/24,1,,,,,,,,,,,,,,,,,,,,,0
Elenahalli Lake,06/24,1,,,,,,,,,,,,,,,,,,,,,0
Kalena Agrahara Govt. Lake,06/24,1,,,,,,,,,,,,,,,,,,,,,0
Infrastructure Corridor,06/24,1,,,,,,,,,,,,,,,,,,,,,0
Beratena Agrahara Lake,06/24,1,0.1717500016093254,0.2676999866962433,0.28209999203681946,0.2871500104665756,0.22644999623298645,0.2452000007033348,0.1988999992609024,0.1968499943614006,0.15604999661445618,0.1233999989926815,7.499977946281433E-4,0.0018000006675720215,0.004500001668930054,0.0029499977827072144,0.0048500001430511475,0.0037999972701072693,0.0042999982833862305,0.00975000113248825,0.004050001502037048,0.00780000165104866,2
Mylasandra Dodda Agrahara kere,06/24,1,,,,,,,,,,,,,,,,,,,,,0
Arekere Govt. lake,06/24,1,,,,,,,,,,,,,,,,,,,,,0
Hulimavu Kere,06/24,1,,,,,,,,,,,,,,,,,,,,,0
Akashaya nagar Kere,06/24,1,,,,,,,,,,,,,,,,,,,,,0
Gottigere Kere,06/24,1,,,,,,,,,,,,,,,,,,,,,0
Kothanaru Kere,06/24,1,,,,,,,,,,,,,,,,,,,,,0
RBI layout kere,06/24,1,,,,,,,,,,,,,,,,,,,,,0
Chunchanaghatta Kere,06/24,1,0.07750000059604645,0.10009999945759773,0.08460000157356262,0.09769999980926514,0.07049999758601189,0.09009999781847,0.08070000261068344,0.0750500001013279,0.07559999823570251,0.06400000303983688,0.0015000030398368835,9.99998301267624E-4,0.0011999979615211487,6.000027060508728E-4,0.0010999999940395355,7.999986410140991E-4,3.9999932050704956E-4,0.0017500035464763641,0.0027000010013580322,3.9999932050704956E-4,2
Alahalli Kere,06/24,1,0.05869189176607777,0.09420270331808038,0.061959459773592046,0.10077837774076977,0.07790540561482713,0.08627567561091604,0.07499459466418705,0.07491621616724375,0.07074864873209515,0.05584594577148154,0.002031824930837903,0.002791926575091633,0.0020743558320187247,0.0031513305210331827,0.003915937036136471,0.004972051889959861,0.0024746219030853185,0.0048281003722561375,0.0036405841098014584,0.0033115358198178356,37
Kembathahali kere,06/24,1,,,,,,,,,,,,,,,,,,,,,0
Doddakallasandra  kere,06/24,1,,,,,,,,,,,,,,,,,,,,,0
Konanakunte  kere,06/24,1,,,,,,,,,,,,,,,,,,,,,0
Thalagattapura lake,06/24,1,,,,,,,,,,,,,,,,,,,,,0
Vajarahalli Govt.Katte,06/24,1,,,,,,,,,,,,,,,,,,,,,0
Harohalli kere,06/24,1,,,,,,,,,,,,,,,,,,,,,0
Puttenahalli Lake,06/24,1,,,,,,,,,,,,,,,,,,,,,0
Chellakere kere,06/24,1,,,,,,,,,,,,,,,,,,,,,0
Horamavu Agara,06/24,1,,,,,,,,,,,,,,,,,,,,,0
Horamavu kere,06/24,1,,,,,,,,,,,,,,,,,,,,,0
Kalkere Kere,06/24,1,,,,,,,,,,,,,,,,,,,,,0
Nagareshvara Nagenahalli Kere,06/24,1,,,,,,,,,,,,,,,,,,,,,0
Rampura Kere,06/24,1,,,,,,,,,,,,,,,,,,,,,0
Atturu kere,06/24,1,,,,,,,,,,,,,,,,,,,,,0
Veerasagara kere,06/24,1,,,,,,,,,,,,,,,,,,,,,0
Dodda bettahalli,06/24,1,,,,,,,,,,,,,,,,,,,,,0
Dasarahalli kere,06/24,1,,,,,,,,,,,,,,,,,,,,,0
Doddabidarakallu lake,06/24,1,,,,,,,,,,,,,,,,,,,,,0
Allasandra Lake,06/24,1,,,,,,,,,,,,,,,,,,,,,0
Andhrahalli Lake,06/24,1,,,,,,,,,,,,,,,,,,,,,0
Handrahalli kere,06/24,1,,,,,,,,,,,,,,,,,,,,,0
Narasappanahalli kere,06/24,1,,,,,,,,,,,,,,,,,,,,,0
Valagere,06/24,1,0.06611754451143115,0.08335964930684943,0.07993333381518983,0.0858859653797066,0.06521578936984665,0.07344736890834674,0.06313684203645639,0.06523684190030683,0.07123333359496635,0.059656140312813875,0.0020311710119479296,0.0025390876803670975,0.0030255830059484788,0.0038433095099152555,0.004266630710289554,0.0037205503264280174,0.0030112438879046012,0.004343401079796368,0.004481475724630665,0.00370087809344989,57
Shivapura New tank,06/24,1,,,,,,,,,,,,,,,,,,,,,0
Agrahara Lake,06/24,1,,,,,,,,,,,,,,,,,,,,,0
Chokkanahalli lake,06/24,1,,,,,,,,,,,,,,,,,,,,,0
Jakkuru lake,06/24,1,0.10719999670982361,0.15680000185966492,0.10999999940395355,0.16660000383853912,0.1340000033378601,0.147599995136261,0.12620000541210175,0.12780000269412994,0.09969999641180038,0.07599999755620956,0.0,0.0,0.0,0.0,0.0,0.0,0.0,0.0,0.0,0.0,1
palanahalli,06/24,1,,,,,,,,,,,,,,,,,,,,,0
Kattigenahalli lake,06/24,1,,,,,,,,,,,,,,,,,,,,,0
Kogilu kere,06/24,1,,,,,,,,,,,,,,,,,,,,,0
Venkateshapura lake,06/24,1,,,,,,,,,,,,,,,,,,,,,0
Bellihalli kere,06/24,1,,,,,,,,,,,,,,,,,,,,,0
B. Channasandra lake,06/24,1,0.10530625004321337,0.12409999966621399,0.09989375015720725,0.12915625050663948,0.11348749976605177,0.12321875104680657,0.09753124974668026,0.12031874945387244,0.09649999998509884,0.08781249960884452,0.009689845590556821,0.008697342040512472,0.00892653842288951,0.014401432541952716,0.022219638683909387,0.027143628375426443,0.007832440044819894,0.03750150288842674,0.01875546624121327,0.02530229486983071,16
Byappanahalli kere,06/24,1,,,,,,,,,,,,,,,,,,,,,0
Kowdenahalli Kere,06/24,1,,,,,,,,,,,,,,,,,,,,,0
Krishnarajapuram kere,06/24,1,,,,,,,,,,,,,,,,,,,,,0
Basavanapura kere,06/24,1,,,,,,,,,,,,,,,,,,,,,0
Shegehalli kere,06/24,1,,,,,,,,,,,,,,,,,,,,,0
Mangamanapalya Kere,06/24,1,,,,,,,,,,,,,,,,,,,,,0
Hoodi kere-2,06/24,1,,,,,,,,,,,,,,,,,,,,,0
Jimkenahalli Kere,06/24,1,,,,,,,,,,,,,,,,,,,,,0
Kodigehalli lake,06/24,1,0.10685000032186508,0.13568600058555602,0.11117199957370758,0.13018600076436995,0.11242600038647652,0.1203279995918274,0.10856999978423118,0.11263799965381623,0.09556399956345558,0.07472400024533271,0.002564312279474163,0.003376270009181674,0.003462024516937778,0.005207226897357811,0.005274118389202826,0.006014283911394767,0.003369466243651919,0.0066098378871925125,0.005593845510006344,0.00525515218501939,50
Gangashetti kere/ Devasandra kere,06/24,1,,,,,,,,,,,,,,,,,,,,,0
Vijinapura kere2,06/24,1,,,,,,,,,,,,,,,,,,,,,0
B.Narayanapura kere,06/24,1,,,,,,,,,,,,,,,,,,,,,0
Melinakere,06/24,1,,,,,,,,,,,,,,,,,,,,,0
Kelaginakere,06/24,1,,,,,,,,,,,,,,,,,,,,,0
Rachenahalli kere,06/24,1,,,,,,,,,,,,,,,,,,,,,0
Amruthahalli Lake,06/24,1,,,,,,,,,,,,,,,,,,,,,0
Nagawara Lake,06/24,1,,,,,,,,,,,,,,,,,,,,,0
Herohalli Lake,06/24,1,,,,,,,,,,,,,,,,,,,,,0
Hebbal  kere,06/24,1,0.0537839079297137,0.06413218426122062,0.05350229902000263,0.07823793140464816,0.06479425274435131,0.07131149414284475,0.05020229899506459,0.06432758661350985,0.05683448276985651,0.05210919536907097,0.016283563630571665,0.028200169683771648,0.040135337488784874,0.046738737187392534,0.052103201798720473,0.055337612954556366,0.023101182008931877,0.058238122511710455,0.04358263561705411,0.04592637441010822,87
Mahadevapura kere,06/24,1,,,,,,,,,,,,,,,,,,,,,0
Vibhutipura kere,06/24,1,,,,,,,,,,,,,,,,,,,,,0
Rajapalya Hoodikere,06/24,1,,,,,,,,,,,,,,,,,,,,,0
Achanakere,06/24,1,,,,,,,,,,,,,,,,,,,,,0
"Yekkalagatta kere,Mahadevepura Kere",06/24,1,,,,,,,,,,,,,,,,,,,,,0
Pattaduru Agrahara kere-2,06/24,1,,,,,,,,,,,,,,,,,,,,,0
Nallurahallikere,06/24,1,,,,,,,,,,,,,,,,,,,,,0
Thubarahalli lake,06/24,1,,,,,,,,,,,,,,,,,,,,,0
Sheelavantana kere,06/24,1,,,,,,,,,,,,,,,,,,,,,0
Doddanekundi Kunte,06/24,1,,,,,,,,,,,,,,,,,,,,,0
Chinnappanahalli  kere1,06/24,1,,,,,,,,,,,,,,,,,,,,,0
Doddanekundi kere,06/24,1,0.08839999884366989,0.12020000070333481,0.09759999811649323,0.12049999833106995,0.10320000350475311,0.11299999803304672,0.09759999811649323,0.10140000283718109,0.07850000262260437,0.061000000685453415,0.0,0.0,0.0,0.0,0.0,0.0,0.0,0.0,0.0,0.0,1
Kundalahalli kere,06/24,1,,,,,,,,,,,,,,,,,,,,,0
Acchanakere,06/24,1,,,,,,,,,,,,,,,,,,,,,0
Varthur lake,06/24,1,,,,,,,,,,,,,,,,,,,,,0
Narasipura Lake-1,06/24,1,,,,,,,,,,,,,,,,,,,,,0
Narasipura Lake-2,06/24,1,,,,,,,,,,,,,,,,,,,,,0
Ulsoor Lake,06/24,1,0.08460475115012799,0.13207420797774155,0.08281561085001915,0.15108348466287372,0.11427239822518771,0.1211914027202453,0.1013567872783717,0.09254886890968046,0.060240724018661145,0.048582579316866346,0.004915351261655965,0.006190579292499831,0.005257204151372552,0.0073212960026657605,0.006653673196606332,0.007639449687485747,0.005774104176341083,0.007855689859791194,0.004982495836125832,0.005058820438268743,442
Gunduru Lake,07/24,0,,,,,,,,,,,,,,,,,,,,,
Doddebele,07/24,0,,,,,,,,,,,,,,,,,,,,,
Somapura,07/24,0,,,,,,,,,,,,,,,,,,,,,
Mailasandra,07/24,0,,,,,,,,,,,,,,,,,,,,,
Kengeri 1,07/24,0,,,,,,,,,,,,,,,,,,,,,
Kengeri 2,07/24,0,,,,,,,,,,,,,,,,,,,,,
Chenvinayanahalli,07/24,0,,,,,,,,,,,,,,,,,,,,,
Annamma kere,07/24,0,,,,,,,,,,,,,,,,,,,,,
Deevatigeramnahalli kere,07/24,0,,,,,,,,,,,,,,,,,,,,,
Devarakere,07/24,0,,,,,,,,,,,,,,,,,,,,,
Doraikere,07/24,0,,,,,,,,,,,,,,,,,,,,,
Goudanakere,07/24,0,,,,,,,,,,,,,,,,,,,,,
Gubbalal kere,07/24,0,,,,,,,,,,,,,,,,,,,,,
Halagevaderahalli kere-2,07/24,0,,,,,,,,,,,,,,,,,,,,,
Herohalli Thotadakere,07/24,0,,,,,,,,,,,,,,,,,,,,,
Hosakerehalli Kere,07/24,0,,,,,,,,,,,,,,,,,,,,,
Kempambudhi lake,07/24,0,,,,,,,,,,,,,,,,,,,,,
Laggeri Lake,07/24,0,,,,,,,,,,,,,,,,,,,,,
Mallathahalli Lake,07/24,0,,,,,,,,,,,,,,,,,,,,,
Moge kere,07/24,0,,,,,,,,,,,,,,,,,,,,,
Muppatu Kavalu Hosa Kere,07/24,0,,,,,,,,,,,,,,,,,,,,,
Nayandanahalli kere,07/24,0,,,,,,,,,,,,,,,,,,,,,
Sankey Tank,07/24,0,,,,,,,,,,,,,,,,,,,,,
Subramhanyapura kere,07/24,0,,,,,,,,,,,,,,,,,,,,,
Ullalu lake-2,07/24,0,,,,,,,,,,,,,,,,,,,,,
Valagerehalli kere,07/24,0,,,,,,,,,,,,,,,,,,,,,
Yediyur kere,07/24,0,,,,,,,,,,,,,,,,,,,,,
Bhimmanakuppe Govt lake,07/24,0,,,,,,,,,,,,,,,,,,,,,
Srigandhakavalu Karabu Katte,07/24,0,,,,,,,,,,,,,,,,,,,,,
Janaradhan kere,07/24,0,,,,,,,,,,,,,,,,,,,,,
Konashetty kere,07/24,0,,,,,,,,,,,,,,,,,,,,,
Nagarabhavi (Un-named Lake on map),07/24,0,,,,,,,,,,,,,,,,,,,,,
Sompura Govt.lake,07/24,0,,,,,,,,,,,,,,,,,,,,,
Lakshmipura Lake,07/24,0,,,,,,,,,,,,,,,,,,,,,
Amrutnagar Lake,07/24,0,,,,,,,,,,,,,,,,,,,,,
Hoysalanagara Lake,07/24,0,,,,,,,,,,,,,,,,,,,,,
Basavanagar Lake,07/24,0,,,,,,,,,,,,,,,,,,,,,
Ajjegowdana katte,07/24,0,,,,,,,,,,,,,,,,,,,,,
Kodigehalli kere,07/24,0,,,,,,,,,,,,,,,,,,,,,
Kommaghatta Govt. Lake,07/24,0,,,,,,,,,,,,,,,,,,,,,
Manganahalli Lake,07/24,0,,,,,,,,,,,,,,,,,,,,,
Bhattarahalli kere,07/24,0,,,,,,,,,,,,,,,,,,,,,
Thirumenahalli lake,07/24,0,,,,,,,,,,,,,,,,,,,,,
Avalahali kere,07/24,0,,,,,,,,,,,,,,,,,,,,,
Begur Lake,07/24,0,,,,,,,,,,,,,,,,,,,,,
meenakshi lake,07/24,0,,,,,,,,,,,,,,,,,,,,,
Kannuru kere,07/24,0,,,,,,,,,,,,,,,,,,,,,
Kannuru kere,07/24,0,,,,,,,,,,,,,,,,,,,,,
Doddagubbi kere,07/24,0,,,,,,,,,,,,,,,,,,,,,
Suggata kere,07/24,0,,,,,,,,,,,,,,,,,,,,,
Yelahanka Lake,07/24,0,,,,,,,,,,,,,,,,,,,,,
Dodda Bommasandra Lake,07/24,0,,,,,,,,,,,,,,,,,,,,,
Singapura lake,07/24,0,,,,,,,,,,,,,,,,,,,,,
Chellaghatta kere,07/24,0,,,,,,,,,,,,,,,,,,,,,
Bellandur Amanikere,07/24,0,,,,,,,,,,,,,,,,,,,,,
Abbigere Kere,07/24,0,,,,,,,,,,,,,,,,,,,,,
Kammagondanahalli lake,07/24,0,,,,,,,,,,,,,,,,,,,,,
Mallasandra Lake-2,07/24,0,,,,,,,,,,,,,,,,,,,,,
Chikkabanavara kere,07/24,0,,,,,,,,,,,,,,,,,,,,,
Mallasandra Gudde lake,07/24,0,,,,,,,,,,,,,,,,,,,,,
Bagalagunte Govt.Lake,07/24,0,,,,,,,,,,,,,,,,,,,,,
Lalbagh kere,07/24,0,,,,,,,,,,,,,,,,,,,,,
Chikkabellanduru kere,07/24,0,,,,,,,,,,,,,,,,,,,,,
Carmelarm,07/24,0,,,,,,,,,,,,,,,,,,,,,
Gunjuruplaya kere,07/24,0,,,,,,,,,,,,,,,,,,,,,
Govt. Dinnekere,07/24,0,,,,,,,,,,,,,,,,,,,,,
Panattur Govt.kere,07/24,0,,,,,,,,,,,,,,,,,,,,,
Gramadakere,07/24,0,,,,,,,,,,,,,,,,,,,,,
Ambalipura Kelagina kere,07/24,0,,,,,,,,,,,,,,,,,,,,,
Melinakere,07/24,0,,,,,,,,,,,,,,,,,,,,,
Sowl kere,07/24,0,,,,,,,,,,,,,,,,,,,,,
Bhoganahalli kere,07/24,0,,,,,,,,,,,,,,,,,,,,,
Devarabisanahalli kere,07/24,0,,,,,,,,,,,,,,,,,,,,,
Doddakanneli Gramadakere,07/24,0,,,,,,,,,,,,,,,,,,,,,
Lakedew Appartment lake,07/24,0,,,,,,,,,,,,,,,,,,,,,
Kaikondanahalli kere,07/24,0,,,,,,,,,,,,,,,,,,,,,
Kasavanahalli kere,07/24,0,,,,,,,,,,,,,,,,,,,,,
Mestripalya lake,07/24,0,,,,,,,,,,,,,,,,,,,,,
Tavarekere lake,07/24,0,,,,,,,,,,,,,,,,,,,,,
Byrasandra Kere,07/24,0,,,,,,,,,,,,,,,,,,,,,
J P Park Kere,07/24,0,,,,,,,,,,,,,,,,,,,,,
Agara kere,07/24,0,,,,,,,,,,,,,,,,,,,,,
Ibbalur Govt. Lake,07/24,0,,,,,,,,,,,,,,,,,,,,,
sarraki kere,07/24,0,,,,,,,,,,,,,,,,,,,,,
Puttenahalli Kere,07/24,0,,,,,,,,,,,,,,,,,,,,,
Madivala Kere,07/24,0,,,,,,,,,,,,,,,,,,,,,
Somasundrapalya lake,07/24,0,,,,,,,,,,,,,,,,,,,,,
singasandra,07/24,0,,,,,,,,,,,,,,,,,,,,,
Kodagi Singasandra kere,07/24,0,,,,,,,,,,,,,,,,,,,,,
doddakodlu,07/24,0,,,,,,,,,,,,,,,,,,,,,
Karabu Kere/Konappana agrahara lake,07/24,0,,,,,,,,,,,,,,,,,,,,,
Parapana Agahara Lake,07/24,0,,,,,,,,,,,,,,,,,,,,,
Kudlu Chikere,07/24,0,,,,,,,,,,,,,,,,,,,,,
Kelaginakere,07/24,0,,,,,,,,,,,,,,,,,,,,,
Melinakere,07/24,0,,,,,,,,,,,,,,,,,,,,,
Basavanapura Kere,07/24,0,,,,,,,,,,,,,,,,,,,,,
Swarna Kunte Gudde Lake,07/24,0,,,,,,,,,,,,,,,,,,,,,
Chikkabegur kere,07/24,0,,,,,,,,,,,,,,,,,,,,,
Elenahalli Lake,07/24,0,,,,,,,,,,,,,,,,,,,,,
Kalena Agrahara Govt. Lake,07/24,0,,,,,,,,,,,,,,,,,,,,,
Infrastructure Corridor,07/24,0,,,,,,,,,,,,,,,,,,,,,
Beratena Agrahara Lake,07/24,0,,,,,,,,,,,,,,,,,,,,,
Mylasandra Dodda Agrahara kere,07/24,0,,,,,,,,,,,,,,,,,,,,,
Arekere Govt. lake,07/24,0,,,,,,,,,,,,,,,,,,,,,
Hulimavu Kere,07/24,0,,,,,,,,,,,,,,,,,,,,,
Akashaya nagar Kere,07/24,0,,,,,,,,,,,,,,,,,,,,,
Gottigere Kere,07/24,0,,,,,,,,,,,,,,,,,,,,,
Kothanaru Kere,07/24,0,,,,,,,,,,,,,,,,,,,,,
RBI layout kere,07/24,0,,,,,,,,,,,,,,,,,,,,,
Chunchanaghatta Kere,07/24,0,,,,,,,,,,,,,,,,,,,,,
Alahalli Kere,07/24,0,,,,,,,,,,,,,,,,,,,,,
Kembathahali kere,07/24,0,,,,,,,,,,,,,,,,,,,,,
Doddakallasandra  kere,07/24,0,,,,,,,,,,,,,,,,,,,,,
Konanakunte  kere,07/24,0,,,,,,,,,,,,,,,,,,,,,
Thalagattapura lake,07/24,0,,,,,,,,,,,,,,,,,,,,,
Vajarahalli Govt.Katte,07/24,0,,,,,,,,,,,,,,,,,,,,,
Harohalli kere,07/24,0,,,,,,,,,,,,,,,,,,,,,
Puttenahalli Lake,07/24,0,,,,,,,,,,,,,,,,,,,,,
Chellakere kere,07/24,0,,,,,,,,,,,,,,,,,,,,,
Horamavu Agara,07/24,0,,,,,,,,,,,,,,,,,,,,,
Horamavu kere,07/24,0,,,,,,,,,,,,,,,,,,,,,
Kalkere Kere,07/24,0,,,,,,,,,,,,,,,,,,,,,
Nagareshvara Nagenahalli Kere,07/24,0,,,,,,,,,,,,,,,,,,,,,
Rampura Kere,07/24,0,,,,,,,,,,,,,,,,,,,,,
Atturu kere,07/24,0,,,,,,,,,,,,,,,,,,,,,
Veerasagara kere,07/24,0,,,,,,,,,,,,,,,,,,,,,
Dodda bettahalli,07/24,0,,,,,,,,,,,,,,,,,,,,,
Dasarahalli kere,07/24,0,,,,,,,,,,,,,,,,,,,,,
Doddabidarakallu lake,07/24,0,,,,,,,,,,,,,,,,,,,,,
Allasandra Lake,07/24,0,,,,,,,,,,,,,,,,,,,,,
Andhrahalli Lake,07/24,0,,,,,,,,,,,,,,,,,,,,,
Handrahalli kere,07/24,0,,,,,,,,,,,,,,,,,,,,,
Narasappanahalli kere,07/24,0,,,,,,,,,,,,,,,,,,,,,
Valagere,07/24,0,,,,,,,,,,,,,,,,,,,,,
Shivapura New tank,07/24,0,,,,,,,,,,,,,,,,,,,,,
Agrahara Lake,07/24,0,,,,,,,,,,,,,,,,,,,,,
Chokkanahalli lake,07/24,0,,,,,,,,,,,,,,,,,,,,,
Jakkuru lake,07/24,0,,,,,,,,,,,,,,,,,,,,,
palanahalli,07/24,0,,,,,,,,,,,,,,,,,,,,,
Kattigenahalli lake,07/24,0,,,,,,,,,,,,,,,,,,,,,
Kogilu kere,07/24,0,,,,,,,,,,,,,,,,,,,,,
Venkateshapura lake,07/24,0,,,,,,,,,,,,,,,,,,,,,
Bellihalli kere,07/24,0,,,,,,,,,,,,,,,,,,,,,
B. Channasandra lake,07/24,0,,,,,,,,,,,,,,,,,,,,,
Byappanahalli kere,07/24,0,,,,,,,,,,,,,,,,,,,,,
Kowdenahalli Kere,07/24,0,,,,,,,,,,,,,,,,,,,,,
Krishnarajapuram kere,07/24,0,,,,,,,,,,,,,,,,,,,,,
Basavanapura kere,07/24,0,,,,,,,,,,,,,,,,,,,,,
Shegehalli kere,07/24,0,,,,,,,,,,,,,,,,,,,,,
Mangamanapalya Kere,07/24,0,,,,,,,,,,,,,,,,,,,,,
Hoodi kere-2,07/24,0,,,,,,,,,,,,,,,,,,,,,
Jimkenahalli Kere,07/24,0,,,,,,,,,,,,,,,,,,,,,
Kodigehalli lake,07/24,0,,,,,,,,,,,,,,,,,,,,,
Gangashetti kere/ Devasandra kere,07/24,0,,,,,,,,,,,,,,,,,,,,,
Vijinapura kere2,07/24,0,,,,,,,,,,,,,,,,,,,,,
B.Narayanapura kere,07/24,0,,,,,,,,,,,,,,,,,,,,,
Melinakere,07/24,0,,,,,,,,,,,,,,,,,,,,,
Kelaginakere,07/24,0,,,,,,,,,,,,,,,,,,,,,
Rachenahalli kere,07/24,0,,,,,,,,,,,,,,,,,,,,,
Amruthahalli Lake,07/24,0,,,,,,,,,,,,,,,,,,,,,
Nagawara Lake,07/24,0,,,,,,,,,,,,,,,,,,,,,
Herohalli Lake,07/24,0,,,,,,,,,,,,,,,,,,,,,
Hebbal  kere,07/24,0,,,,,,,,,,,,,,,,,,,,,
Mahadevapura kere,07/24,0,,,,,,,,,,,,,,,,,,,,,
Vibhutipura kere,07/24,0,,,,,,,,,,,,,,,,,,,,,
Rajapalya Hoodikere,07/24,0,,,,,,,,,,,,,,,,,,,,,
Achanakere,07/24,0,,,,,,,,,,,,,,,,,,,,,
"Yekkalagatta kere,Mahadevepura Kere",07/24,0,,,,,,,,,,,,,,,,,,,,,
Pattaduru Agrahara kere-2,07/24,0,,,,,,,,,,,,,,,,,,,,,
Nallurahallikere,07/24,0,,,,,,,,,,,,,,,,,,,,,
Thubarahalli lake,07/24,0,,,,,,,,,,,,,,,,,,,,,
Sheelavantana kere,07/24,0,,,,,,,,,,,,,,,,,,,,,
Doddanekundi Kunte,07/24,0,,,,,,,,,,,,,,,,,,,,,
Chinnappanahalli  kere1,07/24,0,,,,,,,,,,,,,,,,,,,,,
Doddanekundi kere,07/24,0,,,,,,,,,,,,,,,,,,,,,
Kundalahalli kere,07/24,0,,,,,,,,,,,,,,,,,,,,,
Acchanakere,07/24,0,,,,,,,,,,,,,,,,,,,,,
Varthur lake,07/24,0,,,,,,,,,,,,,,,,,,,,,
Narasipura Lake-1,07/24,0,,,,,,,,,,,,,,,,,,,,,
Narasipura Lake-2,07/24,0,,,,,,,,,,,,,,,,,,,,,
Ulsoor Lake,07/24,0,,,,,,,,,,,,,,,,,,,,,
Gunduru Lake,08/24,0,,,,,,,,,,,,,,,,,,,,,
Doddebele,08/24,0,,,,,,,,,,,,,,,,,,,,,
Somapura,08/24,0,,,,,,,,,,,,,,,,,,,,,
Mailasandra,08/24,0,,,,,,,,,,,,,,,,,,,,,
Kengeri 1,08/24,0,,,,,,,,,,,,,,,,,,,,,
Kengeri 2,08/24,0,,,,,,,,,,,,,,,,,,,,,
Chenvinayanahalli,08/24,0,,,,,,,,,,,,,,,,,,,,,
Annamma kere,08/24,0,,,,,,,,,,,,,,,,,,,,,
Deevatigeramnahalli kere,08/24,0,,,,,,,,,,,,,,,,,,,,,
Devarakere,08/24,0,,,,,,,,,,,,,,,,,,,,,
Doraikere,08/24,0,,,,,,,,,,,,,,,,,,,,,
Goudanakere,08/24,0,,,,,,,,,,,,,,,,,,,,,
Gubbalal kere,08/24,0,,,,,,,,,,,,,,,,,,,,,
Halagevaderahalli kere-2,08/24,0,,,,,,,,,,,,,,,,,,,,,
Herohalli Thotadakere,08/24,0,,,,,,,,,,,,,,,,,,,,,
Hosakerehalli Kere,08/24,0,,,,,,,,,,,,,,,,,,,,,
Kempambudhi lake,08/24,0,,,,,,,,,,,,,,,,,,,,,
Laggeri Lake,08/24,0,,,,,,,,,,,,,,,,,,,,,
Mallathahalli Lake,08/24,0,,,,,,,,,,,,,,,,,,,,,
Moge kere,08/24,0,,,,,,,,,,,,,,,,,,,,,
Muppatu Kavalu Hosa Kere,08/24,0,,,,,,,,,,,,,,,,,,,,,
Nayandanahalli kere,08/24,0,,,,,,,,,,,,,,,,,,,,,
Sankey Tank,08/24,0,,,,,,,,,,,,,,,,,,,,,
Subramhanyapura kere,08/24,0,,,,,,,,,,,,,,,,,,,,,
Ullalu lake-2,08/24,0,,,,,,,,,,,,,,,,,,,,,
Valagerehalli kere,08/24,0,,,,,,,,,,,,,,,,,,,,,
Yediyur kere,08/24,0,,,,,,,,,,,,,,,,,,,,,
Bhimmanakuppe Govt lake,08/24,0,,,,,,,,,,,,,,,,,,,,,
Srigandhakavalu Karabu Katte,08/24,0,,,,,,,,,,,,,,,,,,,,,
Janaradhan kere,08/24,0,,,,,,,,,,,,,,,,,,,,,
Konashetty kere,08/24,0,,,,,,,,,,,,,,,,,,,,,
Nagarabhavi (Un-named Lake on map),08/24,0,,,,,,,,,,,,,,,,,,,,,
Sompura Govt.lake,08/24,0,,,,,,,,,,,,,,,,,,,,,
Lakshmipura Lake,08/24,0,,,,,,,,,,,,,,,,,,,,,
Amrutnagar Lake,08/24,0,,,,,,,,,,,,,,,,,,,,,
Hoysalanagara Lake,08/24,0,,,,,,,,,,,,,,,,,,,,,
Basavanagar Lake,08/24,0,,,,,,,,,,,,,,,,,,,,,
Ajjegowdana katte,08/24,0,,,,,,,,,,,,,,,,,,,,,
Kodigehalli kere,08/24,0,,,,,,,,,,,,,,,,,,,,,
Kommaghatta Govt. Lake,08/24,0,,,,,,,,,,,,,,,,,,,,,
Manganahalli Lake,08/24,0,,,,,,,,,,,,,,,,,,,,,
Bhattarahalli kere,08/24,0,,,,,,,,,,,,,,,,,,,,,
Thirumenahalli lake,08/24,0,,,,,,,,,,,,,,,,,,,,,
Avalahali kere,08/24,0,,,,,,,,,,,,,,,,,,,,,
Begur Lake,08/24,0,,,,,,,,,,,,,,,,,,,,,
meenakshi lake,08/24,0,,,,,,,,,,,,,,,,,,,,,
Kannuru kere,08/24,0,,,,,,,,,,,,,,,,,,,,,
Kannuru kere,08/24,0,,,,,,,,,,,,,,,,,,,,,
Doddagubbi kere,08/24,0,,,,,,,,,,,,,,,,,,,,,
Suggata kere,08/24,0,,,,,,,,,,,,,,,,,,,,,
Yelahanka Lake,08/24,0,,,,,,,,,,,,,,,,,,,,,
Dodda Bommasandra Lake,08/24,0,,,,,,,,,,,,,,,,,,,,,
Singapura lake,08/24,0,,,,,,,,,,,,,,,,,,,,,
Chellaghatta kere,08/24,0,,,,,,,,,,,,,,,,,,,,,
Bellandur Amanikere,08/24,0,,,,,,,,,,,,,,,,,,,,,
Abbigere Kere,08/24,0,,,,,,,,,,,,,,,,,,,,,
Kammagondanahalli lake,08/24,0,,,,,,,,,,,,,,,,,,,,,
Mallasandra Lake-2,08/24,0,,,,,,,,,,,,,,,,,,,,,
Chikkabanavara kere,08/24,0,,,,,,,,,,,,,,,,,,,,,
Mallasandra Gudde lake,08/24,0,,,,,,,,,,,,,,,,,,,,,
Bagalagunte Govt.Lake,08/24,0,,,,,,,,,,,,,,,,,,,,,
Lalbagh kere,08/24,0,,,,,,,,,,,,,,,,,,,,,
Chikkabellanduru kere,08/24,0,,,,,,,,,,,,,,,,,,,,,
Carmelarm,08/24,0,,,,,,,,,,,,,,,,,,,,,
Gunjuruplaya kere,08/24,0,,,,,,,,,,,,,,,,,,,,,
Govt. Dinnekere,08/24,0,,,,,,,,,,,,,,,,,,,,,
Panattur Govt.kere,08/24,0,,,,,,,,,,,,,,,,,,,,,
Gramadakere,08/24,0,,,,,,,,,,,,,,,,,,,,,
Ambalipura Kelagina kere,08/24,0,,,,,,,,,,,,,,,,,,,,,
Melinakere,08/24,0,,,,,,,,,,,,,,,,,,,,,
Sowl kere,08/24,0,,,,,,,,,,,,,,,,,,,,,
Bhoganahalli kere,08/24,0,,,,,,,,,,,,,,,,,,,,,
Devarabisanahalli kere,08/24,0,,,,,,,,,,,,,,,,,,,,,
Doddakanneli Gramadakere,08/24,0,,,,,,,,,,,,,,,,,,,,,
Lakedew Appartment lake,08/24,0,,,,,,,,,,,,,,,,,,,,,
Kaikondanahalli kere,08/24,0,,,,,,,,,,,,,,,,,,,,,
Kasavanahalli kere,08/24,0,,,,,,,,,,,,,,,,,,,,,
Mestripalya lake,08/24,0,,,,,,,,,,,,,,,,,,,,,
Tavarekere lake,08/24,0,,,,,,,,,,,,,,,,,,,,,
Byrasandra Kere,08/24,0,,,,,,,,,,,,,,,,,,,,,
J P Park Kere,08/24,0,,,,,,,,,,,,,,,,,,,,,
Agara kere,08/24,0,,,,,,,,,,,,,,,,,,,,,
Ibbalur Govt. Lake,08/24,0,,,,,,,,,,,,,,,,,,,,,
sarraki kere,08/24,0,,,,,,,,,,,,,,,,,,,,,
Puttenahalli Kere,08/24,0,,,,,,,,,,,,,,,,,,,,,
Madivala Kere,08/24,0,,,,,,,,,,,,,,,,,,,,,
Somasundrapalya lake,08/24,0,,,,,,,,,,,,,,,,,,,,,
singasandra,08/24,0,,,,,,,,,,,,,,,,,,,,,
Kodagi Singasandra kere,08/24,0,,,,,,,,,,,,,,,,,,,,,
doddakodlu,08/24,0,,,,,,,,,,,,,,,,,,,,,
Karabu Kere/Konappana agrahara lake,08/24,0,,,,,,,,,,,,,,,,,,,,,
Parapana Agahara Lake,08/24,0,,,,,,,,,,,,,,,,,,,,,
Kudlu Chikere,08/24,0,,,,,,,,,,,,,,,,,,,,,
Kelaginakere,08/24,0,,,,,,,,,,,,,,,,,,,,,
Melinakere,08/24,0,,,,,,,,,,,,,,,,,,,,,
Basavanapura Kere,08/24,0,,,,,,,,,,,,,,,,,,,,,
Swarna Kunte Gudde Lake,08/24,0,,,,,,,,,,,,,,,,,,,,,
Chikkabegur kere,08/24,0,,,,,,,,,,,,,,,,,,,,,
Elenahalli Lake,08/24,0,,,,,,,,,,,,,,,,,,,,,
Kalena Agrahara Govt. Lake,08/24,0,,,,,,,,,,,,,,,,,,,,,
Infrastructure Corridor,08/24,0,,,,,,,,,,,,,,,,,,,,,
Beratena Agrahara Lake,08/24,0,,,,,,,,,,,,,,,,,,,,,
Mylasandra Dodda Agrahara kere,08/24,0,,,,,,,,,,,,,,,,,,,,,
Arekere Govt. lake,08/24,0,,,,,,,,,,,,,,,,,,,,,
Hulimavu Kere,08/24,0,,,,,,,,,,,,,,,,,,,,,
Akashaya nagar Kere,08/24,0,,,,,,,,,,,,,,,,,,,,,
Gottigere Kere,08/24,0,,,,,,,,,,,,,,,,,,,,,
Kothanaru Kere,08/24,0,,,,,,,,,,,,,,,,,,,,,
RBI layout kere,08/24,0,,,,,,,,,,,,,,,,,,,,,
Chunchanaghatta Kere,08/24,0,,,,,,,,,,,,,,,,,,,,,
Alahalli Kere,08/24,0,,,,,,,,,,,,,,,,,,,,,
Kembathahali kere,08/24,0,,,,,,,,,,,,,,,,,,,,,
Doddakallasandra  kere,08/24,0,,,,,,,,,,,,,,,,,,,,,
Konanakunte  kere,08/24,0,,,,,,,,,,,,,,,,,,,,,
Thalagattapura lake,08/24,0,,,,,,,,,,,,,,,,,,,,,
Vajarahalli Govt.Katte,08/24,0,,,,,,,,,,,,,,,,,,,,,
Harohalli kere,08/24,0,,,,,,,,,,,,,,,,,,,,,
Puttenahalli Lake,08/24,0,,,,,,,,,,,,,,,,,,,,,
Chellakere kere,08/24,0,,,,,,,,,,,,,,,,,,,,,
Horamavu Agara,08/24,0,,,,,,,,,,,,,,,,,,,,,
Horamavu kere,08/24,0,,,,,,,,,,,,,,,,,,,,,
Kalkere Kere,08/24,0,,,,,,,,,,,,,,,,,,,,,
Nagareshvara Nagenahalli Kere,08/24,0,,,,,,,,,,,,,,,,,,,,,
Rampura Kere,08/24,0,,,,,,,,,,,,,,,,,,,,,
Atturu kere,08/24,0,,,,,,,,,,,,,,,,,,,,,
Veerasagara kere,08/24,0,,,,,,,,,,,,,,,,,,,,,
Dodda bettahalli,08/24,0,,,,,,,,,,,,,,,,,,,,,
Dasarahalli kere,08/24,0,,,,,,,,,,,,,,,,,,,,,
Doddabidarakallu lake,08/24,0,,,,,,,,,,,,,,,,,,,,,
Allasandra Lake,08/24,0,,,,,,,,,,,,,,,,,,,,,
Andhrahalli Lake,08/24,0,,,,,,,,,,,,,,,,,,,,,
Handrahalli kere,08/24,0,,,,,,,,,,,,,,,,,,,,,
Narasappanahalli kere,08/24,0,,,,,,,,,,,,,,,,,,,,,
Valagere,08/24,0,,,,,,,,,,,,,,,,,,,,,
Shivapura New tank,08/24,0,,,,,,,,,,,,,,,,,,,,,
Agrahara Lake,08/24,0,,,,,,,,,,,,,,,,,,,,,
Chokkanahalli lake,08/24,0,,,,,,,,,,,,,,,,,,,,,
Jakkuru lake,08/24,0,,,,,,,,,,,,,,,,,,,,,
palanahalli,08/24,0,,,,,,,,,,,,,,,,,,,,,
Kattigenahalli lake,08/24,0,,,,,,,,,,,,,,,,,,,,,
Kogilu kere,08/24,0,,,,,,,,,,,,,,,,,,,,,
Venkateshapura lake,08/24,0,,,,,,,,,,,,,,,,,,,,,
Bellihalli kere,08/24,0,,,,,,,,,,,,,,,,,,,,,
B. Channasandra lake,08/24,0,,,,,,,,,,,,,,,,,,,,,
Byappanahalli kere,08/24,0,,,,,,,,,,,,,,,,,,,,,
Kowdenahalli Kere,08/24,0,,,,,,,,,,,,,,,,,,,,,
Krishnarajapuram kere,08/24,0,,,,,,,,,,,,,,,,,,,,,
Basavanapura kere,08/24,0,,,,,,,,,,,,,,,,,,,,,
Shegehalli kere,08/24,0,,,,,,,,,,,,,,,,,,,,,
Mangamanapalya Kere,08/24,0,,,,,,,,,,,,,,,,,,,,,
Hoodi kere-2,08/24,0,,,,,,,,,,,,,,,,,,,,,
Jimkenahalli Kere,08/24,0,,,,,,,,,,,,,,,,,,,,,
Kodigehalli lake,08/24,0,,,,,,,,,,,,,,,,,,,,,
Gangashetti kere/ Devasandra kere,08/24,0,,,,,,,,,,,,,,,,,,,,,
Vijinapura kere2,08/24,0,,,,,,,,,,,,,,,,,,,,,
B.Narayanapura kere,08/24,0,,,,,,,,,,,,,,,,,,,,,
Melinakere,08/24,0,,,,,,,,,,,,,,,,,,,,,
Kelaginakere,08/24,0,,,,,,,,,,,,,,,,,,,,,
Rachenahalli kere,08/24,0,,,,,,,,,,,,,,,,,,,,,
Amruthahalli Lake,08/24,0,,,,,,,,,,,,,,,,,,,,,
Nagawara Lake,08/24,0,,,,,,,,,,,,,,,,,,,,,
Herohalli Lake,08/24,0,,,,,,,,,,,,,,,,,,,,,
Hebbal  kere,08/24,0,,,,,,,,,,,,,,,,,,,,,
Mahadevapura kere,08/24,0,,,,,,,,,,,,,,,,,,,,,
Vibhutipura kere,08/24,0,,,,,,,,,,,,,,,,,,,,,
Rajapalya Hoodikere,08/24,0,,,,,,,,,,,,,,,,,,,,,
Achanakere,08/24,0,,,,,,,,,,,,,,,,,,,,,
"Yekkalagatta kere,Mahadevepura Kere",08/24,0,,,,,,,,,,,,,,,,,,,,,
Pattaduru Agrahara kere-2,08/24,0,,,,,,,,,,,,,,,,,,,,,
Nallurahallikere,08/24,0,,,,,,,,,,,,,,,,,,,,,
Thubarahalli lake,08/24,0,,,,,,,,,,,,,,,,,,,,,
Sheelavantana kere,08/24,0,,,,,,,,,,,,,,,,,,,,,
Doddanekundi Kunte,08/24,0,,,,,,,,,,,,,,,,,,,,,
Chinnappanahalli  kere1,08/24,0,,,,,,,,,,,,,,,,,,,,,
Doddanekundi kere,08/24,0,,,,,,,,,,,,,,,,,,,,,
Kundalahalli kere,08/24,0,,,,,,,,,,,,,,,,,,,,,
Acchanakere,08/24,0,,,,,,,,,,,,,,,,,,,,,
Varthur lake,08/24,0,,,,,,,,,,,,,,,,,,,,,
Narasipura Lake-1,08/24,0,,,,,,,,,,,,,,,,,,,,,
Narasipura Lake-2,08/24,0,,,,,,,,,,,,,,,,,,,,,
Ulsoor Lake,08/24,0,,,,,,,,,,,,,,,,,,,,,
Gunduru Lake,09/24,1,,,,,,,,,,,,,,,,,,,,,0
Doddebele,09/24,1,0.027013636448166588,0.04217500011013313,0.022028409177437425,0.045620454644615,0.020796590992672878,0.024221590857698837,0.019719318116337738,0.018407954564529726,0.024719318205660038,0.019086363651281732,0.001813596479226275,0.001747872087300522,0.0018765870719868012,0.0027460780898806384,0.006134097023542416,0.008577301272070346,0.003940692539379181,0.00952357381383694,0.0052858271857741355,0.0034832449629679857,88
Somapura,09/24,1,,,,,,,,,,,,,,,,,,,,,0
Mailasandra,09/24,1,,,,,,,,,,,,,,,,,,,,,0
Kengeri 1,09/24,1,,,,,,,,,,,,,,,,,,,,,0
Kengeri 2,09/24,1,,,,,,,,,,,,,,,,,,,,,0
Chenvinayanahalli,09/24,1,0.03470833351214727,0.06397500075399876,0.03471666667610407,0.07749166650076707,0.04580833328266939,0.04690000042319298,0.04001666698604822,0.024583333327124517,0.03355833344782392,0.023724999899665516,0.0012789697967004637,0.001570097831000555,0.0015104270014853014,0.0025578180144401616,0.006885910769071171,0.003959377291954122,0.003153789834639186,0.004765996449651371,0.0033225135464759483,0.002655536654269072,12
Annamma kere,09/24,1,0.04333873529232288,0.08260290666295605,0.05098002808724162,0.09913661977602309,0.06176842615819066,0.07638156354008124,0.05654536154562028,0.055567426436815226,0.04677109981431666,0.0353454315527785,0.003194837758651983,0.0031050015536314645,0.004761676843249543,0.0065599920985204676,0.012175192054315378,0.016779823688938655,0.007586889117246632,0.014974427786383002,0.009432866442044168,0.0075793748167059805,17
Deevatigeramnahalli kere,09/24,1,0.03440000116825104,0.05770000070333481,0.035100001841783524,0.06620000302791595,0.04560000076889992,0.05959999933838844,0.046300001442432404,0.05950000137090683,0.04729999974370003,0.035100001841783524,0.0,0.0,0.0,0.0,0.0,0.0,0.0,0.0,0.0,0.0,1
Devarakere,09/24,1,0.04012222256925371,0.07736666666136847,0.05045555573370722,0.10325555668936835,0.06128888866967625,0.0709888885418574,0.058655555049578346,0.04552222208844291,0.030588889287577734,0.024188888776633475,9.56588271635052E-4,9.297557068044869E-4,0.0014291496904529177,0.0020704855876370514,0.002470916744673889,0.004074976232446342,0.00227406212292906,0.0020142699770365536,0.0029823353910163877,0.002631199312958027,9
Doraikere,09/24,1,,,,,,,,,,,,,,,,,,,,,0
Goudanakere,09/24,1,,,,,,,,,,,,,,,,,,,,,0
Gubbalal kere,09/24,1,,,,,,,,,,,,,,,,,,,,,0
Halagevaderahalli kere-2,09/24,1,,,,,,,,,,,,,,,,,,,,,0
Herohalli Thotadakere,09/24,1,,,,,,,,,,,,,,,,,,,,,0
Hosakerehalli Kere,09/24,1,,,,,,,,,,,,,,,,,,,,,0
Kempambudhi lake,09/24,1,,,,,,,,,,,,,,,,,,,,,0
Laggeri Lake,09/24,1,,,,,,,,,,,,,,,,,,,,,0
Mallathahalli Lake,09/24,1,0.057100001722574234,0.10689999908208847,0.09690000116825104,0.1509999930858612,0.09969999641180038,0.10849999636411667,0.08630000054836273,0.07129999995231628,0.034299999475479126,0.02319999970495701,0.0,0.0,0.0,0.0,0.0,0.0,0.0,0.0,0.0,0.0,1
Moge kere,09/24,1,,,,,,,,,,,,,,,,,,,,,0
Muppatu Kavalu Hosa Kere,09/24,1,,,,,,,,,,,,,,,,,,,,,0
Nayandanahalli kere,09/24,1,,,,,,,,,,,,,,,,,,,,,0
Sankey Tank,09/24,1,0.0300054765754042,0.03912504760784662,0.02872001715556025,0.03541521442153872,0.021499288136502988,0.02597067213808904,0.023192986021958285,0.02438048591712474,0.02739899394267869,0.021785392972938408,0.004383826159334123,0.004997411584297535,0.005001695069032102,0.0065229662739584625,0.006793250606772756,0.006580376256113687,0.005798143054372413,0.007937842722760848,0.008971497855666217,0.007656594187450156,124
Subramhanyapura kere,09/24,1,,,,,,,,,,,,,,,,,,,,,0
Ullalu lake-2,09/24,1,,,,,,,,,,,,,,,,,,,,,0
Valagerehalli kere,09/24,1,0.03642513250919762,0.05411758300361057,0.03865764899463054,0.06478870928854934,0.04200725164017732,0.04849496712007664,0.04084437065295233,0.039072682495099424,0.03846768211227971,0.03190937080167678,0.002063862598863522,0.0021830628771401686,0.002080662950404353,0.002701421648720325,0.0037123947708987137,0.0049634375215754185,0.0027638648469858803,0.004548099440626995,0.0032437926782889347,0.0034149488404670624,36
Yediyur kere,09/24,1,0.02907758623618504,0.07122931089894526,0.03253448285676282,0.0754844827641701,0.040662069034216736,0.04617413804577342,0.037479310585507034,0.033560344756677234,0.02858793125327291,0.022236206954152418,0.005004620023213474,0.009851011164027677,0.005384702286836042,0.011169119868436278,0.009443531408850445,0.011278107851396333,0.008262519672417002,0.012280836459672722,0.009128849330953896,0.005875539562925661,58
Bhimmanakuppe Govt lake,09/24,1,,,,,,,,,,,,,,,,,,,,,0
Srigandhakavalu Karabu Katte,09/24,1,,,,,,,,,,,,,,,,,,,,,0
Janaradhan kere,09/24,1,,,,,,,,,,,,,,,,,,,,,0
Konashetty kere,09/24,1,,,,,,,,,,,,,,,,,,,,,0
Nagarabhavi (Un-named Lake on map),09/24,1,,,,,,,,,,,,,,,,,,,,,0
Sompura Govt.lake,09/24,1,,,,,,,,,,,,,,,,,,,,,0
Lakshmipura Lake,09/24,1,,,,,,,,,,,,,,,,,,,,,0
Amrutnagar Lake,09/24,1,0.04225526323640033,0.0598105262768896,0.047778947425908165,0.0740763161723551,0.04445789479895642,0.049663158133625984,0.04448157916531751,0.04349736859531779,0.04373421069038542,0.03576578979233378,0.008076694802062892,0.009193269718812461,0.008389785562380273,0.01120395704793269,0.008548518873081223,0.00902681463813088,0.007035730467180515,0.008785529200621582,0.005905941624437032,0.005108933268845027,38
Hoysalanagara Lake,09/24,1,,,,,,,,,,,,,,,,,,,,,0
Basavanagar Lake,09/24,1,,,,,,,,,,,,,,,,,,,,,0
Ajjegowdana katte,09/24,1,,,,,,,,,,,,,,,,,,,,,0
Kodigehalli kere,09/24,1,,,,,,,,,,,,,,,,,,,,,0
Kommaghatta Govt. Lake,09/24,1,0.04313809528858179,0.07069404778026399,0.035886904978681175,0.10969523801690056,0.054719047620892525,0.05828630953051504,0.04586130970468124,0.03400773821132524,0.02242142870090902,0.016622023812184732,9.846324314275337E-4,0.0014015595559409052,0.0011683096151063666,0.00620892049815311,0.006027624482458997,0.007489539756991061,0.005327801306395264,0.007605997062756627,0.004762116567056242,0.003209517492272474,168
Manganahalli Lake,09/24,1,0.026328923014893205,0.03386985892740598,0.021153440871481067,0.034231712132859075,0.01653519626618837,0.018560208036930554,0.015153947698299634,0.014425268440175044,0.022077791126368942,0.01744292727725431,0.004289208171308876,0.004314379179622168,0.00407094567693423,0.004762739385270902,0.0063652855593346715,0.007223485408988689,0.006453763355792805,0.007474957723953209,0.005636245028513835,0.004301821379681726,855
Bhattarahalli kere,09/24,1,0.04439411431419475,0.0685830456588149,0.04630366467632073,0.07946935210023977,0.051654431455171096,0.058793777860570134,0.05016987501213077,0.045901929710995645,0.04566456535436165,0.03720805495303166,0.003896207942434842,0.004427927339690169,0.004447571153046437,0.006887324447096236,0.00781702582652318,0.007607514703941543,0.004263456869302413,0.007743302177120434,0.009463493173361637,0.006301324641276814,53
Thirumenahalli lake,09/24,1,0.025299999862909317,0.03999999910593033,0.025299999862909317,0.046799998730421066,0.028599999845027924,0.035999998450279236,0.03020000085234642,0.026499999687075615,0.03099999949336052,0.02449999935925007,0.0,0.0,0.0,0.0,0.0,0.0,0.0,0.0,0.0,0.0,1
Avalahali kere,09/24,1,0.026184927583785156,0.03680061288270644,0.021458127015861975,0.04697623882315294,0.03458630503992179,0.036091167910449806,0.027530885177443804,0.02325877774264204,0.01701148425000774,0.014182789017530216,0.005096601154568135,0.006835462756016591,0.005542584324956028,0.006828361741861978,0.005685773251360809,0.006534679165406999,0.0056880245205559775,0.005533378024962881,0.0028817727205008204,0.0022048998034270113,960
Begur Lake,09/24,1,0.05063483503845719,0.08031081084956278,0.054588588743327976,0.1001267267374305,0.06954864874571651,0.07393933917667057,0.06110510519809193,0.051352552633296265,0.034815916042025385,0.03025075073379117,0.004750949336487954,0.006202392561264557,0.005802370056373879,0.00717888377594429,0.006491637475541504,0.006975662216419736,0.005115964860702789,0.006255421687671932,0.003949731271512488,0.0037422000029075546,333
meenakshi lake,09/24,1,,,,,,,,,,,,,,,,,,,,,0
Kannuru kere,09/24,1,0.031612903252243994,0.0507032259577705,0.03688064531212853,0.07986000002391877,0.04559612906267566,0.04829225818957052,0.039628387230538555,0.033749032345029614,0.03053741952584636,0.02620580643415451,0.008609976934777334,0.010980812865596105,0.00897672353585121,0.012158371699170008,0.010957800992293832,0.011071069660029657,0.009112258689746229,0.009844929052860829,0.00738333041335976,0.007054371702057516,155
Kannuru kere,09/24,1,0.031612903252243994,0.0507032259577705,0.03688064531212853,0.07986000002391877,0.04559612906267566,0.04829225818957052,0.039628387230538555,0.033749032345029614,0.03053741952584636,0.02620580643415451,0.008609976934777334,0.010980812865596105,0.00897672353585121,0.012158371699170008,0.010957800992293832,0.011071069660029657,0.009112258689746229,0.009844929052860829,0.00738333041335976,0.007054371702057516,155
Doddagubbi kere,09/24,1,0.04390385613158612,0.06424628475039852,0.05370282992117761,0.07477357246120377,0.04626672583459392,0.050608853577699564,0.04198844977551207,0.04239448463721187,0.03643458347689038,0.02934425859733494,0.006026854176786784,0.007153827844853917,0.00749370975282783,0.008343809447181343,0.008872602298692004,0.010421567292206682,0.0066160966340764295,0.011876389640938595,0.008751446143059373,0.007838888333156125,289
Suggata kere,09/24,1,0.04457500018179417,0.07725000008940697,0.058200000785291195,0.07667499966919422,0.041150000877678394,0.042624999769032,0.04410000052303076,0.03487500036135316,0.042899999767541885,0.02964999945834279,0.0016299922406288927,0.0014115612790864763,0.0017131839234019665,0.002926068808249248,0.0015435351781664405,0.006686693940443683,0.0030157915880215,0.006074280720314994,0.0044938838766369294,0.005461455145527196,4
Yelahanka Lake,09/24,1,0.04389694177516036,0.06102931502592908,0.040799981174204795,0.043216162819648074,0.022731617649991518,0.025259264175497263,0.021423419070756827,0.022030363799336854,0.024658754367601364,0.021530223545501936,0.007266148408384181,0.00933359257132687,0.007083576754494549,0.007300699856310564,0.0076250645303505135,0.008352453332288989,0.006817111667433547,0.008889858607006217,0.007254622178221089,0.006164307158658566,2012
Dodda Bommasandra Lake,09/24,1,0.0503031589117446,0.09359453418876904,0.05521085071196039,0.10536639825069305,0.05559969650617763,0.05984635794915631,0.04697037278183349,0.037943495065701355,0.02429375692555635,0.02022617925723989,0.003942932939902183,0.005373442395707942,0.004657528967376735,0.006044317858519484,0.008217980616207732,0.010187165192027055,0.00707729486088789,0.010952238907590476,0.007894992191949729,0.0052142585645107665,631
Singapura lake,09/24,1,,,,,,,,,,,,,,,,,,,,,0
Chellaghatta kere,09/24,1,0.04789999996622404,0.08049999922513962,0.05270000050465266,0.08390000214179356,0.05753333245714506,0.06583333387970924,0.06313333287835121,0.053466666489839554,0.05473333224654198,0.031033333390951157,0.010816961728747194,0.018655293795875175,0.015048587404484864,0.018363186663808945,0.016568308329062694,0.021411732361336887,0.015491144275134037,0.014259812722542833,0.006160266610684111,0.0030269169043856993,3
Bellandur Amanikere,09/24,1,0.04721805833665877,0.06603236261839619,0.04820673151671115,0.05853967650712115,0.03345003247345439,0.03582472501557718,0.03083514571551559,0.030900194281621756,0.027280194237587135,0.021895922338258485,0.007713369477179783,0.010590849182504419,0.008841308209997525,0.009764608171949395,0.011020356743853155,0.012426109289882699,0.010521086304833461,0.012254040529027059,0.007195650187048938,0.006041832797041707,1545
Abbigere Kere,09/24,1,,,,,,,,,,,,,,,,,,,,,0
Kammagondanahalli lake,09/24,1,0.033820000290870664,0.0597800001502037,0.03650000095367432,0.06817999929189682,0.04575999975204468,0.048600000143051145,0.04350000098347664,0.036499999836087225,0.03501999974250793,0.02603999972343445,7.359344407203027E-4,5.19230006162755E-4,5.099022541161133E-4,0.0014330376156481827,0.00803308229894358,0.007612621967265723,0.0024795158061420796,0.009243592519353694,0.004720762168697573,0.0021914379829054273,5
Mallasandra Lake-2,09/24,1,,,,,,,,,,,,,,,,,,,,,0
Chikkabanavara kere,09/24,1,0.03805161303570194,0.0591806449717091,0.04239032249296865,0.07020645119970845,0.044725806542461916,0.04858064507284472,0.04295483892483096,0.039045160936732444,0.0478741935183925,0.037032258065958175,0.010296127779220711,0.019460305208683904,0.01785916872581579,0.022183790862992138,0.014219613888180003,0.01718473523020275,0.011774133503339987,0.015203242636480506,0.011821029953491272,0.00945493200665065,31
Mallasandra Gudde lake,09/24,1,,,,,,,,,,,,,,,,,,,,,0
Bagalagunte Govt.Lake,09/24,1,0.04643124993890524,0.08091250015422702,0.05124999978579581,0.08740000007674098,0.059612499782815576,0.06561874924227595,0.05880624963901937,0.04963124997448176,0.044068749994039536,0.035306250443682075,0.004035424112348069,0.004853976277143786,0.003639196661256055,0.003942555786753461,0.00703880963613772,0.006628745657259723,0.0035762180772334444,0.008247705660416226,0.003793368859112872,0.002917505101855044,16
Lalbagh kere,09/24,1,0.04924713374133323,0.08903184722942911,0.044547133740915616,0.101573885198991,0.06435414024029568,0.06944649706885314,0.055512738930191964,0.04868853524042543,0.02877834388262527,0.02149872614699564,0.004228739392251545,0.006016548476748438,0.0061068465154938256,0.00805516873376272,0.01306560854684757,0.015498853777511543,0.00785045531651755,0.019430558408611777,0.011722634799190251,0.010709100765932051,157
Chikkabellanduru kere,09/24,1,,,,,,,,,,,,,,,,,,,,,0
Carmelarm,09/24,1,0.08253333469231923,0.1320333331823349,0.10309999932845433,0.11486666649580002,0.10256666938463847,0.11929999788602193,0.0947333350777626,0.11156666527191798,0.12689999987681708,0.07963333278894424,0.0023170883590801325,0.003498892292002231,0.00759078186965108,0.011189381900483372,0.009099572615869307,0.013412182832258234,0.010312559179900503,0.006798203267629937,0.01633544634737048,0.01173039536911542,3
Gunjuruplaya kere,09/24,1,,,,,,,,,,,,,,,,,,,,,0
Govt. Dinnekere,09/24,1,,,,,,,,,,,,,,,,,,,,,0
Panattur Govt.kere,09/24,1,0.05467387899691197,0.08708307296966773,0.05325836427687697,0.07290861619209921,0.04697533173345248,0.05166232421239069,0.04375808570893769,0.044417730354674057,0.0451884982683917,0.03371032772256611,0.0037187553896849764,0.005627139398299098,0.004640102830259252,0.0076873376384591265,0.01498598332582107,0.0159498570842076,0.008800982120558541,0.017176611839046924,0.01366187903760166,0.009314430928356942,60
Gramadakere,09/24,1,,,,,,,,,,,,,,,,,,,,,0
Ambalipura Kelagina kere,09/24,1,,,,,,,,,,,,,,,,,,,,,0
Melinakere,09/24,1,,,,,,,,,,,,,,,,,,,,,0
Sowl kere,09/24,1,,,,,,,,,,,,,,,,,,,,,0
Bhoganahalli kere,09/24,1,,,,,,,,,,,,,,,,,,,,,0
Devarabisanahalli kere,09/24,1,0.06677563990740451,0.10610953374338655,0.06415507689829733,0.07336648305691931,0.0477553194150712,0.05789177875362343,0.04743225170425327,0.048139637663590244,0.04182619193592404,0.03193234606053297,0.004702306649001452,0.004603642748568217,0.004672403090319768,0.006667860474220986,0.017203153762465645,0.023474799262438718,0.012445996760786842,0.021008599832044256,0.010379877413342179,0.006056633003080977,59
Doddakanneli Gramadakere,09/24,1,0.03739999979734421,0.05530000105500221,0.03550000116229057,0.06960000097751617,0.053300000727176666,0.05810000002384186,0.04520000144839287,0.04149999842047691,0.03370000049471855,0.027300000190734863,0.0,0.0,0.0,0.0,0.0,0.0,0.0,0.0,0.0,0.0,1
Lakedew Appartment lake,09/24,1,,,,,,,,,,,,,,,,,,,,,0
Kaikondanahalli kere,09/24,1,,,,,,,,,,,,,,,,,,,,,0
Kasavanahalli kere,09/24,1,0.06320077563004499,0.09520789398956044,0.061594446692699215,0.07068927153402993,0.03742429696491214,0.04163704984436769,0.034999215197570224,0.03465255508835961,0.03256505550124978,0.02563474443141068,0.0062350233722564905,0.007652054270300019,0.006643981500387905,0.006351013283740406,0.010048067174239911,0.01227042984667836,0.009058739293422177,0.012888751238389456,0.00944023894115795,0.006481784551105594,250
Mestripalya lake,09/24,1,,,,,,,,,,,,,,,,,,,,,0
Tavarekere lake,09/24,1,,,,,,,,,,,,,,,,,,,,,0
Byrasandra Kere,09/24,1,,,,,,,,,,,,,,,,,,,,,0
J P Park Kere,09/24,1,0.1589999943971634,0.2921000123023987,0.3248000144958496,0.335099995136261,0.21940000355243683,0.22300000488758087,0.1842000037431717,0.15230000019073486,0.07109999656677246,0.04989999905228615,0.0,0.0,0.0,0.0,0.0,0.0,0.0,0.0,0.0,0.0,1
Agara kere,09/24,1,0.029856164003622686,0.04164059533059648,0.027545900034387512,0.03959884235217525,0.02447262168496375,0.02880314486331038,0.025702881870339468,0.026039049637101512,0.028280854372496656,0.023246259051472096,0.0064925200921816,0.006774625449703082,0.007094116680451119,0.006900163673899736,0.008341944624446384,0.008286386753103689,0.0064163807577449425,0.008749274786798666,0.006517155497265986,0.005699782247170682,207
Ibbalur Govt. Lake,09/24,1,,,,,,,,,,,,,,,,,,,,,0
sarraki kere,09/24,1,0.07921706657870183,0.12347971158403472,0.0786760102389373,0.08573231496253503,0.0434772853653833,0.04780663413848546,0.03883074846308717,0.036906658827904434,0.034491418212650234,0.028900142931655954,0.015271935851209926,0.021591244369204704,0.014830250638096367,0.011399862205744108,0.014805264296133961,0.016655503495160207,0.011646171656447761,0.016802540121551166,0.014639793713766414,0.009838478999693976,449
Puttenahalli Kere,09/24,1,0.032817142722862104,0.05780857162816184,0.03220857110406671,0.06520857161709241,0.04237999990582466,0.04685428589582443,0.04128571429422923,0.03803999998739788,0.03490285697792258,0.02707714278783117,0.004047537962572442,0.003613892068364672,0.0035642164533015042,0.0041286714198617265,0.007492731425721061,0.008981070289189888,0.004738362616673932,0.01078936497798107,0.007457976984753955,0.004312446192945012,35
Madivala Kere,09/24,1,,,,,,,,,,,,,,,,,,,,,0
Somasundrapalya lake,09/24,1,0.028336842054207074,0.05912105278357079,0.03566578952105422,0.07228947372028702,0.03557894771036349,0.03954736844293381,0.0353736845090201,0.030218420942362986,0.03397105242076673,0.027405263365883576,0.0019799550397528926,0.0023686725045569774,0.0022229988467482227,0.0037904159657210184,0.005383804182447703,0.006460394896741197,0.003299576008387206,0.006870335212359032,0.00701798085313859,0.006407477269870313,38
singasandra,09/24,1,0.037868656764798496,0.06235572221267282,0.03755422912315646,0.06422512485316736,0.04228159229257213,0.047250746614971556,0.042685821040797586,0.03957238840170908,0.03840348270457627,0.030254228818994845,0.0012308528227472247,0.0013749752375344787,0.0013043727187285283,0.0024098724559809426,0.005323975940971208,0.004253650213713808,0.0038115297923393588,0.006030603327465552,0.006785503536199278,0.003691309121982446,24
Kodagi Singasandra kere,09/24,1,,,,,,,,,,,,,,,,,,,,,0
doddakodlu,09/24,1,,,,,,,,,,,,,,,,,,,,,0
Karabu Kere/Konappana agrahara lake,09/24,1,,,,,,,,,,,,,,,,,,,,,0
Parapana Agahara Lake,09/24,1,0.03982000015676022,0.06128999963402748,0.03580000028014183,0.07648999989032745,0.0563900001347065,0.05943999998271465,0.049129999428987506,0.04361999984830618,0.03283000010997057,0.025290000066161156,9.399997347850061E-4,9.202716678965048E-4,8.426146512176618E-4,0.0030911007803429615,0.004540583918239416,0.0030790256783304356,0.0011393412959298708,0.0054352185705083406,0.003511708934281556,0.002585130799867806,10
Kudlu Chikere,09/24,1,0.037699999835561306,0.05580588276771938,0.03637647080947371,0.05231176470132435,0.03565294076414669,0.04385294151656768,0.03827058830681969,0.035276470815434176,0.037629412377581876,0.028311764711842817,0.0010841095623273804,0.002035990831354173,0.0018628030250357197,0.006000968293055499,0.006727915071671793,0.009221402271983906,0.0034325027929512507,0.008795622884839049,0.005756404679197627,0.004223168993659406,17
Kelaginakere,09/24,1,0.06681481459074551,0.10115925940098586,0.07070740753853763,0.07045925974293991,0.045729630040349786,0.050414814717239805,0.04413703732468464,0.04771851831012302,0.04895925963366473,0.03865925919402529,0.005211219983626671,0.007729751758748821,0.00803441355494002,0.011357010288987644,0.01817672163620509,0.019353546339530524,0.014143422774823609,0.01979189903275261,0.01808480555232703,0.010662751022889858,27
Melinakere,09/24,1,,,,,,,,,,,,,,,,,,,,,0
Basavanapura Kere,09/24,1,,,,,,,,,,,,,,,,,,,,,0
Swarna Kunte Gudde Lake,09/24,1,,,,,,,,,,,,,,,,,,,,,0
Chikkabegur kere,09/24,1,,,,,,,,,,,,,,,,,,,,,0
Elenahalli Lake,09/24,1,,,,,,,,,,,,,,,,,,,,,0
Kalena Agrahara Govt. Lake,09/24,1,0.05360601224048211,0.0835320384595447,0.05270051638062081,0.08777701212820078,0.06242663221308752,0.07426975363616048,0.06135271722662966,0.061117522002189596,0.053131278719659135,0.04249647729700635,0.00167377946939605,0.002133446279543391,0.0030008084927747283,0.0051254209111158385,0.008203549543550525,0.013384580252513484,0.004239585054162015,0.012128137044662762,0.01154660242180712,0.009112673651649719,13
Infrastructure Corridor,09/24,1,,,,,,,,,,,,,,,,,,,,,0
Beratena Agrahara Lake,09/24,1,0.13050000369548798,0.1996999979019165,0.157900000611941,0.1610333373149236,0.1361333355307579,0.15180000166098276,0.1220333327849706,0.14606666564941406,0.11780000229676564,0.08429999897877376,0.007266820913465649,0.01221174295129616,0.010786102116829132,0.006352078757530292,0.02527242957973792,0.02114063930370971,0.02151686918996634,0.022599756844081643,0.018339213508564507,0.016433096464307437,3
Mylasandra Dodda Agrahara kere,09/24,1,,,,,,,,,,,,,,,,,,,,,0
Arekere Govt. lake,09/24,1,,,,,,,,,,,,,,,,,,,,,0
Hulimavu Kere,09/24,1,,,,,,,,,,,,,,,,,,,,,0
Akashaya nagar Kere,09/24,1,,,,,,,,,,,,,,,,,,,,,0
Gottigere Kere,09/24,1,0.029236231890061627,0.0320695650804302,0.026533333314717678,0.036801449441607445,0.026468115858733654,0.028471014475908833,0.024268116019126297,0.025253623238076336,0.028155072551706562,0.02377681164205938,0.002008746872601007,0.00229973554102129,0.0022570126452209527,0.003035323126424055,0.0034959808179900053,0.004767799582154235,0.0017896233004000984,0.003480487262074234,0.0037567925213549515,0.002798868595813347,69
Kothanaru Kere,09/24,1,0.036383870868913586,0.06373870913540164,0.040793547947560585,0.05268064525819594,0.03263225766920274,0.03683548444701779,0.030764516202672836,0.03503548401978708,0.04203225810441279,0.03345161315894896,0.004550228592823334,0.004774574989257688,0.005345540189130613,0.009870987926872741,0.012374906175596495,0.01281102270586092,0.009049061509565191,0.01462235475532217,0.01644155640222051,0.011464162237442304,31
RBI layout kere,09/24,1,,,,,,,,,,,,,,,,,,,,,0
Chunchanaghatta Kere,09/24,1,0.054013636471195656,0.08626818216659805,0.06498181819915771,0.0822363638065078,0.048327272503890774,0.053577272560108795,0.046718182380903854,0.044077273034913975,0.045245454561981285,0.03493636380881071,0.004357052658979643,0.004362170158146869,0.006522244045446109,0.01139423878205961,0.014259229702972017,0.01492362197578873,0.01151649587638492,0.016728363127505474,0.014788162399185527,0.009522487530971941,22
Alahalli Kere,09/24,1,,,,,,,,,,,,,,,,,,,,,0
Kembathahali kere,09/24,1,,,,,,,,,,,,,,,,,,,,,0
Doddakallasandra  kere,09/24,1,,,,,,,,,,,,,,,,,,,,,0
Konanakunte  kere,09/24,1,,,,,,,,,,,,,,,,,,,,,0
Thalagattapura lake,09/24,1,,,,,,,,,,,,,,,,,,,,,0
Vajarahalli Govt.Katte,09/24,1,,,,,,,,,,,,,,,,,,,,,0
Harohalli kere,09/24,1,0.054068220384671524,0.09292584746065786,0.06388347464913534,0.09940381335504984,0.049658898469376364,0.05551525421630023,0.044899152497113765,0.03872288155006403,0.027728389806540337,0.021175847519031267,0.005496228144105408,0.006516163701195541,0.006218774703667305,0.006572601749937386,0.00694482228529813,0.008042009597018318,0.006271363378383936,0.008631037968073635,0.0061750454455742525,0.004246111123326932,236
Puttenahalli Lake,09/24,1,0.02753684208973458,0.04560000018069619,0.027221052858390306,0.051784210887394454,0.031021052383278545,0.0363052636384964,0.03460526358532278,0.033078947349598535,0.028236842077029378,0.019578947440574045,8.386771674641489E-4,0.0016817909313558694,0.0012116014571935249,0.00231590916353763,0.004981289205490665,0.00622875150607675,0.0022588940110889796,0.004930098466382686,0.004234595625937769,0.0024173882557810863,19
Chellakere kere,09/24,1,0.034900000175604455,0.06715384698831119,0.043515384483795896,0.07751538489873593,0.05253076868561598,0.06146153893608313,0.05266923056199001,0.04636923109109585,0.03586923130429708,0.024276923244962327,8.79685588271616E-4,0.001465298782761207,0.0013999158393474956,0.0025470482851050868,0.004994363601660717,0.0060190132535403095,0.0020105052584307335,0.005374925503337322,0.0059209385771726965,0.0036614739145458845,13
Horamavu Agara,09/24,1,0.035165641189385685,0.058718974410723414,0.03388769236894754,0.07925179509016184,0.04788307702312103,0.050487692329363947,0.042123589932154384,0.03442615393835765,0.031109230869855637,0.02700051283225035,0.004925037908224348,0.005408104079792815,0.005300232556643987,0.006345289895879206,0.007288928880017679,0.007280148778337136,0.005089854907212344,0.007676129118945643,0.00765431458311926,0.006276962294810818,195
Horamavu kere,09/24,1,0.04585476210784344,0.0821785715719064,0.05125476215921697,0.09703571420340311,0.06120714279157775,0.06734285698760123,0.0558761903750045,0.049049999964024336,0.045292857147398446,0.03580952382513455,0.00301118572545575,0.004314677102009464,0.004708766057434667,0.007243612297621573,0.009448895242205385,0.00991528769467085,0.0067764580492473865,0.011366706835476718,0.01366166726007282,0.010215459743579396,42
Kalkere Kere,09/24,1,,,,,,,,,,,,,,,,,,,,,0
Nagareshvara Nagenahalli Kere,09/24,1,0.0730641455818662,0.12612878682474407,0.09044601509316541,0.12098094797637804,0.06780582919907385,0.07503572564157027,0.06071459205118048,0.060684188829644825,0.06533528881148983,0.049213412085963124,0.00680786134485732,0.010204411489842854,0.015645027726732874,0.02131403936956382,0.02774211225550208,0.029677273973355595,0.0206197384352896,0.03129297401437464,0.03820402926117177,0.02832061763223011,40
Rampura Kere,09/24,1,0.03896666653454304,0.055853333324193954,0.04010666683316231,0.059086666504542036,0.03996666620175044,0.04404666672150294,0.04024666671951612,0.03715333354969819,0.03655333382387956,0.029940000300606093,0.0036935377830623613,0.005655542572407807,0.003170376775205669,0.007543462851217947,0.003916915079720806,0.006067933525614053,0.0028966344051154676,0.003708525107828924,0.005830250480086542,0.006139576990951688,15
Atturu kere,09/24,1,0.030700000002980232,0.04593333353598913,0.029366667071978252,0.04653333375851313,0.02279999976356824,0.02850000001490116,0.028933333232998848,0.024499999980131786,0.02693333352605502,0.022266666715343792,2.943915287843242E-4,0.0015062820621545565,9.97775101625091E-4,2.8674441022741163E-4,0.00542647771356285,0.006922907715319243,0.0019601588993216137,0.00489965987973385,0.0016110731941545273,0.0011469769913231098,3
Veerasagara kere,09/24,1,,,,,,,,,,,,,,,,,,,,,0
Dodda bettahalli,09/24,1,,,,,,,,,,,,,,,,,,,,,0
Dasarahalli kere,09/24,1,0.02772265818545456,0.04554042550543456,0.02765175466263334,0.059396905156995555,0.035399889456621356,0.03980367497622589,0.03333605974078854,0.026951284920083914,0.02879599328702262,0.023603509205724692,0.001744183006739541,0.0023221365013301864,0.0018958656259106318,0.00392937564736446,0.005343256312841776,0.007387640070651899,0.0027889911691364655,0.0056114715929842015,0.006384696297346988,0.004600120213627229,71
Doddabidarakallu lake,09/24,1,,,,,,,,,,,,,,,,,,,,,0
Allasandra Lake,09/24,1,0.03738765478096392,0.06560608220635021,0.03707670341757487,0.0854737945860803,0.050696343498435194,0.05587349291033321,0.04539321802935495,0.03951434865468033,0.029569208984212832,0.02382237985366026,0.002462175892671863,0.00232338454643142,0.002230678940845116,0.0042430856409990765,0.005546945732013191,0.007004927061966698,0.0036341913142056595,0.007368712129521575,0.004950143034701987,0.0028615094942966686,65
Andhrahalli Lake,09/24,1,,,,,,,,,,,,,,,,,,,,,0
Handrahalli kere,09/24,1,,,,,,,,,,,,,,,,,,,,,0
Narasappanahalli kere,09/24,1,,,,,,,,,,,,,,,,,,,,,0
Valagere,09/24,1,,,,,,,,,,,,,,,,,,,,,0
Shivapura New tank,09/24,1,,,,,,,,,,,,,,,,,,,,,0
Agrahara Lake,09/24,1,0.02905000001192093,0.04344999976456165,0.029299999587237835,0.053950000554323196,0.037450000643730164,0.045049998909235,0.0345000009983778,0.034299999475479126,0.04009999893605709,0.03410000167787075,0.002250000834465027,0.002550000324845314,0.0038999998942017555,0.0019499994814395905,0.006850000470876694,0.0041499994695186615,0.002499999478459358,0.004599999636411667,0.0022999998182058334,0.0021000001579523087,2
Chokkanahalli lake,09/24,1,,,,,,,,,,,,,,,,,,,,,0
Jakkuru lake,09/24,1,0.06902173906564713,0.1147000002472297,0.08584347820800284,0.12265217369017394,0.0686608693845894,0.07424782621471779,0.059913043580625366,0.0563608694659627,0.05611304404295009,0.04025652202899042,0.003650605707907935,0.005904898781512705,0.007704703076063428,0.01049301492329941,0.017378965686233566,0.017395397771946933,0.01183022360207742,0.019410322746254517,0.023584635455463777,0.01747223464587559,23
palanahalli,09/24,1,,,,,,,,,,,,,,,,,,,,,0
Kattigenahalli lake,09/24,1,,,,,,,,,,,,,,,,,,,,,0
Kogilu kere,09/24,1,,,,,,,,,,,,,,,,,,,,,0
Venkateshapura lake,09/24,1,,,,,,,,,,,,,,,,,,,,,0
Bellihalli kere,09/24,1,,,,,,,,,,,,,,,,,,,,,0
B. Channasandra lake,09/24,1,0.04075681350920851,0.06739959755801157,0.03921567463736188,0.07201030212545678,0.045498220955560706,0.04920280783377672,0.041469689895157404,0.03692881905331862,0.034194170867998495,0.028846829384361707,0.0036594609476144984,0.004694116457397708,0.004662403927313144,0.004937417853363859,0.006910085567262062,0.0075102917508189536,0.005205646384419869,0.008588730730053312,0.009215719576959554,0.007180157866105597,79
Byappanahalli kere,09/24,1,,,,,,,,,,,,,,,,,,,,,0
Kowdenahalli Kere,09/24,1,,,,,,,,,,,,,,,,,,,,,0
Krishnarajapuram kere,09/24,1,,,,,,,,,,,,,,,,,,,,,0
Basavanapura kere,09/24,1,0.022574999938822456,0.04009166711734401,0.025136110993723076,0.04090277819583813,0.028608333474646013,0.033072222127682634,0.030586111255817942,0.028719444655709796,0.03507777810510662,0.02820277762495809,0.00269550803621875,0.0030639819328537278,0.0031604459539788013,0.004399588879061455,0.0052903150262557175,0.007063191475464343,0.0033420017131579266,0.005981908933529645,0.004711635258831111,0.00317503151428337,36
Shegehalli kere,09/24,1,,,,,,,,,,,,,,,,,,,,,0
Mangamanapalya Kere,09/24,1,,,,,,,,,,,,,,,,,,,,,0
Hoodi kere-2,09/24,1,0.03893333300948143,0.05730000138282776,0.04690000042319298,0.053399999936421715,0.03726666669050852,0.044133332868417106,0.04013333469629288,0.037966666743159294,0.044166666766007744,0.03136666677892208,0.0025590791495309407,0.00440908317222054,0.005103593181182098,0.009413112094205825,0.006761327366727959,0.00873854690139628,0.004196294556591629,0.005799042340365603,0.003026915523242962,0.0036745365220173477,3
Jimkenahalli Kere,09/24,1,0.0541135182422341,0.09800930068990113,0.06480837693402425,0.09124800728140094,0.056031368682532216,0.06240450577505885,0.0530336217288679,0.05151952619345322,0.05624367430771727,0.0423645867537309,0.0035738248040819215,0.003938757020254514,0.006169364279374538,0.011584120551355097,0.01883622452687697,0.020504765166591648,0.01182584430114263,0.021077101738715347,0.022153134656559655,0.01672947494240163,34
Kodigehalli lake,09/24,1,0.048941714235608176,0.08116976435061778,0.04777744931405749,0.06669156990588321,0.03750260455121442,0.04163426171028494,0.03434000797486951,0.03426351582078288,0.034912313645498703,0.02807734988555785,0.0035846856407368054,0.004864936530869949,0.004844924550104721,0.006462825693044259,0.01129399926967065,0.012944433084825596,0.00910281379065487,0.013520703427911781,0.012472916991166661,0.008842291658195736,301
Gangashetti kere/ Devasandra kere,09/24,1,0.10609130399382632,0.18004347772701926,0.1439043464867965,0.2002565219350483,0.1398217393004376,0.14814782596152762,0.12221739020036615,0.10520869525878326,0.06204347814554754,0.04806521729282711,0.005388305099106933,0.006908711494818756,0.0074672873995225006,0.007642320242255308,0.012094338220356481,0.013946102807385044,0.009654089108794076,0.015642832234878317,0.02119745289852034,0.014135019498824498,23
Vijinapura kere2,09/24,1,0.035050000374515854,0.059066666290163994,0.03391666648288568,0.062383334462841354,0.04084999983509382,0.04568333365023136,0.0423000001658996,0.033016666459540524,0.03418333331743876,0.027199999739726383,0.0011131787070631988,0.0010561991133220784,8.610393729869436E-4,0.00471077448270658,0.0027837324780428992,0.0046265237499735976,0.0021330727410289337,0.006655428125826704,0.0018370418983662679,0.0021463146698232423,6
B.Narayanapura kere,09/24,1,,,,,,,,,,,,,,,,,,,,,0
Melinakere,09/24,1,,,,,,,,,,,,,,,,,,,,,0
Kelaginakere,09/24,1,,,,,,,,,,,,,,,,,,,,,0
Rachenahalli kere,09/24,1,,,,,,,,,,,,,,,,,,,,,0
Amruthahalli Lake,09/24,1,,,,,,,,,,,,,,,,,,,,,0
Nagawara Lake,09/24,1,0.042363434996528795,0.07105848624292395,0.0433636451489329,0.08112002520156668,0.05064831947479122,0.05413727383506002,0.04333954299649492,0.03589785770360605,0.024937252112025243,0.02114469921159907,0.003502619061949105,0.0037761418780734557,0.004183654421969594,0.00431169534224385,0.006572296215702403,0.007600890420456074,0.00598780109967108,0.008496183602511635,0.00793916266352108,0.005909752279760843,433
Herohalli Lake,09/24,1,,,,,,,,,,,,,,,,,,,,,0
Hebbal  kere,09/24,1,0.03562335909507329,0.05433660907187765,0.03422962203120908,0.06212616139363924,0.03514858008531732,0.03858876262068221,0.031808755005670764,0.02896969161685279,0.023384794091463552,0.01835919694597725,0.005442649406781244,0.00629664264179795,0.005787954679484308,0.006934077923069121,0.007806648952539526,0.008811814287980396,0.006994766741751869,0.009099892973122673,0.0065400117118902335,0.004786833810660188,709
Mahadevapura kere,09/24,1,0.05340392457953552,0.11478062294555506,0.05606179531141096,0.13740647026739664,0.09530839490683538,0.10011443248715447,0.08141547146822982,0.06372109141657378,0.03364785885316455,0.027354160018834124,0.0021370610589695875,0.0021529732112993217,0.0021852473087877163,0.0035429321694639086,0.006804484096718169,0.006140073470040791,0.00457289915537568,0.007538760124306948,0.009164511125701286,0.006306266974269708,125
Vibhutipura kere,09/24,1,,,,,,,,,,,,,,,,,,,,,0
Rajapalya Hoodikere,09/24,1,0.027891666783640783,0.043308332872887455,0.02670833297694723,0.042158332808564104,0.033208333576718964,0.037158333230763674,0.031075000142057736,0.03544999946219226,0.032058332891513906,0.02397499994064371,0.004915359772743017,0.007069471136473994,0.004489702481945707,0.00832971180329356,0.008129007624935545,0.009210271279965494,0.004448805954097835,0.010106968927994212,0.0031476069172366155,0.002395177502551802,12
Achanakere,09/24,1,,,,,,,,,,,,,,,,,,,,,0
"Yekkalagatta kere,Mahadevepura Kere",09/24,1,,,,,,,,,,,,,,,,,,,,,0
Pattaduru Agrahara kere-2,09/24,1,,,,,,,,,,,,,,,,,,,,,0
Nallurahallikere,09/24,1,0.06322948715816705,0.11018717938508743,0.08647435922653247,0.11082948734745002,0.06756666703866078,0.07449102573669873,0.06207692346129662,0.05917820520699024,0.04716923092611325,0.033184615250390306,0.0053238242889987195,0.010177266733132661,0.010475862551366618,0.010581455202634683,0.012463451022718678,0.014519175790118253,0.009655952266078294,0.01657206971223253,0.019710548324688184,0.013544144830860071,78
Thubarahalli lake,09/24,1,0.051833909041309925,0.08183151518144227,0.051636565422524774,0.09266026652266776,0.060259052081962694,0.06489026906273163,0.05394480704840604,0.0487573725262789,0.044404133097874283,0.03553252735451616,0.005479951203763328,0.006641467922571943,0.006496433265217071,0.008079910604018484,0.00816507923350255,0.00983879072209696,0.006986023120029246,0.011177839964942801,0.014560610545237183,0.010324672122439553,99
Sheelavantana kere,09/24,1,,,,,,,,,,,,,,,,,,,,,0
Doddanekundi Kunte,09/24,1,,,,,,,,,,,,,,,,,,,,,0
Chinnappanahalli  kere1,09/24,1,,,,,,,,,,,,,,,,,,,,,0
Doddanekundi kere,09/24,1,0.07099224391736482,0.11571855948324679,0.0871875347502509,0.1285174515232485,0.0710781164302225,0.07463518034800928,0.061711080310417346,0.05289390597007446,0.037465928065644735,0.03173130200118074,0.007208685442646232,0.008468596954830467,0.010158278129663762,0.007657531244961464,0.009650581925697975,0.011186408761114024,0.008160447035060544,0.012008434960495659,0.009927017785904761,0.008072945960503711,361
Kundalahalli kere,09/24,1,,,,,,,,,,,,,,,,,,,,,0
Acchanakere,09/24,1,,,,,,,,,,,,,,,,,,,,,0
Varthur lake,09/24,1,0.05363789954346065,0.06718173515919136,0.061122146192682934,0.07137808247073872,0.04548858455701234,0.049820776382401656,0.044579908719549984,0.04174178080063432,0.03770890422420551,0.03047328770636968,0.01923568477841954,0.026941099034908763,0.02315036865444511,0.024064264952453153,0.01622871362891985,0.017606862208102078,0.015936354761400616,0.015553883719611507,0.012601909238946229,0.010095170058709317,438
Narasipura Lake-1,09/24,1,,,,,,,,,,,,,,,,,,,,,0
Narasipura Lake-2,09/24,1,,,,,,,,,,,,,,,,,,,,,0
Ulsoor Lake,09/24,1,0.05380923066001672,0.09589538471056865,0.05048076928808139,0.13071384601868116,0.09331923092787082,0.09666307700368074,0.07593076905378929,0.057809999986336784,0.019615384707084068,0.016485384636773515,0.0021296963721397335,0.0021485544419122178,0.0022875279671720995,0.002506629162669508,0.0032548919765495333,0.0034716463404388855,0.0027849276584228557,0.003801070004134029,0.0025385780761807536,0.002528213433742766,130
Gunduru Lake,10/24,3,0.024959374917671084,0.036462500458583236,0.02215000009164214,0.04465937544591725,0.036631250055506825,0.036050000227987766,0.027684374945238233,0.02356249967124313,0.019518750021234155,0.016096875071525574,0.0013258511692438603,0.0017018830856171678,0.0011180341720100433,0.002798672521899021,0.002955021010695407,0.0036474304739206515,0.0015609209598987615,0.0030752795453807447,0.0017502566912493604,0.0018309379379462484,16
Doddebele,10/24,3,0.03362500024959445,0.04139499999582767,0.028760000225156547,0.044325000047683714,0.0355450002476573,0.03502000002190471,0.02927500009536743,0.029274999909102917,0.022164999973028898,0.01570000029169023,0.001578884307828542,9.749233354763027E-4,0.0012261323014187947,0.0015049498721861683,0.0020737584701262914,0.004517034434822526,0.0016603842772118529,0.00522186521059107,0.0019316508426566452,0.0014615062024707847,20
Somapura,10/24,3,,,,,,,,,,,,,,,,,,,,,0
Mailasandra,10/24,3,0.05997272750193423,0.07455454495820132,0.04879090901125561,0.07198181816122749,0.0643636364151131,0.0652272721583193,0.05266363647851077,0.054409090768207206,0.03534545444629409,0.022436363791877575,0.0013504822896181204,0.002388367247577874,0.0013262765358223515,0.0036533459743511337,0.00849847780669577,0.008863724711561532,0.0035977953920495877,0.011219338342004764,0.00914443373379808,0.003273383823673982,11
Kengeri 1,10/24,3,,,,,,,,,,,,,,,,,,,,,0
Kengeri 2,10/24,3,,,,,,,,,,,,,,,,,,,,,0
Chenvinayanahalli,10/24,3,,,,,,,,,,,,,,,,,,,,,0
Annamma kere,10/24,3,0.04926434223820669,0.06741104320713408,0.04577101536389578,0.0806406700885661,0.05658873311202272,0.059811777241471485,0.0484245094238885,0.05014302537529623,0.03307952104710107,0.024866173490618683,0.007045955693676692,0.007789726209544316,0.006849666708458738,0.007825667990473332,0.008836179621480145,0.011517978116581963,0.005873127762544346,0.013452936204097016,0.007065224657508582,0.005253026248310448,15
Deevatigeramnahalli kere,10/24,3,0.046675000339746475,0.07352500222623348,0.04427499882876873,0.08504999801516533,0.06752500124275684,0.07352500036358833,0.05737500172108412,0.05400000140070915,0.02782500023022294,0.017899999860674143,6.609655423902912E-4,7.462399185764866E-4,7.949058129003235E-4,9.526278412376132E-4,0.001402451481148921,4.7631460496366085E-4,4.763139695004844E-4,0.0022394201301874253,0.0010377257092075815,0.0015411033001073815,4
Devarakere,10/24,3,0.04407018159793864,0.06836128417752327,0.04480675461240223,0.08057133417693159,0.04673822117352604,0.05196853408580753,0.04420428299628922,0.04043673739279122,0.026049753166182826,0.01945914355102049,0.0023966839434525085,0.0017604267014612418,0.0021073125660221364,0.0020372919697070834,0.005259251112195717,0.009712918376183731,0.0030059663107204282,0.012666388967701152,0.008685856033255918,0.0035232165506408806,12
Doraikere,10/24,3,0.0571380003914237,0.06707600049674511,0.04653599992394447,0.08515999972820282,0.06574600026011466,0.06831799983978272,0.05212800018489361,0.0465820000693202,0.017902000062167644,0.012924000062048436,0.0067048606734925985,0.006614274397268049,0.00501069883425597,0.0073448213580137684,0.0054461073476409945,0.005899277430417923,0.005291050639841657,0.004238145580319815,0.002027756437257211,0.0021477952285142675,50
Goudanakere,10/24,3,0.04072979085648578,0.044900904576477864,0.03305585102645134,0.04211791998555662,0.04124584604305288,0.04437088677233191,0.03621170255358169,0.035932956479275004,0.028410797107937376,0.022614697730426667,0.0015697390051681772,0.0012259108282405779,6.904596320451692E-4,0.0017654274021548844,0.0019373874869525209,0.003874406227478862,0.0010147885995018852,0.00474031739856282,0.011782414752193382,0.0077643353581518006,7
Gubbalal kere,10/24,3,0.08138898123861546,0.12826770611110483,0.09541557492973192,0.14200080546280053,0.09994491780813657,0.10642249432031928,0.08367675624095289,0.07797643400913583,0.03474116759978211,0.023407689476411562,0.004589727982144629,0.010458113883432254,0.00796363241836345,0.014402774810129573,0.013130211127092367,0.01633352392873201,0.008326879145699722,0.016072890646034826,0.012737890635651436,0.009561365058263578,28
Halagevaderahalli kere-2,10/24,3,0.05582631536220249,0.0771078945774781,0.05551578967194808,0.062392105005289376,0.04791052659091197,0.052744737091033084,0.04469736783128036,0.04708157911112434,0.03494473703597721,0.022160526365041733,0.008593806680710844,0.007008063614765228,0.006942641659861879,0.008910361677209516,0.010177575842093167,0.016714223447474308,0.009325763428370616,0.012366383661059969,0.009318768708191526,0.005474812355959409,19
Herohalli Thotadakere,10/24,3,,,,,,,,,,,,,,,,,,,,,0
Hosakerehalli Kere,10/24,3,,,,,,,,,,,,,,,,,,,,,0
Kempambudhi lake,10/24,3,,,,,,,,,,,,,,,,,,,,,0
Laggeri Lake,10/24,3,,,,,,,,,,,,,,,,,,,,,0
Mallathahalli Lake,10/24,3,0.05802460328217537,0.06287539676423111,0.048903968362581166,0.06119166657565132,0.04939880978966516,0.05129166677712448,0.03898650790668196,0.0416662697902038,0.027955158657970883,0.023065873029981813,0.01433120790923351,0.01210835288948396,0.01225141010319084,0.013670893284995551,0.014621026861433184,0.016178458628920197,0.009406940655370314,0.018130990187110053,0.015233976436488526,0.014266588307761547,126
Moge kere,10/24,3,,,,,,,,,,,,,,,,,,,,,0
Muppatu Kavalu Hosa Kere,10/24,3,0.062237740205018016,0.08617113358669004,0.049584925208104765,0.09095337767593534,0.0612245478997896,0.06252077889080476,0.047657240152867784,0.03969003042930767,0.01784460570154296,0.012962528593108763,0.00227235991099638,0.0022786596131398416,0.0021049730182948418,0.0033193948004299773,0.005029604565864607,0.0066193581123498305,0.004573942114367586,0.0070354721796590785,0.007071259407125925,0.0042704512477673645,106
Nayandanahalli kere,10/24,3,,,,,,,,,,,,,,,,,,,,,0
Sankey Tank,10/24,3,0.026878493093625336,0.03230762681666398,0.022345051493470484,0.028819753032106113,0.022405319420609453,0.023992715738122027,0.019496806338131487,0.020312154426299012,0.0181492244111787,0.013778312888865591,0.00696615942954284,0.007868172483006192,0.006489459573265665,0.008263692470878712,0.0069754380469101394,0.007507615420529656,0.005959884307621306,0.007338020276605151,0.008784216045332787,0.007366012310478624,243
Subramhanyapura kere,10/24,3,0.056450000032782555,0.06788333381215732,0.04893333278596401,0.08698333178957303,0.07020000057915847,0.07261666779716809,0.053716666996479034,0.05614999992152055,0.030116666729251545,0.02423333376646042,0.0033579509256439584,0.0037118787222915396,0.003913510073824785,0.005285329753787775,0.007777317112076217,0.006207365024892146,0.003453218591475778,0.010429724142436545,0.007925784372594747,0.006221647109063162,6
Ullalu lake-2,10/24,3,0.04728009657506883,0.06853137026422215,0.04510869839279377,0.06164491615771882,0.04386715965784181,0.04451743270833133,0.03823175366821606,0.03536881904379014,0.023182896685794062,0.01638390679580457,0.001990964504701127,0.0015642787087067015,0.0015997281714804977,0.0027534204913599995,0.0060358255839670066,0.006362893051321993,0.004997903604302428,0.0065773151347948075,0.008084271829608806,0.004319062439760323,87
Valagerehalli kere,10/24,3,0.045983073256185135,0.05630434797802935,0.03734112048465452,0.051542296894527655,0.04564380262377051,0.04837467786904003,0.040826383886738635,0.03975307385941436,0.0261325433958036,0.018776262319568898,0.005546376327108321,0.005245490465311922,0.004227841727983748,0.005761998171196255,0.006066764936904486,0.005831977257604712,0.00412578662539811,0.006398801427979537,0.008396638837408528,0.0056261948796118184,90
Yediyur kere,10/24,3,0.03754893626938475,0.05671914928454034,0.032204255263539074,0.06501489386279533,0.04038510669736152,0.04273829775604796,0.035085106664832603,0.03082340436571456,0.017546808584890466,0.01474255327373109,0.00206900862609609,0.0019431976663586842,0.00183464958011295,0.002759354022161953,0.004098675204689062,0.004585061249395753,0.0038381611247305806,0.00684183670774746,0.005307716212975584,0.0038419711822643625,47
Bhimmanakuppe Govt lake,10/24,3,,,,,,,,,,,,,,,,,,,,,0
Srigandhakavalu Karabu Katte,10/24,3,,,,,,,,,,,,,,,,,,,,,0
Janaradhan kere,10/24,3,,,,,,,,,,,,,,,,,,,,,0
Konashetty kere,10/24,3,0.0836272740905935,0.12325454435565254,0.13019091094082053,0.14024545387788254,0.10600909116593274,0.11344545537775214,0.08891818198290738,0.08544545485214754,0.04117272726514123,0.026654545895077965,0.002140557876003041,0.005558509831759522,0.011620471540679548,0.01186219290042488,0.006122752336342274,0.01149674807434988,0.006765664586701727,0.011626565983335205,0.009623276130182679,0.007608173318104451,11
Nagarabhavi (Un-named Lake on map),10/24,3,,,,,,,,,,,,,,,,,,,,,0
Sompura Govt.lake,10/24,3,,,,,,,,,,,,,,,,,,,,,0
Lakshmipura Lake,10/24,3,0.038924999767914414,0.048337499843910336,0.034193750470876694,0.05827500019222498,0.04467500001192093,0.04619374987669289,0.0383562499191612,0.033218749682419,0.02198750013485551,0.01608750008745119,0.0010225581114668525,0.0011799763310492103,0.0012290586612286629,0.002220501476013649,0.003826143147739107,0.0037244913440392384,0.0010845328892167023,0.004197204226815163,0.002088921875075118,0.0016358771041821594,16
Amrutnagar Lake,10/24,3,0.04530333330233892,0.06484333293305503,0.04632111133800613,0.07216222253110674,0.05075555567940076,0.054973333080609636,0.04391111135482788,0.04319000004066361,0.02574777772857083,0.01872666674769587,0.0020873267909671317,0.0022919328056582294,0.0019184626171403593,0.002712156749969758,0.0053601229155054745,0.0068515655660631265,0.00418297969228367,0.007723302665608354,0.007722110773086103,0.004646284087883519,45
Hoysalanagara Lake,10/24,3,,,,,,,,,,,,,,,,,,,,,0
Basavanagar Lake,10/24,3,,,,,,,,,,,,,,,,,,,,,0
Ajjegowdana katte,10/24,3,,,,,,,,,,,,,,,,,,,,,0
Kodigehalli kere,10/24,3,,,,,,,,,,,,,,,,,,,,,0
Kommaghatta Govt. Lake,10/24,3,0.05630000015454633,0.06905277771136117,0.0430718253824919,0.07239880980480284,0.05719087308361417,0.060228968186983985,0.04862936507792227,0.04503571431315134,0.022302380932997617,0.014742063550603769,0.017050042024096344,0.01120777157499333,0.011013095496310174,0.009894028805431264,0.013937205231544023,0.014043668211226662,0.011214160219577461,0.013905449910291622,0.006247427574321527,0.0047099203449054204,126
Manganahalli Lake,10/24,3,0.038828356334923354,0.04176424821168495,0.028924371247047432,0.041932878673945566,0.032822792003326315,0.03380669967838107,0.02679184432772617,0.02619391741891984,0.016046981556251935,0.011652754701284053,0.010411613749874659,0.010418598787965723,0.007469571321148081,0.010283806208777438,0.010035519144496245,0.009852784949487452,0.009391661499057796,0.009261605956410967,0.005448857041995407,0.0036808738681331134,727
Bhattarahalli kere,10/24,3,0.03800996917146838,0.05021818347430408,0.03429519746701803,0.05208628282848849,0.0386908637908546,0.04234423588269782,0.037199752318301874,0.032721816713389015,0.022313557797444566,0.016088010567146746,0.0012563792846925703,0.002017973847420071,0.0012364823473750637,0.002725556975194574,0.003802478365043607,0.0037661938724170008,0.0023977110827102335,0.00449935311074041,0.006280417953836995,0.003494755119613421,45
Thirumenahalli lake,10/24,3,0.029769999906420708,0.0347019998729229,0.02277399994432926,0.03613200001418591,0.02803400009870529,0.03086399957537651,0.02531399980187416,0.024643999859690666,0.018839999809861185,0.013443999998271465,0.005483611760216572,0.0048835329113722506,0.0045060206869101576,0.005467995261123546,0.0045861687892453,0.004195795892510417,0.0037971966152942167,0.004277857146701957,0.00530705177701421,0.0035804838207391136,25
Avalahali kere,10/24,3,0.04413627177855832,0.04580075210917803,0.032631682003460144,0.0452280541924919,0.032804572889280126,0.03346685162873515,0.026328844223102478,0.023460733034910662,0.01196217743505268,0.009711660676495272,0.011120113789199174,0.011079523766266695,0.008795380979815741,0.012734016826358635,0.011495197423608949,0.012218848959774703,0.00933014464871508,0.011383491642870862,0.008194721041055224,0.007289587495478404,2030
Begur Lake,10/24,3,0.04059773672050164,0.055853498057144166,0.03554650214443236,0.064869855994305,0.04275473251693533,0.04369825102894762,0.03432870378771437,0.0296846708846221,0.015361522652070832,0.01198981484444237,0.005155063174671058,0.007157394796052398,0.005903566396799916,0.006438848232997144,0.007600768071227695,0.008210542261162366,0.0065751664036979894,0.00900458151418985,0.0070655857352645715,0.004490454412498333,486
meenakshi lake,10/24,3,0.05531777797473802,0.0828977773586909,0.04843777807222472,0.09542222221692404,0.06001999957693948,0.06334666742218865,0.05449555574191941,0.04316666680905554,0.021982222319477135,0.016086666762000986,0.0010631795381613235,0.001554847695386154,0.0015403155817499032,0.0023103520116998636,0.004666409172369091,0.006061595387315932,0.004117278283812427,0.004620870700505032,0.0064646144910266694,0.004067901594444987,45
Kannuru kere,10/24,3,0.02852361713768639,0.032490427948463754,0.025464401126453304,0.04494113617787942,0.02861677294666013,0.029005280474518398,0.022007810702725703,0.01925761848696206,0.014371040964580877,0.010867218898952395,0.013488510472143372,0.012001804861213387,0.009621268724841522,0.011423780208085998,0.012271776487220784,0.012393404554982064,0.009113200682574337,0.011401772125630741,0.00892668163512905,0.005594651934754767,390
Kannuru kere,10/24,3,0.02852361713768639,0.032490427948463754,0.025464401126453304,0.04494113617787942,0.02861677294666013,0.029005280474518398,0.022007810702725703,0.01925761848696206,0.014371040964580877,0.010867218898952395,0.013488510472143372,0.012001804861213387,0.009621268724841522,0.011423780208085998,0.012271776487220784,0.012393404554982064,0.009113200682574337,0.011401772125630741,0.00892668163512905,0.005594651934754767,390
Doddagubbi kere,10/24,3,0.030002722848296404,0.03042905748427755,0.025214472030042453,0.03913995225181769,0.024845282814632257,0.02569357192748526,0.019287817871805932,0.019274962092486952,0.014222661535716954,0.011351095893902673,0.018828743326038535,0.016132505894999177,0.013628789338301991,0.014944644636709132,0.01548415917423042,0.016683890760088027,0.011739614289400619,0.016766092555458415,0.009489618030315762,0.008058673184818241,523
Suggata kere,10/24,3,,,,,,,,,,,,,,,,,,,,,0
Yelahanka Lake,10/24,3,0.030104765035147613,0.03579804692454339,0.02440490571146277,0.03359150845549866,0.01972014154631885,0.020689786939925132,0.015630630820166434,0.015353284045108547,0.011617929598409545,0.009047115699722408,0.00833965370164979,0.008272790783582907,0.00901974226942681,0.01081258710057258,0.013024087455327888,0.014364324425025344,0.008988017301173767,0.014750206060710867,0.0100230543834399,0.009359781405749439,2255
Dodda Bommasandra Lake,10/24,3,0.1676000002771616,0.23898750357329845,0.3190875016152859,0.3960625045001507,0.42845000326633453,0.4836000092327595,0.15123749896883965,0.523387499153614,0.3536499962210655,0.4156249985098839,0.05607189505652002,0.10142295641677379,0.1276571483587078,0.10870804080852935,0.10085257725271887,0.09280850278769583,0.08021900975232606,0.07260436484401954,0.08151243322687414,0.056067415048091825,8
Singapura lake,10/24,3,0.04740373619493347,0.0619324495051177,0.042523810341633037,0.049697756221234714,0.03539498164864386,0.037546194639211966,0.03132399290032923,0.03006530158717521,0.027251423191459744,0.023159713806009098,0.005719186595446432,0.008667047508796016,0.008886019694141928,0.011651466701214239,0.01164254238004256,0.011607712481424759,0.009271533593906077,0.011748369874884352,0.015808567965819177,0.013893472401014854,71
Chellaghatta kere,10/24,3,0.05545714231474059,0.08298571407794952,0.05768571474722454,0.07987142886434283,0.06268571530069623,0.06565714254975319,0.060857143253088,0.05034285730549267,0.033057142847350666,0.018842857464083602,0.014290341738580903,0.020458138952248114,0.020102696159685268,0.02323610066915321,0.02038209578601936,0.02707855388473142,0.015583218845877116,0.019253485037534747,0.005716856024533491,0.0038622188383924732,7
Bellandur Amanikere,10/24,3,0.03952129018340127,0.04336568755156917,0.0341848274123156,0.04326680811998665,0.031784161201580625,0.03493915811245375,0.027385705653837526,0.02577132045989151,0.01219367054570297,0.008713385852748728,0.008388121026702682,0.010082708420351156,0.01272741628643981,0.009945852584760946,0.00932698078859229,0.011835392572318693,0.010382859189807914,0.010139744933871457,0.003132750489814258,0.002090067547534703,1651
Abbigere Kere,10/24,3,0.03285362903449324,0.04097419385347636,0.027060080657622988,0.03787620972481466,0.030493145237766927,0.03198346781033662,0.02585201620334579,0.02666774203610276,0.01951370974852433,0.013976612886894614,0.01792420867227359,0.015783510655436667,0.013245373431135151,0.014216581617119617,0.014923373354658069,0.015117102939442701,0.012510094965792334,0.014804988046842181,0.009604391228977138,0.007416607342410873,124
Kammagondanahalli lake,10/24,3,0.04584900010377169,0.07197250016033649,0.041056500151753425,0.08254350043833256,0.05829699996858835,0.06058649990707636,0.04896399971097708,0.04009499998763204,0.02461850019171834,0.01726050009019673,0.004067376158447315,0.004380133562118733,0.003580353840410283,0.005706495013140007,0.008381708613155589,0.007979204065486493,0.0047143985296450594,0.010101204049104513,0.009282708976889693,0.006861695553913717,100
Mallasandra Lake-2,10/24,3,,,,,,,,,,,,,,,,,,,,,0
Chikkabanavara kere,10/24,3,0.056820833465705316,0.0656062500240902,0.04652208339733382,0.07275541663790742,0.05316000017337501,0.0543325001373887,0.040387916821055116,0.0378475001702706,0.03214333342233052,0.022633750115831693,0.015136679675437307,0.020453747473514673,0.01952634207880035,0.027642034938480806,0.022067336062459676,0.02422238333440523,0.018352604217799016,0.020641491402405607,0.020611911880659094,0.01386053796476426,120
Mallasandra Gudde lake,10/24,3,,,,,,,,,,,,,,,,,,,,,0
Bagalagunte Govt.Lake,10/24,3,,,,,,,,,,,,,,,,,,,,,0
Lalbagh kere,10/24,3,0.03702935292504876,0.05413940667738774,0.0312984928913678,0.0567050884942998,0.0415686400797452,0.04427376638262342,0.0364975385454623,0.0356918338625842,0.021966249946280422,0.015859174328709615,0.0036265895496667847,0.0032479034579211696,0.0041041856400110075,0.005240005206137805,0.008292234194349359,0.008793129566501705,0.004440701506633499,0.010587341799393567,0.009284054692554406,0.007875789971736527,176
Chikkabellanduru kere,10/24,3,0.02727575752545487,0.029860606078397144,0.020812121417486305,0.03385151516307484,0.021457575882474583,0.023060606228131237,0.018133333404407356,0.01531515157583988,0.0138272728037202,0.011254545414086544,0.00147792443143881,0.0017791624353791782,0.0013932211768783432,0.0019315749791639202,0.0019340694570307837,0.0021417832048173952,0.0017931968631850115,0.0017584638519134632,0.0018970907800192232,0.002407071777026053,33
Carmelarm,10/24,3,0.08161629787519747,0.12502986001809926,0.09142995573346312,0.08120277384053853,0.0402250436140557,0.042769466422927366,0.03644253506157076,0.03338164105606639,0.027508341689168703,0.020710460354913647,0.0037818283580571457,0.006064713376955801,0.005266114375758102,0.008709075860441567,0.01876751930935683,0.02058177345712623,0.01744240893618945,0.021402637963197822,0.022894027644793532,0.017639987193177276,27
Gunjuruplaya kere,10/24,3,,,,,,,,,,,,,,,,,,,,,0
Govt. Dinnekere,10/24,3,0.10755164602362528,0.17687052137604575,0.20951795806971996,0.22837527544214964,0.15994585430840172,0.1679700917132744,0.13770448103456237,0.11380115905549469,0.03669310976614858,0.021047134261305743,0.006635924891120127,0.013513192378928682,0.022604327783095388,0.026642502557693307,0.015243190415110089,0.01423648375199323,0.008867752215354538,0.008525880971211439,0.00542427544892626,0.0025303062194196673,7
Panattur Govt.kere,10/24,3,0.04158452383819081,0.0472345237753221,0.035694047719949766,0.05309404778693404,0.04228452380214419,0.04269642879565557,0.0342190477642275,0.03468928588110776,0.025890476159041838,0.018814285707083486,0.002072164632863244,0.0032633881306534285,0.0020188457401010655,0.003399320664745877,0.006388237438224423,0.007697444123148559,0.003166678630795697,0.008462427849706345,0.006989603098663233,0.003962236568751139,42
Gramadakere,10/24,3,0.106277659693931,0.17445531899624683,0.21363829773791293,0.22086702065264924,0.14575212670767562,0.147312767169577,0.11897659634656095,0.10030106391678466,0.03566702150125453,0.02359468105467076,0.011039295728790924,0.01920295980769578,0.032611754850038185,0.03335938661046362,0.0207035762269346,0.019757226364714896,0.015729399994061557,0.01307401364840044,0.012829119596123588,0.007805073517468553,47
Ambalipura Kelagina kere,10/24,3,,,,,,,,,,,,,,,,,,,,,0
Melinakere,10/24,3,,,,,,,,,,,,,,,,,,,,,0
Sowl kere,10/24,3,0.036566666016976036,0.04346666609247526,0.029766666392485302,0.03493333359559377,0.03366666721800963,0.03526666760444641,0.03346666693687439,0.030366666615009308,0.023266666879256565,0.014633333310484886,0.0013816256212817305,7.363576117840931E-4,0.0011671422668458797,6.548964945513345E-4,0.006918735324364907,0.009924492671626713,0.0015412849314942777,0.0028217415374751265,0.0028288204699482306,6.79869270329873E-4,3
Bhoganahalli kere,10/24,3,,,,,,,,,,,,,,,,,,,,,0
Devarabisanahalli kere,10/24,3,0.06450535067205146,0.09058585202135064,0.059788026467517574,0.07309452292374131,0.048189172071545945,0.05356244219940253,0.04251066202078722,0.04140434182327029,0.02632966555669794,0.019279294377572944,0.004602948708265416,0.007906633655071488,0.004884861480618904,0.003559233383092329,0.014021059139788097,0.018549628915110486,0.01043329664422112,0.01815858806935857,0.008146124105996893,0.004133798378151205,61
Doddakanneli Gramadakere,10/24,3,0.03462463848532469,0.048755188853009515,0.030016518979187532,0.052896256825688256,0.03716126306204368,0.039978863568092486,0.03152450401313828,0.028259985410779214,0.01679523707239414,0.012826571783031484,0.0033651723349492307,0.00304557194697154,0.0028276366650508405,0.003716394121185312,0.0065538508414556594,0.00710538269744629,0.003887165116858213,0.007231251580590739,0.004770408896971488,0.0030735118542943936,105
Lakedew Appartment lake,10/24,3,0.041950000128869354,0.05130862110647662,0.03482586196784315,0.06325344856956909,0.04813103442048204,0.04908965502319665,0.040644827587851165,0.03673793073615123,0.01836206892441059,0.013544827699661255,0.009261116389887995,0.00799766176952687,0.007365326902052661,0.007038219855315811,0.008815438665824528,0.008423677282963381,0.006807619755880341,0.012548186942949105,0.005812614902884186,0.0038768843637720487,29
Kaikondanahalli kere,10/24,3,0.0421067416835367,0.05071601141872031,0.033300842734032804,0.052368539291318884,0.038255056157038454,0.04002359565975291,0.033957865256606865,0.030406741498645102,0.0174825843109676,0.013370224708963312,0.007958765606946186,0.0067482320166073395,0.0059447466972280295,0.005311900423312805,0.006202554933077072,0.006344187381617639,0.0036773784496094363,0.007450982813512563,0.004298723409417383,0.0024699567596196243,178
Kasavanahalli kere,10/24,3,0.046536705145060336,0.05979946384021056,0.03809635147045497,0.05274085308800019,0.036408525719961005,0.038873172614628734,0.03067909919508431,0.02936756939540873,0.016852830442180448,0.01219167601803732,0.003912375296373443,0.007046384089147985,0.004310601126615153,0.004976090914563768,0.0067591460705951865,0.00809242935804358,0.0064394381937034895,0.008867261225397778,0.00582837234855842,0.0031721518948506374,246
Mestripalya lake,10/24,3,,,,,,,,,,,,,,,,,,,,,0
Tavarekere lake,10/24,3,,,,,,,,,,,,,,,,,,,,,0
Byrasandra Kere,10/24,3,,,,,,,,,,,,,,,,,,,,,0
J P Park Kere,10/24,3,0.05825333346923192,0.0724400003751119,0.05653333390752475,0.058246666689713796,0.052319999784231186,0.05988666713237763,0.05514000008503596,0.052906666944424315,0.02884000005821387,0.019073333218693735,0.0024127074308029034,0.0025533763651765526,0.003227520893043292,0.005891108319279859,0.006857812612611751,0.010300606526916571,0.003795576598978483,0.011543163348052662,0.00815056647468894,0.007206706764790039,15
Agara kere,10/24,3,0.03559846953584464,0.046475370517967504,0.027591906264672186,0.04022204266366087,0.02636566815778554,0.028208153359183228,0.024144862386351745,0.02206465089237489,0.013830600092610633,0.010663473724326746,0.004851993088723603,0.00483050204208217,0.005010291645617374,0.004562807472923481,0.007017090064995223,0.007510247046992104,0.006642767434114477,0.008128801527017249,0.0050221619555674965,0.003631679847847516,494
Ibbalur Govt. Lake,10/24,3,0.03809467287543583,0.043722630692866915,0.03134345429074637,0.04169336764302041,0.032818450157899595,0.036571114542263965,0.03285961022561599,0.030495646588402443,0.023901162940423933,0.01924925370388636,9.852842123092235E-4,0.0015079204952726942,0.0012146176899780151,0.00189249423721955,0.004083284842445052,0.005006530403874069,0.002278223697088269,0.005510638378714998,0.005244065411040011,0.002698277944851183,25
sarraki kere,10/24,3,0.07092151753104148,0.09836698450274987,0.06300695633720876,0.06986830438766008,0.041181811522595896,0.04349734950988549,0.035232130204691715,0.03282345754536755,0.02023074561686935,0.01540771123049819,0.008886902314536406,0.01350638219298547,0.007841424172335824,0.005965449291717893,0.010684358393774967,0.01237070970226389,0.008599178326384765,0.012707677273624715,0.01227704035519461,0.007942588725514304,458
Puttenahalli Kere,10/24,3,0.0363694443884823,0.04966388870444563,0.031247222382161353,0.05588333308696747,0.039713888998246856,0.04258055550356706,0.03521944468633996,0.0325111114523477,0.02378611106218563,0.018927777755177684,0.0015761801040856131,0.0019685234199685424,0.0020910506317416643,0.00303319599550082,0.00586084723164958,0.0056600851019369845,0.0032929064757146005,0.007589458675333948,0.004761603125448036,0.0026862417538945347,36
Madivala Kere,10/24,3,0.04376993949160908,0.05428512114386967,0.03628066619116955,0.07282694645715833,0.049147231820132906,0.049016003506612615,0.03589844296824922,0.030286461978129217,0.01532115054415107,0.011997058848241364,0.008649939080162344,0.00852100717989387,0.007642935042580227,0.009358948125696358,0.009213002380568809,0.009499544777243026,0.008131074421689545,0.00870751777277645,0.00601997255596952,0.004972208225955491,1156
Somasundrapalya lake,10/24,3,0.04149317516529782,0.0787335603956874,0.04706942649909049,0.09252440383648543,0.051552790190018315,0.05447687983672938,0.043652514955636434,0.04068232921579448,0.03297879223784742,0.025274875770228553,0.001517864521081773,0.0032130536508709747,0.003468727183414898,0.006144002045547404,0.014427752262088062,0.0161549517277662,0.008364330610931524,0.018046335230084583,0.019596941866204486,0.013700180912854517,45
singasandra,10/24,3,,,,,,,,,,,,,,,,,,,,,0
Kodagi Singasandra kere,10/24,3,,,,,,,,,,,,,,,,,,,,,0
doddakodlu,10/24,3,0.04029049790080856,0.05476493214792256,0.028341855297530937,0.05560565611760541,0.04073687785250299,0.04245226253751176,0.033356561253850274,0.028488009080830202,0.016090045270101248,0.011888461558325259,0.004119358907069966,0.005820746499661016,0.0032044054517905668,0.005450372661616126,0.006395573236379054,0.007589919255753002,0.00490988390379452,0.007671431507795418,0.006438463767793727,0.004104077527791921,221
Karabu Kere/Konappana agrahara lake,10/24,3,,,,,,,,,,,,,,,,,,,,,0
Parapana Agahara Lake,10/24,3,,,,,,,,,,,,,,,,,,,,,0
Kudlu Chikere,10/24,3,0.03897333356241385,0.05041666676600774,0.03156333348403374,0.0550600000967582,0.040433333503703275,0.04070666693150997,0.036546666796008744,0.031996666950484115,0.020433333329856397,0.01474666673069199,0.001261463123206973,0.0020227181668394365,0.001415740979882366,0.0024543293184361202,0.005175605438117857,0.004903395663033001,0.0025643366077424,0.006930247047853254,0.004201613582146736,0.0021064557261000556,30
Kelaginakere,10/24,3,0.06240000009536743,0.0841799995303154,0.05739199966192245,0.0588459999859333,0.0462219999730587,0.04964400008320809,0.04223999977111816,0.040994000434875486,0.0251460000872612,0.01741800021380186,0.0016362153524129234,0.002202815967308297,0.0020957899124852694,0.004031300636853765,0.007400406289902634,0.006727143099149205,0.004554009185036156,0.008773588817970902,0.004447739338510386,0.002403950055227369,25
Melinakere,10/24,3,,,,,,,,,,,,,,,,,,,,,0
Basavanapura Kere,10/24,3,,,,,,,,,,,,,,,,,,,,,0
Swarna Kunte Gudde Lake,10/24,3,,,,,,,,,,,,,,,,,,,,,0
Chikkabegur kere,10/24,3,,,,,,,,,,,,,,,,,,,,,0
Elenahalli Lake,10/24,3,,,,,,,,,,,,,,,,,,,,,0
Kalena Agrahara Govt. Lake,10/24,3,0.039484639092439856,0.05815552472711248,0.036731483603763604,0.05796603731004671,0.03953404798200763,0.04383182059973478,0.038449182894328665,0.035066262772674286,0.026973816240678846,0.020447435114730104,0.0013533975574410199,0.002444444480761293,0.002515716012465874,0.0038498943392796547,0.006762652773876128,0.0074353985568866195,0.0043668572835629665,0.008222483649741905,0.007967360057989968,0.005783742828033302,14
Infrastructure Corridor,10/24,3,,,,,,,,,,,,,,,,,,,,,0
Beratena Agrahara Lake,10/24,3,,,,,,,,,,,,,,,,,,,,,0
Mylasandra Dodda Agrahara kere,10/24,3,0.03350000083446503,0.03550000116229057,0.026499999687075615,0.034699998795986176,0.03189999982714653,0.03200000151991844,0.028200000524520874,0.029899999499320984,0.030500000342726707,0.023000000044703484,0.0,0.0,0.0,0.0,0.0,0.0,0.0,0.0,0.0,0.0,1
Arekere Govt. lake,10/24,3,0.046341549500193396,0.07256408434518626,0.0445985916844556,0.09921690150046013,0.06704084533201136,0.07033873207762208,0.055626056248873054,0.045008450589129625,0.022002817079110046,0.018121831092826078,0.0016686629178910121,0.0022598015806894406,0.001730972296864884,0.0043734795899612235,0.00471168997200734,0.0057399404701875155,0.0027142924933837445,0.005184388776502164,0.005729285364415822,0.004210966244997448,71
Hulimavu Kere,10/24,3,,,,,,,,,,,,,,,,,,,,,0
Akashaya nagar Kere,10/24,3,0.024900000542402267,0.032999999821186066,0.018799999728798866,0.02889999933540821,0.032499998807907104,0.007699999958276749,0.024800000712275505,0.010900000110268593,0.023399999365210533,0.015399999916553497,0.0,0.0,0.0,0.0,0.0,0.0,0.0,0.0,0.0,0.0,1
Gottigere Kere,10/24,3,0.039089509389595906,0.04519562912814121,0.03163876020659228,0.05100861461101001,0.03768634139262623,0.0392742864509764,0.031009933406754293,0.029065392238076363,0.01755698268135802,0.01370092748979965,0.002685234766113874,0.0022142832077619396,0.0022020121080815304,0.002172244272986784,0.004037352203747041,0.004637372104743868,0.0022497644530769393,0.004750681785432197,0.005097330070718078,0.00392168550838611,176
Kothanaru Kere,10/24,3,0.03375806458174221,0.041970967645606684,0.029489516250548825,0.04466935496536955,0.03289435488442259,0.03482177417965666,0.02875887100855189,0.027262096849059867,0.020677419409396186,0.015488709668598829,0.004923521501723351,0.00496011965727183,0.003917981250390326,0.006106430891700855,0.006818665774723217,0.007645252625289954,0.004325836827390336,0.007173049414754866,0.00669506136854189,0.005144629440868932,62
RBI layout kere,10/24,3,,,,,,,,,,,,,,,,,,,,,0
Chunchanaghatta Kere,10/24,3,0.061740908941084686,0.06682954491539435,0.05007727240974253,0.0697090911932967,0.059829545291987335,0.05907954546538266,0.04781590876254169,0.04724545522846959,0.02796590912409804,0.01953181844543327,0.004263658206996061,0.004255655716722268,0.0040128124775111376,0.005823924602173215,0.0062538471373266334,0.006890980310107822,0.004944910051530351,0.007939299846876238,0.006184242980645946,0.0034775104702304597,22
Alahalli Kere,10/24,3,0.04084222233957714,0.05913111112183995,0.036817777901887894,0.07410444402032429,0.05249333340260717,0.05437333368592792,0.0450022225578626,0.03698000009689066,0.017833333379692503,0.013639999946786299,0.0031409472115923047,0.005545401899463439,0.002871723298031543,0.008645254724008653,0.008345574709875063,0.008850019309345964,0.005109750641093734,0.0065528823682060155,0.0026744053838586505,0.0021516298349793387,45
Kembathahali kere,10/24,3,0.05103333294391632,0.061700000117222466,0.045500000938773155,0.05803333347042402,0.05113333401580652,0.05230000118414561,0.0414333331088225,0.036966667200128235,0.028833333402872086,0.02303333394229412,0.011961696824529985,0.009847841839815248,0.010221873112010466,0.012472458805574085,0.014978280707867012,0.010485546363626244,0.007409154163197905,0.011278396072528923,0.004368320064153092,0.004676418240962575,3
Doddakallasandra  kere,10/24,3,,,,,,,,,,,,,,,,,,,,,0
Konanakunte  kere,10/24,3,,,,,,,,,,,,,,,,,,,,,0
Thalagattapura lake,10/24,3,0.023099999874830246,0.023300000000745058,0.01692499965429306,0.02127500018104911,0.021424999926239252,0.024075000546872616,0.018549999687820673,0.018849999643862247,0.017650000285357237,0.013399999821558595,0.0012062340367822674,0.0016881944404131366,0.001449785047252029,0.002397263810197698,0.0030433333608850086,0.0038356063263086503,0.001550000115868556,0.0031507937850107017,0.0026329636599589546,0.0015280706582470579,4
Vajarahalli Govt.Katte,10/24,3,,,,,,,,,,,,,,,,,,,,,0
Harohalli kere,10/24,3,0.02666189667351287,0.042868620812379084,0.02552931038983937,0.04589362071248992,0.025077931069094558,0.0264400000105901,0.021325517272384003,0.01889310347976099,0.012711034541756943,0.008565862107508142,0.006946527638626177,0.005257616603926655,0.004178397146620828,0.005141311756557052,0.005550785466393335,0.006253766108858237,0.0049566677354247815,0.0051481000921721155,0.0037215309602250564,0.002316825297462581,290
Puttenahalli Lake,10/24,3,0.02560000028461218,0.031849998980760574,0.019500000402331352,0.03210000041872263,0.02764999959617853,0.028450001031160355,0.02539999969303608,0.026399999856948853,0.014000000432133675,0.010350000113248825,4.000002518296242E-4,6.499998271465302E-4,1.9999966025352478E-4,0.0036000004038214684,8.500004187226295E-4,0.00885000079870224,9.000003337860107E-4,0.0018000006675720215,0.0020000003278255463,5.499999970197678E-4,2
Chellakere kere,10/24,3,,,,,,,,,,,,,,,,,,,,,0
Horamavu Agara,10/24,3,0.039223408500546536,0.04765575848990026,0.03154227662162914,0.04949330016452695,0.032706823041037066,0.03385342119275998,0.027637815462331853,0.024401056563065807,0.01711438228812329,0.01383741590053653,0.008510804305034059,0.004719904264533371,0.005143621296374247,0.00526283746385229,0.006657187466672455,0.006709973833320896,0.0036355061285016973,0.00704501658176577,0.006979494740393834,0.005273824949763552,215
Horamavu kere,10/24,3,,,,,,,,,,,,,,,,,,,,,0
Kalkere Kere,10/24,3,0.03388697759419009,0.048998392471546526,0.027052250831504726,0.0636762055385726,0.0400348876174719,0.040258842529399604,0.031893890758323516,0.02351961420830998,0.010379582002663153,0.008737620590643964,0.005584633917761448,0.0053389860402616824,0.005492855085478828,0.006316067892487514,0.00788613463498294,0.00914816893599449,0.005922388796959378,0.010162771857339879,0.0065124707286008145,0.006374104625351916,311
Nagareshvara Nagenahalli Kere,10/24,3,0.10600077697159252,0.18634085908010314,0.18814631055765113,0.20862801042512233,0.13933736109084194,0.1453638175350219,0.10788949694962818,0.11292295526089836,0.07649571671792042,0.061417120657426376,5.000084638595581E-5,0.029500000178813934,0.04200000315904617,0.03674999624490738,0.010450001806020737,0.008749999105930328,0.007100000977516174,0.004949998110532761,0.006149999797344208,0.0011000018566846848,2
Rampura Kere,10/24,3,0.054252666781346,0.06272866686185201,0.04110800005495548,0.06426199992497762,0.05756933342665434,0.06047666672617197,0.04798533355196317,0.04597200001279513,0.025996000121037165,0.018001999979217847,0.015093179245986348,0.011625332344225539,0.010811281269733268,0.013761477098781751,0.016339683743635834,0.01635693998433684,0.009510905158429816,0.012421213518644189,0.008449693392005873,0.0067056167871492114,75
Atturu kere,10/24,3,0.027619178062432432,0.035206849469918096,0.0219886986768409,0.031170890513450317,0.02372089049408901,0.02558047948277568,0.021974315024810294,0.02065342471118353,0.014705821973820254,0.010726369895066505,0.007085641106035682,0.009915557596833323,0.006844365083478353,0.010360674984024903,0.0086959915563065,0.009023577238433873,0.007628318272981122,0.008348132823877424,0.005710620124680008,0.0034170212586798333,146
Veerasagara kere,10/24,3,0.04535250206417971,0.057720632394870575,0.041719657927778826,0.065197989290973,0.04626157056641495,0.04912426756997417,0.03806143697700796,0.03667170373756614,0.026820077348939035,0.020864588807432978,0.00946560970266488,0.010868174817199004,0.011230897707713567,0.01514997045145065,0.017474168177811663,0.01976231682871047,0.008751630372351858,0.02296277295378713,0.01701949752420653,0.01564240490634147,108
Dodda bettahalli,10/24,3,0.036250000819563866,0.04405000060796738,0.035099999979138374,0.04034999944269657,0.04175000078976154,0.043300000950694084,0.03464999981224537,0.039400000125169754,0.03935000114142895,0.03480000048875809,0.004750000312924385,0.0041499994695186615,0.002400001510977745,0.004750000312924385,0.0012500006705522537,0.0066999997943639755,0.0034500006586313248,0.005300000309944153,0.005850000306963921,7.999986410140991E-4,2
Dasarahalli kere,10/24,3,,,,,,,,,,,,,,,,,,,,,0
Doddabidarakallu lake,10/24,3,0.04552500136196613,0.06667499803006649,0.05374999903142452,0.06972499936819077,0.05172500014305115,0.05512499809265137,0.0440250001847744,0.04965000040829182,0.04952499829232693,0.03402500040829182,0.006275000050663948,0.0075249988585710526,0.008249999955296516,0.008974999189376831,0.008175000548362732,0.014674998819828033,0.00717499852180481,0.012950001284480095,0.004075000062584877,0.0051750000566244125,2
Allasandra Lake,10/24,3,0.030838287505973738,0.040181616889430824,0.024950477130460405,0.04286229121792134,0.028787153832395947,0.03110537597030047,0.025129430895166123,0.023813020740676715,0.014860992723045292,0.011134181677932068,0.0017311688625264682,0.0016628692343293205,0.0014250927271310945,0.0022410264810798753,0.005478322269246569,0.006672513679225423,0.0038349221574992226,0.007768513007278443,0.005094236978176834,0.0029402985011307862,236
Andhrahalli Lake,10/24,3,,,,,,,,,,,,,,,,,,,,,0
Handrahalli kere,10/24,3,,,,,,,,,,,,,,,,,,,,,0
Narasappanahalli kere,10/24,3,,,,,,,,,,,,,,,,,,,,,0
Valagere,10/24,3,,,,,,,,,,,,,,,,,,,,,0
Shivapura New tank,10/24,3,,,,,,,,,,,,,,,,,,,,,0
Agrahara Lake,10/24,3,0.02549000009894371,0.029684999957680702,0.019662499893456697,0.03355000005103648,0.024467500019818546,0.026590000092983245,0.02122000018134713,0.020272499904967843,0.016482500173151494,0.01284000005107373,8.607555087354205E-4,0.0012606644871177768,9.425198248036206E-4,0.00215116282145668,0.0028173911461503547,0.0033082321671177614,0.00179557788648491,0.002542733599296581,0.002479504725905285,0.0022887550005794535,40
Chokkanahalli lake,10/24,3,,,,,,,,,,,,,,,,,,,,,0
Jakkuru lake,10/24,3,0.0470943028159844,0.05490083815548546,0.03670729929073464,0.06307260079776975,0.042287891685800306,0.04327432370858393,0.034120314406051816,0.03132105152645899,0.018381522793649144,0.013987044078153377,0.014042655161958456,0.010724243610631852,0.010488539971733423,0.009565687630381873,0.009828617851293747,0.010598659874076585,0.007703502011803929,0.011368642157449899,0.009057832494734026,0.0076145928028663115,872
palanahalli,10/24,3,0.03448734959834311,0.051207228956452334,0.027712048132376498,0.06259457816381052,0.03965602413448224,0.04153554235775787,0.03354638572557863,0.027910240981952255,0.016593975845320397,0.013194578419248742,0.003299825016423911,0.004011385416973977,0.003798561772215616,0.004475259706705355,0.005952570330266166,0.006721169941955106,0.0051777255929940265,0.00707453757004261,0.006457256979381369,0.0043560028708565105,83
Kattigenahalli lake,10/24,3,,,,,,,,,,,,,,,,,,,,,0
Kogilu kere,10/24,3,0.03153675507186659,0.02821821201321305,0.021284437133924455,0.03096821199831189,0.020416556330573505,0.02107781462297337,0.012878807986290841,0.0135980132714358,0.011243708635254807,0.009297019906884788,0.009510702723170394,0.006293430452263526,0.00551561956211645,0.005717112983461446,0.007825037792595645,0.007983583465949788,0.005617968496055699,0.007744029723157629,0.0036464184941093812,0.0022302720663473163,151
Venkateshapura lake,10/24,3,,,,,,,,,,,,,,,,,,,,,0
Bellihalli kere,10/24,3,,,,,,,,,,,,,,,,,,,,,0
B. Channasandra lake,10/24,3,0.06440630452148918,0.07944667720393081,0.0551094907046772,0.07513363954541473,0.05653011825752495,0.05913758530719435,0.04712685600930575,0.04706453384029821,0.030850312528555166,0.02389407043750017,0.009775098157524689,0.007234580915467691,0.007721234486689268,0.007739306284682812,0.010435682984067655,0.012469774358201912,0.009752265111475976,0.013917181624283008,0.011293208418920977,0.010041212082160014,86
Byappanahalli kere,10/24,3,,,,,,,,,,,,,,,,,,,,,0
Kowdenahalli Kere,10/24,3,,,,,,,,,,,,,,,,,,,,,0
Krishnarajapuram kere,10/24,3,,,,,,,,,,,,,,,,,,,,,0
Basavanapura kere,10/24,3,0.02944545442182006,0.038100000357989106,0.02657272717492147,0.03913333334706046,0.030121212147853592,0.033890908866217644,0.02925151496222525,0.027036363766951996,0.02156969712990703,0.01676666663225853,0.0013939461815330588,0.002298879914807896,0.001910778450710455,0.0028624700824883085,0.003378789190527967,0.0038062439538568806,0.002295465939377629,0.005363954662375815,0.004649371848784574,0.0025864058133070185,33
Shegehalli kere,10/24,3,0.04590364888335556,0.06017186865838636,0.037552591138304316,0.06767924081086271,0.05109199464570327,0.05261538597762761,0.04204479919856885,0.037543606770500275,0.02379985038902118,0.018767089320362224,0.006067927817296316,0.007575262572785049,0.0054505024596600985,0.009932550420734565,0.008167355575681346,0.008410221820341788,0.006144149581687911,0.007937191046379636,0.0069086625336216125,0.004650973248320926,114
Mangamanapalya Kere,10/24,3,0.03233750071376562,0.03873749915510416,0.027512500062584877,0.04574999865144491,0.03558750031515956,0.03820000123232603,0.02782500023022294,0.02836250001564622,0.021050000097602606,0.016387500101700425,0.0037615448378482573,0.0029392543399866574,0.003186372127523776,0.005251904130907888,0.0042149104054367515,0.003890372300386802,0.0016326742511269135,0.003811721415632653,0.0028980601394238076,0.0014536056770052981,4
Hoodi kere-2,10/24,3,0.03519999980926514,0.048249999061226845,0.02694999985396862,0.045399999246001244,0.04505000077188015,0.04735000059008598,0.037949999794363976,0.03580000065267086,0.02305000089108944,0.016950000077486038,3.9999932050704956E-4,7.499996572732925E-4,3.50000336766243E-4,0.0010000001639127731,1.500006765127182E-4,0.003049999475479126,2.4999864399433136E-4,4.000011831521988E-4,0.0016499999910593033,5.499999970197678E-4,2
Jimkenahalli Kere,10/24,3,0.04401175547996757,0.06272408874373765,0.041301700563173144,0.05686339263933671,0.042073284964273615,0.044637313452474396,0.04049818396583816,0.03740195556699258,0.035438655885644404,0.025143353251478928,0.008160035718656217,0.005970558970475033,0.007217227548140091,0.009226911320402341,0.011066064001596184,0.011082889968490686,0.007091885950318853,0.013088376103561164,0.01778079856201152,0.012396482885581778,34
Kodigehalli lake,10/24,3,0.045134766809189916,0.06043179101279691,0.037943181412849136,0.05327902543079036,0.03832478200043102,0.039840103257582825,0.03226123575072553,0.03110929784405204,0.02230394678255915,0.015812131969815346,0.00761577175467235,0.00807082687861241,0.0063689902859600375,0.009582442706264791,0.010603413450039708,0.011269739489785687,0.007939204276287918,0.010319352135695526,0.008984966072425962,0.005814867327589267,313
Gangashetti kere/ Devasandra kere,10/24,3,,,,,,,,,,,,,,,,,,,,,0
Vijinapura kere2,10/24,3,0.032100000522202916,0.04607777752810054,0.028644444627894297,0.04943333317836126,0.03726666627658738,0.0364555563363764,0.03474444440669484,0.02659999993112352,0.029011110878652997,0.02135555570324262,0.0012147242537945127,0.0013717605329695202,0.0014545800596298148,0.002316126943313643,0.004019950510604464,0.009775833344324678,0.0012623713838286793,0.005728874398013005,0.005822073417765475,0.0014538154229869933,9
B.Narayanapura kere,10/24,3,0.12120000272989273,0.1160999983549118,0.09939999878406525,0.09719999879598618,0.10589999705553055,0.09920000284910202,0.09440000355243683,0.10199999809265137,0.06719999760389328,0.039900001138448715,0.0,0.0,0.0,0.0,0.0,0.0,0.0,0.0,0.0,0.0,1
Melinakere,10/24,3,,,,,,,,,,,,,,,,,,,,,0
Kelaginakere,10/24,3,0.04747780490977523,0.06433799426960397,0.041705352901228836,0.06458264550822754,0.051845323563707475,0.0544905745718181,0.04577167825650637,0.04586828342147341,0.0365983300133626,0.026389700639958866,0.004208549794458784,0.0045405478873706126,0.0032939506132525294,0.005531290077917818,0.008763274589627912,0.0079696835029255,0.004767347362655816,0.012705583190840556,0.01345922894038108,0.008995859803562666,43
Rachenahalli kere,10/24,3,0.047522329400973395,0.058346355417576476,0.037961365613111926,0.06728748950055938,0.037648457934327646,0.03766641122051315,0.027929707093793707,0.023513133160204404,0.014720802946338716,0.011553201544737685,0.013730526483553118,0.01263199512724822,0.009407856782256536,0.013552837336566958,0.010191241006952147,0.011470182311828349,0.009607082388340673,0.010669112600015592,0.006577470685131154,0.004546141209528191,664
Amruthahalli Lake,10/24,3,0.040346666673819226,0.04810000012318293,0.031609999698897204,0.039336666961510974,0.03809999972581864,0.04146000010271867,0.03580000034223,0.035196666854123274,0.02196333333849907,0.01564333327114582,0.0019006547090231617,0.0015498385122482406,0.0017073076422018773,0.002585921529435411,0.004469153449446443,0.004814464481002171,0.002719313378191715,0.005873413826681532,0.005211172851472268,0.0027211129843396566,30
Nagawara Lake,10/24,3,0.03253666696449121,0.054396666834751764,0.030871666967868805,0.06022000002364317,0.03992000011106332,0.041691666717330614,0.033546666925152145,0.030231666720161834,0.020591666782274844,0.01466166665777564,0.0017077245504554482,0.001737139907926714,0.001736672540171017,0.002737443900394062,0.006247740842998939,0.006478510511644875,0.00399597586833897,0.0064827846977724415,0.00692775310575437,0.004996435068303204,60
Herohalli Lake,10/24,3,0.06924324371927493,0.08723783795092557,0.06052162176048433,0.09907837856460262,0.0756324328280784,0.07791081091036668,0.06601891928427928,0.056699999985662664,0.03107027039938682,0.022956756723893655,0.008064320617173054,0.004973298979553144,0.006191368198275001,0.0039752713397402314,0.005572182414630893,0.009615803370896448,0.004801117047806783,0.01040755987477615,0.010715910804001435,0.009062919315158534,37
Hebbal  kere,10/24,3,0.03814382187957908,0.04329260059461083,0.030120114975169986,0.051300430999554954,0.03614511503971814,0.03753778743878778,0.029598132170932153,0.028007902280509808,0.017064224188644225,0.01232959774400418,0.017094464461590537,0.011751370330848875,0.009991009480940324,0.01028705317666715,0.009506164352103198,0.010404194857591375,0.00864156591034499,0.010406273772003361,0.007608244226737364,0.005372485470368034,696
Mahadevapura kere,10/24,3,0.07565875183870054,0.10977545548616757,0.06772055998199848,0.12241915873336007,0.0882134713733372,0.09096739480096983,0.07419528936266576,0.06395928888839003,0.026750241056321896,0.019292595794225653,0.013277344641580952,0.012044120209884294,0.008781955463679146,0.012224298670953496,0.010263041056770382,0.012365537403783567,0.009485377004392764,0.012583526018971506,0.008668670362907818,0.0055946555714476215,111
Vibhutipura kere,10/24,3,,,,,,,,,,,,,,,,,,,,,0
Rajapalya Hoodikere,10/24,3,0.04952921519570892,0.057521844512239455,0.04065539255712829,0.04886873715681123,0.046474470721983664,0.050082798321880784,0.04181563138020934,0.04451870307987461,0.029441945628603163,0.020280000097642782,0.040146703181479025,0.03809758064119448,0.03359041373535258,0.03646006209622516,0.03213310376525681,0.03098385513085833,0.026934616978202694,0.028887538254116992,0.016788519637435884,0.011645346105214878,13
Achanakere,10/24,3,,,,,,,,,,,,,,,,,,,,,0
"Yekkalagatta kere,Mahadevepura Kere",10/24,3,,,,,,,,,,,,,,,,,,,,,0
Pattaduru Agrahara kere-2,10/24,3,,,,,,,,,,,,,,,,,,,,,0
Nallurahallikere,10/24,3,0.05809460231445604,0.0706890871564645,0.05143361341829534,0.06844407541708153,0.05423914605945085,0.05497071269314173,0.04380648668836094,0.04402445704790378,0.02824342674840109,0.020174966651772493,0.015268528846295485,0.009638711290426505,0.00962833821928121,0.009410847677844184,0.011493402411925228,0.011457570909597663,0.009927115310252341,0.012369491142038067,0.01152741256440652,0.007291827351691604,147
Thubarahalli lake,10/24,3,0.0476483698213314,0.06735909901055774,0.0399363386316705,0.06936930300222129,0.049686751923615866,0.05200639709906944,0.04286220698229636,0.036665861348292604,0.02071017217276334,0.01489601212360212,0.004001086188142262,0.003850417084312036,0.0035380791666384816,0.005481132578197274,0.008742727356959972,0.008608757858306969,0.005561383926213295,0.009707614701983208,0.010612858259386584,0.00710805796193778,115
Sheelavantana kere,10/24,3,0.029713069678368766,0.041545174348109934,0.021554667828256806,0.032995940291753297,0.020280960431810765,0.02220986701273625,0.018020796641050753,0.01706922160831301,0.018003394256272093,0.013557272190140716,0.002739419558051824,0.004996907541275574,0.002793635169872671,0.005440102870453759,0.006139078725479587,0.008463501532674103,0.0045138487597273114,0.008986526260451664,0.008098746285523165,0.004999305156263752,82
Doddanekundi Kunte,10/24,3,,,,,,,,,,,,,,,,,,,,,0
Chinnappanahalli  kere1,10/24,3,0.03550000116229057,0.04490000009536743,0.02850000001490116,0.04050000011920929,0.03539999946951866,0.03790000081062317,0.0357000008225441,0.03440000116825104,0.026200000196695328,0.017400000244379044,0.0,0.0,0.0,0.0,0.0,0.0,0.0,0.0,0.0,0.0,1
Doddanekundi kere,10/24,3,0.04181108358568452,0.04720788183874391,0.034455418770242795,0.058096798017547635,0.040009852333609104,0.040180049258573304,0.03137167492707081,0.02911379308040653,0.020153202029321287,0.015368965582857871,0.020935307548840053,0.016817903080054375,0.014946377824467292,0.01265936276694708,0.0121679481853565,0.012405506056556832,0.009630268210340543,0.01099549862259046,0.00689166006134242,0.004799494241342587,203
Kundalahalli kere,10/24,3,0.04388921594648969,0.05312205887600487,0.034831372655782046,0.04634460792237637,0.04323872553148106,0.0468303922782926,0.03852647064509345,0.03921372540222079,0.02612647058113533,0.02083333335159456,0.015404704808517224,0.013395413016523045,0.01454964622918476,0.015473364064211516,0.016222568047360733,0.01777202184626908,0.00983087782078629,0.018247339088884016,0.015119811556405568,0.013964902281371115,102
Acchanakere,10/24,3,0.042872283260109945,0.06273555001475621,0.0375599947030568,0.0735113598706974,0.04843249864229647,0.05047015491327309,0.04284331695196739,0.03261013270081358,0.016338291799010182,0.011737998885721907,0.0014609198062449458,0.0017082540713960624,0.0014724094410995137,0.003160547073402876,0.003583089227739635,0.0043017059859495,0.0031892772774368954,0.004701611836865698,0.005062616096309129,0.002927752662695412,71
Varthur lake,10/24,3,0.034625000044111086,0.03075756883356914,0.026159403723200345,0.031985015340650666,0.025689831880755746,0.026346559651959287,0.018620030607726278,0.01859243124682849,0.013144571901603804,0.009693195751087813,0.005092903553298878,0.005156877648228662,0.004716386760952225,0.005529137259662169,0.006225853743688123,0.00659534574698082,0.006274912756323284,0.00672832404265237,0.004558100705026463,0.003301767727938144,654
Narasipura Lake-1,10/24,3,,,,,,,,,,,,,,,,,,,,,0
Narasipura Lake-2,10/24,3,,,,,,,,,,,,,,,,,,,,,0
Ulsoor Lake,10/24,3,0.060503103029390895,0.10173006099930156,0.05860563961206361,0.12120312352716998,0.08358706801132898,0.08582044161449436,0.06761400109874774,0.056432730458339915,0.02283804014189928,0.017826223281341615,0.013819982435181804,0.02143194907507696,0.014262786401425412,0.027696148464353955,0.019909690430826667,0.020921934770832352,0.01574225317433072,0.01784919150915398,0.013338029695698425,0.01088253772530053,632
Gunduru Lake,12/24,3,0.023300000000745058,0.03537500090897083,0.018250000197440386,0.04467500001192093,0.03399999998509884,0.03374999947845936,0.028624999802559614,0.02257499983534217,0.015199999557808042,0.01057499973103404,0.0011224973004613117,0.0015833105298389929,9.656602261656125E-4,0.0028586499162523214,0.002449489688032915,0.002307054698449123,0.0012910751763747568,0.0013423398534678527,7.582874537646169E-4,0.001287196459725715,4
Doddebele,12/24,3,0.029690217348220554,0.04626358697271865,0.02904565221346591,0.05303641307451155,0.037529347808626684,0.03860923915129641,0.03383641317486763,0.030570108828175326,0.019988043557690537,0.014122282721750114,0.00361783199483258,0.0029169584612842706,0.002332598067573646,0.0032695406457040775,0.004376618643824253,0.0043804526082877725,0.0032103103355696177,0.004264132904620635,0.004370083375069333,0.0022843913769040607,92
Somapura,12/24,3,,,,,,,,,,,,,,,,,,,,,0
Mailasandra,12/24,3,,,,,,,,,,,,,,,,,,,,,0
Kengeri 1,12/24,3,0.021495454690673134,0.027822727168148213,0.020077272910963406,0.02052272754636678,0.018886363387785175,0.022440909154035828,0.020049999891356987,0.02097272720526565,0.021509091115810654,0.016699999994175,0.0020501059544697393,0.0019372385774176337,0.0017574987490306649,0.0034285141014864374,0.0028472546975987995,0.0036561789514566395,0.001720861320478326,0.0023355320594342917,0.004634250995346854,0.0035422771798053667,11
Kengeri 2,12/24,3,,,,,,,,,,,,,,,,,,,,,0
Chenvinayanahalli,12/24,3,0.0289437499595806,0.034768749959766865,0.022093750070780516,0.029387500253506005,0.025425000116229057,0.02783749985974282,0.024937500013038516,0.020818750315811485,0.01841875002719462,0.013362500118091702,0.001878153806515008,0.0018407602056967202,0.0014762574103669441,0.0026844171499237706,0.005043126703849886,0.00615181590096039,0.002665960072338664,0.003194765162452534,0.0028509248982179,0.0023637564727727683,16
Annamma kere,12/24,3,0.039634997093611776,0.05987833745090703,0.037014380538819266,0.06827829445910333,0.04919447156925142,0.05693749985994762,0.04384140245831356,0.04740743806724736,0.03440106103915249,0.024384940649399625,0.0026254369903445465,0.002065570103966074,0.003109114478538337,0.0036157478002724125,0.007194857602030191,0.009799905884982172,0.004529540763169274,0.013092592147461482,0.006173665603644273,0.004662646340793075,14
Deevatigeramnahalli kere,12/24,3,0.04702000870289457,0.06892263053159532,0.043957824525760254,0.07844697239647336,0.058749074324238384,0.06506531157614939,0.05240445822661203,0.04633104363461592,0.025863951102392233,0.020678378998882235,0.0018952575045588782,0.001806508373065454,0.0012486933434985048,0.0051004694323011175,0.005801596528688079,0.005300317017198144,0.0012886676099921886,0.006661467705269947,0.00353369538939488,0.0022644546333717487,14
Devarakere,12/24,3,0.03550000116229057,0.05429999902844429,0.03539999946951866,0.06989999860525131,0.04540000110864639,0.05139999836683273,0.042899999767541885,0.03790000081062317,0.019999999552965164,0.016100000590085983,0.0,0.0,0.0,0.0,0.0,0.0,0.0,0.0,0.0,0.0,1
Doraikere,12/24,3,,,,,,,,,,,,,,,,,,,,,0
Goudanakere,12/24,3,0.05360000021755695,0.0817937501706183,0.0505624997895211,0.09783750027418137,0.06466875039041042,0.06698125065304339,0.05635625030845404,0.04610625025816262,0.025031250086613,0.02073125005699694,0.0014448183066665464,0.003426818469527211,0.0011428444791597916,0.005927887202623088,0.007838744164294545,0.007390383259188494,0.005464312589641089,0.008042423909686335,0.007334056996677287,0.0066709928905292655,16
Gubbalal kere,12/24,3,0.04287615956400055,0.06966999806352266,0.04492397101354982,0.06885022476661,0.04925979790190707,0.05163957599673083,0.043253534328590915,0.043983489342198256,0.03365980751921124,0.022710125213495903,0.003336615798598982,0.0020041704547837723,0.0016727949793027925,0.006984293138300943,0.011929930652431132,0.012443143633213763,0.006944068373007061,0.01404664560939042,0.012897580890949287,0.007574559591682806,21
Halagevaderahalli kere-2,12/24,3,0.03890714315431459,0.050257142899291854,0.03627857166741576,0.04256428538688591,0.03039285700236048,0.037085715016084056,0.03243571453328643,0.031414286233484745,0.028492857569030354,0.019692857151052783,0.0016042194621482813,0.004130671936329441,0.005268800064832742,0.006816220739339318,0.012395186454479658,0.010192074282659057,0.003890025262044972,0.00781197421418325,0.010005889015370728,0.007441914182202745,14
Herohalli Thotadakere,12/24,3,,,,,,,,,,,,,,,,,,,,,0
Hosakerehalli Kere,12/24,3,,,,,,,,,,,,,,,,,,,,,0
Kempambudhi lake,12/24,3,0.05148333435257276,0.0793333351612091,0.06168333441019058,0.0870666652917862,0.06759999692440033,0.06906666855017345,0.05245000123977661,0.05863333369294802,0.0478999987244606,0.03471666698654493,1.6499261908875035E-4,4.71401963882222E-4,6.835375891496794E-4,0.0025691559813906953,6.363963390902444E-4,0.002286311993271419,2.82842232000546E-4,1.1785136902908173E-4,0.002474873481271825,0.0015084954162402717,3
Laggeri Lake,12/24,3,,,,,,,,,,,,,,,,,,,,,0
Mallathahalli Lake,12/24,3,0.03024179104771187,0.04970820904222887,0.03895447792401954,0.049497014773425774,0.032667164204280764,0.03475000005938224,0.031098507483726116,0.028566417854223678,0.021674626951675807,0.015928358270494797,0.0032521128590108366,0.0021135418827793054,0.00321704564087179,0.0036730649950475923,0.003714800559847597,0.004593904152641711,0.003804523727875588,0.005339226630470849,0.007252222556415076,0.004842706774369634,67
Moge kere,12/24,3,,,,,,,,,,,,,,,,,,,,,0
Muppatu Kavalu Hosa Kere,12/24,3,0.0347029369945524,0.05733273432668514,0.04334619222120384,0.07498792765521699,0.04980220102119372,0.05084931944715754,0.043360354482922324,0.03620018234784333,0.022176250666462505,0.01607146137895356,0.0023189508275402513,0.003429466577636146,0.0034980957618848435,0.002068320935447748,0.00377868054395561,0.0034012656644672153,0.0025807973956280534,0.004245660714888296,0.006601946628417956,0.004770417170764948,55
Nayandanahalli kere,12/24,3,0.03526035105334626,0.047156291619326884,0.030138642114488117,0.037140043368068004,0.029977595328006805,0.031866933087249014,0.027044196569815625,0.027772944521520942,0.027856592645488086,0.021699096835017254,0.003404526492717446,0.010716719774495865,0.007149333000378967,0.016793603123890048,0.013322564770728941,0.01368325087062168,0.009121417779339641,0.012089073949228889,0.014053787696667572,0.010845270854039824,57
Sankey Tank,12/24,3,0.026418971079403702,0.033634659225346815,0.02224386000888015,0.02698921029719778,0.020337180668876492,0.022556565145422904,0.018435790590482122,0.018818255477868168,0.016833113712781008,0.01323787689444406,0.002448781335739594,0.0016362799739177746,0.0017484867544072978,0.00339168814973688,0.004580002975723351,0.005679865134282151,0.0034448903610080966,0.006438442121458743,0.009367308961995773,0.007984328414957756,253
Subramhanyapura kere,12/24,3,0.03631627945186094,0.07696976737920629,0.042639534920454025,0.10671511638996213,0.07147790716831075,0.07412441923867824,0.05940697697359462,0.04759999979720559,0.027313953438817068,0.02166744193798581,0.004938160580821366,0.004444752577068581,0.003622195184515101,0.005966344552715019,0.0076981597905611664,0.006397041337515263,0.004643232324484066,0.007508313410553642,0.008779358265505688,0.0055657684054819315,43
Ullalu lake-2,12/24,3,0.03683539350213629,0.057505618027421865,0.03524044951361217,0.055158426754930046,0.03591235957286331,0.03886910132394078,0.031694943817813744,0.0304016854530305,0.022144382118425343,0.015135393289618947,0.003488675033279365,0.0032425838271772857,9.031739615528987E-4,0.0020982767923778465,0.006126463258592778,0.00592944697813793,0.0039550498138950846,0.005565303910068112,0.006385158696054627,0.003966695626872109,89
Valagerehalli kere,12/24,3,0.04037055485892613,0.06663456680735616,0.05212809491949236,0.06920828881561243,0.0413394450493799,0.04328634197991309,0.0385127769502805,0.033850589226734694,0.0247487159627436,0.018295767284397437,0.002078310315709176,0.003915371643265251,0.0037436142657794338,0.004960436082526553,0.007074806373361093,0.007288799639506513,0.005471052884623147,0.008810970645194899,0.010879258915667522,0.008290150818784786,87
Yediyur kere,12/24,3,0.02805882345373724,0.04872745114798639,0.02790980413556099,0.05295000020779815,0.03134215681576261,0.03371372559637416,0.027550980375677932,0.02671470598993348,0.019750980404662152,0.015470588159765684,0.0029375640880195167,0.0018098127010999206,0.0017469869159901414,0.003921221579344421,0.006044803024083182,0.006907591070661109,0.00346839353790737,0.008572832941335729,0.00523670557870919,0.002761254658833066,51
Bhimmanakuppe Govt lake,12/24,3,,,,,,,,,,,,,,,,,,,,,0
Srigandhakavalu Karabu Katte,12/24,3,,,,,,,,,,,,,,,,,,,,,0
Janaradhan kere,12/24,3,,,,,,,,,,,,,,,,,,,,,0
Konashetty kere,12/24,3,,,,,,,,,,,,,,,,,,,,,0
Nagarabhavi (Un-named Lake on map),12/24,3,0.031087500508874655,0.04417499992996454,0.032799999695271254,0.03172499965876341,0.029137499630451202,0.03417500061914325,0.03288750071078539,0.031399999745190144,0.03603749955072999,0.026175000704824924,0.003179304216242182,0.002726146515931835,0.002179162314955437,0.009665175601468503,0.008581475578405984,0.008196379357339132,0.0015637996897350113,0.005281216151803394,0.008399953102257196,0.0061677089892548985,4
Sompura Govt.lake,12/24,3,0.027797872319500497,0.045671276589657396,0.033532978729047674,0.04168191488752974,0.026627659480622474,0.02980319156925729,0.02513510654581354,0.024424468186941554,0.019844680945289895,0.012847872351870892,0.0015406532980589292,0.0012757037534079244,0.001479083725234106,0.0021793378647899353,0.00440217299041006,0.004199916690076135,0.0035396828156696158,0.004274203625954384,0.0053024806880489,0.0024859382485011455,47
Lakshmipura Lake,12/24,3,0.030784146451368566,0.04809756068194785,0.029547561187206244,0.0623621952424689,0.040173170906378,0.0411304878752406,0.036440244171677565,0.028712195003541503,0.0195207317791334,0.015265853734823262,0.0017888354675029505,0.0014676991189107702,0.001325865880432233,0.00249726122670414,0.003417942141531919,0.0036608320772147005,0.0019310118616867576,0.0027447906633766405,0.004706106228505566,0.0030570679114529375,41
Amrutnagar Lake,12/24,3,0.02974868418746873,0.044905263440389385,0.03355526345732965,0.0583092107584602,0.03391447393713813,0.03659210510944065,0.03069868409319928,0.029280263440389382,0.022138158006495552,0.017605263274163008,0.0042111926686987525,0.0035316200898748754,0.002023961539366684,0.003477254228406971,0.003665197626122554,0.0046665596265484865,0.0025844800318693493,0.0048135846037090785,0.007868160379051178,0.0051811372555346,38
Hoysalanagara Lake,12/24,3,0.030659999698400497,0.06265999972820283,0.048970000445842744,0.05319999977946281,0.03508999943733215,0.04172000102698803,0.04228999987244606,0.04024999998509884,0.0363000001758337,0.02071000002324581,0.0031116553652488603,0.0023929893083977634,0.0012351515722314305,0.003106606289599591,0.00897788449017922,0.010020658841438542,0.005147173673592634,0.009608226180796717,0.010233523397176956,0.004410487440336409,5
Basavanagar Lake,12/24,3,0.021538635278455932,0.04611144583394038,0.022879580788470476,0.05402068781562866,0.03677071511949633,0.03939860313229987,0.03327135951596041,0.026726007260370162,0.022700913605760143,0.016253439033947475,0.0025214534262713944,0.0018308424132578013,0.0021607409270656954,0.002492422369719908,0.004632155298110097,0.006266444730346643,0.002684328973397031,0.004286992480334463,0.0065935513610424585,0.004471651357671423,22
Ajjegowdana katte,12/24,3,,,,,,,,,,,,,,,,,,,,,0
Kodigehalli kere,12/24,3,0.052087214568207765,0.06807546829514345,0.053839709315441256,0.0761344074242576,0.062054885539716095,0.06146081092839057,0.04596424089229652,0.0440782744383242,0.025928274375965465,0.018848856687429603,0.0031899341821737324,0.0038693194155845967,0.003231810330274401,0.0026723369235918284,0.006756127809135491,0.008621184429722059,0.005030912616811357,0.006831064362897094,0.00779123729639983,0.004579135003076087,19
Kommaghatta Govt. Lake,12/24,3,0.040988216556276484,0.05438025473694133,0.03454681534533668,0.06336719739683874,0.04601273877890247,0.04847197462419036,0.04021178356781127,0.03552993633754694,0.017646496842621238,0.0121375796011394,0.003959573357868604,0.003236263349768334,0.001441035143203378,0.00447189284687861,0.003960762489749735,0.0050447402480266745,0.0031572491160632202,0.00479407778386988,0.0028531696481405512,0.0018125768783158864,157
Manganahalli Lake,12/24,3,0.03284742413494672,0.035822457202084,0.026196631500829636,0.0362101718242055,0.026312153318914115,0.02722919423777802,0.02371030384883816,0.022469352774538563,0.016799801924909357,0.011924702797178548,0.007092246275377791,0.0058348521227429544,0.004412775556638547,0.005752155022699551,0.006372673596610618,0.006979155616377169,0.00579995893162444,0.006086175394370204,0.003753457749553012,0.0024790037887821234,757
Bhattarahalli kere,12/24,3,0.024128375847182883,0.03394219136543798,0.02209624687760499,0.036190972120927686,0.024215971693615616,0.025930171121743933,0.022678856995124896,0.021299362728786325,0.0232675785847111,0.01767740989399775,0.0022778199159094437,0.002856945205026385,0.002270487680065749,0.0035330283248406697,0.006118875063263974,0.005281964787133209,0.003358036257805864,0.005960579387917128,0.00985822266158026,0.005697491394597945,62
Thirumenahalli lake,12/24,3,0.01333536582476482,0.01805609748585195,0.010868292722124152,0.024915853833279957,0.014837804863729128,0.015914634165422218,0.012518292724541047,0.011351219503345287,0.012228048826772265,0.010036585432272859,0.0019410910561624686,0.0025914539526040946,0.0023432767106068442,0.004588272927069474,0.003889742336196437,0.004406290495410502,0.002884858643309381,0.003148140980817551,0.0028535824724756484,0.0019285728029345786,41
Avalahali kere,12/24,3,0.030515568331220492,0.05327454739496873,0.026237907010675906,0.07058877821586633,0.046025649154530765,0.04371704795223271,0.030728864828194816,0.023581192013218216,0.0075030673165907,0.006567803807397264,0.0057273294121202075,0.008864867934852487,0.005481428195650309,0.01047861346797402,0.00784409859073136,0.00823718601031126,0.007113406097778771,0.006966284862436733,0.004076547005296326,0.002401477673781366,1914
Begur Lake,12/24,3,0.027891932104787374,0.04860605093830457,0.0316366242905268,0.0492881104793012,0.02819766459745333,0.029237685782435466,0.02432388541409291,0.02222855630747958,0.014735137987407339,0.01123970279750867,0.003635343240388709,0.0029591431846628224,0.0036805324296512406,0.004770612644976873,0.00672459947083963,0.007569856305820597,0.005007470853566075,0.009088906070670649,0.009567219433513673,0.006450769434550795,471
meenakshi lake,12/24,3,0.048465313484767326,0.0965244157972767,0.05265452179498564,0.11292293658400207,0.06026305270798168,0.062005084830811096,0.049689678924562435,0.03720874105047721,0.025297739194068296,0.01908969575832608,0.0018893752594162764,0.004423741082104255,0.0028268627173538524,0.005914381703852271,0.009566067161559971,0.0092473599794987,0.007765236658796618,0.009940944072887283,0.01577570215221612,0.010582022303546885,70
Kannuru kere,12/24,3,0.01915881156152347,0.025998773601491266,0.017426007563514798,0.036422735284160165,0.022732854183566027,0.024413038417510288,0.019297918273202104,0.0159470592335005,0.012375087702825464,0.010143965800133882,0.004907040334718067,0.007873865104809358,0.0038479896335291623,0.007302434279387512,0.006351290532578256,0.006216477053898183,0.004979684244523814,0.006695108680484376,0.008401054773653967,0.005435482165702782,165
Kannuru kere,12/24,3,0.01915881156152347,0.025998773601491266,0.017426007563514798,0.036422735284160165,0.022732854183566027,0.024413038417510288,0.019297918273202104,0.0159470592335005,0.012375087702825464,0.010143965800133882,0.004907040334718067,0.007873865104809358,0.0038479896335291623,0.007302434279387512,0.006351290532578256,0.006216477053898183,0.004979684244523814,0.006695108680484376,0.008401054773653967,0.005435482165702782,165
Doddagubbi kere,12/24,3,0.010241462617190972,0.01329264061717754,0.010761917099119249,0.022062326433391462,0.007244071064683577,0.007792496248252547,0.00545797705468657,0.004120087380623885,0.009017702361023366,0.007936986157848349,0.002490791916804243,0.0021124469716040316,0.0019097857417320284,0.0026160733499107436,0.0037763281710106325,0.003941363632780921,0.0034785741408080014,0.0037360935954147178,0.003212940460249472,0.0022156137660834644,545
Suggata kere,12/24,3,0.027264286098735675,0.051571429307971685,0.03765000030398369,0.052650000367845805,0.03182857111096382,0.03315714267747743,0.03361428582242557,0.028635714735303606,0.03497857174703053,0.023457142923559462,0.002285312249442127,0.002217601047367935,0.0021174441150197463,0.0033862113126339483,0.004023134463852379,0.004968358629994633,0.0041585298901770425,0.005935951235069084,0.006124416139523814,0.0036897958534606486,7
Yelahanka Lake,12/24,3,0.028350454960932036,0.04139008245591717,0.025808710836723772,0.030843652789737688,0.012896510728213989,0.013840208538222586,0.011008058650951212,0.011068559648586163,0.010765557573482883,0.008905492067047762,0.0029773519464406932,0.0034884004130085237,0.0029098155625943206,0.004695356153887303,0.0077609175174576705,0.008797342544101128,0.007102704951932249,0.008786623431038297,0.006519620710516098,0.004224519125946338,2290
Dodda Bommasandra Lake,12/24,3,0.043261289161979605,0.07171189812500807,0.03982983491377879,0.09003548384225131,0.05345482160770175,0.05474891926868577,0.0434875603191514,0.033919507707014115,0.014704112698973273,0.011383080237706558,0.003407417391133329,0.0034908457196925293,0.002559739385701391,0.0048072706882240305,0.0062523134819040945,0.00699172881281101,0.005261140425938202,0.007547319868759521,0.00637867800000726,0.0035185865130213183,634
Singapura lake,12/24,3,0.04668782908600655,0.06765325704948136,0.04787044666634583,0.05430033769348528,0.03869117390982336,0.0407170383423549,0.03583902221109106,0.035227498103999576,0.03304247679964886,0.024732787088981974,0.004387036105025049,0.005263653180644561,0.006252613892453189,0.010023743073925532,0.011038680546120143,0.009976187719313979,0.00845786560922163,0.012459808348437197,0.02295908170894461,0.017284242321951762,146
Chellaghatta kere,12/24,3,0.038899999910167286,0.07377142938120025,0.04864285673413958,0.08149999912296023,0.05997142887541226,0.06574285828641482,0.055957142795835225,0.05310000106692314,0.04374285760734763,0.02410000003874302,0.01209734332509213,0.01637146650607506,0.01884014409962649,0.016549923706167015,0.013609211223260186,0.018691775356933543,0.012816155889931583,0.016288295588208667,0.014012632701512533,0.006650026355873303,7
Bellandur Amanikere,12/24,3,0.028864912316856676,0.04532849126217658,0.027527719350499018,0.03204992987346231,0.01747322810873524,0.01953487722342017,0.01631778951456031,0.015518807052571342,0.01114438599498387,0.007487017557090312,0.00505414689794385,0.010872182039993725,0.006597528032202073,0.007011918491148501,0.01005358474622755,0.011692703140835639,0.00967956417531069,0.011379635166740195,0.005360650659477637,0.002444582979317506,1425
Abbigere Kere,12/24,3,0.03202976209909788,0.05219434525462843,0.032833333348944074,0.06692827410907262,0.04084196442826873,0.04280029769454684,0.03609910711557383,0.031096428599474684,0.02124851189243297,0.01625922623844374,0.003890828792424537,0.004366745470165082,0.0038206701195789036,0.005524315023868322,0.0055846630028315095,0.005649993337992233,0.005187566636977616,0.0059793159746256265,0.00836820157849373,0.006240076937204247,168
Kammagondanahalli lake,12/24,3,0.03472407408242608,0.05399259285610399,0.03568148153063692,0.05897407422279134,0.03879074064761768,0.04171234583137212,0.0352537037551771,0.0317993828865849,0.024446296264176017,0.018109876559012465,0.0030710728634955977,0.003181428734109235,0.002825888267785117,0.004282372111113002,0.006735020347293212,0.008219911481513305,0.0038990246933823516,0.009435101625563705,0.007556326622933052,0.006196192524310131,81
Mallasandra Lake-2,12/24,3,,,,,,,,,,,,,,,,,,,,,0
Chikkabanavara kere,12/24,3,0.04567222214407391,0.07869444539149602,0.05410555543171035,0.08941666781902313,0.06732222313682239,0.06572222295734617,0.05883333376712269,0.04577222218116125,0.035327777887384094,0.02471111135350333,0.0018010968354674418,0.004277100555374542,0.011068734438844246,0.007212334580051617,0.007375601345552608,0.0085727965415421,0.0032642848632379157,0.012864445966399378,0.008475359591419394,0.006662197519337945,9
Mallasandra Gudde lake,12/24,3,,,,,,,,,,,,,,,,,,,,,0
Bagalagunte Govt.Lake,12/24,3,,,,,,,,,,,,,,,,,,,,,0
Lalbagh kere,12/24,3,0.023937861626331037,0.052382948924404406,0.024015739028244772,0.050943419891551676,0.028188921272664244,0.030363072347644324,0.02467126422439335,0.02325687984257247,0.01739996310226144,0.012282589744512311,0.00398776184145326,0.0023802294826481764,0.002474014573762747,0.0037183592846091436,0.0069428069505127685,0.008249938335436783,0.004991652040237946,0.009130994615077182,0.00877844475786166,0.005306921396901737,208
Chikkabellanduru kere,12/24,3,0.00906306308306657,0.017978378420544637,0.01063108109441158,0.02765405409642168,0.01259549554156324,0.013814864898318643,0.010083333298098296,0.008636036091342543,0.016859009090039106,0.014123423452916983,0.0076780185588924245,0.0050997421832717936,0.00410998044787192,0.005232948011621539,0.005809438439829899,0.005378178268635288,0.0047150149796587005,0.004519224078193835,0.0067229646352315806,0.005675777616179862,111
Carmelarm,12/24,3,0.050793013251856194,0.08362100864528593,0.06388015769702694,0.07334212579765556,0.044674034117475454,0.04828020688712161,0.040932466225972436,0.039824192219596,0.04001207768029893,0.027527083888342137,0.003315888946264525,0.005624007746996075,0.010719401088489294,0.016236027927285516,0.014975307195569576,0.013756488127001901,0.012250357599365925,0.01183767798584094,0.01926294588476114,0.014570477657776472,20
Gunjuruplaya kere,12/24,3,,,,,,,,,,,,,,,,,,,,,0
Govt. Dinnekere,12/24,3,0.0668717619083614,0.10982310573804188,0.12737918212505212,0.13343794898415703,0.0914369024915168,0.09369237997023708,0.08050189227370388,0.07431548855367646,0.044173107066922686,0.027841484133317412,0.0046658827548037045,0.014150794283883626,0.021941096816544412,0.025882174812038514,0.012721801211745392,0.013795667326120161,0.007586046740760199,0.008095395648216168,0.010635202000509195,0.007973893105511661,4
Panattur Govt.kere,12/24,3,0.031381194191836714,0.06074259663344571,0.03722020019166877,0.05595930533007954,0.0318524027827322,0.03319478972321138,0.027665821736548937,0.029413217910547265,0.02906680547547182,0.020815212808142507,0.003945450404505857,0.005331965069906529,0.004496578026775325,0.006811770041747282,0.013187584933933768,0.012648919903616466,0.009414978140559369,0.015807997927938227,0.013381077029644514,0.008428705911891139,73
Gramadakere,12/24,3,0.08088214256401573,0.1472321441397071,0.17480892900909697,0.18584464330758368,0.11813392829416054,0.12201785748558384,0.09854464292792338,0.08488749932231647,0.04655357164197734,0.029101785538452014,0.03363573021375494,0.07125930123779925,0.12400776972310683,0.13034331659244386,0.0868900843779695,0.08179712326702542,0.06638863070912261,0.05243951475722177,0.025433214731209238,0.0167897103590174,28
Ambalipura Kelagina kere,12/24,3,,,,,,,,,,,,,,,,,,,,,0
Melinakere,12/24,3,,,,,,,,,,,,,,,,,,,,,0
Sowl kere,12/24,3,,,,,,,,,,,,,,,,,,,,,0
Bhoganahalli kere,12/24,3,0.02647741950087009,0.03448709689321056,0.02035161294043064,0.04142903260165645,0.02950645190092825,0.03182258126476119,0.025864516054430315,0.023793548345565796,0.015261290354594108,0.011741935455751034,8.229410691204657E-4,0.0011915674087851094,9.781057292312665E-4,0.0024364426396781963,0.002230136455812909,0.0024149683338588,0.0016590996703638565,0.002624442869073734,0.002000109180762953,0.001972353246127236,31
Devarabisanahalli kere,12/24,3,0.05957260283465681,0.09566351659430793,0.06370027170416523,0.06874980461255457,0.04022609354449502,0.043644477558232836,0.035930898029439294,0.037383224033142225,0.026470994764543156,0.01781823180431499,0.0031501188266619645,0.004133644966385597,0.0032397063232263955,0.0030568301897623846,0.0192263866901865,0.020491544180115766,0.013625763982130048,0.02140788121105907,0.011888072173908753,0.00518609337857862,61
Doddakanneli Gramadakere,12/24,3,0.024021527705662054,0.039266127490648506,0.020633095129189323,0.046149921262009376,0.02713632601876705,0.029343638405122413,0.023542871527893562,0.02129006095780097,0.01658944630837661,0.01305856794440999,0.0050289320359352425,0.0018851654265211201,0.0018021880268934485,0.0027799064331729432,0.005232665954145471,0.0062161610236499505,0.0034526049012799554,0.006498874329989423,0.005616803129988961,0.00353935474871867,112
Lakedew Appartment lake,12/24,3,0.037678082154629984,0.06027808224093424,0.03501849353619634,0.08438904113965491,0.05478493134452872,0.0565650684580411,0.04605684955030272,0.0345678081455296,0.01501164391432723,0.011366438375760431,0.0032925610610808082,0.002825446522336165,0.0032122888855617296,0.004400928014535535,0.004758926065838091,0.005215268030211663,0.0038775461157092724,0.003919763635825609,0.0030534005623115952,0.0021763053947747293,73
Kaikondanahalli kere,12/24,3,0.02894758072591597,0.04269758053123951,0.024803225942436728,0.06326935500387222,0.039648387280683366,0.041514516057026,0.03283225844103482,0.025109677395272638,0.010705645226182477,0.009143548409244227,0.0013866420753978696,0.0019909556549327165,0.0012041216835449215,0.006155468180882417,0.003895116498073196,0.003679042569573981,0.0021885167921229056,0.0026905875161599892,0.0018084725587512506,0.002087626450081267,62
Kasavanahalli kere,12/24,3,0.03687936664451933,0.06201650313249127,0.03414926827972153,0.04678997689538455,0.023056130680314913,0.025999650133087967,0.02110813297123908,0.01942214696575218,0.015838519103221135,0.011635152958350999,0.004452625710309752,0.007310419079597367,0.004708993371903121,0.003922193433323733,0.007583754987693551,0.010073085632027417,0.006386897761158771,0.010528816142939776,0.009589253119252638,0.004840382131350509,276
Mestripalya lake,12/24,3,,,,,,,,,,,,,,,,,,,,,0
Tavarekere lake,12/24,3,,,,,,,,,,,,,,,,,,,,,0
Byrasandra Kere,12/24,3,,,,,,,,,,,,,,,,,,,,,0
J P Park Kere,12/24,3,0.07954999995304317,0.1345085356293655,0.10638658520652026,0.11045975492494862,0.06621707308037979,0.07373902446976523,0.06121585381830611,0.06228048749631498,0.044919512075621906,0.028002439066767693,0.007334981288668617,0.017870160643710668,0.019994536063651713,0.02355308733997204,0.02107116472499681,0.023689208191620455,0.017085964380573533,0.02438738850629578,0.01933677102490218,0.013087272413506467,41
Agara kere,12/24,3,0.020529751646817702,0.02479148184050351,0.01699309079397836,0.027685030400454315,0.016939125776314894,0.017798786538886585,0.015509773377359596,0.014529252981540489,0.01393896948040306,0.010815988464873276,0.004893390811211752,0.004545072805275127,0.0035984202828007908,0.003748714814006913,0.004855472683617291,0.005311883608717124,0.004124742259578526,0.005344283148666922,0.004604289812095665,0.0032103887256156025,479
Ibbalur Govt. Lake,12/24,3,0.03237181571996891,0.04804470381510311,0.028667873166204668,0.06180552728254637,0.03864455720677336,0.04068056293517586,0.03530094004811052,0.028096499771828837,0.024090937177277474,0.018559953856086473,0.004467430447368035,0.001918587934222604,0.001496628692250163,0.001984805266687638,0.003972470695696987,0.004354731444383561,0.002534572294334947,0.004971604097243868,0.005168235942942915,0.003057991431300718,28
sarraki kere,12/24,3,0.06897723440762325,0.11344246790010243,0.07000281239189436,0.07274002110059871,0.03274846664706503,0.034750498906514486,0.027689717490232066,0.025736474491865603,0.021210252473034805,0.016209914344684304,0.012904819398978385,0.023769854876873192,0.014894077351488054,0.011932818867490372,0.015272259339131173,0.01706000217968418,0.013472408621657902,0.0185659853273494,0.019752232084068462,0.012884151832176631,478
Puttenahalli Kere,12/24,3,0.03552561007985255,0.05649024384414277,0.03243170742218087,0.0663951225578785,0.03978414660910281,0.043543902657380916,0.035460975838870534,0.03471219521470186,0.025754877979435573,0.019025609760386187,0.003096125174100105,0.0016959861666504537,0.0015076535330000717,0.0036148885623999228,0.007068639896173047,0.008400901563988143,0.004403470280082706,0.008498843559385558,0.006607292502720257,0.003925357138648112,41
Madivala Kere,12/24,3,0.017383978503157874,0.027244516166668106,0.015129354887551839,0.03965155920714781,0.022734731198438714,0.02306080654023155,0.01819258066475071,0.013255860251299436,0.007845860225478968,0.0069733333503527025,0.004413671499037584,0.004034157531856079,0.00284078376756415,0.0046042628259631724,0.005536851408321969,0.005735612609860322,0.004790458561615651,0.004825231132009972,0.0018276818771797328,0.0013982453228974796,930
Somasundrapalya lake,12/24,3,0.032718420812958164,0.06184736815722365,0.03649210527931389,0.08083157868761766,0.041607894836679885,0.04324210533186009,0.03669473705323119,0.02882105244421645,0.02263157907873392,0.018344736829596132,0.0019831998558428147,0.001605375222231577,0.0011619814158836243,0.002223097186155254,0.005057687631047861,0.004975446610181119,0.0028231140114317443,0.006560694438201296,0.007257776497663623,0.004634180785498739,38
singasandra,12/24,3,0.0067200000397861,0.028650000132620333,0.015969999972730874,0.04120000042021275,0.023829999938607217,0.02652000021189451,0.021629999950528146,0.01735000004991889,0.021480000019073485,0.01664999993517995,0.0015380506896402282,0.0016614749817438525,0.0019565529965956223,0.0013175734096959098,0.002965485058904555,0.0018109663798323394,0.0016923655576430955,0.0029066303626490786,0.0050842498377990505,0.0028660948138055004,10
Kodagi Singasandra kere,12/24,3,,,,,,,,,,,,,,,,,,,,,0
doddakodlu,12/24,3,0.018416582960073823,0.03594196003735365,0.0188824121405057,0.04368592974678356,0.026611055280245727,0.02808894473245021,0.02241658294882307,0.017916080409698377,0.015095226148414851,0.012073869372357675,0.004082017413440328,0.0057262562201518446,0.003906613077088037,0.006468969508637285,0.0062579138397462816,0.006934847746712972,0.004306834117564802,0.006837086035243699,0.007547452212245721,0.004550895340249313,199
Karabu Kere/Konappana agrahara lake,12/24,3,,,,,,,,,,,,,,,,,,,,,0
Parapana Agahara Lake,12/24,3,0.035078461697468394,0.05370846144281901,0.02695307692942711,0.05375615398471172,0.0387223078081241,0.04088923082901881,0.03305692314528502,0.029343077081900378,0.018461538550372306,0.013807692342939284,0.004166136180515849,0.006313097198930264,0.003064221338392222,0.00452211257615133,0.007370127059133246,0.008922812167015655,0.003798257478387619,0.010158826783596009,0.005687217827733463,0.0037813939793930815,65
Kudlu Chikere,12/24,3,0.023529687547124922,0.03366874990751967,0.021565625065704808,0.03694687504321337,0.025892187550198287,0.02825468746596016,0.024809374997857958,0.021546875170315616,0.019965624989708886,0.015453125059138983,0.005863470835394477,0.006220891381452389,0.0035398941043219864,0.008328048118071356,0.007450126563654716,0.009859468202421433,0.0057474237652596506,0.00662709804685739,0.005142097312494259,0.002938189822286064,32
Kelaginakere,12/24,3,0.048309963096861974,0.08131887467522468,0.051613791389876915,0.05257692356240577,0.039485857744824444,0.04275384030004005,0.035017970592649855,0.03924725360520855,0.037428207272065125,0.024913060058990317,0.003248863699884481,0.005808996549867829,0.009586503992617798,0.01802038877328007,0.023418382326569932,0.023383235417969803,0.014943013803625201,0.02325754353346126,0.02876966635664452,0.017385672465484597,33
Melinakere,12/24,3,,,,,,,,,,,,,,,,,,,,,0
Basavanapura Kere,12/24,3,,,,,,,,,,,,,,,,,,,,,0
Swarna Kunte Gudde Lake,12/24,3,,,,,,,,,,,,,,,,,,,,,0
Chikkabegur kere,12/24,3,,,,,,,,,,,,,,,,,,,,,0
Elenahalli Lake,12/24,3,0.02603333319226901,0.02899999978641669,0.019366666674613953,0.016166667143503826,0.0168333329881231,0.019366666674613953,0.02119999999801318,0.02339999998609225,0.01796666719019413,0.011899999963740507,6.018488401483055E-4,0.0011575834402065234,0.0011145506052460657,0.0015151095490214977,0.005741273203619917,0.001211976878829918,8.831754299651498E-4,0.0030232427972338013,8.806565639620695E-4,0.0031843367547161622,3
Kalena Agrahara Govt. Lake,12/24,3,0.0387168640676836,0.0647154018888339,0.04038789656305291,0.06431589877984378,0.04191449310943969,0.04676306867726276,0.03848226590306422,0.03808238063627288,0.03742027739543703,0.02685420641935578,0.004622644634127329,0.0031638014078382054,0.006413963518164642,0.006293013305738182,0.011189008624419154,0.013265660018737234,0.008753415940540675,0.013154083036905918,0.01571724346093948,0.010779959404734885,21
Infrastructure Corridor,12/24,3,,,,,,,,,,,,,,,,,,,,,0
Beratena Agrahara Lake,12/24,3,,,,,,,,,,,,,,,,,,,,,0
Mylasandra Dodda Agrahara kere,12/24,3,0.006000000096329521,0.013867857200758798,0.008074999986482518,0.024664285725780895,0.01192857148790998,0.013614285704014557,0.010524999949016742,0.011575000127777457,0.014300000122083085,0.011242857103102974,0.008953929861469647,0.006783109427485476,0.0047617056275289504,0.004867620093586898,0.006307187437647861,0.007586817205621415,0.0056555518124868686,0.005402207044223193,0.0011038894081335903,0.0017654276228574674,14
Arekere Govt. lake,12/24,3,0.04209683558006141,0.07266662043483951,0.04001285079774387,0.09425795234096006,0.0609389652421695,0.06319292786648527,0.05140222895461974,0.0405587781554864,0.02264983489305749,0.01784179971928067,0.0038661732673019836,0.002992983498333866,0.0033383359828946337,0.004391874746295987,0.005364109191015776,0.0062896380728418464,0.004814614856041403,0.006297576892460264,0.006598675045011091,0.004458255662280507,107
Hulimavu Kere,12/24,3,,,,,,,,,,,,,,,,,,,,,0
Akashaya nagar Kere,12/24,3,0.02647500019520521,0.040762499906122684,0.023149999789893627,0.03964999970048666,0.027087499853223562,0.03249999973922968,0.030962500255554914,0.02928750030696392,0.02346249995753169,0.01503750029951334,0.0035159454781691613,0.0028172178580126695,0.001553222756264422,0.00194100471592568,0.006547744838403847,0.004656179141907232,0.0024334586330741845,0.002884955355926995,0.004496578215724762,0.002176400788696666,4
Gottigere Kere,12/24,3,0.030862790640703467,0.043106976723255114,0.024876744334780893,0.05913720938355424,0.039948837268491126,0.04126046528649885,0.03339069774157779,0.027523255842023118,0.012834883749831555,0.010048837216874195,0.0010770381476216187,0.001293525142513522,0.001107865577692115,0.0023101420777239504,0.002775672689309443,0.0031641995124620397,0.00196525805099593,0.002402599020076674,0.0018244953410863382,0.0018411790971421804,43
Kothanaru Kere,12/24,3,0.029271641746163368,0.04696492550533209,0.026847014870883812,0.039541044953598906,0.024519402964680054,0.026843283700742827,0.02314402988708731,0.023576119428139124,0.023982835822363397,0.01776791045636828,0.0029561374416028807,0.0021939538194271913,0.002789437602626412,0.005368953998592649,0.007817512703528427,0.007663720198303355,0.005144236839583555,0.009107960869095648,0.0109315391309023,0.007607570393160578,67
RBI layout kere,12/24,3,,,,,,,,,,,,,,,,,,,,,0
Chunchanaghatta Kere,12/24,3,0.027535365939867204,0.04849512220882788,0.032542682820703925,0.053390244067442125,0.03537682920876073,0.03730365842944238,0.03321585359006393,0.031170731773827134,0.031282926886910346,0.021501219672400776,0.0037702500403940173,0.004423313975268785,0.004847724380310851,0.007410385040991483,0.007057897273199696,0.008235855509316006,0.005152106174088801,0.009073762412255215,0.015046001599059403,0.009243517799315848,41
Alahalli Kere,12/24,3,0.03635000064969063,0.059449998661875725,0.030949999578297138,0.08534999936819077,0.05584999918937683,0.06340000033378601,0.04834999889135361,0.03655000030994415,0.015250000171363354,0.01269999984651804,6.499998271465302E-4,7.499996572732925E-4,4.4999923557043076E-4,1.5000253915786743E-4,0.003750000149011612,3.9999932050704956E-4,6.499998271465302E-4,0.003949999809265137,0.0018500005826354027,0.0021000001579523087,2
Kembathahali kere,12/24,3,0.023750000234161104,0.05146428516932896,0.03024285739021642,0.0551642860685076,0.03176428643720491,0.0352999996393919,0.032642857038549015,0.025957142934203148,0.03183571435511112,0.02410714328289032,0.00114860162911583,0.005911955984464945,0.003925414330446485,0.009808913109771625,0.005188153987352419,0.0065926911585783106,0.002831257584455763,0.006115345471870077,0.006122657934325341,0.005150411362650231,7
Doddakallasandra  kere,12/24,3,,,,,,,,,,,,,,,,,,,,,0
Konanakunte  kere,12/24,3,,,,,,,,,,,,,,,,,,,,,0
Thalagattapura lake,12/24,3,0.02431917148093701,0.03177904143924375,0.018555992893952922,0.029490121780178746,0.022828601702004594,0.025511525920944553,0.02122810203379968,0.02184624855262946,0.020864383589859443,0.016259381587348066,0.004556233359658598,0.00432073382269817,0.002312268205234119,0.003469840219824413,0.004569411466759575,0.004857008027675477,0.003595779346198882,0.005657895686777242,0.00903067997407476,0.006658864419760139,69
Vajarahalli Govt.Katte,12/24,3,0.04749999940395355,0.07119999825954437,0.04340000078082085,0.06080000102519989,0.04129999876022339,0.04360000044107437,0.03889999911189079,0.03620000183582306,0.03189999982714653,0.020500000566244125,0.0,0.0,0.0,0.0,0.0,0.0,0.0,0.0,0.0,0.0,1
Harohalli kere,12/24,3,0.021515203870505935,0.03916285285101415,0.020933855903045886,0.042693417005497836,0.020086206927848835,0.021620219500390902,0.017305329170510125,0.01512711600409266,0.013728056450412378,0.010276959261632171,0.0036417333319930124,0.001895318562272513,0.0018030184797612084,0.0021738118520738888,0.0045488722807665695,0.005591482563519039,0.004594528219131011,0.005914254849896002,0.004754893952862711,0.0028512787109947913,319
Puttenahalli Lake,12/24,3,,,,,,,,,,,,,,,,,,,,,0
Chellakere kere,12/24,3,0.027260000258684157,0.0348800003528595,0.024700000137090682,0.04354000017046929,0.029760000482201576,0.030879999697208404,0.02767999991774559,0.02474000006914139,0.01834000013768673,0.013860000111162663,9.024407566524421E-4,0.0013526273095473297,8.414273018361807E-4,0.0015107609122283238,0.002022474106338874,0.0020468518036905552,0.0011356057750857723,0.0015422058095802573,0.001778313979741034,0.0013215140084855714,5
Horamavu Agara,12/24,3,0.02477085203633982,0.03619843073222669,0.02243318393692842,0.0463450674318412,0.025015246711938638,0.025999999980989327,0.021337443987751222,0.018172421567810224,0.015956278050928106,0.013547757874355722,0.002290172524004088,0.002748392733884407,0.0025098053306752926,0.00477028797775461,0.006315023461507685,0.006631569352131905,0.004375289752913692,0.0064951372180203325,0.007694414759359888,0.005235339945808063,223
Horamavu kere,12/24,3,0.04325513972899607,0.07665451701016518,0.04422860817980185,0.07700910433177098,0.04633490635507214,0.049479686940552894,0.04041531390841017,0.03951896557812483,0.035124147156509376,0.026068625179990673,0.0041335208154170714,0.006185001393890667,0.005892812487935004,0.009702440598004094,0.014952363568576434,0.01670459113463053,0.011361293116188885,0.017296519530832447,0.02344595484382551,0.01718491833921147,91
Kalkere Kere,12/24,3,0.03206363692879677,0.047786364501172844,0.030550000003793022,0.05411363663998517,0.04122727262702855,0.04375454546375708,0.03603181801736355,0.02723636342720552,0.012218181805854494,0.0095363636077805,0.008556153859371836,0.0053484107244217,0.006213804321398367,0.004542630748638624,0.004352081730556873,0.004779142447971044,0.005355552384379198,0.005066022925449989,0.0026360498562783517,0.0019540273958088285,11
Nagareshvara Nagenahalli Kere,12/24,3,0.0997276835277372,0.18097675323663914,0.1616425135495163,0.19522831340425312,0.11065025235259811,0.11224780172025747,0.09060069541263036,0.07771596475618031,0.05635213085566543,0.04360994783113047,0.004016243331450573,0.0060929819921350875,0.010480016921264445,0.009438105572834078,0.021319063814318976,0.02127792091035507,0.01901504733789595,0.02729073907009475,0.040465313329562574,0.029912559532421425,48
Rampura Kere,12/24,3,0.01249813810406873,0.03270569596739249,0.02217050344841853,0.02807020089903999,0.01891262952699925,0.023453967076190935,0.020055489512274028,0.020420920865682507,0.022855957051171744,0.01518922320911395,0.006448449339139192,0.012187241995705103,0.012016783863561564,0.012361836570266871,0.01033367359197218,0.011597312126612826,0.008469220854100264,0.010489133172796778,0.012935989051788256,0.0062839244670716155,44
Atturu kere,12/24,3,0.020205384636154542,0.02958871805324004,0.01792000006311215,0.028428205179098325,0.017911282114875623,0.019005128207544866,0.016173589821809376,0.01595410258294298,0.014787435942353346,0.011636153856913248,0.003726342007189622,0.006350824772301139,0.004298877020371107,0.0066627167864851695,0.007935772619854219,0.007063548471515133,0.006191274521970272,0.0057809797652498916,0.005976122021710612,0.003166788896674018,195
Veerasagara kere,12/24,3,0.04087083331412739,0.0655465282810231,0.03991458352862133,0.09011736118959056,0.060758333239290446,0.06123124999511573,0.050977777793175645,0.04119166685268283,0.02268888891881539,0.01703680562786758,0.0018960255759834948,0.0035489857500507313,0.003029833447101945,0.004318613732149884,0.004090206875496181,0.0040204032227281776,0.0031849788641340575,0.004666532883171893,0.005549100456598612,0.0032596543205623885,72
Dodda bettahalli,12/24,3,0.032025000313296914,0.03776249988004565,0.030087500112131238,0.030068749329075217,0.02942500007338822,0.03473125025629997,0.029300000052899122,0.03282500011846423,0.03048124979250133,0.023487500613555312,0.004605363800656537,0.0049233342185098375,0.005243612509148278,0.005115291680179889,0.0051240848302663,0.007158296849494679,0.004185913781952022,0.007720427219260553,0.007803401720921543,0.005215766427089959,8
Dasarahalli kere,12/24,3,0.029508297630754673,0.04953918988612274,0.029579910314601502,0.059157739491547366,0.03975941390194923,0.040863536753269515,0.03433778633976589,0.028369497694728733,0.019277773245018715,0.015717201960304048,0.0038301756624813605,0.0049974140017716275,0.002577487001756773,0.006388463922234679,0.00786123362100528,0.008064485417953036,0.00495624990018051,0.007312134404685704,0.006264167450168128,0.0043218667975932845,81
Doddabidarakallu lake,12/24,3,0.04729999974370003,0.07039999961853027,0.0617000013589859,0.07980000227689743,0.06210000067949295,0.0681999996304512,0.050200000405311584,0.049800001084804535,0.066600002348423,0.04899999871850014,0.0,0.0,0.0,0.0,0.0,0.0,0.0,0.0,0.0,0.0,1
Allasandra Lake,12/24,3,0.03361356220262514,0.07000335381614925,0.039988898922899765,0.0850285517920928,0.04661028322225195,0.04841556422930512,0.03984974522623611,0.03217044009377485,0.017454029291865687,0.013320139623495585,0.0023427253960638075,0.003178671211822455,0.0020704195050962877,0.0040970014299837485,0.0057316302266949525,0.0066094848782998206,0.0049302186018057685,0.007590697427957767,0.006457040823747242,0.0035731397622886124,255
Andhrahalli Lake,12/24,3,,,,,,,,,,,,,,,,,,,,,0
Handrahalli kere,12/24,3,0.032500000670552254,0.040699999779462814,0.028299999423325062,0.03880000114440918,0.03230000101029873,0.03324999939650297,0.03159999940544367,0.02845000009983778,0.02870000060647726,0.020150000229477882,2.9999949038028717E-4,9.000003337860107E-4,5.99999912083149E-4,0.0,4.99999150633812E-4,0.0032500000670552254,5.000000819563866E-4,6.500007584691048E-4,0.0026000002399086952,0.0034500006586313248,2
Narasappanahalli kere,12/24,3,,,,,,,,,,,,,,,,,,,,,0
Valagere,12/24,3,0.0369752575423606,0.04801605860229485,0.03299410864868385,0.04955169197880836,0.03359363491351439,0.034765447115622614,0.029292625683602712,0.027562210872851375,0.020892003970272893,0.016551396361655743,0.0016711375961503516,0.0021902218086995444,0.001835647960434246,0.003822608509551764,0.006988345485554119,0.006317531896017588,0.0037831135193019407,0.0069392239646223295,0.008834598029049746,0.005797105511153315,77
Shivapura New tank,12/24,3,,,,,,,,,,,,,,,,,,,,,0
Agrahara Lake,12/24,3,0.02150666664044062,0.023526666810115178,0.017500000074505806,0.03181333355605602,0.020106666907668113,0.020880000293254854,0.018293333301941554,0.016886666727562744,0.016180000019570193,0.011913333274424075,0.0012052478018969993,0.0012325944339461247,0.0010204575421037337,0.0017192505431915302,0.002804155805027833,0.0024353506968488392,0.0013378922136863328,0.0024124308848001313,0.0024380865599293,0.0018286120646835795,15
Chokkanahalli lake,12/24,3,0.013199999928474426,0.018120000138878822,0.013619999960064888,0.020280000194907187,0.012439999915659427,0.013260000012814998,0.012960000149905681,0.013440000265836716,0.016700000129640104,0.012959999963641167,8.438010362095788E-4,8.182903949519066E-4,7.025668867517865E-4,0.0021311029921085092,0.001792874658141079,0.0017442476881190275,6.560487317572959E-4,0.002381260305587624,0.0011349007706128594,0.0028330898713287106,5
Jakkuru lake,12/24,3,,,,,,,,,,,,,,,,,,,,,0
palanahalli,12/24,3,0.023478947579860687,0.0449184210676896,0.020744736992606993,0.06681842131442145,0.04088684249865381,0.04183421078089036,0.03280263139229072,0.021699999900240647,0.012213157882031641,0.011257894778330075,0.0014062188325339713,0.0012152225732157838,0.0013971205536960289,0.0028509327227639724,0.0036489489942963566,0.0029788973305258995,0.0029159710272076986,0.0026337885850654247,0.003359994566911884,0.0027144479245358563,38
Kattigenahalli lake,12/24,3,0.02266489355725811,0.03127872347435419,0.018695744745274807,0.03493510628555049,0.023920212793064877,0.025412766074642858,0.021080319264388466,0.018333510626999148,0.015184574443450633,0.01235053195875693,0.0049825429274364475,0.003914005669826308,0.003975514560793852,0.004539811115555061,0.00458105088677701,0.0048319412905798295,0.003626573232713686,0.004813314715034603,0.0036128097140905218,0.0025131304091429636,94
Kogilu kere,12/24,3,0.015306896587439212,0.019595812850177582,0.012665271002046874,0.02797783254255802,0.015567487774398453,0.016483743938851384,0.01226280786652173,0.010531773407636164,0.011025369513706473,0.009382266046598626,0.004761633626996622,0.005377969690070938,0.00371093623283431,0.005498938642260398,0.006011225402403478,0.005951791841427288,0.005210680338375379,0.004592016314441748,0.0028628045363595727,0.0021335303082842304,203
Venkateshapura lake,12/24,3,0.043888571995878464,0.07136873043162392,0.04300207547230199,0.09521349792469942,0.0622344767493511,0.06412939153332631,0.05325798242815398,0.04145798225348629,0.023137683998504122,0.017068065522473214,0.0026063086026901256,0.005590294500976674,0.0067780144596426405,0.002540209700785372,0.0035329346331124324,0.0047960956192961745,0.004808389298976368,0.00761640364960538,0.012045688967252118,0.00656413598011026,39
Bellihalli kere,12/24,3,,,,,,,,,,,,,,,,,,,,,0
B. Channasandra lake,12/24,3,0.03962513821478216,0.06527457811071105,0.037467577807416295,0.05439003338878033,0.033252715380507454,0.03569877470438373,0.02979913248208748,0.02941415043372977,0.02459048673613879,0.018852723153913942,0.004261730696982171,0.00477217845945546,0.005248321163915258,0.005187751068755532,0.011784008358126923,0.013852038840496168,0.00937178344049029,0.015387829556963483,0.012489246644472866,0.008936407837790471,103
Byappanahalli kere,12/24,3,,,,,,,,,,,,,,,,,,,,,0
Kowdenahalli Kere,12/24,3,0.040426470668000335,0.0691117648692692,0.03794117699212888,0.09325588253491066,0.06442352975992595,0.06714705870870281,0.05478823524625862,0.04091764734510113,0.013691176386440502,0.009567647063009003,0.0010779363971252088,0.0018167140616419887,0.0013148735050239385,0.002372165781525299,0.0031435327290482065,0.0029951171619488647,0.0016886757434548373,0.0032428629538286996,0.002226625950729173,0.0016483005182506957,34
Krishnarajapuram kere,12/24,3,,,,,,,,,,,,,,,,,,,,,0
Basavanapura kere,12/24,3,0.022116964308744564,0.03318750000159655,0.02057410720070558,0.03520178591965565,0.024482142911957844,0.027550000131928494,0.02287232134092067,0.02182767861190119,0.024783928645774722,0.01861517859755882,0.00385124372521856,0.0024273965071517855,0.0021493767455102388,0.0026158509288135763,0.0045812352510853135,0.0059963455808453685,0.002526129939648589,0.005962860521863738,0.008504647450523798,0.0052368620864246965,56
Shegehalli kere,12/24,3,,,,,,,,,,,,,,,,,,,,,0
Mangamanapalya Kere,12/24,3,0.02331250032875687,0.03349999990314245,0.02480625011958182,0.0402624998241663,0.0267749996855855,0.030993749853223562,0.02647500019520521,0.026456250110641122,0.022387499921023846,0.016668749856762588,0.007480505739114056,0.005304007301584535,0.004049493513360915,0.004129447731703045,0.005359454414509868,0.004961125593606197,0.004100609271729714,0.004695439144138297,0.0029737128409530176,0.003774829033826701,8
Hoodi kere-2,12/24,3,0.03520149754849204,0.07028031947143949,0.04076464947376916,0.07966727308280466,0.05418785887142838,0.05775407258756193,0.04693205278038968,0.04284307224976949,0.034392807814537414,0.02457049397574858,0.0025008338163385463,0.006363164268630817,0.003881305877775433,0.014214364613125984,0.014052336119353507,0.016586024398623868,0.008067392975376607,0.01435244738986841,0.016687065737203795,0.011805986232960669,41
Jimkenahalli Kere,12/24,3,0.04259428163344155,0.0668405608898092,0.043073129550344785,0.0639836521253788,0.0412004892401505,0.0429900085821203,0.036395589004153524,0.03764853339727817,0.039114221894866505,0.029011256481817023,0.002919041416164598,0.004655807215936545,0.006076155435504649,0.00788703832606619,0.013254527399090115,0.014040126511935973,0.01016806500739811,0.013118811533183287,0.01795927712295538,0.012466080767782802,37
Kodigehalli lake,12/24,3,0.03411581079611229,0.06745967435953001,0.035896867601522005,0.04469805312431107,0.020457650243181455,0.022637663601715003,0.018562790631528537,0.01792373155133147,0.01934534422193622,0.014510837652910237,0.0030951060158271597,0.003601321906468911,0.0036296572105353406,0.005216139783782327,0.010802295812894738,0.012631091450421853,0.009364486187471205,0.013530568920397366,0.014080539834816818,0.009086455229255814,307
Gangashetti kere/ Devasandra kere,12/24,3,0.05282236870966459,0.10051447349159341,0.07590789465527785,0.11064868400755681,0.07013947399039018,0.07503552666228068,0.0630263157777096,0.056344737200752684,0.04213026332619943,0.02797105249115511,0.00248687843617682,0.0033218359863718488,0.003597303754998864,0.006143914719003803,0.013047091930507205,0.014935998433008848,0.009782225554851493,0.016899454413444186,0.02250166524167428,0.01522454982911949,38
Vijinapura kere2,12/24,3,0.03956111106607649,0.05398888885974884,0.033438889102803335,0.056955555660857096,0.04363333351082272,0.04826111098130544,0.04197222159968482,0.03600555575556225,0.024777777906921174,0.01810555553270711,0.0021555844136153268,0.0028326252432473325,0.002541082265596286,0.0042691685260606875,0.005235137656797273,0.004498936289951407,0.002464200613278307,0.007125323912072431,0.0033434939490352093,0.0014076070787614108,9
B.Narayanapura kere,12/24,3,,,,,,,,,,,,,,,,,,,,,0
Melinakere,12/24,3,,,,,,,,,,,,,,,,,,,,,0
Kelaginakere,12/24,3,0.03476223460583379,0.05457084556757902,0.03203749562147323,0.059534311126835784,0.04294070735741489,0.04371979825490455,0.03623895511395226,0.034410321947642625,0.02841577619211244,0.021628235023445557,0.004002821993147754,0.006019323141771767,0.004660840746437217,0.005887110083366183,0.009784581400383746,0.009826228083211753,0.006185156146613191,0.012577189992663823,0.012883681025974078,0.008930118592610156,43
Rachenahalli kere,12/24,3,,,,,,,,,,,,,,,,,,,,,0
Amruthahalli Lake,12/24,3,0.030554878139277784,0.04919146346609767,0.0272317072149457,0.04155121952658746,0.03413292679299668,0.03930609782294529,0.03179512209281689,0.035528048554935104,0.026973170977903575,0.0186146343490336,0.0030747160866092444,0.00325566890003893,0.004369695425203492,0.004396693228079607,0.008588027789931476,0.009589050993141819,0.005601739896606726,0.00877887615647727,0.0054945994998142405,0.0037104703784222475,41
Nagawara Lake,12/24,3,0.032417726396814284,0.0495364111290232,0.028753509813424945,0.055043434157893784,0.03298415905742679,0.034323881472748,0.02808971655789645,0.024415185766227854,0.014850088441544116,0.01218612474085838,0.003484057769071083,0.0034446181610926006,0.0025490823865586504,0.002807093470542979,0.004297054651575808,0.004950093097884499,0.003587519683524586,0.005500034191897005,0.006150794681982151,0.004191568862434636,435
Herohalli Lake,12/24,3,0.04375223142963477,0.07012353173965873,0.03602569699773693,0.0923678956414619,0.06459253630391408,0.06579882483702684,0.051888608893329954,0.03978409343408143,0.01409776859327298,0.011762791092146611,0.0024428115954251645,0.0032064984564760227,0.0014511349979428856,0.005955768535858915,0.006791538600298727,0.007657676865570782,0.005405853683157452,0.005392498349293605,0.00365130847731576,0.0029742292756238563,89
Hebbal  kere,12/24,3,0.030847584864562336,0.04340712061128931,0.025989441348194905,0.04916969528536593,0.028831755473989192,0.029925946702431205,0.024798938949675452,0.020930856897659573,0.013081397749283867,0.009951038495337988,0.0027492409769246744,0.0024520063617344107,0.001540427322222649,0.002874404511586461,0.004797497541118501,0.005497355958927641,0.004414497959514582,0.005668215154323893,0.004777300711048527,0.0026665645481175194,825
Mahadevapura kere,12/24,3,0.04170233443055108,0.09892759823425452,0.04637815048214933,0.12570175329983,0.0885055519816229,0.09126247040036592,0.07415612670207895,0.05527101259877319,0.0201034074886175,0.015021664861179717,0.003585336203418079,0.002218343877942104,0.0018172585579049507,0.003614154677121572,0.004299094245078008,0.0048692509674343526,0.0028307323260680895,0.0057777360276552465,0.006795775986642056,0.004322427184919538,118
Vibhutipura kere,12/24,3,0.023511718754889444,0.05125234375009313,0.030271093652117997,0.061618750041816384,0.03748203127179295,0.04026328126201406,0.03324374996009283,0.027265624899882823,0.015829687530640513,0.011866406246554106,0.0018177453728772386,0.0013046619902150522,0.0011917293387260692,0.0021505178762176586,0.0035397670364310076,0.004569063977425971,0.0027435505560341276,0.004818850047886038,0.004475477673865269,0.0025363459385279907,64
Rajapalya Hoodikere,12/24,3,0.017941312412498203,0.02938598134883847,0.018070852566707037,0.024179201630600732,0.021860960721263867,0.027344438531694375,0.022059323233382142,0.021137415483362055,0.01753017601276041,0.012877943298208535,0.00567170832610449,0.011916269977142178,0.01260629228831779,0.014595964400764336,0.009437867976967083,0.009506658978174548,0.007745462621683338,0.009910367211735523,0.007020280477435564,0.004245512405491006,16
Achanakere,12/24,3,,,,,,,,,,,,,,,,,,,,,0
"Yekkalagatta kere,Mahadevepura Kere",12/24,3,0.03020625002682209,0.05583124980330467,0.03568125027231872,0.06887499988079071,0.052212500013411045,0.05707500036805868,0.04344375059008598,0.04355000052601099,0.044937499798834324,0.033106249291449785,0.006629782761144641,0.007837368060267535,0.006714347251075769,0.01062932229261398,0.009252220427620117,0.008976601469874225,0.006100893580528287,0.011091099273600854,0.020564027993076415,0.01502165993234848,8
Pattaduru Agrahara kere-2,12/24,3,,,,,,,,,,,,,,,,,,,,,0
Nallurahallikere,12/24,3,0.03794327811079216,0.07216402218996336,0.049989720002020024,0.06768342625618712,0.03626390898767794,0.0396634974714466,0.03192454559862368,0.029971832494712983,0.027445680837856156,0.020140068634183772,0.0028269547051383887,0.0045674470670276366,0.004538515950147679,0.006778042554949041,0.012498951039824754,0.013077190613246727,0.010319042225259286,0.014247643789374487,0.014741318169626103,0.009331536806037507,144
Thubarahalli lake,12/24,3,0.03185864156125824,0.053926868792940764,0.02998814428453397,0.07265684989843092,0.042408775727757926,0.04364854383031503,0.03542100909904622,0.02712273530464821,0.01878763426202366,0.013933980377333986,0.0025839089416994144,0.0023362588046392132,0.002363728899736449,0.004064265402303021,0.00634110671841888,0.006698385454712844,0.0052724604706387585,0.006826833713042902,0.00979903995931315,0.006161735208543448,118
Sheelavantana kere,12/24,3,0.03655000124126673,0.06364999990910292,0.03457499947398901,0.07767500169575214,0.05747499968856573,0.06104999966919422,0.049999999813735485,0.038299999199807644,0.02319999923929572,0.018850000109523535,0.0020621589920238066,0.002371181039947418,0.0015368381402235984,0.007428112652264637,0.0027123554353687086,0.0024784051477633935,0.0015636501967345286,0.007977154791359905,0.0026419689163623625,0.00353588778944008,4
Doddanekundi Kunte,12/24,3,,,,,,,,,,,,,,,,,,,,,0
Chinnappanahalli  kere1,12/24,3,0.01920454546978528,0.033243182115256786,0.02190909085964615,0.03972272761166096,0.02639772742986679,0.02841818214140155,0.024684090929275208,0.022311363623223522,0.019506818149238825,0.01584090906280008,0.003760679020374163,0.0024137532922582656,0.0013787045937000092,0.002440414137863593,0.0030711811011443625,0.004071339839140636,0.001960193882529865,0.00407026148439449,0.0030468052585307967,0.0022582494514363314,22
Doddanekundi kere,12/24,3,0.017444665437050765,0.030763159644962804,0.020291317288475587,0.026215282150620023,0.016261094572122166,0.019228203909167213,0.01707989372486858,0.016525617309606472,0.013277133067851303,0.010048631850708891,0.00251831319566541,0.003964928316608746,0.0030958553162947345,0.0037601398020973634,0.005538734987976161,0.00610408560564074,0.005231570065907288,0.005954574201668829,0.006486565937028865,0.004347401241964576,267
Kundalahalli kere,12/24,3,0.04953659438948839,0.07625782035495085,0.04699461160706242,0.06981200420956377,0.04202168331523787,0.04466148569981007,0.03661718475399327,0.03290700793079758,0.024211444000019403,0.018069434711718346,0.005132445295575072,0.00872306727529985,0.005665245888572401,0.008056632595179993,0.009732585031581592,0.010497503958815881,0.007374033501669909,0.012537966038347876,0.01182795396974541,0.0066607842099187355,142
Acchanakere,12/24,3,,,,,,,,,,,,,,,,,,,,,0
Varthur lake,12/24,3,0.021373245671489523,0.03267605275675459,0.017707807039346733,0.03354850884265544,0.020096228043385372,0.022359824636665155,0.018427982469489634,0.015351754438801947,0.01594412283269329,0.01177956144684893,0.012536838664728666,0.019329243223039107,0.010616315021850467,0.01867561464115908,0.014506547099421348,0.015905488432720816,0.012400919315116322,0.011200794479507272,0.007748592118925864,0.004898585475308306,570
Narasipura Lake-1,12/24,3,0.041105555577410594,0.061538888348473444,0.05028333390752474,0.048255555331707,0.044572222150034375,0.0499777781466643,0.04591666700111495,0.04792777821421623,0.029011110878652997,0.018005555495619774,0.0075854554567074736,0.006506440170850584,0.00590945591378347,0.0038143328530437057,0.004636276484051389,0.005096137794946921,0.004699703933063521,0.004364510375526503,0.003368462830047826,0.001357171013910302,9
Narasipura Lake-2,12/24,3,,,,,,,,,,,,,,,,,,,,,0
Ulsoor Lake,12/24,3,0.04250047333166244,0.10281936248475586,0.04808479242525874,0.12693259591171496,0.08150720204709616,0.0828295987534339,0.06486838774972074,0.04687984686824285,0.013303299767630672,0.00990547985223167,0.003348016126765402,0.008670384702659123,0.003785836168541684,0.011417107590419761,0.00798288843053863,0.0084374156208134,0.006552537651240943,0.007411429089753503,0.006816705364459227,0.004654577720885291,762
Gunduru Lake,01/25,8,0.013751428547714438,0.03866142864738192,0.018671428678291184,0.05576285719871521,0.035068571407880104,0.036061428753393035,0.030292857119015287,0.023640000048492635,0.02019428586853402,0.017348571494221688,0.006983280847522921,0.0033287512893455276,0.003998129685645803,0.0023981941043157234,0.0041568033043193845,0.004816001404924404,0.002892234413807207,0.0053417063538290345,0.0046315649452933405,0.0038595425781495062,35
Doddebele,01/25,8,0.02500320091995143,0.04300725107995808,0.024713473285113464,0.05324319168666574,0.033241521227949454,0.0340791311403136,0.02964970940561519,0.025811367629391502,0.021682481589257254,0.017023844946523613,0.002415499563952794,0.001612416028360058,0.0021769587638426195,0.0025197906384867466,0.003819584516163558,0.003889862643333976,0.0025740407057119547,0.00462409936845622,0.005472168859604219,0.004388289937748745,164
Somapura,01/25,8,0.0032999999821186066,0.013000000268220901,0.0071000000461936,0.017400000244379044,0.008999999612569809,0.01080000028014183,0.010599999688565731,0.012000000104308128,0.01979999989271164,0.015799999237060547,0.0,0.0,0.0,0.0,0.0,0.0,0.0,0.0,0.0,0.0,1
Mailasandra,01/25,8,,,,,,,,,,,,,,,,,,,,,0
Kengeri 1,01/25,8,0.021955000050365926,0.03151500020176172,0.021794999949634075,0.024239999987185002,0.02024000007659197,0.023304999992251395,0.022339999862015247,0.023739999905228616,0.027445000037550925,0.021640000119805335,0.0020845203838326257,0.002029168378723067,0.0016882610138480687,0.0038606862999113526,0.004400443290771863,0.004117307896414767,0.0026351280062746067,0.0026070865623475884,0.004087386065226558,0.002838820150096362,10
Kengeri 2,01/25,8,,,,,,,,,,,,,,,,,,,,,0
Chenvinayanahalli,01/25,8,0.023921841442860813,0.04352110008485873,0.025382125385490034,0.04356877486219942,0.025495319529522723,0.02708270790206364,0.02581133315366083,0.023496144077817034,0.02748186314984786,0.020110372188674622,0.00215076980534452,0.0014322856315133292,0.001627128505648254,0.002953931235197298,0.0056530761334078776,0.005614572683038555,0.0032651874366043305,0.005482996034599374,0.006699510927478202,0.00430998013769768,78
Annamma kere,01/25,8,0.031338578315013854,0.057063033039648894,0.037290553664747955,0.06269312097250213,0.045401683731135845,0.046258511995837456,0.04157532789657131,0.0446805547519425,0.04268334057229307,0.03147629366243326,0.0057828981860859755,0.0035282399646999816,0.003783119698496407,0.003546843921985751,0.00936814938649858,0.007427510163737265,0.0033055605304336522,0.008052692012542006,0.01077536031724922,0.006684370032026885,19
Deevatigeramnahalli kere,01/25,8,0.016748553719038942,0.043528660337573716,0.023059481985733977,0.05375896473548242,0.034437499889172614,0.03863250036125204,0.033512643154577484,0.027152500067438398,0.02677735718233245,0.02351496412817921,0.0055293770083145784,0.002968644426174634,0.003833303532930716,0.004211299006388597,0.008865803801690763,0.010748109587872954,0.0031063917997945566,0.008996498196060484,0.00767400616583635,0.006640689382919767,11
Devarakere,01/25,8,0.027541325799332685,0.0652954168775354,0.03564844876580329,0.07574442925380886,0.045451057678133205,0.04666389321070295,0.039705218513442365,0.03535380826051884,0.028659167824305165,0.02237983102344071,0.004448723223964659,0.0018543009009787798,0.0024318466299411627,0.002965336060550421,0.006367260047970061,0.008586454608769358,0.0038250395196853713,0.007724761590541833,0.008470871174185135,0.005311093674941,14
Doraikere,01/25,8,,,,,,,,,,,,,,,,,,,,,0
Goudanakere,01/25,8,0.04412857177002089,0.08493571409157344,0.04884285745876176,0.11450714298657008,0.0781214279787881,0.07941428625157901,0.0679285717861993,0.05049285691763673,0.02612857148051262,0.02386428588735206,0.0011335331167117097,0.001565981463323079,0.0014296422579194914,0.005071976881210544,0.004141976760312678,0.004363788535111211,0.0016280702698765518,0.00238700738819932,0.00818347069968231,0.008035689113517552,14
Gubbalal kere,01/25,8,0.04043124942108989,0.08653125073760748,0.055593750439584255,0.10141250118613243,0.07163750100880861,0.07595625054091215,0.06541249994188547,0.05738124996423721,0.047899999655783176,0.034062499180436134,0.005754885690246775,0.01352113814121366,0.008594199326840225,0.012010015824013986,0.011324607303458278,0.010866733932591644,0.008469015288387897,0.009248409981287172,0.00928214032305573,0.006202456269145766,8
Halagevaderahalli kere-2,01/25,8,0.0337555565767818,0.05367222262753381,0.03853333348201381,0.045466666834221944,0.02948888950049877,0.03441111143264505,0.03420555550191137,0.0327333336075147,0.031555555346939296,0.021911111142900255,0.002009484139811097,0.003222241722512531,0.005124234146477527,0.0057216930523019795,0.007005148206072792,0.007662237092986366,0.003584259417929573,0.009720425476741252,0.006353146369546162,0.003484392270530811,9
Herohalli Thotadakere,01/25,8,,,,,,,,,,,,,,,,,,,,,0
Hosakerehalli Kere,01/25,8,,,,,,,,,,,,,,,,,,,,,0
Kempambudhi lake,01/25,8,0.05148333435257276,0.0793333351612091,0.06168333441019058,0.0870666652917862,0.06759999692440033,0.06906666855017345,0.05245000123977661,0.05863333369294802,0.0478999987244606,0.03471666698654493,1.6499261908875035E-4,4.71401963882222E-4,6.835375891496794E-4,0.0025691559813906953,6.363963390902444E-4,0.002286311993271419,2.82842232000546E-4,1.1785136902908173E-4,0.002474873481271825,0.0015084954162402717,3
Laggeri Lake,01/25,8,,,,,,,,,,,,,,,,,,,,,0
Mallathahalli Lake,01/25,8,0.03293194448471897,0.06191319475571314,0.05378125007781717,0.06450972235244182,0.03539930566007064,0.03669305549313625,0.03140833337480823,0.028962500134689942,0.02627500015983565,0.02075486123147938,0.002814537012433497,0.003148643799361119,0.0037845672036247533,0.005370958554524875,0.009136213028866557,0.008981015025116076,0.0062200335600391355,0.009917919143096051,0.012419647207896258,0.010273043965168283,72
Moge kere,01/25,8,,,,,,,,,,,,,,,,,,,,,0
Muppatu Kavalu Hosa Kere,01/25,8,0.03371000749336883,0.055669115346924834,0.04159648419934502,0.07394415315637168,0.049378815699072695,0.05022034506122213,0.04253269857049793,0.03597452387219293,0.024286150722031385,0.018171911596528617,0.005261842178992651,0.005715189395683679,0.005708892129520262,0.004600191197568608,0.005553199174329754,0.005358656157987232,0.0044224945073707105,0.00564285397089801,0.007015579872513417,0.0053199073226891675,58
Nayandanahalli kere,01/25,8,0.026168426642471126,0.035183552919827527,0.023209518516339345,0.027203745509186007,0.020968212873210747,0.02263617055157346,0.020912270835418485,0.02219085757355843,0.02620413850048362,0.021354790232165494,0.004273457096328166,0.004730286455692718,0.0035768242944542164,0.004980030363202995,0.00689866539480997,0.00723918601646357,0.004931427176807586,0.008930887370199966,0.009617994893425116,0.007420995009645392,57
Sankey Tank,01/25,8,0.023519879700172542,0.03530467769156892,0.02345377262991821,0.026761682571264277,0.01678839162014718,0.018236109851877607,0.015702466966000944,0.016877710123016233,0.019259532318647483,0.015832400629464626,0.0022414711357424634,0.0029294793761647482,0.0034972376007054522,0.005652321791997016,0.007249401425842847,0.007807706336645715,0.005153529864982051,0.008851401881702008,0.012049440827749069,0.011144142783633737,260
Subramhanyapura kere,01/25,8,0.044901945398717696,0.08917272344270702,0.050634177879272366,0.11379215390600063,0.07721367856573332,0.0790496386552815,0.06533905761493422,0.05485668080514595,0.03502919315221924,0.02847886023827342,0.004274541127906713,0.004779426531505616,0.004575966754608656,0.007532258348184076,0.009904386888110116,0.009985586703753319,0.005976875456537872,0.012914874544952448,0.015647250419324507,0.012166730386314027,62
Ullalu lake-2,01/25,8,0.0300827160431647,0.05371604942613178,0.037891975339548085,0.06054938262627448,0.0376549381762743,0.0393037037624989,0.03327777781696231,0.03162222240626076,0.028879629586029937,0.020709876511475923,0.0025979356437093415,0.0033253870593392063,0.002575591226862763,0.0048758507298027175,0.009788480720476205,0.009233870799820463,0.005412890402518004,0.009284977570125813,0.010492562773321975,0.007108356178840968,81
Valagerehalli kere,01/25,8,0.036799516517916304,0.05617383967603811,0.04391052266808128,0.059584400293810805,0.037880365249312126,0.040016191648113264,0.035889444177049035,0.03219665471633118,0.027057987684887274,0.02077314981004886,0.002984943442057425,0.004642408223373945,0.004722474859580193,0.006490335293499101,0.009019309063006296,0.008147180854004964,0.005870257369920179,0.00855723151151632,0.011838372462147528,0.008331223487950469,82
Yediyur kere,01/25,8,0.026151939649974823,0.05527996624209605,0.02965886911253816,0.05942207307570524,0.033986883182658315,0.03612619949317574,0.03094049770660828,0.028934357282435787,0.02311927611019323,0.018082090132895745,0.004642688835006972,0.002321044055442498,0.0023029462118517733,0.002193580602546525,0.004821310520838422,0.006059683066717582,0.003810273481638568,0.007827294581068941,0.0066219380566103405,0.00409346857636335,63
Bhimmanakuppe Govt lake,01/25,8,,,,,,,,,,,,,,,,,,,,,0
Srigandhakavalu Karabu Katte,01/25,8,,,,,,,,,,,,,,,,,,,,,0
Janaradhan kere,01/25,8,,,,,,,,,,,,,,,,,,,,,0
Konashetty kere,01/25,8,,,,,,,,,,,,,,,,,,,,,0
Nagarabhavi (Un-named Lake on map),01/25,8,0.03154374985024333,0.05027499981224537,0.03854999947361648,0.048812500201165676,0.035462499829009175,0.041193749755620956,0.03697499982081354,0.038093750132247806,0.051118750125169754,0.04263125080615282,0.007261216805951083,0.008559461096415632,0.00707208384579964,0.01072178719223372,0.008823645684499013,0.009312136770257618,0.007307744463405264,0.00964988473616496,0.013246743746181787,0.011846833812393284,8
Sompura Govt.lake,01/25,8,0.027301851970454056,0.054095370419047495,0.03748888894915581,0.049449074254543694,0.02961018522856412,0.03206296292720018,0.02874722221383342,0.027658333415510477,0.026525926051868334,0.01906388885927973,0.0027226070285775237,0.0017760044910472871,0.0023959970987707923,0.0036276521327111956,0.0058215387212044,0.007257494099077021,0.006218091954903222,0.007334947884109979,0.00827899340711395,0.006701377779763471,54
Lakshmipura Lake,01/25,8,0.027127777812657534,0.05116574079902084,0.029299999897678692,0.06679907372152363,0.04247870358328024,0.043332407182013546,0.0386990741999061,0.028867592759154462,0.0226148148584697,0.018230555613559705,0.0012099763662928047,0.0018019748798289883,0.0010594373663493201,0.001944376971372847,0.0031236938767557217,0.00338898201144244,0.00205098196375376,0.002802828546511288,0.006105375996123265,0.0041367417722956235,54
Amrutnagar Lake,01/25,8,0.027860869572538395,0.04730108712354432,0.03448260887323514,0.05711521742784459,0.03134565209241017,0.0327565216904749,0.028433695678477703,0.026730434888083,0.028732608679843986,0.024116304298133953,0.0025845677063449086,0.0020624618631114983,0.0016970310618781529,0.00269088373411884,0.0063964392849466855,0.006961388848228932,0.0037362799820838083,0.00778016208209698,0.009297283437482245,0.007186771154660614,46
Hoysalanagara Lake,01/25,8,0.03671428561210632,0.06668571382761002,0.053821428545883725,0.06040714308619499,0.03950000022138868,0.04557857183473451,0.04341428514037814,0.04402142842965467,0.03659999982586929,0.023585714399814606,0.0021167207280002494,0.0024081280752539236,0.0011846808311619134,0.0022642291216225397,0.010794574980519615,0.012329258636611424,0.004580370296471691,0.015011895851166916,0.008081946986986053,0.004748061343448785,7
Basavanagar Lake,01/25,8,0.022067637047006258,0.05022745649858807,0.023114605992297164,0.0607281409846859,0.03904010995883213,0.04162318493746012,0.034811462236162084,0.028985478621814966,0.026983829047102843,0.02032917688972171,0.005057761686825861,0.0029156572869794483,0.00278093678628057,0.0034392191426927013,0.004869126417525108,0.007007653046764138,0.002939869119943364,0.007198202306698691,0.008615024914859985,0.005726611594795023,28
Ajjegowdana katte,01/25,8,0.03350000083446503,0.053599998354911804,0.034699998795986176,0.06809999793767929,0.046799998730421066,0.04659999907016754,0.041099999099969864,0.03189999982714653,0.040800001472234726,0.034299999475479126,0.0,0.0,0.0,0.0,0.0,0.0,0.0,0.0,0.0,0.0,1
Kodigehalli kere,01/25,8,0.01674000024795532,0.03776999972760677,0.026480000279843808,0.0620300006121397,0.03913999982178211,0.03224000055342913,0.027499999850988388,0.02256000004708767,0.03128000013530254,0.020760000124573706,0.0011551625472055376,0.0034409446598428406,0.003992443378642123,0.005493095511830432,0.005582150002497675,0.004596346490494127,0.0011428037803116072,0.0038642464006025923,0.006830197757001187,0.003803208871711236,10
Kommaghatta Govt. Lake,01/25,8,0.030612987163779023,0.0476025975514929,0.029950000079614774,0.06218084412348735,0.041183117063498344,0.042690259634287325,0.036397402598099274,0.030930519539427447,0.021375000059556264,0.014232142882832846,0.004435229561298629,0.006626535222673408,0.004330906882914982,0.01188485627002839,0.007903636700210118,0.008424188000915666,0.005987667990667618,0.006036112467629264,0.003818216059957765,0.0023120848509504167,154
Manganahalli Lake,01/25,8,0.019537388315717864,0.024476728592866405,0.01752635618707285,0.026206756913796706,0.017526243848788214,0.017593706910968662,0.015974281375683144,0.015613163466412715,0.017399082678966265,0.012633164384520406,0.003837123269434997,0.0036169425607063856,0.003152216751734248,0.004238459711922159,0.004416206071992779,0.004295815054037115,0.0032107515948535453,0.004009900780714653,0.004189647144963175,0.003163237859059383,892
Bhattarahalli kere,01/25,8,0.025104504654997528,0.04407967329329957,0.026411998763092314,0.0421708378197794,0.02671184403940355,0.0288847544512647,0.02562063015176595,0.023559229180564877,0.02684222696672988,0.021484766700056043,0.0019335876676055746,0.002327035615909282,0.0029903808939639024,0.004231580198553157,0.008659136131593604,0.00738007259934844,0.004267861137111378,0.008687412962911254,0.012136458982319652,0.007670450632440727,65
Thirumenahalli lake,01/25,8,0.015551162948615329,0.022284883745881015,0.014303488440291827,0.02925697692431683,0.01867209301265173,0.020172092998616917,0.016613953486951286,0.015200000126347986,0.015345348835771168,0.012519767475422732,0.002343111981115717,0.0034636069824253617,0.002993586155234556,0.004662350133091442,0.00396420473303747,0.004306786194158863,0.003058448506082386,0.003954846941235875,0.003241048738191424,0.002082181862230635,43
Avalahali kere,01/25,8,0.029739007951061804,0.04906481983720589,0.02480490735986883,0.06672877958892368,0.046154545735798067,0.043818656313859394,0.03173250360641036,0.024325472384309602,0.009210308809695904,0.00781679062662818,0.005000628575422783,0.006876986860635464,0.004667696350888376,0.008954225563693102,0.008162211550995857,0.008156953771743108,0.006953988439881971,0.007160944204482166,0.004128732358041865,0.00245856685797635,1919
Begur Lake,01/25,8,0.03764530009031296,0.06430000003427266,0.04227870013937354,0.05334559991210699,0.030016000082716345,0.03159910006821155,0.02751969999819994,0.02518830000422895,0.01880370006337762,0.014449900062754751,0.003476668288444056,0.004507195371011328,0.004520170546775724,0.0058556185747572894,0.009135972052821035,0.010587104714765616,0.007679625477320558,0.011714648339622024,0.011870191329129047,0.008581550954366676,500
meenakshi lake,01/25,8,0.06354537643541658,0.11978925128316427,0.06995002640946217,0.11895798088278253,0.06962505033174399,0.0720764854081434,0.05954839062210508,0.051344788865808635,0.04760035443185913,0.037224608523762345,0.004142444525001105,0.00672033277029393,0.010083788706985824,0.011949532947012566,0.020942845539085493,0.021724676433155475,0.01825323049500922,0.0259877915211131,0.035429285348401826,0.027299370150906374,104
Kannuru kere,01/25,8,0.03228460641015277,0.04760601821489227,0.034524054287211274,0.06508880534715487,0.0422764340282964,0.04345721454467942,0.03713132825330142,0.029389658811922736,0.016583069369154036,0.013369048711160852,0.012191804045055134,0.014983566218509783,0.01279149309206923,0.016109465853668604,0.013500172625814728,0.013309262618003258,0.012105795570754937,0.010607226109434459,0.009369490695989312,0.006552079714604731,202
Kannuru kere,01/25,8,0.03228460641015277,0.04760601821489227,0.034524054287211274,0.06508880534715487,0.0422764340282964,0.04345721454467942,0.03713132825330142,0.029389658811922736,0.016583069369154036,0.013369048711160852,0.012191804045055134,0.014983566218509783,0.01279149309206923,0.016109465853668604,0.013500172625814728,0.013309262618003258,0.012105795570754937,0.010607226109434459,0.009369490695989312,0.006552079714604731,202
Doddagubbi kere,01/25,8,0.012214460397968677,0.02052181222113946,0.014580675644457166,0.03236769135567584,0.014200901849094635,0.014091455809347108,0.011833845689409924,0.008692226745337196,0.012297580157826688,0.010825372060529985,0.008520782329111002,0.005623638967431672,0.005117382413244229,0.004365903227487823,0.00554568704017588,0.005955308914314971,0.005310627796058611,0.005836767918535065,0.005554855191249218,0.0037466322757735296,596
Suggata kere,01/25,8,0.02496250020340085,0.04833750007674098,0.03546249959617853,0.05031875008717179,0.030900000128895044,0.03369375038892031,0.030700000002980232,0.027843749849125743,0.035293749533593655,0.02573124971240759,0.004444923038968236,0.001897161339835882,0.002604413267920343,0.0018887718992195105,0.0035454201049098496,0.006783917209372487,0.0034909709479323072,0.0055238933176741615,0.006799652509315028,0.004271338763990749,8
Yelahanka Lake,01/25,8,0.031186604401569413,0.04513717554764524,0.027981192215573658,0.03134386567814837,0.014476236133210123,0.015050483610796896,0.012919823882196577,0.012305176387779358,0.012999032762194777,0.01073350809639035,0.0028992912069145302,0.003133756840801014,0.0027761265775025673,0.004756129240434757,0.007480570375754495,0.00860411821815528,0.006757153193394561,0.008761256005890653,0.0071300905838516185,0.004925590218552983,2319
Dodda Bommasandra Lake,01/25,8,0.03734899902747863,0.07419486866792943,0.0407520256357953,0.09086608150741932,0.04998624803204902,0.05119088302231917,0.041511152962249505,0.0312572268191741,0.01536340900995421,0.012391772849412543,0.002971334423090084,0.005680617035338727,0.003728467812971011,0.007037873921884413,0.006849128859697892,0.007982305173024529,0.006146797675999297,0.008425128085331782,0.007141706314639178,0.004426939385554231,650
Singapura lake,01/25,8,0.037046791840982966,0.06392899244656224,0.05094736689798434,0.053378740033961744,0.033692932370322,0.03569283320094041,0.03245701955848168,0.031379203555123074,0.03452600352055028,0.027244478556876027,0.0041364612649521845,0.005841804569492271,0.007667016811018852,0.010834748619992545,0.012685179129203252,0.012850226399861499,0.009470128796195482,0.013999135833345574,0.023793122789300934,0.019091252795438374,143
Chellaghatta kere,01/25,8,0.04476785713008472,0.0785071434719222,0.05069642913128648,0.08160714272941862,0.058907143239464076,0.065682142706854,0.05641428540859904,0.056267857019390376,0.04566785679864032,0.027767856871443137,0.008932076721108538,0.01575560952057059,0.01511358719225511,0.014861802026057238,0.019251223805184133,0.021296718368286546,0.014141951036912456,0.024280838798412776,0.022193938915241344,0.012325736609012592,14
Bellandur Amanikere,01/25,8,0.029295756062757132,0.04694429704437276,0.028442473539170513,0.03128822950648752,0.017882327624968445,0.019704840886377264,0.017435344847105072,0.017029210904683234,0.013434913828944298,0.009325397907094215,0.012354435711929119,0.018487156807182985,0.011834556740239203,0.010315929971833598,0.010715018679487959,0.012143780269672656,0.010220767855907904,0.012570046707686746,0.005328761224868952,0.0022074111587909286,1508
Abbigere Kere,01/25,8,0.02984745767872549,0.05873135576224597,0.034205367462446463,0.08098954825246402,0.04853220334497549,0.04961186428528048,0.04220677962747671,0.03245564991092614,0.022655084802858574,0.017946610211442084,0.006488064311132229,0.0052763239597075125,0.004780576397706678,0.005992878660630426,0.0068263514706183945,0.007335437290854216,0.006019533477997367,0.007310734096112467,0.00916212584473766,0.007090934082229914,177
Kammagondanahalli lake,01/25,8,0.03332962951174489,0.05808703704840607,0.041203703455351015,0.06571759242150518,0.04527962987345678,0.04580648153744362,0.04133148153346998,0.03640185213751263,0.03351851849368325,0.023803703745620117,0.008283157429337112,0.010163720925684542,0.005005107152417625,0.007051773755692447,0.00860156388959878,0.008048263262736529,0.005841076838234733,0.010591659168191811,0.01074157402906707,0.006816264971527245,54
Mallasandra Lake-2,01/25,8,,,,,,,,,,,,,,,,,,,,,0
Chikkabanavara kere,01/25,8,0.04703888876570596,0.08786666558848487,0.06952222353882259,0.10463888860411114,0.07464444388945897,0.07636111105481784,0.06500555492109722,0.059144444349739284,0.0587111111316416,0.03712222269839711,0.009081016854439957,0.013361657243722309,0.014071309411159201,0.015972644434187132,0.015432639407704403,0.017543530054689217,0.00989700885501815,0.015150255523480535,0.018885941399290878,0.010551911912127001,9
Mallasandra Gudde lake,01/25,8,,,,,,,,,,,,,,,,,,,,,0
Bagalagunte Govt.Lake,01/25,8,,,,,,,,,,,,,,,,,,,,,0
Lalbagh kere,01/25,8,0.025480210297248833,0.05710087147390836,0.02590148005124102,0.05655644540995026,0.029858449558337604,0.03142539921228619,0.026365981526118482,0.02409606050273704,0.020603924036955167,0.01511382670096917,0.003668769448503642,0.0036736114161051024,0.0028169804866018167,0.005237950788311976,0.007672364180987365,0.008648680929297608,0.0057966760523579745,0.010077095351104928,0.010735081455149289,0.0072803708170260766,226
Chikkabellanduru kere,01/25,8,0.010359941546026378,0.02253859654635365,0.012673976594222742,0.03200760248460268,0.015088888876445113,0.01598304100280181,0.01391491231818994,0.0111959064651651,0.021023976703702707,0.01749152055130019,0.00440062333083272,0.0022433335363066004,0.002694500255257235,0.0018503123349738581,0.0034683185169982838,0.0038145848855817843,0.003228187723417215,0.004331080491566384,0.007983116956145491,0.0069225224909105244,171
Carmelarm,01/25,8,0.05779999867081642,0.11410000175237656,0.09300000220537186,0.11909999698400497,0.10300000011920929,0.09610000252723694,0.08789999783039093,0.09319999814033508,0.15070000290870667,0.09769999980926514,0.0,0.0,0.0,0.0,0.0,0.0,0.0,0.0,0.0,0.0,1
Gunjuruplaya kere,01/25,8,0.032790000177919866,0.06198499947786331,0.049619999900460246,0.0521249994635582,0.03375000040978193,0.03701499924063682,0.03501500003039837,0.03732500076293945,0.03522999994456768,0.022310000285506247,0.004373088549390192,0.00910000117375183,0.004006756439754918,0.005834562178650163,0.008050279560960237,0.011024156025659787,0.0059270167922149414,0.012046893512048676,0.005901110160809066,0.0041907515061291355,10
Govt. Dinnekere,01/25,8,0.0793749988079071,0.14532500505447388,0.1832749992609024,0.19704999774694443,0.1284250020980835,0.1343499943614006,0.11264999955892563,0.09609999880194664,0.06292499974370003,0.04089999943971634,0.0049749985337257385,0.004924997687339783,0.008375003933906555,0.001950003206729889,9.250044822692871E-4,0.004450000822544098,0.0021499991416931152,0.0071999989449977875,0.01977499946951866,0.014699999243021011,2
Panattur Govt.kere,01/25,8,0.03719401569533617,0.06447303142153483,0.03950264017255151,0.057133493808469354,0.034009586706607635,0.035441582534683005,0.029850853760607733,0.030702928198038593,0.030938420420519648,0.023590203973425674,0.0028128752431988407,0.005051727735115299,0.0039013878908498788,0.005512328441697936,0.011606031175799785,0.011202073367445971,0.007845854328602651,0.013150006955981118,0.013366244195399012,0.008771372834674818,74
Gramadakere,01/25,8,0.10425714350172452,0.19482857201780593,0.24445714269365584,0.24738571367093495,0.17702856872762954,0.181914284825325,0.15018571274621145,0.13327143021992274,0.09637142824275154,0.06155714286225183,0.026601763634497125,0.05684590839245225,0.09265289709574842,0.09015824976396655,0.06022483986522674,0.05220449225206556,0.046848675611807625,0.03703232151477104,0.02331473650083094,0.01867195040020511,7
Ambalipura Kelagina kere,01/25,8,0.015066666839023432,0.03400000060598055,0.017333333380520344,0.036766666918992996,0.0324833324799935,0.026183333868781727,0.023533333092927933,0.019733333339293797,0.02539999969303608,0.016733333778878052,0.004164599409755423,0.002076455209274317,0.0017513488726788587,0.002823807516283937,0.005330780386803702,0.003908182124142305,0.0024280767785538346,0.002957007044384191,0.00376651936653783,0.002221611193715954,3
Melinakere,01/25,8,0.019200000911951065,0.03220000118017197,0.027400000020861626,0.03139999881386757,0.01979999989271164,0.02590000070631504,0.023499999195337296,0.03539999946951866,0.03280000016093254,0.024000000208616257,0.0,0.0,0.0,0.0,0.0,0.0,0.0,0.0,0.0,0.0,1
Sowl kere,01/25,8,0.028962499927729368,0.03223125054500997,0.023712500231340528,0.025712499860674143,0.02315624989569187,0.027574999956414104,0.0255687499884516,0.023468750528991222,0.01959999999962747,0.015699999989010394,0.005087715443399633,0.0014519254164128436,0.00201521555864206,0.0020883232181831686,0.0038385737439338746,0.002331174484354178,0.0011469898764441871,0.0028651941629362853,0.0018411955252816655,0.0015149255495134285,8
Bhoganahalli kere,01/25,8,0.014475675639570565,0.02528513504846676,0.015100000048610004,0.03473108120866724,0.020956756798802195,0.021787837802155596,0.019048648836040818,0.015551351338020852,0.018464864911259832,0.014956756721477251,0.004025033619105208,0.0027595744854173546,0.002090519221527188,0.002662282811787103,0.0026731437386902264,0.0036092299200247034,0.002405525364546581,0.00327642052240113,0.0033693746444681603,0.0025609638612948088,37
Devarabisanahalli kere,01/25,8,0.060850662234649994,0.09940686558670982,0.06284128850441663,0.06930045111712543,0.04192349274347102,0.045028164826722755,0.0391144730643131,0.0387542872699554,0.027965662973205078,0.020277807231568263,0.010773634855197717,0.015822088946491026,0.009208400406686345,0.004152765586780969,0.016539771560870074,0.01978216487513148,0.012389068355421641,0.019534583765291595,0.010798920223855632,0.005528204265386762,66
Doddakanneli Gramadakere,01/25,8,0.024699189042149048,0.044321414325329024,0.024692902625433263,0.05754318369753311,0.03580173859241424,0.037424313514630145,0.03236443866042309,0.025006100925574763,0.018654696367796344,0.014778405595181806,0.005760103284912595,0.0028106401436079785,0.002769898267904162,0.0029034786581853245,0.004109207491650289,0.004970638089677991,0.0022947347839834204,0.005057889813649834,0.005215719753555713,0.003316627893807333,111
Lakedew Appartment lake,01/25,8,0.038202857013259615,0.06258571424654552,0.03768999996994223,0.08735714278050831,0.05857142859271595,0.06037857128041131,0.04935571455529758,0.03690142844404493,0.01607571446469852,0.01177571431866714,0.004605446341873895,0.002405872281943268,0.0026575714362495353,0.003621959674590516,0.003286754687294956,0.0036860413660516774,0.0023036544135135338,0.003322638743193681,0.002262784994149367,0.001700855773996391,35
Kaikondanahalli kere,01/25,8,0.03396221603774889,0.07649062501943925,0.03813892054710199,0.10896931791847403,0.06482357950881124,0.06624943180941045,0.055357670517299666,0.037673011432740496,0.015135795481249013,0.012773863624633204,0.004095505066230591,0.0035564618042131222,0.0036784892183298183,0.00438339093699739,0.004941777276735258,0.005542654817656459,0.004806262100467154,0.0057667145351144354,0.0050667810733665206,0.0037736148067636344,176
Kasavanahalli kere,01/25,8,0.04453159585020413,0.07554550589263363,0.041828748418106396,0.051269403644181394,0.025467050034908293,0.027815704476600988,0.023752747609135223,0.021725657472924015,0.018001761100385837,0.013366155606784346,0.004114389802244279,0.006357262182126526,0.003581336701584712,0.004086668141056613,0.008866624954947168,0.010917429231558869,0.008393323441967006,0.011825403256476128,0.009949854818057928,0.005619554785059556,283
Mestripalya lake,01/25,8,,,,,,,,,,,,,,,,,,,,,0
Tavarekere lake,01/25,8,,,,,,,,,,,,,,,,,,,,,0
Byrasandra Kere,01/25,8,0.03833108133560902,0.09353243277685062,0.05112837828897141,0.11913378315197455,0.07600000057671522,0.07911621678519894,0.06639729732194462,0.05065540536432653,0.025614864897687693,0.020372973025046492,0.003558172041502293,0.0017132708700137722,0.0023184787951024133,0.004168884779686914,0.007452407325581404,0.007840444829745786,0.0037132510221352935,0.010706166165511089,0.007580815714233727,0.004446067285615827,37
J P Park Kere,01/25,8,0.08905119094110671,0.15238095376463162,0.13052499968381154,0.138426190863053,0.08479285736878713,0.09141309506126813,0.07892738105285735,0.07514761955965132,0.051919047632032915,0.034191666703139036,0.010991146792614806,0.02283291168133854,0.022070806559303463,0.026071004688563083,0.017972878296268417,0.020632224015722303,0.015964037681011213,0.02023355015929807,0.022044446427030948,0.014995026425810846,42
Agara kere,01/25,8,0.021697269611691727,0.02839546805091549,0.018886118897911825,0.03121277590979846,0.018180825916524652,0.019177970056289483,0.01691648617082715,0.015083409079606244,0.015285917421225733,0.011996556249499796,0.004019582312186333,0.0044069691047372095,0.004155368966738252,0.003477458222024241,0.004670688051640729,0.005199397107942279,0.0038627775067557103,0.005587693665986105,0.004894489838240251,0.003374240675384218,507
Ibbalur Govt. Lake,01/25,8,0.0324406753304465,0.05586261722894311,0.03311715206259973,0.06858800103827917,0.043334244813871464,0.04456387150757706,0.039104261226012446,0.03342194247312917,0.02699259476656262,0.021872827862709863,0.004001308669566454,0.004869398335680679,0.003035834078945503,0.005983565189598201,0.0078025047833706895,0.008139357420498337,0.004223146570740325,0.008673520967919348,0.007978814467472195,0.006190766590137754,34
sarraki kere,01/25,8,0.07673230035596058,0.11829974590372465,0.07531197289292944,0.07738656026539811,0.03814708974136793,0.03923012305556827,0.03283436189123301,0.02953746550131077,0.024212439710514597,0.01903486295170124,0.016366146863366616,0.0249142684611883,0.0161008350620533,0.011351020787244268,0.014804373852371034,0.016786642783825363,0.014060224120047147,0.018843884188725932,0.021169104959432288,0.014627434202387416,487
Puttenahalli Kere,01/25,8,0.037896511513133384,0.07105348865653194,0.03985465136031772,0.07664302320674408,0.048536046473092814,0.05077325596019279,0.04275348843183628,0.03879069779501405,0.029205814003944397,0.022497674428619618,0.0014838821476089816,0.002493745946243222,0.002047795780393274,0.004795001617852109,0.00926000596640187,0.010200053488853257,0.005686851374741966,0.012255308644637945,0.010251149869116455,0.006924358184191178,43
Madivala Kere,01/25,8,0.016953587732588076,0.026406036510613826,0.015519646961127401,0.03788582017488251,0.022744419175181073,0.02301025060100952,0.018710079800193295,0.01403684510702505,0.009819191355461887,0.008666457886784284,0.00454744997872751,0.00424217736789471,0.004003802774039534,0.003443998062263934,0.004311425652495248,0.004303371514480245,0.0037820932211129854,0.004758390329183069,0.0034233394573201727,0.0024556185286122322,878
Somasundrapalya lake,01/25,8,0.029677010798387134,0.0660640684810177,0.03898306266898287,0.08364482565187864,0.043668182093902885,0.04575552791845027,0.03792391933807222,0.03397103739018633,0.030459090814049062,0.025107021311301426,0.0019947710322234494,0.002500786306060273,0.003213990167358583,0.00701999981441216,0.010405062812979331,0.012209334698689832,0.006918175297267471,0.014927792020124812,0.014895858539138959,0.011708151786506246,45
singasandra,01/25,8,0.022542412788954684,0.0449184079501611,0.025016542496298675,0.0604329602375849,0.03713009982318872,0.03935000000160132,0.034335448425170494,0.025100994994168853,0.023772761262767943,0.019136691410372508,0.006059736893625801,0.003881517820246815,0.0036134436180806986,0.004722088614467484,0.005347564071940274,0.0039117676482625895,0.0027666849246898123,0.0038946188670743913,0.0044649984300637385,0.0033518799187568643,24
Kodagi Singasandra kere,01/25,8,0.01860000006854534,0.03141666700442632,0.025699999804298084,0.029683333511153858,0.016066667002936203,0.029333332553505898,0.02346666653951009,0.023899999757607777,0.028433332840601604,0.021883333722750347,0.0038192496022879394,0.0027368877032768963,0.00196129192508065,0.0020649188162151387,0.0038784302576363406,0.004234251841466318,0.0031436001801357087,0.0023846738665500335,0.0029510825388405506,0.002593046433017957,3
doddakodlu,01/25,8,0.020869282579609096,0.04013183873330531,0.024383183906999138,0.05067668156907163,0.028345739853154917,0.029933183888315888,0.025426905861149453,0.019730493330267246,0.017510313937448868,0.013983856519107862,0.005112699426707828,0.004450592683441607,0.003901143624718229,0.0047375556513636575,0.005443663224938119,0.006016043341983739,0.003980610869071975,0.005999113361250568,0.006471831432236684,0.004255880521840617,223
Karabu Kere/Konappana agrahara lake,01/25,8,,,,,,,,,,,,,,,,,,,,,0
Parapana Agahara Lake,01/25,8,0.0032999999821186066,0.020450000185519457,0.008950000046752393,0.026125000324100256,0.017075000097975135,0.020174999721348286,0.016474999953061342,0.017774999607354403,0.02355000004172325,0.01744999992661178,7.176349130850848E-4,0.0020718349559541087,0.0014309086372037787,0.001520485477136513,0.002340272327089787,0.004041890042948216,0.0018833146397657316,0.0035187886067912333,0.0030761172865611235,0.0024944938760434457,4
Kudlu Chikere,01/25,8,0.02148333340883255,0.03215000002334515,0.020939999911934137,0.035038333386182785,0.02476333345596989,0.025493333333482346,0.023546666527787845,0.020371666783466934,0.021836666824916997,0.01636500001574556,0.0052012071715064,0.0032448933899254977,0.0032041482432411477,0.0042026317466748835,0.00585724520056446,0.004899791243095704,0.0032145224696734486,0.005638420129055291,0.004463760444531302,0.002651010927631106,30
Kelaginakere,01/25,8,0.062058091791632145,0.09551271832374225,0.0654356815722855,0.06573022382657648,0.04516170635365394,0.049253063549113955,0.04300548909320794,0.043367730458797174,0.041626046720405034,0.02818011132958561,0.0038660725545877628,0.005399292208775421,0.005704139694944879,0.01328637561004371,0.022289285328057,0.023997802627449324,0.016257166723143115,0.02333688529823869,0.026080615255784315,0.01637717222776635,37
Melinakere,01/25,8,,,,,,,,,,,,,,,,,,,,,0
Basavanapura Kere,01/25,8,0.014800000470131636,0.026112500112503767,0.014049999881535769,0.030049999710172415,0.016512499889358878,0.02043750020675361,0.019612500444054604,0.011562500149011612,0.018549999920651317,0.013424999779090285,0.0011937340293435756,7.503127002644413E-4,9.013876566521284E-4,0.0024005208793325215,0.0037111950168515666,0.004452439702339939,0.0012808077721236915,0.0025727842040856315,0.002224297689376011,0.0033499063884659826,4
Swarna Kunte Gudde Lake,01/25,8,,,,,,,,,,,,,,,,,,,,,0
Chikkabegur kere,01/25,8,,,,,,,,,,,,,,,,,,,,,0
Elenahalli Lake,01/25,8,,,,,,,,,,,,,,,,,,,,,0
Kalena Agrahara Govt. Lake,01/25,8,0.037936062590797466,0.07149183165585313,0.046639311742465966,0.07488880983943834,0.04525871642985269,0.049469487182592,0.04312376789517453,0.04290935605242114,0.042282986845351915,0.03229571045922097,0.004629448990765493,0.004776618221000759,0.006522520301971149,0.007973677402093463,0.010481740153258843,0.01341583087868716,0.009881038394498307,0.016280566145386446,0.017756712925447223,0.014032551135439776,22
Infrastructure Corridor,01/25,8,,,,,,,,,,,,,,,,,,,,,0
Beratena Agrahara Lake,01/25,8,,,,,,,,,,,,,,,,,,,,,0
Mylasandra Dodda Agrahara kere,01/25,8,6.000000159309076E-4,0.009945454583926634,0.005254545376043428,0.021709090945395557,0.00839999999681657,0.00958181820301847,0.007336363704367118,0.00839999999681657,0.014572727324610407,0.011754545383155346,7.109532980547744E-4,9.670607270883829E-4,8.478460676335342E-4,0.0018138130835018943,0.0020815204383018604,0.0024917384213884674,0.0011395954833614658,0.001252633587140202,8.687410173313384E-4,0.001210081617505925,11
Arekere Govt. lake,01/25,8,0.03759308487684676,0.08182870230308764,0.0455214242028918,0.106983540070329,0.07081787471475724,0.07234776534021001,0.06113125274775155,0.044486301146732896,0.022916123327016705,0.019219914793288023,0.004042375785013457,0.004165610829833122,0.0029753865991635968,0.004356056007488039,0.004814178690886459,0.005276421612484494,0.0037100044277301107,0.005356002588848,0.008798398748199886,0.007491980099291117,112
Hulimavu Kere,01/25,8,,,,,,,,,,,,,,,,,,,,,0
Akashaya nagar Kere,01/25,8,0.020532483793928823,0.042449282014265136,0.02636076824583129,0.0413959078899901,0.024195244285423103,0.027743252339570302,0.027564698555463306,0.025201650959495066,0.030601722627546575,0.022620190370878725,0.002898988002695409,0.00135132296296024,0.0011472207646220176,0.0033058488479383763,0.007060081613904049,0.008036322818793159,0.0023796834179534254,0.008659461804206871,0.004486112930330999,0.0036765506828126135,11
Gottigere Kere,01/25,8,0.01446666671453338,0.022649122794207773,0.012747368432189288,0.017479824604826014,0.013877193092188815,0.015088596552806465,0.015874561461571016,0.015288596400958403,0.01631140349465504,0.01453070175883017,0.002964413644654133,0.00291742329050926,0.0015802903546810198,0.0036324664194618177,0.003935177325062986,0.004659794639474509,0.0024799038215968863,0.0040186409600079034,0.004786466694105672,0.0040591758604829236,57
Kothanaru Kere,01/25,8,0.02652794119956739,0.04982279394479359,0.031366176437586546,0.04237867650740287,0.025537500020993108,0.027794117792783415,0.025349264663151082,0.0249000000904369,0.027395588263650152,0.020920588333597955,0.0034996888689815204,0.002528796097578838,0.002961659932354601,0.005547490674275831,0.008033067576077005,0.008538522268751866,0.0057961225005941485,0.009836718440469999,0.012164375840802875,0.008905233186787997,68
RBI layout kere,01/25,8,,,,,,,,,,,,,,,,,,,,,0
Chunchanaghatta Kere,01/25,8,0.034469295477610594,0.05826460673552374,0.04037951429072883,0.06298641515723298,0.043029562136403326,0.04473875950189788,0.03867456141118534,0.03711196191180753,0.03558838671737492,0.026507057215508778,0.0032494592430964103,0.004097652671923902,0.004361871166786238,0.009629695968512392,0.010752029492209738,0.010707431158053475,0.005926616322961826,0.013198844473463575,0.0171689446868244,0.013165535578767089,49
Alahalli Kere,01/25,8,,,,,,,,,,,,,,,,,,,,,0
Kembathahali kere,01/25,8,0.02455624984577298,0.07591250073164701,0.03795625036582351,0.09268124960362911,0.05839375080540776,0.06008749967440963,0.052787499502301216,0.037481250474229455,0.03588125016540289,0.026737499982118607,0.002954386166958376,0.018341036260902728,0.004269180198885602,0.027473395573415507,0.019075384030499378,0.019593584468815355,0.016830436373810424,0.009397005515036203,0.008059774570616619,0.006327901779217362,8
Doddakallasandra  kere,01/25,8,,,,,,,,,,,,,,,,,,,,,0
Konanakunte  kere,01/25,8,,,,,,,,,,,,,,,,,,,,,0
Thalagattapura lake,01/25,8,0.018222222173655475,0.024162037022135877,0.017923148262693925,0.022987962976374007,0.017008333363466792,0.019249074066195776,0.017763888825558953,0.017737963098894666,0.024510185303235496,0.0200240740345584,0.004192847329209579,0.004121622334763329,0.003952550860682475,0.005961612808746793,0.006557690836303541,0.006210090876374197,0.0042091655657315544,0.006397018568232909,0.006634284959990829,0.0054674602451440495,54
Vajarahalli Govt.Katte,01/25,8,,,,,,,,,,,,,,,,,,,,,0
Harohalli kere,01/25,8,0.020852654958061413,0.04169808263316267,0.022518436646962587,0.04747123896504222,0.023356047252901888,0.02461017708082554,0.020581268488393773,0.018197492644146832,0.015441887937815844,0.012045427791466579,0.0025314206542635304,0.0019580302705572788,0.0016301023801427012,0.0024548051079369367,0.004719583695496452,0.005739770293696622,0.004701922794201865,0.005994566287117906,0.005925213660510675,0.0037103818702895652,339
Puttenahalli Lake,01/25,8,0.016699999570846558,0.02199999988079071,0.013100000098347664,0.03200000151991844,0.020099999383091927,0.021900000050663948,0.01759999990463257,0.017899999395012856,0.013100000098347664,0.01209999993443489,0.0,0.0,0.0,0.0,0.0,0.0,0.0,0.0,0.0,0.0,1
Chellakere kere,01/25,8,0.022597500029951333,0.04652999918907881,0.026007500104606153,0.05668500047177076,0.036127499956637624,0.03768249982967973,0.034242499805986884,0.028104999987408518,0.025417499896138906,0.019727500202134252,0.005432390682046509,0.0021266994936625216,0.003145165956639722,0.004102807778630079,0.00643798281882543,0.005420591982631558,0.002296806589512855,0.007525189647747051,0.006233624212986102,0.004928424727768854,20
Horamavu Agara,01/25,8,0.026546207714917662,0.04540546380927855,0.02733433169070181,0.05561514017892603,0.031895898022263995,0.033025726470254375,0.027961136489434494,0.02283358712366111,0.019164414835212605,0.016299618154038048,0.002703102418522791,0.01204780490541148,0.00380599205203141,0.023781182097028522,0.015908177218090274,0.016247031709623244,0.012332492588457592,0.009917097461757871,0.009657725957076327,0.007493968211389946,245
Horamavu kere,01/25,8,0.03656177543928812,0.06981623809344063,0.04582376194184538,0.07520414316076798,0.04497786030241623,0.047285513718416064,0.04001740905340843,0.03788377863643816,0.03631683757798884,0.02811471418539566,0.0035101489895669542,0.005623719409172698,0.00634693135447909,0.010049918593221319,0.013690441797729932,0.014464834111237224,0.010466792071943145,0.015445835078004412,0.023748458556985964,0.0173285155120943,85
Kalkere Kere,01/25,8,0.028551000078970736,0.04958454549989917,0.022629727362231775,0.05240263636816632,0.03989609097892588,0.03940363634716381,0.03374081824652173,0.024592090973799878,0.014603363661603494,0.01152218185111203,0.006515713502477765,0.004674476784379257,0.005794281945539575,0.003972904570150699,0.004777017661803839,0.005380084015452909,0.0046391057917220795,0.0053151881382447865,0.006418969958856206,0.00400848975579305,550
Nagareshvara Nagenahalli Kere,01/25,8,0.09180245380520298,0.17114451704317893,0.1470703086291265,0.17896663510453117,0.10426705703478446,0.10553337741949344,0.08741193403276616,0.07433642316364518,0.06053200360289831,0.04794897779613933,0.004786275857339875,0.004897188880698776,0.011396047498271536,0.0122727557029083,0.02438340273830339,0.025260517834241745,0.021227031968842177,0.029929339767033197,0.04239450684634699,0.032094697990648145,48
Rampura Kere,01/25,8,0.02535260446798228,0.04282766441512736,0.02986071308481069,0.03383307994411619,0.023645294227296495,0.027974805236301973,0.025294548882746536,0.024814134381818776,0.022601219115355793,0.016669177197633066,0.006898408616710851,0.012169723889751134,0.012194843878129748,0.014070403522009748,0.01308565544690081,0.013701612291880867,0.009621526683689945,0.012361893245958981,0.014272277336320067,0.00875006764613089,97
Atturu kere,01/25,8,0.01825355462315029,0.031113033222643686,0.018729620961851982,0.029960900562775644,0.018349289095196963,0.019663981113459263,0.017295734678787925,0.016707346039731497,0.017264928968879285,0.014014454999876814,0.004837288365279179,0.010620600939613856,0.006839522189437097,0.011003653005123062,0.009350305293068108,0.009681110190688744,0.008013252211927023,0.00833812734271487,0.008393431795931904,0.005631873741889643,211
Veerasagara kere,01/25,8,0.03875312525779009,0.06353937527164817,0.03799250004813075,0.09020812520757318,0.059730000188574196,0.06025687493383884,0.049831875041127204,0.039452500035986306,0.022676249966025352,0.0170862500439398,0.0027455913198553895,0.0031833425620029347,0.0030408788569348706,0.0037268317430508347,0.0036410129960685236,0.0037569497997908953,0.0027730200057605723,0.004546990224069163,0.00527149754731462,0.0031904639886145437,80
Dodda bettahalli,01/25,8,0.018990909045731478,0.0267772732979872,0.021527272649109364,0.022163636474446816,0.019586363891986282,0.021354545585133812,0.02064545461061326,0.021513636223971844,0.03067272732203657,0.025113636627793312,0.006809846310141008,0.008482210454605623,0.007830341934804814,0.007136783628639914,0.0076481457250291065,0.0089792807921519,0.006551559643511137,0.009341478385267792,0.008297681728134793,0.006577236621158311,11
Dasarahalli kere,01/25,8,0.02511315792798996,0.042942105253276075,0.02987697370056259,0.054005920985027364,0.03121710531903725,0.03289868420382079,0.02904539479334888,0.024865789608539718,0.023332894804250253,0.020473026388667916,0.0025147901276708407,0.0020686897319053283,0.002017039933343308,0.004122203764047517,0.003759151814398319,0.0051310197567063535,0.002886392615300305,0.005521138875966591,0.008140341990815678,0.006689949388939612,76
Doddabidarakallu lake,01/25,8,,,,,,,,,,,,,,,,,,,,,0
Allasandra Lake,01/25,8,0.03840270836547443,0.07764590133546975,0.042579489702802426,0.08689399795065375,0.048573597258731935,0.05009580916945212,0.04158903682520183,0.03396647120369572,0.019773594410500767,0.015395652431448865,0.0019809966936031294,0.0031011985307354203,0.002396647093917673,0.00436554368836741,0.0062629670932400185,0.007509343836602192,0.005487130971937625,0.009580272180068941,0.00863182846900029,0.005459793263477498,275
Andhrahalli Lake,01/25,8,,,,,,,,,,,,,,,,,,,,,0
Handrahalli kere,01/25,8,0.03575000007237707,0.0589500011077949,0.04735000005790165,0.06551428671394076,0.051614285579749515,0.04822142901165145,0.04485714329140527,0.03876428518976484,0.04361428639718464,0.030535714434725896,0.0010138332087569625,0.0013987244713595957,0.0013019214173201428,0.0058864077698596055,0.010884350006162809,0.008849288249119026,0.002217371476811093,0.010628086107790181,0.006418373123574661,0.00556113523545733,7
Narasappanahalli kere,01/25,8,,,,,,,,,,,,,,,,,,,,,0
Valagere,01/25,8,0.031086111182553902,0.06692847236990929,0.043896527805676065,0.08989652763638231,0.05825972236278984,0.06022499998410543,0.05187291662312216,0.037781250223310456,0.024001388914055295,0.02040347227981935,0.0026940163045409624,0.0022631229750659,0.0020658150262801707,0.0029344142716919465,0.003849798473427758,0.005628992598299466,0.0022285699274879455,0.0054984370006787575,0.006661847211427667,0.005982215180583469,72
Shivapura New tank,01/25,8,0.03936103016393891,0.0834932191944941,0.060640557769030455,0.1015810297730143,0.06364261818482128,0.06565982794684913,0.05717068687401104,0.046157167631285384,0.04431588009255638,0.03546141634011729,0.003070924195598187,0.0038360345097654468,0.003656440185280205,0.006890261814150436,0.00911236280957006,0.008403223803810377,0.006642429758956621,0.010556796924485436,0.01875949568887118,0.015606647952720746,23
Agrahara Lake,01/25,8,0.005630357551133233,0.01836419835040697,0.009789400427502601,0.0223469905833483,0.010781460913323672,0.011570355773537964,0.012106948923182936,0.009680724350147068,0.021528333153796438,0.017758187961361378,0.005222308866033074,0.0019084133745612489,0.0027316536213305136,0.004414198217907336,0.004350864184749558,0.0051789857808722944,0.00263830126583881,0.003973519327541919,0.005680373090954957,0.004405117677849362,68
Chokkanahalli lake,01/25,8,0.013199999928474426,0.018120000138878822,0.013619999960064888,0.020280000194907187,0.012439999915659427,0.013260000012814998,0.012960000149905681,0.013440000265836716,0.016700000129640104,0.012959999963641167,8.438010362095788E-4,8.182903949519066E-4,7.025668867517865E-4,0.0021311029921085092,0.001792874658141079,0.0017442476881190275,6.560487317572959E-4,0.002381260305587624,0.0011349007706128594,0.0028330898713287106,5
Jakkuru lake,01/25,8,0.059500000129143395,0.05993333458900452,0.0438166664292415,0.07061666622757912,0.061333333452542625,0.06226666644215584,0.04878333273033301,0.044283332924048104,0.02368333376944065,0.017716666373113792,0.0066850569463223425,0.005848552711391378,0.0063624992017818115,0.0061058472942812254,0.006130978594074658,0.005634615437293378,0.004924570109120914,0.007508976096859692,0.005124586624299983,0.0032220162473679693,6
palanahalli,01/25,8,0.023478947579860687,0.0449184210676896,0.020744736992606993,0.06681842131442145,0.04088684249865381,0.04183421078089036,0.03280263139229072,0.021699999900240647,0.012213157882031641,0.011257894778330075,0.0014062188325339713,0.0012152225732157838,0.0013971205536960289,0.0028509327227639724,0.0036489489942963566,0.0029788973305258995,0.0029159710272076986,0.0026337885850654247,0.003359994566911884,0.0027144479245358563,38
Kattigenahalli lake,01/25,8,0.016704736885271573,0.03235210535165511,0.016024210539303328,0.042362631563293306,0.027786315869736043,0.02845368429430221,0.024256842093248115,0.018086842224492056,0.017946315841063074,0.014612631568391073,0.0033947100645034443,0.0032313507882085753,0.0023293534814175973,0.006433104987114846,0.004050162020261292,0.00406362724919127,0.0030136672747868077,0.003124943919638549,0.0030959331615859923,0.0023770167935960483,95
Kogilu kere,01/25,8,0.014093243277333845,0.020377252364178765,0.01384009014781531,0.02831734234450368,0.016674324368789524,0.01776193703633842,0.014434459491272096,0.012690315302041871,0.014870945991411267,0.011920045102686362,0.004641644603779756,0.00455432296534377,0.0034011248405881682,0.004164552056374636,0.004712152980053954,0.004681211627977696,0.004218974644243777,0.004043659046415543,0.003263879034974407,0.002528916834747829,222
Venkateshapura lake,01/25,8,0.04227957671901748,0.07380289406753193,0.04456952676305314,0.09802787268538088,0.06514032673022542,0.06605296013234234,0.055509015642045065,0.041882547886106056,0.023443602592676867,0.017138066484100524,0.0036508620851034785,0.00572026965719437,0.007171165915910856,0.003306468730161997,0.0035312835704164117,0.004895345232890406,0.004712284726305965,0.00817044971363777,0.013297723688787911,0.008317533671876716,33
Bellihalli kere,01/25,8,,,,,,,,,,,,,,,,,,,,,0
B. Channasandra lake,01/25,8,0.037541687916640636,0.06413603213003785,0.04057477944997719,0.05871125797244777,0.03602492831731334,0.038107643711153216,0.032484000568993567,0.031679879671258966,0.026890811572270707,0.021776276486197545,0.003595760546501201,0.0033785891914237974,0.003877410232854212,0.004321691962584141,0.009752253605788828,0.011700776877584895,0.0077075253589284215,0.013039951918038292,0.012135638680280697,0.008986932585621943,105
Byappanahalli kere,01/25,8,,,,,,,,,,,,,,,,,,,,,0
Kowdenahalli Kere,01/25,8,,,,,,,,,,,,,,,,,,,,,0
Krishnarajapuram kere,01/25,8,,,,,,,,,,,,,,,,,,,,,0
Basavanapura kere,01/25,8,0.021726271311231588,0.03671864404390424,0.022604237294803233,0.03600593252202212,0.024710169472431733,0.027459322143409213,0.023820338991738983,0.023327966110181002,0.026616949051366013,0.0217440678911694,0.002336380543609247,0.002075500950558506,0.0022378728549752604,0.0034494914269696266,0.005508566307060084,0.006892107226898172,0.0025147045052370974,0.00665806039841929,0.00969684376565972,0.006660280008504973,59
Shegehalli kere,01/25,8,,,,,,,,,,,,,,,,,,,,,0
Mangamanapalya Kere,01/25,8,0.020141666755080223,0.03257083396116892,0.023204166752596695,0.040562499624987446,0.02506666669311623,0.028150000143796206,0.02501250011846423,0.023137500043958426,0.02278750017285347,0.017445833422243595,0.006375893226123474,0.0046388513238054385,0.003981909923971974,0.004267421802592307,0.0056391611750578954,0.005258921378055298,0.0033728775198137227,0.006245169145904839,0.0019665032438890696,0.0014716003610332402,12
Hoodi kere-2,01/25,8,0.04074935884955899,0.08602054484534248,0.0506866439164213,0.09097391366495382,0.05801324719529687,0.06110821838597138,0.051064071063164504,0.047618734041954006,0.042173253215824505,0.03288029849641023,0.002945421405874164,0.005421157358208286,0.007443631048912124,0.011789235326575078,0.015027715282910796,0.016999822809161822,0.011669631432210534,0.0181113351806595,0.02194432749955811,0.01701560685678298,51
Jimkenahalli Kere,01/25,8,0.04939459470919354,0.08641658625627398,0.058633998084728654,0.08417017967410223,0.052511711842618186,0.054350798820149024,0.046447651440789904,0.04474836994915025,0.04813691041644475,0.036342219087398715,0.004222759723211993,0.006145908010971275,0.007881655226051143,0.01265642512627007,0.017604094168058474,0.016604764305616002,0.012298689874084187,0.01777655456782044,0.02811346502380458,0.019842753891454328,37
Kodigehalli lake,01/25,8,0.04336204767240756,0.0757457272364733,0.039572158044670104,0.05221247384071422,0.025920337951578696,0.028314742059884504,0.023151929649415426,0.02161614659406705,0.023313168687186844,0.017879913691065025,0.010161917569160746,0.007360684388652336,0.008477159297392702,0.011914881148347723,0.01766379693902014,0.018945190066295803,0.014643320947723413,0.018480930834628623,0.016013778770510082,0.011455766174910778,335
Gangashetti kere/ Devasandra kere,01/25,8,0.05566153837702213,0.10462435908042468,0.08030128230651219,0.11316282111100662,0.07198717922736438,0.0768448724769629,0.06465512791123146,0.05849999982195023,0.046367948540510275,0.03241153854208115,0.0032522670136830942,0.0044293145522771435,0.005412893933865497,0.008280643786853913,0.015271351942360453,0.016360179973162834,0.010760277163891148,0.0180145026446097,0.024826604685505967,0.018269954240612184,39
Vijinapura kere2,01/25,8,0.0398888885974884,0.0596833328406016,0.03614999995463424,0.06429999983972973,0.05004999993575944,0.053733333531353206,0.046944444378217064,0.041883333689636655,0.028527777642011642,0.019550000006953876,0.0048825531318248214,0.0034857645543415294,0.003781240516660408,0.002672598347326287,0.0048678649771425825,0.0052628146413943415,0.003036942873334618,0.007181186613298661,0.003577407012321896,0.002117388152561237,9
B.Narayanapura kere,01/25,8,,,,,,,,,,,,,,,,,,,,,0
Melinakere,01/25,8,,,,,,,,,,,,,,,,,,,,,0
Kelaginakere,01/25,8,0.028602713961189203,0.05160943394323469,0.029422078352429184,0.06108891662084639,0.04274458551552368,0.04352258817880458,0.035926674766399234,0.033593091949671285,0.031156085223541814,0.02466747756756934,0.0053791348040806925,0.006531571944492423,0.00538748036297027,0.006001476141992508,0.010447688503968607,0.009737414425846868,0.006490829172673149,0.013168663032155315,0.013219751989597836,0.010249322925616356,44
Rachenahalli kere,01/25,8,0.07465000028411548,0.07145833397905031,0.052041666706403096,0.07609333321452141,0.06816166713833809,0.07023166716098786,0.057355000327030815,0.050519999985893564,0.027786666651566823,0.019866666570305825,0.014179697745303602,0.008514733006845174,0.007500356809301112,0.008465328842361008,0.011635246324708729,0.010536211196190049,0.007500893231318501,0.008900988271717852,0.00398729075987044,0.002504706638952183,30
Amruthahalli Lake,01/25,8,0.02610789459982985,0.04511184206134394,0.03129473701119423,0.03994078963602844,0.031202631610396662,0.03331447392702103,0.02980394744755406,0.0313342104812986,0.02676710535429026,0.019951315768259138,0.005080387240882055,0.0062461719423382535,0.004229389574003346,0.0072702514068793515,0.00897011797505735,0.008530555866900637,0.007072299588231193,0.008020829083801875,0.00775656170581506,0.0053423764444233334,38
Nagawara Lake,01/25,8,0.028947837200750674,0.05266641653300218,0.029915945847030778,0.059196954160455374,0.03408063227078529,0.034771251825066206,0.029492299340558064,0.023755313474329513,0.016266647681871072,0.013696903405362079,0.0016167248517655797,0.001877526620698162,0.0014100466482011703,0.0021545024058998333,0.004689785549163064,0.005389252563989896,0.0035786724784320984,0.006207209258076395,0.006272533700861555,0.004398748721283625,444
Herohalli Lake,01/25,8,0.03677436399403551,0.0650332857656188,0.03392664874967644,0.08035545449962153,0.060519527576701884,0.06136994947079358,0.05121566768511035,0.03668877120134543,0.015285544601840511,0.01424217831810597,0.002486196373472492,0.0021208255119209616,0.001754274329480781,0.004066036662592564,0.0032311855069908674,0.0034717578137676633,0.002272962688048151,0.002869435803355514,0.003419277472415678,0.002715686515734762,114
Hebbal  kere,01/25,8,0.02633751514076681,0.04750682140524585,0.027283823306524395,0.051582798766483834,0.027073681515871313,0.02802480059885908,0.023445130471312362,0.02010541281991618,0.015162859380495384,0.011489841146195815,0.0029321066061988323,0.0034183723979330145,0.00229433663116279,0.003187295374340329,0.005286870282383976,0.006012988293303868,0.004909537928449714,0.006976146438155348,0.00578166977852583,0.0034868526031363646,863
Mahadevapura kere,01/25,8,0.04887520792858269,0.1174522154698781,0.05423418726187107,0.11919980859715028,0.07814212382439864,0.0811251058304668,0.06837501921200477,0.053105546196278317,0.026184226654833553,0.019987819740231325,0.002246796617781268,0.004066609359167474,0.0029987562931421295,0.012115614706588444,0.006400911110796054,0.006590370458083539,0.0054304420376673525,0.011371631494087887,0.013937793897590934,0.009120296846210045,151
Vibhutipura kere,01/25,8,0.027133333347277876,0.059287037056537324,0.03527777761588862,0.06813642000894488,0.03902283963965781,0.0416901232789696,0.03606419778072539,0.029034567858885835,0.01910185198770997,0.01403518521261436,0.001741859342724569,0.0024171554425555406,0.0023017437099610207,0.0026188894799353437,0.005178386006227791,0.006202928622107347,0.004206580759447512,0.007257693465197285,0.006076825213028448,0.003699077635904406,81
Rajapalya Hoodikere,01/25,8,0.020404395180903503,0.03287175232919991,0.0194979843741944,0.02529360315202415,0.0224676790265502,0.02746492168112071,0.02295684498554348,0.025310610177481395,0.021602407666204824,0.01550461935199597,0.0058208726845548975,0.01000633443312575,0.011966392699683907,0.015219820757018993,0.011330120462293146,0.010341338813425416,0.008142435862847446,0.01087152052625091,0.007961529370020782,0.005632342964240855,15
Achanakere,01/25,8,,,,,,,,,,,,,,,,,,,,,0
"Yekkalagatta kere,Mahadevepura Kere",01/25,8,0.033005888525719854,0.05990371880821946,0.03811766552808117,0.075570352075329,0.04798641548422743,0.051009038794200774,0.041459659283811394,0.03909426691272288,0.04273305805823342,0.034951394672066836,0.003768343862250244,0.004495901680216839,0.003736812250966493,0.008280624471260068,0.008969859782769705,0.009949680093438499,0.005044774726541148,0.011066194090233242,0.018080159975495634,0.013888989886464118,19
Pattaduru Agrahara kere-2,01/25,8,,,,,,,,,,,,,,,,,,,,,0
Nallurahallikere,01/25,8,0.04577033267282896,0.08020743679042297,0.05835379963715517,0.07262971680210413,0.0400407959803545,0.04288668421094193,0.03571874559629766,0.03215374652164242,0.029636614754438892,0.021790318471548782,0.004351590536141549,0.00506584372812834,0.004402896800581837,0.007318131156372749,0.013698227008932588,0.01394007437711955,0.011255965797038331,0.015653980904294918,0.017477200126652992,0.012017045869657246,148
Thubarahalli lake,01/25,8,0.0389596266811114,0.07838866712589294,0.04002292428922436,0.0891189165029308,0.05042259311002741,0.05168642411508379,0.04271103539379135,0.03360365075552024,0.028462469999023264,0.02114314734883941,0.0035858985066108888,0.006966706998349178,0.006275847680283319,0.010707781720176557,0.0140419854210737,0.014370640825090195,0.009202563175778625,0.017026160793440052,0.02321538643171017,0.0158648585230097,153
Sheelavantana kere,01/25,8,,,,,,,,,,,,,,,,,,,,,0
Doddanekundi Kunte,01/25,8,,,,,,,,,,,,,,,,,,,,,0
Chinnappanahalli  kere1,01/25,8,0.015634782571831474,0.030639130703133087,0.01940000016728173,0.040906521775152374,0.024797826114556065,0.026891304665933483,0.023117391311604042,0.0188695653544172,0.02008478282748357,0.017139130474432655,0.0023710864572927537,0.0015639939635677682,0.0018565980738481649,0.0028452595664344655,0.002339661922051036,0.004457959451624417,0.0017521793381481345,0.0036154481618090504,0.0033068912545209076,0.0030482694237209686,23
Doddanekundi kere,01/25,8,0.025399215736637774,0.04600882374728376,0.03212130479943227,0.03360023567576504,0.020647781886051878,0.023455160673168624,0.021323615350428923,0.021452874821022504,0.01984184641510941,0.015372110318328506,0.004570999711936652,0.005649732616619989,0.00501462843684218,0.0072459825793275414,0.008841347986323479,0.009134209502550393,0.007484732745257909,0.010050763355251369,0.009017892795762547,0.0064241186086699915,333
Kundalahalli kere,01/25,8,0.036738235857713165,0.05232579370043757,0.029269140822146242,0.04378421551884121,0.03370911923515016,0.03582571895398159,0.03156102117611997,0.029747701454707794,0.025587948945888277,0.01940853699149259,0.003966786044928235,0.007966262861476097,0.005975607351689947,0.009548401076836759,0.010587303221134523,0.011679909406807194,0.007739106495116579,0.012024284863643916,0.010073955035608942,0.005773885953350083,142
Acchanakere,01/25,8,0.031011608309285975,0.0824685988923854,0.0370366912214698,0.10170617384316742,0.06694306710149939,0.06739512053875647,0.05596154555087705,0.03895739204190002,0.018647701028666964,0.015100228195913428,0.0026725785853710126,0.0017454165869987789,0.0012023644642506946,0.004220548566071143,0.0052569060470390155,0.005603827553118406,0.0034338208160807917,0.0059898645425832215,0.005852945039763383,0.004013984989315748,82
Varthur lake,01/25,8,0.02052938149967135,0.03759304130661119,0.022519329949234102,0.03921146910714427,0.023172551557810537,0.025035438101412247,0.022278737179579733,0.017523195914991352,0.01660747430527333,0.01266597941176985,0.008253737888430385,0.01937182497183432,0.010773098589095396,0.025865381090387416,0.018061983404222878,0.018860673760644698,0.015968882630728872,0.01271746722698108,0.007468717248816647,0.004707301632650085,388
Narasipura Lake-1,01/25,8,0.03217963748415962,0.05212969518854121,0.036283064196526625,0.036987656241787376,0.03182556557313921,0.03617029332387788,0.03193656023442195,0.03391152478704667,0.028225311417223727,0.018650876657274884,0.003605839297139822,0.004638808426369335,0.0031389838077571456,0.0030898091683330426,0.009332817969448752,0.011252086501504987,0.005765861618196992,0.010387078589457843,0.007141779790456027,0.0027670577437320714,17
Narasipura Lake-2,01/25,8,,,,,,,,,,,,,,,,,,,,,0
Ulsoor Lake,01/25,8,0.04579438191334595,0.10655276916559786,0.05119718080192325,0.12538187582791813,0.07798053028670876,0.07868931158611922,0.06373686726204748,0.045867142920485354,0.016879911255222774,0.013105086307660918,0.003645238095726766,0.01040085791251754,0.004217757336031464,0.011822394523860039,0.008726591735772006,0.009456253576617307,0.0073999110414998594,0.00919794201936217,0.010043645140075143,0.006763452895949132,805
Gunduru Lake,02/25,9,0.01613725490831569,0.04774019640742564,0.020439215698370747,0.06419411776404754,0.04064313738661654,0.042640196342094275,0.03469607836621649,0.026229411765348678,0.023154902034530453,0.020000980600860772,0.007117066193498668,0.0063255787252043,0.004841865104981336,0.005523112522310304,0.007155061578805915,0.007066345119146336,0.004263442952928385,0.006723722613777235,0.007565130753288784,0.004924822157902656,51
Doddebele,02/25,9,0.025202537857365395,0.04620426958683363,0.024006554510496044,0.056030512351300785,0.029961857029034006,0.030744658716567282,0.0258118046287261,0.02004803453664428,0.023688015333204897,0.019825038822640115,0.002672533178879406,0.003414690460404655,0.0025800721028624313,0.004801699866107225,0.006720792553414364,0.0066571059546452135,0.004595985002964043,0.007128186658320992,0.00971366259314465,0.006347132354660729,172
Somapura,02/25,9,0.0032999999821186066,0.013000000268220901,0.0071000000461936,0.017400000244379044,0.008999999612569809,0.01080000028014183,0.010599999688565731,0.012000000104308128,0.01979999989271164,0.015799999237060547,0.0,0.0,0.0,0.0,0.0,0.0,0.0,0.0,0.0,0.0,1
Mailasandra,02/25,9,,,,,,,,,,,,,,,,,,,,,0
Kengeri 1,02/25,9,0.020475000143051147,0.03044999996200204,0.018668750068172812,0.02240625023841858,0.015118749754037708,0.018787499866448343,0.01888749992940575,0.018056249944493175,0.03121249983087182,0.025181250413879752,0.003059616164026167,0.0025617373888336616,0.0024051946447400515,0.0049647155358966966,0.0051916359628677205,0.005570611690386428,0.0025986477064212023,0.004926677598285628,0.005135096200302569,0.0035660673530397715,8
Kengeri 2,02/25,9,,,,,,,,,,,,,,,,,,,,,0
Chenvinayanahalli,02/25,9,0.019906485926978735,0.04432983271285673,0.024375363573051315,0.04483054984038528,0.023188098810753028,0.024585427185044712,0.02327856040454807,0.020217744773935526,0.02858702566462804,0.02203373420933838,0.005312933324151224,0.003430355668292999,0.003744855831455797,0.004584090762533213,0.00728983344722981,0.007621890156246388,0.004934796950945117,0.007139651231077457,0.009176625980314164,0.006298381695727737,79
Annamma kere,02/25,9,0.024163406283147306,0.05426868423407072,0.03200513942943637,0.05363698079247144,0.0351276254464607,0.039301808567727636,0.031697388790983695,0.03845510274377376,0.044532708827805564,0.03532094504284801,0.003711730302145266,0.004936584289388135,0.005163036361878981,0.006974334707353478,0.012335505427550976,0.012673071234912018,0.008241823843758468,0.014025558738572535,0.012012497085144435,0.009156936689235347,22
Deevatigeramnahalli kere,02/25,9,0.022990139749038418,0.047941782794692425,0.02626804030589403,0.05699183272691332,0.03792126517997038,0.042837512072739725,0.035376132991391265,0.03202410365002178,0.032518700034212894,0.02702044332548382,0.0026713597892022386,0.0016353249235709153,0.0022814791232013817,0.0037763544217438495,0.006224654159106866,0.007942099440266555,0.0028532449339066465,0.00833353018637232,0.007720963841808796,0.005167792779090328,16
Devarakere,02/25,9,0.0225928068365928,0.07029936585591105,0.032802891606210145,0.086261989031255,0.04968194624117467,0.05274224235598728,0.04375239807392545,0.03690479588609488,0.028906135440230032,0.022763681260419666,0.0013273035044346114,0.002726891100967206,8.77387541586701E-4,0.0053748478071199025,0.006456163499130002,0.0064107463367267725,0.0035855667517499922,0.0093158742174725,0.008908472193408078,0.005254542386403883,14
Doraikere,02/25,9,,,,,,,,,,,,,,,,,,,,,0
Goudanakere,02/25,9,0.044453313862882406,0.11181604249861309,0.06021098528040621,0.1412623388744816,0.09232555170989382,0.09635357261552743,0.07873432037462684,0.060074853306089054,0.04264697986971593,0.037388445102552785,0.004716526470324437,0.005407910499414926,0.00809715024962322,0.007826634760527784,0.010109720027857236,0.00980564437121542,0.006374736992407389,0.011927747096458267,0.025130870728481296,0.020629373693761527,23
Gubbalal kere,02/25,9,0.05748333347340425,0.11682499945163727,0.07905833361049493,0.1273916686574618,0.09915833237270515,0.0991666658471028,0.08669999986886978,0.08260000062485535,0.06402500035862128,0.04491666704416275,0.0169974908616467,0.030957251234548438,0.02283722190327632,0.02581818742391852,0.02501646822303754,0.02395354258617129,0.02177957693658899,0.021141823091773877,0.013219674642719765,0.009210396292765486,6
Halagevaderahalli kere-2,02/25,9,0.02689999993890524,0.04492500051856041,0.0381499994546175,0.043950000777840614,0.024824999272823334,0.029124999418854713,0.032274999655783176,0.020200000144541264,0.03282500058412552,0.029775000177323818,0.001600000075995922,7.500126957893372E-5,1.500006765127182E-4,1.500006765127182E-4,0.005274999886751175,0.005774999037384987,0.0027250004932284355,0.0016999999061226845,4.750005900859833E-4,0.0017250003293156624,2
Herohalli Thotadakere,02/25,9,,,,,,,,,,,,,,,,,,,,,0
Hosakerehalli Kere,02/25,9,,,,,,,,,,,,,,,,,,,,,0
Kempambudhi lake,02/25,9,,,,,,,,,,,,,,,,,,,,,0
Laggeri Lake,02/25,9,,,,,,,,,,,,,,,,,,,,,0
Mallathahalli Lake,02/25,9,0.035550666823983196,0.065366666863362,0.0561033333837986,0.06804666732748349,0.035671333397428194,0.03815133360524972,0.032685333316524824,0.027562000205119452,0.029968666757146517,0.023382666731874148,0.0017792788603795578,0.002430395047631843,0.00285849999539057,0.003888764372682813,0.009127347855214912,0.009848925220040664,0.007268680559770302,0.010795965094938867,0.013393211900527013,0.010388896190990073,75
Moge kere,02/25,9,,,,,,,,,,,,,,,,,,,,,0
Muppatu Kavalu Hosa Kere,02/25,9,,,,,,,,,,,,,,,,,,,,,0
Nayandanahalli kere,02/25,9,0.028218309799808806,0.04694849343138156,0.025558650958632616,0.03834548018756764,0.02300160647169383,0.024132428863729797,0.021311943869977576,0.022116623544551448,0.028843703983986096,0.025112362886659873,0.005515824989748201,0.0055033310558964595,0.004875009685244771,0.010014050603921193,0.010740889925407138,0.010779308057079063,0.007474743332315317,0.013473405510502768,0.014139234755423561,0.010974053802267125,59
Sankey Tank,02/25,9,0.02963522885093792,0.042057488100551786,0.027165774073468003,0.03043681822172539,0.015150158896682355,0.01639163934689826,0.013875827972664368,0.014392172995820195,0.021599584252725092,0.01896490731007491,0.0032421927783168455,0.004979118927904664,0.005804647983647987,0.009479710870751633,0.011225151014546006,0.011552451831273623,0.0085833914399212,0.012853422054127648,0.016403934224975592,0.01565723717661846,270
Subramhanyapura kere,02/25,9,0.03741537623849036,0.08073102051489275,0.04400529742380042,0.10856038349036416,0.06826298338975259,0.06988030076995409,0.05741585485103379,0.04543424902198957,0.037609660706870336,0.03164216728925788,0.004881302772376194,0.005631882284769585,0.0065154741312949795,0.00796264673615809,0.012326257331455561,0.012340466407363963,0.006971337599181573,0.015526317573547811,0.02051019461705346,0.016108077480354557,65
Ullalu lake-2,02/25,9,0.03110125013627112,0.06347125028260052,0.037964375130832194,0.08328249990008771,0.05248875007964671,0.05366875005420298,0.044134374847635625,0.035185000183992086,0.02881625008303672,0.02194312496576458,0.004202015809638873,0.0043990183156868,0.003483238275576767,0.013405696155058213,0.011298965807775686,0.01042087251945702,0.006596109579975445,0.009063982602204484,0.012606287759778753,0.0076234167716261346,80
Valagerehalli kere,02/25,9,0.028912916072324713,0.05342260475628002,0.03530215760598029,0.06838727607154461,0.037553315563285616,0.03853062601793781,0.033401234563343055,0.027161715931384608,0.025972717964656795,0.021317117731166013,0.003866470114121918,0.004486528676412408,0.0035964478581661245,0.005802814308623652,0.006406502355188257,0.006399514193648263,0.0035997046145333613,0.007951556116374308,0.010545529591211111,0.007405659977724135,74
Yediyur kere,02/25,9,0.021146315106717776,0.05728049182995811,0.02819641023086556,0.06120302115185252,0.027882018891209854,0.03017780396791051,0.02516592455581443,0.02194813664434632,0.022545856719572467,0.018432494978163072,0.0024070011206513797,0.002067260183809148,0.0020094707445352314,0.0028304469975923043,0.00717001219258992,0.008175968328832736,0.006378031205590685,0.010426129017598424,0.008180300343063631,0.00469642644342815,66
Bhimmanakuppe Govt lake,02/25,9,0.03819999843835831,0.06040000170469284,0.042399998754262924,0.06939999759197235,0.04769999906420708,0.05209999904036522,0.04699999839067459,0.05260000005364418,0.06549999862909317,0.04729999974370003,0.0,0.0,0.0,0.0,0.0,0.0,0.0,0.0,0.0,0.0,1
Srigandhakavalu Karabu Katte,02/25,9,,,,,,,,,,,,,,,,,,,,,0
Janaradhan kere,02/25,9,,,,,,,,,,,,,,,,,,,,,0
Konashetty kere,02/25,9,,,,,,,,,,,,,,,,,,,,,0
Nagarabhavi (Un-named Lake on map),02/25,9,0.04770000008019534,0.07401818206364458,0.06296818161552603,0.07654545490037311,0.05615909126671878,0.062168181111866776,0.050722727213393555,0.05295909162272106,0.06850454583764076,0.055695454674688255,0.00926555231997172,0.019475290086442873,0.02608386224710488,0.030677051908820346,0.02638987198610323,0.027327085773871662,0.016789868656715105,0.022937067006506752,0.028995842253121597,0.0219247519966564,11
Sompura Govt.lake,02/25,9,0.029088888869241433,0.05522962942443512,0.03923333339669086,0.05164537026926323,0.028162037056905252,0.030434259282494033,0.02835185187696307,0.025087963030846032,0.025649999992714986,0.019406481439040765,0.0022556652113809536,0.001629545742602367,0.0019912305718929467,0.002847013942155249,0.006167356766351284,0.00771966475441304,0.006297338891793498,0.008182456191923577,0.008971951987653685,0.006765401053820388,54
Lakshmipura Lake,02/25,9,0.025692452957748243,0.049995283051481786,0.026905660394508885,0.05987358479848448,0.03749905660186174,0.039754717136329075,0.035326414934869085,0.0239377359525775,0.022009434037894574,0.018976415208769293,0.0024420721189544158,0.001296630787538448,0.0021763448949867334,0.002828354082927872,0.002970174029559851,0.0038977772140551203,0.0023683366666405197,0.003902550131420943,0.006191602930992322,0.004451516583842138,53
Amrutnagar Lake,02/25,9,0.02364900004118681,0.05019000008702278,0.035140999853610994,0.05706000000238418,0.027457000128924845,0.02873299989849329,0.024385000094771386,0.02290700003504753,0.03158900011330843,0.028393000066280365,0.0021233108790229137,0.0017325700906998661,0.002013571105740221,0.003330135165786771,0.007115138962575694,0.008375837938127309,0.00528472573834954,0.009962238921025076,0.011755302262759995,0.00911813565352687,50
Hoysalanagara Lake,02/25,9,0.036415371435201536,0.07156139405845358,0.06243353595991196,0.06920360132053478,0.04617448970782249,0.05321399114201121,0.04454120381897771,0.050172088915346684,0.04741859561701972,0.032990989166160764,0.0021935198049279634,0.001960034927022373,0.001820975158959706,0.0044837587041102935,0.014928539116715376,0.017570551239844984,0.008274627805859346,0.020627320811572713,0.013724006060222112,0.00857692704947953,11
Basavanagar Lake,02/25,9,0.018341046238705264,0.04951867999854299,0.021883110872867487,0.06227440294139924,0.03756250022894839,0.041422050710495435,0.034677668560945084,0.028806355402522375,0.03265540714093139,0.025913307787274964,0.004918751484256495,0.00253913728840529,0.0028515765084298644,0.004177113334252359,0.004499591960528301,0.006575311419625032,0.003044809660002009,0.008173837273214926,0.010937462080722427,0.008498186227467177,28
Ajjegowdana katte,02/25,9,0.03350000083446503,0.053599998354911804,0.034699998795986176,0.06809999793767929,0.046799998730421066,0.04659999907016754,0.041099999099969864,0.03189999982714653,0.040800001472234726,0.034299999475479126,0.0,0.0,0.0,0.0,0.0,0.0,0.0,0.0,0.0,0.0,1
Kodigehalli kere,02/25,9,0.021886666739980378,0.03803666656215986,0.024176666637261708,0.04681000014146169,0.036150000120202704,0.031746666381756466,0.027906666696071624,0.022910000259677567,0.030713333313663802,0.025506666551033657,0.0022290106882321614,0.002099004845591745,0.0024955204133626334,0.00676710700616601,0.003796006715418995,0.005139567433403835,0.0020947447782998408,0.0036900857893733007,0.0075675945741660935,0.00939749697320164,15
Kommaghatta Govt. Lake,02/25,9,0.0375367213971404,0.08406845005927735,0.03851871444190817,0.09986807618340494,0.052301545499177496,0.05471900325792218,0.04485909577593442,0.03159523557017899,0.02299133179593436,0.017951396312530447,0.0028235601689429644,0.00664840691071853,0.002789419694182275,0.005068936700471184,0.00816339373690413,0.00946191388951704,0.005684540794351452,0.0117268222406272,0.0104139533603628,0.005831422938020392,201
Manganahalli Lake,02/25,9,0.017545460131749405,0.023673202834998727,0.014098338344682597,0.022302167111110514,0.00817294401577899,0.008644531274880893,0.007001856828582903,0.005635407422105051,0.015809080064851586,0.013667609584368192,0.00275070149107717,0.0031501775980784094,0.0029886380345094127,0.004071726881551429,0.006030452420902988,0.006343730100286034,0.005537865454998078,0.0067984655653772355,0.008809455920057472,0.006057524272038801,929
Bhattarahalli kere,02/25,9,0.019962162127324243,0.04489006461603019,0.02495713357436356,0.04254438164286082,0.02242784051968366,0.024654927659197492,0.020325554460293722,0.020108793877709998,0.03332096166090079,0.02763113151883187,0.0030590398210430607,0.0032160775806102685,0.004918500392437923,0.009072651355566619,0.013487288967458606,0.013077392267598062,0.0071452674805302105,0.013959654586509536,0.01894596849227187,0.013086066553815685,68
Thirumenahalli lake,02/25,9,0.01680075761043664,0.028037878854030914,0.01571969694994164,0.031568181912668726,0.018900757584946627,0.02102121229946726,0.017995454526195925,0.015182575701284364,0.022103030220464323,0.019270454476954357,0.003837775621529222,0.004112481447901366,0.004052355069342957,0.0064122137820929416,0.0072843101958294425,0.007484514811594361,0.004505322882124175,0.006839765005138273,0.010984630753422228,0.007869320644756013,66
Avalahali kere,02/25,9,0.015226458265140784,0.030347269733452226,0.012034586376383884,0.0440507829629121,0.025856634477464488,0.02448321832892627,0.017605641118762814,0.010554411226370622,0.00954888739221949,0.00871183293370149,0.005033473299094009,0.005886434858901702,0.003960219337026641,0.005940093030566018,0.005989490943530284,0.006276633337806176,0.005253873250388016,0.005403029776868939,0.004143983408797543,0.00278339204136235,1727
Begur Lake,02/25,9,0.03468922455611331,0.06244992094068643,0.04023327786581324,0.05073273119368911,0.018982305509488324,0.02036555118173665,0.016580106571563193,0.013895267292942296,0.018406246146761132,0.01601192863591253,0.004878407692021953,0.006840225308836524,0.0065956726338863795,0.008475502545721665,0.012070496251737986,0.013539431993237622,0.01023016971785096,0.015083374279050689,0.014500447570210987,0.010658258059123418,550
meenakshi lake,02/25,9,0.060703667773972105,0.12233905317145251,0.06888900402154244,0.09586674997259696,0.049434373280651416,0.05299353730295015,0.04307850354945574,0.04173393440668506,0.05430056593714846,0.04320814435598493,0.005602444271735272,0.006368097508839633,0.013823488298997436,0.02070668465550355,0.0289399014880026,0.03138213042348061,0.025994932835189683,0.03374161084557028,0.04360641722568452,0.03291765734467188,109
Kannuru kere,02/25,9,0.029859646992922154,0.05581010844831021,0.035758739274192854,0.08194611845403264,0.04610720408946066,0.047495014391346874,0.03877245052658919,0.028401557534984828,0.02241899563934252,0.019530462811813823,0.0054280126623772644,0.005243725659585991,0.004978151666283619,0.0076677071915121535,0.006962821996344917,0.007625287804040296,0.005492894177829163,0.008016829681233868,0.014685182461948195,0.010260915473221058,407
Kannuru kere,02/25,9,0.029859646992922154,0.05581010844831021,0.035758739274192854,0.08194611845403264,0.04610720408946066,0.047495014391346874,0.03877245052658919,0.028401557534984828,0.02241899563934252,0.019530462811813823,0.0054280126623772644,0.005243725659585991,0.004978151666283619,0.0076677071915121535,0.006962821996344917,0.007625287804040296,0.005492894177829163,0.008016829681233868,0.014685182461948195,0.010260915473221058,407
Doddagubbi kere,02/25,9,0.015698122701968374,0.028611191619336805,0.019666121379519227,0.042770523713307,0.018432618796014127,0.018733999362868414,0.015210346603894758,0.011357422372487139,0.016614880835787205,0.014707806383791934,0.003513000212771979,0.0037998439585920753,0.0036758679349283545,0.004930930858648266,0.005622439546944933,0.005897864303161199,0.004764678969269311,0.00621603561104757,0.010223511697042687,0.0069324043250696575,665
Suggata kere,02/25,9,0.026699999812990427,0.04896874958649278,0.03725624969229102,0.050450000911951065,0.028887499822303653,0.03280625049956143,0.028562500374391675,0.026587499771267176,0.037518749944865704,0.029631250305101275,0.004381423496073358,0.001892574163027908,0.002628740049661024,0.0031537671549394276,0.00511937166237966,0.007323013883276656,0.005361188871071759,0.006418028649001595,0.006599334008289582,0.0042031939353401335,8
Yelahanka Lake,02/25,9,0.03256277991442784,0.0457256457454904,0.030760802021981545,0.036074338154045295,0.013596176052022388,0.014003864643708872,0.010959217290642755,0.009438823109864032,0.014049991971268367,0.012557816097725858,0.004267509031742854,0.004362993109146728,0.003807697932191846,0.006196306170539893,0.0079489789104622,0.008845806878914083,0.006638378869772207,0.00919246647916493,0.00824522762974815,0.005735128357724972,2323
Dodda Bommasandra Lake,02/25,9,0.03812687367040949,0.07829352316940712,0.044780937790127304,0.09690630606086405,0.05202589610857064,0.053475211620928886,0.043259858405509784,0.03115726278702218,0.016718258486764,0.014554777153794883,0.00385910307274337,0.00679760049162553,0.005084514338267041,0.008951266993544309,0.007953600085291815,0.00890657729920624,0.006646859167715608,0.009265584833782141,0.008019347133288397,0.005008820573006875,651
Singapura lake,02/25,9,0.03874257170040702,0.06820848358836513,0.057423674994499206,0.05886159211358752,0.031785827356364475,0.034135931462339106,0.02979548945028819,0.02860192379555114,0.03860956784202925,0.032035500095316145,0.003457014851548269,0.0061630806032694305,0.010121310721125728,0.014756865361765402,0.01666035342845679,0.016095956999804595,0.011246445515921357,0.017042512047091455,0.028200709779405683,0.022813947524522482,159
Chellaghatta kere,02/25,9,0.037103124894201756,0.07294375146739185,0.04351250035688281,0.0775437499396503,0.05257187504321337,0.05734687461517751,0.04966249968856573,0.04805312491953373,0.04760312521830201,0.02989062515553087,0.008856926958546028,0.016892498906176626,0.014684318937323703,0.013961418246091376,0.01986560272014193,0.02207012510121084,0.015072475029829302,0.026309560473515556,0.023246192601402222,0.011781848291029177,16
Bellandur Amanikere,02/25,9,0.02694087019567372,0.04375932764556798,0.025878378436283683,0.028773203733436708,0.012171390930671998,0.013490705358901801,0.011485036263629251,0.010609162827520132,0.013144990120478461,0.010186255799303164,0.01130318853595282,0.018738505846558257,0.011434748718660374,0.009440914488737524,0.009487720228504592,0.010873033949679525,0.009089568238829782,0.01167934503168707,0.004695960820813674,0.0020398301565899097,1517
Abbigere Kere,02/25,9,0.031047132211269212,0.0697649324142113,0.03952812076758141,0.09639844197618268,0.05587366563972657,0.056875014813961816,0.04633256829975459,0.033687891106717494,0.027732067696730457,0.023537964082978393,0.005698354388759657,0.004249606432342536,0.006627330504588023,0.00583003990001706,0.007869976606945208,0.008781891699367337,0.0063228555194224535,0.009795436579411,0.015770727899298797,0.01193940401222536,186
Kammagondanahalli lake,02/25,9,0.04101153849982298,0.0693500000410355,0.048386538544526465,0.07258653827011585,0.051861538336827204,0.051484615685274966,0.04885576908978132,0.04282500000240711,0.038876922944417365,0.0275461536903794,0.009383857789506346,0.012120087979404013,0.008960979139198728,0.0128649242438,0.014896620215357315,0.013928731920139886,0.009265966487325836,0.01723924523346352,0.013840459163205655,0.010257698332643542,26
Mallasandra Lake-2,02/25,9,,,,,,,,,,,,,,,,,,,,,0
Chikkabanavara kere,02/25,9,0.05278333214422067,0.10299166664481163,0.08410833279291789,0.12486666440963745,0.09109999984502792,0.09488333264986674,0.07803333426515262,0.07205833370486896,0.07509999970595042,0.04794999957084656,0.010529587201907008,0.01002432103052569,0.00929795702049359,0.01381637339896722,0.016086459364501333,0.01698680188341256,0.008593196207698847,0.014913875519433288,0.017516563526591613,0.010344725024434764,6
Mallasandra Gudde lake,02/25,9,,,,,,,,,,,,,,,,,,,,,0
Bagalagunte Govt.Lake,02/25,9,,,,,,,,,,,,,,,,,,,,,0
Lalbagh kere,02/25,9,0.0256099289199367,0.05873351458946875,0.02691953840159665,0.06108564826150585,0.02906046863101175,0.030198804549182178,0.025050738432042453,0.020948044820039508,0.022414000837801734,0.017813887001043683,0.003881445712270913,0.004421862168481186,0.003845197927471361,0.0068402193571559106,0.010656758709405129,0.010752334847060443,0.007567158153877702,0.013436225926713901,0.014216626535268834,0.01006639696216909,232
Chikkabellanduru kere,02/25,9,0.01150441992492801,0.023808839838972407,0.012699447538786006,0.03254116036368338,0.014046132626289821,0.015058287342197328,0.01273701662063928,0.009740607732603357,0.02124668514222236,0.01834447514162867,0.0026250192666161134,0.001966446233905196,0.0024874713167520874,0.0019741225368569105,0.004305856459446673,0.004766195204884944,0.004336671932011301,0.005558008516351754,0.008865235080413758,0.0076790126269158975,181
Carmelarm,02/25,9,,,,,,,,,,,,,,,,,,,,,0
Gunjuruplaya kere,02/25,9,0.037439999543130396,0.06633000038564205,0.054500000551342964,0.061400000005960464,0.0400650005787611,0.045690000802278516,0.038950000517070295,0.042520000413060186,0.042905000224709514,0.028825000301003455,0.0055816574351466326,0.012820671047393466,0.007692561752862991,0.009440312924566862,0.006536131948547136,0.010129679105996187,0.006544616188237304,0.011030757066175092,0.004258606463405676,0.002605595559707466,10
Govt. Dinnekere,02/25,9,,,,,,,,,,,,,,,,,,,,,0
Panattur Govt.kere,02/25,9,0.03239143650166358,0.06594293540584566,0.03602244133646996,0.051679123657449595,0.02695062717967541,0.028741409819391436,0.024305239797686905,0.024290190400777054,0.035548597254521835,0.02891287354730447,0.004768627790748679,0.006771802419722492,0.006651480816897489,0.00836830955058474,0.015552203041024334,0.015637556322857484,0.012061121931869031,0.017134772584454776,0.01905480608048422,0.013672919310962645,76
Gramadakere,02/25,9,0.12489999830722809,0.23361666997273764,0.29756667216618854,0.30053333441416424,0.2155833343664805,0.21551666657129923,0.18509999910990396,0.16134999692440033,0.10363333423932393,0.06456666688124339,0.0037478859366705027,0.0057158214986536525,0.010471977854936901,0.014197731873543572,0.00923908252358118,0.003966596059212356,0.005855481803664399,0.008975616444002917,0.008526950830399036,0.007335908110639736,3
Ambalipura Kelagina kere,02/25,9,0.020235714369586537,0.037307143211364746,0.02010000018136842,0.04008571484259197,0.03257857156651361,0.03684285788663796,0.027300000190734863,0.029807142913341522,0.028950000181794167,0.020914285576769283,0.006302023734954525,0.0041723094542449,0.003957362128472888,0.005074003896329139,0.005077109726516654,0.006411954631170773,0.0046380412847950876,0.008244150475678277,0.003834989304898947,0.002630143324264906,7
Melinakere,02/25,9,0.021900000050663948,0.033250000327825546,0.02944999933242798,0.035100001841783524,0.025350000709295273,0.031950000673532486,0.02645000070333481,0.03660000115633011,0.03815000131726265,0.025200000032782555,0.0,0.0,0.0,0.0,0.0,0.0,0.0,0.0,0.0,0.0,1
Sowl kere,02/25,9,0.011218656751035309,0.022268656696846235,0.013062686617694684,0.02364328361825267,0.013653731300259259,0.01603208969472282,0.014803731362265883,0.014250000066527012,0.020369402980848925,0.01699701495079407,0.006699586970721484,0.006783044192411181,0.005609728683093402,0.008301554909300936,0.007087150959212519,0.008117962868323579,0.005971445160847615,0.006462457678292734,0.004263993197677496,0.00272081361316843,67
Bhoganahalli kere,02/25,9,0.01101699996739626,0.023988999985158445,0.01282700008712709,0.03452500022947788,0.017660000103060156,0.019197000041604042,0.017047999985516073,0.012663000030443072,0.021819000020623206,0.017808999996632338,0.005958805351346469,0.0029355627185091056,0.0034479300180164938,0.002787027902243602,0.004958639035881514,0.004471782854487372,0.0026746021348275795,0.004221987863666164,0.006926968207829247,0.004798600864206841,50
Devarabisanahalli kere,02/25,9,0.058524360347334416,0.0998905592110351,0.06194454225318395,0.06743785583083474,0.033878376191840046,0.0377302969162118,0.02965268833692037,0.029804214577902322,0.028532765351863443,0.0223932265979657,0.010215364711193707,0.016758005165688174,0.009121409862607186,0.004922710450912237,0.018246237590496626,0.022114229185060418,0.01533998751184716,0.02351982048585859,0.013716713152827081,0.007638022700848252,67
Doddakanneli Gramadakere,02/25,9,0.01940390660634252,0.04223988671359285,0.019992367309868357,0.05937395832518828,0.035084511858827674,0.0362457808420705,0.030037771691247817,0.021095526341491453,0.018350153738788993,0.015831230812013264,0.0038969351628546354,0.002826674415254679,0.0022770713579205407,0.002843459838277975,0.0033710598745243544,0.004113455928133954,0.002377538587304537,0.003485663700396704,0.0052330377178657125,0.003936013955331362,111
Lakedew Appartment lake,02/25,9,0.04274605451693002,0.11395782026877838,0.05285078103793308,0.14999090029521198,0.09150103828418545,0.09548006073723983,0.07732417476269297,0.05409559047215539,0.028131734882666164,0.02299856335040728,0.0040331875820963,0.0038243217454483674,0.0037701619650194838,0.005868805457144212,0.0074094828837102155,0.007591785556234957,0.004640731610944837,0.009187153883287858,0.0139896621203885,0.008769256468548554,158
Kaikondanahalli kere,02/25,9,0.039172464090336374,0.08196234454367005,0.04108010776980094,0.1184264839390553,0.07275045265809249,0.07418427045785556,0.06021000001801731,0.040732730305102625,0.018096828088832624,0.015223824793896114,0.004158512741564094,0.003989930927549098,0.004042300266706384,0.006109304802618621,0.005982734282582251,0.005782331210600352,0.004924334503083445,0.0058839466430599015,0.007017535558678115,0.005019129500419726,193
Kasavanahalli kere,02/25,9,0.04503797324208778,0.07883473761013234,0.04337526093655209,0.048822273420914025,0.018292572350519953,0.02051782614033758,0.0168737364022419,0.014750903098290387,0.018580893053236656,0.015074616986184152,0.004177952419692845,0.005886863994644576,0.003326588978999699,0.0040591321297284615,0.011175651944009208,0.01321254531946543,0.010113370401030759,0.014652370072739482,0.011552178996742258,0.0065647513063717446,286
Mestripalya lake,02/25,9,,,,,,,,,,,,,,,,,,,,,0
Tavarekere lake,02/25,9,,,,,,,,,,,,,,,,,,,,,0
Byrasandra Kere,02/25,9,0.040979487009537525,0.09691923016156906,0.05839615401167136,0.12045769297923797,0.07491923085389993,0.07822820563346912,0.06441282060665962,0.05035897449423105,0.03151282052008005,0.02474102583260108,0.0017437333757552094,0.001783709297484426,0.0018552899765855652,0.0033541517045171305,0.00767284199858222,0.009638576420175493,0.00462539959046968,0.013434942636191797,0.013422673714170105,0.0078786379305788,39
J P Park Kere,02/25,9,0.1049758063689355,0.18424354782027583,0.17696451636091357,0.18276451480004094,0.11373709622890718,0.1202548376975521,0.1017112912189576,0.09130322596719188,0.05849677390388904,0.040391935636439634,0.009759816804693497,0.021390738567358448,0.029925558075213656,0.03474770982799466,0.02542914927497091,0.025760754099204145,0.021888304863266417,0.021779418221946963,0.02139951324688156,0.01460369562041444,31
Agara kere,02/25,9,0.01695852282253012,0.026626770317571376,0.01547058502275077,0.029157403537395234,0.012623805357183946,0.012797431992189289,0.010926274040676202,0.009053593564673943,0.015163542487119956,0.013278079699448475,0.004184874730780536,0.004371732708836758,0.004260041464660821,0.003410384565112499,0.005385204575210363,0.006085985760360214,0.004845495675478177,0.0071126551538532295,0.00663911489356381,0.00464485170557192,534
Ibbalur Govt. Lake,02/25,9,0.03971184371460064,0.07991898180201085,0.042870012434506395,0.09124150178613172,0.051732541196496847,0.054341699780531494,0.04445575696199372,0.037968550008654595,0.03577579980995439,0.029264341571561842,0.005605762484924774,0.007191179907781971,0.008903148346640397,0.008445326325083385,0.017863688567953794,0.020285655957659014,0.012758931680308163,0.021934294143628335,0.02294837438651502,0.01625864925609207,41
sarraki kere,02/25,9,0.06899245919542829,0.11295881549047661,0.07155470941142208,0.07413485463130404,0.02943173690695288,0.03071771084809086,0.02550317148288913,0.021295480789777433,0.024983235191809096,0.0208993259047299,0.015627156674508542,0.024069407072136943,0.016682573708105136,0.012845022367506537,0.017268485160588556,0.019278100991021674,0.015852784809701696,0.02115439351760085,0.024971244138151383,0.01786539491278376,488
Puttenahalli Kere,02/25,9,0.035993582377238056,0.08268149314658726,0.03840334774461636,0.08283974412344157,0.053319040887645566,0.056002110986313074,0.04552377394712301,0.03954507458105143,0.03392526640820859,0.02736014934427448,0.0018633275713639105,0.0037281497229456314,0.003790646717534231,0.006213373594481649,0.012051320251412331,0.014382774492529863,0.00835814939991343,0.016233120459301597,0.015102840428251168,0.010725141062112652,46
Madivala Kere,02/25,9,0.01273983741395376,0.02303099599988692,0.012079065076309271,0.0324215447318142,0.01586991875050503,0.016162347602676902,0.013085365893576688,0.00891224595967302,0.011155843532197481,0.01036956304413592,0.004580301305166958,0.004522236658403381,0.0038977569283419338,0.003227056811172158,0.004573388112930357,0.0048827380669548845,0.004294778956735694,0.004916864738968623,0.003756131022383475,0.00261419202968918,984
Somasundrapalya lake,02/25,9,0.026529421040349204,0.0718076357232746,0.040746233586191886,0.08481666375234499,0.041301761734581555,0.0436537021078286,0.03627809733855381,0.03200457308465778,0.03606512312389135,0.030723040809381756,0.004930995411262837,0.007772176616812908,0.007380650659183601,0.009735297624200936,0.014941058302146544,0.016893966514333468,0.01212389206962549,0.019562952008437537,0.022097072827596907,0.017718378305299442,52
singasandra,02/25,9,0.022653818641720353,0.04645286423992143,0.023590572907418225,0.061338066814694024,0.03633818622491809,0.038317064654642186,0.03305202871027596,0.023610143275455815,0.023184845037313804,0.020383651677279027,0.004348631884639462,0.0019956511301293662,0.0022086157710629072,0.0017166247691267186,0.0036327313779000547,0.003385336495617502,0.0019778334602857254,0.003998774528288121,0.0055650827240895226,0.004561751395169906,25
Kodagi Singasandra kere,02/25,9,0.018149999901652336,0.028383333856860798,0.02351666676501433,0.02984999989469846,0.01628333330154419,0.02008333367606004,0.0210833332190911,0.0215166670580705,0.030666666726271313,0.024949999526143074,0.0024190224671075877,0.0038536422029160334,0.0033477185940115144,0.0020004171203217972,0.004663034580299865,0.00967938791866622,0.0050827049893465,0.004153780322904119,0.0025561471465522846,0.002023610510554572,3
doddakodlu,02/25,9,0.020508403463304795,0.047658403396230786,0.01825441181769266,0.05607836125340281,0.027653991557782937,0.02860294114954832,0.022607563133938472,0.01646659666273211,0.020981302559219237,0.0170936974923776,0.003678699391833957,0.004456924337028491,0.004422287898102892,0.006475334996129642,0.00881482077956379,0.010573488929902897,0.007234919531627104,0.010565422796258316,0.011606652865741552,0.007791512757801017,238
Karabu Kere/Konappana agrahara lake,02/25,9,0.019200000911951065,0.02850000001490116,0.017400000244379044,0.02800000086426735,0.02019999921321869,0.008500000461935997,0.022299999371170998,0.007400000002235174,0.017500000074505806,0.015300000086426735,0.0,0.0,0.0,0.0,0.0,0.0,0.0,0.0,0.0,0.0,1
Parapana Agahara Lake,02/25,9,0.0044999998062849045,0.021700000390410423,0.011099999770522118,0.025299999862909317,0.01810000091791153,0.025100000202655792,0.01769999973475933,0.021299999207258224,0.026399999856948853,0.020800000056624413,0.0,0.0,0.0,0.0,0.0,0.0,0.0,0.0,0.0,0.0,1
Kudlu Chikere,02/25,9,0.032024073931905955,0.08806111084090339,0.04770740714889986,0.11629814737372929,0.0760703700836058,0.08223518425667728,0.06808888939795671,0.04636851863728629,0.031070370503045893,0.025275925933210937,0.004124415958457378,0.004354485023671386,0.002558706988244057,0.01081244542734087,0.00839789670673647,0.007955650452319685,0.0031444353527850903,0.0066831343569414515,0.007029755153517916,0.005336203788858795,27
Kelaginakere,02/25,9,0.05649185089678755,0.09473410753129012,0.06701825472845079,0.0659351222734621,0.037888280751310933,0.04228317776735184,0.03496137419886712,0.036310637687160134,0.04339988838559306,0.03143253806508215,0.004893911892292544,0.006453341369553495,0.009012088212901505,0.016532485874390344,0.02404828178940163,0.027342688520916404,0.020614712701738872,0.027712295038279714,0.027986899338624843,0.01722565523310046,39
Melinakere,02/25,9,,,,,,,,,,,,,,,,,,,,,0
Basavanapura Kere,02/25,9,0.020012367299289874,0.03923838301104062,0.024647207888566135,0.040273985001600225,0.02588944383142632,0.029659840752799142,0.02674945775010328,0.0280034379648104,0.037656783805769,0.029968920312512425,0.0031482268028076165,0.003426949203651204,0.0032735781891605757,0.008735915206300286,0.00876291024987167,0.011427424553891372,0.005272347025074217,0.014656085662628921,0.016846523705103436,0.011922150041894812,17
Swarna Kunte Gudde Lake,02/25,9,,,,,,,,,,,,,,,,,,,,,0
Chikkabegur kere,02/25,9,,,,,,,,,,,,,,,,,,,,,0
Elenahalli Lake,02/25,9,0.019399999640882015,0.034249999560415745,0.023400000762194395,0.03580000065267086,0.02370000071823597,0.02589999930933118,0.027300000190734863,0.019749999977648258,0.02914999984204769,0.02474999986588955,0.00930000003427267,0.014949998818337917,0.011000000406056643,0.01690000109374523,0.017100000753998756,0.013199999462813139,0.012800000607967377,0.011950000189244747,0.005650000646710396,0.007149999961256981,2
Kalena Agrahara Govt. Lake,02/25,9,0.03246932748375477,0.07194672566203945,0.045449753217728796,0.07780668115721341,0.04587096476020803,0.048198513551821226,0.043446911771213056,0.039014548692786324,0.04521104442104038,0.03576646899128646,0.0053510557839040835,0.006428450016384357,0.008038947459227733,0.009747533515880447,0.013112784229983552,0.01436604436195398,0.011890450638304123,0.01810169331888092,0.020284940419639262,0.016055255394491756,23
Infrastructure Corridor,02/25,9,,,,,,,,,,,,,,,,,,,,,0
Beratena Agrahara Lake,02/25,9,,,,,,,,,,,,,,,,,,,,,0
Mylasandra Dodda Agrahara kere,02/25,9,0.018271256690152293,0.01998192897539127,0.013596821374169314,0.030306073352613892,0.017319335913142383,0.017587427268171703,0.014043243683108185,0.011204186397002476,0.018550601931978924,0.016782841852659644,0.006879958940672994,0.006333599479682996,0.0046574706030042675,0.00598885840471816,0.006177998935085135,0.006802391202088449,0.005048795300899206,0.0055572061744952024,0.003839154391424869,0.0026261031294270514,87
Arekere Govt. lake,02/25,9,0.039534193464145856,0.09420321094020881,0.05045442602857125,0.11587400942313758,0.06951700320203051,0.07159381213004755,0.05952186387879846,0.04445243978468608,0.02795934295105915,0.024584160673775574,0.003337660144441096,0.0033863290718593396,0.004445314442444983,0.004287590436499742,0.006335473416685063,0.006975832021762547,0.005868017262931357,0.008920610598946012,0.0155408245812402,0.012041032203795448,126
Hulimavu Kere,02/25,9,,,,,,,,,,,,,,,,,,,,,0
Akashaya nagar Kere,02/25,9,0.019946051830371035,0.04192395875469781,0.025942354753201627,0.04577307958137151,0.025075053779123523,0.028872630794914356,0.027523510286428046,0.025201651129981253,0.031049048562841026,0.024098672012866012,0.0020477764903618924,0.0017453958736752609,0.0014160530100695424,0.004332135156495965,0.006033535583074956,0.00709468701194633,0.002647320223044286,0.009036386504526775,0.005908716781110715,0.003918044513444427,11
Gottigere Kere,02/25,9,0.014232725985875858,0.02635494639491453,0.01465236189728276,0.020668380201200744,0.008658893120209975,0.009746886628800041,0.007914856016093923,0.008822572078281818,0.023771445354064873,0.020877020185193645,0.004288671150713108,0.005406974787596671,0.005659419986547768,0.009037558538432137,0.009491538292972333,0.010063112782163305,0.006709234332643072,0.011080131638803637,0.015588834422022847,0.01240010022399345,200
Kothanaru Kere,02/25,9,0.019118919012111588,0.050695270148886216,0.028818918945821555,0.043152702720584094,0.01905337846963792,0.02135608107405337,0.018795945933340368,0.01998310811138032,0.03348648646292654,0.027522973011474352,0.0033021051669461857,0.0035931443695921424,0.0050328696897735305,0.010452614974019147,0.013590396521529739,0.015049106221791134,0.010581028099982997,0.017235499537747282,0.02017626421121865,0.014823798911362865,74
RBI layout kere,02/25,9,,,,,,,,,,,,,,,,,,,,,0
Chunchanaghatta Kere,02/25,9,0.033494191733946736,0.060606706159985826,0.040395931616701464,0.0672435891782127,0.04031645622277919,0.04242244651635187,0.036052048258592116,0.03308118696901508,0.03708048544063177,0.030051136327704665,0.0033724546712375035,0.004096808205817653,0.005377177967988295,0.010086026131398381,0.012041972144848255,0.013454924453571647,0.007674982128762259,0.01643023300946871,0.02194784165834871,0.01648676384181765,42
Alahalli Kere,02/25,9,,,,,,,,,,,,,,,,,,,,,0
Kembathahali kere,02/25,9,0.030089999735355377,0.09801999926567077,0.044829999655485155,0.12541999965906142,0.08144999891519547,0.08547000139951706,0.07331999987363816,0.049120000749826434,0.03312000036239624,0.026169999688863754,0.0013455108572464278,0.004608534411465309,0.003929579628394216,0.00405531579627766,0.00367709075485407,0.010463440751102145,0.0037008923696051246,0.004978413387827183,0.004541982334933637,0.0032222040740789567,5
Doddakallasandra  kere,02/25,9,,,,,,,,,,,,,,,,,,,,,0
Konanakunte  kere,02/25,9,,,,,,,,,,,,,,,,,,,,,0
Thalagattapura lake,02/25,9,0.018839163808455572,0.029563613890106765,0.019062347877236808,0.023397762002953605,0.01465280718617302,0.01589627009712256,0.014449528880303262,0.015107449963374387,0.028953631966501695,0.024062818989836334,0.001606593207292281,0.001890006393107607,0.0023436610769817317,0.004944671375720064,0.0068109371144115995,0.00721107638466153,0.0041493253486346296,0.008017577642272,0.011084303569130493,0.007437615247885777,60
Vajarahalli Govt.Katte,02/25,9,,,,,,,,,,,,,,,,,,,,,0
Harohalli kere,02/25,9,0.022583382801105785,0.04476231454874358,0.02419376859126353,0.04901691397944968,0.019589317531410595,0.02126498523966937,0.016644362103227162,0.013188130598797157,0.015721810119397914,0.01340652822353808,0.00217514755312013,0.002540903413283764,0.002057390215883034,0.0033964606940520984,0.006125433727480491,0.006744901775992856,0.005824462215802161,0.007607589862872639,0.006462022604135993,0.003924654108093462,337
Puttenahalli Lake,02/25,9,0.022300000302493572,0.02505000028759241,0.016174999997019768,0.032425000332295895,0.02182499971240759,0.020800000056624413,0.020275000017136335,0.01649999967776239,0.014650000259280205,0.013075000140815973,0.0058030171754605685,0.005023196291167851,0.003662904839286255,0.0019266225921662293,0.004313568389386726,0.006900000277960646,0.0040831208375370276,0.00762725358380963,0.0010641899939967513,0.0023941337447566666,4
Chellakere kere,02/25,9,0.019293182021514935,0.04742500016635114,0.02472272718494589,0.06051136383956129,0.03782499996437268,0.039577273313294754,0.03429318227889863,0.028277272866530853,0.0279090909964659,0.02167954562570561,0.003405620192374388,0.001229259887264066,0.0014028160709052583,0.004054569020644433,0.0059593081503817496,0.006015202558849011,0.001973880377852685,0.008319483298861657,0.007606256735634379,0.00562711896814825,22
Horamavu Agara,02/25,9,0.026770801802105552,0.05249279988994007,0.02921147398318193,0.061024937142255514,0.03202702930161981,0.03245595645161719,0.026008019771754893,0.019968620407805726,0.021142648673885853,0.019061660318746388,0.007372434644677845,0.020093928736289006,0.007971497407253728,0.037488345474013536,0.02788633351717304,0.028112300107539682,0.02242397883113718,0.018206483874476303,0.013725733189680624,0.010537569654507035,285
Horamavu kere,02/25,9,0.04092432659301549,0.07782792853708871,0.0539513129562362,0.07150551435068497,0.04082291525218953,0.044404324413178715,0.03784707284435339,0.036368554730082284,0.04384757151656253,0.03531384261208783,0.004879600509618316,0.009626306644804553,0.011530795345449237,0.015709551222358308,0.019462118806528567,0.022429700514921633,0.016173345296319915,0.02360740116168475,0.030971248307308866,0.023532474941891212,83
Kalkere Kere,02/25,9,0.017793209941620813,0.038272839619053735,0.013398765490884767,0.044453456924285414,0.027698271657213752,0.02799246921491476,0.022488271651996506,0.01389592593351816,0.01618679017978318,0.01399530867965501,0.005892080652130367,0.004839185753930853,0.00673251449794929,0.0061010967805306,0.006036163475169995,0.007160996855543697,0.006096916178825811,0.007018345595441544,0.011270591842351766,0.007614023970759398,405
Nagareshvara Nagenahalli Kere,02/25,9,0.08639266488573101,0.15916510630284114,0.13753033905827527,0.17344791215028008,0.09887106671338566,0.10122959469711731,0.08337826442416546,0.06980320244961899,0.062202396816225324,0.05132016761449991,0.0034920167249784732,0.00479822024857268,0.011521396472950331,0.01257457205197808,0.024716843283723287,0.025727030922686106,0.020071555021963703,0.02875787458922594,0.040005606513770886,0.03134877064585743,45
Rampura Kere,02/25,9,0.022337131104230915,0.04011713494972634,0.026262031213261806,0.0318493386236774,0.01953930472263767,0.02240172999913551,0.019888371511240982,0.018506642363852698,0.021453066610471177,0.016848315825124784,0.00587510262224162,0.008391303862640037,0.00790452784537397,0.010083573242555646,0.011092215461484254,0.01240646286282676,0.008272537576084243,0.012074362053078967,0.01108322091086354,0.007436418973044126,214
Atturu kere,02/25,9,0.021159734564577846,0.03527411514382183,0.021592477967023058,0.034618141723021995,0.018006637177339434,0.02016393806109518,0.016840708019640462,0.015273672628496666,0.01861880537930184,0.016508628334025895,0.005638320400524965,0.012304064745071105,0.009527530482108814,0.014829657672180052,0.011422851964810604,0.012663747536028098,0.010940102565631882,0.011112000538809152,0.010008281609857249,0.006625714348390679,226
Veerasagara kere,02/25,9,0.025575000094249845,0.052962500136345625,0.0245124998036772,0.0850249994546175,0.05452499911189079,0.0532749998383224,0.04294999968260527,0.029924999689683318,0.018087500473484397,0.01828750013373792,0.0030445646263411474,0.0013990500077691434,9.43977763029555E-4,0.003777482531246124,0.0012616950916872693,0.0013245282706445445,9.810707432727256E-4,0.0014964541013034163,0.0013724404663658552,0.002531026347588832,8
Dodda bettahalli,02/25,9,0.019532352685928345,0.025079412057119256,0.02013235298149726,0.021023529581725597,0.01793235310298555,0.019661764942986125,0.017500000019722125,0.019894117708591855,0.03614705866750549,0.03380294133196859,0.005109821301173209,0.005394770031409229,0.005594376017069243,0.008329785836509992,0.008614692455443851,0.009453454777414149,0.005085301592336834,0.009118660332846364,0.009409498916888321,0.008978904630335812,17
Dasarahalli kere,02/25,9,0.024234802225065195,0.04809950890708324,0.02921112292187344,0.05847746213511886,0.03463449684410046,0.03695083636655031,0.03143741710164406,0.024089713495116925,0.025595593551741947,0.022728324935032053,0.0031666870626642354,0.0030532895214295925,0.003346519314301386,0.004468185547468917,0.006113013162171771,0.00796240481013517,0.004404230575165156,0.008434162671687498,0.01047248478830657,0.008012490353412382,74
Doddabidarakallu lake,02/25,9,,,,,,,,,,,,,,,,,,,,,0
Allasandra Lake,02/25,9,0.040096964767175586,0.0841783336546393,0.0479985926125409,0.08740946229687682,0.04251055999565894,0.04441667776304581,0.03610228969907496,0.028108701411483583,0.021350334871039607,0.017577134036512815,0.001940153582321482,0.0038731687463134422,0.0026881037210757437,0.004556262879338044,0.00840308924863682,0.009944613945838413,0.007691606084518596,0.012616563429891155,0.010111343727430175,0.0063863767192615765,278
Andhrahalli Lake,02/25,9,,,,,,,,,,,,,,,,,,,,,0
Handrahalli kere,02/25,9,0.03206250024959445,0.05791250057518482,0.04642500076442957,0.06694999895989895,0.043837500270456076,0.04176250007003546,0.0426000002771616,0.032037499360740185,0.04954999964684248,0.03724999958649278,0.002560609578940613,0.0014993222103780813,0.0024772716918199473,0.007793988046685556,0.013054853784056785,0.009671050427660201,0.0025159491451009555,0.009182685741932177,0.007137840423779156,0.01136799186007244,4
Narasappanahalli kere,02/25,9,,,,,,,,,,,,,,,,,,,,,0
Valagere,02/25,9,0.028102080464358598,0.06071930846730109,0.0407923013034523,0.07928115493261677,0.04785185612538311,0.04974500699307372,0.040758448759259006,0.032984923723061575,0.03317287212549977,0.02616684413348781,0.002734179905882389,0.0027586227552307027,0.0033897395540231448,0.006875187446071954,0.008696129494813904,0.00984322988602909,0.004148403164716905,0.011283952906984947,0.02119172993722906,0.01320574667266684,91
Shivapura New tank,02/25,9,0.03691339039687435,0.0760928749526519,0.05617575130621251,0.08806167434213498,0.05657364791618909,0.05906060024328497,0.05106935613336992,0.041779012989268796,0.047534978738286465,0.036372017510267286,0.002614320395757631,0.004180018104497028,0.0038133980253835346,0.007220831750105418,0.008043827714987444,0.009254786437951159,0.006357643542620987,0.011167456446618745,0.019352375082936205,0.016210654669837204,23
Agrahara Lake,02/25,9,0.01440885105279686,0.021828898605571922,0.012416366190343696,0.03013177550395598,0.01631665099905762,0.017080198663654768,0.014882674088449468,0.011828926237688085,0.022271701636698258,0.01963961118155364,0.005222432558830396,0.004366217670565715,0.0038610162351999126,0.0042657640639761915,0.004341435423464838,0.0045102395844571295,0.0039055053813851926,0.00415669809837398,0.006301085934653323,0.004526646627393422,71
Chokkanahalli lake,02/25,9,0.011325000086799264,0.018325000535696745,0.012550000101327896,0.02279999991878867,0.012000000104308128,0.015250000404193997,0.013450000202283263,0.01209999993443489,0.02262499975040555,0.021499999798834324,0.0013970952147837057,0.0014271910918944295,0.0022096383352641,4.999998025598397E-4,0.0015215125293844727,0.0033900594979532333,0.0014671404790529746,0.00238641975170414,0.002441695222545073,0.003280243829137582,4
Jakkuru lake,02/25,9,0.02737666675820947,0.03880666655798753,0.02865000025679668,0.05017333353559176,0.033906666561961174,0.03479666703691085,0.028386666315297286,0.026063333575924236,0.030133333429694174,0.026036666706204414,0.014103142447585437,0.016623365413548096,0.015146320460422845,0.022044628494596936,0.019876340929941668,0.020952688448197216,0.013938142014408747,0.021521752873119807,0.026317539690163493,0.01968652223198854,15
palanahalli,02/25,9,,,,,,,,,,,,,,,,,,,,,0
Kattigenahalli lake,02/25,9,0.022054117655052857,0.0416494117501904,0.021329411678016184,0.05503235310316086,0.03773411801632713,0.03830411791363183,0.03263058833339635,0.02378352950601017,0.018647647134083158,0.016090000124976914,0.0060056943146460495,0.004098963210329215,0.00347061012867431,0.004381650991840082,0.0049523566860451085,0.004690661841663328,0.0034496981128196223,0.0033991814292538246,0.0029848333906383087,0.002428432070506535,85
Kogilu kere,02/25,9,0.011166729330815221,0.01611785715641944,0.010136654181230841,0.024014097792481568,0.011637030126040284,0.012312218086457903,0.009462218079540907,0.008488721857719426,0.018288909814747654,0.015623872199873054,0.004339007346815338,0.004409783864672663,0.003597103689417943,0.004142342671744529,0.005677393095540886,0.0061242455071891895,0.004011148845977708,0.006234893407988217,0.005863878810187941,0.004197873974035734,266
Venkateshapura lake,02/25,9,0.043987642867788036,0.08663147792695508,0.05026714594380276,0.11715967516114068,0.07570226063215407,0.07637730577281256,0.06323615545404343,0.0450340206515564,0.02870342013402511,0.023331070670691435,0.0036626047451196234,0.0023872060211202,0.004399311601740028,0.0031380533771984587,0.005286040650013947,0.005215427898395467,0.003583294019601596,0.007205028519225013,0.014032937781648276,0.00909222825903702,58
Bellihalli kere,02/25,9,,,,,,,,,,,,,,,,,,,,,0
B. Channasandra lake,02/25,9,0.03331427466214146,0.060955649286453265,0.03487270879820127,0.059306092993364916,0.03128228388795826,0.03309423761114008,0.02780848994332751,0.02594296848539657,0.030132541930050705,0.02537241562077834,0.0029833794705076957,0.003926375080267705,0.005191023935287339,0.006478415563264999,0.010544739606414874,0.01273714225828969,0.009019328102101268,0.014975205518990623,0.01640149720478531,0.012204893570869036,108
Byappanahalli kere,02/25,9,0.010050000026240014,0.027000000700354576,0.015350000001490116,0.035799999721348286,0.018800000194460154,0.023100000340491533,0.020450000185519457,0.0243500005453825,0.040950000286102295,0.030549999326467514,0.009650000036344863,0.008700000122189522,0.005250000394880772,0.006199999712407589,0.010600000154227018,0.011500000488013029,0.005550000350922346,0.0048500001430511475,1.4999881386756897E-4,8.499994874000549E-4,2
Kowdenahalli Kere,02/25,9,0.02991721327187585,0.06894836074016134,0.03239016405871657,0.08640245873419965,0.056451639374260044,0.06011803271096261,0.05154590180418531,0.034786885176770026,0.023500000019786787,0.017363934472325395,0.00434718575712589,0.0020951340982547488,0.0041105505115621895,0.005856867851616154,0.005477644329661283,0.006911691504085291,0.002355779476124018,0.006404038780231714,0.0061026667765027515,0.004679569572813586,61
Krishnarajapuram kere,02/25,9,,,,,,,,,,,,,,,,,,,,,0
Basavanapura kere,02/25,9,0.017244262376525363,0.03249344266340381,0.01839672119097143,0.03307950823399864,0.020000819788604487,0.02239918032447334,0.01939508208974463,0.01836885255379755,0.02966885250367102,0.025594262406229973,0.0030045335598942063,0.0032877252419087587,0.0034325212319376843,0.005616744316926422,0.00818859907129027,0.008898210808271127,0.004676692356110733,0.009331842978489383,0.01078750089053197,0.007932166786725167,61
Shegehalli kere,02/25,9,0.06046666701634725,0.0689999982714653,0.05703333392739296,0.06970000267028809,0.06120000034570694,0.062300000339746475,0.048400000979503,0.045366667211055756,0.04553333421548208,0.03680000081658363,9.843214632040084E-4,3.7416609869741764E-4,3.299827294388305E-4,0.002353720417657395,0.005514223739314939,0.006149795626427653,0.0020016663567318967,0.008460233940741513,0.004563866968017537,0.0022226113240775202,3
Mangamanapalya Kere,02/25,9,0.02121538482606411,0.03261923130888205,0.022342307779651422,0.040711538722881906,0.027034615238125507,0.029319230896922257,0.02428846161525983,0.022130769175978806,0.02506538451864169,0.02062692314099807,0.00515596641689175,0.0037171921873036264,0.0034551440807250116,0.004376869071303184,0.008723693903349393,0.009504342162840771,0.002957855156043979,0.010152008847641468,0.006509973947844522,0.004443258513288251,13
Hoodi kere-2,02/25,9,0.033135113575727064,0.08533022875161804,0.052583206753351944,0.08979180531355928,0.05134940130430514,0.054056692111273105,0.04532925383879898,0.042968351546500104,0.04753663581968787,0.03753944285272432,0.0046908418839217,0.0052216011256163005,0.007408684020627504,0.013753057346453545,0.01972371258860108,0.02010930733353508,0.014573223115851856,0.021783432755306243,0.025457634534163522,0.018171848001749796,50
Jimkenahalli Kere,02/25,9,0.050341028529960474,0.10002932770010717,0.06786374967658741,0.095295506227859,0.055429300875452926,0.05812784782297197,0.04830022020515571,0.04614065865139429,0.056416683168086956,0.04365204849629214,0.005481208322751635,0.005052212345762773,0.010681066651604294,0.013948084659954124,0.023259329903806983,0.02253966515671849,0.016781818207530868,0.024871533248212216,0.03126862419555473,0.022356791575945556,37
Kodigehalli lake,02/25,9,0.040919513725181496,0.07847581439240031,0.03901781486279038,0.05216304814264062,0.02149527684305889,0.02315386662095278,0.018922180183570295,0.016781932060566378,0.025476113241837735,0.020784971045200343,0.0035866106587197732,0.005065784212996265,0.005509447912853249,0.01117768704562446,0.017664053387235153,0.01880451384901866,0.014640726066288304,0.018238903293553828,0.01999104273312093,0.014012433566634966,338
Gangashetti kere/ Devasandra kere,02/25,9,0.05332727244857586,0.10759090948285478,0.082790909391461,0.1216121209841786,0.07521818205714226,0.0773712129078128,0.06418030268766663,0.05630151521075855,0.048234848249139206,0.03650757551870563,0.0030688095102112786,0.0038258183779168106,0.005999083216110088,0.007299180042886284,0.015177978699056616,0.014922303932299305,0.00949407279311075,0.018573782122580308,0.025768245691037205,0.01956913969513343,33
Vijinapura kere2,02/25,9,0.023799999927481014,0.04404999936620394,0.022433333098888397,0.05251666655143102,0.03616666731735071,0.0426166666050752,0.0348666658004125,0.03045000011722247,0.023850000152985256,0.01923333356777827,0.009166242659714698,0.0052683015651384816,0.004231889967680318,0.003493883221809854,0.0040367755059275215,0.002703803211678622,0.0038938693555884917,0.002121713417447923,5.338540524431114E-4,0.001693778913094059,3
B.Narayanapura kere,02/25,9,,,,,,,,,,,,,,,,,,,,,0
Melinakere,02/25,9,,,,,,,,,,,,,,,,,,,,,0
Kelaginakere,02/25,9,0.026573420046181708,0.04992166261065152,0.027809924613705125,0.06283441420434571,0.03869136690154875,0.03975126593393868,0.03325309162567749,0.028895689725138635,0.03366717692334924,0.027960963984177994,0.004461858918789014,0.004929483336070847,0.004807485145168609,0.007135141142088467,0.011134923612182879,0.010154515903883998,0.00571603675387305,0.013226393244187406,0.01611308248541009,0.012690781047720204,46
Rachenahalli kere,02/25,9,0.024525000248104334,0.04501250060275197,0.025399999925866723,0.0541875003837049,0.042799999471753836,0.0417437506839633,0.032999999821186066,0.028406249824911356,0.029199999757111073,0.02391249965876341,0.0018024286322083475,0.004737466802799735,0.0029714264040492976,0.00515162301800855,0.00669650005058818,0.0068478749176684095,0.0032159754450820856,0.008150706766778652,0.007224740148527657,0.004966182029693442,8
Amruthahalli Lake,02/25,9,0.025254444488220746,0.04703111118740506,0.032272222265601155,0.0391355554262797,0.025986666770444977,0.0298266664147377,0.025658888949288264,0.027187777848707306,0.029248888914783795,0.02263666685256693,0.002309829669561218,0.002780133732233586,0.0026410131078534833,0.0031559403088710705,0.00881713243280868,0.009139994999281646,0.006558356033575444,0.011105955417295402,0.010156554956038384,0.006891672898802013,45
Nagawara Lake,02/25,9,0.027707977940494344,0.053979614120847355,0.03047181020618706,0.06123665665184998,0.032889626879191516,0.033899060446163615,0.027336192171323444,0.020463476807714497,0.0175503930838603,0.01588761115485411,0.0021287178271755668,0.002750178141701801,0.003138644971481379,0.0038479297924710275,0.006325599856190781,0.007320383337373519,0.005251366871604098,0.007794272687978847,0.008448583696259334,0.006418196447335616,450
Herohalli Lake,02/25,9,0.03605120225425929,0.06998120101811507,0.033986372309046116,0.09035530944196009,0.06216881046734003,0.06262915808297154,0.05069234467941442,0.03389170563165246,0.021326146698997312,0.019385642297229333,0.0026510294990545616,0.002879240570462184,0.0026470137183311603,0.003866180893885541,0.004367033340035091,0.004939874813775279,0.003482440742993779,0.005965401379589131,0.00972721779071262,0.0062872079929688855,172
Hebbal  kere,02/25,9,0.023852231413349727,0.04829313238920282,0.025481080131337406,0.05410769072584587,0.02519363045748415,0.025986126256054298,0.021157648543896197,0.015794000110852538,0.014659669644445655,0.012396018507684198,0.003570612493012157,0.0037967177063456493,0.0028606568787003218,0.0041421533750762,0.005861268970545066,0.006746136911060301,0.0051093923402880026,0.007566832304608889,0.00676978472726121,0.004209320816189177,869
Mahadevapura kere,02/25,9,0.040340700650167725,0.10941436040367805,0.05015311929886429,0.07997608487522373,0.03712641861651608,0.03947007319860444,0.03302669834087921,0.029284917304346576,0.029024012598159968,0.023257478534191536,0.0025993715729540094,0.0043457227615438625,0.0025580579485827443,0.003946089473770798,0.01645363981346193,0.01893546848523885,0.014926520133659929,0.02248908054701766,0.01743998281988439,0.011251558647850091,155
Vibhutipura kere,02/25,9,0.028669047679397323,0.06635416662763982,0.038077976244191326,0.08404821427982478,0.049585714226677305,0.05163690483286267,0.0422124999708363,0.033018452603192555,0.02250595241119819,0.017701785723190932,0.002761932130430922,0.00532607155236982,0.0035389698562496717,0.008880035083480009,0.00757550308305009,0.00891200749657511,0.0054421574580533465,0.010201318327108662,0.011532323642791449,0.007693021827057775,84
Rajapalya Hoodikere,02/25,9,0.01896262232391839,0.03293678972865245,0.019626730901525544,0.025149542817652498,0.01843047023651687,0.021092260015518897,0.018460924188459838,0.019543092522969693,0.022354588511136527,0.017446211672428772,0.004141673820304937,0.010071143889300173,0.012725600833078275,0.01743789229278962,0.017838798602141194,0.011330419139271776,0.010287080228370602,0.018258623929097387,0.0073372342189705,0.008747408522325839,13
Achanakere,02/25,9,0.04817961342143566,0.08763000637155885,0.049714017831870225,0.09986436378042007,0.06747122534910903,0.07153466719343955,0.060818860989775764,0.04799295828793288,0.03853199282050798,0.0317582403335938,0.0047099403660021254,0.0033465149949121913,0.004425016235578676,0.0032855404210345367,0.008265326951712176,0.009186115036916723,0.005187865579589121,0.010579077010022473,0.012141825569638573,0.010440193133437038,12
"Yekkalagatta kere,Mahadevepura Kere",02/25,9,0.033821393711029955,0.06809577989274082,0.041065358276222125,0.07631108901071361,0.04300662439948969,0.04565225727490576,0.037611776419985636,0.03808194299441441,0.048575074098441265,0.03988375853823902,0.007356094533277984,0.0068819491837104636,0.009175230062866784,0.01025883127410522,0.01501160801838271,0.015282672429676025,0.011160078949648697,0.015717831720116284,0.021096946957481474,0.016307045105807237,20
Pattaduru Agrahara kere-2,02/25,9,0.014855555362171598,0.025477777752611373,0.016238888829118676,0.02335555561714702,0.016444444397671357,0.021905555700262386,0.019022222090926435,0.020105555653572083,0.026005555772119097,0.018233333403865497,0.0030361197208950384,0.0026587499641099405,0.002581104125132137,0.0032266635208889143,0.0038792500122671113,0.005800500070243807,0.002217494989063427,0.003652582244364665,0.00570669366020345,0.003682842986460801,9
Nallurahallikere,02/25,9,0.04365962646122572,0.08070095816050038,0.06049076370105985,0.07394715166787376,0.03592903223207126,0.03885008903242249,0.03139992047968108,0.028017892604769917,0.0340121734304568,0.026026867553164534,0.003317408948350138,0.006400947798763728,0.005717611774933876,0.01004948742054973,0.016038680636548366,0.016924885119039203,0.011840521962809205,0.019217845733346933,0.025087259417067475,0.01757773647941442,149
Thubarahalli lake,02/25,9,0.03890165751663442,0.0882222497876946,0.043029641681446996,0.08234424603319382,0.04124515634861632,0.04244489874570189,0.035223737751611764,0.028536482964202418,0.03200344403892553,0.025109947543968242,0.0032350285671517553,0.0042312565884211235,0.0074451301426063715,0.01087017424315396,0.016462191159623895,0.017573428445805492,0.012153169619305756,0.019945390116334016,0.026532860900126333,0.01858553212375191,161
Sheelavantana kere,02/25,9,0.0390978801221791,0.07333446008236406,0.04025836780926141,0.0987638965788999,0.07889399498278052,0.07180904974026113,0.05333862506997065,0.04598263933695226,0.028396423288221277,0.022390437025234498,0.006555504321472022,0.003860880962404469,0.005857775772311759,0.007790939390848338,0.007378260920488649,0.006360593654974504,0.0036947426264237445,0.006082525353205183,0.010777959167002962,0.0075666362570224925,63
Doddanekundi Kunte,02/25,9,,,,,,,,,,,,,,,,,,,,,0
Chinnappanahalli  kere1,02/25,9,0.015651923067008074,0.03259423088568907,0.01941153836938051,0.04421346147473042,0.02505961533349294,0.026721153838130143,0.022825000234521352,0.01880576923632851,0.025688461744441435,0.02246153848962142,0.005800256706235243,0.004562479249499985,0.004488389111891775,0.003909592854245268,0.006538730938415833,0.0056407717102927996,0.004503358802402016,0.005416344955269338,0.00641839780556907,0.004197671405890089,26
Doddanekundi kere,02/25,9,0.031208693759783832,0.05848442669631651,0.03956601114002642,0.04187427962491627,0.020914857061569772,0.02371735919546297,0.02068443050549159,0.019816154156715886,0.021643895802177487,0.017710018630359346,0.0047270989535337015,0.007669882218475621,0.006167303227645482,0.007785631012987072,0.010416540075695918,0.011424636622405525,0.008172137892426119,0.0132005857727703,0.010906177321180727,0.007242999998308104,458
Kundalahalli kere,02/25,9,0.026609822033600607,0.0476930566118684,0.022580926092364645,0.04440688100411641,0.025828910211521356,0.02836256680247467,0.02302934651659897,0.0188294462480133,0.022873035991069532,0.019022507102530468,0.001901081696673414,0.0018718214319180476,0.00166650226773602,0.003158749391210761,0.005706426969743466,0.007279753574303177,0.00456147566749425,0.007958158700861213,0.008569285430746932,0.005473366644686659,138
Acchanakere,02/25,9,0.03218482522406507,0.08337932934595567,0.037108362598291214,0.106432466091125,0.06618366754846754,0.0676507727487048,0.05607520645797132,0.03952161089989458,0.022926926221293636,0.018820058768812445,0.0024080015825988644,0.0019458446790321356,0.0021357494207338906,0.002686926547654438,0.0051945129652697045,0.006692713934513285,0.004203656143523262,0.008967843470553351,0.008266045106334835,0.005729760805292538,86
Varthur lake,02/25,9,0.02330983418229773,0.04431457352334572,0.026238033212544795,0.04304300953073524,0.02419845974602476,0.0258498815466513,0.022877962101180264,0.018165284408569796,0.020087322312897133,0.015390521340222226,0.006893877706478905,0.019484718374438617,0.010055324689711946,0.02583926895506088,0.01897519755883499,0.01956432044024825,0.015668839605668256,0.014327333955313956,0.010146756657066824,0.006811847923181793,422
Narasipura Lake-1,02/25,9,0.030757894837542585,0.046099999821499774,0.03262894737877344,0.03384210483023995,0.025686842144319887,0.030634210690071707,0.025971052481939916,0.030807894507521076,0.030028947481983585,0.02064473672132743,0.001869017916179696,0.0028840763303718997,0.002203365327052181,0.003507182832520611,0.009583810967018349,0.014806862448238952,0.005746630790723857,0.012810175048113737,0.006350244780679747,0.002904845988267023,19
Narasipura Lake-2,02/25,9,,,,,,,,,,,,,,,,,,,,,0
Ulsoor Lake,02/25,9,0.047536139565917145,0.11095455221802371,0.05591437217493983,0.12265973235696108,0.06352944541220817,0.06441736147237587,0.051832876472678466,0.036585156360655034,0.01758161979417065,0.014729731847825367,0.004827202956142957,0.01269226360595637,0.0058430805162813515,0.012304096611135447,0.009803232113012027,0.010831733049182876,0.009190205371591926,0.01211725879219341,0.01363077332928026,0.009972413201838887,829
Gunduru Lake,03/25,8,0.03698278710123946,0.06735081897407282,0.0347573772439214,0.09009098359307305,0.0631270490464617,0.06597540973395598,0.05189426255519273,0.036997541082931344,0.02673770481201469,0.023181147568049978,0.0072336865430333835,0.0046195816123007355,0.005154656208996121,0.004882836721598255,0.006481971203744943,0.007157465504540852,0.004082350015188228,0.00811421231525374,0.00753917447974675,0.005039102661893463,61
Doddebele,03/25,8,0.029653111853942832,0.05623681359539202,0.02718557289056497,0.0658808830231136,0.0373894118292377,0.03932829648089326,0.030431565758700443,0.02302078401053877,0.024852420963712738,0.021791993964965093,0.005561128594102756,0.004319281146681797,0.003938519785121911,0.0047070603207625475,0.007480333776106355,0.007742331100220274,0.006006152971126776,0.008199979538271087,0.011679768783333246,0.008188581410473014,168
Somapura,03/25,8,0.014844444373415576,0.020896296189339074,0.00961111111704398,0.022159259283432254,0.010403703807646202,0.01264074069654776,0.012570370437094459,0.0077037037246757084,0.016407407406303618,0.015096296280346535,0.001298527041678757,0.001327621479242879,0.0013200261542474499,0.0033072601310462,0.004183608445407626,0.003958512516015617,0.0025018236808012615,0.003412230862317519,0.003981989453441629,0.0030832259939306333,27
Mailasandra,03/25,8,0.02919999952428043,0.03246250003576279,0.026025000493973494,0.03271250007674098,0.02688749961089343,0.030812500714091584,0.025200000498443842,0.024550000671297312,0.03698750026524067,0.03416249994188547,0.008547221340191868,0.007403662664621541,0.006074691640093759,0.009089855340599673,0.015894274278920238,0.02048787421071252,0.0060572273539638635,0.024474120112580617,0.00864019485077674,0.011102891799300395,4
Kengeri 1,03/25,8,0.03077000044286251,0.04289000034332276,0.02776000015437603,0.037709999829530716,0.029350000619888305,0.030660000070929526,0.030500000715255736,0.025359999760985373,0.04487000033259392,0.03343999981880188,0.013959713617456137,0.01018677492733624,0.010154919947351423,0.010097444742922379,0.012830744877679906,0.009520420850952706,0.01016031509001875,0.009451263719590921,0.009924998817667246,0.004965723366393971,5
Kengeri 2,03/25,8,,,,,,,,,,,,,,,,,,,,,0
Chenvinayanahalli,03/25,8,0.026704402938030024,0.05308420034271531,0.027721548348352047,0.05277480193150891,0.02527494957632867,0.026904889551841008,0.023411249220733805,0.019374978168145162,0.029533641428764346,0.024138054653243132,0.007256168228779967,0.005958808911268649,0.0064963523409078,0.006896395494004989,0.010085883449650201,0.010379022285660683,0.007576790662666158,0.009295387713819782,0.010291354152276526,0.007681656241274721,76
Annamma kere,03/25,8,0.04064501776382489,0.07026159924061938,0.04268175860841812,0.06426955152575897,0.045647656585946245,0.05277487531807571,0.040586307591566693,0.04611327728243865,0.050410444208051824,0.03874072696808068,0.0055660799794789466,0.005148565279401063,0.0063954647550244405,0.008766853344137017,0.014400394202539024,0.015711883528819155,0.010571678649175808,0.017211871190564065,0.012100743418283346,0.008708937518570757,22
Deevatigeramnahalli kere,03/25,8,,,,,,,,,,,,,,,,,,,,,0
Devarakere,03/25,8,0.036021316054421326,0.08274243445274443,0.04242094273761304,0.10500876881389412,0.07025441019295187,0.07706800574841167,0.06134428182016051,0.050132492856784026,0.03600286428409526,0.028765982102359932,0.01037620285502018,0.0072943074308737975,0.006833192304647475,0.004937101366313274,0.007750821457987162,0.007366970781940178,0.007270179573468773,0.012529374517358204,0.011279079990712848,0.008877903141426946,19
Doraikere,03/25,8,,,,,,,,,,,,,,,,,,,,,0
Goudanakere,03/25,8,0.0544154466708006,0.11518480911022957,0.07382331699285137,0.14206469476896438,0.08950382308027467,0.09422356397550072,0.07518525093198836,0.0654734250378902,0.05270954209724791,0.04517590179935621,0.006349968570521148,0.007215654881523858,0.008651814634832911,0.010155933682358781,0.01692921669875969,0.018053642593404407,0.012184999778497976,0.022015379261167718,0.027668359226327446,0.023181624160499768,26
Gubbalal kere,03/25,8,,,,,,,,,,,,,,,,,,,,,0
Halagevaderahalli kere-2,03/25,8,,,,,,,,,,,,,,,,,,,,,0
Herohalli Thotadakere,03/25,8,,,,,,,,,,,,,,,,,,,,,0
Hosakerehalli Kere,03/25,8,,,,,,,,,,,,,,,,,,,,,0
Kempambudhi lake,03/25,8,,,,,,,,,,,,,,,,,,,,,0
Laggeri Lake,03/25,8,,,,,,,,,,,,,,,,,,,,,0
Mallathahalli Lake,03/25,8,0.03808750030829718,0.07116513204221663,0.059797368478029966,0.07478815777913521,0.04245460526037373,0.04365197380416488,0.037726973722639834,0.03335065784324941,0.034225657925401866,0.026748684259425653,0.005295120091437984,0.0053741096086290865,0.005834425217277405,0.007488639730997832,0.011681438240101821,0.012410054389606231,0.008739661159261277,0.013790541605808303,0.016088326163973755,0.011477111063212812,76
Moge kere,03/25,8,,,,,,,,,,,,,,,,,,,,,0
Muppatu Kavalu Hosa Kere,03/25,8,,,,,,,,,,,,,,,,,,,,,0
Nayandanahalli kere,03/25,8,0.036312802410300986,0.05478417233413661,0.0342754216230519,0.053107433085020105,0.033557104199549624,0.03435088878647949,0.028835904209673816,0.02839236027565834,0.03461816842875431,0.02907330298562374,0.0044820620395350464,0.0064963938440075,0.00382447862558294,0.007945986345456445,0.009644187298875152,0.01066902027757989,0.006457102309895125,0.011003730844342492,0.014534425584385616,0.011983829378821373,65
Sankey Tank,03/25,8,0.0400649672452241,0.054826973328329885,0.033900630895654746,0.03924051384894099,0.020005335723306237,0.020919114055534836,0.016028248058177718,0.016769726700191317,0.024214285184103033,0.021187837103817737,0.0034047854562616626,0.00387816622965827,0.005701844245035616,0.009757116367752233,0.013149721142072614,0.014328131232911141,0.01011897685600993,0.015696677951882055,0.017681459015944135,0.01604163714169066,271
Subramhanyapura kere,03/25,8,0.03692715516456442,0.0763506832511266,0.0401398366939659,0.10019877682067818,0.06239912023559515,0.0657503595481888,0.051218172336244525,0.04196864620321342,0.03645654358505774,0.030590614708514482,0.0051773721844860215,0.0028766655529616093,0.004792608313781135,0.005611675988512721,0.009384268973346186,0.010509178971753309,0.005338081936759315,0.012580157548568737,0.017404340332417407,0.013500092314928575,60
Ullalu lake-2,03/25,8,0.051236170482762314,0.09297234041893736,0.06058723384395559,0.10678297899504925,0.07686382999762575,0.0793978730414776,0.06732340434447248,0.0515808511446131,0.027874467934065675,0.02286808521665157,0.0019091520408340233,0.004816315139944212,0.002603730281588388,0.007685945414219996,0.0067065992284879765,0.007453672240062911,0.005256049012614027,0.006388008703225427,0.007267252795618663,0.0055508905319130416,47
Valagerehalli kere,03/25,8,0.041052096433642056,0.06633671419246508,0.04225154432544627,0.08301073659116417,0.06031202565952502,0.06345596280761549,0.05162337126880462,0.04016228044252557,0.024826317460991166,0.021190354363628722,0.0036187037878023,0.003414380012414451,0.0025935709692565764,0.005286249712330476,0.003978765481312363,0.005372948445092832,0.003143454186412204,0.004646591842199561,0.006913157432031892,0.004155028970240691,42
Yediyur kere,03/25,8,0.03752540128709277,0.07238071897507337,0.038415565961428914,0.07221913798737804,0.038846826184683575,0.042138977742115516,0.03291901438497529,0.03231249015061387,0.028699399509311115,0.023213643501331333,0.007214903649952606,0.005089572669361851,0.00644058726250233,0.006175228900299968,0.013450125467167139,0.015649990256667058,0.012159258259951301,0.016872563095378636,0.012186568028771596,0.008271400369949543,70
Bhimmanakuppe Govt lake,03/25,8,,,,,,,,,,,,,,,,,,,,,0
Srigandhakavalu Karabu Katte,03/25,8,,,,,,,,,,,,,,,,,,,,,0
Janaradhan kere,03/25,8,,,,,,,,,,,,,,,,,,,,,0
Konashetty kere,03/25,8,,,,,,,,,,,,,,,,,,,,,0
Nagarabhavi (Un-named Lake on map),03/25,8,0.06430000190933545,0.10268333181738853,0.09915000076095264,0.11537499849994977,0.07905833298961322,0.08625833193461101,0.07239999994635582,0.06658333291610082,0.07287499991556008,0.05819166824221611,0.00638011275777016,0.010010730208595178,0.017732975728685114,0.019282953103993927,0.023729700260588536,0.023839259515264857,0.012770962171273022,0.026614229894814545,0.03600652542902217,0.02672033379018123,6
Sompura Govt.lake,03/25,8,0.03436442339219726,0.06432211571014844,0.04828653835619871,0.07494519235422978,0.0368653847119556,0.0397625002078712,0.030834615552941196,0.024750961671368435,0.023127884657766957,0.018166346081460897,0.0020564472698662434,0.0018090960560488165,0.002250130639351536,0.0035910847451609456,0.00906066909116122,0.008538779263513183,0.006756589249319561,0.010178699122132026,0.012315977843243469,0.007443716547716966,52
Lakshmipura Lake,03/25,8,,,,,,,,,,,,,,,,,,,,,0
Amrutnagar Lake,03/25,8,0.028938182003118776,0.059593636407093566,0.04126727303320711,0.06295363652435217,0.03360272717069496,0.03591363629834218,0.028144545514475216,0.02907090915197676,0.03863272731277076,0.03340272727337751,0.004563581070078098,0.003285091190810134,0.003566462482908353,0.006438977784373508,0.01375475899232316,0.01583743106462903,0.009104727376729599,0.017863588054676534,0.01702169539217427,0.011820226896495789,55
Hoysalanagara Lake,03/25,8,0.04643122532442665,0.08393559713531933,0.07311230843178647,0.08197298461243654,0.052001414667722866,0.061138247934262493,0.04864580771111322,0.05564170583698195,0.05502877119876543,0.036220530675345745,0.002241983104903506,0.0026491683447314282,0.0027494924788106926,0.005063612110256938,0.015700734525208617,0.018247177125772434,0.010928835601704505,0.019790381473747433,0.01751545292659473,0.010413550353575975,11
Basavanagar Lake,03/25,8,0.02946764701867805,0.05423529424211558,0.025926470427828675,0.0605470581966288,0.0442558827207369,0.04998529417549863,0.040655882262131744,0.029905882444890106,0.03435294110985363,0.02832352983600953,0.0050280371898924975,0.003966802438765641,0.0028165536162549974,0.0058132317278072705,0.0064972587325997895,0.0073142640036648705,0.0031148077021401453,0.007910712993013625,0.01121088587334055,0.009176522480608162,17
Ajjegowdana katte,03/25,8,0.042388461349454856,0.049247870173239144,0.03369642014025584,0.041975769700383296,0.03976721851452744,0.038452426065310574,0.033522899177741025,0.03348494093071603,0.04995727891532274,0.03872961569577456,0.011247426287247815,0.007788537792419229,0.006499992175770383,0.006272981798011058,0.010604845843727723,0.010527306368722194,0.0070884136196566975,0.010552787988478552,0.009772807586047417,0.007418213906194952,7
Kodigehalli kere,03/25,8,0.038616666570305824,0.054788889156447515,0.03326111121310128,0.06976111067665948,0.0526166670024395,0.05028333328664303,0.042127778546677694,0.026594444488485653,0.03760555572807789,0.029166666583882436,0.012331283835619631,0.008076812478389164,0.00786411641355129,0.007976694356296686,0.009419247028973655,0.010770896974301239,0.0070513244283931485,0.005893944616831355,0.0061926224403627056,0.004519095308221469,9
Kommaghatta Govt. Lake,03/25,8,0.04529587918763806,0.09200016021889451,0.04635335562876935,0.10258791893483278,0.055452012384355924,0.057673230860235784,0.046566400256612364,0.033702415416343494,0.023738819256238067,0.018404339528991835,0.0016347948272358275,0.002416554865506178,0.001316528573443534,0.004229151629567074,0.00834499323079768,0.01007429836102724,0.0060449825223580595,0.012225994125175546,0.010420420044384556,0.006063322124718278,202
Manganahalli Lake,03/25,8,0.026375848231623974,0.035484777073698404,0.02054742427412521,0.02930713492320816,0.013100990141598854,0.013127905907628232,0.010197187089872153,0.00919247633630989,0.018297265500356135,0.01559768916092544,0.003368332935599285,0.0030361321595754063,0.003649878900354865,0.004662326191685033,0.007481341087551992,0.008082434904130343,0.006848972954868236,0.00842866624131573,0.009422411100702821,0.006447632936341593,929
Bhattarahalli kere,03/25,8,0.03501772346487343,0.05309842859350543,0.03131462025533694,0.054319084277204555,0.030152066800275462,0.03190827042776014,0.024585636608428794,0.024799333619764993,0.03782068919440554,0.031124385620592766,0.002965744742740729,0.0036791822952529146,0.005125294806406327,0.008978293460978013,0.013169302062077797,0.013879918828718897,0.00811755905653777,0.014127380462873849,0.017437696432484405,0.012658770771993783,66
Thirumenahalli lake,03/25,8,0.02771199993789196,0.039763999842107295,0.024159999946132302,0.044914000406861304,0.030805999878793955,0.03192399968393147,0.024314000047743322,0.023286000222433358,0.028801999911665918,0.02344800017774105,0.013187496192151718,0.012076758400073205,0.011869667375612961,0.013429442051608492,0.014620398857397228,0.018452821501023436,0.011255154609963496,0.015949172724298303,0.014845958803219036,0.00999479356496051,25
Avalahali kere,03/25,8,0.027832165978596876,0.0393504422105252,0.023995910821824177,0.04459293886801952,0.02346853513480593,0.021692850088852893,0.014414168384497458,0.009941082185887963,0.012404826910274263,0.011161133410793302,0.005493976003736144,0.00882964310861521,0.0074254088237884625,0.011136816659325609,0.00789116927174663,0.008736015909533988,0.006933269499499178,0.008262119413269884,0.005573225395391337,0.0032920151888979226,1968
Begur Lake,03/25,8,0.034803135949394666,0.060315602539397786,0.03592545836680225,0.05884708661458787,0.025398988298733598,0.02608367344998235,0.01946953198315275,0.016046586029631018,0.02068520400033025,0.01841643462794487,0.004104684530086804,0.005053434396033807,0.005701756975561784,0.006631193340841873,0.00998663335336607,0.010913077410111773,0.008265254305829391,0.013166661959739069,0.01460237723377687,0.01073292026956516,550
meenakshi lake,03/25,8,0.04824388785798129,0.08492592505746531,0.05179425731291933,0.06917362062289291,0.03452260664675963,0.03733581182509305,0.02980804274049303,0.030744045075886444,0.05239702161579183,0.042172466947168356,0.008229952071825026,0.009017597818877409,0.014371672823145694,0.021668260460511655,0.02757948156679153,0.02989721776059528,0.02190998580327601,0.030599177706283166,0.040499498122356155,0.02988565411463963,100
Kannuru kere,03/25,8,0.043442185960156726,0.07195240180867107,0.050543222643903,0.09121166997724253,0.05279851423338744,0.05373958625902659,0.042684730253234104,0.03456290239827546,0.026786133868196067,0.022276753675938083,0.005468424534647836,0.007233413231227185,0.005803625993847905,0.009451322653835961,0.010026600158544306,0.011036482482669151,0.007437816810391573,0.011884197865442321,0.01816147114802221,0.012874111374681042,425
Kannuru kere,03/25,8,0.043442185960156726,0.07195240180867107,0.050543222643903,0.09121166997724253,0.05279851423338744,0.05373958625902659,0.042684730253234104,0.03456290239827546,0.026786133868196067,0.022276753675938083,0.005468424534647836,0.007233413231227185,0.005803625993847905,0.009451322653835961,0.010026600158544306,0.011036482482669151,0.007437816810391573,0.011884197865442321,0.01816147114802221,0.012874111374681042,425
Doddagubbi kere,03/25,8,0.026136020227841176,0.04144020752040328,0.02867535131738094,0.052221427094581725,0.02030530880290649,0.01971889337926808,0.01475808081553249,0.011148089072100657,0.01874884332281249,0.017071823120972072,0.0033266449320004158,0.003374111736574945,0.0037770853141613934,0.00505971504783702,0.0071757088787848785,0.0078262047453059,0.006263167207618477,0.008319761532747952,0.01252154013133346,0.008477932873648779,671
Suggata kere,03/25,8,0.04021874978207052,0.05866875033825636,0.044299999717622995,0.05730625009164214,0.03991249995306134,0.04420000035315752,0.03725000028498471,0.03471874981187284,0.04177499935030937,0.03133125021122396,0.006708340459952274,0.005111197177423625,0.0030594114881753657,0.0050055250667240345,0.010442244748481185,0.012619306120402152,0.006406198429539802,0.014575426538146275,0.009183818050632581,0.005592178899503278,8
Yelahanka Lake,03/25,8,0.032773743251161384,0.04337524896922372,0.03039317117698941,0.04606980462416989,0.01833629867705364,0.017535200496617862,0.01323491585215169,0.011226850865514384,0.01762522331409635,0.01608102155122718,0.004496528590725624,0.005462178545054935,0.004800481540988979,0.006466880391212813,0.007152195672696223,0.00815408890550054,0.006607023709114657,0.008558097421780715,0.008180022593762711,0.005282130120423099,2303
Dodda Bommasandra Lake,03/25,8,0.05060585555549286,0.08641413978080617,0.051542875826924045,0.10845718389295567,0.06280832660356267,0.06517839029672251,0.05166905452714569,0.03780324272238807,0.01895339612323487,0.0167625429148803,0.003788256275592659,0.0058781400456538605,0.004523937530479943,0.008179830196546441,0.008144768677290509,0.009851388971306186,0.0070626405788301976,0.010427117127802326,0.008540578264507754,0.005000778425549365,641
Singapura lake,03/25,8,0.050328325181843464,0.07862554317559796,0.07313133954641539,0.07898333849886036,0.040778884210310735,0.04361913155909664,0.03534787451796153,0.03314411466562561,0.04246100986960907,0.035685940573411304,0.0038216042227521728,0.006049383950972241,0.008253023456312882,0.012886981900160037,0.016872476955489397,0.01971791172802291,0.01425578996543452,0.019826524671013323,0.029737308726719282,0.02241928605457895,151
Chellaghatta kere,03/25,8,0.03710882376660319,0.07100000035236864,0.041205882478286236,0.0769558829419753,0.05132058876402238,0.05839411771911032,0.046282353098778165,0.0468617648105411,0.05547941103577614,0.03567941169090131,0.009177437966429478,0.016333806437188594,0.012910948892704567,0.012503867729681097,0.01952228054257958,0.02530475969236015,0.01466515437446811,0.02598675374225296,0.028102166093828075,0.015847100969758512,17
Bellandur Amanikere,03/25,8,0.029983037032496985,0.041634352830375095,0.026603876281222315,0.034499359972891566,0.018363442426647347,0.019056827925045396,0.01515437413105469,0.014024466620961757,0.017165540585726245,0.014018492212129563,0.01114017606707873,0.016487306580738645,0.01140281798575675,0.010635271371520249,0.010060762089955148,0.011219285329318538,0.00927459272776183,0.011788481245496273,0.009308304565618692,0.006952416250128967,1406
Abbigere Kere,03/25,8,0.043252907745732073,0.07553178234139253,0.05147314539318484,0.09313134083807265,0.05462922702600145,0.056555337284891975,0.045852516578945374,0.036930126218225244,0.03378028305442633,0.029022576642632743,0.004500086286675551,0.0040165260003423115,0.006356680257331647,0.006417659804994611,0.010065555132788222,0.010902705869980964,0.008326521813843149,0.012289587652713077,0.021281701030790773,0.015697896470474718,189
Kammagondanahalli lake,03/25,8,,,,,,,,,,,,,,,,,,,,,0
Mallasandra Lake-2,03/25,8,,,,,,,,,,,,,,,,,,,,,0
Chikkabanavara kere,03/25,8,,,,,,,,,,,,,,,,,,,,,0
Mallasandra Gudde lake,03/25,8,,,,,,,,,,,,,,,,,,,,,0
Bagalagunte Govt.Lake,03/25,8,,,,,,,,,,,,,,,,,,,,,0
Lalbagh kere,03/25,8,0.027199307866081837,0.0588496266031258,0.027869496032000583,0.06427879168419753,0.03189117412174661,0.033016904347964116,0.02612775067651351,0.022863392513088665,0.02464038374094721,0.01915954553680306,0.0043685790762437735,0.005410275730151235,0.004706305008706784,0.006676523569568274,0.010807748835973607,0.011770083933970188,0.007832365408065211,0.013422954587190417,0.012725388021693772,0.008499797665018951,217
Chikkabellanduru kere,03/25,8,0.008117333365565476,0.021358000027636687,0.011443999987095594,0.031250000074505804,0.011138666654005647,0.011428666676705083,0.009281333281348149,0.006273999973200261,0.020023333380619686,0.017365999966859818,0.008942384152465437,0.00804284372616701,0.006973325017319107,0.007643964759176084,0.010167312241553513,0.008748272634679907,0.007283628790875209,0.010407133233908763,0.012033853431610534,0.008999026403878962,75
Carmelarm,03/25,8,,,,,,,,,,,,,,,,,,,,,0
Gunjuruplaya kere,03/25,8,0.05204000025987625,0.08291000127792358,0.06731000021100045,0.08289000242948533,0.05746000111103058,0.06526999920606613,0.05608999878168106,0.05367999821901322,0.06146000102162361,0.03986000046133995,0.010530452045392687,0.013511862179195209,0.009185662727015069,0.010163876258233414,0.010376436342046736,0.011926423403938057,0.007750766942621288,0.011595757371306,0.004366508986373769,0.0022159420573940017,5
Govt. Dinnekere,03/25,8,,,,,,,,,,,,,,,,,,,,,0
Panattur Govt.kere,03/25,8,0.04332969215626079,0.072765500234029,0.040863268769040104,0.05804851207248282,0.03141490802965715,0.03411599082505039,0.02574892294123491,0.02758685254488687,0.039918357398728815,0.032641382012881644,0.004574570604367963,0.0066102197929316375,0.00585933672804159,0.008796220773518357,0.015999710064950944,0.017194572753807775,0.012354973789789362,0.02015631813444173,0.019909772176163562,0.013206391447888793,73
Gramadakere,03/25,8,,,,,,,,,,,,,,,,,,,,,0
Ambalipura Kelagina kere,03/25,8,0.029600000319381554,0.047274999941388764,0.024308333173394203,0.04880000030001005,0.03909999939302603,0.04438333337505659,0.03388333382705847,0.034116665832698345,0.03311666722098986,0.024974999949336052,0.001680277985894857,0.0025402989846678315,0.0015039992451395916,0.004955804677826807,0.005790509729976005,0.005133359854648378,0.002413446109867249,0.006033356602838924,0.005087048045659112,0.002000364354802951,6
Melinakere,03/25,8,0.037874999456107616,0.05980000086128712,0.047599999234080315,0.06412500143051147,0.048250000923871994,0.05437500216066837,0.04779999889433384,0.041474999859929085,0.03967499919235706,0.02647500019520521,0.011124999262392521,0.015600001439452171,0.012000000104308128,0.01967500150203705,0.01575000211596489,0.015825001522898674,0.013100000098347664,3.249999135732651E-4,0.006075000390410423,0.0021750004962086678,2
Sowl kere,03/25,8,0.01797875625808731,0.029661519013581217,0.019494453901962843,0.030469816994549724,0.019426520075898342,0.02154706163819144,0.018230666280893565,0.018136679968953528,0.027282570456333314,0.023326955188136076,0.009078926241068751,0.009188765647480522,0.008618396167924612,0.01041907414198794,0.0099186950868446,0.01019514304311305,0.008796526986769575,0.009802807124761533,0.00925442349727025,0.007673747431848059,139
Bhoganahalli kere,03/25,8,1.6666666294137638E-4,0.018825555592775343,0.0047011111242075765,0.034126666602161196,0.011677777769768404,0.012837777814517419,0.01130111116088099,0.006971111138247782,0.024028888965646426,0.019636666712661583,0.001105541572074353,0.002185879467411161,0.002232200931033017,0.0031980826806469985,0.004091448443002877,0.004326316889165017,0.0026842025083388247,0.0036905056341925073,0.0063613632057285836,0.004279465257668761,45
Devarabisanahalli kere,03/25,8,0.061745858660947485,0.10109803465701116,0.06130788756303031,0.06911582803094746,0.036522289296784215,0.039552082587071706,0.029841866465109206,0.03204788230176247,0.034090955357357684,0.02660203277981803,0.009080731447401642,0.012925070374564555,0.006216675911804347,0.004965443363201508,0.022332903017356503,0.023738268684406656,0.01657416263406933,0.025798002362422363,0.014629092828641494,0.00821761218624743,69
Doddakanneli Gramadakere,03/25,8,0.040506666898727416,0.058318333244986004,0.033140000080068906,0.07797500019272169,0.05639611105951998,0.05879944451153278,0.045569444571932155,0.0336588891223073,0.023752222251560953,0.021566111159821353,0.008741123093997962,0.006112034750380662,0.007466860763423252,0.00462729375225634,0.004742094056537555,0.004775554134696966,0.005446659028318777,0.006132905742309712,0.004975444809326542,0.003460064471077668,90
Lakedew Appartment lake,03/25,8,0.06018648119588201,0.12107169108814969,0.06351434207986136,0.15097284818275136,0.09784031683058998,0.1018780695865178,0.08284974844549224,0.06332290477576286,0.03207169227237973,0.02488404507642431,0.008536623810429548,0.00468585483848907,0.005100367084342371,0.005938164794996073,0.008669428049218943,0.009197088886875595,0.00661500031139678,0.011337991698735523,0.014575703598147416,0.00908031262970633,164
Kaikondanahalli kere,03/25,8,0.050835753775297934,0.10296353796538654,0.0501156979163347,0.13384958650156153,0.08865485500645374,0.09074169739829054,0.0737733639508968,0.050729955892756355,0.022086952682147897,0.019454599049621425,0.004367027957677789,0.004062319207631322,0.00417801840835889,0.005366068636653179,0.004618051214618973,0.0049329424139085915,0.003816866707324914,0.0059098304569922926,0.008450071403481694,0.006001857484688743,198
Kasavanahalli kere,03/25,8,0.048513889951934605,0.08306482023663626,0.046109626732675366,0.05229781089256332,0.02379231079852738,0.025672938456228478,0.020010727031539843,0.019633798442276907,0.02228641023257631,0.017814939110536072,0.00436809277400454,0.005649711680608766,0.004279469836869857,0.005300545983908252,0.013934553685992985,0.015676071210425652,0.011695906282767288,0.017442865284200353,0.012340462985573987,0.006863901813870863,284
Mestripalya lake,03/25,8,,,,,,,,,,,,,,,,,,,,,0
Tavarekere lake,03/25,8,,,,,,,,,,,,,,,,,,,,,0
Byrasandra Kere,03/25,8,0.04800769247305699,0.1006051282852124,0.0620807693936886,0.11986666669448216,0.07329487170164402,0.07808717989768738,0.0612025641095944,0.05244999990249292,0.038233333052350923,0.029775640855614956,0.002984737731992323,0.0030784778019273184,0.0021786435991574503,0.004424949052989958,0.009245718076734986,0.01065702305848939,0.005472635510292073,0.013369569166378562,0.01573080557655886,0.009595216708695257,39
J P Park Kere,03/25,8,0.09357500076293945,0.1577250026166439,0.16398750245571136,0.17889999970793724,0.12028750218451023,0.12753750197589397,0.11450000293552876,0.10437499731779099,0.07274999842047691,0.04812499973922968,0.002464119629208115,0.003267739955136505,0.0030883613611752576,0.008007267094681352,0.00861411483336841,0.010055185441486408,0.007027179781944828,0.00887359074372785,0.0030923277157633797,0.005324765781496657,4
Agara kere,03/25,8,0.021596403874266038,0.029551561255427485,0.017901950947209793,0.033093285981466186,0.01578385734123013,0.015352913463533959,0.012304033739079573,0.010050558715238569,0.01791172405032652,0.01574300510720332,0.006522492010302818,0.006232131569774339,0.005335652274399438,0.004166982408276905,0.006411618338521,0.007605792914703715,0.006161142304965043,0.008285340745500181,0.007132301684572771,0.004564275532289039,533
Ibbalur Govt. Lake,03/25,8,0.05391054442637473,0.09509246614360242,0.05585425952577098,0.10078904993437984,0.05596578873959467,0.05988432305475118,0.0480972893092793,0.042308757365308196,0.04134585279209206,0.034094659515887915,0.0038796023049246365,0.003389652435753206,0.00626151638799724,0.006997309540688395,0.020707524762822727,0.02264430636843718,0.014049568802888678,0.02461883260541738,0.02437705781020633,0.0172237992915902,41
sarraki kere,03/25,8,0.06786382374095523,0.11050337706204962,0.0687049970764759,0.08108240911739212,0.034138683131958114,0.0353544975677777,0.02755057639429986,0.0235155114000455,0.02904145686019617,0.02478971183245648,0.013814097989759598,0.021569423303143955,0.014856859047195432,0.013378748741980591,0.01828369767434811,0.019876941731345174,0.016473746115244884,0.02234123364595312,0.02744968581052902,0.019981876377559986,484
Puttenahalli Kere,03/25,8,0.04148604651523191,0.0963174418308014,0.039538371874842534,0.08352906967318335,0.06402906992061194,0.06911627956947615,0.05395000038105388,0.04606744205189306,0.03954767457447773,0.03156162794072961,0.004245508096546128,0.002748739219107037,0.0063398043799026095,0.009107295345284584,0.011975523542964134,0.014009385941914353,0.009088332858889367,0.016594864608569976,0.017533873773272833,0.01255930058033346,43
Madivala Kere,03/25,8,0.013087914516779639,0.021890794109865164,0.012604624808060547,0.02532796687194606,0.01119829845041048,0.011926003506800755,0.009639921502222034,0.007696073312330472,0.014867626578363397,0.013567408417996805,0.006492086756470071,0.006055040969607828,0.004918004868168529,0.006538298465907617,0.006780512073629328,0.007098025940329781,0.005898189195294234,0.005721439238903218,0.0052070774385664965,0.00439779915585993,1146
Somasundrapalya lake,03/25,8,0.029923469041453155,0.08627808398907963,0.049828087119126376,0.09006847355349949,0.04393807865041828,0.047706552222316526,0.03752420498524816,0.034973245425711376,0.04238832775471197,0.0352470627670724,0.005745627915896622,0.008932266469449786,0.007895811423689622,0.009165942176480483,0.016613372508865284,0.018597323772504427,0.01439346365999385,0.021604604709342896,0.023684568084470784,0.018314354197459106,54
singasandra,03/25,8,0.03574318244037303,0.05299545418132435,0.030468181622299282,0.06288636323403228,0.0440136365253817,0.04632954536513849,0.03913181884722276,0.029265909201719544,0.02939318171278997,0.02611363653770902,0.016087519065877676,0.013202262565389984,0.011711421097802007,0.010460500931218595,0.011006187974635174,0.01128765979982201,0.00985209479417508,0.011519719970456295,0.013698708114845188,0.012319204137616188,22
Kodagi Singasandra kere,03/25,8,0.029983333001534145,0.04038333396116892,0.03373333439230919,0.04591666782895724,0.0313833337277174,0.031066666046778362,0.02916666679084301,0.03266666643321514,0.040049999952316284,0.027516666799783707,0.0036355497862518584,0.0035271167943187426,0.0017782639672834937,0.0026275253965746975,0.011170969633775648,0.00859547690869758,0.003963444192408779,0.011554026941795767,0.0043888115111613436,0.002170381639317826,3
doddakodlu,03/25,8,0.0348391490334526,0.06100340430089768,0.027556808518761015,0.06647340441320805,0.040318723411319105,0.04027553191210361,0.03080531918305032,0.022654255325014288,0.024788085188954433,0.02024382980976333,0.004652478065144228,0.005023897031854782,0.004681772804963096,0.006363242808730477,0.008086735172837426,0.009567844352452684,0.007656966219409217,0.01066483388025231,0.011364835066467264,0.006847073802134085,235
Karabu Kere/Konappana agrahara lake,03/25,8,0.020254216082478262,0.03621581013565437,0.019234803288687836,0.041578339448466714,0.03062118721252861,0.032600527051111064,0.02706920844718099,0.02521033537433683,0.04045652805882248,0.033411088522389824,0.011046416183951328,0.00741514240739433,0.006159318463670624,0.006427864910432857,0.006606561815254426,0.0074022279053427426,0.005333777588281371,0.010408807686823805,0.011448155411891675,0.008453266537126837,19
Parapana Agahara Lake,03/25,8,,,,,,,,,,,,,,,,,,,,,0
Kudlu Chikere,03/25,8,0.040922413869150756,0.08958965437165622,0.05138275887945603,0.11237758629280946,0.07433620711852765,0.07946724136327875,0.0667086211514884,0.04873275859602567,0.03354999994666412,0.026993103518054402,0.00524990234430607,0.0034791592158976777,0.00335452029352472,0.007945499884638751,0.007240331337541897,0.006686505950861574,0.0038468991065012713,0.007934248046115316,0.008810465749762091,0.0061195943634250564,29
Kelaginakere,03/25,8,0.06184569235585966,0.10332875121784121,0.08025045577385378,0.08409190745294198,0.049612685489658546,0.053028756431078725,0.04234523131561579,0.04479850915810225,0.05419058771664136,0.03946621561428923,0.010825222503120376,0.01125740054852974,0.016470444302606742,0.02260241380554975,0.030328807694777447,0.03252043235858296,0.026172969039420634,0.03275656614485761,0.03637029034807533,0.021706240234381318,38
Melinakere,03/25,8,,,,,,,,,,,,,,,,,,,,,0
Basavanapura Kere,03/25,8,0.023831137490059526,0.04201135217084497,0.02628187592221698,0.04146757021883307,0.025438198085485805,0.03127339646545976,0.02648981308145943,0.02790933342699527,0.038392535625708976,0.030449653943432436,0.00550910842359989,0.0031100651920288854,0.002660436793696764,0.0076790378510024565,0.008365479293960254,0.013239980886021277,0.005038826403681715,0.01493453912623425,0.017208213273170833,0.012062191993047536,17
Swarna Kunte Gudde Lake,03/25,8,,,,,,,,,,,,,,,,,,,,,0
Chikkabegur kere,03/25,8,,,,,,,,,,,,,,,,,,,,,0
Elenahalli Lake,03/25,8,0.02737499983049929,0.0343125001527369,0.024737500119954348,0.03309999965131283,0.02384999953210354,0.03044999996200204,0.02636250015348196,0.02423750003799796,0.03974999953061342,0.030649999622255564,0.011047935511833138,0.0075881802409795895,0.005377891380434464,0.005621053673453572,0.0073953531125263506,0.007625123251887193,0.005742100605822978,0.005866576729715367,0.004950884251684151,0.00330018845987714,4
Kalena Agrahara Govt. Lake,03/25,8,0.037853728664352215,0.07463991007356045,0.04653948140669,0.08618345364698034,0.051059575030594724,0.053750629441419354,0.043436134682768246,0.042460136864090635,0.05036215908859502,0.04045702825756376,0.007194974224989219,0.006432388164206685,0.008437254237979325,0.0095520558496819,0.017557164592494158,0.01928679868404399,0.01262254811109477,0.02203074399900143,0.021804660295032162,0.016849737992070596,21
Infrastructure Corridor,03/25,8,,,,,,,,,,,,,,,,,,,,,0
Beratena Agrahara Lake,03/25,8,,,,,,,,,,,,,,,,,,,,,0
Mylasandra Dodda Agrahara kere,03/25,8,0.02643592864434845,0.030634922003096175,0.019756790782409592,0.03860583164145286,0.025538694847130988,0.025983894490702403,0.020660609328283352,0.01652783585030556,0.022549706361169434,0.020275792250020606,0.0043640116079754565,0.003906580439815329,0.003359315673546498,0.0035634630917336916,0.004192130952643704,0.004614659751663061,0.00394058717334887,0.004396235586010633,0.004608066216745829,0.0030238410272117383,103
Arekere Govt. lake,03/25,8,0.052435880524654685,0.10393784174594213,0.06211103583612381,0.11615379282854532,0.06687678773549319,0.06891181972214655,0.05771665133416327,0.046377098369352956,0.034057210419345334,0.029205531882904496,0.003781416324136028,0.001991504555409026,0.004069085104505033,0.00568347096816153,0.010423570744262138,0.0111425791725927,0.008940532608052254,0.011750980963522126,0.017255461152205942,0.012877297821837492,127
Hulimavu Kere,03/25,8,,,,,,,,,,,,,,,,,,,,,0
Akashaya nagar Kere,03/25,8,0.02897223645095143,0.05329161825839214,0.030297846681781364,0.06468422480772616,0.04077478489930135,0.043237796037244605,0.03836415982714935,0.03461206023168816,0.03408196324326114,0.02613826286066417,0.005967314562332501,0.0046455971693395975,0.004507784671103712,0.004852932340259155,0.008375865287061277,0.012119739160715789,0.003583824126258712,0.010906609209725308,0.007323075475346449,0.004601257370014251,11
Gottigere Kere,03/25,8,0.023382418355105274,0.03744388810019677,0.021605475690849175,0.03002422566887635,0.012951936927548438,0.013950902840086129,0.010387690222742132,0.01191065671111189,0.02681641148464938,0.023726241763525207,0.006025676646739165,0.005586328921565508,0.006217935587520965,0.008831179413443168,0.010944631442227069,0.011392765481640423,0.00791997642228109,0.013047994179144765,0.017571413507588035,0.01344967488414797,204
Kothanaru Kere,03/25,8,0.028430714245353428,0.06192785730319364,0.036920714351747715,0.05357285737991333,0.02354142853458013,0.026997142897120543,0.021667143010667394,0.023175000006865176,0.03755214312779052,0.030474285701555866,0.0042448481152084225,0.0032223843110095155,0.00539096111369455,0.01059837814549018,0.014570846370690211,0.01634967428771421,0.011866392798113473,0.018883855093790623,0.02006140662002,0.01497850065422898,70
RBI layout kere,03/25,8,,,,,,,,,,,,,,,,,,,,,0
Chunchanaghatta Kere,03/25,8,0.034765909002585846,0.0685681819238446,0.04186818189918995,0.08057499981739304,0.04748409089039673,0.052131818438118156,0.04435681805691936,0.03398409113287926,0.03432500015266917,0.027990909208628265,0.005923420398305936,0.004537483324923409,0.0051641581384243625,0.006305367994191898,0.008384176364668799,0.009126690969108148,0.00651095740388779,0.008474123447167923,0.012689255881221679,0.008970806557130744,22
Alahalli Kere,03/25,8,0.05258154476872447,0.12168336349260254,0.07078427480771803,0.14437414995547784,0.09197634377205671,0.09697812955399371,0.07550981792430912,0.06368414537061327,0.039731005133361724,0.03253682335361283,0.004884496261803839,0.0038966488468209614,0.006748471928246622,0.0058254831872838935,0.01121500051839597,0.013045015117729188,0.008866597780706195,0.018790074168775366,0.026586414074581236,0.019330789821569414,104
Kembathahali kere,03/25,8,,,,,,,,,,,,,,,,,,,,,0
Doddakallasandra  kere,03/25,8,,,,,,,,,,,,,,,,,,,,,0
Konanakunte  kere,03/25,8,,,,,,,,,,,,,,,,,,,,,0
Thalagattapura lake,03/25,8,0.02324237295631635,0.03443559322316768,0.024855932283957126,0.030731355992414184,0.016775423787155394,0.01835000005124484,0.015322033947302123,0.01593728818125644,0.03344830513884455,0.027359322060720396,0.0034079645614582097,0.0027532578209815426,0.002616263961932574,0.0042397325067260305,0.007666974108426324,0.008528183728969381,0.005640645938399953,0.009222809727106882,0.012080741920026663,0.008680337486687336,59
Vajarahalli Govt.Katte,03/25,8,,,,,,,,,,,,,,,,,,,,,0
Harohalli kere,03/25,8,0.0264325103101631,0.047152880763198124,0.027413786059329783,0.05204444433803911,0.02327057617475037,0.02406131686190519,0.017291975322604916,0.013196296318972659,0.018075925915084258,0.015753703693947428,0.007889060542389317,0.0058291194699668465,0.005080267826829065,0.0056523075965230155,0.007984520055623136,0.008470156076598753,0.0068169623148641445,0.00852511823346954,0.006366495883775571,0.003966185098028535,243
Puttenahalli Lake,03/25,8,0.025018750069042046,0.03650625026784837,0.020429166693550844,0.03022500011138618,0.022747916673930984,0.026462500167932983,0.02109166665468365,0.026018750000124175,0.028731250436976552,0.02007500008524706,0.0048609157454062146,0.004732738623480478,0.003450148459339429,0.007609177723876157,0.010735382246789004,0.014942056653227034,0.005959545311648191,0.014172058805566361,0.007830799543933011,0.004379521514674438,24
Chellakere kere,03/25,8,0.0344166673021391,0.053866666120787464,0.03371666666741172,0.06575000130881865,0.04856666705260674,0.053299998554090657,0.043416666177411876,0.03296666623403629,0.026899999628464382,0.0213000001385808,0.017772865338856726,0.018106689910835902,0.014429070112777557,0.019781284084073574,0.01645617111472549,0.015409844388902924,0.015118467231233834,0.011618328197626286,0.002921187101482649,0.0019278656811428415,6
Horamavu Agara,03/25,8,0.034948899537631826,0.05519958707479057,0.032871191111358694,0.0604055431183656,0.033355548853019515,0.03359961663936096,0.026051497776984345,0.020233874144823888,0.023240236556959698,0.02136253820797692,0.009017109208598925,0.01998545347222833,0.010394489267860697,0.03380814156904771,0.028823765968507845,0.029661636900095635,0.02407209363882147,0.019642621972958615,0.013831442413990268,0.010721206451866982,273
Horamavu kere,03/25,8,0.046925609984725045,0.08463173423560841,0.0593919928123269,0.07859152603777962,0.04851974784810629,0.05133675258537742,0.04279348266983366,0.04151367296380713,0.05001838066919708,0.03965490428474339,0.0066143253012370855,0.009997759988551598,0.014506993909061967,0.019246648879859055,0.0213051719645543,0.022999197349828093,0.01777309976524933,0.024228299384516296,0.03284520505914847,0.024230481272500652,72
Kalkere Kere,03/25,8,0.0313156115621494,0.05109220327250998,0.02178793771693342,0.05365672857258809,0.02994783909023382,0.030340876200139852,0.022479397528320743,0.014465505257501201,0.018341664481181623,0.016337477608905325,0.005430668215934069,0.003921427498103277,0.006740181911742163,0.006296150348074482,0.008009073687610191,0.009589182947230417,0.007652982149764687,0.009509696578958683,0.012824407814084544,0.008744287915745098,456
Nagareshvara Nagenahalli Kere,03/25,8,0.07771665311734119,0.14171244400698849,0.1076752408960279,0.15070714174927682,0.08491884745476838,0.08979252105461452,0.07165643415497137,0.06461421146248982,0.06656334674774908,0.052477746300894135,0.004564803713992239,0.006942037090959618,0.012941039399811328,0.014631127314380377,0.024714460820941458,0.026034638865935,0.01908603989920693,0.02971883602143472,0.04036792320570054,0.03010260238111424,44
Rampura Kere,03/25,8,0.029212106294153765,0.04932269716799842,0.033427055923925086,0.044642028616506506,0.025815506692741557,0.027546754555018163,0.022747321422014334,0.022271089526275357,0.02765290278988272,0.021765934389272275,0.00915838793339267,0.010296197504058599,0.008922076414167897,0.012540475845220072,0.012510304076813517,0.013787656353754514,0.009449977505302163,0.012691667970311741,0.009706909002764452,0.007382298576871753,402
Atturu kere,03/25,8,0.034146508397716595,0.05938882679371527,0.042264944147942955,0.06145335193827499,0.03216117323056259,0.034409916266881405,0.027593575504493987,0.02468351963595305,0.02367192746124454,0.020257262601491126,0.013454984776600287,0.026324129699542776,0.027127678996309853,0.03517882282258066,0.023022334590316777,0.024654733329658764,0.020033165663072554,0.018676765602358824,0.011676867475943254,0.0074964500219712096,358
Veerasagara kere,03/25,8,0.0339096124256407,0.05862092618854717,0.026493496934536148,0.08341916028870663,0.050199911885920656,0.05184023944099418,0.03684549286769084,0.024461155585888104,0.02418122101581213,0.022399492411820876,0.004722907951248356,0.0033354356876276877,0.00413454671035739,0.005588413932524629,0.0071935306028346096,0.0069188973710525665,0.005033690211796729,0.007583368666157336,0.009577124052277999,0.0064390505398197375,119
Dodda bettahalli,03/25,8,0.03356458363123238,0.03607916684510807,0.02930208349910875,0.031231249993046124,0.027281249950950343,0.028852083409825962,0.020504166876586776,0.02767500001937151,0.04817500050800542,0.04330416675657034,0.008201759048823056,0.00929645903647689,0.01010751049031717,0.015746665171216145,0.0144292653600165,0.014821918107717139,0.009564320984601873,0.014225263540800899,0.014203865463584073,0.014414792042580381,24
Dasarahalli kere,03/25,8,0.029833582243812617,0.053067910304265234,0.031221641922619805,0.062391791270295184,0.04047761206973845,0.04297164182609586,0.03593507478597449,0.028558209149250342,0.029551492586954317,0.024552985163989353,0.0024695215909233945,0.001910256884205707,0.002354532417446562,0.005842284236075981,0.0073063780105935335,0.008951641556487746,0.0035533358089961478,0.009571551637875216,0.011384835281811315,0.007908190025869554,67
Doddabidarakallu lake,03/25,8,,,,,,,,,,,,,,,,,,,,,0
Allasandra Lake,03/25,8,0.04935154119317689,0.098944007399974,0.05432915362803349,0.10850118117051574,0.0555122153744634,0.057738329706784275,0.04711823245256079,0.037105273138254,0.024030167607089224,0.019457333160153162,0.002634724160739298,0.0033871400934364615,0.00402349021470887,0.005691340100032414,0.008234283908828556,0.01096889899162451,0.0072869029762252,0.011849825964042802,0.010017268003462206,0.006181310001267539,268
Andhrahalli Lake,03/25,8,0.055733333031336464,0.07533333450555801,0.06733333319425583,0.07703333348035812,0.0665333333114783,0.07009999826550484,0.055733333031336464,0.05693333471814791,0.07263333226243655,0.06609999885161717,7.363576117838969E-4,0.0029488228828680185,0.0040672134149786696,0.014590026390838068,0.014966704187017977,0.011416654163473252,0.0065321417212874785,0.014286901836661845,0.017075583294716503,0.016872067247258614,3
Handrahalli kere,03/25,8,,,,,,,,,,,,,,,,,,,,,0
Narasappanahalli kere,03/25,8,,,,,,,,,,,,,,,,,,,,,0
Valagere,03/25,8,0.03406404371285409,0.06172107794022155,0.03797809936232486,0.077888958420397,0.04801477010364105,0.050122639132758315,0.04072851097847156,0.031090690127909906,0.02858846246199479,0.024375908113970956,0.00337877585539843,0.0047387625650476325,0.003969667328604972,0.007079349104669616,0.010235567676163316,0.010552350548371343,0.005465664205349482,0.011894552592791544,0.01629215499509485,0.011134341070573548,81
Shivapura New tank,03/25,8,0.05145555527673827,0.0790555543369717,0.06769999944501454,0.09403333316246669,0.06662222204936875,0.06965555581781599,0.06063333277901014,0.04809999962647756,0.03546666705773936,0.02723333343035645,0.0018068459122150622,0.002320493558800601,0.0022449942690482296,0.003999445601661688,0.0048105848008857255,0.0033533102708832594,0.0037398756301011125,0.003441252785209225,0.007423236853542545,0.004332051397932319,9
Agrahara Lake,03/25,8,0.03546173343353989,0.04019663229770848,0.025872387085054786,0.05069094578731067,0.033694184549980515,0.033325599137097664,0.026138153589632465,0.021386277057724144,0.029416727676231796,0.025304324073310486,0.003584923921269044,0.003938638035232231,0.0038125652955427448,0.005700338887246487,0.007796336056740906,0.0074046677529274975,0.004492522400769865,0.008253977993543847,0.007619625664383426,0.005729393970846633,73
Chokkanahalli lake,03/25,8,0.03759999945759773,0.04490000009536743,0.03519999980926514,0.057100001722574234,0.03849999979138374,0.05290000140666962,0.02979999966919422,0.044199999421834946,0.07810000330209732,0.062300000339746475,0.0,0.0,0.0,0.0,0.0,0.0,0.0,0.0,0.0,0.0,1
Jakkuru lake,03/25,8,0.039162280822270794,0.056226315663049094,0.030956140343557325,0.07797894796781372,0.058100000121875814,0.05711052602712523,0.04177368422480006,0.032808771977821984,0.02990087731169504,0.026467544010333847,0.01053321088551407,0.01219899724507192,0.007108254832012347,0.017692197403514853,0.015068227859847341,0.014410533277092302,0.011582617343046258,0.009455041920903937,0.019550266733485224,0.014862376071946333,57
palanahalli,03/25,8,0.045499999076128006,0.0658000037074089,0.03819999843835831,0.10050000250339508,0.07150000333786011,0.06549999862909317,0.053700000047683716,0.026200000196695328,0.02239999920129776,0.017899999395012856,0.0,0.0,0.0,0.0,0.0,0.0,0.0,0.0,0.0,0.0,1
Kattigenahalli lake,03/25,8,,,,,,,,,,,,,,,,,,,,,0
Kogilu kere,03/25,8,0.022909309797076453,0.02788618113295709,0.01853486686761538,0.02979756448951545,0.018549037073561175,0.018450354998953544,0.013952189577321378,0.013818921826623158,0.022263586919679067,0.018654719943895125,0.00841989962485421,0.007023025782086747,0.005485912481036789,0.006325193236868947,0.008660076680274574,0.008822132715126912,0.006297715759441064,0.008138835320566959,0.007063593095025257,0.004479582918757066,279
Venkateshapura lake,03/25,8,0.05478392834109919,0.08693928537624222,0.05016785766929388,0.12288035745067256,0.08934285757797104,0.08936964268130916,0.06810535729995795,0.04987678583711386,0.022996428422629833,0.021635714319667647,0.0016764683979865597,0.0020293096043912393,0.0026133316646060746,0.002723585769361586,0.004053607781131085,0.004368195510476504,0.0018198960269528472,0.004645994840596466,0.003888970773868697,0.003159589945547821,28
Bellihalli kere,03/25,8,,,,,,,,,,,,,,,,,,,,,0
B. Channasandra lake,03/25,8,0.04008299033470383,0.06800048284728072,0.038197742811801404,0.06655837163714921,0.0354424255660667,0.037134540229575554,0.0291459239047871,0.02749647683290198,0.03342610762539726,0.028956173373614814,0.0048772736499276305,0.005164240404266857,0.007628600807812288,0.00746387174974231,0.013184666419785449,0.014786560928296406,0.012434929440519344,0.017469691225514113,0.018363411935462044,0.013408934825318849,104
Byappanahalli kere,03/25,8,0.026670000329613686,0.039639999717473985,0.024860000237822533,0.03489000014960766,0.02565000019967556,0.032690000534057614,0.02701000012457371,0.029940000176429747,0.04610000029206276,0.03022000044584274,0.0037663774576327043,0.0029459123498004865,0.0033838436648641695,0.0020713282842468638,0.0045234940263975225,0.00679252569237978,0.0012273547339626053,0.004266895469118085,0.006676825342823103,0.0040434643651647,5
Kowdenahalli Kere,03/25,8,0.03498225806341056,0.07037661308723112,0.035728225995215676,0.08694112901726077,0.05948709690522763,0.06324193554539834,0.05356854855293228,0.03649838722401088,0.023916129112964677,0.017821774307277896,0.006240250814168909,0.0025005119229128715,0.004325567583891557,0.0044849885153090815,0.0047461357258955904,0.005950123454830799,0.0023658736466861453,0.005874088494751828,0.0059129626122919315,0.004463486444992019,62
Krishnarajapuram kere,03/25,8,0.09070302997574661,0.13706363782738196,0.10703636480100227,0.15844848390781519,0.10166666566422491,0.10763636366887526,0.0845939399618091,0.07883030277761546,0.051245454755244835,0.03801818197649537,0.008525700569636538,0.007734252144979975,0.013770584630384625,0.007918412695259025,0.01577004554857368,0.017864979844705687,0.014844097468120904,0.02232369987225995,0.023297393683848443,0.016964588201762262,33
Basavanapura kere,03/25,8,0.024606666744997105,0.0404466666902105,0.023999166830132406,0.04198083362231652,0.026268333320816357,0.029122500214725733,0.023920833381513754,0.022604999986166757,0.03285083329925934,0.02791333319619298,0.005707607841450643,0.0038631687895717155,0.0044552450292484344,0.005287478136263694,0.008726148205727036,0.01067993250293368,0.0057718374966273115,0.010444075914882353,0.011640151304485901,0.00859635012148228,60
Shegehalli kere,03/25,8,0.032279814086541396,0.05467441601575335,0.028568498151412044,0.06989246395765374,0.04250838864961338,0.04404323513639639,0.033827640437744104,0.024939112191639894,0.025201640341023082,0.021843419475158776,0.007918926400055875,0.004953734335496688,0.006286321566138315,0.003927727948534845,0.0063958426639759225,0.008029438086546091,0.00625285133375237,0.009151055054103595,0.007986069872257043,0.0047613621652285495,132
Mangamanapalya Kere,03/25,8,0.03657499991822988,0.043231250485405326,0.03043124999385327,0.04725937498733401,0.03515937540214509,0.037940624984912574,0.03151875012554228,0.030706250458024442,0.032806250150315464,0.02654062502551824,0.007189662824095133,0.006114886565049548,0.004647206012849923,0.00495845896687138,0.00964038082467709,0.010718561971373322,0.006057817412806363,0.010628174430860516,0.0053096281033496295,0.003804898880915611,16
Hoodi kere-2,03/25,8,0.045967647367540526,0.08515441220472841,0.05567647067501264,0.09195441117181498,0.056791176800342166,0.06142647038487827,0.049949999898672104,0.043858823366463184,0.04707647038294988,0.03570588256287224,0.002832139022071751,0.003393167560103602,0.00573407288169581,0.009977078450482306,0.014294762056689876,0.015083752661445217,0.010597571671846722,0.015270985982597175,0.01949656114834205,0.01248391781950273,34
Jimkenahalli Kere,03/25,8,0.05317932111864407,0.10117828303281173,0.06968661625352171,0.0990848768122001,0.057209904808404745,0.06115653764719915,0.05003664410630227,0.0457956790673211,0.05930123448802534,0.04823252026046032,0.007554746372470275,0.006816175074656854,0.014800092800643856,0.01742183585669827,0.02421972746799426,0.024881562150101434,0.020611407922546236,0.026316813517468087,0.03384541419464271,0.025725239693834667,35
Kodigehalli lake,03/25,8,0.046627443866888385,0.0814106521319042,0.04407413590507963,0.05879391339928065,0.027492805828428814,0.028846922016390743,0.022407074715971184,0.020713771061420524,0.028861685512930856,0.02415205391839712,0.00431517045295041,0.005382462699245967,0.006485294059848832,0.010301623808762836,0.017140882361973545,0.018328862653102733,0.013385616718136168,0.017921641018052978,0.020501784498733935,0.014633473192038421,325
Gangashetti kere/ Devasandra kere,03/25,8,0.05861363593827595,0.11737045340917328,0.0856727273626761,0.14646136422048917,0.10210909084840254,0.10763636400753801,0.08995227210901001,0.07323409125886181,0.051115909506651486,0.037263636477291584,0.01456561279500759,0.00961524074059119,0.009779114686942455,0.00924078196723794,0.011485669185842512,0.010862029910188415,0.00844362998230456,0.009235668936885924,0.018609103441001803,0.013245403942301413,22
Vijinapura kere2,03/25,8,0.03021666697329945,0.04154999926686287,0.025411110785272386,0.042861110634273954,0.03172777758704291,0.03393888887431887,0.028805555775761604,0.025583333439297147,0.0320055555138323,0.024544444142116442,0.006667125147728533,0.005045570649229873,0.0034763305903149516,0.005528199224887876,0.004695572090043521,0.008199315365369641,0.004068063214242603,0.005673867907402877,0.003833655793141435,0.002598871971127649,9
B.Narayanapura kere,03/25,8,0.04860000032931566,0.0826249998062849,0.06582499854266644,0.10017499886453152,0.06897499971091747,0.07474999874830246,0.06087500136345625,0.04945000074803829,0.039974999614059925,0.02795000048354268,4.0620168875579087E-4,0.0016753735195686687,9.256741458580791E-4,0.005584519800986556,0.003075205528241267,0.0036895129758832577,0.0023036661769859977,0.004167433792827277,0.005638428725347218,0.0036183560431509803,4
Melinakere,03/25,8,0.022129807868767556,0.029199947434162342,0.016031676365649658,0.033580051000130326,0.025083354598979594,0.025859689469067217,0.019229839746626978,0.01620093949309379,0.023575279625564816,0.01967189156076583,0.005278164119425691,0.0030014196663857733,0.002633867459070097,0.005668762049379643,0.0068211560216099925,0.009787203891552883,0.0025112050087926596,0.009738155071568323,0.005982494131548423,0.0047624234237681855,19
Kelaginakere,03/25,8,0.047306084771078526,0.06230974106238671,0.04258400366095117,0.0721297612144395,0.04947753374276125,0.0525419740163234,0.04210370318895786,0.036403908401525055,0.038609514076332486,0.03126997346013726,0.007447296147626462,0.009098900783211317,0.007073869217249012,0.011194179878032666,0.014297365795795663,0.014896610319100386,0.008403406575147885,0.016112035740358265,0.01937787092811545,0.014520771882280039,46
Rachenahalli kere,03/25,8,0.052837755112927785,0.08526938746930385,0.04148316339646675,0.11626581611986063,0.0945846936000245,0.0929596938801055,0.06636632690016105,0.04885663282202215,0.016097449013317118,0.015353061239786294,0.00910072066636075,0.011301200050219316,0.006735725368829678,0.018066096987760665,0.014128055680507439,0.014383482549983093,0.009223400137756637,0.007724383769191052,0.010701974746702083,0.007211964970481576,98
Amruthahalli Lake,03/25,8,0.029513636730949987,0.04787727276032621,0.03336477279663086,0.04413295477967371,0.0296420454132286,0.034388636450537226,0.02890568192709576,0.029636363562365823,0.03270795467224988,0.025454545478251846,0.008800719246782277,0.00965694814148549,0.010390153731620225,0.010327401533130439,0.013548833990912033,0.015560029567459891,0.011372530928038185,0.015193387116727816,0.011833192125098164,0.007568631619777605,44
Nagawara Lake,03/25,8,0.031490639940790835,0.06046781689214738,0.03259707179107697,0.07171985875313477,0.04186607352450095,0.04274068228738378,0.03333368789973938,0.02543326934644764,0.02238334618202231,0.02047182800519978,0.0032579765028665155,0.003865511502118384,0.0034779073719040164,0.0054488751848316645,0.0072246969958597316,0.00795474189138347,0.006549465470605474,0.008289267663788088,0.008541762345306413,0.0067381219309323535,450
Herohalli Lake,03/25,8,0.03914667867059316,0.07553498222392825,0.03727208517332461,0.0928342685144321,0.05831554640942221,0.059653963117574677,0.04835141709799368,0.03317602755427088,0.026243249507946674,0.022439133026703716,0.003317922441945478,0.004652106067451864,0.0028173947236480937,0.004992323866038237,0.006141742378529604,0.007903493256017574,0.0050979566633727715,0.008453851333551013,0.00988610143573822,0.006888024630993921,172
Hebbal  kere,03/25,8,0.031975288805819665,0.05376233227025971,0.03175556302713199,0.06335575820815738,0.03338875952535304,0.03361763822196683,0.026551743385350178,0.020362483471002234,0.016885833502691,0.014399262417662173,0.004256111463545793,0.004588606929938562,0.0033435817200283395,0.004695584155502516,0.006971687763775469,0.00825475110914708,0.006144137676883051,0.00854261074956166,0.007192438842641059,0.004326059169221986,859
Mahadevapura kere,03/25,8,0.03948008745904952,0.08461165234505498,0.0434867312642768,0.08121309736168777,0.042613013307701925,0.04464409555229723,0.03640235318639024,0.032742604825240045,0.030048580285660216,0.024743832283972988,0.003470925440144785,0.0031203514835619057,0.003575660933289888,0.004177177128405313,0.012180591220483124,0.013772040217175338,0.010225511396695492,0.017555352991441245,0.015574805365525229,0.010104493007080412,147
Vibhutipura kere,03/25,8,0.04155760861771262,0.07678586900558161,0.04869565213827983,0.10226412992114606,0.06982065218946208,0.07282717355891415,0.05949565241842166,0.04376847855746746,0.025542391383129616,0.02085000015390308,0.009368715207559586,0.00823834270656516,0.007730394610149376,0.010456736134073798,0.007772460876253276,0.007682572688873253,0.006755527999886642,0.008468871413818139,0.01581331327381245,0.009607272161700563,46
Rajapalya Hoodikere,03/25,8,0.024756250204518437,0.03811249975115061,0.024500000290572643,0.03604999976232648,0.0241499999538064,0.023949999595060945,0.022068750578910112,0.02075624989811331,0.024650000035762787,0.019900000421330333,0.004557647700755821,0.0040957101042301556,0.002770943054263033,0.003380089131175122,0.006404637063767353,0.006069801858132472,0.004836187832278741,0.007438095961313717,0.0027148893053157656,0.0010043653299577997,8
Achanakere,03/25,8,0.04236969773340248,0.0709327797840202,0.042183732762516954,0.07656610358166444,0.05267436040512782,0.05568297757221067,0.04746610334709296,0.040596618838070135,0.042550377622344586,0.035245025894914656,0.010772859622141511,0.016272849000875413,0.011159938207064847,0.0187125647704512,0.015867794650875035,0.017737053816721922,0.011753033452578516,0.014212550934369027,0.010846974191471044,0.009510617681330272,12
"Yekkalagatta kere,Mahadevepura Kere",03/25,8,0.03824636916300032,0.0637840526224177,0.03904887131608152,0.06488238428230374,0.041400049351543275,0.04455407274387945,0.034078165122890025,0.037283415442754875,0.05406952899230883,0.04341800831865165,0.006557085532483308,0.008091984373212275,0.010458201434172464,0.014910686272878577,0.01574130167916704,0.017110259572020246,0.012263889257007627,0.01743108469582467,0.022682669263254927,0.017162091478544226,20
Pattaduru Agrahara kere-2,03/25,8,0.01998333338027199,0.03050833319624265,0.018691666889935732,0.02555416664108634,0.0202833332393008,0.026033333269879222,0.02205416684349378,0.021129166620085016,0.027458333410322666,0.020500000100582838,0.0031534593524538165,0.0054029634041569755,0.004853385163061822,0.0050777476751772506,0.009697665558013518,0.00764995460584145,0.0034721184889969464,0.009544991242551239,0.007145885801846186,0.004243033336713762,12
Nallurahallikere,03/25,8,0.05374724121795678,0.09196847551940569,0.07054963995347725,0.09079027740694247,0.048485021621442664,0.0512849049254188,0.03978397548134798,0.03730461323903384,0.04318399944381617,0.03335103631982945,0.003081146718880087,0.004779872684748839,0.004819646771309808,0.009225992978859648,0.016650044601408585,0.016525827246341943,0.011979041045849789,0.019713205371882717,0.028660157938021298,0.019991970800611797,140
Thubarahalli lake,03/25,8,0.0415795984024063,0.07920025070820806,0.04085590299911331,0.07052891125841597,0.034275800917138007,0.03633361509572197,0.02835640011982581,0.02720918753066976,0.03691435973443028,0.028869853572641966,0.005807798523633162,0.006062470694328776,0.01008255551263624,0.015205229191379293,0.020508402790880814,0.0223232262706854,0.01589525468358672,0.023293755000506212,0.030285180300925134,0.02120451978129091,158
Sheelavantana kere,03/25,8,0.050189258726876955,0.08211871272995525,0.044990381838988285,0.10623023430064063,0.0845403693037316,0.08202205425187489,0.059775122838678085,0.051639854910951515,0.029612667102453513,0.023528320843216228,0.005728393539159328,0.005045413342504563,0.003250914604897131,0.010961889800000317,0.008885674783819596,0.008306897800286808,0.004768192486143463,0.005941700156049939,0.011103341857825357,0.006998071455311328,79
Doddanekundi Kunte,03/25,8,,,,,,,,,,,,,,,,,,,,,0
Chinnappanahalli  kere1,03/25,8,0.02848246897726619,0.045743925087241705,0.02494044245629683,0.05499260930252281,0.03403691403688748,0.03637379549519808,0.028799299517966868,0.025895928210230377,0.030283353229753944,0.025451865725406538,0.003864037649284077,0.004070236114158456,0.004479092063414594,0.0040746466449119705,0.007085046859477796,0.008897557032103204,0.0056622190315498535,0.008660513220284173,0.008150497897060675,0.0047963125873990925,30
Doddanekundi kere,03/25,8,0.04031864292980536,0.06699939653140739,0.04594515794293264,0.05417050302078851,0.027957268281206534,0.030001233068600325,0.02444071551718551,0.02322385258098522,0.0245583656620533,0.020485615319331848,0.006230196456687198,0.009562353570584667,0.007839332579383245,0.007886724413005667,0.010270363541002947,0.011871989884265745,0.00867976101987648,0.013003269708187888,0.01089036013810565,0.007517966690535801,535
Kundalahalli kere,03/25,8,0.053229305098229,0.09208356005029512,0.045523494676185425,0.12094415254803403,0.08180599856651424,0.08418519076753068,0.06392455260726138,0.04758588200986677,0.029204945033357736,0.024734519377819387,0.005397696143235238,0.003985672177407288,0.00334880696632982,0.004366950524590481,0.005847599037993273,0.00728220657522965,0.003453099170714342,0.008147842572727472,0.0097507126144875,0.006105921930206066,138
Acchanakere,03/25,8,0.039822691203555236,0.08941789590978613,0.04353333483339794,0.11321815464904154,0.0741409027434943,0.0769211723347318,0.061660035409076226,0.04507094030947613,0.024469162437893988,0.020535147445403808,0.0031892189382218446,0.003620588646324166,0.0027103401904380545,0.004257110260427122,0.0037520404043348814,0.004271745514683931,0.002915424740275988,0.007448228506391467,0.008747768122192235,0.005008755349153269,80
Varthur lake,03/25,8,0.0345019150129024,0.05131106369514415,0.034521063932396,0.04622468093132719,0.02940595748616343,0.030938936183427242,0.026124680898290998,0.023529787391344918,0.02479510640606601,0.019441914911124302,0.006863170826254682,0.012365511408357921,0.008603971931643637,0.018274576866309587,0.015407883649179525,0.015229934142548935,0.013367207749391036,0.011970903953047885,0.010527090115948207,0.006795915444695482,235
Narasipura Lake-1,03/25,8,0.04547751118844316,0.06089376220128052,0.04771791448577122,0.04900604641864639,0.038356621733611006,0.04238928384216108,0.036252623313104804,0.03945607809386837,0.03496938581463433,0.024024823934354612,0.00536637872352962,0.00974062395693997,0.011410870176491223,0.014442128153710907,0.01604223489702633,0.019686429351492254,0.009838797629200573,0.015234231611131913,0.012168578723679652,0.0062692227904168315,19
Narasipura Lake-2,03/25,8,,,,,,,,,,,,,,,,,,,,,0
Ulsoor Lake,03/25,8,0.053435351186939616,0.1115510245715939,0.06470893343064248,0.11642973453890522,0.05343113550558524,0.05460331882684115,0.04152953462692106,0.03087781205016388,0.01993023830357768,0.01615728435941617,0.005921458669279017,0.009738458480849059,0.006098393342709203,0.009473675487081182,0.010515309168022936,0.012400266717127328,0.009361895444063992,0.014177673538849495,0.01372546820107318,0.009922304893752633,794
Gunduru Lake,04/25,9,0.037584210500905386,0.06635263248493797,0.03224736844238482,0.08579473668023159,0.06433684163187679,0.06868421090276618,0.053168421317087974,0.036731578899841556,0.022452631671177715,0.01964210537507346,0.0025807513388404614,0.0030368564911159956,0.0019906012167172464,0.0040049267624846325,0.003966863831202394,0.002843878468759015,0.002556941570555852,0.004940173627079402,0.005192339607209833,0.005659209066727131,19
Doddebele,04/25,9,0.029453268302783046,0.05936090389551421,0.029121425331272183,0.0749011312968093,0.04380768494181701,0.04538521242538024,0.03513475997953146,0.028262729048824504,0.03409246322651453,0.028511385985930084,0.009200845360085676,0.0074991608732706575,0.007650542566685314,0.005992556736783024,0.00966920725269629,0.010037679615094917,0.008733456164509944,0.010929716321341766,0.01241019745924933,0.008776829283738605,159
Somapura,04/25,9,,,,,,,,,,,,,,,,,,,,,0
Mailasandra,04/25,9,0.022014706272303182,0.02792352922808598,0.01975588229320505,0.027611764394404256,0.02335294123793788,0.02602058822316501,0.02061176484943751,0.024979411596980167,0.03713823570048108,0.029879411572919172,0.022900474116757604,0.02179480551803359,0.018193323522577402,0.01610971105586163,0.018633236436879006,0.020430593005826083,0.01796683678668417,0.020635378131210202,0.011206465237782565,0.008083371939846408,17
Kengeri 1,04/25,9,,,,,,,,,,,,,,,,,,,,,0
Kengeri 2,04/25,9,,,,,,,,,,,,,,,,,,,,,0
Chenvinayanahalli,04/25,9,0.043274576428456835,0.072721186457044,0.046238983176269774,0.07607288178751025,0.05507966074145446,0.0578406780752969,0.05033050862661863,0.046840678066704854,0.05767118703510802,0.04379661027657784,0.011488860956951313,0.011491817875228455,0.012633128600640604,0.012312014709524378,0.017073857515448616,0.01971370841803713,0.01621918737494078,0.020830743370485707,0.01710968928653206,0.011848649626291034,59
Annamma kere,04/25,9,0.029796526915482745,0.06811058253010388,0.038531920593933865,0.06971264003729911,0.04855548020966014,0.05227191909467719,0.0423235183850729,0.049777103050705436,0.052946404262354224,0.038934212970631044,0.006893357190755485,0.004971213560269868,0.006486703549082569,0.007986235827079767,0.009836310510370858,0.012474117025917388,0.007123814044593424,0.013938237576865648,0.0109797644517277,0.00854250242758592,20
Deevatigeramnahalli kere,04/25,9,,,,,,,,,,,,,,,,,,,,,0
Devarakere,04/25,9,0.023069261295868615,0.06910636195825585,0.0362365920925509,0.09360859349784438,0.059896658020439655,0.06679739534001274,0.052683758792564456,0.04761643872289749,0.03708808624095544,0.027850332355220296,0.008999742474471245,0.009284229515775545,0.006688938355074473,0.010630355697488141,0.008684301462738422,0.009581782304741377,0.008183444274847504,0.010885242648554004,0.0076806632878090525,0.0052436572972516535,19
Doraikere,04/25,9,,,,,,,,,,,,,,,,,,,,,0
Goudanakere,04/25,9,0.04829066687176874,0.0911999824816616,0.058677030009114825,0.11651764221106592,0.07486293591261767,0.07949047756591825,0.06294463708477399,0.052781557971481104,0.049766160422909975,0.04288291453309906,0.011019256330991994,0.010608025554680147,0.008777497589042319,0.011261837882641085,0.012222571289835324,0.011989800881134214,0.009865516365796922,0.013167451940570337,0.02169324163784947,0.01953712831716774,22
Gubbalal kere,04/25,9,,,,,,,,,,,,,,,,,,,,,0
Halagevaderahalli kere-2,04/25,9,,,,,,,,,,,,,,,,,,,,,0
Herohalli Thotadakere,04/25,9,,,,,,,,,,,,,,,,,,,,,0
Hosakerehalli Kere,04/25,9,,,,,,,,,,,,,,,,,,,,,0
Kempambudhi lake,04/25,9,,,,,,,,,,,,,,,,,,,,,0
Laggeri Lake,04/25,9,,,,,,,,,,,,,,,,,,,,,0
Mallathahalli Lake,04/25,9,0.04085866667330265,0.07191200012962023,0.057496000081300735,0.07466799974441528,0.04689800009131431,0.049403999994198484,0.04108533347646395,0.03793599990506967,0.03952466698984305,0.03229400008916855,0.004554582866318847,0.003774368215816705,0.003970606562914088,0.004779021184244169,0.009799249564494123,0.011108070914724658,0.00647134588074051,0.012424756363873019,0.016161337539880673,0.01364877534795919,75
Moge kere,04/25,9,,,,,,,,,,,,,,,,,,,,,0
Muppatu Kavalu Hosa Kere,04/25,9,0.033248915851185355,0.05610497711668907,0.031624994845439465,0.07386728884230234,0.04642669909234095,0.04829614330528935,0.039174916546033674,0.03259033943051059,0.04089848602621288,0.033727538426565284,0.0059384422760154505,0.0048017123898652075,0.0059086833837746575,0.007234785214775699,0.007071053784213113,0.0066722557452677965,0.005697689318435881,0.008217837142052514,0.007870405028868174,0.005783310552092346,122
Nayandanahalli kere,04/25,9,0.03336453943700786,0.05552701176122572,0.03391765974593562,0.04992760245328587,0.03218565268516047,0.03349564874565305,0.028591822658622534,0.029755234173397045,0.039917500249506126,0.033622191076920195,0.002741326357136368,0.004057183320092516,0.0026221821867756985,0.008931719554953227,0.00901854319970227,0.011927345650274652,0.006164150408550164,0.011755896607488247,0.015563018486811903,0.01343799558158765,67
Sankey Tank,04/25,9,0.03846884654319407,0.05605055548706488,0.03896049655735657,0.043350110941647674,0.024499553280454577,0.025845268679154564,0.01927199660740683,0.02192533035026454,0.03234330909247428,0.0263276044936287,0.00538192115795255,0.004846923840171711,0.005902083482308908,0.009158806430694087,0.011735215826580233,0.013771845771980734,0.009613149677797686,0.015126990825841794,0.018293545580217903,0.01649121797365877,269
Subramhanyapura kere,04/25,9,0.03372586142044341,0.06894293913460706,0.0397758285991501,0.09733309171021765,0.05793264926801068,0.06241095220550981,0.048068001650295455,0.03985824505121685,0.03742433158466918,0.03148460036446882,0.007619090038322767,0.005244186104690811,0.005229463482676487,0.005048411997888875,0.00874790152083146,0.009878898630250052,0.004692727836991477,0.011349181814536724,0.013490144053891958,0.01099840513975677,54
Ullalu lake-2,04/25,9,0.02550476190767118,0.04678333346687612,0.0325261905257191,0.05085714276702631,0.0324380953929254,0.03376190488537153,0.02643095249576228,0.0232809523918799,0.030635714442247435,0.021157142927958852,0.001871713355292091,0.002056455312790403,0.0023495755245700654,0.00242527804508867,0.005833277133081435,0.008556143326934992,0.005029554807907931,0.0068761574493874334,0.005770401936160582,0.002844639164656553,42
Valagerehalli kere,04/25,9,0.021584944413735697,0.039492639369652416,0.027415712779675985,0.04718004035658917,0.026224560194711897,0.028391779786874183,0.0222108390267008,0.022096248809530712,0.035317068076734896,0.02834920116970495,0.004223715716854896,0.004163320885309601,0.0037353414136634937,0.003999742805445566,0.00807138099777539,0.007779925752744519,0.005297069305895619,0.009808403458533062,0.007701992996369659,0.004605906715983715,40
Yediyur kere,04/25,9,0.022517742078390815,0.06457741949106416,0.030833064638558897,0.073481451479658,0.03876612915266906,0.04339596806394477,0.03321612920732268,0.030584677392917294,0.032083064648172545,0.02450080630519698,0.003961865622420893,0.002938024676195964,0.0031118655314802887,0.003525474340769564,0.009003094203934452,0.013163807746160893,0.006775857130828224,0.013278877557963135,0.008093117031906061,0.004348335666331747,62
Bhimmanakuppe Govt lake,04/25,9,0.017349999397993088,0.04255000129342079,0.023649999871850014,0.0507499985396862,0.042249999940395355,0.04010000079870224,0.029899999499320984,0.04399999976158142,0.07304999977350235,0.04989999905228615,0.0,0.0,0.0,0.0,0.0,0.0,0.0,0.0,0.0,0.0,1
Srigandhakavalu Karabu Katte,04/25,9,,,,,,,,,,,,,,,,,,,,,0
Janaradhan kere,04/25,9,,,,,,,,,,,,,,,,,,,,,0
Konashetty kere,04/25,9,,,,,,,,,,,,,,,,,,,,,0
Nagarabhavi (Un-named Lake on map),04/25,9,,,,,,,,,,,,,,,,,,,,,0
Sompura Govt.lake,04/25,9,0.04372499976307154,0.0833749994635582,0.07134999893605709,0.09082500077784061,0.05893750116229057,0.06866250094026327,0.05169999971985817,0.058074998669326305,0.0721625005826354,0.049562498927116394,0.01885197215359413,0.0251346753441772,0.027952593886387135,0.019133528257103672,0.023427958835663527,0.027602658797316378,0.018607927778655556,0.030541476547885704,0.03823822349010736,0.022843799281585777,4
Lakshmipura Lake,04/25,9,,,,,,,,,,,,,,,,,,,,,0
Amrutnagar Lake,04/25,9,0.024639091031117874,0.0629809093746272,0.03809545466845686,0.06413090913133188,0.03308727260340344,0.035837272842499344,0.02658727267249064,0.030090000006285582,0.04537000016055324,0.03793727274645459,0.00427325408342384,0.003664268497203194,0.0037237718536659724,0.004761373819735064,0.01333832199449123,0.015967738091772675,0.008627983957448722,0.018431922235068236,0.015397631468738706,0.010494731103921953,55
Hoysalanagara Lake,04/25,9,0.0498807417467071,0.09073828316928664,0.07812217715627102,0.09115302798697615,0.06394435625372501,0.07411829028071702,0.05935987136625381,0.06529512685639847,0.0634946966512427,0.04278213910115145,0.00735662377375997,0.005407532941698562,0.0052002985001106325,0.006879725471048265,0.013949217343032306,0.015542821437689588,0.006096906675756377,0.0225681619671769,0.018132560113136745,0.01157622634153338,11
Basavanagar Lake,04/25,9,0.040969999879598616,0.06257499940693378,0.03478000052273274,0.06662500016391278,0.054065000265836716,0.059970001131296156,0.049620000272989274,0.038365000300109385,0.03467499986290932,0.025469999574124814,0.007942109411856585,0.005484398950918639,0.004415665309094408,0.005832291899080041,0.005768927630945537,0.007638986578367153,0.00415687366539925,0.007120289774586426,0.009536881893806618,0.005388562037598969,10
Ajjegowdana katte,04/25,9,0.04273084864345951,0.05352874073968448,0.03766282782590634,0.048789871828798154,0.04631367528614778,0.04323089993762326,0.03753172205258304,0.03955054012220592,0.05587573341623063,0.041459279789907766,0.01298378209980664,0.01379174987401978,0.012387569437894135,0.019252190953104736,0.01772049837657453,0.02052671638151526,0.013157785793231312,0.02069830908772213,0.016152631749716498,0.009449264075748481,8
Kodigehalli kere,04/25,9,0.04778333334252238,0.0719166665027539,0.05442083394154906,0.09085416607558727,0.06700833390156428,0.066300000064075,0.05509166792035103,0.040087500121444464,0.04724166728556156,0.03540833340957761,0.014756528904212826,0.02142183826518597,0.02940912211552878,0.021730447469448588,0.01671420117871053,0.021539073236716753,0.01588691646283652,0.021860505602419797,0.015140423608303257,0.010350299029162334,12
Kommaghatta Govt. Lake,04/25,9,0.041142187624548875,0.08476458323032905,0.042592708457959816,0.09922057293200244,0.05624869805372631,0.05934453118728319,0.04652838531183079,0.0360148438582352,0.027897395853263635,0.021320833470478345,0.005006042510418506,0.00543175443557509,0.00435309668263153,0.0067611872501068225,0.009707907821818225,0.010367859123737043,0.007087807711523086,0.011632906400732725,0.010655673746659789,0.006414263082516748,192
Manganahalli Lake,04/25,9,0.023661218845458732,0.03338514631181425,0.021744921054084744,0.03253003431132389,0.01761109936111035,0.016517499708257877,0.012261881862474604,0.01249271165410143,0.026506651331527218,0.02191234365467311,0.006140988337317631,0.00587092727499979,0.004921906872060203,0.0055146817979436265,0.006870736550536135,0.00742199477360214,0.005927552791639942,0.007854248240548152,0.007648349959302448,0.005208299061861548,924
Bhattarahalli kere,04/25,9,0.026641176711763453,0.04742237884553863,0.028691123416401905,0.05503351372828252,0.03133734989857199,0.03482005216987671,0.028479384979855516,0.027650490581404057,0.04188790631094363,0.032556455686752146,0.006880982851543355,0.005073527704462359,0.0065853085628114795,0.007379033378168467,0.011361172218537186,0.012544918596821455,0.00792341745081961,0.014260763447252685,0.013079126990509001,0.007472398182748268,64
Thirumenahalli lake,04/25,9,0.016385714257402078,0.02228571447942938,0.009328571480831929,0.03207142890564033,0.021771428574408804,0.02390000011239733,0.013500000350177288,0.013271428711180176,0.024042857544762746,0.020285714417696,0.0013163026547506063,8.870957926281547E-4,0.0019976516448513538,0.002743675311057942,0.0033682190832661444,0.0039213698351758496,0.00368432990209722,0.0047125104945590565,0.0021671950689163373,0.0028612830118841305,7
Avalahali kere,04/25,9,0.04237475511457725,0.058160019517236754,0.03971955784781028,0.06821394976669495,0.03721646485241069,0.0358817870820701,0.02544226143635078,0.021272722476405465,0.019102390825482044,0.01545405835784755,0.008156847113787,0.00897329878617102,0.00792662065946121,0.009975747441774103,0.011618904609242761,0.013074008442794752,0.011668919285474139,0.01238102562691216,0.006802580446102971,0.004325870528184613,1989
Begur Lake,04/25,9,0.03446785068454964,0.06364717670395727,0.0385191257473061,0.06702586517877918,0.032212204040318236,0.03270837886832342,0.025864389852259327,0.023017213176019857,0.03293151183491522,0.027904098402226993,0.006735666208163223,0.007062827149362059,0.007144921694834021,0.008911470270549188,0.011715275636769598,0.01291143234642357,0.009686393213669927,0.014144644327593001,0.012368880828950622,0.008949398092738352,549
meenakshi lake,04/25,9,0.08104199413127482,0.1050130722729338,0.08186519548007418,0.09902328921229424,0.08727279121689355,0.08904360617998358,0.07588353980035926,0.08349204417701836,0.08825353002984485,0.0673214555221575,0.018530486697450665,0.014008481683103344,0.012941447542768676,0.010624546527574974,0.01410367684916511,0.012938411125868278,0.012715459082071067,0.015094973683857286,0.017372827524680425,0.015860651857883212,47
Kannuru kere,04/25,9,0.03964548337134865,0.0669761561617545,0.04726707245233065,0.0896818437099507,0.05279507872389979,0.054349909256092,0.042854978259875456,0.03598949623518601,0.0328273403222339,0.027329593652489995,0.004206634087828899,0.006481381212822752,0.004838914541670463,0.008251357545807156,0.008055863704925002,0.009048289218101132,0.006039594753002806,0.009875119733627584,0.01310777393045224,0.008767946530376039,412
Kannuru kere,04/25,9,0.03964548337134865,0.0669761561617545,0.04726707245233065,0.0896818437099507,0.05279507872389979,0.054349909256092,0.042854978259875456,0.03598949623518601,0.0328273403222339,0.027329593652489995,0.004206634087828899,0.006481381212822752,0.004838914541670463,0.008251357545807156,0.008055863704925002,0.009048289218101132,0.006039594753002806,0.009875119733627584,0.01310777393045224,0.008767946530376039,412
Doddagubbi kere,04/25,9,0.0330437701548231,0.048383811063505755,0.0345129607664015,0.05947854554647925,0.02606056444566843,0.025266018292875714,0.019323951788137336,0.016190020569770515,0.02928100152450179,0.025107024209216237,0.004572208669217847,0.0042889961198561794,0.005189232343272943,0.006717695955345801,0.009063191114765152,0.009375551501056538,0.0071417723264650245,0.010896314872673972,0.013248918198953144,0.009176801731712229,665
Suggata kere,04/25,9,0.028280000388622283,0.04892999976873398,0.034179999679327014,0.05114999935030937,0.032519999891519547,0.032020000368356706,0.028040000051259995,0.019060000125318766,0.03760000020265579,0.02930000051856041,0.008447816584548788,0.005699789257809282,0.004593647672554183,0.007366817202844218,0.005600142378436243,0.0036988643655696753,0.005214057414101907,0.006641264939182322,0.007374821970665941,0.005486347351366523,5
Yelahanka Lake,04/25,9,0.03039801429682775,0.040905172287814595,0.027939996287440323,0.04879223330929093,0.02333967886383151,0.022403483708084117,0.01709701645841374,0.015201611453012184,0.023452147928676236,0.020168276404992882,0.004767301229584996,0.004693891553367671,0.004045511482128931,0.005426606113403429,0.007085765448332495,0.00824636599607603,0.00639613745796954,0.008136943576404413,0.005652681482287132,0.0038120645095388477,2280
Dodda Bommasandra Lake,04/25,9,0.04651079035975712,0.08975016822241651,0.050821630904486735,0.11748793243839445,0.06750800894124312,0.07038368597048895,0.054124206769333716,0.04009539236223276,0.023396900867083632,0.020259956105776293,0.008187745169411167,0.007954017045536223,0.007246683366475475,0.01089283586141683,0.009560056663735831,0.010510951361840704,0.007996551116151307,0.0105816426952429,0.008145022815227438,0.005071575904776719,646
Singapura lake,04/25,9,0.049681322221615226,0.09233458150304197,0.0822854370366263,0.1020844361986643,0.05568414451992191,0.05947764186057051,0.04756225004947122,0.04205793333912417,0.048013983523661916,0.03830453724822163,0.005108233483474406,0.006300834763690243,0.007453725872184953,0.00937037728214775,0.011379787476502827,0.011669074071804173,0.009509777773980823,0.014016952917497317,0.024101389411600588,0.01769680038781099,131
Chellaghatta kere,04/25,9,0.038683333744605385,0.07343333462874095,0.04056666667262713,0.07744999974966049,0.059133333464463554,0.0641666663189729,0.05396666626135508,0.05504999992748102,0.061666667461395264,0.03656666725873947,0.004977672215186603,0.010666952578126443,0.007318166936982249,0.007101526214512834,0.00883235866263904,0.016511072456232193,0.010356827755647639,0.01842719840947183,0.019647320878914402,0.007906572934459082,3
Bellandur Amanikere,04/25,9,0.035064153345612574,0.045444932103166254,0.03475092709460497,0.041861866558217,0.025889925855990127,0.026770271976191747,0.021621199070599173,0.021822002538501736,0.027444808472210383,0.021936155829753622,0.007816615754545293,0.012030519753281408,0.009649343788572436,0.009611781774632476,0.009049271114225961,0.01047112201508384,0.008106682819344591,0.009887982239188308,0.010493591211030271,0.008220769156483804,809
Abbigere Kere,04/25,9,0.040194258759313053,0.07157955861384965,0.04841854681038834,0.08523913587692365,0.0535383772673897,0.05586151504336819,0.04470435731747231,0.03842863835635985,0.042997332483338264,0.03563038538525356,0.004849570358767028,0.00416825329068998,0.004697234565701942,0.008261731539286015,0.008528476095377619,0.009702004713526061,0.006842057961842917,0.01041614336269482,0.01563523861131518,0.011672348249805356,164
Kammagondanahalli lake,04/25,9,0.0293857143925769,0.058357142976352146,0.03474285666431699,0.06334285704152924,0.04004285750644548,0.04375714303127357,0.03807142855865615,0.04234285705855915,0.06260000062840325,0.04739999930773463,0.0027205192301547813,0.00420776744804171,0.003406655703183788,0.008881418721062125,0.012213559045071615,0.016808659736367294,0.004957451930438455,0.01176967745934826,0.009792126019876826,0.00990685102723933,7
Mallasandra Lake-2,04/25,9,,,,,,,,,,,,,,,,,,,,,0
Chikkabanavara kere,04/25,9,0.03700000047683716,0.06949999928474426,0.04899999871850014,0.08309999853372574,0.04820000007748604,0.048900000751018524,0.04670000076293945,0.03460000082850456,0.08640000224113464,0.0551999993622303,0.0,0.0,0.0,0.0,0.0,0.0,0.0,0.0,0.0,0.0,1
Mallasandra Gudde lake,04/25,9,,,,,,,,,,,,,,,,,,,,,0
Bagalagunte Govt.Lake,04/25,9,0.02128749992698431,0.0347250010818243,0.02839999971911311,0.0314625003375113,0.025837500113993883,0.028737500309944153,0.02616249956190586,0.028787499759346247,0.04281250014901161,0.025824999902397394,0.004166589131415228,0.004939319414732736,0.007580566693970334,0.00567179192514871,0.0042224657233838735,0.005100659006257491,0.0014157042666426986,0.005482514716221191,0.005618315697899265,0.0039600339392156,4
Lalbagh kere,04/25,9,0.027205947135585544,0.059659995520307735,0.029768707228402132,0.06766879128092786,0.03834657824544277,0.040671207220004287,0.03174937079269025,0.02900985172070475,0.02953143748022964,0.02181969478568591,0.005044337835997511,0.006457766759653173,0.004567558183538616,0.007171112951532364,0.009722710320459587,0.010954312907871874,0.007260279626114726,0.013262123336571537,0.01153468137074359,0.007232460998996543,226
Chikkabellanduru kere,04/25,9,0.09044615379892863,0.0917086536064744,0.0738134619851525,0.09085192287770602,0.08054807689040899,0.07936153847437638,0.06794230758140866,0.07076826963860255,0.07335769263311075,0.055748077001995765,0.005855715788202015,0.00480186458685513,0.004355082437912629,0.004315668940159019,0.00673371231150471,0.007368844540996675,0.007354220610238786,0.008616489906722162,0.009911587233265073,0.007827097700192572,104
Carmelarm,04/25,9,,,,,,,,,,,,,,,,,,,,,0
Gunjuruplaya kere,04/25,9,0.052000001072883606,0.0949999988079071,0.07280000299215317,0.10649999976158142,0.08219999819993973,0.07259999960660934,0.06270000338554382,0.061799999326467514,0.0778999999165535,0.04740000143647194,0.0,0.0,0.0,0.0,0.0,0.0,0.0,0.0,0.0,0.0,1
Govt. Dinnekere,04/25,9,,,,,,,,,,,,,,,,,,,,,0
Panattur Govt.kere,04/25,9,0.0458663884620891,0.08220388544294925,0.04946911192020969,0.06767321451854674,0.041036418548101514,0.04346385334592169,0.03411061175687259,0.03555259222043672,0.046866439763690204,0.03761227396351998,0.004650275571938327,0.005700114700232682,0.005148108681347221,0.00851502714828128,0.017655716786627296,0.019446809727128787,0.010089249118137198,0.019212240153438583,0.0166800298942698,0.011407448223228676,70
Gramadakere,04/25,9,,,,,,,,,,,,,,,,,,,,,0
Ambalipura Kelagina kere,04/25,9,0.015650000267972548,0.03925833416481813,0.015066666683803001,0.04266666683057944,0.03517500031739473,0.04444999930759271,0.029233333344260853,0.028183332954843838,0.034983333510657154,0.02570000011473894,0.001347528795278295,0.0021390056943175963,0.0023463922508104693,0.006956212038070114,0.009379843179461845,0.010728893563089406,0.0017403699193729867,0.009686144255586797,0.003471511830121481,0.0020752511135842403,6
Melinakere,04/25,9,,,,,,,,,,,,,,,,,,,,,0
Sowl kere,04/25,9,0.023709283704968064,0.03743636158985878,0.025644788222610772,0.03930625610405726,0.027875884284242022,0.029422785955313432,0.025180332328401975,0.02605037224924524,0.03405480431010147,0.027683215872345075,0.012659813115535505,0.014410424607817728,0.013303353836835341,0.015129999859888913,0.014258319494199376,0.013298004744430264,0.011638664965425122,0.01398161163801693,0.008688942957377276,0.006828889121691821,150
Bhoganahalli kere,04/25,9,0.07540000230073929,0.08009999990463257,0.06530000269412994,0.08699999749660492,0.07109999656677246,0.07349999994039536,0.06419999897480011,0.06689999997615814,0.06710000336170197,0.0560000017285347,0.0,0.0,0.0,0.0,0.0,0.0,0.0,0.0,0.0,0.0,1
Devarabisanahalli kere,04/25,9,0.06569394018237211,0.10804026395411556,0.07059996151152846,0.08186728894757679,0.0487660331008137,0.05257553423339537,0.042468666151549164,0.044987941480768026,0.04427184403129457,0.03424373208065875,0.00890162658424127,0.014302327632086978,0.008645848215387069,0.007232878773777849,0.01926074720654693,0.023022877606116,0.013725667798971115,0.025040868383460063,0.014467610756538175,0.007873983446382082,69
Doddakanneli Gramadakere,04/25,9,0.03251363655382937,0.05494090928272768,0.024757272885604337,0.08071181814778935,0.0561200000345707,0.058512727645310486,0.04264363653280518,0.02763818207789551,0.019426363604989918,0.01747545466165651,0.013275461040136764,0.008920931132581182,0.009255496923106187,0.004065844626506731,0.007482474157178083,0.007624250943652024,0.007977354601092562,0.008861397300169181,0.005577893612629806,0.003514410232544819,55
Lakedew Appartment lake,04/25,9,0.06470313207805596,0.13006226008290098,0.06792867270220827,0.17608344384351693,0.11885446402942944,0.12291465659987234,0.09730695006629098,0.0761623815002827,0.03955546878551431,0.031284032754906044,0.008230934343779311,0.006262905614040378,0.007988304519670968,0.004870034354193395,0.005982697106013461,0.008292008438710596,0.005603272894535976,0.01029934437851795,0.012035275442642558,0.007393809350519419,146
Kaikondanahalli kere,04/25,9,,,,,,,,,,,,,,,,,,,,,0
Kasavanahalli kere,04/25,9,0.05166387039137598,0.0850865463957533,0.04955147443923127,0.056087343492154704,0.03029198085292899,0.032426655129080086,0.02557893289710831,0.025785462926114906,0.031191041023477424,0.024028499304395132,0.007238966490027486,0.006900323760157376,0.006502875657500403,0.007115276638922943,0.013801040829245942,0.016570231711872396,0.01285856595073065,0.018034849026332588,0.011010071756160996,0.006018507106963037,286
Mestripalya lake,04/25,9,,,,,,,,,,,,,,,,,,,,,0
Tavarekere lake,04/25,9,,,,,,,,,,,,,,,,,,,,,0
Byrasandra Kere,04/25,9,0.05150972192900048,0.10876250018676122,0.06458611082699564,0.13843472260567877,0.09645138846503364,0.10202499996456835,0.0792597219761875,0.06680972242934836,0.04202499996042914,0.03144444442457623,0.0053274942308656455,0.005262199381852012,0.0033948614987114227,0.0061782871494217104,0.009041765960525836,0.007995488526379674,0.0036885680122754508,0.01166050913890691,0.013080378927341008,0.007444178886521818,36
J P Park Kere,04/25,9,,,,,,,,,,,,,,,,,,,,,0
Agara kere,04/25,9,0.019638011415538042,0.03326108088861108,0.020819134448306704,0.03701985850857753,0.018632631929453084,0.01806496781784541,0.014861694714008113,0.014147366586722556,0.02797318773819727,0.0231757418131308,0.009137170107517613,0.007820316062411235,0.007899038748067811,0.006551255679508039,0.009058910746770276,0.009743792231045384,0.008483728946586782,0.010088733565824612,0.0073074401952927534,0.005100764757909194,552
Ibbalur Govt. Lake,04/25,9,0.0494702857066433,0.0860399246871097,0.0545993260154208,0.10983833237282552,0.06849628810981966,0.07263579110565489,0.05769283806321145,0.04978097130755639,0.04750083360835901,0.0384107940964856,0.005902580401348077,0.006205496304225384,0.005660604445924565,0.005648961706168808,0.010564359038439983,0.012604547590851412,0.006556506735186822,0.01340127406350025,0.013519530283810541,0.009293725816071165,35
sarraki kere,04/25,9,0.05870160431767513,0.10048975725673773,0.061624032229338356,0.08414853213830674,0.03851189496808593,0.03964592888969943,0.03103570323727636,0.027943778396220278,0.03587527993230659,0.029829231782096552,0.01126733928558334,0.01709354076290343,0.013191323445341987,0.011696904595375847,0.01679685169061175,0.0183343454858346,0.014401306394563057,0.020681334067395824,0.025338479440692025,0.01848351063112939,479
Puttenahalli Kere,04/25,9,0.03207564124694237,0.07935641056452042,0.030038461471215274,0.07275128230834618,0.0649461537026442,0.07132820517588885,0.05438205103079478,0.046175640840560965,0.041426923125982285,0.03292051287224659,0.004740427175442382,0.003939432525802938,0.004950181090590917,0.006627908702463574,0.007623028403091244,0.01113631034952482,0.004902399962451293,0.011946578691200922,0.014926086209673705,0.010732121026325495,39
Madivala Kere,04/25,9,0.009451578926144927,0.019279157919319053,0.012405052652726513,0.02145084211798875,0.011176000007238288,0.011250105206150022,0.008927052609398838,0.010491263200927182,0.02088631579456361,0.018058736882368594,0.01626039886539887,0.015477086370344135,0.016070450582242296,0.01705695571022022,0.01952785084875042,0.020972085793371124,0.013209780561340211,0.02229995918779745,0.015670669158222513,0.013986095838421407,475
Somasundrapalya lake,04/25,9,0.02725157490425713,0.08645135452646215,0.04987755090884174,0.09350128018821345,0.04637044101493024,0.05056056597499409,0.04048857204140572,0.040017127075875666,0.04784293496235899,0.0388500110675232,0.005582649531292018,0.009522264884597476,0.008052157311893656,0.008352669683347684,0.01401147818784621,0.01765065332969213,0.01304790219119952,0.02082947276550584,0.021786813325965472,0.016039843079189677,53
singasandra,04/25,9,0.016185294097179875,0.041638234958929175,0.018082352848175692,0.055520587984253376,0.03756470583817538,0.04177941206623526,0.03197647072374821,0.021585293935940546,0.027297059074044228,0.02363529406926211,0.007111377914381656,0.005347499163130387,0.004997379969546622,0.005073259100293184,0.005209684602046638,0.005518605916565954,0.004405815618961668,0.005283541653766151,0.004239848184376113,0.0028037667327705826,17
Kodagi Singasandra kere,04/25,9,,,,,,,,,,,,,,,,,,,,,0
doddakodlu,04/25,9,0.029453056835972064,0.05144606995920947,0.025021179166406914,0.06134301331300923,0.039589738123541836,0.03968449771062646,0.030361353761341633,0.02431288217072371,0.027670087390396274,0.02253340618627951,0.008865674716862596,0.008847969057095978,0.008023759749387495,0.00858553794449424,0.009145345795893845,0.009886217683839866,0.0075911176785815075,0.010448243073916428,0.010072545412905459,0.0062009760139980705,229
Karabu Kere/Konappana agrahara lake,04/25,9,0.014147337398460132,0.0366216303379302,0.01688662440564128,0.04589149922541496,0.032759360897719914,0.03493968632670454,0.027089123053660114,0.027726382604792158,0.041870176043195075,0.034356954235496555,0.007629939603686449,0.009466453963428902,0.007775218762958205,0.011525793346770593,0.014617857193766107,0.013995376494639701,0.007880745177722779,0.017637957292967,0.014053108587808711,0.010926245096120063,20
Parapana Agahara Lake,04/25,9,,,,,,,,,,,,,,,,,,,,,0
Kudlu Chikere,04/25,9,,,,,,,,,,,,,,,,,,,,,0
Kelaginakere,04/25,9,0.06718382357999717,0.11508104920723122,0.08991697294130215,0.10478312727725304,0.06764371677806992,0.07224104840521504,0.05822071049488366,0.05970677810909422,0.06305060595354765,0.045336056946234805,0.007794331350543476,0.00834376338639991,0.013278331401399864,0.014862028396637706,0.021463102493473774,0.024609359590343154,0.01837424812669767,0.026030649379615845,0.032943594737672506,0.019977394641997298,37
Melinakere,04/25,9,,,,,,,,,,,,,,,,,,,,,0
Basavanapura Kere,04/25,9,0.02373350936892472,0.04413909211813252,0.02616567581759369,0.04755508451844528,0.03226314114848479,0.036677172480574845,0.031096469641280378,0.027358358823000153,0.035519523433126914,0.02622791168189455,0.007655400041406762,0.005975531904352019,0.005134213399393908,0.0059162574604688465,0.007923047103975652,0.009746292871651185,0.005279002633421667,0.00987642609505658,0.009596825054481867,0.005024808050552845,13
Swarna Kunte Gudde Lake,04/25,9,0.03720000013709068,0.07150000333786011,0.039500001817941666,0.12520000338554382,0.07010000199079514,0.07680000364780426,0.053199999034404755,0.03680000081658363,0.044199999421834946,0.034299999475479126,0.0,0.0,0.0,0.0,0.0,0.0,0.0,0.0,0.0,0.0,1
Chikkabegur kere,04/25,9,,,,,,,,,,,,,,,,,,,,,0
Elenahalli Lake,04/25,9,0.018240000307559966,0.026440000534057616,0.017280000355094673,0.025049999728798865,0.01867999993264675,0.022710000164806843,0.01943999994546175,0.019509999826550484,0.038180000334978106,0.028619999811053277,0.012566678755826288,0.010337379150343285,0.009465865201343713,0.009699896467260995,0.00881933094621504,0.008187576206322563,0.008458214857190302,0.006429027385136496,0.011344452168495027,0.005342433863928014,5
Kalena Agrahara Govt. Lake,04/25,9,0.03959195458061525,0.07973483559813073,0.0489174918249746,0.09169163739444987,0.05868396741945793,0.06265590620159021,0.05005954431520132,0.05028485531015665,0.05653288320964598,0.04491796483620164,0.007326673738797347,0.005533522661112431,0.00702482965487963,0.008458422074255638,0.015109806174538542,0.017024860067979226,0.009707877105541808,0.02037284709565118,0.020011480671308805,0.016566215020299646,20
Infrastructure Corridor,04/25,9,0.17880000174045563,0.2863999903202057,0.35409998893737793,0.38440001010894775,0.4244999885559082,0.44209998846054077,0.2321999967098236,0.4878000020980835,0.34599998593330383,0.3506999909877777,0.0,0.0,0.0,0.0,0.0,0.0,0.0,0.0,0.0,0.0,1
Beratena Agrahara Lake,04/25,9,,,,,,,,,,,,,,,,,,,,,0
Mylasandra Dodda Agrahara kere,04/25,9,0.024898253123312706,0.03281090517518449,0.022326798307284117,0.04070286463858127,0.02890724182764899,0.029082832268758407,0.022816769372032496,0.020772650006415407,0.02750614931367369,0.022876701137977445,0.011705306173083784,0.009764749919649148,0.009255038566429077,0.009223864848611662,0.009372227249470646,0.01011646861318554,0.00823584021320973,0.009950196633117235,0.007959786888002302,0.0054146778003240185,109
Arekere Govt. lake,04/25,9,0.05144790143741249,0.10843313205412647,0.06249590564618759,0.13546604006733154,0.08860746861913758,0.09210220608803843,0.0734566461209923,0.05938676867970442,0.04442696273936264,0.03785250515684522,0.004968198277007727,0.0036682339843980886,0.005096049504774941,0.005841921528577025,0.007390409795572849,0.007954303192666611,0.0046162189620421725,0.01010189668628231,0.018897130988796678,0.013840940339069031,126
Hulimavu Kere,04/25,9,0.10886956794976425,0.16540789817519477,0.1293314902722182,0.17917150797724307,0.1396074812518286,0.14442582218194425,0.11613766507122651,0.11693404458730555,0.10133492427394748,0.08309004110989468,0.021209456202869605,0.031894444351699795,0.028954835407243664,0.034041731655550904,0.028499617688478973,0.02918566837856769,0.023805277150688427,0.024616563680722268,0.03805205578428403,0.030357813440426745,43
Akashaya nagar Kere,04/25,9,0.018450000323355198,0.04735000059008598,0.019050000235438347,0.06086666757861773,0.03684166632592678,0.04652499966323376,0.03775000044455131,0.027966666656235855,0.033858333403865494,0.02496666709582011,0.008393797559622957,0.012719637479850696,0.009431109635080873,0.0157212886019331,0.006199893273537497,0.008626496588367132,0.010578752265268993,0.009541299687284741,0.006533019494749525,0.004993634346118219,6
Gottigere Kere,04/25,9,0.02274280412263742,0.04349873079476507,0.026394813400160987,0.04156787448021858,0.022771745675156593,0.022833535520644828,0.01741852163027844,0.01817668278411362,0.03683096467574809,0.03136292167850664,0.00607060686063635,0.004400750491769454,0.005198263356768266,0.008516266508766803,0.010043049248768364,0.010622930189912892,0.006628601017850022,0.0112126927246325,0.015751576742779005,0.011791769274250704,202
Kothanaru Kere,04/25,9,0.029645774592186362,0.06698309876759287,0.0408387323447936,0.06285563410377838,0.034722535280694425,0.03755281708190139,0.03009295783622164,0.032395774682222954,0.04697183123461797,0.03687253544553065,0.005977356002822522,0.006724790802425097,0.006110295897124025,0.011176968381299317,0.014308858803320204,0.015574021245216167,0.010253025475625196,0.01766837030704987,0.022204284864567724,0.015439454405844518,71
RBI layout kere,04/25,9,,,,,,,,,,,,,,,,,,,,,0
Chunchanaghatta Kere,04/25,9,0.03401875030249357,0.07383124949410558,0.0444562507327646,0.09368124976754189,0.06298125023022294,0.06827499996870756,0.054487500339746475,0.04479999956674874,0.03779374994337559,0.03100625006482005,0.008613359406498393,0.011017626135590557,0.007521113955924268,0.008376526140785644,0.007042369313968172,0.00996644345783665,0.007126962481623546,0.010841355897755332,0.007859486549476498,0.004591326030860218,8
Alahalli Kere,04/25,9,0.040233625843378674,0.08669325779434832,0.061651119131082135,0.09452430457436349,0.06116713109728267,0.06601632428672427,0.05130831161194157,0.048908003393485285,0.04468662615615366,0.03531574190992253,0.004907745610855206,0.01285433454413078,0.008408609927724322,0.021214005707035175,0.02069743705681365,0.023524637400956266,0.015078840428677373,0.02203609153538004,0.026048241902479927,0.019106595586445955,105
Kembathahali kere,04/25,9,,,,,,,,,,,,,,,,,,,,,0
Doddakallasandra  kere,04/25,9,,,,,,,,,,,,,,,,,,,,,0
Konanakunte  kere,04/25,9,,,,,,,,,,,,,,,,,,,,,0
Thalagattapura lake,04/25,9,0.02825089284617986,0.04275982145086995,0.035319642895566564,0.04388214288545506,0.030409821375672306,0.03219464304856956,0.02558928561796035,0.027197321560899063,0.040062499997605173,0.032875892805999944,0.005912143069961254,0.004847766628015306,0.003978667466727646,0.004306115232353858,0.008258287702210279,0.008128107799880505,0.003554759228712386,0.009942492825788558,0.013340550410844084,0.01008496469550304,56
Vajarahalli Govt.Katte,04/25,9,,,,,,,,,,,,,,,,,,,,,0
Harohalli kere,04/25,9,0.03213241765268775,0.06142142859898207,0.03837893766115655,0.06650201453666985,0.0375219780146639,0.03912912089473162,0.03151758247815864,0.029351465267576142,0.032807692319100155,0.025825457824837594,0.010307304027656963,0.012294208230615609,0.012765245953086837,0.013803030470042579,0.019877353492467376,0.020972486061928985,0.017546371929000406,0.020446327984569624,0.015121630620788374,0.010021364533840761,273
Puttenahalli Lake,04/25,9,0.027080435143864674,0.04033478300856507,0.02367608694602614,0.029606521696500156,0.02443260856418182,0.028676087193003776,0.025721739086767902,0.0307739129613923,0.03711304376306741,0.025804347885043724,0.0052249140288128755,0.004315076089533514,0.004406538151060885,0.006737424823809361,0.010456167352909794,0.013956227119760503,0.005671147792987619,0.012429548064778329,0.0078409906417057,0.005015019133127546,23
Chellakere kere,04/25,9,0.009149999998044223,0.023924999870359898,0.008249999955296516,0.027424999978393316,0.021225000265985727,0.028074999805539846,0.018649999983608723,0.018674999941140413,0.025899999774992466,0.01909999968484044,0.0044257767496786934,0.0017809758440695948,3.354102516030486E-4,0.0015848898318870852,0.0017977413435765189,0.0028525206136645878,0.001830983716235301,0.001804681830056735,0.001798610263848505,0.0013509253129977135,4
Horamavu Agara,04/25,9,0.03319074325473446,0.054536884065544806,0.03374158769254073,0.05352369777376296,0.029061594237950305,0.029012831722223048,0.023123765327597752,0.021523542173545,0.03327053699670326,0.02900601373278637,0.0050145981621991,0.004707602801913131,0.005084235535104969,0.006085823048056916,0.010014760570119383,0.010141322517863836,0.007588813956872786,0.012816050494737581,0.012792202802130599,0.009752601557130224,225
Horamavu kere,04/25,9,0.041673721173840356,0.07093645686470243,0.04880696643854888,0.07428391659307917,0.04751489479980109,0.05232190662293448,0.04149202663783952,0.04068534983205778,0.04938321861543886,0.037521534914986186,0.0049001558829946355,0.009147088859530882,0.009869064921186933,0.015331957565294489,0.015758012607384783,0.017761877857732856,0.011588519295281229,0.014860882746466832,0.0170482891351497,0.010527966484818537,65
Kalkere Kere,04/25,9,0.05128212568714567,0.0761378020192114,0.05566207744217149,0.08413128025721812,0.05900640113072263,0.05917717399894471,0.047616546019767794,0.04383876814466456,0.04743442035410643,0.03797922716678485,0.016686653491850733,0.018637931221940247,0.023866179435113405,0.01799224511423915,0.015125653396847715,0.016441710228365967,0.014433724972340432,0.016171438833515912,0.013132474182557904,0.009301349361165927,414
Nagareshvara Nagenahalli Kere,04/25,9,0.07621499569008156,0.13015431573976538,0.09249128601895244,0.1355488416651106,0.08393966789418883,0.08844066907962164,0.06939517887039122,0.06442121776035534,0.07030457819485447,0.05403178357792389,0.0035980357054173333,0.005886849654023303,0.012659548322245372,0.01699889314916623,0.02286288166944631,0.023819701305552877,0.017074534791831155,0.027181858993385835,0.03699150467184272,0.026776554262480868,44
Rampura Kere,04/25,9,0.02829705954763171,0.05239544113733949,0.03351154474041617,0.050908267673680126,0.029262103946839927,0.030575850087172514,0.024334968852275374,0.023997338151642233,0.030658005404508505,0.02362920031886938,0.0108063711577078,0.01379431240086988,0.011521353819346023,0.014781604051612537,0.01465407704638539,0.015289482353729119,0.011835786406474461,0.014647442891856165,0.00890004477031792,0.006465404190238969,477
Atturu kere,04/25,9,0.045954271369431185,0.07850175864769886,0.06027449767138041,0.08790841720174605,0.05625917086724061,0.05816092963644009,0.04730703516502926,0.0449026382724806,0.043084296486785065,0.03492801518521117,0.009790663510970061,0.02122011678319928,0.01893396677665202,0.027438208281468323,0.015083415147821822,0.01697554662748351,0.014057150034791417,0.013134232563038464,0.012173057381948125,0.00923389469251566,398
Veerasagara kere,04/25,9,0.023124280038553175,0.051942585217557485,0.020832746198929414,0.0819886096578726,0.04576200059806164,0.04706826325897714,0.03409588307459976,0.023053007442433472,0.028516271524339224,0.024703724251664567,0.0024780400841032924,0.0035158830566447957,0.004492836235263592,0.003950368026139334,0.005267431624900777,0.0050923742209772905,0.004369556594191519,0.006838084860242832,0.0065561255755695715,0.004766622043355868,88
Dodda bettahalli,04/25,9,0.016477272718806158,0.02550909100947055,0.021386363585902887,0.024440909058532932,0.022040909092704005,0.023677272891456432,0.017172727310522037,0.025659091177989136,0.04992272670973431,0.042961363765326416,0.004961252709140589,0.005413338789090826,0.005936006830837416,0.009275023080725458,0.00870453982816858,0.008021359799600765,0.005050106303668298,0.007961378793300097,0.01109039010233528,0.010396261977819413,22
Dasarahalli kere,04/25,9,0.01641470571870313,0.03831176459789276,0.016782352783005026,0.060597058604745305,0.04207647065905964,0.04294705916853512,0.030267646864933127,0.021544117644867477,0.023676470689037266,0.022638235460309422,0.011895596610242169,0.007175192390268557,0.008678657526082639,0.005746161673651165,0.007378787280691931,0.008502308489789088,0.005852473870848617,0.008600100550367584,0.0040820307196244125,0.0028693884967538855,17
Doddabidarakallu lake,04/25,9,,,,,,,,,,,,,,,,,,,,,0
Allasandra Lake,04/25,9,0.05323574567834536,0.1019798245673117,0.05528070187817017,0.13875570193978778,0.09522938584549386,0.09796074536024478,0.07705657886700672,0.059246271766983626,0.02972565794755754,0.024836622921978694,0.008132618197196385,0.006045428123856312,0.004909340419357492,0.006329432740606582,0.006636469940497841,0.006274007183850648,0.004979479991863075,0.005890305418088212,0.004886554008986431,0.003606431119769843,228
Andhrahalli Lake,04/25,9,0.028351724276254917,0.050934483265054634,0.040781034349367536,0.057106896721083544,0.03367068965373368,0.03789310340352099,0.028925862227534425,0.025632758689080846,0.036317241474472246,0.029144827661843134,0.006306708086244532,0.009788056783346797,0.009947321677370436,0.01386070938645719,0.014228113852667755,0.014226830681701852,0.011646655839070994,0.013030357645783523,0.009753560478576567,0.005915647673102718,29
Handrahalli kere,04/25,9,,,,,,,,,,,,,,,,,,,,,0
Narasappanahalli kere,04/25,9,,,,,,,,,,,,,,,,,,,,,0
Valagere,04/25,9,0.03329659113660455,0.05757840900597247,0.03922386387024413,0.07946022743867202,0.05451363646848635,0.0567534091797742,0.045770454897799275,0.03921477276493202,0.040844318456947803,0.0350499999794093,0.00874020480429069,0.006059997189086191,0.005973544728563676,0.00915735876373614,0.008491153873975065,0.00772747058501058,0.005126117337570466,0.007269664270534502,0.00887790437929995,0.007224657931856687,44
Shivapura New tank,04/25,9,,,,,,,,,,,,,,,,,,,,,0
Agrahara Lake,04/25,9,0.021614035003279384,0.03151228069736246,0.018558772003049392,0.04982017555780578,0.0277728071403608,0.029315789458913763,0.021138596658905346,0.016013157909343902,0.030267543862001936,0.026011403584689424,0.007376418656930543,0.0074635916532052645,0.007076438139914652,0.006537414978871237,0.009030179066989207,0.008462606704532331,0.007568628011198362,0.009594125158551058,0.006774147766232731,0.00484645846948404,57
Chokkanahalli lake,04/25,9,,,,,,,,,,,,,,,,,,,,,0
Jakkuru lake,04/25,9,0.051528932113489766,0.0758866990328703,0.04542669910684373,0.11475436874095676,0.07888854365904355,0.078536699075722,0.059097961160960125,0.046559903061795006,0.02928524279189341,0.023675436956934557,0.023175165581654545,0.019841449779017438,0.015540824474536214,0.024192499866076515,0.019532620027942423,0.019008975549992663,0.016512354227396657,0.014410059226466742,0.012421035870635103,0.010122639353661641,515
palanahalli,04/25,9,,,,,,,,,,,,,,,,,,,,,0
Kattigenahalli lake,04/25,9,,,,,,,,,,,,,,,,,,,,,0
Kogilu kere,04/25,9,0.017416858451162368,0.02204198967529532,0.015990267964171294,0.0294065164295563,0.01703059758893283,0.016749536840284605,0.01265377934985336,0.012101030777274624,0.026612446027683635,0.021703096109596576,0.00856608385207051,0.009585581059671045,0.0074559816444298155,0.007182515705715905,0.009228090740143264,0.009899287095224451,0.007771193734933647,0.008931069711419645,0.006862443976807901,0.004587188408440133,254
Venkateshapura lake,04/25,9,,,,,,,,,,,,,,,,,,,,,0
Bellihalli kere,04/25,9,,,,,,,,,,,,,,,,,,,,,0
B. Channasandra lake,04/25,9,0.03349094514043161,0.054744806847816053,0.03037586627671604,0.06615539601332474,0.03983055484861994,0.04192680763648936,0.033163480927126184,0.03107234831280931,0.03951653820445938,0.033025914705679504,0.006486259848479962,0.005983293553111829,0.006299521762323143,0.006808329114561217,0.009841886383791992,0.011194094986419982,0.0073118349402426525,0.01247271615326989,0.011893555635545517,0.009324124217142338,89
Byappanahalli kere,04/25,9,0.02199000008404255,0.03811999931931496,0.0231199998408556,0.033730000257492065,0.02681000009179115,0.03458000011742115,0.02824000008404255,0.029009999334812166,0.045080000162124635,0.02961999997496605,0.0011689313107271103,0.0012859233925512368,0.0013302631684455441,0.002707693557575068,0.005589668507282777,0.011588166558411479,0.0023904806528532133,0.00486851109181506,0.005347671869439999,0.004021143473470368,5
Kowdenahalli Kere,04/25,9,0.03431600019335747,0.060060000121593474,0.03157999999821186,0.07992400020360947,0.056528000235557554,0.06152600020170212,0.046794000267982486,0.033698000386357306,0.020100000239908697,0.015776000134646893,0.005542900621417903,0.005952142960616234,0.006443104532745718,0.003976961923918057,0.005407071160824798,0.0038978745700624724,0.005341766243675852,0.005762577352434253,0.003906712128170938,0.0019502369567431456,25
Krishnarajapuram kere,04/25,9,0.05972407392605587,0.10216481514551022,0.06969814864849602,0.12317685203419791,0.08237685228663462,0.08706203710149836,0.06844166680066674,0.05767870349464593,0.04472777775178353,0.03439444455283659,0.0101256624460789,0.01034076085561245,0.01636507432061343,0.012953280242998983,0.012198970109395761,0.014771898019675428,0.011208391598271479,0.014980921233087785,0.014517686490852241,0.011303746873096826,54
Basavanapura kere,04/25,9,0.022626923218082923,0.03528557692726071,0.0233480770749828,0.040467307795412265,0.027250000168211184,0.02964230773683924,0.02369615390825157,0.022162500025632862,0.03351442304511483,0.028522115344038375,0.008680778099611824,0.006533643146531756,0.005489981871307196,0.005942431075533542,0.009187884033558451,0.010099378358497852,0.005881030824389674,0.008450852618239881,0.008836725785796251,0.006720257830027614,52
Shegehalli kere,04/25,9,0.03748142934805316,0.05654158476628943,0.033947265087457885,0.06348698882108661,0.04229210166473824,0.04484293271611431,0.033974647628610855,0.02691423990199345,0.029651457167294355,0.024571405398086943,0.0036220543513258386,0.0028045577143105157,0.003968822742985397,0.003755083919849721,0.006556088869620938,0.008397416051698555,0.005594198558745678,0.01017292499871088,0.0062446211034976815,0.0037471200659162027,140
Mangamanapalya Kere,04/25,9,0.03476176487610621,0.04364117651301272,0.03156176483368173,0.046597058501313716,0.035405882250736743,0.04017941138761885,0.033270588582929445,0.032317647272173095,0.033738235559533626,0.026435294133775374,0.009564971901523705,0.006793427771065325,0.005768385702974889,0.005458895846989193,0.009298875521353354,0.011264272302423483,0.005713607820737171,0.009593777880994905,0.0053396282958654276,0.0033902874504047405,17
Hoodi kere-2,04/25,9,0.038036363876678726,0.0786318186331879,0.051686363464052025,0.08604545451023361,0.05241136346012354,0.05894318206066435,0.04693409072404558,0.04338181814686819,0.051536363549530506,0.03803409102626822,0.005908760114771756,0.0054016737052214265,0.0061495227930499835,0.0076478435281322225,0.013046803100112008,0.014724394663492202,0.010300412604742999,0.01586447923859361,0.01374651366552535,0.009015811288062435,22
Jimkenahalli Kere,04/25,9,0.04863930960404284,0.08157219340571116,0.05516240169010915,0.08913706502261522,0.05838928195019698,0.06322101565489732,0.05193229530353673,0.05241762082313014,0.06624166680631614,0.05205361957334643,0.0048710966691986905,0.007056336015667428,0.006808482902171032,0.009138871389916679,0.011422924486591372,0.013552612504522082,0.0072041138388179065,0.015747516448303224,0.019441014686477104,0.014225609713045735,35
Kodigehalli lake,04/25,9,0.051031713220672355,0.08667431442742399,0.051893035259524815,0.0690717641295833,0.03750377846794922,0.03935985423559214,0.030151747666378896,0.02823108203138893,0.040769605637833675,0.03275226837686458,0.005302642117036926,0.005373535438395343,0.007526977278496804,0.01292395542524782,0.017277367791997084,0.01843777648730022,0.013767910617207748,0.017836380029069586,0.017511305168431607,0.012321287856484018,333
Gangashetti kere/ Devasandra kere,04/25,9,0.08049333393573761,0.14237000048160553,0.09699666649103164,0.17385999957720438,0.13053000022967656,0.13608000079790752,0.11175999989112219,0.08951333314180374,0.03787333344419797,0.02825666666030884,0.0031471073267364947,0.0016881733636663749,0.0023957916843362413,0.0035942652796280973,0.006751437960194635,0.005519593466337828,0.002558136860071751,0.009466581247800357,0.011863401400577228,0.00793172656656101,15
Vijinapura kere2,04/25,9,0.02700000007947286,0.040879166995485626,0.0254249998057882,0.039641667157411575,0.024149999876196187,0.027845832984894514,0.022570833408584196,0.022229166701436043,0.03376250062137842,0.026691666804254055,0.001736735402197781,0.002838387188547682,0.00345383206301272,0.006763961387040498,0.013308220686675573,0.01174365836087464,0.006412697770380589,0.013226007690670482,0.009101582648465813,0.005846431687379226,12
B.Narayanapura kere,04/25,9,0.044408333798249565,0.07652500023444493,0.056833332404494286,0.09015833338101704,0.06426666614909966,0.06943333521485329,0.058000000193715096,0.057399999971191086,0.048166666800777115,0.03561666700989008,0.0033968637563534265,0.005663755634809047,0.005435505335997104,0.007388190459898534,0.0047126313578685864,0.00384097062486983,0.003894762263510916,0.012456188861422905,0.008176373023228434,0.008550373697536012,6
Melinakere,04/25,9,0.014071428616132056,0.026457142617021288,0.016314285807311535,0.03458571434020996,0.02375714241393975,0.02067142864689231,0.019614285922476223,0.018985714364264692,0.029757143131324222,0.02399999994252409,0.0026857905965169088,0.0029310437124492605,0.0026394962224467714,0.0033271306976296283,0.00365937445303713,0.007356185672019406,0.003018717159209961,0.0034352909100312866,0.002138662820829876,0.0025900906248322556,7
Kelaginakere,04/25,9,0.03386099840862693,0.0542749829686726,0.037029515655327305,0.06332016961421401,0.04450688934389096,0.045641969901778774,0.0350925600967818,0.03503812718055172,0.04430418346770282,0.03432784155991517,0.005343315954226026,0.005771910660023126,0.0038969646146733653,0.008490835221223889,0.011233629884836815,0.012535401612212024,0.004711185199699858,0.012800279984693012,0.014785663136118432,0.011349654655976033,45
Rachenahalli kere,04/25,9,0.04693810979086088,0.0804158536512859,0.04245853660878066,0.11551112784981364,0.09002957314752587,0.08743201235945268,0.06219649395519277,0.05141768292183193,0.030645426973223505,0.026013719610779022,0.00510922580952743,0.007332300335701388,0.004610549621813832,0.016182720024308855,0.010280439391016978,0.01036170223345818,0.0067373897743554486,0.0056908256016345695,0.013075776350932364,0.010959316236544076,328
Amruthahalli Lake,04/25,9,0.020373684219329766,0.03904078949831034,0.023740789583443028,0.03722763159557393,0.02376578949195774,0.02747763159047616,0.024085526232068475,0.02340921056211779,0.033813158001162504,0.026571052590090977,0.007874899699042866,0.005916978708393944,0.005566900042598818,0.004950195329938344,0.006182127192399624,0.008692863809758889,0.006583041346774124,0.007665342748246314,0.005786414238242902,0.0037629885787293363,38
Nagawara Lake,04/25,9,0.03119083148160709,0.06180195479577346,0.03420938404187513,0.07645348367713484,0.05025929242222613,0.05175563584458834,0.040424764975032876,0.0327357617312838,0.03030112233890712,0.02647632628176921,0.003349615895138141,0.003854845960178399,0.003219936124351431,0.004895472349211451,0.005643655512564425,0.006716101449685822,0.004824210033804429,0.006377024562537689,0.006632881527260014,0.004948975810236753,442
Herohalli Lake,04/25,9,0.04088077512756255,0.07823820016465095,0.03958809350007474,0.10194474221033238,0.06813104970719092,0.07094956688749393,0.05418100437133826,0.0418420180138403,0.029181980616324765,0.025102605167250453,0.007034910535351779,0.008060387151791104,0.0057779116215968965,0.00612647086567275,0.010003992110138997,0.012075401468238075,0.00865184402908602,0.012065746157999178,0.013610344900414018,0.008471968186027235,160
Hebbal  kere,04/25,9,0.02839063069124179,0.04679696702705589,0.02939652559949732,0.06269874647216998,0.035136746634798786,0.03607948514827049,0.027988736271677916,0.02320689562371971,0.027368587241965867,0.022621545286444587,0.007187810989038704,0.006008353556678875,0.00571418883645344,0.005332687271221912,0.006875548275460182,0.0076408719948144275,0.005486210508834399,0.008219670859824457,0.005869373085837887,0.004211787396796827,842
Mahadevapura kere,04/25,9,0.03640041257953574,0.07430015429319894,0.040960330197399586,0.09050431698764834,0.054198114815258734,0.056619404770157394,0.04498102147804912,0.038915734739847566,0.036722980654988205,0.02989261567713409,0.004391398756290813,0.00357989044641763,0.0029123185629659695,0.006637028372232537,0.008571079631564196,0.00905136187519493,0.00547290550057065,0.012214742255454342,0.01066275997881134,0.006529108010151436,139
Vibhutipura kere,04/25,9,0.0471000000834465,0.06960000097751617,0.052299998700618744,0.07559999823570251,0.07020000368356705,0.07249999791383743,0.050200000405311584,0.07689999788999557,0.11389999836683273,0.07639999687671661,0.0,0.0,0.0,0.0,0.0,0.0,0.0,0.0,0.0,0.0,1
Rajapalya Hoodikere,04/25,9,0.02002857146518571,0.034785713734371324,0.021099999813096865,0.03678571486047336,0.022635714150965214,0.02506428531238011,0.02300714302275862,0.0213285716516631,0.0280142854899168,0.0213785714336804,0.006087859459694056,0.003068935745563343,0.0027187181377110476,0.0029405683327505937,0.006460247043184578,0.008178225511096489,0.004917347170757083,0.005636542478075993,0.0032277494017916566,0.0022213023131177775,7
Achanakere,04/25,9,0.025113636289130558,0.04009545425122434,0.02169090915809978,0.03636363690549677,0.02732272759418596,0.03213636356998573,0.026122727516022595,0.02384999995543198,0.037613636729392136,0.030386363579468292,0.005163380507767564,0.004519827467366025,0.0033703798593780307,0.004830588967236081,0.010921338440108713,0.011249890689391851,0.004252880005792353,0.010417663898424863,0.0053518942520583025,0.0043143045362329605,11
"Yekkalagatta kere,Mahadevepura Kere",04/25,9,0.03815093239306877,0.06277983311026322,0.03768150130208213,0.07080745860071481,0.04908032391596882,0.05292198294819396,0.04035613325198745,0.04169214897998357,0.053482139634811146,0.041669332324522634,0.00864683478368033,0.014293402008953494,0.011038798127085938,0.021632400952103323,0.020221685220626145,0.018894010122445765,0.014740734846396474,0.01776598147315986,0.01587368847095412,0.010487030990492967,20
Pattaduru Agrahara kere-2,04/25,9,0.023830769010461293,0.03049615412377394,0.020261538716462944,0.024726923268574934,0.020723076931272563,0.027846153897161666,0.02173846157697531,0.02338846156803461,0.029961538572724048,0.0215499998571781,0.004241304971310462,0.0033610016838944517,0.0024044152585753708,0.0037648992160443117,0.0064370805082515905,0.011282209870310875,0.0029749049855848065,0.011104922012035261,0.005224099235762393,0.0036599180744970915,13
Nallurahallikere,04/25,9,0.06246725830453574,0.10040993913337606,0.08046868017137297,0.10789566004176732,0.06837220803194792,0.07088896064670529,0.05720727995686516,0.053740280102922665,0.05582927933129734,0.043109116291073314,0.007872119397500914,0.008956383608076888,0.007948364671073245,0.010308236889605499,0.011838652685021153,0.011315845420616904,0.007198079771434731,0.015251214147812157,0.02309621748606101,0.0156889842834416,130
Thubarahalli lake,04/25,9,0.044345984914832826,0.07710882413595752,0.04516990589550658,0.07563779792492989,0.04255135059532119,0.04429243494418561,0.034049597012905865,0.03261875494349737,0.047133547282439764,0.03676113978229525,0.0047156893908900585,0.00614490225945703,0.006356088901506282,0.00909544027607359,0.012729374444165682,0.01466214414411013,0.009883011257837856,0.015595498522613662,0.02040583884326378,0.01557756037713587,145
Sheelavantana kere,04/25,9,0.04652803790695289,0.085548944547644,0.04129766611133038,0.10929157181629752,0.08703946533792324,0.08583784476493292,0.062067610419978485,0.05409761361277701,0.03143994178700007,0.024213526978727102,0.004597144026441575,0.006594862926255367,0.005488067869201821,0.012508940117558055,0.009427082479112819,0.008483103230717232,0.00490054149579932,0.00607821723197857,0.010264915108172304,0.00551463051890864,82
Doddanekundi Kunte,04/25,9,,,,,,,,,,,,,,,,,,,,,0
Chinnappanahalli  kere1,04/25,9,0.03202962978846497,0.053731481510180014,0.02860000012097535,0.06915185241787522,0.042588888908977864,0.0473740739678895,0.03570555578227396,0.030325925598541897,0.03474444440669484,0.028529629801158553,0.004797670376531938,0.0036194731052377046,0.003712616397030468,0.0036469291488337124,0.006459923711334719,0.007507038030411348,0.003938281359445118,0.006929383671626491,0.004534279543319331,0.003760374745298975,27
Doddanekundi kere,04/25,9,0.0418062279157629,0.0669708086781912,0.04762567600106345,0.0625532050516975,0.03614007060567111,0.03912536690342443,0.032550018292977975,0.0319556396371957,0.035168451131543946,0.028654448402027285,0.0074809961640204346,0.010549576073354494,0.008938906596908089,0.010702165487710557,0.01048027666702515,0.011777732714512792,0.008635906929277766,0.011828506542853971,0.0076671576681208425,0.004928776588099229,547
Kundalahalli kere,04/25,9,0.047047415593708466,0.09305074264529373,0.04269824113026864,0.12240589002383308,0.08367618881034283,0.08667309811936298,0.06424187049388626,0.04796975422845994,0.03006271954141757,0.02550063584296612,0.005661217891933828,0.004033770780676449,0.0031687358491473178,0.00458416960160518,0.007136800520414735,0.008387421307954137,0.006101095134665829,0.008669795527637374,0.009920244140316932,0.00584624332360822,138
Acchanakere,04/25,9,0.04619313725361637,0.09369313716888428,0.044010784330905654,0.1268990204906931,0.09147745020249311,0.09474117674079596,0.07411764737437754,0.054939215674119836,0.024676470652076544,0.02109117634302261,0.004729911467248903,0.0031024658182686074,0.0030678651245712014,0.002887591864332685,0.0032816380699454586,0.003884088449291776,0.002603802027885817,0.004250009617348708,0.004674601342004811,0.0031508123163291623,51
Varthur lake,04/25,9,0.04004468099075429,0.05535106371480522,0.03931312064858193,0.0491336880661283,0.03306099289618697,0.035765248350799084,0.02961985819728662,0.030782978829815455,0.0329762412935284,0.024755673753824217,0.005789816518781431,0.007061097109409483,0.006315088401846706,0.00933457985142082,0.00905189152360223,0.012809107261246053,0.007725009843512463,0.011303851262340594,0.006725266184196017,0.004633068242431144,141
Narasipura Lake-1,04/25,9,0.09399891623877665,0.1442072735127833,0.13369862276071384,0.1433756508016995,0.10758266454744335,0.1154030577667457,0.094300814056805,0.09365176389645613,0.06492239232638915,0.04363854366402986,0.026488293297695125,0.044128365306480864,0.042796678225662646,0.0463367742679827,0.03554797859383696,0.03617924539614166,0.031316711245309825,0.028821183353061906,0.02413858752586456,0.015126892468918995,24
Narasipura Lake-2,04/25,9,0.053469999134540556,0.08355000019073486,0.07268999963998794,0.08016000092029571,0.04891000092029572,0.059439999610185625,0.051820000261068346,0.05332000106573105,0.054609999805688855,0.03696999996900559,0.004226299187391828,0.004265089859032995,0.0016505752411403384,0.0057763636897546055,0.006613274520102719,0.007782313463928762,0.0028659377496546255,0.009135787792092976,0.004959071840273576,0.001981313030708994,5
Ulsoor Lake,04/25,9,0.0590547220464532,0.11503452768592741,0.06481813958685523,0.122136164010672,0.060807042410130754,0.06256793691153782,0.04863181513697738,0.04033019044568446,0.030113204758044278,0.023980751785025962,0.007281883369510489,0.012143552628003448,0.006925454741455341,0.012873122033201817,0.011904720285350017,0.013327487536177747,0.01021546410163103,0.014129822428428848,0.012240082811614247,0.008346158636472355,792
Gunduru Lake,05/25,4,,,,,,,,,,,,,,,,,,,,,0
Doddebele,05/25,4,0.03599849633900519,0.06496616531359523,0.040510902433355055,0.08302293266904981,0.054572556644005885,0.05739736844106276,0.04717932337600934,0.0453030074267347,0.05696917302850494,0.04491203026215833,0.010671169971674962,0.013210195506475267,0.009557509656450199,0.011031543021526797,0.01590018034460895,0.01563927750479778,0.01173205099920692,0.012905707194056974,0.011886135458850942,0.008417112775392924,133
Somapura,05/25,4,,,,,,,,,,,,,,,,,,,,,0
Mailasandra,05/25,4,2.166666672565043E-4,0.011166666634380817,0.006350000000869234,0.015933333430439234,0.009816666599363089,0.014983333414420485,0.007349999931951364,0.01575000009809931,0.03128333358714978,0.025049999666710693,4.844813964438715E-4,0.0014985177852988158,0.0013238201820754076,0.004062292843099516,0.002971204368785245,0.006301697566774708,0.0016142592156910647,0.01073852134323435,0.003647564237841807,0.0025223997230501747,6
Kengeri 1,05/25,4,,,,,,,,,,,,,,,,,,,,,0
Kengeri 2,05/25,4,,,,,,,,,,,,,,,,,,,,,0
Chenvinayanahalli,05/25,4,0.045103846314864665,0.07671826913093145,0.05040288476559978,0.08145576930389954,0.061399999719399675,0.06534038483201024,0.0566471152437421,0.055112500006613954,0.06690480843043098,0.049888461792411715,0.010912307128954433,0.010380056742082387,0.011496890763025664,0.010871980749044444,0.01581049721027842,0.01691528128070075,0.014045531786195758,0.019011018889013267,0.013710436974234545,0.009234397580509878,52
Annamma kere,05/25,4,0.025107002220210627,0.060539602034509726,0.030922005791654113,0.06415697759733609,0.04479571517164043,0.0502514823632686,0.039305445934797865,0.04853654060642508,0.05221423769779604,0.0390325264209846,0.008051716718241694,0.004965135642724397,0.007356863511842288,0.007822421868572325,0.011284907524856724,0.013114314043065999,0.00861730568628244,0.013830757563194383,0.009151258237906322,0.006728295813835651,16
Deevatigeramnahalli kere,05/25,4,,,,,,,,,,,,,,,,,,,,,0
Devarakere,05/25,4,,,,,,,,,,,,,,,,,,,,,0
Doraikere,05/25,4,,,,,,,,,,,,,,,,,,,,,0
Goudanakere,05/25,4,0.044845454056154595,0.09140909056771886,0.05729090930386023,0.1125727268782529,0.06939090991562064,0.07704545354301279,0.06789090924642303,0.06287272748622028,0.07067272744395516,0.05809090862219984,0.00623543619326626,0.005415375363928904,0.00419251672436113,0.005170210836463725,0.004085774282171736,0.005409143461640235,0.004389958021193586,0.005849956069775507,0.00645052443273022,0.003618500888364924,11
Gubbalal kere,05/25,4,,,,,,,,,,,,,,,,,,,,,0
Halagevaderahalli kere-2,05/25,4,0.039250001311302185,0.07474999874830246,0.0698000006377697,0.07530000060796738,0.07414999976754189,0.07999999821186066,0.054349999874830246,0.06385000236332417,0.07905000075697899,0.05870000086724758,2.500005066394806E-4,0.0018500015139579773,5.999989807605743E-4,0.0037999972701072693,8.500032126903534E-4,0.006200000643730164,5.000084638595581E-5,0.004150001332163811,0.0025500021874904633,0.004000002518296242,2
Herohalli Thotadakere,05/25,4,,,,,,,,,,,,,,,,,,,,,0
Hosakerehalli Kere,05/25,4,,,,,,,,,,,,,,,,,,,,,0
Kempambudhi lake,05/25,4,,,,,,,,,,,,,,,,,,,,,0
Laggeri Lake,05/25,4,,,,,,,,,,,,,,,,,,,,,0
Mallathahalli Lake,05/25,4,0.04054436635908107,0.0706211271840082,0.05437676047145481,0.073131690090391,0.04896971850957669,0.05344859174859356,0.045290845118358104,0.04538380291680215,0.05096478883544324,0.04257112678507684,0.005639364677873621,0.004680681669212154,0.00504014038915522,0.005924408092163989,0.009918415442932189,0.009912735266287174,0.005477073187484122,0.011301171195866043,0.012639401175545203,0.009761849486849553,71
Moge kere,05/25,4,0.04050000011920929,0.08475000038743019,0.05794999934732914,0.10314999893307686,0.06214999966323376,0.07654999941587448,0.0572500005364418,0.07274999842047691,0.07860000059008598,0.06354999914765358,5.000010132789612E-4,4.999712109565735E-5,0.001149998977780342,0.0011500008404254913,0.0043500009924173355,0.005350001156330109,2.500005066394806E-4,0.005550000816583633,0.0016000010073184967,0.0018499977886676788,2
Muppatu Kavalu Hosa Kere,05/25,4,0.035874187897146186,0.05765017940807892,0.03336808661425562,0.07582352793858448,0.04731627681849442,0.04973731494814262,0.041769672926363494,0.0356904537765734,0.04213437057038906,0.03503878736757186,0.0056194725182228955,0.0050451651868731575,0.006318535051263293,0.007004897758617167,0.00730888942879449,0.006514962071858624,0.004633932898141286,0.007590297807211209,0.007586581516800789,0.005647502815677234,122
Nayandanahalli kere,05/25,4,0.037742853384408276,0.056362025879690636,0.03588410703067921,0.04480942024347652,0.03330539216220637,0.036683227033118875,0.031668982063674814,0.033392644077284754,0.04418123715823388,0.037083081844607825,0.0030163884280402274,0.004082330137979094,0.0031780987442197777,0.0064977956206574445,0.007825419431385008,0.010049612566890548,0.005962743661979488,0.009910455433154405,0.010970832667999508,0.009083609690383436,61
Sankey Tank,05/25,4,0.039247515737004725,0.05665217007122036,0.042205523356093635,0.046083577451990536,0.029049546139733134,0.03197350636527474,0.027850346140316593,0.03126703207138187,0.046994538305475356,0.038187272338653225,0.006110893397657527,0.00625427321983424,0.00688320535760354,0.009609057293871898,0.01241104007080263,0.013211204004930917,0.009370501719146305,0.013525262529478901,0.012973192062738892,0.010907813420080296,259
Subramhanyapura kere,05/25,4,0.04928888918624984,0.07790000157223807,0.05553333419892523,0.10132222291496065,0.07584444474842814,0.07708888956242138,0.06266666700442632,0.06090000023444494,0.05885555512375302,0.046288889108432665,0.017398942960742715,0.019149471228836243,0.01919160723267177,0.01403216760451071,0.016958257134096662,0.018933007346587444,0.01594023567697217,0.01919826355543997,0.017556328746407907,0.011342099018138535,9
Ullalu lake-2,05/25,4,0.03197388053496382,0.0612164180892617,0.04602686588221522,0.05904925353269079,0.029772388081608425,0.03520597025418459,0.029205970215930868,0.0283313432930788,0.04622686573707346,0.03440597011193411,0.004075265267438047,0.007429406197730684,0.010181228840315538,0.006739294688827313,0.009556923982755107,0.01165210104059629,0.008414187090596912,0.011149455749015116,0.013957639111821938,0.011120434680118372,67
Valagerehalli kere,05/25,4,0.021584944413735697,0.039492639369652416,0.027415712779675985,0.04718004035658917,0.026224560194711897,0.028391779786874183,0.0222108390267008,0.022096248809530712,0.035317068076734896,0.02834920116970495,0.004223715716854896,0.004163320885309601,0.0037353414136634937,0.003999742805445566,0.00807138099777539,0.007779925752744519,0.005297069305895619,0.009808403458533062,0.007701992996369659,0.004605906715983715,40
Yediyur kere,05/25,4,0.03482407410801561,0.07208055575136785,0.039592592563066215,0.08460833366822314,0.051907407188857044,0.05682870359332473,0.04650925934590675,0.04175185174163845,0.040177777823474675,0.03172777775951006,0.005867966692510214,0.004135084695919391,0.004287065042443319,0.004303440981185369,0.00695286659636878,0.00806423087945667,0.005058180714487008,0.00737285403437354,0.00555444160751115,0.003560322229126938,54
Bhimmanakuppe Govt lake,05/25,4,0.018799999728798866,0.04769999906420708,0.02669999934732914,0.05510000139474869,0.04830000177025795,0.04699999839067459,0.03590000048279762,0.05909999832510948,0.07670000195503235,0.053599998354911804,0.0,0.0,0.0,0.0,0.0,0.0,0.0,0.0,0.0,0.0,1
Srigandhakavalu Karabu Katte,05/25,4,,,,,,,,,,,,,,,,,,,,,0
Janaradhan kere,05/25,4,,,,,,,,,,,,,,,,,,,,,0
Konashetty kere,05/25,4,,,,,,,,,,,,,,,,,,,,,0
Nagarabhavi (Un-named Lake on map),05/25,4,,,,,,,,,,,,,,,,,,,,,0
Sompura Govt.lake,05/25,4,0.06234999932348728,0.10850000008940697,0.09919999912381172,0.10990000143647194,0.08152500167489052,0.09407500177621841,0.07014999911189079,0.08764999732375145,0.10987500101327896,0.07227499783039093,0.003549998626112938,4.999972879886627E-4,0.003199998289346695,0.002100002020597458,0.008475001901388168,0.01522500067949295,0.001550000160932541,0.010749999433755875,0.008924998342990875,0.003224998712539673,2
Lakshmipura Lake,05/25,4,,,,,,,,,,,,,,,,,,,,,0
Amrutnagar Lake,05/25,4,0.04177999991923571,0.07348699957132339,0.052347000390291214,0.07944199964404106,0.05174700021743774,0.05690099991858005,0.050227000266313555,0.05344200000166893,0.06560799971222878,0.054803000167012214,0.0080248053352939,0.006231451265176118,0.00533363318904396,0.0048341013704220085,0.009152892564600211,0.009813437007863971,0.0063524736065603635,0.01031467069509969,0.008208527821974124,0.005795467744185489,50
Hoysalanagara Lake,05/25,4,0.06494166577855746,0.1074666678905487,0.09700833385189374,0.11330000186959903,0.08023333301146825,0.087008332212766,0.07382500047485034,0.07009166665375233,0.06816666635374229,0.047800000136097275,6.457661282303032E-4,0.003360390534707007,0.006310468431777304,0.008303415043749438,0.01592468212000243,0.013862073089178448,0.007866901150675655,0.016932820268796812,0.01911008971755015,0.012080149393005626,6
Basavanagar Lake,05/25,4,,,,,,,,,,,,,,,,,,,,,0
Ajjegowdana katte,05/25,4,0.052066667626301445,0.08216666678587596,0.06426666676998138,0.09179999927679698,0.07533333202203114,0.07936666657527287,0.0642999994258086,0.06783333296577136,0.08290000011523564,0.055733331789573036,0.001562760977291335,0.0015691462065021554,0.0013474240078304104,0.003628590685398091,0.007934031827414551,0.006104825453138941,0.0026695803681575613,0.01481830634873279,0.006871681541644557,0.0027764884350892725,3
Kodigehalli kere,05/25,4,0.06562000066041947,0.10452000051736832,0.09912000000476837,0.1233800008893013,0.09192000031471252,0.09658000022172927,0.07912000119686127,0.07114000096917153,0.06958000063896179,0.05058000013232231,0.002332723548844453,0.0015702230557156555,0.006083880388341536,0.006237755169009102,0.006469744760433129,0.008964908697575305,0.003914791339853403,0.009835161276749986,0.0030446023688154183,0.0015522897206294648,5
Kommaghatta Govt. Lake,05/25,4,0.0380156085230213,0.07576507944909353,0.03955873020150989,0.08247486773937468,0.050044973582896606,0.05544999998220533,0.04597857136220213,0.04331904764055575,0.04916216939608887,0.037071957750610576,0.009486609172669098,0.008611051602936516,0.0090253470491423,0.007902405088598793,0.013728880474301729,0.014155482709530487,0.010908543534743135,0.01447282462183707,0.008312878750835511,0.005320535929575318,189
Manganahalli Lake,05/25,4,0.027628349348542663,0.03575310810115206,0.02673781240402885,0.04038937025637034,0.02409608924842998,0.02520786256146348,0.0205824805893518,0.022430721114117824,0.040303322862673296,0.03327053226662066,0.008399401676012165,0.007350354759570577,0.0067051721345962306,0.006964188331017196,0.008304584045559647,0.009166511947409101,0.008146296883828605,0.008869652343643248,0.005821013212914851,0.005134570078957174,871
Bhattarahalli kere,05/25,4,0.03194994465004886,0.04805462778729008,0.035808589703912694,0.05914844548683482,0.04372508356589734,0.0445172159978413,0.037926471843537646,0.039567290222901896,0.043739799917660034,0.034787652900967275,0.001794280944172048,0.0018971961562742902,0.0028517386932409867,0.004333469461122553,0.005848675705712778,0.005869371736267582,0.0017545808367014355,0.009604394594620135,0.008612979656419346,0.0057568489292705045,32
Thirumenahalli lake,05/25,4,,,,,,,,,,,,,,,,,,,,,0
Avalahali kere,05/25,4,0.046920397478240006,0.06242955039507127,0.044285122388769825,0.07385106710366753,0.04987740043414594,0.05009354558139168,0.03979938094631385,0.03636695215858906,0.03290228199749519,0.027741948724201434,0.00952450074795969,0.01037660236792027,0.007568437580804563,0.010388391796140744,0.008760366551951651,0.008711900101349177,0.006996572667590196,0.007600139117282758,0.007613471397306287,0.005570645298644184,1134
Begur Lake,05/25,4,0.0502944661213935,0.07864262124577773,0.05489242713428238,0.08575106798445137,0.053983203878680476,0.05682126219266827,0.04999932051428314,0.04497728166215628,0.047831165117835535,0.0410922331391897,0.01376575866230127,0.012071537689525704,0.012721882241472733,0.011983954484353276,0.01405104921529992,0.014719129831351915,0.012625224640106148,0.01645183401841534,0.01446095992947262,0.011064185692971013,515
meenakshi lake,05/25,4,0.08731184453245946,0.11048624778258215,0.08662146252886481,0.1022711445256144,0.09162917317428726,0.09307416553930373,0.08083100139573574,0.0867571541906256,0.08669618453196767,0.06507281405297487,0.013867486641982308,0.010822399948873329,0.010992759338940361,0.010931844042985684,0.0075801516561907955,0.01080692257112466,0.008129345018649616,0.010148446912787277,0.015428450404438583,0.013569227070508207,42
Kannuru kere,05/25,4,0.049967474911493774,0.07995998759884383,0.05911075246013043,0.10645367614145927,0.06984562978654739,0.0708004272634247,0.05962201776833737,0.05351826247508093,0.05133056707975027,0.04380888411509518,0.006593469061288398,0.011079081862283898,0.010022472635844623,0.01503217561030042,0.013248376027582193,0.012976871348790319,0.010149423653662412,0.01270437034059604,0.01115436249804655,0.007204582271662985,369
Kannuru kere,05/25,4,0.049967474911493774,0.07995998759884383,0.05911075246013043,0.10645367614145927,0.06984562978654739,0.0708004272634247,0.05962201776833737,0.05351826247508093,0.05133056707975027,0.04380888411509518,0.006593469061288398,0.011079081862283898,0.010022472635844623,0.01503217561030042,0.013248376027582193,0.012976871348790319,0.010149423653662412,0.01270437034059604,0.01115436249804655,0.007204582271662985,369
Doddagubbi kere,05/25,4,0.03883309156040654,0.05567282503798123,0.04249664979343649,0.07268056114113473,0.041452674915581876,0.041091550560220624,0.03396302497677074,0.03131810219569104,0.0392988977705885,0.03351724413686984,0.006816142329042703,0.00593264487562763,0.005770787895610762,0.006715146526383995,0.008642186889577902,0.009094885281342124,0.0065737335406962655,0.01048790675716565,0.010702058580014759,0.007757211468698474,617
Suggata kere,05/25,4,,,,,,,,,,,,,,,,,,,,,0
Yelahanka Lake,05/25,4,0.047466951965078226,0.07919416599740187,0.048000893852540055,0.0963739403543546,0.057888154984477955,0.05815798852356407,0.046224982965133,0.039758160028697705,0.03300246098761215,0.02694486989591154,0.009806107929810315,0.009500528343220389,0.009166722329085896,0.01192297251887819,0.01021210303731205,0.010242244363188893,0.008589642506972063,0.010216095705381442,0.009379110717127298,0.007942161714530743,2230
Dodda Bommasandra Lake,05/25,4,0.06456225006841124,0.11339812492951751,0.07203537504188716,0.14942287480458616,0.10385687487199903,0.10803937502205371,0.08592362482100725,0.06941812510602176,0.03609037506394088,0.030995250027626754,0.003816983460577183,0.005086684072100852,0.00415358356397039,0.009166648479889001,0.009440313513195929,0.009444989717360087,0.00595072030397283,0.009330751796614925,0.009125816432149847,0.00630348634849062,400
Singapura lake,05/25,4,0.04884456537420983,0.09439999974616196,0.0834891302511096,0.10807880475793195,0.06210326059195011,0.06624836960564488,0.055033152032157646,0.05113152204000432,0.052998369843091656,0.04282826098168026,0.006830082361710313,0.007932352857502701,0.008730888552475892,0.009461128270574996,0.009482597881202072,0.010484041603694252,0.008665747459519183,0.01185356965139343,0.01596824549704329,0.011847133711812972,92
Chellaghatta kere,05/25,4,0.04989999905228615,0.09229999780654907,0.056299999356269836,0.0868000015616417,0.06629999727010727,0.062199998646974564,0.06729999929666519,0.06800000369548798,0.05719999969005585,0.03440000116825104,0.0,0.0,0.0,0.0,0.0,0.0,0.0,0.0,0.0,0.0,1
Bellandur Amanikere,05/25,4,0.0438422527416454,0.051195442906949516,0.044969987036893144,0.05450397147797048,0.03405305991691421,0.0351427735076868,0.032782421927549876,0.034061002651772775,0.04549889323000874,0.03554687505432715,0.008608868518399955,0.01695198011686073,0.01057958891277852,0.012377653399072005,0.013655046418284111,0.012163685793363894,0.009611024667339077,0.009796033110999752,0.00452546140147234,0.003993626513404028,768
Abbigere Kere,05/25,4,0.057525252415375275,0.08595505033177558,0.06505858585840524,0.09988636357916726,0.07451111115891525,0.0757510100651269,0.06150454549927904,0.06301717185462365,0.0713989899465532,0.05711717169844743,0.01416916968837183,0.015522138512057788,0.01657753607800391,0.01693531511252212,0.017098907944213343,0.016868539707275605,0.012769520781518804,0.01770379029031398,0.019197162995875566,0.014276262349956688,99
Kammagondanahalli lake,05/25,4,0.0293857143925769,0.058357142976352146,0.03474285666431699,0.06334285704152924,0.04004285750644548,0.04375714303127357,0.03807142855865615,0.04234285705855915,0.06260000062840325,0.04739999930773463,0.0027205192301547813,0.00420776744804171,0.003406655703183788,0.008881418721062125,0.012213559045071615,0.016808659736367294,0.004957451930438455,0.01176967745934826,0.009792126019876826,0.00990685102723933,7
Mallasandra Lake-2,05/25,4,,,,,,,,,,,,,,,,,,,,,0
Chikkabanavara kere,05/25,4,0.03876401334701945,0.07353157828742421,0.05447815861540453,0.0704397895674959,0.03503896681506359,0.041047666310418396,0.036261222453139515,0.03862994664954654,0.06320240817083951,0.05162358925829965,0.011106110335037556,0.013850517206745934,0.013351726412618404,0.017373444761372862,0.016633847971909966,0.01861371827163075,0.014892128483608666,0.01853984065488508,0.015762587708769822,0.014594603465500927,451
Mallasandra Gudde lake,05/25,4,,,,,,,,,,,,,,,,,,,,,0
Bagalagunte Govt.Lake,05/25,4,0.019100000150501728,0.0318750012665987,0.024025000166147947,0.027275000233203173,0.023574999999254942,0.02630000002682209,0.02402499970048666,0.029399999417364597,0.04352500010281801,0.025325000286102295,6.164412596107996E-4,6.759260552785963E-4,0.0014184056510221116,0.00321587819316387,0.0030243797910939566,0.002775788208592824,0.002435544160766491,0.0055691111357762365,0.0049012116602658844,0.003931522494122431,4
Lalbagh kere,05/25,4,0.03063320471937101,0.06218059632623446,0.032420189168261636,0.0702299299265756,0.0413667503495725,0.0446024278001723,0.036057699101436934,0.0329879487054987,0.03447614439514401,0.026249601548823998,0.005456825105200604,0.007830470028882704,0.00568974377112515,0.009061090785121087,0.01006012076166484,0.01109402425587184,0.0073108882407641445,0.012235228645305251,0.009189215363529598,0.006273506855359572,206
Chikkabellanduru kere,05/25,4,0.09044615379892863,0.0917086536064744,0.0738134619851525,0.09085192287770602,0.08054807689040899,0.07936153847437638,0.06794230758140866,0.07076826963860255,0.07335769263311075,0.055748077001995765,0.005855715788202015,0.00480186458685513,0.004355082437912629,0.004315668940159019,0.00673371231150471,0.007368844540996675,0.007354220610238786,0.008616489906722162,0.009911587233265073,0.007827097700192572,104
Carmelarm,05/25,4,,,,,,,,,,,,,,,,,,,,,0
Gunjuruplaya kere,05/25,4,,,,,,,,,,,,,,,,,,,,,0
Govt. Dinnekere,05/25,4,,,,,,,,,,,,,,,,,,,,,0
Panattur Govt.kere,05/25,4,0.05645392686141873,0.09356768774739842,0.05685719793055982,0.07852528580945081,0.053702037616414275,0.058643543725195015,0.04844318766124137,0.0502908862988022,0.060691648290233886,0.048863348924363795,0.004271840875476963,0.004990795070895636,0.0041672521433512985,0.008446160300117016,0.015371198087086998,0.017058446316306063,0.009993230158085302,0.018631465839770663,0.016011765973764188,0.011629396181999234,67
Gramadakere,05/25,4,,,,,,,,,,,,,,,,,,,,,0
Ambalipura Kelagina kere,05/25,4,,,,,,,,,,,,,,,,,,,,,0
Melinakere,05/25,4,,,,,,,,,,,,,,,,,,,,,0
Sowl kere,05/25,4,0.03903295460975531,0.054926136395696434,0.04178674248131839,0.05849242433341163,0.04656136366115375,0.046087500187709476,0.04017348492969618,0.04133825770325281,0.042302651457827196,0.03381363645365292,0.01703855683370671,0.016424125553139945,0.014761349015214788,0.01575865005759636,0.015586729986841946,0.015272064593513742,0.012955166359798181,0.016143471357350978,0.011234400216193636,0.009194967578265451,132
Bhoganahalli kere,05/25,4,0.07540000230073929,0.08009999990463257,0.06530000269412994,0.08699999749660492,0.07109999656677246,0.07349999994039536,0.06419999897480011,0.06689999997615814,0.06710000336170197,0.0560000017285347,0.0,0.0,0.0,0.0,0.0,0.0,0.0,0.0,0.0,0.0,1
Devarabisanahalli kere,05/25,4,0.09237028544858362,0.1444717390449216,0.11262077821934444,0.12761824163875862,0.08111230271610766,0.08427343960146841,0.06522104645153284,0.06456371569044674,0.04793158027878283,0.03759519282961935,0.0075558276495045415,0.007954327451794335,0.010148517731969885,0.011115348599789231,0.019203739427915666,0.020024327724505613,0.013992047578436332,0.02383358640495504,0.01605742626333059,0.01184655766515878,58
Doddakanneli Gramadakere,05/25,4,,,,,,,,,,,,,,,,,,,,,0
Lakedew Appartment lake,05/25,4,0.11034224783034288,0.16395542637784352,0.10947984508996786,0.19696589126143343,0.147972093014292,0.1502054271887439,0.12411279052264931,0.11432674428982328,0.07157364363471667,0.05586511633077333,0.010239457750659708,0.010311565062055402,0.009353630873269948,0.00953752223287694,0.009224902580520115,0.010094424922671276,0.008126884114230426,0.0104440054952996,0.008463446446265717,0.005071640025140541,129
Kaikondanahalli kere,05/25,4,,,,,,,,,,,,,,,,,,,,,0
Kasavanahalli kere,05/25,4,0.07548372174898871,0.10846212895720382,0.07578637192267046,0.08584918200476965,0.0633647106768561,0.06483359425633728,0.05557362798518276,0.05887763902878062,0.053329215537419976,0.041860267506467694,0.008073279238687616,0.007761519825910823,0.006711410052137605,0.00757126579413377,0.012133057633978156,0.013044475492441547,0.009452758820682809,0.01586458398967395,0.009961439269858048,0.007283977205338536,275
Mestripalya lake,05/25,4,,,,,,,,,,,,,,,,,,,,,0
Tavarekere lake,05/25,4,,,,,,,,,,,,,,,,,,,,,0
Byrasandra Kere,05/25,4,0.06471333342293899,0.14780333340168,0.08575999960303307,0.1813366671403249,0.13200333292285601,0.136203333735466,0.10922666763265927,0.09410333310564359,0.04969666674733162,0.03746666678537925,0.006437117497035794,0.006379733388430943,0.006790463967689558,0.0085099354993481,0.011076023833888369,0.012209217380434578,0.008351604786961179,0.013128353196267322,0.013097238162770848,0.007723182692128268,30
J P Park Kere,05/25,4,0.12084999904036522,0.22427000105381012,0.21416999846696855,0.2278200015425682,0.16899000033736228,0.1841600000858307,0.15665999948978424,0.14894999712705612,0.09583999961614609,0.06408000104129315,0.0247538782652375,0.051323583706556174,0.0811379548127987,0.07830296276225936,0.04788639557559862,0.0489079982413666,0.03971279904868441,0.027557512604695963,0.010183928688144545,0.00761351521410121,10
Agara kere,05/25,4,0.03170773067968031,0.043437843887020065,0.03156242385380586,0.04838310321203282,0.0326080702702522,0.032815516990321744,0.02880312199613998,0.02800415808435231,0.03550701588119607,0.029055990151178508,0.007432013224586349,0.008838032789431974,0.008507774809255037,0.007952040427004274,0.008696952402111446,0.008755057279433764,0.008006025154967083,0.009288695364831184,0.00809371006678625,0.0063512247270921685,518
Ibbalur Govt. Lake,05/25,4,0.047085714393428395,0.0708714287195887,0.049242857311453135,0.09434285759925842,0.06342857171382223,0.06646785752049514,0.05611071442919118,0.04877142874257905,0.045171429003987996,0.037371428949492316,0.004336820241539453,0.0045159129281385135,0.0040979898603096315,0.005391325081546093,0.007190338883155303,0.00610329610770393,0.004300339290096911,0.0062196894402350746,0.005856092865179187,0.0060527061510289555,14
sarraki kere,05/25,4,0.06605805172075065,0.10541585131750919,0.06797266718941841,0.08281233130011056,0.04566328392212607,0.04790331341113906,0.03958847727845213,0.037286187750508196,0.041276820783670246,0.0348025721499577,0.014297739832162024,0.017749246448117855,0.01425628720431967,0.01070974305126233,0.013447376242975153,0.01457683404351582,0.011514262787583156,0.01649764862320566,0.01926775430738904,0.014162472558523152,454
Puttenahalli Kere,05/25,4,0.03250925918972051,0.07409814827971989,0.031501851975917816,0.07696296302256761,0.06826111081021803,0.0752574078462742,0.05637592587757994,0.04770740714889986,0.039257407602336675,0.03093148147066434,0.0027440857123929327,0.0022992141826406547,0.0026206616944089577,0.0037770408653324283,0.005957850623827139,0.007348125510977689,0.0028314167479072372,0.009389233869747224,0.010493178932775179,0.007703355815089201,27
Madivala Kere,05/25,4,0.027855356822588613,0.03878750006801316,0.031292857036792805,0.05040892845551882,0.038741071276100617,0.038546428250681074,0.027924999594688416,0.033060714519316595,0.03248749999329448,0.02690357149445585,0.039512239061935954,0.037016044707113165,0.0392518370119284,0.039706733407211856,0.04781609388517072,0.051961615255619195,0.030467125010518587,0.0575957149123628,0.038630252601034,0.03522517854959049,56
Somasundrapalya lake,05/25,4,0.03833181622193097,0.09114040572832544,0.055269638861753546,0.1012118639546377,0.05806316777312549,0.061723501298409346,0.049602759127923945,0.04797093061193476,0.05135619493375632,0.04213448725584712,0.004462705408487421,0.003970455595650926,0.006069626108000566,0.006180655838048363,0.014894178408459276,0.0157414066411933,0.009833747881743187,0.0172445114228419,0.01695831018708718,0.011607028857742797,47
singasandra,05/25,4,0.025866666808724403,0.05216666559378306,0.028633333121736843,0.06853333363930385,0.05033333351214727,0.055399999022483826,0.04206666722893715,0.03349999959270159,0.030766666556398075,0.024633333086967468,1.2472253071173749E-4,5.792720897698459E-4,3.2998260400056396E-4,0.0028429258630736152,0.0027157968172163375,0.0011343140022617296,3.2998348205998096E-4,1.4142023794075866E-4,0.0016357123553490307,0.002041785729238838,3
Kodagi Singasandra kere,05/25,4,,,,,,,,,,,,,,,,,,,,,0
doddakodlu,05/25,4,0.051281889651234695,0.07980905567097851,0.04969291347922303,0.11098818897496997,0.06663425205143418,0.06918464559973694,0.056215748014881856,0.04965551188728941,0.04825039359000255,0.040048031664387446,0.009855272567542166,0.008786611884692794,0.01246779443501276,0.017836612096626982,0.018239296721579555,0.0189921866507231,0.011074784727885202,0.02303700072330349,0.02017162019482385,0.019325591206955484,127
Karabu Kere/Konappana agrahara lake,05/25,4,0.029104971705691776,0.05668036130485764,0.033164996283408944,0.07298097799891022,0.05427045989460208,0.05492584231013437,0.04344445385724527,0.04424576841726372,0.0464426865824173,0.0361336484044827,0.0031417991671907177,0.004443152076090363,0.004958870796225719,0.005840967275417445,0.013152646077442888,0.01028300070477636,0.004887329590148752,0.017771168357981017,0.015181004741623637,0.013275786696731372,10
Parapana Agahara Lake,05/25,4,,,,,,,,,,,,,,,,,,,,,0
Kudlu Chikere,05/25,4,,,,,,,,,,,,,,,,,,,,,0
Kelaginakere,05/25,4,0.06644500009715557,0.11066166733702024,0.07452166676521302,0.106448332965374,0.07340666676561038,0.07736833319067955,0.06412833295762539,0.06343166617055734,0.05927166653176149,0.044628333672881125,0.004741085975199964,0.00457281230111327,0.0074598218857240325,0.009038892314031249,0.015702859295666498,0.016530670596242025,0.010775540972519903,0.01853096730427533,0.01434478286616869,0.010184700280446957,30
Melinakere,05/25,4,,,,,,,,,,,,,,,,,,,,,0
Basavanapura Kere,05/25,4,0.021599999628961086,0.04494999907910824,0.028349999338388443,0.04749999940395355,0.027899999171495438,0.025249999947845936,0.03394999913871288,0.024850000627338886,0.036500001326203346,0.025450000539422035,7.999995723366737E-4,7.499996572732925E-4,4.5000016689300537E-4,5.000010132789612E-4,0.004599999636411667,0.0023499997332692146,0.0014500003308057785,0.00215000007301569,0.0013999994844198227,0.0048500001430511475,2
Swarna Kunte Gudde Lake,05/25,4,,,,,,,,,,,,,,,,,,,,,0
Chikkabegur kere,05/25,4,,,,,,,,,,,,,,,,,,,,,0
Elenahalli Lake,05/25,4,,,,,,,,,,,,,,,,,,,,,0
Kalena Agrahara Govt. Lake,05/25,4,0.03987921416023588,0.07917309329760149,0.05030029008297585,0.09826988126040058,0.06482424035343608,0.06792403189407101,0.05629966358349518,0.055299768242928864,0.05678164864115723,0.04371258976970558,0.004766980222880384,0.003630344079368703,0.005821336921527674,0.005765695769499586,0.011463869907314541,0.011453585717419591,0.005495626929002439,0.014531859471888417,0.013051963426170607,0.00836944944110918,17
Infrastructure Corridor,05/25,4,0.17880000174045563,0.2863999903202057,0.35409998893737793,0.38440001010894775,0.4244999885559082,0.44209998846054077,0.2321999967098236,0.4878000020980835,0.34599998593330383,0.3506999909877777,0.0,0.0,0.0,0.0,0.0,0.0,0.0,0.0,0.0,0.0,1
Beratena Agrahara Lake,05/25,4,,,,,,,,,,,,,,,,,,,,,0
Mylasandra Dodda Agrahara kere,05/25,4,0.05727112022247509,0.061593387372047434,0.049830363694737395,0.07177563051157473,0.05701674343846471,0.05528124626283286,0.046383479782077554,0.048318709963146744,0.04980052874516605,0.03940973829777927,0.022371788573700733,0.017279580640693553,0.016377370975741195,0.01581390948025814,0.01545911428580504,0.014539530798499416,0.013221989129627859,0.016816057305847332,0.012561151533750625,0.009995456951211382,81
Arekere Govt. lake,05/25,4,0.0553926470890349,0.1079553922309595,0.062477941423946734,0.13773333347019026,0.09150049002731547,0.09504901946467512,0.07648676487745024,0.06203431343915416,0.046561764881891364,0.04036568649405358,0.011155301388713196,0.009224110356339108,0.010087056662038971,0.007596836315969869,0.010676895951096652,0.010858025164270051,0.00855880488107291,0.012398641549390164,0.01494094148054392,0.009830587069363128,102
Hulimavu Kere,05/25,4,0.10968421941777323,0.1653265443458489,0.12542471297109015,0.1802008123676868,0.1404291083561672,0.1455770704895258,0.11674191080698162,0.11736309017369134,0.09717660816564302,0.08107770774750762,0.02096084645975177,0.028634349959530604,0.027231710656775196,0.030978338597853344,0.028962329957271635,0.027430077802985064,0.022186849743673437,0.025003135850190022,0.036965053318339755,0.031034936789982145,37
Akashaya nagar Kere,05/25,4,0.032349999994039536,0.07130000181496143,0.03640000056475401,0.08940000087022781,0.058999999426305294,0.07074999809265137,0.056775000877678394,0.043700000271201134,0.04022499918937683,0.028699999675154686,2.872284550157934E-4,0.0011202683329701807,7.141428034187818E-4,0.0037249144542724393,0.009132634197938787,0.007240684045247232,0.001147551222767981,0.007176351145633141,0.006550333616218093,0.0044062454061112415,4
Gottigere Kere,05/25,4,0.03258776814536841,0.054765676543945326,0.03643738843118285,0.06327670110896218,0.03625707473556182,0.03830565422575372,0.03255367015057233,0.0306434657235556,0.0457173459622387,0.03900415081467011,0.005807648517015137,0.005552457389054064,0.005945299214794888,0.007462171286557474,0.010348093840163984,0.009728825977513539,0.0071293576187833226,0.011504884737098424,0.014287623407164367,0.010919112523823743,191
Kothanaru Kere,05/25,4,0.02758461539275371,0.07121461578286611,0.043620769307017325,0.0747261538528479,0.04418615409387992,0.05057000042154239,0.04419615357541121,0.04638538486682452,0.06200307676425347,0.04946461531978387,0.011921996345174872,0.010662619016235728,0.011010446171191028,0.011696739116535024,0.013753266834321095,0.012945102249059443,0.00780948771424092,0.012639631463520769,0.016305621588672336,0.010042202400055378,65
RBI layout kere,05/25,4,,,,,,,,,,,,,,,,,,,,,0
Chunchanaghatta Kere,05/25,4,0.043635714266981394,0.08474285687719073,0.052014285432440896,0.08131428488663264,0.053835714768086164,0.061035714245268276,0.05428571387061051,0.05756428624902453,0.06811428575643472,0.05415714319263186,0.0014509148104801433,0.0021754196499557833,0.0020715267542272347,0.00454687528946956,0.007729407000708798,0.011659612978029938,0.005438205605754828,0.008197526272610896,0.006905055171636058,0.004281641308991961,14
Alahalli Kere,05/25,4,0.03304010717741542,0.053967853626803196,0.03938030232292076,0.058042335099864215,0.042141163212771844,0.045598488928176056,0.038035353779890584,0.041544719636634836,0.05141798299851554,0.04155288400403873,0.009078325682822895,0.007767173235394367,0.0078578617102374,0.00872314514143231,0.012193233852560392,0.012544361412945668,0.007954774939455251,0.013742584189358148,0.01222079459985078,0.008792606195395795,85
Kembathahali kere,05/25,4,,,,,,,,,,,,,,,,,,,,,0
Doddakallasandra  kere,05/25,4,,,,,,,,,,,,,,,,,,,,,0
Konanakunte  kere,05/25,4,,,,,,,,,,,,,,,,,,,,,0
Thalagattapura lake,05/25,4,0.05962843155744029,0.07230980380200873,0.061090196099351436,0.07116176502085199,0.05444411750809819,0.055483333109056246,0.048556862727684134,0.05302254906764217,0.06477548992809128,0.05179607853585599,0.019351440818134884,0.016080816193025236,0.01478430868685748,0.01514225258677349,0.01997377626424724,0.0194350339750183,0.014087830376204456,0.022975737325035387,0.018197172533713335,0.011279909695694222,51
Vajarahalli Govt.Katte,05/25,4,,,,,,,,,,,,,,,,,,,,,0
Harohalli kere,05/25,4,0.03999731417221964,0.07151177682536693,0.04938966948692956,0.07977148753490822,0.054889669287795866,0.05619669430850705,0.04526404972565322,0.04511900848424262,0.044689256243777176,0.03414710744261003,0.007936568297507052,0.008769479740231626,0.009025341714373674,0.008698004295791945,0.013822699360560287,0.015063256107298213,0.013154228599262154,0.015453509015074989,0.010940569548707322,0.007309317761024486,242
Puttenahalli Lake,05/25,4,0.038200000301003456,0.0608500000089407,0.038750000298023224,0.04105000011622906,0.04174999985843897,0.05034999921917915,0.042649999260902405,0.05844999849796295,0.05285000056028366,0.035099999979138374,6.999988108873367E-4,5.499999970197678E-4,6.499998271465302E-4,0.0021500010043382645,0.016150000505149364,0.018149998039007187,0.003949999809265137,0.006549999117851257,0.006149999797344208,0.0028000008314847946,2
Chellakere kere,05/25,4,,,,,,,,,,,,,,,,,,,,,0
Horamavu Agara,05/25,4,0.04280619299141979,0.06272909385446047,0.04399192558817582,0.06546774006953049,0.04436989849846445,0.045027067123503434,0.039480714430319,0.037985114602708696,0.0476219116391408,0.04117789764689022,0.005924658117690603,0.006846588871593769,0.007379170271545775,0.008012235863688886,0.010204631844292641,0.009853184762640453,0.00681848648075051,0.011100536609898775,0.010697084645507351,0.007448746949768953,219
Horamavu kere,05/25,4,0.047686046465884806,0.07773837256570194,0.05763837261948475,0.07944418637211932,0.0598883721544299,0.06029651132087375,0.05131511650113172,0.052709302626723464,0.05832209290806637,0.04728372057163438,0.007021116990057728,0.009438909040590509,0.010748661099203737,0.013478653307600605,0.01621712366063078,0.017938746749800314,0.011775716903298929,0.01720035233024007,0.01355805910686227,0.009005713123734443,43
Kalkere Kere,05/25,4,0.05531395074026084,0.08113925936229435,0.061695185372674904,0.0881151851956491,0.06263493852298936,0.06303938275869982,0.051954197699641005,0.04927185187921112,0.05257320996419883,0.041967284058531125,0.012678332212822243,0.013832963451143892,0.017895436638836408,0.014815460621261576,0.011886773291037234,0.012722930596619633,0.010533831263016914,0.011135216507351844,0.0074428815507994696,0.0047743641665077075,405
Nagareshvara Nagenahalli Kere,05/25,4,0.08858812497301317,0.15902355204926505,0.13335718978642205,0.17993545864235622,0.11343893393971943,0.11868371667694821,0.09591044258698443,0.08925164070694046,0.08109771747549344,0.062871818720851,0.007527347195004055,0.01141681198616885,0.0192857495820913,0.017477995771593622,0.02521532652238098,0.026573617603944034,0.019919493957407122,0.029310812620467093,0.03459046637637525,0.024382222033754498,43
Rampura Kere,05/25,4,0.040572906388978154,0.0684034294229625,0.04563502666985242,0.06999976438673038,0.04975163725654082,0.052614980330888385,0.044289641742990646,0.04268884328605883,0.04186272670346788,0.032951448607344266,0.006959378726023334,0.011435823037375373,0.010981226764704468,0.01669805403253255,0.013220776154849255,0.014196834098473492,0.010635332287960193,0.012824399478347648,0.009025579201713397,0.007543681574062512,292
Atturu kere,05/25,4,0.049454519840872894,0.08154265537310791,0.06340974589315175,0.09112853107521426,0.06361920900095654,0.0647127118361535,0.05300282493844039,0.05210254256124214,0.05071144072223181,0.041262288156917876,0.014068047779992252,0.02562731285436649,0.022323943539061565,0.03207583213046393,0.020653251531293503,0.022665339323976692,0.018701329866248194,0.016217734037300282,0.007703834688090906,0.005483467447788393,354
Veerasagara kere,05/25,4,0.026301441438200346,0.05534090892640686,0.026724958159941054,0.08344045865347643,0.04690954833580595,0.04829159162441604,0.035642824168767226,0.027558492495806938,0.02945327780882498,0.024913068178789445,0.003087800295651405,0.0034410315358899962,0.0035298043865454234,0.005296226821095814,0.006923433548669773,0.007249754159310574,0.005553909855677278,0.007293552014233331,0.006384853115296401,0.004904372376123377,82
Dodda bettahalli,05/25,4,0.015011111481322182,0.026144444321592648,0.021388888772990968,0.02128888914982478,0.020855555621286232,0.022066666848129697,0.017955555580556393,0.02043333339194457,0.04109999992781215,0.036044444888830185,0.0014999590119344495,0.002699016493443593,0.0027270026741092065,0.006222618959589852,0.006286336312946544,0.004919349219532016,0.0029758701098742974,0.004667618811897554,0.00578100351233171,0.005849238053462842,9
Dasarahalli kere,05/25,4,0.016116666452338297,0.0384166669100523,0.020933333473900955,0.06598333331445853,0.04300000083943208,0.04028333413104216,0.030333333338300388,0.024033333485325176,0.027133333186308544,0.024000000519057114,0.0013885446792542236,6.914164106462091E-4,6.446355499495916E-4,0.0035225080579647954,0.0012935736792502538,0.0034700702320028492,6.01849304379105E-4,0.004502838855769432,0.0032653060598546065,0.002916047443660054,6
Doddabidarakallu lake,05/25,4,,,,,,,,,,,,,,,,,,,,,0
Allasandra Lake,05/25,4,0.0664500001412217,0.11715594052088142,0.07164108924715236,0.15306831660247086,0.10906188138345681,0.11310717828645564,0.09216113845900734,0.07626014861213688,0.04393391097241109,0.036991336622671914,0.01168204176352639,0.010648305225554688,0.01102897375606545,0.008565223697710253,0.008101454916782335,0.008644122078753948,0.008900978328915558,0.00907896521974391,0.008215639537393585,0.007733147434708544,202
Andhrahalli Lake,05/25,4,0.023090000078082085,0.05029000081121922,0.027899999730288984,0.05136499963700771,0.028000000305473803,0.031140000186860563,0.022445000149309634,0.02308499999344349,0.039140000380575656,0.029000000283122062,0.004038180287447228,0.005240314925321415,0.004779539132978364,0.004688392430141517,0.010316007023676712,0.012714102923046904,0.007681615727665916,0.014286672712004794,0.010955473140999449,0.006261789411406737,10
Handrahalli kere,05/25,4,,,,,,,,,,,,,,,,,,,,,0
Narasappanahalli kere,05/25,4,,,,,,,,,,,,,,,,,,,,,0
Valagere,05/25,4,0.028677777852863073,0.05474722209490008,0.03745972230616543,0.07556388951424095,0.051997222316761814,0.05389722198661831,0.04355138912796974,0.03935694440992342,0.04622222245153454,0.038798611145466566,0.0055915665331792526,0.005862687139349525,0.006199460229488037,0.00854378118462581,0.00865835225709425,0.007589301359527008,0.005227697008698188,0.00837128140400872,0.005973232308533314,0.005990669628402459,36
Shivapura New tank,05/25,4,,,,,,,,,,,,,,,,,,,,,0
Agrahara Lake,05/25,4,0.024302500113844872,0.03678750009275973,0.027180000208318233,0.051480000093579295,0.03348249988630414,0.033289999980479476,0.026492500212043524,0.025695000076666474,0.03558999998494983,0.029020000202581286,0.0035898809513481324,0.004522288430190448,0.003937842362469481,0.006002340943756121,0.00562329492520905,0.006497568634279369,0.005099578151748856,0.008528538835197929,0.00801647674698557,0.005976963971500854,40
Chokkanahalli lake,05/25,4,,,,,,,,,,,,,,,,,,,,,0
Jakkuru lake,05/25,4,0.052456639924459536,0.07721971829142608,0.046344668077870875,0.11733873221476074,0.08047112679367574,0.08007605643699346,0.060272032196373046,0.04742947700517758,0.029146478963000193,0.02355140850877378,0.023348132005929025,0.018840948543438367,0.015550285086791304,0.020766984548635462,0.018258469338793486,0.017702276286930104,0.015555248420507277,0.014277596847315423,0.011729954556117342,0.009830125931920461,497
palanahalli,05/25,4,,,,,,,,,,,,,,,,,,,,,0
Kattigenahalli lake,05/25,4,,,,,,,,,,,,,,,,,,,,,0
Kogilu kere,05/25,4,0.016333742370040503,0.024927607423231645,0.019365644230981544,0.033455214674578855,0.020862576761711504,0.019624539869523214,0.015375460126648652,0.01527852765670149,0.029618404897078416,0.023442331352985343,0.006246444224906,0.0074398553849251,0.0064743323476549475,0.007866580425385685,0.007225271688404484,0.008082246544144401,0.007112160884473945,0.009334215380763341,0.00711256762372991,0.005408943867023929,163
Venkateshapura lake,05/25,4,,,,,,,,,,,,,,,,,,,,,0
Bellihalli kere,05/25,4,,,,,,,,,,,,,,,,,,,,,0
B. Channasandra lake,05/25,4,0.052690917666827645,0.08458237472800327,0.05565678449557726,0.09389080514524856,0.06678158953299375,0.07024185372685036,0.058757639540573135,0.0561147695068395,0.05414043645213912,0.0455375661057038,0.0035857119139637,0.005394570270974411,0.00465300571786136,0.006226116252614516,0.009357596640736762,0.009753047035901841,0.005853741157240632,0.010303257202112536,0.009527990697332175,0.00814149716511648,84
Byappanahalli kere,05/25,4,,,,,,,,,,,,,,,,,,,,,0
Kowdenahalli Kere,05/25,4,,,,,,,,,,,,,,,,,,,,,0
Krishnarajapuram kere,05/25,4,0.05306538461874693,0.09392435925129132,0.06332948698829381,0.10275897479210144,0.06690641034107941,0.06983717932150914,0.058994872256731376,0.052770512799421944,0.04854487178799433,0.039675641422852494,0.004685522770678719,0.00628389183680864,0.005428140208472365,0.006744522267886421,0.009163249654858312,0.010044878109271321,0.0063110789569929895,0.009360484564112937,0.00710273364670932,0.005718333929116634,39
Basavanapura kere,05/25,4,0.033724999676148094,0.05146666709333658,0.03811666617790858,0.05700000034024318,0.04534166678786278,0.046433333617945514,0.039758333625892796,0.041558333517362676,0.0469500000278155,0.03853333337853352,0.0026879753274263412,0.003335249557564162,0.003675557489484092,0.005791228822185691,0.005763022407512056,0.004693671793264379,0.0036282363276217682,0.010055136785659148,0.009557850094483795,0.008413514582841269,12
Shegehalli kere,05/25,4,0.036100403540917946,0.056641532168273,0.03503508090732559,0.0619120966462839,0.048291935585439205,0.04846612913834472,0.03933185486183051,0.03705645173848156,0.03447983872085329,0.02815564520536892,0.0026979719087496614,0.0032601064705864145,0.003306500059263113,0.003753043831267124,0.005481160700933465,0.006820680171668468,0.003443181285554743,0.00795775092585292,0.005037996541431155,0.003784871205413948,124
Mangamanapalya Kere,05/25,4,0.0331624997779727,0.04376249993219972,0.03476249985396862,0.04763749986886978,0.04052500054240227,0.04358750022947788,0.034650000277906656,0.039725000504404306,0.03981250058859587,0.028075000271201134,0.0011433919071964288,0.001972268005987652,0.0017131387267518906,0.002957591110706322,0.0062515503817219395,0.008951737241039141,0.0017599709689911007,0.005209306410781839,0.003363569122144428,0.0031613879920955224,8
Hoodi kere-2,05/25,4,0.04944999888539314,0.08114999905228615,0.061249999329447746,0.09974999725818634,0.07039999961853027,0.07845000177621841,0.06435000151395798,0.061649998649954796,0.055549999698996544,0.04350000061094761,6.499998271465302E-4,0.001550000160932541,0.0019499976187944412,0.003949999809265137,0.001400001347064972,0.003550000488758087,0.0013500005006790161,0.001149998977780342,0.0013499986380338669,0.0013999994844198227,2
Jimkenahalli Kere,05/25,4,0.06956983432356455,0.11406968079923048,0.08209310259594646,0.12108188300210226,0.08933433398357715,0.09534868189595654,0.07916673842947736,0.07599083433563836,0.07721238555232489,0.0626782954291907,0.005486656581580721,0.005772210646554809,0.006554406273547926,0.009227569678801414,0.012843790131269297,0.013784850675718887,0.008537417068931392,0.011919486154711324,0.017756413907929848,0.011277484882537037,32
Kodigehalli lake,05/25,4,0.05790101960644504,0.09106511139492195,0.05967947780775597,0.07483986431936146,0.048653426127699725,0.050019692654396535,0.04144774322661387,0.04374348826498477,0.05443841983932085,0.045727813762189505,0.0065183867423663005,0.006059782415681882,0.007296239396263664,0.0088761301752234,0.01294610145929834,0.01339295479670154,0.010472739794881331,0.015458715160569214,0.01517388321028023,0.010750740677548627,298
Gangashetti kere/ Devasandra kere,05/25,4,0.07756153837992595,0.12710384680674627,0.09597307672867408,0.1268038468865248,0.0777230764237734,0.09090769147643676,0.08036538471396153,0.08023076934310105,0.08795384632853362,0.06399615395527619,0.010040803310463078,0.011973158558262526,0.010809061846713595,0.01304151650135793,0.017806033299734236,0.017618017770770055,0.010222747298908244,0.01969843247710914,0.01691647334020891,0.011525906489908026,26
Vijinapura kere2,05/25,4,0.030566666275262833,0.049300000071525574,0.03480000048875809,0.05636666715145111,0.05480000004172325,0.0484333336353302,0.03943333402276039,0.052166666835546494,0.047533334543307625,0.03596666703621546,0.0023156464789942134,0.0029405204700997177,0.002566448847448065,0.006304673477392733,0.016556771306355474,0.00893171632721806,0.0025952957105061978,0.01581757165634768,0.005877830274235965,0.006599662616724864,3
B.Narayanapura kere,05/25,4,0.04188333327571551,0.07293333361546199,0.052224999914566674,0.08529999976356824,0.05944999990363916,0.06499166724582513,0.056508333111802735,0.05886666662991047,0.052091666807730995,0.04015833387772242,0.0029208545548793513,0.004961742059461776,0.003449366143037893,0.0072892040143413125,0.004979542049735293,0.006499257745021142,0.003823437472361644,0.011949464340773337,0.006865519719885968,0.006722376557759948,6
Melinakere,05/25,4,,,,,,,,,,,,,,,,,,,,,0
Kelaginakere,05/25,4,0.04302640824902429,0.0652512667868339,0.044595745843705466,0.07777221466884239,0.0570113897337896,0.05887230000841039,0.04808808539324427,0.04812566108616625,0.04976190444906188,0.03944160772256665,0.004713589205372881,0.005574967274385798,0.0049706505870134084,0.007072499919205278,0.009744874751084417,0.010534983488908717,0.005493159786326967,0.012146168390833214,0.011790962685610433,0.008697522124836307,39
Rachenahalli kere,05/25,4,0.047444210554424084,0.08052736842318585,0.04324403508451947,0.1172691226528402,0.09075666668645123,0.08778368435930788,0.062401754409074785,0.05171192983786265,0.03153210543749625,0.026748421164066123,0.004498030029670225,0.004853962306027836,0.0036130537330873063,0.013889162336265108,0.007244187718890601,0.0075541544059060965,0.004689465370646986,0.0037766686947778385,0.012805263408094405,0.010964151664428995,285
Amruthahalli Lake,05/25,4,0.031105262962611097,0.04500263203915797,0.034163157602674084,0.044155262998844445,0.03676842084448589,0.03920263140217254,0.03365789491095041,0.03742631583621627,0.04164210550094906,0.03352894771255945,0.003759125612973533,0.003387262157185017,0.003824121361726826,0.004445071225141644,0.006138343794149496,0.006126763155975375,0.0037700090365445425,0.0057794178497739875,0.0036315236711545406,0.00367299263499461,19
Nagawara Lake,05/25,4,0.03399587267096031,0.0649935143103577,0.038686910494810565,0.08284186334612798,0.056066155706022705,0.057777358473823315,0.04593820769761531,0.040244929299180235,0.04014127361500319,0.03450837267457314,0.002732681406537264,0.0029779693210817116,0.002873873841359631,0.0033478183870603094,0.00555931816315702,0.006319236855053508,0.003904042389897761,0.005300093888346649,0.006211920399422008,0.0055305397330655546,424
Herohalli Lake,05/25,4,0.05011000024775664,0.06528000036875407,0.04838666692376137,0.09168000047405561,0.056780000155170755,0.0594800000389417,0.04929333354036013,0.041333333527048426,0.03799333361287912,0.03411333374679089,0.0015952741162476958,0.0014927382708203128,0.00168002629529033,0.0048462633027722265,0.004457159157670442,0.003925251869138754,0.002913638435342281,0.002411131513567056,0.0016760933746014263,0.0013497487004455334,30
Hebbal  kere,05/25,4,0.0334047105096309,0.04967469504593982,0.0337081576908184,0.06405042952653658,0.040444791386143895,0.04179234270728633,0.03382427593302367,0.030521711946117174,0.0334166315702983,0.027498023535337812,0.013491303276972642,0.01166352705216963,0.010261841869466565,0.009987583310064998,0.012148412985122481,0.01160342589751337,0.010026281628967374,0.012527911384621046,0.009960215693357598,0.007778226977019246,765
Mahadevapura kere,05/25,4,0.04128023202377865,0.0744980052440511,0.045591254710902855,0.09382702768113403,0.062196463549029336,0.06350590652042438,0.05236876243822026,0.047915671518585126,0.04716970577225123,0.03995970147322254,0.005838737901628479,0.007619908775533291,0.005486939581365363,0.00992925798184091,0.01032493378194085,0.010077324421207984,0.006971320724689584,0.009899220569505974,0.00800338835311775,0.006513654442863606,123
Vibhutipura kere,05/25,4,,,,,,,,,,,,,,,,,,,,,0
Rajapalya Hoodikere,05/25,4,,,,,,,,,,,,,,,,,,,,,0
Achanakere,05/25,4,,,,,,,,,,,,,,,,,,,,,0
"Yekkalagatta kere,Mahadevepura Kere",05/25,4,0.035264285281300545,0.06218571455350944,0.04104285687208176,0.07588571416480201,0.05260714276560715,0.05875714282904353,0.045757142560822625,0.048271428527576585,0.052978571238262315,0.0412357146186488,0.0011985746144177864,0.0019693571608483625,0.0017286304498743187,0.006012588136112632,0.008272109529601947,0.011144359271895275,0.0030523328032602145,0.009487843860873577,0.013144264298303983,0.010370673280277408,14
Pattaduru Agrahara kere-2,05/25,4,,,,,,,,,,,,,,,,,,,,,0
Nallurahallikere,05/25,4,0.07590467301763107,0.11638037379935523,0.09805794359646111,0.13017523330505762,0.09062943920910915,0.09418457931029463,0.0769724296144793,0.07258738330173715,0.06484392536020725,0.052753270960578295,0.006459740424155514,0.008532786599466588,0.008184676521036922,0.013498356282870022,0.011038323391627856,0.01305652374869519,0.007553717889193404,0.013097952409449762,0.017106587557663002,0.011527803225459037,107
Thubarahalli lake,05/25,4,0.049912781194458626,0.08467446137325697,0.05398646020307589,0.08508149628292833,0.05595375242501304,0.05746665864725889,0.04701465897625599,0.04802866679376537,0.0576266382942451,0.04633328473511916,0.004619873113481885,0.005741712432309912,0.0067859716372083365,0.010524665857286173,0.01282246078785335,0.015072263147262108,0.010194698148272284,0.01594147958681904,0.021371814577124636,0.015521868556200816,133
Sheelavantana kere,05/25,4,0.06356185501512791,0.09441426927652671,0.059136420059774174,0.11682038774535156,0.0984784805842849,0.0940838787264648,0.07196547426071077,0.0661190050966371,0.042247031379164635,0.033057354097440324,0.004966874423299271,0.007100890801148475,0.004682053263211819,0.01233791759317009,0.011469697814773505,0.010360945114002198,0.0059485172644935785,0.006297154864730379,0.005717242627841967,0.00509416630648376,51
Doddanekundi Kunte,05/25,4,,,,,,,,,,,,,,,,,,,,,0
Chinnappanahalli  kere1,05/25,4,0.04122222194241153,0.06826666742563248,0.04516111169424322,0.09062777790758345,0.0658888891339302,0.06639444455504417,0.05267777769929833,0.04785000015464094,0.037933333673410945,0.03092777801470624,0.0015963691422463914,0.0011614158912303804,9.01935205739453E-4,0.002443086530567612,0.004143386393621371,0.005236672801226077,0.001972182371488311,0.0058357379276248655,0.003755144780394856,0.0035266928010523457,18
Doddanekundi kere,05/25,4,0.04670762549366615,0.07067345544825304,0.05454652520205869,0.07029420857292575,0.04449565638518357,0.04750077226504856,0.04228175673849564,0.041309749121457684,0.04430395747358735,0.03676274134759507,0.005705396503975025,0.011108564040260904,0.007791444012767711,0.009627122715626796,0.00881626947825359,0.008488391356212386,0.006389461750870181,0.008538338307555246,0.006663015117798718,0.005197335750002584,518
Kundalahalli kere,05/25,4,,,,,,,,,,,,,,,,,,,,,0
Acchanakere,05/25,4,0.0538666658103466,0.09963333358367284,0.05890000114838282,0.13229999939600626,0.09813333302736282,0.09993333369493484,0.0803999975323677,0.06649999817212422,0.03636666759848595,0.028733333572745323,6.236091688673058E-4,8.49835872547406E-4,7.071064580605726E-4,0.0036285941075626807,0.0015062807706117734,0.00701727938579995,0.0010614452729375097,0.001632993429524775,9.533558485014897E-4,0.0011813365787936207,3
Varthur lake,05/25,4,0.06601280505519087,0.08515365848817476,0.07320792655028947,0.08802743896660281,0.07307012215620134,0.07820061012739088,0.06031158548302767,0.07420000006876341,0.067791463534643,0.061271341585713186,0.03233609667803098,0.03458616113112215,0.047985299897599164,0.05492005095938896,0.06188015787938899,0.06817871126199199,0.026410456264129672,0.07591094869022202,0.05794658529847322,0.07270186240297369,82
Narasipura Lake-1,05/25,4,0.13524270133522456,0.2179383515146098,0.2099913169551797,0.22737582467362555,0.15678717394521136,0.1663742150308308,0.1384267310742958,0.1268764315479753,0.08075131989895606,0.05556041322833953,0.01769378649012807,0.02869036787859129,0.027771143927696428,0.026131088657381632,0.01998219040822408,0.021048191209645455,0.01894821427934158,0.019858099357694003,0.021426867223350146,0.013211817304762244,21
Narasipura Lake-2,05/25,4,0.053469999134540556,0.08355000019073486,0.07268999963998794,0.08016000092029571,0.04891000092029572,0.059439999610185625,0.051820000261068346,0.05332000106573105,0.054609999805688855,0.03696999996900559,0.004226299187391828,0.004265089859032995,0.0016505752411403384,0.0057763636897546055,0.006613274520102719,0.007782313463928762,0.0028659377496546255,0.009135787792092976,0.004959071840273576,0.001981313030708994,5
Ulsoor Lake,05/25,4,0.06750687988972537,0.12851399209511224,0.07224555931565381,0.14351621603489406,0.08749544495220542,0.08915008380771282,0.07160578032525698,0.05969626156171264,0.04150691173197539,0.03517379830619425,0.006481084161389633,0.011711358244882867,0.007511663412124647,0.012578911615811305,0.009890358537606407,0.010877332803722401,0.008719837143412179,0.011944117201341663,0.010577958405071473,0.007810302601809267,771
Gunduru Lake,06/25,1,,,,,,,,,,,,,,,,,,,,,0
Doddebele,06/25,1,0.023177143026675496,0.0458514287003449,0.03136857151985169,0.07027428597211838,0.03416571452149323,0.039811428317001886,0.03508285725755351,0.03572285744760718,0.05318000018596649,0.04017428585461208,0.003712687626983849,0.004539249350216621,0.0025892935328174858,0.003025731424506389,0.004192370517094451,0.0038976015052265916,0.003115444158877328,0.0050216153227623465,0.002163040276464127,0.0015536763679500258,35
Somapura,06/25,1,,,,,,,,,,,,,,,,,,,,,0
Mailasandra,06/25,1,,,,,,,,,,,,,,,,,,,,,0
Kengeri 1,06/25,1,,,,,,,,,,,,,,,,,,,,,0
Kengeri 2,06/25,1,,,,,,,,,,,,,,,,,,,,,0
Chenvinayanahalli,06/25,1,,,,,,,,,,,,,,,,,,,,,0
Annamma kere,06/25,1,,,,,,,,,,,,,,,,,,,,,0
Deevatigeramnahalli kere,06/25,1,,,,,,,,,,,,,,,,,,,,,0
Devarakere,06/25,1,,,,,,,,,,,,,,,,,,,,,0
Doraikere,06/25,1,,,,,,,,,,,,,,,,,,,,,0
Goudanakere,06/25,1,0.044845454056154595,0.09140909056771886,0.05729090930386023,0.1125727268782529,0.06939090991562064,0.07704545354301279,0.06789090924642303,0.06287272748622028,0.07067272744395516,0.05809090862219984,0.00623543619326626,0.005415375363928904,0.00419251672436113,0.005170210836463725,0.004085774282171736,0.005409143461640235,0.004389958021193586,0.005849956069775507,0.00645052443273022,0.003618500888364924,11
Gubbalal kere,06/25,1,,,,,,,,,,,,,,,,,,,,,0
Halagevaderahalli kere-2,06/25,1,0.039250001311302185,0.07474999874830246,0.0698000006377697,0.07530000060796738,0.07414999976754189,0.07999999821186066,0.054349999874830246,0.06385000236332417,0.07905000075697899,0.05870000086724758,2.500005066394806E-4,0.0018500015139579773,5.999989807605743E-4,0.0037999972701072693,8.500032126903534E-4,0.006200000643730164,5.000084638595581E-5,0.004150001332163811,0.0025500021874904633,0.004000002518296242,2
Herohalli Thotadakere,06/25,1,,,,,,,,,,,,,,,,,,,,,0
Hosakerehalli Kere,06/25,1,,,,,,,,,,,,,,,,,,,,,0
Kempambudhi lake,06/25,1,,,,,,,,,,,,,,,,,,,,,0
Laggeri Lake,06/25,1,,,,,,,,,,,,,,,,,,,,,0
Mallathahalli Lake,06/25,1,0.04357272759079933,0.06806363673372702,0.0639090903780677,0.07269090922041373,0.05292727290229364,0.061345454305410385,0.054318181831728325,0.06333636323159392,0.08402727408842607,0.07205454531041058,0.00906342197518277,0.007363827832106553,0.007389482877092186,0.008385751224190309,0.008313634756727207,0.009609972187560342,0.005372288638612869,0.008142065144022008,0.0050906495673701015,0.004804800867235554,11
Moge kere,06/25,1,0.04050000011920929,0.08475000038743019,0.05794999934732914,0.10314999893307686,0.06214999966323376,0.07654999941587448,0.0572500005364418,0.07274999842047691,0.07860000059008598,0.06354999914765358,5.000010132789612E-4,4.999712109565735E-5,0.001149998977780342,0.0011500008404254913,0.0043500009924173355,0.005350001156330109,2.500005066394806E-4,0.005550000816583633,0.0016000010073184967,0.0018499977886676788,2
Muppatu Kavalu Hosa Kere,06/25,1,,,,,,,,,,,,,,,,,,,,,0
Nayandanahalli kere,06/25,1,,,,,,,,,,,,,,,,,,,,,0
Sankey Tank,06/25,1,0.019147661153615898,0.038294872540640956,0.02736497705081202,0.03146442733798433,0.014878848489064804,0.021626838851320697,0.020396206276778458,0.02513936500368465,0.047905072527074904,0.03738554362411551,0.00367734063970066,0.004349293463359254,0.004405739459910449,0.005637812849407441,0.00701104772877795,0.007932634950562909,0.006401552572901286,0.008681522552342176,0.008687532676486372,0.007179724889520708,235
Subramhanyapura kere,06/25,1,,,,,,,,,,,,,,,,,,,,,0
Ullalu lake-2,06/25,1,0.035068333397308984,0.06915666684508323,0.05234666708856821,0.06294333338737487,0.026698333381985625,0.03401666693389416,0.028896666690707208,0.029974999992797773,0.05303166663895051,0.0404166671137015,0.002399478150698079,0.0024788014766439566,0.00729489505423689,0.005313609916559614,0.010785955091942268,0.012352977628863294,0.008899343761263456,0.01089904634412576,0.010414308682843454,0.008225431123056102,60
Valagerehalli kere,06/25,1,,,,,,,,,,,,,,,,,,,,,0
Yediyur kere,06/25,1,,,,,,,,,,,,,,,,,,,,,0
Bhimmanakuppe Govt lake,06/25,1,,,,,,,,,,,,,,,,,,,,,0
Srigandhakavalu Karabu Katte,06/25,1,,,,,,,,,,,,,,,,,,,,,0
Janaradhan kere,06/25,1,,,,,,,,,,,,,,,,,,,,,0
Konashetty kere,06/25,1,,,,,,,,,,,,,,,,,,,,,0
Nagarabhavi (Un-named Lake on map),06/25,1,,,,,,,,,,,,,,,,,,,,,0
Sompura Govt.lake,06/25,1,,,,,,,,,,,,,,,,,,,,,0
Lakshmipura Lake,06/25,1,,,,,,,,,,,,,,,,,,,,,0
Amrutnagar Lake,06/25,1,0.03401578943196096,0.06340526279650237,0.051284210854455045,0.07524210606750689,0.04089473697699999,0.04848947356406011,0.04568421134823247,0.04754736862684551,0.06698947360641078,0.052636842194356416,0.005089438665588416,0.00609283182906272,0.00454385206688138,0.00573487137695144,0.0056840936124063915,0.007154453560287428,0.0038724755733543907,0.004676522357595744,0.002979030498620399,0.0017433210459671116,19
Hoysalanagara Lake,06/25,1,,,,,,,,,,,,,,,,,,,,,0
Basavanagar Lake,06/25,1,,,,,,,,,,,,,,,,,,,,,0
Ajjegowdana katte,06/25,1,,,,,,,,,,,,,,,,,,,,,0
Kodigehalli kere,06/25,1,,,,,,,,,,,,,,,,,,,,,0
Kommaghatta Govt. Lake,06/25,1,0.021870212794565563,0.05223404267366896,0.030900709291404867,0.0734148937019896,0.03296950360403416,0.040061702489430175,0.03472695028052685,0.03403829799053517,0.05103262426688316,0.037168794384239416,0.004272404265119268,0.0042975472771373474,0.003937679288125879,0.004186738941179342,0.0062739689889235815,0.006836392713204915,0.0054492876955177915,0.007170701706046714,0.004107535112251252,0.0029471257888909128,141
Manganahalli Lake,06/25,1,0.011169682162378921,0.017193398588680842,0.018691442590343485,0.03626821532135051,0.009873349652204362,0.012747432767871249,0.010034963355370066,0.014226405866544303,0.04544474329334891,0.03600317862768337,0.00496981698020691,0.004889365779260944,0.004593010472968938,0.004876380595885745,0.005459922823008767,0.005949559735031815,0.0052549871781164634,0.0058108226286663215,0.0041802455272627465,0.0035486922553465278,409
Bhattarahalli kere,06/25,1,,,,,,,,,,,,,,,,,,,,,0
Thirumenahalli lake,06/25,1,,,,,,,,,,,,,,,,,,,,,0
Avalahali kere,06/25,1,0.026622762187810428,0.045800128013200464,0.03148772385295318,0.06855856800151755,0.0413809463553264,0.04182531977610667,0.032594884919655294,0.032678516707895205,0.04388120214995521,0.03652531983773879,0.005980735739599217,0.006860134515669043,0.005293124302813708,0.005370931308511092,0.005471916936818869,0.006462241193542625,0.005838686060274664,0.005879286508894889,0.003554377203579593,0.002695700532413276,782
Begur Lake,06/25,1,0.07843108107713428,0.10991621621557184,0.08607162172729904,0.11581216148428015,0.08054459477598602,0.08778108142920442,0.0798054056091083,0.08201891878569448,0.08881891891360283,0.07313243204073326,0.009036292113782686,0.009127090795625407,0.0088721321523481,0.010090709195930768,0.014992981372377132,0.018123440965572512,0.01141175188016238,0.022227890150340192,0.01567057490793711,0.016424660826715225,74
meenakshi lake,06/25,1,,,,,,,,,,,,,,,,,,,,,0
Kannuru kere,06/25,1,0.04900000084723745,0.07864285686186381,0.05897142897759165,0.06184285772698266,0.05114285701087543,0.05837142786809376,0.05451428570917675,0.06084285782916205,0.07967142867190498,0.0588714283491884,6.824327900195595E-4,0.001156173144869488,0.0010484198569786793,0.004325624651099477,0.006938888446401611,0.008937514544319198,0.004141576164734798,0.009139218232987377,0.006008736592746663,0.003878406767296869,7
Kannuru kere,06/25,1,0.04900000084723745,0.07864285686186381,0.05897142897759165,0.06184285772698266,0.05114285701087543,0.05837142786809376,0.05451428570917675,0.06084285782916205,0.07967142867190498,0.0588714283491884,6.824327900195595E-4,0.001156173144869488,0.0010484198569786793,0.004325624651099477,0.006938888446401611,0.008937514544319198,0.004141576164734798,0.009139218232987377,0.006008736592746663,0.003878406767296869,7
Doddagubbi kere,06/25,1,0.015283018901194417,0.025794339723557047,0.024832075567178008,0.04854339628287081,0.018865408809304988,0.02126100627740599,0.020053459202530998,0.01907358504831791,0.0464798741792358,0.03783333353089087,0.0024477227600109026,0.002189547673485564,0.0020414054381432175,0.00203598219629635,0.0021589942143334434,0.002469764592130908,0.002022849938256044,0.002263921404949377,0.0019661533940049996,0.002103894833485514,159
Suggata kere,06/25,1,,,,,,,,,,,,,,,,,,,,,0
Yelahanka Lake,06/25,1,0.03344024388437591,0.06465853696189276,0.04577073193632248,0.09808658572231851,0.06375609747156864,0.07144756079083536,0.05003780499100685,0.06282073173035936,0.06509756115151615,0.06194634163161603,0.006946482938926067,0.007817225606421743,0.011688867857229179,0.01243203742737284,0.01856391151515187,0.02273664266894999,0.007311978859244404,0.02831876787558272,0.02076174369176138,0.024375799102687792,82
Dodda Bommasandra Lake,06/25,1,,,,,,,,,,,,,,,,,,,,,0
Singapura lake,06/25,1,0.0296916669079413,0.06759166717529297,0.055841666646301746,0.07727916693935792,0.04693333338946104,0.054129166683803,0.048708333323399224,0.05140833339343468,0.07070416724309325,0.056925000001986824,0.003705392063128882,0.004111459419113701,0.00464676585987933,0.004309967506047948,0.006619331458572589,0.00718925571566352,0.004277841519625259,0.005820360853960984,0.004809147776056585,0.0037349978001842755,24
Chellaghatta kere,06/25,1,,,,,,,,,,,,,,,,,,,,,0
Bellandur Amanikere,06/25,1,0.03826015804117248,0.0384392506521952,0.0378842209842372,0.04572386599533421,0.024194082893666313,0.026775739671886557,0.026429191397051133,0.028223076985902804,0.04500986192617896,0.03492643004117985,0.0051903595655737106,0.005274861183286028,0.004504937818915044,0.004945198786241227,0.0056098219637577065,0.0060636062523988545,0.005636320054251245,0.005896339972192621,0.003619487815131747,0.003196313825133061,507
Abbigere Kere,06/25,1,,,,,,,,,,,,,,,,,,,,,0
Kammagondanahalli lake,06/25,1,,,,,,,,,,,,,,,,,,,,,0
Mallasandra Lake-2,06/25,1,,,,,,,,,,,,,,,,,,,,,0
Chikkabanavara kere,06/25,1,0.03876536740380945,0.07353467292863419,0.054482363652527836,0.07043007158742709,0.03502886440211999,0.0410416388562278,0.0362532096438859,0.03863304003712582,0.06318460169091326,0.05162084400486816,0.011118129015902091,0.013864581131039817,0.01336403059698563,0.017382587021667967,0.016640830510665783,0.018630752585124127,0.01490060505053549,0.018559444102287045,0.015742225381102468,0.014609843957346729,450
Mallasandra Gudde lake,06/25,1,,,,,,,,,,,,,,,,,,,,,0
Bagalagunte Govt.Lake,06/25,1,,,,,,,,,,,,,,,,,,,,,0
Lalbagh kere,06/25,1,0.03617499954998493,0.04309999942779541,0.03324999939650297,0.05074999947100878,0.025325000286102295,0.0319749996997416,0.017975000198930502,0.031825000420212746,0.05102499946951866,0.04577500093728304,0.004693813309499778,0.006960962111261625,0.006663894935940828,0.009086940522325134,0.007931070718277722,0.007371015563273734,0.003275953988451402,0.006256347423932509,0.005823819474670603,0.005917927747181548,4
Chikkabellanduru kere,06/25,1,,,,,,,,,,,,,,,,,,,,,0
Carmelarm,06/25,1,,,,,,,,,,,,,,,,,,,,,0
Gunjuruplaya kere,06/25,1,,,,,,,,,,,,,,,,,,,,,0
Govt. Dinnekere,06/25,1,,,,,,,,,,,,,,,,,,,,,0
Panattur Govt.kere,06/25,1,,,,,,,,,,,,,,,,,,,,,0
Gramadakere,06/25,1,,,,,,,,,,,,,,,,,,,,,0
Ambalipura Kelagina kere,06/25,1,,,,,,,,,,,,,,,,,,,,,0
Melinakere,06/25,1,,,,,,,,,,,,,,,,,,,,,0
Sowl kere,06/25,1,0.0817249994724989,0.07495000089208285,0.06292500036458175,0.07804166649778684,0.05510833362738291,0.05616666687031587,0.05140000053991874,0.05103333325435718,0.06640000020464261,0.05454999984552463,0.0035942375338853887,0.002255548963011959,0.0018157295768025943,0.003642448426952602,0.005421479092443007,0.0076282735114179805,0.0036288193596689293,0.007161393394293749,0.003062134949407952,0.0017895532901989874,12
Bhoganahalli kere,06/25,1,,,,,,,,,,,,,,,,,,,,,0
Devarabisanahalli kere,06/25,1,,,,,,,,,,,,,,,,,,,,,0
Doddakanneli Gramadakere,06/25,1,,,,,,,,,,,,,,,,,,,,,0
Lakedew Appartment lake,06/25,1,,,,,,,,,,,,,,,,,,,,,0
Kaikondanahalli kere,06/25,1,,,,,,,,,,,,,,,,,,,,,0
Kasavanahalli kere,06/25,1,0.09456773271221061,0.1190194766751902,0.08235668568590353,0.09459534891729438,0.05899302347368279,0.06471191791730911,0.048337790822653576,0.06725261714526042,0.07190290722606141,0.06012441935884052,0.007813070983997748,0.011563577955288683,0.011710661031475179,0.022835799771599764,0.04276294925967428,0.04771713359449282,0.02932341180337902,0.058977174266865946,0.031117032521925245,0.024910149232616387,7
Mestripalya lake,06/25,1,,,,,,,,,,,,,,,,,,,,,0
Tavarekere lake,06/25,1,,,,,,,,,,,,,,,,,,,,,0
Byrasandra Kere,06/25,1,,,,,,,,,,,,,,,,,,,,,0
J P Park Kere,06/25,1,0.12084999904036522,0.22427000105381012,0.21416999846696855,0.2278200015425682,0.16899000033736228,0.1841600000858307,0.15665999948978424,0.14894999712705612,0.09583999961614609,0.06408000104129315,0.0247538782652375,0.051323583706556174,0.0811379548127987,0.07830296276225936,0.04788639557559862,0.0489079982413666,0.03971279904868441,0.027557512604695963,0.010183928688144545,0.00761351521410121,10
Agara kere,06/25,1,,,,,,,,,,,,,,,,,,,,,0
Ibbalur Govt. Lake,06/25,1,,,,,,,,,,,,,,,,,,,,,0
sarraki kere,06/25,1,0.05803333347042402,0.07160000006357829,0.06450000032782555,0.07163333396116893,0.053333332762122154,0.06259999983012676,0.033933334052562714,0.06569999891022842,0.08246666565537453,0.07746666545669238,0.017014178568489854,0.022515031630943344,0.03199541501763122,0.029849660398185113,0.0404450501918591,0.04740386774094752,0.024333836044598496,0.04753798294084336,0.034351549431995476,0.030881529479818905,3
Puttenahalli Kere,06/25,1,,,,,,,,,,,,,,,,,,,,,0
Madivala Kere,06/25,1,,,,,,,,,,,,,,,,,,,,,0
Somasundrapalya lake,06/25,1,,,,,,,,,,,,,,,,,,,,,0
singasandra,06/25,1,,,,,,,,,,,,,,,,,,,,,0
Kodagi Singasandra kere,06/25,1,,,,,,,,,,,,,,,,,,,,,0
doddakodlu,06/25,1,0.0853599987924099,0.08862000033259392,0.08361999988555908,0.10212999954819679,0.09328999966382981,0.10540000051259994,0.06847000122070312,0.11609000042080879,0.11376999840140342,0.10363999903202056,0.010048302943573903,0.014531194422606334,0.02228011708385166,0.028331750014395723,0.03578911477842326,0.040383409715540136,0.013284657365306719,0.04812806847023021,0.03430408276933709,0.03807852894426684,10
Karabu Kere/Konappana agrahara lake,06/25,1,,,,,,,,,,,,,,,,,,,,,0
Parapana Agahara Lake,06/25,1,,,,,,,,,,,,,,,,,,,,,0
Kudlu Chikere,06/25,1,,,,,,,,,,,,,,,,,,,,,0
Kelaginakere,06/25,1,,,,,,,,,,,,,,,,,,,,,0
Melinakere,06/25,1,,,,,,,,,,,,,,,,,,,,,0
Basavanapura Kere,06/25,1,,,,,,,,,,,,,,,,,,,,,0
Swarna Kunte Gudde Lake,06/25,1,,,,,,,,,,,,,,,,,,,,,0
Chikkabegur kere,06/25,1,,,,,,,,,,,,,,,,,,,,,0
Elenahalli Lake,06/25,1,,,,,,,,,,,,,,,,,,,,,0
Kalena Agrahara Govt. Lake,06/25,1,,,,,,,,,,,,,,,,,,,,,0
Infrastructure Corridor,06/25,1,,,,,,,,,,,,,,,,,,,,,0
Beratena Agrahara Lake,06/25,1,,,,,,,,,,,,,,,,,,,,,0
Mylasandra Dodda Agrahara kere,06/25,1,,,,,,,,,,,,,,,,,,,,,0
Arekere Govt. lake,06/25,1,,,,,,,,,,,,,,,,,,,,,0
Hulimavu Kere,06/25,1,0.06970000267028809,0.11949999630451202,0.08020000159740448,0.12240000069141388,0.08579999953508377,0.11079999804496765,0.08169999718666077,0.09610000252723694,0.10670000314712524,0.07349999994039536,0.0,0.0,0.0,0.0,0.0,0.0,0.0,0.0,0.0,0.0,1
Akashaya nagar Kere,06/25,1,,,,,,,,,,,,,,,,,,,,,0
Gottigere Kere,06/25,1,0.020338203291539347,0.05632409126273839,0.035125276330150196,0.07044123752521694,0.028763743483140477,0.034383609525020224,0.030021579534426655,0.029134481842074844,0.0529962111233812,0.04346268116060697,0.0027244247762812667,0.0023683866054782974,0.0027597537107014736,0.0048306060624343046,0.008932712618808496,0.010261237711733805,0.006163314394757108,0.012231643054927126,0.010525593624067499,0.007398941340531224,64
Kothanaru Kere,06/25,1,0.007989189147043068,0.053916216299340534,0.030064864889592736,0.06431891879922635,0.030672973072206653,0.039186486823333276,0.037313513457775116,0.038837837911135445,0.05661621649523039,0.04394594590003426,0.0022185682667456583,0.0021252041668029303,0.002062957174326411,0.004277460597133908,0.005427639551012659,0.0062087630918042135,0.004381173405238701,0.007312165205897645,0.005432609190570351,0.0034822790497866774,37
RBI layout kere,06/25,1,,,,,,,,,,,,,,,,,,,,,0
Chunchanaghatta Kere,06/25,1,0.043635714266981394,0.08474285687719073,0.052014285432440896,0.08131428488663264,0.053835714768086164,0.061035714245268276,0.05428571387061051,0.05756428624902453,0.06811428575643472,0.05415714319263186,0.0014509148104801433,0.0021754196499557833,0.0020715267542272347,0.00454687528946956,0.007729407000708798,0.011659612978029938,0.005438205605754828,0.008197526272610896,0.006905055171636058,0.004281641308991961,14
Alahalli Kere,06/25,1,,,,,,,,,,,,,,,,,,,,,0
Kembathahali kere,06/25,1,,,,,,,,,,,,,,,,,,,,,0
Doddakallasandra  kere,06/25,1,,,,,,,,,,,,,,,,,,,,,0
Konanakunte  kere,06/25,1,,,,,,,,,,,,,,,,,,,,,0
Thalagattapura lake,06/25,1,0.022199999541044235,0.03400000184774399,0.026799999177455902,0.030400000512599945,0.017400000244379044,0.02710000053048134,0.026000000536441803,0.03530000150203705,0.058800000697374344,0.04349999874830246,0.0,0.0,0.0,0.0,0.0,0.0,0.0,0.0,0.0,0.0,1
Vajarahalli Govt.Katte,06/25,1,,,,,,,,,,,,,,,,,,,,,0
Harohalli kere,06/25,1,,,,,,,,,,,,,,,,,,,,,0
Puttenahalli Lake,06/25,1,,,,,,,,,,,,,,,,,,,,,0
Chellakere kere,06/25,1,,,,,,,,,,,,,,,,,,,,,0
Horamavu Agara,06/25,1,,,,,,,,,,,,,,,,,,,,,0
Horamavu kere,06/25,1,0.012400000356137753,0.054499998688697815,0.032099999487400055,0.04960000142455101,0.03959999978542328,0.049800001084804535,0.043699998408555984,0.048500001430511475,0.07000000029802322,0.05420000106096268,0.0,0.0,0.0,0.0,0.0,0.0,0.0,0.0,0.0,0.0,1
Kalkere Kere,06/25,1,,,,,,,,,,,,,,,,,,,,,0
Nagareshvara Nagenahalli Kere,06/25,1,0.09655281993592753,0.1775429397581677,0.16123383450063594,0.20218427039678638,0.12143421333728135,0.12907666104316667,0.10646942103877116,0.09721489661055355,0.08929209776692335,0.06802662331332386,0.0070120131961217535,0.016365879873020787,0.023880762611573392,0.015014744999325069,0.020428215892271697,0.021652399978780042,0.01617924718378133,0.024557114554959583,0.027646047227956754,0.020154882901257953,42
Rampura Kere,06/25,1,0.030979166350637872,0.06960833414147298,0.03718750008071462,0.10238333325833082,0.06607083262254794,0.06907083342472713,0.05586666660383344,0.045825000697125993,0.05119583352158467,0.042237500194460154,0.0038471822844820536,0.002899125024319802,0.0024094105587054,0.0019846630957178124,0.003163920899272017,0.003031018362175171,0.002405838034653873,0.0026739872194497865,0.0030385685227616536,0.0024310168084327654,24
Atturu kere,06/25,1,0.03417500015348196,0.054425000213086605,0.04632500000298023,0.06747500132769346,0.049674998968839645,0.05635000020265579,0.040175000205636024,0.0556000005453825,0.06812499929219484,0.05565000046044588,0.0032375716144765324,0.004301961806389123,0.002758963107373271,0.005693582221189814,0.010085725524116802,0.011502281599259862,0.004962043031451599,0.015793987117356585,0.007952790841682975,0.010190560387665722,4
Veerasagara kere,06/25,1,,,,,,,,,,,,,,,,,,,,,0
Dodda bettahalli,06/25,1,,,,,,,,,,,,,,,,,,,,,0
Dasarahalli kere,06/25,1,,,,,,,,,,,,,,,,,,,,,0
Doddabidarakallu lake,06/25,1,,,,,,,,,,,,,,,,,,,,,0
Allasandra Lake,06/25,1,,,,,,,,,,,,,,,,,,,,,0
Andhrahalli Lake,06/25,1,0.009600000455975533,0.03629999980330467,0.02290000021457672,0.04520000144839287,0.027300000190734863,0.03539999946951866,0.028699999675154686,0.03480000048875809,0.05550000071525574,0.04859999939799309,0.0,0.0,0.0,0.0,0.0,0.0,0.0,0.0,0.0,0.0,1
Handrahalli kere,06/25,1,,,,,,,,,,,,,,,,,,,,,0
Narasappanahalli kere,06/25,1,,,,,,,,,,,,,,,,,,,,,0
Valagere,06/25,1,,,,,,,,,,,,,,,,,,,,,0
Shivapura New tank,06/25,1,,,,,,,,,,,,,,,,,,,,,0
Agrahara Lake,06/25,1,,,,,,,,,,,,,,,,,,,,,0
Chokkanahalli lake,06/25,1,,,,,,,,,,,,,,,,,,,,,0
Jakkuru lake,06/25,1,,,,,,,,,,,,,,,,,,,,,0
palanahalli,06/25,1,,,,,,,,,,,,,,,,,,,,,0
Kattigenahalli lake,06/25,1,,,,,,,,,,,,,,,,,,,,,0
Kogilu kere,06/25,1,,,,,,,,,,,,,,,,,,,,,0
Venkateshapura lake,06/25,1,,,,,,,,,,,,,,,,,,,,,0
Bellihalli kere,06/25,1,,,,,,,,,,,,,,,,,,,,,0
B. Channasandra lake,06/25,1,0.03164615410451706,0.06873333310851684,0.04293589704693892,0.08581025611895782,0.051210256723257214,0.05648461557351626,0.05157435924196855,0.0485923076287294,0.06348974410540019,0.05286410278998888,0.008471758652612413,0.007891129002990471,0.007133003267820732,0.006121328826079651,0.00603131981447731,0.007271283286596581,0.005945164376100638,0.006930844544660266,0.005583666337025534,0.004954018526924396,39
Byappanahalli kere,06/25,1,,,,,,,,,,,,,,,,,,,,,0
Kowdenahalli Kere,06/25,1,,,,,,,,,,,,,,,,,,,,,0
Krishnarajapuram kere,06/25,1,,,,,,,,,,,,,,,,,,,,,0
Basavanapura kere,06/25,1,,,,,,,,,,,,,,,,,,,,,0
Shegehalli kere,06/25,1,,,,,,,,,,,,,,,,,,,,,0
Mangamanapalya Kere,06/25,1,,,,,,,,,,,,,,,,,,,,,0
Hoodi kere-2,06/25,1,,,,,,,,,,,,,,,,,,,,,0
Jimkenahalli Kere,06/25,1,,,,,,,,,,,,,,,,,,,,,0
Kodigehalli lake,06/25,1,,,,,,,,,,,,,,,,,,,,,0
Gangashetti kere/ Devasandra kere,06/25,1,0.07756153837992595,0.12710384680674627,0.09597307672867408,0.1268038468865248,0.0777230764237734,0.09090769147643676,0.08036538471396153,0.08023076934310105,0.08795384632853362,0.06399615395527619,0.010040803310463078,0.011973158558262526,0.010809061846713595,0.01304151650135793,0.017806033299734236,0.017618017770770055,0.010222747298908244,0.01969843247710914,0.01691647334020891,0.011525906489908026,26
Vijinapura kere2,06/25,1,,,,,,,,,,,,,,,,,,,,,0
B.Narayanapura kere,06/25,1,,,,,,,,,,,,,,,,,,,,,0
Melinakere,06/25,1,,,,,,,,,,,,,,,,,,,,,0
Kelaginakere,06/25,1,,,,,,,,,,,,,,,,,,,,,0
Rachenahalli kere,06/25,1,,,,,,,,,,,,,,,,,,,,,0
Amruthahalli Lake,06/25,1,,,,,,,,,,,,,,,,,,,,,0
Nagawara Lake,06/25,1,0.02158040004596114,0.0580140001475811,0.03434200017154217,0.08182040014863014,0.047691200196743014,0.052198400065302845,0.04406400015950203,0.03861200020462274,0.04859640012681484,0.041773999989032744,0.00380556115684587,0.0034068524270192612,0.0035834559044172127,0.003618323230168445,0.0032472761037004257,0.003448094735808481,0.002860248908889417,0.003375016395705412,0.0029693951013685495,0.002765835179005548,250
Herohalli Lake,06/25,1,,,,,,,,,,,,,,,,,,,,,0
Hebbal  kere,06/25,1,0.015122085906839444,0.03188527612575541,0.024190184048896918,0.05424110443999797,0.0241119632714548,0.027177300652706186,0.023335889616032685,0.023256748509050514,0.040338650357229576,0.03255214734700011,0.0030519937152121497,0.0030954891948675907,0.002778338963048938,0.0030034485633898098,0.003188939493317832,0.003396060558353402,0.002625027051030855,0.00345884663983689,0.00250531521010247,0.002222013144919093,326
Mahadevapura kere,06/25,1,0.053100000002554486,0.048995238329683034,0.04552380900297846,0.05755238110820452,0.025509523759995188,0.028742857099998565,0.022857142967127618,0.024961904844357855,0.05611904799228623,0.049895238663469045,0.003769552175942542,0.004538561903767322,0.003210385557788437,0.006669091304711439,0.005431732243587256,0.007345005929030681,0.004443890389341279,0.006478277185318624,0.002409825145946662,0.0012206465380493277,21
Vibhutipura kere,06/25,1,,,,,,,,,,,,,,,,,,,,,0
Rajapalya Hoodikere,06/25,1,,,,,,,,,,,,,,,,,,,,,0
Achanakere,06/25,1,,,,,,,,,,,,,,,,,,,,,0
"Yekkalagatta kere,Mahadevepura Kere",06/25,1,,,,,,,,,,,,,,,,,,,,,0
Pattaduru Agrahara kere-2,06/25,1,,,,,,,,,,,,,,,,,,,,,0
Nallurahallikere,06/25,1,,,,,,,,,,,,,,,,,,,,,0
Thubarahalli lake,06/25,1,,,,,,,,,,,,,,,,,,,,,0
Sheelavantana kere,06/25,1,,,,,,,,,,,,,,,,,,,,,0
Doddanekundi Kunte,06/25,1,,,,,,,,,,,,,,,,,,,,,0
Chinnappanahalli  kere1,06/25,1,,,,,,,,,,,,,,,,,,,,,0
Doddanekundi kere,06/25,1,0.0394075388902439,0.05271574282841117,0.04378957879169949,0.05529911312256049,0.02994257223042773,0.034873392647689835,0.03269379161826919,0.0334924612599043,0.05338758321896096,0.044069179641433934,0.00814899427936606,0.013415683757633719,0.008965966762061258,0.012001788384870593,0.009060954348646202,0.009832998075219701,0.008883016819783629,0.009383040629128868,0.005584983366517671,0.003999390588712989,451
Kundalahalli kere,06/25,1,,,,,,,,,,,,,,,,,,,,,0
Acchanakere,06/25,1,,,,,,,,,,,,,,,,,,,,,0
Varthur lake,06/25,1,0.18540000319480895,0.20289999693632127,0.2423200026154518,0.2859199970960617,0.3007000058889389,0.3338000029325485,0.15023999959230422,0.3618000000715256,0.28602000176906583,0.3397000014781952,0.035940785576405634,0.0594186808804303,0.0787225366628425,0.08135911371911529,0.08175969698248546,0.07509766597809875,0.04707205431936754,0.07366127809683125,0.061710661236094005,0.06220222063082458,5
Narasipura Lake-1,06/25,1,,,,,,,,,,,,,,,,,,,,,0
Narasipura Lake-2,06/25,1,,,,,,,,,,,,,,,,,,,,,0
Ulsoor Lake,06/25,1,,,,,,,,,,,,,,,,,,,,,0
Gunduru Lake,07/25,0,,,,,,,,,,,,,,,,,,,,,
Doddebele,07/25,0,,,,,,,,,,,,,,,,,,,,,
Somapura,07/25,0,,,,,,,,,,,,,,,,,,,,,
Mailasandra,07/25,0,,,,,,,,,,,,,,,,,,,,,
Kengeri 1,07/25,0,,,,,,,,,,,,,,,,,,,,,
Kengeri 2,07/25,0,,,,,,,,,,,,,,,,,,,,,
Chenvinayanahalli,07/25,0,,,,,,,,,,,,,,,,,,,,,
Annamma kere,07/25,0,,,,,,,,,,,,,,,,,,,,,
Deevatigeramnahalli kere,07/25,0,,,,,,,,,,,,,,,,,,,,,
Devarakere,07/25,0,,,,,,,,,,,,,,,,,,,,,
Doraikere,07/25,0,,,,,,,,,,,,,,,,,,,,,
Goudanakere,07/25,0,,,,,,,,,,,,,,,,,,,,,
Gubbalal kere,07/25,0,,,,,,,,,,,,,,,,,,,,,
Halagevaderahalli kere-2,07/25,0,,,,,,,,,,,,,,,,,,,,,
Herohalli Thotadakere,07/25,0,,,,,,,,,,,,,,,,,,,,,
Hosakerehalli Kere,07/25,0,,,,,,,,,,,,,,,,,,,,,
Kempambudhi lake,07/25,0,,,,,,,,,,,,,,,,,,,,,
Laggeri Lake,07/25,0,,,,,,,,,,,,,,,,,,,,,
Mallathahalli Lake,07/25,0,,,,,,,,,,,,,,,,,,,,,
Moge kere,07/25,0,,,,,,,,,,,,,,,,,,,,,
Muppatu Kavalu Hosa Kere,07/25,0,,,,,,,,,,,,,,,,,,,,,
Nayandanahalli kere,07/25,0,,,,,,,,,,,,,,,,,,,,,
Sankey Tank,07/25,0,,,,,,,,,,,,,,,,,,,,,
Subramhanyapura kere,07/25,0,,,,,,,,,,,,,,,,,,,,,
Ullalu lake-2,07/25,0,,,,,,,,,,,,,,,,,,,,,
Valagerehalli kere,07/25,0,,,,,,,,,,,,,,,,,,,,,
Yediyur kere,07/25,0,,,,,,,,,,,,,,,,,,,,,
Bhimmanakuppe Govt lake,07/25,0,,,,,,,,,,,,,,,,,,,,,
Srigandhakavalu Karabu Katte,07/25,0,,,,,,,,,,,,,,,,,,,,,
Janaradhan kere,07/25,0,,,,,,,,,,,,,,,,,,,,,
Konashetty kere,07/25,0,,,,,,,,,,,,,,,,,,,,,
Nagarabhavi (Un-named Lake on map),07/25,0,,,,,,,,,,,,,,,,,,,,,
Sompura Govt.lake,07/25,0,,,,,,,,,,,,,,,,,,,,,
Lakshmipura Lake,07/25,0,,,,,,,,,,,,,,,,,,,,,
Amrutnagar Lake,07/25,0,,,,,,,,,,,,,,,,,,,,,
Hoysalanagara Lake,07/25,0,,,,,,,,,,,,,,,,,,,,,
Basavanagar Lake,07/25,0,,,,,,,,,,,,,,,,,,,,,
Ajjegowdana katte,07/25,0,,,,,,,,,,,,,,,,,,,,,
Kodigehalli kere,07/25,0,,,,,,,,,,,,,,,,,,,,,
Kommaghatta Govt. Lake,07/25,0,,,,,,,,,,,,,,,,,,,,,
Manganahalli Lake,07/25,0,,,,,,,,,,,,,,,,,,,,,
Bhattarahalli kere,07/25,0,,,,,,,,,,,,,,,,,,,,,
Thirumenahalli lake,07/25,0,,,,,,,,,,,,,,,,,,,,,
Avalahali kere,07/25,0,,,,,,,,,,,,,,,,,,,,,
Begur Lake,07/25,0,,,,,,,,,,,,,,,,,,,,,
meenakshi lake,07/25,0,,,,,,,,,,,,,,,,,,,,,
Kannuru kere,07/25,0,,,,,,,,,,,,,,,,,,,,,
Kannuru kere,07/25,0,,,,,,,,,,,,,,,,,,,,,
Doddagubbi kere,07/25,0,,,,,,,,,,,,,,,,,,,,,
Suggata kere,07/25,0,,,,,,,,,,,,,,,,,,,,,
Yelahanka Lake,07/25,0,,,,,,,,,,,,,,,,,,,,,
Dodda Bommasandra Lake,07/25,0,,,,,,,,,,,,,,,,,,,,,
Singapura lake,07/25,0,,,,,,,,,,,,,,,,,,,,,
Chellaghatta kere,07/25,0,,,,,,,,,,,,,,,,,,,,,
Bellandur Amanikere,07/25,0,,,,,,,,,,,,,,,,,,,,,
Abbigere Kere,07/25,0,,,,,,,,,,,,,,,,,,,,,
Kammagondanahalli lake,07/25,0,,,,,,,,,,,,,,,,,,,,,
Mallasandra Lake-2,07/25,0,,,,,,,,,,,,,,,,,,,,,
Chikkabanavara kere,07/25,0,,,,,,,,,,,,,,,,,,,,,
Mallasandra Gudde lake,07/25,0,,,,,,,,,,,,,,,,,,,,,
Bagalagunte Govt.Lake,07/25,0,,,,,,,,,,,,,,,,,,,,,
Lalbagh kere,07/25,0,,,,,,,,,,,,,,,,,,,,,
Chikkabellanduru kere,07/25,0,,,,,,,,,,,,,,,,,,,,,
Carmelarm,07/25,0,,,,,,,,,,,,,,,,,,,,,
Gunjuruplaya kere,07/25,0,,,,,,,,,,,,,,,,,,,,,
Govt. Dinnekere,07/25,0,,,,,,,,,,,,,,,,,,,,,
Panattur Govt.kere,07/25,0,,,,,,,,,,,,,,,,,,,,,
Gramadakere,07/25,0,,,,,,,,,,,,,,,,,,,,,
Ambalipura Kelagina kere,07/25,0,,,,,,,,,,,,,,,,,,,,,
Melinakere,07/25,0,,,,,,,,,,,,,,,,,,,,,
Sowl kere,07/25,0,,,,,,,,,,,,,,,,,,,,,
Bhoganahalli kere,07/25,0,,,,,,,,,,,,,,,,,,,,,
Devarabisanahalli kere,07/25,0,,,,,,,,,,,,,,,,,,,,,
Doddakanneli Gramadakere,07/25,0,,,,,,,,,,,,,,,,,,,,,
Lakedew Appartment lake,07/25,0,,,,,,,,,,,,,,,,,,,,,
Kaikondanahalli kere,07/25,0,,,,,,,,,,,,,,,,,,,,,
Kasavanahalli kere,07/25,0,,,,,,,,,,,,,,,,,,,,,
Mestripalya lake,07/25,0,,,,,,,,,,,,,,,,,,,,,
Tavarekere lake,07/25,0,,,,,,,,,,,,,,,,,,,,,
Byrasandra Kere,07/25,0,,,,,,,,,,,,,,,,,,,,,
J P Park Kere,07/25,0,,,,,,,,,,,,,,,,,,,,,
Agara kere,07/25,0,,,,,,,,,,,,,,,,,,,,,
Ibbalur Govt. Lake,07/25,0,,,,,,,,,,,,,,,,,,,,,
sarraki kere,07/25,0,,,,,,,,,,,,,,,,,,,,,
Puttenahalli Kere,07/25,0,,,,,,,,,,,,,,,,,,,,,
Madivala Kere,07/25,0,,,,,,,,,,,,,,,,,,,,,
Somasundrapalya lake,07/25,0,,,,,,,,,,,,,,,,,,,,,
singasandra,07/25,0,,,,,,,,,,,,,,,,,,,,,
Kodagi Singasandra kere,07/25,0,,,,,,,,,,,,,,,,,,,,,
doddakodlu,07/25,0,,,,,,,,,,,,,,,,,,,,,
Karabu Kere/Konappana agrahara lake,07/25,0,,,,,,,,,,,,,,,,,,,,,
Parapana Agahara Lake,07/25,0,,,,,,,,,,,,,,,,,,,,,
Kudlu Chikere,07/25,0,,,,,,,,,,,,,,,,,,,,,
Kelaginakere,07/25,0,,,,,,,,,,,,,,,,,,,,,
Melinakere,07/25,0,,,,,,,,,,,,,,,,,,,,,
Basavanapura Kere,07/25,0,,,,,,,,,,,,,,,,,,,,,
Swarna Kunte Gudde Lake,07/25,0,,,,,,,,,,,,,,,,,,,,,
Chikkabegur kere,07/25,0,,,,,,,,,,,,,,,,,,,,,
Elenahalli Lake,07/25,0,,,,,,,,,,,,,,,,,,,,,
Kalena Agrahara Govt. Lake,07/25,0,,,,,,,,,,,,,,,,,,,,,
Infrastructure Corridor,07/25,0,,,,,,,,,,,,,,,,,,,,,
Beratena Agrahara Lake,07/25,0,,,,,,,,,,,,,,,,,,,,,
Mylasandra Dodda Agrahara kere,07/25,0,,,,,,,,,,,,,,,,,,,,,
Arekere Govt. lake,07/25,0,,,,,,,,,,,,,,,,,,,,,
Hulimavu Kere,07/25,0,,,,,,,,,,,,,,,,,,,,,
Akashaya nagar Kere,07/25,0,,,,,,,,,,,,,,,,,,,,,
Gottigere Kere,07/25,0,,,,,,,,,,,,,,,,,,,,,
Kothanaru Kere,07/25,0,,,,,,,,,,,,,,,,,,,,,
RBI layout kere,07/25,0,,,,,,,,,,,,,,,,,,,,,
Chunchanaghatta Kere,07/25,0,,,,,,,,,,,,,,,,,,,,,
Alahalli Kere,07/25,0,,,,,,,,,,,,,,,,,,,,,
Kembathahali kere,07/25,0,,,,,,,,,,,,,,,,,,,,,
Doddakallasandra  kere,07/25,0,,,,,,,,,,,,,,,,,,,,,
Konanakunte  kere,07/25,0,,,,,,,,,,,,,,,,,,,,,
Thalagattapura lake,07/25,0,,,,,,,,,,,,,,,,,,,,,
Vajarahalli Govt.Katte,07/25,0,,,,,,,,,,,,,,,,,,,,,
Harohalli kere,07/25,0,,,,,,,,,,,,,,,,,,,,,
Puttenahalli Lake,07/25,0,,,,,,,,,,,,,,,,,,,,,
Chellakere kere,07/25,0,,,,,,,,,,,,,,,,,,,,,
Horamavu Agara,07/25,0,,,,,,,,,,,,,,,,,,,,,
Horamavu kere,07/25,0,,,,,,,,,,,,,,,,,,,,,
Kalkere Kere,07/25,0,,,,,,,,,,,,,,,,,,,,,
Nagareshvara Nagenahalli Kere,07/25,0,,,,,,,,,,,,,,,,,,,,,
Rampura Kere,07/25,0,,,,,,,,,,,,,,,,,,,,,
Atturu kere,07/25,0,,,,,,,,,,,,,,,,,,,,,
Veerasagara kere,07/25,0,,,,,,,,,,,,,,,,,,,,,
Dodda bettahalli,07/25,0,,,,,,,,,,,,,,,,,,,,,
Dasarahalli kere,07/25,0,,,,,,,,,,,,,,,,,,,,,
Doddabidarakallu lake,07/25,0,,,,,,,,,,,,,,,,,,,,,
Allasandra Lake,07/25,0,,,,,,,,,,,,,,,,,,,,,
Andhrahalli Lake,07/25,0,,,,,,,,,,,,,,,,,,,,,
Handrahalli kere,07/25,0,,,,,,,,,,,,,,,,,,,,,
Narasappanahalli kere,07/25,0,,,,,,,,,,,,,,,,,,,,,
Valagere,07/25,0,,,,,,,,,,,,,,,,,,,,,
Shivapura New tank,07/25,0,,,,,,,,,,,,,,,,,,,,,
Agrahara Lake,07/25,0,,,,,,,,,,,,,,,,,,,,,
Chokkanahalli lake,07/25,0,,,,,,,,,,,,,,,,,,,,,
Jakkuru lake,07/25,0,,,,,,,,,,,,,,,,,,,,,
palanahalli,07/25,0,,,,,,,,,,,,,,,,,,,,,
Kattigenahalli lake,07/25,0,,,,,,,,,,,,,,,,,,,,,
Kogilu kere,07/25,0,,,,,,,,,,,,,,,,,,,,,
Venkateshapura lake,07/25,0,,,,,,,,,,,,,,,,,,,,,
Bellihalli kere,07/25,0,,,,,,,,,,,,,,,,,,,,,
B. Channasandra lake,07/25,0,,,,,,,,,,,,,,,,,,,,,
Byappanahalli kere,07/25,0,,,,,,,,,,,,,,,,,,,,,
Kowdenahalli Kere,07/25,0,,,,,,,,,,,,,,,,,,,,,
Krishnarajapuram kere,07/25,0,,,,,,,,,,,,,,,,,,,,,
Basavanapura kere,07/25,0,,,,,,,,,,,,,,,,,,,,,
Shegehalli kere,07/25,0,,,,,,,,,,,,,,,,,,,,,
Mangamanapalya Kere,07/25,0,,,,,,,,,,,,,,,,,,,,,
Hoodi kere-2,07/25,0,,,,,,,,,,,,,,,,,,,,,
Jimkenahalli Kere,07/25,0,,,,,,,,,,,,,,,,,,,,,
Kodigehalli lake,07/25,0,,,,,,,,,,,,,,,,,,,,,
Gangashetti kere/ Devasandra kere,07/25,0,,,,,,,,,,,,,,,,,,,,,
Vijinapura kere2,07/25,0,,,,,,,,,,,,,,,,,,,,,
B.Narayanapura kere,07/25,0,,,,,,,,,,,,,,,,,,,,,
Melinakere,07/25,0,,,,,,,,,,,,,,,,,,,,,
Kelaginakere,07/25,0,,,,,,,,,,,,,,,,,,,,,
Rachenahalli kere,07/25,0,,,,,,,,,,,,,,,,,,,,,
Amruthahalli Lake,07/25,0,,,,,,,,,,,,,,,,,,,,,
Nagawara Lake,07/25,0,,,,,,,,,,,,,,,,,,,,,
Herohalli Lake,07/25,0,,,,,,,,,,,,,,,,,,,,,
Hebbal  kere,07/25,0,,,,,,,,,,,,,,,,,,,,,
Mahadevapura kere,07/25,0,,,,,,,,,,,,,,,,,,,,,
Vibhutipura kere,07/25,0,,,,,,,,,,,,,,,,,,,,,
Rajapalya Hoodikere,07/25,0,,,,,,,,,,,,,,,,,,,,,
Achanakere,07/25,0,,,,,,,,,,,,,,,,,,,,,
"Yekkalagatta kere,Mahadevepura Kere",07/25,0,,,,,,,,,,,,,,,,,,,,,
Pattaduru Agrahara kere-2,07/25,0,,,,,,,,,,,,,,,,,,,,,
Nallurahallikere,07/25,0,,,,,,,,,,,,,,,,,,,,,
Thubarahalli lake,07/25,0,,,,,,,,,,,,,,,,,,,,,
Sheelavantana kere,07/25,0,,,,,,,,,,,,,,,,,,,,,
Doddanekundi Kunte,07/25,0,,,,,,,,,,,,,,,,,,,,,
Chinnappanahalli  kere1,07/25,0,,,,,,,,,,,,,,,,,,,,,
Doddanekundi kere,07/25,0,,,,,,,,,,,,,,,,,,,,,
Kundalahalli kere,07/25,0,,,,,,,,,,,,,,,,,,,,,
Acchanakere,07/25,0,,,,,,,,,,,,,,,,,,,,,
Varthur lake,07/25,0,,,,,,,,,,,,,,,,,,,,,
Narasipura Lake-1,07/25,0,,,,,,,,,,,,,,,,,,,,,
Narasipura Lake-2,07/25,0,,,,,,,,,,,,,,,,,,,,,
Ulsoor Lake,07/25,0,,,,,,,,,,,,,,,,,,,,,
Gunduru Lake,08/25,0,,,,,,,,,,,,,,,,,,,,,
Doddebele,08/25,0,,,,,,,,,,,,,,,,,,,,,
Somapura,08/25,0,,,,,,,,,,,,,,,,,,,,,
Mailasandra,08/25,0,,,,,,,,,,,,,,,,,,,,,
Kengeri 1,08/25,0,,,,,,,,,,,,,,,,,,,,,
Kengeri 2,08/25,0,,,,,,,,,,,,,,,,,,,,,
Chenvinayanahalli,08/25,0,,,,,,,,,,,,,,,,,,,,,
Annamma kere,08/25,0,,,,,,,,,,,,,,,,,,,,,
Deevatigeramnahalli kere,08/25,0,,,,,,,,,,,,,,,,,,,,,
Devarakere,08/25,0,,,,,,,,,,,,,,,,,,,,,
Doraikere,08/25,0,,,,,,,,,,,,,,,,,,,,,
Goudanakere,08/25,0,,,,,,,,,,,,,,,,,,,,,
Gubbalal kere,08/25,0,,,,,,,,,,,,,,,,,,,,,
Halagevaderahalli kere-2,08/25,0,,,,,,,,,,,,,,,,,,,,,
Herohalli Thotadakere,08/25,0,,,,,,,,,,,,,,,,,,,,,
Hosakerehalli Kere,08/25,0,,,,,,,,,,,,,,,,,,,,,
Kempambudhi lake,08/25,0,,,,,,,,,,,,,,,,,,,,,
Laggeri Lake,08/25,0,,,,,,,,,,,,,,,,,,,,,
Mallathahalli Lake,08/25,0,,,,,,,,,,,,,,,,,,,,,
Moge kere,08/25,0,,,,,,,,,,,,,,,,,,,,,
Muppatu Kavalu Hosa Kere,08/25,0,,,,,,,,,,,,,,,,,,,,,
Nayandanahalli kere,08/25,0,,,,,,,,,,,,,,,,,,,,,
Sankey Tank,08/25,0,,,,,,,,,,,,,,,,,,,,,
Subramhanyapura kere,08/25,0,,,,,,,,,,,,,,,,,,,,,
Ullalu lake-2,08/25,0,,,,,,,,,,,,,,,,,,,,,
Valagerehalli kere,08/25,0,,,,,,,,,,,,,,,,,,,,,
Yediyur kere,08/25,0,,,,,,,,,,,,,,,,,,,,,
Bhimmanakuppe Govt lake,08/25,0,,,,,,,,,,,,,,,,,,,,,
Srigandhakavalu Karabu Katte,08/25,0,,,,,,,,,,,,,,,,,,,,,
Janaradhan kere,08/25,0,,,,,,,,,,,,,,,,,,,,,
Konashetty kere,08/25,0,,,,,,,,,,,,,,,,,,,,,
Nagarabhavi (Un-named Lake on map),08/25,0,,,,,,,,,,,,,,,,,,,,,
Sompura Govt.lake,08/25,0,,,,,,,,,,,,,,,,,,,,,
Lakshmipura Lake,08/25,0,,,,,,,,,,,,,,,,,,,,,
Amrutnagar Lake,08/25,0,,,,,,,,,,,,,,,,,,,,,
Hoysalanagara Lake,08/25,0,,,,,,,,,,,,,,,,,,,,,
Basavanagar Lake,08/25,0,,,,,,,,,,,,,,,,,,,,,
Ajjegowdana katte,08/25,0,,,,,,,,,,,,,,,,,,,,,
Kodigehalli kere,08/25,0,,,,,,,,,,,,,,,,,,,,,
Kommaghatta Govt. Lake,08/25,0,,,,,,,,,,,,,,,,,,,,,
Manganahalli Lake,08/25,0,,,,,,,,,,,,,,,,,,,,,
Bhattarahalli kere,08/25,0,,,,,,,,,,,,,,,,,,,,,
Thirumenahalli lake,08/25,0,,,,,,,,,,,,,,,,,,,,,
Avalahali kere,08/25,0,,,,,,,,,,,,,,,,,,,,,
Begur Lake,08/25,0,,,,,,,,,,,,,,,,,,,,,
meenakshi lake,08/25,0,,,,,,,,,,,,,,,,,,,,,
Kannuru kere,08/25,0,,,,,,,,,,,,,,,,,,,,,
Kannuru kere,08/25,0,,,,,,,,,,,,,,,,,,,,,
Doddagubbi kere,08/25,0,,,,,,,,,,,,,,,,,,,,,
Suggata kere,08/25,0,,,,,,,,,,,,,,,,,,,,,
Yelahanka Lake,08/25,0,,,,,,,,,,,,,,,,,,,,,
Dodda Bommasandra Lake,08/25,0,,,,,,,,,,,,,,,,,,,,,
Singapura lake,08/25,0,,,,,,,,,,,,,,,,,,,,,
Chellaghatta kere,08/25,0,,,,,,,,,,,,,,,,,,,,,
Bellandur Amanikere,08/25,0,,,,,,,,,,,,,,,,,,,,,
Abbigere Kere,08/25,0,,,,,,,,,,,,,,,,,,,,,
Kammagondanahalli lake,08/25,0,,,,,,,,,,,,,,,,,,,,,
Mallasandra Lake-2,08/25,0,,,,,,,,,,,,,,,,,,,,,
Chikkabanavara kere,08/25,0,,,,,,,,,,,,,,,,,,,,,
Mallasandra Gudde lake,08/25,0,,,,,,,,,,,,,,,,,,,,,
Bagalagunte Govt.Lake,08/25,0,,,,,,,,,,,,,,,,,,,,,
Lalbagh kere,08/25,0,,,,,,,,,,,,,,,,,,,,,
Chikkabellanduru kere,08/25,0,,,,,,,,,,,,,,,,,,,,,
Carmelarm,08/25,0,,,,,,,,,,,,,,,,,,,,,
Gunjuruplaya kere,08/25,0,,,,,,,,,,,,,,,,,,,,,
Govt. Dinnekere,08/25,0,,,,,,,,,,,,,,,,,,,,,
Panattur Govt.kere,08/25,0,,,,,,,,,,,,,,,,,,,,,
Gramadakere,08/25,0,,,,,,,,,,,,,,,,,,,,,
Ambalipura Kelagina kere,08/25,0,,,,,,,,,,,,,,,,,,,,,
Melinakere,08/25,0,,,,,,,,,,,,,,,,,,,,,
Sowl kere,08/25,0,,,,,,,,,,,,,,,,,,,,,
Bhoganahalli kere,08/25,0,,,,,,,,,,,,,,,,,,,,,
Devarabisanahalli kere,08/25,0,,,,,,,,,,,,,,,,,,,,,
Doddakanneli Gramadakere,08/25,0,,,,,,,,,,,,,,,,,,,,,
Lakedew Appartment lake,08/25,0,,,,,,,,,,,,,,,,,,,,,
Kaikondanahalli kere,08/25,0,,,,,,,,,,,,,,,,,,,,,
Kasavanahalli kere,08/25,0,,,,,,,,,,,,,,,,,,,,,
Mestripalya lake,08/25,0,,,,,,,,,,,,,,,,,,,,,
Tavarekere lake,08/25,0,,,,,,,,,,,,,,,,,,,,,
Byrasandra Kere,08/25,0,,,,,,,,,,,,,,,,,,,,,
J P Park Kere,08/25,0,,,,,,,,,,,,,,,,,,,,,
Agara kere,08/25,0,,,,,,,,,,,,,,,,,,,,,
Ibbalur Govt. Lake,08/25,0,,,,,,,,,,,,,,,,,,,,,
sarraki kere,08/25,0,,,,,,,,,,,,,,,,,,,,,
Puttenahalli Kere,08/25,0,,,,,,,,,,,,,,,,,,,,,
Madivala Kere,08/25,0,,,,,,,,,,,,,,,,,,,,,
Somasundrapalya lake,08/25,0,,,,,,,,,,,,,,,,,,,,,
singasandra,08/25,0,,,,,,,,,,,,,,,,,,,,,
Kodagi Singasandra kere,08/25,0,,,,,,,,,,,,,,,,,,,,,
doddakodlu,08/25,0,,,,,,,,,,,,,,,,,,,,,
Karabu Kere/Konappana agrahara lake,08/25,0,,,,,,,,,,,,,,,,,,,,,
Parapana Agahara Lake,08/25,0,,,,,,,,,,,,,,,,,,,,,
Kudlu Chikere,08/25,0,,,,,,,,,,,,,,,,,,,,,
Kelaginakere,08/25,0,,,,,,,,,,,,,,,,,,,,,
Melinakere,08/25,0,,,,,,,,,,,,,,,,,,,,,
Basavanapura Kere,08/25,0,,,,,,,,,,,,,,,,,,,,,
Swarna Kunte Gudde Lake,08/25,0,,,,,,,,,,,,,,,,,,,,,
Chikkabegur kere,08/25,0,,,,,,,,,,,,,,,,,,,,,
Elenahalli Lake,08/25,0,,,,,,,,,,,,,,,,,,,,,
Kalena Agrahara Govt. Lake,08/25,0,,,,,,,,,,,,,,,,,,,,,
Infrastructure Corridor,08/25,0,,,,,,,,,,,,,,,,,,,,,
Beratena Agrahara Lake,08/25,0,,,,,,,,,,,,,,,,,,,,,
Mylasandra Dodda Agrahara kere,08/25,0,,,,,,,,,,,,,,,,,,,,,
Arekere Govt. lake,08/25,0,,,,,,,,,,,,,,,,,,,,,
Hulimavu Kere,08/25,0,,,,,,,,,,,,,,,,,,,,,
Akashaya nagar Kere,08/25,0,,,,,,,,,,,,,,,,,,,,,
Gottigere Kere,08/25,0,,,,,,,,,,,,,,,,,,,,,
Kothanaru Kere,08/25,0,,,,,,,,,,,,,,,,,,,,,
RBI layout kere,08/25,0,,,,,,,,,,,,,,,,,,,,,
Chunchanaghatta Kere,08/25,0,,,,,,,,,,,,,,,,,,,,,
Alahalli Kere,08/25,0,,,,,,,,,,,,,,,,,,,,,
Kembathahali kere,08/25,0,,,,,,,,,,,,,,,,,,,,,
Doddakallasandra  kere,08/25,0,,,,,,,,,,,,,,,,,,,,,
Konanakunte  kere,08/25,0,,,,,,,,,,,,,,,,,,,,,
Thalagattapura lake,08/25,0,,,,,,,,,,,,,,,,,,,,,
Vajarahalli Govt.Katte,08/25,0,,,,,,,,,,,,,,,,,,,,,
Harohalli kere,08/25,0,,,,,,,,,,,,,,,,,,,,,
Puttenahalli Lake,08/25,0,,,,,,,,,,,,,,,,,,,,,
Chellakere kere,08/25,0,,,,,,,,,,,,,,,,,,,,,
Horamavu Agara,08/25,0,,,,,,,,,,,,,,,,,,,,,
Horamavu kere,08/25,0,,,,,,,,,,,,,,,,,,,,,
Kalkere Kere,08/25,0,,,,,,,,,,,,,,,,,,,,,
Nagareshvara Nagenahalli Kere,08/25,0,,,,,,,,,,,,,,,,,,,,,
Rampura Kere,08/25,0,,,,,,,,,,,,,,,,,,,,,
Atturu kere,08/25,0,,,,,,,,,,,,,,,,,,,,,
Veerasagara kere,08/25,0,,,,,,,,,,,,,,,,,,,,,
Dodda bettahalli,08/25,0,,,,,,,,,,,,,,,,,,,,,
Dasarahalli kere,08/25,0,,,,,,,,,,,,,,,,,,,,,
Doddabidarakallu lake,08/25,0,,,,,,,,,,,,,,,,,,,,,
Allasandra Lake,08/25,0,,,,,,,,,,,,,,,,,,,,,
Andhrahalli Lake,08/25,0,,,,,,,,,,,,,,,,,,,,,
Handrahalli kere,08/25,0,,,,,,,,,,,,,,,,,,,,,
Narasappanahalli kere,08/25,0,,,,,,,,,,,,,,,,,,,,,
Valagere,08/25,0,,,,,,,,,,,,,,,,,,,,,
Shivapura New tank,08/25,0,,,,,,,,,,,,,,,,,,,,,
Agrahara Lake,08/25,0,,,,,,,,,,,,,,,,,,,,,
Chokkanahalli lake,08/25,0,,,,,,,,,,,,,,,,,,,,,
Jakkuru lake,08/25,0,,,,,,,,,,,,,,,,,,,,,
palanahalli,08/25,0,,,,,,,,,,,,,,,,,,,,,
Kattigenahalli lake,08/25,0,,,,,,,,,,,,,,,,,,,,,
Kogilu kere,08/25,0,,,,,,,,,,,,,,,,,,,,,
Venkateshapura lake,08/25,0,,,,,,,,,,,,,,,,,,,,,
Bellihalli kere,08/25,0,,,,,,,,,,,,,,,,,,,,,
B. Channasandra lake,08/25,0,,,,,,,,,,,,,,,,,,,,,
Byappanahalli kere,08/25,0,,,,,,,,,,,,,,,,,,,,,
Kowdenahalli Kere,08/25,0,,,,,,,,,,,,,,,,,,,,,
Krishnarajapuram kere,08/25,0,,,,,,,,,,,,,,,,,,,,,
Basavanapura kere,08/25,0,,,,,,,,,,,,,,,,,,,,,
Shegehalli kere,08/25,0,,,,,,,,,,,,,,,,,,,,,
Mangamanapalya Kere,08/25,0,,,,,,,,,,,,,,,,,,,,,
Hoodi kere-2,08/25,0,,,,,,,,,,,,,,,,,,,,,
Jimkenahalli Kere,08/25,0,,,,,,,,,,,,,,,,,,,,,
Kodigehalli lake,08/25,0,,,,,,,,,,,,,,,,,,,,,
Gangashetti kere/ Devasandra kere,08/25,0,,,,,,,,,,,,,,,,,,,,,
Vijinapura kere2,08/25,0,,,,,,,,,,,,,,,,,,,,,
B.Narayanapura kere,08/25,0,,,,,,,,,,,,,,,,,,,,,
Melinakere,08/25,0,,,,,,,,,,,,,,,,,,,,,
Kelaginakere,08/25,0,,,,,,,,,,,,,,,,,,,,,
Rachenahalli kere,08/25,0,,,,,,,,,,,,,,,,,,,,,
Amruthahalli Lake,08/25,0,,,,,,,,,,,,,,,,,,,,,
Nagawara Lake,08/25,0,,,,,,,,,,,,,,,,,,,,,
Herohalli Lake,08/25,0,,,,,,,,,,,,,,,,,,,,,
Hebbal  kere,08/25,0,,,,,,,,,,,,,,,,,,,,,
Mahadevapura kere,08/25,0,,,,,,,,,,,,,,,,,,,,,
Vibhutipura kere,08/25,0,,,,,,,,,,,,,,,,,,,,,
Rajapalya Hoodikere,08/25,0,,,,,,,,,,,,,,,,,,,,,
Achanakere,08/25,0,,,,,,,,,,,,,,,,,,,,,
"Yekkalagatta kere,Mahadevepura Kere",08/25,0,,,,,,,,,,,,,,,,,,,,,
Pattaduru Agrahara kere-2,08/25,0,,,,,,,,,,,,,,,,,,,,,
Nallurahallikere,08/25,0,,,,,,,,,,,,,,,,,,,,,
Thubarahalli lake,08/25,0,,,,,,,,,,,,,,,,,,,,,
Sheelavantana kere,08/25,0,,,,,,,,,,,,,,,,,,,,,
Doddanekundi Kunte,08/25,0,,,,,,,,,,,,,,,,,,,,,
Chinnappanahalli  kere1,08/25,0,,,,,,,,,,,,,,,,,,,,,
Doddanekundi kere,08/25,0,,,,,,,,,,,,,,,,,,,,,
Kundalahalli kere,08/25,0,,,,,,,,,,,,,,,,,,,,,
Acchanakere,08/25,0,,,,,,,,,,,,,,,,,,,,,
Varthur lake,08/25,0,,,,,,,,,,,,,,,,,,,,,
Narasipura Lake-1,08/25,0,,,,,,,,,,,,,,,,,,,,,
Narasipura Lake-2,08/25,0,,,,,,,,,,,,,,,,,,,,,
Ulsoor Lake,08/25,0,,,,,,,,,,,,,,,,,,,,,
Gunduru Lake,09/25,0,,,,,,,,,,,,,,,,,,,,,
Doddebele,09/25,0,,,,,,,,,,,,,,,,,,,,,
Somapura,09/25,0,,,,,,,,,,,,,,,,,,,,,
Mailasandra,09/25,0,,,,,,,,,,,,,,,,,,,,,
Kengeri 1,09/25,0,,,,,,,,,,,,,,,,,,,,,
Kengeri 2,09/25,0,,,,,,,,,,,,,,,,,,,,,
Chenvinayanahalli,09/25,0,,,,,,,,,,,,,,,,,,,,,
Annamma kere,09/25,0,,,,,,,,,,,,,,,,,,,,,
Deevatigeramnahalli kere,09/25,0,,,,,,,,,,,,,,,,,,,,,
Devarakere,09/25,0,,,,,,,,,,,,,,,,,,,,,
Doraikere,09/25,0,,,,,,,,,,,,,,,,,,,,,
Goudanakere,09/25,0,,,,,,,,,,,,,,,,,,,,,
Gubbalal kere,09/25,0,,,,,,,,,,,,,,,,,,,,,
Halagevaderahalli kere-2,09/25,0,,,,,,,,,,,,,,,,,,,,,
Herohalli Thotadakere,09/25,0,,,,,,,,,,,,,,,,,,,,,
Hosakerehalli Kere,09/25,0,,,,,,,,,,,,,,,,,,,,,
Kempambudhi lake,09/25,0,,,,,,,,,,,,,,,,,,,,,
Laggeri Lake,09/25,0,,,,,,,,,,,,,,,,,,,,,
Mallathahalli Lake,09/25,0,,,,,,,,,,,,,,,,,,,,,
Moge kere,09/25,0,,,,,,,,,,,,,,,,,,,,,
Muppatu Kavalu Hosa Kere,09/25,0,,,,,,,,,,,,,,,,,,,,,
Nayandanahalli kere,09/25,0,,,,,,,,,,,,,,,,,,,,,
Sankey Tank,09/25,0,,,,,,,,,,,,,,,,,,,,,
Subramhanyapura kere,09/25,0,,,,,,,,,,,,,,,,,,,,,
Ullalu lake-2,09/25,0,,,,,,,,,,,,,,,,,,,,,
Valagerehalli kere,09/25,0,,,,,,,,,,,,,,,,,,,,,
Yediyur kere,09/25,0,,,,,,,,,,,,,,,,,,,,,
Bhimmanakuppe Govt lake,09/25,0,,,,,,,,,,,,,,,,,,,,,
Srigandhakavalu Karabu Katte,09/25,0,,,,,,,,,,,,,,,,,,,,,
Janaradhan kere,09/25,0,,,,,,,,,,,,,,,,,,,,,
Konashetty kere,09/25,0,,,,,,,,,,,,,,,,,,,,,
Nagarabhavi (Un-named Lake on map),09/25,0,,,,,,,,,,,,,,,,,,,,,
Sompura Govt.lake,09/25,0,,,,,,,,,,,,,,,,,,,,,
Lakshmipura Lake,09/25,0,,,,,,,,,,,,,,,,,,,,,
Amrutnagar Lake,09/25,0,,,,,,,,,,,,,,,,,,,,,
Hoysalanagara Lake,09/25,0,,,,,,,,,,,,,,,,,,,,,
Basavanagar Lake,09/25,0,,,,,,,,,,,,,,,,,,,,,
Ajjegowdana katte,09/25,0,,,,,,,,,,,,,,,,,,,,,
Kodigehalli kere,09/25,0,,,,,,,,,,,,,,,,,,,,,
Kommaghatta Govt. Lake,09/25,0,,,,,,,,,,,,,,,,,,,,,
Manganahalli Lake,09/25,0,,,,,,,,,,,,,,,,,,,,,
Bhattarahalli kere,09/25,0,,,,,,,,,,,,,,,,,,,,,
Thirumenahalli lake,09/25,0,,,,,,,,,,,,,,,,,,,,,
Avalahali kere,09/25,0,,,,,,,,,,,,,,,,,,,,,
Begur Lake,09/25,0,,,,,,,,,,,,,,,,,,,,,
meenakshi lake,09/25,0,,,,,,,,,,,,,,,,,,,,,
Kannuru kere,09/25,0,,,,,,,,,,,,,,,,,,,,,
Kannuru kere,09/25,0,,,,,,,,,,,,,,,,,,,,,
Doddagubbi kere,09/25,0,,,,,,,,,,,,,,,,,,,,,
Suggata kere,09/25,0,,,,,,,,,,,,,,,,,,,,,
Yelahanka Lake,09/25,0,,,,,,,,,,,,,,,,,,,,,
Dodda Bommasandra Lake,09/25,0,,,,,,,,,,,,,,,,,,,,,
Singapura lake,09/25,0,,,,,,,,,,,,,,,,,,,,,
Chellaghatta kere,09/25,0,,,,,,,,,,,,,,,,,,,,,
Bellandur Amanikere,09/25,0,,,,,,,,,,,,,,,,,,,,,
Abbigere Kere,09/25,0,,,,,,,,,,,,,,,,,,,,,
Kammagondanahalli lake,09/25,0,,,,,,,,,,,,,,,,,,,,,
Mallasandra Lake-2,09/25,0,,,,,,,,,,,,,,,,,,,,,
Chikkabanavara kere,09/25,0,,,,,,,,,,,,,,,,,,,,,
Mallasandra Gudde lake,09/25,0,,,,,,,,,,,,,,,,,,,,,
Bagalagunte Govt.Lake,09/25,0,,,,,,,,,,,,,,,,,,,,,
Lalbagh kere,09/25,0,,,,,,,,,,,,,,,,,,,,,
Chikkabellanduru kere,09/25,0,,,,,,,,,,,,,,,,,,,,,
Carmelarm,09/25,0,,,,,,,,,,,,,,,,,,,,,
Gunjuruplaya kere,09/25,0,,,,,,,,,,,,,,,,,,,,,
Govt. Dinnekere,09/25,0,,,,,,,,,,,,,,,,,,,,,
Panattur Govt.kere,09/25,0,,,,,,,,,,,,,,,,,,,,,
Gramadakere,09/25,0,,,,,,,,,,,,,,,,,,,,,
Ambalipura Kelagina kere,09/25,0,,,,,,,,,,,,,,,,,,,,,
Melinakere,09/25,0,,,,,,,,,,,,,,,,,,,,,
Sowl kere,09/25,0,,,,,,,,,,,,,,,,,,,,,
Bhoganahalli kere,09/25,0,,,,,,,,,,,,,,,,,,,,,
Devarabisanahalli kere,09/25,0,,,,,,,,,,,,,,,,,,,,,
Doddakanneli Gramadakere,09/25,0,,,,,,,,,,,,,,,,,,,,,
Lakedew Appartment lake,09/25,0,,,,,,,,,,,,,,,,,,,,,
Kaikondanahalli kere,09/25,0,,,,,,,,,,,,,,,,,,,,,
Kasavanahalli kere,09/25,0,,,,,,,,,,,,,,,,,,,,,
Mestripalya lake,09/25,0,,,,,,,,,,,,,,,,,,,,,
Tavarekere lake,09/25,0,,,,,,,,,,,,,,,,,,,,,
Byrasandra Kere,09/25,0,,,,,,,,,,,,,,,,,,,,,
J P Park Kere,09/25,0,,,,,,,,,,,,,,,,,,,,,
Agara kere,09/25,0,,,,,,,,,,,,,,,,,,,,,
Ibbalur Govt. Lake,09/25,0,,,,,,,,,,,,,,,,,,,,,
sarraki kere,09/25,0,,,,,,,,,,,,,,,,,,,,,
Puttenahalli Kere,09/25,0,,,,,,,,,,,,,,,,,,,,,
Madivala Kere,09/25,0,,,,,,,,,,,,,,,,,,,,,
Somasundrapalya lake,09/25,0,,,,,,,,,,,,,,,,,,,,,
singasandra,09/25,0,,,,,,,,,,,,,,,,,,,,,
Kodagi Singasandra kere,09/25,0,,,,,,,,,,,,,,,,,,,,,
doddakodlu,09/25,0,,,,,,,,,,,,,,,,,,,,,
Karabu Kere/Konappana agrahara lake,09/25,0,,,,,,,,,,,,,,,,,,,,,
Parapana Agahara Lake,09/25,0,,,,,,,,,,,,,,,,,,,,,
Kudlu Chikere,09/25,0,,,,,,,,,,,,,,,,,,,,,
Kelaginakere,09/25,0,,,,,,,,,,,,,,,,,,,,,
Melinakere,09/25,0,,,,,,,,,,,,,,,,,,,,,
Basavanapura Kere,09/25,0,,,,,,,,,,,,,,,,,,,,,
Swarna Kunte Gudde Lake,09/25,0,,,,,,,,,,,,,,,,,,,,,
Chikkabegur kere,09/25,0,,,,,,,,,,,,,,,,,,,,,
Elenahalli Lake,09/25,0,,,,,,,,,,,,,,,,,,,,,
Kalena Agrahara Govt. Lake,09/25,0,,,,,,,,,,,,,,,,,,,,,
Infrastructure Corridor,09/25,0,,,,,,,,,,,,,,,,,,,,,
Beratena Agrahara Lake,09/25,0,,,,,,,,,,,,,,,,,,,,,
Mylasandra Dodda Agrahara kere,09/25,0,,,,,,,,,,,,,,,,,,,,,
Arekere Govt. lake,09/25,0,,,,,,,,,,,,,,,,,,,,,
Hulimavu Kere,09/25,0,,,,,,,,,,,,,,,,,,,,,
Akashaya nagar Kere,09/25,0,,,,,,,,,,,,,,,,,,,,,
Gottigere Kere,09/25,0,,,,,,,,,,,,,,,,,,,,,
Kothanaru Kere,09/25,0,,,,,,,,,,,,,,,,,,,,,
RBI layout kere,09/25,0,,,,,,,,,,,,,,,,,,,,,
Chunchanaghatta Kere,09/25,0,,,,,,,,,,,,,,,,,,,,,
Alahalli Kere,09/25,0,,,,,,,,,,,,,,,,,,,,,
Kembathahali kere,09/25,0,,,,,,,,,,,,,,,,,,,,,
Doddakallasandra  kere,09/25,0,,,,,,,,,,,,,,,,,,,,,
Konanakunte  kere,09/25,0,,,,,,,,,,,,,,,,,,,,,
Thalagattapura lake,09/25,0,,,,,,,,,,,,,,,,,,,,,
Vajarahalli Govt.Katte,09/25,0,,,,,,,,,,,,,,,,,,,,,
Harohalli kere,09/25,0,,,,,,,,,,,,,,,,,,,,,
Puttenahalli Lake,09/25,0,,,,,,,,,,,,,,,,,,,,,
Chellakere kere,09/25,0,,,,,,,,,,,,,,,,,,,,,
Horamavu Agara,09/25,0,,,,,,,,,,,,,,,,,,,,,
Horamavu kere,09/25,0,,,,,,,,,,,,,,,,,,,,,
Kalkere Kere,09/25,0,,,,,,,,,,,,,,,,,,,,,
Nagareshvara Nagenahalli Kere,09/25,0,,,,,,,,,,,,,,,,,,,,,
Rampura Kere,09/25,0,,,,,,,,,,,,,,,,,,,,,
Atturu kere,09/25,0,,,,,,,,,,,,,,,,,,,,,
Veerasagara kere,09/25,0,,,,,,,,,,,,,,,,,,,,,
Dodda bettahalli,09/25,0,,,,,,,,,,,,,,,,,,,,,
Dasarahalli kere,09/25,0,,,,,,,,,,,,,,,,,,,,,
Doddabidarakallu lake,09/25,0,,,,,,,,,,,,,,,,,,,,,
Allasandra Lake,09/25,0,,,,,,,,,,,,,,,,,,,,,
Andhrahalli Lake,09/25,0,,,,,,,,,,,,,,,,,,,,,
Handrahalli kere,09/25,0,,,,,,,,,,,,,,,,,,,,,
Narasappanahalli kere,09/25,0,,,,,,,,,,,,,,,,,,,,,
Valagere,09/25,0,,,,,,,,,,,,,,,,,,,,,
Shivapura New tank,09/25,0,,,,,,,,,,,,,,,,,,,,,
Agrahara Lake,09/25,0,,,,,,,,,,,,,,,,,,,,,
Chokkanahalli lake,09/25,0,,,,,,,,,,,,,,,,,,,,,
Jakkuru lake,09/25,0,,,,,,,,,,,,,,,,,,,,,
palanahalli,09/25,0,,,,,,,,,,,,,,,,,,,,,
Kattigenahalli lake,09/25,0,,,,,,,,,,,,,,,,,,,,,
Kogilu kere,09/25,0,,,,,,,,,,,,,,,,,,,,,
Venkateshapura lake,09/25,0,,,,,,,,,,,,,,,,,,,,,
Bellihalli kere,09/25,0,,,,,,,,,,,,,,,,,,,,,
B. Channasandra lake,09/25,0,,,,,,,,,,,,,,,,,,,,,
Byappanahalli kere,09/25,0,,,,,,,,,,,,,,,,,,,,,
Kowdenahalli Kere,09/25,0,,,,,,,,,,,,,,,,,,,,,
Krishnarajapuram kere,09/25,0,,,,,,,,,,,,,,,,,,,,,
Basavanapura kere,09/25,0,,,,,,,,,,,,,,,,,,,,,
Shegehalli kere,09/25,0,,,,,,,,,,,,,,,,,,,,,
Mangamanapalya Kere,09/25,0,,,,,,,,,,,,,,,,,,,,,
Hoodi kere-2,09/25,0,,,,,,,,,,,,,,,,,,,,,
Jimkenahalli Kere,09/25,0,,,,,,,,,,,,,,,,,,,,,
Kodigehalli lake,09/25,0,,,,,,,,,,,,,,,,,,,,,
Gangashetti kere/ Devasandra kere,09/25,0,,,,,,,,,,,,,,,,,,,,,
Vijinapura kere2,09/25,0,,,,,,,,,,,,,,,,,,,,,
B.Narayanapura kere,09/25,0,,,,,,,,,,,,,,,,,,,,,
Melinakere,09/25,0,,,,,,,,,,,,,,,,,,,,,
Kelaginakere,09/25,0,,,,,,,,,,,,,,,,,,,,,
Rachenahalli kere,09/25,0,,,,,,,,,,,,,,,,,,,,,
Amruthahalli Lake,09/25,0,,,,,,,,,,,,,,,,,,,,,
Nagawara Lake,09/25,0,,,,,,,,,,,,,,,,,,,,,
Herohalli Lake,09/25,0,,,,,,,,,,,,,,,,,,,,,
Hebbal  kere,09/25,0,,,,,,,,,,,,,,,,,,,,,
Mahadevapura kere,09/25,0,,,,,,,,,,,,,,,,,,,,,
Vibhutipura kere,09/25,0,,,,,,,,,,,,,,,,,,,,,
Rajapalya Hoodikere,09/25,0,,,,,,,,,,,,,,,,,,,,,
Achanakere,09/25,0,,,,,,,,,,,,,,,,,,,,,
"Yekkalagatta kere,Mahadevepura Kere",09/25,0,,,,,,,,,,,,,,,,,,,,,
Pattaduru Agrahara kere-2,09/25,0,,,,,,,,,,,,,,,,,,,,,
Nallurahallikere,09/25,0,,,,,,,,,,,,,,,,,,,,,
Thubarahalli lake,09/25,0,,,,,,,,,,,,,,,,,,,,,
Sheelavantana kere,09/25,0,,,,,,,,,,,,,,,,,,,,,
Doddanekundi Kunte,09/25,0,,,,,,,,,,,,,,,,,,,,,
Chinnappanahalli  kere1,09/25,0,,,,,,,,,,,,,,,,,,,,,
Doddanekundi kere,09/25,0,,,,,,,,,,,,,,,,,,,,,
Kundalahalli kere,09/25,0,,,,,,,,,,,,,,,,,,,,,
Acchanakere,09/25,0,,,,,,,,,,,,,,,,,,,,,
Varthur lake,09/25,0,,,,,,,,,,,,,,,,,,,,,
Narasipura Lake-1,09/25,0,,,,,,,,,,,,,,,,,,,,,
Narasipura Lake-2,09/25,0,,,,,,,,,,,,,,,,,,,,,
Ulsoor Lake,09/25,0,,,,,,,,,,,,,,,,,,,,,
Gunduru Lake,10/25,1,,,,,,,,,,,,,,,,,,,,,0
Doddebele,10/25,1,0.030591176576255,0.03866911778116927,0.024885294137193877,0.0469676472575349,0.0330647059771068,0.03170882368131595,0.027514705927494693,0.022539705955697334,0.021780882304643884,0.01635735309408868,0.004248485439146594,0.0035767737702834235,0.0030441971303524352,0.00369472770240825,0.006819085904563788,0.007517014732073295,0.004799517897680036,0.006564390049934223,0.004933685489025759,0.0025184213300086726,68
Somapura,10/25,1,,,,,,,,,,,,,,,,,,,,,0
Mailasandra,10/25,1,0.04614285698958805,0.050871429698807855,0.03877142870000431,0.04441428663475173,0.042500000447034836,0.04315714272005217,0.040400000022990365,0.03632857144943306,0.02869999994124685,0.021342857341681207,8.015288515611295E-4,8.241258327875801E-4,2.490791807607782E-4,0.001273273359748179,0.0034037795712514533,0.0023095193190589987,7.387253881037778E-4,0.0070262187628621145,8.246207891707522E-4,0.0011146516433565485,7
Kengeri 1,10/25,1,,,,,,,,,,,,,,,,,,,,,0
Kengeri 2,10/25,1,,,,,,,,,,,,,,,,,,,,,0
Chenvinayanahalli,10/25,1,,,,,,,,,,,,,,,,,,,,,0
Annamma kere,10/25,1,,,,,,,,,,,,,,,,,,,,,0
Deevatigeramnahalli kere,10/25,1,,,,,,,,,,,,,,,,,,,,,0
Devarakere,10/25,1,,,,,,,,,,,,,,,,,,,,,0
Doraikere,10/25,1,,,,,,,,,,,,,,,,,,,,,0
Goudanakere,10/25,1,,,,,,,,,,,,,,,,,,,,,0
Gubbalal kere,10/25,1,,,,,,,,,,,,,,,,,,,,,0
Halagevaderahalli kere-2,10/25,1,0.06553333252668381,0.07686666647593181,0.05999999990065893,0.06796666731437047,0.06613333523273468,0.05836666623751322,0.052000001072883606,0.0663333348929882,0.056533334155877434,0.03636666635672251,4.1899466824211893E-4,0.0019258466909703482,0.0020832662858346644,0.0015627622221580687,0.0028778839485785524,0.015397473505817398,0.0055982137406966745,0.003785353108490099,0.004845846891671323,0.004187547533103967,3
Herohalli Thotadakere,10/25,1,,,,,,,,,,,,,,,,,,,,,0
Hosakerehalli Kere,10/25,1,,,,,,,,,,,,,,,,,,,,,0
Kempambudhi lake,10/25,1,,,,,,,,,,,,,,,,,,,,,0
Laggeri Lake,10/25,1,,,,,,,,,,,,,,,,,,,,,0
Mallathahalli Lake,10/25,1,0.05179800011217594,0.06135799996554851,0.04587700009346008,0.04906200002878904,0.038832999914884564,0.037500999979674814,0.03336000010371208,0.032728000078350306,0.027715999903157353,0.021333000091835856,0.004961511538436749,0.008243629982347364,0.007042185044953003,0.010758055421590043,0.012225457321587014,0.01233892613375901,0.010938784295464715,0.01264020662339234,0.012668501858924264,0.009195293107507498,100
Moge kere,10/25,1,,,,,,,,,,,,,,,,,,,,,0
Muppatu Kavalu Hosa Kere,10/25,1,0.03080719613613183,0.03955071345122028,0.027756225179790886,0.04656440281977492,0.028488468287263903,0.028063908560651735,0.024613689210187327,0.020969531782284122,0.02206585715790658,0.017182984228883497,0.001512061302735716,0.0015949299069951321,0.0011248589442885114,0.001988537537436273,0.0030111061647743026,0.0030372464801578657,0.0023864388812909103,0.0033766799679567157,0.004127735483549754,0.0025270351702675847,66
Nayandanahalli kere,10/25,1,,,,,,,,,,,,,,,,,,,,,0
Sankey Tank,10/25,1,0.1281999945640564,0.16369999945163727,0.21289999783039093,0.30469998717308044,0.35370001196861267,0.37869998812675476,0.12880000472068787,0.4058000147342682,0.2786000072956085,0.26919999718666077,0.0,0.0,0.0,0.0,0.0,0.0,0.0,0.0,0.0,0.0,1
Subramhanyapura kere,10/25,1,0.08910000324249268,0.09950000047683716,0.07370000332593918,0.11110000312328339,0.094200000166893,0.09160000085830688,0.07890000194311142,0.06849999725818634,0.045099999755620956,0.03319999948143959,0.0,0.0,0.0,0.0,0.0,0.0,0.0,0.0,0.0,0.0,1
Ullalu lake-2,10/25,1,0.06425384775950359,0.08217692317870948,0.06153076944442896,0.08572307630227162,0.06427692392697701,0.06784615493737735,0.05718461510080557,0.05715384534918345,0.03450000028197582,0.023407692519518044,0.0020496219942029675,0.003072246515696015,0.002538438336228259,0.004560559504933389,0.009175566542639738,0.012352491052953031,0.005832381850589871,0.015380337356576871,0.009159106638270622,0.004171600486863518,13
Valagerehalli kere,10/25,1,0.04092499986290932,0.04927500057965517,0.034775000996887684,0.05477499961853027,0.04790000058710575,0.042325000278651714,0.038925000466406345,0.02927500056102872,0.01814999943599105,0.01472500036470592,3.491060416441643E-4,0.0012049375368897188,7.949046119962789E-4,0.002011684643354685,0.0038613472056944734,0.0031688925691869462,0.0014804979844593837,8.011709356698374E-4,0.0014044572085291594,6.977646281231624E-4,4
Yediyur kere,10/25,1,,,,,,,,,,,,,,,,,,,,,0
Bhimmanakuppe Govt lake,10/25,1,,,,,,,,,,,,,,,,,,,,,0
Srigandhakavalu Karabu Katte,10/25,1,,,,,,,,,,,,,,,,,,,,,0
Janaradhan kere,10/25,1,,,,,,,,,,,,,,,,,,,,,0
Konashetty kere,10/25,1,,,,,,,,,,,,,,,,,,,,,0
Nagarabhavi (Un-named Lake on map),10/25,1,,,,,,,,,,,,,,,,,,,,,0
Sompura Govt.lake,10/25,1,,,,,,,,,,,,,,,,,,,,,0
Lakshmipura Lake,10/25,1,,,,,,,,,,,,,,,,,,,,,0
Amrutnagar Lake,10/25,1,,,,,,,,,,,,,,,,,,,,,0
Hoysalanagara Lake,10/25,1,,,,,,,,,,,,,,,,,,,,,0
Basavanagar Lake,10/25,1,,,,,,,,,,,,,,,,,,,,,0
Ajjegowdana katte,10/25,1,,,,,,,,,,,,,,,,,,,,,0
Kodigehalli kere,10/25,1,,,,,,,,,,,,,,,,,,,,,0
Kommaghatta Govt. Lake,10/25,1,0.0335472972459487,0.04303648675212989,0.029272972857831297,0.04914864882625438,0.034444594831281414,0.03449729731860193,0.030052702748090833,0.026535135114917886,0.020444594550173025,0.015240540539191381,0.00218596409169074,0.0024257388993450843,0.0018581665817989255,0.0021627836247127136,0.003960655980756823,0.0040004381158832755,0.0029472031301013587,0.004173450007599333,0.003056766642510225,0.0020640369484401662,74
Manganahalli Lake,10/25,1,0.01717732904293084,0.02155775771268417,0.015047133138122152,0.023982588528034195,0.01142575249224913,0.011089034853702879,0.008911848923187669,0.0090492010392473,0.01375046775503657,0.011357576656284687,0.0031703573041339714,0.0029267513573136977,0.0026050009252076133,0.0031607437490472966,0.005254244701003909,0.005974841957058067,0.00529201559800963,0.005646360809134321,0.0032268019369992586,0.0018290251059405105,713
Bhattarahalli kere,10/25,1,,,,,,,,,,,,,,,,,,,,,0
Thirumenahalli lake,10/25,1,0.02630000002682209,0.03739999979734421,0.027400000020861626,0.04859999939799309,0.039400000125169754,0.03700000047683716,0.02979999966919422,0.027400000020861626,0.024700000882148743,0.02019999921321869,0.0,0.0,0.0,0.0,0.0,0.0,0.0,0.0,0.0,0.0,1
Avalahali kere,10/25,1,0.04793037376509183,0.05958319230776263,0.044073353444542586,0.0632256488995808,0.045740260022889064,0.04376324343822055,0.03519610830404128,0.032511171397912576,0.015295362961740697,0.01204698605308453,0.004079769096763853,0.0071232602780416324,0.00490941333547872,0.010430525647749286,0.007134268783685956,0.007379006251388136,0.006296258094796242,0.00649129842430357,0.003587928790801186,0.0020962111416427723,1524
Begur Lake,10/25,1,0.07142670938952102,0.07422435905338608,0.05943824792615114,0.07240491468682249,0.06073333345289923,0.05963717947881191,0.05200790611501688,0.05100598305654831,0.030820940223196123,0.021916453109687973,0.010345100376564633,0.009577821331773031,0.008816358347242636,0.008919662714463874,0.01025682810706787,0.010771743377027855,0.009501680217940034,0.010784907975913622,0.008424371253271596,0.005646662195897577,468
meenakshi lake,10/25,1,,,,,,,,,,,,,,,,,,,,,0
Kannuru kere,10/25,1,,,,,,,,,,,,,,,,,,,,,0
Kannuru kere,10/25,1,,,,,,,,,,,,,,,,,,,,,0
Doddagubbi kere,10/25,1,0.019863066067277835,0.02686300021409989,0.021455422042958056,0.043342045781148066,0.024956971004850323,0.024111540485169638,0.018088300182259157,0.014347451648415516,0.015551976165088147,0.013324352745330469,0.0027156435858877214,0.002583142901963527,0.0023011923893306203,0.00261508591758025,0.0038385638035395436,0.004053666167095536,0.0036880673906540557,0.003937031958551461,0.0026698407319460673,0.002093636753436043,487
Suggata kere,10/25,1,,,,,,,,,,,,,,,,,,,,,0
Yelahanka Lake,10/25,1,0.0480866426720396,0.07147129559708823,0.041591507818880415,0.08941842296926591,0.05780571699238554,0.05833298997219931,0.04722495643603949,0.0372397454518417,0.016754637847298498,0.012734574558508762,0.004639329307815096,0.003486052716762118,0.0040812686693856735,0.005884375972032526,0.008212717442261258,0.008280763411597445,0.006857180093250482,0.007032877764887866,0.0037337788250423392,0.002281634154282842,1628
Dodda Bommasandra Lake,10/25,1,,,,,,,,,,,,,,,,,,,,,0
Singapura lake,10/25,1,,,,,,,,,,,,,,,,,,,,,0
Chellaghatta kere,10/25,1,,,,,,,,,,,,,,,,,,,,,0
Bellandur Amanikere,10/25,1,0.047600001096725464,0.05270000174641609,0.03849999979138374,0.05469999834895134,0.051100000739097595,0.0494999997317791,0.042899999767541885,0.04500000178813934,0.024800000712275505,0.016699999570846558,0.0,0.0,0.0,0.0,0.0,0.0,0.0,0.0,0.0,0.0,1
Abbigere Kere,10/25,1,0.0574015625170432,0.07473593775648624,0.05408750020433217,0.07772812526673079,0.0639546878519468,0.06391093734418973,0.05829218740109354,0.05255468765972182,0.03354687528917566,0.022901562479091808,0.0042709955148751725,0.0036477038859368646,0.0033300007419017046,0.0036069582618538775,0.004832472529153228,0.0051395861738867624,0.0032790676008591546,0.005186248072261957,0.005272391776967484,0.002486054407380487,64
Kammagondanahalli lake,10/25,1,,,,,,,,,,,,,,,,,,,,,0
Mallasandra Lake-2,10/25,1,,,,,,,,,,,,,,,,,,,,,0
Chikkabanavara kere,10/25,1,0.06523698182146384,0.09080995552640772,0.06816523710391328,0.07783593590407105,0.054957097365376725,0.05571454944631798,0.05131680282025403,0.04672402012476388,0.03223102003954172,0.024467894791699103,0.01583108912615411,0.016358075061297165,0.0141877630221942,0.014377465205460457,0.014331713780071842,0.015201643938295433,0.01595680209480713,0.014659591474380203,0.009622795451967776,0.00585494888771436,310
Mallasandra Gudde lake,10/25,1,,,,,,,,,,,,,,,,,,,,,0
Bagalagunte Govt.Lake,10/25,1,,,,,,,,,,,,,,,,,,,,,0
Lalbagh kere,10/25,1,,,,,,,,,,,,,,,,,,,,,0
Chikkabellanduru kere,10/25,1,,,,,,,,,,,,,,,,,,,,,0
Carmelarm,10/25,1,,,,,,,,,,,,,,,,,,,,,0
Gunjuruplaya kere,10/25,1,,,,,,,,,,,,,,,,,,,,,0
Govt. Dinnekere,10/25,1,,,,,,,,,,,,,,,,,,,,,0
Panattur Govt.kere,10/25,1,0.06981944437656137,0.09079722252984841,0.0668444445149766,0.0809749998152256,0.07233888893905613,0.074025000549025,0.06633055603338613,0.06506111141708162,0.04238888880030976,0.029547222320818238,0.005406057827143581,0.0047978859190498345,0.0052336218746572676,0.00554779104202396,0.00796834984396322,0.007666100440018716,0.006389349759124249,0.00944152410638824,0.006974747217730951,0.004629104029386339,36
Gramadakere,10/25,1,0.12328999862074852,0.18044999688863755,0.16825999915599824,0.18809999972581865,0.1370899997651577,0.14196999743580818,0.1284699983894825,0.11209000051021575,0.08037000186741353,0.052130000293254854,0.011553220302238735,0.01326448173574066,0.014035895967125608,0.014848366109184679,0.00989731611196833,0.011887727969348741,0.015159487895723373,0.011286227840827246,0.02672254076674652,0.01769576480327575,10
Ambalipura Kelagina kere,10/25,1,,,,,,,,,,,,,,,,,,,,,0
Melinakere,10/25,1,,,,,,,,,,,,,,,,,,,,,0
Sowl kere,10/25,1,0.07158857136964798,0.07736857128994805,0.05900285733597619,0.07862857090575355,0.06671428637845175,0.06612285737480436,0.05862857167209898,0.054402857273817065,0.03147999990199293,0.022105714199798447,0.006443369562329505,0.006640600876046876,0.005209304475649782,0.0064832339568449944,0.006431713691327412,0.006639366667765182,0.006854928378989899,0.007858189083805906,0.004175766817606413,0.0022519758895861875,35
Bhoganahalli kere,10/25,1,,,,,,,,,,,,,,,,,,,,,0
Devarabisanahalli kere,10/25,1,0.08495209433505091,0.10881128215673172,0.07661635532305533,0.08996279480278001,0.06275270580653203,0.06400296549295402,0.055594344401589155,0.05593136737299089,0.04302341824904817,0.03273200900164338,0.0020941168696128744,0.0026966122595979795,0.001918178238014677,0.0024468069004275833,0.008062338239523905,0.007135195894757366,0.005447882045378162,0.00953132589473563,0.008804946910267999,0.004550739593405911,13
Doddakanneli Gramadakere,10/25,1,,,,,,,,,,,,,,,,,,,,,0
Lakedew Appartment lake,10/25,1,0.08776923039784798,0.10029230782618889,0.07320769360432258,0.11050000041723251,0.08796153905299994,0.0884076924278186,0.07540769244615848,0.06780000088306573,0.034900000462165244,0.02653846130348169,0.0012541529436478165,4.984004412351423E-4,9.227566432035767E-4,0.002127836564392286,0.0020401870928079325,0.0025820265589325798,0.0018104234810495735,0.00235665957742691,0.002407679940581786,0.0012048226743055558,13
Kaikondanahalli kere,10/25,1,,,,,,,,,,,,,,,,,,,,,0
Kasavanahalli kere,10/25,1,,,,,,,,,,,,,,,,,,,,,0
Mestripalya lake,10/25,1,,,,,,,,,,,,,,,,,,,,,0
Tavarekere lake,10/25,1,,,,,,,,,,,,,,,,,,,,,0
Byrasandra Kere,10/25,1,,,,,,,,,,,,,,,,,,,,,0
J P Park Kere,10/25,1,,,,,,,,,,,,,,,,,,,,,0
Agara kere,10/25,1,,,,,,,,,,,,,,,,,,,,,0
Ibbalur Govt. Lake,10/25,1,,,,,,,,,,,,,,,,,,,,,0
sarraki kere,10/25,1,0.15809999406337738,0.1882999986410141,0.14800000190734863,0.1527000069618225,0.10589999705553055,0.10570000112056732,0.08330000191926956,0.08969999849796295,0.08640000224113464,0.05310000106692314,0.0,0.0,0.0,0.0,0.0,0.0,0.0,0.0,0.0,0.0,1
Puttenahalli Kere,10/25,1,,,,,,,,,,,,,,,,,,,,,0
Madivala Kere,10/25,1,0.07161231287530377,0.07316505834584228,0.05942745420604498,0.07210682206066595,0.06462695518393881,0.06363777037765737,0.05513926799379649,0.05294259574369662,0.027340099866348576,0.019657238000715633,0.005852011320611147,0.005853696862441111,0.005156392184488714,0.005233887731023572,0.005275933973798761,0.005384561290478254,0.004722776205547829,0.0051810948105237495,0.0036779831742985956,0.0025928453493925963,601
Somasundrapalya lake,10/25,1,,,,,,,,,,,,,,,,,,,,,0
singasandra,10/25,1,,,,,,,,,,,,,,,,,,,,,0
Kodagi Singasandra kere,10/25,1,,,,,,,,,,,,,,,,,,,,,0
doddakodlu,10/25,1,,,,,,,,,,,,,,,,,,,,,0
Karabu Kere/Konappana agrahara lake,10/25,1,,,,,,,,,,,,,,,,,,,,,0
Parapana Agahara Lake,10/25,1,,,,,,,,,,,,,,,,,,,,,0
Kudlu Chikere,10/25,1,,,,,,,,,,,,,,,,,,,,,0
Kelaginakere,10/25,1,,,,,,,,,,,,,,,,,,,,,0
Melinakere,10/25,1,,,,,,,,,,,,,,,,,,,,,0
Basavanapura Kere,10/25,1,,,,,,,,,,,,,,,,,,,,,0
Swarna Kunte Gudde Lake,10/25,1,,,,,,,,,,,,,,,,,,,,,0
Chikkabegur kere,10/25,1,,,,,,,,,,,,,,,,,,,,,0
Elenahalli Lake,10/25,1,,,,,,,,,,,,,,,,,,,,,0
Kalena Agrahara Govt. Lake,10/25,1,,,,,,,,,,,,,,,,,,,,,0
Infrastructure Corridor,10/25,1,,,,,,,,,,,,,,,,,,,,,0
Beratena Agrahara Lake,10/25,1,,,,,,,,,,,,,,,,,,,,,0
Mylasandra Dodda Agrahara kere,10/25,1,,,,,,,,,,,,,,,,,,,,,0
Arekere Govt. lake,10/25,1,,,,,,,,,,,,,,,,,,,,,0
Hulimavu Kere,10/25,1,,,,,,,,,,,,,,,,,,,,,0
Akashaya nagar Kere,10/25,1,,,,,,,,,,,,,,,,,,,,,0
Gottigere Kere,10/25,1,0.10699444409045908,0.12822222254342502,0.09269722240666549,0.13953055524163777,0.1048916665216287,0.1059750003947152,0.09297777774433295,0.08190833321875995,0.044805555811358824,0.03246666666948133,0.003873266219288583,0.002835205498425002,0.0027561539495918473,0.0032457523367077183,0.006701176616195793,0.00694643720030114,0.005524345468164558,0.005431614624128797,0.008075303480766828,0.005672888916427852,36
Kothanaru Kere,10/25,1,,,,,,,,,,,,,,,,,,,,,0
RBI layout kere,10/25,1,,,,,,,,,,,,,,,,,,,,,0
Chunchanaghatta Kere,10/25,1,,,,,,,,,,,,,,,,,,,,,0
Alahalli Kere,10/25,1,0.06963912980711978,0.08291304241056027,0.06100000019954598,0.08964782596930214,0.07294782656042473,0.07229565148768217,0.06309565189092056,0.05873913010177405,0.03993913110183633,0.02962608700213225,0.004222170684718746,0.0033085276604055787,0.0034083021589838983,0.002897205238012871,0.00557976713550102,0.008044143297380341,0.0038321839935041026,0.007929018664466127,0.00739951431077274,0.004331002451825515,23
Kembathahali kere,10/25,1,,,,,,,,,,,,,,,,,,,,,0
Doddakallasandra  kere,10/25,1,,,,,,,,,,,,,,,,,,,,,0
Konanakunte  kere,10/25,1,,,,,,,,,,,,,,,,,,,,,0
Thalagattapura lake,10/25,1,0.06789999827742577,0.07744999974966049,0.05934999883174896,0.07459999993443489,0.06815000250935555,0.06864999979734421,0.06214999966323376,0.06529999896883965,0.04150000028312206,0.0284000001847744,0.0016000010073184967,5.50001859664917E-4,2.500005066394806E-4,9.99998301267624E-4,0.004250001162290573,0.004349999129772186,4.999898374080658E-5,0.0016000010073184967,0.0013999994844198227,3.9999932050704956E-4,2
Vajarahalli Govt.Katte,10/25,1,,,,,,,,,,,,,,,,,,,,,0
Harohalli kere,10/25,1,0.03613760707597447,0.04875042751176745,0.03334700876576269,0.05582991449369325,0.04252222231310657,0.04324700861659824,0.036211965987697624,0.03579914544382666,0.020776923061308697,0.014282051258935379,0.0025481591750206468,0.0024772685775045974,0.0018429619672519553,0.0026858687750130725,0.00428810932222145,0.003732980306475904,0.003087475820997467,0.003851839248976396,0.0020637856378097758,0.0011527459795937414,117
Puttenahalli Lake,10/25,1,,,,,,,,,,,,,,,,,,,,,0
Chellakere kere,10/25,1,,,,,,,,,,,,,,,,,,,,,0
Horamavu Agara,10/25,1,0.06379876575536197,0.0920481480382107,0.06025123451319006,0.10935246912233623,0.07654321023527487,0.07781296310785377,0.06536358003906997,0.0554697530137168,0.029382716128487647,0.02230617287856193,0.002121320147044441,0.002078021695828958,0.0018843160436476608,0.0019082729676321286,0.003368424005187483,0.003263909446774552,0.002834308289750603,0.0035764849925602198,0.0053866843750301685,0.003847424878636684,162
Horamavu kere,10/25,1,,,,,,,,,,,,,,,,,,,,,0
Kalkere Kere,10/25,1,0.042902298871128036,0.059667816150119936,0.036873563075031354,0.055456322200339414,0.04737586228326819,0.047349425610797156,0.039365517296667756,0.03187126439364477,0.0215643679016623,0.015787356372537285,0.01008584977358143,0.006523987284662657,0.010989675901157257,0.006824477767204134,0.008126966099874951,0.009005781806521854,0.006965247355835285,0.006926625500357904,0.006715618770687276,0.004377681276221118,87
Nagareshvara Nagenahalli Kere,10/25,1,,,,,,,,,,,,,,,,,,,,,0
Rampura Kere,10/25,1,0.031070000119507314,0.04879999980330467,0.026819999888539316,0.040130000188946725,0.03157000076025725,0.03961999975144863,0.03705000020563602,0.03469999991357327,0.04098000004887581,0.023889999836683273,0.003955767922219861,0.0030967730872038246,0.0032381474973291117,0.008028580544694824,0.012788201916898296,0.008612641527249153,0.0026710482938303113,0.010346883767569894,0.004822613189695464,0.004684751702619991,10
Atturu kere,10/25,1,0.034491626884449615,0.05807033488660623,0.03768827755931034,0.06153827755930321,0.029606937916512695,0.03014306219642242,0.024328708183020353,0.021530861224373133,0.018882535919368837,0.015043301461041686,0.0065762914698220066,0.012250904866337961,0.00772139152569402,0.014380531481085609,0.00971683915068208,0.010964556288307488,0.008692552381002418,0.008390309880459497,0.005414463713084391,0.0029915616071967753,418
Veerasagara kere,10/25,1,,,,,,,,,,,,,,,,,,,,,0
Dodda bettahalli,10/25,1,,,,,,,,,,,,,,,,,,,,,0
Dasarahalli kere,10/25,1,,,,,,,,,,,,,,,,,,,,,0
Doddabidarakallu lake,10/25,1,,,,,,,,,,,,,,,,,,,,,0
Allasandra Lake,10/25,1,,,,,,,,,,,,,,,,,,,,,0
Andhrahalli Lake,10/25,1,,,,,,,,,,,,,,,,,,,,,0
Handrahalli kere,10/25,1,,,,,,,,,,,,,,,,,,,,,0
Narasappanahalli kere,10/25,1,,,,,,,,,,,,,,,,,,,,,0
Valagere,10/25,1,,,,,,,,,,,,,,,,,,,,,0
Shivapura New tank,10/25,1,,,,,,,,,,,,,,,,,,,,,0
Agrahara Lake,10/25,1,,,,,,,,,,,,,,,,,,,,,0
Chokkanahalli lake,10/25,1,,,,,,,,,,,,,,,,,,,,,0
Jakkuru lake,10/25,1,,,,,,,,,,,,,,,,,,,,,0
palanahalli,10/25,1,0.055769090896303004,0.0661127277395942,0.04669818194075064,0.0676581816917116,0.05957818160002882,0.059363636374473575,0.05073818178339438,0.048032727227969606,0.029092727398330517,0.021378181807019492,0.001635056056775545,0.001609410517751408,0.0013606802782074208,0.0023604849373236917,0.0022044326074601387,0.003203995308186504,0.0016289975447811899,0.0024927573574130973,0.0029512314803599097,0.0016496491456172698,55
Kattigenahalli lake,10/25,1,,,,,,,,,,,,,,,,,,,,,0
Kogilu kere,10/25,1,0.024347393415974215,0.03572654020553234,0.02498151659435853,0.04478767786122046,0.0272881516710065,0.027100473982215774,0.021855450275031878,0.019633649281221684,0.02074218017901007,0.01608957350695444,0.005557764760499323,0.006675644130732555,0.004741186952281004,0.009207926547474637,0.00881165761451349,0.009134075020884438,0.007683132640194042,0.007613672964384872,0.003726817476873399,0.0023919860654923347,211
Venkateshapura lake,10/25,1,,,,,,,,,,,,,,,,,,,,,0
Bellihalli kere,10/25,1,,,,,,,,,,,,,,,,,,,,,0
B. Channasandra lake,10/25,1,0.07387378494002804,0.08763162315085782,0.06873279095557483,0.08815919790148827,0.07470774343864818,0.0760847726040969,0.06695399139216242,0.06493806422710886,0.03971448112464586,0.02918680121724253,0.0021481456868384765,0.002047080744319209,0.002055777930593869,0.0024497495663612476,0.0031494137996395466,0.0038287984383321024,0.0017884522025666796,0.0033258844020850366,0.005555978596917621,0.004743056572319165,41
Byappanahalli kere,10/25,1,,,,,,,,,,,,,,,,,,,,,0
Kowdenahalli Kere,10/25,1,,,,,,,,,,,,,,,,,,,,,0
Krishnarajapuram kere,10/25,1,,,,,,,,,,,,,,,,,,,,,0
Basavanapura kere,10/25,1,,,,,,,,,,,,,,,,,,,,,0
Shegehalli kere,10/25,1,,,,,,,,,,,,,,,,,,,,,0
Mangamanapalya Kere,10/25,1,,,,,,,,,,,,,,,,,,,,,0
Hoodi kere-2,10/25,1,,,,,,,,,,,,,,,,,,,,,0
Jimkenahalli Kere,10/25,1,0.06662031219457276,0.09848437609616667,0.07581015670439228,0.10833749995799735,0.09189765702467412,0.09166093834210187,0.07520077982917428,0.08476249797968194,0.08964374943752773,0.06315625202842057,0.006042258959391963,0.00470059076980319,0.00500199907203626,0.006647307077630894,0.013094611094193501,0.015313391752940725,0.0040549019130824175,0.012080837296056017,0.02190174972027981,0.020717518563361806,3
Kodigehalli lake,10/25,1,0.04316316534552528,0.06008866899595274,0.040196498680943514,0.05203248988057969,0.04053860455285974,0.0405629550448438,0.03511245447922901,0.03488147425670662,0.02688240884925029,0.0203382730772412,0.0025296717879143525,0.0022440984004425536,0.0021119559754479967,0.0031619360675408715,0.005444431898814597,0.006145578959266818,0.004133525136563179,0.006695930421556693,0.006341422426960916,0.003869833798270301,237
Gangashetti kere/ Devasandra kere,10/25,1,,,,,,,,,,,,,,,,,,,,,0
Vijinapura kere2,10/25,1,,,,,,,,,,,,,,,,,,,,,0
B.Narayanapura kere,10/25,1,,,,,,,,,,,,,,,,,,,,,0
Melinakere,10/25,1,,,,,,,,,,,,,,,,,,,,,0
Kelaginakere,10/25,1,0.10972499940544367,0.11935000028461218,0.09240000043064356,0.11915000155568123,0.1015375005081296,0.10814999975264072,0.09147500060498714,0.09076249971985817,0.06326249986886978,0.044424999970942736,0.003781782042997347,0.0041800127036781196,0.004076763807088021,0.005831595509342441,0.00913850904086293,0.008471275339464557,0.005453840967863659,0.009953510030975119,0.011853262913704032,0.008579007492746045,8
Rachenahalli kere,10/25,1,,,,,,,,,,,,,,,,,,,,,0
Amruthahalli Lake,10/25,1,,,,,,,,,,,,,,,,,,,,,0
Nagawara Lake,10/25,1,,,,,,,,,,,,,,,,,,,,,0
Herohalli Lake,10/25,1,,,,,,,,,,,,,,,,,,,,,0
Hebbal  kere,10/25,1,0.0658966675400734,0.07040000061194102,0.055700000127156576,0.07715000013510386,0.06748666626711687,0.06769333320359389,0.056573333342870076,0.054659999907016754,0.02957333344966173,0.02119999999801318,0.003519136559664651,0.0032058282045783672,0.0031011825515149306,0.002713024032297889,0.003940027954884091,0.0034713041328043935,0.0028896291331697746,0.003618618900071279,0.0028606448581757426,0.0024123295695466806,30
Mahadevapura kere,10/25,1,0.09159425187203353,0.12341660571481732,0.084285811769239,0.1418590779436657,0.10655073024821976,0.10726227130686497,0.08988937025848966,0.07965707116977848,0.03983316625923897,0.029260218863198732,0.003829165872700733,0.0023843412738779766,0.00421672048064834,0.003410123771849617,0.00793726441747278,0.008477952273308402,0.005755839255025155,0.009659026686965205,0.007642358892466481,0.0060343543199077735,43
Vibhutipura kere,10/25,1,0.08980000019073486,0.12039999663829803,0.08590000122785568,0.15150000154972076,0.11879999935626984,0.11940000206232071,0.09759999811649323,0.08720000088214874,0.03319999948143959,0.023499999195337296,0.0,0.0,0.0,0.0,0.0,0.0,0.0,0.0,0.0,0.0,1
Rajapalya Hoodikere,10/25,1,0.02973999995738268,0.03730999976396561,0.02950000036507845,0.0366200003772974,0.03210000060498715,0.03466999977827072,0.02883000038564205,0.027809999883174896,0.017509999871253967,0.014419999998062849,0.002299652401111705,0.003336900097009167,0.003050246480857238,0.002645297676923891,0.004227528873381179,0.003660615457643363,0.002767327776125154,0.0027879921478541013,0.0029790768238777358,0.0011417532552608818,10
Achanakere,10/25,1,,,,,,,,,,,,,,,,,,,,,0
"Yekkalagatta kere,Mahadevepura Kere",10/25,1,,,,,,,,,,,,,,,,,,,,,0
Pattaduru Agrahara kere-2,10/25,1,,,,,,,,,,,,,,,,,,,,,0
Nallurahallikere,10/25,1,0.06572188131061378,0.1040575686324004,0.07571488508111408,0.09534697293084757,0.06353066312797422,0.06551111975937794,0.05459115800143053,0.052708190627649344,0.04036438815383277,0.027754710116465638,0.004226352099502972,0.003714656931195687,0.0035151234630603255,0.0051895055777402745,0.011521222563800494,0.013194438251389369,0.008925236636877469,0.013984276195141346,0.017831337204818425,0.010264236775844893,145
Thubarahalli lake,10/25,1,0.047441493191510774,0.06290970426999258,0.044390243752745105,0.05641686795368599,0.04815288453825634,0.04909909421190936,0.04431415038972299,0.04330257191922033,0.033464650150275214,0.024871084996200835,0.0021669572702519737,0.002929857431050661,0.0023989660635173847,0.004354082451704155,0.0044822383160046326,0.006293218370032494,0.0040026731809163964,0.00711461134792382,0.009832643175663848,0.0054480600723991295,113
Sheelavantana kere,10/25,1,,,,,,,,,,,,,,,,,,,,,0
Doddanekundi Kunte,10/25,1,,,,,,,,,,,,,,,,,,,,,0
Chinnappanahalli  kere1,10/25,1,,,,,,,,,,,,,,,,,,,,,0
Doddanekundi kere,10/25,1,0.0625786210185495,0.07938551722929396,0.058467586184370104,0.09206689668112787,0.07459103454803598,0.07488896574439674,0.06343586221337319,0.05775172414964643,0.028964827556548448,0.02102551731313097,0.004960912193004344,0.00487177606962994,0.004326707422829915,0.004095094850148143,0.004709036408216164,0.004826980039225467,0.004133190827165973,0.004754150375475046,0.0026501406266445796,0.0016393766374465089,145
Kundalahalli kere,10/25,1,0.08450016576259013,0.1236530538142244,0.08363300009914555,0.1273422125129817,0.08800304502576357,0.08831350469342757,0.07327799818373334,0.06447049846351181,0.03504223572721838,0.026305138483754893,0.0029250253137376647,0.0038755242100763357,0.003056385500337719,0.004875901733837111,0.006679767079938872,0.007202245394455078,0.004813214582070629,0.008518848555878025,0.008545281053979108,0.004231997823523843,135
Acchanakere,10/25,1,,,,,,,,,,,,,,,,,,,,,0
Varthur lake,10/25,1,0.035259551359146525,0.04952318071541803,0.0352057173392815,0.05212465280440955,0.030965059420001242,0.031037561139060584,0.026047852988047487,0.02374302208051765,0.017166615367097175,0.013564895543323482,0.0067912351529664065,0.007074338058940564,0.006155175848174081,0.006713136383874119,0.008754793804584379,0.008917408989405257,0.008158906538199489,0.008395493809068863,0.005874680878967883,0.0036873044370093603,2126
Narasipura Lake-1,10/25,1,,,,,,,,,,,,,,,,,,,,,0
Narasipura Lake-2,10/25,1,0.053849998861551285,0.0803999975323677,0.05889999866485596,0.07959999889135361,0.06225000135600567,0.06760000064969063,0.06104999966919422,0.05140000022947788,0.04130000062286854,0.025200000032782555,2.500005066394806E-4,0.0016999989748001099,0.0012999996542930603,9.000003337860107E-4,0.0035500023514032364,0.005499999970197678,3.50000336766243E-4,0.00819999910891056,4.000011831521988E-4,0.0010999999940395355,2
Ulsoor Lake,10/25,1,0.09161895268378266,0.13888616845783947,0.082100365033083,0.14130061702386446,0.09340032151023561,0.09477965483448636,0.07817096121359042,0.06644966620953206,0.030949167287135163,0.021571746492910538,0.0070085924665887304,0.006107994354761502,0.00587915165667229,0.004971150966582287,0.008528688989933428,0.009812789100872214,0.008001982047022814,0.011321544269899857,0.011123063546763077,0.007262346345055437,723
Gunduru Lake,11/25,3,0.021737500058057215,0.04227019216005619,0.02354326923019611,0.050651923180199586,0.02985096160465708,0.030364423238027554,0.027210577068707116,0.02201826921485078,0.01954807686762741,0.015420192297404775,0.0018904078037000505,0.0029653652918122703,0.0023587608731567332,0.004068842427605426,0.005376198309752797,0.0048959987129624525,0.003092412234358699,0.006585795094064598,0.004880484654488641,0.004348499412150367,52
Doddebele,11/25,3,0.02681329113112975,0.034531012696178656,0.021553164619150796,0.041998101421926594,0.02940569624682016,0.028455063417742524,0.025317088665464258,0.020175949434596527,0.01888481011213381,0.01461139245878292,0.005346533999322797,0.005258352476658524,0.0042235650760650565,0.006026494435616764,0.007128623959426219,0.007071777553149431,0.004649308508024202,0.006542890839778689,0.006168418681711582,0.003248329234670748,79
Somapura,11/25,3,0.033233333172069654,0.04874444463186794,0.040577777557902865,0.04905555604232682,0.032311111274692744,0.03116666649778684,0.03171111105216874,0.032788888861735664,0.02515555566383733,0.016422222264938884,0.0025681820640371584,0.0037476249112176046,0.0027639650370436288,0.005020870275213594,0.007242535347205274,0.007331211496673785,0.002895760869915661,0.005981907162764742,0.003800617453707683,0.002602468283262976,9
Mailasandra,11/25,3,0.03202222235914734,0.03656111202306218,0.026277777635388903,0.030788889361752406,0.030122222792771127,0.02952222220806612,0.028711111491752997,0.02471666701603681,0.023288888960248895,0.018155555551250774,0.01167526159091623,0.01237124317500366,0.010303939643010263,0.011321876211481195,0.00908289380231632,0.012538631548784328,0.010063321237398238,0.010976110562080525,0.004697681137820914,0.003379632256502105,9
Kengeri 1,11/25,3,,,,,,,,,,,,,,,,,,,,,0
Kengeri 2,11/25,3,,,,,,,,,,,,,,,,,,,,,0
Chenvinayanahalli,11/25,3,0.019794776229493653,0.03424626891848756,0.018797015048452277,0.032857462708184966,0.01858059707473018,0.020839552130939354,0.02081865667184787,0.01683805971197895,0.02006044783698979,0.014938806072433494,0.0015868662111445807,0.0014829704941633826,0.001012197283820768,0.0020192035824929252,0.003998469368549631,0.0039550225613085585,0.0023726022636652412,0.004722707066465505,0.0043852751264013955,0.0030579944594269935,67
Annamma kere,11/25,3,0.02883750037290156,0.0575125003233552,0.03133750054985285,0.06885624956339598,0.039662500377744436,0.05482500093057752,0.0423874999396503,0.04129999969154596,0.026512500131502748,0.020531250396743417,0.0025435886850866626,0.0015011970812596376,0.003419772838964914,0.0020789802626142682,0.004317967401830648,0.009991591283987763,0.002858949953049439,0.010098762386107922,0.002428701959751807,0.002497615978848628,8
Deevatigeramnahalli kere,11/25,3,0.029821782655975012,0.046448855081474366,0.032123973530517574,0.044399725787484405,0.03256255934812,0.03564544392989395,0.034622180878648656,0.033064774889290285,0.02721944230151675,0.021027371477459034,0.0016987129907403144,8.732959585748157E-4,8.125961502665801E-4,0.002046710605594602,0.005306526348795664,0.006221653651906397,0.002014934829388999,0.006480593411638753,0.004963050489585093,0.0027634030590507276,16
Devarakere,11/25,3,,,,,,,,,,,,,,,,,,,,,0
Doraikere,11/25,3,,,,,,,,,,,,,,,,,,,,,0
Goudanakere,11/25,3,,,,,,,,,,,,,,,,,,,,,0
Gubbalal kere,11/25,3,0.022633334000905354,0.03100000073512395,0.02183333287636439,0.03216666728258133,0.024399999529123306,0.02539999969303608,0.021666666492819786,0.027166666463017464,0.03136666677892208,0.024266665801405907,0.0017987649903163727,0.002146315364090611,0.0025927248503017294,0.005431595356692539,0.0051562252946512795,0.0025922958995189343,0.00282410240082595,0.007583461318149975,0.013741018179108139,0.0074271272237969145,3
Halagevaderahalli kere-2,11/25,3,0.03795714330460344,0.05478571408561298,0.04323571441429002,0.051335714757442474,0.04237857115055833,0.04052142798900604,0.0406214286174093,0.043757143297365735,0.03830000039722238,0.02622142859867641,0.01193184341818592,0.00992798023534613,0.00996525074461931,0.009241123762695412,0.01911158696063351,0.019953585954827255,0.008574166533173899,0.016213893083622973,0.011587832932924005,0.00776502454830329,7
Herohalli Thotadakere,11/25,3,,,,,,,,,,,,,,,,,,,,,0
Hosakerehalli Kere,11/25,3,,,,,,,,,,,,,,,,,,,,,0
Kempambudhi lake,11/25,3,,,,,,,,,,,,,,,,,,,,,0
Laggeri Lake,11/25,3,,,,,,,,,,,,,,,,,,,,,0
Mallathahalli Lake,11/25,3,0.029767521394368928,0.05379273494084676,0.038438888935324475,0.03896324806170076,0.02391324780531164,0.024456837596610572,0.022509829125279546,0.02360341886583811,0.025565812029899694,0.02084230780442301,0.006298657801195294,0.0059939612165431965,0.006110779724461845,0.009910523622356449,0.012089290842379115,0.012885237809245432,0.009615712840722462,0.013712667657545972,0.016810200746504946,0.014598932514531733,117
Moge kere,11/25,3,0.042399998754262924,0.09719999879598618,0.05180000141263008,0.125900000333786,0.09369999915361404,0.09290000051259995,0.07810000330209732,0.05220000073313713,0.014800000004470348,0.01119999960064888,0.0,0.0,0.0,0.0,0.0,0.0,0.0,0.0,0.0,0.0,1
Muppatu Kavalu Hosa Kere,11/25,3,0.023018539743307708,0.033431751134402776,0.02060699851114956,0.041843022692421815,0.0265199444415402,0.026679383791902475,0.022955800073859875,0.01863050007862198,0.018617440302779033,0.014584558397865885,0.005445611579294095,0.005155282214149713,0.0054543177229215405,0.004626711421617651,0.004182202162236559,0.0037442562351967393,0.003110976186167247,0.004257557663682531,0.0049080694705925425,0.003471992449341075,104
Nayandanahalli kere,11/25,3,0.029501046773372806,0.04140867874581924,0.027608951253144696,0.03906607043812018,0.026879274032074213,0.02809610774206884,0.026495148294158135,0.0247016900892841,0.02491593989838082,0.02026862200131056,0.0014388782942098713,0.0017442674328598613,0.0015036299470177871,0.004398669015121578,0.005031123768951908,0.005514320519231366,0.002475780654005484,0.005623529184724256,0.006988705534095552,0.006005920533116111,54
Sankey Tank,11/25,3,0.020119650448209476,0.034197386411956104,0.020483524462389824,0.023740113004556227,0.011485747932083986,0.01244778334160199,0.011070242528331086,0.0117768386379054,0.015897699824013324,0.013142690317878689,0.0019872361721616854,0.0025504098538748346,0.0032057154399981434,0.006446176450933472,0.007761249626316448,0.00920554002163004,0.005634417655174466,0.009429675314180073,0.0115105334115176,0.009825909764109209,259
Subramhanyapura kere,11/25,3,0.024724761371820426,0.054267801182197664,0.025586031092091517,0.07403989272486586,0.044500622051771105,0.04550173659786521,0.03828626804216532,0.03156159570235835,0.02351708634474109,0.019144972260132495,0.0017686904778265846,0.0031760892889767995,0.001854707879004241,0.00594146075154358,0.008349242548879364,0.008763392763840402,0.004219618372869923,0.010070578915525496,0.009162977156572813,0.007673299461967903,53
Ullalu lake-2,11/25,3,0.03218223698633282,0.05766973703315383,0.03800986834654683,0.06826776315115,0.039852631572437916,0.041111841993896586,0.03562434206373597,0.02934671061015443,0.02364671046502496,0.016356578942290263,0.005824035413278101,0.0050653498412400345,0.004686852182009141,0.0047591860916415575,0.009309784765671488,0.009823661643518621,0.007044923800500982,0.01176739585207024,0.009777220183283105,0.005373236197666452,76
Valagerehalli kere,11/25,3,0.040901525711411896,0.08022051001555505,0.05153564061932186,0.10353350166393728,0.06293298625372046,0.06441494811407222,0.0564412483021612,0.04263159255204055,0.021948437720819065,0.01746549383459145,0.0011144288288034952,0.0012973916223461789,0.0013548972534823324,0.002297972916406575,0.003610812816729019,0.004618641216884465,0.003289451491073917,0.005775582111785331,0.006686293335642909,0.00508733291188592,74
Yediyur kere,11/25,3,0.020553921659787495,0.03962549033994768,0.023078431393585952,0.05288333328915577,0.02814019624801243,0.029301960605616663,0.025683333439862028,0.02185098050783078,0.017006862762511944,0.01382352937670315,0.002153015146495138,0.002325779973771196,0.002532770527566193,0.0026816491057844558,0.004408714871366596,0.005309988214413262,0.0028903433302807104,0.005606976279227283,0.005028087838348329,0.0038714180702527482,51
Bhimmanakuppe Govt lake,11/25,3,,,,,,,,,,,,,,,,,,,,,0
Srigandhakavalu Karabu Katte,11/25,3,,,,,,,,,,,,,,,,,,,,,0
Janaradhan kere,11/25,3,,,,,,,,,,,,,,,,,,,,,0
Konashetty kere,11/25,3,,,,,,,,,,,,,,,,,,,,,0
Nagarabhavi (Un-named Lake on map),11/25,3,0.02605714276432991,0.044707142880984714,0.03467857092618942,0.04342142918280193,0.028228571372372762,0.030935714819601605,0.03160000007067408,0.030500000076634542,0.04045000007109983,0.03231428536985602,6.143688537876062E-4,9.182386848425949E-4,0.0013479768161097957,0.0075611249770768316,0.005676131376656809,0.009449214603355842,0.002744214555529024,0.008678010487557718,0.01006035341778831,0.0068099039319432534,7
Sompura Govt.lake,11/25,3,0.029257272658022967,0.04922909079627557,0.03462181819433516,0.04493272738023238,0.02637090916660699,0.027883636341853577,0.026927272806113418,0.024184545468200338,0.021709090894596144,0.015270909091288393,0.0013729669032194513,0.0014896520818402283,0.0018459973519596576,0.004491003512468864,0.006531759550504532,0.006301659644216022,0.005306478187834452,0.0064515598394876555,0.007507754130894169,0.005392475232720906,55
Lakshmipura Lake,11/25,3,0.01718035719490477,0.03399107186123729,0.019551785729293312,0.039593749945717197,0.02076071424276701,0.02131517868422504,0.021455357117312297,0.01638571431560974,0.020118749999840344,0.015872321507361318,0.00247423654313716,0.0024605840111419854,0.00206717473249078,0.00378259710645353,0.004576685027579931,0.005004648761121134,0.0037205112004335015,0.004815606322137875,0.006272122035697336,0.00437410116237762,56
Amrutnagar Lake,11/25,3,0.01861363657834855,0.0234068182551048,0.020168181932107968,0.03159318187020042,0.01813181819902225,0.019406818361444908,0.017622727223417976,0.015461363702673803,0.016934090844270857,0.014590909154239025,0.0012628596661186941,0.001315320343794002,0.0012621722448417025,0.001678493245534856,0.003064516408876624,0.0027648072868600936,0.0014190848133490517,0.002486048836752247,0.0034966667359314367,0.002275294020885409,22
Hoysalanagara Lake,11/25,3,0.031211689602067032,0.060083588439689986,0.04391257063490946,0.050034153339303444,0.03650352480165638,0.03934275034144843,0.036646308422603996,0.039880644999590674,0.03129524468823073,0.018399185056283716,5.33984069038687E-4,0.0017069868819996777,0.0013531538084722628,0.004608029878330487,0.011518411298899137,0.011949058614567996,0.005767575094502426,0.016486641241509694,0.0072247397196216374,0.003959295948488663,12
Basavanagar Lake,11/25,3,,,,,,,,,,,,,,,,,,,,,0
Ajjegowdana katte,11/25,3,0.0372000007579724,0.05973333306610584,0.03584999963641167,0.06485000066459179,0.048574999595681824,0.047141666834553085,0.0427666666607062,0.03687500022351742,0.03682500030845404,0.026074999943375587,8.72258705787929E-4,0.0026782564755348263,0.0015030528190001816,0.0060068025200226225,0.005332662239648757,0.005539435904188208,0.002009906354483086,0.005805439073455766,0.005145122947929104,0.0027375094880360265,6
Kodigehalli kere,11/25,3,,,,,,,,,,,,,,,,,,,,,0
Kommaghatta Govt. Lake,11/25,3,0.023440064205668677,0.02727596152526064,0.01837403852588091,0.02953173076877227,0.018728205129707184,0.020162820624999512,0.01795833337550553,0.01558525644792005,0.015126282116398215,0.011340064086163273,0.003159120961685154,0.004450847924240431,0.0035431745306253497,0.005999051890947701,0.0060752998504385695,0.00550686889999816,0.004659364081035975,0.005502095240864845,0.003293989444421969,0.002184688981030776,156
Manganahalli Lake,11/25,3,0.015709549479125656,0.01945972219158873,0.012364473509786054,0.020999606752166704,0.01035675822569177,0.010727084329215824,0.009630366593847034,0.008570790914408814,0.012935110480818347,0.009675976577033325,0.001743715879374413,0.0021684134282506083,0.0020130530751748406,0.002575588157616203,0.003868126592384724,0.0045382970734739025,0.0040178631911379084,0.004650627752625584,0.0030837983362420832,0.002180896445260727,785
Bhattarahalli kere,11/25,3,0.013622149166657539,0.02879722856494632,0.016525463663658077,0.039090316521336835,0.019668875185708586,0.020326869681030885,0.01859392078158894,0.01591239120733724,0.018823555314955973,0.016104251711239755,0.0019904774996997478,0.0024020448340473675,0.0020082937364357388,0.0031853291349109346,0.0048160798343376676,0.005725140607894159,0.0026892497055271353,0.005715043114072945,0.005831279456760251,0.004728628550743389,59
Thirumenahalli lake,11/25,3,0.01187900002580136,0.021211000122129918,0.01104600002989173,0.02999899994581938,0.0178120001219213,0.017762000039219857,0.0154420000128448,0.011277999999001621,0.01291499998420477,0.012042000088840724,0.002976879092071429,0.002297374224556205,0.001847724043384416,0.002277180299434278,0.002551030498132855,0.002536662310515592,0.0019732552250111817,0.002832881214406997,0.0022928857576996653,0.0020183002760684357,50
Avalahali kere,11/25,3,0.03926576376394798,0.06001083680794929,0.032471589490439434,0.07225201699854132,0.04809809293311172,0.04631236345623771,0.03688430758650682,0.02967109980157721,0.011941858333780683,0.008419117071501997,0.0048273373900409745,0.007129706433672468,0.005232298865752584,0.011100763050380375,0.007474008168153218,0.007364751578806317,0.005992529394200974,0.005714353370794853,0.0035983993596170032,0.0024186196586604056,1766
Begur Lake,11/25,3,0.017884751829708403,0.031023226988812286,0.019671010708845887,0.036553368867368354,0.020846276661275445,0.02072083340059464,0.019251595812697784,0.01745975177639316,0.01649804970873718,0.012420124118381464,0.009208814748208035,0.00832066243223861,0.007598648400154409,0.007527851713000832,0.008495207597462206,0.008677540209158053,0.007865605766794473,0.008259259432636626,0.006755545832438211,0.0049106744552947215,564
meenakshi lake,11/25,3,0.022233859899901242,0.044347197675616366,0.022703336449410638,0.04767656769822083,0.02321591575643419,0.02309105904416152,0.02214853694098093,0.018354605963817876,0.02476623317033265,0.01816470042331902,0.0022399219536716167,0.002566233434619084,0.0028215940114507286,0.006246168995968493,0.007670731605890672,0.007475824743346583,0.005227426233154924,0.008329792232836293,0.015400755088283272,0.009426337941200801,76
Kannuru kere,11/25,3,,,,,,,,,,,,,,,,,,,,,0
Kannuru kere,11/25,3,,,,,,,,,,,,,,,,,,,,,0
Doddagubbi kere,11/25,3,0.017646225026714233,0.02417499099964778,0.01902006445860617,0.040861105703185456,0.022800084922299478,0.022143049386035302,0.0167756646389171,0.012589572173166409,0.013500443874749204,0.011798025965158778,0.004258809465154361,0.00474765446158683,0.0043282363473888304,0.004637563154095711,0.005127190502604275,0.005222610936003355,0.0042928037938011285,0.004936198074126337,0.004223106493332935,0.0031357379696710665,488
Suggata kere,11/25,3,0.020166666557391483,0.031799999376138054,0.023566666369636852,0.03520000105102857,0.02269999993344148,0.02756666640440623,0.02453333263595899,0.022866666316986084,0.029233333344260853,0.021033332993586857,6.236093348047449E-4,5.887847447930691E-4,6.018488401483656E-4,0.002833137081352462,0.002920046038315079,0.0031255223518803954,9.428074400030976E-5,0.001746106967141163,0.0049270235097801166,0.0030684777744651812,3
Yelahanka Lake,11/25,3,0.0422844008257133,0.0724129076922308,0.03906058093381531,0.0897915146181834,0.05285796363247059,0.05285615233284359,0.043332587054504934,0.029558595999243275,0.010975943405220361,0.008605491894363163,0.0032766746329980553,0.0030849642034965568,0.0042112153702349555,0.005878097316344218,0.008231660392753255,0.008294554342008488,0.006477441003243181,0.006945399289058146,0.005899208310179436,0.004199924653368264,1942
Dodda Bommasandra Lake,11/25,3,0.0268339871136324,0.056618128401103404,0.025995462513864268,0.07814987780882837,0.045518349104935275,0.04606745414706489,0.03817745346430795,0.02527747674048014,0.010648290510952386,0.0086311721542739,0.0019372917150908505,0.0038514490031443553,0.0018889930111081433,0.007708834526636074,0.0057623490017747045,0.006178029025380157,0.004505827694793913,0.005023234884509926,0.004252937067693739,0.002578094408506607,631
Singapura lake,11/25,3,0.04415781584432825,0.08834431265399025,0.06960870676202854,0.07952240186509502,0.04080611242419519,0.04268585495093486,0.038425483986302814,0.0337266172052555,0.029182546842746602,0.022899191961808413,0.002396506160512866,0.005120573656066801,0.00833149410906066,0.01038101007877213,0.015676369861652155,0.01647658512718032,0.013419069623980233,0.01717587326894336,0.022191836481266488,0.018438782220845155,122
Chellaghatta kere,11/25,3,0.032400000374764204,0.055656250566244125,0.033718750113621354,0.060443750116974115,0.0401374998036772,0.04602499958127737,0.042631249176338315,0.03682500054128468,0.032418750459328294,0.01873750041704625,0.011036162733706327,0.02045002125321097,0.015194693885760389,0.02242857377316793,0.019649471244652272,0.021753303012936806,0.016393842295062428,0.016699064409483624,0.009045922593186007,0.0037093423717737034,8
Bellandur Amanikere,11/25,3,0.019346751065010003,0.030630129979344955,0.0165086183655579,0.04374080027737712,0.02479295487924595,0.024298734668000168,0.020771238074425186,0.014011456939282225,0.007907045162432584,0.006269972646709598,0.006646871533268086,0.008008392267354917,0.005915031429046312,0.009938410089615202,0.007089682599594475,0.006746184534856836,0.005844773763289139,0.005618905014655605,0.0025484763193548937,0.0015450677903378232,1462
Abbigere Kere,11/25,3,0.02443971634175338,0.04826276590849491,0.027492198577903686,0.05923900710986861,0.03369964544284851,0.03417127660033128,0.03026170220146788,0.022602127739459486,0.018588297835267182,0.01440319153381155,0.0032326160220100633,0.003862625226845989,0.0022664080777123853,0.003408916752077333,0.005286807903497209,0.006071737815231946,0.004472618300701307,0.006347015519793384,0.006143504320522345,0.00404993308591208,141
Kammagondanahalli lake,11/25,3,,,,,,,,,,,,,,,,,,,,,0
Mallasandra Lake-2,11/25,3,,,,,,,,,,,,,,,,,,,,,0
Chikkabanavara kere,11/25,3,0.033985363942555295,0.06637011110351776,0.04970207680500591,0.055922982249746934,0.023093410417354313,0.02478978424516809,0.020857621474701667,0.017595174666231953,0.01738704997112864,0.013156039810606581,0.0035901442103636167,0.005601240950223641,0.0055244791261034034,0.006569506793671746,0.011359804167067781,0.012118211346221538,0.010396662580505471,0.013199818363246137,0.01255700264587918,0.00894473233600496,558
Mallasandra Gudde lake,11/25,3,,,,,,,,,,,,,,,,,,,,,0
Bagalagunte Govt.Lake,11/25,3,,,,,,,,,,,,,,,,,,,,,0
Lalbagh kere,11/25,3,0.026097531550822315,0.05344741750445116,0.025230183139361116,0.05389502902377656,0.027448235622461882,0.028745723065388303,0.025376364539946985,0.02129216017702992,0.01719680444490434,0.011980215384553327,0.0022646536405342113,0.0037546509163406843,0.0027326868062136377,0.0043093217286436164,0.007151239808947555,0.007704327525687629,0.005594979332979334,0.009460351937292586,0.010179616752429793,0.006569805454005033,214
Chikkabellanduru kere,11/25,3,0.015941463456284707,0.019703658524809813,0.012252438938381469,0.02663414643668547,0.01589268298319927,0.016339024347139568,0.014528048860772354,0.011541463411981014,0.014224390090420478,0.010876829292988631,0.002952570281581101,0.003480650074702268,0.0032281525519931233,0.001969877819358847,0.002604371505711713,0.0030035447490026055,0.0026230230600737757,0.003880782923531087,0.003837556901500055,0.0029672418450611797,41
Carmelarm,11/25,3,0.056699998676776886,0.10620000213384628,0.07360000163316727,0.09489999711513519,0.07450000196695328,0.07460000365972519,0.0723000019788742,0.06920000165700912,0.10509999841451645,0.039799999445676804,0.0,0.0,0.0,0.0,0.0,0.0,0.0,0.0,0.0,0.0,1
Gunjuruplaya kere,11/25,3,0.023834173512574993,0.03325693001272129,0.02325979439355942,0.02794196507570811,0.022211767446272304,0.023828747281316492,0.022583899963954875,0.02172436725930961,0.02033956404235163,0.013809259417341175,0.005600036229070396,0.01004946692020016,0.008566119436606746,0.008871255014163498,0.009093346091763618,0.009440676513299575,0.008742145102996236,0.008384953382373762,0.004819082533509385,0.0030670647554019983,33
Govt. Dinnekere,11/25,3,0.08478187290261466,0.1380178276523651,0.1265342127442716,0.12123989267089215,0.0817267450604187,0.08809820578556017,0.07952006929275761,0.07726653408541147,0.07094063737477914,0.04580094566590995,0.004474789093385019,0.007706371577048017,0.009778637706189891,0.013992738488005071,0.022269384883728514,0.032359251285903216,0.018078108381073814,0.031439724118781244,0.026695177729045713,0.01245237829036472,4
Panattur Govt.kere,11/25,3,0.043378162052831466,0.06542855640974275,0.04110824806856673,0.0461225006599235,0.03343401595887753,0.03528781924690666,0.031031670295069105,0.031668477614417614,0.029875933439130916,0.022433666579005328,0.004572120274630206,0.004091900751156462,0.003002539643704442,0.005750712701488636,0.011733671371472841,0.013230522604050124,0.007700484795643245,0.012776844203589247,0.01215439279138212,0.007618259117138269,66
Gramadakere,11/25,3,0.12328999862074852,0.18044999688863755,0.16825999915599824,0.18809999972581865,0.1370899997651577,0.14196999743580818,0.1284699983894825,0.11209000051021575,0.08037000186741353,0.052130000293254854,0.011553220302238735,0.01326448173574066,0.014035895967125608,0.014848366109184679,0.00989731611196833,0.011887727969348741,0.015159487895723373,0.011286227840827246,0.02672254076674652,0.01769576480327575,10
Ambalipura Kelagina kere,11/25,3,0.019288888821999233,0.044588889098829694,0.016099999969204266,0.0361555562251144,0.03465555525488324,0.03311666680706872,0.03089444422059589,0.029538888691200152,0.025577777789698705,0.015955555563171703,7.347631625770327E-4,0.0017835321404770373,0.00126754367245372,0.0032701038825535206,0.006785951391010536,0.007047615404339693,0.002366014050880305,0.005203138534037384,0.00453915720748044,0.0017773959864055635,9
Melinakere,11/25,3,,,,,,,,,,,,,,,,,,,,,0
Sowl kere,11/25,3,0.015434946294032758,0.03452365608104775,0.017677150591607054,0.04560779585873568,0.027925537648781012,0.028963709730775125,0.025515591425280416,0.01890994630433539,0.013185215097481525,0.010659139838710587,0.003859555810334521,0.0034352895073840647,0.00286192609889522,0.0033255093110343345,0.0037457223404849245,0.004472927852279567,0.0032478154737237155,0.004191949501837463,0.0030945901876897287,0.0020206986484127706,186
Bhoganahalli kere,11/25,3,0.018754545599222183,0.02550909092480486,0.016054545444521038,0.03191818178377368,0.021381818096746098,0.022672727365385403,0.019745454869487068,0.016263636421750893,0.013263636353341017,0.010790909005498344,0.0016897357782145119,0.0016183351016192489,0.001163352185784128,0.002495019719729918,0.0027790837335968737,0.0025609271949772255,0.0016372727144872493,0.0025281228987352367,0.0016896865617689078,0.002505432088377944,11
Devarabisanahalli kere,11/25,3,0.0492043317886349,0.08413721586273418,0.047754016427691996,0.05558472594732483,0.031975816584028975,0.035319542702760734,0.030745867018271963,0.03087125801043318,0.02353697366011887,0.017314804515955223,0.004707944764239987,0.007957750620855807,0.004066925209055911,0.004047834388364282,0.014367138328981378,0.018483777989639266,0.010420277975339934,0.020060589861664455,0.009650927941190365,0.005330229157289703,64
Doddakanneli Gramadakere,11/25,3,,,,,,,,,,,,,,,,,,,,,0
Lakedew Appartment lake,11/25,3,0.027844318188726902,0.05245965922420675,0.02880909094925631,0.07526590929112652,0.04709829548797147,0.04775624997405843,0.040102841184389865,0.031232386340641162,0.017811931955458767,0.013886931870894676,0.015838866207036676,0.012718630699154642,0.011739070438851348,0.011010727241865631,0.012741747171045504,0.012499417669087113,0.009745410736280529,0.01045651176862066,0.005785075978162083,0.004274225721181949,88
Kaikondanahalli kere,11/25,3,,,,,,,,,,,,,,,,,,,,,0
Kasavanahalli kere,11/25,3,0.02966391543389105,0.0533147492498982,0.02807001350147525,0.043035187049688374,0.02056295054233737,0.02149425160613988,0.019471976038434903,0.01741144769108646,0.015944464432320178,0.012219099935254855,0.0023343089660397016,0.003287450091122752,0.0022532012863288485,0.0033676594835721487,0.007544769439498717,0.008314532759273524,0.00602578943112647,0.009945376380877597,0.007594806862004991,0.004678631926001084,275
Mestripalya lake,11/25,3,,,,,,,,,,,,,,,,,,,,,0
Tavarekere lake,11/25,3,,,,,,,,,,,,,,,,,,,,,0
Byrasandra Kere,11/25,3,0.03708214286182608,0.08667976160844167,0.0433011907374575,0.07881904765963554,0.045007142992246715,0.04512857153479542,0.03977500004250379,0.0369892856549649,0.026577380840622243,0.019095238253829024,0.0017049929964027795,0.002302743304320466,0.0014824967175325876,0.003201989223235779,0.014768876551168214,0.013055026273596391,0.007857641244976695,0.014319997236356529,0.010524071945200043,0.006117897247789959,42
J P Park Kere,11/25,3,0.10757499933242798,0.18957499663035074,0.17551666498184204,0.18613333255052567,0.12905000150203705,0.13625000044703484,0.12135833501815796,0.10608333473404248,0.05668333483239015,0.035624999552965164,0.011085227566453332,0.021128572182074243,0.018147328950027075,0.0189610477428981,0.014206630932413476,0.0146635321152718,0.009243307048734875,0.013411490015714738,0.009799603939904361,0.007534682947313401,6
Agara kere,11/25,3,0.03442209789846705,0.05829086737418441,0.031749630341460784,0.05912886924666358,0.03139776285035247,0.03169660998167906,0.028165802766291815,0.02182908679665793,0.013498685848865103,0.010365789559882058,0.002299307187475066,0.004590835056653703,0.0020530268622945195,0.01204025092788199,0.009571402949897894,0.009718178127475474,0.0077955077637858645,0.007359698505096189,0.005193768628873028,0.0034345579911279856,524
Ibbalur Govt. Lake,11/25,3,0.02242000000551343,0.03484999984502792,0.02098249988630414,0.04810750000178814,0.027432499825954436,0.028705000597983598,0.02660250011831522,0.019595000008121134,0.017489999858662487,0.014090000046417117,0.0021023440784864495,0.002086025415861181,0.0025414697218864835,0.002925417377138976,0.004138274751946968,0.004845872147319781,0.0016678185056648283,0.005628962798528615,0.002571264133159874,0.003270879076951859,20
sarraki kere,11/25,3,0.07339985552619069,0.11209840084907736,0.07283203547688688,0.07573289424515142,0.03313385520122633,0.033929457892038065,0.028933503671046374,0.024181281258774407,0.018582430900355898,0.014659872657384752,0.01687879245080053,0.021937860320617866,0.016160842019551622,0.013346136209416238,0.015201837977152428,0.017219149643971966,0.012810889774197575,0.018237526722357643,0.016910036155955474,0.011338053497215035,499
Puttenahalli Kere,11/25,3,0.019854166648454137,0.03729027778738075,0.01940694446158078,0.039837499976985984,0.0260319446420504,0.02803194434899423,0.024179166700277064,0.02407777775079012,0.020625000095201865,0.015890277792803116,0.0016354735848833786,0.0019198461517037505,0.0017345810285930414,0.0026148447577809294,0.006349925027092059,0.007208561172464615,0.0037989101068957427,0.008256457347807911,0.0058658914124948575,0.003384868755602252,36
Madivala Kere,11/25,3,0.03249069776773816,0.041260852778571784,0.02995847180023674,0.05138516062427135,0.03629678848033496,0.035908361054247336,0.03086411965348792,0.026288206086226906,0.015711406448490894,0.011882281304230854,0.015617109899395874,0.013192005493530723,0.012162151527996615,0.009458951617120077,0.011691837724088787,0.011462356431438465,0.01000433480594407,0.01111120364061227,0.006052538288116378,0.004128839579989849,903
Somasundrapalya lake,11/25,3,0.02115357161632606,0.037438095591607545,0.025130952575377057,0.03978214324230239,0.02353095236633505,0.024140476382204464,0.02222619050492843,0.021186904804337593,0.022309523962792895,0.018045238130504175,0.0022717570069905276,0.002387188510198775,0.0023242497841682343,0.0046308338380457075,0.008236373868309946,0.008434941985379744,0.004261137149798635,0.009399025214657356,0.008188132025482716,0.005584702724965609,42
singasandra,11/25,3,0.02424957469524432,0.047933552119625834,0.024440559253497626,0.04503914407565992,0.027040886949202852,0.02788205274678543,0.02710276804557905,0.024076293753139258,0.02357959839797343,0.01814844508608225,0.00109981094208159,0.0018357834183910962,0.0024271907470482844,0.002677544608214276,0.005414847829094129,0.0046306128571546425,0.003444633314875889,0.0059523292972571305,0.0054777531285457245,0.0038703322418079545,29
Kodagi Singasandra kere,11/25,3,,,,,,,,,,,,,,,,,,,,,0
doddakodlu,11/25,3,0.020114516247115376,0.03591566813534581,0.016313594508452624,0.0321983871251894,0.020024424015376973,0.021110599100898762,0.019787327214766483,0.017061059951164206,0.016069354880000313,0.01215944704406547,0.0021374774454258846,0.0029328519464870122,0.0024595225109829387,0.004396514672158391,0.004832474916090238,0.006165247650129925,0.0043029368426924005,0.006519952845678475,0.005616127869466206,0.0037277531829061628,217
Karabu Kere/Konappana agrahara lake,11/25,3,,,,,,,,,,,,,,,,,,,,,0
Parapana Agahara Lake,11/25,3,,,,,,,,,,,,,,,,,,,,,0
Kudlu Chikere,11/25,3,0.019152272746644237,0.03552954542365941,0.017827272796156732,0.04562272707169706,0.028725000013681976,0.029809090816839176,0.027175000106746502,0.020284090868451378,0.015309091107073155,0.012934090950610962,8.762625426011876E-4,0.003137300314465965,0.0017947349831314928,0.005143347894802332,0.0039089859495885955,0.00491723842711983,0.0031753936545087414,0.004814121850007616,0.0034518650002271028,0.002209863387246382,22
Kelaginakere,11/25,3,0.02070000022649765,0.028999999165534973,0.019200000911951065,0.03400000184774399,0.023600000888109207,0.026200000196695328,0.02239999920129776,0.020500000566244125,0.01510000042617321,0.012000000104308128,0.0,0.0,0.0,0.0,0.0,0.0,0.0,0.0,0.0,0.0,1
Melinakere,11/25,3,,,,,,,,,,,,,,,,,,,,,0
Basavanapura Kere,11/25,3,0.02413923931841727,0.0462306786587749,0.02841968771348495,0.05351535689484679,0.030831488887086957,0.03198611041013848,0.03038682644719215,0.02770317204793379,0.02746936414196406,0.0211070511986579,9.069726138624369E-4,0.0015382616764808448,0.0011803407433527025,0.0033835097747222805,0.006154154210836712,0.0054825459079657695,0.003384691058637472,0.008172407488310624,0.010601935065999518,0.007635461947067064,23
Swarna Kunte Gudde Lake,11/25,3,,,,,,,,,,,,,,,,,,,,,0
Chikkabegur kere,11/25,3,,,,,,,,,,,,,,,,,,,,,0
Elenahalli Lake,11/25,3,0.03920714304383312,0.055025000391261916,0.03544285707175732,0.03898928540625742,0.03543214326990502,0.03640000003256968,0.03236428568405764,0.037200000270136764,0.04235357125954969,0.030964285667453493,0.006234261651450669,0.009745617640566044,0.006078529460333728,0.009785561417147818,0.014563477198715088,0.012796065229678742,0.007178525063094998,0.012920843800163074,0.013554445827764348,0.009486671584108451,14
Kalena Agrahara Govt. Lake,11/25,3,0.03195309882576112,0.05705307314961424,0.035629340197839254,0.0489949046763488,0.029796206824539692,0.0334867361637104,0.029774609474245352,0.031324653056637744,0.03419355911383819,0.025297326454407687,0.0040169874902629705,0.0055013413661641345,0.006847583078951952,0.0109246076315879,0.012037583679758072,0.01352779924657582,0.00870567971256587,0.015524278011942571,0.01623195480110918,0.011943487375166154,23
Infrastructure Corridor,11/25,3,,,,,,,,,,,,,,,,,,,,,0
Beratena Agrahara Lake,11/25,3,,,,,,,,,,,,,,,,,,,,,0
Mylasandra Dodda Agrahara kere,11/25,3,,,,,,,,,,,,,,,,,,,,,0
Arekere Govt. lake,11/25,3,0.02633240813539951,0.05690506005490473,0.030961897121163335,0.07546190187391487,0.04060757960420181,0.04154444839047943,0.035012614094716815,0.02698448748747235,0.019364022285232294,0.015645196204897256,0.0012267344313522542,0.0018287825313227347,0.0015132156722892046,0.00381838352839834,0.006879103021689291,0.008000263435378657,0.004131229160983686,0.00837925061641169,0.00927416344481873,0.00601550470959856,115
Hulimavu Kere,11/25,3,0.024341815228786846,0.04183872333763606,0.025751873277088402,0.032484435643799374,0.02566215761595068,0.027872793615306476,0.028144027953482705,0.02761015876694888,0.02408586862982481,0.016261830777707324,0.03183035507538158,0.04559582267724486,0.04109727594969176,0.047444071722699946,0.046725963270822714,0.04504654576908012,0.0392061830147247,0.04442494686760689,0.043258175432743226,0.029588628241340734,16
Akashaya nagar Kere,11/25,3,,,,,,,,,,,,,,,,,,,,,0
Gottigere Kere,11/25,3,0.03202580855892396,0.0693128594273363,0.035981348171177756,0.08153121477929258,0.04090064041630203,0.04137248179751421,0.03456109693786783,0.02634177209003467,0.02018704988838515,0.016629942695927418,0.002756864223316479,0.0031756371955332353,0.0038539642051804907,0.005845899797085822,0.008973602525485323,0.00979858624644537,0.005867297194784398,0.010332851422376957,0.013985752757372025,0.010776150884036583,199
Kothanaru Kere,11/25,3,0.018686290379733808,0.032429838733327006,0.021990322718216528,0.03899193561125186,0.021194354841305364,0.022164516150951385,0.021243548471360438,0.019039516307173238,0.018547580802753087,0.01475483876082205,0.00143586468682839,0.001686819200262165,0.0014757403757439656,0.0027511169571650808,0.003565799914265456,0.00402858116471676,0.0024152151940646295,0.005023863614929763,0.004717353463305076,0.0035829199486668915,62
RBI layout kere,11/25,3,,,,,,,,,,,,,,,,,,,,,0
Chunchanaghatta Kere,11/25,3,0.034198476859725685,0.06640329528980707,0.04145158893053871,0.06792591062747333,0.04300875250951521,0.043897297465685645,0.03870783202421893,0.03684304253392476,0.03223189219020442,0.02437156386275881,0.0036854047298460505,0.005134550632915847,0.005407581732749268,0.00882461181225404,0.013967555504502186,0.014810480623161868,0.00817399118380606,0.015593105964761569,0.01800575067004951,0.014149374800436113,60
Alahalli Kere,11/25,3,0.019575223166042408,0.036279760862640606,0.020048731365845077,0.04118508003973378,0.023909413295743774,0.024461236073114106,0.022512039638278795,0.02034527296245067,0.021565481130913236,0.016789857518502906,0.005972345667940781,0.005963190419932606,0.005368064734127372,0.007399275653157841,0.00893321265921876,0.008587456421613928,0.006377118190903949,0.009840791918112105,0.00876933775556637,0.006360676017347387,82
Kembathahali kere,11/25,3,0.01810000091791153,0.03240000084042549,0.01899999938905239,0.027000000700354576,0.016200000420212746,0.029899999499320984,0.02590000070631504,0.026100000366568565,0.020800000056624413,0.013500000350177288,0.0,0.0,0.0,0.0,0.0,0.0,0.0,0.0,0.0,0.0,1
Doddakallasandra  kere,11/25,3,,,,,,,,,,,,,,,,,,,,,0
Konanakunte  kere,11/25,3,,,,,,,,,,,,,,,,,,,,,0
Thalagattapura lake,11/25,3,0.032889622667769215,0.0644113209168866,0.03438301883497328,0.08110188692808151,0.04503018851831274,0.045789622473266886,0.040430188741324084,0.03198584907178609,0.02208113209959471,0.016466037686562764,0.0030588158000817663,0.003083486762668651,0.0027353028250368034,0.004727288979411227,0.004870370225107827,0.005707446007335847,0.004398266721433763,0.008433650035942958,0.007206484311449392,0.004364271368440513,53
Vajarahalli Govt.Katte,11/25,3,,,,,,,,,,,,,,,,,,,,,0
Harohalli kere,11/25,3,0.011563986020449262,0.02369667831287309,0.011272552468768366,0.03343513991579518,0.013996153877774527,0.01455559446704346,0.012692132912628301,0.009550524467660988,0.010839510505524027,0.008520629403500499,0.001853586627690399,0.0016289603247813286,0.001348175448345408,0.0018900266079774184,0.003711447827498562,0.003943007950198339,0.003199270459643135,0.0037711836712712747,0.002311410246436135,0.0016037633722022521,286
Puttenahalli Lake,11/25,3,,,,,,,,,,,,,,,,,,,,,0
Chellakere kere,11/25,3,0.016947500221431256,0.03754999991506338,0.01839250004850328,0.04406000077724457,0.026047500129789115,0.026400000043213367,0.024852499924600126,0.021710000140592454,0.020704999938607214,0.014939999999478459,0.0013876668231325158,0.0016601958375589904,0.0014044817084155816,0.0028893167557366177,0.005345967626936353,0.005244949909067713,0.0021942809503044014,0.006852601884731905,0.005932451229811063,0.0037766586343674973,20
Horamavu Agara,11/25,3,0.025634301782032683,0.05489983566445809,0.02607003475894354,0.06717633411959963,0.031498575613203156,0.03187966911503814,0.026426935062730538,0.020058362334103116,0.017591606048082232,0.01458451839666655,0.002506792511869984,0.002453319055278403,0.0028868662741769985,0.004052493764200815,0.007247081884852197,0.006981040433547592,0.004740882659977815,0.008233482485898919,0.011058977041953966,0.008615322448600972,230
Horamavu kere,11/25,3,0.013661702163517475,0.033228723768224104,0.017343617242542988,0.03905319160920508,0.021171276715207608,0.022694681037930733,0.01951276600123086,0.017263829777453173,0.01815638302805576,0.014620212758792208,0.0015298523417812827,0.0018366755613797743,0.00201313819903523,0.002765294184451707,0.0055847219168389615,0.006422858429460335,0.0037075320862666144,0.007120368541457149,0.005404948735245779,0.0034526380303113308,47
Kalkere Kere,11/25,3,0.017576921556217224,0.03694853346252466,0.014197389691382917,0.03402789555951053,0.019670603691480774,0.020138011395418123,0.016869120603865036,0.010941454849064763,0.01140908011319314,0.009014377405897916,0.006465353468368819,0.0068452592912596755,0.006992995408276854,0.007137779772213575,0.0068587212923784694,0.007276696393653906,0.0060263613273459455,0.006449946662586702,0.0080592292179115,0.0053135438798933695,430
Nagareshvara Nagenahalli Kere,11/25,3,0.055461037106677595,0.10780783026602608,0.0686392933879756,0.10220854338200447,0.053599768771185725,0.05465303191038462,0.0454277607011575,0.040547718994985896,0.04477245213511934,0.03506368671808594,0.00349379117739916,0.00406407221762305,0.009240556503806339,0.013542301004981062,0.02067933093071018,0.022759987471232847,0.016094578538923866,0.023505397615032703,0.03039925447453331,0.022826765417795478,42
Rampura Kere,11/25,3,0.023806666831175487,0.042633333305517836,0.021456666601200897,0.04163166663299004,0.027631666883826254,0.033111666701734065,0.028100000166644653,0.028121666554943657,0.042155000008642675,0.031078333531816802,0.004929143524310723,0.005077767578453998,0.00520837037477795,0.008219270603935317,0.011087308494337584,0.01113381995906049,0.008084316073838114,0.016190777469995025,0.011831584439321249,0.010417803013510462,30
Atturu kere,11/25,3,0.040275119289062196,0.07995501633175402,0.05298789772974696,0.07624621392601388,0.03384864426293567,0.035144454638421245,0.029011873165810973,0.02368535133926224,0.016003824687539154,0.012463071608162448,0.009125419060038572,0.015539838339373066,0.014112626085115553,0.019079366510812764,0.013438894847307127,0.015051987888545174,0.011968868200387202,0.013330609875561441,0.009024273696620549,0.0058610405888845675,516
Veerasagara kere,11/25,3,,,,,,,,,,,,,,,,,,,,,0
Dodda bettahalli,11/25,3,0.012350000208243728,0.015999999828636646,0.012100000167265534,0.011025000014342368,0.00809999997727573,0.01357500022277236,0.011974999913945794,0.013225000351667404,0.022074999753385782,0.020074999891221523,3.354100086446074E-4,3.000004217028618E-4,4.949746586232805E-4,0.0034346577646704847,0.004067554498522546,9.364161897773529E-4,5.117371300497954E-4,0.0042593281400486035,0.004605634985622057,0.004281573506796665,4
Dasarahalli kere,11/25,3,,,,,,,,,,,,,,,,,,,,,0
Doddabidarakallu lake,11/25,3,0.0230431372993717,0.04425000019517599,0.03197254901569264,0.04512843124422373,0.028121568627801595,0.03120294118336603,0.028130392197008226,0.025218627543426027,0.023945098140222186,0.017073529407235923,0.0012922855728724222,0.0023394528018388754,0.0029426098388708613,0.0053615209518652574,0.006918660850737358,0.0070700375698543524,0.004255862033091289,0.007454449618816812,0.009062599743488834,0.006432563949944305,51
Allasandra Lake,11/25,3,,,,,,,,,,,,,,,,,,,,,0
Andhrahalli Lake,11/25,3,,,,,,,,,,,,,,,,,,,,,0
Handrahalli kere,11/25,3,0.025100000202655792,0.038850000128149986,0.029249999672174454,0.03724999912083149,0.02944999933242798,0.028950000181794167,0.02995000034570694,0.025799999944865704,0.030299999751150608,0.019749999977648258,2.9999949038028717E-4,0.0016499999910593033,7.499996572732925E-4,0.004249999299645424,0.0021499991416931152,0.008249999955296516,3.50000336766243E-4,0.0028999997302889824,0.002500000409781933,0.0033499998971819878,2
Narasappanahalli kere,11/25,3,,,,,,,,,,,,,,,,,,,,,0
Valagere,11/25,3,0.025850000057482357,0.04183712127533826,0.02639772723231352,0.05102954545255863,0.03263939403449044,0.03486212125668923,0.030818939293650063,0.023890909117956955,0.020271969747475603,0.017500757620754568,0.005044589035692989,0.0040898739100483136,0.003446291690776619,0.0035869394945429126,0.004551027912449446,0.0045710557142577424,0.003652621972615152,0.004516174017226405,0.005183680135898282,0.0038438213269421685,66
Shivapura New tank,11/25,3,0.024633333707849186,0.04473333309094111,0.024033333485325176,0.058999999115864434,0.03876666724681854,0.0414333331088225,0.036200000594059624,0.024366666252414387,0.022299999992052715,0.02083333395421505,0.0015151088250531608,0.002260285122174389,0.0011614174059001244,8.602317871597866E-4,8.340005998232464E-4,5.734888204545712E-4,0.0018384768044665083,7.845736572036308E-4,0.0027531799482678073,0.0010143416352477116,3
Agrahara Lake,11/25,3,0.011340000107884407,0.01676000008980433,0.0094200000166893,0.02626666675011317,0.013520000067849954,0.014706666705509026,0.012780000021060308,0.010113333289821943,0.011660000060995419,0.01271333321928978,6.631238534626046E-4,8.55414026641755E-4,8.960654995563663E-4,0.0012364826754366063,0.0011634431788814753,0.0021480119769622975,9.758416282761486E-4,0.001672071145330774,0.0015666525673177075,0.0019472601529616797,15
Chokkanahalli lake,11/25,3,,,,,,,,,,,,,,,,,,,,,0
Jakkuru lake,11/25,3,0.023801282095985535,0.030091025699407626,0.021916666760658607,0.03456025642271225,0.021808974468746245,0.023258974489111166,0.020541025755497124,0.016569230729379714,0.013769230805337429,0.01136923087044404,0.0037000430159713645,0.0031977731900678704,0.0025207175373308664,0.00842545116989807,0.004605054026352787,0.004479366755076756,0.0028869039428705222,0.0028004031184051003,0.004418777222177267,0.002335967724696255,39
palanahalli,11/25,3,0.013168750014821333,0.02068660717590579,0.009013392871046173,0.02104732154735497,0.01308169647901585,0.012871875070101981,0.01213616069539317,0.010484375055446955,0.015974553584653352,0.012651785734176104,0.002675618568430203,0.002007218897933691,0.0018829709792650745,0.0027873104314506906,0.004896176533548108,0.004220521656980727,0.002929683458539758,0.0037737583692097837,0.004675023893688707,0.0031802748812885494,112
Kattigenahalli lake,11/25,3,0.023254285646336418,0.0483800005699907,0.02377142852970532,0.07666857157434737,0.04646285708461489,0.0467142858675548,0.038200000354221886,0.02622285724750587,0.015654285784278597,0.011854285773422037,5.206276488479366E-4,8.382974910415629E-4,4.8022132523278213E-4,0.0011520845608915427,0.001774596285808675,0.0013195548041642596,6.907554627772583E-4,0.0016193622410718273,0.001435139307321931,0.0017965592166931253,35
Kogilu kere,11/25,3,0.01707181824371219,0.02641909093342044,0.015819818218323317,0.03413327269256115,0.018831818229095503,0.019511454589664936,0.01661309096284888,0.013129454583130692,0.01469327276064591,0.011394545456225222,0.004943596140921776,0.0067606514015814915,0.005566315798840861,0.008561769728582884,0.007617650345616014,0.007877267958686969,0.006610887183625367,0.006593386926386872,0.004712660006458944,0.003407345939555888,275
Venkateshapura lake,11/25,3,0.015400000071773926,0.018966666733225186,0.013933333413054546,0.027266666603585083,0.01583333344509204,0.01583333360031247,0.015283333292851845,0.01281666662544012,0.01564999995753169,0.013849999910841385,8.504898876060266E-4,7.760298103136028E-4,9.357112428920604E-4,0.001446451364700841,0.0012133518257761617,0.0013972196056009534,7.357913685649458E-4,0.0012401836073356555,0.0010858943579015723,0.0011116802456542058,6
Bellihalli kere,11/25,3,,,,,,,,,,,,,,,,,,,,,0
B. Channasandra lake,11/25,3,0.02270561102264052,0.04805202813221176,0.023258813459137145,0.03979031676607803,0.02158555419848294,0.0235709093652999,0.020271176458138616,0.02058292902722288,0.021177444664016932,0.017847610946945064,0.003213207962103802,0.0037110472156904844,0.003944990854644157,0.005241766383035341,0.009185779881289534,0.011300380748725386,0.0069622808307753204,0.012123622716139832,0.009466489947860394,0.007080551739946669,102
Byappanahalli kere,11/25,3,,,,,,,,,,,,,,,,,,,,,0
Kowdenahalli Kere,11/25,3,0.018027500121388585,0.03170937511604279,0.015616874990519137,0.03262187521904707,0.016885625105351208,0.018398125108797105,0.01783187510445714,0.013086250016931445,0.013339375023497269,0.009195625036954879,0.0013956158764181345,0.0019605976652558544,0.0015348848496236434,0.0027320649246855575,0.0037859873273749685,0.005345315873030892,0.0031081771769038524,0.0053548983069928845,0.0055953199047593044,0.003183533773763523,80
Krishnarajapuram kere,11/25,3,0.022072898973414558,0.03587486793791332,0.0252948859770249,0.043445216094692644,0.02508437577713312,0.02695108674162505,0.02359824744830219,0.018301542709600563,0.0188882713715936,0.01589888344118584,0.0067369036624914495,0.008579707011928865,0.00941572075274599,0.01045648893839754,0.009597448668638375,0.011190421632953404,0.006456935147987188,0.010594452425849634,0.012111489720711386,0.008962746349486352,33
Basavanapura kere,11/25,3,0.01400714290017883,0.02522023811581589,0.015414285806140729,0.031934523821941445,0.018111904706096367,0.019830952398478985,0.018258333383571534,0.013911904822591515,0.01660595248852457,0.01438333329168104,0.0011484757511577423,0.001732293469725718,0.0020904627194329463,0.002752995800563534,0.0039771940699099345,0.004266982095748997,0.002166545164902065,0.004354497037876133,0.003242687864388921,0.0020434758946792364,42
Shegehalli kere,11/25,3,0.03658459468539217,0.0641104157340518,0.03261341400876812,0.0706839414954954,0.04880771487801839,0.048233263713326355,0.039685739396102614,0.027372924103308195,0.013013782242705302,0.011682714919671735,0.0032980093782734553,0.003688374790057851,0.002903704220264043,0.004515169765007572,0.007243637779502178,0.007251117499835562,0.004988418119817481,0.007111895067894189,0.006321418217951758,0.0037179411202448395,137
Mangamanapalya Kere,11/25,3,,,,,,,,,,,,,,,,,,,,,0
Hoodi kere-2,11/25,3,,,,,,,,,,,,,,,,,,,,,0
Jimkenahalli Kere,11/25,3,0.042038697852097136,0.08094586833489718,0.04977943502096266,0.07412829201431813,0.04359496780744412,0.04581888207142853,0.03956435271631555,0.03793065637027078,0.043696382634097995,0.034328674997147784,0.0063827110038430284,0.005975925864505956,0.008901389639418857,0.013345713574184308,0.018066772166750015,0.018612148836250047,0.013965137342799788,0.019885153374764195,0.025854278182504704,0.020775836498079236,38
Kodigehalli lake,11/25,3,0.025645898910516718,0.045230738284121316,0.02303027340673865,0.03145362459535397,0.02038222989753414,0.021028052506875308,0.019402374162039566,0.018726904144136705,0.019468244773964454,0.014412375883315995,0.0035664523191173223,0.0031951915242162117,0.003917881439080011,0.006474268462443517,0.008757323436482414,0.009347613806028008,0.0067061803318592015,0.008880720401368055,0.007873589088214806,0.005363133867691174,305
Gangashetti kere/ Devasandra kere,11/25,3,0.024560000162039484,0.0530299998819828,0.028384285739489964,0.054092857028756824,0.03217285717172282,0.03420142866671085,0.031325714183705194,0.03014857146356787,0.033212857081421784,0.023471428507140703,0.002134338486269246,0.002554357408516921,0.003921329460660757,0.008838076709791406,0.009735101047208093,0.010037091661900354,0.006653542238505363,0.014531485696684244,0.018348885913668424,0.012483213187080995,35
Vijinapura kere2,11/25,3,,,,,,,,,,,,,,,,,,,,,0
B.Narayanapura kere,11/25,3,,,,,,,,,,,,,,,,,,,,,0
Melinakere,11/25,3,,,,,,,,,,,,,,,,,,,,,0
Kelaginakere,11/25,3,0.028789154979115262,0.04845217828070181,0.02915816068625558,0.05994392881828028,0.03606610127218514,0.037615174215936534,0.032842865233646996,0.027411023336442172,0.025775672269118245,0.020697826373186755,0.0027276541436778387,0.003316000784763309,0.0036827540100007133,0.005343905171405485,0.006871947526160419,0.00790148785699587,0.004369639366234055,0.00939782333632898,0.011755700170293143,0.009501265876069248,42
Rachenahalli kere,11/25,3,,,,,,,,,,,,,,,,,,,,,0
Amruthahalli Lake,11/25,3,0.011984693931833821,0.02193469402133202,0.013057142876240671,0.027522449134563913,0.013923469422461122,0.015784694043425272,0.014478571427871987,0.013259183643955966,0.014712244861436134,0.01264489799433825,0.0019740202762859363,0.001789373493866739,0.0012286544735156848,0.0018253896002283227,0.0039181173263567425,0.004221787605536624,0.0020626167343146336,0.004647510669460385,0.004019271498082545,0.003122241568292526,49
Nagawara Lake,11/25,3,0.02211670309722316,0.046966057904971374,0.025336821425099507,0.04171673903871789,0.017499358897042877,0.018280553636732505,0.01600151454558981,0.013647354148357604,0.013289821064197677,0.011283642756925925,0.0026161648383777347,0.002839587231429854,0.002957798891593926,0.0033266934887077196,0.006927401970043974,0.007817613185745349,0.005689260342077367,0.008505890209858789,0.008047090345100653,0.006459020310702481,448
Herohalli Lake,11/25,3,0.018691782062974425,0.034313973556360886,0.01609783497675814,0.04700637790926196,0.02907595070224455,0.02930929733015924,0.024754365105482585,0.016738097810609826,0.013250827075549415,0.01190723735873522,0.001355548215588476,0.0014037326191112041,0.0014040244825224647,0.0025199178835218486,0.0031414306292413194,0.0028422301133951937,0.0017988830604689359,0.0030679424967283127,0.0031412000121517547,0.002321121727105239,157
Hebbal  kere,11/25,3,0.013619285714738662,0.022084285788947628,0.012927619073658235,0.03326000010092107,0.017554285737966736,0.01799087306514146,0.015401904792007473,0.011151031756012272,0.008197777790741788,0.006784523811398281,0.0033743190008912174,0.0027862358638044518,0.002243694684736654,0.002251086883058167,0.0030056807269753416,0.003564935035356549,0.0027208127542021274,0.0034114714628403894,0.00217325444139062,0.00154618917877954,630
Mahadevapura kere,11/25,3,0.06700160836793138,0.10221130992032618,0.06225543921505526,0.12635581847864777,0.09050022270023884,0.09056867141311668,0.07664777694862321,0.061890075806427004,0.02742443795225322,0.020871665789896746,0.0256151564418364,0.022412493947428683,0.0230210794609195,0.01674007481369379,0.017148101721534203,0.01806206530018563,0.01370550358994172,0.019313779773862443,0.014406720272340757,0.010314214426836252,75
Vibhutipura kere,11/25,3,0.036150574061677467,0.07727965589004511,0.04360044657309748,0.10213029329493944,0.062050893180528456,0.06218730870216172,0.0527605229884158,0.03662295926989493,0.016189477135598353,0.012603762784107988,0.0018319673742083426,0.0022763146928045687,0.0021037982196936136,0.0050708406243137535,0.0053332794693044016,0.005564026082795185,0.0032713344457974344,0.0068534179252151065,0.008570993709641376,0.005962960472779221,157
Rajapalya Hoodikere,11/25,3,0.02973999995738268,0.03730999976396561,0.02950000036507845,0.0366200003772974,0.03210000060498715,0.03466999977827072,0.02883000038564205,0.027809999883174896,0.017509999871253967,0.014419999998062849,0.002299652401111705,0.003336900097009167,0.003050246480857238,0.002645297676923891,0.004227528873381179,0.003660615457643363,0.002767327776125154,0.0027879921478541013,0.0029790768238777358,0.0011417532552608818,10
Achanakere,11/25,3,,,,,,,,,,,,,,,,,,,,,0
"Yekkalagatta kere,Mahadevepura Kere",11/25,3,0.02205000010629495,0.040466666842500366,0.023633333233495552,0.06085000062982241,0.033733333150545754,0.03763333335518837,0.030983333475887775,0.02468333315725128,0.02711666685839494,0.020166666867832344,0.001093541705415768,0.0016986927479771896,8.459053838633635E-4,0.00628271510080277,0.003948277214751125,0.009089310105895913,0.001100631443637693,0.010715474060891546,0.008730486228083412,0.006334210433778976,6
Pattaduru Agrahara kere-2,11/25,3,,,,,,,,,,,,,,,,,,,,,0
Nallurahallikere,11/25,3,0.05053820912832299,0.0865016611878568,0.059737109314016996,0.0709318697441456,0.03988792043959179,0.042368750720960593,0.036239251008929246,0.03379419680723993,0.02997139837002297,0.0216502711572134,0.00421268802612743,0.0045600982331042254,0.004890431523073646,0.00678144875849258,0.012910894192287506,0.014322987674753014,0.009654936067643576,0.016066444723949122,0.018475353699908905,0.013033128864519457,156
Thubarahalli lake,11/25,3,0.034405258978463665,0.053461500097593505,0.030356503424406055,0.04128451777396607,0.02840148572992204,0.02974539153261836,0.02720435527624438,0.026910954126847898,0.027694682172453487,0.019920208915101035,0.0028217279444117194,0.004211223872104154,0.004312799514180956,0.007470568207189749,0.008930168884101045,0.008941758455598508,0.0059681302593032415,0.010244466496456772,0.012714133091885073,0.00946804591952849,130
Sheelavantana kere,11/25,3,,,,,,,,,,,,,,,,,,,,,0
Doddanekundi Kunte,11/25,3,,,,,,,,,,,,,,,,,,,,,0
Chinnappanahalli  kere1,11/25,3,,,,,,,,,,,,,,,,,,,,,0
Doddanekundi kere,11/25,3,0.030087373779164723,0.04936830819857241,0.02924229802018163,0.06641452027616476,0.04525467177683657,0.045476515203563855,0.03863825776491954,0.02749936874589008,0.011578156611049604,0.009748737407128581,0.011079529100511075,0.010367720695388638,0.00999043282238105,0.008823736694932971,0.010055296402647162,0.01006490629425649,0.00841950855887953,0.010305338701806962,0.006122727085056109,0.004137169688649637,396
Kundalahalli kere,11/25,3,0.05863985360941714,0.08441042781314467,0.05733116641614854,0.08973781146231476,0.06261196210412637,0.06287449995482755,0.0529712009893789,0.04756812356547688,0.030492585849663068,0.02245025257240041,0.021977968857323404,0.0339810398329677,0.022580406963781132,0.032649584397514676,0.024575323787942388,0.024758772830167256,0.020050605488823422,0.01850197386458417,0.010552911969547878,0.006429823517564536,136
Acchanakere,11/25,3,0.04082620780203155,0.09328260497821922,0.04127622208879432,0.08214762099453185,0.045058198349383426,0.046822025675148725,0.04052161117865427,0.034149910921902796,0.021820243022736264,0.016732398829741285,0.0025654476719638745,0.006273191425315116,0.0028988566174240837,0.006395847792903999,0.011037315584964156,0.012391875046938762,0.009390011825515155,0.01515009602523336,0.012623672880264543,0.007790692190862473,100
Varthur lake,11/25,3,0.023622986243134893,0.039482945810906236,0.026539383639143512,0.033043319574675926,0.01659077075088745,0.016844296507861383,0.015416354905480099,0.013446571016632792,0.011971776993605113,0.008617728364263912,0.0031811837441321393,0.0038959975806395824,0.003206519738491559,0.004196931637972501,0.005301693776414186,0.005674361276307654,0.004797777476284177,0.006014514099020725,0.005640391261079444,0.004134392710535817,2468
Narasipura Lake-1,11/25,3,0.054108483588814996,0.09907787872332027,0.06700116070153025,0.07812497938600436,0.040705557855377876,0.04334874251924245,0.03707398979955031,0.034544532888319324,0.02589307490325537,0.01724305206345502,0.0052476846865623155,0.008346616391088954,0.006788999685366057,0.00886100696783777,0.01537502411288152,0.01653099629305402,0.012536295353494785,0.01816095744331635,0.013195721743524068,0.0074436907278308114,64
Narasipura Lake-2,11/25,3,0.050081817602569405,0.09169999916445125,0.06521363691850142,0.0883545462380756,0.06107272783463651,0.06228636374527758,0.05293181843378327,0.05368636345321482,0.040886363183910195,0.025199999863451176,0.0034623476246516075,0.007608607321884159,0.0051105112870426074,0.006933169628932085,0.014937785881911064,0.016758363922061044,0.00862070102781679,0.021986793702044132,0.013275833300437412,0.0053713889026499465,11
Ulsoor Lake,11/25,3,0.04565527384151533,0.10819050710668891,0.046139236335671276,0.10137398014057622,0.04868958559029314,0.0491226841613965,0.040574183727588975,0.029497759252372094,0.01543745527711735,0.011330882512749087,0.004198431595652656,0.006278157483706818,0.004496000499992526,0.007642204454175663,0.010473104544722668,0.012204369339660542,0.008942691965088012,0.013749786007969412,0.012268561628878107,0.008655051090442933,773
